dataset_id,source,gas,property,T_K,P_bar,m_Na,m_Cl,m_K,m_Ca,m_Mg,m_SO4,value,uncertainty,quality,tag,flags,data_origin
phi_osm_harness,PitzerMayorga1973_TI_TVI,,phi_osm,298.15,1,0.01,0.01,0,0,0,0,0.9679462257,0.005,T,fit-eligible,calculated-not-measured,calculated
phi_osm_harness,PitzerMayorga1973_TI_TVI,,phi_osm,298.15,1,0.05,0.05,0,0,0,0,0.9432353125,0.005,T,fit-eligible,calculated-not-measured,calculated
phi_osm_harness,PitzerMayorga1973_TI_TVI,,phi_osm,298.15,1,0.1,0.1,0,0,0,0,0.9319548352,0.005,T,fit-eligible,calculated-not-measured,calculated
phi_osm_harness,PitzerMayorga1973_TI_TVI,,phi_osm,298.15,1,0.2,0.2,0,0,0,0,0.9230499972,0.005,T,fit-eligible,calculated-not-measured,calculated
phi_osm_harness,PitzerMayorga1973_TI_TVI,,phi_osm,298.15,1,0.35,0.35,0,0,0,0,0.919863593,0.005,T,fit-eligible,calculated-not-measured,calculated
phi_osm_harness,PitzerMayorga1973_TI_TVI,,phi_osm,298.15,1,0.5,0.5,0,0,0,0,0.9210011554,0.005,T,fit-eligible,calculated-not-measured,calculated
phi_osm_harness,PitzerMayorga1973_TI_TVI,,phi_osm,298.15,1,0.75,0.75,0,0,0,0,0.9269627106,0.005,T,fit-eligible,calculated-not-measured,calculated
phi_osm_harness,PitzerMayorga1973_TI_TVI,,phi_osm,298.15,1,1,1,0,0,0,0,0.9356415013,0.005,T,fit-eligible,calculated-not-measured,calculated
phi_osm_harness,PitzerMayorga1973_TI_TVI,,phi_osm,298.15,1,1.25,1.25,0,0,0,0,0.9460363787,0.005,T,fit-eligible,calculated-not-measured,calculated
phi_osm_harness,PitzerMayorga1973_TI_TVI,,phi_osm,298.15,1,1.5,1.5,0,0,0,0,0.9577114561,0.005,T,fit-eligible,calculated-not-measured,calculated
phi_osm_harness,PitzerMayorga1973_TI_TVI,,phi_osm,298.15,1,2,2,0,0,0,0,0.9840245824,0.005,T,fit-eligible,calculated-not-measured,calculated
phi_osm_harness,PitzerMayorga1973_TI_TVI,,phi_osm,298.15,1,2.5,2.5,0,0,0,0,1.013458153,0.005,T,fit-eligible,calculated-not-measured,calculated
phi_osm_harness,PitzerMayorga1973_TI_TVI,,phi_osm,298.15,1,3,3,0,0,0,0,1.045392813,0.005,T,fit-eligible,calculated-not-measured,calculated
phi_osm_harness,PitzerMayorga1973_TI_TVI,,phi_osm,298.15,1,3.5,3.5,0,0,0,0,1.079420348,0.005,T,fit-eligible,calculated-not-measured,calculated
phi_osm_harness,PitzerMayorga1973_TI_TVI,,phi_osm,298.15,1,4,4,0,0,0,0,1.11524891,0.005,T,fit-eligible,calculated-not-measured,calculated
phi_osm_harness,PitzerMayorga1973_TI_TVI,,phi_osm,298.15,1,4.5,4.5,0,0,0,0,1.152660483,0.005,T,fit-eligible,calculated-not-measured,calculated
phi_osm_harness,PitzerMayorga1973_TI_TVI,,phi_osm,298.15,1,5,5,0,0,0,0,1.191487653,0.005,T,fit-eligible,calculated-not-measured,calculated
phi_osm_harness,PitzerMayorga1973_TI_TVI,,phi_osm,298.15,1,5.5,5.5,0,0,0,0,1.231599331,0.005,T,fit-eligible,calculated-not-measured,calculated
phi_osm_harness,PitzerMayorga1973_TI_TVI,,phi_osm,298.15,1,6,6,0,0,0,0,1.272891313,0.005,T,fit-eligible,calculated-not-measured,calculated
phi_osm_harness,PitzerMayorga1973_TI_TVI,,phi_osm,298.15,1,0,0.01,0.01,0,0,0,0.9672207627,0.005,T,fit-eligible,calculated-not-measured,calculated
phi_osm_harness,PitzerMayorga1973_TI_TVI,,phi_osm,298.15,1,0,0.05,0.05,0,0,0,0.9400897436,0.005,T,fit-eligible,calculated-not-measured,calculated
phi_osm_harness,PitzerMayorga1973_TI_TVI,,phi_osm,298.15,1,0,0.1,0.1,0,0,0,0.9262391672,0.005,T,fit-eligible,calculated-not-measured,calculated
phi_osm_harness,PitzerMayorga1973_TI_TVI,,phi_osm,298.15,1,0,0.2,0.2,0,0,0,0.9129037529,0.005,T,fit-eligible,calculated-not-measured,calculated
phi_osm_harness,PitzerMayorga1973_TI_TVI,,phi_osm,298.15,1,0,0.35,0.35,0,0,0,0.9039422563,0.005,T,fit-eligible,calculated-not-measured,calculated
phi_osm_harness,PitzerMayorga1973_TI_TVI,,phi_osm,298.15,1,0,0.5,0.5,0,0,0,0.8998101919,0.005,T,fit-eligible,calculated-not-measured,calculated
phi_osm_harness,PitzerMayorga1973_TI_TVI,,phi_osm,298.15,1,0,0.75,0.75,0,0,0,0.8974714885,0.005,T,fit-eligible,calculated-not-measured,calculated
phi_osm_harness,PitzerMayorga1973_TI_TVI,,phi_osm,298.15,1,0,1,1,0,0,0,0.8980463289,0.005,T,fit-eligible,calculated-not-measured,calculated
phi_osm_harness,PitzerMayorga1973_TI_TVI,,phi_osm,298.15,1,0,1.25,1.25,0,0,0,0.9003110243,0.005,T,fit-eligible,calculated-not-measured,calculated
phi_osm_harness,PitzerMayorga1973_TI_TVI,,phi_osm,298.15,1,0,1.5,1.5,0,0,0,0.9037197068,0.005,T,fit-eligible,calculated-not-measured,calculated
phi_osm_harness,PitzerMayorga1973_TI_TVI,,phi_osm,298.15,1,0,2,2,0,0,0,0.9128775195,0.005,T,fit-eligible,calculated-not-measured,calculated
phi_osm_harness,PitzerMayorga1973_TI_TVI,,phi_osm,298.15,1,0,2.5,2.5,0,0,0,0.9241600439,0.005,T,fit-eligible,calculated-not-measured,calculated
phi_osm_harness,PitzerMayorga1973_TI_TVI,,phi_osm,298.15,1,0,3,3,0,0,0,0.9368632515,0.005,T,fit-eligible,calculated-not-measured,calculated
phi_osm_harness,PitzerMayorga1973_TI_TVI,,phi_osm,298.15,1,0,3.5,3.5,0,0,0,0.9505491567,0.005,T,fit-eligible,calculated-not-measured,calculated
phi_osm_harness,PitzerMayorga1973_TI_TVI,,phi_osm,298.15,1,0,4,4,0,0,0,0.964918079,0.005,T,fit-eligible,calculated-not-measured,calculated
phi_osm_harness,PitzerMayorga1973_TI_TVI,,phi_osm,298.15,1,0,4.5,4.5,0,0,0,0.979753238,0.005,T,fit-eligible,calculated-not-measured,calculated
phi_osm_harness,PitzerMayorga1973_TI_TVI,,phi_osm,298.15,1,0,4.8,4.8,0,0,0,0.9888087894,0.005,T,fit-eligible,calculated-not-measured,calculated
phi_osm_harness,PitzerMayorga1973_TI_TVI,,phi_osm,298.15,1,0,0.02,0,0.01,0,0,0.9070057932,0.005,T,fit-eligible,calculated-not-measured,calculated
phi_osm_harness,PitzerMayorga1973_TI_TVI,,phi_osm,298.15,1,0,0.1,0,0.05,0,0,0.86335179,0.005,T,fit-eligible,calculated-not-measured,calculated
phi_osm_harness,PitzerMayorga1973_TI_TVI,,phi_osm,298.15,1,0,0.2,0,0.1,0,0,0.8549644765,0.005,T,fit-eligible,calculated-not-measured,calculated
phi_osm_harness,PitzerMayorga1973_TI_TVI,,phi_osm,298.15,1,0,0.4,0,0.2,0,0,0.8609059071,0.005,T,fit-eligible,calculated-not-measured,calculated
phi_osm_harness,PitzerMayorga1973_TI_TVI,,phi_osm,298.15,1,0,0.7,0,0.35,0,0,0.8840532161,0.005,T,fit-eligible,calculated-not-measured,calculated
phi_osm_harness,PitzerMayorga1973_TI_TVI,,phi_osm,298.15,1,0,1,0,0.5,0,0,0.9145461681,0.005,T,fit-eligible,calculated-not-measured,calculated
phi_osm_harness,PitzerMayorga1973_TI_TVI,,phi_osm,298.15,1,0,1.5,0,0.75,0,0,0.9758963283,0.005,T,fit-eligible,calculated-not-measured,calculated
phi_osm_harness,PitzerMayorga1973_TI_TVI,,phi_osm,298.15,1,0,2,0,1,0,0,1.046813921,0.005,T,fit-eligible,calculated-not-measured,calculated
phi_osm_harness,PitzerMayorga1973_TI_TVI,,phi_osm,298.15,1,0,2.5,0,1.25,0,0,1.124671296,0.005,T,fit-eligible,calculated-not-measured,calculated
phi_osm_harness,PitzerMayorga1973_TI_TVI,,phi_osm,298.15,1,0,3,0,1.5,0,0,1.207678478,0.005,T,fit-eligible,calculated-not-measured,calculated
phi_osm_harness,PitzerMayorga1973_TI_TVI,,phi_osm,298.15,1,0,4,0,2,0,0,1.384435901,0.005,T,fit-eligible,calculated-not-measured,calculated
phi_osm_harness,PitzerMayorga1973_TI_TVI,,phi_osm,298.15,1,0,5,0,2.5,0,0,1.570582336,0.005,T,fit-eligible,calculated-not-measured,calculated
phi_osm_harness,PitzerMayorga1973_TI_TVI,,phi_osm,298.15,1,0,0.02,0,0,0.01,0,0.9081293363,0.005,T,fit-eligible,calculated-not-measured,calculated
phi_osm_harness,PitzerMayorga1973_TI_TVI,,phi_osm,298.15,1,0,0.1,0,0,0.05,0,0.8678818684,0.005,T,fit-eligible,calculated-not-measured,calculated
phi_osm_harness,PitzerMayorga1973_TI_TVI,,phi_osm,298.15,1,0,0.2,0,0,0.1,0,0.862938293,0.005,T,fit-eligible,calculated-not-measured,calculated
phi_osm_harness,PitzerMayorga1973_TI_TVI,,phi_osm,298.15,1,0,0.4,0,0,0.2,0,0.8748666537,0.005,T,fit-eligible,calculated-not-measured,calculated
phi_osm_harness,PitzerMayorga1973_TI_TVI,,phi_osm,298.15,1,0,0.7,0,0,0.35,0,0.9063985143,0.005,T,fit-eligible,calculated-not-measured,calculated
phi_osm_harness,PitzerMayorga1973_TI_TVI,,phi_osm,298.15,1,0,1,0,0,0.5,0,0.9453388614,0.005,T,fit-eligible,calculated-not-measured,calculated
phi_osm_harness,PitzerMayorga1973_TI_TVI,,phi_osm,298.15,1,0,1.5,0,0,0.75,0,1.02157383,0.005,T,fit-eligible,calculated-not-measured,calculated
phi_osm_harness,PitzerMayorga1973_TI_TVI,,phi_osm,298.15,1,0,2,0,0,1,0,1.108661022,0.005,T,fit-eligible,calculated-not-measured,calculated
phi_osm_harness,PitzerMayorga1973_TI_TVI,,phi_osm,298.15,1,0,2.5,0,0,1.25,0,1.204057747,0.005,T,fit-eligible,calculated-not-measured,calculated
phi_osm_harness,PitzerMayorga1973_TI_TVI,,phi_osm,298.15,1,0,3,0,0,1.5,0,1.305985873,0.005,T,fit-eligible,calculated-not-measured,calculated
phi_osm_harness,PitzerMayorga1973_TI_TVI,,phi_osm,298.15,1,0,4,0,0,2,0,1.524697655,0.005,T,fit-eligible,calculated-not-measured,calculated
phi_osm_harness,PitzerMayorga1973_TI_TVI,,phi_osm,298.15,1,0,5,0,0,2.5,0,1.758210542,0.005,T,fit-eligible,calculated-not-measured,calculated
phi_osm_harness,PitzerMayorga1973_TI_TVI,,phi_osm,298.15,1,0,6,0,0,3,0,2.002877739,0.005,T,fit-eligible,calculated-not-measured,calculated
phi_osm_harness,PitzerMayorga1973_TI_TVI,,phi_osm,298.15,1,0,7,0,0,3.5,0,2.256569582,0.005,T,fit-eligible,calculated-not-measured,calculated
phi_osm_harness,PitzerMayorga1973_TI_TVI,,phi_osm,298.15,1,0,8,0,0,4,0,2.517983713,0.005,T,fit-eligible,calculated-not-measured,calculated
phi_osm_harness,PitzerMayorga1973_TI_TVI,,phi_osm,298.15,1,0,9,0,0,4.5,0,2.786291736,0.005,T,fit-eligible,calculated-not-measured,calculated
phi_osm_harness,PitzerMayorga1973_TI_TVI,,phi_osm,298.15,1,0.02,0,0,0,0,0.01,0.8983315499,0.005,T,fit-eligible,calculated-not-measured,calculated
phi_osm_harness,PitzerMayorga1973_TI_TVI,,phi_osm,298.15,1,0.1,0,0,0,0,0.05,0.8282281263,0.005,T,fit-eligible,calculated-not-measured,calculated
phi_osm_harness,PitzerMayorga1973_TI_TVI,,phi_osm,298.15,1,0.2,0,0,0,0,0.1,0.7932173756,0.005,T,fit-eligible,calculated-not-measured,calculated
phi_osm_harness,PitzerMayorga1973_TI_TVI,,phi_osm,298.15,1,0.4,0,0,0,0,0.2,0.7539074946,0.005,T,fit-eligible,calculated-not-measured,calculated
phi_osm_harness,PitzerMayorga1973_TI_TVI,,phi_osm,298.15,1,0.7,0,0,0,0,0.35,0.7168790847,0.005,T,fit-eligible,calculated-not-measured,calculated
phi_osm_harness,PitzerMayorga1973_TI_TVI,,phi_osm,298.15,1,1,0,0,0,0,0.5,0.6906643998,0.005,T,fit-eligible,calculated-not-measured,calculated
phi_osm_harness,PitzerMayorga1973_TI_TVI,,phi_osm,298.15,1,1.5,0,0,0,0,0.75,0.6602642571,0.005,T,fit-eligible,calculated-not-measured,calculated
phi_osm_harness,PitzerMayorga1973_TI_TVI,,phi_osm,298.15,1,2,0,0,0,0,1,0.6408247777,0.005,T,fit-eligible,calculated-not-measured,calculated
phi_osm_harness,PitzerMayorga1973_TI_TVI,,phi_osm,298.15,1,2.5,0,0,0,0,1.25,0.6290876902,0.005,T,fit-eligible,calculated-not-measured,calculated
phi_osm_harness,PitzerMayorga1973_TI_TVI,,phi_osm,298.15,1,3,0,0,0,0,1.5,0.6231751423,0.005,T,fit-eligible,calculated-not-measured,calculated
phi_osm_harness,PitzerMayorga1973_TI_TVI,,phi_osm,298.15,1,4,0,0,0,0,2,0.6243571085,0.005,T,fit-eligible,calculated-not-measured,calculated
phi_osm_harness,Schlaikjer2018_Fig3_digitized,,phi_osm,373.15,1.5,0.308,0,0,0,0,0.154,0.7526,0.01,T,fit-eligible,figure-digitized,figure
phi_osm_harness,Schlaikjer2018_Fig3_digitized,,phi_osm,373.15,1.5,0.39,0,0,0,0,0.195,0.7322,0.01,T,fit-eligible,figure-digitized,figure
phi_osm_harness,Schlaikjer2018_Fig3_digitized,,phi_osm,373.15,1.5,0.598,0,0,0,0,0.299,0.7158,0.01,T,fit-eligible,figure-digitized,figure
phi_osm_harness,Schlaikjer2018_Fig3_digitized,,phi_osm,373.15,1.5,0.93,0,0,0,0,0.465,0.6937,0.01,T,fit-eligible,figure-digitized,figure
phi_osm_harness,Schlaikjer2018_Fig3_digitized,,phi_osm,373.15,1.5,1.008,0,0,0,0,0.504,0.695,0.01,T,fit-eligible,figure-digitized,figure
phi_osm_harness,Schlaikjer2018_Fig3_digitized,,phi_osm,373.15,1.5,1.29,0,0,0,0,0.645,0.655,0.01,T,fit-eligible,calculated-not-measured,calculated
phi_osm_harness,Schlaikjer2018_Fig3_digitized,,phi_osm,373.15,1.5,1.51,0,0,0,0,0.755,0.6486,0.01,T,fit-eligible,calculated-not-measured,calculated
phi_osm_harness,Schlaikjer2018_Fig3_digitized,,phi_osm,373.15,1.5,1.62,0,0,0,0,0.81,0.6796,0.01,T,fit-eligible,figure-digitized,figure
phi_osm_harness,Schlaikjer2018_Fig3_digitized,,phi_osm,373.15,1.5,1.734,0,0,0,0,0.867,0.6439,0.01,T,fit-eligible,calculated-not-measured,calculated
phi_osm_harness,Schlaikjer2018_Fig3_digitized,,phi_osm,373.15,1.5,1.944,0,0,0,0,0.972,0.6833,0.01,T,fit-eligible,calculated-not-measured,calculated
phi_osm_harness,Schlaikjer2018_Fig3_digitized,,phi_osm,373.15,1.5,1.998,0,0,0,0,0.999,0.662,0.01,T,fit-eligible,figure-digitized,figure
phi_osm_harness,Schlaikjer2018_Fig3_digitized,,phi_osm,373.15,1.5,2.106,0,0,0,0,1.053,0.6848,0.01,T,fit-eligible,calculated-not-measured,calculated
phi_osm_harness,Schlaikjer2018_Fig3_digitized,,phi_osm,373.15,1.5,2.272,0,0,0,0,1.136,0.6862,0.01,T,fit-eligible,calculated-not-measured,calculated
phi_osm_harness,Schlaikjer2018_Fig3_digitized,,phi_osm,373.15,1.5,2.432,0,0,0,0,1.216,0.6884,0.01,T,fit-eligible,calculated-not-measured,calculated
phi_osm_harness,Schlaikjer2018_Fig3_digitized,,phi_osm,373.15,1.5,2.492,0,0,0,0,1.246,0.6749,0.01,T,fit-eligible,figure-digitized,figure
phi_osm_harness,Schlaikjer2018_Fig3_digitized,,phi_osm,373.15,1.5,2.59,0,0,0,0,1.295,0.6904,0.01,T,fit-eligible,calculated-not-measured,calculated
phi_osm_harness,Schlaikjer2018_Fig3_digitized,,phi_osm,373.15,1.5,2.912,0,0,0,0,1.456,0.6951,0.01,T,fit-eligible,calculated-not-measured,calculated
phi_osm_harness,Schlaikjer2018_Fig3_digitized,,phi_osm,373.15,1.5,3.04,0,0,0,0,1.52,0.6431,0.01,T,fit-eligible,calculated-not-measured,calculated
phi_osm_harness,Schlaikjer2018_Fig3_digitized,,phi_osm,373.15,1.5,3.076,0,0,0,0,1.538,0.698,0.01,T,fit-eligible,calculated-not-measured,calculated
phi_osm_harness,Schlaikjer2018_Fig3_digitized,,phi_osm,373.15,1.5,3.262,0,0,0,0,1.631,0.6465,0.01,T,fit-eligible,calculated-not-measured,calculated
phi_osm_harness,Schlaikjer2018_Fig3_digitized,,phi_osm,373.15,1.5,3.476,0,0,0,0,1.738,0.651,0.01,T,fit-eligible,calculated-not-measured,calculated
phi_osm_harness,Schlaikjer2018_Fig3_digitized,,phi_osm,373.15,1.5,3.482,0,0,0,0,1.741,0.6807,0.01,T,fit-eligible,figure-digitized,figure
phi_osm_harness,Schlaikjer2018_Fig3_digitized,,phi_osm,373.15,1.5,3.7,0,0,0,0,1.85,0.6854,0.01,T,fit-eligible,figure-digitized,figure
phi_osm_harness,Schlaikjer2018_Fig3_digitized,,phi_osm,373.15,1.5,3.91,0,0,0,0,1.955,0.6616,0.01,T,fit-eligible,calculated-not-measured,calculated
phi_osm_harness,Schlaikjer2018_Fig3_digitized,,phi_osm,373.15,1.5,4.126,0,0,0,0,2.063,0.6682,0.01,T,fit-eligible,calculated-not-measured,calculated
phi_osm_harness,Schlaikjer2018_Fig3_digitized,,phi_osm,373.15,1.5,4.34,0,0,0,0,2.17,0.6751,0.01,T,fit-eligible,calculated-not-measured,calculated
holmes1996_10.1006_jcht.1996.0117_t1,HOLMES(1996),,phi_osm,383.05,,0.0,2.6668,0.0,0.0,1.3334,0.0,1.0801,,T,test-only,pressure-unstated;source-caution,table
holmes1996_10.1006_jcht.1996.0117_t1,HOLMES(1996),,phi_osm,413.74,,0.0,2.9022,0.0,0.0,1.4511,0.0,1.0498,,T,test-only,pressure-unstated;source-caution,table
holmes1996_10.1006_jcht.1996.0117_t1,HOLMES(1996),,phi_osm,444.03,,0.0,4.1616,0.0,0.0,2.0808,0.0,1.131,,T,test-only,pressure-unstated;source-caution,table
holmes1996_10.1006_jcht.1996.0117_t1,HOLMES(1996),,phi_osm,473.85,,0.0,3.5654,0.0,0.0,1.7827,0.0,0.9608,,T,test-only,pressure-unstated;source-caution,table
holmes1996_10.1006_jcht.1996.0117_t1,HOLMES(1996),,phi_osm,473.85,,0.0,3.668,0.0,0.0,1.834,0.0,0.9719,,T,test-only,pressure-unstated;source-caution,table
holmes1996_10.1006_jcht.1996.0117_t1,HOLMES(1996),,phi_osm,473.85,,0.0,3.8612,0.0,0.0,1.9306,0.0,0.9935,,T,test-only,pressure-unstated;source-caution,table
holmes1996_10.1006_jcht.1996.0117_t1,HOLMES(1996),,phi_osm,473.85,,0.0,3.9266,0.0,0.0,1.9633,0.0,1.0009,,T,test-only,pressure-unstated;source-caution,table
holmes1996_10.1006_jcht.1996.0117_t1,HOLMES(1996),,phi_osm,473.85,,0.0,4.6038,0.0,0.0,2.3019,0.0,1.0823,,T,test-only,pressure-unstated;source-caution,table
holmes1996_10.1006_jcht.1996.0117_t1,HOLMES(1996),,phi_osm,498.72,,0.0,1.0618,0.0,0.0,0.5309,0.0,0.6997,,T,test-only,pressure-unstated;source-caution,table
holmes1996_10.1006_jcht.1996.0117_t1,HOLMES(1996),,phi_osm,498.72,,0.0,1.0706,0.0,0.0,0.5353,0.0,0.6974,,T,test-only,pressure-unstated;source-caution,table
holmes1996_10.1006_jcht.1996.0117_t1,HOLMES(1996),,phi_osm,498.72,,0.0,1.7704,0.0,0.0,0.8852,0.0,0.7322,,T,test-only,pressure-unstated;source-caution,table
holmes1996_10.1006_jcht.1996.0117_t1,HOLMES(1996),,phi_osm,498.72,,0.0,1.775,0.0,0.0,0.8875,0.0,0.7325,,T,test-only,pressure-unstated;source-caution,table
holmes1996_10.1006_jcht.1996.0117_t1,HOLMES(1996),,phi_osm,498.72,,0.0,1.9624,0.0,0.0,0.9812,0.0,0.7444,,T,test-only,pressure-unstated;source-caution,table
holmes1996_10.1006_jcht.1996.0117_t1,HOLMES(1996),,phi_osm,498.72,,0.0,2.0474,0.0,0.0,1.0237,0.0,0.7494,,T,test-only,pressure-unstated;source-caution,table
holmes1996_10.1006_jcht.1996.0117_t1,HOLMES(1996),,phi_osm,498.72,,0.0,2.2482,0.0,0.0,1.1241,0.0,0.7561,,T,test-only,pressure-unstated;source-caution,table
holmes1996_10.1006_jcht.1996.0117_t1,HOLMES(1996),,phi_osm,498.72,,0.0,2.4456,0.0,0.0,1.2228,0.0,0.7697,,T,test-only,pressure-unstated;source-caution,table
holmes1996_10.1006_jcht.1996.0117_t1,HOLMES(1996),,phi_osm,498.72,,0.0,2.832,0.0,0.0,1.416,0.0,0.7982,,T,test-only,pressure-unstated;source-caution,table
holmes1996_10.1006_jcht.1996.0117_t1,HOLMES(1996),,phi_osm,498.72,,0.0,2.9674,0.0,0.0,1.4837,0.0,0.8093,,T,test-only,pressure-unstated;source-caution,table
holmes1996_10.1006_jcht.1996.0117_t1,HOLMES(1996),,phi_osm,498.72,,0.0,3.2726,0.0,0.0,1.6363,0.0,0.8355,,T,test-only,pressure-unstated;source-caution,table
holmes1996_10.1006_jcht.1996.0117_t1,HOLMES(1996),,phi_osm,498.72,,0.0,3.396,0.0,0.0,1.698,0.0,0.8464,,T,test-only,pressure-unstated;source-caution,table
holmes1996_10.1006_jcht.1996.0117_t1,HOLMES(1996),,phi_osm,498.72,,0.0,4.151,0.0,0.0,2.0755,0.0,0.921,,T,test-only,pressure-unstated;source-caution,table
holmes1996_10.1006_jcht.1996.0117_t1,HOLMES(1996),,phi_osm,498.72,,0.0,4.224,0.0,0.0,2.112,0.0,0.9286,,T,test-only,pressure-unstated;source-caution,table
holmes1996_10.1006_jcht.1996.0117_t1,HOLMES(1996),,phi_osm,498.72,,0.0,4.9442,0.0,0.0,2.4721,0.0,1.025,,T,test-only,pressure-unstated;source-caution,table
holmes1996_10.1006_jcht.1996.0117_t1,HOLMES(1996),,phi_osm,498.72,,0.0,4.9698,0.0,0.0,2.4849,0.0,1.0279,,T,test-only,pressure-unstated;source-caution,table
holmes1996_10.1006_jcht.1996.0117_t1,HOLMES(1996),,phi_osm,498.72,,0.0,5.0358,0.0,0.0,2.5179,0.0,1.0346,,T,test-only,pressure-unstated;source-caution,table
holmes1996_10.1006_jcht.1996.0117_t1,HOLMES(1996),,phi_osm,498.72,,0.0,5.585,0.0,0.0,2.7925,0.0,1.0992,,T,test-only,pressure-unstated;source-caution,table
holmes1996_10.1006_jcht.1996.0117_t1,HOLMES(1996),,phi_osm,498.72,,0.0,5.6,0.0,0.0,2.8,0.0,1.1014,,T,test-only,pressure-unstated;source-caution,table
holmes1996_10.1006_jcht.1996.0117_t1,HOLMES(1996),,phi_osm,498.72,,0.0,6.1322,0.0,0.0,3.0661,0.0,1.1647,,T,test-only,pressure-unstated;source-caution,table
holmes1996_10.1006_jcht.1996.0117_t1,HOLMES(1996),,phi_osm,498.72,,0.0,6.1564,0.0,0.0,3.0782,0.0,1.1668,,T,test-only,pressure-unstated;source-caution,table
holmes1996_10.1006_jcht.1996.0117_t1,HOLMES(1996),,phi_osm,498.72,,0.0,6.886,0.0,0.0,3.443,0.0,1.2478,,T,test-only,pressure-unstated;source-caution,table
holmes1996_10.1006_jcht.1996.0117_t1,HOLMES(1996),,phi_osm,498.72,,0.0,6.9056,0.0,0.0,3.4528,0.0,1.25,,T,test-only,pressure-unstated;source-caution,table
holmes1996_10.1006_jcht.1996.0117_t1,HOLMES(1996),,phi_osm,498.72,,0.0,7.3542,0.0,0.0,3.6771,0.0,1.2992,,T,test-only,pressure-unstated;source-caution,table
holmes1996_10.1006_jcht.1996.0117_t1,HOLMES(1996),,phi_osm,498.72,,0.0,7.36,0.0,0.0,3.68,0.0,1.3023,,T,test-only,pressure-unstated;source-caution,table
holmes1996_10.1006_jcht.1996.0117_t1,HOLMES(1996),,phi_osm,524.12,,0.0,0.8484,0.0,0.0,0.4242,0.0,0.6315,,T,test-only,pressure-unstated;source-caution,table
holmes1996_10.1006_jcht.1996.0117_t1,HOLMES(1996),,phi_osm,524.12,,0.0,0.8518,0.0,0.0,0.4259,0.0,0.6309,,T,test-only,pressure-unstated;source-caution,table
holmes1996_10.1006_jcht.1996.0117_t1,HOLMES(1996),,phi_osm,524.12,,0.0,0.8602,0.0,0.0,0.4301,0.0,0.63,,T,test-only,pressure-unstated;source-caution,table
holmes1996_10.1006_jcht.1996.0117_t1,HOLMES(1996),,phi_osm,524.12,,0.0,1.739,0.0,0.0,0.8695,0.0,0.6528,,T,test-only,pressure-unstated;source-caution,table
holmes1996_10.1006_jcht.1996.0117_t1,HOLMES(1996),,phi_osm,524.12,,0.0,1.7666,0.0,0.0,0.8833,0.0,0.6536,,T,test-only,pressure-unstated;source-caution,table
holmes1996_10.1006_jcht.1996.0117_t1,HOLMES(1996),,phi_osm,524.12,,0.0,1.8154,0.0,0.0,0.9077,0.0,0.6555,,T,test-only,pressure-unstated;source-caution,table
holmes1996_10.1006_jcht.1996.0117_t1,HOLMES(1996),,phi_osm,524.12,,0.0,1.8292,0.0,0.0,0.9146,0.0,0.6559,,T,test-only,pressure-unstated;source-caution,table
holmes1996_10.1006_jcht.1996.0117_t1,HOLMES(1996),,phi_osm,524.12,,0.0,2.4038,0.0,0.0,1.2019,0.0,0.6845,,T,test-only,pressure-unstated;source-caution,table
holmes1996_10.1006_jcht.1996.0117_t1,HOLMES(1996),,phi_osm,524.12,,0.0,2.427,0.0,0.0,1.2135,0.0,0.685,,T,test-only,pressure-unstated;source-caution,table
holmes1996_10.1006_jcht.1996.0117_t1,HOLMES(1996),,phi_osm,524.12,,0.0,3.0706,0.0,0.0,1.5353,0.0,0.7272,,T,test-only,pressure-unstated;source-caution,table
holmes1996_10.1006_jcht.1996.0117_t1,HOLMES(1996),,phi_osm,524.12,,0.0,3.0908,0.0,0.0,1.5454,0.0,0.7284,,T,test-only,pressure-unstated;source-caution,table
holmes1996_10.1006_jcht.1996.0117_t1,HOLMES(1996),,phi_osm,524.12,,0.0,3.6486,0.0,0.0,1.8243,0.0,0.7672,,T,test-only,pressure-unstated;source-caution,table
holmes1996_10.1006_jcht.1996.0117_t1,HOLMES(1996),,phi_osm,524.12,,0.0,3.6978,0.0,0.0,1.8489,0.0,0.7712,,T,test-only,pressure-unstated;source-caution,table
holmes1996_10.1006_jcht.1996.0117_t1,HOLMES(1996),,phi_osm,524.12,,0.0,4.6468,0.0,0.0,2.3234,0.0,0.8545,,T,test-only,pressure-unstated;source-caution,table
holmes1996_10.1006_jcht.1996.0117_t1,HOLMES(1996),,phi_osm,524.12,,0.0,4.6796,0.0,0.0,2.3398,0.0,0.8566,,T,test-only,pressure-unstated;source-caution,table
holmes1996_10.1006_jcht.1996.0117_t1,HOLMES(1996),,phi_osm,524.12,,0.0,5.4076,0.0,0.0,2.7038,0.0,0.9389,,T,test-only,pressure-unstated;source-caution,table
holmes1996_10.1006_jcht.1996.0117_t1,HOLMES(1996),,phi_osm,524.12,,0.0,5.4458,0.0,0.0,2.7229,0.0,0.9409,,T,test-only,pressure-unstated;source-caution,table
holmes1996_10.1006_jcht.1996.0117_t1,HOLMES(1996),,phi_osm,524.12,,0.0,6.1564,0.0,0.0,3.0782,0.0,1.0135,,T,test-only,pressure-unstated;source-caution,table
holmes1996_10.1006_jcht.1996.0117_t1,HOLMES(1996),,phi_osm,524.12,,0.0,6.2032,0.0,0.0,3.1016,0.0,1.0135,,T,test-only,pressure-unstated;source-caution,table
holmes1996_10.1006_jcht.1996.0117_t1,HOLMES(1996),,phi_osm,524.12,,0.0,7.7704,0.0,0.0,3.8852,0.0,1.2123,,T,test-only,pressure-unstated;source-caution,table
holmes1996_10.1006_jcht.1996.0117_t1,HOLMES(1996),,phi_osm,524.12,,0.0,7.8998,0.0,0.0,3.9499,0.0,1.2242,,T,test-only,pressure-unstated;source-caution,table
holmes1996_10.1006_jcht.1996.0117_t1,HOLMES(1996),,phi_osm,383.11,,0.0,1.3952,0.0,0.0,0.6976,0.0,0.9093,,T,test-only,pressure-unstated;source-caution,table
holmes1996_10.1006_jcht.1996.0117_t1,HOLMES(1996),,phi_osm,383.11,,0.0,1.4006,0.0,0.0,0.7003,0.0,0.9102,,T,test-only,pressure-unstated;source-caution,table
holmes1996_10.1006_jcht.1996.0117_t1,HOLMES(1996),,phi_osm,383.11,,0.0,1.4406,0.0,0.0,0.7203,0.0,0.9186,,T,test-only,pressure-unstated;source-caution,table
holmes1996_10.1006_jcht.1996.0117_t1,HOLMES(1996),,phi_osm,383.11,,0.0,1.8318,0.0,0.0,0.9159,0.0,0.9736,,T,test-only,pressure-unstated;source-caution,table
holmes1996_10.1006_jcht.1996.0117_t1,HOLMES(1996),,phi_osm,383.11,,0.0,1.8378,0.0,0.0,0.9189,0.0,0.9719,,T,test-only,pressure-unstated;source-caution,table
holmes1996_10.1006_jcht.1996.0117_t1,HOLMES(1996),,phi_osm,383.11,,0.0,1.8664,0.0,0.0,0.9332,0.0,0.9711,,T,test-only,pressure-unstated;source-caution,table
holmes1996_10.1006_jcht.1996.0117_t1,HOLMES(1996),,phi_osm,383.11,,0.0,1.8748,0.0,0.0,0.9374,0.0,0.9715,,T,test-only,pressure-unstated;source-caution,table
holmes1996_10.1006_jcht.1996.0117_t1,HOLMES(1996),,phi_osm,383.11,,0.0,2.2998,0.0,0.0,1.1499,0.0,1.0278,,T,test-only,pressure-unstated;source-caution,table
holmes1996_10.1006_jcht.1996.0117_t1,HOLMES(1996),,phi_osm,383.11,,0.0,2.314,0.0,0.0,1.157,0.0,1.0298,,T,test-only,pressure-unstated;source-caution,table
holmes1996_10.1006_jcht.1996.0117_t1,HOLMES(1996),,phi_osm,383.11,,0.0,2.8092,0.0,0.0,1.4046,0.0,1.0982,,T,test-only,pressure-unstated;source-caution,table
holmes1996_10.1006_jcht.1996.0117_t1,HOLMES(1996),,phi_osm,383.11,,0.0,2.825,0.0,0.0,1.4125,0.0,1.1026,,T,test-only,pressure-unstated;source-caution,table
holmes1996_10.1006_jcht.1996.0117_t1,HOLMES(1996),,phi_osm,383.11,,0.0,3.3228,0.0,0.0,1.6614,0.0,1.1815,,T,test-only,pressure-unstated;source-caution,table
holmes1996_10.1006_jcht.1996.0117_t1,HOLMES(1996),,phi_osm,383.11,,0.0,3.3438,0.0,0.0,1.6719,0.0,1.185,,T,test-only,pressure-unstated;source-caution,table
holmes1996_10.1006_jcht.1996.0117_t1,HOLMES(1996),,phi_osm,383.11,,0.0,3.4182,0.0,0.0,1.7091,0.0,1.196,,T,test-only,pressure-unstated;source-caution,table
holmes1996_10.1006_jcht.1996.0117_t1,HOLMES(1996),,phi_osm,383.11,,0.0,3.4396,0.0,0.0,1.7198,0.0,1.1991,,T,test-only,pressure-unstated;source-caution,table
holmes1996_10.1006_jcht.1996.0117_t1,HOLMES(1996),,phi_osm,383.11,,0.0,3.4492,0.0,0.0,1.7246,0.0,1.2014,,T,test-only,pressure-unstated;source-caution,table
holmes1996_10.1006_jcht.1996.0117_t1,HOLMES(1996),,phi_osm,383.11,,0.0,3.4808,0.0,0.0,1.7404,0.0,1.2058,,T,test-only,pressure-unstated;source-caution,table
holmes1996_10.1006_jcht.1996.0117_t1,HOLMES(1996),,phi_osm,383.11,,0.0,3.5592,0.0,0.0,1.7796,0.0,1.2183,,T,test-only,pressure-unstated;source-caution,table
holmes1996_10.1006_jcht.1996.0117_t1,HOLMES(1996),,phi_osm,383.11,,0.0,4.0778,0.0,0.0,2.0389,0.0,1.306,,T,test-only,pressure-unstated;source-caution,table
holmes1996_10.1006_jcht.1996.0117_t1,HOLMES(1996),,phi_osm,383.11,,0.0,4.1516,0.0,0.0,2.0758,0.0,1.3173,,T,test-only,pressure-unstated;source-caution,table
holmes1996_10.1006_jcht.1996.0117_t1,HOLMES(1996),,phi_osm,383.11,,0.0,4.1746,0.0,0.0,2.0873,0.0,1.3219,,T,test-only,pressure-unstated;source-caution,table
holmes1996_10.1006_jcht.1996.0117_t1,HOLMES(1996),,phi_osm,383.11,,0.0,4.9966,0.0,0.0,2.4983,0.0,1.4664,,T,test-only,pressure-unstated;source-caution,table
holmes1996_10.1006_jcht.1996.0117_t1,HOLMES(1996),,phi_osm,383.11,,0.0,5.0278,0.0,0.0,2.5139,0.0,1.4728,,T,test-only,pressure-unstated;source-caution,table
holmes1996_10.1006_jcht.1996.0117_t1,HOLMES(1996),,phi_osm,383.11,,0.0,5.3076,0.0,0.0,2.6538,0.0,1.5241,,T,test-only,pressure-unstated;source-caution,table
holmes1996_10.1006_jcht.1996.0117_t1,HOLMES(1996),,phi_osm,383.11,,0.0,5.3268,0.0,0.0,2.6634,0.0,1.5278,,T,test-only,pressure-unstated;source-caution,table
holmes1996_10.1006_jcht.1996.0117_t1,HOLMES(1996),,phi_osm,383.11,,0.0,5.9514,0.0,0.0,2.9757,0.0,1.6465,,T,test-only,pressure-unstated;source-caution,table
holmes1996_10.1006_jcht.1996.0117_t1,HOLMES(1996),,phi_osm,383.11,,0.0,5.973,0.0,0.0,2.9865,0.0,1.6529,,T,test-only,pressure-unstated;source-caution,table
holmes1996_10.1006_jcht.1996.0117_t1,HOLMES(1996),,phi_osm,413.56,,0.0,1.434,0.0,0.0,0.717,0.0,0.8743,,T,test-only,pressure-unstated;source-caution,table
holmes1996_10.1006_jcht.1996.0117_t1,HOLMES(1996),,phi_osm,413.56,,0.0,1.4626,0.0,0.0,0.7313,0.0,0.8757,,T,test-only,pressure-unstated;source-caution,table
holmes1996_10.1006_jcht.1996.0117_t1,HOLMES(1996),,phi_osm,413.56,,0.0,1.5388,0.0,0.0,0.7694,0.0,0.8859,,T,test-only,pressure-unstated;source-caution,table
holmes1996_10.1006_jcht.1996.0117_t1,HOLMES(1996),,phi_osm,413.56,,0.0,1.9784,0.0,0.0,0.9892,0.0,0.9212,,T,test-only,pressure-unstated;source-caution,table
holmes1996_10.1006_jcht.1996.0117_t1,HOLMES(1996),,phi_osm,413.56,,0.0,2.0046,0.0,0.0,1.0023,0.0,0.9298,,T,test-only,pressure-unstated;source-caution,table
holmes1996_10.1006_jcht.1996.0117_t1,HOLMES(1996),,phi_osm,413.56,,0.0,2.1406,0.0,0.0,1.0703,0.0,0.9522,,T,test-only,pressure-unstated;source-caution,table
holmes1996_10.1006_jcht.1996.0117_t1,HOLMES(1996),,phi_osm,413.56,,0.0,2.1874,0.0,0.0,1.0937,0.0,0.9573,,T,test-only,pressure-unstated;source-caution,table
holmes1996_10.1006_jcht.1996.0117_t1,HOLMES(1996),,phi_osm,413.56,,0.0,2.4502,0.0,0.0,1.2251,0.0,0.9867,,T,test-only,pressure-unstated;source-caution,table
holmes1996_10.1006_jcht.1996.0117_t1,HOLMES(1996),,phi_osm,413.56,,0.0,2.5122,0.0,0.0,1.2561,0.0,0.9971,,T,test-only,pressure-unstated;source-caution,table
holmes1996_10.1006_jcht.1996.0117_t1,HOLMES(1996),,phi_osm,413.56,,0.0,2.9296,0.0,0.0,1.4648,0.0,1.0516,,T,test-only,pressure-unstated;source-caution,table
holmes1996_10.1006_jcht.1996.0117_t1,HOLMES(1996),,phi_osm,413.56,,0.0,2.9998,0.0,0.0,1.4999,0.0,1.0609,,T,test-only,pressure-unstated;source-caution,table
holmes1996_10.1006_jcht.1996.0117_t1,HOLMES(1996),,phi_osm,413.56,,0.0,3.2176,0.0,0.0,1.6088,0.0,1.0932,,T,test-only,pressure-unstated;source-caution,table
holmes1996_10.1006_jcht.1996.0117_t1,HOLMES(1996),,phi_osm,413.56,,0.0,3.3256,0.0,0.0,1.6628,0.0,1.1066,,T,test-only,pressure-unstated;source-caution,table
holmes1996_10.1006_jcht.1996.0117_t1,HOLMES(1996),,phi_osm,413.56,,0.0,3.4136,0.0,0.0,1.7068,0.0,1.1176,,T,test-only,pressure-unstated;source-caution,table
holmes1996_10.1006_jcht.1996.0117_t1,HOLMES(1996),,phi_osm,413.56,,0.0,3.5064,0.0,0.0,1.7532,0.0,1.1302,,T,test-only,pressure-unstated;source-caution,table
holmes1996_10.1006_jcht.1996.0117_t1,HOLMES(1996),,phi_osm,413.56,,0.0,4.262,0.0,0.0,2.131,0.0,1.2425,,T,test-only,pressure-unstated;source-caution,table
holmes1996_10.1006_jcht.1996.0117_t1,HOLMES(1996),,phi_osm,413.56,,0.0,4.359,0.0,0.0,2.1795,0.0,1.2569,,T,test-only,pressure-unstated;source-caution,table
holmes1996_10.1006_jcht.1996.0117_t1,HOLMES(1996),,phi_osm,413.56,,0.0,4.8878,0.0,0.0,2.4439,0.0,1.3416,,T,test-only,pressure-unstated;source-caution,table
holmes1996_10.1006_jcht.1996.0117_t1,HOLMES(1996),,phi_osm,413.56,,0.0,4.9958,0.0,0.0,2.4979,0.0,1.3595,,T,test-only,pressure-unstated;source-caution,table
holmes1996_10.1006_jcht.1996.0117_t1,HOLMES(1996),,phi_osm,413.56,,0.0,5.821,0.0,0.0,2.9105,0.0,1.4972,,T,test-only,pressure-unstated;source-caution,table
holmes1996_10.1006_jcht.1996.0117_t1,HOLMES(1996),,phi_osm,413.56,,0.0,5.9374,0.0,0.0,2.9687,0.0,1.5177,,T,test-only,pressure-unstated;source-caution,table
holmes1996_10.1006_jcht.1996.0117_t1,HOLMES(1996),,phi_osm,413.56,,0.0,6.5652,0.0,0.0,3.2826,0.0,1.6316,,T,test-only,pressure-unstated;source-caution,table
holmes1996_10.1006_jcht.1996.0117_t1,HOLMES(1996),,phi_osm,413.56,,0.0,6.668,0.0,0.0,3.334,0.0,1.6486,,T,test-only,pressure-unstated;source-caution,table
holmes1996_10.1006_jcht.1996.0117_t1,HOLMES(1996),,phi_osm,443.44,,0.0,1.321,0.0,0.0,0.6605,0.0,0.8053,,T,test-only,pressure-unstated;source-caution,table
holmes1996_10.1006_jcht.1996.0117_t1,HOLMES(1996),,phi_osm,443.44,,0.0,1.378,0.0,0.0,0.689,0.0,0.8109,,T,test-only,pressure-unstated;source-caution,table
holmes1996_10.1006_jcht.1996.0117_t1,HOLMES(1996),,phi_osm,443.44,,0.0,1.5346,0.0,0.0,0.7673,0.0,0.8266,,T,test-only,pressure-unstated;source-caution,table
holmes1996_10.1006_jcht.1996.0117_t1,HOLMES(1996),,phi_osm,443.44,,0.0,1.6114,0.0,0.0,0.8057,0.0,0.8343,,T,test-only,pressure-unstated;source-caution,table
holmes1996_10.1006_jcht.1996.0117_t1,HOLMES(1996),,phi_osm,443.44,,0.0,1.8172,0.0,0.0,0.9086,0.0,0.8544,,T,test-only,pressure-unstated;source-caution,table
holmes1996_10.1006_jcht.1996.0117_t1,HOLMES(1996),,phi_osm,443.44,,0.0,1.9034,0.0,0.0,0.9517,0.0,0.8632,,T,test-only,pressure-unstated;source-caution,table
holmes1996_10.1006_jcht.1996.0117_t1,HOLMES(1996),,phi_osm,443.44,,0.0,2.1038,0.0,0.0,1.0519,0.0,0.88,,T,test-only,pressure-unstated;source-caution,table
holmes1996_10.1006_jcht.1996.0117_t1,HOLMES(1996),,phi_osm,443.44,,0.0,2.2226,0.0,0.0,1.1113,0.0,0.8953,,T,test-only,pressure-unstated;source-caution,table
holmes1996_10.1006_jcht.1996.0117_t1,HOLMES(1996),,phi_osm,443.44,,0.0,2.507,0.0,0.0,1.2535,0.0,0.9254,,T,test-only,pressure-unstated;source-caution,table
holmes1996_10.1006_jcht.1996.0117_t1,HOLMES(1996),,phi_osm,443.44,,0.0,2.6754,0.0,0.0,1.3377,0.0,0.9464,,T,test-only,pressure-unstated;source-caution,table
holmes1996_10.1006_jcht.1996.0117_t1,HOLMES(1996),,phi_osm,443.44,,0.0,2.9664,0.0,0.0,1.4832,0.0,0.9787,,T,test-only,pressure-unstated;source-caution,table
holmes1996_10.1006_jcht.1996.0117_t1,HOLMES(1996),,phi_osm,443.44,,0.0,3.1056,0.0,0.0,1.5528,0.0,0.9956,,T,test-only,pressure-unstated;source-caution,table
holmes1996_10.1006_jcht.1996.0117_t1,HOLMES(1996),,phi_osm,443.44,,0.0,3.1146,0.0,0.0,1.5573,0.0,0.9979,,T,test-only,pressure-unstated;source-caution,table
holmes1996_10.1006_jcht.1996.0117_t1,HOLMES(1996),,phi_osm,443.44,,0.0,3.6702,0.0,0.0,1.8351,0.0,1.0658,,T,test-only,pressure-unstated;source-caution,table
holmes1996_10.1006_jcht.1996.0117_t1,HOLMES(1996),,phi_osm,443.44,,0.0,3.8988,0.0,0.0,1.9494,0.0,1.0953,,T,test-only,pressure-unstated;source-caution,table
holmes1996_10.1006_jcht.1996.0117_t1,HOLMES(1996),,phi_osm,443.44,,0.0,4.0242,0.0,0.0,2.0121,0.0,1.1127,,T,test-only,pressure-unstated;source-caution,table
holmes1996_10.1006_jcht.1996.0117_t1,HOLMES(1996),,phi_osm,443.44,,0.0,4.2122,0.0,0.0,2.1061,0.0,1.1372,,T,test-only,pressure-unstated;source-caution,table
holmes1996_10.1006_jcht.1996.0117_t1,HOLMES(1996),,phi_osm,443.44,,0.0,4.2458,0.0,0.0,2.1229,0.0,1.1421,,T,test-only,pressure-unstated;source-caution,table
holmes1996_10.1006_jcht.1996.0117_t1,HOLMES(1996),,phi_osm,443.44,,0.0,4.3692,0.0,0.0,2.1846,0.0,1.1575,,T,test-only,pressure-unstated;source-caution,table
holmes1996_10.1006_jcht.1996.0117_t1,HOLMES(1996),,phi_osm,443.44,,0.0,4.597,0.0,0.0,2.2985,0.0,1.1921,,T,test-only,pressure-unstated;source-caution,table
holmes1996_10.1006_jcht.1996.0117_t1,HOLMES(1996),,phi_osm,443.44,,0.0,4.8014,0.0,0.0,2.4007,0.0,1.2199,,T,test-only,pressure-unstated;source-caution,table
holmes1996_10.1006_jcht.1996.0117_t1,HOLMES(1996),,phi_osm,443.44,,0.0,5.088,0.0,0.0,2.544,0.0,1.2658,,T,test-only,pressure-unstated;source-caution,table
holmes1996_10.1006_jcht.1996.0117_t1,HOLMES(1996),,phi_osm,443.44,,0.0,5.316,0.0,0.0,2.658,0.0,1.2978,,T,test-only,pressure-unstated;source-caution,table
holmes1996_10.1006_jcht.1996.0117_t1,HOLMES(1996),,phi_osm,443.44,,0.0,5.5904,0.0,0.0,2.7952,0.0,1.3381,,T,test-only,pressure-unstated;source-caution,table
holmes1996_10.1006_jcht.1996.0117_t1,HOLMES(1996),,phi_osm,443.44,,0.0,5.792,0.0,0.0,2.896,0.0,1.3678,,T,test-only,pressure-unstated;source-caution,table
holmes1996_10.1006_jcht.1996.0117_t1,HOLMES(1996),,phi_osm,443.44,,0.0,6.4126,0.0,0.0,3.2063,0.0,1.4676,,T,test-only,pressure-unstated;source-caution,table
holmes1996_10.1006_jcht.1996.0117_t1,HOLMES(1996),,phi_osm,443.44,,0.0,6.5902,0.0,0.0,3.2951,0.0,1.4951,,T,test-only,pressure-unstated;source-caution,table
holmes1996_10.1006_jcht.1996.0117_t1,HOLMES(1996),,phi_osm,443.44,,0.0,7.1634,0.0,0.0,3.5817,0.0,1.5883,,T,test-only,pressure-unstated;source-caution,table
holmes1996_10.1006_jcht.1996.0117_t1,HOLMES(1996),,phi_osm,443.44,,0.0,7.3028,0.0,0.0,3.6514,0.0,1.6127,,T,test-only,pressure-unstated;source-caution,table
holmes1996_10.1006_jcht.1996.0117_t1,HOLMES(1996),,phi_osm,473.18,,0.0,1.467,0.0,0.0,0.7335,0.0,0.7444,,T,test-only,pressure-unstated;source-caution,table
holmes1996_10.1006_jcht.1996.0117_t1,HOLMES(1996),,phi_osm,473.18,,0.0,1.4694,0.0,0.0,0.7347,0.0,0.753,,T,test-only,pressure-unstated;source-caution,table
holmes1996_10.1006_jcht.1996.0117_t1,HOLMES(1996),,phi_osm,473.18,,0.0,1.5642,0.0,0.0,0.7821,0.0,0.7681,,T,test-only,pressure-unstated;source-caution,table
holmes1996_10.1006_jcht.1996.0117_t1,HOLMES(1996),,phi_osm,473.18,,0.0,1.613,0.0,0.0,0.8065,0.0,0.7727,,T,test-only,pressure-unstated;source-caution,table
holmes1996_10.1006_jcht.1996.0117_t1,HOLMES(1996),,phi_osm,473.18,,0.0,1.7438,0.0,0.0,0.8719,0.0,0.782,,T,test-only,pressure-unstated;source-caution,table
holmes1996_10.1006_jcht.1996.0117_t1,HOLMES(1996),,phi_osm,473.18,,0.0,1.8014,0.0,0.0,0.9007,0.0,0.7866,,T,test-only,pressure-unstated;source-caution,table
holmes1996_10.1006_jcht.1996.0117_t1,HOLMES(1996),,phi_osm,473.18,,0.0,2.242,0.0,0.0,1.121,0.0,0.8262,,T,test-only,pressure-unstated;source-caution,table
holmes1996_10.1006_jcht.1996.0117_t1,HOLMES(1996),,phi_osm,473.18,,0.0,2.3378,0.0,0.0,1.1689,0.0,0.8353,,T,test-only,pressure-unstated;source-caution,table
holmes1996_10.1006_jcht.1996.0117_t1,HOLMES(1996),,phi_osm,473.18,,0.0,2.4984,0.0,0.0,1.2492,0.0,0.8442,,T,test-only,pressure-unstated;source-caution,table
holmes1996_10.1006_jcht.1996.0117_t1,HOLMES(1996),,phi_osm,473.18,,0.0,2.672,0.0,0.0,1.336,0.0,0.8658,,T,test-only,pressure-unstated;source-caution,table
holmes1996_10.1006_jcht.1996.0117_t1,HOLMES(1996),,phi_osm,473.18,,0.0,2.789,0.0,0.0,1.3945,0.0,0.8771,,T,test-only,pressure-unstated;source-caution,table
holmes1996_10.1006_jcht.1996.0117_t1,HOLMES(1996),,phi_osm,473.18,,0.0,3.0828,0.0,0.0,1.5414,0.0,0.9066,,T,test-only,pressure-unstated;source-caution,table
holmes1996_10.1006_jcht.1996.0117_t1,HOLMES(1996),,phi_osm,473.18,,0.0,3.21,0.0,0.0,1.605,0.0,0.9201,,T,test-only,pressure-unstated;source-caution,table
holmes1996_10.1006_jcht.1996.0117_t1,HOLMES(1996),,phi_osm,473.18,,0.0,3.5178,0.0,0.0,1.7589,0.0,0.9536,,T,test-only,pressure-unstated;source-caution,table
holmes1996_10.1006_jcht.1996.0117_t1,HOLMES(1996),,phi_osm,473.18,,0.0,3.6472,0.0,0.0,1.8236,0.0,0.9682,,T,test-only,pressure-unstated;source-caution,table
holmes1996_10.1006_jcht.1996.0117_t1,HOLMES(1996),,phi_osm,473.18,,0.0,3.957,0.0,0.0,1.9785,0.0,1.0031,,T,test-only,pressure-unstated;source-caution,table
holmes1996_10.1006_jcht.1996.0117_t1,HOLMES(1996),,phi_osm,473.18,,0.0,4.089,0.0,0.0,2.0445,0.0,1.019,,T,test-only,pressure-unstated;source-caution,table
holmes1996_10.1006_jcht.1996.0117_t1,HOLMES(1996),,phi_osm,473.18,,0.0,4.3654,0.0,0.0,2.1827,0.0,1.0454,,T,test-only,pressure-unstated;source-caution,table
holmes1996_10.1006_jcht.1996.0117_t1,HOLMES(1996),,phi_osm,473.18,,0.0,4.4832,0.0,0.0,2.2416,0.0,1.0598,,T,test-only,pressure-unstated;source-caution,table
holmes1996_10.1006_jcht.1996.0117_t1,HOLMES(1996),,phi_osm,473.18,,0.0,4.7926,0.0,0.0,2.3963,0.0,1.0985,,T,test-only,pressure-unstated;source-caution,table
holmes1996_10.1006_jcht.1996.0117_t1,HOLMES(1996),,phi_osm,473.18,,0.0,4.9008,0.0,0.0,2.4504,0.0,1.1132,,T,test-only,pressure-unstated;source-caution,table
holmes1996_10.1006_jcht.1996.0117_t1,HOLMES(1996),,phi_osm,473.18,,0.0,5.2588,0.0,0.0,2.6294,0.0,1.1628,,T,test-only,pressure-unstated;source-caution,table
holmes1996_10.1006_jcht.1996.0117_t1,HOLMES(1996),,phi_osm,473.18,,0.0,5.3836,0.0,0.0,2.6918,0.0,1.1794,,T,test-only,pressure-unstated;source-caution,table
holmes1996_10.1006_jcht.1996.0117_t1,HOLMES(1996),,phi_osm,473.18,,0.0,5.6554,0.0,0.0,2.8277,0.0,1.2143,,T,test-only,pressure-unstated;source-caution,table
holmes1996_10.1006_jcht.1996.0117_t1,HOLMES(1996),,phi_osm,473.18,,0.0,5.736,0.0,0.0,2.868,0.0,1.228,,T,test-only,pressure-unstated;source-caution,table
holmes1996_10.1006_jcht.1996.0117_t1,HOLMES(1996),,phi_osm,473.18,,0.0,6.2592,0.0,0.0,3.1296,0.0,1.2988,,T,test-only,pressure-unstated;source-caution,table
holmes1996_10.1006_jcht.1996.0117_t1,HOLMES(1996),,phi_osm,473.18,,0.0,6.3616,0.0,0.0,3.1808,0.0,1.3144,,T,test-only,pressure-unstated;source-caution,table
holmes1996_10.1006_jcht.1996.0117_t1,HOLMES(1996),,phi_osm,473.18,,0.0,6.8066,0.0,0.0,3.4033,0.0,1.3767,,T,test-only,pressure-unstated;source-caution,table
holmes1996_10.1006_jcht.1996.0117_t1,HOLMES(1996),,phi_osm,473.18,,0.0,6.9034,0.0,0.0,3.4517,0.0,1.3895,,T,test-only,pressure-unstated;source-caution,table
holmes1996_10.1006_jcht.1996.0117_t1,HOLMES(1996),,phi_osm,473.18,,0.0,7.365,0.0,0.0,3.6825,0.0,1.454,,T,test-only,pressure-unstated;source-caution,table
holmes1996_10.1006_jcht.1996.0117_t1,HOLMES(1996),,phi_osm,473.18,,0.0,7.4504,0.0,0.0,3.7252,0.0,1.4622,,T,test-only,pressure-unstated;source-caution,table
holmes1996_10.1006_jcht.1996.0117_t1,HOLMES(1996),,phi_osm,498.22,,0.0,1.1262,0.0,0.0,0.5631,0.0,0.6801,,T,test-only,pressure-unstated;source-caution,table
holmes1996_10.1006_jcht.1996.0117_t1,HOLMES(1996),,phi_osm,498.22,,0.0,1.1658,0.0,0.0,0.5829,0.0,0.6784,,T,test-only,pressure-unstated;source-caution,table
holmes1996_10.1006_jcht.1996.0117_t1,HOLMES(1996),,phi_osm,498.22,,0.0,1.2326,0.0,0.0,0.6163,0.0,0.6853,,T,test-only,pressure-unstated;source-caution,table
holmes1996_10.1006_jcht.1996.0117_t1,HOLMES(1996),,phi_osm,498.22,,0.0,1.2344,0.0,0.0,0.6172,0.0,0.687,,T,test-only,pressure-unstated;source-caution,table
holmes1996_10.1006_jcht.1996.0117_t1,HOLMES(1996),,phi_osm,498.22,,0.0,1.323,0.0,0.0,0.6615,0.0,0.6952,,T,test-only,pressure-unstated;source-caution,table
holmes1996_10.1006_jcht.1996.0117_t1,HOLMES(1996),,phi_osm,498.22,,0.0,1.3708,0.0,0.0,0.6854,0.0,0.6986,,T,test-only,pressure-unstated;source-caution,table
holmes1996_10.1006_jcht.1996.0117_t1,HOLMES(1996),,phi_osm,498.22,,0.0,1.4992,0.0,0.0,0.7496,0.0,0.7053,,T,test-only,pressure-unstated;source-caution,table
holmes1996_10.1006_jcht.1996.0117_t1,HOLMES(1996),,phi_osm,498.22,,0.0,1.5536,0.0,0.0,0.7768,0.0,0.7077,,T,test-only,pressure-unstated;source-caution,table
holmes1996_10.1006_jcht.1996.0117_t1,HOLMES(1996),,phi_osm,498.22,,0.0,1.8476,0.0,0.0,0.9238,0.0,0.7242,,T,test-only,pressure-unstated;source-caution,table
holmes1996_10.1006_jcht.1996.0117_t1,HOLMES(1996),,phi_osm,498.22,,0.0,1.945,0.0,0.0,0.9725,0.0,0.7302,,T,test-only,pressure-unstated;source-caution,table
holmes1996_10.1006_jcht.1996.0117_t1,HOLMES(1996),,phi_osm,498.22,,0.0,2.214,0.0,0.0,1.107,0.0,0.7476,,T,test-only,pressure-unstated;source-caution,table
holmes1996_10.1006_jcht.1996.0117_t1,HOLMES(1996),,phi_osm,498.22,,0.0,2.538,0.0,0.0,1.269,0.0,0.7714,,T,test-only,pressure-unstated;source-caution,table
holmes1996_10.1006_jcht.1996.0117_t1,HOLMES(1996),,phi_osm,498.22,,0.0,2.6482,0.0,0.0,1.3241,0.0,0.7863,,T,test-only,pressure-unstated;source-caution,table
holmes1996_10.1006_jcht.1996.0117_t1,HOLMES(1996),,phi_osm,498.22,,0.0,2.6664,0.0,0.0,1.3332,0.0,0.7815,,T,test-only,pressure-unstated;source-caution,table
holmes1996_10.1006_jcht.1996.0117_t1,HOLMES(1996),,phi_osm,498.22,,0.0,3.0826,0.0,0.0,1.5413,0.0,0.8192,,T,test-only,pressure-unstated;source-caution,table
holmes1996_10.1006_jcht.1996.0117_t1,HOLMES(1996),,phi_osm,498.22,,0.0,3.4038,0.0,0.0,1.7019,0.0,0.8573,,T,test-only,pressure-unstated;source-caution,table
holmes1996_10.1006_jcht.1996.0117_t1,HOLMES(1996),,phi_osm,498.22,,0.0,3.422,0.0,0.0,1.711,0.0,0.8499,,T,test-only,pressure-unstated;source-caution,table
holmes1996_10.1006_jcht.1996.0117_t1,HOLMES(1996),,phi_osm,498.22,,0.0,3.9012,0.0,0.0,1.9506,0.0,0.9044,,T,test-only,pressure-unstated;source-caution,table
holmes1996_10.1006_jcht.1996.0117_t1,HOLMES(1996),,phi_osm,498.22,,0.0,3.9354,0.0,0.0,1.9677,0.0,0.8997,,T,test-only,pressure-unstated;source-caution,table
holmes1996_10.1006_jcht.1996.0117_t1,HOLMES(1996),,phi_osm,498.22,,0.0,4.5808,0.0,0.0,2.2904,0.0,0.9761,,T,test-only,pressure-unstated;source-caution,table
holmes1996_10.1006_jcht.1996.0117_t1,HOLMES(1996),,phi_osm,498.22,,0.0,4.8224,0.0,0.0,2.4112,0.0,1.0017,,T,test-only,pressure-unstated;source-caution,table
holmes1996_10.1006_jcht.1996.0117_t1,HOLMES(1996),,phi_osm,498.22,,0.0,5.085,0.0,0.0,2.5425,0.0,1.0224,,T,test-only,pressure-unstated;source-caution,table
holmes1996_10.1006_jcht.1996.0117_t1,HOLMES(1996),,phi_osm,498.22,,0.0,5.4512,0.0,0.0,2.7256,0.0,1.0733,,T,test-only,pressure-unstated;source-caution,table
holmes1996_10.1006_jcht.1996.0117_t1,HOLMES(1996),,phi_osm,498.22,,0.0,5.716,0.0,0.0,2.858,0.0,1.1042,,T,test-only,pressure-unstated;source-caution,table
holmes1996_10.1006_jcht.1996.0117_t1,HOLMES(1996),,phi_osm,498.22,,0.0,6.3178,0.0,0.0,3.1589,0.0,1.1777,,T,test-only,pressure-unstated;source-caution,table
holmes1996_10.1006_jcht.1996.0117_t1,HOLMES(1996),,phi_osm,498.22,,0.0,6.569,0.0,0.0,3.2845,0.0,1.2066,,T,test-only,pressure-unstated;source-caution,table
holmes1996_10.1006_jcht.1996.0117_t1,HOLMES(1996),,phi_osm,498.22,,0.0,7.0974,0.0,0.0,3.5487,0.0,1.2671,,T,test-only,pressure-unstated;source-caution,table
holmes1996_10.1006_jcht.1996.0117_t1,HOLMES(1996),,phi_osm,498.22,,0.0,7.3642,0.0,0.0,3.6821,0.0,1.2991,,T,test-only,pressure-unstated;source-caution,table
holmes1994b_10.1016_0021-9614(94)90005-1_t1,HOLMES(1994b),,phi_osm,443.92,8.0704,0.0,1.0876,0.0,0.5438,0.0,0.0,0.7807,,T,test-only,,table
holmes1994b_10.1016_0021-9614(94)90005-1_t1,HOLMES(1994b),,phi_osm,443.92,8.0704,0.0,1.0908,0.0,0.5454,0.0,0.0,0.7795,,T,test-only,,table
holmes1994b_10.1016_0021-9614(94)90005-1_t1,HOLMES(1994b),,phi_osm,443.92,8.0704,0.0,1.0958,0.0,0.5479,0.0,0.0,0.7797,,T,test-only,,table
holmes1994b_10.1016_0021-9614(94)90005-1_t1,HOLMES(1994b),,phi_osm,443.92,8.0704,0.0,1.0964,0.0,0.5482,0.0,0.0,0.7796,,T,test-only,,table
holmes1994b_10.1016_0021-9614(94)90005-1_t1,HOLMES(1994b),,phi_osm,443.92,8.0704,0.0,1.5298,0.0,0.7649,0.0,0.0,0.806,,T,test-only,,table
holmes1994b_10.1016_0021-9614(94)90005-1_t1,HOLMES(1994b),,phi_osm,443.92,8.0704,0.0,1.5312,0.0,0.7656,0.0,0.0,0.8054,,T,test-only,,table
holmes1994b_10.1016_0021-9614(94)90005-1_t1,HOLMES(1994b),,phi_osm,443.92,8.0704,0.0,1.534,0.0,0.767,0.0,0.0,0.8049,,T,test-only,,table
holmes1994b_10.1016_0021-9614(94)90005-1_t1,HOLMES(1994b),,phi_osm,443.92,8.0704,0.0,2.4176,0.0,1.2088,0.0,0.0,0.8711,,T,test-only,,table
holmes1994b_10.1016_0021-9614(94)90005-1_t1,HOLMES(1994b),,phi_osm,443.92,8.0704,0.0,2.418,0.0,1.209,0.0,0.0,0.8711,,T,test-only,,table
holmes1994b_10.1016_0021-9614(94)90005-1_t1,HOLMES(1994b),,phi_osm,443.92,8.0704,0.0,2.4226,0.0,1.2113,0.0,0.0,0.8712,,T,test-only,,table
holmes1994b_10.1016_0021-9614(94)90005-1_t1,HOLMES(1994b),,phi_osm,443.92,8.0704,0.0,3.409,0.0,1.7045,0.0,0.0,0.9574,,T,test-only,,table
holmes1994b_10.1016_0021-9614(94)90005-1_t1,HOLMES(1994b),,phi_osm,443.92,8.0704,0.0,3.4092,0.0,1.7046,0.0,0.0,0.9572,,T,test-only,,table
holmes1994b_10.1016_0021-9614(94)90005-1_t1,HOLMES(1994b),,phi_osm,443.92,8.0704,0.0,3.4162,0.0,1.7081,0.0,0.0,0.9582,,T,test-only,,table
holmes1994b_10.1016_0021-9614(94)90005-1_t1,HOLMES(1994b),,phi_osm,443.92,8.0704,0.0,3.7522,0.0,1.8761,0.0,0.0,0.9891,,T,test-only,,table
holmes1994b_10.1016_0021-9614(94)90005-1_t1,HOLMES(1994b),,phi_osm,443.92,8.0704,0.0,3.8244,0.0,1.9122,0.0,0.0,0.9968,,T,test-only,,table
holmes1994b_10.1016_0021-9614(94)90005-1_t1,HOLMES(1994b),,phi_osm,443.92,8.0704,0.0,3.8772,0.0,1.9386,0.0,0.0,1.0016,,T,test-only,,table
holmes1994b_10.1016_0021-9614(94)90005-1_t1,HOLMES(1994b),,phi_osm,443.92,8.0704,0.0,3.8814,0.0,1.9407,0.0,0.0,1.0022,,T,test-only,,table
holmes1994b_10.1016_0021-9614(94)90005-1_t1,HOLMES(1994b),,phi_osm,443.92,8.0704,0.0,3.8936,0.0,1.9468,0.0,0.0,1.0024,,T,test-only,,table
holmes1994b_10.1016_0021-9614(94)90005-1_t1,HOLMES(1994b),,phi_osm,443.92,8.0704,0.0,4.2748,0.0,2.1374,0.0,0.0,1.0391,,T,test-only,,table
holmes1994b_10.1016_0021-9614(94)90005-1_t1,HOLMES(1994b),,phi_osm,443.92,8.0704,0.0,4.277,0.0,2.1385,0.0,0.0,1.0393,,T,test-only,,table
holmes1994b_10.1016_0021-9614(94)90005-1_t1,HOLMES(1994b),,phi_osm,443.92,8.0704,0.0,4.917,0.0,2.4585,0.0,0.0,1.1019,,T,test-only,,table
holmes1994b_10.1016_0021-9614(94)90005-1_t1,HOLMES(1994b),,phi_osm,443.92,8.0704,0.0,4.9178,0.0,2.4589,0.0,0.0,1.1021,,T,test-only,,table
holmes1994b_10.1016_0021-9614(94)90005-1_t1,HOLMES(1994b),,phi_osm,443.92,8.0704,0.0,4.9246,0.0,2.4623,0.0,0.0,1.1028,,T,test-only,,table
holmes1994b_10.1016_0021-9614(94)90005-1_t1,HOLMES(1994b),,phi_osm,443.92,8.0704,0.0,5.0128,0.0,2.5064,0.0,0.0,1.1128,,T,test-only,,table
holmes1994b_10.1016_0021-9614(94)90005-1_t1,HOLMES(1994b),,phi_osm,443.92,8.0704,0.0,5.0236,0.0,2.5118,0.0,0.0,1.1117,,T,test-only,,table
holmes1994b_10.1016_0021-9614(94)90005-1_t1,HOLMES(1994b),,phi_osm,443.92,8.0704,0.0,5.0324,0.0,2.5162,0.0,0.0,1.113,,T,test-only,,table
holmes1994b_10.1016_0021-9614(94)90005-1_t1,HOLMES(1994b),,phi_osm,443.92,8.0704,0.0,5.0342,0.0,2.5171,0.0,0.0,1.113,,T,test-only,,table
holmes1994b_10.1016_0021-9614(94)90005-1_t1,HOLMES(1994b),,phi_osm,443.92,8.0704,0.0,5.0706,0.0,2.5353,0.0,0.0,1.1166,,T,test-only,,table
holmes1994b_10.1016_0021-9614(94)90005-1_t1,HOLMES(1994b),,phi_osm,443.92,8.0704,0.0,5.0744,0.0,2.5372,0.0,0.0,1.117,,T,test-only,,table
holmes1994b_10.1016_0021-9614(94)90005-1_t1,HOLMES(1994b),,phi_osm,443.92,8.0704,0.0,5.6094,0.0,2.8047,0.0,0.0,1.1698,,T,test-only,,table
holmes1994b_10.1016_0021-9614(94)90005-1_t1,HOLMES(1994b),,phi_osm,443.92,8.0704,0.0,5.6154,0.0,2.8077,0.0,0.0,1.1702,,T,test-only,,table
holmes1994b_10.1016_0021-9614(94)90005-1_t1,HOLMES(1994b),,phi_osm,443.92,8.0704,0.0,5.6278,0.0,2.8139,0.0,0.0,1.171,,T,test-only,,table
holmes1994b_10.1016_0021-9614(94)90005-1_t1,HOLMES(1994b),,phi_osm,443.92,8.0704,0.0,6.693,0.0,3.3465,0.0,0.0,1.2713,,T,test-only,,table
holmes1994b_10.1016_0021-9614(94)90005-1_t1,HOLMES(1994b),,phi_osm,443.92,8.0704,0.0,6.6952,0.0,3.3476,0.0,0.0,1.2714,,T,test-only,,table
holmes1994b_10.1016_0021-9614(94)90005-1_t1,HOLMES(1994b),,phi_osm,443.92,8.0704,0.0,7.4202,0.0,3.7101,0.0,0.0,1.3353,,T,test-only,,table
holmes1994b_10.1016_0021-9614(94)90005-1_t1,HOLMES(1994b),,phi_osm,443.92,8.0704,0.0,7.421,0.0,3.7105,0.0,0.0,1.3354,,T,test-only,,table
holmes1994b_10.1016_0021-9614(94)90005-1_t1,HOLMES(1994b),,phi_osm,473.61,15.6994,0.0,1.1928,0.0,0.5964,0.0,0.0,0.7307,,T,test-only,,table
holmes1994b_10.1016_0021-9614(94)90005-1_t1,HOLMES(1994b),,phi_osm,473.61,15.6994,0.0,1.1938,0.0,0.5969,0.0,0.0,0.7304,,T,test-only,,table
holmes1994b_10.1016_0021-9614(94)90005-1_t1,HOLMES(1994b),,phi_osm,473.61,15.6994,0.0,1.194,0.0,0.597,0.0,0.0,0.7299,,T,test-only,,table
holmes1994b_10.1016_0021-9614(94)90005-1_t1,HOLMES(1994b),,phi_osm,473.61,15.6994,0.0,1.1948,0.0,0.5974,0.0,0.0,0.7305,,T,test-only,,table
holmes1994b_10.1016_0021-9614(94)90005-1_t1,HOLMES(1994b),,phi_osm,473.61,15.6994,0.0,1.5542,0.0,0.7771,0.0,0.0,0.7458,,T,test-only,,table
holmes1994b_10.1016_0021-9614(94)90005-1_t1,HOLMES(1994b),,phi_osm,473.61,15.6994,0.0,1.5574,0.0,0.7787,0.0,0.0,0.7446,,T,test-only,,table
holmes1994b_10.1016_0021-9614(94)90005-1_t1,HOLMES(1994b),,phi_osm,473.61,15.6994,0.0,1.5642,0.0,0.7821,0.0,0.0,0.7433,,T,test-only,,table
holmes1994b_10.1016_0021-9614(94)90005-1_t1,HOLMES(1994b),,phi_osm,473.61,15.6994,0.0,1.567,0.0,0.7835,0.0,0.0,0.7438,,T,test-only,,table
holmes1994b_10.1016_0021-9614(94)90005-1_t1,HOLMES(1994b),,phi_osm,473.61,15.6994,0.0,1.577,0.0,0.7885,0.0,0.0,0.7444,,T,test-only,,table
holmes1994b_10.1016_0021-9614(94)90005-1_t1,HOLMES(1994b),,phi_osm,473.61,15.6994,0.0,1.9904,0.0,0.9952,0.0,0.0,0.7661,,T,test-only,,table
holmes1994b_10.1016_0021-9614(94)90005-1_t1,HOLMES(1994b),,phi_osm,473.61,15.6994,0.0,1.9904,0.0,0.9952,0.0,0.0,0.7681,,T,test-only,,table
holmes1994b_10.1016_0021-9614(94)90005-1_t1,HOLMES(1994b),,phi_osm,473.61,15.6994,0.0,1.9904,0.0,0.9952,0.0,0.0,0.7677,,T,test-only,,table
holmes1994b_10.1016_0021-9614(94)90005-1_t1,HOLMES(1994b),,phi_osm,473.61,15.6994,0.0,1.995,0.0,0.9975,0.0,0.0,0.768,,T,test-only,,table
holmes1994b_10.1016_0021-9614(94)90005-1_t1,HOLMES(1994b),,phi_osm,473.61,15.6994,0.0,2.6284,0.0,1.3142,0.0,0.0,0.8085,,T,test-only,,table
holmes1994b_10.1016_0021-9614(94)90005-1_t1,HOLMES(1994b),,phi_osm,473.61,15.6994,0.0,2.6332,0.0,1.3166,0.0,0.0,0.8087,,T,test-only,,table
holmes1994b_10.1016_0021-9614(94)90005-1_t1,HOLMES(1994b),,phi_osm,473.61,15.6994,0.0,3.409,0.0,1.7045,0.0,0.0,0.8637,,T,test-only,,table
holmes1994b_10.1016_0021-9614(94)90005-1_t1,HOLMES(1994b),,phi_osm,473.61,15.6994,0.0,3.4376,0.0,1.7188,0.0,0.0,0.8666,,T,test-only,,table
holmes1994b_10.1016_0021-9614(94)90005-1_t1,HOLMES(1994b),,phi_osm,473.61,15.6994,0.0,3.4492,0.0,1.7246,0.0,0.0,0.8674,,T,test-only,,table
holmes1994b_10.1016_0021-9614(94)90005-1_t1,HOLMES(1994b),,phi_osm,473.61,15.6994,0.0,4.0802,0.0,2.0401,0.0,0.0,0.9154,,T,test-only,,table
holmes1994b_10.1016_0021-9614(94)90005-1_t1,HOLMES(1994b),,phi_osm,473.61,15.6994,0.0,4.0842,0.0,2.0421,0.0,0.0,0.916,,T,test-only,,table
holmes1994b_10.1016_0021-9614(94)90005-1_t1,HOLMES(1994b),,phi_osm,473.61,15.6994,0.0,4.5576,0.0,2.2788,0.0,0.0,0.9527,,T,test-only,,table
holmes1994b_10.1016_0021-9614(94)90005-1_t1,HOLMES(1994b),,phi_osm,473.61,15.6994,0.0,4.986,0.0,2.493,0.0,0.0,0.986,,T,test-only,,table
holmes1994b_10.1016_0021-9614(94)90005-1_t1,HOLMES(1994b),,phi_osm,473.61,15.6994,0.0,4.99,0.0,2.495,0.0,0.0,0.9871,,T,test-only,,table
holmes1994b_10.1016_0021-9614(94)90005-1_t1,HOLMES(1994b),,phi_osm,473.61,15.6994,0.0,5.1378,0.0,2.5689,0.0,0.0,1.0001,,T,test-only,,table
holmes1994b_10.1016_0021-9614(94)90005-1_t1,HOLMES(1994b),,phi_osm,473.61,15.6994,0.0,5.1432,0.0,2.5716,0.0,0.0,1.0,,T,test-only,,table
holmes1994b_10.1016_0021-9614(94)90005-1_t1,HOLMES(1994b),,phi_osm,473.61,15.6994,0.0,5.2934,0.0,2.6467,0.0,0.0,1.011,,T,test-only,,table
holmes1994b_10.1016_0021-9614(94)90005-1_t1,HOLMES(1994b),,phi_osm,473.61,15.6994,0.0,5.3088,0.0,2.6544,0.0,0.0,1.0118,,T,test-only,,table
holmes1994b_10.1016_0021-9614(94)90005-1_t1,HOLMES(1994b),,phi_osm,473.61,15.6994,0.0,5.4644,0.0,2.7322,0.0,0.0,1.0251,,T,test-only,,table
holmes1994b_10.1016_0021-9614(94)90005-1_t1,HOLMES(1994b),,phi_osm,473.61,15.6994,0.0,5.5092,0.0,2.7546,0.0,0.0,1.0288,,T,test-only,,table
holmes1994b_10.1016_0021-9614(94)90005-1_t1,HOLMES(1994b),,phi_osm,473.61,15.6994,0.0,5.9844,0.0,2.9922,0.0,0.0,1.0661,,T,test-only,,table
holmes1994b_10.1016_0021-9614(94)90005-1_t1,HOLMES(1994b),,phi_osm,473.61,15.6994,0.0,5.9854,0.0,2.9927,0.0,0.0,1.0659,,T,test-only,,table
holmes1994b_10.1016_0021-9614(94)90005-1_t1,HOLMES(1994b),,phi_osm,473.61,15.6994,0.0,6.7602,0.0,3.3801,0.0,0.0,1.1246,,T,test-only,,table
holmes1994b_10.1016_0021-9614(94)90005-1_t1,HOLMES(1994b),,phi_osm,473.61,15.6994,0.0,6.7768,0.0,3.3884,0.0,0.0,1.125,,T,test-only,,table
holmes1994b_10.1016_0021-9614(94)90005-1_t1,HOLMES(1994b),,phi_osm,473.61,15.6994,0.0,7.6038,0.0,3.8019,0.0,0.0,1.1827,,T,test-only,,table
holmes1994b_10.1016_0021-9614(94)90005-1_t1,HOLMES(1994b),,phi_osm,473.61,15.6994,0.0,7.6258,0.0,3.8129,0.0,0.0,1.1838,,T,test-only,,table
holmes1994b_10.1016_0021-9614(94)90005-1_t1,HOLMES(1994b),,phi_osm,498.27,25.5546,0.0,0.8148,0.0,0.4074,0.0,0.0,0.6734,,T,test-only,,table
holmes1994b_10.1016_0021-9614(94)90005-1_t1,HOLMES(1994b),,phi_osm,498.27,25.5546,0.0,0.8188,0.0,0.4094,0.0,0.0,0.6743,,T,test-only,,table
holmes1994b_10.1016_0021-9614(94)90005-1_t1,HOLMES(1994b),,phi_osm,498.27,25.5546,0.0,0.8258,0.0,0.4129,0.0,0.0,0.6726,,T,test-only,,table
holmes1994b_10.1016_0021-9614(94)90005-1_t1,HOLMES(1994b),,phi_osm,498.27,25.5546,0.0,0.8278,0.0,0.4139,0.0,0.0,0.6724,,T,test-only,,table
holmes1994b_10.1016_0021-9614(94)90005-1_t1,HOLMES(1994b),,phi_osm,498.27,25.5546,0.0,1.459,0.0,0.7295,0.0,0.0,0.6841,,T,test-only,,table
holmes1994b_10.1016_0021-9614(94)90005-1_t1,HOLMES(1994b),,phi_osm,498.27,25.5546,0.0,1.4782,0.0,0.7391,0.0,0.0,0.6838,,T,test-only,,table
holmes1994b_10.1016_0021-9614(94)90005-1_t1,HOLMES(1994b),,phi_osm,498.27,25.5546,0.0,1.5258,0.0,0.7629,0.0,0.0,0.6845,,T,test-only,,table
holmes1994b_10.1016_0021-9614(94)90005-1_t1,HOLMES(1994b),,phi_osm,498.27,25.5546,0.0,1.5484,0.0,0.7742,0.0,0.0,0.6853,,T,test-only,,table
holmes1994b_10.1016_0021-9614(94)90005-1_t1,HOLMES(1994b),,phi_osm,498.27,25.5546,0.0,2.6678,0.0,1.3339,0.0,0.0,0.735,,T,test-only,,table
holmes1994b_10.1016_0021-9614(94)90005-1_t1,HOLMES(1994b),,phi_osm,498.27,25.5546,0.0,2.6852,0.0,1.3426,0.0,0.0,0.7362,,T,test-only,,table
holmes1994b_10.1016_0021-9614(94)90005-1_t1,HOLMES(1994b),,phi_osm,498.27,25.5546,0.0,3.472,0.0,1.736,0.0,0.0,0.7817,,T,test-only,,table
holmes1994b_10.1016_0021-9614(94)90005-1_t1,HOLMES(1994b),,phi_osm,498.27,25.5546,0.0,3.5008,0.0,1.7504,0.0,0.0,0.7835,,T,test-only,,table
holmes1994b_10.1016_0021-9614(94)90005-1_t1,HOLMES(1994b),,phi_osm,498.27,25.5546,0.0,3.572,0.0,1.786,0.0,0.0,0.7879,,T,test-only,,table
holmes1994b_10.1016_0021-9614(94)90005-1_t1,HOLMES(1994b),,phi_osm,498.27,25.5546,0.0,3.6014,0.0,1.8007,0.0,0.0,0.7898,,T,test-only,,table
holmes1994b_10.1016_0021-9614(94)90005-1_t1,HOLMES(1994b),,phi_osm,498.27,25.5546,0.0,3.6192,0.0,1.8096,0.0,0.0,0.7909,,T,test-only,,table
holmes1994b_10.1016_0021-9614(94)90005-1_t1,HOLMES(1994b),,phi_osm,498.27,25.5546,0.0,3.6564,0.0,1.8282,0.0,0.0,0.7929,,T,test-only,,table
holmes1994b_10.1016_0021-9614(94)90005-1_t1,HOLMES(1994b),,phi_osm,498.27,25.5546,0.0,4.2326,0.0,2.1163,0.0,0.0,0.8301,,T,test-only,,table
holmes1994b_10.1016_0021-9614(94)90005-1_t1,HOLMES(1994b),,phi_osm,498.27,25.5546,0.0,4.2518,0.0,2.1259,0.0,0.0,0.8306,,T,test-only,,table
holmes1994b_10.1016_0021-9614(94)90005-1_t1,HOLMES(1994b),,phi_osm,498.27,25.5546,0.0,4.92,0.0,2.46,0.0,0.0,0.8744,,T,test-only,,table
holmes1994b_10.1016_0021-9614(94)90005-1_t1,HOLMES(1994b),,phi_osm,498.27,25.5546,0.0,4.945,0.0,2.4725,0.0,0.0,0.8756,,T,test-only,,table
holmes1994b_10.1016_0021-9614(94)90005-1_t1,HOLMES(1994b),,phi_osm,498.27,25.5546,0.0,5.6024,0.0,2.8012,0.0,0.0,0.919,,T,test-only,,table
holmes1994b_10.1016_0021-9614(94)90005-1_t1,HOLMES(1994b),,phi_osm,498.27,25.5546,0.0,5.6272,0.0,2.8136,0.0,0.0,0.9203,,T,test-only,,table
holmes1994b_10.1016_0021-9614(94)90005-1_t1,HOLMES(1994b),,phi_osm,498.27,25.5546,0.0,6.2668,0.0,3.1334,0.0,0.0,0.9616,,T,test-only,,table
holmes1994b_10.1016_0021-9614(94)90005-1_t1,HOLMES(1994b),,phi_osm,498.27,25.5546,0.0,6.293,0.0,3.1465,0.0,0.0,0.9631,,T,test-only,,table
holmes1994b_10.1016_0021-9614(94)90005-1_t1,HOLMES(1994b),,phi_osm,498.27,25.5546,0.0,6.936,0.0,3.468,0.0,0.0,1.0043,,T,test-only,,table
holmes1994b_10.1016_0021-9614(94)90005-1_t1,HOLMES(1994b),,phi_osm,498.27,25.5546,0.0,6.967,0.0,3.4835,0.0,0.0,1.0052,,T,test-only,,table
holmes1994b_10.1016_0021-9614(94)90005-1_t1,HOLMES(1994b),,phi_osm,498.27,25.5546,0.0,7.5534,0.0,3.7767,0.0,0.0,1.039,,T,test-only,,table
holmes1994b_10.1016_0021-9614(94)90005-1_t1,HOLMES(1994b),,phi_osm,498.27,25.5546,0.0,7.5748,0.0,3.7874,0.0,0.0,1.0406,,T,test-only,,table
holmes1994b_10.1016_0021-9614(94)90005-1_t1,HOLMES(1994b),,phi_osm,498.27,25.5546,0.0,8.158,0.0,4.079,0.0,0.0,1.0712,,T,test-only,,table
holmes1994b_10.1016_0021-9614(94)90005-1_t1,HOLMES(1994b),,phi_osm,498.27,25.5546,0.0,8.1766,0.0,4.0883,0.0,0.0,1.072,,T,test-only,,table
holmes1994b_10.1016_0021-9614(94)90005-1_t1,HOLMES(1994b),,phi_osm,498.72,25.7704,0.0,1.0622,0.0,0.5311,0.0,0.0,0.6971,,T,test-only,,table
holmes1994b_10.1016_0021-9614(94)90005-1_t1,HOLMES(1994b),,phi_osm,498.72,25.7704,0.0,1.85,0.0,0.925,0.0,0.0,0.7007,,T,test-only,,table
holmes1994b_10.1016_0021-9614(94)90005-1_t1,HOLMES(1994b),,phi_osm,498.72,25.7704,0.0,1.8526,0.0,0.9263,0.0,0.0,0.7018,,T,test-only,,table
holmes1994b_10.1016_0021-9614(94)90005-1_t1,HOLMES(1994b),,phi_osm,498.72,25.7704,0.0,2.052,0.0,1.026,0.0,0.0,0.7119,,T,test-only,,table
holmes1994b_10.1016_0021-9614(94)90005-1_t1,HOLMES(1994b),,phi_osm,498.72,25.7704,0.0,2.3584,0.0,1.1792,0.0,0.0,0.7208,,T,test-only,,table
holmes1994b_10.1016_0021-9614(94)90005-1_t1,HOLMES(1994b),,phi_osm,498.72,25.7704,0.0,2.5726,0.0,1.2863,0.0,0.0,0.7318,,T,test-only,,table
holmes1994b_10.1016_0021-9614(94)90005-1_t1,HOLMES(1994b),,phi_osm,498.72,25.7704,0.0,3.0042,0.0,1.5021,0.0,0.0,0.7524,,T,test-only,,table
holmes1994b_10.1016_0021-9614(94)90005-1_t1,HOLMES(1994b),,phi_osm,498.72,25.7704,0.0,3.1534,0.0,1.5767,0.0,0.0,0.7616,,T,test-only,,table
holmes1994b_10.1016_0021-9614(94)90005-1_t1,HOLMES(1994b),,phi_osm,498.72,25.7704,0.0,3.4984,0.0,1.7492,0.0,0.0,0.7816,,T,test-only,,table
holmes1994b_10.1016_0021-9614(94)90005-1_t1,HOLMES(1994b),,phi_osm,498.72,25.7704,0.0,3.6384,0.0,1.8192,0.0,0.0,0.79,,T,test-only,,table
holmes1994b_10.1016_0021-9614(94)90005-1_t1,HOLMES(1994b),,phi_osm,498.72,25.7704,0.0,4.517,0.0,2.2585,0.0,0.0,0.8463,,T,test-only,,table
holmes1994b_10.1016_0021-9614(94)90005-1_t1,HOLMES(1994b),,phi_osm,498.72,25.7704,0.0,4.6026,0.0,2.3013,0.0,0.0,0.8522,,T,test-only,,table
holmes1994b_10.1016_0021-9614(94)90005-1_t1,HOLMES(1994b),,phi_osm,498.72,25.7704,0.0,5.4754,0.0,2.7377,0.0,0.0,0.9092,,T,test-only,,table
holmes1994b_10.1016_0021-9614(94)90005-1_t1,HOLMES(1994b),,phi_osm,498.72,25.7704,0.0,5.5168,0.0,2.7584,0.0,0.0,0.9111,,T,test-only,,table
holmes1994b_10.1016_0021-9614(94)90005-1_t1,HOLMES(1994b),,phi_osm,498.72,25.7704,0.0,5.5448,0.0,2.7724,0.0,0.0,0.914,,T,test-only,,table
holmes1994b_10.1016_0021-9614(94)90005-1_t1,HOLMES(1994b),,phi_osm,498.72,25.7704,0.0,5.5726,0.0,2.7863,0.0,0.0,0.9167,,T,test-only,,table
holmes1994b_10.1016_0021-9614(94)90005-1_t1,HOLMES(1994b),,phi_osm,498.72,25.7704,0.0,5.6552,0.0,2.8276,0.0,0.0,0.9212,,T,test-only,,table
holmes1994b_10.1016_0021-9614(94)90005-1_t1,HOLMES(1994b),,phi_osm,498.72,25.7704,0.0,6.3528,0.0,3.1764,0.0,0.0,0.9664,,T,test-only,,table
holmes1994b_10.1016_0021-9614(94)90005-1_t1,HOLMES(1994b),,phi_osm,498.72,25.7704,0.0,6.376,0.0,3.188,0.0,0.0,0.9674,,T,test-only,,table
holmes1994b_10.1016_0021-9614(94)90005-1_t1,HOLMES(1994b),,phi_osm,498.72,25.7704,0.0,7.0672,0.0,3.5336,0.0,0.0,1.0106,,T,test-only,,table
holmes1994b_10.1016_0021-9614(94)90005-1_t1,HOLMES(1994b),,phi_osm,498.72,25.7704,0.0,7.0986,0.0,3.5493,0.0,0.0,1.0119,,T,test-only,,table
holmes1994b_10.1016_0021-9614(94)90005-1_t1,HOLMES(1994b),,phi_osm,498.72,25.7704,0.0,8.075,0.0,4.0375,0.0,0.0,1.0641,,T,test-only,,table
holmes1994b_10.1016_0021-9614(94)90005-1_t1,HOLMES(1994b),,phi_osm,498.72,25.7704,0.0,8.097,0.0,4.0485,0.0,0.0,1.066,,T,test-only,,table
holmes1994b_10.1016_0021-9614(94)90005-1_t1,HOLMES(1994b),,phi_osm,498.72,25.7704,0.0,8.7274,0.0,4.3637,0.0,0.0,1.0947,,T,test-only,,table
holmes1994b_10.1016_0021-9614(94)90005-1_t1,HOLMES(1994b),,phi_osm,498.72,25.7704,0.0,8.744,0.0,4.372,0.0,0.0,1.0961,,T,test-only,,table
holmes1994b_10.1016_0021-9614(94)90005-1_t1,HOLMES(1994b),,phi_osm,523.2,39.7953,0.0,0.9796,0.0,0.4898,0.0,0.0,0.6321,,T,test-only,,table
holmes1994b_10.1016_0021-9614(94)90005-1_t1,HOLMES(1994b),,phi_osm,523.2,39.7953,0.0,0.981,0.0,0.4905,0.0,0.0,0.6314,,T,test-only,,table
holmes1994b_10.1016_0021-9614(94)90005-1_t1,HOLMES(1994b),,phi_osm,523.2,39.7953,0.0,0.9876,0.0,0.4938,0.0,0.0,0.6303,,T,test-only,,table
holmes1994b_10.1016_0021-9614(94)90005-1_t1,HOLMES(1994b),,phi_osm,523.2,39.7953,0.0,0.99,0.0,0.495,0.0,0.0,0.6299,,T,test-only,,table
holmes1994b_10.1016_0021-9614(94)90005-1_t1,HOLMES(1994b),,phi_osm,523.2,39.7953,0.0,0.9974,0.0,0.4987,0.0,0.0,0.6298,,T,test-only,,table
holmes1994b_10.1016_0021-9614(94)90005-1_t1,HOLMES(1994b),,phi_osm,523.2,39.7953,0.0,1.5178,0.0,0.7589,0.0,0.0,0.6317,,T,test-only,,table
holmes1994b_10.1016_0021-9614(94)90005-1_t1,HOLMES(1994b),,phi_osm,523.2,39.7953,0.0,1.524,0.0,0.762,0.0,0.0,0.6314,,T,test-only,,table
holmes1994b_10.1016_0021-9614(94)90005-1_t1,HOLMES(1994b),,phi_osm,523.2,39.7953,0.0,1.9844,0.0,0.9922,0.0,0.0,0.6436,,T,test-only,,table
holmes1994b_10.1016_0021-9614(94)90005-1_t1,HOLMES(1994b),,phi_osm,523.2,39.7953,0.0,1.9994,0.0,0.9997,0.0,0.0,0.6423,,T,test-only,,table
holmes1994b_10.1016_0021-9614(94)90005-1_t1,HOLMES(1994b),,phi_osm,523.2,39.7953,0.0,2.6416,0.0,1.3208,0.0,0.0,0.6644,,T,test-only,,table
holmes1994b_10.1016_0021-9614(94)90005-1_t1,HOLMES(1994b),,phi_osm,523.2,39.7953,0.0,2.6648,0.0,1.3324,0.0,0.0,0.6653,,T,test-only,,table
holmes1994b_10.1016_0021-9614(94)90005-1_t1,HOLMES(1994b),,phi_osm,523.2,39.7953,0.0,3.2698,0.0,1.6349,0.0,0.0,0.6916,,T,test-only,,table
holmes1994b_10.1016_0021-9614(94)90005-1_t1,HOLMES(1994b),,phi_osm,523.2,39.7953,0.0,3.2786,0.0,1.6393,0.0,0.0,0.6925,,T,test-only,,table
holmes1994b_10.1016_0021-9614(94)90005-1_t1,HOLMES(1994b),,phi_osm,523.2,39.7953,0.0,3.866,0.0,1.933,0.0,0.0,0.7213,,T,test-only,,table
holmes1994b_10.1016_0021-9614(94)90005-1_t1,HOLMES(1994b),,phi_osm,523.2,39.7953,0.0,3.8832,0.0,1.9416,0.0,0.0,0.7221,,T,test-only,,table
holmes1994b_10.1016_0021-9614(94)90005-1_t1,HOLMES(1994b),,phi_osm,523.2,39.7953,0.0,4.5336,0.0,2.2668,0.0,0.0,0.7565,,T,test-only,,table
holmes1994b_10.1016_0021-9614(94)90005-1_t1,HOLMES(1994b),,phi_osm,523.2,39.7953,0.0,4.5628,0.0,2.2814,0.0,0.0,0.7584,,T,test-only,,table
holmes1994b_10.1016_0021-9614(94)90005-1_t1,HOLMES(1994b),,phi_osm,523.2,39.7953,0.0,5.048,0.0,2.524,0.0,0.0,0.7847,,T,test-only,,table
holmes1994b_10.1016_0021-9614(94)90005-1_t1,HOLMES(1994b),,phi_osm,523.2,39.7953,0.0,5.0498,0.0,2.5249,0.0,0.0,0.7873,,T,test-only,,table
holmes1994b_10.1016_0021-9614(94)90005-1_t1,HOLMES(1994b),,phi_osm,523.2,39.7953,0.0,5.6478,0.0,2.8239,0.0,0.0,0.8183,,T,test-only,,table
holmes1994b_10.1016_0021-9614(94)90005-1_t1,HOLMES(1994b),,phi_osm,523.2,39.7953,0.0,5.6578,0.0,2.8289,0.0,0.0,0.819,,T,test-only,,table
holmes1994b_10.1016_0021-9614(94)90005-1_t1,HOLMES(1994b),,phi_osm,523.2,39.7953,0.0,6.3552,0.0,3.1776,0.0,0.0,0.8574,,T,test-only,,table
holmes1994b_10.1016_0021-9614(94)90005-1_t1,HOLMES(1994b),,phi_osm,523.2,39.7953,0.0,6.3766,0.0,3.1883,0.0,0.0,0.8591,,T,test-only,,table
holmes1994b_10.1016_0021-9614(94)90005-1_t1,HOLMES(1994b),,phi_osm,523.2,39.7953,0.0,7.1598,0.0,3.5799,0.0,0.0,0.8996,,T,test-only,,table
holmes1994b_10.1016_0021-9614(94)90005-1_t1,HOLMES(1994b),,phi_osm,523.2,39.7953,0.0,7.216,0.0,3.608,0.0,0.0,0.9047,,T,test-only,,table
holmes1994b_10.1016_0021-9614(94)90005-1_t1,HOLMES(1994b),,phi_osm,523.2,39.7953,0.0,7.364,0.0,3.682,0.0,0.0,0.9095,,T,test-only,,table
holmes1994b_10.1016_0021-9614(94)90005-1_t1,HOLMES(1994b),,phi_osm,523.2,39.7953,0.0,7.3942,0.0,3.6971,0.0,0.0,0.9118,,T,test-only,,table
holmes1994b_10.1016_0021-9614(94)90005-1_t1,HOLMES(1994b),,phi_osm,523.2,39.7953,0.0,7.849,0.0,3.9245,0.0,0.0,0.931,,T,test-only,,table
holmes1994b_10.1016_0021-9614(94)90005-1_t1,HOLMES(1994b),,phi_osm,523.2,39.7953,0.0,7.8778,0.0,3.9389,0.0,0.0,0.9344,,T,test-only,,table
holmes1994b_10.1016_0021-9614(94)90005-1_t1,HOLMES(1994b),,phi_osm,523.2,39.7953,0.0,8.389,0.0,4.1945,0.0,0.0,0.9584,,T,test-only,,table
holmes1994b_10.1016_0021-9614(94)90005-1_t1,HOLMES(1994b),,phi_osm,523.2,39.7953,0.0,8.4466,0.0,4.2233,0.0,0.0,0.9598,,T,test-only,,table
holmes1994b_10.1016_0021-9614(94)90005-1_t1,HOLMES(1994b),,phi_osm,523.2,39.7953,0.0,8.969,0.0,4.4845,0.0,0.0,0.9804,,T,test-only,,table
holmes1994b_10.1016_0021-9614(94)90005-1_t1,HOLMES(1994b),,phi_osm,523.2,39.7953,0.0,9.0082,0.0,4.5041,0.0,0.0,0.9815,,T,test-only,,table
holmes1994b_10.1016_0021-9614(94)90005-1_t1,HOLMES(1994b),,phi_osm,524.12,40.4171,0.0,0.8598,0.0,0.4299,0.0,0.0,0.6192,,T,test-only,,table
holmes1994b_10.1016_0021-9614(94)90005-1_t1,HOLMES(1994b),,phi_osm,524.12,40.4171,0.0,0.8622,0.0,0.4311,0.0,0.0,0.6191,,T,test-only,,table
holmes1994b_10.1016_0021-9614(94)90005-1_t1,HOLMES(1994b),,phi_osm,524.12,40.4171,0.0,0.871,0.0,0.4355,0.0,0.0,0.6181,,T,test-only,,table
holmes1994b_10.1016_0021-9614(94)90005-1_t1,HOLMES(1994b),,phi_osm,524.12,40.4171,0.0,1.7788,0.0,0.8894,0.0,0.0,0.6312,,T,test-only,,table
holmes1994b_10.1016_0021-9614(94)90005-1_t1,HOLMES(1994b),,phi_osm,524.12,40.4171,0.0,1.8114,0.0,0.9057,0.0,0.0,0.6305,,T,test-only,,table
holmes1994b_10.1016_0021-9614(94)90005-1_t1,HOLMES(1994b),,phi_osm,524.12,40.4171,0.0,1.8638,0.0,0.9319,0.0,0.0,0.6317,,T,test-only,,table
holmes1994b_10.1016_0021-9614(94)90005-1_t1,HOLMES(1994b),,phi_osm,524.12,40.4171,0.0,1.8786,0.0,0.9393,0.0,0.0,0.6319,,T,test-only,,table
holmes1994b_10.1016_0021-9614(94)90005-1_t1,HOLMES(1994b),,phi_osm,524.12,40.4171,0.0,2.4936,0.0,1.2468,0.0,0.0,0.6531,,T,test-only,,table
holmes1994b_10.1016_0021-9614(94)90005-1_t1,HOLMES(1994b),,phi_osm,524.12,40.4171,0.0,2.5184,0.0,1.2592,0.0,0.0,0.6533,,T,test-only,,table
holmes1994b_10.1016_0021-9614(94)90005-1_t1,HOLMES(1994b),,phi_osm,524.12,40.4171,0.0,3.231,0.0,1.6155,0.0,0.0,0.6837,,T,test-only,,table
holmes1994b_10.1016_0021-9614(94)90005-1_t1,HOLMES(1994b),,phi_osm,524.12,40.4171,0.0,3.2526,0.0,1.6263,0.0,0.0,0.6848,,T,test-only,,table
holmes1994b_10.1016_0021-9614(94)90005-1_t1,HOLMES(1994b),,phi_osm,524.12,40.4171,0.0,3.8742,0.0,1.9371,0.0,0.0,0.7146,,T,test-only,,table
holmes1994b_10.1016_0021-9614(94)90005-1_t1,HOLMES(1994b),,phi_osm,524.12,40.4171,0.0,3.9322,0.0,1.9661,0.0,0.0,0.7171,,T,test-only,,table
holmes1994b_10.1016_0021-9614(94)90005-1_t1,HOLMES(1994b),,phi_osm,524.12,40.4171,0.0,5.055,0.0,2.5275,0.0,0.0,0.7762,,T,test-only,,table
holmes1994b_10.1016_0021-9614(94)90005-1_t1,HOLMES(1994b),,phi_osm,524.12,40.4171,0.0,5.088,0.0,2.544,0.0,0.0,0.7788,,T,test-only,,table
holmes1994b_10.1016_0021-9614(94)90005-1_t1,HOLMES(1994b),,phi_osm,524.12,40.4171,0.0,6.0342,0.0,3.0171,0.0,0.0,0.8309,,T,test-only,,table
holmes1994b_10.1016_0021-9614(94)90005-1_t1,HOLMES(1994b),,phi_osm,524.12,40.4171,0.0,6.078,0.0,3.039,0.0,0.0,0.8331,,T,test-only,,table
holmes1994b_10.1016_0021-9614(94)90005-1_t1,HOLMES(1994b),,phi_osm,524.12,40.4171,0.0,6.984,0.0,3.492,0.0,0.0,0.8812,,T,test-only,,table
holmes1994b_10.1016_0021-9614(94)90005-1_t1,HOLMES(1994b),,phi_osm,524.12,40.4171,0.0,7.036,0.0,3.518,0.0,0.0,0.883,,T,test-only,,table
holmes1994b_10.1016_0021-9614(94)90005-1_t1,HOLMES(1994b),,phi_osm,524.12,40.4171,0.0,8.1394,0.0,4.0697,0.0,0.0,0.9353,,T,test-only,,table
holmes1994b_10.1016_0021-9614(94)90005-1_t1,HOLMES(1994b),,phi_osm,524.12,40.4171,0.0,8.4606,0.0,4.2303,0.0,0.0,0.9495,,T,test-only,,table
holmes1994b_10.1016_0021-9614(94)90005-1_t1,HOLMES(1994b),,phi_osm,524.12,40.4171,0.0,9.4372,0.0,4.7186,0.0,0.0,0.9864,,T,test-only,,table
holmes1994b_10.1016_0021-9614(94)90005-1_t1,HOLMES(1994b),,phi_osm,524.12,40.4171,0.0,9.6262,0.0,4.8131,0.0,0.0,0.9924,,T,test-only,,table
gruszkiewicz2005_10.1016_j.jct.2004.12.009_t1,GRUSZKIEWICZ(2005),,phi_osm,380.15,,0.0,4.7714,0.0,2.3857,0.0,0.0,1.3061,,T,test-only,pressure-unstated,table
gruszkiewicz2005_10.1016_j.jct.2004.12.009_t1,GRUSZKIEWICZ(2005),,phi_osm,380.15,,0.0,4.7698,0.0,2.3849,0.0,0.0,1.3071,,T,test-only,pressure-unstated,table
gruszkiewicz2005_10.1016_j.jct.2004.12.009_t1,GRUSZKIEWICZ(2005),,phi_osm,380.15,,0.0,4.772,0.0,2.386,0.0,0.0,1.3065,,T,test-only,pressure-unstated,table
gruszkiewicz2005_10.1016_j.jct.2004.12.009_t1,GRUSZKIEWICZ(2005),,phi_osm,380.15,,0.0,4.8202,0.0,2.4101,0.0,0.0,1.3128,,T,test-only,pressure-unstated,table
gruszkiewicz2005_10.1016_j.jct.2004.12.009_t1,GRUSZKIEWICZ(2005),,phi_osm,380.15,,0.0,4.8196,0.0,2.4098,0.0,0.0,1.3131,,T,test-only,pressure-unstated,table
gruszkiewicz2005_10.1016_j.jct.2004.12.009_t1,GRUSZKIEWICZ(2005),,phi_osm,380.15,,0.0,4.8214,0.0,2.4107,0.0,0.0,1.3127,,T,test-only,pressure-unstated,table
gruszkiewicz2005_10.1016_j.jct.2004.12.009_t1,GRUSZKIEWICZ(2005),,phi_osm,380.15,,0.0,4.9472,0.0,2.4736,0.0,0.0,1.3317,,T,test-only,pressure-unstated,table
gruszkiewicz2005_10.1016_j.jct.2004.12.009_t1,GRUSZKIEWICZ(2005),,phi_osm,380.15,,0.0,5.0256,0.0,2.5128,0.0,0.0,1.3428,,T,test-only,pressure-unstated,table
gruszkiewicz2005_10.1016_j.jct.2004.12.009_t1,GRUSZKIEWICZ(2005),,phi_osm,380.15,,0.0,5.112,0.0,2.556,0.0,0.0,1.3551,,T,test-only,pressure-unstated,table
gruszkiewicz2005_10.1016_j.jct.2004.12.009_t1,GRUSZKIEWICZ(2005),,phi_osm,380.15,,0.0,5.194,0.0,2.597,0.0,0.0,1.3661,,T,test-only,pressure-unstated,table
gruszkiewicz2005_10.1016_j.jct.2004.12.009_t1,GRUSZKIEWICZ(2005),,phi_osm,380.15,,0.0,5.1952,0.0,2.5976,0.0,0.0,1.3663,,T,test-only,pressure-unstated,table
gruszkiewicz2005_10.1016_j.jct.2004.12.009_t1,GRUSZKIEWICZ(2005),,phi_osm,380.15,,0.0,5.2482,0.0,2.6241,0.0,0.0,1.3709,,T,test-only,pressure-unstated,table
gruszkiewicz2005_10.1016_j.jct.2004.12.009_t1,GRUSZKIEWICZ(2005),,phi_osm,381.15,,0.0,5.244,0.0,2.622,0.0,0.0,1.3703,,T,test-only,pressure-unstated,table
gruszkiewicz2005_10.1016_j.jct.2004.12.009_t1,GRUSZKIEWICZ(2005),,phi_osm,383.15,,0.0,5.3612,0.0,2.6806,0.0,0.0,1.3792,,T,test-only,pressure-unstated,table
gruszkiewicz2005_10.1016_j.jct.2004.12.009_t1,GRUSZKIEWICZ(2005),,phi_osm,383.15,,0.0,5.3664,0.0,2.6832,0.0,0.0,1.3792,,T,test-only,pressure-unstated,table
gruszkiewicz2005_10.1016_j.jct.2004.12.009_t1,GRUSZKIEWICZ(2005),,phi_osm,385.15,,0.0,5.4796,0.0,2.7398,0.0,0.0,1.3882,,T,test-only,pressure-unstated,table
gruszkiewicz2005_10.1016_j.jct.2004.12.009_t1,GRUSZKIEWICZ(2005),,phi_osm,388.15,,0.0,5.6974,0.0,2.8487,0.0,0.0,1.4057,,T,test-only,pressure-unstated,table
gruszkiewicz2005_10.1016_j.jct.2004.12.009_t1,GRUSZKIEWICZ(2005),,phi_osm,390.15,,0.0,5.8432,0.0,2.9216,0.0,0.0,1.4181,,T,test-only,pressure-unstated,table
gruszkiewicz2005_10.1016_j.jct.2004.12.009_t1,GRUSZKIEWICZ(2005),,phi_osm,390.15,,0.0,5.8512,0.0,2.9256,0.0,0.0,1.4184,,T,test-only,pressure-unstated,table
gruszkiewicz2005_10.1016_j.jct.2004.12.009_t1,GRUSZKIEWICZ(2005),,phi_osm,393.15,,0.0,6.4442,0.0,3.2221,0.0,0.0,1.4843,,T,test-only,pressure-unstated,table
gruszkiewicz2005_10.1016_j.jct.2004.12.009_t1,GRUSZKIEWICZ(2005),,phi_osm,393.15,,0.0,6.8842,0.0,3.4421,0.0,0.0,1.542,,T,test-only,pressure-unstated,table
gruszkiewicz2005_10.1016_j.jct.2004.12.009_t1,GRUSZKIEWICZ(2005),,phi_osm,393.15,,0.0,7.2842,0.0,3.6421,0.0,0.0,1.5947,,T,test-only,pressure-unstated,table
gruszkiewicz2005_10.1016_j.jct.2004.12.009_t1,GRUSZKIEWICZ(2005),,phi_osm,473.15,,0.0,5.897,0.0,2.9485,0.0,0.0,1.0603,,T,test-only,pressure-unstated,table
gruszkiewicz2005_10.1016_j.jct.2004.12.009_t1,GRUSZKIEWICZ(2005),,phi_osm,473.15,,0.0,6.6274,0.0,3.3137,0.0,0.0,1.1156,,T,test-only,pressure-unstated,table
gruszkiewicz2005_10.1016_j.jct.2004.12.009_t1,GRUSZKIEWICZ(2005),,phi_osm,473.15,,0.0,7.2058,0.0,3.6029,0.0,0.0,1.1577,,T,test-only,pressure-unstated,table
gruszkiewicz2005_10.1016_j.jct.2004.12.009_t1,GRUSZKIEWICZ(2005),,phi_osm,473.15,,0.0,7.639,0.0,3.8195,0.0,0.0,1.1872,,T,test-only,pressure-unstated,table
gruszkiewicz2005_10.1016_j.jct.2004.12.009_t1,GRUSZKIEWICZ(2005),,phi_osm,473.15,,0.0,7.6412,0.0,3.8206,0.0,0.0,1.1872,,T,test-only,pressure-unstated,table
gruszkiewicz2005_10.1016_j.jct.2004.12.009_t1,GRUSZKIEWICZ(2005),,phi_osm,473.15,,0.0,8.8068,0.0,4.4034,0.0,0.0,1.2562,,T,test-only,pressure-unstated,table
gruszkiewicz2005_10.1016_j.jct.2004.12.009_t1,GRUSZKIEWICZ(2005),,phi_osm,498.15,,0.0,6.4408,0.0,3.2204,0.0,0.0,0.9787,,T,test-only,pressure-unstated,table
gruszkiewicz2005_10.1016_j.jct.2004.12.009_t1,GRUSZKIEWICZ(2005),,phi_osm,498.15,,0.0,6.445,0.0,3.2225,0.0,0.0,0.9787,,T,test-only,pressure-unstated,table
gruszkiewicz2005_10.1016_j.jct.2004.12.009_t1,GRUSZKIEWICZ(2005),,phi_osm,498.15,,0.0,7.2164,0.0,3.6082,0.0,0.0,1.0258,,T,test-only,pressure-unstated,table
gruszkiewicz2005_10.1016_j.jct.2004.12.009_t1,GRUSZKIEWICZ(2005),,phi_osm,498.15,,0.0,8.2114,0.0,4.1057,0.0,0.0,1.0808,,T,test-only,pressure-unstated,table
gruszkiewicz2005_10.1016_j.jct.2004.12.009_t1,GRUSZKIEWICZ(2005),,phi_osm,498.15,,0.0,9.4224,0.0,4.7112,0.0,0.0,1.1333,,T,test-only,pressure-unstated,table
gruszkiewicz2005_10.1016_j.jct.2004.12.009_t1,GRUSZKIEWICZ(2005),,phi_osm,523.15,,0.0,6.5196,0.0,3.2598,0.0,0.0,0.8522,,T,test-only,pressure-unstated,table
gruszkiewicz2005_10.1016_j.jct.2004.12.009_t1,GRUSZKIEWICZ(2005),,phi_osm,523.15,,0.0,7.3744,0.0,3.6872,0.0,0.0,0.8953,,T,test-only,pressure-unstated,table
gruszkiewicz2005_10.1016_j.jct.2004.12.009_t1,GRUSZKIEWICZ(2005),,phi_osm,523.15,,0.0,8.302,0.0,4.151,0.0,0.0,0.9399,,T,test-only,pressure-unstated,table
gruszkiewicz2005_10.1016_j.jct.2004.12.009_t1,GRUSZKIEWICZ(2005),,phi_osm,523.15,,0.0,8.5434,0.0,4.2717,0.0,0.0,0.949,,T,test-only,pressure-unstated,table
gruszkiewicz2005_10.1016_j.jct.2004.12.009_t1,GRUSZKIEWICZ(2005),,phi_osm,523.15,,0.0,9.731,0.0,4.8655,0.0,0.0,0.9917,,T,test-only,pressure-unstated,table
gruszkiewicz2005_10.1016_j.jct.2004.12.009_t1,GRUSZKIEWICZ(2005),,phi_osm,523.15,,0.0,10.6494,0.0,5.3247,0.0,0.0,1.0165,,T,test-only,pressure-unstated,table
gruszkiewicz2005_10.1016_j.jct.2004.12.009_t1,GRUSZKIEWICZ(2005),,phi_osm,523.15,,0.0,10.7986,0.0,5.3993,0.0,0.0,1.0217,,T,test-only,pressure-unstated,table
liu1970_10.1021_j100697a020_t1,LIU(1970),,phi_osm,398.15,2.3224,0.2458,0.2458,0.0,0.0,0.0,0.0,0.9153,,T,test-only,,table
liu1970_10.1021_j100697a020_t1,LIU(1970),,phi_osm,398.15,2.3224,0.5309,0.5309,0.0,0.0,0.0,0.0,0.8881,,T,test-only,,table
liu1970_10.1021_j100697a020_t1,LIU(1970),,phi_osm,398.15,2.3224,1.0039,1.0039,0.0,0.0,0.0,0.0,0.9155,,T,test-only,,table
liu1970_10.1021_j100697a020_t1,LIU(1970),,phi_osm,423.15,4.7616,0.1013,0.1013,0.0,0.0,0.0,0.0,0.882,,T,test-only,,table
liu1970_10.1021_j100697a020_t1,LIU(1970),,phi_osm,423.15,4.7616,0.2463,0.2463,0.0,0.0,0.0,0.0,0.906,,T,test-only,,table
liu1970_10.1021_j100697a020_t1,LIU(1970),,phi_osm,423.15,4.7616,0.5328,0.5328,0.0,0.0,0.0,0.0,0.877,,T,test-only,,table
liu1970_10.1021_j100697a020_t1,LIU(1970),,phi_osm,423.15,4.7616,0.9967,0.9967,0.0,0.0,0.0,0.0,0.897,,T,test-only,,table
liu1970_10.1021_j100697a020_t1,LIU(1970),,phi_osm,423.15,4.7616,1.0061,1.0061,0.0,0.0,0.0,0.0,0.8921,,T,test-only,,table
liu1970_10.1021_j100697a020_t1,LIU(1970),,phi_osm,448.15,8.926,0.1021,0.1021,0.0,0.0,0.0,0.0,0.8995,,T,test-only,,table
liu1970_10.1021_j100697a020_t1,LIU(1970),,phi_osm,448.15,8.926,0.2472,0.2472,0.0,0.0,0.0,0.0,0.8891,,T,test-only,,table
liu1970_10.1021_j100697a020_t1,LIU(1970),,phi_osm,448.15,8.926,0.536,0.536,0.0,0.0,0.0,0.0,0.8549,,T,test-only,,table
liu1970_10.1021_j100697a020_t1,LIU(1970),,phi_osm,448.15,8.926,0.959,0.959,0.0,0.0,0.0,0.0,0.8643,,T,test-only,,table
liu1970_10.1021_j100697a020_t1,LIU(1970),,phi_osm,448.15,8.926,1.0045,1.0045,0.0,0.0,0.0,0.0,0.8653,,T,test-only,,table
liu1970_10.1021_j100697a020_t1,LIU(1970),,phi_osm,473.15,15.5493,0.1025,0.1025,0.0,0.0,0.0,0.0,0.888,,T,test-only,,table
liu1970_10.1021_j100697a020_t1,LIU(1970),,phi_osm,473.15,15.5493,0.2486,0.2486,0.0,0.0,0.0,0.0,0.8683,,T,test-only,,table
liu1970_10.1021_j100697a020_t1,LIU(1970),,phi_osm,473.15,15.5493,0.5409,0.5409,0.0,0.0,0.0,0.0,0.8497,,T,test-only,,table
liu1970_10.1021_j100697a020_t1,LIU(1970),,phi_osm,473.15,15.5493,0.9641,0.9641,0.0,0.0,0.0,0.0,0.8527,,T,test-only,,table
liu1970_10.1021_j100697a020_t1,LIU(1970),,phi_osm,473.15,15.5493,1.0149,1.0149,0.0,0.0,0.0,0.0,0.8563,,T,test-only,,table
liu1970_10.1021_j100697a020_t1,LIU(1970),,phi_osm,473.15,15.5493,1.017,1.017,0.0,0.0,0.0,0.0,0.8504,,T,test-only,,table
liu1970_10.1021_j100697a020_t1,LIU(1970),,phi_osm,498.15,25.4972,0.1064,0.1064,0.0,0.0,0.0,0.0,0.8502,,T,test-only,,table
liu1970_10.1021_j100697a020_t1,LIU(1970),,phi_osm,498.15,25.4972,0.2507,0.2507,0.0,0.0,0.0,0.0,0.8588,,T,test-only,,table
liu1970_10.1021_j100697a020_t1,LIU(1970),,phi_osm,498.15,25.4972,0.5484,0.5484,0.0,0.0,0.0,0.0,0.8098,,T,test-only,,table
liu1970_10.1021_j100697a020_t1,LIU(1970),,phi_osm,498.15,25.4972,0.9718,0.9718,0.0,0.0,0.0,0.0,0.8301,,T,test-only,,table
liu1970_10.1021_j100697a020_t1,LIU(1970),,phi_osm,498.15,25.4972,1.0228,1.0228,0.0,0.0,0.0,0.0,0.8339,,T,test-only,,table
liu1970_10.1021_j100697a020_t1,LIU(1970),,phi_osm,498.15,25.4972,1.0365,1.0365,0.0,0.0,0.0,0.0,0.8313,,T,test-only,,table
liu1970_10.1021_j100697a020_t1,LIU(1970),,phi_osm,523.15,39.7617,0.1077,0.1077,0.0,0.0,0.0,0.0,0.84,,T,test-only,,table
liu1970_10.1021_j100697a020_t1,LIU(1970),,phi_osm,523.15,39.7617,0.2536,0.2536,0.0,0.0,0.0,0.0,0.8227,,T,test-only,,table
liu1970_10.1021_j100697a020_t1,LIU(1970),,phi_osm,523.15,39.7617,0.5596,0.5596,0.0,0.0,0.0,0.0,0.7957,,T,test-only,,table
liu1970_10.1021_j100697a020_t1,LIU(1970),,phi_osm,523.15,39.7617,0.9829,0.9829,0.0,0.0,0.0,0.0,0.8006,,T,test-only,,table
liu1970_10.1021_j100697a020_t1,LIU(1970),,phi_osm,523.15,39.7617,1.0342,1.0342,0.0,0.0,0.0,0.0,0.7971,,T,test-only,,table
liu1970_10.1021_j100697a020_t1,LIU(1970),,phi_osm,548.15,59.4639,0.1095,0.1095,0.0,0.0,0.0,0.0,0.8298,,T,test-only,,table
liu1970_10.1021_j100697a020_t1,LIU(1970),,phi_osm,548.15,59.4639,0.258,0.258,0.0,0.0,0.0,0.0,0.7947,,T,test-only,,table
liu1970_10.1021_j100697a020_t1,LIU(1970),,phi_osm,548.15,59.4639,0.9988,0.9988,0.0,0.0,0.0,0.0,0.7633,,T,test-only,,table
liu1970_10.1021_j100697a020_t1,LIU(1970),,phi_osm,548.15,59.4639,1.0506,1.0506,0.0,0.0,0.0,0.0,0.7534,,T,test-only,,table
liu1970_10.1021_j100697a020_t1,LIU(1970),,phi_osm,573.15,85.879,0.1124,0.1124,0.0,0.0,0.0,0.0,0.8102,,T,test-only,,table
liu1970_10.1021_j100697a020_t1,LIU(1970),,phi_osm,573.15,85.879,0.2644,0.2644,0.0,0.0,0.0,0.0,0.7474,,T,test-only,,table
liu1970_10.1021_j100697a020_t1,LIU(1970),,phi_osm,573.15,85.879,1.022,1.022,0.0,0.0,0.0,0.0,0.7128,,T,test-only,,table
liu1970_10.1021_j100697a020_t1,LIU(1970),,phi_osm,573.15,85.879,1.0743,1.0743,0.0,0.0,0.0,0.0,0.701,,T,test-only,,table
rard1981_10.1021_je00023a013_t2_group1,RARD(1981),,phi_osm,298.15,,0.0,0.0,0.0,0.0,0.3148,0.3148,0.539,,T,test-only,pressure-unstated,table
rard1981_10.1021_je00023a013_t2_group1,RARD(1981),,phi_osm,298.15,,0.0,0.0,0.0,0.0,0.29282,0.29282,0.5425,,T,test-only,pressure-unstated,table
rard1981_10.1021_je00023a013_t2_group1,RARD(1981),,phi_osm,298.15,,0.0,0.0,0.0,0.0,0.27253,0.27253,0.545,,T,test-only,pressure-unstated,table
rard1981_10.1021_je00023a013_t2_group1,RARD(1981),,phi_osm,298.15,,0.0,0.0,0.0,0.0,0.25741,0.25741,0.5478,,T,test-only,pressure-unstated,table
rard1981_10.1021_je00023a013_t2_group2,RARD(1981),,phi_osm,298.15,,0.0,0.26204,0.0,0.0,0.13102,0.0,0.8634,,T,test-only,pressure-unstated,table
rard1981_10.1021_je00023a013_t2_group2,RARD(1981),,phi_osm,298.15,,0.0,0.24534,0.0,0.0,0.12267,0.0,0.8633,,T,test-only,pressure-unstated,table
rard1981_10.1021_je00023a013_t2_group2,RARD(1981),,phi_osm,298.15,,0.0,0.22972,0.0,0.0,0.11486,0.0,0.8621,,T,test-only,pressure-unstated,table
rard1981_10.1021_je00023a013_t2_group2,RARD(1981),,phi_osm,298.15,,0.0,0.218,0.0,0.0,0.109,0.0,0.8625,,T,test-only,pressure-unstated,table
gardner1963_10.1039_tf9635901994_t1,GARDNER(1963),,phi_osm,425.45,5.1088,1.0,1.0,0.0,0.0,0.0,0.0,0.893,,T,test-only,,table
gardner1963_10.1039_tf9635901994_t1,GARDNER(1963),,phi_osm,476.95,16.5646,1.005,1.005,0.0,0.0,0.0,0.0,0.85,,T,test-only,,table
gardner1963_10.1039_tf9635901994_t1,GARDNER(1963),,phi_osm,495.55,24.2532,1.011,1.011,0.0,0.0,0.0,0.0,0.837,,T,test-only,,table
gardner1963_10.1039_tf9635901994_t1,GARDNER(1963),,phi_osm,511.85,32.5912,1.011,1.011,0.0,0.0,0.0,0.0,0.814,,T,test-only,,table
gardner1963_10.1039_tf9635901994_t1,GARDNER(1963),,phi_osm,531.35,45.2862,1.016,1.016,0.0,0.0,0.0,0.0,0.78,,T,test-only,,table
gardner1963_10.1039_tf9635901994_t1,GARDNER(1963),,phi_osm,398.95,2.3751,2.001,2.001,0.0,0.0,0.0,0.0,0.95,,T,test-only,,table
gardner1963_10.1039_tf9635901994_t1,GARDNER(1963),,phi_osm,423.75,4.8241,2.003,2.003,0.0,0.0,0.0,0.0,0.956,,T,test-only,,table
gardner1963_10.1039_tf9635901994_t1,GARDNER(1963),,phi_osm,427.05,5.28,2.004,2.004,0.0,0.0,0.0,0.0,0.949,,T,test-only,,table
gardner1963_10.1039_tf9635901994_t1,GARDNER(1963),,phi_osm,449.35,9.1811,2.006,2.006,0.0,0.0,0.0,0.0,0.927,,T,test-only,,table
gardner1963_10.1039_tf9635901994_t1,GARDNER(1963),,phi_osm,454.55,10.3362,2.006,2.006,0.0,0.0,0.0,0.0,0.923,,T,test-only,,table
gardner1963_10.1039_tf9635901994_t1,GARDNER(1963),,phi_osm,472.55,15.3578,2.009,2.009,0.0,0.0,0.0,0.0,0.896,,T,test-only,,table
gardner1963_10.1039_tf9635901994_t1,GARDNER(1963),,phi_osm,480.05,17.9264,2.01,2.01,0.0,0.0,0.0,0.0,0.89,,T,test-only,,table
gardner1963_10.1039_tf9635901994_t1,GARDNER(1963),,phi_osm,483.65,19.2355,2.01,2.01,0.0,0.0,0.0,0.0,0.894,,T,test-only,,table
gardner1963_10.1039_tf9635901994_t1,GARDNER(1963),,phi_osm,496.15,24.4112,2.013,2.013,0.0,0.0,0.0,0.0,0.861,,T,test-only,,table
gardner1963_10.1039_tf9635901994_t1,GARDNER(1963),,phi_osm,513.05,33.34,2.015,2.015,0.0,0.0,0.0,0.0,0.845,,T,test-only,,table
gardner1963_10.1039_tf9635901994_t1,GARDNER(1963),,phi_osm,543.35,55.0853,2.019,2.019,0.0,0.0,0.0,0.0,0.787,,T,test-only,,table
gardner1963_10.1039_tf9635901994_t1,GARDNER(1963),,phi_osm,395.55,2.1501,3.0,3.0,0.0,0.0,0.0,0.0,1.021,,T,test-only,,table
gardner1963_10.1039_tf9635901994_t1,GARDNER(1963),,phi_osm,422.15,4.6549,3.002,3.002,0.0,0.0,0.0,0.0,0.985,,T,test-only,,table
gardner1963_10.1039_tf9635901994_t1,GARDNER(1963),,phi_osm,453.75,10.1933,3.006,3.006,0.0,0.0,0.0,0.0,0.952,,T,test-only,,table
gardner1963_10.1039_tf9635901994_t1,GARDNER(1963),,phi_osm,483.15,19.118,3.012,3.012,0.0,0.0,0.0,0.0,0.906,,T,test-only,,table
gardner1963_10.1039_tf9635901994_t1,GARDNER(1963),,phi_osm,513.95,34.0199,3.02,3.02,0.0,0.0,0.0,0.0,0.85,,T,test-only,,table
gardner1963_10.1039_tf9635901994_t1,GARDNER(1963),,phi_osm,541.45,53.6698,3.025,3.025,0.0,0.0,0.0,0.0,0.787,,T,test-only,,table
bhatnagar1982_10.1139_v82-240_t1,BHATNAGAR(1982),,phi_osm,423.15,,0.577,0.0,0.0,0.0,0.0,0.2885,0.641,,T,test-only,pressure-unstated,table
bhatnagar1982_10.1139_v82-240_t1,BHATNAGAR(1982),,phi_osm,423.15,,0.76,0.0,0.0,0.0,0.0,0.38,0.639,,T,test-only,pressure-unstated,table
bhatnagar1982_10.1139_v82-240_t1,BHATNAGAR(1982),,phi_osm,423.15,,1.144,0.0,0.0,0.0,0.0,0.572,0.611,,T,test-only,pressure-unstated,table
bhatnagar1982_10.1139_v82-240_t1,BHATNAGAR(1982),,phi_osm,423.15,,1.775,0.0,0.0,0.0,0.0,0.8875,0.584,,T,test-only,pressure-unstated,table
bhatnagar1982_10.1139_v82-240_t1,BHATNAGAR(1982),,phi_osm,423.15,,3.506,0.0,0.0,0.0,0.0,1.753,0.606,,T,test-only,pressure-unstated,table
bhatnagar1982_10.1139_v82-240_t1,BHATNAGAR(1982),,phi_osm,423.15,,5.94,0.0,0.0,0.0,0.0,2.97,0.771,,T,test-only,pressure-unstated,table
bhatnagar1982_10.1139_v82-240_t1,BHATNAGAR(1982),,phi_osm,448.15,,0.577,0.0,0.0,0.0,0.0,0.2885,0.579,,T,test-only,pressure-unstated,table
bhatnagar1982_10.1139_v82-240_t1,BHATNAGAR(1982),,phi_osm,448.15,,0.76,0.0,0.0,0.0,0.0,0.38,0.59,,T,test-only,pressure-unstated,table
bhatnagar1982_10.1139_v82-240_t1,BHATNAGAR(1982),,phi_osm,448.15,,1.144,0.0,0.0,0.0,0.0,0.572,0.555,,T,test-only,pressure-unstated,table
bhatnagar1982_10.1139_v82-240_t1,BHATNAGAR(1982),,phi_osm,448.15,,1.775,0.0,0.0,0.0,0.0,0.8875,0.539,,T,test-only,pressure-unstated,table
bhatnagar1982_10.1139_v82-240_t1,BHATNAGAR(1982),,phi_osm,448.15,,3.506,0.0,0.0,0.0,0.0,1.753,0.538,,T,test-only,pressure-unstated,table
bhatnagar1982_10.1139_v82-240_t1,BHATNAGAR(1982),,phi_osm,448.15,,6.082,0.0,0.0,0.0,0.0,3.041,0.556,,T,test-only,pressure-unstated,table
bhatnagar1982_10.1139_v82-240_t1,BHATNAGAR(1982),,phi_osm,473.15,,0.577,0.0,0.0,0.0,0.0,0.2885,0.462,,T,test-only,pressure-unstated,table
bhatnagar1982_10.1139_v82-240_t1,BHATNAGAR(1982),,phi_osm,473.15,,0.76,0.0,0.0,0.0,0.0,0.38,0.452,,T,test-only,pressure-unstated,table
bhatnagar1982_10.1139_v82-240_t1,BHATNAGAR(1982),,phi_osm,473.15,,1.144,0.0,0.0,0.0,0.0,0.572,0.439,,T,test-only,pressure-unstated,table
bhatnagar1982_10.1139_v82-240_t1,BHATNAGAR(1982),,phi_osm,473.15,,1.775,0.0,0.0,0.0,0.0,0.8875,0.424,,T,test-only,pressure-unstated,table
bhatnagar1982_10.1139_v82-240_t1,BHATNAGAR(1982),,phi_osm,473.15,,3.506,0.0,0.0,0.0,0.0,1.753,0.43,,T,test-only,pressure-unstated,table
bhatnagar1982_10.1139_v82-240_t1,BHATNAGAR(1982),,phi_osm,473.15,,6.208,0.0,0.0,0.0,0.0,3.104,0.467,,T,test-only,pressure-unstated,table
bhatnagar1982_10.1139_v82-240_t1,BHATNAGAR(1982),,phi_osm,498.15,,0.577,0.0,0.0,0.0,0.0,0.2885,0.371,,T,test-only,pressure-unstated,table
bhatnagar1982_10.1139_v82-240_t1,BHATNAGAR(1982),,phi_osm,498.15,,0.76,0.0,0.0,0.0,0.0,0.38,0.362,,T,test-only,pressure-unstated,table
bhatnagar1982_10.1139_v82-240_t1,BHATNAGAR(1982),,phi_osm,498.15,,1.144,0.0,0.0,0.0,0.0,0.572,0.353,,T,test-only,pressure-unstated,table
bhatnagar1982_10.1139_v82-240_t1,BHATNAGAR(1982),,phi_osm,498.15,,1.775,0.0,0.0,0.0,0.0,0.8875,0.336,,T,test-only,pressure-unstated,table
bhatnagar1982_10.1139_v82-240_t1,BHATNAGAR(1982),,phi_osm,498.15,,3.506,0.0,0.0,0.0,0.0,1.753,0.33,,T,test-only,pressure-unstated,table
bhatnagar1982_10.1139_v82-240_t1,BHATNAGAR(1982),,phi_osm,498.15,,6.364,0.0,0.0,0.0,0.0,3.182,0.397,,T,test-only,pressure-unstated,table
bhatnagar1982_10.1139_v82-240_t1,BHATNAGAR(1982),,phi_osm,523.15,,0.577,0.0,0.0,0.0,0.0,0.2885,0.493,,T,test-only,pressure-unstated,table
bhatnagar1982_10.1139_v82-240_t1,BHATNAGAR(1982),,phi_osm,523.15,,0.76,0.0,0.0,0.0,0.0,0.38,0.483,,T,test-only,pressure-unstated,table
bhatnagar1982_10.1139_v82-240_t1,BHATNAGAR(1982),,phi_osm,523.15,,1.144,0.0,0.0,0.0,0.0,0.572,0.465,,T,test-only,pressure-unstated,table
bhatnagar1982_10.1139_v82-240_t1,BHATNAGAR(1982),,phi_osm,523.15,,1.775,0.0,0.0,0.0,0.0,0.8875,0.443,,T,test-only,pressure-unstated,table
bhatnagar1982_10.1139_v82-240_t1,BHATNAGAR(1982),,phi_osm,523.15,,3.506,0.0,0.0,0.0,0.0,1.753,0.389,,T,test-only,pressure-unstated,table
bhatnagar1982_10.1139_v82-240_t1,BHATNAGAR(1982),,phi_osm,523.15,,6.194,0.0,0.0,0.0,0.0,3.097,0.48,,T,test-only,pressure-unstated,table
liu1971_10.2172_1436979_t2,LIU(1971),,phi_osm,348.15,0.386,4.897,4.897,0.0,0.0,0.0,0.0,1.179,,T,test-only,source-caution,table
liu1971_10.2172_1436979_t2,LIU(1971),,phi_osm,348.15,0.386,6.006,6.006,0.0,0.0,0.0,0.0,1.252,,T,test-only,source-caution,table
liu1971_10.2172_1436979_t2,LIU(1971),,phi_osm,348.15,0.386,6.098,6.098,0.0,0.0,0.0,0.0,1.26,,T,test-only,source-caution,table
liu1971_10.2172_1436979_t2,LIU(1971),,phi_osm,348.15,0.386,6.46,6.46,0.0,0.0,0.0,0.0,1.271,,T,test-only,source-caution,table
liu1971_10.2172_1436979_t2,LIU(1971),,phi_osm,373.15,1.0142,3.777,3.777,0.0,0.0,0.0,0.0,1.092,,T,test-only,source-caution,table
liu1971_10.2172_1436979_t2,LIU(1971),,phi_osm,373.15,1.0142,4.901,4.901,0.0,0.0,0.0,0.0,1.151,,T,test-only,source-caution,table
liu1971_10.2172_1436979_t2,LIU(1971),,phi_osm,373.15,1.0142,6.012,6.012,0.0,0.0,0.0,0.0,1.213,,T,test-only,source-caution,table
liu1971_10.2172_1436979_t2,LIU(1971),,phi_osm,373.15,1.0142,6.11,6.11,0.0,0.0,0.0,0.0,1.219,,T,test-only,source-caution,table
liu1971_10.2172_1436979_t2,LIU(1971),,phi_osm,373.15,1.0142,6.68,6.68,0.0,0.0,0.0,0.0,1.236,,T,test-only,source-caution,table
liu1971_10.2172_1436979_t2,LIU(1971),,phi_osm,398.15,2.3224,3.787,3.787,0.0,0.0,0.0,0.0,1.071,,T,test-only,source-caution,table
liu1971_10.2172_1436979_t2,LIU(1971),,phi_osm,398.15,2.3224,4.887,4.887,0.0,0.0,0.0,0.0,1.123,,T,test-only,source-caution,table
liu1971_10.2172_1436979_t2,LIU(1971),,phi_osm,398.15,2.3224,5.99,5.99,0.0,0.0,0.0,0.0,1.177,,T,test-only,source-caution,table
liu1971_10.2172_1436979_t2,LIU(1971),,phi_osm,398.15,2.3224,6.134,6.134,0.0,0.0,0.0,0.0,1.18,,T,test-only,source-caution,table
liu1971_10.2172_1436979_t2,LIU(1971),,phi_osm,398.15,2.3224,6.935,6.935,0.0,0.0,0.0,0.0,1.202,,T,test-only,source-caution,table
liu1971_10.2172_1436979_t2,LIU(1971),,phi_osm,423.15,4.7616,3.805,3.805,0.0,0.0,0.0,0.0,1.041,,T,test-only,source-caution,table
liu1971_10.2172_1436979_t2,LIU(1971),,phi_osm,423.15,4.7616,4.916,4.916,0.0,0.0,0.0,0.0,1.089,,T,test-only,source-caution,table
liu1971_10.2172_1436979_t2,LIU(1971),,phi_osm,423.15,4.7616,5.751,5.751,0.0,0.0,0.0,0.0,1.122,,T,test-only,source-caution,table
liu1971_10.2172_1436979_t2,LIU(1971),,phi_osm,423.15,4.7616,6.031,6.031,0.0,0.0,0.0,0.0,1.129,,T,test-only,source-caution,table
liu1971_10.2172_1436979_t2,LIU(1971),,phi_osm,423.15,4.7616,6.177,6.177,0.0,0.0,0.0,0.0,1.133,,T,test-only,source-caution,table
liu1971_10.2172_1436979_t2,LIU(1971),,phi_osm,423.15,4.7616,6.898,6.898,0.0,0.0,0.0,0.0,1.155,,T,test-only,source-caution,table
liu1971_10.2172_1436979_t2,LIU(1971),,phi_osm,423.15,4.7616,7.198,7.198,0.0,0.0,0.0,0.0,1.163,,T,test-only,source-caution,table
liu1971_10.2172_1436979_t2,LIU(1971),,phi_osm,448.15,8.926,3.837,3.837,0.0,0.0,0.0,0.0,1.003,,T,test-only,source-caution,table
liu1971_10.2172_1436979_t2,LIU(1971),,phi_osm,448.15,8.926,4.972,4.972,0.0,0.0,0.0,0.0,1.044,,T,test-only,source-caution,table
liu1971_10.2172_1436979_t2,LIU(1971),,phi_osm,448.15,8.926,6.116,6.116,0.0,0.0,0.0,0.0,1.076,,T,test-only,source-caution,table
liu1971_10.2172_1436979_t2,LIU(1971),,phi_osm,448.15,8.926,6.267,6.267,0.0,0.0,0.0,0.0,1.08,,T,test-only,source-caution,table
liu1971_10.2172_1436979_t2,LIU(1971),,phi_osm,448.15,8.926,7.573,7.573,0.0,0.0,0.0,0.0,1.106,,T,test-only,source-caution,table
liu1971_10.2172_1436979_t2,LIU(1971),,phi_osm,473.15,15.5493,3.886,3.886,0.0,0.0,0.0,0.0,0.959,,T,test-only,source-caution,table
liu1971_10.2172_1436979_t2,LIU(1971),,phi_osm,473.15,15.5493,5.055,5.055,0.0,0.0,0.0,0.0,0.996,,T,test-only,source-caution,table
liu1971_10.2172_1436979_t2,LIU(1971),,phi_osm,473.15,15.5493,6.24,6.24,0.0,0.0,0.0,0.0,1.022,,T,test-only,source-caution,table
liu1971_10.2172_1436979_t2,LIU(1971),,phi_osm,473.15,15.5493,6.396,6.396,0.0,0.0,0.0,0.0,1.025,,T,test-only,source-caution,table
liu1971_10.2172_1436979_t2,LIU(1971),,phi_osm,473.15,15.5493,7.417,7.417,0.0,0.0,0.0,0.0,1.042,,T,test-only,source-caution,table
liu1971_10.2172_1436979_t2,LIU(1971),,phi_osm,473.15,15.5493,7.757,7.757,0.0,0.0,0.0,0.0,1.043,,T,test-only,source-caution,table
liu1971_10.2172_1436979_t2,LIU(1971),,phi_osm,473.15,15.5493,7.973,7.973,0.0,0.0,0.0,0.0,1.048,,T,test-only,source-caution,table
liu1971_10.2172_1436979_t2,LIU(1971),,phi_osm,498.15,25.4972,3.963,3.963,0.0,0.0,0.0,0.0,0.912,,T,test-only,source-caution,table
liu1971_10.2172_1436979_t2,LIU(1971),,phi_osm,498.15,25.4972,5.185,5.185,0.0,0.0,0.0,0.0,0.942,,T,test-only,source-caution,table
liu1971_10.2172_1436979_t2,LIU(1971),,phi_osm,498.15,25.4972,6.432,6.432,0.0,0.0,0.0,0.0,0.963,,T,test-only,source-caution,table
liu1971_10.2172_1436979_t2,LIU(1971),,phi_osm,498.15,25.4972,6.597,6.597,0.0,0.0,0.0,0.0,0.966,,T,test-only,source-caution,table
liu1971_10.2172_1436979_t2,LIU(1971),,phi_osm,498.15,25.4972,8.041,8.041,0.0,0.0,0.0,0.0,0.979,,T,test-only,source-caution,table
liu1971_10.2172_1436979_t2,LIU(1971),,phi_osm,498.15,25.4972,8.435,8.435,0.0,0.0,0.0,0.0,0.985,,T,test-only,source-caution,table
liu1971_10.2172_1436979_t2,LIU(1971),,phi_osm,523.15,39.7617,4.078,4.078,0.0,0.0,0.0,0.0,0.858,,T,test-only,source-caution,table
liu1971_10.2172_1436979_t2,LIU(1971),,phi_osm,523.15,39.7617,5.382,5.382,0.0,0.0,0.0,0.0,0.882,,T,test-only,source-caution,table
liu1971_10.2172_1436979_t2,LIU(1971),,phi_osm,523.15,39.7617,6.727,6.727,0.0,0.0,0.0,0.0,0.899,,T,test-only,source-caution,table
liu1971_10.2172_1436979_t2,LIU(1971),,phi_osm,523.15,39.7617,6.905,6.905,0.0,0.0,0.0,0.0,0.901,,T,test-only,source-caution,table
liu1971_10.2172_1436979_t2,LIU(1971),,phi_osm,523.15,39.7617,8.477,8.477,0.0,0.0,0.0,0.0,0.91,,T,test-only,source-caution,table
liu1971_10.2172_1436979_t2,LIU(1971),,phi_osm,523.15,39.7617,8.99,8.99,0.0,0.0,0.0,0.0,0.915,,T,test-only,source-caution,table
liu1971_10.2172_1436979_t2,LIU(1971),,phi_osm,548.15,59.4639,4.253,4.253,0.0,0.0,0.0,0.0,0.795,,T,test-only,source-caution,table
liu1971_10.2172_1436979_t2,LIU(1971),,phi_osm,548.15,59.4639,5.683,5.683,0.0,0.0,0.0,0.0,0.815,,T,test-only,source-caution,table
liu1971_10.2172_1436979_t2,LIU(1971),,phi_osm,548.15,59.4639,7.178,7.178,0.0,0.0,0.0,0.0,0.828,,T,test-only,source-caution,table
liu1971_10.2172_1436979_t2,LIU(1971),,phi_osm,548.15,59.4639,7.377,7.377,0.0,0.0,0.0,0.0,0.829,,T,test-only,source-caution,table
liu1971_10.2172_1436979_t2,LIU(1971),,phi_osm,548.15,59.4639,9.145,9.145,0.0,0.0,0.0,0.0,0.834,,T,test-only,source-caution,table
liu1971_10.2172_1436979_t2,LIU(1971),,phi_osm,548.15,59.4639,9.64,9.64,0.0,0.0,0.0,0.0,0.839,,T,test-only,source-caution,table
liu1971_10.2172_1436979_t2,LIU(1971),,phi_osm,573.15,85.879,4.526,4.526,0.0,0.0,0.0,0.0,0.724,,T,test-only,source-caution,table
liu1971_10.2172_1436979_t2,LIU(1971),,phi_osm,573.15,85.879,6.154,6.154,0.0,0.0,0.0,0.0,0.741,,T,test-only,source-caution,table
liu1971_10.2172_1436979_t2,LIU(1971),,phi_osm,573.15,85.879,7.881,7.881,0.0,0.0,0.0,0.0,0.751,,T,test-only,source-caution,table
liu1971_10.2172_1436979_t2,LIU(1971),,phi_osm,573.15,85.879,8.113,8.113,0.0,0.0,0.0,0.0,0.752,,T,test-only,source-caution,table
liu1971_10.2172_1436979_t2,LIU(1971),,phi_osm,573.15,85.879,10.177,10.177,0.0,0.0,0.0,0.0,0.755,,T,test-only,source-caution,table
liu1971_10.2172_1436979_t2,LIU(1971),,phi_osm,573.15,85.879,10.418,10.418,0.0,0.0,0.0,0.0,0.759,,T,test-only,source-caution,table
liu1971_10.2172_1436979_t8,LIU(1971),,phi_osm,348.15,0.3854,0.0,0.0,0.0,0.0,0.6725,0.6725,0.4,,T,test-only,source-caution,table
liu1971_10.2172_1436979_t8,LIU(1971),,phi_osm,348.15,0.3854,0.0,0.0,0.0,0.0,1.3019,1.3019,0.443,,T,test-only,source-caution,table
liu1971_10.2172_1436979_t8,LIU(1971),,phi_osm,373.15,1.0132,0.0,0.0,0.0,0.0,0.4229,0.4229,0.357,,T,test-only,source-caution,table
liu1971_10.2172_1436979_t8,LIU(1971),,phi_osm,373.15,1.0132,0.0,0.0,0.0,0.0,0.6735,0.6735,0.372,,T,test-only,source-caution,table
liu1971_10.2172_1436979_t8,LIU(1971),,phi_osm,373.15,1.0132,0.0,0.0,0.0,0.0,1.306,1.306,0.422,,T,test-only,source-caution,table
liu1971_10.2172_1436979_t8,LIU(1971),,phi_osm,373.15,1.0132,0.0,0.0,0.0,0.0,1.4327,1.4327,0.443,,T,test-only,source-caution,table
liu1971_10.2172_1436979_t8,LIU(1971),,phi_osm,398.15,2.3211,0.0,0.0,0.0,0.0,0.4236,0.4236,0.338,,T,test-only,source-caution,table
liu1971_10.2172_1436979_t8,LIU(1971),,phi_osm,398.15,2.3211,0.0,0.0,0.0,0.0,0.6755,0.6755,0.356,,T,test-only,source-caution,table
liu1971_10.2172_1436979_t8,LIU(1971),,phi_osm,398.15,2.3211,0.0,0.0,0.0,0.0,1.3142,1.3142,0.368,,T,test-only,source-caution,table
liu1971_10.2172_1436979_t8,LIU(1971),,phi_osm,398.15,2.3211,0.0,0.0,0.0,0.0,1.4417,1.4417,0.379,,T,test-only,source-caution,table
liu1971_10.2172_1436979_t8,LIU(1971),,phi_osm,423.15,4.7605,0.0,0.0,0.0,0.0,0.4247,0.4247,0.323,,T,test-only,source-caution,table
liu1971_10.2172_1436979_t8,LIU(1971),,phi_osm,423.15,4.7605,0.0,0.0,0.0,0.0,0.679,0.679,0.32,,T,test-only,source-caution,table
liu1971_10.2172_1436979_t8,LIU(1971),,phi_osm,423.15,4.7605,0.0,0.0,0.0,0.0,1.3291,1.3291,0.31,,T,test-only,source-caution,table
liu1971_10.2172_1436979_t8,LIU(1971),,phi_osm,423.15,4.7605,0.0,0.0,0.0,0.0,1.458,1.458,0.316,,T,test-only,source-caution,table
liu1971_10.2172_1436979_t8,LIU(1971),,phi_osm,448.15,8.9261,0.0,0.0,0.0,0.0,0.4267,0.4267,0.284,,T,test-only,source-caution,table
liu1971_10.2172_1436979_t8,LIU(1971),,phi_osm,448.15,8.9261,0.0,0.0,0.0,0.0,0.685,0.685,0.272,,T,test-only,source-caution,table
liu1971_10.2172_1436979_t8,LIU(1971),,phi_osm,448.15,8.9261,0.0,0.0,0.0,0.0,1.3545,1.3545,0.249,,T,test-only,source-caution,table
liu1971_10.2172_1436979_t8,LIU(1971),,phi_osm,448.15,8.9261,0.0,0.0,0.0,0.0,1.4859,1.4859,0.251,,T,test-only,source-caution,table
liu1971_10.2172_1436979_t9,LIU(1971),,phi_osm,348.15,0.3854,0.0,3.2374,0.0,0.0,1.6187,0.0,1.1653,,T,test-only,,table
liu1971_10.2172_1436979_t9,LIU(1971),,phi_osm,348.15,0.3854,0.0,5.9988,0.0,0.0,2.9994,0.0,1.8066,,T,test-only,,table
liu1971_10.2172_1436979_t9,LIU(1971),,phi_osm,373.15,1.0132,0.0,3.2448,0.0,0.0,1.6224,0.0,1.1583,,T,test-only,,table
liu1971_10.2172_1436979_t9,LIU(1971),,phi_osm,373.15,1.0132,0.0,6.0252,0.0,0.0,3.0126,0.0,1.7263,,T,test-only,,table
liu1971_10.2172_1436979_t9,LIU(1971),,phi_osm,398.15,2.3211,0.0,3.2642,0.0,0.0,1.6321,0.0,1.118,,T,test-only,,table
liu1971_10.2172_1436979_t9,LIU(1971),,phi_osm,398.15,2.3211,0.0,6.0784,0.0,0.0,3.0392,0.0,1.6411,,T,test-only,,table
liu1971_10.2172_1436979_t9,LIU(1971),,phi_osm,423.15,4.7605,0.0,3.2956,0.0,0.0,1.6478,0.0,1.0646,,T,test-only,,table
liu1971_10.2172_1436979_t9,LIU(1971),,phi_osm,423.15,4.7605,0.0,6.1762,0.0,0.0,3.0881,0.0,1.5523,,T,test-only,,table
liu1971_10.2172_1436979_t9,LIU(1971),,phi_osm,448.15,8.9261,0.0,3.3488,0.0,0.0,1.6744,0.0,1.0138,,T,test-only,,table
liu1971_10.2172_1436979_t9,LIU(1971),,phi_osm,448.15,8.9261,0.0,6.3438,0.0,0.0,3.1719,0.0,1.4314,,T,test-only,,table
liu1971_10.2172_1436979_t9,LIU(1971),,phi_osm,473.15,15.552,0.0,3.4358,0.0,0.0,1.7179,0.0,0.9538,,T,test-only,,table
liu1971_10.2172_1436979_t9,LIU(1971),,phi_osm,473.15,15.552,0.0,6.6182,0.0,0.0,3.3091,0.0,1.3915,,T,test-only,,table
liu1971_10.2172_1436979_t9,LIU(1971),,phi_osm,498.15,25.5039,0.0,3.5752,0.0,0.0,1.7876,0.0,0.8862,,T,test-only,,table
liu1971_10.2172_1436979_t9,LIU(1971),,phi_osm,498.15,25.5039,0.0,7.0558,0.0,0.0,3.5279,0.0,1.3274,,T,test-only,,table
liu1971_10.2172_1436979_t9,LIU(1971),,phi_osm,523.15,39.7737,0.0,3.7988,0.0,0.0,1.8994,0.0,0.8222,,T,test-only,,table
liu1971_10.2172_1436979_t9,LIU(1971),,phi_osm,523.15,39.7737,0.0,7.7428,0.0,0.0,3.8714,0.0,1.2721,,T,test-only,,table
liu1971_10.2172_1436979_t9,LIU(1971),,phi_osm,548.15,59.4821,0.0,4.1696,0.0,0.0,2.0848,0.0,0.7511,,T,test-only,,table
liu1971_10.2172_1436979_t9,LIU(1971),,phi_osm,548.15,59.4821,0.0,8.7968,0.0,0.0,4.3984,0.0,1.2273,,T,test-only,,table
liu1971_10.2172_1436979_t9,LIU(1971),,phi_osm,573.15,85.9027,0.0,4.818,0.0,0.0,2.409,0.0,0.6832,,T,test-only,,table
liu1971_10.2172_1436979_t9,LIU(1971),,phi_osm,573.15,85.9027,0.0,10.303,0.0,0.0,5.1515,0.0,1.208,,T,test-only,,table
robinson1968_10.6028_jres.072a.022_t1,ROBINSON(1968),,phi_osm,298.15,,0.0,0.9896,0.0,0.4948,0.0,0.0,0.9141,,T,test-only,pressure-unstated,table
robinson1968_10.6028_jres.072a.022_t1,ROBINSON(1968),,phi_osm,298.15,,0.0,1.428,0.0,0.714,0.0,0.0,0.9675,,T,test-only,pressure-unstated,table
robinson1968_10.6028_jres.072a.022_t1,ROBINSON(1968),,phi_osm,298.15,,0.0,1.7904,0.0,0.8952,0.0,0.0,1.0175,,T,test-only,pressure-unstated,table
robinson1968_10.6028_jres.072a.022_t1,ROBINSON(1968),,phi_osm,298.15,,0.0,2.3792,0.0,1.1896,0.0,0.0,1.105,,T,test-only,pressure-unstated,table
robinson1968_10.6028_jres.072a.022_t1,ROBINSON(1968),,phi_osm,298.15,,0.0,3.0528,0.0,1.5264,0.0,0.0,1.2136,,T,test-only,pressure-unstated,table
robinson1968_10.6028_jres.072a.022_t1,ROBINSON(1968),,phi_osm,298.15,,0.0,3.4328,0.0,1.7164,0.0,0.0,1.2761,,T,test-only,pressure-unstated,table
robinson1968_10.6028_jres.072a.022_t1,ROBINSON(1968),,phi_osm,298.15,,0.0,3.6256,0.0,1.8128,0.0,0.0,1.3094,,T,test-only,pressure-unstated,table
robinson1968_10.6028_jres.072a.022_t1,ROBINSON(1968),,phi_osm,298.15,,0.0,4.0524,0.0,2.0262,0.0,0.0,1.3871,,T,test-only,pressure-unstated,table
robinson1968_10.6028_jres.072a.022_t1,ROBINSON(1968),,phi_osm,298.15,,0.0,4.239,0.0,2.1195,0.0,0.0,1.4226,,T,test-only,pressure-unstated,table
