dataset_id,source,gas,property,T_K,P_bar,m_Na,m_Cl,m_K,m_Ca,m_Mg,m_SO4,value,uncertainty,quality,tag,flags,data_origin
haas1976,Haas1976_USGS1421A_T1_4_9_18,,psat_ratio,373.15,,1,1,0,0,0,0,0.9664363277,0.002,R,fit-eligible,calculated-not-measured,calculated
haas1976,Haas1976_USGS1421A_T1_4_9_18,,psat_ratio,398.15,,1,1,0,0,0,0,0.9655320982,0.002,R,fit-eligible,calculated-not-measured,calculated
haas1976,Haas1976_USGS1421A_T1_4_9_18,,psat_ratio,423.15,,1,1,0,0,0,0,0.9657563025,0.002,R,fit-eligible,calculated-not-measured,calculated
haas1976,Haas1976_USGS1421A_T1_4_9_18,,psat_ratio,448.15,,1,1,0,0,0,0,0.9658263305,0.002,R,fit-eligible,calculated-not-measured,calculated
haas1976,Haas1976_USGS1421A_T1_4_9_18,,psat_ratio,473.15,,1,1,0,0,0,0,0.9659142067,0.002,R,fit-eligible,calculated-not-measured,calculated
haas1976,Haas1976_USGS1421A_T1_4_9_18,,psat_ratio,498.15,,1,1,0,0,0,0,0.9657308657,0.002,R,fit-eligible,calculated-not-measured,calculated
haas1976,Haas1976_USGS1421A_T1_4_9_18,,psat_ratio,523.15,,1,1,0,0,0,0,0.9655319791,0.002,R,fit-eligible,calculated-not-measured,calculated
haas1976,Haas1976_USGS1421A_T1_4_9_18,,psat_ratio,373.15,,3,3,0,0,0,0,0.8943731491,0.002,R,fit-eligible,calculated-not-measured,calculated
haas1976,Haas1976_USGS1421A_T1_4_9_18,,psat_ratio,398.15,,3,3,0,0,0,0,0.8940112021,0.002,R,fit-eligible,calculated-not-measured,calculated
haas1976,Haas1976_USGS1421A_T1_4_9_18,,psat_ratio,423.15,,3,3,0,0,0,0,0.8943277311,0.002,R,fit-eligible,calculated-not-measured,calculated
haas1976,Haas1976_USGS1421A_T1_4_9_18,,psat_ratio,448.15,,3,3,0,0,0,0,0.8944537815,0.002,R,fit-eligible,calculated-not-measured,calculated
haas1976,Haas1976_USGS1421A_T1_4_9_18,,psat_ratio,473.15,,3,3,0,0,0,0,0.8943983536,0.002,R,fit-eligible,calculated-not-measured,calculated
haas1976,Haas1976_USGS1421A_T1_4_9_18,,psat_ratio,498.15,,3,3,0,0,0,0,0.8939382058,0.002,R,fit-eligible,calculated-not-measured,calculated
haas1976,Haas1976_USGS1421A_T1_4_9_18,,psat_ratio,523.15,,3,3,0,0,0,0,0.8933779163,0.002,R,fit-eligible,calculated-not-measured,calculated
haas1976,Haas1976_USGS1421A_T1_4_9_18,,psat_ratio,373.15,,6,6,0,0,0,0,0.7729516288,0.002,R,fit-eligible,calculated-not-measured,calculated
haas1976,Haas1976_USGS1421A_T1_4_9_18,,psat_ratio,398.15,,6,6,0,0,0,0,0.7772511848,0.002,R,fit-eligible,calculated-not-measured,calculated
haas1976,Haas1976_USGS1421A_T1_4_9_18,,psat_ratio,423.15,,6,6,0,0,0,0,0.781302521,0.002,R,fit-eligible,calculated-not-measured,calculated
haas1976,Haas1976_USGS1421A_T1_4_9_18,,psat_ratio,448.15,,6,6,0,0,0,0,0.7846498599,0.002,R,fit-eligible,calculated-not-measured,calculated
haas1976,Haas1976_USGS1421A_T1_4_9_18,,psat_ratio,473.15,,6,6,0,0,0,0,0.7873175124,0.002,R,fit-eligible,calculated-not-measured,calculated
haas1976,Haas1976_USGS1421A_T1_4_9_18,,psat_ratio,498.15,,6,6,0,0,0,0,0.7892487453,0.002,R,fit-eligible,calculated-not-measured,calculated
haas1976,Haas1976_USGS1421A_T1_4_9_18,,psat_ratio,523.15,,6,6,0,0,0,0,0.7906275141,0.002,R,fit-eligible,calculated-not-measured,calculated
crovetto1993_10.1006_jcht.1993.1013_t1,CROVETTO(1993),,psat_ratio,623.15,,0.0,3.0,3.0,0.0,0.0,0.0,0.8869037335,,T,test-only,,table
crovetto1993_10.1006_jcht.1993.1013_t1,CROVETTO(1993),,psat_ratio,623.01,,0.0,1.0,1.0,0.0,0.0,0.0,0.9502433813,,T,test-only,,table
crovetto1993_10.1006_jcht.1993.1013_t1,CROVETTO(1993),,psat_ratio,623.05,,0.0,1.0,1.0,0.0,0.0,0.0,0.9497769114,,T,test-only,,table
crovetto1993_10.1006_jcht.1993.1013_t1,CROVETTO(1993),,psat_ratio,623.03,,0.0,1.0,1.0,0.0,0.0,0.0,0.9506159867,,T,test-only,,table
crovetto1993_10.1006_jcht.1993.1013_t1,CROVETTO(1993),,psat_ratio,623.02,,0.0,0.5,0.5,0.0,0.0,0.0,0.9689111322,,T,test-only,,table
crovetto1993_10.1006_jcht.1993.1013_t1,CROVETTO(1993),,psat_ratio,623.03,,0.0,0.5,0.5,0.0,0.0,0.0,0.9700039482,,T,test-only,,table
crovetto1993_10.1006_jcht.1993.1013_t1,CROVETTO(1993),,psat_ratio,623.03,,0.0,0.5,0.5,0.0,0.0,0.0,0.9687922006,,T,test-only,,table
crovetto1993_10.1006_jcht.1993.1013_t1,CROVETTO(1993),,psat_ratio,622.99,,0.0,0.25,0.25,0.0,0.0,0.0,0.9795729427,,T,test-only,,table
crovetto1993_10.1006_jcht.1993.1013_t1,CROVETTO(1993),,psat_ratio,623.0,,0.0,0.25,0.25,0.0,0.0,0.0,0.9800587919,,T,test-only,,table
crovetto1993_10.1006_jcht.1993.1013_t1,CROVETTO(1993),,psat_ratio,623.12,,3.0,3.0,0.0,0.0,0.0,0.0,0.8950979991,,T,test-only,,table
crovetto1993_10.1006_jcht.1993.1013_t1,CROVETTO(1993),,psat_ratio,623.12,,3.0,3.0,0.0,0.0,0.0,0.0,0.8920719748,,T,test-only,,table
crovetto1993_10.1006_jcht.1993.1013_t1,CROVETTO(1993),,psat_ratio,623.12,,3.0,3.0,0.0,0.0,0.0,0.0,0.895703204,,T,test-only,,table
crovetto1993_10.1006_jcht.1993.1013_t1,CROVETTO(1993),,psat_ratio,623.12,,3.0,3.0,0.0,0.0,0.0,0.0,0.8938875894,,T,test-only,,table
crovetto1993_10.1006_jcht.1993.1013_t1,CROVETTO(1993),,psat_ratio,623.12,,1.0,1.0,0.0,0.0,0.0,0.0,0.9568288956,,T,test-only,,table
crovetto1993_10.1006_jcht.1993.1013_t1,CROVETTO(1993),,psat_ratio,623.0,,0.5,0.5,0.0,0.0,0.0,0.0,0.9715734344,,T,test-only,,table
crovetto1993_10.1006_jcht.1993.1013_t1,CROVETTO(1993),,psat_ratio,622.99,,0.5,0.5,0.0,0.0,0.0,0.0,0.9716927148,,T,test-only,,table
crovetto1993_10.1006_jcht.1993.1013_t1,CROVETTO(1993),,psat_ratio,623.04,,0.5,0.5,0.0,0.0,0.0,0.0,0.9698848849,,T,test-only,,table
crovetto1993_10.1006_jcht.1993.1013_t1,CROVETTO(1993),,psat_ratio,623.01,,0.25,0.25,0.0,0.0,0.0,0.0,0.9787264419,,T,test-only,,table
crovetto1993_10.1006_jcht.1993.1013_t1,CROVETTO(1993),,psat_ratio,623.03,,0.25,0.25,0.0,0.0,0.0,0.0,0.979697929,,T,test-only,,table
crovetto1993_10.1006_jcht.1993.1013_t1,CROVETTO(1993),,psat_ratio,623.04,,0.25,0.25,0.0,0.0,0.0,0.0,0.9789718764,,T,test-only,,table
crovetto1993_10.1006_jcht.1993.1013_t1,CROVETTO(1993),,psat_ratio,623.0,,0.0,6.468,0.0,3.234,0.0,0.0,0.8794466958,,T,test-only,,table
crovetto1993_10.1006_jcht.1993.1013_t1,CROVETTO(1993),,psat_ratio,623.02,,0.0,6.468,0.0,3.234,0.0,0.0,0.8792308023,,T,test-only,,table
crovetto1993_10.1006_jcht.1993.1013_t1,CROVETTO(1993),,psat_ratio,623.02,,0.0,6.468,0.0,3.234,0.0,0.0,0.8798367504,,T,test-only,,table
crovetto1993_10.1006_jcht.1993.1013_t1,CROVETTO(1993),,psat_ratio,622.98,,0.0,1.96,0.0,0.98,0.0,0.0,0.9608995879,,T,test-only,,table
crovetto1993_10.1006_jcht.1993.1013_t1,CROVETTO(1993),,psat_ratio,623.02,,0.0,1.96,0.0,0.98,0.0,0.0,0.9604278577,,T,test-only,,table
crovetto1993_10.1006_jcht.1993.1013_t1,CROVETTO(1993),,psat_ratio,623.01,,0.0,1.96,0.0,0.98,0.0,0.0,0.9617578101,,T,test-only,,table
crovetto1993_10.1006_jcht.1993.1013_t1,CROVETTO(1993),,psat_ratio,623.01,,0.0,0.974,0.0,0.487,0.0,0.0,0.9750903065,,T,test-only,,table
crovetto1993_10.1006_jcht.1993.1013_t1,CROVETTO(1993),,psat_ratio,623.01,,0.0,0.974,0.0,0.487,0.0,0.0,0.9763023516,,T,test-only,,table
crovetto1993_10.1006_jcht.1993.1013_t1,CROVETTO(1993),,psat_ratio,623.01,,0.0,0.45,0.0,0.225,0.0,0.0,0.984180645,,T,test-only,,table
crovetto1993_10.1006_jcht.1993.1013_t1,CROVETTO(1993),,psat_ratio,623.02,,0.0,0.45,0.0,0.225,0.0,0.0,0.9840598366,,T,test-only,,table
crovetto1993_10.1006_jcht.1993.1013_t1,CROVETTO(1993),,psat_ratio,623.02,,0.0,0.45,0.0,0.225,0.0,0.0,0.9834538884,,T,test-only,,table
crovetto1993_10.1006_jcht.1993.1013_t1,CROVETTO(1993),,psat_ratio,642.85,,0.0,6.468,0.0,3.234,0.0,0.0,0.887060587,,T,test-only,,table
crovetto1993_10.1006_jcht.1993.1013_t1,CROVETTO(1993),,psat_ratio,642.85,,0.0,6.468,0.0,3.234,0.0,0.0,0.8880144156,,T,test-only,,table
crovetto1993_10.1006_jcht.1993.1013_t1,CROVETTO(1993),,psat_ratio,642.88,,0.0,1.96,0.0,0.98,0.0,0.0,0.9620675214,,T,test-only,,table
crovetto1993_10.1006_jcht.1993.1013_t1,CROVETTO(1993),,psat_ratio,642.82,,0.0,0.974,0.0,0.487,0.0,0.0,0.971823313,,T,test-only,,table
crovetto1993_10.1006_jcht.1993.1013_t1,CROVETTO(1993),,psat_ratio,642.83,,0.0,0.45,0.0,0.225,0.0,0.0,0.9807705422,,T,test-only,,table
crovetto1993_10.1006_jcht.1993.1013_t1,CROVETTO(1993),,psat_ratio,642.85,,0.0,0.45,0.0,0.225,0.0,0.0,0.9810127029,,T,test-only,,table
apelblat1998_10.1006_jcht.1998.0381_t1,APELBLAT(1998),,psat_ratio,298.15,,0.0,0.0,0.0,0.0,0.0,0.0,0.9997068266,,T,test-only,,table
apelblat1998_10.1006_jcht.1998.0381_t1,APELBLAT(1998),,psat_ratio,298.16,,0.0,0.0,0.0,0.0,0.0,0.0,0.9995839716,,T,test-only,,table
apelblat1998_10.1006_jcht.1998.0381_t1,APELBLAT(1998),,psat_ratio,298.17,,0.0,0.0,0.0,0.0,0.0,0.0,0.9996500064,,T,test-only,,table
apelblat1998_10.1006_jcht.1998.0381_t1,APELBLAT(1998),,psat_ratio,299.96,,0.0,0.0,0.0,0.0,0.0,0.0,0.9983281485,,T,test-only,,table
apelblat1998_10.1006_jcht.1998.0381_t1,APELBLAT(1998),,psat_ratio,301.16,,0.0,0.0,0.0,0.0,0.0,0.0,0.9999318214,,T,test-only,,table
apelblat1998_10.1006_jcht.1998.0381_t1,APELBLAT(1998),,psat_ratio,301.17,,0.0,0.0,0.0,0.0,0.0,0.0,0.9998774146,,T,test-only,,table
apelblat1998_10.1006_jcht.1998.0381_t1,APELBLAT(1998),,psat_ratio,301.25,,0.0,0.0,0.0,0.0,0.0,0.0,0.9976730677,,T,test-only,,table
apelblat1998_10.1006_jcht.1998.0381_t1,APELBLAT(1998),,psat_ratio,302.66,,0.0,0.0,0.0,0.0,0.0,0.0,0.9987736744,,T,test-only,,table
apelblat1998_10.1006_jcht.1998.0381_t1,APELBLAT(1998),,psat_ratio,304.21,,0.0,0.0,0.0,0.0,0.0,0.0,0.9984206529,,T,test-only,,table
apelblat1998_10.1006_jcht.1998.0381_t1,APELBLAT(1998),,psat_ratio,305.22,,0.0,0.0,0.0,0.0,0.0,0.0,0.9992366474,,T,test-only,,table
apelblat1998_10.1006_jcht.1998.0381_t1,APELBLAT(1998),,psat_ratio,314.28,,0.0,0.0,0.0,0.0,0.0,0.0,0.9994156136,,T,test-only,,table
apelblat1998_10.1006_jcht.1998.0381_t1,APELBLAT(1998),,psat_ratio,314.3,,0.0,0.0,0.0,0.0,0.0,0.0,0.999276518,,T,test-only,,table
apelblat1998_10.1006_jcht.1998.0381_t3,APELBLAT(1998),,psat_ratio,298.15,,0.0,1.2654,1.2654,0.0,0.0,0.0,0.9600213994,,T,test-only,,table
apelblat1998_10.1006_jcht.1998.0381_t3,APELBLAT(1998),,psat_ratio,298.15,,0.0,1.3116,1.3116,0.0,0.0,0.0,0.9596428421,,T,test-only,,table
apelblat1998_10.1006_jcht.1998.0381_t3,APELBLAT(1998),,psat_ratio,298.15,,0.0,3.3134,3.3134,0.0,0.0,0.0,0.8928274726,,T,test-only,,table
apelblat1998_10.1006_jcht.1998.0381_t3,APELBLAT(1998),,psat_ratio,298.15,,0.0,4.0197,4.0197,0.0,0.0,0.0,0.8696408359,,T,test-only,,table
apelblat1998_10.1006_jcht.1998.0381_t3,APELBLAT(1998),,psat_ratio,298.15,,0.0,4.0197,4.0197,0.0,0.0,0.0,0.8697985681,,T,test-only,,table
gruszkiewicz2005_10.1016_j.jct.2004.12.009_t2,GRUSZKIEWICZ(2005),,psat_ratio,413.15,,0.0,8.5596,0.0,4.2798,0.0,0.0,0.6806456076,,T,test-only,,table
gruszkiewicz2005_10.1016_j.jct.2004.12.009_t2,GRUSZKIEWICZ(2005),,psat_ratio,413.15,,0.0,9.3236,0.0,4.6618,0.0,0.0,0.6478690697,,T,test-only,,table
gruszkiewicz2005_10.1016_j.jct.2004.12.009_t2,GRUSZKIEWICZ(2005),,psat_ratio,413.15,,0.0,10.628,0.0,5.314,0.0,0.0,0.5963946925,,T,test-only,,table
gruszkiewicz2005_10.1016_j.jct.2004.12.009_t2,GRUSZKIEWICZ(2005),,psat_ratio,413.15,,0.0,11.553,0.0,5.7765,0.0,0.0,0.5621245402,,T,test-only,,table
gruszkiewicz2005_10.1016_j.jct.2004.12.009_t2,GRUSZKIEWICZ(2005),,psat_ratio,413.15,,0.0,11.5578,0.0,5.7789,0.0,0.0,0.5620692211,,T,test-only,,table
gruszkiewicz2005_10.1016_j.jct.2004.12.009_t2,GRUSZKIEWICZ(2005),,psat_ratio,413.15,,0.0,12.3752,0.0,6.1876,0.0,0.0,0.5346309716,,T,test-only,,table
gruszkiewicz2005_10.1016_j.jct.2004.12.009_t2,GRUSZKIEWICZ(2005),,psat_ratio,413.15,,0.0,12.3718,0.0,6.1859,0.0,0.0,0.5326118263,,T,test-only,,table
gruszkiewicz2005_10.1016_j.jct.2004.12.009_t2,GRUSZKIEWICZ(2005),,psat_ratio,413.15,,0.0,13.3886,0.0,6.6943,0.0,0.0,0.5013842218,,T,test-only,,table
gruszkiewicz2005_10.1016_j.jct.2004.12.009_t2,GRUSZKIEWICZ(2005),,psat_ratio,413.15,,0.0,13.3772,0.0,6.6886,0.0,0.0,0.5010523075,,T,test-only,,table
gruszkiewicz2005_10.1016_j.jct.2004.12.009_t2,GRUSZKIEWICZ(2005),,psat_ratio,413.15,,0.0,13.5494,0.0,6.7747,0.0,0.0,0.495188488,,T,test-only,,table
gruszkiewicz2005_10.1016_j.jct.2004.12.009_t2,GRUSZKIEWICZ(2005),,psat_ratio,413.15,,0.0,14.6368,0.0,7.3184,0.0,0.0,0.464458755,,T,test-only,,table
gruszkiewicz2005_10.1016_j.jct.2004.12.009_t2,GRUSZKIEWICZ(2005),,psat_ratio,413.15,,0.0,15.7594,0.0,7.8797,0.0,0.0,0.4366056127,,T,test-only,,table
gruszkiewicz2005_10.1016_j.jct.2004.12.009_t2,GRUSZKIEWICZ(2005),,psat_ratio,413.15,,0.0,17.04,0.0,8.52,0.0,0.0,0.401892908,,T,test-only,,table
gruszkiewicz2005_10.1016_j.jct.2004.12.009_t2,GRUSZKIEWICZ(2005),,psat_ratio,413.15,,0.0,18.1486,0.0,9.0743,0.0,0.0,0.376639761,,T,test-only,,table
gruszkiewicz2005_10.1016_j.jct.2004.12.009_t2,GRUSZKIEWICZ(2005),,psat_ratio,413.15,,0.0,19.383,0.0,9.6915,0.0,0.0,0.3514972522,,T,test-only,,table
gruszkiewicz2005_10.1016_j.jct.2004.12.009_t2,GRUSZKIEWICZ(2005),,psat_ratio,413.15,,0.0,20.7782,0.0,10.3891,0.0,0.0,0.3235334717,,T,test-only,,table
gruszkiewicz2005_10.1016_j.jct.2004.12.009_t2,GRUSZKIEWICZ(2005),,psat_ratio,413.15,,0.0,22.1524,0.0,11.0762,0.0,0.0,0.2999398963,,T,test-only,,table
gruszkiewicz2005_10.1016_j.jct.2004.12.009_t2,GRUSZKIEWICZ(2005),,psat_ratio,423.15,,0.0,10.7974,0.0,5.3987,0.0,0.0,0.6002756972,,T,test-only,,table
gruszkiewicz2005_10.1016_j.jct.2004.12.009_t2,GRUSZKIEWICZ(2005),,psat_ratio,433.15,,0.0,8.5768,0.0,4.2884,0.0,0.0,0.6962567043,,T,test-only,,table
gruszkiewicz2005_10.1016_j.jct.2004.12.009_t2,GRUSZKIEWICZ(2005),,psat_ratio,433.15,,0.0,9.81,0.0,4.905,0.0,0.0,0.6472461848,,T,test-only,,table
gruszkiewicz2005_10.1016_j.jct.2004.12.009_t2,GRUSZKIEWICZ(2005),,psat_ratio,433.15,,0.0,10.872,0.0,5.436,0.0,0.0,0.6080701193,,T,test-only,,table
gruszkiewicz2005_10.1016_j.jct.2004.12.009_t2,GRUSZKIEWICZ(2005),,psat_ratio,433.15,,0.0,10.8772,0.0,5.4386,0.0,0.0,0.6078921933,,T,test-only,,table
gruszkiewicz2005_10.1016_j.jct.2004.12.009_t2,GRUSZKIEWICZ(2005),,psat_ratio,433.15,,0.0,11.5356,0.0,5.7678,0.0,0.0,0.5853764695,,T,test-only,,table
gruszkiewicz2005_10.1016_j.jct.2004.12.009_t2,GRUSZKIEWICZ(2005),,psat_ratio,433.15,,0.0,12.508,0.0,6.254,0.0,0.0,0.5544820496,,T,test-only,,table
gruszkiewicz2005_10.1016_j.jct.2004.12.009_t2,GRUSZKIEWICZ(2005),,psat_ratio,433.15,,0.0,13.6382,0.0,6.8191,0.0,0.0,0.5196247329,,T,test-only,,table
gruszkiewicz2005_10.1016_j.jct.2004.12.009_t2,GRUSZKIEWICZ(2005),,psat_ratio,433.15,,0.0,15.086,0.0,7.543,0.0,0.0,0.4794781621,,T,test-only,,table
gruszkiewicz2005_10.1016_j.jct.2004.12.009_t2,GRUSZKIEWICZ(2005),,psat_ratio,433.15,,0.0,15.871,0.0,7.9355,0.0,0.0,0.4592431258,,T,test-only,,table
gruszkiewicz2005_10.1016_j.jct.2004.12.009_t2,GRUSZKIEWICZ(2005),,psat_ratio,433.15,,0.0,17.6534,0.0,8.8267,0.0,0.0,0.4180289991,,T,test-only,,table
gruszkiewicz2005_10.1016_j.jct.2004.12.009_t2,GRUSZKIEWICZ(2005),,psat_ratio,433.15,,0.0,19.8116,0.0,9.9058,0.0,0.0,0.3742268582,,T,test-only,,table
gruszkiewicz2005_10.1016_j.jct.2004.12.009_t2,GRUSZKIEWICZ(2005),,psat_ratio,433.15,,0.0,21.4034,0.0,10.7017,0.0,0.0,0.3448043714,,T,test-only,,table
gruszkiewicz2005_10.1016_j.jct.2004.12.009_t2,GRUSZKIEWICZ(2005),,psat_ratio,433.15,,0.0,22.9458,0.0,11.4729,0.0,0.0,0.3169670433,,T,test-only,,table
gruszkiewicz2005_10.1016_j.jct.2004.12.009_t2,GRUSZKIEWICZ(2005),,psat_ratio,433.15,,0.0,25.2488,0.0,12.6244,0.0,0.0,0.2828861308,,T,test-only,,table
gruszkiewicz2005_10.1016_j.jct.2004.12.009_t2,GRUSZKIEWICZ(2005),,psat_ratio,433.15,,0.0,27.6304,0.0,13.8152,0.0,0.0,0.2510212056,,T,test-only,,table
gruszkiewicz2005_10.1016_j.jct.2004.12.009_t2,GRUSZKIEWICZ(2005),,psat_ratio,433.15,,0.0,28.7564,0.0,14.3782,0.0,0.0,0.2384693365,,T,test-only,,table
gruszkiewicz2005_10.1016_j.jct.2004.12.009_t2,GRUSZKIEWICZ(2005),,psat_ratio,433.15,,0.0,30.0856,0.0,15.0428,0.0,0.0,0.2224236483,,T,test-only,,table
gruszkiewicz2005_10.1016_j.jct.2004.12.009_t2,GRUSZKIEWICZ(2005),,psat_ratio,443.15,,0.0,8.7742,0.0,4.3871,0.0,0.0,0.6967546743,,T,test-only,,table
gruszkiewicz2005_10.1016_j.jct.2004.12.009_t2,GRUSZKIEWICZ(2005),,psat_ratio,443.15,,0.0,11.2118,0.0,5.6059,0.0,0.0,0.6068895296,,T,test-only,,table
gruszkiewicz2005_10.1016_j.jct.2004.12.009_t2,GRUSZKIEWICZ(2005),,psat_ratio,453.15,,0.0,8.5834,0.0,4.2917,0.0,0.0,0.7120886492,,T,test-only,,table
gruszkiewicz2005_10.1016_j.jct.2004.12.009_t2,GRUSZKIEWICZ(2005),,psat_ratio,453.15,,0.0,9.7296,0.0,4.8648,0.0,0.0,0.6695781265,,T,test-only,,table
gruszkiewicz2005_10.1016_j.jct.2004.12.009_t2,GRUSZKIEWICZ(2005),,psat_ratio,453.15,,0.0,10.9764,0.0,5.4882,0.0,0.0,0.6258211072,,T,test-only,,table
gruszkiewicz2005_10.1016_j.jct.2004.12.009_t2,GRUSZKIEWICZ(2005),,psat_ratio,453.15,,0.0,11.5954,0.0,5.7977,0.0,0.0,0.6052987859,,T,test-only,,table
gruszkiewicz2005_10.1016_j.jct.2004.12.009_t2,GRUSZKIEWICZ(2005),,psat_ratio,453.15,,0.0,12.5688,0.0,6.2844,0.0,0.0,0.5747047715,,T,test-only,,table
gruszkiewicz2005_10.1016_j.jct.2004.12.009_t2,GRUSZKIEWICZ(2005),,psat_ratio,453.15,,0.0,14.1708,0.0,7.0854,0.0,0.0,0.5283450671,,T,test-only,,table
gruszkiewicz2005_10.1016_j.jct.2004.12.009_t2,GRUSZKIEWICZ(2005),,psat_ratio,453.15,,0.0,16.0358,0.0,8.0179,0.0,0.0,0.4809981374,,T,test-only,,table
gruszkiewicz2005_10.1016_j.jct.2004.12.009_t2,GRUSZKIEWICZ(2005),,psat_ratio,453.15,,0.0,17.3386,0.0,8.6693,0.0,0.0,0.4502445714,,T,test-only,,table
gruszkiewicz2005_10.1016_j.jct.2004.12.009_t2,GRUSZKIEWICZ(2005),,psat_ratio,453.15,,0.0,17.3402,0.0,8.6701,0.0,0.0,0.4501348797,,T,test-only,,table
gruszkiewicz2005_10.1016_j.jct.2004.12.009_t2,GRUSZKIEWICZ(2005),,psat_ratio,453.15,,0.0,18.2644,0.0,9.1322,0.0,0.0,0.4298818017,,T,test-only,,table
gruszkiewicz2005_10.1016_j.jct.2004.12.009_t2,GRUSZKIEWICZ(2005),,psat_ratio,453.15,,0.0,21.073,0.0,10.5365,0.0,0.0,0.3751755556,,T,test-only,,table
gruszkiewicz2005_10.1016_j.jct.2004.12.009_t2,GRUSZKIEWICZ(2005),,psat_ratio,453.15,,0.0,24.1604,0.0,12.0802,0.0,0.0,0.32400936,,T,test-only,,table
gruszkiewicz2005_10.1016_j.jct.2004.12.009_t2,GRUSZKIEWICZ(2005),,psat_ratio,453.15,,0.0,26.5546,0.0,13.2773,0.0,0.0,0.2897356874,,T,test-only,,table
gruszkiewicz2005_10.1016_j.jct.2004.12.009_t2,GRUSZKIEWICZ(2005),,psat_ratio,453.15,,0.0,29.8194,0.0,14.9097,0.0,0.0,0.2495187186,,T,test-only,,table
gruszkiewicz2005_10.1016_j.jct.2004.12.009_t2,GRUSZKIEWICZ(2005),,psat_ratio,453.15,,0.0,31.7864,0.0,15.8932,0.0,0.0,0.2277299567,,T,test-only,,table
gruszkiewicz2005_10.1016_j.jct.2004.12.009_t2,GRUSZKIEWICZ(2005),,psat_ratio,473.15,,0.0,5.897,0.0,2.9485,0.0,0.0,0.8287265278,,T,test-only,,table
gruszkiewicz2005_10.1016_j.jct.2004.12.009_t2,GRUSZKIEWICZ(2005),,psat_ratio,473.15,,0.0,6.6274,0.0,3.3137,0.0,0.0,0.8022043978,,T,test-only,,table
gruszkiewicz2005_10.1016_j.jct.2004.12.009_t2,GRUSZKIEWICZ(2005),,psat_ratio,473.15,,0.0,7.2058,0.0,3.6029,0.0,0.0,0.7800104427,,T,test-only,,table
gruszkiewicz2005_10.1016_j.jct.2004.12.009_t2,GRUSZKIEWICZ(2005),,psat_ratio,473.15,,0.0,7.639,0.0,3.8195,0.0,0.0,0.7646721109,,T,test-only,,table
gruszkiewicz2005_10.1016_j.jct.2004.12.009_t2,GRUSZKIEWICZ(2005),,psat_ratio,473.15,,0.0,7.6412,0.0,3.8206,0.0,0.0,0.7646206616,,T,test-only,,table
gruszkiewicz2005_10.1016_j.jct.2004.12.009_t2,GRUSZKIEWICZ(2005),,psat_ratio,473.15,,0.0,8.8068,0.0,4.4034,0.0,0.0,0.7220527715,,T,test-only,,table
gruszkiewicz2005_10.1016_j.jct.2004.12.009_t2,GRUSZKIEWICZ(2005),,psat_ratio,473.15,,0.0,9.516,0.0,4.758,0.0,0.0,0.6974214043,,T,test-only,,table
gruszkiewicz2005_10.1016_j.jct.2004.12.009_t2,GRUSZKIEWICZ(2005),,psat_ratio,473.15,,0.0,10.873,0.0,5.4365,0.0,0.0,0.6523196347,,T,test-only,,table
gruszkiewicz2005_10.1016_j.jct.2004.12.009_t2,GRUSZKIEWICZ(2005),,psat_ratio,473.15,,0.0,12.1578,0.0,6.0789,0.0,0.0,0.611970497,,T,test-only,,table
gruszkiewicz2005_10.1016_j.jct.2004.12.009_t2,GRUSZKIEWICZ(2005),,psat_ratio,473.15,,0.0,13.7036,0.0,6.8518,0.0,0.0,0.5680070438,,T,test-only,,table
gruszkiewicz2005_10.1016_j.jct.2004.12.009_t2,GRUSZKIEWICZ(2005),,psat_ratio,473.15,,0.0,13.6868,0.0,6.8434,0.0,0.0,0.5679748879,,T,test-only,,table
gruszkiewicz2005_10.1016_j.jct.2004.12.009_t2,GRUSZKIEWICZ(2005),,psat_ratio,473.15,,0.0,15.011,0.0,7.5055,0.0,0.0,0.5325777483,,T,test-only,,table
gruszkiewicz2005_10.1016_j.jct.2004.12.009_t2,GRUSZKIEWICZ(2005),,psat_ratio,473.15,,0.0,15.0496,0.0,7.5248,0.0,0.0,0.5324684185,,T,test-only,,table
gruszkiewicz2005_10.1016_j.jct.2004.12.009_t2,GRUSZKIEWICZ(2005),,psat_ratio,473.15,,0.0,16.9272,0.0,8.4636,0.0,0.0,0.4862219012,,T,test-only,,table
gruszkiewicz2005_10.1016_j.jct.2004.12.009_t2,GRUSZKIEWICZ(2005),,psat_ratio,473.15,,0.0,18.611,0.0,9.3055,0.0,0.0,0.4493906115,,T,test-only,,table
gruszkiewicz2005_10.1016_j.jct.2004.12.009_t2,GRUSZKIEWICZ(2005),,psat_ratio,473.15,,0.0,20.4276,0.0,10.2138,0.0,0.0,0.4136847759,,T,test-only,,table
gruszkiewicz2005_10.1016_j.jct.2004.12.009_t2,GRUSZKIEWICZ(2005),,psat_ratio,473.15,,0.0,21.1486,0.0,10.5743,0.0,0.0,0.4003979862,,T,test-only,,table
gruszkiewicz2005_10.1016_j.jct.2004.12.009_t2,GRUSZKIEWICZ(2005),,psat_ratio,473.15,,0.0,21.1442,0.0,10.5721,0.0,0.0,0.4002629317,,T,test-only,,table
gruszkiewicz2005_10.1016_j.jct.2004.12.009_t2,GRUSZKIEWICZ(2005),,psat_ratio,473.15,,0.0,22.2356,0.0,11.1178,0.0,0.0,0.3807636353,,T,test-only,,table
gruszkiewicz2005_10.1016_j.jct.2004.12.009_t2,GRUSZKIEWICZ(2005),,psat_ratio,473.15,,0.0,24.22,0.0,12.11,0.0,0.0,0.348897206,,T,test-only,,table
gruszkiewicz2005_10.1016_j.jct.2004.12.009_t2,GRUSZKIEWICZ(2005),,psat_ratio,473.15,,0.0,26.8982,0.0,13.4491,0.0,0.0,0.3093391017,,T,test-only,,table
gruszkiewicz2005_10.1016_j.jct.2004.12.009_t2,GRUSZKIEWICZ(2005),,psat_ratio,473.15,,0.0,29.8696,0.0,14.9348,0.0,0.0,0.27304803,,T,test-only,,table
gruszkiewicz2005_10.1016_j.jct.2004.12.009_t2,GRUSZKIEWICZ(2005),,psat_ratio,473.15,,0.0,33.3244,0.0,16.6622,0.0,0.0,0.2363196389,,T,test-only,,table
gruszkiewicz2005_10.1016_j.jct.2004.12.009_t2,GRUSZKIEWICZ(2005),,psat_ratio,473.15,,0.0,36.094,0.0,18.047,0.0,0.0,0.2093280337,,T,test-only,,table
gruszkiewicz2005_10.1016_j.jct.2004.12.009_t2,GRUSZKIEWICZ(2005),,psat_ratio,498.15,,0.0,6.4408,0.0,3.2204,0.0,0.0,0.8200495409,,T,test-only,,table
gruszkiewicz2005_10.1016_j.jct.2004.12.009_t2,GRUSZKIEWICZ(2005),,psat_ratio,498.15,,0.0,6.445,0.0,3.2225,0.0,0.0,0.8197593134,,T,test-only,,table
gruszkiewicz2005_10.1016_j.jct.2004.12.009_t2,GRUSZKIEWICZ(2005),,psat_ratio,498.15,,0.0,7.2164,0.0,3.6082,0.0,0.0,0.7934898035,,T,test-only,,table
gruszkiewicz2005_10.1016_j.jct.2004.12.009_t2,GRUSZKIEWICZ(2005),,psat_ratio,498.15,,0.0,8.2114,0.0,4.1057,0.0,0.0,0.7589919521,,T,test-only,,table
gruszkiewicz2005_10.1016_j.jct.2004.12.009_t2,GRUSZKIEWICZ(2005),,psat_ratio,498.15,,0.0,9.4224,0.0,4.7112,0.0,0.0,0.7186895508,,T,test-only,,table
gruszkiewicz2005_10.1016_j.jct.2004.12.009_t2,GRUSZKIEWICZ(2005),,psat_ratio,498.15,,0.0,10.0974,0.0,5.0487,0.0,0.0,0.6966401055,,T,test-only,,table
gruszkiewicz2005_10.1016_j.jct.2004.12.009_t2,GRUSZKIEWICZ(2005),,psat_ratio,498.15,,0.0,10.7814,0.0,5.3907,0.0,0.0,0.677520389,,T,test-only,,table
gruszkiewicz2005_10.1016_j.jct.2004.12.009_t2,GRUSZKIEWICZ(2005),,psat_ratio,498.15,,0.0,10.7746,0.0,5.3873,0.0,0.0,0.6771595657,,T,test-only,,table
gruszkiewicz2005_10.1016_j.jct.2004.12.009_t2,GRUSZKIEWICZ(2005),,psat_ratio,498.15,,0.0,10.771,0.0,5.3855,0.0,0.0,0.6770536718,,T,test-only,,table
gruszkiewicz2005_10.1016_j.jct.2004.12.009_t2,GRUSZKIEWICZ(2005),,psat_ratio,498.15,,0.0,11.1854,0.0,5.5927,0.0,0.0,0.6633659159,,T,test-only,,table
gruszkiewicz2005_10.1016_j.jct.2004.12.009_t2,GRUSZKIEWICZ(2005),,psat_ratio,498.15,,0.0,12.6204,0.0,6.3102,0.0,0.0,0.6213103837,,T,test-only,,table
gruszkiewicz2005_10.1016_j.jct.2004.12.009_t2,GRUSZKIEWICZ(2005),,psat_ratio,498.15,,0.0,14.5618,0.0,7.2809,0.0,0.0,0.5691635632,,T,test-only,,table
gruszkiewicz2005_10.1016_j.jct.2004.12.009_t2,GRUSZKIEWICZ(2005),,psat_ratio,498.15,,0.0,15.496,0.0,7.748,0.0,0.0,0.5472670756,,T,test-only,,table
gruszkiewicz2005_10.1016_j.jct.2004.12.009_t2,GRUSZKIEWICZ(2005),,psat_ratio,498.15,,0.0,17.0004,0.0,8.5002,0.0,0.0,0.5104670142,,T,test-only,,table
gruszkiewicz2005_10.1016_j.jct.2004.12.009_t2,GRUSZKIEWICZ(2005),,psat_ratio,498.15,,0.0,18.904,0.0,9.452,0.0,0.0,0.4708666497,,T,test-only,,table
gruszkiewicz2005_10.1016_j.jct.2004.12.009_t2,GRUSZKIEWICZ(2005),,psat_ratio,498.15,,0.0,20.86,0.0,10.43,0.0,0.0,0.4316977044,,T,test-only,,table
gruszkiewicz2005_10.1016_j.jct.2004.12.009_t2,GRUSZKIEWICZ(2005),,psat_ratio,498.15,,0.0,23.4586,0.0,11.7293,0.0,0.0,0.3864888898,,T,test-only,,table
gruszkiewicz2005_10.1016_j.jct.2004.12.009_t2,GRUSZKIEWICZ(2005),,psat_ratio,498.15,,0.0,26.3256,0.0,13.1628,0.0,0.0,0.3437705407,,T,test-only,,table
gruszkiewicz2005_10.1016_j.jct.2004.12.009_t2,GRUSZKIEWICZ(2005),,psat_ratio,498.15,,0.0,28.8018,0.0,14.4009,0.0,0.0,0.308825582,,T,test-only,,table
gruszkiewicz2005_10.1016_j.jct.2004.12.009_t2,GRUSZKIEWICZ(2005),,psat_ratio,498.15,,0.0,29.16,0.0,14.58,0.0,0.0,0.3040132965,,T,test-only,,table
gruszkiewicz2005_10.1016_j.jct.2004.12.009_t2,GRUSZKIEWICZ(2005),,psat_ratio,498.15,,0.0,32.5924,0.0,16.2962,0.0,0.0,0.2681231375,,T,test-only,,table
gruszkiewicz2005_10.1016_j.jct.2004.12.009_t2,GRUSZKIEWICZ(2005),,psat_ratio,498.15,,0.0,37.6002,0.0,18.8001,0.0,0.0,0.2143330019,,T,test-only,,table
gruszkiewicz2005_10.1016_j.jct.2004.12.009_t2,GRUSZKIEWICZ(2005),,psat_ratio,523.15,,0.0,6.5196,0.0,3.2598,0.0,0.0,0.8311832496,,T,test-only,,table
gruszkiewicz2005_10.1016_j.jct.2004.12.009_t2,GRUSZKIEWICZ(2005),,psat_ratio,523.15,,0.0,7.3744,0.0,3.6872,0.0,0.0,0.8045621875,,T,test-only,,table
gruszkiewicz2005_10.1016_j.jct.2004.12.009_t2,GRUSZKIEWICZ(2005),,psat_ratio,523.15,,0.0,8.302,0.0,4.151,0.0,0.0,0.7747144061,,T,test-only,,table
gruszkiewicz2005_10.1016_j.jct.2004.12.009_t2,GRUSZKIEWICZ(2005),,psat_ratio,523.15,,0.0,8.5434,0.0,4.2717,0.0,0.0,0.7667871895,,T,test-only,,table
gruszkiewicz2005_10.1016_j.jct.2004.12.009_t2,GRUSZKIEWICZ(2005),,psat_ratio,523.15,,0.0,9.731,0.0,4.8655,0.0,0.0,0.731331003,,T,test-only,,table
gruszkiewicz2005_10.1016_j.jct.2004.12.009_t2,GRUSZKIEWICZ(2005),,psat_ratio,523.15,,0.0,10.6494,0.0,5.3247,0.0,0.0,0.7036913739,,T,test-only,,table
gruszkiewicz2005_10.1016_j.jct.2004.12.009_t2,GRUSZKIEWICZ(2005),,psat_ratio,523.15,,0.0,10.7986,0.0,5.3993,0.0,0.0,0.6983168619,,T,test-only,,table
gruszkiewicz2005_10.1016_j.jct.2004.12.009_t2,GRUSZKIEWICZ(2005),,psat_ratio,523.15,,0.0,12.1506,0.0,6.0753,0.0,0.0,0.6594277278,,T,test-only,,table
gruszkiewicz2005_10.1016_j.jct.2004.12.009_t2,GRUSZKIEWICZ(2005),,psat_ratio,523.15,,0.0,13.2582,0.0,6.6291,0.0,0.0,0.6299873732,,T,test-only,,table
gruszkiewicz2005_10.1016_j.jct.2004.12.009_t2,GRUSZKIEWICZ(2005),,psat_ratio,523.15,,0.0,15.2698,0.0,7.6349,0.0,0.0,0.5783120814,,T,test-only,,table
gruszkiewicz2005_10.1016_j.jct.2004.12.009_t2,GRUSZKIEWICZ(2005),,psat_ratio,523.15,,0.0,16.2948,0.0,8.1474,0.0,0.0,0.5553151052,,T,test-only,,table
gruszkiewicz2005_10.1016_j.jct.2004.12.009_t2,GRUSZKIEWICZ(2005),,psat_ratio,523.15,,0.0,18.2886,0.0,9.1443,0.0,0.0,0.5108678656,,T,test-only,,table
gruszkiewicz2005_10.1016_j.jct.2004.12.009_t2,GRUSZKIEWICZ(2005),,psat_ratio,523.15,,0.0,18.3726,0.0,9.1863,0.0,0.0,0.5096103756,,T,test-only,,table
gruszkiewicz2005_10.1016_j.jct.2004.12.009_t2,GRUSZKIEWICZ(2005),,psat_ratio,523.15,,0.0,19.7896,0.0,9.8948,0.0,0.0,0.478920076,,T,test-only,,table
gruszkiewicz2005_10.1016_j.jct.2004.12.009_t2,GRUSZKIEWICZ(2005),,psat_ratio,523.15,,0.0,21.3176,0.0,10.6588,0.0,0.0,0.4516929037,,T,test-only,,table
gruszkiewicz2005_10.1016_j.jct.2004.12.009_t2,GRUSZKIEWICZ(2005),,psat_ratio,523.15,,0.0,26.071,0.0,13.0355,0.0,0.0,0.374975957,,T,test-only,,table
gruszkiewicz2005_10.1016_j.jct.2004.12.009_t2,GRUSZKIEWICZ(2005),,psat_ratio,523.15,,0.0,30.1664,0.0,15.0832,0.0,0.0,0.3216332335,,T,test-only,,table
gruszkiewicz2005_10.1016_j.jct.2004.12.009_t2,GRUSZKIEWICZ(2005),,psat_ratio,523.15,,0.0,31.6212,0.0,15.8106,0.0,0.0,0.3040007095,,T,test-only,,table
gruszkiewicz2005_10.1016_j.jct.2004.12.009_t2,GRUSZKIEWICZ(2005),,psat_ratio,523.15,,0.0,36.9242,0.0,18.4621,0.0,0.0,0.2450546108,,T,test-only,,table
gruszkiewicz2005_10.1016_j.jct.2004.12.009_t2,GRUSZKIEWICZ(2005),,psat_ratio,523.15,,0.0,38.8122,0.0,19.4061,0.0,0.0,0.233513368,,T,test-only,,table
fabuss1966_10.1016_s0011-9164(00)84013-8_t1,FABUSS(1966),,psat_ratio,348.15,,0.10015,0.10015,0.0,0.0,0.0,0.0,0.9962,,T,test-only,pressure-unstated,table
fabuss1966_10.1016_s0011-9164(00)84013-8_t1,FABUSS(1966),,psat_ratio,348.15,,1.0015,1.0015,0.0,0.0,0.0,0.0,0.9637,,T,test-only,pressure-unstated,table
fabuss1966_10.1016_s0011-9164(00)84013-8_t1,FABUSS(1966),,psat_ratio,348.15,,2.00286,2.00286,0.0,0.0,0.0,0.0,0.9267,,T,test-only,pressure-unstated,table
fabuss1966_10.1016_s0011-9164(00)84013-8_t1,FABUSS(1966),,psat_ratio,348.15,,2.5035,2.5035,0.0,0.0,0.0,0.0,0.907,,T,test-only,pressure-unstated,table
fabuss1966_10.1016_s0011-9164(00)84013-8_t1,FABUSS(1966),,psat_ratio,348.15,,3.5437,3.5437,0.0,0.0,0.0,0.0,0.8651,,T,test-only,pressure-unstated,table
fabuss1966_10.1016_s0011-9164(00)84013-8_t1,FABUSS(1966),,psat_ratio,373.15,,0.10037,0.10037,0.0,0.0,0.0,0.0,0.9966,,T,test-only,pressure-unstated,table
fabuss1966_10.1016_s0011-9164(00)84013-8_t1,FABUSS(1966),,psat_ratio,373.15,,1.00375,1.00375,0.0,0.0,0.0,0.0,0.9653,,T,test-only,pressure-unstated,table
fabuss1966_10.1016_s0011-9164(00)84013-8_t1,FABUSS(1966),,psat_ratio,373.15,,2.0072,2.0072,0.0,0.0,0.0,0.0,0.9293,,T,test-only,pressure-unstated,table
fabuss1966_10.1016_s0011-9164(00)84013-8_t1,FABUSS(1966),,psat_ratio,373.15,,2.50885,2.50885,0.0,0.0,0.0,0.0,0.9104,,T,test-only,pressure-unstated,table
fabuss1966_10.1016_s0011-9164(00)84013-8_t1,FABUSS(1966),,psat_ratio,373.15,,3.55092,3.55092,0.0,0.0,0.0,0.0,0.868,,T,test-only,pressure-unstated,table
fabuss1966_10.1016_s0011-9164(00)84013-8_t1,FABUSS(1966),,psat_ratio,398.15,,0.10084,0.10084,0.0,0.0,0.0,0.0,0.9954,,T,test-only,pressure-unstated;vapour-nonideality-by-authors,table
fabuss1966_10.1016_s0011-9164(00)84013-8_t1,FABUSS(1966),,psat_ratio,398.15,,1.00811,1.00811,0.0,0.0,0.0,0.0,0.9659,,T,test-only,pressure-unstated;vapour-nonideality-by-authors,table
fabuss1966_10.1016_s0011-9164(00)84013-8_t1,FABUSS(1966),,psat_ratio,398.15,,2.01622,2.01622,0.0,0.0,0.0,0.0,0.9296,,T,test-only,pressure-unstated;vapour-nonideality-by-authors,table
fabuss1966_10.1016_s0011-9164(00)84013-8_t1,FABUSS(1966),,psat_ratio,398.15,,2.519,2.519,0.0,0.0,0.0,0.0,0.9108,,T,test-only,pressure-unstated;vapour-nonideality-by-authors,table
fabuss1966_10.1016_s0011-9164(00)84013-8_t1,FABUSS(1966),,psat_ratio,398.15,,3.56494,3.56494,0.0,0.0,0.0,0.0,0.8701,,T,test-only,pressure-unstated;vapour-nonideality-by-authors,table
fabuss1966_10.1016_s0011-9164(00)84013-8_t1,FABUSS(1966),,psat_ratio,423.15,,0.10167,0.10167,0.0,0.0,0.0,0.0,0.9957,,T,test-only,pressure-unstated;vapour-nonideality-by-authors,table
fabuss1966_10.1016_s0011-9164(00)84013-8_t1,FABUSS(1966),,psat_ratio,423.15,,1.0162,1.0162,0.0,0.0,0.0,0.0,0.9656,,T,test-only,pressure-unstated;vapour-nonideality-by-authors,table
fabuss1966_10.1016_s0011-9164(00)84013-8_t1,FABUSS(1966),,psat_ratio,423.15,,2.03142,2.03142,0.0,0.0,0.0,0.0,0.929,,T,test-only,pressure-unstated;vapour-nonideality-by-authors,table
fabuss1966_10.1016_s0011-9164(00)84013-8_t1,FABUSS(1966),,psat_ratio,423.15,,2.53805,2.53805,0.0,0.0,0.0,0.0,0.9103,,T,test-only,pressure-unstated;vapour-nonideality-by-authors,table
fabuss1966_10.1016_s0011-9164(00)84013-8_t1,FABUSS(1966),,psat_ratio,423.15,,3.59052,3.59052,0.0,0.0,0.0,0.0,0.8713,,T,test-only,pressure-unstated;vapour-nonideality-by-authors,table
fabuss1966_10.1016_s0011-9164(00)84013-8_t2,FABUSS(1966),,psat_ratio,348.15,,0.0,0.05007,0.05007,0.0,0.0,0.0,0.9976,,T,test-only,pressure-unstated,table
fabuss1966_10.1016_s0011-9164(00)84013-8_t2,FABUSS(1966),,psat_ratio,348.15,,0.0,0.70887,0.70887,0.0,0.0,0.0,0.9765,,T,test-only,pressure-unstated,table
fabuss1966_10.1016_s0011-9164(00)84013-8_t2,FABUSS(1966),,psat_ratio,348.15,,0.0,1.41769,1.41769,0.0,0.0,0.0,0.9536,,T,test-only,pressure-unstated,table
fabuss1966_10.1016_s0011-9164(00)84013-8_t2,FABUSS(1966),,psat_ratio,348.15,,0.0,3.54374,3.54374,0.0,0.0,0.0,0.873,,T,test-only,pressure-unstated,table
fabuss1966_10.1016_s0011-9164(00)84013-8_t2,FABUSS(1966),,psat_ratio,373.15,,0.0,0.05019,0.05019,0.0,0.0,0.0,0.9971,,T,test-only,pressure-unstated,table
fabuss1966_10.1016_s0011-9164(00)84013-8_t2,FABUSS(1966),,psat_ratio,373.15,,0.0,0.71048,0.71048,0.0,0.0,0.0,0.9763,,T,test-only,pressure-unstated,table
fabuss1966_10.1016_s0011-9164(00)84013-8_t2,FABUSS(1966),,psat_ratio,373.15,,0.0,1.42082,1.42082,0.0,0.0,0.0,0.9525,,T,test-only,pressure-unstated,table
fabuss1966_10.1016_s0011-9164(00)84013-8_t2,FABUSS(1966),,psat_ratio,373.15,,0.0,3.5511,3.5511,0.0,0.0,0.0,0.8818,,T,test-only,pressure-unstated,table
fabuss1966_10.1016_s0011-9164(00)84013-8_t2,FABUSS(1966),,psat_ratio,398.15,,0.0,0.05042,0.05042,0.0,0.0,0.0,0.9973,,T,test-only,pressure-unstated;vapour-nonideality-by-authors,table
fabuss1966_10.1016_s0011-9164(00)84013-8_t2,FABUSS(1966),,psat_ratio,398.15,,0.0,0.71361,0.71361,0.0,0.0,0.0,0.9758,,T,test-only,pressure-unstated;vapour-nonideality-by-authors,table
fabuss1966_10.1016_s0011-9164(00)84013-8_t2,FABUSS(1966),,psat_ratio,398.15,,0.0,1.42692,1.42692,0.0,0.0,0.0,0.9534,,T,test-only,pressure-unstated;vapour-nonideality-by-authors,table
fabuss1966_10.1016_s0011-9164(00)84013-8_t2,FABUSS(1966),,psat_ratio,398.15,,0.0,3.56518,3.56518,0.0,0.0,0.0,0.8827,,T,test-only,pressure-unstated;vapour-nonideality-by-authors,table
fabuss1966_10.1016_s0011-9164(00)84013-8_t2,FABUSS(1966),,psat_ratio,423.15,,0.0,0.7194,0.7194,0.0,0.0,0.0,0.9757,,T,test-only,pressure-unstated;vapour-nonideality-by-authors,table
fabuss1966_10.1016_s0011-9164(00)84013-8_t2,FABUSS(1966),,psat_ratio,423.15,,0.0,1.43823,1.43823,0.0,0.0,0.0,0.9534,,T,test-only,pressure-unstated;vapour-nonideality-by-authors,table
fabuss1966_10.1016_s0011-9164(00)84013-8_t2,FABUSS(1966),,psat_ratio,423.15,,0.0,3.5913,3.5913,0.0,0.0,0.0,0.8822,,T,test-only,pressure-unstated;vapour-nonideality-by-authors,table
fabuss1966_10.1016_s0011-9164(00)84013-8_t3,FABUSS(1966),,psat_ratio,348.15,,0.2003,0.0,0.0,0.0,0.0,0.10015,0.9976,,T,test-only,pressure-unstated,table
fabuss1966_10.1016_s0011-9164(00)84013-8_t3,FABUSS(1966),,psat_ratio,348.15,,0.30046,0.0,0.0,0.0,0.0,0.15023,0.9931,,T,test-only,pressure-unstated,table
fabuss1966_10.1016_s0011-9164(00)84013-8_t3,FABUSS(1966),,psat_ratio,348.15,,0.47258,0.0,0.0,0.0,0.0,0.23629,0.9893,,T,test-only,pressure-unstated,table
fabuss1966_10.1016_s0011-9164(00)84013-8_t3,FABUSS(1966),,psat_ratio,348.15,,0.94516,0.0,0.0,0.0,0.0,0.47258,0.9824,,T,test-only,pressure-unstated,table
fabuss1966_10.1016_s0011-9164(00)84013-8_t3,FABUSS(1966),,psat_ratio,348.15,,2.36278,0.0,0.0,0.0,0.0,1.18139,0.9582,,T,test-only,pressure-unstated,table
fabuss1966_10.1016_s0011-9164(00)84013-8_t3,FABUSS(1966),,psat_ratio,373.15,,0.20076,0.0,0.0,0.0,0.0,0.10038,0.9962,,T,test-only,pressure-unstated,table
fabuss1966_10.1016_s0011-9164(00)84013-8_t3,FABUSS(1966),,psat_ratio,373.15,,0.30114,0.0,0.0,0.0,0.0,0.15057,0.9934,,T,test-only,pressure-unstated,table
fabuss1966_10.1016_s0011-9164(00)84013-8_t3,FABUSS(1966),,psat_ratio,373.15,,0.47368,0.0,0.0,0.0,0.0,0.23684,0.9906,,T,test-only,pressure-unstated,table
fabuss1966_10.1016_s0011-9164(00)84013-8_t3,FABUSS(1966),,psat_ratio,373.15,,0.94732,0.0,0.0,0.0,0.0,0.47366,0.9822,,T,test-only,pressure-unstated,table
fabuss1966_10.1016_s0011-9164(00)84013-8_t3,FABUSS(1966),,psat_ratio,373.15,,2.36804,0.0,0.0,0.0,0.0,1.18402,0.957,,T,test-only,pressure-unstated,table
fabuss1966_10.1016_s0011-9164(00)84013-8_t3,FABUSS(1966),,psat_ratio,398.15,,0.20168,0.0,0.0,0.0,0.0,0.10084,0.9946,,T,test-only,pressure-unstated;vapour-nonideality-by-authors,table
fabuss1966_10.1016_s0011-9164(00)84013-8_t3,FABUSS(1966),,psat_ratio,398.15,,0.30252,0.0,0.0,0.0,0.0,0.15126,0.9927,,T,test-only,pressure-unstated;vapour-nonideality-by-authors,table
fabuss1966_10.1016_s0011-9164(00)84013-8_t3,FABUSS(1966),,psat_ratio,398.15,,0.4758,0.0,0.0,0.0,0.0,0.2379,0.9911,,T,test-only,pressure-unstated;vapour-nonideality-by-authors,table
fabuss1966_10.1016_s0011-9164(00)84013-8_t3,FABUSS(1966),,psat_ratio,398.15,,0.95154,0.0,0.0,0.0,0.0,0.47577,0.9814,,T,test-only,pressure-unstated;vapour-nonideality-by-authors,table
fabuss1966_10.1016_s0011-9164(00)84013-8_t3,FABUSS(1966),,psat_ratio,398.15,,2.37826,0.0,0.0,0.0,0.0,1.18913,0.9587,,T,test-only,pressure-unstated;vapour-nonideality-by-authors,table
fabuss1966_10.1016_s0011-9164(00)84013-8_t3,FABUSS(1966),,psat_ratio,423.15,,0.2134,0.0,0.0,0.0,0.0,0.1067,0.9947,,T,test-only,pressure-unstated;vapour-nonideality-by-authors,table
fabuss1966_10.1016_s0011-9164(00)84013-8_t3,FABUSS(1966),,psat_ratio,423.15,,0.30508,0.0,0.0,0.0,0.0,0.15254,0.9926,,T,test-only,pressure-unstated;vapour-nonideality-by-authors,table
fabuss1966_10.1016_s0011-9164(00)84013-8_t3,FABUSS(1966),,psat_ratio,423.15,,0.47972,0.0,0.0,0.0,0.0,0.23986,0.9908,,T,test-only,pressure-unstated;vapour-nonideality-by-authors,table
fabuss1966_10.1016_s0011-9164(00)84013-8_t3,FABUSS(1966),,psat_ratio,423.15,,0.95928,0.0,0.0,0.0,0.0,0.47964,0.982,,T,test-only,pressure-unstated;vapour-nonideality-by-authors,table
fabuss1966_10.1016_s0011-9164(00)84013-8_t3,FABUSS(1966),,psat_ratio,423.15,,2.39732,0.0,0.0,0.0,0.0,1.19866,0.9603,,T,test-only,pressure-unstated;vapour-nonideality-by-authors,table
fabuss1966_10.1016_s0011-9164(00)84013-8_t4,FABUSS(1966),,psat_ratio,348.15,,0.0,0.0,0.0,0.0,0.17722,0.17722,0.9969,,T,test-only,pressure-unstated,table
fabuss1966_10.1016_s0011-9164(00)84013-8_t4,FABUSS(1966),,psat_ratio,348.15,,0.0,0.0,0.0,0.0,0.20031,0.20031,0.9965,,T,test-only,pressure-unstated,table
fabuss1966_10.1016_s0011-9164(00)84013-8_t4,FABUSS(1966),,psat_ratio,348.15,,0.0,0.0,0.0,0.0,0.30046,0.30046,0.9948,,T,test-only,pressure-unstated,table
fabuss1966_10.1016_s0011-9164(00)84013-8_t4,FABUSS(1966),,psat_ratio,348.15,,0.0,0.0,0.0,0.0,0.35444,0.35444,0.9945,,T,test-only,pressure-unstated,table
fabuss1966_10.1016_s0011-9164(00)84013-8_t4,FABUSS(1966),,psat_ratio,348.15,,0.0,0.0,0.0,0.0,0.88611,0.88611,0.9862,,T,test-only,pressure-unstated,table
fabuss1966_10.1016_s0011-9164(00)84013-8_t4,FABUSS(1966),,psat_ratio,373.15,,0.0,0.0,0.0,0.0,0.17763,0.17763,0.997,,T,test-only,pressure-unstated,table
fabuss1966_10.1016_s0011-9164(00)84013-8_t4,FABUSS(1966),,psat_ratio,373.15,,0.0,0.0,0.0,0.0,0.20077,0.20077,0.9964,,T,test-only,pressure-unstated,table
fabuss1966_10.1016_s0011-9164(00)84013-8_t4,FABUSS(1966),,psat_ratio,373.15,,0.0,0.0,0.0,0.0,0.30116,0.30116,0.9954,,T,test-only,pressure-unstated,table
fabuss1966_10.1016_s0011-9164(00)84013-8_t4,FABUSS(1966),,psat_ratio,373.15,,0.0,0.0,0.0,0.0,0.35526,0.35526,0.9945,,T,test-only,pressure-unstated,table
fabuss1966_10.1016_s0011-9164(00)84013-8_t4,FABUSS(1966),,psat_ratio,373.15,,0.0,0.0,0.0,0.0,0.88815,0.88815,0.9867,,T,test-only,pressure-unstated,table
fabuss1966_10.1016_s0011-9164(00)84013-8_t4,FABUSS(1966),,psat_ratio,398.15,,0.0,0.0,0.0,0.0,0.17844,0.17844,0.9971,,T,test-only,pressure-unstated;vapour-nonideality-by-authors,table
fabuss1966_10.1016_s0011-9164(00)84013-8_t4,FABUSS(1966),,psat_ratio,398.15,,0.0,0.0,0.0,0.0,0.20169,0.20169,0.9968,,T,test-only,pressure-unstated;vapour-nonideality-by-authors,table
fabuss1966_10.1016_s0011-9164(00)84013-8_t4,FABUSS(1966),,psat_ratio,398.15,,0.0,0.0,0.0,0.0,0.30253,0.30253,0.9956,,T,test-only,pressure-unstated;vapour-nonideality-by-authors,table
fabuss1966_10.1016_s0011-9164(00)84013-8_t4,FABUSS(1966),,psat_ratio,398.15,,0.0,0.0,0.0,0.0,0.35687,0.35687,0.9949,,T,test-only,pressure-unstated;vapour-nonideality-by-authors,table
fabuss1966_10.1016_s0011-9164(00)84013-8_t4,FABUSS(1966),,psat_ratio,398.15,,0.0,0.0,0.0,0.0,0.89212,0.89212,0.9873,,T,test-only,pressure-unstated;vapour-nonideality-by-authors,table
fabuss1966_10.1016_s0011-9164(00)84013-8_t4,FABUSS(1966),,psat_ratio,423.15,,0.0,0.0,0.0,0.0,0.17991,0.17991,0.997,,T,test-only,pressure-unstated;vapour-nonideality-by-authors,table
fabuss1966_10.1016_s0011-9164(00)84013-8_t4,FABUSS(1966),,psat_ratio,423.15,,0.0,0.0,0.0,0.0,0.20325,0.20325,0.9967,,T,test-only,pressure-unstated;vapour-nonideality-by-authors,table
fabuss1966_10.1016_s0011-9164(00)84013-8_t4,FABUSS(1966),,psat_ratio,423.15,,0.0,0.0,0.0,0.0,0.30501,0.30501,0.9956,,T,test-only,pressure-unstated;vapour-nonideality-by-authors,table
fabuss1966_10.1016_s0011-9164(00)84013-8_t4,FABUSS(1966),,psat_ratio,423.15,,0.0,0.0,0.0,0.0,0.35982,0.35982,0.995,,T,test-only,pressure-unstated;vapour-nonideality-by-authors,table
fabuss1966_10.1016_s0011-9164(00)84013-8_t4,FABUSS(1966),,psat_ratio,423.15,,0.0,0.0,0.0,0.0,0.89944,0.89944,0.9882,,T,test-only,pressure-unstated;vapour-nonideality-by-authors,table
shiah1996_10.1016_s0378-3812(96)03013-0_t1,SHIAH(1996),,psat_ratio,298.15,,0.645,0.967,0.322,0.0,0.0,0.0,0.9631388908,,T,test-only,,table
shiah1996_10.1016_s0378-3812(96)03013-0_t1,SHIAH(1996),,psat_ratio,303.15,,0.645,0.967,0.322,0.0,0.0,0.0,0.9700234189,,T,test-only,,table
shiah1996_10.1016_s0378-3812(96)03013-0_t1,SHIAH(1996),,psat_ratio,308.15,,0.645,0.967,0.322,0.0,0.0,0.0,0.9639731482,,T,test-only,,table
shiah1996_10.1016_s0378-3812(96)03013-0_t1,SHIAH(1996),,psat_ratio,313.15,,0.645,0.967,0.322,0.0,0.0,0.0,0.97126656,,T,test-only,,table
shiah1996_10.1016_s0378-3812(96)03013-0_t1,SHIAH(1996),,psat_ratio,318.15,,0.645,0.967,0.322,0.0,0.0,0.0,0.9698699748,,T,test-only,,table
shiah1996_10.1016_s0378-3812(96)03013-0_t1,SHIAH(1996),,psat_ratio,323.15,,0.645,0.967,0.322,0.0,0.0,0.0,0.9617126844,,T,test-only,,table
shiah1996_10.1016_s0378-3812(96)03013-0_t1,SHIAH(1996),,psat_ratio,328.15,,0.645,0.967,0.322,0.0,0.0,0.0,0.9701799957,,T,test-only,,table
shiah1996_10.1016_s0378-3812(96)03013-0_t1,SHIAH(1996),,psat_ratio,333.15,,0.645,0.967,0.322,0.0,0.0,0.0,0.9705197197,,T,test-only,,table
shiah1996_10.1016_s0378-3812(96)03013-0_t1,SHIAH(1996),,psat_ratio,338.15,,0.645,0.967,0.322,0.0,0.0,0.0,0.9695069434,,T,test-only,,table
shiah1996_10.1016_s0378-3812(96)03013-0_t1,SHIAH(1996),,psat_ratio,343.15,,0.645,0.967,0.322,0.0,0.0,0.0,0.9652764487,,T,test-only,,table
shiah1996_10.1016_s0378-3812(96)03013-0_t1,SHIAH(1996),,psat_ratio,298.15,,0.777,1.622,0.845,0.0,0.0,0.0,0.9379038106,,T,test-only,,table
shiah1996_10.1016_s0378-3812(96)03013-0_t1,SHIAH(1996),,psat_ratio,303.15,,0.777,1.622,0.845,0.0,0.0,0.0,0.944909544,,T,test-only,,table
shiah1996_10.1016_s0378-3812(96)03013-0_t1,SHIAH(1996),,psat_ratio,308.15,,0.777,1.622,0.845,0.0,0.0,0.0,0.9426567886,,T,test-only,,table
shiah1996_10.1016_s0378-3812(96)03013-0_t1,SHIAH(1996),,psat_ratio,313.15,,0.777,1.622,0.845,0.0,0.0,0.0,0.9441866373,,T,test-only,,table
shiah1996_10.1016_s0378-3812(96)03013-0_t1,SHIAH(1996),,psat_ratio,318.15,,0.777,1.622,0.845,0.0,0.0,0.0,0.9393010071,,T,test-only,,table
shiah1996_10.1016_s0378-3812(96)03013-0_t1,SHIAH(1996),,psat_ratio,323.15,,0.777,1.622,0.845,0.0,0.0,0.0,0.9401254187,,T,test-only,,table
shiah1996_10.1016_s0378-3812(96)03013-0_t1,SHIAH(1996),,psat_ratio,328.15,,0.777,1.622,0.845,0.0,0.0,0.0,0.9388838668,,T,test-only,,table
shiah1996_10.1016_s0378-3812(96)03013-0_t1,SHIAH(1996),,psat_ratio,333.15,,0.777,1.622,0.845,0.0,0.0,0.0,0.9424468353,,T,test-only,,table
shiah1996_10.1016_s0378-3812(96)03013-0_t1,SHIAH(1996),,psat_ratio,338.15,,0.777,1.622,0.845,0.0,0.0,0.0,0.9370303242,,T,test-only,,table
shiah1996_10.1016_s0378-3812(96)03013-0_t1,SHIAH(1996),,psat_ratio,343.15,,0.777,1.622,0.845,0.0,0.0,0.0,0.9370744807,,T,test-only,,table
shiah1996_10.1016_s0378-3812(96)03013-0_t1,SHIAH(1996),,psat_ratio,298.15,,0.982,2.107,1.125,0.0,0.0,0.0,0.9252862706,,T,test-only,,table
shiah1996_10.1016_s0378-3812(96)03013-0_t1,SHIAH(1996),,psat_ratio,303.15,,0.982,2.107,1.125,0.0,0.0,0.0,0.9229349034,,T,test-only,,table
shiah1996_10.1016_s0378-3812(96)03013-0_t1,SHIAH(1996),,psat_ratio,308.15,,0.982,2.107,1.125,0.0,0.0,0.0,0.9237089135,,T,test-only,,table
shiah1996_10.1016_s0378-3812(96)03013-0_t1,SHIAH(1996),,psat_ratio,313.15,,0.982,2.107,1.125,0.0,0.0,0.0,0.9225226991,,T,test-only,,table
shiah1996_10.1016_s0378-3812(96)03013-0_t1,SHIAH(1996),,psat_ratio,318.15,,0.982,2.107,1.125,0.0,0.0,0.0,0.9240165232,,T,test-only,,table
shiah1996_10.1016_s0378-3812(96)03013-0_t1,SHIAH(1996),,psat_ratio,323.15,,0.982,2.107,1.125,0.0,0.0,0.0,0.9217762429,,T,test-only,,table
shiah1996_10.1016_s0378-3812(96)03013-0_t1,SHIAH(1996),,psat_ratio,328.15,,0.982,2.107,1.125,0.0,0.0,0.0,0.9202753577,,T,test-only,,table
shiah1996_10.1016_s0378-3812(96)03013-0_t1,SHIAH(1996),,psat_ratio,333.15,,0.982,2.107,1.125,0.0,0.0,0.0,0.9217263729,,T,test-only,,table
shiah1996_10.1016_s0378-3812(96)03013-0_t1,SHIAH(1996),,psat_ratio,338.15,,0.982,2.107,1.125,0.0,0.0,0.0,0.9279794632,,T,test-only,,table
shiah1996_10.1016_s0378-3812(96)03013-0_t1,SHIAH(1996),,psat_ratio,343.15,,0.982,2.107,1.125,0.0,0.0,0.0,0.9259646145,,T,test-only,,table
shiah1996_10.1016_s0378-3812(96)03013-0_t1,SHIAH(1996),,psat_ratio,298.15,,1.985,3.316,1.331,0.0,0.0,0.0,0.866404417,,T,test-only,,table
shiah1996_10.1016_s0378-3812(96)03013-0_t1,SHIAH(1996),,psat_ratio,303.15,,1.985,3.316,1.331,0.0,0.0,0.0,0.875846388,,T,test-only,,table
shiah1996_10.1016_s0378-3812(96)03013-0_t1,SHIAH(1996),,psat_ratio,308.15,,1.985,3.316,1.331,0.0,0.0,0.0,0.8763392256,,T,test-only,,table
shiah1996_10.1016_s0378-3812(96)03013-0_t1,SHIAH(1996),,psat_ratio,313.15,,1.985,3.316,1.331,0.0,0.0,0.0,0.8647521974,,T,test-only,,table
shiah1996_10.1016_s0378-3812(96)03013-0_t1,SHIAH(1996),,psat_ratio,318.15,,1.985,3.316,1.331,0.0,0.0,0.0,0.868436582,,T,test-only,,table
shiah1996_10.1016_s0378-3812(96)03013-0_t1,SHIAH(1996),,psat_ratio,323.15,,1.985,3.316,1.331,0.0,0.0,0.0,0.8775223484,,T,test-only,,table
shiah1996_10.1016_s0378-3812(96)03013-0_t1,SHIAH(1996),,psat_ratio,328.15,,1.985,3.316,1.331,0.0,0.0,0.0,0.8729082437,,T,test-only,,table
shiah1996_10.1016_s0378-3812(96)03013-0_t1,SHIAH(1996),,psat_ratio,333.15,,1.985,3.316,1.331,0.0,0.0,0.0,0.8682542121,,T,test-only,,table
shiah1996_10.1016_s0378-3812(96)03013-0_t1,SHIAH(1996),,psat_ratio,338.15,,1.985,3.316,1.331,0.0,0.0,0.0,0.873141893,,T,test-only,,table
shiah1996_10.1016_s0378-3812(96)03013-0_t1,SHIAH(1996),,psat_ratio,343.15,,1.985,3.316,1.331,0.0,0.0,0.0,0.877679427,,T,test-only,,table
shiah1996_10.1016_s0378-3812(96)03013-0_t3,SHIAH(1996),,psat_ratio,298.15,,1.023,2.203,0.0,0.59,0.0,0.0,0.9210804239,,T,test-only,,table
shiah1996_10.1016_s0378-3812(96)03013-0_t3,SHIAH(1996),,psat_ratio,303.15,,1.023,2.203,0.0,0.59,0.0,0.0,0.9197956691,,T,test-only,,table
shiah1996_10.1016_s0378-3812(96)03013-0_t3,SHIAH(1996),,psat_ratio,308.15,,1.023,2.203,0.0,0.59,0.0,0.0,0.9166034603,,T,test-only,,table
shiah1996_10.1016_s0378-3812(96)03013-0_t3,SHIAH(1996),,psat_ratio,313.15,,1.023,2.203,0.0,0.59,0.0,0.0,0.920717371,,T,test-only,,table
shiah1996_10.1016_s0378-3812(96)03013-0_t3,SHIAH(1996),,psat_ratio,318.15,,1.023,2.203,0.0,0.59,0.0,0.0,0.9212375262,,T,test-only,,table
shiah1996_10.1016_s0378-3812(96)03013-0_t3,SHIAH(1996),,psat_ratio,323.15,,1.023,2.203,0.0,0.59,0.0,0.0,0.9196175164,,T,test-only,,table
shiah1996_10.1016_s0378-3812(96)03013-0_t3,SHIAH(1996),,psat_ratio,328.15,,1.023,2.203,0.0,0.59,0.0,0.0,0.9160461511,,T,test-only,,table
shiah1996_10.1016_s0378-3812(96)03013-0_t3,SHIAH(1996),,psat_ratio,333.15,,1.023,2.203,0.0,0.59,0.0,0.0,0.9163791568,,T,test-only,,table
shiah1996_10.1016_s0378-3812(96)03013-0_t3,SHIAH(1996),,psat_ratio,338.15,,1.023,2.203,0.0,0.59,0.0,0.0,0.9157341805,,T,test-only,,table
shiah1996_10.1016_s0378-3812(96)03013-0_t3,SHIAH(1996),,psat_ratio,343.15,,1.023,2.203,0.0,0.59,0.0,0.0,0.9199823789,,T,test-only,,table
shiah1996_10.1016_s0378-3812(96)03013-0_t3,SHIAH(1996),,psat_ratio,298.15,,1.391,2.301,0.0,0.455,0.0,0.0,0.9126687305,,T,test-only,,table
shiah1996_10.1016_s0378-3812(96)03013-0_t3,SHIAH(1996),,psat_ratio,303.15,,1.391,2.301,0.0,0.455,0.0,0.0,0.9197956691,,T,test-only,,table
shiah1996_10.1016_s0378-3812(96)03013-0_t3,SHIAH(1996),,psat_ratio,308.15,,1.391,2.301,0.0,0.455,0.0,0.0,0.9142349759,,T,test-only,,table
shiah1996_10.1016_s0378-3812(96)03013-0_t3,SHIAH(1996),,psat_ratio,313.15,,1.391,2.301,0.0,0.455,0.0,0.0,0.9153013864,,T,test-only,,table
shiah1996_10.1016_s0378-3812(96)03013-0_t3,SHIAH(1996),,psat_ratio,318.15,,1.391,2.301,0.0,0.455,0.0,0.0,0.9142900335,,T,test-only,,table
shiah1996_10.1016_s0378-3812(96)03013-0_t3,SHIAH(1996),,psat_ratio,323.15,,1.391,2.301,0.0,0.455,0.0,0.0,0.9120619734,,T,test-only,,table
shiah1996_10.1016_s0378-3812(96)03013-0_t3,SHIAH(1996),,psat_ratio,328.15,,1.391,2.301,0.0,0.455,0.0,0.0,0.9092794205,,T,test-only,,table
shiah1996_10.1016_s0378-3812(96)03013-0_t3,SHIAH(1996),,psat_ratio,333.15,,1.391,2.301,0.0,0.455,0.0,0.0,0.9070215287,,T,test-only,,table
shiah1996_10.1016_s0378-3812(96)03013-0_t3,SHIAH(1996),,psat_ratio,338.15,,1.391,2.301,0.0,0.455,0.0,0.0,0.9077481266,,T,test-only,,table
shiah1996_10.1016_s0378-3812(96)03013-0_t3,SHIAH(1996),,psat_ratio,343.15,,1.391,2.301,0.0,0.455,0.0,0.0,0.9105817229,,T,test-only,,table
shiah1996_10.1016_s0378-3812(96)03013-0_t3,SHIAH(1996),,psat_ratio,298.15,,1.423,2.567,0.0,0.572,0.0,0.0,0.8958453438,,T,test-only,,table
shiah1996_10.1016_s0378-3812(96)03013-0_t3,SHIAH(1996),,psat_ratio,303.15,,1.423,2.567,0.0,0.572,0.0,0.0,0.8978210285,,T,test-only,,table
shiah1996_10.1016_s0378-3812(96)03013-0_t3,SHIAH(1996),,psat_ratio,308.15,,1.423,2.567,0.0,0.572,0.0,0.0,0.9047610383,,T,test-only,,table
shiah1996_10.1016_s0378-3812(96)03013-0_t3,SHIAH(1996),,psat_ratio,313.15,,1.423,2.567,0.0,0.572,0.0,0.0,0.9116907301,,T,test-only,,table
shiah1996_10.1016_s0378-3812(96)03013-0_t3,SHIAH(1996),,psat_ratio,318.15,,1.423,2.567,0.0,0.572,0.0,0.0,0.9101215379,,T,test-only,,table
shiah1996_10.1016_s0378-3812(96)03013-0_t3,SHIAH(1996),,psat_ratio,323.15,,1.423,2.567,0.0,0.572,0.0,0.0,0.9012683406,,T,test-only,,table
shiah1996_10.1016_s0378-3812(96)03013-0_t3,SHIAH(1996),,psat_ratio,328.15,,1.423,2.567,0.0,0.572,0.0,0.0,0.9067418965,,T,test-only,,table
shiah1996_10.1016_s0378-3812(96)03013-0_t3,SHIAH(1996),,psat_ratio,333.15,,1.423,2.567,0.0,0.572,0.0,0.0,0.9056847247,,T,test-only,,table
shiah1996_10.1016_s0378-3812(96)03013-0_t3,SHIAH(1996),,psat_ratio,338.15,,1.423,2.567,0.0,0.572,0.0,0.0,0.9056185122,,T,test-only,,table
shiah1996_10.1016_s0378-3812(96)03013-0_t3,SHIAH(1996),,psat_ratio,343.15,,1.423,2.567,0.0,0.572,0.0,0.0,0.906736,,T,test-only,,table
shiah1996_10.1016_s0378-3812(96)03013-0_t3,SHIAH(1996),,psat_ratio,298.15,,1.536,3.18,0.0,0.822,0.0,0.0,0.8748161104,,T,test-only,,table
shiah1996_10.1016_s0378-3812(96)03013-0_t3,SHIAH(1996),,psat_ratio,303.15,,1.536,3.18,0.0,0.822,0.0,0.0,0.8538717474,,T,test-only,,table
shiah1996_10.1016_s0378-3812(96)03013-0_t3,SHIAH(1996),,psat_ratio,308.15,,1.536,3.18,0.0,0.822,0.0,0.0,0.8644968037,,T,test-only,,table
shiah1996_10.1016_s0378-3812(96)03013-0_t3,SHIAH(1996),,psat_ratio,313.15,,1.536,3.18,0.0,0.822,0.0,0.0,0.870168182,,T,test-only,,table
shiah1996_10.1016_s0378-3812(96)03013-0_t3,SHIAH(1996),,psat_ratio,318.15,,1.536,3.18,0.0,0.822,0.0,0.0,0.868436582,,T,test-only,,table
shiah1996_10.1016_s0378-3812(96)03013-0_t3,SHIAH(1996),,psat_ratio,323.15,,1.536,3.18,0.0,0.822,0.0,0.0,0.8786017117,,T,test-only,,table
shiah1996_10.1016_s0378-3812(96)03013-0_t3,SHIAH(1996),,psat_ratio,328.15,,1.536,3.18,0.0,0.822,0.0,0.0,0.871216561,,T,test-only,,table
shiah1996_10.1016_s0378-3812(96)03013-0_t3,SHIAH(1996),,psat_ratio,333.15,,1.536,3.18,0.0,0.822,0.0,0.0,0.8736014281,,T,test-only,,table
shiah1996_10.1016_s0378-3812(96)03013-0_t3,SHIAH(1996),,psat_ratio,338.15,,1.536,3.18,0.0,0.822,0.0,0.0,0.8768687182,,T,test-only,,table
shiah1996_10.1016_s0378-3812(96)03013-0_t3,SHIAH(1996),,psat_ratio,343.15,,1.536,3.18,0.0,0.822,0.0,0.0,0.8763975194,,T,test-only,,table
luo2021_10.1021_acs.jced.1c00397_SI_t1,LUO(2021),,psat_ratio,323.08,,0.0,2.01564813,0.0,1.00782406,0.0,0.0,0.955390367,,T,test-only,,table
luo2021_10.1021_acs.jced.1c00397_SI_t1,LUO(2021),,psat_ratio,327.65,,0.0,2.01564813,0.0,1.00782406,0.0,0.0,0.9357720166,,T,test-only,,table
luo2021_10.1021_acs.jced.1c00397_SI_t1,LUO(2021),,psat_ratio,333.16,,0.0,2.01787611,0.0,1.00893806,0.0,0.0,0.9470993709,,T,test-only,,table
luo2021_10.1021_acs.jced.1c00397_SI_t1,LUO(2021),,psat_ratio,338.3,,0.0,2.01787611,0.0,1.00893806,0.0,0.0,0.9404966449,,T,test-only,,table
luo2021_10.1021_acs.jced.1c00397_SI_t1,LUO(2021),,psat_ratio,343.25,,0.0,2.01787611,0.0,1.00893806,0.0,0.0,0.9375763459,,T,test-only,,table
luo2021_10.1021_acs.jced.1c00397_SI_t1,LUO(2021),,psat_ratio,348.32,,0.0,2.02010459,0.0,1.0100523,0.0,0.0,0.9400391306,,T,test-only,,table
luo2021_10.1021_acs.jced.1c00397_SI_t1,LUO(2021),,psat_ratio,353.42,,0.0,2.02233357,0.0,1.01116678,0.0,0.0,0.9385582688,,T,test-only,,table
luo2021_10.1021_acs.jced.1c00397_SI_t1,LUO(2021),,psat_ratio,358.45,,0.0,2.02233357,0.0,1.01116678,0.0,0.0,0.9352537164,,T,test-only,,table
luo2021_10.1021_acs.jced.1c00397_SI_t1,LUO(2021),,psat_ratio,363.51,,0.0,2.02456304,0.0,1.01228152,0.0,0.0,0.9355301732,,T,test-only,,table
luo2021_10.1021_acs.jced.1c00397_SI_t1,LUO(2021),,psat_ratio,368.53,,0.0,2.02679301,0.0,1.0133965,0.0,0.0,0.9342791124,,T,test-only,,table
luo2021_10.1021_acs.jced.1c00397_SI_t1,LUO(2021),,psat_ratio,373.5,,0.0,2.02902347,0.0,1.01451174,0.0,0.0,0.932892754,,T,test-only,,table
luo2021_10.1021_acs.jced.1c00397_SI_t1,LUO(2021),,psat_ratio,322.92,,0.0,4.51078675,0.0,2.25539337,0.0,0.0,0.8549206179,,T,test-only,,table
luo2021_10.1021_acs.jced.1c00397_SI_t1,LUO(2021),,psat_ratio,327.44,,0.0,4.51078675,0.0,2.25539337,0.0,0.0,0.8382748251,,T,test-only,,table
luo2021_10.1021_acs.jced.1c00397_SI_t1,LUO(2021),,psat_ratio,333.14,,0.0,4.51360423,0.0,2.25680211,0.0,0.0,0.8456551501,,T,test-only,,table
luo2021_10.1021_acs.jced.1c00397_SI_t1,LUO(2021),,psat_ratio,338.19,,0.0,4.51360423,0.0,2.25680211,0.0,0.0,0.8394975506,,T,test-only,,table
luo2021_10.1021_acs.jced.1c00397_SI_t1,LUO(2021),,psat_ratio,343.19,,0.0,4.51642242,0.0,2.25821121,0.0,0.0,0.8405070079,,T,test-only,,table
luo2021_10.1021_acs.jced.1c00397_SI_t1,LUO(2021),,psat_ratio,348.07,,0.0,4.51924131,0.0,2.25962065,0.0,0.0,0.8396938597,,T,test-only,,table
luo2021_10.1021_acs.jced.1c00397_SI_t1,LUO(2021),,psat_ratio,353.23,,0.0,4.5220609,0.0,2.26103045,0.0,0.0,0.8345899054,,T,test-only,,table
luo2021_10.1021_acs.jced.1c00397_SI_t1,LUO(2021),,psat_ratio,358.28,,0.0,4.52488121,0.0,2.2624406,0.0,0.0,0.8364490295,,T,test-only,,table
luo2021_10.1021_acs.jced.1c00397_SI_t1,LUO(2021),,psat_ratio,363.41,,0.0,4.53052393,0.0,2.26526196,0.0,0.0,0.8380639153,,T,test-only,,table
luo2021_10.1021_acs.jced.1c00397_SI_t1,LUO(2021),,psat_ratio,367.86,,0.0,4.53334635,0.0,2.26667317,0.0,0.0,0.8384966882,,T,test-only,,table
luo2021_10.1021_acs.jced.1c00397_SI_t1,LUO(2021),,psat_ratio,373.33,,0.0,4.53899331,0.0,2.26949665,0.0,0.0,0.8371606269,,T,test-only,,table
luo2021_10.1021_acs.jced.1c00397_SI_t1,LUO(2021),,psat_ratio,323.19,,0.0,7.73415873,0.0,3.86707936,0.0,0.0,0.6601228654,,T,test-only,,table
luo2021_10.1021_acs.jced.1c00397_SI_t1,LUO(2021),,psat_ratio,328.12,,0.0,7.73415873,0.0,3.86707936,0.0,0.0,0.6582182367,,T,test-only,,table
luo2021_10.1021_acs.jced.1c00397_SI_t1,LUO(2021),,psat_ratio,333.21,,0.0,7.73784008,0.0,3.86892004,0.0,0.0,0.6614375865,,T,test-only,,table
luo2021_10.1021_acs.jced.1c00397_SI_t1,LUO(2021),,psat_ratio,338.11,,0.0,7.74152249,0.0,3.87076125,0.0,0.0,0.6588835452,,T,test-only,,table
luo2021_10.1021_acs.jced.1c00397_SI_t1,LUO(2021),,psat_ratio,343.27,,0.0,7.74152249,0.0,3.87076125,0.0,0.0,0.6587335699,,T,test-only,,table
luo2021_10.1021_acs.jced.1c00397_SI_t1,LUO(2021),,psat_ratio,348.41,,0.0,7.74889047,0.0,3.87444524,0.0,0.0,0.6584283752,,T,test-only,,table
luo2021_10.1021_acs.jced.1c00397_SI_t1,LUO(2021),,psat_ratio,353.27,,0.0,7.75257604,0.0,3.87628802,0.0,0.0,0.6596659302,,T,test-only,,table
luo2021_10.1021_acs.jced.1c00397_SI_t1,LUO(2021),,psat_ratio,358.39,,0.0,7.75626267,0.0,3.87813133,0.0,0.0,0.6614895467,,T,test-only,,table
luo2021_10.1021_acs.jced.1c00397_SI_t1,LUO(2021),,psat_ratio,363.51,,0.0,7.76363908,0.0,3.88181954,0.0,0.0,0.6625735031,,T,test-only,,table
luo2021_10.1021_acs.jced.1c00397_SI_t1,LUO(2021),,psat_ratio,368.46,,0.0,7.77101972,0.0,3.88550986,0.0,0.0,0.6678081868,,T,test-only,,table
luo2021_10.1021_acs.jced.1c00397_SI_t1,LUO(2021),,psat_ratio,373.45,,0.0,7.7820986,0.0,3.8910493,0.0,0.0,0.6696997688,,T,test-only,,table
luo2021_10.1021_acs.jced.1c00397_SI_t1,LUO(2021),,psat_ratio,323.19,,0.0,12.02375851,0.0,6.01187926,0.0,0.0,0.4443911579,,T,test-only,,table
luo2021_10.1021_acs.jced.1c00397_SI_t1,LUO(2021),,psat_ratio,328.19,,0.0,12.02375851,0.0,6.01187926,0.0,0.0,0.4438862898,,T,test-only,,table
luo2021_10.1021_acs.jced.1c00397_SI_t1,LUO(2021),,psat_ratio,333.11,,0.0,12.02876841,0.0,6.01438421,0.0,0.0,0.4460173705,,T,test-only,,table
luo2021_10.1021_acs.jced.1c00397_SI_t1,LUO(2021),,psat_ratio,338.07,,0.0,12.02876841,0.0,6.01438421,0.0,0.0,0.447657175,,T,test-only,,table
luo2021_10.1021_acs.jced.1c00397_SI_t1,LUO(2021),,psat_ratio,343.23,,0.0,12.03377999,0.0,6.01688999,0.0,0.0,0.452584965,,T,test-only,,table
luo2021_10.1021_acs.jced.1c00397_SI_t1,LUO(2021),,psat_ratio,348.23,,0.0,12.03879323,0.0,6.01939662,0.0,0.0,0.4547478639,,T,test-only,,table
luo2021_10.1021_acs.jced.1c00397_SI_t1,LUO(2021),,psat_ratio,353.29,,0.0,12.04882474,0.0,6.02441237,0.0,0.0,0.454031693,,T,test-only,,table
luo2021_10.1021_acs.jced.1c00397_SI_t1,LUO(2021),,psat_ratio,358.21,,0.0,12.053843,0.0,6.0269215,0.0,0.0,0.4642844794,,T,test-only,,table
luo2021_10.1021_acs.jced.1c00397_SI_t1,LUO(2021),,psat_ratio,363.35,,0.0,12.06388456,0.0,6.03194228,0.0,0.0,0.4670759387,,T,test-only,,table
luo2021_10.1021_acs.jced.1c00397_SI_t1,LUO(2021),,psat_ratio,368.27,,0.0,12.07393282,0.0,6.03696641,0.0,0.0,0.4726835477,,T,test-only,,table
luo2021_10.1021_acs.jced.1c00397_SI_t1,LUO(2021),,psat_ratio,373.37,,0.0,12.0839878,0.0,6.0419939,0.0,0.0,0.4766337764,,T,test-only,,table
luo2021_10.1021_acs.jced.1c00397_SI_t1,LUO(2021),,psat_ratio,323.23,,0.0,18.02061558,0.0,9.01030779,0.0,0.0,0.2757827943,,T,test-only,,table
luo2021_10.1021_acs.jced.1c00397_SI_t1,LUO(2021),,psat_ratio,328.22,,0.0,18.02061558,0.0,9.01030779,0.0,0.0,0.2718931067,,T,test-only,,table
luo2021_10.1021_acs.jced.1c00397_SI_t1,LUO(2021),,psat_ratio,333.05,,0.0,18.02782527,0.0,9.01391264,0.0,0.0,0.2689593188,,T,test-only,,table
luo2021_10.1021_acs.jced.1c00397_SI_t1,LUO(2021),,psat_ratio,338.32,,0.0,18.03503785,0.0,9.01751892,0.0,0.0,0.2770223405,,T,test-only,,table
luo2021_10.1021_acs.jced.1c00397_SI_t1,LUO(2021),,psat_ratio,343.43,,0.0,18.03503785,0.0,9.01751892,0.0,0.0,0.278967891,,T,test-only,,table
luo2021_10.1021_acs.jced.1c00397_SI_t1,LUO(2021),,psat_ratio,347.88,,0.0,18.04225331,0.0,9.02112665,0.0,0.0,0.2853662118,,T,test-only,,table
luo2021_10.1021_acs.jced.1c00397_SI_t1,LUO(2021),,psat_ratio,353.12,,0.0,18.04947165,0.0,9.02473583,0.0,0.0,0.2975278747,,T,test-only,,table
luo2021_10.1021_acs.jced.1c00397_SI_t1,LUO(2021),,psat_ratio,358.3,,0.0,18.06391702,0.0,9.03195851,0.0,0.0,0.3068300238,,T,test-only,,table
luo2021_10.1021_acs.jced.1c00397_SI_t1,LUO(2021),,psat_ratio,363.64,,0.0,18.07114405,0.0,9.03557202,0.0,0.0,0.3113372776,,T,test-only,,table
luo2021_10.1021_acs.jced.1c00397_SI_t1,LUO(2021),,psat_ratio,368.53,,0.0,18.08560678,0.0,9.04280339,0.0,0.0,0.3155056833,,T,test-only,,table
luo2021_10.1021_acs.jced.1c00397_SI_t1,LUO(2021),,psat_ratio,373.54,,0.0,18.10008112,0.0,9.05004056,0.0,0.0,0.3190464337,,T,test-only,,table
luo2021_10.1021_acs.jced.1c00397_SI_t1,LUO(2021),,psat_ratio,323.15,,0.0,1.11023374,0.0,0.0,0.55511687,0.0,0.9941753438,,T,test-only,,table
luo2021_10.1021_acs.jced.1c00397_SI_t1,LUO(2021),,psat_ratio,328.38,,0.0,1.11023374,0.0,0.0,0.55511687,0.0,0.9857806272,,T,test-only,,table
luo2021_10.1021_acs.jced.1c00397_SI_t1,LUO(2021),,psat_ratio,332.88,,0.0,1.11023374,0.0,0.0,0.55511687,0.0,0.9949989485,,T,test-only,,table
luo2021_10.1021_acs.jced.1c00397_SI_t1,LUO(2021),,psat_ratio,338.03,,0.0,1.11023374,0.0,0.0,0.55511687,0.0,0.9848440139,,T,test-only,,table
luo2021_10.1021_acs.jced.1c00397_SI_t1,LUO(2021),,psat_ratio,343.06,,0.0,1.11023374,0.0,0.0,0.55511687,0.0,0.9858529564,,T,test-only,,table
luo2021_10.1021_acs.jced.1c00397_SI_t1,LUO(2021),,psat_ratio,348.16,,0.0,1.1125625,0.0,0.0,0.55628125,0.0,0.9525648128,,T,test-only,,table
luo2021_10.1021_acs.jced.1c00397_SI_t1,LUO(2021),,psat_ratio,353.25,,0.0,1.1125625,0.0,0.0,0.55628125,0.0,0.9525952591,,T,test-only,,table
luo2021_10.1021_acs.jced.1c00397_SI_t1,LUO(2021),,psat_ratio,357.95,,0.0,1.1125625,0.0,0.0,0.55628125,0.0,0.94940833,,T,test-only,,table
luo2021_10.1021_acs.jced.1c00397_SI_t1,LUO(2021),,psat_ratio,363.3,,0.0,1.11489174,0.0,0.0,0.55744587,0.0,0.9551937596,,T,test-only,,table
luo2021_10.1021_acs.jced.1c00397_SI_t1,LUO(2021),,psat_ratio,368.22,,0.0,1.11489174,0.0,0.0,0.55744587,0.0,0.9519408841,,T,test-only,,table
luo2021_10.1021_acs.jced.1c00397_SI_t1,LUO(2021),,psat_ratio,373.34,,0.0,1.11722148,0.0,0.0,0.55861074,0.0,0.9556585046,,T,test-only,,table
luo2021_10.1021_acs.jced.1c00397_SI_t1,LUO(2021),,psat_ratio,323.22,,0.0,2.33399736,0.0,0.0,1.16699868,0.0,0.9286066232,,T,test-only,,table
luo2021_10.1021_acs.jced.1c00397_SI_t1,LUO(2021),,psat_ratio,328.07,,0.0,2.33659097,0.0,0.0,1.16829549,0.0,0.9202773929,,T,test-only,,table
luo2021_10.1021_acs.jced.1c00397_SI_t1,LUO(2021),,psat_ratio,332.98,,0.0,2.33659097,0.0,0.0,1.16829549,0.0,0.9221816106,,T,test-only,,table
luo2021_10.1021_acs.jced.1c00397_SI_t1,LUO(2021),,psat_ratio,338.05,,0.0,2.33659097,0.0,0.0,1.16829549,0.0,0.9233926894,,T,test-only,,table
luo2021_10.1021_acs.jced.1c00397_SI_t1,LUO(2021),,psat_ratio,342.93,,0.0,2.33918517,0.0,0.0,1.16959258,0.0,0.9208788878,,T,test-only,,table
luo2021_10.1021_acs.jced.1c00397_SI_t1,LUO(2021),,psat_ratio,348.16,,0.0,2.33918517,0.0,0.0,1.16959258,0.0,0.9139753193,,T,test-only,,table
luo2021_10.1021_acs.jced.1c00397_SI_t1,LUO(2021),,psat_ratio,353.06,,0.0,2.34177994,0.0,0.0,1.17088997,0.0,0.9119013911,,T,test-only,,table
luo2021_10.1021_acs.jced.1c00397_SI_t1,LUO(2021),,psat_ratio,358.45,,0.0,2.34177994,0.0,0.0,1.17088997,0.0,0.909976589,,T,test-only,,table
luo2021_10.1021_acs.jced.1c00397_SI_t1,LUO(2021),,psat_ratio,363.41,,0.0,2.34437529,0.0,0.0,1.17218764,0.0,0.9040931935,,T,test-only,,table
luo2021_10.1021_acs.jced.1c00397_SI_t1,LUO(2021),,psat_ratio,368.4,,0.0,2.34697122,0.0,0.0,1.17348561,0.0,0.9051410493,,T,test-only,,table
luo2021_10.1021_acs.jced.1c00397_SI_t1,LUO(2021),,psat_ratio,373.0,,0.0,2.34956772,0.0,0.0,1.17478386,0.0,0.9052671624,,T,test-only,,table
luo2021_10.1021_acs.jced.1c00397_SI_t1,LUO(2021),,psat_ratio,322.46,,0.0,3.71566226,0.0,0.0,1.85783113,0.0,0.9082390718,,T,test-only,,table
luo2021_10.1021_acs.jced.1c00397_SI_t1,LUO(2021),,psat_ratio,327.56,,0.0,3.71857206,0.0,0.0,1.85928603,0.0,0.9085034175,,T,test-only,,table
luo2021_10.1021_acs.jced.1c00397_SI_t1,LUO(2021),,psat_ratio,333.56,,0.0,3.71857206,0.0,0.0,1.85928603,0.0,0.9061399575,,T,test-only,,table
luo2021_10.1021_acs.jced.1c00397_SI_t1,LUO(2021),,psat_ratio,338.08,,0.0,3.72148254,0.0,0.0,1.86074127,0.0,0.9009226046,,T,test-only,,table
luo2021_10.1021_acs.jced.1c00397_SI_t1,LUO(2021),,psat_ratio,342.77,,0.0,3.72148254,0.0,0.0,1.86074127,0.0,0.9005687447,,T,test-only,,table
luo2021_10.1021_acs.jced.1c00397_SI_t1,LUO(2021),,psat_ratio,347.72,,0.0,3.72439371,0.0,0.0,1.86219685,0.0,0.8969483672,,T,test-only,,table
luo2021_10.1021_acs.jced.1c00397_SI_t1,LUO(2021),,psat_ratio,353.09,,0.0,3.72730556,0.0,0.0,1.86365278,0.0,0.8928231761,,T,test-only,,table
luo2021_10.1021_acs.jced.1c00397_SI_t1,LUO(2021),,psat_ratio,357.83,,0.0,3.7302181,0.0,0.0,1.86510905,0.0,0.8882702818,,T,test-only,,table
luo2021_10.1021_acs.jced.1c00397_SI_t1,LUO(2021),,psat_ratio,362.71,,0.0,3.73313133,0.0,0.0,1.86656566,0.0,0.8802166848,,T,test-only,,table
luo2021_10.1021_acs.jced.1c00397_SI_t1,LUO(2021),,psat_ratio,367.93,,0.0,3.73604524,0.0,0.0,1.86802262,0.0,0.8800648216,,T,test-only,,table
luo2021_10.1021_acs.jced.1c00397_SI_t1,LUO(2021),,psat_ratio,372.85,,0.0,3.74187512,0.0,0.0,1.87093756,0.0,0.8781406888,,T,test-only,,table
luo2021_10.1021_acs.jced.1c00397_SI_t1,LUO(2021),,psat_ratio,323.42,,0.0,5.25477664,0.0,0.0,2.62738832,0.0,0.8044165241,,T,test-only,,table
luo2021_10.1021_acs.jced.1c00397_SI_t1,LUO(2021),,psat_ratio,328.43,,0.0,5.25806006,0.0,0.0,2.62903003,0.0,0.8037678171,,T,test-only,,table
luo2021_10.1021_acs.jced.1c00397_SI_t1,LUO(2021),,psat_ratio,333.63,,0.0,5.25806006,0.0,0.0,2.62903003,0.0,0.7973032739,,T,test-only,,table
luo2021_10.1021_acs.jced.1c00397_SI_t1,LUO(2021),,psat_ratio,338.15,,0.0,5.2613443,0.0,0.0,2.63067215,0.0,0.7930803752,,T,test-only,,table
luo2021_10.1021_acs.jced.1c00397_SI_t1,LUO(2021),,psat_ratio,343.24,,0.0,5.26462935,0.0,0.0,2.63231468,0.0,0.794953823,,T,test-only,,table
luo2021_10.1021_acs.jced.1c00397_SI_t1,LUO(2021),,psat_ratio,347.72,,0.0,5.26462935,0.0,0.0,2.63231468,0.0,0.8025049803,,T,test-only,,table
luo2021_10.1021_acs.jced.1c00397_SI_t1,LUO(2021),,psat_ratio,353.18,,0.0,5.27120193,0.0,0.0,2.63560097,0.0,0.7960465294,,T,test-only,,table
luo2021_10.1021_acs.jced.1c00397_SI_t1,LUO(2021),,psat_ratio,358.13,,0.0,5.27448946,0.0,0.0,2.63724473,0.0,0.7941667297,,T,test-only,,table
luo2021_10.1021_acs.jced.1c00397_SI_t1,LUO(2021),,psat_ratio,363.28,,0.0,5.2777778,0.0,0.0,2.6388889,0.0,0.7939997228,,T,test-only,,table
luo2021_10.1021_acs.jced.1c00397_SI_t1,LUO(2021),,psat_ratio,368.42,,0.0,5.28435697,0.0,0.0,2.64217848,0.0,0.7965802138,,T,test-only,,table
luo2021_10.1021_acs.jced.1c00397_SI_t1,LUO(2021),,psat_ratio,373.2,,0.0,5.29093942,0.0,0.0,2.64546971,0.0,0.7998102563,,T,test-only,,table
luo2021_10.1021_acs.jced.1c00397_SI_t1,LUO(2021),,psat_ratio,323.05,,0.0,7.00572696,0.0,0.0,3.50286348,0.0,0.6932023682,,T,test-only,,table
luo2021_10.1021_acs.jced.1c00397_SI_t1,LUO(2021),,psat_ratio,328.13,,0.0,7.00946285,0.0,0.0,3.50473143,0.0,0.6928301829,,T,test-only,,table
luo2021_10.1021_acs.jced.1c00397_SI_t1,LUO(2021),,psat_ratio,333.23,,0.0,7.00946285,0.0,0.0,3.50473143,0.0,0.6838024992,,T,test-only,,table
luo2021_10.1021_acs.jced.1c00397_SI_t1,LUO(2021),,psat_ratio,338.22,,0.0,7.01319974,0.0,0.0,3.50659987,0.0,0.6878951907,,T,test-only,,table
luo2021_10.1021_acs.jced.1c00397_SI_t1,LUO(2021),,psat_ratio,343.15,,0.0,7.01693762,0.0,0.0,3.50846881,0.0,0.6849154811,,T,test-only,,table
luo2021_10.1021_acs.jced.1c00397_SI_t1,LUO(2021),,psat_ratio,348.01,,0.0,7.0206765,0.0,0.0,3.51033825,0.0,0.6854332572,,T,test-only,,table
luo2021_10.1021_acs.jced.1c00397_SI_t1,LUO(2021),,psat_ratio,352.99,,0.0,7.02441638,0.0,0.0,3.51220819,0.0,0.6803496626,,T,test-only,,table
luo2021_10.1021_acs.jced.1c00397_SI_t1,LUO(2021),,psat_ratio,358.29,,0.0,7.02815726,0.0,0.0,3.51407863,0.0,0.680583943,,T,test-only,,table
luo2021_10.1021_acs.jced.1c00397_SI_t1,LUO(2021),,psat_ratio,363.39,,0.0,7.03564201,0.0,0.0,3.517821,0.0,0.6840909495,,T,test-only,,table
luo2021_10.1021_acs.jced.1c00397_SI_t1,LUO(2021),,psat_ratio,368.11,,0.0,7.03938588,0.0,0.0,3.51969294,0.0,0.6854554514,,T,test-only,,table
luo2021_10.1021_acs.jced.1c00397_SI_t1,LUO(2021),,psat_ratio,372.84,,0.0,7.04687663,0.0,0.0,3.52343832,0.0,0.6803512645,,T,test-only,,table
luo2021_10.1021_acs.jced.1c00397_SI_t1,LUO(2021),,psat_ratio,323.74,,0.0,9.01542754,0.0,0.0,4.50771377,0.0,0.6117244618,,T,test-only,,table
luo2021_10.1021_acs.jced.1c00397_SI_t1,LUO(2021),,psat_ratio,328.26,,0.0,9.01542754,0.0,0.0,4.50771377,0.0,0.6014380254,,T,test-only,,table
luo2021_10.1021_acs.jced.1c00397_SI_t1,LUO(2021),,psat_ratio,333.41,,0.0,9.01542754,0.0,0.0,4.50771377,0.0,0.5889730989,,T,test-only,,table
luo2021_10.1021_acs.jced.1c00397_SI_t1,LUO(2021),,psat_ratio,338.7,,0.0,9.01971877,0.0,0.0,4.50985938,0.0,0.5992809109,,T,test-only,,table
luo2021_10.1021_acs.jced.1c00397_SI_t1,LUO(2021),,psat_ratio,342.91,,0.0,9.02401122,0.0,0.0,4.51200561,0.0,0.6036563228,,T,test-only,,table
luo2021_10.1021_acs.jced.1c00397_SI_t1,LUO(2021),,psat_ratio,347.75,,0.0,9.0283049,0.0,0.0,4.51415245,0.0,0.6007265012,,T,test-only,,table
luo2021_10.1021_acs.jced.1c00397_SI_t1,LUO(2021),,psat_ratio,352.87,,0.0,9.0325998,0.0,0.0,4.5162999,0.0,0.6081554265,,T,test-only,,table
luo2021_10.1021_acs.jced.1c00397_SI_t1,LUO(2021),,psat_ratio,357.92,,0.0,9.0411933,0.0,0.0,4.52059665,0.0,0.6122364803,,T,test-only,,table
luo2021_10.1021_acs.jced.1c00397_SI_t1,LUO(2021),,psat_ratio,362.8,,0.0,9.0454919,0.0,0.0,4.52274595,0.0,0.6139717237,,T,test-only,,table
luo2021_10.1021_acs.jced.1c00397_SI_t1,LUO(2021),,psat_ratio,368.03,,0.0,9.05409278,0.0,0.0,4.52704639,0.0,0.607345291,,T,test-only,,table
luo2021_10.1021_acs.jced.1c00397_SI_t1,LUO(2021),,psat_ratio,373.29,,0.0,9.06269858,0.0,0.0,4.53134929,0.0,0.6136820004,,T,test-only,,table
chen2020_10.1021_acs.jced.9b00993_t2,CHEN(2020),,psat_ratio,496.75,,0.0,0.0,0.0,0.0,0.0,0.0,1.002180208,,T,test-only,source-caution,table
chen2020_10.1021_acs.jced.9b00993_t2,CHEN(2020),,psat_ratio,496.75,,0.0,0.0,0.0,0.0,0.0,0.0,1.00495845,,T,test-only,source-caution,table
chen2020_10.1021_acs.jced.9b00993_t2,CHEN(2020),,psat_ratio,496.65,,0.0,0.0,0.0,0.0,0.0,0.0,1.006852903,,T,test-only,source-caution,table
chen2020_10.1021_acs.jced.9b00993_t2,CHEN(2020),,psat_ratio,537.35,,0.0,0.0,0.0,0.0,0.0,0.0,0.9942290623,,T,test-only,source-caution,table
chen2020_10.1021_acs.jced.9b00993_t2,CHEN(2020),,psat_ratio,537.35,,0.0,0.0,0.0,0.0,0.0,0.0,0.9956033522,,T,test-only,source-caution,table
chen2020_10.1021_acs.jced.9b00993_t2,CHEN(2020),,psat_ratio,537.15,,0.0,0.0,0.0,0.0,0.0,0.0,0.998792379,,T,test-only,source-caution,table
chen2020_10.1021_acs.jced.9b00993_t2,CHEN(2020),,psat_ratio,584.05,,0.0,0.0,0.0,0.0,0.0,0.0,0.9992499862,,T,test-only,source-caution,table
chen2020_10.1021_acs.jced.9b00993_t2,CHEN(2020),,psat_ratio,584.15,,0.0,0.0,0.0,0.0,0.0,0.0,0.9978912667,,T,test-only,source-caution,table
chen2020_10.1021_acs.jced.9b00993_t2,CHEN(2020),,psat_ratio,615.35,,0.0,0.0,0.0,0.0,0.0,0.0,0.9971444662,,T,test-only,source-caution,table
chen2020_10.1021_acs.jced.9b00993_t2,CHEN(2020),,psat_ratio,615.45,,0.0,0.0,0.0,0.0,0.0,0.0,0.9959004271,,T,test-only,source-caution,table
chen2020_10.1021_acs.jced.9b00993_t2,CHEN(2020),,psat_ratio,639.05,,0.0,0.0,0.0,0.0,0.0,0.0,0.9978527338,,T,test-only,source-caution,table
chen2020_10.1021_acs.jced.9b00993_t2,CHEN(2020),,psat_ratio,639.15,,0.0,0.0,0.0,0.0,0.0,0.0,0.9966590414,,T,test-only,source-caution,table
chen2020_10.1021_acs.jced.9b00993_t2,CHEN(2020),,psat_ratio,643.15,,0.0,0.0,0.0,0.0,0.0,0.0,1.007761844,,T,test-only,source-caution,table
chen2020_10.1021_acs.jced.9b00993_t2,CHEN(2020),,psat_ratio,643.35,,0.0,0.0,0.0,0.0,0.0,0.0,1.005351619,,T,test-only,source-caution,table
chen2020_10.1021_acs.jced.9b00993_t2,CHEN(2020),,psat_ratio,643.45,,0.0,0.0,0.0,0.0,0.0,0.0,1.004148531,,T,test-only,source-caution,table
chen2020_10.1021_acs.jced.9b00993_t2,CHEN(2020),,psat_ratio,647.05,,0.0,0.0,0.0,0.0,0.0,0.0,0.9973415762,,T,test-only,source-caution,table
chen2020_10.1021_acs.jced.9b00993_t3,CHEN(2020),,psat_ratio,499.45,,1.0,1.0,0.0,0.0,0.0,0.0,0.9686307842,,T,test-only,source-caution,table
chen2020_10.1021_acs.jced.9b00993_t3,CHEN(2020),,psat_ratio,499.15,,1.0,1.0,0.0,0.0,0.0,0.0,0.976714207,,T,test-only,source-caution,table
chen2020_10.1021_acs.jced.9b00993_t3,CHEN(2020),,psat_ratio,539.35,,1.0,1.0,0.0,0.0,0.0,0.0,0.9630639147,,T,test-only,source-caution,table
chen2020_10.1021_acs.jced.9b00993_t3,CHEN(2020),,psat_ratio,539.05,,1.0,1.0,0.0,0.0,0.0,0.0,0.9636482068,,T,test-only,source-caution,table
chen2020_10.1021_acs.jced.9b00993_t3,CHEN(2020),,psat_ratio,539.45,,1.0,1.0,0.0,0.0,0.0,0.0,0.9588793831,,T,test-only,source-caution,table
chen2020_10.1021_acs.jced.9b00993_t3,CHEN(2020),,psat_ratio,586.35,,1.0,1.0,0.0,0.0,0.0,0.0,0.9699039443,,T,test-only,source-caution,table
chen2020_10.1021_acs.jced.9b00993_t3,CHEN(2020),,psat_ratio,586.65,,1.0,1.0,0.0,0.0,0.0,0.0,0.9659817394,,T,test-only,source-caution,table
chen2020_10.1021_acs.jced.9b00993_t3,CHEN(2020),,psat_ratio,618.15,,1.0,1.0,0.0,0.0,0.0,0.0,0.9661045486,,T,test-only,source-caution,table
chen2020_10.1021_acs.jced.9b00993_t3,CHEN(2020),,psat_ratio,618.35,,1.0,1.0,0.0,0.0,0.0,0.0,0.9637111018,,T,test-only,source-caution,table
chen2020_10.1021_acs.jced.9b00993_t3,CHEN(2020),,psat_ratio,618.65,,1.0,1.0,0.0,0.0,0.0,0.0,0.9601340441,,T,test-only,source-caution,table
chen2020_10.1021_acs.jced.9b00993_t3,CHEN(2020),,psat_ratio,642.45,,1.0,1.0,0.0,0.0,0.0,0.0,0.9584056727,,T,test-only,source-caution,table
chen2020_10.1021_acs.jced.9b00993_t3,CHEN(2020),,psat_ratio,643.35,,1.0,1.0,0.0,0.0,0.0,0.0,0.9500989746,,T,test-only,source-caution,table
chen2020_10.1021_acs.jced.9b00993_t3,CHEN(2020),,psat_ratio,642.65,,1.0,1.0,0.0,0.0,0.0,0.0,0.9584235366,,T,test-only,source-caution,table
chen2020_10.1021_acs.jced.9b00993_t3,CHEN(2020),,psat_ratio,502.65,,3.0,3.0,0.0,0.0,0.0,0.0,0.9179694815,,T,test-only,source-caution,table
chen2020_10.1021_acs.jced.9b00993_t3,CHEN(2020),,psat_ratio,502.15,,3.0,3.0,0.0,0.0,0.0,0.0,0.9289577017,,T,test-only,source-caution,table
chen2020_10.1021_acs.jced.9b00993_t3,CHEN(2020),,psat_ratio,502.65,,3.0,3.0,0.0,0.0,0.0,0.0,0.9154799015,,T,test-only,source-caution,table
chen2020_10.1021_acs.jced.9b00993_t3,CHEN(2020),,psat_ratio,543.35,,3.0,3.0,0.0,0.0,0.0,0.0,0.9017752667,,T,test-only,source-caution,table
chen2020_10.1021_acs.jced.9b00993_t3,CHEN(2020),,psat_ratio,543.65,,3.0,3.0,0.0,0.0,0.0,0.0,0.8975590795,,T,test-only,source-caution,table
chen2020_10.1021_acs.jced.9b00993_t3,CHEN(2020),,psat_ratio,544.15,,3.0,3.0,0.0,0.0,0.0,0.0,0.8893516723,,T,test-only,source-caution,table
chen2020_10.1021_acs.jced.9b00993_t3,CHEN(2020),,psat_ratio,592.15,,3.0,3.0,0.0,0.0,0.0,0.0,0.8965453378,,T,test-only,source-caution,table
chen2020_10.1021_acs.jced.9b00993_t3,CHEN(2020),,psat_ratio,592.35,,3.0,3.0,0.0,0.0,0.0,0.0,0.8941677902,,T,test-only,source-caution,table
chen2020_10.1021_acs.jced.9b00993_t3,CHEN(2020),,psat_ratio,592.65,,3.0,3.0,0.0,0.0,0.0,0.0,0.8924624841,,T,test-only,source-caution,table
chen2020_10.1021_acs.jced.9b00993_t3,CHEN(2020),,psat_ratio,625.35,,3.0,3.0,0.0,0.0,0.0,0.0,0.8831232625,,T,test-only,source-caution,table
chen2020_10.1021_acs.jced.9b00993_t3,CHEN(2020),,psat_ratio,625.35,,3.0,3.0,0.0,0.0,0.0,0.0,0.8798725237,,T,test-only,source-caution,table
chen2020_10.1021_acs.jced.9b00993_t3,CHEN(2020),,psat_ratio,625.65,,3.0,3.0,0.0,0.0,0.0,0.0,0.8774639406,,T,test-only,source-caution,table
chen2020_10.1021_acs.jced.9b00993_t4,CHEN(2020),,psat_ratio,499.75,,0.0,1.0,1.0,0.0,0.0,0.0,0.9737470001,,T,test-only,source-caution,table
chen2020_10.1021_acs.jced.9b00993_t4,CHEN(2020),,psat_ratio,499.85,,0.0,1.0,1.0,0.0,0.0,0.0,0.9823878685,,T,test-only,source-caution,table
chen2020_10.1021_acs.jced.9b00993_t4,CHEN(2020),,psat_ratio,500.15,,0.0,1.0,1.0,0.0,0.0,0.0,0.976930389,,T,test-only,source-caution,table
chen2020_10.1021_acs.jced.9b00993_t4,CHEN(2020),,psat_ratio,538.95,,0.0,1.0,1.0,0.0,0.0,0.0,0.9691992583,,T,test-only,source-caution,table
chen2020_10.1021_acs.jced.9b00993_t4,CHEN(2020),,psat_ratio,539.15,,0.0,1.0,1.0,0.0,0.0,0.0,0.964790123,,T,test-only,source-caution,table
chen2020_10.1021_acs.jced.9b00993_t4,CHEN(2020),,psat_ratio,539.15,,0.0,1.0,1.0,0.0,0.0,0.0,0.9674610098,,T,test-only,source-caution,table
chen2020_10.1021_acs.jced.9b00993_t4,CHEN(2020),,psat_ratio,588.15,,0.0,1.0,1.0,0.0,0.0,0.0,0.9483742011,,T,test-only,source-caution,table
chen2020_10.1021_acs.jced.9b00993_t4,CHEN(2020),,psat_ratio,587.15,,0.0,1.0,1.0,0.0,0.0,0.0,0.9612256824,,T,test-only,source-caution,table
chen2020_10.1021_acs.jced.9b00993_t4,CHEN(2020),,psat_ratio,587.35,,0.0,1.0,1.0,0.0,0.0,0.0,0.95863841,,T,test-only,source-caution,table
chen2020_10.1021_acs.jced.9b00993_t4,CHEN(2020),,psat_ratio,618.65,,0.0,1.0,1.0,0.0,0.0,0.0,0.9590021273,,T,test-only,source-caution,table
chen2020_10.1021_acs.jced.9b00993_t4,CHEN(2020),,psat_ratio,618.95,,0.0,1.0,1.0,0.0,0.0,0.0,0.9558845428,,T,test-only,source-caution,table
chen2020_10.1021_acs.jced.9b00993_t4,CHEN(2020),,psat_ratio,619.15,,0.0,1.0,1.0,0.0,0.0,0.0,0.9543976936,,T,test-only,source-caution,table
chen2020_10.1021_acs.jced.9b00993_t4,CHEN(2020),,psat_ratio,643.15,,0.0,1.0,1.0,0.0,0.0,0.0,0.9495065004,,T,test-only,source-caution,table
chen2020_10.1021_acs.jced.9b00993_t4,CHEN(2020),,psat_ratio,643.15,,0.0,1.0,1.0,0.0,0.0,0.0,0.9491786092,,T,test-only,source-caution,table
chen2020_10.1021_acs.jced.9b00993_t4,CHEN(2020),,psat_ratio,643.65,,0.0,1.0,1.0,0.0,0.0,0.0,0.9428609682,,T,test-only,source-caution,table
chen2020_10.1021_acs.jced.9b00993_t4,CHEN(2020),,psat_ratio,501.65,,0.0,3.0,3.0,0.0,0.0,0.0,0.9400888581,,T,test-only,source-caution,table
chen2020_10.1021_acs.jced.9b00993_t4,CHEN(2020),,psat_ratio,501.65,,0.0,3.0,3.0,0.0,0.0,0.0,0.9476595502,,T,test-only,source-caution,table
chen2020_10.1021_acs.jced.9b00993_t4,CHEN(2020),,psat_ratio,502.45,,0.0,3.0,3.0,0.0,0.0,0.0,0.9363044989,,T,test-only,source-caution,table
chen2020_10.1021_acs.jced.9b00993_t4,CHEN(2020),,psat_ratio,542.65,,0.0,3.0,3.0,0.0,0.0,0.0,0.9180272425,,T,test-only,source-caution,table
chen2020_10.1021_acs.jced.9b00993_t4,CHEN(2020),,psat_ratio,543.15,,0.0,3.0,3.0,0.0,0.0,0.0,0.9108689876,,T,test-only,source-caution,table
chen2020_10.1021_acs.jced.9b00993_t4,CHEN(2020),,psat_ratio,542.75,,0.0,3.0,3.0,0.0,0.0,0.0,0.9165900434,,T,test-only,source-caution,table
chen2020_10.1021_acs.jced.9b00993_t4,CHEN(2020),,psat_ratio,592.15,,0.0,3.0,3.0,0.0,0.0,0.0,0.8977846028,,T,test-only,source-caution,table
chen2020_10.1021_acs.jced.9b00993_t4,CHEN(2020),,psat_ratio,626.15,,0.0,3.0,3.0,0.0,0.0,0.0,0.8745398242,,T,test-only,source-caution,table
chen2020_10.1021_acs.jced.9b00993_t4,CHEN(2020),,psat_ratio,626.35,,0.0,3.0,3.0,0.0,0.0,0.0,0.8724090922,,T,test-only,source-caution,table
chen2020_10.1021_acs.jced.9b00993_t4,CHEN(2020),,psat_ratio,626.55,,0.0,3.0,3.0,0.0,0.0,0.0,0.8706848002,,T,test-only,source-caution,table
chen2020_10.1021_acs.jced.9b00993_t5,CHEN(2020),,psat_ratio,497.65,,0.5,1.0,0.5,0.0,0.0,0.0,0.9962988283,,T,test-only,source-caution,table
chen2020_10.1021_acs.jced.9b00993_t5,CHEN(2020),,psat_ratio,538.65,,0.5,1.0,0.5,0.0,0.0,0.0,0.9697942054,,T,test-only,source-caution,table
chen2020_10.1021_acs.jced.9b00993_t5,CHEN(2020),,psat_ratio,538.75,,0.5,1.0,0.5,0.0,0.0,0.0,0.9709410892,,T,test-only,source-caution,table
chen2020_10.1021_acs.jced.9b00993_t5,CHEN(2020),,psat_ratio,585.95,,0.5,1.0,0.5,0.0,0.0,0.0,0.9701969382,,T,test-only,source-caution,table
chen2020_10.1021_acs.jced.9b00993_t5,CHEN(2020),,psat_ratio,586.15,,0.5,1.0,0.5,0.0,0.0,0.0,0.9682475049,,T,test-only,source-caution,table
chen2020_10.1021_acs.jced.9b00993_t5,CHEN(2020),,psat_ratio,586.25,,0.5,1.0,0.5,0.0,0.0,0.0,0.9676099818,,T,test-only,source-caution,table
chen2020_10.1021_acs.jced.9b00993_t5,CHEN(2020),,psat_ratio,618.15,,0.5,1.0,0.5,0.0,0.0,0.0,0.9618575958,,T,test-only,source-caution,table
chen2020_10.1021_acs.jced.9b00993_t5,CHEN(2020),,psat_ratio,618.65,,0.5,1.0,0.5,0.0,0.0,0.0,0.9559133374,,T,test-only,source-caution,table
chen2020_10.1021_acs.jced.9b00993_t5,CHEN(2020),,psat_ratio,618.85,,0.5,1.0,0.5,0.0,0.0,0.0,0.9535477801,,T,test-only,source-caution,table
chen2020_10.1021_acs.jced.9b00993_t5,CHEN(2020),,psat_ratio,643.15,,0.5,1.0,0.5,0.0,0.0,0.0,0.9481949354,,T,test-only,source-caution,table
chen2020_10.1021_acs.jced.9b00993_t5,CHEN(2020),,psat_ratio,643.95,,0.5,1.0,0.5,0.0,0.0,0.0,0.9388294321,,T,test-only,source-caution,table
chen2020_10.1021_acs.jced.9b00993_t5,CHEN(2020),,psat_ratio,644.35,,0.5,1.0,0.5,0.0,0.0,0.0,0.9343406249,,T,test-only,source-caution,table
chen2020_10.1021_acs.jced.9b00993_t5,CHEN(2020),,psat_ratio,499.15,,1.0,2.0,1.0,0.0,0.0,0.0,0.9634336962,,T,test-only,source-caution,table
chen2020_10.1021_acs.jced.9b00993_t5,CHEN(2020),,psat_ratio,499.25,,1.0,2.0,1.0,0.0,0.0,0.0,0.9616402243,,T,test-only,source-caution,table
chen2020_10.1021_acs.jced.9b00993_t5,CHEN(2020),,psat_ratio,499.45,,1.0,2.0,1.0,0.0,0.0,0.0,0.9607068761,,T,test-only,source-caution,table
chen2020_10.1021_acs.jced.9b00993_t5,CHEN(2020),,psat_ratio,541.55,,1.0,2.0,1.0,0.0,0.0,0.0,0.9275931113,,T,test-only,source-caution,table
chen2020_10.1021_acs.jced.9b00993_t5,CHEN(2020),,psat_ratio,541.15,,1.0,2.0,1.0,0.0,0.0,0.0,0.93345399,,T,test-only,source-caution,table
chen2020_10.1021_acs.jced.9b00993_t5,CHEN(2020),,psat_ratio,541.45,,1.0,2.0,1.0,0.0,0.0,0.0,0.9290540561,,T,test-only,source-caution,table
chen2020_10.1021_acs.jced.9b00993_t5,CHEN(2020),,psat_ratio,589.65,,1.0,2.0,1.0,0.0,0.0,0.0,0.9243637677,,T,test-only,source-caution,table
chen2020_10.1021_acs.jced.9b00993_t5,CHEN(2020),,psat_ratio,590.05,,1.0,2.0,1.0,0.0,0.0,0.0,0.9187956757,,T,test-only,source-caution,table
chen2020_10.1021_acs.jced.9b00993_t5,CHEN(2020),,psat_ratio,589.75,,1.0,2.0,1.0,0.0,0.0,0.0,0.9218484761,,T,test-only,source-caution,table
chen2020_10.1021_acs.jced.9b00993_t5,CHEN(2020),,psat_ratio,622.65,,1.0,2.0,1.0,0.0,0.0,0.0,0.9119841409,,T,test-only,source-caution,table
chen2020_10.1021_acs.jced.9b00993_t5,CHEN(2020),,psat_ratio,622.05,,1.0,2.0,1.0,0.0,0.0,0.0,0.918735475,,T,test-only,source-caution,table
chen2020_10.1021_acs.jced.9b00993_t5,CHEN(2020),,psat_ratio,622.65,,1.0,2.0,1.0,0.0,0.0,0.0,0.9115641325,,T,test-only,source-caution,table
chen2020_10.1021_acs.jced.9b00993_t5,CHEN(2020),,psat_ratio,504.25,,2.0,4.0,2.0,0.0,0.0,0.0,0.8818097763,,T,test-only,source-caution,table
chen2020_10.1021_acs.jced.9b00993_t5,CHEN(2020),,psat_ratio,504.25,,2.0,4.0,2.0,0.0,0.0,0.0,0.8842275175,,T,test-only,source-caution,table
chen2020_10.1021_acs.jced.9b00993_t5,CHEN(2020),,psat_ratio,503.95,,2.0,4.0,2.0,0.0,0.0,0.0,0.8890819846,,T,test-only,source-caution,table
chen2020_10.1021_acs.jced.9b00993_t5,CHEN(2020),,psat_ratio,544.75,,2.0,4.0,2.0,0.0,0.0,0.0,0.8823067232,,T,test-only,source-caution,table
chen2020_10.1021_acs.jced.9b00993_t5,CHEN(2020),,psat_ratio,545.15,,2.0,4.0,2.0,0.0,0.0,0.0,0.8768399582,,T,test-only,source-caution,table
chen2020_10.1021_acs.jced.9b00993_t5,CHEN(2020),,psat_ratio,595.65,,2.0,4.0,2.0,0.0,0.0,0.0,0.8560263716,,T,test-only,source-caution,table
chen2020_10.1021_acs.jced.9b00993_t5,CHEN(2020),,psat_ratio,594.95,,2.0,4.0,2.0,0.0,0.0,0.0,0.8621573414,,T,test-only,source-caution,table
chen2020_10.1021_acs.jced.9b00993_t5,CHEN(2020),,psat_ratio,594.65,,2.0,4.0,2.0,0.0,0.0,0.0,0.8655728348,,T,test-only,source-caution,table
chen2020_10.1021_acs.jced.9b00993_t5,CHEN(2020),,psat_ratio,626.55,,2.0,4.0,2.0,0.0,0.0,0.0,0.866680451,,T,test-only,source-caution,table
chen2020_10.1021_acs.jced.9b00993_t5,CHEN(2020),,psat_ratio,626.95,,2.0,4.0,2.0,0.0,0.0,0.0,0.8624664444,,T,test-only,source-caution,table
pearce1937_10.1021_ja01291a061_t1,PEARCE(1937),,psat_ratio,298.15,,0.0,0.0,0.0,0.0,0.0,0.0,0.9989727045,,T,test-only,,table
pearce1937_10.1021_ja01291a061_t1,PEARCE(1937),,psat_ratio,298.15,,0.2,0.0,0.0,0.0,0.0,0.1,0.9947668578,,T,test-only,,table
pearce1937_10.1021_ja01291a061_t1,PEARCE(1937),,psat_ratio,298.15,,0.4,0.0,0.0,0.0,0.0,0.2,0.9911918881,,T,test-only,,table
pearce1937_10.1021_ja01291a061_t1,PEARCE(1937),,psat_ratio,298.15,,0.8,0.0,0.0,0.0,0.0,0.4,0.9838737149,,T,test-only,,table
pearce1937_10.1021_ja01291a061_t1,PEARCE(1937),,psat_ratio,298.15,,1.2,0.0,0.0,0.0,0.0,0.6,0.9768920094,,T,test-only,,table
pearce1937_10.1021_ja01291a061_t1,PEARCE(1937),,psat_ratio,298.15,,1.6,0.0,0.0,0.0,0.0,0.8,0.970372947,,T,test-only,,table
pearce1937_10.1021_ja01291a061_t1,PEARCE(1937),,psat_ratio,298.15,,2.0,0.0,0.0,0.0,0.0,1.0,0.9642744694,,T,test-only,,table
pearce1937_10.1021_ja01291a061_t1,PEARCE(1937),,psat_ratio,298.15,,3.0,0.0,0.0,0.0,0.0,1.5,0.9490493044,,T,test-only,,table
pearce1937_10.1021_ja01291a061_t1,PEARCE(1937),,psat_ratio,298.15,,3.9282,0.0,0.0,0.0,0.0,1.9641,0.9353382442,,T,test-only,,table
pearce1937_10.1021_ja01291a061_t2,PEARCE(1937),,psat_ratio,298.15,,0.0,0.0,0.2,0.0,0.0,0.1,0.9949350917,,T,test-only,,table
pearce1937_10.1021_ja01291a061_t2,PEARCE(1937),,psat_ratio,298.15,,0.0,0.0,0.4,0.0,0.0,0.2,0.9911077712,,T,test-only,,table
pearce1937_10.1021_ja01291a061_t2,PEARCE(1937),,psat_ratio,298.15,,0.0,0.0,0.8,0.0,0.0,0.4,0.9841260657,,T,test-only,,table
pearce1937_10.1021_ja01291a061_t2,PEARCE(1937),,psat_ratio,298.15,,0.0,0.0,1.2,0.0,0.0,0.6,0.977396711,,T,test-only,,table
pearce1937_10.1021_ja01291a061_t2,PEARCE(1937),,psat_ratio,298.15,,0.0,0.0,1.3778,0.0,0.0,0.6889,0.9745787937,,T,test-only,,table
leopold1927_10.1021_ja01407a019_t1,LEOPOLD(1927),,psat_ratio,294.57,,0.0,4.664,4.664,0.0,0.0,0.0,0.8474981255,,T,test-only,,table
leopold1927_10.1021_ja01407a019_t1,LEOPOLD(1927),,psat_ratio,298.77,,0.0,4.849,4.849,0.0,0.0,0.0,0.839902844,,T,test-only,,table
leopold1927_10.1021_ja01407a019_t1,LEOPOLD(1927),,psat_ratio,300.71,,0.0,4.926,4.926,0.0,0.0,0.0,0.8414165484,,T,test-only,,table
leopold1927_10.1021_ja01407a019_t1,LEOPOLD(1927),,psat_ratio,306.79,,0.0,5.178,5.178,0.0,0.0,0.0,0.8291821491,,T,test-only,,table
leopold1927_10.1021_ja01407a019_t1,LEOPOLD(1927),,psat_ratio,312.46,,0.0,5.402,5.402,0.0,0.0,0.0,0.8185668131,,T,test-only,,table
leopold1927_10.1021_ja01407a019_t1,LEOPOLD(1927),,psat_ratio,317.18,,0.0,5.576,5.576,0.0,0.0,0.0,0.8125065503,,T,test-only,,table
leopold1927_10.1021_ja01407a019_t1,LEOPOLD(1927),,psat_ratio,293.57,,6.13,6.13,0.0,0.0,0.0,0.0,0.7579934633,,T,test-only,source-caution,table
leopold1927_10.1021_ja01407a019_t1,LEOPOLD(1927),,psat_ratio,298.64,,6.148,6.148,0.0,0.0,0.0,0.0,0.7495954077,,T,test-only,,table
leopold1927_10.1021_ja01407a019_t1,LEOPOLD(1927),,psat_ratio,303.11,,6.167,6.167,0.0,0.0,0.0,0.0,0.7488555466,,T,test-only,,table
leopold1927_10.1021_ja01407a019_t1,LEOPOLD(1927),,psat_ratio,310.07,,6.201,6.201,0.0,0.0,0.0,0.0,0.7466533514,,T,test-only,,table
leopold1927_10.1021_ja01407a019_t1,LEOPOLD(1927),,psat_ratio,313.7,,6.22,6.22,0.0,0.0,0.0,0.0,0.745837757,,T,test-only,,table
leopold1927_10.1021_ja01407a019_t1,LEOPOLD(1927),,psat_ratio,323.15,,6.277,6.277,0.0,0.0,0.0,0.0,0.7430336834,,T,test-only,,table
leopold1927_10.1021_ja01407a019_t1,LEOPOLD(1927),,psat_ratio,293.98,,2.854,0.0,0.0,0.0,0.0,1.427,0.8668562011,,T,test-only,,table
leopold1927_10.1021_ja01407a019_t1,LEOPOLD(1927),,psat_ratio,298.17,,3.906,0.0,0.0,0.0,0.0,1.953,0.8586507695,,T,test-only,,table
leopold1927_10.1021_ja01407a019_t1,LEOPOLD(1927),,psat_ratio,301.61,,5.104,0.0,0.0,0.0,0.0,2.552,0.8636191602,,T,test-only,,table
leopold1927_10.1021_ja01407a019_t1,LEOPOLD(1927),,psat_ratio,305.53,,6.946,0.0,0.0,0.0,0.0,3.473,0.8628038796,,T,test-only,,table
leopold1927_10.1021_ja01407a019_t1,LEOPOLD(1927),,psat_ratio,308.17,,6.946,0.0,0.0,0.0,0.0,3.473,0.8692192444,,T,test-only,,table
leopold1927_10.1021_ja01407a019_t1,LEOPOLD(1927),,psat_ratio,316.03,,6.742,0.0,0.0,0.0,0.0,3.371,0.884439793,,T,test-only,,table
leopold1927_10.1021_ja01407a019_t1,LEOPOLD(1927),,psat_ratio,323.7,,6.566,0.0,0.0,0.0,0.0,3.283,0.8863980956,,T,test-only,,table
leopold1927_10.1021_ja01407a019_t1,LEOPOLD(1927),,psat_ratio,292.05,,0.0,0.0,1.2512,0.0,0.0,0.6256,0.9709648379,,T,test-only,,table
leopold1927_10.1021_ja01407a019_t1,LEOPOLD(1927),,psat_ratio,295.4,,0.0,0.0,1.324,0.0,0.0,0.662,0.9704009975,,T,test-only,,table
leopold1927_10.1021_ja01407a019_t1,LEOPOLD(1927),,psat_ratio,297.88,,0.0,0.0,1.3768,0.0,0.0,0.6884,0.9659606487,,T,test-only,,table
leopold1927_10.1021_ja01407a019_t1,LEOPOLD(1927),,psat_ratio,298.73,,0.0,0.0,1.3948,0.0,0.0,0.6974,0.9707029361,,T,test-only,,table
leopold1927_10.1021_ja01407a019_t1,LEOPOLD(1927),,psat_ratio,304.7,,0.0,0.0,1.52,0.0,0.0,0.76,0.9657706796,,T,test-only,,table
leopold1927_10.1021_ja01407a019_t1,LEOPOLD(1927),,psat_ratio,309.11,,0.0,0.0,1.6104,0.0,0.0,0.8052,0.9637203068,,T,test-only,,table
leopold1927_10.1021_ja01407a019_t1,LEOPOLD(1927),,psat_ratio,316.57,,0.0,0.0,1.765,0.0,0.0,0.8825,0.9610721695,,T,test-only,,table
leopold1927_10.1021_ja01407a019_t1,LEOPOLD(1927),,psat_ratio,321.56,,0.0,0.0,1.8666,0.0,0.0,0.9333,0.9594510746,,T,test-only,,table
leopold1927_10.1021_ja01407a019_t1,LEOPOLD(1927),,psat_ratio,325.45,,0.0,0.0,1.944,0.0,0.0,0.972,0.9554467841,,T,test-only,,table
hubert1995b_10.1021_je00020a034_t1,HUBERT(1995b),,psat_ratio,294.48,,5.423,5.423,0.0,0.0,0.0,0.0,0.783335305,,T,test-only,,table
hubert1995b_10.1021_je00020a034_t1,HUBERT(1995b),,psat_ratio,299.21,,5.423,5.423,0.0,0.0,0.0,0.0,0.782618175,,T,test-only,,table
hubert1995b_10.1021_je00020a034_t1,HUBERT(1995b),,psat_ratio,304.04,,5.423,5.423,0.0,0.0,0.0,0.0,0.7825325172,,T,test-only,,table
hubert1995b_10.1021_je00020a034_t1,HUBERT(1995b),,psat_ratio,308.87,,5.423,5.423,0.0,0.0,0.0,0.0,0.7826440048,,T,test-only,,table
hubert1995b_10.1021_je00020a034_t1,HUBERT(1995b),,psat_ratio,313.68,,5.423,5.423,0.0,0.0,0.0,0.0,0.7824992445,,T,test-only,,table
hubert1995b_10.1021_je00020a034_t1,HUBERT(1995b),,psat_ratio,318.55,,5.423,5.423,0.0,0.0,0.0,0.0,0.781388012,,T,test-only,,table
hubert1995b_10.1021_je00020a034_t1,HUBERT(1995b),,psat_ratio,323.4,,5.423,5.423,0.0,0.0,0.0,0.0,0.7830644126,,T,test-only,,table
hubert1995b_10.1021_je00020a034_t1,HUBERT(1995b),,psat_ratio,328.35,,5.423,5.423,0.0,0.0,0.0,0.0,0.7835989114,,T,test-only,,table
hubert1995b_10.1021_je00020a034_t1,HUBERT(1995b),,psat_ratio,333.27,,5.423,5.423,0.0,0.0,0.0,0.0,0.7843461298,,T,test-only,,table
hubert1995b_10.1021_je00020a034_t1,HUBERT(1995b),,psat_ratio,343.05,,5.423,5.423,0.0,0.0,0.0,0.0,0.7853541665,,T,test-only,,table
hubert1995b_10.1021_je00020a034_t1,HUBERT(1995b),,psat_ratio,352.87,,5.423,5.423,0.0,0.0,0.0,0.0,0.7866344322,,T,test-only,,table
hubert1995b_10.1021_je00020a034_t1,HUBERT(1995b),,psat_ratio,362.64,,5.423,5.423,0.0,0.0,0.0,0.0,0.7881214096,,T,test-only,,table
hubert1995b_10.1021_je00020a034_t1,HUBERT(1995b),,psat_ratio,294.51,,4.608,4.608,0.0,0.0,0.0,0.0,0.8212069252,,T,test-only,,table
hubert1995b_10.1021_je00020a034_t1,HUBERT(1995b),,psat_ratio,299.28,,4.608,4.608,0.0,0.0,0.0,0.0,0.8212758553,,T,test-only,,table
hubert1995b_10.1021_je00020a034_t1,HUBERT(1995b),,psat_ratio,304.06,,4.608,4.608,0.0,0.0,0.0,0.0,0.8212032528,,T,test-only,,table
hubert1995b_10.1021_je00020a034_t1,HUBERT(1995b),,psat_ratio,308.94,,4.608,4.608,0.0,0.0,0.0,0.0,0.8204553678,,T,test-only,,table
hubert1995b_10.1021_je00020a034_t1,HUBERT(1995b),,psat_ratio,313.74,,4.608,4.608,0.0,0.0,0.0,0.0,0.8202968242,,T,test-only,,table
hubert1995b_10.1021_je00020a034_t1,HUBERT(1995b),,psat_ratio,318.6,,4.608,4.608,0.0,0.0,0.0,0.0,0.8202258428,,T,test-only,,table
hubert1995b_10.1021_je00020a034_t1,HUBERT(1995b),,psat_ratio,323.49,,4.608,4.608,0.0,0.0,0.0,0.0,0.8201018019,,T,test-only,,table
hubert1995b_10.1021_je00020a034_t1,HUBERT(1995b),,psat_ratio,328.45,,4.608,4.608,0.0,0.0,0.0,0.0,0.8202603079,,T,test-only,,table
hubert1995b_10.1021_je00020a034_t1,HUBERT(1995b),,psat_ratio,333.32,,4.608,4.608,0.0,0.0,0.0,0.0,0.8209853172,,T,test-only,,table
hubert1995b_10.1021_je00020a034_t1,HUBERT(1995b),,psat_ratio,338.18,,4.608,4.608,0.0,0.0,0.0,0.0,0.8209300273,,T,test-only,,table
hubert1995b_10.1021_je00020a034_t1,HUBERT(1995b),,psat_ratio,343.14,,4.608,4.608,0.0,0.0,0.0,0.0,0.8216449012,,T,test-only,,table
hubert1995b_10.1021_je00020a034_t1,HUBERT(1995b),,psat_ratio,348.01,,4.608,4.608,0.0,0.0,0.0,0.0,0.8217641077,,T,test-only,,table
hubert1995b_10.1021_je00020a034_t1,HUBERT(1995b),,psat_ratio,352.92,,4.608,4.608,0.0,0.0,0.0,0.0,0.8227846007,,T,test-only,,table
hubert1995b_10.1021_je00020a034_t1,HUBERT(1995b),,psat_ratio,362.81,,4.608,4.608,0.0,0.0,0.0,0.0,0.8236388065,,T,test-only,,table
hubert1995b_10.1021_je00020a034_t1,HUBERT(1995b),,psat_ratio,294.42,,4.086,4.086,0.0,0.0,0.0,0.0,0.8451205867,,T,test-only,,table
hubert1995b_10.1021_je00020a034_t1,HUBERT(1995b),,psat_ratio,299.3,,4.086,4.086,0.0,0.0,0.0,0.0,0.8462348822,,T,test-only,,table
hubert1995b_10.1021_je00020a034_t1,HUBERT(1995b),,psat_ratio,304.1,,4.086,4.086,0.0,0.0,0.0,0.0,0.8458708723,,T,test-only,,table
hubert1995b_10.1021_je00020a034_t1,HUBERT(1995b),,psat_ratio,308.94,,4.086,4.086,0.0,0.0,0.0,0.0,0.8446064172,,T,test-only,,table
hubert1995b_10.1021_je00020a034_t1,HUBERT(1995b),,psat_ratio,313.81,,4.086,4.086,0.0,0.0,0.0,0.0,0.8439259599,,T,test-only,,table
hubert1995b_10.1021_je00020a034_t1,HUBERT(1995b),,psat_ratio,318.67,,4.086,4.086,0.0,0.0,0.0,0.0,0.8437742279,,T,test-only,,table
hubert1995b_10.1021_je00020a034_t1,HUBERT(1995b),,psat_ratio,323.54,,4.086,4.086,0.0,0.0,0.0,0.0,0.8435651883,,T,test-only,,table
hubert1995b_10.1021_je00020a034_t1,HUBERT(1995b),,psat_ratio,328.41,,4.086,4.086,0.0,0.0,0.0,0.0,0.8437612141,,T,test-only,,table
hubert1995b_10.1021_je00020a034_t1,HUBERT(1995b),,psat_ratio,333.28,,4.086,4.086,0.0,0.0,0.0,0.0,0.8437839509,,T,test-only,,table
hubert1995b_10.1021_je00020a034_t1,HUBERT(1995b),,psat_ratio,338.25,,4.086,4.086,0.0,0.0,0.0,0.0,0.8438083544,,T,test-only,,table
hubert1995b_10.1021_je00020a034_t1,HUBERT(1995b),,psat_ratio,343.09,,4.086,4.086,0.0,0.0,0.0,0.0,0.8439894808,,T,test-only,,table
hubert1995b_10.1021_je00020a034_t1,HUBERT(1995b),,psat_ratio,348.07,,4.086,4.086,0.0,0.0,0.0,0.0,0.8442952781,,T,test-only,,table
hubert1995b_10.1021_je00020a034_t1,HUBERT(1995b),,psat_ratio,352.94,,4.086,4.086,0.0,0.0,0.0,0.0,0.8448135844,,T,test-only,,table
hubert1995b_10.1021_je00020a034_t1,HUBERT(1995b),,psat_ratio,357.81,,4.086,4.086,0.0,0.0,0.0,0.0,0.8452381612,,T,test-only,,table
hubert1995b_10.1021_je00020a034_t1,HUBERT(1995b),,psat_ratio,362.79,,4.086,4.086,0.0,0.0,0.0,0.0,0.845832588,,T,test-only,,table
hubert1995b_10.1021_je00020a034_t1,HUBERT(1995b),,psat_ratio,367.93,,4.086,4.086,0.0,0.0,0.0,0.0,0.8455938288,,T,test-only,,table
hubert1995b_10.1021_je00020a034_t1,HUBERT(1995b),,psat_ratio,294.48,,3.655,3.655,0.0,0.0,0.0,0.0,0.8636773875,,T,test-only,,table
hubert1995b_10.1021_je00020a034_t1,HUBERT(1995b),,psat_ratio,299.19,,3.655,3.655,0.0,0.0,0.0,0.0,0.8636189717,,T,test-only,,table
hubert1995b_10.1021_je00020a034_t1,HUBERT(1995b),,psat_ratio,304.07,,3.655,3.655,0.0,0.0,0.0,0.0,0.862732543,,T,test-only,,table
hubert1995b_10.1021_je00020a034_t1,HUBERT(1995b),,psat_ratio,309.06,,3.655,3.655,0.0,0.0,0.0,0.0,0.863384596,,T,test-only,,table
hubert1995b_10.1021_je00020a034_t1,HUBERT(1995b),,psat_ratio,313.78,,3.655,3.655,0.0,0.0,0.0,0.0,0.8624247198,,T,test-only,,table
hubert1995b_10.1021_je00020a034_t1,HUBERT(1995b),,psat_ratio,318.64,,3.655,3.655,0.0,0.0,0.0,0.0,0.8620447524,,T,test-only,,table
hubert1995b_10.1021_je00020a034_t1,HUBERT(1995b),,psat_ratio,323.54,,3.655,3.655,0.0,0.0,0.0,0.0,0.8617499221,,T,test-only,,table
hubert1995b_10.1021_je00020a034_t1,HUBERT(1995b),,psat_ratio,328.46,,3.655,3.655,0.0,0.0,0.0,0.0,0.8625619072,,T,test-only,,table
hubert1995b_10.1021_je00020a034_t1,HUBERT(1995b),,psat_ratio,333.33,,3.655,3.655,0.0,0.0,0.0,0.0,0.8617232117,,T,test-only,,table
hubert1995b_10.1021_je00020a034_t1,HUBERT(1995b),,psat_ratio,338.25,,3.655,3.655,0.0,0.0,0.0,0.0,0.8618175504,,T,test-only,,table
hubert1995b_10.1021_je00020a034_t1,HUBERT(1995b),,psat_ratio,343.08,,3.655,3.655,0.0,0.0,0.0,0.0,0.8619072753,,T,test-only,,table
hubert1995b_10.1021_je00020a034_t1,HUBERT(1995b),,psat_ratio,352.98,,3.655,3.655,0.0,0.0,0.0,0.0,0.8626848518,,T,test-only,,table
hubert1995b_10.1021_je00020a034_t1,HUBERT(1995b),,psat_ratio,357.93,,3.655,3.655,0.0,0.0,0.0,0.0,0.8631045605,,T,test-only,,table
hubert1995b_10.1021_je00020a034_t1,HUBERT(1995b),,psat_ratio,362.87,,3.655,3.655,0.0,0.0,0.0,0.0,0.8634230097,,T,test-only,,table
hubert1995b_10.1021_je00020a034_t1,HUBERT(1995b),,psat_ratio,368.0,,3.655,3.655,0.0,0.0,0.0,0.0,0.8637024675,,T,test-only,,table
hubert1995b_10.1021_je00020a034_t1,HUBERT(1995b),,psat_ratio,294.41,,3.141,3.141,0.0,0.0,0.0,0.0,0.8859830514,,T,test-only,,table
hubert1995b_10.1021_je00020a034_t1,HUBERT(1995b),,psat_ratio,299.16,,3.141,3.141,0.0,0.0,0.0,0.0,0.8856527123,,T,test-only,,table
hubert1995b_10.1021_je00020a034_t1,HUBERT(1995b),,psat_ratio,303.97,,3.141,3.141,0.0,0.0,0.0,0.0,0.8856402503,,T,test-only,,table
hubert1995b_10.1021_je00020a034_t1,HUBERT(1995b),,psat_ratio,308.89,,3.141,3.141,0.0,0.0,0.0,0.0,0.8847932914,,T,test-only,,table
hubert1995b_10.1021_je00020a034_t1,HUBERT(1995b),,psat_ratio,313.64,,3.141,3.141,0.0,0.0,0.0,0.0,0.8845586633,,T,test-only,,table
hubert1995b_10.1021_je00020a034_t1,HUBERT(1995b),,psat_ratio,318.63,,3.141,3.141,0.0,0.0,0.0,0.0,0.8839420002,,T,test-only,,table
hubert1995b_10.1021_je00020a034_t1,HUBERT(1995b),,psat_ratio,323.45,,3.141,3.141,0.0,0.0,0.0,0.0,0.8839433687,,T,test-only,,table
hubert1995b_10.1021_je00020a034_t1,HUBERT(1995b),,psat_ratio,328.33,,3.141,3.141,0.0,0.0,0.0,0.0,0.8847357443,,T,test-only,,table
hubert1995b_10.1021_je00020a034_t1,HUBERT(1995b),,psat_ratio,333.3,,3.141,3.141,0.0,0.0,0.0,0.0,0.8841784197,,T,test-only,,table
hubert1995b_10.1021_je00020a034_t1,HUBERT(1995b),,psat_ratio,343.1,,3.141,3.141,0.0,0.0,0.0,0.0,0.8842879812,,T,test-only,,table
hubert1995b_10.1021_je00020a034_t1,HUBERT(1995b),,psat_ratio,352.92,,3.141,3.141,0.0,0.0,0.0,0.0,0.8846690725,,T,test-only,,table
hubert1995b_10.1021_je00020a034_t1,HUBERT(1995b),,psat_ratio,362.75,,3.141,3.141,0.0,0.0,0.0,0.0,0.8851267322,,T,test-only,,table
hubert1995b_10.1021_je00020a034_t1,HUBERT(1995b),,psat_ratio,294.39,,2.617,2.617,0.0,0.0,0.0,0.0,0.9076635633,,T,test-only,,table
hubert1995b_10.1021_je00020a034_t1,HUBERT(1995b),,psat_ratio,299.18,,2.617,2.617,0.0,0.0,0.0,0.0,0.9059713852,,T,test-only,,table
hubert1995b_10.1021_je00020a034_t1,HUBERT(1995b),,psat_ratio,303.97,,2.617,2.617,0.0,0.0,0.0,0.0,0.9058603474,,T,test-only,,table
hubert1995b_10.1021_je00020a034_t1,HUBERT(1995b),,psat_ratio,308.88,,2.617,2.617,0.0,0.0,0.0,0.0,0.9057569167,,T,test-only,,table
hubert1995b_10.1021_je00020a034_t1,HUBERT(1995b),,psat_ratio,313.74,,2.617,2.617,0.0,0.0,0.0,0.0,0.9057252729,,T,test-only,,table
hubert1995b_10.1021_je00020a034_t1,HUBERT(1995b),,psat_ratio,318.62,,2.617,2.617,0.0,0.0,0.0,0.0,0.9055562928,,T,test-only,,table
hubert1995b_10.1021_je00020a034_t1,HUBERT(1995b),,psat_ratio,323.48,,2.617,2.617,0.0,0.0,0.0,0.0,0.9053303436,,T,test-only,,table
hubert1995b_10.1021_je00020a034_t1,HUBERT(1995b),,psat_ratio,328.39,,2.617,2.617,0.0,0.0,0.0,0.0,0.9055938834,,T,test-only,,table
hubert1995b_10.1021_je00020a034_t1,HUBERT(1995b),,psat_ratio,333.27,,2.617,2.617,0.0,0.0,0.0,0.0,0.9059965593,,T,test-only,,table
hubert1995b_10.1021_je00020a034_t1,HUBERT(1995b),,psat_ratio,338.21,,2.617,2.617,0.0,0.0,0.0,0.0,0.9052973331,,T,test-only,,table
hubert1995b_10.1021_je00020a034_t1,HUBERT(1995b),,psat_ratio,343.08,,2.617,2.617,0.0,0.0,0.0,0.0,0.9052099906,,T,test-only,,table
hubert1995b_10.1021_je00020a034_t1,HUBERT(1995b),,psat_ratio,347.97,,2.617,2.617,0.0,0.0,0.0,0.0,0.9056101391,,T,test-only,,table
hubert1995b_10.1021_je00020a034_t1,HUBERT(1995b),,psat_ratio,352.93,,2.617,2.617,0.0,0.0,0.0,0.0,0.9055898657,,T,test-only,,table
hubert1995b_10.1021_je00020a034_t1,HUBERT(1995b),,psat_ratio,357.77,,2.617,2.617,0.0,0.0,0.0,0.0,0.9057326701,,T,test-only,,table
hubert1995b_10.1021_je00020a034_t1,HUBERT(1995b),,psat_ratio,362.81,,2.617,2.617,0.0,0.0,0.0,0.0,0.9059998004,,T,test-only,,table
hubert1995b_10.1021_je00020a034_t1,HUBERT(1995b),,psat_ratio,368.07,,2.617,2.617,0.0,0.0,0.0,0.0,0.90620357,,T,test-only,,table
hubert1995b_10.1021_je00020a034_t1,HUBERT(1995b),,psat_ratio,294.43,,2.2,2.2,0.0,0.0,0.0,0.0,0.9247961196,,T,test-only,,table
hubert1995b_10.1021_je00020a034_t1,HUBERT(1995b),,psat_ratio,299.2,,2.2,2.2,0.0,0.0,0.0,0.0,0.9235733636,,T,test-only,,table
hubert1995b_10.1021_je00020a034_t1,HUBERT(1995b),,psat_ratio,304.0,,2.2,2.2,0.0,0.0,0.0,0.0,0.9231512307,,T,test-only,,table
hubert1995b_10.1021_je00020a034_t1,HUBERT(1995b),,psat_ratio,308.83,,2.2,2.2,0.0,0.0,0.0,0.0,0.9222830578,,T,test-only,,table
hubert1995b_10.1021_je00020a034_t1,HUBERT(1995b),,psat_ratio,313.67,,2.2,2.2,0.0,0.0,0.0,0.0,0.9221378781,,T,test-only,,table
hubert1995b_10.1021_je00020a034_t1,HUBERT(1995b),,psat_ratio,318.55,,2.2,2.2,0.0,0.0,0.0,0.0,0.9226974343,,T,test-only,,table
hubert1995b_10.1021_je00020a034_t1,HUBERT(1995b),,psat_ratio,323.38,,2.2,2.2,0.0,0.0,0.0,0.0,0.9225515209,,T,test-only,,table
hubert1995b_10.1021_je00020a034_t1,HUBERT(1995b),,psat_ratio,328.32,,2.2,2.2,0.0,0.0,0.0,0.0,0.922853672,,T,test-only,,table
hubert1995b_10.1021_je00020a034_t1,HUBERT(1995b),,psat_ratio,333.22,,2.2,2.2,0.0,0.0,0.0,0.0,0.923385577,,T,test-only,,table
hubert1995b_10.1021_je00020a034_t1,HUBERT(1995b),,psat_ratio,338.15,,2.2,2.2,0.0,0.0,0.0,0.0,0.9226647567,,T,test-only,,table
hubert1995b_10.1021_je00020a034_t1,HUBERT(1995b),,psat_ratio,343.03,,2.2,2.2,0.0,0.0,0.0,0.0,0.9230538401,,T,test-only,,table
hubert1995b_10.1021_je00020a034_t1,HUBERT(1995b),,psat_ratio,347.97,,2.2,2.2,0.0,0.0,0.0,0.0,0.9226833311,,T,test-only,,table
hubert1995b_10.1021_je00020a034_t1,HUBERT(1995b),,psat_ratio,352.87,,2.2,2.2,0.0,0.0,0.0,0.0,0.9228561282,,T,test-only,,table
hubert1995b_10.1021_je00020a034_t1,HUBERT(1995b),,psat_ratio,357.75,,2.2,2.2,0.0,0.0,0.0,0.0,0.9230515093,,T,test-only,,table
hubert1995b_10.1021_je00020a034_t1,HUBERT(1995b),,psat_ratio,362.71,,2.2,2.2,0.0,0.0,0.0,0.0,0.9227858473,,T,test-only,,table
hubert1995b_10.1021_je00020a034_t1,HUBERT(1995b),,psat_ratio,368.04,,2.2,2.2,0.0,0.0,0.0,0.0,0.9231903743,,T,test-only,,table
hubert1995b_10.1021_je00020a034_t1,HUBERT(1995b),,psat_ratio,294.34,,1.671,1.671,0.0,0.0,0.0,0.0,0.9454092269,,T,test-only,,table
hubert1995b_10.1021_je00020a034_t1,HUBERT(1995b),,psat_ratio,299.11,,1.671,1.671,0.0,0.0,0.0,0.0,0.9442969186,,T,test-only,,table
hubert1995b_10.1021_je00020a034_t1,HUBERT(1995b),,psat_ratio,304.01,,1.671,1.671,0.0,0.0,0.0,0.0,0.9425746983,,T,test-only,,table
hubert1995b_10.1021_je00020a034_t1,HUBERT(1995b),,psat_ratio,308.84,,1.671,1.671,0.0,0.0,0.0,0.0,0.9422976002,,T,test-only,,table
hubert1995b_10.1021_je00020a034_t1,HUBERT(1995b),,psat_ratio,313.67,,1.671,1.671,0.0,0.0,0.0,0.0,0.9421585833,,T,test-only,,table
hubert1995b_10.1021_je00020a034_t1,HUBERT(1995b),,psat_ratio,318.52,,1.671,1.671,0.0,0.0,0.0,0.0,0.9426269463,,T,test-only,,table
hubert1995b_10.1021_je00020a034_t1,HUBERT(1995b),,psat_ratio,323.39,,1.671,1.671,0.0,0.0,0.0,0.0,0.9422549242,,T,test-only,,table
hubert1995b_10.1021_je00020a034_t1,HUBERT(1995b),,psat_ratio,328.32,,1.671,1.671,0.0,0.0,0.0,0.0,0.9429909495,,T,test-only,,table
hubert1995b_10.1021_je00020a034_t1,HUBERT(1995b),,psat_ratio,333.23,,1.671,1.671,0.0,0.0,0.0,0.0,0.9422888347,,T,test-only,,table
hubert1995b_10.1021_je00020a034_t1,HUBERT(1995b),,psat_ratio,338.16,,1.671,1.671,0.0,0.0,0.0,0.0,0.9419306157,,T,test-only,,table
hubert1995b_10.1021_je00020a034_t1,HUBERT(1995b),,psat_ratio,343.02,,1.671,1.671,0.0,0.0,0.0,0.0,0.9423731227,,T,test-only,,table
hubert1995b_10.1021_je00020a034_t1,HUBERT(1995b),,psat_ratio,348.0,,1.671,1.671,0.0,0.0,0.0,0.0,0.9423831402,,T,test-only,,table
hubert1995b_10.1021_je00020a034_t1,HUBERT(1995b),,psat_ratio,352.92,,1.671,1.671,0.0,0.0,0.0,0.0,0.9422746386,,T,test-only,,table
hubert1995b_10.1021_je00020a034_t1,HUBERT(1995b),,psat_ratio,357.87,,1.671,1.671,0.0,0.0,0.0,0.0,0.9424713733,,T,test-only,,table
hubert1995b_10.1021_je00020a034_t1,HUBERT(1995b),,psat_ratio,362.71,,1.671,1.671,0.0,0.0,0.0,0.0,0.9423027506,,T,test-only,,table
hubert1995b_10.1021_je00020a034_t1,HUBERT(1995b),,psat_ratio,367.99,,1.671,1.671,0.0,0.0,0.0,0.0,0.9426426575,,T,test-only,,table
hubert1995b_10.1021_je00020a034_t1,HUBERT(1995b),,psat_ratio,294.46,,1.245,1.245,0.0,0.0,0.0,0.0,0.9574017245,,T,test-only,,table
hubert1995b_10.1021_je00020a034_t1,HUBERT(1995b),,psat_ratio,299.24,,1.245,1.245,0.0,0.0,0.0,0.0,0.9571707766,,T,test-only,,table
hubert1995b_10.1021_je00020a034_t1,HUBERT(1995b),,psat_ratio,304.03,,1.245,1.245,0.0,0.0,0.0,0.0,0.9573971076,,T,test-only,,table
hubert1995b_10.1021_je00020a034_t1,HUBERT(1995b),,psat_ratio,308.84,,1.245,1.245,0.0,0.0,0.0,0.0,0.9566629357,,T,test-only,,table
hubert1995b_10.1021_je00020a034_t1,HUBERT(1995b),,psat_ratio,313.74,,1.245,1.245,0.0,0.0,0.0,0.0,0.9567723797,,T,test-only,,table
hubert1995b_10.1021_je00020a034_t1,HUBERT(1995b),,psat_ratio,318.55,,1.245,1.245,0.0,0.0,0.0,0.0,0.9574121767,,T,test-only,,table
hubert1995b_10.1021_je00020a034_t1,HUBERT(1995b),,psat_ratio,323.47,,1.245,1.245,0.0,0.0,0.0,0.0,0.9567770263,,T,test-only,,table
hubert1995b_10.1021_je00020a034_t1,HUBERT(1995b),,psat_ratio,328.37,,1.245,1.245,0.0,0.0,0.0,0.0,0.9566835522,,T,test-only,,table
hubert1995b_10.1021_je00020a034_t1,HUBERT(1995b),,psat_ratio,333.26,,1.245,1.245,0.0,0.0,0.0,0.0,0.9569438526,,T,test-only,,table
hubert1995b_10.1021_je00020a034_t1,HUBERT(1995b),,psat_ratio,338.12,,1.245,1.245,0.0,0.0,0.0,0.0,0.9574930016,,T,test-only,,table
hubert1995b_10.1021_je00020a034_t1,HUBERT(1995b),,psat_ratio,343.07,,1.245,1.245,0.0,0.0,0.0,0.0,0.9574781555,,T,test-only,,table
hubert1995b_10.1021_je00020a034_t1,HUBERT(1995b),,psat_ratio,347.95,,1.245,1.245,0.0,0.0,0.0,0.0,0.9575794191,,T,test-only,,table
hubert1995b_10.1021_je00020a034_t1,HUBERT(1995b),,psat_ratio,352.89,,1.245,1.245,0.0,0.0,0.0,0.0,0.9573398184,,T,test-only,,table
hubert1995b_10.1021_je00020a034_t1,HUBERT(1995b),,psat_ratio,357.87,,1.245,1.245,0.0,0.0,0.0,0.0,0.9576195451,,T,test-only,,table
hubert1995b_10.1021_je00020a034_t1,HUBERT(1995b),,psat_ratio,362.75,,1.245,1.245,0.0,0.0,0.0,0.0,0.9570716708,,T,test-only,,table
hubert1995b_10.1021_je00020a034_t1,HUBERT(1995b),,psat_ratio,367.98,,1.245,1.245,0.0,0.0,0.0,0.0,0.9582135622,,T,test-only,,table
parisod1981_10.1021_je00023a008_t1,PARISOD(1981),,psat_ratio,573.15,,1.09217538,1.09217538,0.0,0.0,0.0,0.0,0.9683431823,,T,test-only,,table
parisod1981_10.1021_je00023a008_t1,PARISOD(1981),,psat_ratio,573.15,,1.92234206,1.92234206,0.0,0.0,0.0,0.0,0.9249504454,,T,test-only,,table
parisod1981_10.1021_je00023a008_t1,PARISOD(1981),,psat_ratio,573.15,,3.09084343,3.09084343,0.0,0.0,0.0,0.0,0.8884091932,,T,test-only,,table
parisod1981_10.1021_je00023a008_t1,PARISOD(1981),,psat_ratio,573.15,,4.01363215,4.01363215,0.0,0.0,0.0,0.0,0.8461583704,,T,test-only,,table
parisod1981_10.1021_je00023a008_t1,PARISOD(1981),,psat_ratio,573.15,,5.34430174,5.34430174,0.0,0.0,0.0,0.0,0.8130428606,,T,test-only,,table
parisod1981_10.1021_je00023a008_t1,PARISOD(1981),,psat_ratio,573.15,,5.70358253,5.70358253,0.0,0.0,0.0,0.0,0.7924884063,,T,test-only,,table
parisod1981_10.1021_je00023a008_t1,PARISOD(1981),,psat_ratio,573.15,,7.056975,7.056975,0.0,0.0,0.0,0.0,0.7673662954,,T,test-only,,table
parisod1981_10.1021_je00023a008_t1,PARISOD(1981),,psat_ratio,573.15,,8.20100921,8.20100921,0.0,0.0,0.0,0.0,0.7342507857,,T,test-only,,table
parisod1981_10.1021_je00023a008_t1,PARISOD(1981),,psat_ratio,573.15,,9.25404069,9.25404069,0.0,0.0,0.0,0.0,0.6874323063,,T,test-only,,table
parisod1981_10.1021_je00023a008_t1,PARISOD(1981),,psat_ratio,593.15,,1.26814349,1.26814349,0.0,0.0,0.0,0.0,0.9542203281,,T,test-only,,table
parisod1981_10.1021_je00023a008_t1,PARISOD(1981),,psat_ratio,593.15,,1.92234206,1.92234206,0.0,0.0,0.0,0.0,0.9185891501,,T,test-only,,table
parisod1981_10.1021_je00023a008_t1,PARISOD(1981),,psat_ratio,593.15,,3.6044432,3.6044432,0.0,0.0,0.0,0.0,0.8794817596,,T,test-only,,table
parisod1981_10.1021_je00023a008_t1,PARISOD(1981),,psat_ratio,593.15,,4.46648771,4.46648771,0.0,0.0,0.0,0.0,0.8447196347,,T,test-only,,table
parisod1981_10.1021_je00023a008_t1,PARISOD(1981),,psat_ratio,593.15,,6.2327007,6.2327007,0.0,0.0,0.0,0.0,0.7838859162,,T,test-only,,table
parisod1981_10.1021_je00023a008_t1,PARISOD(1981),,psat_ratio,593.15,,7.94159149,7.94159149,0.0,0.0,0.0,0.0,0.7317427289,,T,test-only,,table
parisod1981_10.1021_je00023a008_t1,PARISOD(1981),,psat_ratio,593.15,,9.96322012,9.96322012,0.0,0.0,0.0,0.0,0.7021949227,,T,test-only,,table
parisod1981_10.1021_je00023a008_t1,PARISOD(1981),,psat_ratio,593.15,,10.39849292,10.39849292,0.0,0.0,0.0,0.0,0.6726471166,,T,test-only,,table
parisod1981_10.1021_je00023a008_t1,PARISOD(1981),,psat_ratio,613.15,,1.54873724,1.54873724,0.0,0.0,0.0,0.0,0.957111502,,T,test-only,,table
parisod1981_10.1021_je00023a008_t1,PARISOD(1981),,psat_ratio,613.15,,1.92234206,1.92234206,0.0,0.0,0.0,0.0,0.9174837276,,T,test-only,,table
parisod1981_10.1021_je00023a008_t1,PARISOD(1981),,psat_ratio,613.15,,3.85830583,3.85830583,0.0,0.0,0.0,0.0,0.8805425819,,T,test-only,,table
parisod1981_10.1021_je00023a008_t1,PARISOD(1981),,psat_ratio,613.15,,4.41220536,4.41220536,0.0,0.0,0.0,0.0,0.8516613225,,T,test-only,,table
parisod1981_10.1021_je00023a008_t1,PARISOD(1981),,psat_ratio,613.15,,5.67320393,5.67320393,0.0,0.0,0.0,0.0,0.8039736617,,T,test-only,,table
parisod1981_10.1021_je00023a008_t1,PARISOD(1981),,psat_ratio,613.15,,6.85388489,6.85388489,0.0,0.0,0.0,0.0,0.7838239459,,T,test-only,,table
parisod1981_10.1021_je00023a008_t1,PARISOD(1981),,psat_ratio,613.15,,7.22886492,7.22886492,0.0,0.0,0.0,0.0,0.7603159441,,T,test-only,,table
parisod1981_10.1021_je00023a008_t1,PARISOD(1981),,psat_ratio,613.15,,8.05211652,8.05211652,0.0,0.0,0.0,0.0,0.7260614271,,T,test-only,,table
parisod1981_10.1021_je00023a008_t1,PARISOD(1981),,psat_ratio,633.15,,1.24842364,1.24842364,0.0,0.0,0.0,0.0,0.949877686,,T,test-only,,table
parisod1981_10.1021_je00023a008_t1,PARISOD(1981),,psat_ratio,633.15,,1.77528728,1.77528728,0.0,0.0,0.0,0.0,0.9141521978,,T,test-only,,table
parisod1981_10.1021_je00023a008_t1,PARISOD(1981),,psat_ratio,633.15,,3.88403473,3.88403473,0.0,0.0,0.0,0.0,0.8526833432,,T,test-only,,table
parisod1981_10.1021_je00023a008_t1,PARISOD(1981),,psat_ratio,633.15,,4.14483948,4.14483948,0.0,0.0,0.0,0.0,0.8432265963,,T,test-only,,table
parisod1981_10.1021_je00023a008_t1,PARISOD(1981),,psat_ratio,633.15,,5.16887167,5.16887167,0.0,0.0,0.0,0.0,0.810653357,,T,test-only,,table
parisod1981_10.1021_je00023a008_t1,PARISOD(1981),,psat_ratio,633.15,,6.26459065,6.26459065,0.0,0.0,0.0,0.0,0.7906891136,,T,test-only,,table
parisod1981_10.1021_je00023a008_t1,PARISOD(1981),,psat_ratio,633.15,,7.26353673,7.26353673,0.0,0.0,0.0,0.0,0.7507606268,,T,test-only,,table
parisod1981_10.1021_je00023a008_t1,PARISOD(1981),,psat_ratio,633.15,,8.77540611,8.77540611,0.0,0.0,0.0,0.0,0.717136638,,T,test-only,,table
parisod1981_10.1021_je00023a008_t1,PARISOD(1981),,psat_ratio,633.15,,10.26644856,10.26644856,0.0,0.0,0.0,0.0,0.6871902729,,T,test-only,,table
sako1985_10.1021_je00040a030_t2,SAKO(1985),,psat_ratio,322.6,,0.0,2.102,0.0,0.0,1.051,0.0,0.9426933725,,T,test-only,,table
sako1985_10.1021_je00040a030_t2,SAKO(1985),,psat_ratio,339.6,,0.0,2.102,0.0,0.0,1.051,0.0,0.929204453,,T,test-only,,table
sako1985_10.1021_je00040a030_t2,SAKO(1985),,psat_ratio,353.5,,0.0,2.102,0.0,0.0,1.051,0.0,0.9311622413,,T,test-only,,table
sako1985_10.1021_je00040a030_t2,SAKO(1985),,psat_ratio,363.5,,0.0,2.102,0.0,0.0,1.051,0.0,0.9299792334,,T,test-only,,table
sako1985_10.1021_je00040a030_t2,SAKO(1985),,psat_ratio,373.0,,0.0,2.102,0.0,0.0,1.051,0.0,0.9353039507,,T,test-only,,table
sako1985_10.1021_je00040a030_t2,SAKO(1985),,psat_ratio,379.5,,0.0,2.102,0.0,0.0,1.051,0.0,0.935236702,,T,test-only,,table
sako1985_10.1021_je00040a030_t2,SAKO(1985),,psat_ratio,385.1,,0.0,2.102,0.0,0.0,1.051,0.0,0.9334305301,,T,test-only,,table
sako1985_10.1021_je00040a030_t2,SAKO(1985),,psat_ratio,388.1,,0.0,2.102,0.0,0.0,1.051,0.0,0.9363157037,,T,test-only,,table
sako1985_10.1021_je00040a030_t2,SAKO(1985),,psat_ratio,323.1,,0.0,4.21,0.0,0.0,2.105,0.0,0.8359485835,,T,test-only,,table
sako1985_10.1021_je00040a030_t2,SAKO(1985),,psat_ratio,342.9,,0.0,4.21,0.0,0.0,2.105,0.0,0.8407547692,,T,test-only,,table
sako1985_10.1021_je00040a030_t2,SAKO(1985),,psat_ratio,356.3,,0.0,4.21,0.0,0.0,2.105,0.0,0.8435709103,,T,test-only,,table
sako1985_10.1021_je00040a030_t2,SAKO(1985),,psat_ratio,367.4,,0.0,4.21,0.0,0.0,2.105,0.0,0.8500667355,,T,test-only,,table
sako1985_10.1021_je00040a030_t2,SAKO(1985),,psat_ratio,375.4,,0.0,4.21,0.0,0.0,2.105,0.0,0.8509892972,,T,test-only,,table
sako1985_10.1021_je00040a030_t2,SAKO(1985),,psat_ratio,384.2,,0.0,4.21,0.0,0.0,2.105,0.0,0.85273886,,T,test-only,,table
sako1985_10.1021_je00040a030_t2,SAKO(1985),,psat_ratio,388.8,,0.0,4.21,0.0,0.0,2.105,0.0,0.8553249073,,T,test-only,,table
sako1985_10.1021_je00040a030_t2,SAKO(1985),,psat_ratio,391.1,,0.0,4.21,0.0,0.0,2.105,0.0,0.8563099185,,T,test-only,,table
sako1985_10.1021_je00040a030_t2,SAKO(1985),,psat_ratio,323.0,,0.0,6.204,0.0,0.0,3.102,0.0,0.7291828481,,T,test-only,,table
sako1985_10.1021_je00040a030_t2,SAKO(1985),,psat_ratio,346.6,,0.0,6.204,0.0,0.0,3.102,0.0,0.7292594078,,T,test-only,,table
sako1985_10.1021_je00040a030_t2,SAKO(1985),,psat_ratio,358.8,,0.0,6.204,0.0,0.0,3.102,0.0,0.7355434259,,T,test-only,,table
sako1985_10.1021_je00040a030_t2,SAKO(1985),,psat_ratio,371.7,,0.0,6.204,0.0,0.0,3.102,0.0,0.7474982664,,T,test-only,,table
sako1985_10.1021_je00040a030_t2,SAKO(1985),,psat_ratio,379.1,,0.0,6.204,0.0,0.0,3.102,0.0,0.7468782358,,T,test-only,,table
sako1985_10.1021_je00040a030_t2,SAKO(1985),,psat_ratio,388.8,,0.0,6.204,0.0,0.0,3.102,0.0,0.7558456437,,T,test-only,,table
sako1985_10.1021_je00040a030_t2,SAKO(1985),,psat_ratio,393.8,,0.0,6.204,0.0,0.0,3.102,0.0,0.7590273175,,T,test-only,,table
sako1985_10.1021_je00040a030_t2,SAKO(1985),,psat_ratio,349.7,,0.0,8.208,0.0,0.0,4.104,0.0,0.6135895565,,T,test-only,,table
sako1985_10.1021_je00040a030_t2,SAKO(1985),,psat_ratio,363.8,,0.0,8.208,0.0,0.0,4.104,0.0,0.6189156961,,T,test-only,,table
sako1985_10.1021_je00040a030_t2,SAKO(1985),,psat_ratio,375.4,,0.0,8.208,0.0,0.0,4.104,0.0,0.627567051,,T,test-only,,table
sako1985_10.1021_je00040a030_t2,SAKO(1985),,psat_ratio,384.1,,0.0,8.208,0.0,0.0,4.104,0.0,0.6318294165,,T,test-only,,table
sako1985_10.1021_je00040a030_t2,SAKO(1985),,psat_ratio,390.5,,0.0,8.208,0.0,0.0,4.104,0.0,0.6361147674,,T,test-only,,table
sako1985_10.1021_je00040a030_t2,SAKO(1985),,psat_ratio,394.9,,0.0,8.208,0.0,0.0,4.104,0.0,0.6404740225,,T,test-only,,table
sako1985_10.1021_je00040a030_t2,SAKO(1985),,psat_ratio,397.8,,0.0,8.208,0.0,0.0,4.104,0.0,0.6393968302,,T,test-only,,table
sako1985_10.1021_je00040a030_t3,SAKO(1985),,psat_ratio,339.6,,0.0,1.9136,0.0,0.9568,0.0,0.0,0.9445539222,,T,test-only,,table
sako1985_10.1021_je00040a030_t3,SAKO(1985),,psat_ratio,353.5,,0.0,1.9136,0.0,0.9568,0.0,0.0,0.9444705002,,T,test-only,,table
sako1985_10.1021_je00040a030_t3,SAKO(1985),,psat_ratio,363.2,,0.0,1.9136,0.0,0.9568,0.0,0.0,0.937778053,,T,test-only,,table
sako1985_10.1021_je00040a030_t3,SAKO(1985),,psat_ratio,372.8,,0.0,1.9136,0.0,0.9568,0.0,0.0,0.9416144898,,T,test-only,,table
sako1985_10.1021_je00040a030_t3,SAKO(1985),,psat_ratio,379.3,,0.0,1.9136,0.0,0.9568,0.0,0.0,0.9432748534,,T,test-only,,table
sako1985_10.1021_je00040a030_t3,SAKO(1985),,psat_ratio,385.2,,0.0,1.9136,0.0,0.9568,0.0,0.0,0.9393253695,,T,test-only,,table
sako1985_10.1021_je00040a030_t3,SAKO(1985),,psat_ratio,388.8,,0.0,1.9136,0.0,0.9568,0.0,0.0,0.9440402715,,T,test-only,,table
sako1985_10.1021_je00040a030_t3,SAKO(1985),,psat_ratio,323.1,,0.0,4.118,0.0,2.059,0.0,0.0,0.8619198017,,T,test-only,,table
sako1985_10.1021_je00040a030_t3,SAKO(1985),,psat_ratio,343.1,,0.0,4.118,0.0,2.059,0.0,0.0,0.8547057201,,T,test-only,,table
sako1985_10.1021_je00040a030_t3,SAKO(1985),,psat_ratio,355.9,,0.0,4.118,0.0,2.059,0.0,0.0,0.8559494553,,T,test-only,,table
sako1985_10.1021_je00040a030_t3,SAKO(1985),,psat_ratio,367.3,,0.0,4.118,0.0,2.059,0.0,0.0,0.8562660328,,T,test-only,,table
sako1985_10.1021_je00040a030_t3,SAKO(1985),,psat_ratio,375.4,,0.0,4.118,0.0,2.059,0.0,0.0,0.8634623403,,T,test-only,,table
sako1985_10.1021_je00040a030_t3,SAKO(1985),,psat_ratio,382.5,,0.0,4.118,0.0,2.059,0.0,0.0,0.8637252016,,T,test-only,,table
sako1985_10.1021_je00040a030_t3,SAKO(1985),,psat_ratio,386.7,,0.0,4.118,0.0,2.059,0.0,0.0,0.8670725372,,T,test-only,,table
sako1985_10.1021_je00040a030_t3,SAKO(1985),,psat_ratio,390.5,,0.0,4.118,0.0,2.059,0.0,0.0,0.8654074924,,T,test-only,,table
sako1985_10.1021_je00040a030_t3,SAKO(1985),,psat_ratio,323.1,,0.0,6.168,0.0,3.084,0.0,0.0,0.7531653257,,T,test-only,,table
sako1985_10.1021_je00040a030_t3,SAKO(1985),,psat_ratio,344.6,,0.0,6.168,0.0,3.084,0.0,0.0,0.7554921967,,T,test-only,,table
sako1985_10.1021_je00040a030_t3,SAKO(1985),,psat_ratio,357.4,,0.0,6.168,0.0,3.084,0.0,0.0,0.7573033937,,T,test-only,,table
sako1985_10.1021_je00040a030_t3,SAKO(1985),,psat_ratio,369.9,,0.0,6.168,0.0,3.084,0.0,0.0,0.7610338628,,T,test-only,,table
sako1985_10.1021_je00040a030_t3,SAKO(1985),,psat_ratio,378.9,,0.0,6.168,0.0,3.084,0.0,0.0,0.7685624604,,T,test-only,,table
sako1985_10.1021_je00040a030_t3,SAKO(1985),,psat_ratio,386.7,,0.0,6.168,0.0,3.084,0.0,0.0,0.7725492962,,T,test-only,,table
sako1985_10.1021_je00040a030_t3,SAKO(1985),,psat_ratio,394.5,,0.0,6.168,0.0,3.084,0.0,0.0,0.7756169751,,T,test-only,,table
sako1985_10.1021_je00040a030_t3,SAKO(1985),,psat_ratio,322.7,,0.0,8.172,0.0,4.086,0.0,0.0,0.6399666435,,T,test-only,,table
sako1985_10.1021_je00040a030_t3,SAKO(1985),,psat_ratio,348.8,,0.0,8.172,0.0,4.086,0.0,0.0,0.6427606723,,T,test-only,,table
sako1985_10.1021_je00040a030_t3,SAKO(1985),,psat_ratio,363.1,,0.0,8.172,0.0,4.086,0.0,0.0,0.6496918095,,T,test-only,,table
sako1985_10.1021_je00040a030_t3,SAKO(1985),,psat_ratio,373.5,,0.0,8.172,0.0,4.086,0.0,0.0,0.6607178848,,T,test-only,,table
sako1985_10.1021_je00040a030_t3,SAKO(1985),,psat_ratio,382.5,,0.0,8.172,0.0,4.086,0.0,0.0,0.6669703686,,T,test-only,,table
sako1985_10.1021_je00040a030_t3,SAKO(1985),,psat_ratio,388.5,,0.0,8.172,0.0,4.086,0.0,0.0,0.6748968572,,T,test-only,,table
sako1985_10.1021_je00040a030_t3,SAKO(1985),,psat_ratio,394.4,,0.0,8.172,0.0,4.086,0.0,0.0,0.6761564297,,T,test-only,,table
sako1985_10.1021_je00040a030_t3,SAKO(1985),,psat_ratio,398.5,,0.0,8.172,0.0,4.086,0.0,0.0,0.6799986655,,T,test-only,,table
sako1985_10.1021_je00040a030_t3,SAKO(1985),,psat_ratio,322.9,,0.0,10.004,0.0,5.002,0.0,0.0,0.5287090585,,T,test-only,,table
sako1985_10.1021_je00040a030_t3,SAKO(1985),,psat_ratio,348.3,,0.0,10.004,0.0,5.002,0.0,0.0,0.5502308311,,T,test-only,,table
sako1985_10.1021_je00040a030_t3,SAKO(1985),,psat_ratio,363.7,,0.0,10.004,0.0,5.002,0.0,0.0,0.5608381532,,T,test-only,,table
sako1985_10.1021_je00040a030_t3,SAKO(1985),,psat_ratio,375.4,,0.0,10.004,0.0,5.002,0.0,0.0,0.5768554817,,T,test-only,,table
sako1985_10.1021_je00040a030_t3,SAKO(1985),,psat_ratio,384.3,,0.0,10.004,0.0,5.002,0.0,0.0,0.5864187729,,T,test-only,,table
sako1985_10.1021_je00040a030_t3,SAKO(1985),,psat_ratio,391.4,,0.0,10.004,0.0,5.002,0.0,0.0,0.5943829485,,T,test-only,,table
sako1985_10.1021_je00040a030_t3,SAKO(1985),,psat_ratio,396.2,,0.0,10.004,0.0,5.002,0.0,0.0,0.5967383464,,T,test-only,,table
sako1985_10.1021_je00040a030_t3,SAKO(1985),,psat_ratio,402.7,,0.0,10.004,0.0,5.002,0.0,0.0,0.6022984908,,T,test-only,,table
sako1985_10.1021_je00040a030_t5,SAKO(1985),,psat_ratio,322.5,,0.0,7.924,0.0,2.905,1.057,0.0,0.7007269084,,T,test-only,,table
sako1985_10.1021_je00040a030_t5,SAKO(1985),,psat_ratio,348.5,,0.0,7.924,0.0,2.905,1.057,0.0,0.6712789562,,T,test-only,,table
sako1985_10.1021_je00040a030_t5,SAKO(1985),,psat_ratio,363.2,,0.0,7.924,0.0,2.905,1.057,0.0,0.6842053705,,T,test-only,,table
sako1985_10.1021_je00040a030_t5,SAKO(1985),,psat_ratio,373.0,,0.0,7.924,0.0,2.905,1.057,0.0,0.6829156244,,T,test-only,,table
sako1985_10.1021_je00040a030_t5,SAKO(1985),,psat_ratio,383.1,,0.0,7.924,0.0,2.905,1.057,0.0,0.688146794,,T,test-only,,table
sako1985_10.1021_je00040a030_t5,SAKO(1985),,psat_ratio,388.4,,0.0,7.924,0.0,2.905,1.057,0.0,0.6904646889,,T,test-only,,table
sako1985_10.1021_je00040a030_t5,SAKO(1985),,psat_ratio,393.5,,0.0,7.924,0.0,2.905,1.057,0.0,0.696910042,,T,test-only,,table
sako1985_10.1021_je00040a030_t5,SAKO(1985),,psat_ratio,398.2,,0.0,7.924,0.0,2.905,1.057,0.0,0.697003406,,T,test-only,,table
marliacy2002_10.1021_je0200766_t1,MARLIACY(2002),,psat_ratio,298.67,,2.85516,0.13596,0.0,0.0,0.0,1.3596,0.9472602861,,T,test-only,,table
marliacy2002_10.1021_je0200766_t1,MARLIACY(2002),,psat_ratio,303.46,,2.85516,0.13596,0.0,0.0,0.0,1.3596,0.9470677016,,T,test-only,,table
marliacy2002_10.1021_je0200766_t1,MARLIACY(2002),,psat_ratio,308.32,,2.85516,0.13596,0.0,0.0,0.0,1.3596,0.9462780912,,T,test-only,,table
marliacy2002_10.1021_je0200766_t1,MARLIACY(2002),,psat_ratio,313.14,,2.85516,0.13596,0.0,0.0,0.0,1.3596,0.9460233486,,T,test-only,,table
marliacy2002_10.1021_je0200766_t1,MARLIACY(2002),,psat_ratio,317.97,,2.85516,0.13596,0.0,0.0,0.0,1.3596,0.9468848379,,T,test-only,,table
marliacy2002_10.1021_je0200766_t1,MARLIACY(2002),,psat_ratio,322.79,,2.85516,0.13596,0.0,0.0,0.0,1.3596,0.9466763674,,T,test-only,,table
marliacy2002_10.1021_je0200766_t1,MARLIACY(2002),,psat_ratio,327.72,,2.85516,0.13596,0.0,0.0,0.0,1.3596,0.9463591811,,T,test-only,,table
marliacy2002_10.1021_je0200766_t1,MARLIACY(2002),,psat_ratio,332.64,,2.85516,0.13596,0.0,0.0,0.0,1.3596,0.9451577027,,T,test-only,,table
marliacy2002_10.1021_je0200766_t1,MARLIACY(2002),,psat_ratio,337.58,,2.85516,0.13596,0.0,0.0,0.0,1.3596,0.9454308531,,T,test-only,,table
marliacy2002_10.1021_je0200766_t1,MARLIACY(2002),,psat_ratio,342.52,,2.85516,0.13596,0.0,0.0,0.0,1.3596,0.9454372848,,T,test-only,,table
marliacy2002_10.1021_je0200766_t1,MARLIACY(2002),,psat_ratio,347.4,,2.85516,0.13596,0.0,0.0,0.0,1.3596,0.9460898826,,T,test-only,,table
marliacy2002_10.1021_je0200766_t1,MARLIACY(2002),,psat_ratio,352.33,,2.85516,0.13596,0.0,0.0,0.0,1.3596,0.9459472319,,T,test-only,,table
marliacy2002_10.1021_je0200766_t1,MARLIACY(2002),,psat_ratio,357.27,,2.85516,0.13596,0.0,0.0,0.0,1.3596,0.9463843584,,T,test-only,,table
marliacy2002_10.1021_je0200766_t1,MARLIACY(2002),,psat_ratio,362.13,,2.85516,0.13596,0.0,0.0,0.0,1.3596,0.9456123675,,T,test-only,,table
marliacy2002_10.1021_je0200766_t1,MARLIACY(2002),,psat_ratio,298.56,,2.67015,0.12715,0.0,0.0,0.0,1.2715,0.950330196,,T,test-only,,table
marliacy2002_10.1021_je0200766_t1,MARLIACY(2002),,psat_ratio,303.4,,2.67015,0.12715,0.0,0.0,0.0,1.2715,0.9502355276,,T,test-only,,table
marliacy2002_10.1021_je0200766_t1,MARLIACY(2002),,psat_ratio,308.22,,2.67015,0.12715,0.0,0.0,0.0,1.2715,0.9498756416,,T,test-only,,table
marliacy2002_10.1021_je0200766_t1,MARLIACY(2002),,psat_ratio,313.06,,2.67015,0.12715,0.0,0.0,0.0,1.2715,0.9502180284,,T,test-only,,table
marliacy2002_10.1021_je0200766_t1,MARLIACY(2002),,psat_ratio,317.95,,2.67015,0.12715,0.0,0.0,0.0,1.2715,0.9500401675,,T,test-only,,table
marliacy2002_10.1021_je0200766_t1,MARLIACY(2002),,psat_ratio,322.78,,2.67015,0.12715,0.0,0.0,0.0,1.2715,0.9493739079,,T,test-only,,table
marliacy2002_10.1021_je0200766_t1,MARLIACY(2002),,psat_ratio,327.61,,2.67015,0.12715,0.0,0.0,0.0,1.2715,0.9494234679,,T,test-only,,table
marliacy2002_10.1021_je0200766_t1,MARLIACY(2002),,psat_ratio,332.45,,2.67015,0.12715,0.0,0.0,0.0,1.2715,0.9495007494,,T,test-only,,table
marliacy2002_10.1021_je0200766_t1,MARLIACY(2002),,psat_ratio,337.31,,2.67015,0.12715,0.0,0.0,0.0,1.2715,0.9502138149,,T,test-only,,table
marliacy2002_10.1021_je0200766_t1,MARLIACY(2002),,psat_ratio,342.24,,2.67015,0.12715,0.0,0.0,0.0,1.2715,0.9504139476,,T,test-only,,table
marliacy2002_10.1021_je0200766_t1,MARLIACY(2002),,psat_ratio,347.08,,2.67015,0.12715,0.0,0.0,0.0,1.2715,0.9507341695,,T,test-only,,table
marliacy2002_10.1021_je0200766_t1,MARLIACY(2002),,psat_ratio,352.0,,2.67015,0.12715,0.0,0.0,0.0,1.2715,0.9511297904,,T,test-only,,table
marliacy2002_10.1021_je0200766_t1,MARLIACY(2002),,psat_ratio,356.89,,2.67015,0.12715,0.0,0.0,0.0,1.2715,0.9509000071,,T,test-only,,table
marliacy2002_10.1021_je0200766_t1,MARLIACY(2002),,psat_ratio,361.75,,2.67015,0.12715,0.0,0.0,0.0,1.2715,0.9504768439,,T,test-only,,table
marliacy2002_10.1021_je0200766_t1,MARLIACY(2002),,psat_ratio,298.82,,1.85829,0.08849,0.0,0.0,0.0,0.8849,0.9634806449,,T,test-only,,table
marliacy2002_10.1021_je0200766_t1,MARLIACY(2002),,psat_ratio,303.66,,1.85829,0.08849,0.0,0.0,0.0,0.8849,0.9642346834,,T,test-only,,table
marliacy2002_10.1021_je0200766_t1,MARLIACY(2002),,psat_ratio,308.49,,1.85829,0.08849,0.0,0.0,0.0,0.8849,0.963556431,,T,test-only,,table
marliacy2002_10.1021_je0200766_t1,MARLIACY(2002),,psat_ratio,313.35,,1.85829,0.08849,0.0,0.0,0.0,0.8849,0.9636060798,,T,test-only,,table
marliacy2002_10.1021_je0200766_t1,MARLIACY(2002),,psat_ratio,318.24,,1.85829,0.08849,0.0,0.0,0.0,0.8849,0.9637333119,,T,test-only,,table
marliacy2002_10.1021_je0200766_t1,MARLIACY(2002),,psat_ratio,323.03,,1.85829,0.08849,0.0,0.0,0.0,0.8849,0.9633848715,,T,test-only,,table
marliacy2002_10.1021_je0200766_t1,MARLIACY(2002),,psat_ratio,327.89,,1.85829,0.08849,0.0,0.0,0.0,0.8849,0.9638460504,,T,test-only,,table
marliacy2002_10.1021_je0200766_t1,MARLIACY(2002),,psat_ratio,332.77,,1.85829,0.08849,0.0,0.0,0.0,0.8849,0.9628914327,,T,test-only,,table
marliacy2002_10.1021_je0200766_t1,MARLIACY(2002),,psat_ratio,337.69,,1.85829,0.08849,0.0,0.0,0.0,0.8849,0.9632768077,,T,test-only,,table
marliacy2002_10.1021_je0200766_t1,MARLIACY(2002),,psat_ratio,342.63,,1.85829,0.08849,0.0,0.0,0.0,0.8849,0.9636827183,,T,test-only,,table
marliacy2002_10.1021_je0200766_t1,MARLIACY(2002),,psat_ratio,347.49,,1.85829,0.08849,0.0,0.0,0.0,0.8849,0.9644664432,,T,test-only,,table
marliacy2002_10.1021_je0200766_t1,MARLIACY(2002),,psat_ratio,352.43,,1.85829,0.08849,0.0,0.0,0.0,0.8849,0.9645382172,,T,test-only,,table
marliacy2002_10.1021_je0200766_t1,MARLIACY(2002),,psat_ratio,357.38,,1.85829,0.08849,0.0,0.0,0.0,0.8849,0.9649469727,,T,test-only,,table
marliacy2002_10.1021_je0200766_t1,MARLIACY(2002),,psat_ratio,362.26,,1.85829,0.08849,0.0,0.0,0.0,0.8849,0.964039215,,T,test-only,,table
marliacy2002_10.1021_je0200766_t1,MARLIACY(2002),,psat_ratio,298.38,,1.69701,0.08081,0.0,0.0,0.0,0.8081,0.9684614253,,T,test-only,,table
marliacy2002_10.1021_je0200766_t1,MARLIACY(2002),,psat_ratio,303.27,,1.69701,0.08081,0.0,0.0,0.0,0.8081,0.9680300359,,T,test-only,,table
marliacy2002_10.1021_je0200766_t1,MARLIACY(2002),,psat_ratio,308.08,,1.69701,0.08081,0.0,0.0,0.0,0.8081,0.9676561604,,T,test-only,,table
marliacy2002_10.1021_je0200766_t1,MARLIACY(2002),,psat_ratio,312.97,,1.69701,0.08081,0.0,0.0,0.0,0.8081,0.9678357364,,T,test-only,,table
marliacy2002_10.1021_je0200766_t1,MARLIACY(2002),,psat_ratio,317.92,,1.69701,0.08081,0.0,0.0,0.0,0.8081,0.9679295652,,T,test-only,,table
marliacy2002_10.1021_je0200766_t1,MARLIACY(2002),,psat_ratio,322.73,,1.69701,0.08081,0.0,0.0,0.0,0.8081,0.9675282314,,T,test-only,,table
marliacy2002_10.1021_je0200766_t1,MARLIACY(2002),,psat_ratio,327.6,,1.69701,0.08081,0.0,0.0,0.0,0.8081,0.9674681404,,T,test-only,,table
marliacy2002_10.1021_je0200766_t1,MARLIACY(2002),,psat_ratio,332.49,,1.69701,0.08081,0.0,0.0,0.0,0.8081,0.9666560064,,T,test-only,,table
marliacy2002_10.1021_je0200766_t1,MARLIACY(2002),,psat_ratio,337.44,,1.69701,0.08081,0.0,0.0,0.0,0.8081,0.9673496597,,T,test-only,,table
marliacy2002_10.1021_je0200766_t1,MARLIACY(2002),,psat_ratio,342.39,,1.69701,0.08081,0.0,0.0,0.0,0.8081,0.9673215316,,T,test-only,,table
marliacy2002_10.1021_je0200766_t1,MARLIACY(2002),,psat_ratio,347.28,,1.69701,0.08081,0.0,0.0,0.0,0.8081,0.9678609854,,T,test-only,,table
marliacy2002_10.1021_je0200766_t1,MARLIACY(2002),,psat_ratio,352.22,,1.69701,0.08081,0.0,0.0,0.0,0.8081,0.9677817204,,T,test-only,,table
marliacy2002_10.1021_je0200766_t1,MARLIACY(2002),,psat_ratio,357.14,,1.69701,0.08081,0.0,0.0,0.0,0.8081,0.9675048515,,T,test-only,,table
marliacy2002_10.1021_je0200766_t1,MARLIACY(2002),,psat_ratio,362.06,,1.69701,0.08081,0.0,0.0,0.0,0.8081,0.9674852782,,T,test-only,,table
marliacy2002_10.1021_je0200766_t1,MARLIACY(2002),,psat_ratio,298.47,,1.16004,0.05524,0.0,0.0,0.0,0.5524,0.9779608641,,T,test-only,,table
marliacy2002_10.1021_je0200766_t1,MARLIACY(2002),,psat_ratio,303.39,,1.16004,0.05524,0.0,0.0,0.0,0.5524,0.9789976931,,T,test-only,,table
marliacy2002_10.1021_je0200766_t1,MARLIACY(2002),,psat_ratio,308.27,,1.16004,0.05524,0.0,0.0,0.0,0.5524,0.9785260243,,T,test-only,,table
marliacy2002_10.1021_je0200766_t1,MARLIACY(2002),,psat_ratio,313.12,,1.16004,0.05524,0.0,0.0,0.0,0.5524,0.97840341,,T,test-only,,table
marliacy2002_10.1021_je0200766_t1,MARLIACY(2002),,psat_ratio,318.04,,1.16004,0.05524,0.0,0.0,0.0,0.5524,0.9785283644,,T,test-only,,table
marliacy2002_10.1021_je0200766_t1,MARLIACY(2002),,psat_ratio,322.84,,1.16004,0.05524,0.0,0.0,0.0,0.5524,0.978033188,,T,test-only,,table
marliacy2002_10.1021_je0200766_t1,MARLIACY(2002),,psat_ratio,327.7,,1.16004,0.05524,0.0,0.0,0.0,0.5524,0.9776736185,,T,test-only,,table
marliacy2002_10.1021_je0200766_t1,MARLIACY(2002),,psat_ratio,332.6,,1.16004,0.05524,0.0,0.0,0.0,0.5524,0.9771558055,,T,test-only,,table
marliacy2002_10.1021_je0200766_t1,MARLIACY(2002),,psat_ratio,337.56,,1.16004,0.05524,0.0,0.0,0.0,0.5524,0.9776070293,,T,test-only,,table
marliacy2002_10.1021_je0200766_t1,MARLIACY(2002),,psat_ratio,342.51,,1.16004,0.05524,0.0,0.0,0.0,0.5524,0.978206648,,T,test-only,,table
marliacy2002_10.1021_je0200766_t1,MARLIACY(2002),,psat_ratio,347.42,,1.16004,0.05524,0.0,0.0,0.0,0.5524,0.9783415557,,T,test-only,,table
marliacy2002_10.1021_je0200766_t1,MARLIACY(2002),,psat_ratio,352.36,,1.16004,0.05524,0.0,0.0,0.0,0.5524,0.9787228789,,T,test-only,,table
marliacy2002_10.1021_je0200766_t1,MARLIACY(2002),,psat_ratio,357.29,,1.16004,0.05524,0.0,0.0,0.0,0.5524,0.9789221982,,T,test-only,,table
marliacy2002_10.1021_je0200766_t1,MARLIACY(2002),,psat_ratio,362.18,,1.16004,0.05524,0.0,0.0,0.0,0.5524,0.9783894168,,T,test-only,,table
marliacy2002_10.1021_je0200766_t1,MARLIACY(2002),,psat_ratio,298.64,,0.84966,0.04046,0.0,0.0,0.0,0.4046,0.9847981287,,T,test-only,,table
marliacy2002_10.1021_je0200766_t1,MARLIACY(2002),,psat_ratio,303.5,,0.84966,0.04046,0.0,0.0,0.0,0.4046,0.9845958833,,T,test-only,,table
marliacy2002_10.1021_je0200766_t1,MARLIACY(2002),,psat_ratio,308.36,,0.84966,0.04046,0.0,0.0,0.0,0.4046,0.983717764,,T,test-only,,table
marliacy2002_10.1021_je0200766_t1,MARLIACY(2002),,psat_ratio,313.21,,0.84966,0.04046,0.0,0.0,0.0,0.4046,0.9837899005,,T,test-only,,table
marliacy2002_10.1021_je0200766_t1,MARLIACY(2002),,psat_ratio,318.09,,0.84966,0.04046,0.0,0.0,0.0,0.4046,0.9837503779,,T,test-only,,table
marliacy2002_10.1021_je0200766_t1,MARLIACY(2002),,psat_ratio,322.91,,0.84966,0.04046,0.0,0.0,0.0,0.4046,0.9829101407,,T,test-only,,table
marliacy2002_10.1021_je0200766_t1,MARLIACY(2002),,psat_ratio,327.78,,0.84966,0.04046,0.0,0.0,0.0,0.4046,0.9828348384,,T,test-only,,table
marliacy2002_10.1021_je0200766_t1,MARLIACY(2002),,psat_ratio,332.66,,0.84966,0.04046,0.0,0.0,0.0,0.4046,0.9820781358,,T,test-only,,table
marliacy2002_10.1021_je0200766_t1,MARLIACY(2002),,psat_ratio,337.61,,0.84966,0.04046,0.0,0.0,0.0,0.4046,0.9833107396,,T,test-only,,table
marliacy2002_10.1021_je0200766_t1,MARLIACY(2002),,psat_ratio,342.58,,0.84966,0.04046,0.0,0.0,0.0,0.4046,0.9834835704,,T,test-only,,table
marliacy2002_10.1021_je0200766_t1,MARLIACY(2002),,psat_ratio,347.47,,0.84966,0.04046,0.0,0.0,0.0,0.4046,0.9841521013,,T,test-only,,table
marliacy2002_10.1021_je0200766_t1,MARLIACY(2002),,psat_ratio,352.42,,0.84966,0.04046,0.0,0.0,0.0,0.4046,0.9841789071,,T,test-only,,table
marliacy2002_10.1021_je0200766_t1,MARLIACY(2002),,psat_ratio,357.35,,0.84966,0.04046,0.0,0.0,0.0,0.4046,0.9836717369,,T,test-only,,table
marliacy2002_10.1021_je0200766_t1,MARLIACY(2002),,psat_ratio,362.24,,0.84966,0.04046,0.0,0.0,0.0,0.4046,0.9834067793,,T,test-only,,table
marliacy2002_10.1021_je0200766_t1,MARLIACY(2002),,psat_ratio,298.77,,0.52164,0.02484,0.0,0.0,0.0,0.2484,0.9889939691,,T,test-only,,table
marliacy2002_10.1021_je0200766_t1,MARLIACY(2002),,psat_ratio,303.59,,0.52164,0.02484,0.0,0.0,0.0,0.2484,0.9891114831,,T,test-only,,table
marliacy2002_10.1021_je0200766_t1,MARLIACY(2002),,psat_ratio,308.42,,0.52164,0.02484,0.0,0.0,0.0,0.2484,0.9884280378,,T,test-only,,table
marliacy2002_10.1021_je0200766_t1,MARLIACY(2002),,psat_ratio,313.28,,0.52164,0.02484,0.0,0.0,0.0,0.2484,0.9879677203,,T,test-only,,table
marliacy2002_10.1021_je0200766_t1,MARLIACY(2002),,psat_ratio,318.17,,0.52164,0.02484,0.0,0.0,0.0,0.2484,0.9882693881,,T,test-only,,table
marliacy2002_10.1021_je0200766_t1,MARLIACY(2002),,psat_ratio,322.97,,0.52164,0.02484,0.0,0.0,0.0,0.2484,0.9874171137,,T,test-only,,table
marliacy2002_10.1021_je0200766_t1,MARLIACY(2002),,psat_ratio,327.81,,0.52164,0.02484,0.0,0.0,0.0,0.2484,0.9875459433,,T,test-only,,table
marliacy2002_10.1021_je0200766_t1,MARLIACY(2002),,psat_ratio,332.69,,0.52164,0.02484,0.0,0.0,0.0,0.2484,0.9873178079,,T,test-only,,table
marliacy2002_10.1021_je0200766_t1,MARLIACY(2002),,psat_ratio,337.62,,0.52164,0.02484,0.0,0.0,0.0,0.2484,0.987817513,,T,test-only,,table
marliacy2002_10.1021_je0200766_t1,MARLIACY(2002),,psat_ratio,342.55,,0.52164,0.02484,0.0,0.0,0.0,0.2484,0.9882193489,,T,test-only,,table
marliacy2002_10.1021_je0200766_t1,MARLIACY(2002),,psat_ratio,347.4,,0.52164,0.02484,0.0,0.0,0.0,0.2484,0.9887633918,,T,test-only,,table
marliacy2002_10.1021_je0200766_t1,MARLIACY(2002),,psat_ratio,352.35,,0.52164,0.02484,0.0,0.0,0.0,0.2484,0.9886639354,,T,test-only,,table
marliacy2002_10.1021_je0200766_t1,MARLIACY(2002),,psat_ratio,357.29,,0.52164,0.02484,0.0,0.0,0.0,0.2484,0.9888608576,,T,test-only,,table
marliacy2002_10.1021_je0200766_t1,MARLIACY(2002),,psat_ratio,298.34,,3.1485,1.0495,0.0,0.0,0.0,1.0495,0.9256047128,,T,test-only,,table
marliacy2002_10.1021_je0200766_t1,MARLIACY(2002),,psat_ratio,303.16,,3.1485,1.0495,0.0,0.0,0.0,1.0495,0.9250697365,,T,test-only,,table
marliacy2002_10.1021_je0200766_t1,MARLIACY(2002),,psat_ratio,307.96,,3.1485,1.0495,0.0,0.0,0.0,1.0495,0.9246994481,,T,test-only,,table
marliacy2002_10.1021_je0200766_t1,MARLIACY(2002),,psat_ratio,312.79,,3.1485,1.0495,0.0,0.0,0.0,1.0495,0.9248564867,,T,test-only,,table
marliacy2002_10.1021_je0200766_t1,MARLIACY(2002),,psat_ratio,317.66,,3.1485,1.0495,0.0,0.0,0.0,1.0495,0.9251865525,,T,test-only,,table
marliacy2002_10.1021_je0200766_t1,MARLIACY(2002),,psat_ratio,322.5,,3.1485,1.0495,0.0,0.0,0.0,1.0495,0.9245748718,,T,test-only,,table
marliacy2002_10.1021_je0200766_t1,MARLIACY(2002),,psat_ratio,327.34,,3.1485,1.0495,0.0,0.0,0.0,1.0495,0.924047789,,T,test-only,,table
marliacy2002_10.1021_je0200766_t1,MARLIACY(2002),,psat_ratio,332.22,,3.1485,1.0495,0.0,0.0,0.0,1.0495,0.9237047398,,T,test-only,,table
marliacy2002_10.1021_je0200766_t1,MARLIACY(2002),,psat_ratio,337.12,,3.1485,1.0495,0.0,0.0,0.0,1.0495,0.9246240028,,T,test-only,,table
marliacy2002_10.1021_je0200766_t1,MARLIACY(2002),,psat_ratio,342.03,,3.1485,1.0495,0.0,0.0,0.0,1.0495,0.925059835,,T,test-only,,table
marliacy2002_10.1021_je0200766_t1,MARLIACY(2002),,psat_ratio,346.88,,3.1485,1.0495,0.0,0.0,0.0,1.0495,0.925141897,,T,test-only,,table
marliacy2002_10.1021_je0200766_t1,MARLIACY(2002),,psat_ratio,351.8,,3.1485,1.0495,0.0,0.0,0.0,1.0495,0.9253495694,,T,test-only,,table
marliacy2002_10.1021_je0200766_t1,MARLIACY(2002),,psat_ratio,356.7,,3.1485,1.0495,0.0,0.0,0.0,1.0495,0.9258333767,,T,test-only,,table
marliacy2002_10.1021_je0200766_t1,MARLIACY(2002),,psat_ratio,361.59,,3.1485,1.0495,0.0,0.0,0.0,1.0495,0.9263362491,,T,test-only,,table
marliacy2002_10.1021_je0200766_t1,MARLIACY(2002),,psat_ratio,298.35,,2.9325,0.9775,0.0,0.0,0.0,0.9775,0.9326912457,,T,test-only,,table
marliacy2002_10.1021_je0200766_t1,MARLIACY(2002),,psat_ratio,303.16,,2.9325,0.9775,0.0,0.0,0.0,0.9775,0.9320118778,,T,test-only,,table
marliacy2002_10.1021_je0200766_t1,MARLIACY(2002),,psat_ratio,307.98,,2.9325,0.9775,0.0,0.0,0.0,0.9775,0.9314228871,,T,test-only,,table
marliacy2002_10.1021_je0200766_t1,MARLIACY(2002),,psat_ratio,312.84,,2.9325,0.9775,0.0,0.0,0.0,0.9775,0.9312956049,,T,test-only,,table
marliacy2002_10.1021_je0200766_t1,MARLIACY(2002),,psat_ratio,317.77,,2.9325,0.9775,0.0,0.0,0.0,0.9775,0.9318446104,,T,test-only,,table
marliacy2002_10.1021_je0200766_t1,MARLIACY(2002),,psat_ratio,322.59,,2.9325,0.9775,0.0,0.0,0.0,0.9775,0.9312591144,,T,test-only,,table
marliacy2002_10.1021_je0200766_t1,MARLIACY(2002),,psat_ratio,327.43,,2.9325,0.9775,0.0,0.0,0.0,0.9775,0.9309528917,,T,test-only,,table
marliacy2002_10.1021_je0200766_t1,MARLIACY(2002),,psat_ratio,332.3,,2.9325,0.9775,0.0,0.0,0.0,0.9775,0.9303354909,,T,test-only,,table
marliacy2002_10.1021_je0200766_t1,MARLIACY(2002),,psat_ratio,337.24,,2.9325,0.9775,0.0,0.0,0.0,0.9775,0.9300413819,,T,test-only,,table
marliacy2002_10.1021_je0200766_t1,MARLIACY(2002),,psat_ratio,342.17,,2.9325,0.9775,0.0,0.0,0.0,0.9775,0.9307401205,,T,test-only,,table
marliacy2002_10.1021_je0200766_t1,MARLIACY(2002),,psat_ratio,347.03,,2.9325,0.9775,0.0,0.0,0.0,0.9775,0.9310134979,,T,test-only,,table
marliacy2002_10.1021_je0200766_t1,MARLIACY(2002),,psat_ratio,351.96,,2.9325,0.9775,0.0,0.0,0.0,0.9775,0.9313222121,,T,test-only,,table
marliacy2002_10.1021_je0200766_t1,MARLIACY(2002),,psat_ratio,356.89,,2.9325,0.9775,0.0,0.0,0.0,0.9775,0.9315598526,,T,test-only,,table
marliacy2002_10.1021_je0200766_t1,MARLIACY(2002),,psat_ratio,361.84,,2.9325,0.9775,0.0,0.0,0.0,0.9775,0.9319423747,,T,test-only,,table
marliacy2002_10.1021_je0200766_t1,MARLIACY(2002),,psat_ratio,298.38,,2.8851,0.9617,0.0,0.0,0.0,0.9617,0.9348548212,,T,test-only,,table
marliacy2002_10.1021_je0200766_t1,MARLIACY(2002),,psat_ratio,303.27,,2.8851,0.9617,0.0,0.0,0.0,0.9617,0.9334675566,,T,test-only,,table
marliacy2002_10.1021_je0200766_t1,MARLIACY(2002),,psat_ratio,308.08,,2.8851,0.9617,0.0,0.0,0.0,0.9617,0.9324161344,,T,test-only,,table
marliacy2002_10.1021_je0200766_t1,MARLIACY(2002),,psat_ratio,312.95,,2.8851,0.9617,0.0,0.0,0.0,0.9617,0.9315196831,,T,test-only,,table
marliacy2002_10.1021_je0200766_t1,MARLIACY(2002),,psat_ratio,317.85,,2.8851,0.9617,0.0,0.0,0.0,0.9617,0.9314708629,,T,test-only,,table
marliacy2002_10.1021_je0200766_t1,MARLIACY(2002),,psat_ratio,322.65,,2.8851,0.9617,0.0,0.0,0.0,0.9617,0.9304720995,,T,test-only,,table
marliacy2002_10.1021_je0200766_t1,MARLIACY(2002),,psat_ratio,327.51,,2.8851,0.9617,0.0,0.0,0.0,0.9617,0.9304495511,,T,test-only,,table
marliacy2002_10.1021_je0200766_t1,MARLIACY(2002),,psat_ratio,332.4,,2.8851,0.9617,0.0,0.0,0.0,0.9617,0.929753675,,T,test-only,,table
marliacy2002_10.1021_je0200766_t1,MARLIACY(2002),,psat_ratio,337.33,,2.8851,0.9617,0.0,0.0,0.0,0.9617,0.9296803219,,T,test-only,,table
marliacy2002_10.1021_je0200766_t1,MARLIACY(2002),,psat_ratio,342.26,,2.8851,0.9617,0.0,0.0,0.0,0.9617,0.9300998477,,T,test-only,,table
marliacy2002_10.1021_je0200766_t1,MARLIACY(2002),,psat_ratio,347.13,,2.8851,0.9617,0.0,0.0,0.0,0.9617,0.9304524365,,T,test-only,,table
marliacy2002_10.1021_je0200766_t1,MARLIACY(2002),,psat_ratio,352.07,,2.8851,0.9617,0.0,0.0,0.0,0.9617,0.9306124716,,T,test-only,,table
marliacy2002_10.1021_je0200766_t1,MARLIACY(2002),,psat_ratio,357.04,,2.8851,0.9617,0.0,0.0,0.0,0.9617,0.9312189135,,T,test-only,,table
marliacy2002_10.1021_je0200766_t1,MARLIACY(2002),,psat_ratio,361.97,,2.8851,0.9617,0.0,0.0,0.0,0.9617,0.9313850685,,T,test-only,,table
marliacy2002_10.1021_je0200766_t1,MARLIACY(2002),,psat_ratio,298.42,,2.3703,0.7901,0.0,0.0,0.0,0.7901,0.944615166,,T,test-only,,table
marliacy2002_10.1021_je0200766_t1,MARLIACY(2002),,psat_ratio,303.19,,2.3703,0.7901,0.0,0.0,0.0,0.7901,0.9443159135,,T,test-only,,table
marliacy2002_10.1021_je0200766_t1,MARLIACY(2002),,psat_ratio,308.06,,2.3703,0.7901,0.0,0.0,0.0,0.7901,0.9443037725,,T,test-only,,table
marliacy2002_10.1021_je0200766_t1,MARLIACY(2002),,psat_ratio,312.9,,2.3703,0.7901,0.0,0.0,0.0,0.7901,0.9438770298,,T,test-only,,table
marliacy2002_10.1021_je0200766_t1,MARLIACY(2002),,psat_ratio,317.79,,2.3703,0.7901,0.0,0.0,0.0,0.7901,0.944314822,,T,test-only,,table
marliacy2002_10.1021_je0200766_t1,MARLIACY(2002),,psat_ratio,322.61,,2.3703,0.7901,0.0,0.0,0.0,0.7901,0.9437208109,,T,test-only,,table
marliacy2002_10.1021_je0200766_t1,MARLIACY(2002),,psat_ratio,327.45,,2.3703,0.7901,0.0,0.0,0.0,0.7901,0.9439666984,,T,test-only,,table
marliacy2002_10.1021_je0200766_t1,MARLIACY(2002),,psat_ratio,332.33,,2.3703,0.7901,0.0,0.0,0.0,0.7901,0.9433069198,,T,test-only,,table
marliacy2002_10.1021_je0200766_t1,MARLIACY(2002),,psat_ratio,337.24,,2.3703,0.7901,0.0,0.0,0.0,0.7901,0.9438102206,,T,test-only,,table
marliacy2002_10.1021_je0200766_t1,MARLIACY(2002),,psat_ratio,342.19,,2.3703,0.7901,0.0,0.0,0.0,0.7901,0.9440974888,,T,test-only,,table
marliacy2002_10.1021_je0200766_t1,MARLIACY(2002),,psat_ratio,347.08,,2.3703,0.7901,0.0,0.0,0.0,0.7901,0.9446094924,,T,test-only,,table
marliacy2002_10.1021_je0200766_t1,MARLIACY(2002),,psat_ratio,352.02,,2.3703,0.7901,0.0,0.0,0.0,0.7901,0.9448557725,,T,test-only,,table
marliacy2002_10.1021_je0200766_t1,MARLIACY(2002),,psat_ratio,356.97,,2.3703,0.7901,0.0,0.0,0.0,0.7901,0.9451472364,,T,test-only,,table
marliacy2002_10.1021_je0200766_t1,MARLIACY(2002),,psat_ratio,361.87,,2.3703,0.7901,0.0,0.0,0.0,0.7901,0.9456543384,,T,test-only,,table
marliacy2002_10.1021_je0200766_t1,MARLIACY(2002),,psat_ratio,298.32,,1.9953,0.6651,0.0,0.0,0.0,0.6651,0.9531268064,,T,test-only,,table
marliacy2002_10.1021_je0200766_t1,MARLIACY(2002),,psat_ratio,303.14,,1.9953,0.6651,0.0,0.0,0.0,0.6651,0.9530140295,,T,test-only,,table
marliacy2002_10.1021_je0200766_t1,MARLIACY(2002),,psat_ratio,307.99,,1.9953,0.6651,0.0,0.0,0.0,0.6651,0.9530602051,,T,test-only,,table
marliacy2002_10.1021_je0200766_t1,MARLIACY(2002),,psat_ratio,312.84,,1.9953,0.6651,0.0,0.0,0.0,0.6651,0.9531713527,,T,test-only,,table
marliacy2002_10.1021_je0200766_t1,MARLIACY(2002),,psat_ratio,317.75,,1.9953,0.6651,0.0,0.0,0.0,0.6651,0.9532649269,,T,test-only,,table
marliacy2002_10.1021_je0200766_t1,MARLIACY(2002),,psat_ratio,322.57,,1.9953,0.6651,0.0,0.0,0.0,0.6651,0.9526028324,,T,test-only,,table
marliacy2002_10.1021_je0200766_t1,MARLIACY(2002),,psat_ratio,327.42,,1.9953,0.6651,0.0,0.0,0.0,0.6651,0.9523619171,,T,test-only,,table
marliacy2002_10.1021_je0200766_t1,MARLIACY(2002),,psat_ratio,332.28,,1.9953,0.6651,0.0,0.0,0.0,0.6651,0.9523432695,,T,test-only,,table
marliacy2002_10.1021_je0200766_t1,MARLIACY(2002),,psat_ratio,337.21,,1.9953,0.6651,0.0,0.0,0.0,0.6651,0.9526248425,,T,test-only,,table
marliacy2002_10.1021_je0200766_t1,MARLIACY(2002),,psat_ratio,342.17,,1.9953,0.6651,0.0,0.0,0.0,0.6651,0.9529459859,,T,test-only,,table
marliacy2002_10.1021_je0200766_t1,MARLIACY(2002),,psat_ratio,347.05,,1.9953,0.6651,0.0,0.0,0.0,0.6651,0.9533749161,,T,test-only,,table
marliacy2002_10.1021_je0200766_t1,MARLIACY(2002),,psat_ratio,351.95,,1.9953,0.6651,0.0,0.0,0.0,0.6651,0.9539358144,,T,test-only,,table
marliacy2002_10.1021_je0200766_t1,MARLIACY(2002),,psat_ratio,356.9,,1.9953,0.6651,0.0,0.0,0.0,0.6651,0.9539369415,,T,test-only,,table
marliacy2002_10.1021_je0200766_t1,MARLIACY(2002),,psat_ratio,361.83,,1.9953,0.6651,0.0,0.0,0.0,0.6651,0.9545212116,,T,test-only,,table
marliacy2002_10.1021_je0200766_t1,MARLIACY(2002),,psat_ratio,298.31,,1.5612,0.5204,0.0,0.0,0.0,0.5204,0.9633185878,,T,test-only,,table
marliacy2002_10.1021_je0200766_t1,MARLIACY(2002),,psat_ratio,303.12,,1.5612,0.5204,0.0,0.0,0.0,0.5204,0.9629775829,,T,test-only,,table
marliacy2002_10.1021_je0200766_t1,MARLIACY(2002),,psat_ratio,307.94,,1.5612,0.5204,0.0,0.0,0.0,0.5204,0.9629280276,,T,test-only,,table
marliacy2002_10.1021_je0200766_t1,MARLIACY(2002),,psat_ratio,312.75,,1.5612,0.5204,0.0,0.0,0.0,0.5204,0.9635363451,,T,test-only,,table
marliacy2002_10.1021_je0200766_t1,MARLIACY(2002),,psat_ratio,317.67,,1.5612,0.5204,0.0,0.0,0.0,0.5204,0.963413757,,T,test-only,,table
marliacy2002_10.1021_je0200766_t1,MARLIACY(2002),,psat_ratio,322.51,,1.5612,0.5204,0.0,0.0,0.0,0.5204,0.9626432243,,T,test-only,,table
marliacy2002_10.1021_je0200766_t1,MARLIACY(2002),,psat_ratio,327.35,,1.5612,0.5204,0.0,0.0,0.0,0.5204,0.9628305869,,T,test-only,,table
marliacy2002_10.1021_je0200766_t1,MARLIACY(2002),,psat_ratio,332.23,,1.5612,0.5204,0.0,0.0,0.0,0.5204,0.9625161442,,T,test-only,,table
marliacy2002_10.1021_je0200766_t1,MARLIACY(2002),,psat_ratio,337.18,,1.5612,0.5204,0.0,0.0,0.0,0.5204,0.9626297119,,T,test-only,,table
marliacy2002_10.1021_je0200766_t1,MARLIACY(2002),,psat_ratio,342.12,,1.5612,0.5204,0.0,0.0,0.0,0.5204,0.963368145,,T,test-only,,table
marliacy2002_10.1021_je0200766_t1,MARLIACY(2002),,psat_ratio,347.03,,1.5612,0.5204,0.0,0.0,0.0,0.5204,0.9637654458,,T,test-only,,table
marliacy2002_10.1021_je0200766_t1,MARLIACY(2002),,psat_ratio,351.98,,1.5612,0.5204,0.0,0.0,0.0,0.5204,0.964778752,,T,test-only,,table
marliacy2002_10.1021_je0200766_t1,MARLIACY(2002),,psat_ratio,356.93,,1.5612,0.5204,0.0,0.0,0.0,0.5204,0.9647006657,,T,test-only,,table
marliacy2002_10.1021_je0200766_t1,MARLIACY(2002),,psat_ratio,361.87,,1.5612,0.5204,0.0,0.0,0.0,0.5204,0.965538125,,T,test-only,,table
marliacy2002_10.1021_je0200766_t1,MARLIACY(2002),,psat_ratio,298.33,,1.2219,0.4073,0.0,0.0,0.0,0.4073,0.9697562244,,T,test-only,,table
marliacy2002_10.1021_je0200766_t1,MARLIACY(2002),,psat_ratio,303.13,,1.2219,0.4073,0.0,0.0,0.0,0.4073,0.9695439731,,T,test-only,,table
marliacy2002_10.1021_je0200766_t1,MARLIACY(2002),,psat_ratio,307.97,,1.2219,0.4073,0.0,0.0,0.0,0.4073,0.9695293078,,T,test-only,,table
marliacy2002_10.1021_je0200766_t1,MARLIACY(2002),,psat_ratio,312.82,,1.2219,0.4073,0.0,0.0,0.0,0.4073,0.9696812654,,T,test-only,,table
marliacy2002_10.1021_je0200766_t1,MARLIACY(2002),,psat_ratio,317.69,,1.2219,0.4073,0.0,0.0,0.0,0.4073,0.9701466249,,T,test-only,,table
marliacy2002_10.1021_je0200766_t1,MARLIACY(2002),,psat_ratio,322.53,,1.2219,0.4073,0.0,0.0,0.0,0.4073,0.9700334664,,T,test-only,,table
marliacy2002_10.1021_je0200766_t1,MARLIACY(2002),,psat_ratio,327.37,,1.2219,0.4073,0.0,0.0,0.0,0.4073,0.9700048352,,T,test-only,,table
marliacy2002_10.1021_je0200766_t1,MARLIACY(2002),,psat_ratio,332.25,,1.2219,0.4073,0.0,0.0,0.0,0.4073,0.9701406096,,T,test-only,,table
marliacy2002_10.1021_je0200766_t1,MARLIACY(2002),,psat_ratio,337.17,,1.2219,0.4073,0.0,0.0,0.0,0.4073,0.9706161747,,T,test-only,,table
marliacy2002_10.1021_je0200766_t1,MARLIACY(2002),,psat_ratio,342.1,,1.2219,0.4073,0.0,0.0,0.0,0.4073,0.9709500795,,T,test-only,,table
marliacy2002_10.1021_je0200766_t1,MARLIACY(2002),,psat_ratio,346.97,,1.2219,0.4073,0.0,0.0,0.0,0.4073,0.9711341845,,T,test-only,,table
marliacy2002_10.1021_je0200766_t1,MARLIACY(2002),,psat_ratio,351.89,,1.2219,0.4073,0.0,0.0,0.0,0.4073,0.9717032973,,T,test-only,,table
marliacy2002_10.1021_je0200766_t1,MARLIACY(2002),,psat_ratio,356.81,,1.2219,0.4073,0.0,0.0,0.0,0.4073,0.9714008616,,T,test-only,,table
marliacy2002_10.1021_je0200766_t1,MARLIACY(2002),,psat_ratio,361.65,,1.2219,0.4073,0.0,0.0,0.0,0.4073,0.9707088138,,T,test-only,,table
marliacy2002_10.1021_je0200766_t1,MARLIACY(2002),,psat_ratio,298.35,,0.7875,0.2625,0.0,0.0,0.0,0.2625,0.9817572891,,T,test-only,,table
marliacy2002_10.1021_je0200766_t1,MARLIACY(2002),,psat_ratio,303.14,,0.7875,0.2625,0.0,0.0,0.0,0.2625,0.9817097623,,T,test-only,,table
marliacy2002_10.1021_je0200766_t1,MARLIACY(2002),,psat_ratio,308.0,,0.7875,0.2625,0.0,0.0,0.0,0.2625,0.9814982381,,T,test-only,,table
marliacy2002_10.1021_je0200766_t1,MARLIACY(2002),,psat_ratio,312.82,,0.7875,0.2625,0.0,0.0,0.0,0.2625,0.9813681573,,T,test-only,,table
marliacy2002_10.1021_je0200766_t1,MARLIACY(2002),,psat_ratio,317.71,,0.7875,0.2625,0.0,0.0,0.0,0.2625,0.9815555516,,T,test-only,,table
marliacy2002_10.1021_je0200766_t1,MARLIACY(2002),,psat_ratio,322.51,,0.7875,0.2625,0.0,0.0,0.0,0.2625,0.9816988464,,T,test-only,,table
marliacy2002_10.1021_je0200766_t1,MARLIACY(2002),,psat_ratio,327.35,,0.7875,0.2625,0.0,0.0,0.0,0.2625,0.9819500658,,T,test-only,,table
marliacy2002_10.1021_je0200766_t1,MARLIACY(2002),,psat_ratio,332.21,,0.7875,0.2625,0.0,0.0,0.0,0.2625,0.9814811144,,T,test-only,,table
marliacy2002_10.1021_je0200766_t1,MARLIACY(2002),,psat_ratio,337.13,,0.7875,0.2625,0.0,0.0,0.0,0.2625,0.9822737065,,T,test-only,,table
marliacy2002_10.1021_je0200766_t1,MARLIACY(2002),,psat_ratio,342.1,,0.7875,0.2625,0.0,0.0,0.0,0.2625,0.9827242539,,T,test-only,,table
marliacy2002_10.1021_je0200766_t1,MARLIACY(2002),,psat_ratio,346.96,,0.7875,0.2625,0.0,0.0,0.0,0.2625,0.9830653282,,T,test-only,,table
marliacy2002_10.1021_je0200766_t1,MARLIACY(2002),,psat_ratio,351.89,,0.7875,0.2625,0.0,0.0,0.0,0.2625,0.9832912787,,T,test-only,,table
marliacy2002_10.1021_je0200766_t1,MARLIACY(2002),,psat_ratio,356.81,,0.7875,0.2625,0.0,0.0,0.0,0.2625,0.9832238865,,T,test-only,,table
marliacy2002_10.1021_je0200766_t1,MARLIACY(2002),,psat_ratio,361.64,,0.7875,0.2625,0.0,0.0,0.0,0.2625,0.9821750998,,T,test-only,,table
nasirzadeh2004_10.1021_je034197x_t10,NASIRZADEH(2004),,psat_ratio,298.15,,1.0684,1.0684,0.0,0.0,0.0,0.0,0.9609046999,,T,test-only,,table
nasirzadeh2004_10.1021_je034197x_t10,NASIRZADEH(2004),,psat_ratio,303.15,,1.0684,1.0684,0.0,0.0,0.0,0.0,0.966806733,,T,test-only,,table
nasirzadeh2004_10.1021_je034197x_t10,NASIRZADEH(2004),,psat_ratio,308.15,,1.0684,1.0684,0.0,0.0,0.0,0.0,0.9630457432,,T,test-only,,table
nasirzadeh2004_10.1021_je034197x_t10,NASIRZADEH(2004),,psat_ratio,313.15,,1.0684,1.0684,0.0,0.0,0.0,0.0,0.9627704294,,T,test-only,,table
nasirzadeh2004_10.1021_je034197x_t10,NASIRZADEH(2004),,psat_ratio,318.15,,1.0684,1.0684,0.0,0.0,0.0,0.0,0.9634185632,,T,test-only,,table
nasirzadeh2004_10.1021_je034197x_t10,NASIRZADEH(2004),,psat_ratio,323.15,,1.0684,1.0684,0.0,0.0,0.0,0.0,0.9626013712,,T,test-only,,table
nasirzadeh2004_10.1021_je034197x_t10,NASIRZADEH(2004),,psat_ratio,328.15,,1.0684,1.0684,0.0,0.0,0.0,0.0,0.9628792173,,T,test-only,,table
nasirzadeh2004_10.1021_je034197x_t10,NASIRZADEH(2004),,psat_ratio,333.15,,1.0684,1.0684,0.0,0.0,0.0,0.0,0.9629791322,,T,test-only,,table
nasirzadeh2004_10.1021_je034197x_t10,NASIRZADEH(2004),,psat_ratio,338.15,,1.0684,1.0684,0.0,0.0,0.0,0.0,0.9638362505,,T,test-only,,table
nasirzadeh2004_10.1021_je034197x_t10,NASIRZADEH(2004),,psat_ratio,343.15,,1.0684,1.0684,0.0,0.0,0.0,0.0,0.9633687193,,T,test-only,,table
nasirzadeh2004_10.1021_je034197x_t10,NASIRZADEH(2004),,psat_ratio,348.15,,1.0684,1.0684,0.0,0.0,0.0,0.0,0.9630941511,,T,test-only,,table
nasirzadeh2004_10.1021_je034197x_t10,NASIRZADEH(2004),,psat_ratio,353.15,,1.0684,1.0684,0.0,0.0,0.0,0.0,0.9617105522,,T,test-only,,table
nasirzadeh2004_10.1021_je034197x_t10,NASIRZADEH(2004),,psat_ratio,358.15,,1.0684,1.0684,0.0,0.0,0.0,0.0,0.9623970014,,T,test-only,,table
nasirzadeh2004_10.1021_je034197x_t10,NASIRZADEH(2004),,psat_ratio,363.15,,1.0684,1.0684,0.0,0.0,0.0,0.0,0.9630706668,,T,test-only,,table
nasirzadeh2004_10.1021_je034197x_t10,NASIRZADEH(2004),,psat_ratio,298.15,,2.195,2.195,0.0,0.0,0.0,0.0,0.9239953598,,T,test-only,,table
nasirzadeh2004_10.1021_je034197x_t10,NASIRZADEH(2004),,psat_ratio,303.15,,2.195,2.195,0.0,0.0,0.0,0.0,0.922539888,,T,test-only,,table
nasirzadeh2004_10.1021_je034197x_t10,NASIRZADEH(2004),,psat_ratio,308.15,,2.195,2.195,0.0,0.0,0.0,0.0,0.9221860271,,T,test-only,,table
nasirzadeh2004_10.1021_je034197x_t10,NASIRZADEH(2004),,psat_ratio,313.15,,2.195,2.195,0.0,0.0,0.0,0.0,0.9221472045,,T,test-only,,table
nasirzadeh2004_10.1021_je034197x_t10,NASIRZADEH(2004),,psat_ratio,318.15,,2.195,2.195,0.0,0.0,0.0,0.0,0.921209074,,T,test-only,,table
nasirzadeh2004_10.1021_je034197x_t10,NASIRZADEH(2004),,psat_ratio,323.15,,2.195,2.195,0.0,0.0,0.0,0.0,0.9232553437,,T,test-only,,table
nasirzadeh2004_10.1021_je034197x_t10,NASIRZADEH(2004),,psat_ratio,328.15,,2.195,2.195,0.0,0.0,0.0,0.0,0.9238615775,,T,test-only,,table
nasirzadeh2004_10.1021_je034197x_t10,NASIRZADEH(2004),,psat_ratio,333.15,,2.195,2.195,0.0,0.0,0.0,0.0,0.9218188934,,T,test-only,,table
nasirzadeh2004_10.1021_je034197x_t10,NASIRZADEH(2004),,psat_ratio,338.15,,2.195,2.195,0.0,0.0,0.0,0.0,0.922904358,,T,test-only,,table
nasirzadeh2004_10.1021_je034197x_t10,NASIRZADEH(2004),,psat_ratio,343.15,,2.195,2.195,0.0,0.0,0.0,0.0,0.923017358,,T,test-only,,table
nasirzadeh2004_10.1021_je034197x_t10,NASIRZADEH(2004),,psat_ratio,348.15,,2.195,2.195,0.0,0.0,0.0,0.0,0.921949347,,T,test-only,,table
nasirzadeh2004_10.1021_je034197x_t10,NASIRZADEH(2004),,psat_ratio,353.15,,2.195,2.195,0.0,0.0,0.0,0.0,0.9222078467,,T,test-only,,table
nasirzadeh2004_10.1021_je034197x_t10,NASIRZADEH(2004),,psat_ratio,358.15,,2.195,2.195,0.0,0.0,0.0,0.0,0.9221149557,,T,test-only,,table
nasirzadeh2004_10.1021_je034197x_t10,NASIRZADEH(2004),,psat_ratio,363.15,,2.195,2.195,0.0,0.0,0.0,0.0,0.9226328128,,T,test-only,,table
nasirzadeh2004_10.1021_je034197x_t10,NASIRZADEH(2004),,psat_ratio,298.15,,3.5714,3.5714,0.0,0.0,0.0,0.0,0.8640571152,,T,test-only,,table
nasirzadeh2004_10.1021_je034197x_t10,NASIRZADEH(2004),,psat_ratio,303.15,,3.5714,3.5714,0.0,0.0,0.0,0.0,0.865558098,,T,test-only,,table
nasirzadeh2004_10.1021_je034197x_t10,NASIRZADEH(2004),,psat_ratio,308.15,,3.5714,3.5714,0.0,0.0,0.0,0.0,0.863738868,,T,test-only,,table
nasirzadeh2004_10.1021_je034197x_t10,NASIRZADEH(2004),,psat_ratio,313.15,,3.5714,3.5714,0.0,0.0,0.0,0.0,0.8667642079,,T,test-only,,table
nasirzadeh2004_10.1021_je034197x_t10,NASIRZADEH(2004),,psat_ratio,318.15,,3.5714,3.5714,0.0,0.0,0.0,0.0,0.8676395001,,T,test-only,,table
nasirzadeh2004_10.1021_je034197x_t10,NASIRZADEH(2004),,psat_ratio,323.15,,3.5714,3.5714,0.0,0.0,0.0,0.0,0.8670698642,,T,test-only,,table
nasirzadeh2004_10.1021_je034197x_t10,NASIRZADEH(2004),,psat_ratio,328.15,,3.5714,3.5714,0.0,0.0,0.0,0.0,0.867650799,,T,test-only,,table
nasirzadeh2004_10.1021_je034197x_t10,NASIRZADEH(2004),,psat_ratio,333.15,,3.5714,3.5714,0.0,0.0,0.0,0.0,0.8669218635,,T,test-only,,table
nasirzadeh2004_10.1021_je034197x_t10,NASIRZADEH(2004),,psat_ratio,338.15,,3.5714,3.5714,0.0,0.0,0.0,0.0,0.866278579,,T,test-only,,table
nasirzadeh2004_10.1021_je034197x_t10,NASIRZADEH(2004),,psat_ratio,343.15,,3.5714,3.5714,0.0,0.0,0.0,0.0,0.8662562294,,T,test-only,,table
nasirzadeh2004_10.1021_je034197x_t10,NASIRZADEH(2004),,psat_ratio,348.15,,3.5714,3.5714,0.0,0.0,0.0,0.0,0.8661395813,,T,test-only,,table
nasirzadeh2004_10.1021_je034197x_t10,NASIRZADEH(2004),,psat_ratio,353.15,,3.5714,3.5714,0.0,0.0,0.0,0.0,0.8675199049,,T,test-only,,table
nasirzadeh2004_10.1021_je034197x_t10,NASIRZADEH(2004),,psat_ratio,358.15,,3.5714,3.5714,0.0,0.0,0.0,0.0,0.8667293029,,T,test-only,,table
nasirzadeh2004_10.1021_je034197x_t10,NASIRZADEH(2004),,psat_ratio,363.15,,3.5714,3.5714,0.0,0.0,0.0,0.0,0.8671055693,,T,test-only,,table
marcus1988_10.1039_f19888403575_t1,MARCUS(1988),,psat_ratio,298.15,,1.75,5.9,0.17,0.43,1.56,0.0,0.7571146683,,T,test-only,,table
marcus1988_10.1039_f19888403575_t1,MARCUS(1988),,psat_ratio,298.15,,0.98,9.06,0.34,0.86,3.01,0.0,0.5362895567,,T,test-only,,table
marcus1988_10.1039_f19888403575_t1,MARCUS(1988),,psat_ratio,298.15,,0.61,9.79,0.38,0.98,3.42,0.0,0.4984338233,,T,test-only,,table
marcus1988_10.1039_f19888403575_t1,MARCUS(1988),,psat_ratio,298.15,,0.47,10.22,0.39,1.04,3.64,0.0,0.4290316454,,T,test-only,,table
marcus1988_10.1039_f19888403575_t1,MARCUS(1988),,psat_ratio,298.15,,0.32,10.63,0.25,1.12,3.91,0.0,0.4227223565,,T,test-only,,table
marcus1988_10.1039_f19888403575_t1,MARCUS(1988),,psat_ratio,298.15,,0.19,11.16,0.17,1.2,4.2,0.0,0.4037944898,,T,test-only,,table
marcus1988_10.1039_f19888403575_t1,MARCUS(1988),,psat_ratio,298.15,,0.0,10.01,0.05,0.0,4.98,0.0,0.4668873788,,T,test-only,,table
marcus1990_10.1039_ft9908600495_t1,MARCUS(1990),,psat_ratio,303.15,,0.82,8.98,0.34,0.87,3.04,0.0,0.5980733322,,T,test-only,,table
marcus1990_10.1039_ft9908600495_t1,MARCUS(1990),,psat_ratio,308.15,,0.82,8.98,0.34,0.87,3.04,0.0,0.5613769689,,T,test-only,,table
marcus1990_10.1039_ft9908600495_t1,MARCUS(1990),,psat_ratio,303.15,,0.41,10.05,0.4,1.03,3.59,0.0,0.518016272,,T,test-only,,table
marcus1990_10.1039_ft9908600495_t1,MARCUS(1990),,psat_ratio,308.15,,0.41,10.05,0.4,1.03,3.59,0.0,0.449456877,,T,test-only,,table
marcus1990_10.1039_ft9908600495_t1,MARCUS(1990),,psat_ratio,313.15,,0.41,10.05,0.4,1.03,3.59,0.0,0.5050820958,,T,test-only,,table
marcus1990_10.1039_ft9908600495_t1,MARCUS(1990),,psat_ratio,318.15,,0.41,10.05,0.4,1.03,3.59,0.0,0.4846274685,,T,test-only,,table
marcus1990_10.1039_ft9908600495_t1,MARCUS(1990),,psat_ratio,308.15,,0.29,10.62,0.25,1.12,3.92,0.0,0.4476803676,,T,test-only,,table
marcus1990_10.1039_ft9908600495_t1,MARCUS(1990),,psat_ratio,313.15,,0.29,10.62,0.25,1.12,3.92,0.0,0.5863285456,,T,test-only,,table
an1978_10.1139_v78-301_t1,AN(1978),,psat_ratio,298.15,,0.2339,4.3275,0.0,0.0,2.0468,0.0,0.8289,,T,test-only,pressure-unstated,table
an1978_10.1139_v78-301_t1,AN(1978),,psat_ratio,298.15,,0.2851,5.0533,0.0,0.0,2.3841,0.0,0.7895,,T,test-only,pressure-unstated,table
an1978_10.1139_v78-301_t1,AN(1978),,psat_ratio,298.15,,0.3092,5.4794,0.0,0.0,2.5851,0.0,0.7645,,T,test-only,pressure-unstated,table
an1978_10.1139_v78-301_t1,AN(1978),,psat_ratio,298.15,,0.5231,5.5195,0.0,0.0,2.4982,0.0,0.759,,T,test-only,pressure-unstated,table
an1978_10.1139_v78-301_t1,AN(1978),,psat_ratio,298.15,,0.5733,6.0689,0.0,0.0,2.7478,0.0,0.7214,,T,test-only,pressure-unstated,table
an1978_10.1139_v78-301_t1,AN(1978),,psat_ratio,298.15,,0.3434,6.0864,0.0,0.0,2.8715,0.0,0.7209,,T,test-only,pressure-unstated,table
an1978_10.1139_v78-301_t1,AN(1978),,psat_ratio,298.15,,0.1954,6.3764,0.0,0.0,3.0905,0.0,0.7026,,T,test-only,pressure-unstated,table
an1978_10.1139_v78-301_t1,AN(1978),,psat_ratio,298.15,,0.6192,6.5334,0.0,0.0,2.9571,0.0,0.6914,,T,test-only,pressure-unstated,table
an1978_10.1139_v78-301_t1,AN(1978),,psat_ratio,298.15,,0.4797,6.7961,0.0,0.0,3.1582,0.0,0.6772,,T,test-only,pressure-unstated,table
an1978_10.1139_v78-301_t1,AN(1978),,psat_ratio,298.15,,0.3871,6.8603,0.0,0.0,3.2366,0.0,0.6682,,T,test-only,pressure-unstated,table
an1978_10.1139_v78-301_t1,AN(1978),,psat_ratio,298.15,,0.6631,6.9971,0.0,0.0,3.167,0.0,0.659,,T,test-only,pressure-unstated,table
an1978_10.1139_v78-301_t1,AN(1978),,psat_ratio,298.15,,0.5205,7.3737,0.0,0.0,3.4266,0.0,0.6397,,T,test-only,pressure-unstated,table
an1978_10.1139_v78-301_t1,AN(1978),,psat_ratio,298.15,,0.3015,7.3885,0.0,0.0,3.5435,0.0,0.6335,,T,test-only,pressure-unstated,table
an1978_10.1139_v78-301_t1,AN(1978),,psat_ratio,298.15,,0.7363,7.7695,0.0,0.0,3.5166,0.0,0.6071,,T,test-only,pressure-unstated,table
an1978_10.1139_v78-301_t1,AN(1978),,psat_ratio,298.15,,0.3179,7.7883,0.0,0.0,3.7352,0.0,0.6047,,T,test-only,pressure-unstated,table
an1978_10.1139_v78-301_t1,AN(1978),,psat_ratio,298.15,,0.5544,7.8542,0.0,0.0,3.6499,0.0,0.6038,,T,test-only,pressure-unstated,table
an1978_10.1139_v78-301_t1,AN(1978),,psat_ratio,298.15,,0.324,7.938,0.0,0.0,3.807,0.0,0.5942,,T,test-only,pressure-unstated,table
an1978_10.1139_v78-301_t1,AN(1978),,psat_ratio,298.15,,0.2429,7.9259,0.0,0.0,3.8415,0.0,0.5932,,T,test-only,pressure-unstated,table
an1978_10.1139_v78-301_t1,AN(1978),,psat_ratio,298.15,,0.3361,8.2347,0.0,0.0,3.9493,0.0,0.5736,,T,test-only,pressure-unstated,table
an1978_10.1139_v78-301_t1,AN(1978),,psat_ratio,298.15,,0.3461,8.4799,0.0,0.0,4.0669,0.0,0.5567,,T,test-only,pressure-unstated,table
an1978_10.1139_v78-301_t1,AN(1978),,psat_ratio,298.15,,0.358,8.7716,0.0,0.0,4.2068,0.0,0.5369,,T,test-only,pressure-unstated,table
an1978_10.1139_v78-301_t1,AN(1978),,psat_ratio,298.15,,0.368,9.017,0.0,0.0,4.3245,0.0,0.5201,,T,test-only,pressure-unstated,table
an1978_10.1139_v78-301_t1,AN(1978),,psat_ratio,298.15,,0.2856,9.32,0.0,0.0,4.5172,0.0,0.4966,,T,test-only,pressure-unstated,table
an1978_10.1139_v78-301_t2,AN(1978),,psat_ratio,298.15,,0.1316,3.2208,0.0,1.5446,0.0,0.0,0.9054,,T,test-only,pressure-unstated,table
an1978_10.1139_v78-301_t2,AN(1978),,psat_ratio,298.15,,0.1933,3.1819,0.0,1.4943,0.0,0.0,0.9025,,T,test-only,pressure-unstated,table
an1978_10.1139_v78-301_t2,AN(1978),,psat_ratio,298.15,,0.1977,3.2551,0.0,1.5287,0.0,0.0,0.8978,,T,test-only,pressure-unstated,table
an1978_10.1139_v78-301_t2,AN(1978),,psat_ratio,298.15,,0.1424,3.3758,0.0,1.6167,0.0,0.0,0.8976,,T,test-only,pressure-unstated,table
an1978_10.1139_v78-301_t2,AN(1978),,psat_ratio,298.15,,0.203,3.3422,0.0,1.5696,0.0,0.0,0.895,,T,test-only,pressure-unstated,table
an1978_10.1139_v78-301_t2,AN(1978),,psat_ratio,298.15,,0.153,3.628,0.0,1.7375,0.0,0.0,0.8862,,T,test-only,pressure-unstated,table
an1978_10.1139_v78-301_t2,AN(1978),,psat_ratio,298.15,,0.2149,3.5373,0.0,1.6612,0.0,0.0,0.8858,,T,test-only,pressure-unstated,table
an1978_10.1139_v78-301_t2,AN(1978),,psat_ratio,298.15,,0.2244,3.694,0.0,1.7348,0.0,0.0,0.879,,T,test-only,pressure-unstated,table
an1978_10.1139_v78-301_t2,AN(1978),,psat_ratio,298.15,,0.1635,3.8757,0.0,1.8561,0.0,0.0,0.8751,,T,test-only,pressure-unstated,table
an1978_10.1139_v78-301_t2,AN(1978),,psat_ratio,298.15,,0.1665,3.9461,0.0,1.8898,0.0,0.0,0.8728,,T,test-only,pressure-unstated,table
an1978_10.1139_v78-301_t2,AN(1978),,psat_ratio,298.15,,0.2377,3.9127,0.0,1.8375,0.0,0.0,0.8679,,T,test-only,pressure-unstated,table
an1978_10.1139_v78-301_t2,AN(1978),,psat_ratio,298.15,,0.2501,4.1173,0.0,1.9336,0.0,0.0,0.8581,,T,test-only,pressure-unstated,table
an1978_10.1139_v78-301_t2,AN(1978),,psat_ratio,298.15,,0.1888,4.4746,0.0,2.1429,0.0,0.0,0.8488,,T,test-only,pressure-unstated,table
an1978_10.1139_v78-301_t2,AN(1978),,psat_ratio,298.15,,0.2653,4.3671,0.0,2.0509,0.0,0.0,0.8461,,T,test-only,pressure-unstated,table
an1978_10.1139_v78-301_t2,AN(1978),,psat_ratio,298.15,,0.2871,4.7267,0.0,2.2198,0.0,0.0,0.8278,,T,test-only,pressure-unstated,table
an1978_10.1139_v78-301_t2,AN(1978),,psat_ratio,298.15,,0.304,5.0042,0.0,2.3501,0.0,0.0,0.8136,,T,test-only,pressure-unstated,table
an1978_10.1139_v78-301_t2,AN(1978),,psat_ratio,298.15,,0.2042,4.8416,0.0,2.3187,0.0,0.0,0.811,,T,test-only,pressure-unstated,table
an1978_10.1139_v78-301_t2,AN(1978),,psat_ratio,298.15,,0.2248,5.33,0.0,2.5526,0.0,0.0,0.7964,,T,test-only,pressure-unstated,table
an1978_10.1139_v78-301_t2,AN(1978),,psat_ratio,298.15,,0.3247,5.3453,0.0,2.5103,0.0,0.0,0.7952,,T,test-only,pressure-unstated,table
an1978_10.1139_v78-301_t2,AN(1978),,psat_ratio,298.15,,0.3468,5.71,0.0,2.6816,0.0,0.0,0.7746,,T,test-only,pressure-unstated,table
an1978_10.1139_v78-301_t2,AN(1978),,psat_ratio,298.15,,0.2624,6.2194,0.0,2.9785,0.0,0.0,0.7576,,T,test-only,pressure-unstated,table
an1978_10.1139_v78-301_t2,AN(1978),,psat_ratio,298.15,,0.3699,6.0893,0.0,2.8597,0.0,0.0,0.7524,,T,test-only,pressure-unstated,table
an1978_10.1139_v78-301_t2,AN(1978),,psat_ratio,298.15,,0.3595,6.4435,0.0,3.042,0.0,0.0,0.7478,,T,test-only,pressure-unstated,table
an1978_10.1139_v78-301_t2,AN(1978),,psat_ratio,298.15,,0.3899,6.4183,0.0,3.0142,0.0,0.0,0.733,,T,test-only,pressure-unstated,table
an1978_10.1139_v78-301_t2,AN(1978),,psat_ratio,298.15,,0.3735,6.6951,0.0,3.1608,0.0,0.0,0.7325,,T,test-only,pressure-unstated,table
an1978_10.1139_v78-301_t2,AN(1978),,psat_ratio,298.15,,0.4128,6.7958,0.0,3.1915,0.0,0.0,0.7112,,T,test-only,pressure-unstated,table
an1978_10.1139_v78-301_t2,AN(1978),,psat_ratio,298.15,,0.4298,7.0754,0.0,3.3228,0.0,0.0,0.6949,,T,test-only,pressure-unstated,table
an1978_10.1139_v78-301_t2,AN(1978),,psat_ratio,298.15,,0.456,7.5066,0.0,3.5253,0.0,0.0,0.6688,,T,test-only,pressure-unstated,table
an1978_10.1139_v78-301_t2,AN(1978),,psat_ratio,298.15,,0.4748,7.8164,0.0,3.6708,0.0,0.0,0.6502,,T,test-only,pressure-unstated,table
an1978_10.1139_v78-301_t2,AN(1978),,psat_ratio,298.15,,0.3534,8.3776,0.0,4.0121,0.0,0.0,0.6339,,T,test-only,pressure-unstated,table
an1978_10.1139_v78-301_t2,AN(1978),,psat_ratio,298.15,,0.5,8.2314,0.0,3.8657,0.0,0.0,0.6245,,T,test-only,pressure-unstated,table
an1978_10.1139_v78-301_t2,AN(1978),,psat_ratio,298.15,,0.3684,8.7332,0.0,4.1824,0.0,0.0,0.6121,,T,test-only,pressure-unstated,table
an1978_10.1139_v78-301_t2,AN(1978),,psat_ratio,298.15,,0.4913,8.8057,0.0,4.1572,0.0,0.0,0.61,,T,test-only,pressure-unstated,table
an1978_10.1139_v78-301_t2,AN(1978),,psat_ratio,298.15,,0.5107,9.1529,0.0,4.3211,0.0,0.0,0.5902,,T,test-only,pressure-unstated,table
an1978_10.1139_v78-301_t2,AN(1978),,psat_ratio,298.15,,0.3867,9.1659,0.0,4.3896,0.0,0.0,0.5878,,T,test-only,pressure-unstated,table
an1978_10.1139_v78-301_t2,AN(1978),,psat_ratio,298.15,,0.4099,9.7171,0.0,4.6536,0.0,0.0,0.5566,,T,test-only,pressure-unstated,table
wood1984_10.2475_ajs.284.6.668_t1,WOOD(1984),,psat_ratio,473.15,,0.5,0.5,0.0,0.0,0.0,0.0,0.9964526935,,T,test-only,differential-pressure-converted;source-caution,table
wood1984_10.2475_ajs.284.6.668_t1,WOOD(1984),,psat_ratio,473.15,,1.0,1.0,0.0,0.0,0.0,0.0,0.9578757354,,T,test-only,differential-pressure-converted;source-caution,table
wood1984_10.2475_ajs.284.6.668_t1,WOOD(1984),,psat_ratio,473.15,,2.0,2.0,0.0,0.0,0.0,0.0,0.9396957897,,T,test-only,differential-pressure-converted;source-caution,table
wood1984_10.2475_ajs.284.6.668_t1,WOOD(1984),,psat_ratio,473.15,,3.0,3.0,0.0,0.0,0.0,0.0,0.9046661381,,T,test-only,differential-pressure-converted;source-caution,table
wood1984_10.2475_ajs.284.6.668_t1,WOOD(1984),,psat_ratio,473.15,,4.0,4.0,0.0,0.0,0.0,0.0,0.8798349927,,T,test-only,differential-pressure-converted;source-caution,table
wood1984_10.2475_ajs.284.6.668_t1,WOOD(1984),,psat_ratio,473.15,,5.0,5.0,0.0,0.0,0.0,0.0,0.8470224076,,T,test-only,differential-pressure-converted;source-caution,table
wood1984_10.2475_ajs.284.6.668_t1,WOOD(1984),,psat_ratio,473.15,,0.0,0.5,0.5,0.0,0.0,0.0,0.9782727478,,T,test-only,differential-pressure-converted;source-caution,table
wood1984_10.2475_ajs.284.6.668_t1,WOOD(1984),,psat_ratio,473.15,,0.0,1.0,1.0,0.0,0.0,0.0,0.9649703484,,T,test-only,differential-pressure-converted;source-caution,table
wood1984_10.2475_ajs.284.6.668_t1,WOOD(1984),,psat_ratio,473.15,,0.0,1.5,1.5,0.0,0.0,0.0,0.952998189,,T,test-only,differential-pressure-converted;source-caution,table
wood1984_10.2475_ajs.284.6.668_t1,WOOD(1984),,psat_ratio,473.15,,0.0,2.0,2.0,0.0,0.0,0.0,0.9374787231,,T,test-only,differential-pressure-converted;source-caution,table
wood1984_10.2475_ajs.284.6.668_t1,WOOD(1984),,psat_ratio,473.15,,0.0,2.5,2.5,0.0,0.0,0.0,0.9197421907,,T,test-only,differential-pressure-converted;source-caution,table
wood1984_10.2475_ajs.284.6.668_t1,WOOD(1984),,psat_ratio,473.15,,0.0,3.0,3.0,0.0,0.0,0.0,0.9042227248,,T,test-only,differential-pressure-converted;source-caution,table
wood1984_10.2475_ajs.284.6.668_t1,WOOD(1984),,psat_ratio,473.15,,0.0,3.5,3.5,0.0,0.0,0.0,0.8842691258,,T,test-only,differential-pressure-converted;source-caution,table
wood1984_10.2475_ajs.284.6.668_t1,WOOD(1984),,psat_ratio,473.15,,0.0,4.0,4.0,0.0,0.0,0.0,0.8683062466,,T,test-only,differential-pressure-converted;source-caution,table
wood1984_10.2475_ajs.284.6.668_t1,WOOD(1984),,psat_ratio,473.15,,0.0,4.5,4.5,0.0,0.0,0.0,0.8550038472,,T,test-only,differential-pressure-converted;source-caution,table
wood1984_10.2475_ajs.284.6.668_t1,WOOD(1984),,psat_ratio,473.15,,0.0,1.0,0.0,0.5,0.0,0.0,0.9915751471,,T,test-only,differential-pressure-converted;source-caution,table
wood1984_10.2475_ajs.284.6.668_t1,WOOD(1984),,psat_ratio,473.15,,0.0,2.0,0.0,1.0,0.0,0.0,0.9561020822,,T,test-only,differential-pressure-converted;source-caution,table
wood1984_10.2475_ajs.284.6.668_t1,WOOD(1984),,psat_ratio,473.15,,0.0,2.8,0.0,1.4,0.0,0.0,0.9352616566,,T,test-only,differential-pressure-converted;source-caution,table
wood1984_10.2475_ajs.284.6.668_t1,WOOD(1984),,psat_ratio,473.15,,0.0,3.8,0.0,1.9,0.0,0.0,0.913090991,,T,test-only,differential-pressure-converted;source-caution,table
wood1984_10.2475_ajs.284.6.668_t1,WOOD(1984),,psat_ratio,473.15,,0.0,4.6,0.0,2.3,0.0,0.0,0.8714101398,,T,test-only,differential-pressure-converted;source-caution,table
wood1984_10.2475_ajs.284.6.668_t1,WOOD(1984),,psat_ratio,473.15,,0.0,5.4,0.0,2.7,0.0,0.0,0.8563340872,,T,test-only,differential-pressure-converted;source-caution,table
wood1984_10.2475_ajs.284.6.668_t1,WOOD(1984),,psat_ratio,473.15,,0.0,6.2,0.0,3.1,0.0,0.0,0.8297292885,,T,test-only,differential-pressure-converted;source-caution,table
wood1984_10.2475_ajs.284.6.668_t1,WOOD(1984),,psat_ratio,473.15,,0.0,7.0,0.0,3.5,0.0,0.0,0.8044547298,,T,test-only,differential-pressure-converted;source-caution,table
wood1984_10.2475_ajs.284.6.668_t1,WOOD(1984),,psat_ratio,473.15,,0.0,7.8,0.0,3.9,0.0,0.0,0.7627738785,,T,test-only,differential-pressure-converted;source-caution,table
wood1984_10.2475_ajs.284.6.668_t1,WOOD(1984),,psat_ratio,473.15,,0.0,8.6,0.0,4.3,0.0,0.0,0.7339520133,,T,test-only,differential-pressure-converted;source-caution,table
wood1984_10.2475_ajs.284.6.668_t1,WOOD(1984),,psat_ratio,473.15,,0.0,9.2,0.0,4.6,0.0,0.0,0.7139984143,,T,test-only,differential-pressure-converted;source-caution,table
wood1984_10.2475_ajs.284.6.668_t1,WOOD(1984),,psat_ratio,473.15,,0.0,10.0,0.0,5.0,0.0,0.0,0.6896106822,,T,test-only,differential-pressure-converted;source-caution,table
wood1984_10.2475_ajs.284.6.668_t1,WOOD(1984),,psat_ratio,473.15,,0.0,10.6,0.0,5.3,0.0,0.0,0.6696570832,,T,test-only,differential-pressure-converted;source-caution,table
wood1984_10.2475_ajs.284.6.668_t1,WOOD(1984),,psat_ratio,473.15,,0.0,11.4,0.0,5.7,0.0,0.0,0.6452693511,,T,test-only,differential-pressure-converted;source-caution,table
wood1984_10.2475_ajs.284.6.668_t1,WOOD(1984),,psat_ratio,498.15,,0.5,0.5,0.0,0.0,0.0,0.0,0.9872906404,,T,test-only,differential-pressure-converted;source-caution,table
wood1984_10.2475_ajs.284.6.668_t1,WOOD(1984),,psat_ratio,498.15,,1.0,1.0,0.0,0.0,0.0,0.0,0.9640352165,,T,test-only,differential-pressure-converted;source-caution,table
wood1984_10.2475_ajs.284.6.668_t1,WOOD(1984),,psat_ratio,498.15,,2.0,2.0,0.0,0.0,0.0,0.0,0.9369940258,,T,test-only,differential-pressure-converted;source-caution,table
wood1984_10.2475_ajs.284.6.668_t1,WOOD(1984),,psat_ratio,498.15,,3.0,3.0,0.0,0.0,0.0,0.0,0.9069783042,,T,test-only,differential-pressure-converted;source-caution,table
wood1984_10.2475_ajs.284.6.668_t1,WOOD(1984),,psat_ratio,498.15,,4.0,4.0,0.0,0.0,0.0,0.0,0.8696614611,,T,test-only,differential-pressure-converted;source-caution,table
wood1984_10.2475_ajs.284.6.668_t1,WOOD(1984),,psat_ratio,498.15,,5.0,5.0,0.0,0.0,0.0,0.0,0.8299109109,,T,test-only,differential-pressure-converted;source-caution,table
wood1984_10.2475_ajs.284.6.668_t1,WOOD(1984),,psat_ratio,498.15,,0.0,0.5,0.5,0.0,0.0,0.0,0.9821528142,,T,test-only,differential-pressure-converted;source-caution,table
wood1984_10.2475_ajs.284.6.668_t1,WOOD(1984),,psat_ratio,498.15,,0.0,1.0,1.0,0.0,0.0,0.0,0.9672801593,,T,test-only,differential-pressure-converted;source-caution,table
wood1984_10.2475_ajs.284.6.668_t1,WOOD(1984),,psat_ratio,498.15,,0.0,1.5,1.5,0.0,0.0,0.0,0.9545707997,,T,test-only,differential-pressure-converted;source-caution,table
wood1984_10.2475_ajs.284.6.668_t1,WOOD(1984),,psat_ratio,498.15,,0.0,2.0,2.0,0.0,0.0,0.0,0.9337490829,,T,test-only,differential-pressure-converted;source-caution,table
wood1984_10.2475_ajs.284.6.668_t1,WOOD(1984),,psat_ratio,498.15,,0.0,2.5,2.5,0.0,0.0,0.0,0.9213101352,,T,test-only,differential-pressure-converted;source-caution,table
wood1984_10.2475_ajs.284.6.668_t1,WOOD(1984),,psat_ratio,498.15,,0.0,3.0,3.0,0.0,0.0,0.0,0.9064374804,,T,test-only,differential-pressure-converted;source-caution,table
wood1984_10.2475_ajs.284.6.668_t1,WOOD(1984),,psat_ratio,498.15,,0.0,3.5,3.5,0.0,0.0,0.0,0.8926464732,,T,test-only,differential-pressure-converted;source-caution,table
wood1984_10.2475_ajs.284.6.668_t1,WOOD(1984),,psat_ratio,498.15,,0.0,4.0,4.0,0.0,0.0,0.0,0.8791258779,,T,test-only,differential-pressure-converted;source-caution,table
wood1984_10.2475_ajs.284.6.668_t1,WOOD(1984),,psat_ratio,498.15,,0.0,4.6,4.6,0.0,0.0,0.0,0.8542479825,,T,test-only,differential-pressure-converted;source-caution,table
wood1984_10.2475_ajs.284.6.668_t1,WOOD(1984),,psat_ratio,498.15,,0.0,1.0,0.0,0.5,0.0,0.0,0.9802599308,,T,test-only,differential-pressure-converted;source-caution,table
wood1984_10.2475_ajs.284.6.668_t1,WOOD(1984),,psat_ratio,498.15,,0.0,2.0,0.0,1.0,0.0,0.0,0.9616015093,,T,test-only,differential-pressure-converted;source-caution,table
wood1984_10.2475_ajs.284.6.668_t1,WOOD(1984),,psat_ratio,498.15,,0.0,2.8,0.0,1.4,0.0,0.0,0.9369940258,,T,test-only,differential-pressure-converted;source-caution,table
wood1984_10.2475_ajs.284.6.668_t1,WOOD(1984),,psat_ratio,498.15,,0.0,3.8,0.0,1.9,0.0,0.0,0.9169835447,,T,test-only,differential-pressure-converted;source-caution,table
wood1984_10.2475_ajs.284.6.668_t1,WOOD(1984),,psat_ratio,498.15,,0.0,4.8,0.0,2.4,0.0,0.0,0.8942689446,,T,test-only,differential-pressure-converted;source-caution,table
wood1984_10.2475_ajs.284.6.668_t1,WOOD(1984),,psat_ratio,498.15,,0.0,5.4,0.0,2.7,0.0,0.0,0.8685798135,,T,test-only,differential-pressure-converted;source-caution,table
wood1984_10.2475_ajs.284.6.668_t1,WOOD(1984),,psat_ratio,498.15,,0.0,6.4,0.0,3.2,0.0,0.0,0.8391049157,,T,test-only,differential-pressure-converted;source-caution,table
wood1984_10.2475_ajs.284.6.668_t1,WOOD(1984),,psat_ratio,498.15,,0.0,7.2,0.0,3.6,0.0,0.0,0.8144974322,,T,test-only,differential-pressure-converted;source-caution,table
wood1984_10.2475_ajs.284.6.668_t1,WOOD(1984),,psat_ratio,498.15,,0.0,7.8,0.0,3.9,0.0,0.0,0.7871858297,,T,test-only,differential-pressure-converted;source-caution,table
wood1984_10.2475_ajs.284.6.668_t1,WOOD(1984),,psat_ratio,498.15,,0.0,8.6,0.0,4.3,0.0,0.0,0.7552772247,,T,test-only,differential-pressure-converted;source-caution,table
wood1984_10.2475_ajs.284.6.668_t1,WOOD(1984),,psat_ratio,498.15,,0.0,9.4,0.0,4.7,0.0,0.0,0.7295880936,,T,test-only,differential-pressure-converted;source-caution,table
wood1984_10.2475_ajs.284.6.668_t1,WOOD(1984),,psat_ratio,498.15,,0.0,10.0,0.0,5.0,0.0,0.0,0.7160674983,,T,test-only,differential-pressure-converted;source-caution,table
wood1984_10.2475_ajs.284.6.668_t1,WOOD(1984),,psat_ratio,498.15,,0.0,10.6,0.0,5.3,0.0,0.0,0.6976794887,,T,test-only,differential-pressure-converted;source-caution,table
wood1984_10.2475_ajs.284.6.668_t1,WOOD(1984),,psat_ratio,498.15,,0.0,11.4,0.0,5.7,0.0,0.0,0.6719903576,,T,test-only,differential-pressure-converted;source-caution,table
wood1984_10.2475_ajs.284.6.668_t1,WOOD(1984),,psat_ratio,523.15,,0.5,0.5,0.0,0.0,0.0,0.0,0.9866480645,,T,test-only,differential-pressure-converted;source-caution,table
wood1984_10.2475_ajs.284.6.668_t1,WOOD(1984),,psat_ratio,523.15,,1.0,1.0,0.0,0.0,0.0,0.0,0.9663600587,,T,test-only,differential-pressure-converted;source-caution,table
wood1984_10.2475_ajs.284.6.668_t1,WOOD(1984),,psat_ratio,523.15,,2.0,2.0,0.0,0.0,0.0,0.0,0.9342807332,,T,test-only,differential-pressure-converted;source-caution,table
wood1984_10.2475_ajs.284.6.668_t1,WOOD(1984),,psat_ratio,523.15,,3.0,3.0,0.0,0.0,0.0,0.0,0.9015078006,,T,test-only,differential-pressure-converted;source-caution,table
wood1984_10.2475_ajs.284.6.668_t1,WOOD(1984),,psat_ratio,523.15,,4.1,4.1,0.0,0.0,0.0,0.0,0.8694284751,,T,test-only,differential-pressure-converted;source-caution,table
wood1984_10.2475_ajs.284.6.668_t1,WOOD(1984),,psat_ratio,523.15,,5.1,5.1,0.0,0.0,0.0,0.0,0.8309332845,,T,test-only,differential-pressure-converted;source-caution,table
wood1984_10.2475_ajs.284.6.668_t1,WOOD(1984),,psat_ratio,523.15,,0.0,0.5,0.5,0.0,0.0,0.0,0.98127261,,T,test-only,differential-pressure-converted;source-caution,table
wood1984_10.2475_ajs.284.6.668_t1,WOOD(1984),,psat_ratio,523.15,,0.0,1.0,1.0,0.0,0.0,0.0,0.9647994428,,T,test-only,differential-pressure-converted;source-caution,table
wood1984_10.2475_ajs.284.6.668_t1,WOOD(1984),,psat_ratio,523.15,,0.0,1.5,1.5,0.0,0.0,0.0,0.9512741056,,T,test-only,differential-pressure-converted;source-caution,table
wood1984_10.2475_ajs.284.6.668_t1,WOOD(1984),,psat_ratio,523.15,,0.0,2.0,2.0,0.0,0.0,0.0,0.9368817595,,T,test-only,differential-pressure-converted;source-caution,table
wood1984_10.2475_ajs.284.6.668_t1,WOOD(1984),,psat_ratio,523.15,,0.0,2.6,2.6,0.0,0.0,0.0,0.9209287977,,T,test-only,differential-pressure-converted;source-caution,table
wood1984_10.2475_ajs.284.6.668_t1,WOOD(1984),,psat_ratio,523.15,,0.0,3.1,3.1,0.0,0.0,0.0,0.9086172728,,T,test-only,differential-pressure-converted;source-caution,table
wood1984_10.2475_ajs.284.6.668_t1,WOOD(1984),,psat_ratio,523.15,,0.0,3.6,3.6,0.0,0.0,0.0,0.8919707038,,T,test-only,differential-pressure-converted;source-caution,table
wood1984_10.2475_ajs.284.6.668_t1,WOOD(1984),,psat_ratio,523.15,,0.0,4.1,4.1,0.0,0.0,0.0,0.8692550733,,T,test-only,differential-pressure-converted;source-caution,table
wood1984_10.2475_ajs.284.6.668_t1,WOOD(1984),,psat_ratio,523.15,,0.0,4.6,4.6,0.0,0.0,0.0,0.8581573607,,T,test-only,differential-pressure-converted;source-caution,table
wood1984_10.2475_ajs.284.6.668_t1,WOOD(1984),,psat_ratio,523.15,,0.0,1.0,0.0,0.5,0.0,0.0,0.98127261,,T,test-only,differential-pressure-converted;source-caution,table
wood1984_10.2475_ajs.284.6.668_t1,WOOD(1984),,psat_ratio,523.15,,0.0,2.0,0.0,1.0,0.0,0.0,0.9594239883,,T,test-only,differential-pressure-converted;source-caution,table
wood1984_10.2475_ajs.284.6.668_t1,WOOD(1984),,psat_ratio,523.15,,0.0,3.0,0.0,1.5,0.0,0.0,0.9420838123,,T,test-only,differential-pressure-converted;source-caution,table
wood1984_10.2475_ajs.284.6.668_t1,WOOD(1984),,psat_ratio,523.15,,0.0,3.8,0.0,1.9,0.0,0.0,0.9186745748,,T,test-only,differential-pressure-converted;source-caution,table
wood1984_10.2475_ajs.284.6.668_t1,WOOD(1984),,psat_ratio,523.15,,0.0,4.8,0.0,2.4,0.0,0.0,0.8985599707,,T,test-only,differential-pressure-converted;source-caution,table
wood1984_10.2475_ajs.284.6.668_t1,WOOD(1984),,psat_ratio,523.15,,0.0,5.6,0.0,2.8,0.0,0.0,0.8761911437,,T,test-only,differential-pressure-converted;source-caution,table
wood1984_10.2475_ajs.284.6.668_t1,WOOD(1984),,psat_ratio,523.15,,0.0,6.4,0.0,3.2,0.0,0.0,0.8494872728,,T,test-only,differential-pressure-converted;source-caution,table
wood1984_10.2475_ajs.284.6.668_t1,WOOD(1984),,psat_ratio,523.15,,0.0,7.2,0.0,3.6,0.0,0.0,0.8267716423,,T,test-only,differential-pressure-converted;source-caution,table
wood1984_10.2475_ajs.284.6.668_t1,WOOD(1984),,psat_ratio,523.15,,0.0,7.8,0.0,3.9,0.0,0.0,0.8040560118,,T,test-only,differential-pressure-converted;source-caution,table
wood1984_10.2475_ajs.284.6.668_t1,WOOD(1984),,psat_ratio,523.15,,0.0,8.6,0.0,4.3,0.0,0.0,0.7782191496,,T,test-only,differential-pressure-converted;source-caution,table
wood1984_10.2475_ajs.284.6.668_t1,WOOD(1984),,psat_ratio,523.15,,0.0,9.6,0.0,4.8,0.0,0.0,0.7572375367,,T,test-only,differential-pressure-converted;source-caution,table
wood1984_10.2475_ajs.284.6.668_t1,WOOD(1984),,psat_ratio,523.15,,0.0,10.2,0.0,5.1,0.0,0.0,0.7424983872,,T,test-only,differential-pressure-converted;source-caution,table
wood1984_10.2475_ajs.284.6.668_t1,WOOD(1984),,psat_ratio,523.15,,0.0,11.0,0.0,5.5,0.0,0.0,0.7203029619,,T,test-only,differential-pressure-converted;source-caution,table
wood1984_10.2475_ajs.284.6.668_t1,WOOD(1984),,psat_ratio,523.15,,0.0,11.6,0.0,5.8,0.0,0.0,0.7000149561,,T,test-only,differential-pressure-converted;source-caution,table
wood1984_10.2475_ajs.284.6.668_t1,WOOD(1984),,psat_ratio,548.15,,0.5,0.5,0.0,0.0,0.0,0.0,0.9885210926,,T,test-only,differential-pressure-converted;source-caution,table
wood1984_10.2475_ajs.284.6.668_t1,WOOD(1984),,psat_ratio,548.15,,1.0,1.0,0.0,0.0,0.0,0.0,0.9664908662,,T,test-only,differential-pressure-converted;source-caution,table
wood1984_10.2475_ajs.284.6.668_t1,WOOD(1984),,psat_ratio,548.15,,2.0,2.0,0.0,0.0,0.0,0.0,0.9353007036,,T,test-only,differential-pressure-converted;source-caution,table
wood1984_10.2475_ajs.284.6.668_t1,WOOD(1984),,psat_ratio,548.15,,3.1,3.1,0.0,0.0,0.0,0.0,0.89935665,,T,test-only,differential-pressure-converted;source-caution,table
wood1984_10.2475_ajs.284.6.668_t1,WOOD(1984),,psat_ratio,548.15,,4.1,4.1,0.0,0.0,0.0,0.0,0.8653837219,,T,test-only,differential-pressure-converted;source-caution,table
wood1984_10.2475_ajs.284.6.668_t1,WOOD(1984),,psat_ratio,548.15,,5.1,5.1,0.0,0.0,0.0,0.0,0.8392952959,,T,test-only,differential-pressure-converted;source-caution,table
wood1984_10.2475_ajs.284.6.668_t1,WOOD(1984),,psat_ratio,548.15,,0.0,0.5,0.5,0.0,0.0,0.0,0.9817960761,,T,test-only,differential-pressure-converted;source-caution,table
wood1984_10.2475_ajs.284.6.668_t1,WOOD(1984),,psat_ratio,548.15,,0.0,1.0,1.0,0.0,0.0,0.0,0.9661430205,,T,test-only,differential-pressure-converted;source-caution,table
wood1984_10.2475_ajs.284.6.668_t1,WOOD(1984),,psat_ratio,548.15,,0.0,1.5,1.5,0.0,0.0,0.0,0.9506059135,,T,test-only,differential-pressure-converted;source-caution,table
wood1984_10.2475_ajs.284.6.668_t1,WOOD(1984),,psat_ratio,548.15,,0.0,2.0,2.0,0.0,0.0,0.0,0.9353007036,,T,test-only,differential-pressure-converted;source-caution,table
wood1984_10.2475_ajs.284.6.668_t1,WOOD(1984),,psat_ratio,548.15,,0.0,2.6,2.6,0.0,0.0,0.0,0.918836008,,T,test-only,differential-pressure-converted;source-caution,table
wood1984_10.2475_ajs.284.6.668_t1,WOOD(1984),,psat_ratio,548.15,,0.0,3.1,3.1,0.0,0.0,0.0,0.9029510553,,T,test-only,differential-pressure-converted;source-caution,table
wood1984_10.2475_ajs.284.6.668_t1,WOOD(1984),,psat_ratio,548.15,,0.0,3.6,3.6,0.0,0.0,0.0,0.8883415368,,T,test-only,differential-pressure-converted;source-caution,table
wood1984_10.2475_ajs.284.6.668_t1,WOOD(1984),,psat_ratio,548.15,,0.0,4.1,4.1,0.0,0.0,0.0,0.8701376129,,T,test-only,differential-pressure-converted;source-caution,table
wood1984_10.2475_ajs.284.6.668_t1,WOOD(1984),,psat_ratio,548.15,,0.0,4.6,4.6,0.0,0.0,0.0,0.8530931746,,T,test-only,differential-pressure-converted;source-caution,table
wood1984_10.2475_ajs.284.6.668_t1,WOOD(1984),,psat_ratio,548.15,,0.0,1.0,0.0,0.5,0.0,0.0,0.9816801275,,T,test-only,differential-pressure-converted;source-caution,table
wood1984_10.2475_ajs.284.6.668_t1,WOOD(1984),,psat_ratio,548.15,,0.0,2.0,0.0,1.0,0.0,0.0,0.9599977468,,T,test-only,differential-pressure-converted;source-caution,table
wood1984_10.2475_ajs.284.6.668_t1,WOOD(1984),,psat_ratio,548.15,,0.0,3.0,0.0,1.5,0.0,0.0,0.944924434,,T,test-only,differential-pressure-converted;source-caution,table
wood1984_10.2475_ajs.284.6.668_t1,WOOD(1984),,psat_ratio,548.15,,0.0,3.8,0.0,1.9,0.0,0.0,0.9238217961,,T,test-only,differential-pressure-converted;source-caution,table
wood1984_10.2475_ajs.284.6.668_t1,WOOD(1984),,psat_ratio,548.15,,0.0,4.8,0.0,2.4,0.0,0.0,0.9064295121,,T,test-only,differential-pressure-converted;source-caution,table
wood1984_10.2475_ajs.284.6.668_t1,WOOD(1984),,psat_ratio,548.15,,0.0,5.6,0.0,2.8,0.0,0.0,0.8824281602,,T,test-only,differential-pressure-converted;source-caution,table
wood1984_10.2475_ajs.284.6.668_t1,WOOD(1984),,psat_ratio,548.15,,0.0,6.4,0.0,3.2,0.0,0.0,0.8629488022,,T,test-only,differential-pressure-converted;source-caution,table
wood1984_10.2475_ajs.284.6.668_t1,WOOD(1984),,psat_ratio,548.15,,0.0,7.2,0.0,3.6,0.0,0.0,0.842425907,,T,test-only,differential-pressure-converted;source-caution,table
wood1984_10.2475_ajs.284.6.668_t1,WOOD(1984),,psat_ratio,548.15,,0.0,8.0,0.0,4.0,0.0,0.0,0.8193521436,,T,test-only,differential-pressure-converted;source-caution,table
wood1984_10.2475_ajs.284.6.668_t1,WOOD(1984),,psat_ratio,548.15,,0.0,8.8,0.0,4.4,0.0,0.0,0.7989451971,,T,test-only,differential-pressure-converted;source-caution,table
wood1984_10.2475_ajs.284.6.668_t1,WOOD(1984),,psat_ratio,548.15,,0.0,9.6,0.0,4.8,0.0,0.0,0.7785382505,,T,test-only,differential-pressure-converted;source-caution,table
wood1984_10.2475_ajs.284.6.668_t1,WOOD(1984),,psat_ratio,548.15,,0.0,10.4,0.0,5.2,0.0,0.0,0.7567399213,,T,test-only,differential-pressure-converted;source-caution,table
wood1984_10.2475_ajs.284.6.668_t1,WOOD(1984),,psat_ratio,548.15,,0.0,11.0,0.0,5.5,0.0,0.0,0.7416666085,,T,test-only,differential-pressure-converted;source-caution,table
wood1984_10.2475_ajs.284.6.668_t1,WOOD(1984),,psat_ratio,548.15,,0.0,11.6,0.0,5.8,0.0,0.0,0.7235786331,,T,test-only,differential-pressure-converted;source-caution,table
wood1984_10.2475_ajs.284.6.668_t1,WOOD(1984),,psat_ratio,573.15,,0.5,0.5,0.0,0.0,0.0,0.0,0.985789642,,T,test-only,differential-pressure-converted;source-caution,table
wood1984_10.2475_ajs.284.6.668_t1,WOOD(1984),,psat_ratio,573.15,,1.0,1.0,0.0,0.0,0.0,0.0,0.9685284726,,T,test-only,differential-pressure-converted;source-caution,table
wood1984_10.2475_ajs.284.6.668_t1,WOOD(1984),,psat_ratio,573.15,,2.1,2.1,0.0,0.0,0.0,0.0,0.9335244268,,T,test-only,differential-pressure-converted;source-caution,table
wood1984_10.2475_ajs.284.6.668_t1,WOOD(1984),,psat_ratio,573.15,,3.1,3.1,0.0,0.0,0.0,0.0,0.8987612345,,T,test-only,differential-pressure-converted;source-caution,table
wood1984_10.2475_ajs.284.6.668_t1,WOOD(1984),,psat_ratio,573.15,,5.1,5.1,0.0,0.0,0.0,0.0,0.8320448078,,T,test-only,differential-pressure-converted;source-caution,table
wood1984_10.2475_ajs.284.6.668_t1,WOOD(1984),,psat_ratio,573.15,,0.0,0.5,0.5,0.0,0.0,0.0,0.9817754165,,T,test-only,differential-pressure-converted;source-caution,table
wood1984_10.2475_ajs.284.6.668_t1,WOOD(1984),,psat_ratio,573.15,,0.0,1.0,1.0,0.0,0.0,0.0,0.9661199373,,T,test-only,differential-pressure-converted;source-caution,table
wood1984_10.2475_ajs.284.6.668_t1,WOOD(1984),,psat_ratio,573.15,,0.0,1.6,1.6,0.0,0.0,0.0,0.9511067342,,T,test-only,differential-pressure-converted;source-caution,table
wood1984_10.2475_ajs.284.6.668_t1,WOOD(1984),,psat_ratio,573.15,,0.0,2.1,2.1,0.0,0.0,0.0,0.9337652803,,T,test-only,differential-pressure-converted;source-caution,table
wood1984_10.2475_ajs.284.6.668_t1,WOOD(1984),,psat_ratio,573.15,,0.0,2.6,2.6,0.0,0.0,0.0,0.9138547222,,T,test-only,differential-pressure-converted;source-caution,table
wood1984_10.2475_ajs.284.6.668_t1,WOOD(1984),,psat_ratio,573.15,,0.0,3.1,3.1,0.0,0.0,0.0,0.8973963979,,T,test-only,differential-pressure-converted;source-caution,table
wood1984_10.2475_ajs.284.6.668_t1,WOOD(1984),,psat_ratio,573.15,,0.0,3.6,3.6,0.0,0.0,0.0,0.8857551441,,T,test-only,differential-pressure-converted;source-caution,table
wood1984_10.2475_ajs.284.6.668_t1,WOOD(1984),,psat_ratio,573.15,,0.0,4.2,4.2,0.0,0.0,0.0,0.8702602339,,T,test-only,differential-pressure-converted;source-caution,table
wood1984_10.2475_ajs.284.6.668_t1,WOOD(1984),,psat_ratio,573.15,,0.0,4.7,4.7,0.0,0.0,0.0,0.85291878,,T,test-only,differential-pressure-converted;source-caution,table
wood1984_10.2475_ajs.284.6.668_t1,WOOD(1984),,psat_ratio,573.15,,0.0,1.0,0.0,0.5,0.0,0.0,0.9907672815,,T,test-only,differential-pressure-converted;source-caution,table
wood1984_10.2475_ajs.284.6.668_t1,WOOD(1984),,psat_ratio,573.15,,0.0,2.0,0.0,1.0,0.0,0.0,0.9661199373,,T,test-only,differential-pressure-converted;source-caution,table
wood1984_10.2475_ajs.284.6.668_t1,WOOD(1984),,psat_ratio,573.15,,0.0,3.0,0.0,1.5,0.0,0.0,0.9466910862,,T,test-only,differential-pressure-converted;source-caution,table
wood1984_10.2475_ajs.284.6.668_t1,WOOD(1984),,psat_ratio,573.15,,0.0,4.0,0.0,2.0,0.0,0.0,0.9320793056,,T,test-only,differential-pressure-converted;source-caution,table
wood1984_10.2475_ajs.284.6.668_t1,WOOD(1984),,psat_ratio,573.15,,0.0,4.8,0.0,2.4,0.0,0.0,0.9107236263,,T,test-only,differential-pressure-converted;source-caution,table
wood1984_10.2475_ajs.284.6.668_t1,WOOD(1984),,psat_ratio,573.15,,0.0,5.8,0.0,2.9,0.0,0.0,0.8908933527,,T,test-only,differential-pressure-converted;source-caution,table
wood1984_10.2475_ajs.284.6.668_t1,WOOD(1984),,psat_ratio,573.15,,0.0,6.6,0.0,3.3,0.0,0.0,0.8711433635,,T,test-only,differential-pressure-converted;source-caution,table
wood1984_10.2475_ajs.284.6.668_t1,WOOD(1984),,psat_ratio,573.15,,0.0,7.4,0.0,3.7,0.0,0.0,0.8513933744,,T,test-only,differential-pressure-converted;source-caution,table
wood1984_10.2475_ajs.284.6.668_t1,WOOD(1984),,psat_ratio,573.15,,0.0,8.2,0.0,4.1,0.0,0.0,0.8314025317,,T,test-only,differential-pressure-converted;source-caution,table
wood1984_10.2475_ajs.284.6.668_t1,WOOD(1984),,psat_ratio,573.15,,0.0,9.0,0.0,4.5,0.0,0.0,0.8157470525,,T,test-only,differential-pressure-converted;source-caution,table
wood1984_10.2475_ajs.284.6.668_t1,WOOD(1984),,psat_ratio,573.15,,0.0,9.8,0.0,4.9,0.0,0.0,0.7872460519,,T,test-only,differential-pressure-converted;source-caution,table
wood1984_10.2475_ajs.284.6.668_t1,WOOD(1984),,psat_ratio,573.15,,0.0,10.6,0.0,5.3,0.0,0.0,0.7768090658,,T,test-only,differential-pressure-converted;source-caution,table
wood1984_10.2475_ajs.284.6.668_t1,WOOD(1984),,psat_ratio,573.15,,0.0,11.2,0.0,5.6,0.0,0.0,0.7519208681,,T,test-only,differential-pressure-converted;source-caution,table
wood1984_10.2475_ajs.284.6.668_t1,WOOD(1984),,psat_ratio,573.15,,0.0,12.0,0.0,6.0,0.0,0.0,0.7350611213,,T,test-only,differential-pressure-converted;source-caution,table
wood1984_10.2475_ajs.284.6.668_t1,WOOD(1984),,psat_ratio,598.15,,0.5,0.5,0.0,0.0,0.0,0.0,0.978201815,,T,test-only,differential-pressure-converted;source-caution,table
wood1984_10.2475_ajs.284.6.668_t1,WOOD(1984),,psat_ratio,598.15,,1.0,1.0,0.0,0.0,0.0,0.0,0.9608090375,,T,test-only,differential-pressure-converted;source-caution,table
wood1984_10.2475_ajs.284.6.668_t1,WOOD(1984),,psat_ratio,598.15,,1.6,1.6,0.0,0.0,0.0,0.0,0.9410705236,,T,test-only,differential-pressure-converted;source-caution,table
wood1984_10.2475_ajs.284.6.668_t1,WOOD(1984),,psat_ratio,598.15,,2.1,2.1,0.0,0.0,0.0,0.0,0.9239065985,,T,test-only,differential-pressure-converted;source-caution,table
wood1984_10.2475_ajs.284.6.668_t1,WOOD(1984),,psat_ratio,598.15,,2.6,2.6,0.0,0.0,0.0,0.0,0.9055984116,,T,test-only,differential-pressure-converted;source-caution,table
wood1984_10.2475_ajs.284.6.668_t1,WOOD(1984),,psat_ratio,598.15,,3.1,3.1,0.0,0.0,0.0,0.0,0.890150879,,T,test-only,differential-pressure-converted;source-caution,table
wood1984_10.2475_ajs.284.6.668_t1,WOOD(1984),,psat_ratio,598.15,,3.6,3.6,0.0,0.0,0.0,0.0,0.8731585931,,T,test-only,differential-pressure-converted;source-caution,table
wood1984_10.2475_ajs.284.6.668_t1,WOOD(1984),,psat_ratio,598.15,,4.1,4.1,0.0,0.0,0.0,0.0,0.8579971258,,T,test-only,differential-pressure-converted;source-caution,table
wood1984_10.2475_ajs.284.6.668_t1,WOOD(1984),,psat_ratio,598.15,,4.6,4.6,0.0,0.0,0.0,0.0,0.8440943464,,T,test-only,differential-pressure-converted;source-caution,table
wood1984_10.2475_ajs.284.6.668_t1,WOOD(1984),,psat_ratio,598.15,,5.1,5.1,0.0,0.0,0.0,0.0,0.8249279634,,T,test-only,differential-pressure-converted;source-caution,table
wood1984_10.2475_ajs.284.6.668_t1,WOOD(1984),,psat_ratio,598.15,,5.7,5.7,0.0,0.0,0.0,0.0,0.8102242008,,T,test-only,differential-pressure-converted;source-caution,table
wood1984_10.2475_ajs.284.6.668_t1,WOOD(1984),,psat_ratio,598.15,,6.2,6.2,0.0,0.0,0.0,0.0,0.7936324065,,T,test-only,differential-pressure-converted;source-caution,table
wood1984_10.2475_ajs.284.6.668_t1,WOOD(1984),,psat_ratio,598.15,,0.0,0.5,0.5,0.0,0.0,0.0,0.9786023066,,T,test-only,differential-pressure-converted;source-caution,table
wood1984_10.2475_ajs.284.6.668_t1,WOOD(1984),,psat_ratio,598.15,,0.0,1.0,1.0,0.0,0.0,0.0,0.9616672338,,T,test-only,differential-pressure-converted;source-caution,table
wood1984_10.2475_ajs.284.6.668_t1,WOOD(1984),,psat_ratio,598.15,,0.0,1.6,1.6,0.0,0.0,0.0,0.9443316694,,T,test-only,differential-pressure-converted;source-caution,table
wood1984_10.2475_ajs.284.6.668_t1,WOOD(1984),,psat_ratio,598.15,,0.0,2.1,2.1,0.0,0.0,0.0,0.9253369255,,T,test-only,differential-pressure-converted;source-caution,table
wood1984_10.2475_ajs.284.6.668_t1,WOOD(1984),,psat_ratio,598.15,,0.0,2.6,2.6,0.0,0.0,0.0,0.91131972,,T,test-only,differential-pressure-converted;source-caution,table
wood1984_10.2475_ajs.284.6.668_t1,WOOD(1984),,psat_ratio,598.15,,0.0,3.2,3.2,0.0,0.0,0.0,0.8902080921,,T,test-only,differential-pressure-converted;source-caution,table
wood1984_10.2475_ajs.284.6.668_t1,WOOD(1984),,psat_ratio,598.15,,0.0,3.7,3.7,0.0,0.0,0.0,0.8833997351,,T,test-only,differential-pressure-converted;source-caution,table
wood1984_10.2475_ajs.284.6.668_t1,WOOD(1984),,psat_ratio,598.15,,0.0,4.3,4.3,0.0,0.0,0.0,0.8601140099,,T,test-only,differential-pressure-converted;source-caution,table
wood1984_10.2475_ajs.284.6.668_t1,WOOD(1984),,psat_ratio,598.15,,0.0,4.8,4.8,0.0,0.0,0.0,0.8470694268,,T,test-only,differential-pressure-converted;source-caution,table
wood1984_10.2475_ajs.284.6.668_t1,WOOD(1984),,psat_ratio,598.15,,0.0,1.0,0.0,0.5,0.0,0.0,0.9834654188,,T,test-only,differential-pressure-converted;source-caution,table
wood1984_10.2475_ajs.284.6.668_t1,WOOD(1984),,psat_ratio,598.15,,0.0,2.0,0.0,1.0,0.0,0.0,0.9633836263,,T,test-only,differential-pressure-converted;source-caution,table
wood1984_10.2475_ajs.284.6.668_t1,WOOD(1984),,psat_ratio,598.15,,0.0,3.0,0.0,1.5,0.0,0.0,0.9521698619,,T,test-only,differential-pressure-converted;source-caution,table
wood1984_10.2475_ajs.284.6.668_t1,WOOD(1984),,psat_ratio,598.15,,0.0,4.0,0.0,2.0,0.0,0.0,0.9278543012,,T,test-only,differential-pressure-converted;source-caution,table
wood1984_10.2475_ajs.284.6.668_t1,WOOD(1984),,psat_ratio,598.15,,0.0,5.0,0.0,2.5,0.0,0.0,0.9157251275,,T,test-only,differential-pressure-converted;source-caution,table
wood1984_10.2475_ajs.284.6.668_t1,WOOD(1984),,psat_ratio,598.15,,0.0,5.8,0.0,2.9,0.0,0.0,0.8991333331,,T,test-only,differential-pressure-converted;source-caution,table
wood1984_10.2475_ajs.284.6.668_t1,WOOD(1984),,psat_ratio,598.15,,0.0,6.8,0.0,3.4,0.0,0.0,0.8796236715,,T,test-only,differential-pressure-converted;source-caution,table
wood1984_10.2475_ajs.284.6.668_t1,WOOD(1984),,psat_ratio,598.15,,0.0,7.6,0.0,3.8,0.0,0.0,0.8618304025,,T,test-only,differential-pressure-converted;source-caution,table
wood1984_10.2475_ajs.284.6.668_t1,WOOD(1984),,psat_ratio,598.15,,0.0,8.6,0.0,4.3,0.0,0.0,0.8445520511,,T,test-only,differential-pressure-converted;source-caution,table
wood1984_10.2475_ajs.284.6.668_t1,WOOD(1984),,psat_ratio,598.15,,0.0,9.4,0.0,4.7,0.0,0.0,0.8281891091,,T,test-only,differential-pressure-converted;source-caution,table
wood1984_10.2475_ajs.284.6.668_t1,WOOD(1984),,psat_ratio,598.15,,0.0,10.2,0.0,5.1,0.0,0.0,0.807649612,,T,test-only,differential-pressure-converted;source-caution,table
wood1984_10.2475_ajs.284.6.668_t1,WOOD(1984),,psat_ratio,598.15,,0.0,10.6,0.0,5.3,0.0,0.0,0.8019283036,,T,test-only,differential-pressure-converted;source-caution,table
wood1984_10.2475_ajs.284.6.668_t1,WOOD(1984),,psat_ratio,598.15,,0.0,10.6,0.0,5.3,0.0,0.0,0.7952915859,,T,test-only,differential-pressure-converted;source-caution,table
wood1984_10.2475_ajs.284.6.668_t1,WOOD(1984),,psat_ratio,598.15,,0.0,11.0,0.0,5.5,0.0,0.0,0.7937468326,,T,test-only,differential-pressure-converted;source-caution,table
wood1984_10.2475_ajs.284.6.668_t1,WOOD(1984),,psat_ratio,598.15,,0.0,11.8,0.0,5.9,0.0,0.0,0.7826474944,,T,test-only,differential-pressure-converted;source-caution,table
wood1984_10.2475_ajs.284.6.668_t1,WOOD(1984),,psat_ratio,598.15,,0.0,12.2,0.0,6.1,0.0,0.0,0.7781848738,,T,test-only,differential-pressure-converted;source-caution,table
wood1984_10.2475_ajs.284.6.668_t1,WOOD(1984),,psat_ratio,598.15,,0.0,12.2,0.0,6.1,0.0,0.0,0.7773266776,,T,test-only,differential-pressure-converted;source-caution,table
wood1984_10.2475_ajs.284.6.668_t1,WOOD(1984),,psat_ratio,598.15,,0.0,12.6,0.0,6.3,0.0,0.0,0.768058158,,T,test-only,differential-pressure-converted;source-caution,table
wood1984_10.2475_ajs.284.6.668_t1,WOOD(1984),,psat_ratio,623.15,,0.5,0.5,0.0,0.0,0.0,0.0,0.9745139397,,T,test-only,differential-pressure-converted;source-caution,table
wood1984_10.2475_ajs.284.6.668_t1,WOOD(1984),,psat_ratio,623.15,,1.0,1.0,0.0,0.0,0.0,0.0,0.9542835973,,T,test-only,differential-pressure-converted;source-caution,table
wood1984_10.2475_ajs.284.6.668_t1,WOOD(1984),,psat_ratio,623.15,,1.6,1.6,0.0,0.0,0.0,0.0,0.9361805692,,T,test-only,differential-pressure-converted;source-caution,table
wood1984_10.2475_ajs.284.6.668_t1,WOOD(1984),,psat_ratio,623.15,,2.1,2.1,0.0,0.0,0.0,0.0,0.9187866459,,T,test-only,differential-pressure-converted;source-caution,table
wood1984_10.2475_ajs.284.6.668_t1,WOOD(1984),,psat_ratio,623.15,,2.6,2.6,0.0,0.0,0.0,0.0,0.9005167697,,T,test-only,differential-pressure-converted;source-caution,table
wood1984_10.2475_ajs.284.6.668_t1,WOOD(1984),,psat_ratio,623.15,,3.2,3.2,0.0,0.0,0.0,0.0,0.8837485271,,T,test-only,differential-pressure-converted;source-caution,table
wood1984_10.2475_ajs.284.6.668_t1,WOOD(1984),,psat_ratio,623.15,,3.7,3.7,0.0,0.0,0.0,0.0,0.867480829,,T,test-only,differential-pressure-converted;source-caution,table
wood1984_10.2475_ajs.284.6.668_t1,WOOD(1984),,psat_ratio,623.15,,4.2,4.2,0.0,0.0,0.0,0.0,0.8504623141,,T,test-only,differential-pressure-converted;source-caution,table
wood1984_10.2475_ajs.284.6.668_t1,WOOD(1984),,psat_ratio,623.15,,4.8,4.8,0.0,0.0,0.0,0.0,0.8372395955,,T,test-only,differential-pressure-converted;source-caution,table
wood1984_10.2475_ajs.284.6.668_t1,WOOD(1984),,psat_ratio,623.15,,5.2,5.2,0.0,0.0,0.0,0.0,0.8176349337,,T,test-only,differential-pressure-converted;source-caution,table
wood1984_10.2475_ajs.284.6.668_t1,WOOD(1984),,psat_ratio,623.15,,5.8,5.8,0.0,0.0,0.0,0.0,0.8029105814,,T,test-only,differential-pressure-converted;source-caution,table
wood1984_10.2475_ajs.284.6.668_t1,WOOD(1984),,psat_ratio,623.15,,6.3,6.3,0.0,0.0,0.0,0.0,0.7867680195,,T,test-only,differential-pressure-converted;source-caution,table
wood1984_10.2475_ajs.284.6.668_t1,WOOD(1984),,psat_ratio,623.15,,0.0,0.5,0.5,0.0,0.0,0.0,0.9760572854,,T,test-only,differential-pressure-converted;source-caution,table
wood1984_10.2475_ajs.284.6.668_t1,WOOD(1984),,psat_ratio,623.15,,0.0,1.1,1.1,0.0,0.0,0.0,0.958538226,,T,test-only,differential-pressure-converted;source-caution,table
wood1984_10.2475_ajs.284.6.668_t1,WOOD(1984),,psat_ratio,623.15,,0.0,1.6,1.6,0.0,0.0,0.0,0.9379324752,,T,test-only,differential-pressure-converted;source-caution,table
wood1984_10.2475_ajs.284.6.668_t1,WOOD(1984),,psat_ratio,623.15,,0.0,2.2,2.2,0.0,0.0,0.0,0.9212476567,,T,test-only,differential-pressure-converted;source-caution,table
wood1984_10.2475_ajs.284.6.668_t1,WOOD(1984),,psat_ratio,623.15,,0.0,2.7,2.7,0.0,0.0,0.0,0.9057724875,,T,test-only,differential-pressure-converted;source-caution,table
wood1984_10.2475_ajs.284.6.668_t1,WOOD(1984),,psat_ratio,623.15,,0.0,3.3,3.3,0.0,0.0,0.0,0.8855838571,,T,test-only,differential-pressure-converted;source-caution,table
wood1984_10.2475_ajs.284.6.668_t1,WOOD(1984),,psat_ratio,623.15,,0.0,3.8,3.8,0.0,0.0,0.0,0.8688156145,,T,test-only,differential-pressure-converted;source-caution,table
wood1984_10.2475_ajs.284.6.668_t1,WOOD(1984),,psat_ratio,623.15,,0.0,4.4,4.4,0.0,0.0,0.0,0.8517136755,,T,test-only,differential-pressure-converted;source-caution,table
wood1984_10.2475_ajs.284.6.668_t1,WOOD(1984),,psat_ratio,623.15,,0.0,5.0,5.0,0.0,0.0,0.0,0.8369058991,,T,test-only,differential-pressure-converted;source-caution,table
wood1984_10.2475_ajs.284.6.668_t1,WOOD(1984),,psat_ratio,623.15,,0.0,1.0,0.0,0.5,0.0,0.0,0.9823140924,,T,test-only,differential-pressure-converted;source-caution,table
wood1984_10.2475_ajs.284.6.668_t1,WOOD(1984),,psat_ratio,623.15,,0.0,2.2,0.0,1.1,0.0,0.0,0.9668389232,,T,test-only,differential-pressure-converted;source-caution,table
wood1984_10.2475_ajs.284.6.668_t1,WOOD(1984),,psat_ratio,623.15,,0.0,3.2,0.0,1.6,0.0,0.0,0.9514054661,,T,test-only,differential-pressure-converted;source-caution,table
wood1984_10.2475_ajs.284.6.668_t1,WOOD(1984),,psat_ratio,623.15,,0.0,4.2,0.0,2.1,0.0,0.0,0.937765627,,T,test-only,differential-pressure-converted;source-caution,table
wood1984_10.2475_ajs.284.6.668_t1,WOOD(1984),,psat_ratio,623.15,,0.0,5.2,0.0,2.6,0.0,0.0,0.9199128712,,T,test-only,differential-pressure-converted;source-caution,table
wood1984_10.2475_ajs.284.6.668_t1,WOOD(1984),,psat_ratio,623.15,,0.0,6.2,0.0,3.1,0.0,0.0,0.9053970791,,T,test-only,differential-pressure-converted;source-caution,table
wood1984_10.2475_ajs.284.6.668_t1,WOOD(1984),,psat_ratio,623.15,,0.0,7.2,0.0,3.6,0.0,0.0,0.8819549091,,T,test-only,differential-pressure-converted;source-caution,table
wood1984_10.2475_ajs.284.6.668_t1,WOOD(1984),,psat_ratio,623.15,,0.0,8.2,0.0,4.1,0.0,0.0,0.8560934404,,T,test-only,differential-pressure-converted;source-caution,table
wood1984_10.2475_ajs.284.6.668_t1,WOOD(1984),,psat_ratio,623.15,,0.0,9.2,0.0,4.6,0.0,0.0,0.8533821574,,T,test-only,differential-pressure-converted;source-caution,table
wood1984_10.2475_ajs.284.6.668_t1,WOOD(1984),,psat_ratio,623.15,,0.0,10.0,0.0,5.0,0.0,0.0,0.8283549296,,T,test-only,differential-pressure-converted;source-caution,table
wood1984_10.2475_ajs.284.6.668_t1,WOOD(1984),,psat_ratio,623.15,,0.0,10.8,0.0,5.4,0.0,0.0,0.8115032629,,T,test-only,differential-pressure-converted;source-caution,table
wood1984_10.2475_ajs.284.6.668_t1,WOOD(1984),,psat_ratio,623.15,,0.0,11.0,0.0,5.5,0.0,0.0,0.809793069,,T,test-only,differential-pressure-converted;source-caution,table
wood1984_10.2475_ajs.284.6.668_t1,WOOD(1984),,psat_ratio,623.15,,0.0,11.0,0.0,5.5,0.0,0.0,0.8060389849,,T,test-only,differential-pressure-converted;source-caution,table
wood1984_10.2475_ajs.284.6.668_t1,WOOD(1984),,psat_ratio,623.15,,0.0,11.8,0.0,5.9,0.0,0.0,0.8031191416,,T,test-only,differential-pressure-converted;source-caution,table
wood1984_10.2475_ajs.284.6.668_t1,WOOD(1984),,psat_ratio,623.15,,0.0,12.0,0.0,6.0,0.0,0.0,0.7786341705,,T,test-only,differential-pressure-converted;source-caution,table
wood1984_10.2475_ajs.284.6.668_t1,WOOD(1984),,psat_ratio,623.15,,0.0,12.4,0.0,6.2,0.0,0.0,0.7770491127,,T,test-only,differential-pressure-converted;source-caution,table
wood1984_10.2475_ajs.284.6.668_t1,WOOD(1984),,psat_ratio,623.15,,0.0,12.8,0.0,6.4,0.0,0.0,0.7760063116,,T,test-only,differential-pressure-converted;source-caution,table
wood1984_10.2475_ajs.284.6.668_t1,WOOD(1984),,psat_ratio,623.15,,0.0,13.0,0.0,6.5,0.0,0.0,0.7797186837,,T,test-only,differential-pressure-converted;source-caution,table
wood1984_10.2475_ajs.284.6.668_t1,WOOD(1984),,psat_ratio,623.15,,0.0,13.6,0.0,6.8,0.0,0.0,0.7577364353,,T,test-only,differential-pressure-converted;source-caution,table
