dataset_id,source,gas,property,T_K,P_bar,m_Na,m_Cl,m_K,m_Ca,m_Mg,m_SO4,value,uncertainty,quality,tag,flags,data_origin
rho_alghafri,ALGHAFRI(2012) / EXP_NaCl_T298K.txt,,rho,298.12,9,1.06,1.06,0,0,0,0,1038.78,0.26,T,fit-eligible,,table
rho_alghafri,ALGHAFRI(2012) / EXP_NaCl_T298K.txt,,rho,298.12,99,1.06,1.06,0,0,0,0,1042.49,0.26,T,fit-eligible,,table
rho_alghafri,ALGHAFRI(2012) / EXP_NaCl_T298K.txt,,rho,298.12,199,1.06,1.06,0,0,0,0,1046.61,0.26,T,fit-eligible,,table
rho_alghafri,ALGHAFRI(2012) / EXP_NaCl_T298K.txt,,rho,298.12,299,1.06,1.06,0,0,0,0,1050.58,0.26,T,fit-eligible,,table
rho_alghafri,ALGHAFRI(2012) / EXP_NaCl_T298K.txt,,rho,298.12,399,1.06,1.06,0,0,0,0,1054.45,0.26,T,fit-eligible,,table
rho_alghafri,ALGHAFRI(2012) / EXP_NaCl_T298K.txt,,rho,298.12,499,1.06,1.06,0,0,0,0,1058.27,0.26,T,fit-eligible,,table
rho_alghafri,ALGHAFRI(2012) / EXP_NaCl_T298K.txt,,rho,298.12,599,1.06,1.06,0,0,0,0,1061.93,0.26,T,fit-eligible,,table
rho_alghafri,ALGHAFRI(2012) / EXP_NaCl_T298K.txt,,rho,298.12,684,1.06,1.06,0,0,0,0,1065.11,0.26,T,fit-eligible,,table
rho_alghafri,ALGHAFRI(2012) / EXP_NaCl_T298K.txt,,rho,298.12,9,3.16,3.16,0,0,0,0,1111.08,0.33,T,fit-eligible,,table
rho_alghafri,ALGHAFRI(2012) / EXP_NaCl_T298K.txt,,rho,298.12,99,3.16,3.16,0,0,0,0,1114.33,0.33,T,fit-eligible,,table
rho_alghafri,ALGHAFRI(2012) / EXP_NaCl_T298K.txt,,rho,298.12,199,3.16,3.16,0,0,0,0,1117.89,0.33,T,fit-eligible,,table
rho_alghafri,ALGHAFRI(2012) / EXP_NaCl_T298K.txt,,rho,298.12,299,3.16,3.16,0,0,0,0,1121.4,0.33,T,fit-eligible,,table
rho_alghafri,ALGHAFRI(2012) / EXP_NaCl_T298K.txt,,rho,298.12,399,3.16,3.16,0,0,0,0,1124.91,0.33,T,fit-eligible,,table
rho_alghafri,ALGHAFRI(2012) / EXP_NaCl_T298K.txt,,rho,298.12,499,3.16,3.16,0,0,0,0,1128.21,0.33,T,fit-eligible,,table
rho_alghafri,ALGHAFRI(2012) / EXP_NaCl_T298K.txt,,rho,298.12,599,3.16,3.16,0,0,0,0,1131.46,0.33,T,fit-eligible,,table
rho_alghafri,ALGHAFRI(2012) / EXP_NaCl_T298K.txt,,rho,298.12,684,3.16,3.16,0,0,0,0,1134.29,0.33,T,fit-eligible,,table
rho_alghafri,ALGHAFRI(2012) / EXP_NaCl_T298K.txt,,rho,298.12,9,6,6,0,0,0,0,1194.53,0.41,T,fit-eligible,,table
rho_alghafri,ALGHAFRI(2012) / EXP_NaCl_T298K.txt,,rho,298.12,99,6,6,0,0,0,0,1197.36,0.41,T,fit-eligible,,table
rho_alghafri,ALGHAFRI(2012) / EXP_NaCl_T298K.txt,,rho,298.12,199,6,6,0,0,0,0,1200.44,0.41,T,fit-eligible,,table
rho_alghafri,ALGHAFRI(2012) / EXP_NaCl_T298K.txt,,rho,298.12,299,6,6,0,0,0,0,1203.47,0.41,T,fit-eligible,,table
rho_alghafri,ALGHAFRI(2012) / EXP_NaCl_T298K.txt,,rho,298.12,399,6,6,0,0,0,0,1206.51,0.41,T,fit-eligible,,table
rho_alghafri,ALGHAFRI(2012) / EXP_NaCl_T298K.txt,,rho,298.12,499,6,6,0,0,0,0,1209.49,0.41,T,fit-eligible,,table
rho_alghafri,ALGHAFRI(2012) / EXP_NaCl_T298K.txt,,rho,298.12,599,6,6,0,0,0,0,1212.31,0.41,T,fit-eligible,,table
rho_alghafri,ALGHAFRI(2012) / EXP_NaCl_T298K.txt,,rho,298.12,684,6,6,0,0,0,0,1214.78,0.41,T,fit-eligible,,table
rho_alghafri,ALGHAFRI(2012) / EXP_NaCl_T323K.txt,,rho,323.07,9,1.06,1.06,0,0,0,0,1028.45,0.26,T,fit-eligible,,table
rho_alghafri,ALGHAFRI(2012) / EXP_NaCl_T323K.txt,,rho,323.07,99,1.06,1.06,0,0,0,0,1032.1,0.26,T,fit-eligible,,table
rho_alghafri,ALGHAFRI(2012) / EXP_NaCl_T323K.txt,,rho,323.07,199,1.06,1.06,0,0,0,0,1036.09,0.26,T,fit-eligible,,table
rho_alghafri,ALGHAFRI(2012) / EXP_NaCl_T323K.txt,,rho,323.07,299,1.06,1.06,0,0,0,0,1039.95,0.26,T,fit-eligible,,table
rho_alghafri,ALGHAFRI(2012) / EXP_NaCl_T323K.txt,,rho,323.07,399,1.06,1.06,0,0,0,0,1043.77,0.26,T,fit-eligible,,table
rho_alghafri,ALGHAFRI(2012) / EXP_NaCl_T323K.txt,,rho,323.07,499,1.06,1.06,0,0,0,0,1047.49,0.26,T,fit-eligible,,table
rho_alghafri,ALGHAFRI(2012) / EXP_NaCl_T323K.txt,,rho,323.07,599,1.06,1.06,0,0,0,0,1051.1,0.26,T,fit-eligible,,table
rho_alghafri,ALGHAFRI(2012) / EXP_NaCl_T323K.txt,,rho,323.07,684,1.06,1.06,0,0,0,0,1054.12,0.26,T,fit-eligible,,table
rho_alghafri,ALGHAFRI(2012) / EXP_NaCl_T323K.txt,,rho,323.07,9,3.16,3.16,0,0,0,0,1098.8,0.33,T,fit-eligible,,table
rho_alghafri,ALGHAFRI(2012) / EXP_NaCl_T323K.txt,,rho,323.07,99,3.16,3.16,0,0,0,0,1102.1,0.33,T,fit-eligible,,table
rho_alghafri,ALGHAFRI(2012) / EXP_NaCl_T323K.txt,,rho,323.07,199,3.16,3.16,0,0,0,0,1105.63,0.33,T,fit-eligible,,table
rho_alghafri,ALGHAFRI(2012) / EXP_NaCl_T323K.txt,,rho,323.07,299,3.16,3.16,0,0,0,0,1109.07,0.33,T,fit-eligible,,table
rho_alghafri,ALGHAFRI(2012) / EXP_NaCl_T323K.txt,,rho,323.07,399,3.16,3.16,0,0,0,0,1112.54,0.33,T,fit-eligible,,table
rho_alghafri,ALGHAFRI(2012) / EXP_NaCl_T323K.txt,,rho,323.07,499,3.16,3.16,0,0,0,0,1115.9,0.33,T,fit-eligible,,table
rho_alghafri,ALGHAFRI(2012) / EXP_NaCl_T323K.txt,,rho,323.07,599,3.16,3.16,0,0,0,0,1119.2,0.33,T,fit-eligible,,table
rho_alghafri,ALGHAFRI(2012) / EXP_NaCl_T323K.txt,,rho,323.07,684,3.16,3.16,0,0,0,0,1121.87,0.33,T,fit-eligible,,table
rho_alghafri,ALGHAFRI(2012) / EXP_NaCl_T323K.txt,,rho,323.07,9,6,6,0,0,0,0,1180.58,0.41,T,fit-eligible,,table
rho_alghafri,ALGHAFRI(2012) / EXP_NaCl_T323K.txt,,rho,323.07,99,6,6,0,0,0,0,1183.46,0.41,T,fit-eligible,,table
rho_alghafri,ALGHAFRI(2012) / EXP_NaCl_T323K.txt,,rho,323.07,199,6,6,0,0,0,0,1186.57,0.41,T,fit-eligible,,table
rho_alghafri,ALGHAFRI(2012) / EXP_NaCl_T323K.txt,,rho,323.07,299,6,6,0,0,0,0,1189.69,0.41,T,fit-eligible,,table
rho_alghafri,ALGHAFRI(2012) / EXP_NaCl_T323K.txt,,rho,323.07,399,6,6,0,0,0,0,1192.73,0.41,T,fit-eligible,,table
rho_alghafri,ALGHAFRI(2012) / EXP_NaCl_T323K.txt,,rho,323.07,499,6,6,0,0,0,0,1195.77,0.41,T,fit-eligible,,table
rho_alghafri,ALGHAFRI(2012) / EXP_NaCl_T323K.txt,,rho,323.07,599,6,6,0,0,0,0,1198.7,0.41,T,fit-eligible,,table
rho_alghafri,ALGHAFRI(2012) / EXP_NaCl_T323K.txt,,rho,323.07,684,6,6,0,0,0,0,1201.09,0.41,T,fit-eligible,,table
rho_alghafri,ALGHAFRI(2012) / EXP_NaCl_T348K.txt,,rho,348.04,9,1.06,1.06,0,0,0,0,1014.93,0.26,T,fit-eligible,,table
rho_alghafri,ALGHAFRI(2012) / EXP_NaCl_T348K.txt,,rho,348.04,99,1.06,1.06,0,0,0,0,1018.61,0.26,T,fit-eligible,,table
rho_alghafri,ALGHAFRI(2012) / EXP_NaCl_T348K.txt,,rho,348.04,199,1.06,1.06,0,0,0,0,1022.67,0.26,T,fit-eligible,,table
rho_alghafri,ALGHAFRI(2012) / EXP_NaCl_T348K.txt,,rho,348.04,299,1.06,1.06,0,0,0,0,1026.61,0.26,T,fit-eligible,,table
rho_alghafri,ALGHAFRI(2012) / EXP_NaCl_T348K.txt,,rho,348.04,399,1.06,1.06,0,0,0,0,1030.49,0.26,T,fit-eligible,,table
rho_alghafri,ALGHAFRI(2012) / EXP_NaCl_T348K.txt,,rho,348.04,499,1.06,1.06,0,0,0,0,1034.25,0.26,T,fit-eligible,,table
rho_alghafri,ALGHAFRI(2012) / EXP_NaCl_T348K.txt,,rho,348.04,599,1.06,1.06,0,0,0,0,1037.94,0.26,T,fit-eligible,,table
rho_alghafri,ALGHAFRI(2012) / EXP_NaCl_T348K.txt,,rho,348.04,684,1.06,1.06,0,0,0,0,1041.08,0.26,T,fit-eligible,,table
rho_alghafri,ALGHAFRI(2012) / EXP_NaCl_T348K.txt,,rho,348.04,9,3.16,3.16,0,0,0,0,1084.57,0.33,T,fit-eligible,,table
rho_alghafri,ALGHAFRI(2012) / EXP_NaCl_T348K.txt,,rho,348.04,99,3.16,3.16,0,0,0,0,1087.94,0.33,T,fit-eligible,,table
rho_alghafri,ALGHAFRI(2012) / EXP_NaCl_T348K.txt,,rho,348.04,199,3.16,3.16,0,0,0,0,1091.54,0.33,T,fit-eligible,,table
rho_alghafri,ALGHAFRI(2012) / EXP_NaCl_T348K.txt,,rho,348.04,299,3.16,3.16,0,0,0,0,1095.09,0.33,T,fit-eligible,,table
rho_alghafri,ALGHAFRI(2012) / EXP_NaCl_T348K.txt,,rho,348.04,399,3.16,3.16,0,0,0,0,1098.65,0.33,T,fit-eligible,,table
rho_alghafri,ALGHAFRI(2012) / EXP_NaCl_T348K.txt,,rho,348.04,499,3.16,3.16,0,0,0,0,1101.95,0.33,T,fit-eligible,,table
rho_alghafri,ALGHAFRI(2012) / EXP_NaCl_T348K.txt,,rho,348.04,599,3.16,3.16,0,0,0,0,1105.34,0.33,T,fit-eligible,,table
rho_alghafri,ALGHAFRI(2012) / EXP_NaCl_T348K.txt,,rho,348.04,684,3.16,3.16,0,0,0,0,1108.22,0.33,T,fit-eligible,,table
rho_alghafri,ALGHAFRI(2012) / EXP_NaCl_T348K.txt,,rho,348.04,9,6,6,0,0,0,0,1165.53,0.41,T,fit-eligible,,table
rho_alghafri,ALGHAFRI(2012) / EXP_NaCl_T348K.txt,,rho,348.04,99,6,6,0,0,0,0,1168.53,0.41,T,fit-eligible,,table
rho_alghafri,ALGHAFRI(2012) / EXP_NaCl_T348K.txt,,rho,348.04,199,6,6,0,0,0,0,1171.76,0.41,T,fit-eligible,,table
rho_alghafri,ALGHAFRI(2012) / EXP_NaCl_T348K.txt,,rho,348.04,299,6,6,0,0,0,0,1174.98,0.41,T,fit-eligible,,table
rho_alghafri,ALGHAFRI(2012) / EXP_NaCl_T348K.txt,,rho,348.04,399,6,6,0,0,0,0,1178.07,0.41,T,fit-eligible,,table
rho_alghafri,ALGHAFRI(2012) / EXP_NaCl_T348K.txt,,rho,348.04,499,6,6,0,0,0,0,1181.15,0.41,T,fit-eligible,,table
rho_alghafri,ALGHAFRI(2012) / EXP_NaCl_T348K.txt,,rho,348.04,599,6,6,0,0,0,0,1184.21,0.41,T,fit-eligible,,table
rho_alghafri,ALGHAFRI(2012) / EXP_NaCl_T348K.txt,,rho,348.04,684,6,6,0,0,0,0,1186.78,0.41,T,fit-eligible,,table
rho_alghafri,ALGHAFRI(2012) / EXP_NaCl_T373K.txt,,rho,372.99,9,1.06,1.06,0,0,0,0,998.89,0.26,T,fit-eligible,,table
rho_alghafri,ALGHAFRI(2012) / EXP_NaCl_T373K.txt,,rho,372.99,99,1.06,1.06,0,0,0,0,1002.77,0.26,T,fit-eligible,,table
rho_alghafri,ALGHAFRI(2012) / EXP_NaCl_T373K.txt,,rho,372.99,199,1.06,1.06,0,0,0,0,1007,0.26,T,fit-eligible,,table
rho_alghafri,ALGHAFRI(2012) / EXP_NaCl_T373K.txt,,rho,372.99,299,1.06,1.06,0,0,0,0,1011.16,0.26,T,fit-eligible,,table
rho_alghafri,ALGHAFRI(2012) / EXP_NaCl_T373K.txt,,rho,372.99,399,1.06,1.06,0,0,0,0,1015.15,0.26,T,fit-eligible,,table
rho_alghafri,ALGHAFRI(2012) / EXP_NaCl_T373K.txt,,rho,372.99,499,1.06,1.06,0,0,0,0,1019.09,0.26,T,fit-eligible,,table
rho_alghafri,ALGHAFRI(2012) / EXP_NaCl_T373K.txt,,rho,372.99,599,1.06,1.06,0,0,0,0,1022.88,0.26,T,fit-eligible,,table
rho_alghafri,ALGHAFRI(2012) / EXP_NaCl_T373K.txt,,rho,372.99,684,1.06,1.06,0,0,0,0,1026.09,0.26,T,fit-eligible,,table
rho_alghafri,ALGHAFRI(2012) / EXP_NaCl_T373K.txt,,rho,372.99,9,3.16,3.16,0,0,0,0,1068.6,0.33,T,fit-eligible,,table
rho_alghafri,ALGHAFRI(2012) / EXP_NaCl_T373K.txt,,rho,372.99,99,3.16,3.16,0,0,0,0,1072.14,0.33,T,fit-eligible,,table
rho_alghafri,ALGHAFRI(2012) / EXP_NaCl_T373K.txt,,rho,372.99,199,3.16,3.16,0,0,0,0,1075.95,0.33,T,fit-eligible,,table
rho_alghafri,ALGHAFRI(2012) / EXP_NaCl_T373K.txt,,rho,372.99,299,3.16,3.16,0,0,0,0,1079.61,0.33,T,fit-eligible,,table
rho_alghafri,ALGHAFRI(2012) / EXP_NaCl_T373K.txt,,rho,372.99,399,3.16,3.16,0,0,0,0,1083.24,0.33,T,fit-eligible,,table
rho_alghafri,ALGHAFRI(2012) / EXP_NaCl_T373K.txt,,rho,372.99,499,3.16,3.16,0,0,0,0,1086.77,0.33,T,fit-eligible,,table
rho_alghafri,ALGHAFRI(2012) / EXP_NaCl_T373K.txt,,rho,372.99,599,3.16,3.16,0,0,0,0,1090.25,0.33,T,fit-eligible,,table
rho_alghafri,ALGHAFRI(2012) / EXP_NaCl_T373K.txt,,rho,372.99,684,3.16,3.16,0,0,0,0,1093.16,0.33,T,fit-eligible,,table
rho_alghafri,ALGHAFRI(2012) / EXP_NaCl_T373K.txt,,rho,372.99,9,6,6,0,0,0,0,1149.58,0.41,T,fit-eligible,,table
rho_alghafri,ALGHAFRI(2012) / EXP_NaCl_T373K.txt,,rho,372.99,99,6,6,0,0,0,0,1152.7,0.41,T,fit-eligible,,table
rho_alghafri,ALGHAFRI(2012) / EXP_NaCl_T373K.txt,,rho,372.99,199,6,6,0,0,0,0,1156.09,0.41,T,fit-eligible,,table
rho_alghafri,ALGHAFRI(2012) / EXP_NaCl_T373K.txt,,rho,372.99,299,6,6,0,0,0,0,1159.48,0.41,T,fit-eligible,,table
rho_alghafri,ALGHAFRI(2012) / EXP_NaCl_T373K.txt,,rho,372.99,399,6,6,0,0,0,0,1162.74,0.41,T,fit-eligible,,table
rho_alghafri,ALGHAFRI(2012) / EXP_NaCl_T373K.txt,,rho,372.99,499,6,6,0,0,0,0,1165.95,0.41,T,fit-eligible,,table
rho_alghafri,ALGHAFRI(2012) / EXP_NaCl_T373K.txt,,rho,372.99,599,6,6,0,0,0,0,1169,0.41,T,fit-eligible,,table
rho_alghafri,ALGHAFRI(2012) / EXP_NaCl_T373K.txt,,rho,372.99,684,6,6,0,0,0,0,1171.6,0.41,T,fit-eligible,,table
rho_alghafri,ALGHAFRI(2012) / EXP_NaCl_T398K.txt,,rho,397.97,9,1.06,1.06,0,0,0,0,980.42,0.26,T,fit-eligible,,table
rho_alghafri,ALGHAFRI(2012) / EXP_NaCl_T398K.txt,,rho,397.97,99,1.06,1.06,0,0,0,0,984.6,0.26,T,fit-eligible,,table
rho_alghafri,ALGHAFRI(2012) / EXP_NaCl_T398K.txt,,rho,397.97,199,1.06,1.06,0,0,0,0,989.13,0.26,T,fit-eligible,,table
rho_alghafri,ALGHAFRI(2012) / EXP_NaCl_T398K.txt,,rho,397.97,299,1.06,1.06,0,0,0,0,993.51,0.26,T,fit-eligible,,table
rho_alghafri,ALGHAFRI(2012) / EXP_NaCl_T398K.txt,,rho,397.97,399,1.06,1.06,0,0,0,0,997.76,0.26,T,fit-eligible,,table
rho_alghafri,ALGHAFRI(2012) / EXP_NaCl_T398K.txt,,rho,397.97,499,1.06,1.06,0,0,0,0,1002.02,0.26,T,fit-eligible,,table
rho_alghafri,ALGHAFRI(2012) / EXP_NaCl_T398K.txt,,rho,397.97,599,1.06,1.06,0,0,0,0,1006.01,0.26,T,fit-eligible,,table
rho_alghafri,ALGHAFRI(2012) / EXP_NaCl_T398K.txt,,rho,397.97,684,1.06,1.06,0,0,0,0,1009.32,0.26,T,fit-eligible,,table
rho_alghafri,ALGHAFRI(2012) / EXP_NaCl_T398K.txt,,rho,397.97,9,3.16,3.16,0,0,0,0,1051.16,0.33,T,fit-eligible,,table
rho_alghafri,ALGHAFRI(2012) / EXP_NaCl_T398K.txt,,rho,397.97,99,3.16,3.16,0,0,0,0,1054.84,0.33,T,fit-eligible,,table
rho_alghafri,ALGHAFRI(2012) / EXP_NaCl_T398K.txt,,rho,397.97,199,3.16,3.16,0,0,0,0,1058.92,0.33,T,fit-eligible,,table
rho_alghafri,ALGHAFRI(2012) / EXP_NaCl_T398K.txt,,rho,397.97,299,3.16,3.16,0,0,0,0,1062.79,0.33,T,fit-eligible,,table
rho_alghafri,ALGHAFRI(2012) / EXP_NaCl_T398K.txt,,rho,397.97,399,3.16,3.16,0,0,0,0,1066.63,0.33,T,fit-eligible,,table
rho_alghafri,ALGHAFRI(2012) / EXP_NaCl_T398K.txt,,rho,397.97,499,3.16,3.16,0,0,0,0,1070.44,0.33,T,fit-eligible,,table
rho_alghafri,ALGHAFRI(2012) / EXP_NaCl_T398K.txt,,rho,397.97,599,3.16,3.16,0,0,0,0,1074.07,0.33,T,fit-eligible,,table
rho_alghafri,ALGHAFRI(2012) / EXP_NaCl_T398K.txt,,rho,397.97,684,3.16,3.16,0,0,0,0,1077.08,0.33,T,fit-eligible,,table
rho_alghafri,ALGHAFRI(2012) / EXP_NaCl_T398K.txt,,rho,397.97,9,6,6,0,0,0,0,1132.48,0.41,T,fit-eligible,,table
rho_alghafri,ALGHAFRI(2012) / EXP_NaCl_T398K.txt,,rho,397.97,99,6,6,0,0,0,0,1135.74,0.41,T,fit-eligible,,table
rho_alghafri,ALGHAFRI(2012) / EXP_NaCl_T398K.txt,,rho,397.97,199,6,6,0,0,0,0,1139.35,0.41,T,fit-eligible,,table
rho_alghafri,ALGHAFRI(2012) / EXP_NaCl_T398K.txt,,rho,397.97,299,6,6,0,0,0,0,1142.8,0.41,T,fit-eligible,,table
rho_alghafri,ALGHAFRI(2012) / EXP_NaCl_T398K.txt,,rho,397.97,399,6,6,0,0,0,0,1146.27,0.41,T,fit-eligible,,table
rho_alghafri,ALGHAFRI(2012) / EXP_NaCl_T398K.txt,,rho,397.97,499,6,6,0,0,0,0,1149.66,0.41,T,fit-eligible,,table
rho_alghafri,ALGHAFRI(2012) / EXP_NaCl_T398K.txt,,rho,397.97,599,6,6,0,0,0,0,1152.86,0.41,T,fit-eligible,,table
rho_alghafri,ALGHAFRI(2012) / EXP_NaCl_T398K.txt,,rho,397.97,684,6,6,0,0,0,0,1155.61,0.41,T,fit-eligible,,table
rho_alghafri,ALGHAFRI(2012) / EXP_NaCl_T423K.txt,,rho,422.94,9,1.06,1.06,0,0,0,0,959.71,0.26,T,fit-eligible,,table
rho_alghafri,ALGHAFRI(2012) / EXP_NaCl_T423K.txt,,rho,422.94,99,1.06,1.06,0,0,0,0,964.31,0.26,T,fit-eligible,,table
rho_alghafri,ALGHAFRI(2012) / EXP_NaCl_T423K.txt,,rho,422.94,199,1.06,1.06,0,0,0,0,969.29,0.26,T,fit-eligible,,table
rho_alghafri,ALGHAFRI(2012) / EXP_NaCl_T423K.txt,,rho,422.94,299,1.06,1.06,0,0,0,0,974.04,0.26,T,fit-eligible,,table
rho_alghafri,ALGHAFRI(2012) / EXP_NaCl_T423K.txt,,rho,422.94,399,1.06,1.06,0,0,0,0,978.6,0.26,T,fit-eligible,,table
rho_alghafri,ALGHAFRI(2012) / EXP_NaCl_T423K.txt,,rho,422.94,499,1.06,1.06,0,0,0,0,983.2,0.26,T,fit-eligible,,table
rho_alghafri,ALGHAFRI(2012) / EXP_NaCl_T423K.txt,,rho,422.94,599,1.06,1.06,0,0,0,0,987.46,0.26,T,fit-eligible,,table
rho_alghafri,ALGHAFRI(2012) / EXP_NaCl_T423K.txt,,rho,422.94,684,1.06,1.06,0,0,0,0,991.15,0.26,T,fit-eligible,,table
rho_alghafri,ALGHAFRI(2012) / EXP_NaCl_T423K.txt,,rho,422.94,9,3.16,3.16,0,0,0,0,1031.93,0.33,T,fit-eligible,,table
rho_alghafri,ALGHAFRI(2012) / EXP_NaCl_T423K.txt,,rho,422.94,99,3.16,3.16,0,0,0,0,1036.08,0.33,T,fit-eligible,,table
rho_alghafri,ALGHAFRI(2012) / EXP_NaCl_T423K.txt,,rho,422.94,199,3.16,3.16,0,0,0,0,1040.37,0.33,T,fit-eligible,,table
rho_alghafri,ALGHAFRI(2012) / EXP_NaCl_T423K.txt,,rho,422.94,299,3.16,3.16,0,0,0,0,1044.51,0.33,T,fit-eligible,,table
rho_alghafri,ALGHAFRI(2012) / EXP_NaCl_T423K.txt,,rho,422.94,399,3.16,3.16,0,0,0,0,1048.68,0.33,T,fit-eligible,,table
rho_alghafri,ALGHAFRI(2012) / EXP_NaCl_T423K.txt,,rho,422.94,499,3.16,3.16,0,0,0,0,1052.68,0.33,T,fit-eligible,,table
rho_alghafri,ALGHAFRI(2012) / EXP_NaCl_T423K.txt,,rho,422.94,599,3.16,3.16,0,0,0,0,1056.58,0.33,T,fit-eligible,,table
rho_alghafri,ALGHAFRI(2012) / EXP_NaCl_T423K.txt,,rho,422.94,684,3.16,3.16,0,0,0,0,1059.82,0.33,T,fit-eligible,,table
rho_alghafri,ALGHAFRI(2012) / EXP_NaCl_T423K.txt,,rho,422.94,9,6,6,0,0,0,0,1114.2,0.41,T,fit-eligible,,table
rho_alghafri,ALGHAFRI(2012) / EXP_NaCl_T423K.txt,,rho,422.94,99,6,6,0,0,0,0,1117.84,0.41,T,fit-eligible,,table
rho_alghafri,ALGHAFRI(2012) / EXP_NaCl_T423K.txt,,rho,422.94,199,6,6,0,0,0,0,1121.56,0.41,T,fit-eligible,,table
rho_alghafri,ALGHAFRI(2012) / EXP_NaCl_T423K.txt,,rho,422.94,299,6,6,0,0,0,0,1125.33,0.41,T,fit-eligible,,table
rho_alghafri,ALGHAFRI(2012) / EXP_NaCl_T423K.txt,,rho,422.94,399,6,6,0,0,0,0,1128.98,0.41,T,fit-eligible,,table
rho_alghafri,ALGHAFRI(2012) / EXP_NaCl_T423K.txt,,rho,422.94,499,6,6,0,0,0,0,1132.56,0.41,T,fit-eligible,,table
rho_alghafri,ALGHAFRI(2012) / EXP_NaCl_T423K.txt,,rho,422.94,599,6,6,0,0,0,0,1136.03,0.41,T,fit-eligible,,table
rho_alghafri,ALGHAFRI(2012) / EXP_NaCl_T423K.txt,,rho,422.94,684,6,6,0,0,0,0,1138.92,0.41,T,fit-eligible,,table
rho_alghafri,ALGHAFRI(2012) / EXP_NaCl_T448K.txt,,rho,447.94,9,1.06,1.06,0,0,0,0,936.49,0.26,T,fit-eligible,,table
rho_alghafri,ALGHAFRI(2012) / EXP_NaCl_T448K.txt,,rho,447.94,99,1.06,1.06,0,0,0,0,941.64,0.26,T,fit-eligible,,table
rho_alghafri,ALGHAFRI(2012) / EXP_NaCl_T448K.txt,,rho,447.94,199,1.06,1.06,0,0,0,0,947.14,0.26,T,fit-eligible,,table
rho_alghafri,ALGHAFRI(2012) / EXP_NaCl_T448K.txt,,rho,447.94,299,1.06,1.06,0,0,0,0,952.41,0.26,T,fit-eligible,,table
rho_alghafri,ALGHAFRI(2012) / EXP_NaCl_T448K.txt,,rho,447.94,399,1.06,1.06,0,0,0,0,957.55,0.26,T,fit-eligible,,table
rho_alghafri,ALGHAFRI(2012) / EXP_NaCl_T448K.txt,,rho,447.94,499,1.06,1.06,0,0,0,0,962.42,0.26,T,fit-eligible,,table
rho_alghafri,ALGHAFRI(2012) / EXP_NaCl_T448K.txt,,rho,447.94,599,1.06,1.06,0,0,0,0,967.35,0.26,T,fit-eligible,,table
rho_alghafri,ALGHAFRI(2012) / EXP_NaCl_T448K.txt,,rho,447.94,684,1.06,1.06,0,0,0,0,971.22,0.26,T,fit-eligible,,table
rho_alghafri,ALGHAFRI(2012) / EXP_NaCl_T448K.txt,,rho,447.94,9,3.16,3.16,0,0,0,0,1010.87,0.33,T,fit-eligible,,table
rho_alghafri,ALGHAFRI(2012) / EXP_NaCl_T448K.txt,,rho,447.94,99,3.16,3.16,0,0,0,0,1015.28,0.33,T,fit-eligible,,table
rho_alghafri,ALGHAFRI(2012) / EXP_NaCl_T448K.txt,,rho,447.94,199,3.16,3.16,0,0,0,0,1020.13,0.33,T,fit-eligible,,table
rho_alghafri,ALGHAFRI(2012) / EXP_NaCl_T448K.txt,,rho,447.94,299,3.16,3.16,0,0,0,0,1024.61,0.33,T,fit-eligible,,table
rho_alghafri,ALGHAFRI(2012) / EXP_NaCl_T448K.txt,,rho,447.94,399,3.16,3.16,0,0,0,0,1029.15,0.33,T,fit-eligible,,table
rho_alghafri,ALGHAFRI(2012) / EXP_NaCl_T448K.txt,,rho,447.94,499,3.16,3.16,0,0,0,0,1033.43,0.33,T,fit-eligible,,table
rho_alghafri,ALGHAFRI(2012) / EXP_NaCl_T448K.txt,,rho,447.94,599,3.16,3.16,0,0,0,0,1037.71,0.33,T,fit-eligible,,table
rho_alghafri,ALGHAFRI(2012) / EXP_NaCl_T448K.txt,,rho,447.94,684,3.16,3.16,0,0,0,0,1041.14,0.33,T,fit-eligible,,table
rho_alghafri,ALGHAFRI(2012) / EXP_NaCl_T448K.txt,,rho,447.94,9,6,6,0,0,0,0,1094.62,0.41,T,fit-eligible,,table
rho_alghafri,ALGHAFRI(2012) / EXP_NaCl_T448K.txt,,rho,447.94,99,6,6,0,0,0,0,1098.38,0.41,T,fit-eligible,,table
rho_alghafri,ALGHAFRI(2012) / EXP_NaCl_T448K.txt,,rho,447.94,199,6,6,0,0,0,0,1102.62,0.41,T,fit-eligible,,table
rho_alghafri,ALGHAFRI(2012) / EXP_NaCl_T448K.txt,,rho,447.94,299,6,6,0,0,0,0,1106.53,0.41,T,fit-eligible,,table
rho_alghafri,ALGHAFRI(2012) / EXP_NaCl_T448K.txt,,rho,447.94,399,6,6,0,0,0,0,1110.46,0.41,T,fit-eligible,,table
rho_alghafri,ALGHAFRI(2012) / EXP_NaCl_T448K.txt,,rho,447.94,499,6,6,0,0,0,0,1114.27,0.41,T,fit-eligible,,table
rho_alghafri,ALGHAFRI(2012) / EXP_NaCl_T448K.txt,,rho,447.94,599,6,6,0,0,0,0,1118.04,0.41,T,fit-eligible,,table
rho_alghafri,ALGHAFRI(2012) / EXP_NaCl_T448K.txt,,rho,447.94,684,6,6,0,0,0,0,1121.1,0.41,T,fit-eligible,,table
rho_alghafri,ALGHAFRI(2012) / EXP_NaCl_T473K.txt,,rho,472.96,99,1.06,1.06,0,0,0,0,916.86,0.26,T,fit-eligible,,table
rho_alghafri,ALGHAFRI(2012) / EXP_NaCl_T473K.txt,,rho,472.96,199,1.06,1.06,0,0,0,0,923.12,0.26,T,fit-eligible,,table
rho_alghafri,ALGHAFRI(2012) / EXP_NaCl_T473K.txt,,rho,472.96,299,1.06,1.06,0,0,0,0,929,0.26,T,fit-eligible,,table
rho_alghafri,ALGHAFRI(2012) / EXP_NaCl_T473K.txt,,rho,472.96,399,1.06,1.06,0,0,0,0,934.76,0.26,T,fit-eligible,,table
rho_alghafri,ALGHAFRI(2012) / EXP_NaCl_T473K.txt,,rho,472.96,499,1.06,1.06,0,0,0,0,940.22,0.26,T,fit-eligible,,table
rho_alghafri,ALGHAFRI(2012) / EXP_NaCl_T473K.txt,,rho,472.96,599,1.06,1.06,0,0,0,0,945.52,0.26,T,fit-eligible,,table
rho_alghafri,ALGHAFRI(2012) / EXP_NaCl_T473K.txt,,rho,472.96,684,1.06,1.06,0,0,0,0,949.91,0.26,T,fit-eligible,,table
rho_alghafri,ALGHAFRI(2012) / EXP_NaCl_T473K.txt,,rho,472.96,99,3.16,3.16,0,0,0,0,993.19,0.33,T,fit-eligible,,table
rho_alghafri,ALGHAFRI(2012) / EXP_NaCl_T473K.txt,,rho,472.96,199,3.16,3.16,0,0,0,0,998.47,0.33,T,fit-eligible,,table
rho_alghafri,ALGHAFRI(2012) / EXP_NaCl_T473K.txt,,rho,472.96,299,3.16,3.16,0,0,0,0,1003.47,0.33,T,fit-eligible,,table
rho_alghafri,ALGHAFRI(2012) / EXP_NaCl_T473K.txt,,rho,472.96,399,3.16,3.16,0,0,0,0,1008.45,0.33,T,fit-eligible,,table
rho_alghafri,ALGHAFRI(2012) / EXP_NaCl_T473K.txt,,rho,472.96,499,3.16,3.16,0,0,0,0,1013.17,0.33,T,fit-eligible,,table
rho_alghafri,ALGHAFRI(2012) / EXP_NaCl_T473K.txt,,rho,472.96,599,3.16,3.16,0,0,0,0,1017.78,0.33,T,fit-eligible,,table
rho_alghafri,ALGHAFRI(2012) / EXP_NaCl_T473K.txt,,rho,472.96,684,3.16,3.16,0,0,0,0,1021.53,0.33,T,fit-eligible,,table
rho_alghafri,ALGHAFRI(2012) / EXP_NaCl_T473K.txt,,rho,472.96,99,6,6,0,0,0,0,1078.2,0.41,T,fit-eligible,,table
rho_alghafri,ALGHAFRI(2012) / EXP_NaCl_T473K.txt,,rho,472.96,199,6,6,0,0,0,0,1082.67,0.41,T,fit-eligible,,table
rho_alghafri,ALGHAFRI(2012) / EXP_NaCl_T473K.txt,,rho,472.96,299,6,6,0,0,0,0,1087.01,0.41,T,fit-eligible,,table
rho_alghafri,ALGHAFRI(2012) / EXP_NaCl_T473K.txt,,rho,472.96,399,6,6,0,0,0,0,1091.28,0.41,T,fit-eligible,,table
rho_alghafri,ALGHAFRI(2012) / EXP_NaCl_T473K.txt,,rho,472.96,499,6,6,0,0,0,0,1095.39,0.41,T,fit-eligible,,table
rho_alghafri,ALGHAFRI(2012) / EXP_NaCl_T473K.txt,,rho,472.96,599,6,6,0,0,0,0,1099.39,0.41,T,fit-eligible,,table
rho_alghafri,ALGHAFRI(2012) / EXP_NaCl_T473K.txt,,rho,472.96,684,6,6,0,0,0,0,1102.68,0.41,T,fit-eligible,,table
rho_alghafri,ALGHAFRI(2012) / EXP_KCl_T298K.txt,,rho,298.12,9,0,1.06,1.06,0,0,0,1044.2,0.26,T,fit-eligible,,table
rho_alghafri,ALGHAFRI(2012) / EXP_KCl_T298K.txt,,rho,298.12,99,0,1.06,1.06,0,0,0,1047.96,0.26,T,fit-eligible,,table
rho_alghafri,ALGHAFRI(2012) / EXP_KCl_T298K.txt,,rho,298.12,199,0,1.06,1.06,0,0,0,1052.02,0.26,T,fit-eligible,,table
rho_alghafri,ALGHAFRI(2012) / EXP_KCl_T298K.txt,,rho,298.12,299,0,1.06,1.06,0,0,0,1056.08,0.26,T,fit-eligible,,table
rho_alghafri,ALGHAFRI(2012) / EXP_KCl_T298K.txt,,rho,298.12,399,0,1.06,1.06,0,0,0,1060,0.26,T,fit-eligible,,table
rho_alghafri,ALGHAFRI(2012) / EXP_KCl_T298K.txt,,rho,298.12,499,0,1.06,1.06,0,0,0,1063.86,0.26,T,fit-eligible,,table
rho_alghafri,ALGHAFRI(2012) / EXP_KCl_T298K.txt,,rho,298.12,599,0,1.06,1.06,0,0,0,1067.62,0.26,T,fit-eligible,,table
rho_alghafri,ALGHAFRI(2012) / EXP_KCl_T298K.txt,,rho,298.12,684,0,1.06,1.06,0,0,0,1070.84,0.26,T,fit-eligible,,table
rho_alghafri,ALGHAFRI(2012) / EXP_KCl_T298K.txt,,rho,298.12,9,0,3.15,3.15,0,0,0,1124.07,0.35,T,fit-eligible,,table
rho_alghafri,ALGHAFRI(2012) / EXP_KCl_T298K.txt,,rho,298.12,99,0,3.15,3.15,0,0,0,1127.47,0.35,T,fit-eligible,,table
rho_alghafri,ALGHAFRI(2012) / EXP_KCl_T298K.txt,,rho,298.12,199,0,3.15,3.15,0,0,0,1131.16,0.35,T,fit-eligible,,table
rho_alghafri,ALGHAFRI(2012) / EXP_KCl_T298K.txt,,rho,298.12,299,0,3.15,3.15,0,0,0,1134.81,0.35,T,fit-eligible,,table
rho_alghafri,ALGHAFRI(2012) / EXP_KCl_T298K.txt,,rho,298.12,399,0,3.15,3.15,0,0,0,1138.35,0.35,T,fit-eligible,,table
rho_alghafri,ALGHAFRI(2012) / EXP_KCl_T298K.txt,,rho,298.12,499,0,3.15,3.15,0,0,0,1141.9,0.35,T,fit-eligible,,table
rho_alghafri,ALGHAFRI(2012) / EXP_KCl_T298K.txt,,rho,298.12,599,0,3.15,3.15,0,0,0,1145.28,0.35,T,fit-eligible,,table
rho_alghafri,ALGHAFRI(2012) / EXP_KCl_T298K.txt,,rho,298.12,684,0,3.15,3.15,0,0,0,1148.2,0.35,T,fit-eligible,,table
rho_alghafri,ALGHAFRI(2012) / EXP_KCl_T298K.txt,,rho,298.12,9,0,4.49,4.49,0,0,0,1168.21,0.39,T,fit-eligible,,table
rho_alghafri,ALGHAFRI(2012) / EXP_KCl_T298K.txt,,rho,298.12,99,0,4.49,4.49,0,0,0,1171.42,0.39,T,fit-eligible,,table
rho_alghafri,ALGHAFRI(2012) / EXP_KCl_T298K.txt,,rho,298.12,199,0,4.49,4.49,0,0,0,1174.92,0.39,T,fit-eligible,,table
rho_alghafri,ALGHAFRI(2012) / EXP_KCl_T298K.txt,,rho,298.12,299,0,4.49,4.49,0,0,0,1178.38,0.39,T,fit-eligible,,table
rho_alghafri,ALGHAFRI(2012) / EXP_KCl_T298K.txt,,rho,298.12,399,0,4.49,4.49,0,0,0,1181.79,0.39,T,fit-eligible,,table
rho_alghafri,ALGHAFRI(2012) / EXP_KCl_T298K.txt,,rho,298.12,499,0,4.49,4.49,0,0,0,1185.09,0.39,T,fit-eligible,,table
rho_alghafri,ALGHAFRI(2012) / EXP_KCl_T298K.txt,,rho,298.12,599,0,4.49,4.49,0,0,0,1188.28,0.39,T,fit-eligible,,table
rho_alghafri,ALGHAFRI(2012) / EXP_KCl_T298K.txt,,rho,298.12,684,0,4.49,4.49,0,0,0,1191.12,0.39,T,fit-eligible,,table
rho_alghafri,ALGHAFRI(2012) / EXP_KCl_T323K.txt,,rho,323.07,9,0,1.06,1.06,0,0,0,1034.14,0.26,T,fit-eligible,,table
rho_alghafri,ALGHAFRI(2012) / EXP_KCl_T323K.txt,,rho,323.07,99,0,1.06,1.06,0,0,0,1037.83,0.26,T,fit-eligible,,table
rho_alghafri,ALGHAFRI(2012) / EXP_KCl_T323K.txt,,rho,323.07,199,0,1.06,1.06,0,0,0,1041.82,0.26,T,fit-eligible,,table
rho_alghafri,ALGHAFRI(2012) / EXP_KCl_T323K.txt,,rho,323.07,299,0,1.06,1.06,0,0,0,1045.67,0.26,T,fit-eligible,,table
rho_alghafri,ALGHAFRI(2012) / EXP_KCl_T323K.txt,,rho,323.07,399,0,1.06,1.06,0,0,0,1049.58,0.26,T,fit-eligible,,table
rho_alghafri,ALGHAFRI(2012) / EXP_KCl_T323K.txt,,rho,323.07,499,0,1.06,1.06,0,0,0,1053.35,0.26,T,fit-eligible,,table
rho_alghafri,ALGHAFRI(2012) / EXP_KCl_T323K.txt,,rho,323.07,599,0,1.06,1.06,0,0,0,1057.01,0.26,T,fit-eligible,,table
rho_alghafri,ALGHAFRI(2012) / EXP_KCl_T323K.txt,,rho,323.07,684,0,1.06,1.06,0,0,0,1060.07,0.26,T,fit-eligible,,table
rho_alghafri,ALGHAFRI(2012) / EXP_KCl_T323K.txt,,rho,323.07,9,0,3.15,3.15,0,0,0,1112.58,0.35,T,fit-eligible,,table
rho_alghafri,ALGHAFRI(2012) / EXP_KCl_T323K.txt,,rho,323.07,99,0,3.15,3.15,0,0,0,1115.91,0.35,T,fit-eligible,,table
rho_alghafri,ALGHAFRI(2012) / EXP_KCl_T323K.txt,,rho,323.07,199,0,3.15,3.15,0,0,0,1119.53,0.35,T,fit-eligible,,table
rho_alghafri,ALGHAFRI(2012) / EXP_KCl_T323K.txt,,rho,323.07,299,0,3.15,3.15,0,0,0,1123.11,0.35,T,fit-eligible,,table
rho_alghafri,ALGHAFRI(2012) / EXP_KCl_T323K.txt,,rho,323.07,399,0,3.15,3.15,0,0,0,1126.71,0.35,T,fit-eligible,,table
rho_alghafri,ALGHAFRI(2012) / EXP_KCl_T323K.txt,,rho,323.07,499,0,3.15,3.15,0,0,0,1130.16,0.35,T,fit-eligible,,table
rho_alghafri,ALGHAFRI(2012) / EXP_KCl_T323K.txt,,rho,323.07,599,0,3.15,3.15,0,0,0,1133.6,0.35,T,fit-eligible,,table
rho_alghafri,ALGHAFRI(2012) / EXP_KCl_T323K.txt,,rho,323.07,684,0,3.15,3.15,0,0,0,1136.35,0.35,T,fit-eligible,,table
rho_alghafri,ALGHAFRI(2012) / EXP_KCl_T323K.txt,,rho,323.07,9,0,4.49,4.49,0,0,0,1156.09,0.39,T,fit-eligible,,table
rho_alghafri,ALGHAFRI(2012) / EXP_KCl_T323K.txt,,rho,323.07,99,0,4.49,4.49,0,0,0,1159.3,0.39,T,fit-eligible,,table
rho_alghafri,ALGHAFRI(2012) / EXP_KCl_T323K.txt,,rho,323.07,199,0,4.49,4.49,0,0,0,1162.77,0.39,T,fit-eligible,,table
rho_alghafri,ALGHAFRI(2012) / EXP_KCl_T323K.txt,,rho,323.07,299,0,4.49,4.49,0,0,0,1166.16,0.39,T,fit-eligible,,table
rho_alghafri,ALGHAFRI(2012) / EXP_KCl_T323K.txt,,rho,323.07,399,0,4.49,4.49,0,0,0,1169.63,0.39,T,fit-eligible,,table
rho_alghafri,ALGHAFRI(2012) / EXP_KCl_T323K.txt,,rho,323.07,499,0,4.49,4.49,0,0,0,1172.93,0.39,T,fit-eligible,,table
rho_alghafri,ALGHAFRI(2012) / EXP_KCl_T323K.txt,,rho,323.07,599,0,4.49,4.49,0,0,0,1176.14,0.39,T,fit-eligible,,table
rho_alghafri,ALGHAFRI(2012) / EXP_KCl_T323K.txt,,rho,323.07,684,0,4.49,4.49,0,0,0,1178.8,0.39,T,fit-eligible,,table
rho_alghafri,ALGHAFRI(2012) / EXP_KCl_T348K.txt,,rho,348.04,9,0,1.06,1.06,0,0,0,1020.74,0.26,T,fit-eligible,,table
rho_alghafri,ALGHAFRI(2012) / EXP_KCl_T348K.txt,,rho,348.04,99,0,1.06,1.06,0,0,0,1024.46,0.26,T,fit-eligible,,table
rho_alghafri,ALGHAFRI(2012) / EXP_KCl_T348K.txt,,rho,348.04,199,0,1.06,1.06,0,0,0,1028.51,0.26,T,fit-eligible,,table
rho_alghafri,ALGHAFRI(2012) / EXP_KCl_T348K.txt,,rho,348.04,299,0,1.06,1.06,0,0,0,1032.5,0.26,T,fit-eligible,,table
rho_alghafri,ALGHAFRI(2012) / EXP_KCl_T348K.txt,,rho,348.04,399,0,1.06,1.06,0,0,0,1036.42,0.26,T,fit-eligible,,table
rho_alghafri,ALGHAFRI(2012) / EXP_KCl_T348K.txt,,rho,348.04,499,0,1.06,1.06,0,0,0,1040.18,0.26,T,fit-eligible,,table
rho_alghafri,ALGHAFRI(2012) / EXP_KCl_T348K.txt,,rho,348.04,599,0,1.06,1.06,0,0,0,1043.91,0.26,T,fit-eligible,,table
rho_alghafri,ALGHAFRI(2012) / EXP_KCl_T348K.txt,,rho,348.04,684,0,1.06,1.06,0,0,0,1047.14,0.26,T,fit-eligible,,table
rho_alghafri,ALGHAFRI(2012) / EXP_KCl_T348K.txt,,rho,348.04,9,0,3.15,3.15,0,0,0,1098.82,0.35,T,fit-eligible,,table
rho_alghafri,ALGHAFRI(2012) / EXP_KCl_T348K.txt,,rho,348.04,99,0,3.15,3.15,0,0,0,1102.28,0.35,T,fit-eligible,,table
rho_alghafri,ALGHAFRI(2012) / EXP_KCl_T348K.txt,,rho,348.04,199,0,3.15,3.15,0,0,0,1105.97,0.35,T,fit-eligible,,table
rho_alghafri,ALGHAFRI(2012) / EXP_KCl_T348K.txt,,rho,348.04,299,0,3.15,3.15,0,0,0,1109.59,0.35,T,fit-eligible,,table
rho_alghafri,ALGHAFRI(2012) / EXP_KCl_T348K.txt,,rho,348.04,399,0,3.15,3.15,0,0,0,1113.24,0.35,T,fit-eligible,,table
rho_alghafri,ALGHAFRI(2012) / EXP_KCl_T348K.txt,,rho,348.04,499,0,3.15,3.15,0,0,0,1116.68,0.35,T,fit-eligible,,table
rho_alghafri,ALGHAFRI(2012) / EXP_KCl_T348K.txt,,rho,348.04,599,0,3.15,3.15,0,0,0,1120.15,0.35,T,fit-eligible,,table
rho_alghafri,ALGHAFRI(2012) / EXP_KCl_T348K.txt,,rho,348.04,684,0,3.15,3.15,0,0,0,1123.07,0.35,T,fit-eligible,,table
rho_alghafri,ALGHAFRI(2012) / EXP_KCl_T348K.txt,,rho,348.04,9,0,4.49,4.49,0,0,0,1142.21,0.39,T,fit-eligible,,table
rho_alghafri,ALGHAFRI(2012) / EXP_KCl_T348K.txt,,rho,348.04,99,0,4.49,4.49,0,0,0,1145.43,0.39,T,fit-eligible,,table
rho_alghafri,ALGHAFRI(2012) / EXP_KCl_T348K.txt,,rho,348.04,199,0,4.49,4.49,0,0,0,1148.98,0.39,T,fit-eligible,,table
rho_alghafri,ALGHAFRI(2012) / EXP_KCl_T348K.txt,,rho,348.04,299,0,4.49,4.49,0,0,0,1152.52,0.39,T,fit-eligible,,table
rho_alghafri,ALGHAFRI(2012) / EXP_KCl_T348K.txt,,rho,348.04,399,0,4.49,4.49,0,0,0,1155.93,0.39,T,fit-eligible,,table
rho_alghafri,ALGHAFRI(2012) / EXP_KCl_T348K.txt,,rho,348.04,499,0,4.49,4.49,0,0,0,1159.38,0.39,T,fit-eligible,,table
rho_alghafri,ALGHAFRI(2012) / EXP_KCl_T348K.txt,,rho,348.04,599,0,4.49,4.49,0,0,0,1162.56,0.39,T,fit-eligible,,table
rho_alghafri,ALGHAFRI(2012) / EXP_KCl_T348K.txt,,rho,348.04,684,0,4.49,4.49,0,0,0,1165.39,0.39,T,fit-eligible,,table
rho_alghafri,ALGHAFRI(2012) / EXP_KCl_T373K.txt,,rho,372.99,9,0,1.06,1.06,0,0,0,1004.76,0.26,T,fit-eligible,,table
rho_alghafri,ALGHAFRI(2012) / EXP_KCl_T373K.txt,,rho,372.99,99,0,1.06,1.06,0,0,0,1008.64,0.26,T,fit-eligible,,table
rho_alghafri,ALGHAFRI(2012) / EXP_KCl_T373K.txt,,rho,372.99,199,0,1.06,1.06,0,0,0,1012.91,0.26,T,fit-eligible,,table
rho_alghafri,ALGHAFRI(2012) / EXP_KCl_T373K.txt,,rho,372.99,299,0,1.06,1.06,0,0,0,1017.11,0.26,T,fit-eligible,,table
rho_alghafri,ALGHAFRI(2012) / EXP_KCl_T373K.txt,,rho,372.99,399,0,1.06,1.06,0,0,0,1021.1,0.26,T,fit-eligible,,table
rho_alghafri,ALGHAFRI(2012) / EXP_KCl_T373K.txt,,rho,372.99,499,0,1.06,1.06,0,0,0,1025.08,0.26,T,fit-eligible,,table
rho_alghafri,ALGHAFRI(2012) / EXP_KCl_T373K.txt,,rho,372.99,599,0,1.06,1.06,0,0,0,1028.91,0.26,T,fit-eligible,,table
rho_alghafri,ALGHAFRI(2012) / EXP_KCl_T373K.txt,,rho,372.99,684,0,1.06,1.06,0,0,0,1032.17,0.26,T,fit-eligible,,table
rho_alghafri,ALGHAFRI(2012) / EXP_KCl_T373K.txt,,rho,372.99,9,0,3.15,3.15,0,0,0,1083.32,0.35,T,fit-eligible,,table
rho_alghafri,ALGHAFRI(2012) / EXP_KCl_T373K.txt,,rho,372.99,99,0,3.15,3.15,0,0,0,1086.89,0.35,T,fit-eligible,,table
rho_alghafri,ALGHAFRI(2012) / EXP_KCl_T373K.txt,,rho,372.99,199,0,3.15,3.15,0,0,0,1090.74,0.35,T,fit-eligible,,table
rho_alghafri,ALGHAFRI(2012) / EXP_KCl_T373K.txt,,rho,372.99,299,0,3.15,3.15,0,0,0,1094.53,0.35,T,fit-eligible,,table
rho_alghafri,ALGHAFRI(2012) / EXP_KCl_T373K.txt,,rho,372.99,399,0,3.15,3.15,0,0,0,1098.25,0.35,T,fit-eligible,,table
rho_alghafri,ALGHAFRI(2012) / EXP_KCl_T373K.txt,,rho,372.99,499,0,3.15,3.15,0,0,0,1101.91,0.35,T,fit-eligible,,table
rho_alghafri,ALGHAFRI(2012) / EXP_KCl_T373K.txt,,rho,372.99,599,0,3.15,3.15,0,0,0,1105.38,0.35,T,fit-eligible,,table
rho_alghafri,ALGHAFRI(2012) / EXP_KCl_T373K.txt,,rho,372.99,684,0,3.15,3.15,0,0,0,1108.37,0.35,T,fit-eligible,,table
rho_alghafri,ALGHAFRI(2012) / EXP_KCl_T373K.txt,,rho,372.99,9,0,4.49,4.49,0,0,0,1126.88,0.39,T,fit-eligible,,table
rho_alghafri,ALGHAFRI(2012) / EXP_KCl_T373K.txt,,rho,372.99,99,0,4.49,4.49,0,0,0,1130.26,0.39,T,fit-eligible,,table
rho_alghafri,ALGHAFRI(2012) / EXP_KCl_T373K.txt,,rho,372.99,199,0,4.49,4.49,0,0,0,1133.92,0.39,T,fit-eligible,,table
rho_alghafri,ALGHAFRI(2012) / EXP_KCl_T373K.txt,,rho,372.99,299,0,4.49,4.49,0,0,0,1137.58,0.39,T,fit-eligible,,table
rho_alghafri,ALGHAFRI(2012) / EXP_KCl_T373K.txt,,rho,372.99,399,0,4.49,4.49,0,0,0,1141.11,0.39,T,fit-eligible,,table
rho_alghafri,ALGHAFRI(2012) / EXP_KCl_T373K.txt,,rho,372.99,499,0,4.49,4.49,0,0,0,1144.58,0.39,T,fit-eligible,,table
rho_alghafri,ALGHAFRI(2012) / EXP_KCl_T373K.txt,,rho,372.99,599,0,4.49,4.49,0,0,0,1147.95,0.39,T,fit-eligible,,table
rho_alghafri,ALGHAFRI(2012) / EXP_KCl_T373K.txt,,rho,372.99,684,0,4.49,4.49,0,0,0,1150.77,0.39,T,fit-eligible,,table
rho_alghafri,ALGHAFRI(2012) / EXP_KCl_T398K.txt,,rho,397.97,9,0,1.06,1.06,0,0,0,986.31,0.26,T,fit-eligible,,table
rho_alghafri,ALGHAFRI(2012) / EXP_KCl_T398K.txt,,rho,397.97,99,0,1.06,1.06,0,0,0,990.53,0.26,T,fit-eligible,,table
rho_alghafri,ALGHAFRI(2012) / EXP_KCl_T398K.txt,,rho,397.97,199,0,1.06,1.06,0,0,0,995.11,0.26,T,fit-eligible,,table
rho_alghafri,ALGHAFRI(2012) / EXP_KCl_T398K.txt,,rho,397.97,299,0,1.06,1.06,0,0,0,999.53,0.26,T,fit-eligible,,table
rho_alghafri,ALGHAFRI(2012) / EXP_KCl_T398K.txt,,rho,397.97,399,0,1.06,1.06,0,0,0,1003.82,0.26,T,fit-eligible,,table
rho_alghafri,ALGHAFRI(2012) / EXP_KCl_T398K.txt,,rho,397.97,499,0,1.06,1.06,0,0,0,1008.02,0.26,T,fit-eligible,,table
rho_alghafri,ALGHAFRI(2012) / EXP_KCl_T398K.txt,,rho,397.97,599,0,1.06,1.06,0,0,0,1012.1,0.26,T,fit-eligible,,table
rho_alghafri,ALGHAFRI(2012) / EXP_KCl_T398K.txt,,rho,397.97,684,0,1.06,1.06,0,0,0,1015.46,0.26,T,fit-eligible,,table
rho_alghafri,ALGHAFRI(2012) / EXP_KCl_T398K.txt,,rho,397.97,9,0,3.15,3.15,0,0,0,1065.9,0.35,T,fit-eligible,,table
rho_alghafri,ALGHAFRI(2012) / EXP_KCl_T398K.txt,,rho,397.97,99,0,3.15,3.15,0,0,0,1069.71,0.35,T,fit-eligible,,table
rho_alghafri,ALGHAFRI(2012) / EXP_KCl_T398K.txt,,rho,397.97,199,0,3.15,3.15,0,0,0,1073.82,0.35,T,fit-eligible,,table
rho_alghafri,ALGHAFRI(2012) / EXP_KCl_T398K.txt,,rho,397.97,299,0,3.15,3.15,0,0,0,1077.73,0.35,T,fit-eligible,,table
rho_alghafri,ALGHAFRI(2012) / EXP_KCl_T398K.txt,,rho,397.97,399,0,3.15,3.15,0,0,0,1081.65,0.35,T,fit-eligible,,table
rho_alghafri,ALGHAFRI(2012) / EXP_KCl_T398K.txt,,rho,397.97,499,0,3.15,3.15,0,0,0,1085.49,0.35,T,fit-eligible,,table
rho_alghafri,ALGHAFRI(2012) / EXP_KCl_T398K.txt,,rho,397.97,599,0,3.15,3.15,0,0,0,1089.26,0.35,T,fit-eligible,,table
rho_alghafri,ALGHAFRI(2012) / EXP_KCl_T398K.txt,,rho,397.97,684,0,3.15,3.15,0,0,0,1092.3,0.35,T,fit-eligible,,table
rho_alghafri,ALGHAFRI(2012) / EXP_KCl_T398K.txt,,rho,397.97,9,0,4.49,4.49,0,0,0,1109.9,0.39,T,fit-eligible,,table
rho_alghafri,ALGHAFRI(2012) / EXP_KCl_T398K.txt,,rho,397.97,99,0,4.49,4.49,0,0,0,1113.48,0.39,T,fit-eligible,,table
rho_alghafri,ALGHAFRI(2012) / EXP_KCl_T398K.txt,,rho,397.97,199,0,4.49,4.49,0,0,0,1117.4,0.39,T,fit-eligible,,table
rho_alghafri,ALGHAFRI(2012) / EXP_KCl_T398K.txt,,rho,397.97,299,0,4.49,4.49,0,0,0,1121.12,0.39,T,fit-eligible,,table
rho_alghafri,ALGHAFRI(2012) / EXP_KCl_T398K.txt,,rho,397.97,399,0,4.49,4.49,0,0,0,1124.86,0.39,T,fit-eligible,,table
rho_alghafri,ALGHAFRI(2012) / EXP_KCl_T398K.txt,,rho,397.97,499,0,4.49,4.49,0,0,0,1128.56,0.39,T,fit-eligible,,table
rho_alghafri,ALGHAFRI(2012) / EXP_KCl_T398K.txt,,rho,397.97,599,0,4.49,4.49,0,0,0,1132.08,0.39,T,fit-eligible,,table
rho_alghafri,ALGHAFRI(2012) / EXP_KCl_T398K.txt,,rho,397.97,684,0,4.49,4.49,0,0,0,1135,0.39,T,fit-eligible,,table
rho_alghafri,ALGHAFRI(2012) / EXP_KCl_T423K.txt,,rho,422.94,9,0,1.06,1.06,0,0,0,965.57,0.26,T,fit-eligible,,table
rho_alghafri,ALGHAFRI(2012) / EXP_KCl_T423K.txt,,rho,422.94,99,0,1.06,1.06,0,0,0,970.25,0.26,T,fit-eligible,,table
rho_alghafri,ALGHAFRI(2012) / EXP_KCl_T423K.txt,,rho,422.94,199,0,1.06,1.06,0,0,0,975.13,0.26,T,fit-eligible,,table
rho_alghafri,ALGHAFRI(2012) / EXP_KCl_T423K.txt,,rho,422.94,299,0,1.06,1.06,0,0,0,979.97,0.26,T,fit-eligible,,table
rho_alghafri,ALGHAFRI(2012) / EXP_KCl_T423K.txt,,rho,422.94,399,0,1.06,1.06,0,0,0,984.63,0.26,T,fit-eligible,,table
rho_alghafri,ALGHAFRI(2012) / EXP_KCl_T423K.txt,,rho,422.94,499,0,1.06,1.06,0,0,0,989.18,0.26,T,fit-eligible,,table
rho_alghafri,ALGHAFRI(2012) / EXP_KCl_T423K.txt,,rho,422.94,599,0,1.06,1.06,0,0,0,993.52,0.26,T,fit-eligible,,table
rho_alghafri,ALGHAFRI(2012) / EXP_KCl_T423K.txt,,rho,422.94,684,0,1.06,1.06,0,0,0,997.11,0.26,T,fit-eligible,,table
rho_alghafri,ALGHAFRI(2012) / EXP_KCl_T423K.txt,,rho,422.94,9,0,3.15,3.15,0,0,0,1046.73,0.35,T,fit-eligible,,table
rho_alghafri,ALGHAFRI(2012) / EXP_KCl_T423K.txt,,rho,422.94,99,0,3.15,3.15,0,0,0,1050.87,0.35,T,fit-eligible,,table
rho_alghafri,ALGHAFRI(2012) / EXP_KCl_T423K.txt,,rho,422.94,199,0,3.15,3.15,0,0,0,1055.23,0.35,T,fit-eligible,,table
rho_alghafri,ALGHAFRI(2012) / EXP_KCl_T423K.txt,,rho,422.94,299,0,3.15,3.15,0,0,0,1059.51,0.35,T,fit-eligible,,table
rho_alghafri,ALGHAFRI(2012) / EXP_KCl_T423K.txt,,rho,422.94,399,0,3.15,3.15,0,0,0,1063.66,0.35,T,fit-eligible,,table
rho_alghafri,ALGHAFRI(2012) / EXP_KCl_T423K.txt,,rho,422.94,499,0,3.15,3.15,0,0,0,1067.79,0.35,T,fit-eligible,,table
rho_alghafri,ALGHAFRI(2012) / EXP_KCl_T423K.txt,,rho,422.94,599,0,3.15,3.15,0,0,0,1071.77,0.35,T,fit-eligible,,table
rho_alghafri,ALGHAFRI(2012) / EXP_KCl_T423K.txt,,rho,422.94,684,0,3.15,3.15,0,0,0,1075,0.35,T,fit-eligible,,table
rho_alghafri,ALGHAFRI(2012) / EXP_KCl_T423K.txt,,rho,422.94,9,0,4.49,4.49,0,0,0,1091.46,0.39,T,fit-eligible,,table
rho_alghafri,ALGHAFRI(2012) / EXP_KCl_T423K.txt,,rho,422.94,99,0,4.49,4.49,0,0,0,1095.41,0.39,T,fit-eligible,,table
rho_alghafri,ALGHAFRI(2012) / EXP_KCl_T423K.txt,,rho,422.94,199,0,4.49,4.49,0,0,0,1099.54,0.39,T,fit-eligible,,table
rho_alghafri,ALGHAFRI(2012) / EXP_KCl_T423K.txt,,rho,422.94,299,0,4.49,4.49,0,0,0,1103.53,0.39,T,fit-eligible,,table
rho_alghafri,ALGHAFRI(2012) / EXP_KCl_T423K.txt,,rho,422.94,399,0,4.49,4.49,0,0,0,1107.49,0.39,T,fit-eligible,,table
rho_alghafri,ALGHAFRI(2012) / EXP_KCl_T423K.txt,,rho,422.94,499,0,4.49,4.49,0,0,0,1111.34,0.39,T,fit-eligible,,table
rho_alghafri,ALGHAFRI(2012) / EXP_KCl_T423K.txt,,rho,422.94,599,0,4.49,4.49,0,0,0,1115.08,0.39,T,fit-eligible,,table
rho_alghafri,ALGHAFRI(2012) / EXP_KCl_T423K.txt,,rho,422.94,684,0,4.49,4.49,0,0,0,1118.18,0.39,T,fit-eligible,,table
rho_alghafri,ALGHAFRI(2012) / EXP_KCl_T448K.txt,,rho,447.94,9,0,1.06,1.06,0,0,0,942.89,0.26,T,fit-eligible,,table
rho_alghafri,ALGHAFRI(2012) / EXP_KCl_T448K.txt,,rho,447.94,99,0,1.06,1.06,0,0,0,948.08,0.26,T,fit-eligible,,table
rho_alghafri,ALGHAFRI(2012) / EXP_KCl_T448K.txt,,rho,447.94,199,0,1.06,1.06,0,0,0,953.62,0.26,T,fit-eligible,,table
rho_alghafri,ALGHAFRI(2012) / EXP_KCl_T448K.txt,,rho,447.94,299,0,1.06,1.06,0,0,0,958.88,0.26,T,fit-eligible,,table
rho_alghafri,ALGHAFRI(2012) / EXP_KCl_T448K.txt,,rho,447.94,399,0,1.06,1.06,0,0,0,963.97,0.26,T,fit-eligible,,table
rho_alghafri,ALGHAFRI(2012) / EXP_KCl_T448K.txt,,rho,447.94,499,0,1.06,1.06,0,0,0,968.88,0.26,T,fit-eligible,,table
rho_alghafri,ALGHAFRI(2012) / EXP_KCl_T448K.txt,,rho,447.94,599,0,1.06,1.06,0,0,0,973.66,0.26,T,fit-eligible,,table
rho_alghafri,ALGHAFRI(2012) / EXP_KCl_T448K.txt,,rho,447.94,684,0,1.06,1.06,0,0,0,977.57,0.26,T,fit-eligible,,table
rho_alghafri,ALGHAFRI(2012) / EXP_KCl_T448K.txt,,rho,447.94,9,0,3.15,3.15,0,0,0,1025.62,0.35,T,fit-eligible,,table
rho_alghafri,ALGHAFRI(2012) / EXP_KCl_T448K.txt,,rho,447.94,99,0,3.15,3.15,0,0,0,1030.11,0.35,T,fit-eligible,,table
rho_alghafri,ALGHAFRI(2012) / EXP_KCl_T448K.txt,,rho,447.94,199,0,3.15,3.15,0,0,0,1034.96,0.35,T,fit-eligible,,table
rho_alghafri,ALGHAFRI(2012) / EXP_KCl_T448K.txt,,rho,447.94,299,0,3.15,3.15,0,0,0,1039.57,0.35,T,fit-eligible,,table
rho_alghafri,ALGHAFRI(2012) / EXP_KCl_T448K.txt,,rho,447.94,399,0,3.15,3.15,0,0,0,1044.09,0.35,T,fit-eligible,,table
rho_alghafri,ALGHAFRI(2012) / EXP_KCl_T448K.txt,,rho,447.94,499,0,3.15,3.15,0,0,0,1048.45,0.35,T,fit-eligible,,table
rho_alghafri,ALGHAFRI(2012) / EXP_KCl_T448K.txt,,rho,447.94,599,0,3.15,3.15,0,0,0,1052.77,0.35,T,fit-eligible,,table
rho_alghafri,ALGHAFRI(2012) / EXP_KCl_T448K.txt,,rho,447.94,684,0,3.15,3.15,0,0,0,1056.27,0.35,T,fit-eligible,,table
rho_alghafri,ALGHAFRI(2012) / EXP_KCl_T448K.txt,,rho,447.94,9,0,4.49,4.49,0,0,0,1071.39,0.39,T,fit-eligible,,table
rho_alghafri,ALGHAFRI(2012) / EXP_KCl_T448K.txt,,rho,447.94,99,0,4.49,4.49,0,0,0,1075.5,0.39,T,fit-eligible,,table
rho_alghafri,ALGHAFRI(2012) / EXP_KCl_T448K.txt,,rho,447.94,199,0,4.49,4.49,0,0,0,1080.06,0.39,T,fit-eligible,,table
rho_alghafri,ALGHAFRI(2012) / EXP_KCl_T448K.txt,,rho,447.94,299,0,4.49,4.49,0,0,0,1084.38,0.39,T,fit-eligible,,table
rho_alghafri,ALGHAFRI(2012) / EXP_KCl_T448K.txt,,rho,447.94,399,0,4.49,4.49,0,0,0,1088.62,0.39,T,fit-eligible,,table
rho_alghafri,ALGHAFRI(2012) / EXP_KCl_T448K.txt,,rho,447.94,499,0,4.49,4.49,0,0,0,1092.74,0.39,T,fit-eligible,,table
rho_alghafri,ALGHAFRI(2012) / EXP_KCl_T448K.txt,,rho,447.94,599,0,4.49,4.49,0,0,0,1096.73,0.39,T,fit-eligible,,table
rho_alghafri,ALGHAFRI(2012) / EXP_KCl_T448K.txt,,rho,447.94,684,0,4.49,4.49,0,0,0,1100.1,0.39,T,fit-eligible,,table
rho_alghafri,ALGHAFRI(2012) / EXP_KCl_T473K.txt,,rho,472.96,99,0,1.06,1.06,0,0,0,923.68,0.26,T,fit-eligible,,table
rho_alghafri,ALGHAFRI(2012) / EXP_KCl_T473K.txt,,rho,472.96,199,0,1.06,1.06,0,0,0,929.93,0.26,T,fit-eligible,,table
rho_alghafri,ALGHAFRI(2012) / EXP_KCl_T473K.txt,,rho,472.96,299,0,1.06,1.06,0,0,0,935.86,0.26,T,fit-eligible,,table
rho_alghafri,ALGHAFRI(2012) / EXP_KCl_T473K.txt,,rho,472.96,399,0,1.06,1.06,0,0,0,941.62,0.26,T,fit-eligible,,table
rho_alghafri,ALGHAFRI(2012) / EXP_KCl_T473K.txt,,rho,472.96,499,0,1.06,1.06,0,0,0,947.07,0.26,T,fit-eligible,,table
rho_alghafri,ALGHAFRI(2012) / EXP_KCl_T473K.txt,,rho,472.96,599,0,1.06,1.06,0,0,0,952.36,0.26,T,fit-eligible,,table
rho_alghafri,ALGHAFRI(2012) / EXP_KCl_T473K.txt,,rho,472.96,684,0,1.06,1.06,0,0,0,956.79,0.26,T,fit-eligible,,table
rho_alghafri,ALGHAFRI(2012) / EXP_KCl_T473K.txt,,rho,472.96,99,0,3.15,3.15,0,0,0,1007.94,0.35,T,fit-eligible,,table
rho_alghafri,ALGHAFRI(2012) / EXP_KCl_T473K.txt,,rho,472.96,199,0,3.15,3.15,0,0,0,1013.25,0.35,T,fit-eligible,,table
rho_alghafri,ALGHAFRI(2012) / EXP_KCl_T473K.txt,,rho,472.96,299,0,3.15,3.15,0,0,0,1018.38,0.35,T,fit-eligible,,table
rho_alghafri,ALGHAFRI(2012) / EXP_KCl_T473K.txt,,rho,472.96,399,0,3.15,3.15,0,0,0,1023.39,0.35,T,fit-eligible,,table
rho_alghafri,ALGHAFRI(2012) / EXP_KCl_T473K.txt,,rho,472.96,499,0,3.15,3.15,0,0,0,1028.19,0.35,T,fit-eligible,,table
rho_alghafri,ALGHAFRI(2012) / EXP_KCl_T473K.txt,,rho,472.96,599,0,3.15,3.15,0,0,0,1032.84,0.35,T,fit-eligible,,table
rho_alghafri,ALGHAFRI(2012) / EXP_KCl_T473K.txt,,rho,472.96,684,0,3.15,3.15,0,0,0,1036.57,0.35,T,fit-eligible,,table
rho_alghafri,ALGHAFRI(2012) / EXP_KCl_T473K.txt,,rho,472.96,99,0,4.49,4.49,0,0,0,1054.54,0.39,T,fit-eligible,,table
rho_alghafri,ALGHAFRI(2012) / EXP_KCl_T473K.txt,,rho,472.96,199,0,4.49,4.49,0,0,0,1059.47,0.39,T,fit-eligible,,table
rho_alghafri,ALGHAFRI(2012) / EXP_KCl_T473K.txt,,rho,472.96,299,0,4.49,4.49,0,0,0,1064.17,0.39,T,fit-eligible,,table
rho_alghafri,ALGHAFRI(2012) / EXP_KCl_T473K.txt,,rho,472.96,399,0,4.49,4.49,0,0,0,1068.85,0.39,T,fit-eligible,,table
rho_alghafri,ALGHAFRI(2012) / EXP_KCl_T473K.txt,,rho,472.96,499,0,4.49,4.49,0,0,0,1073.32,0.39,T,fit-eligible,,table
rho_alghafri,ALGHAFRI(2012) / EXP_KCl_T473K.txt,,rho,472.96,599,0,4.49,4.49,0,0,0,1077.68,0.39,T,fit-eligible,,table
rho_alghafri,ALGHAFRI(2012) / EXP_KCl_T473K.txt,,rho,472.96,684,0,4.49,4.49,0,0,0,1081.18,0.39,T,fit-eligible,,table
rho_alghafri,ALGHAFRI(2012) / EXP_CaCl_T283K.txt,,rho,283.15,10.5,0,2,0,1,0,0,1087.02,0.3,T,fit-eligible,,table
rho_alghafri,ALGHAFRI(2012) / EXP_CaCl_T283K.txt,,rho,283.15,100.2,0,2,0,1,0,0,1090.65,0.3,T,fit-eligible,,table
rho_alghafri,ALGHAFRI(2012) / EXP_CaCl_T283K.txt,,rho,283.15,199.7,0,2,0,1,0,0,1094.63,0.3,T,fit-eligible,,table
rho_alghafri,ALGHAFRI(2012) / EXP_CaCl_T283K.txt,,rho,283.15,299,0,2,0,1,0,0,1098.56,0.3,T,fit-eligible,,table
rho_alghafri,ALGHAFRI(2012) / EXP_CaCl_T283K.txt,,rho,283.15,398.3,0,2,0,1,0,0,1102.39,0.3,T,fit-eligible,,table
rho_alghafri,ALGHAFRI(2012) / EXP_CaCl_T283K.txt,,rho,283.15,497.6,0,2,0,1,0,0,1106.11,0.3,T,fit-eligible,,table
rho_alghafri,ALGHAFRI(2012) / EXP_CaCl_T283K.txt,,rho,283.15,596.8,0,2,0,1,0,0,1109.84,0.3,T,fit-eligible,,table
rho_alghafri,ALGHAFRI(2012) / EXP_CaCl_T283K.txt,,rho,283.15,681.2,0,2,0,1,0,0,1113.04,0.3,T,fit-eligible,,table
rho_alghafri,ALGHAFRI(2012) / EXP_CaCl_T298K.txt,,rho,298.12,10.5,0,2,0,1,0,0,1082.37,0.3,T,fit-eligible,,table
rho_alghafri,ALGHAFRI(2012) / EXP_CaCl_T298K.txt,,rho,298.12,100.2,0,2,0,1,0,0,1085.93,0.3,T,fit-eligible,,table
rho_alghafri,ALGHAFRI(2012) / EXP_CaCl_T298K.txt,,rho,298.12,199.7,0,2,0,1,0,0,1089.7,0.3,T,fit-eligible,,table
rho_alghafri,ALGHAFRI(2012) / EXP_CaCl_T298K.txt,,rho,298.12,299,0,2,0,1,0,0,1093.48,0.3,T,fit-eligible,,table
rho_alghafri,ALGHAFRI(2012) / EXP_CaCl_T298K.txt,,rho,298.12,398.3,0,2,0,1,0,0,1097.27,0.3,T,fit-eligible,,table
rho_alghafri,ALGHAFRI(2012) / EXP_CaCl_T298K.txt,,rho,298.12,497.6,0,2,0,1,0,0,1100.95,0.3,T,fit-eligible,,table
rho_alghafri,ALGHAFRI(2012) / EXP_CaCl_T298K.txt,,rho,298.12,596.8,0,2,0,1,0,0,1104.52,0.3,T,fit-eligible,,table
rho_alghafri,ALGHAFRI(2012) / EXP_CaCl_T298K.txt,,rho,298.12,681.2,0,2,0,1,0,0,1107.46,0.3,T,fit-eligible,,table
rho_alghafri,ALGHAFRI(2012) / EXP_CaCl_T298K.txt,,rho,298.12,10.5,0,6,0,3,0,0,1225.07,0.49,T,fit-eligible,,table
rho_alghafri,ALGHAFRI(2012) / EXP_CaCl_T298K.txt,,rho,298.12,100.2,0,6,0,3,0,0,1228.17,0.49,T,fit-eligible,,table
rho_alghafri,ALGHAFRI(2012) / EXP_CaCl_T298K.txt,,rho,298.12,199.7,0,6,0,3,0,0,1231.3,0.49,T,fit-eligible,,table
rho_alghafri,ALGHAFRI(2012) / EXP_CaCl_T298K.txt,,rho,298.12,299,0,6,0,3,0,0,1234.6,0.49,T,fit-eligible,,table
rho_alghafri,ALGHAFRI(2012) / EXP_CaCl_T298K.txt,,rho,298.12,398.3,0,6,0,3,0,0,1237.81,0.49,T,fit-eligible,,table
rho_alghafri,ALGHAFRI(2012) / EXP_CaCl_T298K.txt,,rho,298.12,497.6,0,6,0,3,0,0,1240.96,0.49,T,fit-eligible,,table
rho_alghafri,ALGHAFRI(2012) / EXP_CaCl_T298K.txt,,rho,298.12,596.8,0,6,0,3,0,0,1244,0.49,T,fit-eligible,,table
rho_alghafri,ALGHAFRI(2012) / EXP_CaCl_T298K.txt,,rho,298.12,681.2,0,6,0,3,0,0,1246.57,0.49,T,fit-eligible,,table
rho_alghafri,ALGHAFRI(2012) / EXP_CaCl_T298K.txt,,rho,298.12,10.5,0,12,0,6,0,0,1388,0.58,T,fit-eligible,,table
rho_alghafri,ALGHAFRI(2012) / EXP_CaCl_T298K.txt,,rho,298.12,100.2,0,12,0,6,0,0,1390.67,0.58,T,fit-eligible,,table
rho_alghafri,ALGHAFRI(2012) / EXP_CaCl_T298K.txt,,rho,298.12,199.7,0,12,0,6,0,0,1393.43,0.58,T,fit-eligible,,table
rho_alghafri,ALGHAFRI(2012) / EXP_CaCl_T298K.txt,,rho,298.12,299,0,12,0,6,0,0,1396.28,0.58,T,fit-eligible,,table
rho_alghafri,ALGHAFRI(2012) / EXP_CaCl_T298K.txt,,rho,298.12,398.3,0,12,0,6,0,0,1399.14,0.58,T,fit-eligible,,table
rho_alghafri,ALGHAFRI(2012) / EXP_CaCl_T298K.txt,,rho,298.12,497.6,0,12,0,6,0,0,1401.93,0.58,T,fit-eligible,,table
rho_alghafri,ALGHAFRI(2012) / EXP_CaCl_T298K.txt,,rho,298.12,596.8,0,12,0,6,0,0,1404.61,0.58,T,fit-eligible,,table
rho_alghafri,ALGHAFRI(2012) / EXP_CaCl_T298K.txt,,rho,298.12,681.2,0,12,0,6,0,0,1406.89,0.58,T,fit-eligible,,table
rho_alghafri,ALGHAFRI(2012) / EXP_CaCl_T323K.txt,,rho,323.07,10.5,0,2,0,1,0,0,1072.02,0.3,T,fit-eligible,,table
rho_alghafri,ALGHAFRI(2012) / EXP_CaCl_T323K.txt,,rho,323.07,100.2,0,2,0,1,0,0,1075.48,0.3,T,fit-eligible,,table
rho_alghafri,ALGHAFRI(2012) / EXP_CaCl_T323K.txt,,rho,323.07,199.7,0,2,0,1,0,0,1079.27,0.3,T,fit-eligible,,table
rho_alghafri,ALGHAFRI(2012) / EXP_CaCl_T323K.txt,,rho,323.07,299,0,2,0,1,0,0,1082.99,0.3,T,fit-eligible,,table
rho_alghafri,ALGHAFRI(2012) / EXP_CaCl_T323K.txt,,rho,323.07,398.3,0,2,0,1,0,0,1086.62,0.3,T,fit-eligible,,table
rho_alghafri,ALGHAFRI(2012) / EXP_CaCl_T323K.txt,,rho,323.07,497.6,0,2,0,1,0,0,1090.1,0.3,T,fit-eligible,,table
rho_alghafri,ALGHAFRI(2012) / EXP_CaCl_T323K.txt,,rho,323.07,596.8,0,2,0,1,0,0,1093.62,0.3,T,fit-eligible,,table
rho_alghafri,ALGHAFRI(2012) / EXP_CaCl_T323K.txt,,rho,323.07,681.2,0,2,0,1,0,0,1096.56,0.3,T,fit-eligible,,table
rho_alghafri,ALGHAFRI(2012) / EXP_CaCl_T323K.txt,,rho,323.07,10.5,0,6,0,3,0,0,1212.47,0.49,T,fit-eligible,,table
rho_alghafri,ALGHAFRI(2012) / EXP_CaCl_T323K.txt,,rho,323.07,100.2,0,6,0,3,0,0,1215.47,0.49,T,fit-eligible,,table
rho_alghafri,ALGHAFRI(2012) / EXP_CaCl_T323K.txt,,rho,323.07,199.7,0,6,0,3,0,0,1218.73,0.49,T,fit-eligible,,table
rho_alghafri,ALGHAFRI(2012) / EXP_CaCl_T323K.txt,,rho,323.07,299,0,6,0,3,0,0,1221.98,0.49,T,fit-eligible,,table
rho_alghafri,ALGHAFRI(2012) / EXP_CaCl_T323K.txt,,rho,323.07,398.3,0,6,0,3,0,0,1225.08,0.49,T,fit-eligible,,table
rho_alghafri,ALGHAFRI(2012) / EXP_CaCl_T323K.txt,,rho,323.07,497.6,0,6,0,3,0,0,1228.11,0.49,T,fit-eligible,,table
rho_alghafri,ALGHAFRI(2012) / EXP_CaCl_T323K.txt,,rho,323.07,596.8,0,6,0,3,0,0,1231.21,0.49,T,fit-eligible,,table
rho_alghafri,ALGHAFRI(2012) / EXP_CaCl_T323K.txt,,rho,323.07,681.2,0,6,0,3,0,0,1233.72,0.49,T,fit-eligible,,table
rho_alghafri,ALGHAFRI(2012) / EXP_CaCl_T323K.txt,,rho,323.07,10.5,0,12,0,6,0,0,1372.06,0.58,T,fit-eligible,,table
rho_alghafri,ALGHAFRI(2012) / EXP_CaCl_T323K.txt,,rho,323.07,100.2,0,12,0,6,0,0,1374.67,0.58,T,fit-eligible,,table
rho_alghafri,ALGHAFRI(2012) / EXP_CaCl_T323K.txt,,rho,323.07,199.7,0,12,0,6,0,0,1377.58,0.58,T,fit-eligible,,table
rho_alghafri,ALGHAFRI(2012) / EXP_CaCl_T323K.txt,,rho,323.07,299,0,12,0,6,0,0,1380.48,0.58,T,fit-eligible,,table
rho_alghafri,ALGHAFRI(2012) / EXP_CaCl_T323K.txt,,rho,323.07,398.3,0,12,0,6,0,0,1383.27,0.58,T,fit-eligible,,table
rho_alghafri,ALGHAFRI(2012) / EXP_CaCl_T323K.txt,,rho,323.07,497.6,0,12,0,6,0,0,1385.94,0.58,T,fit-eligible,,table
rho_alghafri,ALGHAFRI(2012) / EXP_CaCl_T323K.txt,,rho,323.07,596.8,0,12,0,6,0,0,1388.68,0.58,T,fit-eligible,,table
rho_alghafri,ALGHAFRI(2012) / EXP_CaCl_T323K.txt,,rho,323.07,681.2,0,12,0,6,0,0,1390.9,0.58,T,fit-eligible,,table
rho_alghafri,ALGHAFRI(2012) / EXP_CaCl_T348K.txt,,rho,348.04,10.5,0,2,0,1,0,0,1058.99,0.3,T,fit-eligible,,table
rho_alghafri,ALGHAFRI(2012) / EXP_CaCl_T348K.txt,,rho,348.04,100.2,0,2,0,1,0,0,1062.51,0.3,T,fit-eligible,,table
rho_alghafri,ALGHAFRI(2012) / EXP_CaCl_T348K.txt,,rho,348.04,199.7,0,2,0,1,0,0,1066.31,0.3,T,fit-eligible,,table
rho_alghafri,ALGHAFRI(2012) / EXP_CaCl_T348K.txt,,rho,348.04,299,0,2,0,1,0,0,1070.05,0.3,T,fit-eligible,,table
rho_alghafri,ALGHAFRI(2012) / EXP_CaCl_T348K.txt,,rho,348.04,398.3,0,2,0,1,0,0,1073.75,0.3,T,fit-eligible,,table
rho_alghafri,ALGHAFRI(2012) / EXP_CaCl_T348K.txt,,rho,348.04,497.6,0,2,0,1,0,0,1077.29,0.3,T,fit-eligible,,table
rho_alghafri,ALGHAFRI(2012) / EXP_CaCl_T348K.txt,,rho,348.04,596.8,0,2,0,1,0,0,1080.87,0.3,T,fit-eligible,,table
rho_alghafri,ALGHAFRI(2012) / EXP_CaCl_T348K.txt,,rho,348.04,681.2,0,2,0,1,0,0,1083.78,0.3,T,fit-eligible,,table
rho_alghafri,ALGHAFRI(2012) / EXP_CaCl_T348K.txt,,rho,348.04,10.5,0,6,0,3,0,0,1198.77,0.49,T,fit-eligible,,table
rho_alghafri,ALGHAFRI(2012) / EXP_CaCl_T348K.txt,,rho,348.04,100.2,0,6,0,3,0,0,1201.83,0.49,T,fit-eligible,,table
rho_alghafri,ALGHAFRI(2012) / EXP_CaCl_T348K.txt,,rho,348.04,199.7,0,6,0,3,0,0,1205.15,0.49,T,fit-eligible,,table
rho_alghafri,ALGHAFRI(2012) / EXP_CaCl_T348K.txt,,rho,348.04,299,0,6,0,3,0,0,1208.41,0.49,T,fit-eligible,,table
rho_alghafri,ALGHAFRI(2012) / EXP_CaCl_T348K.txt,,rho,348.04,398.3,0,6,0,3,0,0,1211.58,0.49,T,fit-eligible,,table
rho_alghafri,ALGHAFRI(2012) / EXP_CaCl_T348K.txt,,rho,348.04,497.6,0,6,0,3,0,0,1214.64,0.49,T,fit-eligible,,table
rho_alghafri,ALGHAFRI(2012) / EXP_CaCl_T348K.txt,,rho,348.04,596.8,0,6,0,3,0,0,1217.8,0.49,T,fit-eligible,,table
rho_alghafri,ALGHAFRI(2012) / EXP_CaCl_T348K.txt,,rho,348.04,681.2,0,6,0,3,0,0,1220.39,0.49,T,fit-eligible,,table
rho_alghafri,ALGHAFRI(2012) / EXP_CaCl_T348K.txt,,rho,348.04,10.5,0,12,0,6,0,0,1356.18,0.58,T,fit-eligible,,table
rho_alghafri,ALGHAFRI(2012) / EXP_CaCl_T348K.txt,,rho,348.04,100.2,0,12,0,6,0,0,1358.9,0.58,T,fit-eligible,,table
rho_alghafri,ALGHAFRI(2012) / EXP_CaCl_T348K.txt,,rho,348.04,199.7,0,12,0,6,0,0,1361.82,0.58,T,fit-eligible,,table
rho_alghafri,ALGHAFRI(2012) / EXP_CaCl_T348K.txt,,rho,348.04,299,0,12,0,6,0,0,1364.67,0.58,T,fit-eligible,,table
rho_alghafri,ALGHAFRI(2012) / EXP_CaCl_T348K.txt,,rho,348.04,398.3,0,12,0,6,0,0,1367.55,0.58,T,fit-eligible,,table
rho_alghafri,ALGHAFRI(2012) / EXP_CaCl_T348K.txt,,rho,348.04,497.6,0,12,0,6,0,0,1370.29,0.58,T,fit-eligible,,table
rho_alghafri,ALGHAFRI(2012) / EXP_CaCl_T348K.txt,,rho,348.04,596.8,0,12,0,6,0,0,1373.09,0.58,T,fit-eligible,,table
rho_alghafri,ALGHAFRI(2012) / EXP_CaCl_T348K.txt,,rho,348.04,681.2,0,12,0,6,0,0,1375.4,0.58,T,fit-eligible,,table
rho_alghafri,ALGHAFRI(2012) / EXP_CaCl_T373K.txt,,rho,372.99,10.5,0,2,0,1,0,0,1043.73,0.3,T,fit-eligible,,table
rho_alghafri,ALGHAFRI(2012) / EXP_CaCl_T373K.txt,,rho,372.99,100.2,0,2,0,1,0,0,1047.42,0.3,T,fit-eligible,,table
rho_alghafri,ALGHAFRI(2012) / EXP_CaCl_T373K.txt,,rho,372.99,199.7,0,2,0,1,0,0,1051.39,0.3,T,fit-eligible,,table
rho_alghafri,ALGHAFRI(2012) / EXP_CaCl_T373K.txt,,rho,372.99,299,0,2,0,1,0,0,1055.27,0.3,T,fit-eligible,,table
rho_alghafri,ALGHAFRI(2012) / EXP_CaCl_T373K.txt,,rho,372.99,398.3,0,2,0,1,0,0,1059.05,0.3,T,fit-eligible,,table
rho_alghafri,ALGHAFRI(2012) / EXP_CaCl_T373K.txt,,rho,372.99,497.6,0,2,0,1,0,0,1062.77,0.3,T,fit-eligible,,table
rho_alghafri,ALGHAFRI(2012) / EXP_CaCl_T373K.txt,,rho,372.99,596.8,0,2,0,1,0,0,1066.34,0.3,T,fit-eligible,,table
rho_alghafri,ALGHAFRI(2012) / EXP_CaCl_T373K.txt,,rho,372.99,681.2,0,2,0,1,0,0,1069.39,0.3,T,fit-eligible,,table
rho_alghafri,ALGHAFRI(2012) / EXP_CaCl_T373K.txt,,rho,372.99,10.5,0,6,0,3,0,0,1184.12,0.49,T,fit-eligible,,table
rho_alghafri,ALGHAFRI(2012) / EXP_CaCl_T373K.txt,,rho,372.99,100.2,0,6,0,3,0,0,1187.2,0.49,T,fit-eligible,,table
rho_alghafri,ALGHAFRI(2012) / EXP_CaCl_T373K.txt,,rho,372.99,199.7,0,6,0,3,0,0,1190.58,0.49,T,fit-eligible,,table
rho_alghafri,ALGHAFRI(2012) / EXP_CaCl_T373K.txt,,rho,372.99,299,0,6,0,3,0,0,1193.94,0.49,T,fit-eligible,,table
rho_alghafri,ALGHAFRI(2012) / EXP_CaCl_T373K.txt,,rho,372.99,398.3,0,6,0,3,0,0,1197.14,0.49,T,fit-eligible,,table
rho_alghafri,ALGHAFRI(2012) / EXP_CaCl_T373K.txt,,rho,372.99,497.6,0,6,0,3,0,0,1200.38,0.49,T,fit-eligible,,table
rho_alghafri,ALGHAFRI(2012) / EXP_CaCl_T373K.txt,,rho,372.99,596.8,0,6,0,3,0,0,1203.46,0.49,T,fit-eligible,,table
rho_alghafri,ALGHAFRI(2012) / EXP_CaCl_T373K.txt,,rho,372.99,681.2,0,6,0,3,0,0,1206.1,0.49,T,fit-eligible,,table
rho_alghafri,ALGHAFRI(2012) / EXP_CaCl_T373K.txt,,rho,372.99,10.5,0,12,0,6,0,0,1340.35,0.58,T,fit-eligible,,table
rho_alghafri,ALGHAFRI(2012) / EXP_CaCl_T373K.txt,,rho,372.99,100.2,0,12,0,6,0,0,1343.09,0.58,T,fit-eligible,,table
rho_alghafri,ALGHAFRI(2012) / EXP_CaCl_T373K.txt,,rho,372.99,199.7,0,12,0,6,0,0,1346.07,0.58,T,fit-eligible,,table
rho_alghafri,ALGHAFRI(2012) / EXP_CaCl_T373K.txt,,rho,372.99,299,0,12,0,6,0,0,1349.03,0.58,T,fit-eligible,,table
rho_alghafri,ALGHAFRI(2012) / EXP_CaCl_T373K.txt,,rho,372.99,398.3,0,12,0,6,0,0,1351.92,0.58,T,fit-eligible,,table
rho_alghafri,ALGHAFRI(2012) / EXP_CaCl_T373K.txt,,rho,372.99,497.6,0,12,0,6,0,0,1354.76,0.58,T,fit-eligible,,table
rho_alghafri,ALGHAFRI(2012) / EXP_CaCl_T373K.txt,,rho,372.99,596.8,0,12,0,6,0,0,1357.57,0.58,T,fit-eligible,,table
rho_alghafri,ALGHAFRI(2012) / EXP_CaCl_T373K.txt,,rho,372.99,681.2,0,12,0,6,0,0,1359.88,0.58,T,fit-eligible,,table
rho_alghafri,ALGHAFRI(2012) / EXP_CaCl_T398K.txt,,rho,397.97,10.5,0,2,0,1,0,0,1026.22,0.3,T,fit-eligible,,table
rho_alghafri,ALGHAFRI(2012) / EXP_CaCl_T398K.txt,,rho,397.97,100.2,0,2,0,1,0,0,1030.11,0.3,T,fit-eligible,,table
rho_alghafri,ALGHAFRI(2012) / EXP_CaCl_T398K.txt,,rho,397.97,199.7,0,2,0,1,0,0,1034.38,0.3,T,fit-eligible,,table
rho_alghafri,ALGHAFRI(2012) / EXP_CaCl_T398K.txt,,rho,397.97,299,0,2,0,1,0,0,1038.38,0.3,T,fit-eligible,,table
rho_alghafri,ALGHAFRI(2012) / EXP_CaCl_T398K.txt,,rho,397.97,398.3,0,2,0,1,0,0,1042.42,0.3,T,fit-eligible,,table
rho_alghafri,ALGHAFRI(2012) / EXP_CaCl_T398K.txt,,rho,397.97,497.6,0,2,0,1,0,0,1046.36,0.3,T,fit-eligible,,table
rho_alghafri,ALGHAFRI(2012) / EXP_CaCl_T398K.txt,,rho,397.97,596.8,0,2,0,1,0,0,1050.19,0.3,T,fit-eligible,,table
rho_alghafri,ALGHAFRI(2012) / EXP_CaCl_T398K.txt,,rho,397.97,681.2,0,2,0,1,0,0,1053.29,0.3,T,fit-eligible,,table
rho_alghafri,ALGHAFRI(2012) / EXP_CaCl_T398K.txt,,rho,397.97,10.5,0,6,0,3,0,0,1167.99,0.49,T,fit-eligible,,table
rho_alghafri,ALGHAFRI(2012) / EXP_CaCl_T398K.txt,,rho,397.97,100.2,0,6,0,3,0,0,1171.26,0.49,T,fit-eligible,,table
rho_alghafri,ALGHAFRI(2012) / EXP_CaCl_T398K.txt,,rho,397.97,199.7,0,6,0,3,0,0,1174.82,0.49,T,fit-eligible,,table
rho_alghafri,ALGHAFRI(2012) / EXP_CaCl_T398K.txt,,rho,397.97,299,0,6,0,3,0,0,1178.23,0.49,T,fit-eligible,,table
rho_alghafri,ALGHAFRI(2012) / EXP_CaCl_T398K.txt,,rho,397.97,398.3,0,6,0,3,0,0,1181.65,0.49,T,fit-eligible,,table
rho_alghafri,ALGHAFRI(2012) / EXP_CaCl_T398K.txt,,rho,397.97,497.6,0,6,0,3,0,0,1184.96,0.49,T,fit-eligible,,table
rho_alghafri,ALGHAFRI(2012) / EXP_CaCl_T398K.txt,,rho,397.97,596.8,0,6,0,3,0,0,1188.2,0.49,T,fit-eligible,,table
rho_alghafri,ALGHAFRI(2012) / EXP_CaCl_T398K.txt,,rho,397.97,681.2,0,6,0,3,0,0,1190.88,0.49,T,fit-eligible,,table
rho_alghafri,ALGHAFRI(2012) / EXP_CaCl_T398K.txt,,rho,397.97,10.5,0,12,0,6,0,0,1324.03,0.58,T,fit-eligible,,table
rho_alghafri,ALGHAFRI(2012) / EXP_CaCl_T398K.txt,,rho,397.97,100.2,0,12,0,6,0,0,1326.81,0.58,T,fit-eligible,,table
rho_alghafri,ALGHAFRI(2012) / EXP_CaCl_T398K.txt,,rho,397.97,199.7,0,12,0,6,0,0,1329.91,0.58,T,fit-eligible,,table
rho_alghafri,ALGHAFRI(2012) / EXP_CaCl_T398K.txt,,rho,397.97,299,0,12,0,6,0,0,1332.86,0.58,T,fit-eligible,,table
rho_alghafri,ALGHAFRI(2012) / EXP_CaCl_T398K.txt,,rho,397.97,398.3,0,12,0,6,0,0,1335.87,0.58,T,fit-eligible,,table
rho_alghafri,ALGHAFRI(2012) / EXP_CaCl_T398K.txt,,rho,397.97,497.6,0,12,0,6,0,0,1338.78,0.58,T,fit-eligible,,table
rho_alghafri,ALGHAFRI(2012) / EXP_CaCl_T398K.txt,,rho,397.97,596.8,0,12,0,6,0,0,1341.67,0.58,T,fit-eligible,,table
rho_alghafri,ALGHAFRI(2012) / EXP_CaCl_T398K.txt,,rho,397.97,681.2,0,12,0,6,0,0,1344,0.58,T,fit-eligible,,table
rho_alghafri,ALGHAFRI(2012) / EXP_CaCl_T423K.txt,,rho,422.94,10.5,0,2,0,1,0,0,1006.8,0.3,T,fit-eligible,,table
rho_alghafri,ALGHAFRI(2012) / EXP_CaCl_T423K.txt,,rho,422.94,100.2,0,2,0,1,0,0,1011.09,0.3,T,fit-eligible,,table
rho_alghafri,ALGHAFRI(2012) / EXP_CaCl_T423K.txt,,rho,422.94,199.7,0,2,0,1,0,0,1015.62,0.3,T,fit-eligible,,table
rho_alghafri,ALGHAFRI(2012) / EXP_CaCl_T423K.txt,,rho,422.94,299,0,2,0,1,0,0,1020,0.3,T,fit-eligible,,table
rho_alghafri,ALGHAFRI(2012) / EXP_CaCl_T423K.txt,,rho,422.94,398.3,0,2,0,1,0,0,1024.3,0.3,T,fit-eligible,,table
rho_alghafri,ALGHAFRI(2012) / EXP_CaCl_T423K.txt,,rho,422.94,497.6,0,2,0,1,0,0,1028.53,0.3,T,fit-eligible,,table
rho_alghafri,ALGHAFRI(2012) / EXP_CaCl_T423K.txt,,rho,422.94,596.8,0,2,0,1,0,0,1032.62,0.3,T,fit-eligible,,table
rho_alghafri,ALGHAFRI(2012) / EXP_CaCl_T423K.txt,,rho,422.94,681.2,0,2,0,1,0,0,1036,0.3,T,fit-eligible,,table
rho_alghafri,ALGHAFRI(2012) / EXP_CaCl_T423K.txt,,rho,422.94,10.5,0,6,0,3,0,0,1150.79,0.49,T,fit-eligible,,table
rho_alghafri,ALGHAFRI(2012) / EXP_CaCl_T423K.txt,,rho,422.94,100.2,0,6,0,3,0,0,1154.33,0.49,T,fit-eligible,,table
rho_alghafri,ALGHAFRI(2012) / EXP_CaCl_T423K.txt,,rho,422.94,199.7,0,6,0,3,0,0,1158.03,0.49,T,fit-eligible,,table
rho_alghafri,ALGHAFRI(2012) / EXP_CaCl_T423K.txt,,rho,422.94,299,0,6,0,3,0,0,1161.68,0.49,T,fit-eligible,,table
rho_alghafri,ALGHAFRI(2012) / EXP_CaCl_T423K.txt,,rho,422.94,398.3,0,6,0,3,0,0,1165.21,0.49,T,fit-eligible,,table
rho_alghafri,ALGHAFRI(2012) / EXP_CaCl_T423K.txt,,rho,422.94,497.6,0,6,0,3,0,0,1168.72,0.49,T,fit-eligible,,table
rho_alghafri,ALGHAFRI(2012) / EXP_CaCl_T423K.txt,,rho,422.94,596.8,0,6,0,3,0,0,1172.12,0.49,T,fit-eligible,,table
rho_alghafri,ALGHAFRI(2012) / EXP_CaCl_T423K.txt,,rho,422.94,681.2,0,6,0,3,0,0,1174.94,0.49,T,fit-eligible,,table
rho_alghafri,ALGHAFRI(2012) / EXP_CaCl_T423K.txt,,rho,422.94,10.5,0,12,0,6,0,0,1307.39,0.58,T,fit-eligible,,table
rho_alghafri,ALGHAFRI(2012) / EXP_CaCl_T423K.txt,,rho,422.94,100.2,0,12,0,6,0,0,1310.4,0.58,T,fit-eligible,,table
rho_alghafri,ALGHAFRI(2012) / EXP_CaCl_T423K.txt,,rho,422.94,199.7,0,12,0,6,0,0,1313.54,0.58,T,fit-eligible,,table
rho_alghafri,ALGHAFRI(2012) / EXP_CaCl_T423K.txt,,rho,422.94,299,0,12,0,6,0,0,1316.63,0.58,T,fit-eligible,,table
rho_alghafri,ALGHAFRI(2012) / EXP_CaCl_T423K.txt,,rho,422.94,398.3,0,12,0,6,0,0,1319.7,0.58,T,fit-eligible,,table
rho_alghafri,ALGHAFRI(2012) / EXP_CaCl_T423K.txt,,rho,422.94,497.6,0,12,0,6,0,0,1322.71,0.58,T,fit-eligible,,table
rho_alghafri,ALGHAFRI(2012) / EXP_CaCl_T423K.txt,,rho,422.94,596.8,0,12,0,6,0,0,1325.64,0.58,T,fit-eligible,,table
rho_alghafri,ALGHAFRI(2012) / EXP_CaCl_T423K.txt,,rho,422.94,681.2,0,12,0,6,0,0,1328.12,0.58,T,fit-eligible,,table
rho_alghafri,ALGHAFRI(2012) / EXP_CaCl_T448K.txt,,rho,447.94,10.5,0,2,0,1,0,0,985.31,0.3,T,fit-eligible,,table
rho_alghafri,ALGHAFRI(2012) / EXP_CaCl_T448K.txt,,rho,447.94,100.2,0,2,0,1,0,0,989.96,0.3,T,fit-eligible,,table
rho_alghafri,ALGHAFRI(2012) / EXP_CaCl_T448K.txt,,rho,447.94,199.7,0,2,0,1,0,0,995.04,0.3,T,fit-eligible,,table
rho_alghafri,ALGHAFRI(2012) / EXP_CaCl_T448K.txt,,rho,447.94,299,0,2,0,1,0,0,999.9,0.3,T,fit-eligible,,table
rho_alghafri,ALGHAFRI(2012) / EXP_CaCl_T448K.txt,,rho,447.94,398.3,0,2,0,1,0,0,1004.57,0.3,T,fit-eligible,,table
rho_alghafri,ALGHAFRI(2012) / EXP_CaCl_T448K.txt,,rho,447.94,497.6,0,2,0,1,0,0,1009.07,0.3,T,fit-eligible,,table
rho_alghafri,ALGHAFRI(2012) / EXP_CaCl_T448K.txt,,rho,447.94,596.8,0,2,0,1,0,0,1013.53,0.3,T,fit-eligible,,table
rho_alghafri,ALGHAFRI(2012) / EXP_CaCl_T448K.txt,,rho,447.94,681.2,0,2,0,1,0,0,1017.15,0.3,T,fit-eligible,,table
rho_alghafri,ALGHAFRI(2012) / EXP_CaCl_T448K.txt,,rho,447.94,10.5,0,6,0,3,0,0,1132.22,0.49,T,fit-eligible,,table
rho_alghafri,ALGHAFRI(2012) / EXP_CaCl_T448K.txt,,rho,447.94,100.2,0,6,0,3,0,0,1135.97,0.49,T,fit-eligible,,table
rho_alghafri,ALGHAFRI(2012) / EXP_CaCl_T448K.txt,,rho,447.94,199.7,0,6,0,3,0,0,1139.99,0.49,T,fit-eligible,,table
rho_alghafri,ALGHAFRI(2012) / EXP_CaCl_T448K.txt,,rho,447.94,299,0,6,0,3,0,0,1143.88,0.49,T,fit-eligible,,table
rho_alghafri,ALGHAFRI(2012) / EXP_CaCl_T448K.txt,,rho,447.94,398.3,0,6,0,3,0,0,1147.62,0.49,T,fit-eligible,,table
rho_alghafri,ALGHAFRI(2012) / EXP_CaCl_T448K.txt,,rho,447.94,497.6,0,6,0,3,0,0,1151.3,0.49,T,fit-eligible,,table
rho_alghafri,ALGHAFRI(2012) / EXP_CaCl_T448K.txt,,rho,447.94,596.8,0,6,0,3,0,0,1154.99,0.49,T,fit-eligible,,table
rho_alghafri,ALGHAFRI(2012) / EXP_CaCl_T448K.txt,,rho,447.94,681.2,0,6,0,3,0,0,1157.94,0.49,T,fit-eligible,,table
rho_alghafri,ALGHAFRI(2012) / EXP_CaCl_T448K.txt,,rho,447.94,10.5,0,12,0,6,0,0,1290.23,0.58,T,fit-eligible,,table
rho_alghafri,ALGHAFRI(2012) / EXP_CaCl_T448K.txt,,rho,447.94,100.2,0,12,0,6,0,0,1293.23,0.58,T,fit-eligible,,table
rho_alghafri,ALGHAFRI(2012) / EXP_CaCl_T448K.txt,,rho,447.94,199.7,0,12,0,6,0,0,1296.61,0.58,T,fit-eligible,,table
rho_alghafri,ALGHAFRI(2012) / EXP_CaCl_T448K.txt,,rho,447.94,299,0,12,0,6,0,0,1299.83,0.58,T,fit-eligible,,table
rho_alghafri,ALGHAFRI(2012) / EXP_CaCl_T448K.txt,,rho,447.94,398.3,0,12,0,6,0,0,1303.02,0.58,T,fit-eligible,,table
rho_alghafri,ALGHAFRI(2012) / EXP_CaCl_T448K.txt,,rho,447.94,497.6,0,12,0,6,0,0,1306.09,0.58,T,fit-eligible,,table
rho_alghafri,ALGHAFRI(2012) / EXP_CaCl_T448K.txt,,rho,447.94,596.8,0,12,0,6,0,0,1309.22,0.58,T,fit-eligible,,table
rho_alghafri,ALGHAFRI(2012) / EXP_CaCl_T448K.txt,,rho,447.94,681.2,0,12,0,6,0,0,1311.73,0.58,T,fit-eligible,,table
rho_alghafri,ALGHAFRI(2012) / EXP_CaCl_T473K.txt,,rho,472.96,100.2,0,2,0,1,0,0,966.77,0.3,T,fit-eligible,,table
rho_alghafri,ALGHAFRI(2012) / EXP_CaCl_T473K.txt,,rho,472.96,199.7,0,2,0,1,0,0,972.43,0.3,T,fit-eligible,,table
rho_alghafri,ALGHAFRI(2012) / EXP_CaCl_T473K.txt,,rho,472.96,299,0,2,0,1,0,0,977.79,0.3,T,fit-eligible,,table
rho_alghafri,ALGHAFRI(2012) / EXP_CaCl_T473K.txt,,rho,472.96,398.3,0,2,0,1,0,0,983.04,0.3,T,fit-eligible,,table
rho_alghafri,ALGHAFRI(2012) / EXP_CaCl_T473K.txt,,rho,472.96,497.6,0,2,0,1,0,0,988.08,0.3,T,fit-eligible,,table
rho_alghafri,ALGHAFRI(2012) / EXP_CaCl_T473K.txt,,rho,472.96,596.8,0,2,0,1,0,0,992.91,0.3,T,fit-eligible,,table
rho_alghafri,ALGHAFRI(2012) / EXP_CaCl_T473K.txt,,rho,472.96,681.2,0,2,0,1,0,0,996.86,0.3,T,fit-eligible,,table
rho_alghafri,ALGHAFRI(2012) / EXP_CaCl_T473K.txt,,rho,472.96,100.2,0,6,0,3,0,0,1116.32,0.49,T,fit-eligible,,table
rho_alghafri,ALGHAFRI(2012) / EXP_CaCl_T473K.txt,,rho,472.96,199.7,0,6,0,3,0,0,1120.67,0.49,T,fit-eligible,,table
rho_alghafri,ALGHAFRI(2012) / EXP_CaCl_T473K.txt,,rho,472.96,299,0,6,0,3,0,0,1124.82,0.49,T,fit-eligible,,table
rho_alghafri,ALGHAFRI(2012) / EXP_CaCl_T473K.txt,,rho,472.96,398.3,0,6,0,3,0,0,1129.01,0.49,T,fit-eligible,,table
rho_alghafri,ALGHAFRI(2012) / EXP_CaCl_T473K.txt,,rho,472.96,497.6,0,6,0,3,0,0,1132.99,0.49,T,fit-eligible,,table
rho_alghafri,ALGHAFRI(2012) / EXP_CaCl_T473K.txt,,rho,472.96,596.8,0,6,0,3,0,0,1136.86,0.49,T,fit-eligible,,table
rho_alghafri,ALGHAFRI(2012) / EXP_CaCl_T473K.txt,,rho,472.96,681.2,0,6,0,3,0,0,1140.04,0.49,T,fit-eligible,,table
rho_alghafri,ALGHAFRI(2012) / EXP_CaCl_T473K.txt,,rho,472.96,100.2,0,12,0,6,0,0,1275.65,0.58,T,fit-eligible,,table
rho_alghafri,ALGHAFRI(2012) / EXP_CaCl_T473K.txt,,rho,472.96,199.7,0,12,0,6,0,0,1279.19,0.58,T,fit-eligible,,table
rho_alghafri,ALGHAFRI(2012) / EXP_CaCl_T473K.txt,,rho,472.96,299,0,12,0,6,0,0,1282.53,0.58,T,fit-eligible,,table
rho_alghafri,ALGHAFRI(2012) / EXP_CaCl_T473K.txt,,rho,472.96,398.3,0,12,0,6,0,0,1285.96,0.58,T,fit-eligible,,table
rho_alghafri,ALGHAFRI(2012) / EXP_CaCl_T473K.txt,,rho,472.96,497.6,0,12,0,6,0,0,1289.19,0.58,T,fit-eligible,,table
rho_alghafri,ALGHAFRI(2012) / EXP_CaCl_T473K.txt,,rho,472.96,596.8,0,12,0,6,0,0,1292.45,0.58,T,fit-eligible,,table
rho_alghafri,ALGHAFRI(2012) / EXP_CaCl_T473K.txt,,rho,472.96,681.2,0,12,0,6,0,0,1295.04,0.58,T,fit-eligible,,table
rho_alghafri,ALGHAFRI(2012) / EXP_MgCl_T283K.txt,,rho,283.15,10.5,0,2,0,0,1,0,1074.73,0.3,T,fit-eligible,,table
rho_alghafri,ALGHAFRI(2012) / EXP_MgCl_T283K.txt,,rho,283.15,100.2,0,2,0,0,1,0,1078.32,0.3,T,fit-eligible,,table
rho_alghafri,ALGHAFRI(2012) / EXP_MgCl_T283K.txt,,rho,283.15,199.7,0,2,0,0,1,0,1082.31,0.3,T,fit-eligible,,table
rho_alghafri,ALGHAFRI(2012) / EXP_MgCl_T283K.txt,,rho,283.15,299,0,2,0,0,1,0,1086.21,0.3,T,fit-eligible,,table
rho_alghafri,ALGHAFRI(2012) / EXP_MgCl_T283K.txt,,rho,283.15,398.3,0,2,0,0,1,0,1090.04,0.3,T,fit-eligible,,table
rho_alghafri,ALGHAFRI(2012) / EXP_MgCl_T283K.txt,,rho,283.15,497.6,0,2,0,0,1,0,1093.73,0.3,T,fit-eligible,,table
rho_alghafri,ALGHAFRI(2012) / EXP_MgCl_T283K.txt,,rho,283.15,596.8,0,2,0,0,1,0,1097.42,0.3,T,fit-eligible,,table
rho_alghafri,ALGHAFRI(2012) / EXP_MgCl_T283K.txt,,rho,283.15,681.2,0,2,0,0,1,0,1100.57,0.3,T,fit-eligible,,table
rho_alghafri,ALGHAFRI(2012) / EXP_MgCl_T283K.txt,,rho,283.15,11,0,6,0,0,3,0,1200.48,0.48,T,fit-eligible,,table
rho_alghafri,ALGHAFRI(2012) / EXP_MgCl_T283K.txt,,rho,283.15,101,0,6,0,0,3,0,1203.26,0.48,T,fit-eligible,,table
rho_alghafri,ALGHAFRI(2012) / EXP_MgCl_T283K.txt,,rho,283.15,201,0,6,0,0,3,0,1206.45,0.48,T,fit-eligible,,table
rho_alghafri,ALGHAFRI(2012) / EXP_MgCl_T283K.txt,,rho,283.15,301,0,6,0,0,3,0,1209.48,0.48,T,fit-eligible,,table
rho_alghafri,ALGHAFRI(2012) / EXP_MgCl_T283K.txt,,rho,283.15,401,0,6,0,0,3,0,1212.45,0.48,T,fit-eligible,,table
rho_alghafri,ALGHAFRI(2012) / EXP_MgCl_T283K.txt,,rho,283.15,501,0,6,0,0,3,0,1215.49,0.48,T,fit-eligible,,table
rho_alghafri,ALGHAFRI(2012) / EXP_MgCl_T283K.txt,,rho,283.15,601,0,6,0,0,3,0,1218.46,0.48,T,fit-eligible,,table
rho_alghafri,ALGHAFRI(2012) / EXP_MgCl_T283K.txt,,rho,283.15,686,0,6,0,0,3,0,1220.98,0.48,T,fit-eligible,,table
rho_alghafri,ALGHAFRI(2012) / EXP_MgCl_T298K.txt,,rho,298.12,10.5,0,2,0,0,1,0,1070.86,0.3,T,fit-eligible,,table
rho_alghafri,ALGHAFRI(2012) / EXP_MgCl_T298K.txt,,rho,298.12,100.2,0,2,0,0,1,0,1074.43,0.3,T,fit-eligible,,table
rho_alghafri,ALGHAFRI(2012) / EXP_MgCl_T298K.txt,,rho,298.12,199.7,0,2,0,0,1,0,1078.17,0.3,T,fit-eligible,,table
rho_alghafri,ALGHAFRI(2012) / EXP_MgCl_T298K.txt,,rho,298.12,299,0,2,0,0,1,0,1081.96,0.3,T,fit-eligible,,table
rho_alghafri,ALGHAFRI(2012) / EXP_MgCl_T298K.txt,,rho,298.12,398.3,0,2,0,0,1,0,1085.7,0.3,T,fit-eligible,,table
rho_alghafri,ALGHAFRI(2012) / EXP_MgCl_T298K.txt,,rho,298.12,497.6,0,2,0,0,1,0,1089.34,0.3,T,fit-eligible,,table
rho_alghafri,ALGHAFRI(2012) / EXP_MgCl_T298K.txt,,rho,298.12,596.8,0,2,0,0,1,0,1092.83,0.3,T,fit-eligible,,table
rho_alghafri,ALGHAFRI(2012) / EXP_MgCl_T298K.txt,,rho,298.12,681.2,0,2,0,0,1,0,1095.78,0.3,T,fit-eligible,,table
rho_alghafri,ALGHAFRI(2012) / EXP_MgCl_T298K.txt,,rho,298.12,11,0,6,0,0,3,0,1194.98,0.48,T,fit-eligible,,table
rho_alghafri,ALGHAFRI(2012) / EXP_MgCl_T298K.txt,,rho,298.12,101,0,6,0,0,3,0,1197.76,0.48,T,fit-eligible,,table
rho_alghafri,ALGHAFRI(2012) / EXP_MgCl_T298K.txt,,rho,298.12,201,0,6,0,0,3,0,1200.84,0.48,T,fit-eligible,,table
rho_alghafri,ALGHAFRI(2012) / EXP_MgCl_T298K.txt,,rho,298.12,301,0,6,0,0,3,0,1203.93,0.48,T,fit-eligible,,table
rho_alghafri,ALGHAFRI(2012) / EXP_MgCl_T298K.txt,,rho,298.12,401,0,6,0,0,3,0,1206.91,0.48,T,fit-eligible,,table
rho_alghafri,ALGHAFRI(2012) / EXP_MgCl_T298K.txt,,rho,298.12,501,0,6,0,0,3,0,1209.79,0.48,T,fit-eligible,,table
rho_alghafri,ALGHAFRI(2012) / EXP_MgCl_T298K.txt,,rho,298.12,601,0,6,0,0,3,0,1212.66,0.48,T,fit-eligible,,table
rho_alghafri,ALGHAFRI(2012) / EXP_MgCl_T298K.txt,,rho,298.12,686,0,6,0,0,3,0,1215.18,0.48,T,fit-eligible,,table
rho_alghafri,ALGHAFRI(2012) / EXP_MgCl_T298K.txt,,rho,298.12,10.5,0,10,0,0,5,0,1298.01,0.58,T,fit-eligible,,table
rho_alghafri,ALGHAFRI(2012) / EXP_MgCl_T298K.txt,,rho,298.12,100.2,0,10,0,0,5,0,1300.39,0.58,T,fit-eligible,,table
rho_alghafri,ALGHAFRI(2012) / EXP_MgCl_T298K.txt,,rho,298.12,199.7,0,10,0,0,5,0,1302.84,0.58,T,fit-eligible,,table
rho_alghafri,ALGHAFRI(2012) / EXP_MgCl_T298K.txt,,rho,298.12,299,0,10,0,0,5,0,1305.37,0.58,T,fit-eligible,,table
rho_alghafri,ALGHAFRI(2012) / EXP_MgCl_T298K.txt,,rho,298.12,398.3,0,10,0,0,5,0,1307.91,0.58,T,fit-eligible,,table
rho_alghafri,ALGHAFRI(2012) / EXP_MgCl_T298K.txt,,rho,298.12,497.6,0,10,0,0,5,0,1310.34,0.58,T,fit-eligible,,table
rho_alghafri,ALGHAFRI(2012) / EXP_MgCl_T298K.txt,,rho,298.12,596.8,0,10,0,0,5,0,1312.81,0.58,T,fit-eligible,,table
rho_alghafri,ALGHAFRI(2012) / EXP_MgCl_T298K.txt,,rho,298.12,681.2,0,10,0,0,5,0,1314.82,0.58,T,fit-eligible,,table
rho_alghafri,ALGHAFRI(2012) / EXP_MgCl_T323K.txt,,rho,323.07,10.5,0,2,0,0,1,0,1061.56,0.3,T,fit-eligible,,table
rho_alghafri,ALGHAFRI(2012) / EXP_MgCl_T323K.txt,,rho,323.07,100.2,0,2,0,0,1,0,1065.03,0.3,T,fit-eligible,,table
rho_alghafri,ALGHAFRI(2012) / EXP_MgCl_T323K.txt,,rho,323.07,199.7,0,2,0,0,1,0,1068.73,0.3,T,fit-eligible,,table
rho_alghafri,ALGHAFRI(2012) / EXP_MgCl_T323K.txt,,rho,323.07,299,0,2,0,0,1,0,1072.46,0.3,T,fit-eligible,,table
rho_alghafri,ALGHAFRI(2012) / EXP_MgCl_T323K.txt,,rho,323.07,398.3,0,2,0,0,1,0,1076,0.3,T,fit-eligible,,table
rho_alghafri,ALGHAFRI(2012) / EXP_MgCl_T323K.txt,,rho,323.07,497.6,0,2,0,0,1,0,1079.49,0.3,T,fit-eligible,,table
rho_alghafri,ALGHAFRI(2012) / EXP_MgCl_T323K.txt,,rho,323.07,596.8,0,2,0,0,1,0,1082.98,0.3,T,fit-eligible,,table
rho_alghafri,ALGHAFRI(2012) / EXP_MgCl_T323K.txt,,rho,323.07,681.2,0,2,0,0,1,0,1085.82,0.3,T,fit-eligible,,table
rho_alghafri,ALGHAFRI(2012) / EXP_MgCl_T323K.txt,,rho,323.07,11,0,6,0,0,3,0,1185.53,0.48,T,fit-eligible,,table
rho_alghafri,ALGHAFRI(2012) / EXP_MgCl_T323K.txt,,rho,323.07,101,0,6,0,0,3,0,1188.36,0.48,T,fit-eligible,,table
rho_alghafri,ALGHAFRI(2012) / EXP_MgCl_T323K.txt,,rho,323.07,201,0,6,0,0,3,0,1191.36,0.48,T,fit-eligible,,table
rho_alghafri,ALGHAFRI(2012) / EXP_MgCl_T323K.txt,,rho,323.07,301,0,6,0,0,3,0,1194.33,0.48,T,fit-eligible,,table
rho_alghafri,ALGHAFRI(2012) / EXP_MgCl_T323K.txt,,rho,323.07,401,0,6,0,0,3,0,1197.32,0.48,T,fit-eligible,,table
rho_alghafri,ALGHAFRI(2012) / EXP_MgCl_T323K.txt,,rho,323.07,501,0,6,0,0,3,0,1200.25,0.48,T,fit-eligible,,table
rho_alghafri,ALGHAFRI(2012) / EXP_MgCl_T323K.txt,,rho,323.07,601,0,6,0,0,3,0,1203.13,0.48,T,fit-eligible,,table
rho_alghafri,ALGHAFRI(2012) / EXP_MgCl_T323K.txt,,rho,323.07,686,0,6,0,0,3,0,1205.42,0.48,T,fit-eligible,,table
rho_alghafri,ALGHAFRI(2012) / EXP_MgCl_T323K.txt,,rho,323.07,10.5,0,10,0,0,5,0,1288.53,0.58,T,fit-eligible,,table
rho_alghafri,ALGHAFRI(2012) / EXP_MgCl_T323K.txt,,rho,323.07,100.2,0,10,0,0,5,0,1290.86,0.58,T,fit-eligible,,table
rho_alghafri,ALGHAFRI(2012) / EXP_MgCl_T323K.txt,,rho,323.07,199.7,0,10,0,0,5,0,1293.39,0.58,T,fit-eligible,,table
rho_alghafri,ALGHAFRI(2012) / EXP_MgCl_T323K.txt,,rho,323.07,299,0,10,0,0,5,0,1295.97,0.58,T,fit-eligible,,table
rho_alghafri,ALGHAFRI(2012) / EXP_MgCl_T323K.txt,,rho,323.07,398.3,0,10,0,0,5,0,1298.44,0.58,T,fit-eligible,,table
rho_alghafri,ALGHAFRI(2012) / EXP_MgCl_T323K.txt,,rho,323.07,497.6,0,10,0,0,5,0,1300.8,0.58,T,fit-eligible,,table
rho_alghafri,ALGHAFRI(2012) / EXP_MgCl_T323K.txt,,rho,323.07,596.8,0,10,0,0,5,0,1303.27,0.58,T,fit-eligible,,table
rho_alghafri,ALGHAFRI(2012) / EXP_MgCl_T323K.txt,,rho,323.07,681.2,0,10,0,0,5,0,1305.22,0.58,T,fit-eligible,,table
rho_alghafri,ALGHAFRI(2012) / EXP_MgCl_T348K.txt,,rho,348.04,10.5,0,2,0,0,1,0,1049.32,0.3,T,fit-eligible,,table
rho_alghafri,ALGHAFRI(2012) / EXP_MgCl_T348K.txt,,rho,348.04,100.2,0,2,0,0,1,0,1052.8,0.3,T,fit-eligible,,table
rho_alghafri,ALGHAFRI(2012) / EXP_MgCl_T348K.txt,,rho,348.04,199.7,0,2,0,0,1,0,1056.56,0.3,T,fit-eligible,,table
rho_alghafri,ALGHAFRI(2012) / EXP_MgCl_T348K.txt,,rho,348.04,299,0,2,0,0,1,0,1060.31,0.3,T,fit-eligible,,table
rho_alghafri,ALGHAFRI(2012) / EXP_MgCl_T348K.txt,,rho,348.04,398.3,0,2,0,0,1,0,1063.92,0.3,T,fit-eligible,,table
rho_alghafri,ALGHAFRI(2012) / EXP_MgCl_T348K.txt,,rho,348.04,497.6,0,2,0,0,1,0,1067.47,0.3,T,fit-eligible,,table
rho_alghafri,ALGHAFRI(2012) / EXP_MgCl_T348K.txt,,rho,348.04,596.8,0,2,0,0,1,0,1070.97,0.3,T,fit-eligible,,table
rho_alghafri,ALGHAFRI(2012) / EXP_MgCl_T348K.txt,,rho,348.04,681.2,0,2,0,0,1,0,1073.88,0.3,T,fit-eligible,,table
rho_alghafri,ALGHAFRI(2012) / EXP_MgCl_T348K.txt,,rho,348.04,11,0,6,0,0,3,0,1174.63,0.48,T,fit-eligible,,table
rho_alghafri,ALGHAFRI(2012) / EXP_MgCl_T348K.txt,,rho,348.04,101,0,6,0,0,3,0,1177.48,0.48,T,fit-eligible,,table
rho_alghafri,ALGHAFRI(2012) / EXP_MgCl_T348K.txt,,rho,348.04,201,0,6,0,0,3,0,1180.55,0.48,T,fit-eligible,,table
rho_alghafri,ALGHAFRI(2012) / EXP_MgCl_T348K.txt,,rho,348.04,301,0,6,0,0,3,0,1183.56,0.48,T,fit-eligible,,table
rho_alghafri,ALGHAFRI(2012) / EXP_MgCl_T348K.txt,,rho,348.04,401,0,6,0,0,3,0,1186.6,0.48,T,fit-eligible,,table
rho_alghafri,ALGHAFRI(2012) / EXP_MgCl_T348K.txt,,rho,348.04,501,0,6,0,0,3,0,1189.47,0.48,T,fit-eligible,,table
rho_alghafri,ALGHAFRI(2012) / EXP_MgCl_T348K.txt,,rho,348.04,601,0,6,0,0,3,0,1192.42,0.48,T,fit-eligible,,table
rho_alghafri,ALGHAFRI(2012) / EXP_MgCl_T348K.txt,,rho,348.04,686,0,6,0,0,3,0,1194.89,0.48,T,fit-eligible,,table
rho_alghafri,ALGHAFRI(2012) / EXP_MgCl_T348K.txt,,rho,348.04,10.5,0,10,0,0,5,0,1278.25,0.58,T,fit-eligible,,table
rho_alghafri,ALGHAFRI(2012) / EXP_MgCl_T348K.txt,,rho,348.04,100.2,0,10,0,0,5,0,1280.63,0.58,T,fit-eligible,,table
rho_alghafri,ALGHAFRI(2012) / EXP_MgCl_T348K.txt,,rho,348.04,199.7,0,10,0,0,5,0,1283.18,0.58,T,fit-eligible,,table
rho_alghafri,ALGHAFRI(2012) / EXP_MgCl_T348K.txt,,rho,348.04,299,0,10,0,0,5,0,1285.71,0.58,T,fit-eligible,,table
rho_alghafri,ALGHAFRI(2012) / EXP_MgCl_T348K.txt,,rho,348.04,398.3,0,10,0,0,5,0,1288.26,0.58,T,fit-eligible,,table
rho_alghafri,ALGHAFRI(2012) / EXP_MgCl_T348K.txt,,rho,348.04,497.6,0,10,0,0,5,0,1290.69,0.58,T,fit-eligible,,table
rho_alghafri,ALGHAFRI(2012) / EXP_MgCl_T348K.txt,,rho,348.04,596.8,0,10,0,0,5,0,1293.17,0.58,T,fit-eligible,,table
rho_alghafri,ALGHAFRI(2012) / EXP_MgCl_T348K.txt,,rho,348.04,681.2,0,10,0,0,5,0,1295.26,0.58,T,fit-eligible,,table
rho_alghafri,ALGHAFRI(2012) / EXP_MgCl_T373K.txt,,rho,372.99,10.5,0,2,0,0,1,0,1034.76,0.3,T,fit-eligible,,table
rho_alghafri,ALGHAFRI(2012) / EXP_MgCl_T373K.txt,,rho,372.99,100.2,0,2,0,0,1,0,1038.36,0.3,T,fit-eligible,,table
rho_alghafri,ALGHAFRI(2012) / EXP_MgCl_T373K.txt,,rho,372.99,199.7,0,2,0,0,1,0,1042.33,0.3,T,fit-eligible,,table
rho_alghafri,ALGHAFRI(2012) / EXP_MgCl_T373K.txt,,rho,372.99,299,0,2,0,0,1,0,1046.17,0.3,T,fit-eligible,,table
rho_alghafri,ALGHAFRI(2012) / EXP_MgCl_T373K.txt,,rho,372.99,398.3,0,2,0,0,1,0,1049.91,0.3,T,fit-eligible,,table
rho_alghafri,ALGHAFRI(2012) / EXP_MgCl_T373K.txt,,rho,372.99,497.6,0,2,0,0,1,0,1053.59,0.3,T,fit-eligible,,table
rho_alghafri,ALGHAFRI(2012) / EXP_MgCl_T373K.txt,,rho,372.99,596.8,0,2,0,0,1,0,1057.17,0.3,T,fit-eligible,,table
rho_alghafri,ALGHAFRI(2012) / EXP_MgCl_T373K.txt,,rho,372.99,681.2,0,2,0,0,1,0,1060.13,0.3,T,fit-eligible,,table
rho_alghafri,ALGHAFRI(2012) / EXP_MgCl_T373K.txt,,rho,372.99,11,0,6,0,0,3,0,1162.6,0.48,T,fit-eligible,,table
rho_alghafri,ALGHAFRI(2012) / EXP_MgCl_T373K.txt,,rho,372.99,101,0,6,0,0,3,0,1165.51,0.48,T,fit-eligible,,table
rho_alghafri,ALGHAFRI(2012) / EXP_MgCl_T373K.txt,,rho,372.99,201,0,6,0,0,3,0,1168.64,0.48,T,fit-eligible,,table
rho_alghafri,ALGHAFRI(2012) / EXP_MgCl_T373K.txt,,rho,372.99,301,0,6,0,0,3,0,1171.77,0.48,T,fit-eligible,,table
rho_alghafri,ALGHAFRI(2012) / EXP_MgCl_T373K.txt,,rho,372.99,401,0,6,0,0,3,0,1174.82,0.48,T,fit-eligible,,table
rho_alghafri,ALGHAFRI(2012) / EXP_MgCl_T373K.txt,,rho,372.99,501,0,6,0,0,3,0,1177.87,0.48,T,fit-eligible,,table
rho_alghafri,ALGHAFRI(2012) / EXP_MgCl_T373K.txt,,rho,372.99,601,0,6,0,0,3,0,1180.77,0.48,T,fit-eligible,,table
rho_alghafri,ALGHAFRI(2012) / EXP_MgCl_T373K.txt,,rho,372.99,686,0,6,0,0,3,0,1183.21,0.48,T,fit-eligible,,table
rho_alghafri,ALGHAFRI(2012) / EXP_MgCl_T373K.txt,,rho,372.99,10.5,0,10,0,0,5,0,1267.42,0.58,T,fit-eligible,,table
rho_alghafri,ALGHAFRI(2012) / EXP_MgCl_T373K.txt,,rho,372.99,100.2,0,10,0,0,5,0,1269.83,0.58,T,fit-eligible,,table
rho_alghafri,ALGHAFRI(2012) / EXP_MgCl_T373K.txt,,rho,372.99,199.7,0,10,0,0,5,0,1272.48,0.58,T,fit-eligible,,table
rho_alghafri,ALGHAFRI(2012) / EXP_MgCl_T373K.txt,,rho,372.99,299,0,10,0,0,5,0,1275.12,0.58,T,fit-eligible,,table
rho_alghafri,ALGHAFRI(2012) / EXP_MgCl_T373K.txt,,rho,372.99,398.3,0,10,0,0,5,0,1277.64,0.58,T,fit-eligible,,table
rho_alghafri,ALGHAFRI(2012) / EXP_MgCl_T373K.txt,,rho,372.99,497.6,0,10,0,0,5,0,1280.15,0.58,T,fit-eligible,,table
rho_alghafri,ALGHAFRI(2012) / EXP_MgCl_T373K.txt,,rho,372.99,596.8,0,10,0,0,5,0,1282.6,0.58,T,fit-eligible,,table
rho_alghafri,ALGHAFRI(2012) / EXP_MgCl_T373K.txt,,rho,372.99,681.2,0,10,0,0,5,0,1284.68,0.58,T,fit-eligible,,table
rho_alghafri,ALGHAFRI(2012) / EXP_MgCl_T398K.txt,,rho,397.97,10.5,0,2,0,0,1,0,1017.83,0.3,T,fit-eligible,,table
rho_alghafri,ALGHAFRI(2012) / EXP_MgCl_T398K.txt,,rho,397.97,100.2,0,2,0,0,1,0,1021.72,0.3,T,fit-eligible,,table
rho_alghafri,ALGHAFRI(2012) / EXP_MgCl_T398K.txt,,rho,397.97,199.7,0,2,0,0,1,0,1025.91,0.3,T,fit-eligible,,table
rho_alghafri,ALGHAFRI(2012) / EXP_MgCl_T398K.txt,,rho,397.97,299,0,2,0,0,1,0,1029.97,0.3,T,fit-eligible,,table
rho_alghafri,ALGHAFRI(2012) / EXP_MgCl_T398K.txt,,rho,397.97,398.3,0,2,0,0,1,0,1033.96,0.3,T,fit-eligible,,table
rho_alghafri,ALGHAFRI(2012) / EXP_MgCl_T398K.txt,,rho,397.97,497.6,0,2,0,0,1,0,1037.86,0.3,T,fit-eligible,,table
rho_alghafri,ALGHAFRI(2012) / EXP_MgCl_T398K.txt,,rho,397.97,596.8,0,2,0,0,1,0,1041.6,0.3,T,fit-eligible,,table
rho_alghafri,ALGHAFRI(2012) / EXP_MgCl_T398K.txt,,rho,397.97,681.2,0,2,0,0,1,0,1044.71,0.3,T,fit-eligible,,table
rho_alghafri,ALGHAFRI(2012) / EXP_MgCl_T398K.txt,,rho,397.97,11,0,6,0,0,3,0,1149.22,0.48,T,fit-eligible,,table
rho_alghafri,ALGHAFRI(2012) / EXP_MgCl_T398K.txt,,rho,397.97,101,0,6,0,0,3,0,1152.27,0.48,T,fit-eligible,,table
rho_alghafri,ALGHAFRI(2012) / EXP_MgCl_T398K.txt,,rho,397.97,201,0,6,0,0,3,0,1155.47,0.48,T,fit-eligible,,table
rho_alghafri,ALGHAFRI(2012) / EXP_MgCl_T398K.txt,,rho,397.97,301,0,6,0,0,3,0,1158.76,0.48,T,fit-eligible,,table
rho_alghafri,ALGHAFRI(2012) / EXP_MgCl_T398K.txt,,rho,397.97,401,0,6,0,0,3,0,1162.02,0.48,T,fit-eligible,,table
rho_alghafri,ALGHAFRI(2012) / EXP_MgCl_T398K.txt,,rho,397.97,501,0,6,0,0,3,0,1165.1,0.48,T,fit-eligible,,table
rho_alghafri,ALGHAFRI(2012) / EXP_MgCl_T398K.txt,,rho,397.97,601,0,6,0,0,3,0,1168.09,0.48,T,fit-eligible,,table
rho_alghafri,ALGHAFRI(2012) / EXP_MgCl_T398K.txt,,rho,397.97,686,0,6,0,0,3,0,1170.63,0.48,T,fit-eligible,,table
rho_alghafri,ALGHAFRI(2012) / EXP_MgCl_T398K.txt,,rho,397.97,10.5,0,10,0,0,5,0,1255.66,0.58,T,fit-eligible,,table
rho_alghafri,ALGHAFRI(2012) / EXP_MgCl_T398K.txt,,rho,397.97,100.2,0,10,0,0,5,0,1258.16,0.58,T,fit-eligible,,table
rho_alghafri,ALGHAFRI(2012) / EXP_MgCl_T398K.txt,,rho,397.97,199.7,0,10,0,0,5,0,1260.88,0.58,T,fit-eligible,,table
rho_alghafri,ALGHAFRI(2012) / EXP_MgCl_T398K.txt,,rho,397.97,299,0,10,0,0,5,0,1263.46,0.58,T,fit-eligible,,table
rho_alghafri,ALGHAFRI(2012) / EXP_MgCl_T398K.txt,,rho,397.97,398.3,0,10,0,0,5,0,1266.15,0.58,T,fit-eligible,,table
rho_alghafri,ALGHAFRI(2012) / EXP_MgCl_T398K.txt,,rho,397.97,497.6,0,10,0,0,5,0,1268.74,0.58,T,fit-eligible,,table
rho_alghafri,ALGHAFRI(2012) / EXP_MgCl_T398K.txt,,rho,397.97,596.8,0,10,0,0,5,0,1271.25,0.58,T,fit-eligible,,table
rho_alghafri,ALGHAFRI(2012) / EXP_MgCl_T398K.txt,,rho,397.97,681.2,0,10,0,0,5,0,1273.36,0.58,T,fit-eligible,,table
rho_alghafri,ALGHAFRI(2012) / EXP_MgCl_T423K.txt,,rho,422.94,10.5,0,2,0,0,1,0,999.03,0.3,T,fit-eligible,,table
rho_alghafri,ALGHAFRI(2012) / EXP_MgCl_T423K.txt,,rho,422.94,100.2,0,2,0,0,1,0,1003.28,0.3,T,fit-eligible,,table
rho_alghafri,ALGHAFRI(2012) / EXP_MgCl_T423K.txt,,rho,422.94,199.7,0,2,0,0,1,0,1007.77,0.3,T,fit-eligible,,table
rho_alghafri,ALGHAFRI(2012) / EXP_MgCl_T423K.txt,,rho,422.94,299,0,2,0,0,1,0,1012.16,0.3,T,fit-eligible,,table
rho_alghafri,ALGHAFRI(2012) / EXP_MgCl_T423K.txt,,rho,422.94,398.3,0,2,0,0,1,0,1016.47,0.3,T,fit-eligible,,table
rho_alghafri,ALGHAFRI(2012) / EXP_MgCl_T423K.txt,,rho,422.94,497.6,0,2,0,0,1,0,1020.62,0.3,T,fit-eligible,,table
rho_alghafri,ALGHAFRI(2012) / EXP_MgCl_T423K.txt,,rho,422.94,596.8,0,2,0,0,1,0,1024.61,0.3,T,fit-eligible,,table
rho_alghafri,ALGHAFRI(2012) / EXP_MgCl_T423K.txt,,rho,422.94,681.2,0,2,0,0,1,0,1027.95,0.3,T,fit-eligible,,table
rho_alghafri,ALGHAFRI(2012) / EXP_MgCl_T423K.txt,,rho,422.94,11,0,6,0,0,3,0,1134.62,0.48,T,fit-eligible,,table
rho_alghafri,ALGHAFRI(2012) / EXP_MgCl_T423K.txt,,rho,422.94,101,0,6,0,0,3,0,1137.91,0.48,T,fit-eligible,,table
rho_alghafri,ALGHAFRI(2012) / EXP_MgCl_T423K.txt,,rho,422.94,201,0,6,0,0,3,0,1141.36,0.48,T,fit-eligible,,table
rho_alghafri,ALGHAFRI(2012) / EXP_MgCl_T423K.txt,,rho,422.94,301,0,6,0,0,3,0,1144.67,0.48,T,fit-eligible,,table
rho_alghafri,ALGHAFRI(2012) / EXP_MgCl_T423K.txt,,rho,422.94,401,0,6,0,0,3,0,1147.96,0.48,T,fit-eligible,,table
rho_alghafri,ALGHAFRI(2012) / EXP_MgCl_T423K.txt,,rho,422.94,501,0,6,0,0,3,0,1151.23,0.48,T,fit-eligible,,table
rho_alghafri,ALGHAFRI(2012) / EXP_MgCl_T423K.txt,,rho,422.94,601,0,6,0,0,3,0,1154.39,0.48,T,fit-eligible,,table
rho_alghafri,ALGHAFRI(2012) / EXP_MgCl_T423K.txt,,rho,422.94,686,0,6,0,0,3,0,1157.07,0.48,T,fit-eligible,,table
rho_alghafri,ALGHAFRI(2012) / EXP_MgCl_T423K.txt,,rho,422.94,10.5,0,10,0,0,5,0,1243.3,0.58,T,fit-eligible,,table
rho_alghafri,ALGHAFRI(2012) / EXP_MgCl_T423K.txt,,rho,422.94,100.2,0,10,0,0,5,0,1245.98,0.58,T,fit-eligible,,table
rho_alghafri,ALGHAFRI(2012) / EXP_MgCl_T423K.txt,,rho,422.94,199.7,0,10,0,0,5,0,1248.69,0.58,T,fit-eligible,,table
rho_alghafri,ALGHAFRI(2012) / EXP_MgCl_T423K.txt,,rho,422.94,299,0,10,0,0,5,0,1251.46,0.58,T,fit-eligible,,table
rho_alghafri,ALGHAFRI(2012) / EXP_MgCl_T423K.txt,,rho,422.94,398.3,0,10,0,0,5,0,1254.16,0.58,T,fit-eligible,,table
rho_alghafri,ALGHAFRI(2012) / EXP_MgCl_T423K.txt,,rho,422.94,497.6,0,10,0,0,5,0,1256.84,0.58,T,fit-eligible,,table
rho_alghafri,ALGHAFRI(2012) / EXP_MgCl_T423K.txt,,rho,422.94,596.8,0,10,0,0,5,0,1259.41,0.58,T,fit-eligible,,table
rho_alghafri,ALGHAFRI(2012) / EXP_MgCl_T423K.txt,,rho,422.94,681.2,0,10,0,0,5,0,1261.6,0.58,T,fit-eligible,,table
rho_alghafri,ALGHAFRI(2012) / EXP_MgCl_T448K.txt,,rho,447.94,100.2,0,2,0,0,1,0,982.73,0.3,T,fit-eligible,,table
rho_alghafri,ALGHAFRI(2012) / EXP_MgCl_T448K.txt,,rho,447.94,199.7,0,2,0,0,1,0,987.82,0.3,T,fit-eligible,,table
rho_alghafri,ALGHAFRI(2012) / EXP_MgCl_T448K.txt,,rho,447.94,299,0,2,0,0,1,0,992.59,0.3,T,fit-eligible,,table
rho_alghafri,ALGHAFRI(2012) / EXP_MgCl_T448K.txt,,rho,447.94,398.3,0,2,0,0,1,0,997.27,0.3,T,fit-eligible,,table
rho_alghafri,ALGHAFRI(2012) / EXP_MgCl_T448K.txt,,rho,447.94,497.6,0,2,0,0,1,0,1001.73,0.3,T,fit-eligible,,table
rho_alghafri,ALGHAFRI(2012) / EXP_MgCl_T448K.txt,,rho,447.94,596.8,0,2,0,0,1,0,1006.15,0.3,T,fit-eligible,,table
rho_alghafri,ALGHAFRI(2012) / EXP_MgCl_T448K.txt,,rho,447.94,681.2,0,2,0,0,1,0,1009.73,0.3,T,fit-eligible,,table
rho_alghafri,ALGHAFRI(2012) / EXP_MgCl_T448K.txt,,rho,447.94,11,0,6,0,0,3,0,1118.93,0.48,T,fit-eligible,,table
rho_alghafri,ALGHAFRI(2012) / EXP_MgCl_T448K.txt,,rho,447.94,101,0,6,0,0,3,0,1122.27,0.48,T,fit-eligible,,table
rho_alghafri,ALGHAFRI(2012) / EXP_MgCl_T448K.txt,,rho,447.94,201,0,6,0,0,3,0,1126,0.48,T,fit-eligible,,table
rho_alghafri,ALGHAFRI(2012) / EXP_MgCl_T448K.txt,,rho,447.94,301,0,6,0,0,3,0,1129.62,0.48,T,fit-eligible,,table
rho_alghafri,ALGHAFRI(2012) / EXP_MgCl_T448K.txt,,rho,447.94,401,0,6,0,0,3,0,1133.07,0.48,T,fit-eligible,,table
rho_alghafri,ALGHAFRI(2012) / EXP_MgCl_T448K.txt,,rho,447.94,501,0,6,0,0,3,0,1136.51,0.48,T,fit-eligible,,table
rho_alghafri,ALGHAFRI(2012) / EXP_MgCl_T448K.txt,,rho,447.94,601,0,6,0,0,3,0,1139.92,0.48,T,fit-eligible,,table
rho_alghafri,ALGHAFRI(2012) / EXP_MgCl_T448K.txt,,rho,447.94,686,0,6,0,0,3,0,1142.62,0.48,T,fit-eligible,,table
rho_alghafri,ALGHAFRI(2012) / EXP_MgCl_T448K.txt,,rho,447.94,10.5,0,10,0,0,5,0,1230.19,0.58,T,fit-eligible,,table
rho_alghafri,ALGHAFRI(2012) / EXP_MgCl_T448K.txt,,rho,447.94,100.2,0,10,0,0,5,0,1232.81,0.58,T,fit-eligible,,table
rho_alghafri,ALGHAFRI(2012) / EXP_MgCl_T448K.txt,,rho,447.94,199.7,0,10,0,0,5,0,1235.76,0.58,T,fit-eligible,,table
rho_alghafri,ALGHAFRI(2012) / EXP_MgCl_T448K.txt,,rho,447.94,299,0,10,0,0,5,0,1238.61,0.58,T,fit-eligible,,table
rho_alghafri,ALGHAFRI(2012) / EXP_MgCl_T448K.txt,,rho,447.94,398.3,0,10,0,0,5,0,1241.42,0.58,T,fit-eligible,,table
rho_alghafri,ALGHAFRI(2012) / EXP_MgCl_T448K.txt,,rho,447.94,497.6,0,10,0,0,5,0,1244.17,0.58,T,fit-eligible,,table
rho_alghafri,ALGHAFRI(2012) / EXP_MgCl_T448K.txt,,rho,447.94,596.8,0,10,0,0,5,0,1246.88,0.58,T,fit-eligible,,table
rho_alghafri,ALGHAFRI(2012) / EXP_MgCl_T448K.txt,,rho,447.94,681.2,0,10,0,0,5,0,1249.11,0.58,T,fit-eligible,,table
rho_alghafri,ALGHAFRI(2012) / EXP_MgCl_T473K.txt,,rho,472.96,100.2,0,2,0,0,1,0,960.31,0.3,T,fit-eligible,,table
rho_alghafri,ALGHAFRI(2012) / EXP_MgCl_T473K.txt,,rho,472.96,199.7,0,2,0,0,1,0,965.92,0.3,T,fit-eligible,,table
rho_alghafri,ALGHAFRI(2012) / EXP_MgCl_T473K.txt,,rho,472.96,299,0,2,0,0,1,0,971.25,0.3,T,fit-eligible,,table
rho_alghafri,ALGHAFRI(2012) / EXP_MgCl_T473K.txt,,rho,472.96,398.3,0,2,0,0,1,0,976.5,0.3,T,fit-eligible,,table
rho_alghafri,ALGHAFRI(2012) / EXP_MgCl_T473K.txt,,rho,472.96,497.6,0,2,0,0,1,0,981.41,0.3,T,fit-eligible,,table
rho_alghafri,ALGHAFRI(2012) / EXP_MgCl_T473K.txt,,rho,472.96,596.8,0,2,0,0,1,0,986.2,0.3,T,fit-eligible,,table
rho_alghafri,ALGHAFRI(2012) / EXP_MgCl_T473K.txt,,rho,472.96,681.2,0,2,0,0,1,0,990.1,0.3,T,fit-eligible,,table
rho_alghafri,ALGHAFRI(2012) / EXP_MgCl_T473K.txt,,rho,472.96,101,0,6,0,0,3,0,1105.72,0.48,T,fit-eligible,,table
rho_alghafri,ALGHAFRI(2012) / EXP_MgCl_T473K.txt,,rho,472.96,201,0,6,0,0,3,0,1109.63,0.48,T,fit-eligible,,table
rho_alghafri,ALGHAFRI(2012) / EXP_MgCl_T473K.txt,,rho,472.96,301,0,6,0,0,3,0,1113.5,0.48,T,fit-eligible,,table
rho_alghafri,ALGHAFRI(2012) / EXP_MgCl_T473K.txt,,rho,472.96,401,0,6,0,0,3,0,1117.27,0.48,T,fit-eligible,,table
rho_alghafri,ALGHAFRI(2012) / EXP_MgCl_T473K.txt,,rho,472.96,501,0,6,0,0,3,0,1120.96,0.48,T,fit-eligible,,table
rho_alghafri,ALGHAFRI(2012) / EXP_MgCl_T473K.txt,,rho,472.96,601,0,6,0,0,3,0,1124.6,0.48,T,fit-eligible,,table
rho_alghafri,ALGHAFRI(2012) / EXP_MgCl_T473K.txt,,rho,472.96,686,0,6,0,0,3,0,1127.48,0.48,T,fit-eligible,,table
rho_alghafri,ALGHAFRI(2012) / EXP_MgCl_T473K.txt,,rho,472.96,100.2,0,10,0,0,5,0,1219.23,0.58,T,fit-eligible,,table
rho_alghafri,ALGHAFRI(2012) / EXP_MgCl_T473K.txt,,rho,472.96,199.7,0,10,0,0,5,0,1222.3,0.58,T,fit-eligible,,table
rho_alghafri,ALGHAFRI(2012) / EXP_MgCl_T473K.txt,,rho,472.96,299,0,10,0,0,5,0,1225.27,0.58,T,fit-eligible,,table
rho_alghafri,ALGHAFRI(2012) / EXP_MgCl_T473K.txt,,rho,472.96,398.3,0,10,0,0,5,0,1228.28,0.58,T,fit-eligible,,table
rho_alghafri,ALGHAFRI(2012) / EXP_MgCl_T473K.txt,,rho,472.96,497.6,0,10,0,0,5,0,1231.18,0.58,T,fit-eligible,,table
rho_alghafri,ALGHAFRI(2012) / EXP_MgCl_T473K.txt,,rho,472.96,596.8,0,10,0,0,5,0,1234.02,0.58,T,fit-eligible,,table
rho_alghafri,ALGHAFRI(2012) / EXP_MgCl_T473K.txt,,rho,472.96,681.2,0,10,0,0,5,0,1236.38,0.58,T,fit-eligible,,table
rho_alghafri,ALGHAFRI(2013) / EXP_NaSO_T298K.txt,,rho,298.11,11,1.566,0,0,0,0,0.783,1089.58,0.412,T,fit-eligible,,table
rho_alghafri,ALGHAFRI(2013) / EXP_NaSO_T298K.txt,,rho,298.11,101,1.566,0,0,0,0,0.783,1092.97,0.413,T,fit-eligible,,table
rho_alghafri,ALGHAFRI(2013) / EXP_NaSO_T298K.txt,,rho,298.11,201,1.566,0,0,0,0,0.783,1096.83,0.415,T,fit-eligible,,table
rho_alghafri,ALGHAFRI(2013) / EXP_NaSO_T298K.txt,,rho,298.11,301,1.566,0,0,0,0,0.783,1100.47,0.416,T,fit-eligible,,table
rho_alghafri,ALGHAFRI(2013) / EXP_NaSO_T298K.txt,,rho,298.11,401,1.566,0,0,0,0,0.783,1104.07,0.418,T,fit-eligible,,table
rho_alghafri,ALGHAFRI(2013) / EXP_NaSO_T298K.txt,,rho,298.11,501,1.566,0,0,0,0,0.783,1107.68,0.419,T,fit-eligible,,table
rho_alghafri,ALGHAFRI(2013) / EXP_NaSO_T298K.txt,,rho,298.11,601,1.566,0,0,0,0,0.783,1111.07,0.42,T,fit-eligible,,table
rho_alghafri,ALGHAFRI(2013) / EXP_NaSO_T298K.txt,,rho,298.11,686,1.566,0,0,0,0,0.783,1113.99,0.421,T,fit-eligible,,table
rho_alghafri,ALGHAFRI(2013) / EXP_NaSO_T298K.txt,,rho,298.11,11,3,0,0,0,0,1.5,1164.61,0.524,T,fit-eligible,,table
rho_alghafri,ALGHAFRI(2013) / EXP_NaSO_T298K.txt,,rho,298.11,101,3,0,0,0,0,1.5,1167.61,0.526,T,fit-eligible,,table
rho_alghafri,ALGHAFRI(2013) / EXP_NaSO_T298K.txt,,rho,298.11,201,3,0,0,0,0,1.5,1170.98,0.527,T,fit-eligible,,table
rho_alghafri,ALGHAFRI(2013) / EXP_NaSO_T298K.txt,,rho,298.11,301,3,0,0,0,0,1.5,1174.24,0.529,T,fit-eligible,,table
rho_alghafri,ALGHAFRI(2013) / EXP_NaSO_T298K.txt,,rho,298.11,401,3,0,0,0,0,1.5,1177.46,0.53,T,fit-eligible,,table
rho_alghafri,ALGHAFRI(2013) / EXP_NaSO_T298K.txt,,rho,298.11,501,3,0,0,0,0,1.5,1180.69,0.532,T,fit-eligible,,table
rho_alghafri,ALGHAFRI(2013) / EXP_NaSO_T298K.txt,,rho,298.11,601,3,0,0,0,0,1.5,1183.64,0.533,T,fit-eligible,,table
rho_alghafri,ALGHAFRI(2013) / EXP_NaSO_T298K.txt,,rho,298.11,686,3,0,0,0,0,1.5,1186.24,0.534,T,fit-eligible,,table
rho_alghafri,ALGHAFRI(2013) / EXP_NaSO_T323K.txt,,rho,323.13,11,1.566,0,0,0,0,0.783,1077.81,0.408,T,fit-eligible,,table
rho_alghafri,ALGHAFRI(2013) / EXP_NaSO_T323K.txt,,rho,323.13,101,1.566,0,0,0,0,0.783,1081.15,0.409,T,fit-eligible,,table
rho_alghafri,ALGHAFRI(2013) / EXP_NaSO_T323K.txt,,rho,323.13,201,1.566,0,0,0,0,0.783,1084.87,0.41,T,fit-eligible,,table
rho_alghafri,ALGHAFRI(2013) / EXP_NaSO_T323K.txt,,rho,323.13,301,1.566,0,0,0,0,0.783,1088.46,0.412,T,fit-eligible,,table
rho_alghafri,ALGHAFRI(2013) / EXP_NaSO_T323K.txt,,rho,323.13,401,1.566,0,0,0,0,0.783,1092.02,0.413,T,fit-eligible,,table
rho_alghafri,ALGHAFRI(2013) / EXP_NaSO_T323K.txt,,rho,323.13,501,1.566,0,0,0,0,0.783,1095.52,0.414,T,fit-eligible,,table
rho_alghafri,ALGHAFRI(2013) / EXP_NaSO_T323K.txt,,rho,323.13,601,1.566,0,0,0,0,0.783,1098.98,0.416,T,fit-eligible,,table
rho_alghafri,ALGHAFRI(2013) / EXP_NaSO_T323K.txt,,rho,323.13,686,1.566,0,0,0,0,0.783,1101.8,0.417,T,fit-eligible,,table
rho_alghafri,ALGHAFRI(2013) / EXP_NaSO_T323K.txt,,rho,323.13,11,3,0,0,0,0,1.5,1151.3,0.518,T,fit-eligible,,table
rho_alghafri,ALGHAFRI(2013) / EXP_NaSO_T323K.txt,,rho,323.13,101,3,0,0,0,0,1.5,1154.41,0.52,T,fit-eligible,,table
rho_alghafri,ALGHAFRI(2013) / EXP_NaSO_T323K.txt,,rho,323.13,201,3,0,0,0,0,1.5,1157.75,0.521,T,fit-eligible,,table
rho_alghafri,ALGHAFRI(2013) / EXP_NaSO_T323K.txt,,rho,323.13,301,3,0,0,0,0,1.5,1161,0.523,T,fit-eligible,,table
rho_alghafri,ALGHAFRI(2013) / EXP_NaSO_T323K.txt,,rho,323.13,401,3,0,0,0,0,1.5,1164.24,0.524,T,fit-eligible,,table
rho_alghafri,ALGHAFRI(2013) / EXP_NaSO_T323K.txt,,rho,323.13,501,3,0,0,0,0,1.5,1167.41,0.526,T,fit-eligible,,table
rho_alghafri,ALGHAFRI(2013) / EXP_NaSO_T323K.txt,,rho,323.13,601,3,0,0,0,0,1.5,1170.49,0.527,T,fit-eligible,,table
rho_alghafri,ALGHAFRI(2013) / EXP_NaSO_T323K.txt,,rho,323.13,686,3,0,0,0,0,1.5,1173.08,0.528,T,fit-eligible,,table
rho_alghafri,ALGHAFRI(2013) / EXP_NaSO_T348K.txt,,rho,348.12,11,1.566,0,0,0,0,0.783,1063.59,0.402,T,fit-eligible,,table
rho_alghafri,ALGHAFRI(2013) / EXP_NaSO_T348K.txt,,rho,348.12,101,1.566,0,0,0,0,0.783,1067.05,0.404,T,fit-eligible,,table
rho_alghafri,ALGHAFRI(2013) / EXP_NaSO_T348K.txt,,rho,348.12,201,1.566,0,0,0,0,0.783,1070.84,0.405,T,fit-eligible,,table
rho_alghafri,ALGHAFRI(2013) / EXP_NaSO_T348K.txt,,rho,348.12,301,1.566,0,0,0,0,0.783,1074.53,0.406,T,fit-eligible,,table
rho_alghafri,ALGHAFRI(2013) / EXP_NaSO_T348K.txt,,rho,348.12,401,1.566,0,0,0,0,0.783,1078.24,0.408,T,fit-eligible,,table
rho_alghafri,ALGHAFRI(2013) / EXP_NaSO_T348K.txt,,rho,348.12,501,1.566,0,0,0,0,0.783,1081.79,0.409,T,fit-eligible,,table
rho_alghafri,ALGHAFRI(2013) / EXP_NaSO_T348K.txt,,rho,348.12,601,1.566,0,0,0,0,0.783,1085.27,0.411,T,fit-eligible,,table
rho_alghafri,ALGHAFRI(2013) / EXP_NaSO_T348K.txt,,rho,348.12,686,1.566,0,0,0,0,0.783,1088.2,0.412,T,fit-eligible,,table
rho_alghafri,ALGHAFRI(2013) / EXP_NaSO_T348K.txt,,rho,348.12,11,3,0,0,0,0,1.5,1136.41,0.512,T,fit-eligible,,table
rho_alghafri,ALGHAFRI(2013) / EXP_NaSO_T348K.txt,,rho,348.12,101,3,0,0,0,0,1.5,1139.53,0.513,T,fit-eligible,,table
rho_alghafri,ALGHAFRI(2013) / EXP_NaSO_T348K.txt,,rho,348.12,201,3,0,0,0,0,1.5,1143.04,0.515,T,fit-eligible,,table
rho_alghafri,ALGHAFRI(2013) / EXP_NaSO_T348K.txt,,rho,348.12,301,3,0,0,0,0,1.5,1146.45,0.516,T,fit-eligible,,table
rho_alghafri,ALGHAFRI(2013) / EXP_NaSO_T348K.txt,,rho,348.12,401,3,0,0,0,0,1.5,1149.78,0.518,T,fit-eligible,,table
rho_alghafri,ALGHAFRI(2013) / EXP_NaSO_T348K.txt,,rho,348.12,501,3,0,0,0,0,1.5,1153.06,0.519,T,fit-eligible,,table
rho_alghafri,ALGHAFRI(2013) / EXP_NaSO_T348K.txt,,rho,348.12,601,3,0,0,0,0,1.5,1156.2,0.521,T,fit-eligible,,table
rho_alghafri,ALGHAFRI(2013) / EXP_NaSO_T348K.txt,,rho,348.12,686,3,0,0,0,0,1.5,1158.87,0.522,T,fit-eligible,,table
rho_alghafri,ALGHAFRI(2013) / EXP_NaSO_T373K.txt,,rho,373.12,11,1.566,0,0,0,0,0.783,1047,0.396,T,fit-eligible,,table
rho_alghafri,ALGHAFRI(2013) / EXP_NaSO_T373K.txt,,rho,373.12,101,1.566,0,0,0,0,0.783,1050.62,0.397,T,fit-eligible,,table
rho_alghafri,ALGHAFRI(2013) / EXP_NaSO_T373K.txt,,rho,373.12,201,1.566,0,0,0,0,0.783,1054.57,0.399,T,fit-eligible,,table
rho_alghafri,ALGHAFRI(2013) / EXP_NaSO_T373K.txt,,rho,373.12,301,1.566,0,0,0,0,0.783,1058.52,0.4,T,fit-eligible,,table
rho_alghafri,ALGHAFRI(2013) / EXP_NaSO_T373K.txt,,rho,373.12,401,1.566,0,0,0,0,0.783,1062.4,0.402,T,fit-eligible,,table
rho_alghafri,ALGHAFRI(2013) / EXP_NaSO_T373K.txt,,rho,373.12,501,1.566,0,0,0,0,0.783,1066.07,0.403,T,fit-eligible,,table
rho_alghafri,ALGHAFRI(2013) / EXP_NaSO_T373K.txt,,rho,373.12,601,1.566,0,0,0,0,0.783,1069.75,0.405,T,fit-eligible,,table
rho_alghafri,ALGHAFRI(2013) / EXP_NaSO_T373K.txt,,rho,373.12,686,1.566,0,0,0,0,0.783,1072.82,0.406,T,fit-eligible,,table
rho_alghafri,ALGHAFRI(2013) / EXP_NaSO_T373K.txt,,rho,373.12,11,3,0,0,0,0,1.5,1119.57,0.5,T,fit-eligible,,table
rho_alghafri,ALGHAFRI(2013) / EXP_NaSO_T373K.txt,,rho,373.12,101,3,0,0,0,0,1.5,1122.86,0.506,T,fit-eligible,,table
rho_alghafri,ALGHAFRI(2013) / EXP_NaSO_T373K.txt,,rho,373.12,201,3,0,0,0,0,1.5,1126.48,0.507,T,fit-eligible,,table
rho_alghafri,ALGHAFRI(2013) / EXP_NaSO_T373K.txt,,rho,373.12,301,3,0,0,0,0,1.5,1130.05,0.509,T,fit-eligible,,table
rho_alghafri,ALGHAFRI(2013) / EXP_NaSO_T373K.txt,,rho,373.12,401,3,0,0,0,0,1.5,1133.55,0.51,T,fit-eligible,,table
rho_alghafri,ALGHAFRI(2013) / EXP_NaSO_T373K.txt,,rho,373.12,501,3,0,0,0,0,1.5,1136.94,0.512,T,fit-eligible,,table
rho_alghafri,ALGHAFRI(2013) / EXP_NaSO_T373K.txt,,rho,373.12,601,3,0,0,0,0,1.5,1140.35,0.513,T,fit-eligible,,table
rho_alghafri,ALGHAFRI(2013) / EXP_NaSO_T373K.txt,,rho,373.12,686,3,0,0,0,0,1.5,1143.15,0.515,T,fit-eligible,,table
rho_alghafri,ALGHAFRI(2013) / EXP_NaSO_T398K.txt,,rho,398.08,11,1.566,0,0,0,0,0.783,1028.03,0.389,T,fit-eligible,,table
rho_alghafri,ALGHAFRI(2013) / EXP_NaSO_T398K.txt,,rho,398.08,101,1.566,0,0,0,0,0.783,1032.04,0.39,T,fit-eligible,,table
rho_alghafri,ALGHAFRI(2013) / EXP_NaSO_T398K.txt,,rho,398.08,201,1.566,0,0,0,0,0.783,1036.41,0.392,T,fit-eligible,,table
rho_alghafri,ALGHAFRI(2013) / EXP_NaSO_T398K.txt,,rho,398.08,301,1.566,0,0,0,0,0.783,1040.58,0.394,T,fit-eligible,,table
rho_alghafri,ALGHAFRI(2013) / EXP_NaSO_T398K.txt,,rho,398.08,401,1.566,0,0,0,0,0.783,1044.61,0.395,T,fit-eligible,,table
rho_alghafri,ALGHAFRI(2013) / EXP_NaSO_T398K.txt,,rho,398.08,501,1.566,0,0,0,0,0.783,1048.55,0.397,T,fit-eligible,,table
rho_alghafri,ALGHAFRI(2013) / EXP_NaSO_T398K.txt,,rho,398.08,601,1.566,0,0,0,0,0.783,1052.44,0.398,T,fit-eligible,,table
rho_alghafri,ALGHAFRI(2013) / EXP_NaSO_T398K.txt,,rho,398.08,686,1.566,0,0,0,0,0.783,1055.65,0.399,T,fit-eligible,,table
rho_alghafri,ALGHAFRI(2013) / EXP_NaSO_T398K.txt,,rho,398.08,11,3,0,0,0,0,1.5,1100.73,0.5,T,fit-eligible,,table
rho_alghafri,ALGHAFRI(2013) / EXP_NaSO_T398K.txt,,rho,398.08,101,3,0,0,0,0,1.5,1104.32,0.5,T,fit-eligible,,table
rho_alghafri,ALGHAFRI(2013) / EXP_NaSO_T398K.txt,,rho,398.08,201,3,0,0,0,0,1.5,1108.32,0.5,T,fit-eligible,,table
rho_alghafri,ALGHAFRI(2013) / EXP_NaSO_T398K.txt,,rho,398.08,301,3,0,0,0,0,1.5,1112.1,0.5,T,fit-eligible,,table
rho_alghafri,ALGHAFRI(2013) / EXP_NaSO_T398K.txt,,rho,398.08,401,3,0,0,0,0,1.5,1115.8,0.5,T,fit-eligible,,table
rho_alghafri,ALGHAFRI(2013) / EXP_NaSO_T398K.txt,,rho,398.08,501,3,0,0,0,0,1.5,1119.47,0.5,T,fit-eligible,,table
rho_alghafri,ALGHAFRI(2013) / EXP_NaSO_T398K.txt,,rho,398.08,601,3,0,0,0,0,1.5,1123.02,0.506,T,fit-eligible,,table
rho_alghafri,ALGHAFRI(2013) / EXP_NaSO_T398K.txt,,rho,398.08,686,3,0,0,0,0,1.5,1125.97,0.507,T,fit-eligible,,table
rho_alghafri,ALGHAFRI(2013) / EXP_NaSO_T423K.txt,,rho,423.07,11,1.566,0,0,0,0,0.783,1006.98,0.381,T,fit-eligible,,table
rho_alghafri,ALGHAFRI(2013) / EXP_NaSO_T423K.txt,,rho,423.07,101,1.566,0,0,0,0,0.783,1011.36,0.383,T,fit-eligible,,table
rho_alghafri,ALGHAFRI(2013) / EXP_NaSO_T423K.txt,,rho,423.07,201,1.566,0,0,0,0,0.783,1016.13,0.384,T,fit-eligible,,table
rho_alghafri,ALGHAFRI(2013) / EXP_NaSO_T423K.txt,,rho,423.07,301,1.566,0,0,0,0,0.783,1020.77,0.386,T,fit-eligible,,table
rho_alghafri,ALGHAFRI(2013) / EXP_NaSO_T423K.txt,,rho,423.07,401,1.566,0,0,0,0,0.783,1025.11,0.388,T,fit-eligible,,table
rho_alghafri,ALGHAFRI(2013) / EXP_NaSO_T423K.txt,,rho,423.07,501,1.566,0,0,0,0,0.783,1029.51,0.389,T,fit-eligible,,table
rho_alghafri,ALGHAFRI(2013) / EXP_NaSO_T423K.txt,,rho,423.07,601,1.566,0,0,0,0,0.783,1033.66,0.391,T,fit-eligible,,table
rho_alghafri,ALGHAFRI(2013) / EXP_NaSO_T423K.txt,,rho,423.07,686,1.566,0,0,0,0,0.783,1037.1,0.392,T,fit-eligible,,table
rho_alghafri,ALGHAFRI(2013) / EXP_NaSO_T423K.txt,,rho,423.07,11,3,0,0,0,0,1.5,1080.12,0.486,T,fit-eligible,,table
rho_alghafri,ALGHAFRI(2013) / EXP_NaSO_T423K.txt,,rho,423.07,101,3,0,0,0,0,1.5,1084.06,0.488,T,fit-eligible,,table
rho_alghafri,ALGHAFRI(2013) / EXP_NaSO_T423K.txt,,rho,423.07,201,3,0,0,0,0,1.5,1088.31,0.49,T,fit-eligible,,table
rho_alghafri,ALGHAFRI(2013) / EXP_NaSO_T423K.txt,,rho,423.07,301,3,0,0,0,0,1.5,1092.62,0.492,T,fit-eligible,,table
rho_alghafri,ALGHAFRI(2013) / EXP_NaSO_T423K.txt,,rho,423.07,401,3,0,0,0,0,1.5,1096.64,0.494,T,fit-eligible,,table
rho_alghafri,ALGHAFRI(2013) / EXP_NaSO_T423K.txt,,rho,423.07,501,3,0,0,0,0,1.5,1100.57,0.5,T,fit-eligible,,table
rho_alghafri,ALGHAFRI(2013) / EXP_NaSO_T423K.txt,,rho,423.07,601,3,0,0,0,0,1.5,1104.44,0.5,T,fit-eligible,,table
rho_alghafri,ALGHAFRI(2013) / EXP_NaSO_T423K.txt,,rho,423.07,686,3,0,0,0,0,1.5,1107.66,0.5,T,fit-eligible,,table
rho_alghafri,ALGHAFRI(2013) / EXP_NaSO_T448K.txt,,rho,448.03,11,1.566,0,0,0,0,0.783,983.81,0.372,T,fit-eligible,,table
rho_alghafri,ALGHAFRI(2013) / EXP_NaSO_T448K.txt,,rho,448.03,101,1.566,0,0,0,0,0.783,988.74,0.374,T,fit-eligible,,table
rho_alghafri,ALGHAFRI(2013) / EXP_NaSO_T448K.txt,,rho,448.03,201,1.566,0,0,0,0,0.783,994.07,0.376,T,fit-eligible,,table
rho_alghafri,ALGHAFRI(2013) / EXP_NaSO_T448K.txt,,rho,448.03,301,1.566,0,0,0,0,0.783,998.93,0.378,T,fit-eligible,,table
rho_alghafri,ALGHAFRI(2013) / EXP_NaSO_T448K.txt,,rho,448.03,401,1.566,0,0,0,0,0.783,1004.1,0.38,T,fit-eligible,,table
rho_alghafri,ALGHAFRI(2013) / EXP_NaSO_T448K.txt,,rho,448.03,501,1.566,0,0,0,0,0.783,1008.75,0.382,T,fit-eligible,,table
rho_alghafri,ALGHAFRI(2013) / EXP_NaSO_T448K.txt,,rho,448.03,601,1.566,0,0,0,0,0.783,1013.33,0.383,T,fit-eligible,,table
rho_alghafri,ALGHAFRI(2013) / EXP_NaSO_T448K.txt,,rho,448.03,686,1.566,0,0,0,0,0.783,1017.15,0.385,T,fit-eligible,,table
rho_alghafri,ALGHAFRI(2013) / EXP_NaSO_T448K.txt,,rho,448.03,11,3,0,0,0,0,1.5,1057.71,0.476,T,fit-eligible,,table
rho_alghafri,ALGHAFRI(2013) / EXP_NaSO_T448K.txt,,rho,448.03,101,3,0,0,0,0,1.5,1062.06,0.478,T,fit-eligible,,table
rho_alghafri,ALGHAFRI(2013) / EXP_NaSO_T448K.txt,,rho,448.03,201,3,0,0,0,0,1.5,1067,0.48,T,fit-eligible,,table
rho_alghafri,ALGHAFRI(2013) / EXP_NaSO_T448K.txt,,rho,448.03,301,3,0,0,0,0,1.5,1071.61,0.482,T,fit-eligible,,table
rho_alghafri,ALGHAFRI(2013) / EXP_NaSO_T448K.txt,,rho,448.03,401,3,0,0,0,0,1.5,1076.11,0.484,T,fit-eligible,,table
rho_alghafri,ALGHAFRI(2013) / EXP_NaSO_T448K.txt,,rho,448.03,501,3,0,0,0,0,1.5,1080.33,0.486,T,fit-eligible,,table
rho_alghafri,ALGHAFRI(2013) / EXP_NaSO_T448K.txt,,rho,448.03,601,3,0,0,0,0,1.5,1084.59,0.488,T,fit-eligible,,table
rho_alghafri,ALGHAFRI(2013) / EXP_NaSO_T448K.txt,,rho,448.03,686,3,0,0,0,0,1.5,1088.14,0.49,T,fit-eligible,,table
rho_alghafri,ALGHAFRI(2013) / EXP_NaSO_T473K.txt,,rho,473.02,101,1.566,0,0,0,0,0.783,963.68,0.365,T,fit-eligible,,table
rho_alghafri,ALGHAFRI(2013) / EXP_NaSO_T473K.txt,,rho,473.02,201,1.566,0,0,0,0,0.783,969.72,0.367,T,fit-eligible,,table
rho_alghafri,ALGHAFRI(2013) / EXP_NaSO_T473K.txt,,rho,473.02,301,1.566,0,0,0,0,0.783,975.48,0.369,T,fit-eligible,,table
rho_alghafri,ALGHAFRI(2013) / EXP_NaSO_T473K.txt,,rho,473.02,401,1.566,0,0,0,0,0.783,981.03,0.371,T,fit-eligible,,table
rho_alghafri,ALGHAFRI(2013) / EXP_NaSO_T473K.txt,,rho,473.02,501,1.566,0,0,0,0,0.783,986.37,0.373,T,fit-eligible,,table
rho_alghafri,ALGHAFRI(2013) / EXP_NaSO_T473K.txt,,rho,473.02,601,1.566,0,0,0,0,0.783,991.46,0.375,T,fit-eligible,,table
rho_alghafri,ALGHAFRI(2013) / EXP_NaSO_T473K.txt,,rho,473.02,686,1.566,0,0,0,0,0.783,995.65,0.377,T,fit-eligible,,table
rho_alghafri,ALGHAFRI(2013) / EXP_NaSO_T473K.txt,,rho,473.02,101,3,0,0,0,0,1.5,1038.23,0.467,T,fit-eligible,,table
rho_alghafri,ALGHAFRI(2013) / EXP_NaSO_T473K.txt,,rho,473.02,201,3,0,0,0,0,1.5,1043.59,0.47,T,fit-eligible,,table
rho_alghafri,ALGHAFRI(2013) / EXP_NaSO_T473K.txt,,rho,473.02,301,3,0,0,0,0,1.5,1048.78,0.472,T,fit-eligible,,table
rho_alghafri,ALGHAFRI(2013) / EXP_NaSO_T473K.txt,,rho,473.02,401,3,0,0,0,0,1.5,1053.91,0.474,T,fit-eligible,,table
rho_alghafri,ALGHAFRI(2013) / EXP_NaSO_T473K.txt,,rho,473.02,501,3,0,0,0,0,1.5,1058.64,0.477,T,fit-eligible,,table
rho_alghafri,ALGHAFRI(2013) / EXP_NaSO_T473K.txt,,rho,473.02,601,3,0,0,0,0,1.5,1063.34,0.479,T,fit-eligible,,table
rho_alghafri,ALGHAFRI(2013) / EXP_NaSO_T473K.txt,,rho,473.02,686,3,0,0,0,0,1.5,1067.18,0.48,T,fit-eligible,,table
crovetto1993_10.1006_jcht.1993.1013_t2,CROVETTO(1993),,rho,623.09,166.5,0.25,0.25,0.0,0.0,0.0,0.0,613.51,,T,test-only,,table
crovetto1993_10.1006_jcht.1993.1013_t2,CROVETTO(1993),,rho,623.09,166.6,0.25,0.25,0.0,0.0,0.0,0.0,613.55,,T,test-only,,table
crovetto1993_10.1006_jcht.1993.1013_t2,CROVETTO(1993),,rho,623.09,166.9,0.25,0.25,0.0,0.0,0.0,0.0,613.79,,T,test-only,,table
crovetto1993_10.1006_jcht.1993.1013_t2,CROVETTO(1993),,rho,623.09,165.5,0.25,0.25,0.0,0.0,0.0,0.0,613.17,,T,test-only,,table
crovetto1993_10.1006_jcht.1993.1013_t2,CROVETTO(1993),,rho,623.09,166.9,0.25,0.25,0.0,0.0,0.0,0.0,613.85,,T,test-only,,table
crovetto1993_10.1006_jcht.1993.1013_t2,CROVETTO(1993),,rho,623.09,164.5,0.25,0.25,0.0,0.0,0.0,0.0,612.43,,T,test-only,,table
crovetto1993_10.1006_jcht.1993.1013_t2,CROVETTO(1993),,rho,623.2,167.5,0.5,0.5,0.0,0.0,0.0,0.0,640.8,,T,test-only,,table
crovetto1993_10.1006_jcht.1993.1013_t2,CROVETTO(1993),,rho,623.2,164.6,0.5,0.5,0.0,0.0,0.0,0.0,639.93,,T,test-only,,table
crovetto1993_10.1006_jcht.1993.1013_t2,CROVETTO(1993),,rho,623.2,167.5,0.5,0.5,0.0,0.0,0.0,0.0,640.85,,T,test-only,,table
crovetto1993_10.1006_jcht.1993.1013_t2,CROVETTO(1993),,rho,623.2,164.5,0.5,0.5,0.0,0.0,0.0,0.0,639.79,,T,test-only,,table
crovetto1993_10.1006_jcht.1993.1013_t2,CROVETTO(1993),,rho,623.2,167.5,0.5,0.5,0.0,0.0,0.0,0.0,640.76,,T,test-only,,table
crovetto1993_10.1006_jcht.1993.1013_t2,CROVETTO(1993),,rho,623.11,167.2,1.0,1.0,0.0,0.0,0.0,0.0,684.44,,T,test-only,,table
crovetto1993_10.1006_jcht.1993.1013_t2,CROVETTO(1993),,rho,623.11,162.1,1.0,1.0,0.0,0.0,0.0,0.0,683.17,,T,test-only,,table
crovetto1993_10.1006_jcht.1993.1013_t2,CROVETTO(1993),,rho,623.11,167.2,1.0,1.0,0.0,0.0,0.0,0.0,684.3,,T,test-only,,table
crovetto1993_10.1006_jcht.1993.1013_t2,CROVETTO(1993),,rho,623.11,162.4,1.0,1.0,0.0,0.0,0.0,0.0,683.3,,T,test-only,,table
crovetto1993_10.1006_jcht.1993.1013_t2,CROVETTO(1993),,rho,623.11,167.2,1.0,1.0,0.0,0.0,0.0,0.0,684.36,,T,test-only,,table
crovetto1993_10.1006_jcht.1993.1013_t2,CROVETTO(1993),,rho,623.17,167.4,1.0,1.0,0.0,0.0,0.0,0.0,684.46,,T,test-only,,table
crovetto1993_10.1006_jcht.1993.1013_t2,CROVETTO(1993),,rho,623.15,167.1,1.0,1.0,0.0,0.0,0.0,0.0,684.56,,T,test-only,,table
crovetto1993_10.1006_jcht.1993.1013_t2,CROVETTO(1993),,rho,623.15,162.9,1.0,1.0,0.0,0.0,0.0,0.0,683.73,,T,test-only,,table
crovetto1993_10.1006_jcht.1993.1013_t2,CROVETTO(1993),,rho,623.15,167.1,1.0,1.0,0.0,0.0,0.0,0.0,684.67,,T,test-only,,table
crovetto1993_10.1006_jcht.1993.1013_t2,CROVETTO(1993),,rho,623.09,166.9,1.0,1.0,0.0,0.0,0.0,0.0,685.09,,T,test-only,,table
crovetto1993_10.1006_jcht.1993.1013_t2,CROVETTO(1993),,rho,623.09,166.9,1.0,1.0,0.0,0.0,0.0,0.0,685.51,,T,test-only,,table
crovetto1993_10.1006_jcht.1993.1013_t2,CROVETTO(1993),,rho,623.09,162.4,1.0,1.0,0.0,0.0,0.0,0.0,684.66,,T,test-only,,table
crovetto1993_10.1006_jcht.1993.1013_t2,CROVETTO(1993),,rho,623.1,167.6,1.0,1.0,0.0,0.0,0.0,0.0,684.94,,T,test-only,,table
crovetto1993_10.1006_jcht.1993.1013_t2,CROVETTO(1993),,rho,623.1,163.5,1.0,1.0,0.0,0.0,0.0,0.0,684.06,,T,test-only,,table
crovetto1993_10.1006_jcht.1993.1013_t2,CROVETTO(1993),,rho,623.1,166.9,1.0,1.0,0.0,0.0,0.0,0.0,685.04,,T,test-only,,table
crovetto1993_10.1006_jcht.1993.1013_t2,CROVETTO(1993),,rho,623.1,163.3,1.0,1.0,0.0,0.0,0.0,0.0,684.12,,T,test-only,,table
crovetto1993_10.1006_jcht.1993.1013_t2,CROVETTO(1993),,rho,623.1,167.7,1.0,1.0,0.0,0.0,0.0,0.0,684.96,,T,test-only,,table
crovetto1993_10.1006_jcht.1993.1013_t2,CROVETTO(1993),,rho,623.11,167.2,3.0,3.0,0.0,0.0,0.0,0.0,805.47,,T,test-only,,table
crovetto1993_10.1006_jcht.1993.1013_t2,CROVETTO(1993),,rho,623.11,156.5,3.0,3.0,0.0,0.0,0.0,0.0,804.6,,T,test-only,,table
crovetto1993_10.1006_jcht.1993.1013_t2,CROVETTO(1993),,rho,623.11,167.2,3.0,3.0,0.0,0.0,0.0,0.0,805.5,,T,test-only,,table
crovetto1993_10.1006_jcht.1993.1013_t2,CROVETTO(1993),,rho,623.16,168.0,3.0,3.0,0.0,0.0,0.0,0.0,804.99,,T,test-only,,table
crovetto1993_10.1006_jcht.1993.1013_t2,CROVETTO(1993),,rho,623.19,167.5,3.0,3.0,0.0,0.0,0.0,0.0,804.84,,T,test-only,,table
crovetto1993_10.1006_jcht.1993.1013_t2,CROVETTO(1993),,rho,623.19,157.6,3.0,3.0,0.0,0.0,0.0,0.0,804.13,,T,test-only,,table
crovetto1993_10.1006_jcht.1993.1013_t2,CROVETTO(1993),,rho,623.19,167.0,3.0,3.0,0.0,0.0,0.0,0.0,805.09,,T,test-only,,table
crovetto1993_10.1006_jcht.1993.1013_t2,CROVETTO(1993),,rho,623.19,153.5,3.0,3.0,0.0,0.0,0.0,0.0,803.82,,T,test-only,,table
crovetto1993_10.1006_jcht.1993.1013_t2,CROVETTO(1993),,rho,623.19,167.5,3.0,3.0,0.0,0.0,0.0,0.0,804.93,,T,test-only,,table
crovetto1993_10.1006_jcht.1993.1013_t2,CROVETTO(1993),,rho,623.12,167.1,3.0,3.0,0.0,0.0,0.0,0.0,805.12,,T,test-only,,table
crovetto1993_10.1006_jcht.1993.1013_t2,CROVETTO(1993),,rho,623.12,158.6,3.0,3.0,0.0,0.0,0.0,0.0,804.92,,T,test-only,,table
crovetto1993_10.1006_jcht.1993.1013_t2,CROVETTO(1993),,rho,623.12,167.1,3.0,3.0,0.0,0.0,0.0,0.0,805.29,,T,test-only,,table
crovetto1993_10.1006_jcht.1993.1013_t2,CROVETTO(1993),,rho,623.12,152.4,3.0,3.0,0.0,0.0,0.0,0.0,804.62,,T,test-only,,table
crovetto1993_10.1006_jcht.1993.1013_t2,CROVETTO(1993),,rho,623.12,167.1,3.0,3.0,0.0,0.0,0.0,0.0,805.22,,T,test-only,,table
crovetto1993_10.1006_jcht.1993.1013_t2,CROVETTO(1993),,rho,623.17,167.0,3.0,3.0,0.0,0.0,0.0,0.0,804.72,,T,test-only,,table
crovetto1993_10.1006_jcht.1993.1013_t2,CROVETTO(1993),,rho,623.17,158.0,3.0,3.0,0.0,0.0,0.0,0.0,804.13,,T,test-only,,table
crovetto1993_10.1006_jcht.1993.1013_t2,CROVETTO(1993),,rho,623.17,153.3,3.0,3.0,0.0,0.0,0.0,0.0,803.96,,T,test-only,,table
crovetto1993_10.1006_jcht.1993.1013_t2,CROVETTO(1993),,rho,623.17,167.1,3.0,3.0,0.0,0.0,0.0,0.0,804.83,,T,test-only,,table
crovetto1993_10.1006_jcht.1993.1013_t2,CROVETTO(1993),,rho,623.11,167.55,0.0,0.25,0.25,0.0,0.0,0.0,616.01,,T,test-only,,table
crovetto1993_10.1006_jcht.1993.1013_t2,CROVETTO(1993),,rho,623.11,164.12,0.0,0.25,0.25,0.0,0.0,0.0,614.59,,T,test-only,,table
crovetto1993_10.1006_jcht.1993.1013_t2,CROVETTO(1993),,rho,623.11,167.6,0.0,0.25,0.25,0.0,0.0,0.0,616.24,,T,test-only,,table
crovetto1993_10.1006_jcht.1993.1013_t2,CROVETTO(1993),,rho,623.11,163.32,0.0,0.25,0.25,0.0,0.0,0.0,614.35,,T,test-only,,table
crovetto1993_10.1006_jcht.1993.1013_t2,CROVETTO(1993),,rho,623.11,167.55,0.0,0.25,0.25,0.0,0.0,0.0,616.04,,T,test-only,,table
crovetto1993_10.1006_jcht.1993.1013_t2,CROVETTO(1993),,rho,623.11,162.6,0.0,0.5,0.5,0.0,0.0,0.0,642.44,,T,test-only,,table
crovetto1993_10.1006_jcht.1993.1013_t2,CROVETTO(1993),,rho,623.11,167.6,0.0,0.5,0.5,0.0,0.0,0.0,644.19,,T,test-only,,table
crovetto1993_10.1006_jcht.1993.1013_t2,CROVETTO(1993),,rho,623.11,162.9,0.0,0.5,0.5,0.0,0.0,0.0,642.67,,T,test-only,,table
crovetto1993_10.1006_jcht.1993.1013_t2,CROVETTO(1993),,rho,623.12,167.7,0.0,0.5,0.5,0.0,0.0,0.0,643.92,,T,test-only,,table
crovetto1993_10.1006_jcht.1993.1013_t2,CROVETTO(1993),,rho,623.12,166.9,0.0,0.5,0.5,0.0,0.0,0.0,643.77,,T,test-only,,table
crovetto1993_10.1006_jcht.1993.1013_t2,CROVETTO(1993),,rho,623.12,162.8,0.0,0.5,0.5,0.0,0.0,0.0,642.3,,T,test-only,,table
crovetto1993_10.1006_jcht.1993.1013_t2,CROVETTO(1993),,rho,623.12,167.1,0.0,0.5,0.5,0.0,0.0,0.0,643.83,,T,test-only,,table
crovetto1993_10.1006_jcht.1993.1013_t2,CROVETTO(1993),,rho,623.12,162.6,0.0,0.5,0.5,0.0,0.0,0.0,642.3,,T,test-only,,table
crovetto1993_10.1006_jcht.1993.1013_t2,CROVETTO(1993),,rho,623.12,167.6,0.0,0.5,0.5,0.0,0.0,0.0,643.82,,T,test-only,,table
crovetto1993_10.1006_jcht.1993.1013_t2,CROVETTO(1993),,rho,623.09,167.65,0.0,0.5,0.5,0.0,0.0,0.0,644.18,,T,test-only,,table
crovetto1993_10.1006_jcht.1993.1013_t2,CROVETTO(1993),,rho,623.09,162.8,0.0,0.5,0.5,0.0,0.0,0.0,642.62,,T,test-only,,table
crovetto1993_10.1006_jcht.1993.1013_t2,CROVETTO(1993),,rho,623.09,167.6,0.0,0.5,0.5,0.0,0.0,0.0,644.15,,T,test-only,,table
crovetto1993_10.1006_jcht.1993.1013_t2,CROVETTO(1993),,rho,623.09,162.7,0.0,0.5,0.5,0.0,0.0,0.0,642.56,,T,test-only,,table
crovetto1993_10.1006_jcht.1993.1013_t2,CROVETTO(1993),,rho,623.09,167.6,0.0,0.5,0.5,0.0,0.0,0.0,644.16,,T,test-only,,table
crovetto1993_10.1006_jcht.1993.1013_t2,CROVETTO(1993),,rho,623.15,167.1,0.0,1.0,1.0,0.0,0.0,0.0,689.44,,T,test-only,,table
crovetto1993_10.1006_jcht.1993.1013_t2,CROVETTO(1993),,rho,623.15,157.4,0.0,1.0,1.0,0.0,0.0,0.0,687.22,,T,test-only,,table
crovetto1993_10.1006_jcht.1993.1013_t2,CROVETTO(1993),,rho,623.15,167.0,0.0,1.0,1.0,0.0,0.0,0.0,689.38,,T,test-only,,table
crovetto1993_10.1006_jcht.1993.1013_t2,CROVETTO(1993),,rho,623.15,162.3,0.0,1.0,1.0,0.0,0.0,0.0,688.69,,T,test-only,,table
crovetto1993_10.1006_jcht.1993.1013_t2,CROVETTO(1993),,rho,623.15,167.5,0.0,1.0,1.0,0.0,0.0,0.0,689.56,,T,test-only,,table
crovetto1993_10.1006_jcht.1993.1013_t2,CROVETTO(1993),,rho,623.11,167.2,0.0,3.0,3.0,0.0,0.0,0.0,819.93,,T,test-only,,table
crovetto1993_10.1006_jcht.1993.1013_t2,CROVETTO(1993),,rho,623.11,157.6,0.0,3.0,3.0,0.0,0.0,0.0,819.44,,T,test-only,,table
crovetto1993_10.1006_jcht.1993.1013_t2,CROVETTO(1993),,rho,623.11,167.6,0.0,3.0,3.0,0.0,0.0,0.0,819.89,,T,test-only,,table
crovetto1993_10.1006_jcht.1993.1013_t2,CROVETTO(1993),,rho,623.11,167.2,0.0,3.0,3.0,0.0,0.0,0.0,820.45,,T,test-only,,table
crovetto1993_10.1006_jcht.1993.1013_t2,CROVETTO(1993),,rho,623.11,157.6,0.0,3.0,3.0,0.0,0.0,0.0,819.96,,T,test-only,,table
crovetto1993_10.1006_jcht.1993.1013_t2,CROVETTO(1993),,rho,623.1,167.2,0.0,3.0,3.0,0.0,0.0,0.0,819.78,,T,test-only,,table
crovetto1993_10.1006_jcht.1993.1013_t2,CROVETTO(1993),,rho,623.1,158.2,0.0,3.0,3.0,0.0,0.0,0.0,819.47,,T,test-only,,table
crovetto1993_10.1006_jcht.1993.1013_t2,CROVETTO(1993),,rho,623.1,167.2,0.0,3.0,3.0,0.0,0.0,0.0,819.89,,T,test-only,,table
crovetto1993_10.1006_jcht.1993.1013_t2,CROVETTO(1993),,rho,623.09,167.1,0.0,3.0,3.0,0.0,0.0,0.0,820.29,,T,test-only,,table
crovetto1993_10.1006_jcht.1993.1013_t2,CROVETTO(1993),,rho,623.09,158.3,0.0,3.0,3.0,0.0,0.0,0.0,820.15,,T,test-only,,table
crovetto1993_10.1006_jcht.1993.1013_t2,CROVETTO(1993),,rho,623.09,148.6,0.0,3.0,3.0,0.0,0.0,0.0,819.47,,T,test-only,,table
crovetto1993_10.1006_jcht.1993.1013_t2,CROVETTO(1993),,rho,623.09,166.8,0.0,3.0,3.0,0.0,0.0,0.0,820.43,,T,test-only,,table
crovetto1993_10.1006_jcht.1993.1013_t2,CROVETTO(1993),,rho,623.09,158.3,0.0,3.0,3.0,0.0,0.0,0.0,820.23,,T,test-only,,table
crovetto1993_10.1006_jcht.1993.1013_t2,CROVETTO(1993),,rho,623.09,148.5,0.0,3.0,3.0,0.0,0.0,0.0,819.43,,T,test-only,,table
crovetto1993_10.1006_jcht.1993.1013_t2,CROVETTO(1993),,rho,623.09,167.6,0.0,3.0,3.0,0.0,0.0,0.0,820.34,,T,test-only,,table
crovetto1993_10.1006_jcht.1993.1013_t2,CROVETTO(1993),,rho,623.1,168.0,0.0,0.45,0.0,0.225,0.0,0.0,629.61,,T,test-only,,table
crovetto1993_10.1006_jcht.1993.1013_t2,CROVETTO(1993),,rho,623.1,165.3,0.0,0.45,0.0,0.225,0.0,0.0,628.55,,T,test-only,,table
crovetto1993_10.1006_jcht.1993.1013_t2,CROVETTO(1993),,rho,623.1,167.9,0.0,0.45,0.0,0.225,0.0,0.0,629.54,,T,test-only,,table
crovetto1993_10.1006_jcht.1993.1013_t2,CROVETTO(1993),,rho,623.1,165.0,0.0,0.45,0.0,0.225,0.0,0.0,628.45,,T,test-only,,table
crovetto1993_10.1006_jcht.1993.1013_t2,CROVETTO(1993),,rho,623.1,166.8,0.0,0.974,0.0,0.487,0.0,0.0,674.79,,T,test-only,,table
crovetto1993_10.1006_jcht.1993.1013_t2,CROVETTO(1993),,rho,623.1,164.0,0.0,0.974,0.0,0.487,0.0,0.0,674.02,,T,test-only,,table
crovetto1993_10.1006_jcht.1993.1013_t2,CROVETTO(1993),,rho,623.1,166.8,0.0,0.974,0.0,0.487,0.0,0.0,675.05,,T,test-only,,table
crovetto1993_10.1006_jcht.1993.1013_t2,CROVETTO(1993),,rho,623.1,164.1,0.0,0.974,0.0,0.487,0.0,0.0,674.23,,T,test-only,,table
crovetto1993_10.1006_jcht.1993.1013_t2,CROVETTO(1993),,rho,623.1,167.7,0.0,0.974,0.0,0.487,0.0,0.0,675.13,,T,test-only,,table
crovetto1993_10.1006_jcht.1993.1013_t2,CROVETTO(1993),,rho,623.08,167.7,0.0,0.974,0.0,0.487,0.0,0.0,675.19,,T,test-only,,table
crovetto1993_10.1006_jcht.1993.1013_t2,CROVETTO(1993),,rho,623.08,164.4,0.0,0.974,0.0,0.487,0.0,0.0,674.5,,T,test-only,,table
crovetto1993_10.1006_jcht.1993.1013_t2,CROVETTO(1993),,rho,623.08,167.7,0.0,0.974,0.0,0.487,0.0,0.0,675.17,,T,test-only,,table
crovetto1993_10.1006_jcht.1993.1013_t2,CROVETTO(1993),,rho,623.08,164.25,0.0,0.974,0.0,0.487,0.0,0.0,674.32,,T,test-only,,table
crovetto1993_10.1006_jcht.1993.1013_t2,CROVETTO(1993),,rho,623.1,167.2,0.0,1.96,0.0,0.98,0.0,0.0,746.69,,T,test-only,,table
crovetto1993_10.1006_jcht.1993.1013_t2,CROVETTO(1993),,rho,623.1,161.9,0.0,1.96,0.0,0.98,0.0,0.0,745.89,,T,test-only,,table
crovetto1993_10.1006_jcht.1993.1013_t2,CROVETTO(1993),,rho,623.1,161.9,0.0,1.96,0.0,0.98,0.0,0.0,745.92,,T,test-only,,table
crovetto1993_10.1006_jcht.1993.1013_t2,CROVETTO(1993),,rho,623.1,167.4,0.0,1.96,0.0,0.98,0.0,0.0,746.81,,T,test-only,,table
crovetto1993_10.1006_jcht.1993.1013_t2,CROVETTO(1993),,rho,623.09,167.8,0.0,6.468,0.0,3.234,0.0,0.0,973.97,,T,test-only,,table
crovetto1993_10.1006_jcht.1993.1013_t2,CROVETTO(1993),,rho,623.09,158.6,0.0,6.468,0.0,3.234,0.0,0.0,974.14,,T,test-only,,table
crovetto1993_10.1006_jcht.1993.1013_t2,CROVETTO(1993),,rho,623.09,167.8,0.0,6.468,0.0,3.234,0.0,0.0,974.03,,T,test-only,,table
crovetto1993_10.1006_jcht.1993.1013_t2,CROVETTO(1993),,rho,623.09,152.6,0.0,6.468,0.0,3.234,0.0,0.0,974.16,,T,test-only,,table
crovetto1993_10.1006_jcht.1993.1013_t2,CROVETTO(1993),,rho,623.12,167.4,0.0,6.468,0.0,3.234,0.0,0.0,974.63,,T,test-only,,table
crovetto1993_10.1006_jcht.1993.1013_t2,CROVETTO(1993),,rho,623.12,158.3,0.0,6.468,0.0,3.234,0.0,0.0,974.74,,T,test-only,,table
crovetto1993_10.1006_jcht.1993.1013_t2,CROVETTO(1993),,rho,623.13,167.6,0.0,6.468,0.0,3.234,0.0,0.0,973.49,,T,test-only,,table
crovetto1993_10.1006_jcht.1993.1013_t2,CROVETTO(1993),,rho,623.13,153.1,0.0,6.468,0.0,3.234,0.0,0.0,974.59,,T,test-only,,table
crovetto1993_10.1006_jcht.1993.1013_t2,CROVETTO(1993),,rho,623.13,167.6,0.0,6.468,0.0,3.234,0.0,0.0,974.57,,T,test-only,,table
crovetto1993_10.1006_jcht.1993.1013_t2,CROVETTO(1993),,rho,623.13,157.7,0.0,6.468,0.0,3.234,0.0,0.0,974.75,,T,test-only,,table
crovetto1993_10.1006_jcht.1993.1013_t2,CROVETTO(1993),,rho,623.1,167.6,0.0,6.468,0.0,3.234,0.0,0.0,974.24,,T,test-only,,table
crovetto1993_10.1006_jcht.1993.1013_t2,CROVETTO(1993),,rho,623.1,158.3,0.0,6.468,0.0,3.234,0.0,0.0,974.49,,T,test-only,,table
crovetto1993_10.1006_jcht.1993.1013_t2,CROVETTO(1993),,rho,623.1,158.3,0.0,6.468,0.0,3.234,0.0,0.0,974.02,,T,test-only,,table
crovetto1993_10.1006_jcht.1993.1013_t2,CROVETTO(1993),,rho,623.1,167.4,0.0,6.468,0.0,3.234,0.0,0.0,974.48,,T,test-only,,table
crovetto1993_10.1006_jcht.1993.1013_t2,CROVETTO(1993),,rho,623.1,158.1,0.0,6.468,0.0,3.234,0.0,0.0,974.62,,T,test-only,,table
crovetto1993_10.1006_jcht.1993.1013_t2,CROVETTO(1993),,rho,623.1,153.1,0.0,6.468,0.0,3.234,0.0,0.0,974.64,,T,test-only,,table
crovetto1993_10.1006_jcht.1993.1013_t2,CROVETTO(1993),,rho,623.1,167.7,0.0,6.468,0.0,3.234,0.0,0.0,974.62,,T,test-only,,table
crovetto1993_10.1006_jcht.1993.1013_t2,CROVETTO(1993),,rho,642.89,220.4,0.0,0.45,0.0,0.225,0.0,0.0,566.48,,T,test-only,,table
crovetto1993_10.1006_jcht.1993.1013_t2,CROVETTO(1993),,rho,642.89,219.7,0.0,0.45,0.0,0.225,0.0,0.0,565.86,,T,test-only,,table
crovetto1993_10.1006_jcht.1993.1013_t2,CROVETTO(1993),,rho,642.89,210.1,0.0,0.45,0.0,0.225,0.0,0.0,555.53,,T,test-only,,table
crovetto1993_10.1006_jcht.1993.1013_t2,CROVETTO(1993),,rho,642.89,220.3,0.0,0.45,0.0,0.225,0.0,0.0,566.08,,T,test-only,,table
crovetto1993_10.1006_jcht.1993.1013_t2,CROVETTO(1993),,rho,642.89,210.3,0.0,0.45,0.0,0.225,0.0,0.0,555.71,,T,test-only,,table
crovetto1993_10.1006_jcht.1993.1013_t2,CROVETTO(1993),,rho,642.89,220.5,0.0,0.45,0.0,0.225,0.0,0.0,565.97,,T,test-only,,table
crovetto1993_10.1006_jcht.1993.1013_t2,CROVETTO(1993),,rho,642.83,220.3,0.0,0.45,0.0,0.225,0.0,0.0,566.48,,T,test-only,,table
crovetto1993_10.1006_jcht.1993.1013_t2,CROVETTO(1993),,rho,642.83,219.5,0.0,0.45,0.0,0.225,0.0,0.0,566.35,,T,test-only,,table
crovetto1993_10.1006_jcht.1993.1013_t2,CROVETTO(1993),,rho,642.83,210.4,0.0,0.45,0.0,0.225,0.0,0.0,556.3,,T,test-only,,table
crovetto1993_10.1006_jcht.1993.1013_t2,CROVETTO(1993),,rho,642.83,220.3,0.0,0.45,0.0,0.225,0.0,0.0,566.55,,T,test-only,,table
crovetto1993_10.1006_jcht.1993.1013_t2,CROVETTO(1993),,rho,642.83,220.3,0.0,0.45,0.0,0.225,0.0,0.0,566.54,,T,test-only,,table
crovetto1993_10.1006_jcht.1993.1013_t2,CROVETTO(1993),,rho,642.89,220.4,0.0,0.974,0.0,0.487,0.0,0.0,620.0,,T,test-only,,table
crovetto1993_10.1006_jcht.1993.1013_t2,CROVETTO(1993),,rho,642.89,210.75,0.0,0.974,0.0,0.487,0.0,0.0,613.57,,T,test-only,,table
crovetto1993_10.1006_jcht.1993.1013_t2,CROVETTO(1993),,rho,642.89,220.5,0.0,0.974,0.0,0.487,0.0,0.0,619.67,,T,test-only,,table
crovetto1993_10.1006_jcht.1993.1013_t2,CROVETTO(1993),,rho,642.89,210.3,0.0,0.974,0.0,0.487,0.0,0.0,613.05,,T,test-only,,table
crovetto1993_10.1006_jcht.1993.1013_t2,CROVETTO(1993),,rho,642.89,220.4,0.0,0.974,0.0,0.487,0.0,0.0,619.33,,T,test-only,,table
crovetto1993_10.1006_jcht.1993.1013_t2,CROVETTO(1993),,rho,642.84,220.6,0.0,0.974,0.0,0.487,0.0,0.0,620.65,,T,test-only,,table
crovetto1993_10.1006_jcht.1993.1013_t2,CROVETTO(1993),,rho,642.84,210.6,0.0,0.974,0.0,0.487,0.0,0.0,615.15,,T,test-only,,table
crovetto1993_10.1006_jcht.1993.1013_t2,CROVETTO(1993),,rho,642.87,220.5,0.0,0.974,0.0,0.487,0.0,0.0,620.84,,T,test-only,,table
crovetto1993_10.1006_jcht.1993.1013_t2,CROVETTO(1993),,rho,642.87,219.5,0.0,0.974,0.0,0.487,0.0,0.0,620.88,,T,test-only,,table
crovetto1993_10.1006_jcht.1993.1013_t2,CROVETTO(1993),,rho,642.87,210.0,0.0,0.974,0.0,0.487,0.0,0.0,614.88,,T,test-only,,table
crovetto1993_10.1006_jcht.1993.1013_t2,CROVETTO(1993),,rho,642.87,220.5,0.0,0.974,0.0,0.487,0.0,0.0,620.81,,T,test-only,,table
crovetto1993_10.1006_jcht.1993.1013_t2,CROVETTO(1993),,rho,642.87,209.9,0.0,0.974,0.0,0.487,0.0,0.0,614.56,,T,test-only,,table
crovetto1993_10.1006_jcht.1993.1013_t2,CROVETTO(1993),,rho,642.87,220.5,0.0,0.974,0.0,0.487,0.0,0.0,620.72,,T,test-only,,table
crovetto1993_10.1006_jcht.1993.1013_t2,CROVETTO(1993),,rho,642.88,220.5,0.0,1.96,0.0,0.98,0.0,0.0,702.32,,T,test-only,,table
crovetto1993_10.1006_jcht.1993.1013_t2,CROVETTO(1993),,rho,642.88,219.65,0.0,1.96,0.0,0.98,0.0,0.0,702.24,,T,test-only,,table
crovetto1993_10.1006_jcht.1993.1013_t2,CROVETTO(1993),,rho,642.88,220.5,0.0,1.96,0.0,0.98,0.0,0.0,702.12,,T,test-only,,table
crovetto1993_10.1006_jcht.1993.1013_t2,CROVETTO(1993),,rho,642.92,220.4,0.0,1.96,0.0,0.98,0.0,0.0,701.74,,T,test-only,,table
crovetto1993_10.1006_jcht.1993.1013_t2,CROVETTO(1993),,rho,642.92,219.3,0.0,1.96,0.0,0.98,0.0,0.0,701.37,,T,test-only,,table
crovetto1993_10.1006_jcht.1993.1013_t2,CROVETTO(1993),,rho,642.92,205.4,0.0,1.96,0.0,0.98,0.0,0.0,695.61,,T,test-only,,table
crovetto1993_10.1006_jcht.1993.1013_t2,CROVETTO(1993),,rho,642.92,220.5,0.0,1.96,0.0,0.98,0.0,0.0,700.97,,T,test-only,,table
crovetto1993_10.1006_jcht.1993.1013_t2,CROVETTO(1993),,rho,642.92,205.8,0.0,1.96,0.0,0.98,0.0,0.0,695.6,,T,test-only,,table
crovetto1993_10.1006_jcht.1993.1013_t2,CROVETTO(1993),,rho,642.85,220.5,0.0,6.468,0.0,3.234,0.0,0.0,947.01,,T,test-only,,table
crovetto1993_10.1006_jcht.1993.1013_t2,CROVETTO(1993),,rho,642.85,219.45,0.0,6.468,0.0,3.234,0.0,0.0,947.51,,T,test-only,,table
crovetto1993_10.1006_jcht.1993.1013_t2,CROVETTO(1993),,rho,642.85,200.1,0.0,6.468,0.0,3.234,0.0,0.0,946.65,,T,test-only,,table
crovetto1993_10.1006_jcht.1993.1013_t2,CROVETTO(1993),,rho,642.85,190.15,0.0,6.468,0.0,3.234,0.0,0.0,946.12,,T,test-only,,table
crovetto1993_10.1006_jcht.1993.1013_t2,CROVETTO(1993),,rho,642.85,199.6,0.0,6.468,0.0,3.234,0.0,0.0,946.15,,T,test-only,,table
crovetto1993_10.1006_jcht.1993.1013_t2,CROVETTO(1993),,rho,642.85,220.5,0.0,6.468,0.0,3.234,0.0,0.0,946.64,,T,test-only,,table
crovetto1993_10.1006_jcht.1993.1013_t2,CROVETTO(1993),,rho,642.85,220.3,0.0,6.468,0.0,3.234,0.0,0.0,946.23,,T,test-only,,table
crovetto1993_10.1006_jcht.1993.1013_t2,CROVETTO(1993),,rho,642.85,219.4,0.0,6.468,0.0,3.234,0.0,0.0,946.27,,T,test-only,,table
crovetto1993_10.1006_jcht.1993.1013_t2,CROVETTO(1993),,rho,642.85,200.2,0.0,6.468,0.0,3.234,0.0,0.0,946.58,,T,test-only,,table
crovetto1993_10.1006_jcht.1993.1013_t2,CROVETTO(1993),,rho,642.85,190.0,0.0,6.468,0.0,3.234,0.0,0.0,945.8,,T,test-only,,table
crovetto1993_10.1006_jcht.1993.1013_t2,CROVETTO(1993),,rho,642.85,220.4,0.0,6.468,0.0,3.234,0.0,0.0,945.51,,T,test-only,,table
kumar1986_10.1007_bf00646263_t1,KUMAR(1986),,rho,323.15,20.27,0.0,1.0078,0.0,0.5039,0.0,0.0,1032.55,,T,test-only,,table
kumar1986_10.1007_bf00646263_t1,KUMAR(1986),,rho,348.15,20.27,0.0,1.0078,0.0,0.5039,0.0,0.0,1019.43,,T,test-only,,table
kumar1986_10.1007_bf00646263_t1,KUMAR(1986),,rho,373.15,20.27,0.0,1.0078,0.0,0.5039,0.0,0.0,1003.59,,T,test-only,,table
kumar1986_10.1007_bf00646263_t1,KUMAR(1986),,rho,398.15,20.27,0.0,1.0078,0.0,0.5039,0.0,0.0,985.46,,T,test-only,,table
kumar1986_10.1007_bf00646263_t1,KUMAR(1986),,rho,423.15,20.27,0.0,1.0078,0.0,0.5039,0.0,0.0,964.93,,T,test-only,,table
kumar1986_10.1007_bf00646263_t1,KUMAR(1986),,rho,448.15,20.27,0.0,1.0078,0.0,0.5039,0.0,0.0,942.42,,T,test-only,,table
kumar1986_10.1007_bf00646263_t1,KUMAR(1986),,rho,473.15,20.27,0.0,1.0078,0.0,0.5039,0.0,0.0,917.01,,T,test-only,,table
kumar1986_10.1007_bf00646263_t1,KUMAR(1986),,rho,323.15,20.27,0.0,1.9938,0.0,0.9969,0.0,0.0,1072.26,,T,test-only,,table
kumar1986_10.1007_bf00646263_t1,KUMAR(1986),,rho,348.15,20.27,0.0,1.9938,0.0,0.9969,0.0,0.0,1059.28,,T,test-only,,table
kumar1986_10.1007_bf00646263_t1,KUMAR(1986),,rho,373.15,20.27,0.0,1.9938,0.0,0.9969,0.0,0.0,1043.77,,T,test-only,,table
kumar1986_10.1007_bf00646263_t1,KUMAR(1986),,rho,398.15,20.27,0.0,1.9938,0.0,0.9969,0.0,0.0,1026.31,,T,test-only,,table
kumar1986_10.1007_bf00646263_t1,KUMAR(1986),,rho,423.15,20.27,0.0,1.9938,0.0,0.9969,0.0,0.0,1006.7,,T,test-only,,table
kumar1986_10.1007_bf00646263_t1,KUMAR(1986),,rho,448.15,20.27,0.0,1.9938,0.0,0.9969,0.0,0.0,985.33,,T,test-only,,table
kumar1986_10.1007_bf00646263_t1,KUMAR(1986),,rho,473.15,20.27,0.0,1.9938,0.0,0.9969,0.0,0.0,961.55,,T,test-only,,table
kumar1986_10.1007_bf00646263_t1,KUMAR(1986),,rho,323.15,20.27,0.0,3.1206,0.0,1.5603,0.0,0.0,1114.76,,T,test-only,,table
kumar1986_10.1007_bf00646263_t1,KUMAR(1986),,rho,348.15,20.27,0.0,3.1206,0.0,1.5603,0.0,0.0,1101.5,,T,test-only,,table
kumar1986_10.1007_bf00646263_t1,KUMAR(1986),,rho,373.15,20.27,0.0,3.1206,0.0,1.5603,0.0,0.0,1086.57,,T,test-only,,table
kumar1986_10.1007_bf00646263_t1,KUMAR(1986),,rho,398.15,20.27,0.0,3.1206,0.0,1.5603,0.0,0.0,1071.45,,T,test-only,,table
kumar1986_10.1007_bf00646263_t1,KUMAR(1986),,rho,423.15,20.27,0.0,3.1206,0.0,1.5603,0.0,0.0,1054.46,,T,test-only,,table
kumar1986_10.1007_bf00646263_t1,KUMAR(1986),,rho,448.15,20.27,0.0,3.1206,0.0,1.5603,0.0,0.0,1032.19,,T,test-only,,table
kumar1986_10.1007_bf00646263_t1,KUMAR(1986),,rho,473.15,20.27,0.0,3.1206,0.0,1.5603,0.0,0.0,1010.44,,T,test-only,,table
kumar1986_10.1007_bf00646263_t1,KUMAR(1986),,rho,323.15,20.27,0.0,4.205,0.0,2.1025,0.0,0.0,1152.77,,T,test-only,,table
kumar1986_10.1007_bf00646263_t1,KUMAR(1986),,rho,348.15,20.27,0.0,4.205,0.0,2.1025,0.0,0.0,1139.88,,T,test-only,,table
kumar1986_10.1007_bf00646263_t1,KUMAR(1986),,rho,373.15,20.27,0.0,4.205,0.0,2.1025,0.0,0.0,1126.02,,T,test-only,,table
kumar1986_10.1007_bf00646263_t1,KUMAR(1986),,rho,398.15,20.27,0.0,4.205,0.0,2.1025,0.0,0.0,1110.76,,T,test-only,,table
kumar1986_10.1007_bf00646263_t1,KUMAR(1986),,rho,423.15,20.27,0.0,4.205,0.0,2.1025,0.0,0.0,1093.95,,T,test-only,,table
kumar1986_10.1007_bf00646263_t1,KUMAR(1986),,rho,448.15,20.27,0.0,4.205,0.0,2.1025,0.0,0.0,1074.86,,T,test-only,,table
kumar1986_10.1007_bf00646263_t1,KUMAR(1986),,rho,473.15,20.27,0.0,4.205,0.0,2.1025,0.0,0.0,1055.44,,T,test-only,,table
kumar1986_10.1007_bf00646263_t1,KUMAR(1986),,rho,323.15,20.27,0.0,5.8652,0.0,2.9326,0.0,0.0,1205.93,,T,test-only,,table
kumar1986_10.1007_bf00646263_t1,KUMAR(1986),,rho,348.15,20.27,0.0,5.8652,0.0,2.9326,0.0,0.0,1193.79,,T,test-only,,table
kumar1986_10.1007_bf00646263_t1,KUMAR(1986),,rho,373.15,20.27,0.0,5.8652,0.0,2.9326,0.0,0.0,1179.45,,T,test-only,,table
kumar1986_10.1007_bf00646263_t1,KUMAR(1986),,rho,398.15,20.27,0.0,5.8652,0.0,2.9326,0.0,0.0,1165.48,,T,test-only,,table
kumar1986_10.1007_bf00646263_t1,KUMAR(1986),,rho,423.15,20.27,0.0,5.8652,0.0,2.9326,0.0,0.0,1151.29,,T,test-only,,table
kumar1986_10.1007_bf00646263_t1,KUMAR(1986),,rho,448.15,20.27,0.0,5.8652,0.0,2.9326,0.0,0.0,1133.82,,T,test-only,,table
kumar1986_10.1007_bf00646263_t1,KUMAR(1986),,rho,473.15,20.27,0.0,5.8652,0.0,2.9326,0.0,0.0,1115.66,,T,test-only,,table
kumar1986_10.1007_bf00646263_t1,KUMAR(1986),,rho,323.15,20.27,0.0,7.0312,0.0,3.5156,0.0,0.0,1239.38,,T,test-only,,table
kumar1986_10.1007_bf00646263_t1,KUMAR(1986),,rho,348.15,20.27,0.0,7.0312,0.0,3.5156,0.0,0.0,1228.16,,T,test-only,,table
kumar1986_10.1007_bf00646263_t1,KUMAR(1986),,rho,373.15,20.27,0.0,7.0312,0.0,3.5156,0.0,0.0,1214.4,,T,test-only,,table
kumar1986_10.1007_bf00646263_t1,KUMAR(1986),,rho,398.15,20.27,0.0,7.0312,0.0,3.5156,0.0,0.0,1201.69,,T,test-only,,table
kumar1986_10.1007_bf00646263_t1,KUMAR(1986),,rho,423.15,20.27,0.0,7.0312,0.0,3.5156,0.0,0.0,1188.6,,T,test-only,,table
kumar1986_10.1007_bf00646263_t1,KUMAR(1986),,rho,448.15,20.27,0.0,7.0312,0.0,3.5156,0.0,0.0,1173.82,,T,test-only,,table
kumar1986_10.1007_bf00646263_t1,KUMAR(1986),,rho,473.15,20.27,0.0,7.0312,0.0,3.5156,0.0,0.0,1159.43,,T,test-only,,table
kumar1986_10.1007_bf00646263_t1,KUMAR(1986),,rho,323.15,20.27,0.0,8.003,0.0,4.0015,0.0,0.0,1266.21,,T,test-only,,table
kumar1986_10.1007_bf00646263_t1,KUMAR(1986),,rho,348.15,20.27,0.0,8.003,0.0,4.0015,0.0,0.0,1255.71,,T,test-only,,table
kumar1986_10.1007_bf00646263_t1,KUMAR(1986),,rho,373.15,20.27,0.0,8.003,0.0,4.0015,0.0,0.0,1242.18,,T,test-only,,table
kumar1986_10.1007_bf00646263_t1,KUMAR(1986),,rho,398.15,20.27,0.0,8.003,0.0,4.0015,0.0,0.0,1230.54,,T,test-only,,table
kumar1986_10.1007_bf00646263_t1,KUMAR(1986),,rho,423.15,20.27,0.0,8.003,0.0,4.0015,0.0,0.0,1218.56,,T,test-only,,table
kumar1986_10.1007_bf00646263_t1,KUMAR(1986),,rho,448.15,20.27,0.0,8.003,0.0,4.0015,0.0,0.0,1202.28,,T,test-only,,table
kumar1986_10.1007_bf00646263_t1,KUMAR(1986),,rho,473.15,20.27,0.0,8.003,0.0,4.0015,0.0,0.0,1191.76,,T,test-only,,table
kumar1986_10.1007_bf00646263_t1,KUMAR(1986),,rho,323.15,20.27,0.0,10.1332,0.0,5.0666,0.0,0.0,1318.06,,T,test-only,,table
kumar1986_10.1007_bf00646263_t1,KUMAR(1986),,rho,348.15,20.27,0.0,10.1332,0.0,5.0666,0.0,0.0,1308.54,,T,test-only,,table
kumar1986_10.1007_bf00646263_t1,KUMAR(1986),,rho,373.15,20.27,0.0,10.1332,0.0,5.0666,0.0,0.0,1297.08,,T,test-only,,table
kumar1986_10.1007_bf00646263_t1,KUMAR(1986),,rho,398.15,20.27,0.0,10.1332,0.0,5.0666,0.0,0.0,1283.58,,T,test-only,,table
kumar1986_10.1007_bf00646263_t1,KUMAR(1986),,rho,423.15,20.27,0.0,10.1332,0.0,5.0666,0.0,0.0,1275.19,,T,test-only,,table
kumar1986_10.1007_bf00646263_t1,KUMAR(1986),,rho,448.15,20.27,0.0,10.1332,0.0,5.0666,0.0,0.0,1262.27,,T,test-only,,table
kumar1986_10.1007_bf00646263_t1,KUMAR(1986),,rho,473.15,20.27,0.0,10.1332,0.0,5.0666,0.0,0.0,1256.78,,T,test-only,,table
kumar1986_10.1007_bf00646263_t1,KUMAR(1986),,rho,323.15,20.27,0.0,12.8778,0.0,6.4389,0.0,0.0,1376.88,,T,test-only,,table
kumar1986_10.1007_bf00646263_t1,KUMAR(1986),,rho,348.15,20.27,0.0,12.8778,0.0,6.4389,0.0,0.0,1368.13,,T,test-only,,table
kumar1986_10.1007_bf00646263_t1,KUMAR(1986),,rho,373.15,20.27,0.0,12.8778,0.0,6.4389,0.0,0.0,1357.04,,T,test-only,,table
kumar1986_10.1007_bf00646263_t1,KUMAR(1986),,rho,398.15,20.27,0.0,12.8778,0.0,6.4389,0.0,0.0,1344.88,,T,test-only,,table
kumar1986_10.1007_bf00646263_t1,KUMAR(1986),,rho,423.15,20.27,0.0,12.8778,0.0,6.4389,0.0,0.0,1339.15,,T,test-only,,table
kumar1986_10.1007_bf00646263_t1,KUMAR(1986),,rho,448.15,20.27,0.0,12.8778,0.0,6.4389,0.0,0.0,1327.04,,T,test-only,,table
kumar1986_10.1007_bf00646263_t1,KUMAR(1986),,rho,473.15,20.27,0.0,12.8778,0.0,6.4389,0.0,0.0,1326.06,,T,test-only,,table
granttaylor1981_10.1007_bf00650738_t1,GRANTTAYLOR(1981),,rho,450.13,200.0,0.1,0.1,0.0,0.0,0.0,0.0,906.8,,T,test-only,,table
granttaylor1981_10.1007_bf00650738_t1,GRANTTAYLOR(1981),,rho,484.05,200.0,0.1,0.1,0.0,0.0,0.0,0.0,870.7,,T,test-only,,table
granttaylor1981_10.1007_bf00650738_t1,GRANTTAYLOR(1981),,rho,504.08,200.0,0.1,0.1,0.0,0.0,0.0,0.0,846.7,,T,test-only,,table
granttaylor1981_10.1007_bf00650738_t1,GRANTTAYLOR(1981),,rho,560.41,200.0,0.1,0.1,0.0,0.0,0.0,0.0,765.1,,T,test-only,,table
granttaylor1981_10.1007_bf00650738_t1,GRANTTAYLOR(1981),,rho,567.54,200.0,0.1,0.1,0.0,0.0,0.0,0.0,752.6,,T,test-only,,table
granttaylor1981_10.1007_bf00650738_t1,GRANTTAYLOR(1981),,rho,571.42,200.0,0.1,0.1,0.0,0.0,0.0,0.0,745.6,,T,test-only,,table
granttaylor1981_10.1007_bf00650738_t1,GRANTTAYLOR(1981),,rho,583.63,200.0,0.1,0.1,0.0,0.0,0.0,0.0,721.9,,T,test-only,,table
granttaylor1981_10.1007_bf00650738_t1,GRANTTAYLOR(1981),,rho,594.75,200.0,0.1,0.1,0.0,0.0,0.0,0.0,697.7,,T,test-only,,table
granttaylor1981_10.1007_bf00650738_t1,GRANTTAYLOR(1981),,rho,605.45,200.0,0.1,0.1,0.0,0.0,0.0,0.0,671.2,,T,test-only,,table
granttaylor1981_10.1007_bf00650738_t1,GRANTTAYLOR(1981),,rho,608.15,200.0,0.1,0.1,0.0,0.0,0.0,0.0,664.0,,T,test-only,,table
granttaylor1981_10.1007_bf00650738_t1,GRANTTAYLOR(1981),,rho,615.95,200.0,0.1,0.1,0.0,0.0,0.0,0.0,640.6,,T,test-only,,table
granttaylor1981_10.1007_bf00650738_t1,GRANTTAYLOR(1981),,rho,622.58,200.0,0.1,0.1,0.0,0.0,0.0,0.0,617.9,,T,test-only,,table
granttaylor1981_10.1007_bf00650738_t1,GRANTTAYLOR(1981),,rho,471.05,200.0,0.2,0.2,0.0,0.0,0.0,0.0,889.6,,T,test-only,,table
granttaylor1981_10.1007_bf00650738_t1,GRANTTAYLOR(1981),,rho,474.09,200.0,0.2,0.2,0.0,0.0,0.0,0.0,886.2,,T,test-only,,table
granttaylor1981_10.1007_bf00650738_t1,GRANTTAYLOR(1981),,rho,522.48,200.0,0.2,0.2,0.0,0.0,0.0,0.0,828.1,,T,test-only,,table
granttaylor1981_10.1007_bf00650738_t1,GRANTTAYLOR(1981),,rho,546.87,200.0,0.2,0.2,0.0,0.0,0.0,0.0,793.0,,T,test-only,,table
granttaylor1981_10.1007_bf00650738_t1,GRANTTAYLOR(1981),,rho,568.5,200.0,0.2,0.2,0.0,0.0,0.0,0.0,757.4,,T,test-only,,table
granttaylor1981_10.1007_bf00650738_t1,GRANTTAYLOR(1981),,rho,584.32,200.0,0.2,0.2,0.0,0.0,0.0,0.0,727.6,,T,test-only,,table
granttaylor1981_10.1007_bf00650738_t1,GRANTTAYLOR(1981),,rho,605.48,200.0,0.2,0.2,0.0,0.0,0.0,0.0,679.8,,T,test-only,,table
granttaylor1981_10.1007_bf00650738_t1,GRANTTAYLOR(1981),,rho,627.38,200.0,0.2,0.2,0.0,0.0,0.0,0.0,610.6,,T,test-only,,table
granttaylor1981_10.1007_bf00650738_t1,GRANTTAYLOR(1981),,rho,446.18,200.0,0.5,0.5,0.0,0.0,0.0,0.0,926.9,,T,test-only,,table
granttaylor1981_10.1007_bf00650738_t1,GRANTTAYLOR(1981),,rho,474.25,200.0,0.5,0.5,0.0,0.0,0.0,0.0,899.2,,T,test-only,,table
granttaylor1981_10.1007_bf00650738_t1,GRANTTAYLOR(1981),,rho,494.22,200.0,0.5,0.5,0.0,0.0,0.0,0.0,877.3,,T,test-only,,table
granttaylor1981_10.1007_bf00650738_t1,GRANTTAYLOR(1981),,rho,517.09,200.0,0.5,0.5,0.0,0.0,0.0,0.0,850.1,,T,test-only,,table
granttaylor1981_10.1007_bf00650738_t1,GRANTTAYLOR(1981),,rho,533.17,200.0,0.5,0.5,0.0,0.0,0.0,0.0,829.1,,T,test-only,,table
granttaylor1981_10.1007_bf00650738_t1,GRANTTAYLOR(1981),,rho,554.77,200.0,0.5,0.5,0.0,0.0,0.0,0.0,798.1,,T,test-only,,table
granttaylor1981_10.1007_bf00650738_t1,GRANTTAYLOR(1981),,rho,572.08,200.0,0.5,0.5,0.0,0.0,0.0,0.0,770.1,,T,test-only,,table
granttaylor1981_10.1007_bf00650738_t1,GRANTTAYLOR(1981),,rho,593.02,200.0,0.5,0.5,0.0,0.0,0.0,0.0,731.6,,T,test-only,,table
granttaylor1981_10.1007_bf00650738_t1,GRANTTAYLOR(1981),,rho,615.53,200.0,0.5,0.5,0.0,0.0,0.0,0.0,680.1,,T,test-only,,table
granttaylor1981_10.1007_bf00650738_t1,GRANTTAYLOR(1981),,rho,626.59,200.0,0.5,0.5,0.0,0.0,0.0,0.0,647.7,,T,test-only,,table
granttaylor1981_10.1007_bf00650738_t1,GRANTTAYLOR(1981),,rho,456.42,200.0,1.0,1.0,0.0,0.0,0.0,0.0,937.8,,T,test-only,,table
granttaylor1981_10.1007_bf00650738_t1,GRANTTAYLOR(1981),,rho,466.97,200.0,1.0,1.0,0.0,0.0,0.0,0.0,927.6,,T,test-only,,table
granttaylor1981_10.1007_bf00650738_t1,GRANTTAYLOR(1981),,rho,490.81,200.0,1.0,1.0,0.0,0.0,0.0,0.0,903.3,,T,test-only,,table
granttaylor1981_10.1007_bf00650738_t1,GRANTTAYLOR(1981),,rho,495.33,200.0,1.0,1.0,0.0,0.0,0.0,0.0,897.3,,T,test-only,,table
granttaylor1981_10.1007_bf00650738_t1,GRANTTAYLOR(1981),,rho,505.91,200.0,1.0,1.0,0.0,0.0,0.0,0.0,886.6,,T,test-only,,table
granttaylor1981_10.1007_bf00650738_t1,GRANTTAYLOR(1981),,rho,525.25,200.0,1.0,1.0,0.0,0.0,0.0,0.0,863.8,,T,test-only,,table
granttaylor1981_10.1007_bf00650738_t1,GRANTTAYLOR(1981),,rho,535.15,200.0,1.0,1.0,0.0,0.0,0.0,0.0,851.5,,T,test-only,,table
granttaylor1981_10.1007_bf00650738_t1,GRANTTAYLOR(1981),,rho,546.15,200.0,1.0,1.0,0.0,0.0,0.0,0.0,836.9,,T,test-only,,table
granttaylor1981_10.1007_bf00650738_t1,GRANTTAYLOR(1981),,rho,568.05,200.0,1.0,1.0,0.0,0.0,0.0,0.0,805.3,,T,test-only,,table
granttaylor1981_10.1007_bf00650738_t1,GRANTTAYLOR(1981),,rho,578.4,200.0,1.0,1.0,0.0,0.0,0.0,0.0,789.3,,T,test-only,,table
granttaylor1981_10.1007_bf00650738_t1,GRANTTAYLOR(1981),,rho,589.7,200.0,1.0,1.0,0.0,0.0,0.0,0.0,772.0,,T,test-only,,table
granttaylor1981_10.1007_bf00650738_t1,GRANTTAYLOR(1981),,rho,608.33,200.0,1.0,1.0,0.0,0.0,0.0,0.0,738.5,,T,test-only,,table
granttaylor1981_10.1007_bf00650738_t1,GRANTTAYLOR(1981),,rho,544.61,200.0,1.0,1.0,0.0,0.0,0.0,0.0,884.2,,T,test-only,,table
granttaylor1981_10.1007_bf00650738_t1,GRANTTAYLOR(1981),,rho,565.33,200.0,1.0,1.0,0.0,0.0,0.0,0.0,858.2,,T,test-only,,table
granttaylor1981_10.1007_bf00650738_t1,GRANTTAYLOR(1981),,rho,567.31,200.0,1.0,1.0,0.0,0.0,0.0,0.0,856.2,,T,test-only,,table
granttaylor1981_10.1007_bf00650738_t1,GRANTTAYLOR(1981),,rho,583.56,200.0,1.0,1.0,0.0,0.0,0.0,0.0,834.6,,T,test-only,,table
granttaylor1981_10.1007_bf00650738_t1,GRANTTAYLOR(1981),,rho,600.14,200.0,1.0,1.0,0.0,0.0,0.0,0.0,809.7,,T,test-only,,table
granttaylor1981_10.1007_bf00650738_t1,GRANTTAYLOR(1981),,rho,617.37,200.0,1.0,1.0,0.0,0.0,0.0,0.0,780.7,,T,test-only,,table
granttaylor1981_10.1007_bf00650738_t1,GRANTTAYLOR(1981),,rho,450.24,200.0,2.0,2.0,0.0,0.0,0.0,0.0,980.1,,T,test-only,,table
granttaylor1981_10.1007_bf00650738_t1,GRANTTAYLOR(1981),,rho,466.87,200.0,2.0,2.0,0.0,0.0,0.0,0.0,965.4,,T,test-only,,table
granttaylor1981_10.1007_bf00650738_t1,GRANTTAYLOR(1981),,rho,473.05,200.0,2.0,2.0,0.0,0.0,0.0,0.0,959.5,,T,test-only,,table
granttaylor1981_10.1007_bf00650738_t1,GRANTTAYLOR(1981),,rho,474.19,200.0,2.0,2.0,0.0,0.0,0.0,0.0,958.6,,T,test-only,,table
granttaylor1981_10.1007_bf00650738_t1,GRANTTAYLOR(1981),,rho,488.42,200.0,2.0,2.0,0.0,0.0,0.0,0.0,945.2,,T,test-only,,table
granttaylor1981_10.1007_bf00650738_t1,GRANTTAYLOR(1981),,rho,493.95,200.0,2.0,2.0,0.0,0.0,0.0,0.0,940.0,,T,test-only,,table
granttaylor1981_10.1007_bf00650738_t1,GRANTTAYLOR(1981),,rho,499.33,200.0,2.0,2.0,0.0,0.0,0.0,0.0,934.0,,T,test-only,,table
granttaylor1981_10.1007_bf00650738_t1,GRANTTAYLOR(1981),,rho,504.09,200.0,2.0,2.0,0.0,0.0,0.0,0.0,929.3,,T,test-only,,table
granttaylor1981_10.1007_bf00650738_t1,GRANTTAYLOR(1981),,rho,522.27,200.0,2.0,2.0,0.0,0.0,0.0,0.0,910.0,,T,test-only,,table
granttaylor1981_10.1007_bf00650738_t1,GRANTTAYLOR(1981),,rho,525.72,200.0,2.0,2.0,0.0,0.0,0.0,0.0,906.7,,T,test-only,,table
granttaylor1981_10.1007_bf00650738_t1,GRANTTAYLOR(1981),,rho,525.93,200.0,2.0,2.0,0.0,0.0,0.0,0.0,905.9,,T,test-only,,table
granttaylor1981_10.1007_bf00650738_t1,GRANTTAYLOR(1981),,rho,536.28,200.0,2.0,2.0,0.0,0.0,0.0,0.0,894.4,,T,test-only,,table
granttaylor1981_10.1007_bf00650738_t1,GRANTTAYLOR(1981),,rho,450.86,200.0,4.0,4.0,0.0,0.0,0.0,0.0,1042.1,,T,test-only,,table
granttaylor1981_10.1007_bf00650738_t1,GRANTTAYLOR(1981),,rho,472.21,200.0,4.0,4.0,0.0,0.0,0.0,0.0,1027.5,,T,test-only,,table
granttaylor1981_10.1007_bf00650738_t1,GRANTTAYLOR(1981),,rho,505.08,200.0,4.0,4.0,0.0,0.0,0.0,0.0,998.1,,T,test-only,,table
granttaylor1981_10.1007_bf00650738_t1,GRANTTAYLOR(1981),,rho,521.97,200.0,4.0,4.0,0.0,0.0,0.0,0.0,981.8,,T,test-only,,table
granttaylor1981_10.1007_bf00650738_t1,GRANTTAYLOR(1981),,rho,549.14,200.0,4.0,4.0,0.0,0.0,0.0,0.0,955.0,,T,test-only,,table
granttaylor1981_10.1007_bf00650738_t1,GRANTTAYLOR(1981),,rho,570.24,200.0,4.0,4.0,0.0,0.0,0.0,0.0,931.8,,T,test-only,,table
granttaylor1981_10.1007_bf00650738_t1,GRANTTAYLOR(1981),,rho,600.72,200.0,4.0,4.0,0.0,0.0,0.0,0.0,903.0,,T,test-only,,table
granttaylor1981_10.1007_bf00650738_t1,GRANTTAYLOR(1981),,rho,623.31,200.0,4.0,4.0,0.0,0.0,0.0,0.0,881.5,,T,test-only,,table
oakes1995_10.1007_bf00973444_t1,OAKES(1995),,rho,298.12,73.8,0.0,12.3,0.0,6.15,0.0,0.0,1398.654115,,T,test-only,,table
oakes1995_10.1007_bf00973444_t1,OAKES(1995),,rho,298.11,73.6,0.0,9.9148,0.0,4.9574,0.0,0.0,1341.54788,,T,test-only,,table
oakes1995_10.1007_bf00973444_t1,OAKES(1995),,rho,298.11,73.4,0.0,7.6808,0.0,3.8404,0.0,0.0,1279.508993,,T,test-only,,table
oakes1995_10.1007_bf00973444_t1,OAKES(1995),,rho,298.1,73.4,0.0,5.5838,0.0,2.7919,0.0,0.0,1214.041642,,T,test-only,,table
oakes1995_10.1007_bf00973444_t1,OAKES(1995),,rho,298.11,73.1,0.0,3.6116,0.0,1.8058,0.0,0.0,1145.875662,,T,test-only,,table
oakes1995_10.1007_bf00973444_t1,OAKES(1995),,rho,298.1,73.1,0.0,1.7536,0.0,0.8768,0.0,0.0,1074.668311,,T,test-only,,table
oakes1995_10.1007_bf00973444_t1,OAKES(1995),,rho,298.11,72.6,0.0,2.998,0.0,1.499,0.0,0.0,1123.653442,,T,test-only,,table
oakes1995_10.1007_bf00973444_t1,OAKES(1995),,rho,298.11,72.7,0.0,2.4828,0.0,1.2414,0.0,0.0,1103.967886,,T,test-only,,table
oakes1995_10.1007_bf00973444_t1,OAKES(1995),,rho,298.11,72.8,0.0,1.9738,0.0,0.9869,0.0,0.0,1083.98233,,T,test-only,,table
oakes1995_10.1007_bf00973444_t1,OAKES(1995),,rho,298.11,72.8,0.0,1.4712,0.0,0.7356,0.0,0.0,1063.60233,,T,test-only,,table
oakes1995_10.1007_bf00973444_t1,OAKES(1995),,rho,298.11,72.6,0.0,1.4712,0.0,0.7356,0.0,0.0,1063.573442,,T,test-only,,table
oakes1995_10.1007_bf00973444_t1,OAKES(1995),,rho,298.09,72.7,0.0,0.9748,0.0,0.4874,0.0,0.0,1042.773182,,T,test-only,,table
oakes1995_10.1007_bf00973444_t1,OAKES(1995),,rho,298.11,72.6,0.0,0.4844,0.0,0.2422,0.0,0.0,1021.853442,,T,test-only,,table
oakes1995_10.1007_bf00973444_t1,OAKES(1995),,rho,298.04,417.0,0.0,12.3,0.0,6.15,0.0,0.0,1410.782148,,T,test-only,,table
oakes1995_10.1007_bf00973444_t1,OAKES(1995),,rho,298.04,417.0,0.0,9.9036,0.0,4.9518,0.0,0.0,1353.292148,,T,test-only,,table
oakes1995_10.1007_bf00973444_t1,OAKES(1995),,rho,298.04,417.0,0.0,7.6638,0.0,3.8319,0.0,0.0,1291.132148,,T,test-only,,table
oakes1995_10.1007_bf00973444_t1,OAKES(1995),,rho,298.04,417.0,0.0,5.566,0.0,2.783,0.0,0.0,1226.112148,,T,test-only,,table
oakes1995_10.1007_bf00973444_t1,OAKES(1995),,rho,298.04,417.0,0.0,3.5968,0.0,1.7984,0.0,0.0,1158.272148,,T,test-only,,table
oakes1995_10.1007_bf00973444_t1,OAKES(1995),,rho,298.05,417.0,0.0,2.998,0.0,1.499,0.0,0.0,1137.019103,,T,test-only,,table
oakes1995_10.1007_bf00973444_t1,OAKES(1995),,rho,298.05,417.0,0.0,2.4816,0.0,1.2408,0.0,0.0,1117.449103,,T,test-only,,table
oakes1995_10.1007_bf00973444_t1,OAKES(1995),,rho,298.05,417.0,0.0,1.972,0.0,0.986,0.0,0.0,1097.559103,,T,test-only,,table
oakes1995_10.1007_bf00973444_t1,OAKES(1995),,rho,298.05,417.0,0.0,1.4692,0.0,0.7346,0.0,0.0,1077.509103,,T,test-only,,table
oakes1995_10.1007_bf00973444_t1,OAKES(1995),,rho,298.05,417.0,0.0,0.973,0.0,0.4865,0.0,0.0,1056.989103,,T,test-only,,table
oakes1995_10.1007_bf00973444_t1,OAKES(1995),,rho,298.05,417.0,0.0,0.4834,0.0,0.2417,0.0,0.0,1036.159103,,T,test-only,,table
oakes1995_10.1007_bf00973444_t1,OAKES(1995),,rho,323.19,71.3,0.0,12.3,0.0,6.15,0.0,0.0,1382.490607,,T,test-only,,table
oakes1995_10.1007_bf00973444_t1,OAKES(1995),,rho,323.19,71.2,0.0,9.9146,0.0,4.9573,0.0,0.0,1326.55631,,T,test-only,,table
oakes1995_10.1007_bf00973444_t1,OAKES(1995),,rho,323.19,70.8,0.0,7.6804,0.0,3.8402,0.0,0.0,1265.919122,,T,test-only,,table
oakes1995_10.1007_bf00973444_t1,OAKES(1995),,rho,323.18,70.4,0.0,5.5834,0.0,2.7917,0.0,0.0,1201.806463,,T,test-only,,table
oakes1995_10.1007_bf00973444_t1,OAKES(1995),,rho,323.19,70.6,0.0,5.5834,0.0,2.7917,0.0,0.0,1202.030528,,T,test-only,,table
oakes1995_10.1007_bf00973444_t1,OAKES(1995),,rho,323.18,70.5,0.0,3.6114,0.0,1.8057,0.0,0.0,1134.330761,,T,test-only,,table
oakes1995_10.1007_bf00973444_t1,OAKES(1995),,rho,323.18,70.6,0.0,2.998,0.0,1.499,0.0,0.0,1112.355058,,T,test-only,,table
oakes1995_10.1007_bf00973444_t1,OAKES(1995),,rho,323.19,71.2,0.0,1.7534,0.0,0.8767,0.0,0.0,1064.82631,,T,test-only,,table
oakes1995_10.1007_bf00973444_t1,OAKES(1995),,rho,323.18,70.5,0.0,1.9734,0.0,0.9867,0.0,0.0,1073.250761,,T,test-only,,table
oakes1995_10.1007_bf00973444_t1,OAKES(1995),,rho,323.18,70.3,0.0,1.4708,0.0,0.7354,0.0,0.0,1053.202166,,T,test-only,,table
oakes1995_10.1007_bf00973444_t1,OAKES(1995),,rho,323.18,70.4,0.0,0.9746,0.0,0.4873,0.0,0.0,1032.866463,,T,test-only,,table
oakes1995_10.1007_bf00973444_t1,OAKES(1995),,rho,323.18,70.6,0.0,0.4842,0.0,0.2421,0.0,0.0,1012.175058,,T,test-only,,table
oakes1995_10.1007_bf00973444_t1,OAKES(1995),,rho,323.19,409.0,0.0,12.3,0.0,6.15,0.0,0.0,1393.579074,,T,test-only,,table
oakes1995_10.1007_bf00973444_t1,OAKES(1995),,rho,323.19,408.0,0.0,9.9032,0.0,4.9516,0.0,0.0,1337.449054,,T,test-only,,table
oakes1995_10.1007_bf00973444_t1,OAKES(1995),,rho,323.19,407.0,0.0,7.6634,0.0,3.8317,0.0,0.0,1276.719026,,T,test-only,,table
oakes1995_10.1007_bf00973444_t1,OAKES(1995),,rho,323.18,406.0,0.0,5.5654,0.0,2.7827,0.0,0.0,1212.543562,,T,test-only,,table
oakes1995_10.1007_bf00973444_t1,OAKES(1995),,rho,323.18,407.0,0.0,3.5964,0.0,1.7982,0.0,0.0,1145.973599,,T,test-only,,table
oakes1995_10.1007_bf00973444_t1,OAKES(1995),,rho,323.19,408.0,0.0,2.998,0.0,1.499,0.0,0.0,1125.029054,,T,test-only,,table
oakes1995_10.1007_bf00973444_t1,OAKES(1995),,rho,323.19,407.0,0.0,1.9714,0.0,0.9857,0.0,0.0,1086.119026,,T,test-only,,table
oakes1995_10.1007_bf00973444_t1,OAKES(1995),,rho,323.19,408.0,0.0,1.4688,0.0,0.7344,0.0,0.0,1066.449054,,T,test-only,,table
oakes1995_10.1007_bf00973444_t1,OAKES(1995),,rho,323.19,407.0,0.0,0.9726,0.0,0.4863,0.0,0.0,1046.169026,,T,test-only,,table
oakes1995_10.1007_bf00973444_t1,OAKES(1995),,rho,323.18,406.0,0.0,0.4832,0.0,0.2416,0.0,0.0,1025.633562,,T,test-only,,table
oakes1995_10.1007_bf00973444_t1,OAKES(1995),,rho,372.71,72.3,0.0,12.3,0.0,6.15,0.0,0.0,1351.615881,,T,test-only,,table
oakes1995_10.1007_bf00973444_t1,OAKES(1995),,rho,372.7,71.7,0.0,9.9146,0.0,4.9573,0.0,0.0,1297.085379,,T,test-only,,table
oakes1995_10.1007_bf00973444_t1,OAKES(1995),,rho,372.7,72.0,0.0,7.6804,0.0,3.8402,0.0,0.0,1237.789172,,T,test-only,,table
oakes1995_10.1007_bf00973444_t1,OAKES(1995),,rho,372.7,71.7,0.0,5.5834,0.0,2.7917,0.0,0.0,1174.135379,,T,test-only,,table
oakes1995_10.1007_bf00973444_t1,OAKES(1995),,rho,372.71,72.0,0.0,3.6114,0.0,1.8057,0.0,0.0,1107.212088,,T,test-only,,table
oakes1995_10.1007_bf00973444_t1,OAKES(1995),,rho,372.71,71.5,0.0,1.7534,0.0,0.8767,0.0,0.0,1036.299099,,T,test-only,,table
oakes1995_10.1007_bf00973444_t1,OAKES(1995),,rho,372.71,71.5,0.0,2.998,0.0,1.499,0.0,0.0,1084.739099,,T,test-only,,table
oakes1995_10.1007_bf00973444_t1,OAKES(1995),,rho,372.7,71.9,0.0,1.9734,0.0,0.9867,0.0,0.0,1045.304574,,T,test-only,,table
oakes1995_10.1007_bf00973444_t1,OAKES(1995),,rho,372.71,71.4,0.0,1.4708,0.0,0.7354,0.0,0.0,1024.9545,,T,test-only,,table
oakes1995_10.1007_bf00973444_t1,OAKES(1995),,rho,372.71,72.2,0.0,0.9746,0.0,0.4873,0.0,0.0,1004.451283,,T,test-only,,table
oakes1995_10.1007_bf00973444_t1,OAKES(1995),,rho,372.71,71.0,0.0,0.4842,0.0,0.2421,0.0,0.0,983.5861054,,T,test-only,,table
oakes1995_10.1007_bf00973444_t1,OAKES(1995),,rho,372.7,411.0,0.0,12.3,0.0,6.15,0.0,0.0,1362.965656,,T,test-only,,table
oakes1995_10.1007_bf00973444_t1,OAKES(1995),,rho,372.71,411.0,0.0,9.9032,0.0,4.9516,0.0,0.0,1308.028929,,T,test-only,,table
oakes1995_10.1007_bf00973444_t1,OAKES(1995),,rho,372.7,411.0,0.0,5.5654,0.0,2.7827,0.0,0.0,1185.745656,,T,test-only,,table
oakes1995_10.1007_bf00973444_t1,OAKES(1995),,rho,372.7,411.0,0.0,3.5964,0.0,1.7982,0.0,0.0,1119.255656,,T,test-only,,table
oakes1995_10.1007_bf00973444_t1,OAKES(1995),,rho,372.71,411.0,0.0,1.7446,0.0,0.8723,0.0,0.0,1049.248929,,T,test-only,,table
oakes1995_10.1007_bf00973444_t1,OAKES(1995),,rho,372.71,408.0,0.0,2.998,0.0,1.499,0.0,0.0,1097.782698,,T,test-only,,table
oakes1995_10.1007_bf00973444_t1,OAKES(1995),,rho,372.71,409.0,0.0,1.9714,0.0,0.9857,0.0,0.0,1058.734785,,T,test-only,,table
oakes1995_10.1007_bf00973444_t1,OAKES(1995),,rho,372.71,409.0,0.0,1.4688,0.0,0.7344,0.0,0.0,1038.694785,,T,test-only,,table
oakes1995_10.1007_bf00973444_t1,OAKES(1995),,rho,372.71,408.0,0.0,0.9726,0.0,0.4863,0.0,0.0,1018.452698,,T,test-only,,table
oakes1995_10.1007_bf00973444_t1,OAKES(1995),,rho,372.71,411.0,0.0,0.4832,0.0,0.2416,0.0,0.0,997.8489286,,T,test-only,,table
oakes1995_10.1007_bf00973444_t1,OAKES(1995),,rho,422.98,74.0,0.0,12.3,0.0,6.15,0.0,0.0,1319.227939,,T,test-only,,table
oakes1995_10.1007_bf00973444_t1,OAKES(1995),,rho,422.98,73.6,0.0,9.9146,0.0,4.9573,0.0,0.0,1264.315834,,T,test-only,,table
oakes1995_10.1007_bf00973444_t1,OAKES(1995),,rho,422.97,73.7,0.0,7.6804,0.0,3.8402,0.0,0.0,1205.330583,,T,test-only,,table
oakes1995_10.1007_bf00973444_t1,OAKES(1995),,rho,422.98,73.7,0.0,5.5834,0.0,2.7917,0.0,0.0,1141.831361,,T,test-only,,table
oakes1995_10.1007_bf00973444_t1,OAKES(1995),,rho,422.97,73.5,0.0,3.6114,0.0,1.8057,0.0,0.0,1073.43953,,T,test-only,,table
oakes1995_10.1007_bf00973444_t1,OAKES(1995),,rho,422.98,71.0,0.0,2.998,0.0,1.499,0.0,0.0,1049.462069,,T,test-only,,table
oakes1995_10.1007_bf00973444_t1,OAKES(1995),,rho,422.98,71.0,0.0,2.998,0.0,1.499,0.0,0.0,1049.752069,,T,test-only,,table
oakes1995_10.1007_bf00973444_t1,OAKES(1995),,rho,422.98,71.0,0.0,1.9734,0.0,0.9867,0.0,0.0,1008.712069,,T,test-only,,table
oakes1995_10.1007_bf00973444_t1,OAKES(1995),,rho,422.97,73.1,0.0,1.7534,0.0,0.8767,0.0,0.0,999.5074223,,T,test-only,,table
oakes1995_10.1007_bf00973444_t1,OAKES(1995),,rho,422.97,71.0,0.0,1.4708,0.0,0.7354,0.0,0.0,987.5812982,,T,test-only,,table
oakes1995_10.1007_bf00973444_t1,OAKES(1995),,rho,422.98,71.0,0.0,0.9746,0.0,0.4873,0.0,0.0,966.1120693,,T,test-only,,table
oakes1995_10.1007_bf00973444_t1,OAKES(1995),,rho,422.97,71.0,0.0,0.484,0.0,0.242,0.0,0.0,943.8912982,,T,test-only,,table
oakes1995_10.1007_bf00973444_t1,OAKES(1995),,rho,422.98,414.0,0.0,12.3,0.0,6.15,0.0,0.0,1331.341888,,T,test-only,,table
oakes1995_10.1007_bf00973444_t1,OAKES(1995),,rho,422.98,415.0,0.0,9.9032,0.0,4.9516,0.0,0.0,1276.580758,,T,test-only,,table
oakes1995_10.1007_bf00973444_t1,OAKES(1995),,rho,422.98,415.0,0.0,7.6634,0.0,3.8317,0.0,0.0,1217.300758,,T,test-only,,table
oakes1995_10.1007_bf00973444_t1,OAKES(1995),,rho,422.98,414.0,0.0,5.5654,0.0,2.7827,0.0,0.0,1153.781888,,T,test-only,,table
oakes1995_10.1007_bf00973444_t1,OAKES(1995),,rho,422.98,414.0,0.0,3.5964,0.0,1.7982,0.0,0.0,1086.201888,,T,test-only,,table
oakes1995_10.1007_bf00973444_t1,OAKES(1995),,rho,422.98,413.0,0.0,2.998,0.0,1.499,0.0,0.0,1064.743003,,T,test-only,,table
oakes1995_10.1007_bf00973444_t1,OAKES(1995),,rho,422.98,415.0,0.0,1.7446,0.0,0.8723,0.0,0.0,1014.700758,,T,test-only,,table
oakes1995_10.1007_bf00973444_t1,OAKES(1995),,rho,422.98,413.0,0.0,1.4688,0.0,0.7344,0.0,0.0,1003.753003,,T,test-only,,table
oakes1995_10.1007_bf00973444_t1,OAKES(1995),,rho,422.98,413.0,0.0,0.9726,0.0,0.4863,0.0,0.0,982.6230032,,T,test-only,,table
oakes1995_10.1007_bf00973444_t1,OAKES(1995),,rho,422.98,413.0,0.0,0.4832,0.0,0.2416,0.0,0.0,961.0130032,,T,test-only,,table
oakes1995_10.1007_bf00973444_t1,OAKES(1995),,rho,472.94,72.6,0.0,12.3,0.0,6.15,0.0,0.0,1284.769066,,T,test-only,,table
oakes1995_10.1007_bf00973444_t1,OAKES(1995),,rho,472.94,72.2,0.0,9.9146,0.0,4.9573,0.0,0.0,1228.699658,,T,test-only,,table
oakes1995_10.1007_bf00973444_t1,OAKES(1995),,rho,472.94,72.3,0.0,7.6804,0.0,3.8402,0.0,0.0,1168.937011,,T,test-only,,table
oakes1995_10.1007_bf00973444_t1,OAKES(1995),,rho,472.94,72.0,0.0,5.5834,0.0,2.7917,0.0,0.0,1103.594952,,T,test-only,,table
oakes1995_10.1007_bf00973444_t1,OAKES(1995),,rho,472.94,71.8,0.0,5.5834,0.0,2.7917,0.0,0.0,1102.640243,,T,test-only,,table
oakes1995_10.1007_bf00973444_t1,OAKES(1995),,rho,472.95,72.1,0.0,3.6114,0.0,1.8057,0.0,0.0,1032.510694,,T,test-only,,table
oakes1995_10.1007_bf00973444_t1,OAKES(1995),,rho,472.94,71.7,0.0,2.998,0.0,1.499,0.0,0.0,1007.502888,,T,test-only,,table
oakes1995_10.1007_bf00973444_t1,OAKES(1995),,rho,472.94,72.0,0.0,1.9714,0.0,0.9857,0.0,0.0,964.4749516,,T,test-only,,table
oakes1995_10.1007_bf00973444_t1,OAKES(1995),,rho,472.94,71.5,0.0,1.7534,0.0,0.8767,0.0,0.0,954.0981767,,T,test-only,,table
oakes1995_10.1007_bf00973444_t1,OAKES(1995),,rho,472.94,71.8,0.0,1.4688,0.0,0.7344,0.0,0.0,941.880243,,T,test-only,,table
oakes1995_10.1007_bf00973444_t1,OAKES(1995),,rho,472.94,71.9,0.0,0.9726,0.0,0.4863,0.0,0.0,918.8275975,,T,test-only,,table
oakes1995_10.1007_bf00973444_t1,OAKES(1995),,rho,472.95,411.0,0.0,12.3,0.0,6.15,0.0,0.0,1298.780671,,T,test-only,,table
oakes1995_10.1007_bf00973444_t1,OAKES(1995),,rho,472.95,411.0,0.0,9.9032,0.0,4.9516,0.0,0.0,1242.740671,,T,test-only,,table
oakes1995_10.1007_bf00973444_t1,OAKES(1995),,rho,472.95,410.0,0.0,7.6634,0.0,3.8317,0.0,0.0,1182.609327,,T,test-only,,table
oakes1995_10.1007_bf00973444_t1,OAKES(1995),,rho,472.95,409.0,0.0,5.5654,0.0,2.7827,0.0,0.0,1117.137955,,T,test-only,,table
oakes1995_10.1007_bf00973444_t1,OAKES(1995),,rho,472.95,409.0,0.0,3.5964,0.0,1.7982,0.0,0.0,1047.737955,,T,test-only,,table
oakes1995_10.1007_bf00973444_t1,OAKES(1995),,rho,472.95,410.0,0.0,2.998,0.0,1.499,0.0,0.0,1025.209327,,T,test-only,,table
oakes1995_10.1007_bf00973444_t1,OAKES(1995),,rho,472.94,413.0,0.0,1.9714,0.0,0.9857,0.0,0.0,983.9535125,,T,test-only,,table
oakes1995_10.1007_bf00973444_t1,OAKES(1995),,rho,472.95,411.0,0.0,1.7446,0.0,0.8723,0.0,0.0,974.080671,,T,test-only,,table
oakes1995_10.1007_bf00973444_t1,OAKES(1995),,rho,472.94,411.0,0.0,1.4688,0.0,0.7344,0.0,0.0,961.7809169,,T,test-only,,table
oakes1995_10.1007_bf00973444_t1,OAKES(1995),,rho,472.94,411.0,0.0,0.9726,0.0,0.4863,0.0,0.0,939.4209169,,T,test-only,,table
oakes1995_10.1007_bf00973444_t1,OAKES(1995),,rho,522.93,72.2,0.0,12.3,0.0,6.15,0.0,0.0,1249.043456,,T,test-only,,table
oakes1995_10.1007_bf00973444_t1,OAKES(1995),,rho,522.93,71.6,0.0,9.9146,0.0,4.9573,0.0,0.0,1189.835987,,T,test-only,,table
oakes1995_10.1007_bf00973444_t1,OAKES(1995),,rho,522.93,71.5,0.0,7.6804,0.0,3.8402,0.0,0.0,1127.114737,,T,test-only,,table
oakes1995_10.1007_bf00973444_t1,OAKES(1995),,rho,522.93,71.2,0.0,5.5834,0.0,2.7917,0.0,0.0,1057.750982,,T,test-only,,table
oakes1995_10.1007_bf00973444_t1,OAKES(1995),,rho,522.93,71.2,0.0,3.6114,0.0,1.8057,0.0,0.0,982.6909816,,T,test-only,,table
oakes1995_10.1007_bf00973444_t1,OAKES(1995),,rho,522.93,71.3,0.0,2.998,0.0,1.499,0.0,0.0,955.3822348,,T,test-only,,table
oakes1995_10.1007_bf00973444_t1,OAKES(1995),,rho,522.91,71.6,0.0,1.9734,0.0,0.9867,0.0,0.0,909.226429,,T,test-only,,table
oakes1995_10.1007_bf00973444_t1,OAKES(1995),,rho,522.94,71.3,0.0,1.4708,0.0,0.7354,0.0,0.0,884.2270086,,T,test-only,,table
oakes1995_10.1007_bf00973444_t1,OAKES(1995),,rho,522.91,71.5,0.0,0.9746,0.0,0.4873,0.0,0.0,858.9651821,,T,test-only,,table
oakes1995_10.1007_bf00973444_t1,OAKES(1995),,rho,522.91,71.4,0.0,0.4842,0.0,0.2421,0.0,0.0,832.1939338,,T,test-only,,table
oakes1995_10.1007_bf00973444_t1,OAKES(1995),,rho,522.93,407.0,0.0,12.3,0.0,6.15,0.0,0.0,1263.246871,,T,test-only,,table
oakes1995_10.1007_bf00973444_t1,OAKES(1995),,rho,522.93,407.0,0.0,9.9032,0.0,4.9516,0.0,0.0,1206.236871,,T,test-only,,table
oakes1995_10.1007_bf00973444_t1,OAKES(1995),,rho,522.93,407.0,0.0,7.6634,0.0,3.8317,0.0,0.0,1143.776871,,T,test-only,,table
oakes1995_10.1007_bf00973444_t1,OAKES(1995),,rho,522.94,405.0,0.0,5.5654,0.0,2.7827,0.0,0.0,1075.477224,,T,test-only,,table
oakes1995_10.1007_bf00973444_t1,OAKES(1995),,rho,522.93,407.0,0.0,3.5964,0.0,1.7982,0.0,0.0,1003.666871,,T,test-only,,table
oakes1995_10.1007_bf00973444_t1,OAKES(1995),,rho,522.94,406.0,0.0,2.998,0.0,1.499,0.0,0.0,979.4908628,,T,test-only,,table
oakes1995_10.1007_bf00973444_t1,OAKES(1995),,rho,522.94,408.0,0.0,1.9714,0.0,0.9857,0.0,0.0,934.6479616,,T,test-only,,table
oakes1995_10.1007_bf00973444_t1,OAKES(1995),,rho,522.93,407.0,0.0,1.7446,0.0,0.8723,0.0,0.0,923.8768706,,T,test-only,,table
oakes1995_10.1007_bf00973444_t1,OAKES(1995),,rho,522.95,407.0,0.0,1.4688,0.0,0.7344,0.0,0.0,910.7520127,,T,test-only,,table
oakes1995_10.1007_bf00973444_t1,OAKES(1995),,rho,522.95,407.0,0.0,0.9726,0.0,0.4863,0.0,0.0,887.1620127,,T,test-only,,table
oakes1995_10.1007_bf00973444_t1,OAKES(1995),,rho,522.95,405.0,0.0,0.4832,0.0,0.2416,0.0,0.0,861.5547832,,T,test-only,,table
mohammadi2025_10.1007_s42452-025-07557-2_t5,MOHAMMADI(2025),,rho,303.0,1.3,3.42,3.42,0.0,0.0,0.0,0.0,1107.0,,T,test-only,,table
mohammadi2025_10.1007_s42452-025-07557-2_t5,MOHAMMADI(2025),,rho,303.0,10.7,3.42,3.42,0.0,0.0,0.0,0.0,1107.0,,T,test-only,,table
mohammadi2025_10.1007_s42452-025-07557-2_t5,MOHAMMADI(2025),,rho,303.0,51.2,3.42,3.42,0.0,0.0,0.0,0.0,1109.0,,T,test-only,,table
mohammadi2025_10.1007_s42452-025-07557-2_t5,MOHAMMADI(2025),,rho,303.0,100.0,3.42,3.42,0.0,0.0,0.0,0.0,1111.0,,T,test-only,,table
mohammadi2025_10.1007_s42452-025-07557-2_t5,MOHAMMADI(2025),,rho,303.0,150.0,3.42,3.42,0.0,0.0,0.0,0.0,1112.0,,T,test-only,,table
mohammadi2025_10.1007_s42452-025-07557-2_t5,MOHAMMADI(2025),,rho,303.0,200.0,3.42,3.42,0.0,0.0,0.0,0.0,1114.0,,T,test-only,,table
mohammadi2025_10.1007_s42452-025-07557-2_t5,MOHAMMADI(2025),,rho,303.0,250.0,3.42,3.42,0.0,0.0,0.0,0.0,1115.0,,T,test-only,,table
mohammadi2025_10.1007_s42452-025-07557-2_t5,MOHAMMADI(2025),,rho,303.0,300.0,3.42,3.42,0.0,0.0,0.0,0.0,1117.0,,T,test-only,,table
mohammadi2025_10.1007_s42452-025-07557-2_t5,MOHAMMADI(2025),,rho,333.0,1.0,3.42,3.42,0.0,0.0,0.0,0.0,1089.0,,T,test-only,,table
mohammadi2025_10.1007_s42452-025-07557-2_t5,MOHAMMADI(2025),,rho,333.0,11.0,3.42,3.42,0.0,0.0,0.0,0.0,1090.0,,T,test-only,,table
mohammadi2025_10.1007_s42452-025-07557-2_t5,MOHAMMADI(2025),,rho,333.0,51.0,3.42,3.42,0.0,0.0,0.0,0.0,1091.0,,T,test-only,,table
mohammadi2025_10.1007_s42452-025-07557-2_t5,MOHAMMADI(2025),,rho,333.0,100.0,3.42,3.42,0.0,0.0,0.0,0.0,1093.0,,T,test-only,,table
mohammadi2025_10.1007_s42452-025-07557-2_t5,MOHAMMADI(2025),,rho,333.0,200.0,3.42,3.42,0.0,0.0,0.0,0.0,1096.0,,T,test-only,,table
mohammadi2025_10.1007_s42452-025-07557-2_t5,MOHAMMADI(2025),,rho,333.0,300.0,3.42,3.42,0.0,0.0,0.0,0.0,1099.0,,T,test-only,,table
mohammadi2025_10.1007_s42452-025-07557-2_t6,MOHAMMADI(2025),,rho,303.0,51.2,2.42,2.88,0.0,0.23,0.0,0.0,1107.0,,T,test-only,,table
mohammadi2025_10.1007_s42452-025-07557-2_t6,MOHAMMADI(2025),,rho,303.0,102.4,2.42,2.88,0.0,0.23,0.0,0.0,1109.0,,T,test-only,,table
mohammadi2025_10.1007_s42452-025-07557-2_t6,MOHAMMADI(2025),,rho,303.0,201.4,2.42,2.88,0.0,0.23,0.0,0.0,1112.0,,T,test-only,,table
mohammadi2025_10.1007_s42452-025-07557-2_t6,MOHAMMADI(2025),,rho,303.0,251.2,2.42,2.88,0.0,0.23,0.0,0.0,1113.0,,T,test-only,,table
mohammadi2025_10.1007_s42452-025-07557-2_t6,MOHAMMADI(2025),,rho,303.0,303.7,2.42,2.88,0.0,0.23,0.0,0.0,1115.0,,T,test-only,,table
mohammadi2025_10.1007_s42452-025-07557-2_t6,MOHAMMADI(2025),,rho,333.0,1.9,2.42,2.88,0.0,0.23,0.0,0.0,1094.0,,T,test-only,,table
mohammadi2025_10.1007_s42452-025-07557-2_t6,MOHAMMADI(2025),,rho,333.0,11.6,2.42,2.88,0.0,0.23,0.0,0.0,1094.0,,T,test-only,,table
mohammadi2025_10.1007_s42452-025-07557-2_t6,MOHAMMADI(2025),,rho,333.0,59.0,2.42,2.88,0.0,0.23,0.0,0.0,1096.0,,T,test-only,,table
mohammadi2025_10.1007_s42452-025-07557-2_t6,MOHAMMADI(2025),,rho,333.0,104.2,2.42,2.88,0.0,0.23,0.0,0.0,1098.0,,T,test-only,,table
mohammadi2025_10.1007_s42452-025-07557-2_t6,MOHAMMADI(2025),,rho,333.0,201.0,2.42,2.88,0.0,0.23,0.0,0.0,1101.0,,T,test-only,,table
mohammadi2025_10.1007_s42452-025-07557-2_t6,MOHAMMADI(2025),,rho,333.0,254.0,2.42,2.88,0.0,0.23,0.0,0.0,1102.0,,T,test-only,,table
mohammadi2025_10.1007_s42452-025-07557-2_t6,MOHAMMADI(2025),,rho,333.0,300.8,2.42,2.88,0.0,0.23,0.0,0.0,1103.0,,T,test-only,,table
surdo1982_10.1016_0021-9614(82)90080-5_t1,SURDO(1982),,rho,278.15,1.0132,0.40363,0.40363,0.0,0.0,0.0,0.0,1017.266631,,T,test-only,,table
surdo1982_10.1016_0021-9614(82)90080-5_t1,SURDO(1982),,rho,278.15,1.0132,0.7969,0.7969,0.0,0.0,0.0,0.0,1033.366631,,T,test-only,,table
surdo1982_10.1016_0021-9614(82)90080-5_t1,SURDO(1982),,rho,278.15,1.0132,1.6755,1.6755,0.0,0.0,0.0,0.0,1067.235631,,T,test-only,,table
surdo1982_10.1016_0021-9614(82)90080-5_t1,SURDO(1982),,rho,278.15,1.0132,2.63741,2.63741,0.0,0.0,0.0,0.0,1101.626631,,T,test-only,,table
surdo1982_10.1016_0021-9614(82)90080-5_t1,SURDO(1982),,rho,278.15,1.0132,3.70356,3.70356,0.0,0.0,0.0,0.0,1136.783631,,T,test-only,,table
surdo1982_10.1016_0021-9614(82)90080-5_t1,SURDO(1982),,rho,278.15,1.0132,4.28524,4.28524,0.0,0.0,0.0,0.0,1154.879631,,T,test-only,,table
surdo1982_10.1016_0021-9614(82)90080-5_t1,SURDO(1982),,rho,278.15,1.0132,5.42182,5.42182,0.0,0.0,0.0,0.0,1188.301631,,T,test-only,,table
surdo1982_10.1016_0021-9614(82)90080-5_t1,SURDO(1982),,rho,288.15,1.0132,1.67296,1.67296,0.0,0.0,0.0,0.0,1064.281619,,T,test-only,,table
surdo1982_10.1016_0021-9614(82)90080-5_t1,SURDO(1982),,rho,288.15,1.0132,2.544,2.544,0.0,0.0,0.0,0.0,1094.756619,,T,test-only,,table
surdo1982_10.1016_0021-9614(82)90080-5_t1,SURDO(1982),,rho,288.15,1.0132,3.5767,3.5767,0.0,0.0,0.0,0.0,1128.458619,,T,test-only,,table
surdo1982_10.1016_0021-9614(82)90080-5_t1,SURDO(1982),,rho,288.15,1.0132,4.10229,4.10229,0.0,0.0,0.0,0.0,1144.723619,,T,test-only,,table
surdo1982_10.1016_0021-9614(82)90080-5_t1,SURDO(1982),,rho,288.15,1.0132,4.70686,4.70686,0.0,0.0,0.0,0.0,1162.719619,,T,test-only,,table
surdo1982_10.1016_0021-9614(82)90080-5_t1,SURDO(1982),,rho,288.15,1.0132,5.32945,5.32945,0.0,0.0,0.0,0.0,1180.620619,,T,test-only,,table
surdo1982_10.1016_0021-9614(82)90080-5_t1,SURDO(1982),,rho,288.15,1.0132,5.99684,5.99684,0.0,0.0,0.0,0.0,1199.097619,,T,test-only,,table
surdo1982_10.1016_0021-9614(82)90080-5_t1,SURDO(1982),,rho,298.15,1.0132,0.37802,0.37802,0.0,0.0,0.0,0.0,1012.306635,,T,test-only,,table
surdo1982_10.1016_0021-9614(82)90080-5_t1,SURDO(1982),,rho,298.15,1.0132,0.61102,0.61102,0.0,0.0,0.0,0.0,1021.423635,,T,test-only,,table
surdo1982_10.1016_0021-9614(82)90080-5_t1,SURDO(1982),,rho,298.15,1.0132,0.77858,0.77858,0.0,0.0,0.0,0.0,1027.847635,,T,test-only,,table
surdo1982_10.1016_0021-9614(82)90080-5_t1,SURDO(1982),,rho,298.15,1.0132,0.78,0.78,0.0,0.0,0.0,0.0,1027.934635,,T,test-only,,table
surdo1982_10.1016_0021-9614(82)90080-5_t1,SURDO(1982),,rho,298.15,1.0132,0.96189,0.96189,0.0,0.0,0.0,0.0,1034.795635,,T,test-only,,table
surdo1982_10.1016_0021-9614(82)90080-5_t1,SURDO(1982),,rho,298.15,1.0132,1.62667,1.62667,0.0,0.0,0.0,0.0,1059.130635,,T,test-only,,table
surdo1982_10.1016_0021-9614(82)90080-5_t1,SURDO(1982),,rho,298.15,1.0132,2.51078,2.51078,0.0,0.0,0.0,0.0,1089.659635,,T,test-only,,table
surdo1982_10.1016_0021-9614(82)90080-5_t1,SURDO(1982),,rho,298.15,1.0132,3.52861,3.52861,0.0,0.0,0.0,0.0,1122.523635,,T,test-only,,table
surdo1982_10.1016_0021-9614(82)90080-5_t1,SURDO(1982),,rho,298.15,1.0132,5.34959,5.34959,0.0,0.0,0.0,0.0,1176.347635,,T,test-only,,table
surdo1982_10.1016_0021-9614(82)90080-5_t1,SURDO(1982),,rho,298.15,1.0132,5.99063,5.99063,0.0,0.0,0.0,0.0,1193.997635,,T,test-only,,table
surdo1982_10.1016_0021-9614(82)90080-5_t1,SURDO(1982),,rho,298.15,1.0132,3.30968,3.30968,0.0,0.0,0.0,0.0,1115.642635,,T,test-only,,table
surdo1982_10.1016_0021-9614(82)90080-5_t1,SURDO(1982),,rho,298.15,1.0132,3.60582,3.60582,0.0,0.0,0.0,0.0,1124.945635,,T,test-only,,table
surdo1982_10.1016_0021-9614(82)90080-5_t1,SURDO(1982),,rho,298.15,1.0132,3.83321,3.83321,0.0,0.0,0.0,0.0,1131.976635,,T,test-only,,table
surdo1982_10.1016_0021-9614(82)90080-5_t1,SURDO(1982),,rho,298.15,1.0132,3.94563,3.94563,0.0,0.0,0.0,0.0,1135.387635,,T,test-only,,table
surdo1982_10.1016_0021-9614(82)90080-5_t1,SURDO(1982),,rho,298.15,1.0132,4.30838,4.30838,0.0,0.0,0.0,0.0,1146.292635,,T,test-only,,table
surdo1982_10.1016_0021-9614(82)90080-5_t1,SURDO(1982),,rho,298.15,1.0132,4.63533,4.63533,0.0,0.0,0.0,0.0,1155.923635,,T,test-only,,table
surdo1982_10.1016_0021-9614(82)90080-5_t1,SURDO(1982),,rho,298.15,1.0132,4.88652,4.88652,0.0,0.0,0.0,0.0,1163.195635,,T,test-only,,table
surdo1982_10.1016_0021-9614(82)90080-5_t1,SURDO(1982),,rho,298.15,1.0132,5.1538,5.1538,0.0,0.0,0.0,0.0,1170.806635,,T,test-only,,table
surdo1982_10.1016_0021-9614(82)90080-5_t1,SURDO(1982),,rho,298.15,1.0132,5.43149,5.43149,0.0,0.0,0.0,0.0,1178.617635,,T,test-only,,table
surdo1982_10.1016_0021-9614(82)90080-5_t1,SURDO(1982),,rho,298.15,1.0132,5.7334,5.7334,0.0,0.0,0.0,0.0,1187.024635,,T,test-only,,table
surdo1982_10.1016_0021-9614(82)90080-5_t1,SURDO(1982),,rho,298.15,1.0132,5.99335,5.99335,0.0,0.0,0.0,0.0,1194.068635,,T,test-only,,table
surdo1982_10.1016_0021-9614(82)90080-5_t1,SURDO(1982),,rho,308.15,1.0132,0.40363,0.40363,0.0,0.0,0.0,0.0,1010.009313,,T,test-only,,table
surdo1982_10.1016_0021-9614(82)90080-5_t1,SURDO(1982),,rho,308.15,1.0132,0.7975,0.7975,0.0,0.0,0.0,0.0,1024.999313,,T,test-only,,table
surdo1982_10.1016_0021-9614(82)90080-5_t1,SURDO(1982),,rho,308.15,1.0132,1.67386,1.67386,0.0,0.0,0.0,0.0,1056.740313,,T,test-only,,table
surdo1982_10.1016_0021-9614(82)90080-5_t1,SURDO(1982),,rho,308.15,1.0132,2.6395,2.6395,0.0,0.0,0.0,0.0,1089.466313,,T,test-only,,table
surdo1982_10.1016_0021-9614(82)90080-5_t1,SURDO(1982),,rho,308.15,1.0132,3.70649,3.70649,0.0,0.0,0.0,0.0,1123.257313,,T,test-only,,table
surdo1982_10.1016_0021-9614(82)90080-5_t1,SURDO(1982),,rho,308.15,1.0132,4.28863,4.28863,0.0,0.0,0.0,0.0,1140.808313,,T,test-only,,table
surdo1982_10.1016_0021-9614(82)90080-5_t1,SURDO(1982),,rho,308.15,1.0132,5.4154,5.4154,0.0,0.0,0.0,0.0,1173.100313,,T,test-only,,table
surdo1982_10.1016_0021-9614(82)90080-5_t1,SURDO(1982),,rho,318.15,1.0132,0.37131,0.37131,0.0,0.0,0.0,0.0,1004.731896,,T,test-only,,table
surdo1982_10.1016_0021-9614(82)90080-5_t1,SURDO(1982),,rho,318.15,1.0132,2.55904,2.55904,0.0,0.0,0.0,0.0,1081.963896,,T,test-only,,table
surdo1982_10.1016_0021-9614(82)90080-5_t1,SURDO(1982),,rho,318.15,1.0132,5.00776,5.00776,0.0,0.0,0.0,0.0,1156.384896,,T,test-only,,table
surdo1982_10.1016_0021-9614(82)90080-5_t1,SURDO(1982),,rho,318.15,1.0132,5.97088,5.97088,0.0,0.0,0.0,0.0,1182.961896,,T,test-only,,table
surdo1982_10.1016_0021-9614(82)90080-5_t1,SURDO(1982),,rho,278.15,1.0132,0.0,0.09196,0.0,0.0,0.04598,0.0,1003.715631,,T,test-only,,table
surdo1982_10.1016_0021-9614(82)90080-5_t1,SURDO(1982),,rho,278.15,1.0132,0.0,0.37128,0.0,0.0,0.18564,0.0,1014.833631,,T,test-only,,table
surdo1982_10.1016_0021-9614(82)90080-5_t1,SURDO(1982),,rho,278.15,1.0132,0.0,0.56172,0.0,0.0,0.28086,0.0,1022.252631,,T,test-only,,table
surdo1982_10.1016_0021-9614(82)90080-5_t1,SURDO(1982),,rho,278.15,1.0132,0.0,0.75618,0.0,0.0,0.37809,0.0,1029.725631,,T,test-only,,table
surdo1982_10.1016_0021-9614(82)90080-5_t1,SURDO(1982),,rho,278.15,1.0132,0.0,1.36126,0.0,0.0,0.68063,0.0,1052.300631,,T,test-only,,table
surdo1982_10.1016_0021-9614(82)90080-5_t1,SURDO(1982),,rho,278.15,1.0132,0.0,1.57422,0.0,0.0,0.78711,0.0,1060.055631,,T,test-only,,table
surdo1982_10.1016_0021-9614(82)90080-5_t1,SURDO(1982),,rho,278.15,1.0132,0.0,1.7788,0.0,0.0,0.8894,0.0,1067.397631,,T,test-only,,table
surdo1982_10.1016_0021-9614(82)90080-5_t1,SURDO(1982),,rho,278.15,1.0132,0.0,2.00358,0.0,0.0,1.00179,0.0,1075.335631,,T,test-only,,table
surdo1982_10.1016_0021-9614(82)90080-5_t1,SURDO(1982),,rho,278.15,1.0132,0.0,0.9056,0.0,0.0,0.4528,0.0,1035.368631,,T,test-only,,table
surdo1982_10.1016_0021-9614(82)90080-5_t1,SURDO(1982),,rho,278.15,1.0132,0.0,1.96138,0.0,0.0,0.98069,0.0,1073.861631,,T,test-only,,table
surdo1982_10.1016_0021-9614(82)90080-5_t1,SURDO(1982),,rho,278.15,1.0132,0.0,2.76746,0.0,0.0,1.38373,0.0,1101.563631,,T,test-only,,table
surdo1982_10.1016_0021-9614(82)90080-5_t1,SURDO(1982),,rho,278.15,1.0132,0.0,4.34718,0.0,0.0,2.17359,0.0,1152.231631,,T,test-only,,table
surdo1982_10.1016_0021-9614(82)90080-5_t1,SURDO(1982),,rho,278.15,1.0132,0.0,4.86248,0.0,0.0,2.43124,0.0,1167.783631,,T,test-only,,table
surdo1982_10.1016_0021-9614(82)90080-5_t1,SURDO(1982),,rho,278.15,1.0132,0.0,6.174,0.0,0.0,3.087,0.0,1205.746631,,T,test-only,,table
surdo1982_10.1016_0021-9614(82)90080-5_t1,SURDO(1982),,rho,278.15,1.0132,0.0,7.61444,0.0,0.0,3.80722,0.0,1244.895631,,T,test-only,,table
surdo1982_10.1016_0021-9614(82)90080-5_t1,SURDO(1982),,rho,278.15,1.0132,0.0,8.49004,0.0,0.0,4.24502,0.0,1267.558631,,T,test-only,,table
surdo1982_10.1016_0021-9614(82)90080-5_t1,SURDO(1982),,rho,278.15,1.0132,0.0,9.36478,0.0,0.0,4.68239,0.0,1289.431631,,T,test-only,,table
surdo1982_10.1016_0021-9614(82)90080-5_t1,SURDO(1982),,rho,278.15,1.0132,0.0,10.85278,0.0,0.0,5.42639,0.0,1324.992631,,T,test-only,,table
surdo1982_10.1016_0021-9614(82)90080-5_t1,SURDO(1982),,rho,288.15,1.0132,0.0,0.09196,0.0,0.0,0.04598,0.0,1002.780619,,T,test-only,,table
surdo1982_10.1016_0021-9614(82)90080-5_t1,SURDO(1982),,rho,288.15,1.0132,0.0,0.37128,0.0,0.0,0.18564,0.0,1013.707619,,T,test-only,,table
surdo1982_10.1016_0021-9614(82)90080-5_t1,SURDO(1982),,rho,288.15,1.0132,0.0,0.56172,0.0,0.0,0.28086,0.0,1020.998619,,T,test-only,,table
surdo1982_10.1016_0021-9614(82)90080-5_t1,SURDO(1982),,rho,288.15,1.0132,0.0,0.75618,0.0,0.0,0.37809,0.0,1028.353619,,T,test-only,,table
surdo1982_10.1016_0021-9614(82)90080-5_t1,SURDO(1982),,rho,288.15,1.0132,0.0,0.95184,0.0,0.0,0.47592,0.0,1035.617619,,T,test-only,,table
surdo1982_10.1016_0021-9614(82)90080-5_t1,SURDO(1982),,rho,288.15,1.0132,0.0,1.36126,0.0,0.0,0.68063,0.0,1050.593619,,T,test-only,,table
surdo1982_10.1016_0021-9614(82)90080-5_t1,SURDO(1982),,rho,288.15,1.0132,0.0,1.57422,0.0,0.0,0.78711,0.0,1058.235619,,T,test-only,,table
surdo1982_10.1016_0021-9614(82)90080-5_t1,SURDO(1982),,rho,288.15,1.0132,0.0,1.7788,0.0,0.0,0.8894,0.0,1065.551619,,T,test-only,,table
surdo1982_10.1016_0021-9614(82)90080-5_t1,SURDO(1982),,rho,288.15,1.0132,0.0,2.00358,0.0,0.0,1.00179,0.0,1073.310619,,T,test-only,,table
surdo1982_10.1016_0021-9614(82)90080-5_t1,SURDO(1982),,rho,288.15,1.0132,0.0,1.46608,0.0,0.0,0.73304,0.0,1054.360619,,T,test-only,,table
surdo1982_10.1016_0021-9614(82)90080-5_t1,SURDO(1982),,rho,288.15,1.0132,0.0,1.50122,0.0,0.0,0.75061,0.0,1055.619619,,T,test-only,,table
surdo1982_10.1016_0021-9614(82)90080-5_t1,SURDO(1982),,rho,288.15,1.0132,0.0,1.9195,0.0,0.0,0.95975,0.0,1070.421619,,T,test-only,,table
surdo1982_10.1016_0021-9614(82)90080-5_t1,SURDO(1982),,rho,288.15,1.0132,0.0,2.9073,0.0,0.0,1.45365,0.0,1103.888619,,T,test-only,,table
surdo1982_10.1016_0021-9614(82)90080-5_t1,SURDO(1982),,rho,288.15,1.0132,0.0,3.18294,0.0,0.0,1.59147,0.0,1112.886619,,T,test-only,,table
surdo1982_10.1016_0021-9614(82)90080-5_t1,SURDO(1982),,rho,288.15,1.0132,0.0,3.56756,0.0,0.0,1.78378,0.0,1125.219619,,T,test-only,,table
surdo1982_10.1016_0021-9614(82)90080-5_t1,SURDO(1982),,rho,288.15,1.0132,0.0,5.23098,0.0,0.0,2.61549,0.0,1175.795619,,T,test-only,,table
surdo1982_10.1016_0021-9614(82)90080-5_t1,SURDO(1982),,rho,288.15,1.0132,0.0,6.06034,0.0,0.0,3.03017,0.0,1199.505619,,T,test-only,,table
surdo1982_10.1016_0021-9614(82)90080-5_t1,SURDO(1982),,rho,288.15,1.0132,0.0,7.20956,0.0,0.0,3.60478,0.0,1230.962619,,T,test-only,,table
surdo1982_10.1016_0021-9614(82)90080-5_t1,SURDO(1982),,rho,288.15,1.0132,0.0,7.57652,0.0,0.0,3.78826,0.0,1240.721619,,T,test-only,,table
surdo1982_10.1016_0021-9614(82)90080-5_t1,SURDO(1982),,rho,288.15,1.0132,0.0,8.16344,0.0,0.0,4.08172,0.0,1255.951619,,T,test-only,,table
surdo1982_10.1016_0021-9614(82)90080-5_t1,SURDO(1982),,rho,288.15,1.0132,0.0,9.342,0.0,0.0,4.671,0.0,1285.475619,,T,test-only,,table
surdo1982_10.1016_0021-9614(82)90080-5_t1,SURDO(1982),,rho,288.15,1.0132,0.0,10.23948,0.0,0.0,5.11974,0.0,1307.128619,,T,test-only,,table
surdo1982_10.1016_0021-9614(82)90080-5_t1,SURDO(1982),,rho,288.15,1.0132,0.0,10.54224,0.0,0.0,5.27112,0.0,1314.220619,,T,test-only,,table
surdo1982_10.1016_0021-9614(82)90080-5_t1,SURDO(1982),,rho,298.15,1.0132,0.0,0.09196,0.0,0.0,0.04598,0.0,1000.686635,,T,test-only,,table
surdo1982_10.1016_0021-9614(82)90080-5_t1,SURDO(1982),,rho,298.15,1.0132,0.0,0.18238,0.0,0.0,0.09119,0.0,1004.217635,,T,test-only,,table
surdo1982_10.1016_0021-9614(82)90080-5_t1,SURDO(1982),,rho,298.15,1.0132,0.0,0.37128,0.0,0.0,0.18564,0.0,1011.494635,,T,test-only,,table
surdo1982_10.1016_0021-9614(82)90080-5_t1,SURDO(1982),,rho,298.15,1.0132,0.0,0.56172,0.0,0.0,0.28086,0.0,1018.715635,,T,test-only,,table
surdo1982_10.1016_0021-9614(82)90080-5_t1,SURDO(1982),,rho,298.15,1.0132,0.0,0.75618,0.0,0.0,0.37809,0.0,1025.988635,,T,test-only,,table
surdo1982_10.1016_0021-9614(82)90080-5_t1,SURDO(1982),,rho,298.15,1.0132,0.0,0.95184,0.0,0.0,0.47592,0.0,1033.210635,,T,test-only,,table
surdo1982_10.1016_0021-9614(82)90080-5_t1,SURDO(1982),,rho,298.15,1.0132,0.0,1.16396,0.0,0.0,0.58198,0.0,1040.941635,,T,test-only,,table
surdo1982_10.1016_0021-9614(82)90080-5_t1,SURDO(1982),,rho,298.15,1.0132,0.0,1.36126,0.0,0.0,0.68063,0.0,1048.042635,,T,test-only,,table
surdo1982_10.1016_0021-9614(82)90080-5_t1,SURDO(1982),,rho,298.15,1.0132,0.0,1.57422,0.0,0.0,0.78711,0.0,1055.615635,,T,test-only,,table
surdo1982_10.1016_0021-9614(82)90080-5_t1,SURDO(1982),,rho,298.15,1.0132,0.0,2.00358,0.0,0.0,1.00179,0.0,1070.611635,,T,test-only,,table
surdo1982_10.1016_0021-9614(82)90080-5_t1,SURDO(1982),,rho,298.15,1.0132,0.0,0.01934,0.0,0.0,0.00967,0.0,997.8216345,,T,test-only,,table
surdo1982_10.1016_0021-9614(82)90080-5_t1,SURDO(1982),,rho,298.15,1.0132,0.0,0.09676,0.0,0.0,0.04838,0.0,1000.878635,,T,test-only,,table
surdo1982_10.1016_0021-9614(82)90080-5_t1,SURDO(1982),,rho,298.15,1.0132,0.0,0.19198,0.0,0.0,0.09599,0.0,1004.591635,,T,test-only,,table
surdo1982_10.1016_0021-9614(82)90080-5_t1,SURDO(1982),,rho,298.15,1.0132,0.0,0.3823,0.0,0.0,0.19115,0.0,1011.907635,,T,test-only,,table
surdo1982_10.1016_0021-9614(82)90080-5_t1,SURDO(1982),,rho,298.15,1.0132,0.0,0.5667,0.0,0.0,0.28335,0.0,1018.894635,,T,test-only,,table
surdo1982_10.1016_0021-9614(82)90080-5_t1,SURDO(1982),,rho,298.15,1.0132,0.0,0.7551,0.0,0.0,0.37755,0.0,1025.938635,,T,test-only,,table
surdo1982_10.1016_0021-9614(82)90080-5_t1,SURDO(1982),,rho,298.15,1.0132,0.0,0.9218,0.0,0.0,0.4609,0.0,1032.101635,,T,test-only,,table
surdo1982_10.1016_0021-9614(82)90080-5_t1,SURDO(1982),,rho,298.15,1.0132,0.0,1.09524,0.0,0.0,0.54762,0.0,1038.440635,,T,test-only,,table
surdo1982_10.1016_0021-9614(82)90080-5_t1,SURDO(1982),,rho,298.15,1.0132,0.0,1.26302,0.0,0.0,0.63151,0.0,1044.518635,,T,test-only,,table
surdo1982_10.1016_0021-9614(82)90080-5_t1,SURDO(1982),,rho,298.15,1.0132,0.0,1.42804,0.0,0.0,0.71402,0.0,1050.431635,,T,test-only,,table
surdo1982_10.1016_0021-9614(82)90080-5_t1,SURDO(1982),,rho,298.15,1.0132,0.0,1.5889,0.0,0.0,0.79445,0.0,1056.140635,,T,test-only,,table
surdo1982_10.1016_0021-9614(82)90080-5_t1,SURDO(1982),,rho,298.15,1.0132,0.0,1.9375,0.0,0.0,0.96875,0.0,1068.326635,,T,test-only,,table
surdo1982_10.1016_0021-9614(82)90080-5_t1,SURDO(1982),,rho,298.15,1.0132,0.0,0.10364,0.0,0.0,0.05182,0.0,1001.147635,,T,test-only,,table
surdo1982_10.1016_0021-9614(82)90080-5_t1,SURDO(1982),,rho,298.15,1.0132,0.0,0.18906,0.0,0.0,0.09453,0.0,1004.475635,,T,test-only,,table
surdo1982_10.1016_0021-9614(82)90080-5_t1,SURDO(1982),,rho,298.15,1.0132,0.0,0.29318,0.0,0.0,0.14659,0.0,1008.486635,,T,test-only,,table
surdo1982_10.1016_0021-9614(82)90080-5_t1,SURDO(1982),,rho,298.15,1.0132,0.0,0.49602,0.0,0.0,0.24801,0.0,1016.226635,,T,test-only,,table
surdo1982_10.1016_0021-9614(82)90080-5_t1,SURDO(1982),,rho,298.15,1.0132,0.0,0.60252,0.0,0.0,0.30126,0.0,1020.246635,,T,test-only,,table
surdo1982_10.1016_0021-9614(82)90080-5_t1,SURDO(1982),,rho,298.15,1.0132,0.0,0.83686,0.0,0.0,0.41843,0.0,1028.970635,,T,test-only,,table
surdo1982_10.1016_0021-9614(82)90080-5_t1,SURDO(1982),,rho,298.15,1.0132,0.0,0.98234,0.0,0.0,0.49117,0.0,1034.317635,,T,test-only,,table
surdo1982_10.1016_0021-9614(82)90080-5_t1,SURDO(1982),,rho,298.15,1.0132,0.0,1.21582,0.0,0.0,0.60791,0.0,1042.821635,,T,test-only,,table
surdo1982_10.1016_0021-9614(82)90080-5_t1,SURDO(1982),,rho,298.15,1.0132,0.0,1.4143,0.0,0.0,0.70715,0.0,1049.942635,,T,test-only,,table
surdo1982_10.1016_0021-9614(82)90080-5_t1,SURDO(1982),,rho,298.15,1.0132,0.0,1.60748,0.0,0.0,0.80374,0.0,1056.795635,,T,test-only,,table
surdo1982_10.1016_0021-9614(82)90080-5_t1,SURDO(1982),,rho,298.15,1.0132,0.0,1.81204,0.0,0.0,0.90602,0.0,1063.968635,,T,test-only,,table
surdo1982_10.1016_0021-9614(82)90080-5_t1,SURDO(1982),,rho,298.15,1.0132,0.0,2.01342,0.0,0.0,1.00671,0.0,1070.945635,,T,test-only,,table
surdo1982_10.1016_0021-9614(82)90080-5_t1,SURDO(1982),,rho,298.15,1.0132,0.0,2.14784,0.0,0.0,1.07392,0.0,1075.564635,,T,test-only,,table
surdo1982_10.1016_0021-9614(82)90080-5_t1,SURDO(1982),,rho,298.15,1.0132,0.0,2.16982,0.0,0.0,1.08491,0.0,1076.276635,,T,test-only,,table
surdo1982_10.1016_0021-9614(82)90080-5_t1,SURDO(1982),,rho,298.15,1.0132,0.0,2.4966,0.0,0.0,1.2483,0.0,1087.370635,,T,test-only,,table
surdo1982_10.1016_0021-9614(82)90080-5_t1,SURDO(1982),,rho,298.15,1.0132,0.0,3.12352,0.0,0.0,1.56176,0.0,1108.018635,,T,test-only,,table
surdo1982_10.1016_0021-9614(82)90080-5_t1,SURDO(1982),,rho,298.15,1.0132,0.0,3.5427,0.0,0.0,1.77135,0.0,1121.438635,,T,test-only,,table
surdo1982_10.1016_0021-9614(82)90080-5_t1,SURDO(1982),,rho,298.15,1.0132,0.0,4.07786,0.0,0.0,2.03893,0.0,1138.123635,,T,test-only,,table
surdo1982_10.1016_0021-9614(82)90080-5_t1,SURDO(1982),,rho,298.15,1.0132,0.0,4.4111,0.0,0.0,2.20555,0.0,1148.291635,,T,test-only,,table
surdo1982_10.1016_0021-9614(82)90080-5_t1,SURDO(1982),,rho,298.15,1.0132,0.0,5.1047,0.0,0.0,2.55235,0.0,1168.907635,,T,test-only,,table
surdo1982_10.1016_0021-9614(82)90080-5_t1,SURDO(1982),,rho,298.15,1.0132,0.0,5.38752,0.0,0.0,2.69376,0.0,1177.096635,,T,test-only,,table
surdo1982_10.1016_0021-9614(82)90080-5_t1,SURDO(1982),,rho,298.15,1.0132,0.0,6.15822,0.0,0.0,3.07911,0.0,1198.967635,,T,test-only,,table
surdo1982_10.1016_0021-9614(82)90080-5_t1,SURDO(1982),,rho,298.15,1.0132,0.0,6.54226,0.0,0.0,3.27113,0.0,1209.582635,,T,test-only,,table
surdo1982_10.1016_0021-9614(82)90080-5_t1,SURDO(1982),,rho,298.15,1.0132,0.0,7.23084,0.0,0.0,3.61542,0.0,1228.162635,,T,test-only,,table
surdo1982_10.1016_0021-9614(82)90080-5_t1,SURDO(1982),,rho,298.15,1.0132,0.0,7.54166,0.0,0.0,3.77083,0.0,1236.425635,,T,test-only,,table
surdo1982_10.1016_0021-9614(82)90080-5_t1,SURDO(1982),,rho,298.15,1.0132,0.0,8.2336,0.0,0.0,4.1168,0.0,1254.316635,,T,test-only,,table
surdo1982_10.1016_0021-9614(82)90080-5_t1,SURDO(1982),,rho,298.15,1.0132,0.0,8.5234,0.0,0.0,4.2617,0.0,1261.713635,,T,test-only,,table
surdo1982_10.1016_0021-9614(82)90080-5_t1,SURDO(1982),,rho,298.15,1.0132,0.0,9.0792,0.0,0.0,4.5396,0.0,1275.530635,,T,test-only,,table
surdo1982_10.1016_0021-9614(82)90080-5_t1,SURDO(1982),,rho,298.15,1.0132,0.0,9.71374,0.0,0.0,4.85687,0.0,1291.029635,,T,test-only,,table
surdo1982_10.1016_0021-9614(82)90080-5_t1,SURDO(1982),,rho,298.15,1.0132,0.0,9.73904,0.0,0.0,4.86952,0.0,1291.657635,,T,test-only,,table
surdo1982_10.1016_0021-9614(82)90080-5_t1,SURDO(1982),,rho,298.15,1.0132,0.0,10.55142,0.0,0.0,5.27571,0.0,1310.864635,,T,test-only,,table
surdo1982_10.1016_0021-9614(82)90080-5_t1,SURDO(1982),,rho,298.15,1.0132,0.0,10.55142,0.0,0.0,5.27571,0.0,1310.862635,,T,test-only,,table
surdo1982_10.1016_0021-9614(82)90080-5_t1,SURDO(1982),,rho,308.15,1.0132,0.0,0.09196,0.0,0.0,0.04598,0.0,997.6583127,,T,test-only,,table
surdo1982_10.1016_0021-9614(82)90080-5_t1,SURDO(1982),,rho,308.15,1.0132,0.0,0.18238,0.0,0.0,0.09119,0.0,1001.158313,,T,test-only,,table
surdo1982_10.1016_0021-9614(82)90080-5_t1,SURDO(1982),,rho,308.15,1.0132,0.0,0.37128,0.0,0.0,0.18564,0.0,1008.409313,,T,test-only,,table
surdo1982_10.1016_0021-9614(82)90080-5_t1,SURDO(1982),,rho,308.15,1.0132,0.0,0.56172,0.0,0.0,0.28086,0.0,1015.587313,,T,test-only,,table
surdo1982_10.1016_0021-9614(82)90080-5_t1,SURDO(1982),,rho,308.15,1.0132,0.0,0.75618,0.0,0.0,0.37809,0.0,1022.837313,,T,test-only,,table
surdo1982_10.1016_0021-9614(82)90080-5_t1,SURDO(1982),,rho,308.15,1.0132,0.0,1.16396,0.0,0.0,0.58198,0.0,1037.703313,,T,test-only,,table
surdo1982_10.1016_0021-9614(82)90080-5_t1,SURDO(1982),,rho,308.15,1.0132,0.0,1.36126,0.0,0.0,0.68063,0.0,1044.791313,,T,test-only,,table
surdo1982_10.1016_0021-9614(82)90080-5_t1,SURDO(1982),,rho,308.15,1.0132,0.0,1.57422,0.0,0.0,0.78711,0.0,1052.334313,,T,test-only,,table
surdo1982_10.1016_0021-9614(82)90080-5_t1,SURDO(1982),,rho,308.15,1.0132,0.0,1.7788,0.0,0.0,0.8894,0.0,1059.497313,,T,test-only,,table
surdo1982_10.1016_0021-9614(82)90080-5_t1,SURDO(1982),,rho,308.15,1.0132,0.0,2.00358,0.0,0.0,1.00179,0.0,1067.256313,,T,test-only,,table
surdo1982_10.1016_0021-9614(82)90080-5_t1,SURDO(1982),,rho,308.15,1.0132,0.0,0.10366,0.0,0.0,0.05183,0.0,998.1153127,,T,test-only,,table
surdo1982_10.1016_0021-9614(82)90080-5_t1,SURDO(1982),,rho,308.15,1.0132,0.0,0.18896,0.0,0.0,0.09448,0.0,1001.428313,,T,test-only,,table
surdo1982_10.1016_0021-9614(82)90080-5_t1,SURDO(1982),,rho,308.15,1.0132,0.0,0.4963,0.0,0.0,0.24815,0.0,1013.132313,,T,test-only,,table
surdo1982_10.1016_0021-9614(82)90080-5_t1,SURDO(1982),,rho,308.15,1.0132,0.0,0.6028,0.0,0.0,0.3014,0.0,1017.126313,,T,test-only,,table
surdo1982_10.1016_0021-9614(82)90080-5_t1,SURDO(1982),,rho,308.15,1.0132,0.0,0.8373,0.0,0.0,0.41865,0.0,1025.819313,,T,test-only,,table
surdo1982_10.1016_0021-9614(82)90080-5_t1,SURDO(1982),,rho,308.15,1.0132,0.0,0.98246,0.0,0.0,0.49123,0.0,1031.119313,,T,test-only,,table
surdo1982_10.1016_0021-9614(82)90080-5_t1,SURDO(1982),,rho,308.15,1.0132,0.0,0.69224,0.0,0.0,0.34612,0.0,1020.468313,,T,test-only,,table
surdo1982_10.1016_0021-9614(82)90080-5_t1,SURDO(1982),,rho,308.15,1.0132,0.0,1.4148,0.0,0.0,0.7074,0.0,1046.702313,,T,test-only,,table
surdo1982_10.1016_0021-9614(82)90080-5_t1,SURDO(1982),,rho,308.15,1.0132,0.0,1.60824,0.0,0.0,0.80412,0.0,1053.515313,,T,test-only,,table
surdo1982_10.1016_0021-9614(82)90080-5_t1,SURDO(1982),,rho,308.15,1.0132,0.0,1.81274,0.0,0.0,0.90637,0.0,1060.654313,,T,test-only,,table
surdo1982_10.1016_0021-9614(82)90080-5_t1,SURDO(1982),,rho,308.15,1.0132,0.0,2.43052,0.0,0.0,1.21526,0.0,1081.752313,,T,test-only,,table
surdo1982_10.1016_0021-9614(82)90080-5_t1,SURDO(1982),,rho,308.15,1.0132,0.0,2.49726,0.0,0.0,1.24863,0.0,1083.946313,,T,test-only,,table
surdo1982_10.1016_0021-9614(82)90080-5_t1,SURDO(1982),,rho,308.15,1.0132,0.0,3.06104,0.0,0.0,1.53052,0.0,1102.522313,,T,test-only,,table
surdo1982_10.1016_0021-9614(82)90080-5_t1,SURDO(1982),,rho,308.15,1.0132,0.0,3.12514,0.0,0.0,1.56257,0.0,1104.539313,,T,test-only,,table
surdo1982_10.1016_0021-9614(82)90080-5_t1,SURDO(1982),,rho,308.15,1.0132,0.0,3.54424,0.0,0.0,1.77212,0.0,1117.947313,,T,test-only,,table
surdo1982_10.1016_0021-9614(82)90080-5_t1,SURDO(1982),,rho,308.15,1.0132,0.0,4.84182,0.0,0.0,2.42091,0.0,1157.607313,,T,test-only,,table
surdo1982_10.1016_0021-9614(82)90080-5_t1,SURDO(1982),,rho,308.15,1.0132,0.0,5.10682,0.0,0.0,2.55341,0.0,1165.353313,,T,test-only,,table
surdo1982_10.1016_0021-9614(82)90080-5_t1,SURDO(1982),,rho,308.15,1.0132,0.0,5.32846,0.0,0.0,2.66423,0.0,1171.814313,,T,test-only,,table
surdo1982_10.1016_0021-9614(82)90080-5_t1,SURDO(1982),,rho,308.15,1.0132,0.0,6.60114,0.0,0.0,3.30057,0.0,1207.515313,,T,test-only,,table
surdo1982_10.1016_0021-9614(82)90080-5_t1,SURDO(1982),,rho,308.15,1.0132,0.0,8.39826,0.0,0.0,4.19913,0.0,1254.891313,,T,test-only,,table
surdo1982_10.1016_0021-9614(82)90080-5_t1,SURDO(1982),,rho,308.15,1.0132,0.0,9.0785,0.0,0.0,4.53925,0.0,1271.910313,,T,test-only,,table
surdo1982_10.1016_0021-9614(82)90080-5_t1,SURDO(1982),,rho,308.15,1.0132,0.0,9.86086,0.0,0.0,4.93043,0.0,1290.929313,,T,test-only,,table
surdo1982_10.1016_0021-9614(82)90080-5_t1,SURDO(1982),,rho,308.15,1.0132,0.0,8.52478,0.0,0.0,4.26239,0.0,1258.099313,,T,test-only,,table
surdo1982_10.1016_0021-9614(82)90080-5_t1,SURDO(1982),,rho,308.15,1.0132,0.0,10.3041,0.0,0.0,5.15205,0.0,1301.368313,,T,test-only,,table
surdo1982_10.1016_0021-9614(82)90080-5_t1,SURDO(1982),,rho,308.15,1.0132,0.0,10.54398,0.0,0.0,5.27199,0.0,1307.047313,,T,test-only,,table
surdo1982_10.1016_0021-9614(82)90080-5_t1,SURDO(1982),,rho,318.15,1.0132,0.0,0.0822,0.0,0.0,0.0411,0.0,993.4568957,,T,test-only,,table
surdo1982_10.1016_0021-9614(82)90080-5_t1,SURDO(1982),,rho,318.15,1.0132,0.0,0.1205,0.0,0.0,0.06025,0.0,994.9548957,,T,test-only,,table
surdo1982_10.1016_0021-9614(82)90080-5_t1,SURDO(1982),,rho,318.15,1.0132,0.0,0.25598,0.0,0.0,0.12799,0.0,1000.174896,,T,test-only,,table
surdo1982_10.1016_0021-9614(82)90080-5_t1,SURDO(1982),,rho,318.15,1.0132,0.0,0.43528,0.0,0.0,0.21764,0.0,1007.009896,,T,test-only,,table
surdo1982_10.1016_0021-9614(82)90080-5_t1,SURDO(1982),,rho,318.15,1.0132,0.0,1.525,0.0,0.0,0.7625,0.0,1046.736896,,T,test-only,,table
surdo1982_10.1016_0021-9614(82)90080-5_t1,SURDO(1982),,rho,318.15,1.0132,0.0,2.2354,0.0,0.0,1.1177,0.0,1071.265896,,T,test-only,,table
surdo1982_10.1016_0021-9614(82)90080-5_t1,SURDO(1982),,rho,318.15,1.0132,0.0,3.48794,0.0,0.0,1.74397,0.0,1112.273896,,T,test-only,,table
surdo1982_10.1016_0021-9614(82)90080-5_t1,SURDO(1982),,rho,318.15,1.0132,0.0,4.2206,0.0,0.0,2.1103,0.0,1135.052896,,T,test-only,,table
surdo1982_10.1016_0021-9614(82)90080-5_t1,SURDO(1982),,rho,318.15,1.0132,0.0,5.65294,0.0,0.0,2.82647,0.0,1177.215896,,T,test-only,,table
surdo1982_10.1016_0021-9614(82)90080-5_t1,SURDO(1982),,rho,318.15,1.0132,0.0,6.4585,0.0,0.0,3.22925,0.0,1199.742896,,T,test-only,,table
surdo1982_10.1016_0021-9614(82)90080-5_t1,SURDO(1982),,rho,318.15,1.0132,0.0,8.0195,0.0,0.0,4.00975,0.0,1241.262896,,T,test-only,,table
surdo1982_10.1016_0021-9614(82)90080-5_t1,SURDO(1982),,rho,318.15,1.0132,0.0,9.05772,0.0,0.0,4.52886,0.0,1267.504896,,T,test-only,,table
surdo1982_10.1016_0021-9614(82)90080-5_t1,SURDO(1982),,rho,318.15,1.0132,0.0,9.95572,0.0,0.0,4.97786,0.0,1289.275896,,T,test-only,,table
surdo1982_10.1016_0021-9614(82)90080-5_t1,SURDO(1982),,rho,288.15,1.0132,1.3346,0.0,0.0,0.0,0.0,0.6673,1079.845619,,T,test-only,,table
surdo1982_10.1016_0021-9614(82)90080-5_t1,SURDO(1982),,rho,288.15,1.0132,1.4999,0.0,0.0,0.0,0.0,0.74995,1089.147619,,T,test-only,,table
surdo1982_10.1016_0021-9614(82)90080-5_t1,SURDO(1982),,rho,288.15,1.0132,1.54714,0.0,0.0,0.0,0.0,0.77357,1091.784619,,T,test-only,,table
surdo1982_10.1016_0021-9614(82)90080-5_t1,SURDO(1982),,rho,288.15,1.0132,1.76184,0.0,0.0,0.0,0.0,0.88092,1103.663619,,T,test-only,,table
surdo1982_10.1016_0021-9614(82)90080-5_t1,SURDO(1982),,rho,288.15,1.0132,1.9486,0.0,0.0,0.0,0.0,0.9743,1113.864619,,T,test-only,,table
surdo1982_10.1016_0021-9614(82)90080-5_t1,SURDO(1982),,rho,288.15,1.0132,1.98336,0.0,0.0,0.0,0.0,0.99168,1115.690619,,T,test-only,,table
surdo1982_10.1016_0021-9614(82)90080-5_t1,SURDO(1982),,rho,288.15,1.0132,2.13744,0.0,0.0,0.0,0.0,1.06872,1123.936619,,T,test-only,,table
surdo1982_10.1016_0021-9614(82)90080-5_t1,SURDO(1982),,rho,288.15,1.0132,2.27196,0.0,0.0,0.0,0.0,1.13598,1131.054619,,T,test-only,,table
surdo1982_10.1016_0021-9614(82)90080-5_t1,SURDO(1982),,rho,288.15,1.0132,2.3592,0.0,0.0,0.0,0.0,1.1796,1135.629619,,T,test-only,,table
surdo1982_10.1016_0021-9614(82)90080-5_t1,SURDO(1982),,rho,288.15,1.0132,2.90224,0.0,0.0,0.0,0.0,1.45112,1163.436619,,T,test-only,,table
surdo1982_10.1016_0021-9614(82)90080-5_t1,SURDO(1982),,rho,298.15,1.0132,0.23892,0.0,0.0,0.0,0.0,0.11946,1012.100635,,T,test-only,,table
surdo1982_10.1016_0021-9614(82)90080-5_t1,SURDO(1982),,rho,298.15,1.0132,0.2658,0.0,0.0,0.0,0.0,0.1329,1013.742635,,T,test-only,,table
surdo1982_10.1016_0021-9614(82)90080-5_t1,SURDO(1982),,rho,298.15,1.0132,0.73246,0.0,0.0,0.0,0.0,0.36623,1041.801635,,T,test-only,,table
surdo1982_10.1016_0021-9614(82)90080-5_t1,SURDO(1982),,rho,298.15,1.0132,0.82822,0.0,0.0,0.0,0.0,0.41411,1047.408635,,T,test-only,,table
surdo1982_10.1016_0021-9614(82)90080-5_t1,SURDO(1982),,rho,298.15,1.0132,0.9178,0.0,0.0,0.0,0.0,0.4589,1052.614635,,T,test-only,,table
surdo1982_10.1016_0021-9614(82)90080-5_t1,SURDO(1982),,rho,298.15,1.0132,1.05424,0.0,0.0,0.0,0.0,0.52712,1060.467635,,T,test-only,,table
surdo1982_10.1016_0021-9614(82)90080-5_t1,SURDO(1982),,rho,298.15,1.0132,1.1278,0.0,0.0,0.0,0.0,0.5639,1064.654635,,T,test-only,,table
surdo1982_10.1016_0021-9614(82)90080-5_t1,SURDO(1982),,rho,298.15,1.0132,1.21028,0.0,0.0,0.0,0.0,0.60514,1069.323635,,T,test-only,,table
surdo1982_10.1016_0021-9614(82)90080-5_t1,SURDO(1982),,rho,298.15,1.0132,1.31152,0.0,0.0,0.0,0.0,0.65576,1074.998635,,T,test-only,,table
surdo1982_10.1016_0021-9614(82)90080-5_t1,SURDO(1982),,rho,298.15,1.0132,1.33386,0.0,0.0,0.0,0.0,0.66693,1076.274635,,T,test-only,,table
surdo1982_10.1016_0021-9614(82)90080-5_t1,SURDO(1982),,rho,298.15,1.0132,1.38724,0.0,0.0,0.0,0.0,0.69362,1079.241635,,T,test-only,,table
surdo1982_10.1016_0021-9614(82)90080-5_t1,SURDO(1982),,rho,298.15,1.0132,1.51342,0.0,0.0,0.0,0.0,0.75671,1086.233635,,T,test-only,,table
surdo1982_10.1016_0021-9614(82)90080-5_t1,SURDO(1982),,rho,298.15,1.0132,1.5453,0.0,0.0,0.0,0.0,0.77265,1088.000635,,T,test-only,,table
surdo1982_10.1016_0021-9614(82)90080-5_t1,SURDO(1982),,rho,298.15,1.0132,1.75924,0.0,0.0,0.0,0.0,0.87962,1099.668635,,T,test-only,,table
surdo1982_10.1016_0021-9614(82)90080-5_t1,SURDO(1982),,rho,298.15,1.0132,1.92134,0.0,0.0,0.0,0.0,0.96067,1108.376635,,T,test-only,,table
surdo1982_10.1016_0021-9614(82)90080-5_t1,SURDO(1982),,rho,298.15,1.0132,2.2674,0.0,0.0,0.0,0.0,1.1337,1126.628635,,T,test-only,,table
surdo1982_10.1016_0021-9614(82)90080-5_t1,SURDO(1982),,rho,298.15,1.0132,2.44054,0.0,0.0,0.0,0.0,1.22027,1135.613635,,T,test-only,,table
surdo1982_10.1016_0021-9614(82)90080-5_t1,SURDO(1982),,rho,298.15,1.0132,2.52068,0.0,0.0,0.0,0.0,1.26034,1139.721635,,T,test-only,,table
surdo1982_10.1016_0021-9614(82)90080-5_t1,SURDO(1982),,rho,298.15,1.0132,2.70742,0.0,0.0,0.0,0.0,1.35371,1149.194635,,T,test-only,,table
surdo1982_10.1016_0021-9614(82)90080-5_t1,SURDO(1982),,rho,298.15,1.0132,2.85356,0.0,0.0,0.0,0.0,1.42678,1156.519635,,T,test-only,,table
surdo1982_10.1016_0021-9614(82)90080-5_t1,SURDO(1982),,rho,298.15,1.0132,2.9392,0.0,0.0,0.0,0.0,1.4696,1160.770635,,T,test-only,,table
surdo1982_10.1016_0021-9614(82)90080-5_t1,SURDO(1982),,rho,308.15,1.0132,0.28254,0.0,0.0,0.0,0.0,0.14127,1011.477313,,T,test-only,,table
surdo1982_10.1016_0021-9614(82)90080-5_t1,SURDO(1982),,rho,308.15,1.0132,0.36616,0.0,0.0,0.0,0.0,0.18308,1016.518313,,T,test-only,,table
surdo1982_10.1016_0021-9614(82)90080-5_t1,SURDO(1982),,rho,308.15,1.0132,0.51114,0.0,0.0,0.0,0.0,0.25557,1025.165313,,T,test-only,,table
surdo1982_10.1016_0021-9614(82)90080-5_t1,SURDO(1982),,rho,308.15,1.0132,0.61772,0.0,0.0,0.0,0.0,0.30886,1031.443313,,T,test-only,,table
surdo1982_10.1016_0021-9614(82)90080-5_t1,SURDO(1982),,rho,308.15,1.0132,0.68252,0.0,0.0,0.0,0.0,0.34126,1035.235313,,T,test-only,,table
surdo1982_10.1016_0021-9614(82)90080-5_t1,SURDO(1982),,rho,308.15,1.0132,0.88908,0.0,0.0,0.0,0.0,0.44454,1047.206313,,T,test-only,,table
surdo1982_10.1016_0021-9614(82)90080-5_t1,SURDO(1982),,rho,308.15,1.0132,1.04634,0.0,0.0,0.0,0.0,0.52317,1056.125313,,T,test-only,,table
surdo1982_10.1016_0021-9614(82)90080-5_t1,SURDO(1982),,rho,308.15,1.0132,1.07058,0.0,0.0,0.0,0.0,0.53529,1057.496313,,T,test-only,,table
surdo1982_10.1016_0021-9614(82)90080-5_t1,SURDO(1982),,rho,308.15,1.0132,1.10826,0.0,0.0,0.0,0.0,0.55413,1059.618313,,T,test-only,,table
surdo1982_10.1016_0021-9614(82)90080-5_t1,SURDO(1982),,rho,308.15,1.0132,1.13752,0.0,0.0,0.0,0.0,0.56876,1061.261313,,T,test-only,,table
surdo1982_10.1016_0021-9614(82)90080-5_t1,SURDO(1982),,rho,308.15,1.0132,1.14644,0.0,0.0,0.0,0.0,0.57322,1061.755313,,T,test-only,,table
surdo1982_10.1016_0021-9614(82)90080-5_t1,SURDO(1982),,rho,308.15,1.0132,1.39108,0.0,0.0,0.0,0.0,0.69554,1075.355313,,T,test-only,,table
surdo1982_10.1016_0021-9614(82)90080-5_t1,SURDO(1982),,rho,308.15,1.0132,1.69276,0.0,0.0,0.0,0.0,0.84638,1091.799313,,T,test-only,,table
surdo1982_10.1016_0021-9614(82)90080-5_t1,SURDO(1982),,rho,308.15,1.0132,1.7342,0.0,0.0,0.0,0.0,0.8671,1094.018313,,T,test-only,,table
surdo1982_10.1016_0021-9614(82)90080-5_t1,SURDO(1982),,rho,308.15,1.0132,2.02114,0.0,0.0,0.0,0.0,1.01057,1109.252313,,T,test-only,,table
surdo1982_10.1016_0021-9614(82)90080-5_t1,SURDO(1982),,rho,308.15,1.0132,2.29024,0.0,0.0,0.0,0.0,1.14512,1123.283313,,T,test-only,,table
surdo1982_10.1016_0021-9614(82)90080-5_t1,SURDO(1982),,rho,308.15,1.0132,2.3309,0.0,0.0,0.0,0.0,1.16545,1125.360313,,T,test-only,,table
surdo1982_10.1016_0021-9614(82)90080-5_t1,SURDO(1982),,rho,308.15,1.0132,2.42588,0.0,0.0,0.0,0.0,1.21294,1130.232313,,T,test-only,,table
surdo1982_10.1016_0021-9614(82)90080-5_t1,SURDO(1982),,rho,308.15,1.0132,2.56732,0.0,0.0,0.0,0.0,1.28366,1137.419313,,T,test-only,,table
surdo1982_10.1016_0021-9614(82)90080-5_t1,SURDO(1982),,rho,308.15,1.0132,2.63346,0.0,0.0,0.0,0.0,1.31673,1140.767313,,T,test-only,,table
surdo1982_10.1016_0021-9614(82)90080-5_t1,SURDO(1982),,rho,308.15,1.0132,2.75458,0.0,0.0,0.0,0.0,1.37729,1146.821313,,T,test-only,,table
surdo1982_10.1016_0021-9614(82)90080-5_t1,SURDO(1982),,rho,308.15,1.0132,2.89336,0.0,0.0,0.0,0.0,1.44668,1153.726313,,T,test-only,,table
surdo1982_10.1016_0021-9614(82)90080-5_t1,SURDO(1982),,rho,318.15,1.0132,0.10406,0.0,0.0,0.0,0.0,0.05203,996.6608957,,T,test-only,,table
surdo1982_10.1016_0021-9614(82)90080-5_t1,SURDO(1982),,rho,318.15,1.0132,0.21922,0.0,0.0,0.0,0.0,0.10961,1003.659896,,T,test-only,,table
surdo1982_10.1016_0021-9614(82)90080-5_t1,SURDO(1982),,rho,318.15,1.0132,0.40562,0.0,0.0,0.0,0.0,0.20281,1014.809896,,T,test-only,,table
surdo1982_10.1016_0021-9614(82)90080-5_t1,SURDO(1982),,rho,318.15,1.0132,0.74524,0.0,0.0,0.0,0.0,0.37262,1034.600896,,T,test-only,,table
surdo1982_10.1016_0021-9614(82)90080-5_t1,SURDO(1982),,rho,318.15,1.0132,0.9928,0.0,0.0,0.0,0.0,0.4964,1048.668896,,T,test-only,,table
surdo1982_10.1016_0021-9614(82)90080-5_t1,SURDO(1982),,rho,318.15,1.0132,1.2247,0.0,0.0,0.0,0.0,0.61235,1061.600896,,T,test-only,,table
surdo1982_10.1016_0021-9614(82)90080-5_t1,SURDO(1982),,rho,318.15,1.0132,1.567,0.0,0.0,0.0,0.0,0.7835,1080.268896,,T,test-only,,table
surdo1982_10.1016_0021-9614(82)90080-5_t1,SURDO(1982),,rho,318.15,1.0132,1.87664,0.0,0.0,0.0,0.0,0.93832,1096.768896,,T,test-only,,table
surdo1982_10.1016_0021-9614(82)90080-5_t1,SURDO(1982),,rho,318.15,1.0132,2.17884,0.0,0.0,0.0,0.0,1.08942,1112.504896,,T,test-only,,table
surdo1982_10.1016_0021-9614(82)90080-5_t1,SURDO(1982),,rho,318.15,1.0132,2.47628,0.0,0.0,0.0,0.0,1.23814,1127.696896,,T,test-only,,table
surdo1982_10.1016_0021-9614(82)90080-5_t1,SURDO(1982),,rho,318.15,1.0132,2.85968,0.0,0.0,0.0,0.0,1.42984,1146.772896,,T,test-only,,table
surdo1982_10.1016_0021-9614(82)90080-5_t1,SURDO(1982),,rho,318.15,1.0132,3.24976,0.0,0.0,0.0,0.0,1.62488,1165.677896,,T,test-only,,table
surdo1982_10.1016_0021-9614(82)90080-5_t1,SURDO(1982),,rho,278.15,1.0132,0.0,0.0,0.0,0.0,0.03775,0.03775,1004.755631,,T,test-only,,table
surdo1982_10.1016_0021-9614(82)90080-5_t1,SURDO(1982),,rho,278.15,1.0132,0.0,0.0,0.0,0.0,0.0997,0.0997,1012.386631,,T,test-only,,table
surdo1982_10.1016_0021-9614(82)90080-5_t1,SURDO(1982),,rho,278.15,1.0132,0.0,0.0,0.0,0.0,0.13561,0.13561,1016.780631,,T,test-only,,table
surdo1982_10.1016_0021-9614(82)90080-5_t1,SURDO(1982),,rho,278.15,1.0132,0.0,0.0,0.0,0.0,0.27854,0.27854,1033.913631,,T,test-only,,table
surdo1982_10.1016_0021-9614(82)90080-5_t1,SURDO(1982),,rho,278.15,1.0132,0.0,0.0,0.0,0.0,0.3509,0.3509,1042.415631,,T,test-only,,table
surdo1982_10.1016_0021-9614(82)90080-5_t1,SURDO(1982),,rho,278.15,1.0132,0.0,0.0,0.0,0.0,0.51955,0.51955,1061.981631,,T,test-only,,table
surdo1982_10.1016_0021-9614(82)90080-5_t1,SURDO(1982),,rho,278.15,1.0132,0.0,0.0,0.0,0.0,0.58854,0.58854,1069.874631,,T,test-only,,table
surdo1982_10.1016_0021-9614(82)90080-5_t1,SURDO(1982),,rho,278.15,1.0132,0.0,0.0,0.0,0.0,0.74155,0.74155,1087.058631,,T,test-only,,table
surdo1982_10.1016_0021-9614(82)90080-5_t1,SURDO(1982),,rho,278.15,1.0132,0.0,0.0,0.0,0.0,0.81349,0.81349,1095.048631,,T,test-only,,table
surdo1982_10.1016_0021-9614(82)90080-5_t1,SURDO(1982),,rho,278.15,1.0132,0.0,0.0,0.0,0.0,1.07985,1.07985,1124.067631,,T,test-only,,table
surdo1982_10.1016_0021-9614(82)90080-5_t1,SURDO(1982),,rho,278.15,1.0132,0.0,0.0,0.0,0.0,1.28455,1.28455,1145.813631,,T,test-only,,table
surdo1982_10.1016_0021-9614(82)90080-5_t1,SURDO(1982),,rho,278.15,1.0132,0.0,0.0,0.0,0.0,1.45813,1.45813,1163.815631,,T,test-only,,table
surdo1982_10.1016_0021-9614(82)90080-5_t1,SURDO(1982),,rho,278.15,1.0132,0.0,0.0,0.0,0.0,1.6503,1.6503,1183.354631,,T,test-only,,table
surdo1982_10.1016_0021-9614(82)90080-5_t1,SURDO(1982),,rho,278.15,1.0132,0.0,0.0,0.0,0.0,1.83553,1.83553,1201.814631,,T,test-only,,table
surdo1982_10.1016_0021-9614(82)90080-5_t1,SURDO(1982),,rho,278.15,1.0132,0.0,0.0,0.0,0.0,2.0302,2.0302,1220.656631,,T,test-only,,table
surdo1982_10.1016_0021-9614(82)90080-5_t1,SURDO(1982),,rho,278.15,1.0132,0.0,0.0,0.0,0.0,2.09536,2.09536,1226.872631,,T,test-only,,table
surdo1982_10.1016_0021-9614(82)90080-5_t1,SURDO(1982),,rho,278.15,1.0132,0.0,0.0,0.0,0.0,2.3422,2.3422,1249.970631,,T,test-only,,table
surdo1982_10.1016_0021-9614(82)90080-5_t1,SURDO(1982),,rho,288.15,1.0132,0.0,0.0,0.0,0.0,0.04644,0.04644,1004.848619,,T,test-only,,table
surdo1982_10.1016_0021-9614(82)90080-5_t1,SURDO(1982),,rho,288.15,1.0132,0.0,0.0,0.0,0.0,0.09304,0.09304,1010.501619,,T,test-only,,table
surdo1982_10.1016_0021-9614(82)90080-5_t1,SURDO(1982),,rho,288.15,1.0132,0.0,0.0,0.0,0.0,0.18393,0.18393,1021.357619,,T,test-only,,table
surdo1982_10.1016_0021-9614(82)90080-5_t1,SURDO(1982),,rho,288.15,1.0132,0.0,0.0,0.0,0.0,0.27559,0.27559,1032.124619,,T,test-only,,table
surdo1982_10.1016_0021-9614(82)90080-5_t1,SURDO(1982),,rho,288.15,1.0132,0.0,0.0,0.0,0.0,0.61399,0.61399,1070.739619,,T,test-only,,table
surdo1982_10.1016_0021-9614(82)90080-5_t1,SURDO(1982),,rho,288.15,1.0132,0.0,0.0,0.0,0.0,0.75625,0.75625,1086.509619,,T,test-only,,table
surdo1982_10.1016_0021-9614(82)90080-5_t1,SURDO(1982),,rho,288.15,1.0132,0.0,0.0,0.0,0.0,0.9699,0.9699,1109.756619,,T,test-only,,table
surdo1982_10.1016_0021-9614(82)90080-5_t1,SURDO(1982),,rho,288.15,1.0132,0.0,0.0,0.0,0.0,1.04492,1.04492,1117.765619,,T,test-only,,table
surdo1982_10.1016_0021-9614(82)90080-5_t1,SURDO(1982),,rho,288.15,1.0132,0.0,0.0,0.0,0.0,1.16805,1.16805,1130.828619,,T,test-only,,table
surdo1982_10.1016_0021-9614(82)90080-5_t1,SURDO(1982),,rho,288.15,1.0132,0.0,0.0,0.0,0.0,1.4091,1.4091,1155.872619,,T,test-only,,table
surdo1982_10.1016_0021-9614(82)90080-5_t1,SURDO(1982),,rho,288.15,1.0132,0.0,0.0,0.0,0.0,1.48076,1.48076,1163.167619,,T,test-only,,table
surdo1982_10.1016_0021-9614(82)90080-5_t1,SURDO(1982),,rho,288.15,1.0132,0.0,0.0,0.0,0.0,1.59961,1.59961,1175.197619,,T,test-only,,table
surdo1982_10.1016_0021-9614(82)90080-5_t1,SURDO(1982),,rho,288.15,1.0132,0.0,0.0,0.0,0.0,1.65412,1.65412,1180.663619,,T,test-only,,table
surdo1982_10.1016_0021-9614(82)90080-5_t1,SURDO(1982),,rho,288.15,1.0132,0.0,0.0,0.0,0.0,1.77128,1.77128,1192.243619,,T,test-only,,table
surdo1982_10.1016_0021-9614(82)90080-5_t1,SURDO(1982),,rho,288.15,1.0132,0.0,0.0,0.0,0.0,1.96941,1.96941,1211.509619,,T,test-only,,table
surdo1982_10.1016_0021-9614(82)90080-5_t1,SURDO(1982),,rho,288.15,1.0132,0.0,0.0,0.0,0.0,2.02559,2.02559,1216.895619,,T,test-only,,table
surdo1982_10.1016_0021-9614(82)90080-5_t1,SURDO(1982),,rho,288.15,1.0132,0.0,0.0,0.0,0.0,2.21082,2.21082,1234.337619,,T,test-only,,table
surdo1982_10.1016_0021-9614(82)90080-5_t1,SURDO(1982),,rho,288.15,1.0132,0.0,0.0,0.0,0.0,2.39223,2.39223,1251.043619,,T,test-only,,table
surdo1982_10.1016_0021-9614(82)90080-5_t1,SURDO(1982),,rho,298.15,1.0132,0.0,0.0,0.0,0.0,0.09079,0.09079,1008.048635,,T,test-only,,table
surdo1982_10.1016_0021-9614(82)90080-5_t1,SURDO(1982),,rho,298.15,1.0132,0.0,0.0,0.0,0.0,0.20496,0.20496,1021.494635,,T,test-only,,table
surdo1982_10.1016_0021-9614(82)90080-5_t1,SURDO(1982),,rho,298.15,1.0132,0.0,0.0,0.0,0.0,0.39051,0.39051,1042.805635,,T,test-only,,table
surdo1982_10.1016_0021-9614(82)90080-5_t1,SURDO(1982),,rho,298.15,1.0132,0.0,0.0,0.0,0.0,0.48114,0.48114,1053.049635,,T,test-only,,table
surdo1982_10.1016_0021-9614(82)90080-5_t1,SURDO(1982),,rho,298.15,1.0132,0.0,0.0,0.0,0.0,0.58242,0.58242,1064.364635,,T,test-only,,table
surdo1982_10.1016_0021-9614(82)90080-5_t1,SURDO(1982),,rho,298.15,1.0132,0.0,0.0,0.0,0.0,0.6909,0.6909,1076.356635,,T,test-only,,table
surdo1982_10.1016_0021-9614(82)90080-5_t1,SURDO(1982),,rho,298.15,1.0132,0.0,0.0,0.0,0.0,0.71303,0.71303,1078.774635,,T,test-only,,table
surdo1982_10.1016_0021-9614(82)90080-5_t1,SURDO(1982),,rho,298.15,1.0132,0.0,0.0,0.0,0.0,1.00166,1.00166,1109.920635,,T,test-only,,table
surdo1982_10.1016_0021-9614(82)90080-5_t1,SURDO(1982),,rho,298.15,1.0132,0.0,0.0,0.0,0.0,1.08966,1.08966,1119.231635,,T,test-only,,table
surdo1982_10.1016_0021-9614(82)90080-5_t1,SURDO(1982),,rho,298.15,1.0132,0.0,0.0,0.0,0.0,1.17921,1.17921,1128.614635,,T,test-only,,table
surdo1982_10.1016_0021-9614(82)90080-5_t1,SURDO(1982),,rho,298.15,1.0132,0.0,0.0,0.0,0.0,1.19249,1.19249,1130.029635,,T,test-only,,table
surdo1982_10.1016_0021-9614(82)90080-5_t1,SURDO(1982),,rho,298.15,1.0132,0.0,0.0,0.0,0.0,1.3812,1.3812,1149.460635,,T,test-only,,table
surdo1982_10.1016_0021-9614(82)90080-5_t1,SURDO(1982),,rho,298.15,1.0132,0.0,0.0,0.0,0.0,1.99435,1.99435,1210.100635,,T,test-only,,table
surdo1982_10.1016_0021-9614(82)90080-5_t1,SURDO(1982),,rho,298.15,1.0132,0.0,0.0,0.0,0.0,2.19697,2.19697,1229.150635,,T,test-only,,table
surdo1982_10.1016_0021-9614(82)90080-5_t1,SURDO(1982),,rho,298.15,1.0132,0.0,0.0,0.0,0.0,2.39917,2.39917,1247.786635,,T,test-only,,table
surdo1982_10.1016_0021-9614(82)90080-5_t1,SURDO(1982),,rho,298.15,1.0132,0.0,0.0,0.0,0.0,0.32734,0.32734,1035.596635,,T,test-only,,table
surdo1982_10.1016_0021-9614(82)90080-5_t1,SURDO(1982),,rho,298.15,1.0132,0.0,0.0,0.0,0.0,0.40744,0.40744,1044.729635,,T,test-only,,table
surdo1982_10.1016_0021-9614(82)90080-5_t1,SURDO(1982),,rho,298.15,1.0132,0.0,0.0,0.0,0.0,0.49028,0.49028,1054.073635,,T,test-only,,table
surdo1982_10.1016_0021-9614(82)90080-5_t1,SURDO(1982),,rho,298.15,1.0132,0.0,0.0,0.0,0.0,0.68753,0.68753,1075.972635,,T,test-only,,table
surdo1982_10.1016_0021-9614(82)90080-5_t1,SURDO(1982),,rho,298.15,1.0132,0.0,0.0,0.0,0.0,0.68797,0.68797,1076.028635,,T,test-only,,table
surdo1982_10.1016_0021-9614(82)90080-5_t1,SURDO(1982),,rho,298.15,1.0132,0.0,0.0,0.0,0.0,0.87732,0.87732,1096.601635,,T,test-only,,table
surdo1982_10.1016_0021-9614(82)90080-5_t1,SURDO(1982),,rho,298.15,1.0132,0.0,0.0,0.0,0.0,0.96407,0.96407,1105.913635,,T,test-only,,table
surdo1982_10.1016_0021-9614(82)90080-5_t1,SURDO(1982),,rho,298.15,1.0132,0.0,0.0,0.0,0.0,1.0702,1.0702,1117.151635,,T,test-only,,table
surdo1982_10.1016_0021-9614(82)90080-5_t1,SURDO(1982),,rho,298.15,1.0132,0.0,0.0,0.0,0.0,1.28035,1.28035,1139.080635,,T,test-only,,table
surdo1982_10.1016_0021-9614(82)90080-5_t1,SURDO(1982),,rho,298.15,1.0132,0.0,0.0,0.0,0.0,0.17083,0.17083,1017.475635,,T,test-only,,table
surdo1982_10.1016_0021-9614(82)90080-5_t1,SURDO(1982),,rho,298.15,1.0132,0.0,0.0,0.0,0.0,0.28074,0.28074,1030.246635,,T,test-only,,table
surdo1982_10.1016_0021-9614(82)90080-5_t1,SURDO(1982),,rho,298.15,1.0132,0.0,0.0,0.0,0.0,0.37131,0.37131,1040.623635,,T,test-only,,table
surdo1982_10.1016_0021-9614(82)90080-5_t1,SURDO(1982),,rho,298.15,1.0132,0.0,0.0,0.0,0.0,0.47596,0.47596,1052.467635,,T,test-only,,table
surdo1982_10.1016_0021-9614(82)90080-5_t1,SURDO(1982),,rho,298.15,1.0132,0.0,0.0,0.0,0.0,0.57458,0.57458,1063.498635,,T,test-only,,table
surdo1982_10.1016_0021-9614(82)90080-5_t1,SURDO(1982),,rho,298.15,1.0132,0.0,0.0,0.0,0.0,0.66233,0.66233,1073.210635,,T,test-only,,table
surdo1982_10.1016_0021-9614(82)90080-5_t1,SURDO(1982),,rho,298.15,1.0132,0.0,0.0,0.0,0.0,0.89681,0.89681,1098.715635,,T,test-only,,table
surdo1982_10.1016_0021-9614(82)90080-5_t1,SURDO(1982),,rho,298.15,1.0132,0.0,0.0,0.0,0.0,1.00183,1.00183,1109.939635,,T,test-only,,table
surdo1982_10.1016_0021-9614(82)90080-5_t1,SURDO(1982),,rho,298.15,1.0132,0.0,0.0,0.0,0.0,0.09853,0.09853,1008.969635,,T,test-only,,table
surdo1982_10.1016_0021-9614(82)90080-5_t1,SURDO(1982),,rho,298.15,1.0132,0.0,0.0,0.0,0.0,0.10662,0.10662,1009.931635,,T,test-only,,table
surdo1982_10.1016_0021-9614(82)90080-5_t1,SURDO(1982),,rho,298.15,1.0132,0.0,0.0,0.0,0.0,0.19348,0.19348,1020.155635,,T,test-only,,table
surdo1982_10.1016_0021-9614(82)90080-5_t1,SURDO(1982),,rho,298.15,1.0132,0.0,0.0,0.0,0.0,0.19566,0.19566,1020.410635,,T,test-only,,table
surdo1982_10.1016_0021-9614(82)90080-5_t1,SURDO(1982),,rho,298.15,1.0132,0.0,0.0,0.0,0.0,0.24887,0.24887,1026.592635,,T,test-only,,table
surdo1982_10.1016_0021-9614(82)90080-5_t1,SURDO(1982),,rho,298.15,1.0132,0.0,0.0,0.0,0.0,0.2684,0.2684,1028.848635,,T,test-only,,table
surdo1982_10.1016_0021-9614(82)90080-5_t1,SURDO(1982),,rho,298.15,1.0132,0.0,0.0,0.0,0.0,0.30699,0.30699,1033.288635,,T,test-only,,table
surdo1982_10.1016_0021-9614(82)90080-5_t1,SURDO(1982),,rho,298.15,1.0132,0.0,0.0,0.0,0.0,0.32332,0.32332,1035.159635,,T,test-only,,table
surdo1982_10.1016_0021-9614(82)90080-5_t1,SURDO(1982),,rho,298.15,1.0132,0.0,0.0,0.0,0.0,0.62618,0.62618,1069.205635,,T,test-only,,table
surdo1982_10.1016_0021-9614(82)90080-5_t1,SURDO(1982),,rho,298.15,1.0132,0.0,0.0,0.0,0.0,0.65372,0.65372,1072.245635,,T,test-only,,table
surdo1982_10.1016_0021-9614(82)90080-5_t1,SURDO(1982),,rho,298.15,1.0132,0.0,0.0,0.0,0.0,1.0236,1.0236,1112.253635,,T,test-only,,table
surdo1982_10.1016_0021-9614(82)90080-5_t1,SURDO(1982),,rho,298.15,1.0132,0.0,0.0,0.0,0.0,1.36177,1.36177,1147.519635,,T,test-only,,table
surdo1982_10.1016_0021-9614(82)90080-5_t1,SURDO(1982),,rho,298.15,1.0132,0.0,0.0,0.0,0.0,1.74576,1.74576,1186.027635,,T,test-only,,table
surdo1982_10.1016_0021-9614(82)90080-5_t1,SURDO(1982),,rho,298.15,1.0132,0.0,0.0,0.0,0.0,2.15267,2.15267,1225.033635,,T,test-only,,table
surdo1982_10.1016_0021-9614(82)90080-5_t1,SURDO(1982),,rho,308.15,1.0132,0.0,0.0,0.0,0.0,0.15279,0.15279,1012.201313,,T,test-only,,table
surdo1982_10.1016_0021-9614(82)90080-5_t1,SURDO(1982),,rho,308.15,1.0132,0.0,0.0,0.0,0.0,0.22315,0.22315,1020.359313,,T,test-only,,table
surdo1982_10.1016_0021-9614(82)90080-5_t1,SURDO(1982),,rho,308.15,1.0132,0.0,0.0,0.0,0.0,0.32088,0.32088,1031.585313,,T,test-only,,table
surdo1982_10.1016_0021-9614(82)90080-5_t1,SURDO(1982),,rho,308.15,1.0132,0.0,0.0,0.0,0.0,0.4959,0.4959,1051.265313,,T,test-only,,table
surdo1982_10.1016_0021-9614(82)90080-5_t1,SURDO(1982),,rho,308.15,1.0132,0.0,0.0,0.0,0.0,0.67321,0.67321,1070.836313,,T,test-only,,table
surdo1982_10.1016_0021-9614(82)90080-5_t1,SURDO(1982),,rho,308.15,1.0132,0.0,0.0,0.0,0.0,0.70788,0.70788,1074.622313,,T,test-only,,table
surdo1982_10.1016_0021-9614(82)90080-5_t1,SURDO(1982),,rho,308.15,1.0132,0.0,0.0,0.0,0.0,0.86386,0.86386,1091.475313,,T,test-only,,table
surdo1982_10.1016_0021-9614(82)90080-5_t1,SURDO(1982),,rho,308.15,1.0132,0.0,0.0,0.0,0.0,1.06164,1.06164,1112.483313,,T,test-only,,table
surdo1982_10.1016_0021-9614(82)90080-5_t1,SURDO(1982),,rho,308.15,1.0132,0.0,0.0,0.0,0.0,1.06342,1.06342,1112.685313,,T,test-only,,table
surdo1982_10.1016_0021-9614(82)90080-5_t1,SURDO(1982),,rho,308.15,1.0132,0.0,0.0,0.0,0.0,1.08357,1.08357,1114.802313,,T,test-only,,table
surdo1982_10.1016_0021-9614(82)90080-5_t1,SURDO(1982),,rho,308.15,1.0132,0.0,0.0,0.0,0.0,1.25714,1.25714,1132.837313,,T,test-only,,table
surdo1982_10.1016_0021-9614(82)90080-5_t1,SURDO(1982),,rho,308.15,1.0132,0.0,0.0,0.0,0.0,1.43385,1.43385,1150.909313,,T,test-only,,table
surdo1982_10.1016_0021-9614(82)90080-5_t1,SURDO(1982),,rho,308.15,1.0132,0.0,0.0,0.0,0.0,1.46681,1.46681,1154.241313,,T,test-only,,table
surdo1982_10.1016_0021-9614(82)90080-5_t1,SURDO(1982),,rho,308.15,1.0132,0.0,0.0,0.0,0.0,1.56046,1.56046,1163.643313,,T,test-only,,table
surdo1982_10.1016_0021-9614(82)90080-5_t1,SURDO(1982),,rho,308.15,1.0132,0.0,0.0,0.0,0.0,1.60522,1.60522,1168.100313,,T,test-only,,table
surdo1982_10.1016_0021-9614(82)90080-5_t1,SURDO(1982),,rho,308.15,1.0132,0.0,0.0,0.0,0.0,1.70821,1.70821,1178.306313,,T,test-only,,table
surdo1982_10.1016_0021-9614(82)90080-5_t1,SURDO(1982),,rho,308.15,1.0132,0.0,0.0,0.0,0.0,1.82218,1.82218,1189.464313,,T,test-only,,table
surdo1982_10.1016_0021-9614(82)90080-5_t1,SURDO(1982),,rho,308.15,1.0132,0.0,0.0,0.0,0.0,1.92675,1.92675,1199.581313,,T,test-only,,table
surdo1982_10.1016_0021-9614(82)90080-5_t1,SURDO(1982),,rho,308.15,1.0132,0.0,0.0,0.0,0.0,1.9743,1.9743,1204.147313,,T,test-only,,table
surdo1982_10.1016_0021-9614(82)90080-5_t1,SURDO(1982),,rho,308.15,1.0132,0.0,0.0,0.0,0.0,2.19362,2.19362,1224.945313,,T,test-only,,table
surdo1982_10.1016_0021-9614(82)90080-5_t1,SURDO(1982),,rho,308.15,1.0132,0.0,0.0,0.0,0.0,2.209,2.209,1226.380313,,T,test-only,,table
surdo1982_10.1016_0021-9614(82)90080-5_t1,SURDO(1982),,rho,318.15,1.0132,0.0,0.0,0.0,0.0,0.13585,0.13585,1006.320896,,T,test-only,,table
surdo1982_10.1016_0021-9614(82)90080-5_t1,SURDO(1982),,rho,318.15,1.0132,0.0,0.0,0.0,0.0,0.24637,0.24637,1019.043896,,T,test-only,,table
surdo1982_10.1016_0021-9614(82)90080-5_t1,SURDO(1982),,rho,318.15,1.0132,0.0,0.0,0.0,0.0,0.55377,0.55377,1053.519896,,T,test-only,,table
surdo1982_10.1016_0021-9614(82)90080-5_t1,SURDO(1982),,rho,318.15,1.0132,0.0,0.0,0.0,0.0,0.80377,0.80377,1080.708896,,T,test-only,,table
surdo1982_10.1016_0021-9614(82)90080-5_t1,SURDO(1982),,rho,318.15,1.0132,0.0,0.0,0.0,0.0,1.04677,1.04677,1106.519896,,T,test-only,,table
surdo1982_10.1016_0021-9614(82)90080-5_t1,SURDO(1982),,rho,318.15,1.0132,0.0,0.0,0.0,0.0,1.16549,1.16549,1118.871896,,T,test-only,,table
surdo1982_10.1016_0021-9614(82)90080-5_t1,SURDO(1982),,rho,318.15,1.0132,0.0,0.0,0.0,0.0,1.39957,1.39957,1142.862896,,T,test-only,,table
surdo1982_10.1016_0021-9614(82)90080-5_t1,SURDO(1982),,rho,318.15,1.0132,0.0,0.0,0.0,0.0,1.68593,1.68593,1171.451896,,T,test-only,,table
surdo1982_10.1016_0021-9614(82)90080-5_t1,SURDO(1982),,rho,318.15,1.0132,0.0,0.0,0.0,0.0,1.86527,1.86527,1188.942896,,T,test-only,,table
surdo1982_10.1016_0021-9614(82)90080-5_t1,SURDO(1982),,rho,318.15,1.0132,0.0,0.0,0.0,0.0,2.13522,2.13522,1214.621896,,T,test-only,,table
surdo1982_10.1016_0021-9614(82)90080-5_t1,SURDO(1982),,rho,318.15,1.0132,0.0,0.0,0.0,0.0,2.39429,2.39429,1238.490896,,T,test-only,,table
majer1988_10.1016_0021-9614(88)90224-8_t2,MAJER(1988),,rho,323.16,1.0,0.0564,0.0564,0.0,0.0,0.0,0.0,990.1899446,,T,test-only,,table
majer1988_10.1016_0021-9614(88)90224-8_t2,MAJER(1988),,rho,323.16,1.0,0.1051,0.1051,0.0,0.0,0.0,0.0,992.1799446,,T,test-only,,table
majer1988_10.1016_0021-9614(88)90224-8_t2,MAJER(1988),,rho,323.16,1.0,0.1051,0.1051,0.0,0.0,0.0,0.0,992.1999446,,T,test-only,,table
majer1988_10.1016_0021-9614(88)90224-8_t2,MAJER(1988),,rho,323.16,1.0,0.2516,0.2516,0.0,0.0,0.0,0.0,997.8599446,,T,test-only,,table
majer1988_10.1016_0021-9614(88)90224-8_t2,MAJER(1988),,rho,323.16,1.0,0.2516,0.2516,0.0,0.0,0.0,0.0,997.8799446,,T,test-only,,table
majer1988_10.1016_0021-9614(88)90224-8_t2,MAJER(1988),,rho,323.16,1.0,0.5,0.5,0.0,0.0,0.0,0.0,1007.329945,,T,test-only,,table
majer1988_10.1016_0021-9614(88)90224-8_t2,MAJER(1988),,rho,323.16,1.0,0.5,0.5,0.0,0.0,0.0,0.0,1007.369945,,T,test-only,,table
majer1988_10.1016_0021-9614(88)90224-8_t2,MAJER(1988),,rho,323.16,1.0,1.0111,1.0111,0.0,0.0,0.0,0.0,1026.269945,,T,test-only,,table
majer1988_10.1016_0021-9614(88)90224-8_t2,MAJER(1988),,rho,323.16,1.0,1.0111,1.0111,0.0,0.0,0.0,0.0,1026.429945,,T,test-only,,table
majer1988_10.1016_0021-9614(88)90224-8_t2,MAJER(1988),,rho,323.16,1.0,1.0111,1.0111,0.0,0.0,0.0,0.0,1026.369945,,T,test-only,,table
majer1988_10.1016_0021-9614(88)90224-8_t2,MAJER(1988),,rho,323.16,1.0,2.019,2.019,0.0,0.0,0.0,0.0,1061.639945,,T,test-only,,table
majer1988_10.1016_0021-9614(88)90224-8_t2,MAJER(1988),,rho,323.16,1.0,2.019,2.019,0.0,0.0,0.0,0.0,1061.599945,,T,test-only,,table
majer1988_10.1016_0021-9614(88)90224-8_t2,MAJER(1988),,rho,323.16,1.0,3.5366,3.5366,0.0,0.0,0.0,0.0,1110.389945,,T,test-only,,table
majer1988_10.1016_0021-9614(88)90224-8_t2,MAJER(1988),,rho,323.16,1.0,3.5366,3.5366,0.0,0.0,0.0,0.0,1110.489945,,T,test-only,,table
majer1988_10.1016_0021-9614(88)90224-8_t2,MAJER(1988),,rho,323.16,1.0,5.0464,5.0464,0.0,0.0,0.0,0.0,1154.639945,,T,test-only,,table
majer1988_10.1016_0021-9614(88)90224-8_t2,MAJER(1988),,rho,323.16,1.0,5.0464,5.0464,0.0,0.0,0.0,0.0,1154.699945,,T,test-only,,table
majer1988_10.1016_0021-9614(88)90224-8_t2,MAJER(1988),,rho,323.16,201.0,0.0564,0.0564,0.0,0.0,0.0,0.0,998.8090923,,T,test-only,,table
majer1988_10.1016_0021-9614(88)90224-8_t2,MAJER(1988),,rho,323.16,201.0,0.0564,0.0564,0.0,0.0,0.0,0.0,998.7790923,,T,test-only,,table
majer1988_10.1016_0021-9614(88)90224-8_t2,MAJER(1988),,rho,323.16,201.7,0.1051,0.1051,0.0,0.0,0.0,0.0,1000.718335,,T,test-only,,table
majer1988_10.1016_0021-9614(88)90224-8_t2,MAJER(1988),,rho,323.16,201.0,0.1051,0.1051,0.0,0.0,0.0,0.0,1000.699092,,T,test-only,,table
majer1988_10.1016_0021-9614(88)90224-8_t2,MAJER(1988),,rho,323.16,202.4,0.2516,0.2516,0.0,0.0,0.0,0.0,1006.447573,,T,test-only,,table
majer1988_10.1016_0021-9614(88)90224-8_t2,MAJER(1988),,rho,323.16,203.1,0.5,0.5,0.0,0.0,0.0,0.0,1015.776806,,T,test-only,,table
majer1988_10.1016_0021-9614(88)90224-8_t2,MAJER(1988),,rho,323.16,202.4,0.5,0.5,0.0,0.0,0.0,0.0,1015.787573,,T,test-only,,table
majer1988_10.1016_0021-9614(88)90224-8_t2,MAJER(1988),,rho,323.16,203.1,1.0111,1.0111,0.0,0.0,0.0,0.0,1034.506806,,T,test-only,,table
majer1988_10.1016_0021-9614(88)90224-8_t2,MAJER(1988),,rho,323.16,203.1,1.0111,1.0111,0.0,0.0,0.0,0.0,1034.326806,,T,test-only,,table
majer1988_10.1016_0021-9614(88)90224-8_t2,MAJER(1988),,rho,323.16,201.0,2.019,2.019,0.0,0.0,0.0,0.0,1069.289092,,T,test-only,,table
majer1988_10.1016_0021-9614(88)90224-8_t2,MAJER(1988),,rho,323.16,200.3,2.019,2.019,0.0,0.0,0.0,0.0,1069.309846,,T,test-only,,table
majer1988_10.1016_0021-9614(88)90224-8_t2,MAJER(1988),,rho,323.16,201.7,3.5366,3.5366,0.0,0.0,0.0,0.0,1117.698335,,T,test-only,,table
majer1988_10.1016_0021-9614(88)90224-8_t2,MAJER(1988),,rho,323.16,201.4,3.5366,3.5366,0.0,0.0,0.0,0.0,1117.695803,,T,test-only,,table
majer1988_10.1016_0021-9614(88)90224-8_t2,MAJER(1988),,rho,323.16,203.1,5.0464,5.0464,0.0,0.0,0.0,0.0,1161.386806,,T,test-only,,table
majer1988_10.1016_0021-9614(88)90224-8_t2,MAJER(1988),,rho,323.16,203.1,5.0464,5.0464,0.0,0.0,0.0,0.0,1161.516806,,T,test-only,,table
majer1988_10.1016_0021-9614(88)90224-8_t2,MAJER(1988),,rho,323.16,202.4,5.0464,5.0464,0.0,0.0,0.0,0.0,1161.417573,,T,test-only,,table
majer1988_10.1016_0021-9614(88)90224-8_t2,MAJER(1988),,rho,323.05,373.4,0.0564,0.0564,0.0,0.0,0.0,0.0,1005.923258,,T,test-only,,table
majer1988_10.1016_0021-9614(88)90224-8_t2,MAJER(1988),,rho,323.05,373.4,0.0564,0.0564,0.0,0.0,0.0,0.0,1005.873258,,T,test-only,,table
majer1988_10.1016_0021-9614(88)90224-8_t2,MAJER(1988),,rho,323.05,374.0,0.1051,0.1051,0.0,0.0,0.0,0.0,1007.737441,,T,test-only,,table
majer1988_10.1016_0021-9614(88)90224-8_t2,MAJER(1988),,rho,323.05,374.0,0.1051,0.1051,0.0,0.0,0.0,0.0,1007.757441,,T,test-only,,table
majer1988_10.1016_0021-9614(88)90224-8_t2,MAJER(1988),,rho,323.05,374.0,0.2516,0.2516,0.0,0.0,0.0,0.0,1013.337441,,T,test-only,,table
majer1988_10.1016_0021-9614(88)90224-8_t2,MAJER(1988),,rho,323.05,374.0,0.2516,0.2516,0.0,0.0,0.0,0.0,1013.357441,,T,test-only,,table
majer1988_10.1016_0021-9614(88)90224-8_t2,MAJER(1988),,rho,323.05,374.0,0.5,0.5,0.0,0.0,0.0,0.0,1022.627441,,T,test-only,,table
majer1988_10.1016_0021-9614(88)90224-8_t2,MAJER(1988),,rho,323.05,374.0,0.5,0.5,0.0,0.0,0.0,0.0,1022.637441,,T,test-only,,table
majer1988_10.1016_0021-9614(88)90224-8_t2,MAJER(1988),,rho,323.05,374.0,1.0111,1.0111,0.0,0.0,0.0,0.0,1041.107441,,T,test-only,,table
majer1988_10.1016_0021-9614(88)90224-8_t2,MAJER(1988),,rho,323.05,374.0,1.0111,1.0111,0.0,0.0,0.0,0.0,1041.167441,,T,test-only,,table
majer1988_10.1016_0021-9614(88)90224-8_t2,MAJER(1988),,rho,323.05,374.0,1.0111,1.0111,0.0,0.0,0.0,0.0,1041.127441,,T,test-only,,table
majer1988_10.1016_0021-9614(88)90224-8_t2,MAJER(1988),,rho,323.05,374.7,2.019,2.019,0.0,0.0,0.0,0.0,1075.715651,,T,test-only,,table
majer1988_10.1016_0021-9614(88)90224-8_t2,MAJER(1988),,rho,323.05,374.7,2.019,2.019,0.0,0.0,0.0,0.0,1075.695651,,T,test-only,,table
majer1988_10.1016_0021-9614(88)90224-8_t2,MAJER(1988),,rho,323.05,374.7,3.5366,3.5366,0.0,0.0,0.0,0.0,1123.575651,,T,test-only,,table
majer1988_10.1016_0021-9614(88)90224-8_t2,MAJER(1988),,rho,323.05,374.7,3.5366,3.5366,0.0,0.0,0.0,0.0,1123.595651,,T,test-only,,table
majer1988_10.1016_0021-9614(88)90224-8_t2,MAJER(1988),,rho,323.05,374.7,5.0464,5.0464,0.0,0.0,0.0,0.0,1166.905651,,T,test-only,,table
majer1988_10.1016_0021-9614(88)90224-8_t2,MAJER(1988),,rho,323.05,374.7,5.0464,5.0464,0.0,0.0,0.0,0.0,1167.005651,,T,test-only,,table
majer1988_10.1016_0021-9614(88)90224-8_t2,MAJER(1988),,rho,349.16,6.5,0.0564,0.0564,0.0,0.0,0.0,0.0,976.6908767,,T,test-only,,table
majer1988_10.1016_0021-9614(88)90224-8_t2,MAJER(1988),,rho,349.16,6.5,0.0564,0.0564,0.0,0.0,0.0,0.0,976.6708767,,T,test-only,,table
majer1988_10.1016_0021-9614(88)90224-8_t2,MAJER(1988),,rho,349.16,6.5,0.1051,0.1051,0.0,0.0,0.0,0.0,978.6108767,,T,test-only,,table
majer1988_10.1016_0021-9614(88)90224-8_t2,MAJER(1988),,rho,349.16,6.5,0.2516,0.2516,0.0,0.0,0.0,0.0,984.2008767,,T,test-only,,table
majer1988_10.1016_0021-9614(88)90224-8_t2,MAJER(1988),,rho,349.16,6.5,0.2516,0.2516,0.0,0.0,0.0,0.0,984.1908767,,T,test-only,,table
majer1988_10.1016_0021-9614(88)90224-8_t2,MAJER(1988),,rho,349.16,6.5,0.5,0.5,0.0,0.0,0.0,0.0,993.6408767,,T,test-only,,table
majer1988_10.1016_0021-9614(88)90224-8_t2,MAJER(1988),,rho,349.16,6.5,1.0111,1.0111,0.0,0.0,0.0,0.0,1012.340877,,T,test-only,,table
majer1988_10.1016_0021-9614(88)90224-8_t2,MAJER(1988),,rho,349.16,6.5,1.0111,1.0111,0.0,0.0,0.0,0.0,1012.360877,,T,test-only,,table
majer1988_10.1016_0021-9614(88)90224-8_t2,MAJER(1988),,rho,349.16,6.5,2.019,2.019,0.0,0.0,0.0,0.0,1047.250877,,T,test-only,,table
majer1988_10.1016_0021-9614(88)90224-8_t2,MAJER(1988),,rho,349.16,6.5,2.019,2.019,0.0,0.0,0.0,0.0,1047.210877,,T,test-only,,table
majer1988_10.1016_0021-9614(88)90224-8_t2,MAJER(1988),,rho,349.16,1.0,3.5366,3.5366,0.0,0.0,0.0,0.0,1095.276061,,T,test-only,,table
majer1988_10.1016_0021-9614(88)90224-8_t2,MAJER(1988),,rho,349.16,1.0,3.5366,3.5366,0.0,0.0,0.0,0.0,1095.186061,,T,test-only,,table
majer1988_10.1016_0021-9614(88)90224-8_t2,MAJER(1988),,rho,349.16,1.0,3.5366,3.5366,0.0,0.0,0.0,0.0,1095.286061,,T,test-only,,table
majer1988_10.1016_0021-9614(88)90224-8_t2,MAJER(1988),,rho,349.16,1.0,5.0464,5.0464,0.0,0.0,0.0,0.0,1138.826061,,T,test-only,,table
majer1988_10.1016_0021-9614(88)90224-8_t2,MAJER(1988),,rho,349.16,1.0,5.0464,5.0464,0.0,0.0,0.0,0.0,1138.836061,,T,test-only,,table
majer1988_10.1016_0021-9614(88)90224-8_t2,MAJER(1988),,rho,349.16,203.1,0.0564,0.0564,0.0,0.0,0.0,0.0,985.2167407,,T,test-only,,table
majer1988_10.1016_0021-9614(88)90224-8_t2,MAJER(1988),,rho,349.16,203.1,0.1051,0.1051,0.0,0.0,0.0,0.0,987.0767407,,T,test-only,,table
majer1988_10.1016_0021-9614(88)90224-8_t2,MAJER(1988),,rho,349.16,203.1,0.2516,0.2516,0.0,0.0,0.0,0.0,992.6867407,,T,test-only,,table
majer1988_10.1016_0021-9614(88)90224-8_t2,MAJER(1988),,rho,349.16,202.4,0.5,0.5,0.0,0.0,0.0,0.0,1001.947061,,T,test-only,,table
majer1988_10.1016_0021-9614(88)90224-8_t2,MAJER(1988),,rho,349.16,202.4,0.5,0.5,0.0,0.0,0.0,0.0,1001.937061,,T,test-only,,table
majer1988_10.1016_0021-9614(88)90224-8_t2,MAJER(1988),,rho,349.16,199.6,1.0111,1.0111,0.0,0.0,0.0,0.0,1020.208293,,T,test-only,,table
majer1988_10.1016_0021-9614(88)90224-8_t2,MAJER(1988),,rho,349.16,202.4,1.0111,1.0111,0.0,0.0,0.0,0.0,1020.417061,,T,test-only,,table
majer1988_10.1016_0021-9614(88)90224-8_t2,MAJER(1988),,rho,349.16,203.1,2.019,2.019,0.0,0.0,0.0,0.0,1054.986741,,T,test-only,,table
majer1988_10.1016_0021-9614(88)90224-8_t2,MAJER(1988),,rho,349.16,201.0,2.019,2.019,0.0,0.0,0.0,0.0,1054.887687,,T,test-only,,table
majer1988_10.1016_0021-9614(88)90224-8_t2,MAJER(1988),,rho,349.16,203.1,3.5366,3.5366,0.0,0.0,0.0,0.0,1102.606741,,T,test-only,,table
majer1988_10.1016_0021-9614(88)90224-8_t2,MAJER(1988),,rho,349.16,203.1,3.5366,3.5366,0.0,0.0,0.0,0.0,1102.566741,,T,test-only,,table
majer1988_10.1016_0021-9614(88)90224-8_t2,MAJER(1988),,rho,349.16,202.4,5.0464,5.0464,0.0,0.0,0.0,0.0,1145.787061,,T,test-only,,table
majer1988_10.1016_0021-9614(88)90224-8_t2,MAJER(1988),,rho,349.16,203.7,5.0464,5.0464,0.0,0.0,0.0,0.0,1145.832177,,T,test-only,,table
majer1988_10.1016_0021-9614(88)90224-8_t2,MAJER(1988),,rho,349.16,398.9,0.0564,0.0564,0.0,0.0,0.0,0.0,993.3235066,,T,test-only,,table
majer1988_10.1016_0021-9614(88)90224-8_t2,MAJER(1988),,rho,349.16,398.9,0.0564,0.0564,0.0,0.0,0.0,0.0,993.3335066,,T,test-only,,table
majer1988_10.1016_0021-9614(88)90224-8_t2,MAJER(1988),,rho,349.16,398.9,0.1051,0.1051,0.0,0.0,0.0,0.0,995.1635066,,T,test-only,,table
majer1988_10.1016_0021-9614(88)90224-8_t2,MAJER(1988),,rho,349.16,398.9,0.1051,0.1051,0.0,0.0,0.0,0.0,995.2035066,,T,test-only,,table
majer1988_10.1016_0021-9614(88)90224-8_t2,MAJER(1988),,rho,349.16,398.2,0.2516,0.2516,0.0,0.0,0.0,0.0,1000.645122,,T,test-only,,table
majer1988_10.1016_0021-9614(88)90224-8_t2,MAJER(1988),,rho,349.16,398.2,0.2516,0.2516,0.0,0.0,0.0,0.0,1000.655122,,T,test-only,,table
majer1988_10.1016_0021-9614(88)90224-8_t2,MAJER(1988),,rho,349.16,398.2,0.5,0.5,0.0,0.0,0.0,0.0,1009.835122,,T,test-only,,table
majer1988_10.1016_0021-9614(88)90224-8_t2,MAJER(1988),,rho,349.16,398.2,1.0111,1.0111,0.0,0.0,0.0,0.0,1028.135122,,T,test-only,,table
majer1988_10.1016_0021-9614(88)90224-8_t2,MAJER(1988),,rho,349.16,398.2,2.019,2.019,0.0,0.0,0.0,0.0,1062.255122,,T,test-only,,table
majer1988_10.1016_0021-9614(88)90224-8_t2,MAJER(1988),,rho,349.16,398.2,2.019,2.019,0.0,0.0,0.0,0.0,1062.265122,,T,test-only,,table
majer1988_10.1016_0021-9614(88)90224-8_t2,MAJER(1988),,rho,349.16,398.2,3.5366,3.5366,0.0,0.0,0.0,0.0,1109.585122,,T,test-only,,table
majer1988_10.1016_0021-9614(88)90224-8_t2,MAJER(1988),,rho,349.16,398.2,3.5366,3.5366,0.0,0.0,0.0,0.0,1109.595122,,T,test-only,,table
majer1988_10.1016_0021-9614(88)90224-8_t2,MAJER(1988),,rho,349.16,398.2,5.0464,5.0464,0.0,0.0,0.0,0.0,1152.515122,,T,test-only,,table
majer1988_10.1016_0021-9614(88)90224-8_t2,MAJER(1988),,rho,349.16,398.2,5.0464,5.0464,0.0,0.0,0.0,0.0,1152.505122,,T,test-only,,table
majer1988_10.1016_0021-9614(88)90224-8_t2,MAJER(1988),,rho,399.85,16.9,0.0564,0.0564,0.0,0.0,0.0,0.0,940.6221258,,T,test-only,,table
majer1988_10.1016_0021-9614(88)90224-8_t2,MAJER(1988),,rho,399.85,16.9,0.0564,0.0564,0.0,0.0,0.0,0.0,940.6621258,,T,test-only,,table
majer1988_10.1016_0021-9614(88)90224-8_t2,MAJER(1988),,rho,399.85,16.9,0.1051,0.1051,0.0,0.0,0.0,0.0,942.6521258,,T,test-only,,table
majer1988_10.1016_0021-9614(88)90224-8_t2,MAJER(1988),,rho,399.85,16.2,0.2516,0.2516,0.0,0.0,0.0,0.0,948.3863315,,T,test-only,,table
majer1988_10.1016_0021-9614(88)90224-8_t2,MAJER(1988),,rho,399.85,16.2,0.2516,0.2516,0.0,0.0,0.0,0.0,948.3763315,,T,test-only,,table
majer1988_10.1016_0021-9614(88)90224-8_t2,MAJER(1988),,rho,399.85,16.2,0.5,0.5,0.0,0.0,0.0,0.0,957.9763315,,T,test-only,,table
majer1988_10.1016_0021-9614(88)90224-8_t2,MAJER(1988),,rho,399.85,16.2,0.5,0.5,0.0,0.0,0.0,0.0,957.9963315,,T,test-only,,table
majer1988_10.1016_0021-9614(88)90224-8_t2,MAJER(1988),,rho,399.85,16.2,1.0111,1.0111,0.0,0.0,0.0,0.0,977.0563315,,T,test-only,,table
majer1988_10.1016_0021-9614(88)90224-8_t2,MAJER(1988),,rho,399.85,16.2,1.0111,1.0111,0.0,0.0,0.0,0.0,977.0363315,,T,test-only,,table
majer1988_10.1016_0021-9614(88)90224-8_t2,MAJER(1988),,rho,399.85,16.2,2.019,2.019,0.0,0.0,0.0,0.0,1012.486331,,T,test-only,,table
majer1988_10.1016_0021-9614(88)90224-8_t2,MAJER(1988),,rho,399.85,16.2,2.019,2.019,0.0,0.0,0.0,0.0,1012.506331,,T,test-only,,table
majer1988_10.1016_0021-9614(88)90224-8_t2,MAJER(1988),,rho,399.85,16.2,3.5366,3.5366,0.0,0.0,0.0,0.0,1061.116331,,T,test-only,,table
majer1988_10.1016_0021-9614(88)90224-8_t2,MAJER(1988),,rho,399.85,16.2,5.0464,5.0464,0.0,0.0,0.0,0.0,1104.826331,,T,test-only,,table
majer1988_10.1016_0021-9614(88)90224-8_t2,MAJER(1988),,rho,399.85,16.2,5.0464,5.0464,0.0,0.0,0.0,0.0,1104.856331,,T,test-only,,table
majer1988_10.1016_0021-9614(88)90224-8_t2,MAJER(1988),,rho,399.85,201.7,0.0564,0.0564,0.0,0.0,0.0,0.0,949.8528419,,T,test-only,,table
majer1988_10.1016_0021-9614(88)90224-8_t2,MAJER(1988),,rho,399.85,201.7,0.0564,0.0564,0.0,0.0,0.0,0.0,949.8328419,,T,test-only,,table
majer1988_10.1016_0021-9614(88)90224-8_t2,MAJER(1988),,rho,399.85,201.7,0.1051,0.1051,0.0,0.0,0.0,0.0,951.7928419,,T,test-only,,table
majer1988_10.1016_0021-9614(88)90224-8_t2,MAJER(1988),,rho,399.85,201.7,0.2516,0.2516,0.0,0.0,0.0,0.0,957.4428419,,T,test-only,,table
majer1988_10.1016_0021-9614(88)90224-8_t2,MAJER(1988),,rho,399.85,201.7,0.2516,0.2516,0.0,0.0,0.0,0.0,957.4028419,,T,test-only,,table
majer1988_10.1016_0021-9614(88)90224-8_t2,MAJER(1988),,rho,399.85,201.7,0.5,0.5,0.0,0.0,0.0,0.0,966.9628419,,T,test-only,,table
majer1988_10.1016_0021-9614(88)90224-8_t2,MAJER(1988),,rho,399.85,201.7,0.5,0.5,0.0,0.0,0.0,0.0,966.9128419,,T,test-only,,table
majer1988_10.1016_0021-9614(88)90224-8_t2,MAJER(1988),,rho,399.85,202.4,1.0111,1.0111,0.0,0.0,0.0,0.0,985.7465053,,T,test-only,,table
majer1988_10.1016_0021-9614(88)90224-8_t2,MAJER(1988),,rho,399.85,202.4,1.0111,1.0111,0.0,0.0,0.0,0.0,985.7865053,,T,test-only,,table
majer1988_10.1016_0021-9614(88)90224-8_t2,MAJER(1988),,rho,399.85,202.4,2.019,2.019,0.0,0.0,0.0,0.0,1020.696505,,T,test-only,,table
majer1988_10.1016_0021-9614(88)90224-8_t2,MAJER(1988),,rho,399.85,202.4,2.019,2.019,0.0,0.0,0.0,0.0,1020.766505,,T,test-only,,table
majer1988_10.1016_0021-9614(88)90224-8_t2,MAJER(1988),,rho,399.85,202.4,3.5366,3.5366,0.0,0.0,0.0,0.0,1068.876505,,T,test-only,,table
majer1988_10.1016_0021-9614(88)90224-8_t2,MAJER(1988),,rho,399.85,202.4,3.5366,3.5366,0.0,0.0,0.0,0.0,1068.886505,,T,test-only,,table
majer1988_10.1016_0021-9614(88)90224-8_t2,MAJER(1988),,rho,399.85,202.4,5.0464,5.0464,0.0,0.0,0.0,0.0,1112.146505,,T,test-only,,table
majer1988_10.1016_0021-9614(88)90224-8_t2,MAJER(1988),,rho,399.85,202.4,5.0464,5.0464,0.0,0.0,0.0,0.0,1112.266505,,T,test-only,,table
majer1988_10.1016_0021-9614(88)90224-8_t2,MAJER(1988),,rho,399.85,400.9,0.0564,0.0564,0.0,0.0,0.0,0.0,959.0588857,,T,test-only,,table
majer1988_10.1016_0021-9614(88)90224-8_t2,MAJER(1988),,rho,399.85,401.6,0.1051,0.1051,0.0,0.0,0.0,0.0,961.0006003,,T,test-only,,table
majer1988_10.1016_0021-9614(88)90224-8_t2,MAJER(1988),,rho,399.85,401.6,0.1051,0.1051,0.0,0.0,0.0,0.0,961.0306003,,T,test-only,,table
majer1988_10.1016_0021-9614(88)90224-8_t2,MAJER(1988),,rho,399.85,401.6,0.2516,0.2516,0.0,0.0,0.0,0.0,966.6606003,,T,test-only,,table
majer1988_10.1016_0021-9614(88)90224-8_t2,MAJER(1988),,rho,399.85,401.6,0.2516,0.2516,0.0,0.0,0.0,0.0,966.6306003,,T,test-only,,table
majer1988_10.1016_0021-9614(88)90224-8_t2,MAJER(1988),,rho,399.85,401.6,0.5,0.5,0.0,0.0,0.0,0.0,976.0006003,,T,test-only,,table
majer1988_10.1016_0021-9614(88)90224-8_t2,MAJER(1988),,rho,399.85,400.2,1.0111,1.0111,0.0,0.0,0.0,0.0,994.4971648,,T,test-only,,table
majer1988_10.1016_0021-9614(88)90224-8_t2,MAJER(1988),,rho,399.85,400.2,1.0111,1.0111,0.0,0.0,0.0,0.0,994.4871648,,T,test-only,,table
majer1988_10.1016_0021-9614(88)90224-8_t2,MAJER(1988),,rho,399.85,400.9,2.019,2.019,0.0,0.0,0.0,0.0,1029.168886,,T,test-only,,table
majer1988_10.1016_0021-9614(88)90224-8_t2,MAJER(1988),,rho,399.85,401.6,2.019,2.019,0.0,0.0,0.0,0.0,1029.1106,,T,test-only,,table
majer1988_10.1016_0021-9614(88)90224-8_t2,MAJER(1988),,rho,399.85,396.1,3.5366,3.5366,0.0,0.0,0.0,0.0,1076.711244,,T,test-only,,table
majer1988_10.1016_0021-9614(88)90224-8_t2,MAJER(1988),,rho,399.85,398.9,3.5366,3.5366,0.0,0.0,0.0,0.0,1076.528238,,T,test-only,,table
majer1988_10.1016_0021-9614(88)90224-8_t2,MAJER(1988),,rho,399.85,395.4,5.0464,5.0464,0.0,0.0,0.0,0.0,1119.619479,,T,test-only,,table
majer1988_10.1016_0021-9614(88)90224-8_t2,MAJER(1988),,rho,399.85,396.1,5.0464,5.0464,0.0,0.0,0.0,0.0,1119.561244,,T,test-only,,table
majer1988_10.1016_0021-9614(88)90224-8_t2,MAJER(1988),,rho,450.13,35.5,0.0564,0.0564,0.0,0.0,0.0,0.0,894.4526975,,T,test-only,,table
majer1988_10.1016_0021-9614(88)90224-8_t2,MAJER(1988),,rho,450.13,35.5,0.0564,0.0564,0.0,0.0,0.0,0.0,894.4326975,,T,test-only,,table
majer1988_10.1016_0021-9614(88)90224-8_t2,MAJER(1988),,rho,450.13,35.5,0.1051,0.1051,0.0,0.0,0.0,0.0,896.6126975,,T,test-only,,table
majer1988_10.1016_0021-9614(88)90224-8_t2,MAJER(1988),,rho,450.13,35.5,0.1051,0.1051,0.0,0.0,0.0,0.0,896.6026975,,T,test-only,,table
majer1988_10.1016_0021-9614(88)90224-8_t2,MAJER(1988),,rho,450.13,35.5,0.2516,0.2516,0.0,0.0,0.0,0.0,902.9026975,,T,test-only,,table
majer1988_10.1016_0021-9614(88)90224-8_t2,MAJER(1988),,rho,450.13,35.5,0.5,0.5,0.0,0.0,0.0,0.0,913.2426975,,T,test-only,,table
majer1988_10.1016_0021-9614(88)90224-8_t2,MAJER(1988),,rho,450.13,35.5,0.5,0.5,0.0,0.0,0.0,0.0,913.2126975,,T,test-only,,table
majer1988_10.1016_0021-9614(88)90224-8_t2,MAJER(1988),,rho,450.13,35.5,1.0111,1.0111,0.0,0.0,0.0,0.0,933.5626975,,T,test-only,,table
majer1988_10.1016_0021-9614(88)90224-8_t2,MAJER(1988),,rho,450.13,35.5,1.0111,1.0111,0.0,0.0,0.0,0.0,933.5726975,,T,test-only,,table
majer1988_10.1016_0021-9614(88)90224-8_t2,MAJER(1988),,rho,450.13,35.5,2.019,2.019,0.0,0.0,0.0,0.0,970.9926975,,T,test-only,,table
majer1988_10.1016_0021-9614(88)90224-8_t2,MAJER(1988),,rho,450.13,35.5,2.019,2.019,0.0,0.0,0.0,0.0,970.9726975,,T,test-only,,table
majer1988_10.1016_0021-9614(88)90224-8_t2,MAJER(1988),,rho,450.13,35.5,3.5366,3.5366,0.0,0.0,0.0,0.0,1021.732697,,T,test-only,,table
majer1988_10.1016_0021-9614(88)90224-8_t2,MAJER(1988),,rho,450.13,35.5,3.5366,3.5366,0.0,0.0,0.0,0.0,1021.742697,,T,test-only,,table
majer1988_10.1016_0021-9614(88)90224-8_t2,MAJER(1988),,rho,450.13,35.5,5.0464,5.0464,0.0,0.0,0.0,0.0,1066.852697,,T,test-only,,table
majer1988_10.1016_0021-9614(88)90224-8_t2,MAJER(1988),,rho,450.13,35.5,5.0464,5.0464,0.0,0.0,0.0,0.0,1066.812697,,T,test-only,,table
majer1988_10.1016_0021-9614(88)90224-8_t2,MAJER(1988),,rho,450.13,35.5,5.0464,5.0464,0.0,0.0,0.0,0.0,1066.752697,,T,test-only,,table
majer1988_10.1016_0021-9614(88)90224-8_t2,MAJER(1988),,rho,450.13,113.4,0.2516,0.2516,0.0,0.0,0.0,0.0,907.6990559,,T,test-only,,table
majer1988_10.1016_0021-9614(88)90224-8_t2,MAJER(1988),,rho,450.13,113.4,0.2516,0.2516,0.0,0.0,0.0,0.0,907.7190559,,T,test-only,,table
majer1988_10.1016_0021-9614(88)90224-8_t2,MAJER(1988),,rho,450.13,113.4,1.0111,1.0111,0.0,0.0,0.0,0.0,938.1390559,,T,test-only,,table
majer1988_10.1016_0021-9614(88)90224-8_t2,MAJER(1988),,rho,450.13,113.4,1.0111,1.0111,0.0,0.0,0.0,0.0,938.0390559,,T,test-only,,table
majer1988_10.1016_0021-9614(88)90224-8_t2,MAJER(1988),,rho,450.13,113.4,5.0464,5.0464,0.0,0.0,0.0,0.0,1070.399056,,T,test-only,,table
majer1988_10.1016_0021-9614(88)90224-8_t2,MAJER(1988),,rho,450.13,113.4,5.0464,5.0464,0.0,0.0,0.0,0.0,1070.389056,,T,test-only,,table
majer1988_10.1016_0021-9614(88)90224-8_t2,MAJER(1988),,rho,450.13,203.1,0.0564,0.0564,0.0,0.0,0.0,0.0,904.8691414,,T,test-only,,table
majer1988_10.1016_0021-9614(88)90224-8_t2,MAJER(1988),,rho,450.13,203.1,0.0564,0.0564,0.0,0.0,0.0,0.0,904.8491414,,T,test-only,,table
majer1988_10.1016_0021-9614(88)90224-8_t2,MAJER(1988),,rho,450.13,203.1,0.1051,0.1051,0.0,0.0,0.0,0.0,907.0291414,,T,test-only,,table
majer1988_10.1016_0021-9614(88)90224-8_t2,MAJER(1988),,rho,450.13,203.1,0.2516,0.2516,0.0,0.0,0.0,0.0,913.1791414,,T,test-only,,table
majer1988_10.1016_0021-9614(88)90224-8_t2,MAJER(1988),,rho,450.13,203.1,0.2516,0.2516,0.0,0.0,0.0,0.0,913.1091414,,T,test-only,,table
majer1988_10.1016_0021-9614(88)90224-8_t2,MAJER(1988),,rho,450.13,203.1,0.5,0.5,0.0,0.0,0.0,0.0,923.1691414,,T,test-only,,table
majer1988_10.1016_0021-9614(88)90224-8_t2,MAJER(1988),,rho,450.13,201.7,1.0111,1.0111,0.0,0.0,0.0,0.0,943.1453504,,T,test-only,,table
majer1988_10.1016_0021-9614(88)90224-8_t2,MAJER(1988),,rho,450.13,202.4,2.019,2.019,0.0,0.0,0.0,0.0,979.8072525,,T,test-only,,table
majer1988_10.1016_0021-9614(88)90224-8_t2,MAJER(1988),,rho,450.13,202.4,2.019,2.019,0.0,0.0,0.0,0.0,979.8372525,,T,test-only,,table
majer1988_10.1016_0021-9614(88)90224-8_t2,MAJER(1988),,rho,450.13,203.1,3.5366,3.5366,0.0,0.0,0.0,0.0,1029.869141,,T,test-only,,table
majer1988_10.1016_0021-9614(88)90224-8_t2,MAJER(1988),,rho,450.13,203.1,3.5366,3.5366,0.0,0.0,0.0,0.0,1029.899141,,T,test-only,,table
majer1988_10.1016_0021-9614(88)90224-8_t2,MAJER(1988),,rho,450.13,203.1,5.0464,5.0464,0.0,0.0,0.0,0.0,1074.299141,,T,test-only,,table
majer1988_10.1016_0021-9614(88)90224-8_t2,MAJER(1988),,rho,450.13,203.1,5.0464,5.0464,0.0,0.0,0.0,0.0,1074.339141,,T,test-only,,table
majer1988_10.1016_0021-9614(88)90224-8_t2,MAJER(1988),,rho,449.75,291.3,0.2516,0.2516,0.0,0.0,0.0,0.0,918.5241572,,T,test-only,,table
majer1988_10.1016_0021-9614(88)90224-8_t2,MAJER(1988),,rho,449.75,291.3,0.2516,0.2516,0.0,0.0,0.0,0.0,918.5341572,,T,test-only,,table
majer1988_10.1016_0021-9614(88)90224-8_t2,MAJER(1988),,rho,449.75,291.3,1.0111,1.0111,0.0,0.0,0.0,0.0,948.3641572,,T,test-only,,table
majer1988_10.1016_0021-9614(88)90224-8_t2,MAJER(1988),,rho,449.75,291.3,1.0111,1.0111,0.0,0.0,0.0,0.0,948.3541572,,T,test-only,,table
majer1988_10.1016_0021-9614(88)90224-8_t2,MAJER(1988),,rho,449.75,292.0,5.0464,5.0464,0.0,0.0,0.0,0.0,1078.874367,,T,test-only,,table
majer1988_10.1016_0021-9614(88)90224-8_t2,MAJER(1988),,rho,449.75,291.3,5.0464,5.0464,0.0,0.0,0.0,0.0,1078.854157,,T,test-only,,table
majer1988_10.1016_0021-9614(88)90224-8_t2,MAJER(1988),,rho,449.75,381.6,0.0564,0.0564,0.0,0.0,0.0,0.0,915.3858933,,T,test-only,,table
majer1988_10.1016_0021-9614(88)90224-8_t2,MAJER(1988),,rho,449.75,381.6,0.0564,0.0564,0.0,0.0,0.0,0.0,915.3958933,,T,test-only,,table
majer1988_10.1016_0021-9614(88)90224-8_t2,MAJER(1988),,rho,449.75,381.6,0.1051,0.1051,0.0,0.0,0.0,0.0,917.4358933,,T,test-only,,table
majer1988_10.1016_0021-9614(88)90224-8_t2,MAJER(1988),,rho,449.75,381.6,0.2516,0.2516,0.0,0.0,0.0,0.0,923.4358933,,T,test-only,,table
majer1988_10.1016_0021-9614(88)90224-8_t2,MAJER(1988),,rho,449.75,381.6,0.2516,0.2516,0.0,0.0,0.0,0.0,923.4658933,,T,test-only,,table
majer1988_10.1016_0021-9614(88)90224-8_t2,MAJER(1988),,rho,449.75,381.0,0.5,0.5,0.0,0.0,0.0,0.0,933.3726755,,T,test-only,,table
majer1988_10.1016_0021-9614(88)90224-8_t2,MAJER(1988),,rho,449.75,381.6,0.5,0.5,0.0,0.0,0.0,0.0,933.4158933,,T,test-only,,table
majer1988_10.1016_0021-9614(88)90224-8_t2,MAJER(1988),,rho,449.75,381.0,1.0111,1.0111,0.0,0.0,0.0,0.0,952.9326755,,T,test-only,,table
majer1988_10.1016_0021-9614(88)90224-8_t2,MAJER(1988),,rho,449.75,381.0,1.0111,1.0111,0.0,0.0,0.0,0.0,952.9926755,,T,test-only,,table
majer1988_10.1016_0021-9614(88)90224-8_t2,MAJER(1988),,rho,449.75,381.0,1.0111,1.0111,0.0,0.0,0.0,0.0,952.9626755,,T,test-only,,table
majer1988_10.1016_0021-9614(88)90224-8_t2,MAJER(1988),,rho,449.75,381.0,2.019,2.019,0.0,0.0,0.0,0.0,989.0526755,,T,test-only,,table
majer1988_10.1016_0021-9614(88)90224-8_t2,MAJER(1988),,rho,449.75,381.0,2.019,2.019,0.0,0.0,0.0,0.0,989.1426755,,T,test-only,,table
majer1988_10.1016_0021-9614(88)90224-8_t2,MAJER(1988),,rho,449.75,381.0,3.5366,3.5366,0.0,0.0,0.0,0.0,1038.312676,,T,test-only,,table
majer1988_10.1016_0021-9614(88)90224-8_t2,MAJER(1988),,rho,449.75,381.0,3.5366,3.5366,0.0,0.0,0.0,0.0,1038.502676,,T,test-only,,table
majer1988_10.1016_0021-9614(88)90224-8_t2,MAJER(1988),,rho,449.75,381.0,3.5366,3.5366,0.0,0.0,0.0,0.0,1038.362676,,T,test-only,,table
majer1988_10.1016_0021-9614(88)90224-8_t2,MAJER(1988),,rho,449.75,381.0,5.0464,5.0464,0.0,0.0,0.0,0.0,1082.522676,,T,test-only,,table
majer1988_10.1016_0021-9614(88)90224-8_t2,MAJER(1988),,rho,449.75,381.0,5.0464,5.0464,0.0,0.0,0.0,0.0,1082.562676,,T,test-only,,table
majer1988_10.1016_0021-9614(88)90224-8_t2,MAJER(1988),,rho,548.05,108.6,0.0564,0.0564,0.0,0.0,0.0,0.0,770.4521576,,T,test-only,,table
majer1988_10.1016_0021-9614(88)90224-8_t2,MAJER(1988),,rho,548.05,108.6,0.0564,0.0564,0.0,0.0,0.0,0.0,770.4121576,,T,test-only,,table
majer1988_10.1016_0021-9614(88)90224-8_t2,MAJER(1988),,rho,548.05,108.6,0.0564,0.0564,0.0,0.0,0.0,0.0,770.3921576,,T,test-only,,table
majer1988_10.1016_0021-9614(88)90224-8_t2,MAJER(1988),,rho,548.05,108.6,0.1051,0.1051,0.0,0.0,0.0,0.0,773.5121576,,T,test-only,,table
majer1988_10.1016_0021-9614(88)90224-8_t2,MAJER(1988),,rho,548.05,108.6,0.1051,0.1051,0.0,0.0,0.0,0.0,773.5421576,,T,test-only,,table
majer1988_10.1016_0021-9614(88)90224-8_t2,MAJER(1988),,rho,548.05,108.6,0.2516,0.2516,0.0,0.0,0.0,0.0,782.2721576,,T,test-only,,table
majer1988_10.1016_0021-9614(88)90224-8_t2,MAJER(1988),,rho,548.05,108.6,0.2516,0.2516,0.0,0.0,0.0,0.0,782.3521576,,T,test-only,,table
majer1988_10.1016_0021-9614(88)90224-8_t2,MAJER(1988),,rho,548.05,108.6,0.5,0.5,0.0,0.0,0.0,0.0,796.2421576,,T,test-only,,table
majer1988_10.1016_0021-9614(88)90224-8_t2,MAJER(1988),,rho,548.05,108.6,0.5,0.5,0.0,0.0,0.0,0.0,796.1621576,,T,test-only,,table
majer1988_10.1016_0021-9614(88)90224-8_t2,MAJER(1988),,rho,548.05,109.3,1.0111,1.0111,0.0,0.0,0.0,0.0,822.9128355,,T,test-only,,table
majer1988_10.1016_0021-9614(88)90224-8_t2,MAJER(1988),,rho,548.05,109.3,1.0111,1.0111,0.0,0.0,0.0,0.0,822.9228355,,T,test-only,,table
majer1988_10.1016_0021-9614(88)90224-8_t2,MAJER(1988),,rho,548.05,110.0,2.019,2.019,0.0,0.0,0.0,0.0,869.4434036,,T,test-only,,table
majer1988_10.1016_0021-9614(88)90224-8_t2,MAJER(1988),,rho,548.05,110.0,2.019,2.019,0.0,0.0,0.0,0.0,869.4034036,,T,test-only,,table
majer1988_10.1016_0021-9614(88)90224-8_t2,MAJER(1988),,rho,548.05,109.3,3.5366,3.5366,0.0,0.0,0.0,0.0,929.4928355,,T,test-only,,table
majer1988_10.1016_0021-9614(88)90224-8_t2,MAJER(1988),,rho,548.05,108.6,5.0464,5.0464,0.0,0.0,0.0,0.0,980.6021576,,T,test-only,,table
majer1988_10.1016_0021-9614(88)90224-8_t2,MAJER(1988),,rho,548.05,247.2,0.0564,0.0564,0.0,0.0,0.0,0.0,788.0569208,,T,test-only,,table
majer1988_10.1016_0021-9614(88)90224-8_t2,MAJER(1988),,rho,548.05,247.2,0.0564,0.0564,0.0,0.0,0.0,0.0,788.3569208,,T,test-only,,table
majer1988_10.1016_0021-9614(88)90224-8_t2,MAJER(1988),,rho,548.05,248.6,0.0564,0.0564,0.0,0.0,0.0,0.0,788.2939795,,T,test-only,,table
majer1988_10.1016_0021-9614(88)90224-8_t2,MAJER(1988),,rho,548.05,248.6,0.1051,0.1051,0.0,0.0,0.0,0.0,791.1339795,,T,test-only,,table
majer1988_10.1016_0021-9614(88)90224-8_t2,MAJER(1988),,rho,548.05,248.6,0.1051,0.1051,0.0,0.0,0.0,0.0,791.1439795,,T,test-only,,table
majer1988_10.1016_0021-9614(88)90224-8_t2,MAJER(1988),,rho,548.05,244.4,0.1051,0.1051,0.0,0.0,0.0,0.0,790.791981,,T,test-only,,table
majer1988_10.1016_0021-9614(88)90224-8_t2,MAJER(1988),,rho,548.05,244.4,0.2516,0.2516,0.0,0.0,0.0,0.0,799.021981,,T,test-only,,table
majer1988_10.1016_0021-9614(88)90224-8_t2,MAJER(1988),,rho,548.05,245.8,0.2516,0.2516,0.0,0.0,0.0,0.0,798.9795883,,T,test-only,,table
majer1988_10.1016_0021-9614(88)90224-8_t2,MAJER(1988),,rho,548.05,245.8,0.5,0.5,0.0,0.0,0.0,0.0,812.1195883,,T,test-only,,table
majer1988_10.1016_0021-9614(88)90224-8_t2,MAJER(1988),,rho,548.05,245.8,0.5,0.5,0.0,0.0,0.0,0.0,812.0795883,,T,test-only,,table
majer1988_10.1016_0021-9614(88)90224-8_t2,MAJER(1988),,rho,548.05,245.8,1.0111,1.0111,0.0,0.0,0.0,0.0,837.0395883,,T,test-only,,table
majer1988_10.1016_0021-9614(88)90224-8_t2,MAJER(1988),,rho,548.05,246.5,1.0111,1.0111,0.0,0.0,0.0,0.0,837.0932888,,T,test-only,,table
majer1988_10.1016_0021-9614(88)90224-8_t2,MAJER(1988),,rho,548.05,247.2,2.019,2.019,0.0,0.0,0.0,0.0,881.4369208,,T,test-only,,table
majer1988_10.1016_0021-9614(88)90224-8_t2,MAJER(1988),,rho,548.05,247.2,2.019,2.019,0.0,0.0,0.0,0.0,881.5469208,,T,test-only,,table
majer1988_10.1016_0021-9614(88)90224-8_t2,MAJER(1988),,rho,548.05,247.2,3.5366,3.5366,0.0,0.0,0.0,0.0,939.5869208,,T,test-only,,table
majer1988_10.1016_0021-9614(88)90224-8_t2,MAJER(1988),,rho,548.05,247.2,3.5366,3.5366,0.0,0.0,0.0,0.0,939.5769208,,T,test-only,,table
majer1988_10.1016_0021-9614(88)90224-8_t2,MAJER(1988),,rho,548.05,247.2,5.046,5.046,0.0,0.0,0.0,0.0,989.1569208,,T,test-only,,table
majer1988_10.1016_0021-9614(88)90224-8_t2,MAJER(1988),,rho,548.05,371.3,0.0564,0.0564,0.0,0.0,0.0,0.0,801.8071401,,T,test-only,,table
majer1988_10.1016_0021-9614(88)90224-8_t2,MAJER(1988),,rho,548.05,371.3,0.0564,0.0564,0.0,0.0,0.0,0.0,801.8671401,,T,test-only,,table
majer1988_10.1016_0021-9614(88)90224-8_t2,MAJER(1988),,rho,548.05,371.3,0.1051,0.1051,0.0,0.0,0.0,0.0,804.4271401,,T,test-only,,table
majer1988_10.1016_0021-9614(88)90224-8_t2,MAJER(1988),,rho,548.05,371.3,0.2516,0.2516,0.0,0.0,0.0,0.0,812.3171401,,T,test-only,,table
majer1988_10.1016_0021-9614(88)90224-8_t2,MAJER(1988),,rho,548.05,371.3,0.5,0.5,0.0,0.0,0.0,0.0,824.7871401,,T,test-only,,table
majer1988_10.1016_0021-9614(88)90224-8_t2,MAJER(1988),,rho,548.05,371.3,0.5,0.5,0.0,0.0,0.0,0.0,824.7171401,,T,test-only,,table
majer1988_10.1016_0021-9614(88)90224-8_t2,MAJER(1988),,rho,548.05,371.3,1.0111,1.0111,0.0,0.0,0.0,0.0,848.9071401,,T,test-only,,table
majer1988_10.1016_0021-9614(88)90224-8_t2,MAJER(1988),,rho,548.05,371.3,1.0111,1.0111,0.0,0.0,0.0,0.0,848.8771401,,T,test-only,,table
majer1988_10.1016_0021-9614(88)90224-8_t2,MAJER(1988),,rho,548.05,371.3,2.019,2.019,0.0,0.0,0.0,0.0,891.6971401,,T,test-only,,table
majer1988_10.1016_0021-9614(88)90224-8_t2,MAJER(1988),,rho,548.05,370.6,2.019,2.019,0.0,0.0,0.0,0.0,891.8337874,,T,test-only,,table
majer1988_10.1016_0021-9614(88)90224-8_t2,MAJER(1988),,rho,548.05,374.0,3.5366,3.5366,0.0,0.0,0.0,0.0,948.5596123,,T,test-only,,table
majer1988_10.1016_0021-9614(88)90224-8_t2,MAJER(1988),,rho,548.05,374.0,3.5366,3.5366,0.0,0.0,0.0,0.0,948.3896123,,T,test-only,,table
majer1988_10.1016_0021-9614(88)90224-8_t2,MAJER(1988),,rho,548.05,374.0,5.0464,5.0464,0.0,0.0,0.0,0.0,997.0896123,,T,test-only,,table
majer1988_10.1016_0021-9614(88)90224-8_t2,MAJER(1988),,rho,548.05,374.0,5.0464,5.0464,0.0,0.0,0.0,0.0,997.1296123,,T,test-only,,table
majer1988_10.1016_0021-9614(88)90224-8_t2,MAJER(1988),,rho,597.45,206.5,0.0564,0.0564,0.0,0.0,0.0,0.0,688.780399,,T,test-only,,table
majer1988_10.1016_0021-9614(88)90224-8_t2,MAJER(1988),,rho,597.45,206.5,0.0564,0.0564,0.0,0.0,0.0,0.0,688.640399,,T,test-only,,table
majer1988_10.1016_0021-9614(88)90224-8_t2,MAJER(1988),,rho,597.45,206.5,0.1051,0.1051,0.0,0.0,0.0,0.0,692.850399,,T,test-only,,table
majer1988_10.1016_0021-9614(88)90224-8_t2,MAJER(1988),,rho,597.45,206.5,0.1051,0.1051,0.0,0.0,0.0,0.0,692.870399,,T,test-only,,table
majer1988_10.1016_0021-9614(88)90224-8_t2,MAJER(1988),,rho,597.45,206.5,0.2516,0.2516,0.0,0.0,0.0,0.0,704.400399,,T,test-only,,table
majer1988_10.1016_0021-9614(88)90224-8_t2,MAJER(1988),,rho,597.45,206.5,0.2516,0.2516,0.0,0.0,0.0,0.0,704.520399,,T,test-only,,table
majer1988_10.1016_0021-9614(88)90224-8_t2,MAJER(1988),,rho,597.45,206.5,0.5,0.5,0.0,0.0,0.0,0.0,722.300399,,T,test-only,,table
majer1988_10.1016_0021-9614(88)90224-8_t2,MAJER(1988),,rho,597.45,206.5,0.5,0.5,0.0,0.0,0.0,0.0,722.270399,,T,test-only,,table
majer1988_10.1016_0021-9614(88)90224-8_t2,MAJER(1988),,rho,597.45,206.5,1.0111,1.0111,0.0,0.0,0.0,0.0,754.630399,,T,test-only,,table
majer1988_10.1016_0021-9614(88)90224-8_t2,MAJER(1988),,rho,597.45,206.5,1.0111,1.0111,0.0,0.0,0.0,0.0,754.540399,,T,test-only,,table
majer1988_10.1016_0021-9614(88)90224-8_t2,MAJER(1988),,rho,597.45,206.5,2.019,2.019,0.0,0.0,0.0,0.0,808.920399,,T,test-only,,table
majer1988_10.1016_0021-9614(88)90224-8_t2,MAJER(1988),,rho,597.45,206.5,2.019,2.019,0.0,0.0,0.0,0.0,808.940399,,T,test-only,,table
majer1988_10.1016_0021-9614(88)90224-8_t2,MAJER(1988),,rho,597.45,206.5,3.5366,3.5366,0.0,0.0,0.0,0.0,876.700399,,T,test-only,,table
majer1988_10.1016_0021-9614(88)90224-8_t2,MAJER(1988),,rho,597.45,206.5,3.5366,3.5366,0.0,0.0,0.0,0.0,876.660399,,T,test-only,,table
majer1988_10.1016_0021-9614(88)90224-8_t2,MAJER(1988),,rho,597.45,206.5,5.0464,5.0464,0.0,0.0,0.0,0.0,932.170399,,T,test-only,,table
majer1988_10.1016_0021-9614(88)90224-8_t2,MAJER(1988),,rho,597.45,385.8,0.0106,0.0106,0.0,0.0,0.0,0.0,721.6183831,,T,test-only,,table
majer1988_10.1016_0021-9614(88)90224-8_t2,MAJER(1988),,rho,597.45,385.8,0.0564,0.0564,0.0,0.0,0.0,0.0,725.3183831,,T,test-only,,table
majer1988_10.1016_0021-9614(88)90224-8_t2,MAJER(1988),,rho,597.45,385.8,0.0564,0.0564,0.0,0.0,0.0,0.0,725.2583831,,T,test-only,,table
majer1988_10.1016_0021-9614(88)90224-8_t2,MAJER(1988),,rho,597.45,385.8,0.1051,0.1051,0.0,0.0,0.0,0.0,728.7083831,,T,test-only,,table
majer1988_10.1016_0021-9614(88)90224-8_t2,MAJER(1988),,rho,597.45,387.1,0.1051,0.1051,0.0,0.0,0.0,0.0,728.9716291,,T,test-only,,table
majer1988_10.1016_0021-9614(88)90224-8_t2,MAJER(1988),,rho,597.45,387.8,0.2516,0.2516,0.0,0.0,0.0,0.0,738.591628,,T,test-only,,table
majer1988_10.1016_0021-9614(88)90224-8_t2,MAJER(1988),,rho,597.45,387.8,0.2516,0.2516,0.0,0.0,0.0,0.0,738.731628,,T,test-only,,table
majer1988_10.1016_0021-9614(88)90224-8_t2,MAJER(1988),,rho,597.45,387.8,0.5,0.5,0.0,0.0,0.0,0.0,753.951628,,T,test-only,,table
majer1988_10.1016_0021-9614(88)90224-8_t2,MAJER(1988),,rho,597.45,387.8,0.5,0.5,0.0,0.0,0.0,0.0,754.041628,,T,test-only,,table
majer1988_10.1016_0021-9614(88)90224-8_t2,MAJER(1988),,rho,597.45,387.8,1.0111,1.0111,0.0,0.0,0.0,0.0,782.571628,,T,test-only,,table
majer1988_10.1016_0021-9614(88)90224-8_t2,MAJER(1988),,rho,597.45,388.5,2.019,2.019,0.0,0.0,0.0,0.0,832.28148,,T,test-only,,table
majer1988_10.1016_0021-9614(88)90224-8_t2,MAJER(1988),,rho,597.45,389.2,3.5366,3.5366,0.0,0.0,0.0,0.0,895.7811856,,T,test-only,,table
majer1988_10.1016_0021-9614(88)90224-8_t2,MAJER(1988),,rho,321.57,8.3,0.01039,0.01039,0.0,0.0,0.0,0.0,989.4793081,,T,test-only,,table
majer1988_10.1016_0021-9614(88)90224-8_t2,MAJER(1988),,rho,321.57,8.3,0.01039,0.01039,0.0,0.0,0.0,0.0,989.4943081,,T,test-only,,table
majer1988_10.1016_0021-9614(88)90224-8_t2,MAJER(1988),,rho,321.57,8.3,0.02715,0.02715,0.0,0.0,0.0,0.0,990.1443081,,T,test-only,,table
majer1988_10.1016_0021-9614(88)90224-8_t2,MAJER(1988),,rho,321.57,8.3,0.02715,0.02715,0.0,0.0,0.0,0.0,990.1453081,,T,test-only,,table
majer1988_10.1016_0021-9614(88)90224-8_t2,MAJER(1988),,rho,321.7,8.3,0.05145,0.05145,0.0,0.0,0.0,0.0,991.0758017,,T,test-only,,table
majer1988_10.1016_0021-9614(88)90224-8_t2,MAJER(1988),,rho,321.7,8.3,0.05145,0.05145,0.0,0.0,0.0,0.0,991.0658017,,T,test-only,,table
majer1988_10.1016_0021-9614(88)90224-8_t2,MAJER(1988),,rho,321.81,8.3,0.1027,0.1027,0.0,0.0,0.0,0.0,993.0490548,,T,test-only,,table
majer1988_10.1016_0021-9614(88)90224-8_t2,MAJER(1988),,rho,321.81,8.3,0.2523,0.2523,0.0,0.0,0.0,0.0,998.8370548,,T,test-only,,table
majer1988_10.1016_0021-9614(88)90224-8_t2,MAJER(1988),,rho,321.81,8.3,0.5135,0.5135,0.0,0.0,0.0,0.0,1008.878055,,T,test-only,,table
majer1988_10.1016_0021-9614(88)90224-8_t2,MAJER(1988),,rho,321.66,8.3,1.031,1.031,0.0,0.0,0.0,0.0,1027.965508,,T,test-only,,table
majer1988_10.1016_0021-9614(88)90224-8_t2,MAJER(1988),,rho,321.66,8.3,1.031,1.031,0.0,0.0,0.0,0.0,1028.067508,,T,test-only,,table
majer1988_10.1016_0021-9614(88)90224-8_t2,MAJER(1988),,rho,321.63,6.3,2.056,2.056,0.0,0.0,0.0,0.0,1063.671588,,T,test-only,,table
majer1988_10.1016_0021-9614(88)90224-8_t2,MAJER(1988),,rho,321.63,8.3,2.056,2.056,0.0,0.0,0.0,0.0,1063.651781,,T,test-only,,table
majer1988_10.1016_0021-9614(88)90224-8_t2,MAJER(1988),,rho,321.63,8.3,3.09,3.09,0.0,0.0,0.0,0.0,1097.432781,,T,test-only,,table
majer1988_10.1016_0021-9614(88)90224-8_t2,MAJER(1988),,rho,321.61,8.3,3.09,3.09,0.0,0.0,0.0,0.0,1097.394626,,T,test-only,,table
majer1988_10.1016_0021-9614(88)90224-8_t2,MAJER(1988),,rho,321.67,321.6,0.01039,0.01039,0.0,0.0,0.0,0.0,1002.625137,,T,test-only,,table
majer1988_10.1016_0021-9614(88)90224-8_t2,MAJER(1988),,rho,321.66,321.6,0.02715,0.02715,0.0,0.0,0.0,0.0,1003.267613,,T,test-only,,table
majer1988_10.1016_0021-9614(88)90224-8_t2,MAJER(1988),,rho,321.66,321.6,0.02715,0.02715,0.0,0.0,0.0,0.0,1003.277613,,T,test-only,,table
majer1988_10.1016_0021-9614(88)90224-8_t2,MAJER(1988),,rho,321.65,321.6,0.05145,0.05145,0.0,0.0,0.0,0.0,1004.226087,,T,test-only,,table
majer1988_10.1016_0021-9614(88)90224-8_t2,MAJER(1988),,rho,321.65,321.6,0.1027,0.1027,0.0,0.0,0.0,0.0,1006.201087,,T,test-only,,table
majer1988_10.1016_0021-9614(88)90224-8_t2,MAJER(1988),,rho,321.65,321.6,0.1027,0.1027,0.0,0.0,0.0,0.0,1006.185087,,T,test-only,,table
majer1988_10.1016_0021-9614(88)90224-8_t2,MAJER(1988),,rho,321.64,321.6,0.2523,0.2523,0.0,0.0,0.0,0.0,1011.865561,,T,test-only,,table
majer1988_10.1016_0021-9614(88)90224-8_t2,MAJER(1988),,rho,321.64,321.6,0.2523,0.2523,0.0,0.0,0.0,0.0,1011.875561,,T,test-only,,table
majer1988_10.1016_0021-9614(88)90224-8_t2,MAJER(1988),,rho,321.64,321.6,0.5135,0.5135,0.0,0.0,0.0,0.0,1021.636561,,T,test-only,,table
majer1988_10.1016_0021-9614(88)90224-8_t2,MAJER(1988),,rho,321.64,321.6,0.5135,0.5135,0.0,0.0,0.0,0.0,1021.637561,,T,test-only,,table
majer1988_10.1016_0021-9614(88)90224-8_t2,MAJER(1988),,rho,321.65,321.6,1.031,1.031,0.0,0.0,0.0,0.0,1040.342087,,T,test-only,,table
majer1988_10.1016_0021-9614(88)90224-8_t2,MAJER(1988),,rho,321.63,321.6,2.056,2.056,0.0,0.0,0.0,0.0,1075.395035,,T,test-only,,table
majer1988_10.1016_0021-9614(88)90224-8_t2,MAJER(1988),,rho,321.63,321.6,2.056,2.056,0.0,0.0,0.0,0.0,1075.369035,,T,test-only,,table
majer1988_10.1016_0021-9614(88)90224-8_t2,MAJER(1988),,rho,321.63,321.6,3.09,3.09,0.0,0.0,0.0,0.0,1108.386035,,T,test-only,,table
majer1988_10.1016_0021-9614(88)90224-8_t2,MAJER(1988),,rho,321.63,321.6,3.09,3.09,0.0,0.0,0.0,0.0,1108.366035,,T,test-only,,table
majer1988_10.1016_0021-9614(88)90224-8_t2,MAJER(1988),,rho,321.65,321.6,3.09,3.09,0.0,0.0,0.0,0.0,1108.326087,,T,test-only,,table
majer1988_10.1016_0021-9614(88)90224-8_t2,MAJER(1988),,rho,347.56,7.6,0.002585,0.002585,0.0,0.0,0.0,0.0,975.6039384,,T,test-only,,table
majer1988_10.1016_0021-9614(88)90224-8_t2,MAJER(1988),,rho,347.56,7.6,0.002585,0.002585,0.0,0.0,0.0,0.0,975.5629384,,T,test-only,,table
majer1988_10.1016_0021-9614(88)90224-8_t2,MAJER(1988),,rho,347.65,7.6,0.005173,0.005173,0.0,0.0,0.0,0.0,975.6364533,,T,test-only,,table
majer1988_10.1016_0021-9614(88)90224-8_t2,MAJER(1988),,rho,347.65,7.6,0.01039,0.01039,0.0,0.0,0.0,0.0,975.8144533,,T,test-only,,table
majer1988_10.1016_0021-9614(88)90224-8_t2,MAJER(1988),,rho,347.65,7.6,0.02715,0.02715,0.0,0.0,0.0,0.0,976.4804533,,T,test-only,,table
majer1988_10.1016_0021-9614(88)90224-8_t2,MAJER(1988),,rho,347.65,7.6,0.05145,0.05145,0.0,0.0,0.0,0.0,977.4354533,,T,test-only,,table
majer1988_10.1016_0021-9614(88)90224-8_t2,MAJER(1988),,rho,347.65,7.6,0.05145,0.05145,0.0,0.0,0.0,0.0,977.4464533,,T,test-only,,table
majer1988_10.1016_0021-9614(88)90224-8_t2,MAJER(1988),,rho,347.63,7.6,1.031,1.031,0.0,0.0,0.0,0.0,1013.790343,,T,test-only,,table
majer1988_10.1016_0021-9614(88)90224-8_t2,MAJER(1988),,rho,347.63,7.6,1.031,1.031,0.0,0.0,0.0,0.0,1013.800343,,T,test-only,,table
majer1988_10.1016_0021-9614(88)90224-8_t2,MAJER(1988),,rho,347.61,7.6,3.09,3.09,0.0,0.0,0.0,0.0,1082.42723,,T,test-only,,table
majer1988_10.1016_0021-9614(88)90224-8_t2,MAJER(1988),,rho,347.61,7.6,3.09,3.09,0.0,0.0,0.0,0.0,1082.43723,,T,test-only,,table
majer1988_10.1016_0021-9614(88)90224-8_t2,MAJER(1988),,rho,347.6,322.3,0.005173,0.005173,0.0,0.0,0.0,0.0,989.0938767,,T,test-only,,table
majer1988_10.1016_0021-9614(88)90224-8_t2,MAJER(1988),,rho,347.6,322.3,0.01039,0.01039,0.0,0.0,0.0,0.0,989.3218767,,T,test-only,,table
majer1988_10.1016_0021-9614(88)90224-8_t2,MAJER(1988),,rho,347.6,322.3,0.01039,0.01039,0.0,0.0,0.0,0.0,989.2808767,,T,test-only,,table
majer1988_10.1016_0021-9614(88)90224-8_t2,MAJER(1988),,rho,347.61,323.3,0.02715,0.02715,0.0,0.0,0.0,0.0,989.9712766,,T,test-only,,table
majer1988_10.1016_0021-9614(88)90224-8_t2,MAJER(1988),,rho,347.61,323.3,0.02715,0.02715,0.0,0.0,0.0,0.0,989.9852766,,T,test-only,,table
majer1988_10.1016_0021-9614(88)90224-8_t2,MAJER(1988),,rho,347.6,323.7,0.05145,0.05145,0.0,0.0,0.0,0.0,990.9155054,,T,test-only,,table
majer1988_10.1016_0021-9614(88)90224-8_t2,MAJER(1988),,rho,347.6,323.7,0.05145,0.05145,0.0,0.0,0.0,0.0,990.9255054,,T,test-only,,table
majer1988_10.1016_0021-9614(88)90224-8_t2,MAJER(1988),,rho,347.58,323.7,2.056,2.056,0.0,0.0,0.0,0.0,1061.209034,,T,test-only,,table
majer1988_10.1016_0021-9614(88)90224-8_t2,MAJER(1988),,rho,347.6,323.3,3.09,3.09,0.0,0.0,0.0,0.0,1093.814042,,T,test-only,,table
majer1988_10.1016_0021-9614(88)90224-8_t2,MAJER(1988),,rho,347.6,323.7,3.09,3.09,0.0,0.0,0.0,0.0,1093.748505,,T,test-only,,table
majer1988_10.1016_0021-9614(88)90224-8_t2,MAJER(1988),,rho,400.16,24.3,0.002585,0.002585,0.0,0.0,0.0,0.0,938.5572367,,T,test-only,,table
majer1988_10.1016_0021-9614(88)90224-8_t2,MAJER(1988),,rho,400.16,24.3,0.002585,0.002585,0.0,0.0,0.0,0.0,938.5722367,,T,test-only,,table
majer1988_10.1016_0021-9614(88)90224-8_t2,MAJER(1988),,rho,400.16,24.3,0.005173,0.005173,0.0,0.0,0.0,0.0,938.6882367,,T,test-only,,table
majer1988_10.1016_0021-9614(88)90224-8_t2,MAJER(1988),,rho,400.16,24.3,0.005173,0.005173,0.0,0.0,0.0,0.0,938.6582367,,T,test-only,,table
majer1988_10.1016_0021-9614(88)90224-8_t2,MAJER(1988),,rho,400.2,24.3,0.05145,0.05145,0.0,0.0,0.0,0.0,940.5218188,,T,test-only,,table
majer1988_10.1016_0021-9614(88)90224-8_t2,MAJER(1988),,rho,400.2,24.3,0.05145,0.05145,0.0,0.0,0.0,0.0,940.5578188,,T,test-only,,table
majer1988_10.1016_0021-9614(88)90224-8_t2,MAJER(1988),,rho,400.18,24.3,1.031,1.031,0.0,0.0,0.0,0.0,978.0155286,,T,test-only,,table
majer1988_10.1016_0021-9614(88)90224-8_t2,MAJER(1988),,rho,400.18,24.3,1.031,1.031,0.0,0.0,0.0,0.0,977.9905286,,T,test-only,,table
majer1988_10.1016_0021-9614(88)90224-8_t2,MAJER(1988),,rho,400.2,24.3,3.09,3.09,0.0,0.0,0.0,0.0,1047.680819,,T,test-only,,table
majer1988_10.1016_0021-9614(88)90224-8_t2,MAJER(1988),,rho,400.11,316.8,0.002585,0.002585,0.0,0.0,0.0,0.0,952.853699,,T,test-only,,table
majer1988_10.1016_0021-9614(88)90224-8_t2,MAJER(1988),,rho,400.11,316.8,0.002585,0.002585,0.0,0.0,0.0,0.0,952.858699,,T,test-only,,table
majer1988_10.1016_0021-9614(88)90224-8_t2,MAJER(1988),,rho,400.11,316.8,0.005173,0.005173,0.0,0.0,0.0,0.0,952.943699,,T,test-only,,table
majer1988_10.1016_0021-9614(88)90224-8_t2,MAJER(1988),,rho,400.11,317.5,0.01039,0.01039,0.0,0.0,0.0,0.0,953.1732266,,T,test-only,,table
majer1988_10.1016_0021-9614(88)90224-8_t2,MAJER(1988),,rho,400.09,317.5,0.05145,0.05145,0.0,0.0,0.0,0.0,954.8619125,,T,test-only,,table
majer1988_10.1016_0021-9614(88)90224-8_t2,MAJER(1988),,rho,400.09,317.5,0.05145,0.05145,0.0,0.0,0.0,0.0,954.8259125,,T,test-only,,table
majer1988_10.1016_0021-9614(88)90224-8_t2,MAJER(1988),,rho,400.15,313.3,1.031,1.031,0.0,0.0,0.0,0.0,991.2305573,,T,test-only,,table
majer1988_10.1016_0021-9614(88)90224-8_t2,MAJER(1988),,rho,400.13,321.6,2.056,2.056,0.0,0.0,0.0,0.0,1026.969935,,T,test-only,,table
majer1988_10.1016_0021-9614(88)90224-8_t2,MAJER(1988),,rho,400.13,321.6,2.056,2.056,0.0,0.0,0.0,0.0,1026.958935,,T,test-only,,table
majer1988_10.1016_0021-9614(88)90224-8_t2,MAJER(1988),,rho,400.13,321.6,3.09,3.09,0.0,0.0,0.0,0.0,1059.947935,,T,test-only,,table
majer1988_10.1016_0021-9614(88)90224-8_t2,MAJER(1988),,rho,400.13,321.6,3.09,3.09,0.0,0.0,0.0,0.0,1060.018935,,T,test-only,,table
majer1988_10.1016_0021-9614(88)90224-8_t2,MAJER(1988),,rho,400.11,316.8,3.09,3.09,0.0,0.0,0.0,0.0,1059.943699,,T,test-only,,table
majer1988_10.1016_0021-9614(88)90224-8_t2,MAJER(1988),,rho,448.31,44.9,0.002585,0.002585,0.0,0.0,0.0,0.0,894.5378317,,T,test-only,,table
majer1988_10.1016_0021-9614(88)90224-8_t2,MAJER(1988),,rho,448.31,44.9,0.002585,0.002585,0.0,0.0,0.0,0.0,894.5298317,,T,test-only,,table
majer1988_10.1016_0021-9614(88)90224-8_t2,MAJER(1988),,rho,448.31,44.9,0.005173,0.005173,0.0,0.0,0.0,0.0,894.6568317,,T,test-only,,table
majer1988_10.1016_0021-9614(88)90224-8_t2,MAJER(1988),,rho,448.31,44.9,0.005173,0.005173,0.0,0.0,0.0,0.0,894.6418317,,T,test-only,,table
majer1988_10.1016_0021-9614(88)90224-8_t2,MAJER(1988),,rho,448.3,44.9,0.01039,0.01039,0.0,0.0,0.0,0.0,894.8572908,,T,test-only,,table
majer1988_10.1016_0021-9614(88)90224-8_t2,MAJER(1988),,rho,448.3,44.9,0.01039,0.01039,0.0,0.0,0.0,0.0,894.8522908,,T,test-only,,table
majer1988_10.1016_0021-9614(88)90224-8_t2,MAJER(1988),,rho,448.3,44.9,0.02715,0.02715,0.0,0.0,0.0,0.0,895.6592908,,T,test-only,,table
majer1988_10.1016_0021-9614(88)90224-8_t2,MAJER(1988),,rho,448.3,44.9,0.02715,0.02715,0.0,0.0,0.0,0.0,895.6612908,,T,test-only,,table
majer1988_10.1016_0021-9614(88)90224-8_t2,MAJER(1988),,rho,448.3,44.9,0.05145,0.05145,0.0,0.0,0.0,0.0,896.8152908,,T,test-only,,table
majer1988_10.1016_0021-9614(88)90224-8_t2,MAJER(1988),,rho,448.3,44.9,1.031,1.031,0.0,0.0,0.0,0.0,936.8882908,,T,test-only,,table
majer1988_10.1016_0021-9614(88)90224-8_t2,MAJER(1988),,rho,448.3,44.9,1.031,1.031,0.0,0.0,0.0,0.0,936.9432908,,T,test-only,,table
majer1988_10.1016_0021-9614(88)90224-8_t2,MAJER(1988),,rho,448.3,44.9,3.09,3.09,0.0,0.0,0.0,0.0,1010.133291,,T,test-only,,table
majer1988_10.1016_0021-9614(88)90224-8_t2,MAJER(1988),,rho,448.3,44.9,3.09,3.09,0.0,0.0,0.0,0.0,1010.144291,,T,test-only,,table
majer1988_10.1016_0021-9614(88)90224-8_t2,MAJER(1988),,rho,448.29,325.8,0.005173,0.005173,0.0,0.0,0.0,0.0,911.4725488,,T,test-only,,table
majer1988_10.1016_0021-9614(88)90224-8_t2,MAJER(1988),,rho,448.29,325.8,0.005173,0.005173,0.0,0.0,0.0,0.0,911.4575488,,T,test-only,,table
majer1988_10.1016_0021-9614(88)90224-8_t2,MAJER(1988),,rho,448.29,325.8,0.01039,0.01039,0.0,0.0,0.0,0.0,911.6675488,,T,test-only,,table
majer1988_10.1016_0021-9614(88)90224-8_t2,MAJER(1988),,rho,448.29,325.8,0.01039,0.01039,0.0,0.0,0.0,0.0,911.6725488,,T,test-only,,table
majer1988_10.1016_0021-9614(88)90224-8_t2,MAJER(1988),,rho,448.29,325.8,0.02715,0.02715,0.0,0.0,0.0,0.0,912.4055488,,T,test-only,,table
majer1988_10.1016_0021-9614(88)90224-8_t2,MAJER(1988),,rho,448.29,325.8,0.02715,0.02715,0.0,0.0,0.0,0.0,912.4255488,,T,test-only,,table
majer1988_10.1016_0021-9614(88)90224-8_t2,MAJER(1988),,rho,448.3,325.8,0.05145,0.05145,0.0,0.0,0.0,0.0,913.4679758,,T,test-only,,table
majer1988_10.1016_0021-9614(88)90224-8_t2,MAJER(1988),,rho,448.3,325.8,0.05145,0.05145,0.0,0.0,0.0,0.0,913.4379758,,T,test-only,,table
majer1988_10.1016_0021-9614(88)90224-8_t2,MAJER(1988),,rho,448.3,324.4,1.031,1.031,0.0,0.0,0.0,0.0,952.227225,,T,test-only,,table
majer1988_10.1016_0021-9614(88)90224-8_t2,MAJER(1988),,rho,448.3,324.4,1.031,1.031,0.0,0.0,0.0,0.0,952.258225,,T,test-only,,table
majer1988_10.1016_0021-9614(88)90224-8_t2,MAJER(1988),,rho,448.28,322.7,3.09,3.09,0.0,0.0,0.0,0.0,1023.636701,,T,test-only,,table
majer1988_10.1016_0021-9614(88)90224-8_t2,MAJER(1988),,rho,498.74,84.5,0.002585,0.002585,0.0,0.0,0.0,0.0,838.4157371,,T,test-only,,table
majer1988_10.1016_0021-9614(88)90224-8_t2,MAJER(1988),,rho,498.73,84.5,0.002585,0.002585,0.0,0.0,0.0,0.0,838.42886,,T,test-only,,table
majer1988_10.1016_0021-9614(88)90224-8_t2,MAJER(1988),,rho,498.72,84.5,0.005173,0.005173,0.0,0.0,0.0,0.0,838.5519822,,T,test-only,,table
majer1988_10.1016_0021-9614(88)90224-8_t2,MAJER(1988),,rho,498.73,84.5,0.005173,0.005173,0.0,0.0,0.0,0.0,838.53186,,T,test-only,,table
majer1988_10.1016_0021-9614(88)90224-8_t2,MAJER(1988),,rho,498.7,84.5,0.05145,0.05145,0.0,0.0,0.0,0.0,840.9922245,,T,test-only,,table
majer1988_10.1016_0021-9614(88)90224-8_t2,MAJER(1988),,rho,498.72,84.5,0.1027,0.1027,0.0,0.0,0.0,0.0,843.6049822,,T,test-only,,table
majer1988_10.1016_0021-9614(88)90224-8_t2,MAJER(1988),,rho,498.71,84.5,0.1027,0.1027,0.0,0.0,0.0,0.0,843.5941037,,T,test-only,,table
majer1988_10.1016_0021-9614(88)90224-8_t2,MAJER(1988),,rho,498.71,84.5,0.2523,0.2523,0.0,0.0,0.0,0.0,850.9351037,,T,test-only,,table
majer1988_10.1016_0021-9614(88)90224-8_t2,MAJER(1988),,rho,498.71,84.5,0.2523,0.2523,0.0,0.0,0.0,0.0,850.9301037,,T,test-only,,table
majer1988_10.1016_0021-9614(88)90224-8_t2,MAJER(1988),,rho,498.7,84.5,0.5135,0.5135,0.0,0.0,0.0,0.0,863.2472245,,T,test-only,,table
majer1988_10.1016_0021-9614(88)90224-8_t2,MAJER(1988),,rho,498.71,84.5,1.031,1.031,0.0,0.0,0.0,0.0,886.0341037,,T,test-only,,table
majer1988_10.1016_0021-9614(88)90224-8_t2,MAJER(1988),,rho,498.71,84.5,1.031,1.031,0.0,0.0,0.0,0.0,886.0431037,,T,test-only,,table
majer1988_10.1016_0021-9614(88)90224-8_t2,MAJER(1988),,rho,498.71,84.5,2.056,2.056,0.0,0.0,0.0,0.0,927.6581037,,T,test-only,,table
majer1988_10.1016_0021-9614(88)90224-8_t2,MAJER(1988),,rho,498.71,84.5,2.056,2.056,0.0,0.0,0.0,0.0,927.7071037,,T,test-only,,table
majer1988_10.1016_0021-9614(88)90224-8_t2,MAJER(1988),,rho,498.72,84.5,3.09,3.09,0.0,0.0,0.0,0.0,965.3889822,,T,test-only,,table
majer1988_10.1016_0021-9614(88)90224-8_t2,MAJER(1988),,rho,498.72,84.5,3.09,3.09,0.0,0.0,0.0,0.0,965.5099822,,T,test-only,,table
majer1988_10.1016_0021-9614(88)90224-8_t2,MAJER(1988),,rho,498.71,323.7,0.002585,0.002585,0.0,0.0,0.0,0.0,857.8562639,,T,test-only,,table
majer1988_10.1016_0021-9614(88)90224-8_t2,MAJER(1988),,rho,498.71,322.3,0.002585,0.002585,0.0,0.0,0.0,0.0,857.7544964,,T,test-only,,table
majer1988_10.1016_0021-9614(88)90224-8_t2,MAJER(1988),,rho,498.72,316.8,0.02715,0.02715,0.0,0.0,0.0,0.0,858.5113085,,T,test-only,,table
majer1988_10.1016_0021-9614(88)90224-8_t2,MAJER(1988),,rho,498.73,318.5,0.05145,0.05145,0.0,0.0,0.0,0.0,859.8172484,,T,test-only,,table
majer1988_10.1016_0021-9614(88)90224-8_t2,MAJER(1988),,rho,498.72,318.5,0.05145,0.05145,0.0,0.0,0.0,0.0,859.8039584,,T,test-only,,table
majer1988_10.1016_0021-9614(88)90224-8_t2,MAJER(1988),,rho,498.77,319.5,0.1027,0.1027,0.0,0.0,0.0,0.0,862.2914536,,T,test-only,,table
majer1988_10.1016_0021-9614(88)90224-8_t2,MAJER(1988),,rho,498.73,319.5,0.1027,0.1027,0.0,0.0,0.0,0.0,862.3832785,,T,test-only,,table
majer1988_10.1016_0021-9614(88)90224-8_t2,MAJER(1988),,rho,498.74,319.5,0.2523,0.2523,0.0,0.0,0.0,0.0,869.286573,,T,test-only,,table
majer1988_10.1016_0021-9614(88)90224-8_t2,MAJER(1988),,rho,498.74,319.5,0.2523,0.2523,0.0,0.0,0.0,0.0,869.301573,,T,test-only,,table
majer1988_10.1016_0021-9614(88)90224-8_t2,MAJER(1988),,rho,498.74,318.9,0.5135,0.5135,0.0,0.0,0.0,0.0,880.9925576,,T,test-only,,table
majer1988_10.1016_0021-9614(88)90224-8_t2,MAJER(1988),,rho,498.89,318.2,1.031,1.031,0.0,0.0,0.0,0.0,902.5842813,,T,test-only,,table
majer1988_10.1016_0021-9614(88)90224-8_t2,MAJER(1988),,rho,498.9,318.9,1.031,1.031,0.0,0.0,0.0,0.0,902.7731565,,T,test-only,,table
majer1988_10.1016_0021-9614(88)90224-8_t2,MAJER(1988),,rho,498.88,322.3,2.056,2.056,0.0,0.0,0.0,0.0,943.0046896,,T,test-only,,table
majer1988_10.1016_0021-9614(88)90224-8_t2,MAJER(1988),,rho,498.86,322.3,2.056,2.056,0.0,0.0,0.0,0.0,943.0490858,,T,test-only,,table
majer1988_10.1016_0021-9614(88)90224-8_t2,MAJER(1988),,rho,498.9,321.6,3.09,3.09,0.0,0.0,0.0,0.0,979.5768078,,T,test-only,,table
majer1988_10.1016_0021-9614(88)90224-8_t2,MAJER(1988),,rho,549.75,115.3,0.002585,0.002585,0.0,0.0,0.0,0.0,764.7759049,,T,test-only,,table
majer1988_10.1016_0021-9614(88)90224-8_t2,MAJER(1988),,rho,549.77,115.3,0.002585,0.002585,0.0,0.0,0.0,0.0,764.7475461,,T,test-only,,table
majer1988_10.1016_0021-9614(88)90224-8_t2,MAJER(1988),,rho,549.75,115.3,0.005173,0.005173,0.0,0.0,0.0,0.0,764.9679049,,T,test-only,,table
majer1988_10.1016_0021-9614(88)90224-8_t2,MAJER(1988),,rho,549.72,115.3,0.005173,0.005173,0.0,0.0,0.0,0.0,764.9379328,,T,test-only,,table
majer1988_10.1016_0021-9614(88)90224-8_t2,MAJER(1988),,rho,549.73,115.3,0.005173,0.005173,0.0,0.0,0.0,0.0,764.9302582,,T,test-only,,table
majer1988_10.1016_0021-9614(88)90224-8_t2,MAJER(1988),,rho,549.72,115.3,0.02715,0.02715,0.0,0.0,0.0,0.0,766.4279328,,T,test-only,,table
majer1988_10.1016_0021-9614(88)90224-8_t2,MAJER(1988),,rho,549.75,115.3,0.02715,0.02715,0.0,0.0,0.0,0.0,766.3939049,,T,test-only,,table
majer1988_10.1016_0021-9614(88)90224-8_t2,MAJER(1988),,rho,549.76,116.0,0.05145,0.05145,0.0,0.0,0.0,0.0,768.1231171,,T,test-only,,table
majer1988_10.1016_0021-9614(88)90224-8_t2,MAJER(1988),,rho,549.76,114.6,1.031,1.031,0.0,0.0,0.0,0.0,822.4522224,,T,test-only,,table
majer1988_10.1016_0021-9614(88)90224-8_t2,MAJER(1988),,rho,549.77,114.6,1.031,1.031,0.0,0.0,0.0,0.0,822.4775288,,T,test-only,,table
majer1988_10.1016_0021-9614(88)90224-8_t2,MAJER(1988),,rho,549.75,113.9,3.09,3.09,0.0,0.0,0.0,0.0,912.0818112,,T,test-only,,table
majer1988_10.1016_0021-9614(88)90224-8_t2,MAJER(1988),,rho,549.76,113.9,3.09,3.09,0.0,0.0,0.0,0.0,912.2151055,,T,test-only,,table
majer1988_10.1016_0021-9614(88)90224-8_t2,MAJER(1988),,rho,549.79,320.9,0.002585,0.002585,0.0,0.0,0.0,0.0,790.695395,,T,test-only,,table
majer1988_10.1016_0021-9614(88)90224-8_t2,MAJER(1988),,rho,549.79,320.9,0.002585,0.002585,0.0,0.0,0.0,0.0,790.715395,,T,test-only,,table
majer1988_10.1016_0021-9614(88)90224-8_t2,MAJER(1988),,rho,549.78,320.9,0.005173,0.005173,0.0,0.0,0.0,0.0,790.8411759,,T,test-only,,table
majer1988_10.1016_0021-9614(88)90224-8_t2,MAJER(1988),,rho,549.78,320.9,0.005173,0.005173,0.0,0.0,0.0,0.0,790.8851759,,T,test-only,,table
majer1988_10.1016_0021-9614(88)90224-8_t2,MAJER(1988),,rho,549.78,320.9,0.05145,0.05145,0.0,0.0,0.0,0.0,793.5971759,,T,test-only,,table
majer1988_10.1016_0021-9614(88)90224-8_t2,MAJER(1988),,rho,549.78,320.9,0.05145,0.05145,0.0,0.0,0.0,0.0,793.6411759,,T,test-only,,table
majer1988_10.1016_0021-9614(88)90224-8_t2,MAJER(1988),,rho,549.77,321.6,1.031,1.031,0.0,0.0,0.0,0.0,843.9282676,,T,test-only,,table
majer1988_10.1016_0021-9614(88)90224-8_t2,MAJER(1988),,rho,549.78,320.9,1.031,1.031,0.0,0.0,0.0,0.0,843.8491759,,T,test-only,,table
majer1988_10.1016_0021-9614(88)90224-8_t2,MAJER(1988),,rho,549.76,321.6,3.09,3.09,0.0,0.0,0.0,0.0,928.8430396,,T,test-only,,table
majer1988_10.1016_0021-9614(88)90224-8_t2,MAJER(1988),,rho,549.75,321.6,3.09,3.09,0.0,0.0,0.0,0.0,929.0538109,,T,test-only,,table
saluja1995_10.1021_je00018a007_t1,SALUJA(1995),,rho,297.05,6.0,0.1076,0.1076,0.0,0.0,0.0,0.0,1002.00405,,T,test-only,,table
saluja1995_10.1021_je00018a007_t1,SALUJA(1995),,rho,297.05,6.0,0.2023,0.2023,0.0,0.0,0.0,0.0,1005.82155,,T,test-only,,table
saluja1995_10.1021_je00018a007_t1,SALUJA(1995),,rho,297.05,6.0,0.3013,0.3013,0.0,0.0,0.0,0.0,1009.81235,,T,test-only,,table
saluja1995_10.1021_je00018a007_t1,SALUJA(1995),,rho,297.05,6.0,0.5182,0.5182,0.0,0.0,0.0,0.0,1018.37215,,T,test-only,,table
saluja1995_10.1021_je00018a007_t1,SALUJA(1995),,rho,297.05,6.0,0.6942,0.6942,0.0,0.0,0.0,0.0,1025.20395,,T,test-only,,table
saluja1995_10.1021_je00018a007_t1,SALUJA(1995),,rho,297.05,6.0,1.0186,1.0186,0.0,0.0,0.0,0.0,1037.53525,,T,test-only,,table
saluja1995_10.1021_je00018a007_t1,SALUJA(1995),,rho,297.05,6.0,1.9898,1.9898,0.0,0.0,0.0,0.0,1072.60825,,T,test-only,,table
saluja1995_10.1021_je00018a007_t1,SALUJA(1995),,rho,297.05,6.0,3.9874,3.9874,0.0,0.0,0.0,0.0,1137.51235,,T,test-only,,table
saluja1995_10.1021_je00018a007_t1,SALUJA(1995),,rho,297.05,6.0,5.9477,5.9477,0.0,0.0,0.0,0.0,1193.71575,,T,test-only,,table
saluja1995_10.1021_je00018a007_t1,SALUJA(1995),,rho,321.97,6.0,0.1076,0.1076,0.0,0.0,0.0,0.0,993.0030402,,T,test-only,,table
saluja1995_10.1021_je00018a007_t1,SALUJA(1995),,rho,321.97,6.0,0.2023,0.2023,0.0,0.0,0.0,0.0,996.7335402,,T,test-only,,table
saluja1995_10.1021_je00018a007_t1,SALUJA(1995),,rho,321.97,6.0,0.3013,0.3013,0.0,0.0,0.0,0.0,1000.56684,,T,test-only,,table
saluja1995_10.1021_je00018a007_t1,SALUJA(1995),,rho,321.97,6.0,0.5182,0.5182,0.0,0.0,0.0,0.0,1008.92764,,T,test-only,,table
saluja1995_10.1021_je00018a007_t1,SALUJA(1995),,rho,321.97,6.0,0.6942,0.6942,0.0,0.0,0.0,0.0,1015.43514,,T,test-only,,table
saluja1995_10.1021_je00018a007_t1,SALUJA(1995),,rho,321.97,6.0,1.0186,1.0186,0.0,0.0,0.0,0.0,1027.43924,,T,test-only,,table
saluja1995_10.1021_je00018a007_t1,SALUJA(1995),,rho,321.97,6.0,1.9898,1.9898,0.0,0.0,0.0,0.0,1061.49434,,T,test-only,,table
saluja1995_10.1021_je00018a007_t1,SALUJA(1995),,rho,321.97,6.0,3.9874,3.9874,0.0,0.0,0.0,0.0,1124.89784,,T,test-only,,table
saluja1995_10.1021_je00018a007_t1,SALUJA(1995),,rho,321.97,6.0,5.9477,5.9477,0.0,0.0,0.0,0.0,1179.97814,,T,test-only,,table
saluja1995_10.1021_je00018a007_t1,SALUJA(1995),,rho,346.9,6.0,0.1076,0.1076,0.0,0.0,0.0,0.0,980.016348,,T,test-only,,table
saluja1995_10.1021_je00018a007_t1,SALUJA(1995),,rho,346.9,6.0,0.2023,0.2023,0.0,0.0,0.0,0.0,983.669848,,T,test-only,,table
saluja1995_10.1021_je00018a007_t1,SALUJA(1995),,rho,346.9,6.0,0.3013,0.3013,0.0,0.0,0.0,0.0,987.444048,,T,test-only,,table
saluja1995_10.1021_je00018a007_t1,SALUJA(1995),,rho,346.9,6.0,0.5182,0.5182,0.0,0.0,0.0,0.0,995.694248,,T,test-only,,table
saluja1995_10.1021_je00018a007_t1,SALUJA(1995),,rho,346.9,6.0,0.6942,0.6942,0.0,0.0,0.0,0.0,1002.183548,,T,test-only,,table
saluja1995_10.1021_je00018a007_t1,SALUJA(1995),,rho,346.9,6.0,1.0186,1.0186,0.0,0.0,0.0,0.0,1013.947948,,T,test-only,,table
saluja1995_10.1021_je00018a007_t1,SALUJA(1995),,rho,346.9,6.0,1.9898,1.9898,0.0,0.0,0.0,0.0,1047.749748,,T,test-only,,table
saluja1995_10.1021_je00018a007_t1,SALUJA(1995),,rho,346.9,6.0,3.9874,3.9874,0.0,0.0,0.0,0.0,1110.485448,,T,test-only,,table
saluja1995_10.1021_je00018a007_t1,SALUJA(1995),,rho,346.9,6.0,5.9477,5.9477,0.0,0.0,0.0,0.0,1164.864748,,T,test-only,,table
saluja1995_10.1021_je00018a007_t1,SALUJA(1995),,rho,371.82,6.0,0.1076,0.1076,0.0,0.0,0.0,0.0,963.776724,,T,test-only,,table
saluja1995_10.1021_je00018a007_t1,SALUJA(1995),,rho,371.82,6.0,0.2023,0.2023,0.0,0.0,0.0,0.0,967.440024,,T,test-only,,table
saluja1995_10.1021_je00018a007_t1,SALUJA(1995),,rho,371.82,6.0,0.3013,0.3013,0.0,0.0,0.0,0.0,971.238524,,T,test-only,,table
saluja1995_10.1021_je00018a007_t1,SALUJA(1995),,rho,371.82,6.0,0.5182,0.5182,0.0,0.0,0.0,0.0,979.505524,,T,test-only,,table
saluja1995_10.1021_je00018a007_t1,SALUJA(1995),,rho,371.82,6.0,0.6942,0.6942,0.0,0.0,0.0,0.0,986.062024,,T,test-only,,table
saluja1995_10.1021_je00018a007_t1,SALUJA(1995),,rho,371.82,6.0,1.0186,1.0186,0.0,0.0,0.0,0.0,997.882224,,T,test-only,,table
saluja1995_10.1021_je00018a007_t1,SALUJA(1995),,rho,371.82,6.0,1.9898,1.9898,0.0,0.0,0.0,0.0,1031.838224,,T,test-only,,table
saluja1995_10.1021_je00018a007_t1,SALUJA(1995),,rho,371.82,6.0,3.9874,3.9874,0.0,0.0,0.0,0.0,1094.601724,,T,test-only,,table
saluja1995_10.1021_je00018a007_t1,SALUJA(1995),,rho,371.82,6.0,5.9477,5.9477,0.0,0.0,0.0,0.0,1148.871224,,T,test-only,,table
saluja1995_10.1021_je00018a007_t1,SALUJA(1995),,rho,297.05,6.0,0.0,0.8844,0.0,0.0,0.4422,0.0,1031.41205,,T,test-only,,table
saluja1995_10.1021_je00018a007_t1,SALUJA(1995),,rho,297.05,6.0,0.0,1.706,0.0,0.0,0.853,0.0,1061.13555,,T,test-only,,table
saluja1995_10.1021_je00018a007_t1,SALUJA(1995),,rho,297.05,6.0,0.0,2.2546,0.0,0.0,1.1273,0.0,1080.33405,,T,test-only,,table
saluja1995_10.1021_je00018a007_t1,SALUJA(1995),,rho,297.05,6.0,0.0,3.3432,0.0,0.0,1.6716,0.0,1116.60215,,T,test-only,,table
saluja1995_10.1021_je00018a007_t1,SALUJA(1995),,rho,297.05,6.0,0.0,4.3192,0.0,0.0,2.1596,0.0,1147.52415,,T,test-only,,table
saluja1995_10.1021_je00018a007_t1,SALUJA(1995),,rho,297.05,6.0,0.0,7.1612,0.0,0.0,3.5806,0.0,1229.06515,,T,test-only,,table
saluja1995_10.1021_je00018a007_t1,SALUJA(1995),,rho,297.05,6.0,0.0,10.377,0.0,0.0,5.1885,0.0,1309.73315,,T,test-only,,table
saluja1995_10.1021_je00018a007_t1,SALUJA(1995),,rho,321.97,6.0,0.0,0.8844,0.0,0.0,0.4422,0.0,1022.51694,,T,test-only,,table
saluja1995_10.1021_je00018a007_t1,SALUJA(1995),,rho,321.97,6.0,0.0,1.706,0.0,0.0,0.853,0.0,1052.08704,,T,test-only,,table
saluja1995_10.1021_je00018a007_t1,SALUJA(1995),,rho,321.97,6.0,0.0,2.2546,0.0,0.0,1.1273,0.0,1071.32574,,T,test-only,,table
saluja1995_10.1021_je00018a007_t1,SALUJA(1995),,rho,321.97,6.0,0.0,3.3432,0.0,0.0,1.6716,0.0,1107.65864,,T,test-only,,table
saluja1995_10.1021_je00018a007_t1,SALUJA(1995),,rho,321.97,6.0,0.0,4.3192,0.0,0.0,2.1596,0.0,1138.53234,,T,test-only,,table
saluja1995_10.1021_je00018a007_t1,SALUJA(1995),,rho,321.97,6.0,0.0,7.1612,0.0,0.0,3.5806,0.0,1220.20474,,T,test-only,,table
saluja1995_10.1021_je00018a007_t1,SALUJA(1995),,rho,321.97,6.0,0.0,10.377,0.0,0.0,5.1885,0.0,1300.99154,,T,test-only,,table
saluja1995_10.1021_je00018a007_t1,SALUJA(1995),,rho,346.9,6.0,0.0,0.8844,0.0,0.0,0.4422,0.0,1010.023248,,T,test-only,,table
saluja1995_10.1021_je00018a007_t1,SALUJA(1995),,rho,346.9,6.0,0.0,1.706,0.0,0.0,0.853,0.0,1040.042748,,T,test-only,,table
saluja1995_10.1021_je00018a007_t1,SALUJA(1995),,rho,346.9,6.0,0.0,2.2546,0.0,0.0,1.1273,0.0,1059.349748,,T,test-only,,table
saluja1995_10.1021_je00018a007_t1,SALUJA(1995),,rho,346.9,6.0,0.0,3.3432,0.0,0.0,1.6716,0.0,1095.978348,,T,test-only,,table
saluja1995_10.1021_je00018a007_t1,SALUJA(1995),,rho,346.9,6.0,0.0,4.3192,0.0,0.0,2.1596,0.0,1126.822048,,T,test-only,,table
saluja1995_10.1021_je00018a007_t1,SALUJA(1995),,rho,346.9,6.0,0.0,7.1612,0.0,0.0,3.5806,0.0,1209.438148,,T,test-only,,table
saluja1995_10.1021_je00018a007_t1,SALUJA(1995),,rho,346.9,6.0,0.0,10.377,0.0,0.0,5.1885,0.0,1290.333648,,T,test-only,,table
saluja1995_10.1021_je00018a007_t1,SALUJA(1995),,rho,371.82,6.0,0.0,0.8844,0.0,0.0,0.4422,0.0,994.688924,,T,test-only,,table
saluja1995_10.1021_je00018a007_t1,SALUJA(1995),,rho,371.82,6.0,0.0,1.706,0.0,0.0,0.853,0.0,1025.450124,,T,test-only,,table
saluja1995_10.1021_je00018a007_t1,SALUJA(1995),,rho,371.82,6.0,0.0,2.2546,0.0,0.0,1.1273,0.0,1044.840124,,T,test-only,,table
saluja1995_10.1021_je00018a007_t1,SALUJA(1995),,rho,371.82,6.0,0.0,3.3432,0.0,0.0,1.6716,0.0,1082.835424,,T,test-only,,table
saluja1995_10.1021_je00018a007_t1,SALUJA(1995),,rho,371.82,6.0,0.0,4.3192,0.0,0.0,2.1596,0.0,1114.257824,,T,test-only,,table
saluja1995_10.1021_je00018a007_t1,SALUJA(1995),,rho,371.82,6.0,0.0,7.1612,0.0,0.0,3.5806,0.0,1197.460324,,T,test-only,,table
saluja1995_10.1021_je00018a007_t1,SALUJA(1995),,rho,371.82,6.0,0.0,10.377,0.0,0.0,5.1885,0.0,1279.498524,,T,test-only,,table
saluja1995_10.1021_je00018a007_t1,SALUJA(1995),,rho,297.05,6.0,0.0,2.917,0.0,1.4585,0.0,0.0,1117.30365,,T,test-only,,table
saluja1995_10.1021_je00018a007_t1,SALUJA(1995),,rho,297.05,6.0,0.0,3.8138,0.0,1.9069,0.0,0.0,1150.28565,,T,test-only,,table
saluja1995_10.1021_je00018a007_t1,SALUJA(1995),,rho,297.05,6.0,0.0,5.6226,0.0,2.8113,0.0,0.0,1212.09235,,T,test-only,,table
saluja1995_10.1021_je00018a007_t1,SALUJA(1995),,rho,297.05,6.0,0.0,7.1382,0.0,3.5691,0.0,0.0,1259.48365,,T,test-only,,table
saluja1995_10.1021_je00018a007_t1,SALUJA(1995),,rho,297.05,6.0,0.0,9.5934,0.0,4.7967,0.0,0.0,1328.40875,,T,test-only,,table
saluja1995_10.1021_je00018a007_t1,SALUJA(1995),,rho,297.05,6.0,0.0,11.0814,0.0,5.5407,0.0,0.0,1365.96885,,T,test-only,,table
saluja1995_10.1021_je00018a007_t1,SALUJA(1995),,rho,321.97,6.0,0.0,2.917,0.0,1.4585,0.0,0.0,1107.03064,,T,test-only,,table
saluja1995_10.1021_je00018a007_t1,SALUJA(1995),,rho,321.97,6.0,0.0,3.8138,0.0,1.9069,0.0,0.0,1139.68794,,T,test-only,,table
saluja1995_10.1021_je00018a007_t1,SALUJA(1995),,rho,321.97,6.0,0.0,5.6226,0.0,2.8113,0.0,0.0,1200.76334,,T,test-only,,table
saluja1995_10.1021_je00018a007_t1,SALUJA(1995),,rho,321.97,6.0,0.0,7.1382,0.0,3.5691,0.0,0.0,1247.07434,,T,test-only,,table
saluja1995_10.1021_je00018a007_t1,SALUJA(1995),,rho,321.97,6.0,0.0,9.5934,0.0,4.7967,0.0,0.0,1314.73234,,T,test-only,,table
saluja1995_10.1021_je00018a007_t1,SALUJA(1995),,rho,321.97,6.0,0.0,11.0814,0.0,5.5407,0.0,0.0,1347.15294,,T,test-only,,table
saluja1995_10.1021_je00018a007_t1,SALUJA(1995),,rho,346.9,6.0,0.0,2.917,0.0,1.4585,0.0,0.0,1094.016048,,T,test-only,,table
saluja1995_10.1021_je00018a007_t1,SALUJA(1995),,rho,346.9,6.0,0.0,3.8138,0.0,1.9069,0.0,0.0,1126.466348,,T,test-only,,table
saluja1995_10.1021_je00018a007_t1,SALUJA(1995),,rho,346.9,6.0,0.0,5.6226,0.0,2.8113,0.0,0.0,1187.065848,,T,test-only,,table
saluja1995_10.1021_je00018a007_t1,SALUJA(1995),,rho,346.9,6.0,0.0,7.1382,0.0,3.5691,0.0,0.0,1233.252948,,T,test-only,,table
saluja1995_10.1021_je00018a007_t1,SALUJA(1995),,rho,346.9,6.0,0.0,9.5934,0.0,4.7967,0.0,0.0,1299.940348,,T,test-only,,table
saluja1995_10.1021_je00018a007_t1,SALUJA(1995),,rho,346.9,6.0,0.0,11.0814,0.0,5.5407,0.0,0.0,1335.946948,,T,test-only,,table
saluja1995_10.1021_je00018a007_t1,SALUJA(1995),,rho,371.82,6.0,0.0,2.917,0.0,1.4585,0.0,0.0,1078.701724,,T,test-only,,table
saluja1995_10.1021_je00018a007_t1,SALUJA(1995),,rho,371.82,6.0,0.0,3.8138,0.0,1.9069,0.0,0.0,1111.786424,,T,test-only,,table
saluja1995_10.1021_je00018a007_t1,SALUJA(1995),,rho,371.82,6.0,0.0,5.6226,0.0,2.8113,0.0,0.0,1171.732924,,T,test-only,,table
saluja1995_10.1021_je00018a007_t1,SALUJA(1995),,rho,371.82,6.0,0.0,7.1382,0.0,3.5691,0.0,0.0,1217.812824,,T,test-only,,table
saluja1995_10.1021_je00018a007_t1,SALUJA(1995),,rho,371.82,6.0,0.0,9.5934,0.0,4.7967,0.0,0.0,1284.023724,,T,test-only,,table
saluja1995_10.1021_je00018a007_t1,SALUJA(1995),,rho,371.82,6.0,0.0,11.0814,0.0,5.5407,0.0,0.0,1319.706524,,T,test-only,,table
saluja1995_10.1021_je00018a007_t4,SALUJA(1995),,rho,296.02,6.0,0.27673,1.99511,0.0,0.0,0.85919,0.0,1071.021845,,T,test-only,,table
saluja1995_10.1021_je00018a007_t4,SALUJA(1995),,rho,296.02,6.0,0.5765,2.06456,0.0,0.0,0.74403,0.0,1074.026845,,T,test-only,,table
saluja1995_10.1021_je00018a007_t4,SALUJA(1995),,rho,296.02,6.0,0.83121,2.18935,0.0,0.0,0.67907,0.0,1078.582045,,T,test-only,,table
saluja1995_10.1021_je00018a007_t4,SALUJA(1995),,rho,296.02,6.0,1.10605,2.26309,0.0,0.0,0.57852,0.0,1081.291145,,T,test-only,,table
saluja1995_10.1021_je00018a007_t4,SALUJA(1995),,rho,296.02,6.0,1.42384,2.3687,0.0,0.0,0.47243,0.0,1085.117245,,T,test-only,,table
saluja1995_10.1021_je00018a007_t4,SALUJA(1995),,rho,296.02,6.0,1.715,2.46872,0.0,0.0,0.37686,0.0,1088.730045,,T,test-only,,table
saluja1995_10.1021_je00018a007_t4,SALUJA(1995),,rho,296.02,6.0,1.97659,2.59797,0.0,0.0,0.31069,0.0,1093.151845,,T,test-only,,table
saluja1995_10.1021_je00018a007_t4,SALUJA(1995),,rho,296.02,6.0,2.32142,2.71156,0.0,0.0,0.19507,0.0,1097.109545,,T,test-only,,table
saluja1995_10.1021_je00018a007_t4,SALUJA(1995),,rho,296.02,6.0,2.6492,2.85886,0.0,0.0,0.10483,0.0,1102.073645,,T,test-only,,table
saluja1995_10.1021_je00018a007_t4,SALUJA(1995),,rho,296.02,6.0,0.41533,2.98013,0.0,0.0,1.2824,0.0,1104.159245,,T,test-only,,table
saluja1995_10.1021_je00018a007_t4,SALUJA(1995),,rho,296.02,6.0,0.84983,3.26223,0.0,0.0,1.2062,0.0,1113.505445,,T,test-only,,table
saluja1995_10.1021_je00018a007_t4,SALUJA(1995),,rho,296.02,6.0,1.2823,3.3873,0.0,0.0,1.0525,0.0,1117.899845,,T,test-only,,table
saluja1995_10.1021_je00018a007_t4,SALUJA(1995),,rho,296.02,6.0,1.8274,3.59854,0.0,0.0,0.88557,0.0,1124.782845,,T,test-only,,table
saluja1995_10.1021_je00018a007_t4,SALUJA(1995),,rho,296.02,6.0,2.3109,3.83894,0.0,0.0,0.76402,0.0,1132.502845,,T,test-only,,table
saluja1995_10.1021_je00018a007_t4,SALUJA(1995),,rho,296.02,6.0,2.8087,4.0447,0.0,0.0,0.618,0.0,1138.994645,,T,test-only,,table
saluja1995_10.1021_je00018a007_t4,SALUJA(1995),,rho,296.02,6.0,3.3163,4.23738,0.0,0.0,0.46054,0.0,1144.932045,,T,test-only,,table
saluja1995_10.1021_je00018a007_t4,SALUJA(1995),,rho,296.02,6.0,3.8216,4.52914,0.0,0.0,0.35377,0.0,1153.673945,,T,test-only,,table
saluja1995_10.1021_je00018a007_t4,SALUJA(1995),,rho,296.02,6.0,4.4389,4.7689,0.0,0.0,0.165,0.0,1160.676545,,T,test-only,,table
saluja1995_10.1021_je00018a007_t4,SALUJA(1995),,rho,346.9,6.0,0.27673,1.99511,0.0,0.0,0.85919,0.0,1048.855248,,T,test-only,,table
saluja1995_10.1021_je00018a007_t4,SALUJA(1995),,rho,346.9,6.0,0.5765,2.06456,0.0,0.0,0.74403,0.0,1051.318948,,T,test-only,,table
saluja1995_10.1021_je00018a007_t4,SALUJA(1995),,rho,346.9,6.0,0.83121,2.18935,0.0,0.0,0.67907,0.0,1055.375948,,T,test-only,,table
saluja1995_10.1021_je00018a007_t4,SALUJA(1995),,rho,346.9,6.0,1.10605,2.26309,0.0,0.0,0.57852,0.0,1057.658748,,T,test-only,,table
saluja1995_10.1021_je00018a007_t4,SALUJA(1995),,rho,346.9,6.0,1.42384,2.3687,0.0,0.0,0.47243,0.0,1060.883748,,T,test-only,,table
saluja1995_10.1021_je00018a007_t4,SALUJA(1995),,rho,346.9,6.0,1.715,2.46872,0.0,0.0,0.37686,0.0,1064.016448,,T,test-only,,table
saluja1995_10.1021_je00018a007_t4,SALUJA(1995),,rho,346.9,6.0,1.97659,2.59797,0.0,0.0,0.31069,0.0,1068.123048,,T,test-only,,table
saluja1995_10.1021_je00018a007_t4,SALUJA(1995),,rho,346.9,6.0,2.32142,2.71156,0.0,0.0,0.19507,0.0,1071.513348,,T,test-only,,table
saluja1995_10.1021_je00018a007_t4,SALUJA(1995),,rho,346.9,6.0,2.6492,2.85886,0.0,0.0,0.10483,0.0,1076.034948,,T,test-only,,table
saluja1995_10.1021_je00018a007_t4,SALUJA(1995),,rho,346.9,6.0,0.41533,2.98013,0.0,0.0,1.2824,0.0,1082.138548,,T,test-only,,table
saluja1995_10.1021_je00018a007_t4,SALUJA(1995),,rho,346.9,6.0,0.84983,3.26223,0.0,0.0,1.2062,0.0,1091.029648,,T,test-only,,table
saluja1995_10.1021_je00018a007_t4,SALUJA(1995),,rho,346.9,6.0,1.2823,3.3873,0.0,0.0,1.0525,0.0,1094.721348,,T,test-only,,table
saluja1995_10.1021_je00018a007_t4,SALUJA(1995),,rho,346.9,6.0,1.8274,3.59854,0.0,0.0,0.88557,0.0,1100.748348,,T,test-only,,table
saluja1995_10.1021_je00018a007_t4,SALUJA(1995),,rho,346.9,6.0,2.3109,3.83894,0.0,0.0,0.76402,0.0,1107.767448,,T,test-only,,table
saluja1995_10.1021_je00018a007_t4,SALUJA(1995),,rho,346.9,6.0,2.8087,4.0447,0.0,0.0,0.618,0.0,1113.642848,,T,test-only,,table
saluja1995_10.1021_je00018a007_t4,SALUJA(1995),,rho,346.9,6.0,3.3163,4.23738,0.0,0.0,0.46054,0.0,1118.879448,,T,test-only,,table
saluja1995_10.1021_je00018a007_t4,SALUJA(1995),,rho,346.9,6.0,3.8216,4.52914,0.0,0.0,0.35377,0.0,1127.107248,,T,test-only,,table
saluja1995_10.1021_je00018a007_t4,SALUJA(1995),,rho,346.9,6.0,4.4389,4.7689,0.0,0.0,0.165,0.0,1133.382948,,T,test-only,,table
saluja1995_10.1021_je00018a007_t4,SALUJA(1995),,rho,321.97,6.0,0.27673,1.99511,0.0,0.0,0.85919,0.0,1061.31944,,T,test-only,,table
saluja1995_10.1021_je00018a007_t4,SALUJA(1995),,rho,321.97,6.0,0.5765,2.06456,0.0,0.0,0.74403,0.0,1063.99744,,T,test-only,,table
saluja1995_10.1021_je00018a007_t4,SALUJA(1995),,rho,321.97,6.0,0.83121,2.18935,0.0,0.0,0.67907,0.0,1068.23664,,T,test-only,,table
saluja1995_10.1021_je00018a007_t4,SALUJA(1995),,rho,321.97,6.0,1.10605,2.26309,0.0,0.0,0.57852,0.0,1070.66404,,T,test-only,,table
saluja1995_10.1021_je00018a007_t4,SALUJA(1995),,rho,321.97,6.0,1.42384,2.3687,0.0,0.0,0.47243,0.0,1074.19694,,T,test-only,,table
saluja1995_10.1021_je00018a007_t4,SALUJA(1995),,rho,321.97,6.0,1.715,2.46872,0.0,0.0,0.37686,0.0,1077.51914,,T,test-only,,table
saluja1995_10.1021_je00018a007_t4,SALUJA(1995),,rho,321.97,6.0,1.97659,2.59797,0.0,0.0,0.31069,0.0,1081.68034,,T,test-only,,table
saluja1995_10.1021_je00018a007_t4,SALUJA(1995),,rho,321.97,6.0,2.32142,2.71156,0.0,0.0,0.19507,0.0,1085.35584,,T,test-only,,table
saluja1995_10.1021_je00018a007_t4,SALUJA(1995),,rho,321.97,6.0,2.6492,2.85886,0.0,0.0,0.10483,0.0,1090.03104,,T,test-only,,table
saluja1995_10.1021_je00018a007_t4,SALUJA(1995),,rho,321.97,6.0,0.41533,2.98013,0.0,0.0,1.2824,0.0,1094.22864,,T,test-only,,table
saluja1995_10.1021_je00018a007_t4,SALUJA(1995),,rho,321.97,6.0,0.84983,3.26223,0.0,0.0,1.2062,0.0,1103.24104,,T,test-only,,table
saluja1995_10.1021_je00018a007_t4,SALUJA(1995),,rho,321.97,6.0,1.2823,3.3873,0.0,0.0,1.0525,0.0,1107.14874,,T,test-only,,table
saluja1995_10.1021_je00018a007_t4,SALUJA(1995),,rho,321.97,6.0,1.8274,3.59854,0.0,0.0,0.88557,0.0,1113.64114,,T,test-only,,table
saluja1995_10.1021_je00018a007_t4,SALUJA(1995),,rho,321.97,6.0,2.3109,3.83894,0.0,0.0,0.76402,0.0,1120.89124,,T,test-only,,table
saluja1995_10.1021_je00018a007_t4,SALUJA(1995),,rho,321.97,6.0,2.8087,4.0447,0.0,0.0,0.618,0.0,1127.06784,,T,test-only,,table
saluja1995_10.1021_je00018a007_t4,SALUJA(1995),,rho,321.97,6.0,3.3163,4.23738,0.0,0.0,0.46054,0.0,1132.61374,,T,test-only,,table
saluja1995_10.1021_je00018a007_t4,SALUJA(1995),,rho,321.97,6.0,3.8216,4.52914,0.0,0.0,0.35377,0.0,1140.85044,,T,test-only,,table
saluja1995_10.1021_je00018a007_t4,SALUJA(1995),,rho,321.97,6.0,4.4389,4.7689,0.0,0.0,0.165,0.0,1147.61744,,T,test-only,,table
saluja1995_10.1021_je00018a007_t4,SALUJA(1995),,rho,371.82,6.0,0.27673,1.99511,0.0,0.0,0.85919,0.0,1034.205124,,T,test-only,,table
saluja1995_10.1021_je00018a007_t4,SALUJA(1995),,rho,371.82,6.0,0.5765,2.06456,0.0,0.0,0.74403,0.0,1036.430724,,T,test-only,,table
saluja1995_10.1021_je00018a007_t4,SALUJA(1995),,rho,371.82,6.0,0.83121,2.18935,0.0,0.0,0.67907,0.0,1040.418324,,T,test-only,,table
saluja1995_10.1021_je00018a007_t4,SALUJA(1995),,rho,371.82,6.0,1.10605,2.26309,0.0,0.0,0.57852,0.0,1042.496124,,T,test-only,,table
saluja1995_10.1021_je00018a007_t4,SALUJA(1995),,rho,371.82,6.0,1.42384,2.3687,0.0,0.0,0.47243,0.0,1045.675924,,T,test-only,,table
saluja1995_10.1021_je00018a007_t4,SALUJA(1995),,rho,371.82,6.0,1.715,2.46872,0.0,0.0,0.37686,0.0,1048.669724,,T,test-only,,table
saluja1995_10.1021_je00018a007_t4,SALUJA(1995),,rho,371.82,6.0,1.97659,2.59797,0.0,0.0,0.31069,0.0,1052.411824,,T,test-only,,table
saluja1995_10.1021_je00018a007_t4,SALUJA(1995),,rho,371.82,6.0,2.32142,2.71156,0.0,0.0,0.19507,0.0,1055.814624,,T,test-only,,table
saluja1995_10.1021_je00018a007_t4,SALUJA(1995),,rho,371.82,6.0,2.6492,2.85886,0.0,0.0,0.10483,0.0,1060.255824,,T,test-only,,table
saluja1995_10.1021_je00018a007_t4,SALUJA(1995),,rho,371.82,6.0,0.41533,2.98013,0.0,0.0,1.2824,0.0,1068.206524,,T,test-only,,table
saluja1995_10.1021_je00018a007_t4,SALUJA(1995),,rho,371.82,6.0,0.84983,3.26223,0.0,0.0,1.2062,0.0,1076.892624,,T,test-only,,table
saluja1995_10.1021_je00018a007_t4,SALUJA(1995),,rho,371.82,6.0,1.2823,3.3873,0.0,0.0,1.0525,0.0,1080.382224,,T,test-only,,table
saluja1995_10.1021_je00018a007_t4,SALUJA(1995),,rho,371.82,6.0,1.8274,3.59854,0.0,0.0,0.88557,0.0,1086.080024,,T,test-only,,table
saluja1995_10.1021_je00018a007_t4,SALUJA(1995),,rho,371.82,6.0,2.3109,3.83894,0.0,0.0,0.76402,0.0,1092.945724,,T,test-only,,table
saluja1995_10.1021_je00018a007_t4,SALUJA(1995),,rho,371.82,6.0,2.8087,4.0447,0.0,0.0,0.618,0.0,1098.575324,,T,test-only,,table
saluja1995_10.1021_je00018a007_t4,SALUJA(1995),,rho,371.82,6.0,3.3163,4.23738,0.0,0.0,0.46054,0.0,1103.325024,,T,test-only,,table
saluja1995_10.1021_je00018a007_t4,SALUJA(1995),,rho,371.82,6.0,3.8216,4.52914,0.0,0.0,0.35377,0.0,1111.203724,,T,test-only,,table
saluja1995_10.1021_je00018a007_t4,SALUJA(1995),,rho,371.82,6.0,4.4389,4.7689,0.0,0.0,0.165,0.0,1117.673024,,T,test-only,,table
saluja1995_10.1021_je00018a007_t4,SALUJA(1995),,rho,296.02,6.0,0.2879,2.0605,0.0,0.8863,0.0,0.0,1081.942145,,T,test-only,,table
saluja1995_10.1021_je00018a007_t4,SALUJA(1995),,rho,296.02,6.0,0.5896,2.2118,0.0,0.8111,0.0,0.0,1086.738245,,T,test-only,,table
saluja1995_10.1021_je00018a007_t4,SALUJA(1995),,rho,296.02,6.0,0.8655,2.2873,0.0,0.7109,0.0,0.0,1088.567545,,T,test-only,,table
saluja1995_10.1021_je00018a007_t4,SALUJA(1995),,rho,296.02,6.0,1.2023,2.5373,0.0,0.6675,0.0,0.0,1097.175845,,T,test-only,,table
saluja1995_10.1021_je00018a007_t4,SALUJA(1995),,rho,296.02,6.0,1.4514,2.595,0.0,0.5718,0.0,0.0,1098.384545,,T,test-only,,table
saluja1995_10.1021_je00018a007_t4,SALUJA(1995),,rho,296.02,6.0,1.759,2.6098,0.0,0.4254,0.0,0.0,1097.662245,,T,test-only,,table
saluja1995_10.1021_je00018a007_t4,SALUJA(1995),,rho,296.02,6.0,2.0666,2.6558,0.0,0.2946,0.0,0.0,1098.010545,,T,test-only,,table
saluja1995_10.1021_je00018a007_t4,SALUJA(1995),,rho,296.02,6.0,2.3763,2.7939,0.0,0.2088,0.0,0.0,1101.867745,,T,test-only,,table
saluja1995_10.1021_je00018a007_t4,SALUJA(1995),,rho,296.02,6.0,2.6621,2.86104,0.0,0.09947,0.0,0.0,1103.157545,,T,test-only,,table
saluja1995_10.1021_je00018a007_t4,SALUJA(1995),,rho,296.02,6.0,0.4917,3.4141,0.0,1.4612,0.0,0.0,1133.787945,,T,test-only,,table
saluja1995_10.1021_je00018a007_t4,SALUJA(1995),,rho,296.02,6.0,0.9398,3.5502,0.0,1.3052,0.0,0.0,1136.414145,,T,test-only,,table
saluja1995_10.1021_je00018a007_t4,SALUJA(1995),,rho,296.02,6.0,1.4359,3.7721,0.0,1.1681,0.0,0.0,1142.127745,,T,test-only,,table
saluja1995_10.1021_je00018a007_t4,SALUJA(1995),,rho,296.02,6.0,1.9492,3.881,0.0,0.9659,0.0,0.0,1143.478545,,T,test-only,,table
saluja1995_10.1021_je00018a007_t4,SALUJA(1995),,rho,296.02,6.0,2.3891,4.0311,0.0,0.821,0.0,0.0,1146.764645,,T,test-only,,table
saluja1995_10.1021_je00018a007_t4,SALUJA(1995),,rho,296.02,6.0,2.8826,4.2106,0.0,0.664,0.0,0.0,1150.944045,,T,test-only,,table
saluja1995_10.1021_je00018a007_t4,SALUJA(1995),,rho,296.02,6.0,3.3623,4.3507,0.0,0.4942,0.0,0.0,1153.559945,,T,test-only,,table
saluja1995_10.1021_je00018a007_t4,SALUJA(1995),,rho,296.02,6.0,3.9938,4.6958,0.0,0.351,0.0,0.0,1162.494645,,T,test-only,,table
saluja1995_10.1021_je00018a007_t4,SALUJA(1995),,rho,296.02,6.0,4.4528,4.853,0.0,0.2001,0.0,0.0,1165.435445,,T,test-only,,table
saluja1995_10.1021_je00018a007_t4,SALUJA(1995),,rho,346.9,6.0,0.2879,2.0605,0.0,0.8863,0.0,0.0,1058.024748,,T,test-only,,table
saluja1995_10.1021_je00018a007_t4,SALUJA(1995),,rho,346.9,6.0,0.5896,2.2118,0.0,0.8111,0.0,0.0,1062.447048,,T,test-only,,table
saluja1995_10.1021_je00018a007_t4,SALUJA(1995),,rho,346.9,6.0,0.8655,2.2873,0.0,0.7109,0.0,0.0,1063.937448,,T,test-only,,table
saluja1995_10.1021_je00018a007_t4,SALUJA(1995),,rho,346.9,6.0,1.2023,2.5373,0.0,0.6675,0.0,0.0,1072.209548,,T,test-only,,table
saluja1995_10.1021_je00018a007_t4,SALUJA(1995),,rho,346.9,6.0,1.4514,2.595,0.0,0.5718,0.0,0.0,1073.079748,,T,test-only,,table
saluja1995_10.1021_je00018a007_t4,SALUJA(1995),,rho,346.9,6.0,1.759,2.6098,0.0,0.4254,0.0,0.0,1072.128948,,T,test-only,,table
saluja1995_10.1021_je00018a007_t4,SALUJA(1995),,rho,346.9,6.0,2.0666,2.6558,0.0,0.2946,0.0,0.0,1072.223448,,T,test-only,,table
saluja1995_10.1021_je00018a007_t4,SALUJA(1995),,rho,346.9,6.0,2.3763,2.7939,0.0,0.2088,0.0,0.0,1075.732048,,T,test-only,,table
saluja1995_10.1021_je00018a007_t4,SALUJA(1995),,rho,346.9,6.0,2.6621,2.86104,0.0,0.09947,0.0,0.0,1076.880148,,T,test-only,,table
saluja1995_10.1021_je00018a007_t4,SALUJA(1995),,rho,346.9,6.0,0.4917,3.4141,0.0,1.4612,0.0,0.0,1108.716148,,T,test-only,,table
saluja1995_10.1021_je00018a007_t4,SALUJA(1995),,rho,346.9,6.0,0.9398,3.5502,0.0,1.3052,0.0,0.0,1110.845148,,T,test-only,,table
saluja1995_10.1021_je00018a007_t4,SALUJA(1995),,rho,346.9,6.0,1.4359,3.7721,0.0,1.1681,0.0,0.0,1116.054948,,T,test-only,,table
saluja1995_10.1021_je00018a007_t4,SALUJA(1995),,rho,346.9,6.0,1.9492,3.881,0.0,0.9659,0.0,0.0,1116.986248,,T,test-only,,table
saluja1995_10.1021_je00018a007_t4,SALUJA(1995),,rho,346.9,6.0,2.3891,4.0311,0.0,0.821,0.0,0.0,1119.897448,,T,test-only,,table
saluja1995_10.1021_je00018a007_t4,SALUJA(1995),,rho,346.9,6.0,2.8826,4.2106,0.0,0.664,0.0,0.0,1123.662848,,T,test-only,,table
saluja1995_10.1021_je00018a007_t4,SALUJA(1995),,rho,346.9,6.0,3.3623,4.3507,0.0,0.4942,0.0,0.0,1125.959248,,T,test-only,,table
saluja1995_10.1021_je00018a007_t4,SALUJA(1995),,rho,346.9,6.0,3.9938,4.6958,0.0,0.351,0.0,0.0,1134.330548,,T,test-only,,table
saluja1995_10.1021_je00018a007_t4,SALUJA(1995),,rho,346.9,6.0,4.4528,4.853,0.0,0.2001,0.0,0.0,1137.091948,,T,test-only,,table
saluja1995_10.1021_je00018a007_t4,SALUJA(1995),,rho,321.97,6.0,0.2879,2.0605,0.0,0.8863,0.0,0.0,1071.28664,,T,test-only,,table
saluja1995_10.1021_je00018a007_t4,SALUJA(1995),,rho,321.97,6.0,0.5896,2.2118,0.0,0.8111,0.0,0.0,1075.80534,,T,test-only,,table
saluja1995_10.1021_je00018a007_t4,SALUJA(1995),,rho,321.97,6.0,0.8655,2.2873,0.0,0.7109,0.0,0.0,1077.43344,,T,test-only,,table
saluja1995_10.1021_je00018a007_t4,SALUJA(1995),,rho,321.97,6.0,1.2023,2.5373,0.0,0.6675,0.0,0.0,1085.71954,,T,test-only,,table
saluja1995_10.1021_je00018a007_t4,SALUJA(1995),,rho,321.97,6.0,1.4514,2.595,0.0,0.5718,0.0,0.0,1086.79714,,T,test-only,,table
saluja1995_10.1021_je00018a007_t4,SALUJA(1995),,rho,321.97,6.0,1.759,2.6098,0.0,0.4254,0.0,0.0,1085.93724,,T,test-only,,table
saluja1995_10.1021_je00018a007_t4,SALUJA(1995),,rho,321.97,6.0,2.0666,2.6558,0.0,0.2946,0.0,0.0,1086.15684,,T,test-only,,table
saluja1995_10.1021_je00018a007_t4,SALUJA(1995),,rho,321.97,6.0,2.3763,2.7939,0.0,0.2088,0.0,0.0,1089.81364,,T,test-only,,table
saluja1995_10.1021_je00018a007_t4,SALUJA(1995),,rho,321.97,6.0,2.6621,2.86104,0.0,0.09947,0.0,0.0,1090.96244,,T,test-only,,table
saluja1995_10.1021_je00018a007_t4,SALUJA(1995),,rho,321.97,6.0,0.4917,3.4141,0.0,1.4612,0.0,0.0,1122.26254,,T,test-only,,table
saluja1995_10.1021_je00018a007_t4,SALUJA(1995),,rho,321.97,6.0,0.9398,3.5502,0.0,1.3052,0.0,0.0,1124.61414,,T,test-only,,table
saluja1995_10.1021_je00018a007_t4,SALUJA(1995),,rho,321.97,6.0,1.4359,3.7721,0.0,1.1681,0.0,0.0,1130.03814,,T,test-only,,table
saluja1995_10.1021_je00018a007_t4,SALUJA(1995),,rho,321.97,6.0,1.9492,3.881,0.0,0.9659,0.0,0.0,1131.16514,,T,test-only,,table
saluja1995_10.1021_je00018a007_t4,SALUJA(1995),,rho,321.97,6.0,2.3891,4.0311,0.0,0.821,0.0,0.0,1134.24754,,T,test-only,,table
saluja1995_10.1021_je00018a007_t4,SALUJA(1995),,rho,321.97,6.0,2.8826,4.2106,0.0,0.664,0.0,0.0,1138.13394,,T,test-only,,table
saluja1995_10.1021_je00018a007_t4,SALUJA(1995),,rho,321.97,6.0,3.3623,4.3507,0.0,0.4942,0.0,0.0,1140.49454,,T,test-only,,table
saluja1995_10.1021_je00018a007_t4,SALUJA(1995),,rho,321.97,6.0,3.9938,4.6958,0.0,0.351,0.0,0.0,1149.15204,,T,test-only,,table
saluja1995_10.1021_je00018a007_t4,SALUJA(1995),,rho,321.97,6.0,4.4528,4.853,0.0,0.2001,0.0,0.0,1152.00324,,T,test-only,,table
saluja1995_10.1021_je00018a007_t4,SALUJA(1995),,rho,371.82,6.0,0.2879,2.0605,0.0,0.8863,0.0,0.0,1043.030424,,T,test-only,,table
saluja1995_10.1021_je00018a007_t4,SALUJA(1995),,rho,371.82,6.0,0.5896,2.2118,0.0,0.8111,0.0,0.0,1047.405924,,T,test-only,,table
saluja1995_10.1021_je00018a007_t4,SALUJA(1995),,rho,371.82,6.0,0.8655,2.2873,0.0,0.7109,0.0,0.0,1049.031724,,T,test-only,,table
saluja1995_10.1021_je00018a007_t4,SALUJA(1995),,rho,371.82,6.0,1.2023,2.5373,0.0,0.6675,0.0,0.0,1057.011124,,T,test-only,,table
saluja1995_10.1021_je00018a007_t4,SALUJA(1995),,rho,371.82,6.0,1.4514,2.595,0.0,0.5718,0.0,0.0,1057.878724,,T,test-only,,table
saluja1995_10.1021_je00018a007_t4,SALUJA(1995),,rho,371.82,6.0,1.759,2.6098,0.0,0.4254,0.0,0.0,1056.808624,,T,test-only,,table
saluja1995_10.1021_je00018a007_t4,SALUJA(1995),,rho,371.82,6.0,2.0666,2.6558,0.0,0.2946,0.0,0.0,1056.848624,,T,test-only,,table
saluja1995_10.1021_je00018a007_t4,SALUJA(1995),,rho,371.82,6.0,2.3763,2.7939,0.0,0.2088,0.0,0.0,1060.393024,,T,test-only,,table
saluja1995_10.1021_je00018a007_t4,SALUJA(1995),,rho,371.82,6.0,2.6621,2.86104,0.0,0.09947,0.0,0.0,1061.255524,,T,test-only,,table
saluja1995_10.1021_je00018a007_t4,SALUJA(1995),,rho,371.82,6.0,0.4917,3.4141,0.0,1.4612,0.0,0.0,1093.735924,,T,test-only,,table
saluja1995_10.1021_je00018a007_t4,SALUJA(1995),,rho,371.82,6.0,0.9398,3.5502,0.0,1.3052,0.0,0.0,1095.729724,,T,test-only,,table
saluja1995_10.1021_je00018a007_t4,SALUJA(1995),,rho,371.82,6.0,1.4359,3.7721,0.0,1.1681,0.0,0.0,1100.818724,,T,test-only,,table
saluja1995_10.1021_je00018a007_t4,SALUJA(1995),,rho,371.82,6.0,1.9492,3.881,0.0,0.9659,0.0,0.0,1101.284524,,T,test-only,,table
saluja1995_10.1021_je00018a007_t4,SALUJA(1995),,rho,371.82,6.0,2.3891,4.0311,0.0,0.821,0.0,0.0,1104.468124,,T,test-only,,table
saluja1995_10.1021_je00018a007_t4,SALUJA(1995),,rho,371.82,6.0,2.8826,4.2106,0.0,0.664,0.0,0.0,1108.254924,,T,test-only,,table
saluja1995_10.1021_je00018a007_t4,SALUJA(1995),,rho,371.82,6.0,3.3623,4.3507,0.0,0.4942,0.0,0.0,1110.396924,,T,test-only,,table
saluja1995_10.1021_je00018a007_t4,SALUJA(1995),,rho,371.82,6.0,3.9938,4.6958,0.0,0.351,0.0,0.0,1118.656424,,T,test-only,,table
saluja1995_10.1021_je00018a007_t4,SALUJA(1995),,rho,371.82,6.0,4.4528,4.853,0.0,0.2001,0.0,0.0,1121.237124,,T,test-only,,table
saluja1995_10.1021_je00018a007_t4,SALUJA(1995),,rho,296.02,6.0,0.0,1.948,0.0,0.8777,0.0963,0.0,1078.661345,,T,test-only,,table
saluja1995_10.1021_je00018a007_t4,SALUJA(1995),,rho,296.02,6.0,0.0,1.977,0.0,0.7906,0.1979,0.0,1078.750545,,T,test-only,,table
saluja1995_10.1021_je00018a007_t4,SALUJA(1995),,rho,296.02,6.0,0.0,1.861,0.0,0.6568,0.2737,0.0,1073.326245,,T,test-only,,table
saluja1995_10.1021_je00018a007_t4,SALUJA(1995),,rho,296.02,6.0,0.0,2.005,0.0,0.6233,0.3792,0.0,1077.856145,,T,test-only,,table
saluja1995_10.1021_je00018a007_t4,SALUJA(1995),,rho,296.02,6.0,0.0,1.8918,0.0,0.4725,0.4734,0.0,1072.400845,,T,test-only,,table
saluja1995_10.1021_je00018a007_t4,SALUJA(1995),,rho,296.02,6.0,0.0,1.9192,0.0,0.396,0.5636,0.0,1072.521745,,T,test-only,,table
saluja1995_10.1021_je00018a007_t4,SALUJA(1995),,rho,296.02,6.0,0.0,1.815,0.0,0.2767,0.6308,0.0,1067.616645,,T,test-only,,table
saluja1995_10.1021_je00018a007_t4,SALUJA(1995),,rho,296.02,6.0,0.0,1.84,0.0,0.1857,0.7343,0.0,1067.640745,,T,test-only,,table
saluja1995_10.1021_je00018a007_t4,SALUJA(1995),,rho,296.02,6.0,0.0,1.852,0.0,0.092,0.834,0.0,1066.919645,,T,test-only,,table
saluja1995_10.1021_je00018a007_t4,SALUJA(1995),,rho,296.02,6.0,0.0,3.211,0.0,1.4451,0.1604,0.0,1126.150845,,T,test-only,,table
saluja1995_10.1021_je00018a007_t4,SALUJA(1995),,rho,296.02,6.0,0.0,3.1028,0.0,1.2591,0.2923,0.0,1120.846645,,T,test-only,,table
saluja1995_10.1021_je00018a007_t4,SALUJA(1995),,rho,296.02,6.0,0.0,3.1074,0.0,1.0946,0.4591,0.0,1119.301445,,T,test-only,,table
saluja1995_10.1021_je00018a007_t4,SALUJA(1995),,rho,296.02,6.0,0.0,3.1132,0.0,0.9587,0.5979,0.0,1118.117745,,T,test-only,,table
saluja1995_10.1021_je00018a007_t4,SALUJA(1995),,rho,296.02,6.0,0.0,3.0244,0.0,0.7648,0.7474,0.0,1113.354145,,T,test-only,,table
saluja1995_10.1021_je00018a007_t4,SALUJA(1995),,rho,296.02,6.0,0.0,2.922,0.0,0.5907,0.8703,0.0,1108.185145,,T,test-only,,table
saluja1995_10.1021_je00018a007_t4,SALUJA(1995),,rho,296.02,6.0,0.0,2.9562,0.0,0.4429,1.0352,0.0,1107.743845,,T,test-only,,table
saluja1995_10.1021_je00018a007_t4,SALUJA(1995),,rho,296.02,6.0,0.0,2.9318,0.0,0.3025,1.1634,0.0,1105.545545,,T,test-only,,table
saluja1995_10.1021_je00018a007_t4,SALUJA(1995),,rho,296.02,6.0,0.0,2.8972,0.0,0.1411,1.3075,0.0,1102.633845,,T,test-only,,table
saluja1995_10.1021_je00018a007_t4,SALUJA(1995),,rho,346.9,6.0,0.0,1.948,0.0,0.8777,0.0963,0.0,1055.554048,,T,test-only,,table
saluja1995_10.1021_je00018a007_t4,SALUJA(1995),,rho,346.9,6.0,0.0,1.977,0.0,0.7906,0.1979,0.0,1055.785648,,T,test-only,,table
saluja1995_10.1021_je00018a007_t4,SALUJA(1995),,rho,346.9,6.0,0.0,1.861,0.0,0.6568,0.2737,0.0,1050.536848,,T,test-only,,table
saluja1995_10.1021_je00018a007_t4,SALUJA(1995),,rho,346.9,6.0,0.0,2.005,0.0,0.6233,0.3792,0.0,1055.206648,,T,test-only,,table
saluja1995_10.1021_je00018a007_t4,SALUJA(1995),,rho,346.9,6.0,0.0,1.8918,0.0,0.4725,0.4734,0.0,1049.998248,,T,test-only,,table
saluja1995_10.1021_je00018a007_t4,SALUJA(1995),,rho,346.9,6.0,0.0,1.9192,0.0,0.396,0.5636,0.0,1050.280648,,T,test-only,,table
saluja1995_10.1021_je00018a007_t4,SALUJA(1995),,rho,346.9,6.0,0.0,1.815,0.0,0.2767,0.6308,0.0,1045.441948,,T,test-only,,table
saluja1995_10.1021_je00018a007_t4,SALUJA(1995),,rho,346.9,6.0,0.0,1.84,0.0,0.1857,0.7343,0.0,1045.746948,,T,test-only,,table
saluja1995_10.1021_je00018a007_t4,SALUJA(1995),,rho,346.9,6.0,0.0,1.852,0.0,0.092,0.834,0.0,1045.320448,,T,test-only,,table
saluja1995_10.1021_je00018a007_t4,SALUJA(1995),,rho,346.9,6.0,0.0,3.211,0.0,1.4451,0.1604,0.0,1102.323048,,T,test-only,,table
saluja1995_10.1021_je00018a007_t4,SALUJA(1995),,rho,346.9,6.0,0.0,3.1028,0.0,1.2591,0.2923,0.0,1096.770448,,T,test-only,,table
saluja1995_10.1021_je00018a007_t4,SALUJA(1995),,rho,346.9,6.0,0.0,3.1074,0.0,1.0946,0.4591,0.0,1096.008748,,T,test-only,,table
saluja1995_10.1021_je00018a007_t4,SALUJA(1995),,rho,346.9,6.0,0.0,3.1132,0.0,0.9587,0.5979,0.0,1095.141948,,T,test-only,,table
saluja1995_10.1021_je00018a007_t4,SALUJA(1995),,rho,346.9,6.0,0.0,3.0244,0.0,0.7648,0.7474,0.0,1090.485948,,T,test-only,,table
saluja1995_10.1021_je00018a007_t4,SALUJA(1995),,rho,346.9,6.0,0.0,2.922,0.0,0.5907,0.8703,0.0,1085.727948,,T,test-only,,table
saluja1995_10.1021_je00018a007_t4,SALUJA(1995),,rho,346.9,6.0,0.0,2.9562,0.0,0.4429,1.0352,0.0,1085.872048,,T,test-only,,table
saluja1995_10.1021_je00018a007_t4,SALUJA(1995),,rho,346.9,6.0,0.0,2.9318,0.0,0.3025,1.1634,0.0,1083.789748,,T,test-only,,table
saluja1995_10.1021_je00018a007_t4,SALUJA(1995),,rho,346.9,6.0,0.0,2.8972,0.0,0.1411,1.3075,0.0,1081.325248,,T,test-only,,table
saluja1995_10.1021_je00018a007_t4,SALUJA(1995),,rho,321.97,6.0,0.0,1.948,0.0,0.8777,0.0963,0.0,1068.42044,,T,test-only,,table
saluja1995_10.1021_je00018a007_t4,SALUJA(1995),,rho,321.97,6.0,0.0,1.977,0.0,0.7906,0.1979,0.0,1068.63584,,T,test-only,,table
saluja1995_10.1021_je00018a007_t4,SALUJA(1995),,rho,321.97,6.0,0.0,1.861,0.0,0.6568,0.2737,0.0,1063.32814,,T,test-only,,table
saluja1995_10.1021_je00018a007_t4,SALUJA(1995),,rho,321.97,6.0,0.0,2.005,0.0,0.6233,0.3792,0.0,1067.86704,,T,test-only,,table
saluja1995_10.1021_je00018a007_t4,SALUJA(1995),,rho,321.97,6.0,0.0,1.8918,0.0,0.4725,0.4734,0.0,1062.56714,,T,test-only,,table
saluja1995_10.1021_je00018a007_t4,SALUJA(1995),,rho,321.97,6.0,0.0,1.9192,0.0,0.396,0.5636,0.0,1062.77434,,T,test-only,,table
saluja1995_10.1021_je00018a007_t4,SALUJA(1995),,rho,321.97,6.0,0.0,1.815,0.0,0.2767,0.6308,0.0,1057.99984,,T,test-only,,table
saluja1995_10.1021_je00018a007_t4,SALUJA(1995),,rho,321.97,6.0,0.0,1.84,0.0,0.1857,0.7343,0.0,1058.02494,,T,test-only,,table
saluja1995_10.1021_je00018a007_t4,SALUJA(1995),,rho,321.97,6.0,0.0,1.852,0.0,0.092,0.834,0.0,1057.55014,,T,test-only,,table
saluja1995_10.1021_je00018a007_t4,SALUJA(1995),,rho,321.97,6.0,0.0,3.211,0.0,1.4451,0.1604,0.0,1115.18804,,T,test-only,,table
saluja1995_10.1021_je00018a007_t4,SALUJA(1995),,rho,321.97,6.0,0.0,3.1028,0.0,1.2591,0.2923,0.0,1109.95564,,T,test-only,,table
saluja1995_10.1021_je00018a007_t4,SALUJA(1995),,rho,321.97,6.0,0.0,3.1074,0.0,1.0946,0.4591,0.0,1108.65954,,T,test-only,,table
saluja1995_10.1021_je00018a007_t4,SALUJA(1995),,rho,321.97,6.0,0.0,3.1132,0.0,0.9587,0.5979,0.0,1107.48854,,T,test-only,,table
saluja1995_10.1021_je00018a007_t4,SALUJA(1995),,rho,321.97,6.0,0.0,3.0244,0.0,0.7648,0.7474,0.0,1103.07364,,T,test-only,,table
saluja1995_10.1021_je00018a007_t4,SALUJA(1995),,rho,321.97,6.0,0.0,2.922,0.0,0.5907,0.8703,0.0,1098.04304,,T,test-only,,table
saluja1995_10.1021_je00018a007_t4,SALUJA(1995),,rho,321.97,6.0,0.0,2.9562,0.0,0.4429,1.0352,0.0,1097.71894,,T,test-only,,table
saluja1995_10.1021_je00018a007_t4,SALUJA(1995),,rho,321.97,6.0,0.0,2.9318,0.0,0.3025,1.1634,0.0,1095.57794,,T,test-only,,table
saluja1995_10.1021_je00018a007_t4,SALUJA(1995),,rho,321.97,6.0,0.0,2.8972,0.0,0.1411,1.3075,0.0,1092.98814,,T,test-only,,table
saluja1995_10.1021_je00018a007_t4,SALUJA(1995),,rho,371.82,6.0,0.0,1.948,0.0,0.8777,0.0963,0.0,1040.202924,,T,test-only,,table
saluja1995_10.1021_je00018a007_t4,SALUJA(1995),,rho,371.82,6.0,0.0,1.977,0.0,0.7906,0.1979,0.0,1040.516724,,T,test-only,,table
saluja1995_10.1021_je00018a007_t4,SALUJA(1995),,rho,371.82,6.0,0.0,1.861,0.0,0.6568,0.2737,0.0,1035.590824,,T,test-only,,table
saluja1995_10.1021_je00018a007_t4,SALUJA(1995),,rho,371.82,6.0,0.0,2.005,0.0,0.6233,0.3792,0.0,1040.289024,,T,test-only,,table
saluja1995_10.1021_je00018a007_t4,SALUJA(1995),,rho,371.82,6.0,0.0,1.8918,0.0,0.4725,0.4734,0.0,1035.111624,,T,test-only,,table
saluja1995_10.1021_je00018a007_t4,SALUJA(1995),,rho,371.82,6.0,0.0,1.9192,0.0,0.396,0.5636,0.0,1035.500824,,T,test-only,,table
saluja1995_10.1021_je00018a007_t4,SALUJA(1995),,rho,371.82,6.0,0.0,1.815,0.0,0.2767,0.6308,0.0,1031.309324,,T,test-only,,table
saluja1995_10.1021_je00018a007_t4,SALUJA(1995),,rho,371.82,6.0,0.0,1.84,0.0,0.1857,0.7343,0.0,1031.037424,,T,test-only,,table
saluja1995_10.1021_je00018a007_t4,SALUJA(1995),,rho,371.82,6.0,0.0,1.852,0.0,0.092,0.834,0.0,1030.749424,,T,test-only,,table
saluja1995_10.1021_je00018a007_t4,SALUJA(1995),,rho,371.82,6.0,0.0,3.211,0.0,1.4451,0.1604,0.0,1087.733224,,T,test-only,,table
saluja1995_10.1021_je00018a007_t4,SALUJA(1995),,rho,371.82,6.0,0.0,3.1028,0.0,1.2591,0.2923,0.0,1082.654424,,T,test-only,,table
saluja1995_10.1021_je00018a007_t4,SALUJA(1995),,rho,371.82,6.0,0.0,3.1074,0.0,1.0946,0.4591,0.0,1081.254224,,T,test-only,,table
saluja1995_10.1021_je00018a007_t4,SALUJA(1995),,rho,371.82,6.0,0.0,3.1132,0.0,0.9587,0.5979,0.0,1080.753124,,T,test-only,,table
saluja1995_10.1021_je00018a007_t4,SALUJA(1995),,rho,371.82,6.0,0.0,3.0244,0.0,0.7648,0.7474,0.0,1076.490024,,T,test-only,,table
saluja1995_10.1021_je00018a007_t4,SALUJA(1995),,rho,371.82,6.0,0.0,2.922,0.0,0.5907,0.8703,0.0,1071.592824,,T,test-only,,table
saluja1995_10.1021_je00018a007_t4,SALUJA(1995),,rho,371.82,6.0,0.0,2.9562,0.0,0.4429,1.0352,0.0,1071.674624,,T,test-only,,table
saluja1995_10.1021_je00018a007_t4,SALUJA(1995),,rho,371.82,6.0,0.0,2.9318,0.0,0.3025,1.1634,0.0,1069.602624,,T,test-only,,table
saluja1995_10.1021_je00018a007_t4,SALUJA(1995),,rho,371.82,6.0,0.0,2.8972,0.0,0.1411,1.3075,0.0,1067.301324,,T,test-only,,table
rogers1982_10.1021_je00027a014_t1,ROGERS(1982),,rho,348.15,20.27,0.053,0.053,0.0,0.0,0.0,0.0,977.82,,T,test-only,,table
rogers1982_10.1021_je00027a014_t1,ROGERS(1982),,rho,348.15,20.27,0.2719,0.2719,0.0,0.0,0.0,0.0,986.33,,T,test-only,,table
rogers1982_10.1021_je00027a014_t1,ROGERS(1982),,rho,348.15,20.27,0.5571,0.5571,0.0,0.0,0.0,0.0,996.95,,T,test-only,,table
rogers1982_10.1021_je00027a014_t1,ROGERS(1982),,rho,348.15,20.27,0.9775,0.9775,0.0,0.0,0.0,0.0,1012.3,,T,test-only,,table
rogers1982_10.1021_je00027a014_t1,ROGERS(1982),,rho,348.15,20.27,1.036,1.036,0.0,0.0,0.0,0.0,1014.39,,T,test-only,,table
rogers1982_10.1021_je00027a014_t1,ROGERS(1982),,rho,348.15,20.27,3.061,3.061,0.0,0.0,0.0,0.0,1082.02,,T,test-only,,table
rogers1982_10.1021_je00027a014_t1,ROGERS(1982),,rho,348.15,20.27,3.2428,3.2428,0.0,0.0,0.0,0.0,1087.64,,T,test-only,,table
rogers1982_10.1021_je00027a014_t1,ROGERS(1982),,rho,348.15,20.27,4.3933,4.3933,0.0,0.0,0.0,0.0,1121.9,,T,test-only,,table
rogers1982_10.1021_je00027a014_t1,ROGERS(1982),,rho,373.15,20.27,0.053,0.053,0.0,0.0,0.0,0.0,961.41,,T,test-only,,table
rogers1982_10.1021_je00027a014_t1,ROGERS(1982),,rho,373.15,20.27,0.2719,0.2719,0.0,0.0,0.0,0.0,969.95,,T,test-only,,table
rogers1982_10.1021_je00027a014_t1,ROGERS(1982),,rho,373.15,20.27,0.5571,0.5571,0.0,0.0,0.0,0.0,980.68,,T,test-only,,table
rogers1982_10.1021_je00027a014_t1,ROGERS(1982),,rho,373.15,20.27,0.9775,0.9775,0.0,0.0,0.0,0.0,996.15,,T,test-only,,table
rogers1982_10.1021_je00027a014_t1,ROGERS(1982),,rho,373.15,20.27,1.036,1.036,0.0,0.0,0.0,0.0,998.21,,T,test-only,,table
rogers1982_10.1021_je00027a014_t1,ROGERS(1982),,rho,373.15,20.27,3.061,3.061,0.0,0.0,0.0,0.0,1066.04,,T,test-only,,table
rogers1982_10.1021_je00027a014_t1,ROGERS(1982),,rho,373.15,20.27,3.2428,3.2428,0.0,0.0,0.0,0.0,1071.56,,T,test-only,,table
rogers1982_10.1021_je00027a014_t1,ROGERS(1982),,rho,373.15,20.27,4.3933,4.3933,0.0,0.0,0.0,0.0,1105.94,,T,test-only,,table
rogers1982_10.1021_je00027a014_t1,ROGERS(1982),,rho,398.15,20.27,0.053,0.053,0.0,0.0,0.0,0.0,942.16,,T,test-only,,table
rogers1982_10.1021_je00027a014_t1,ROGERS(1982),,rho,398.15,20.27,0.2719,0.2719,0.0,0.0,0.0,0.0,950.85,,T,test-only,,table
rogers1982_10.1021_je00027a014_t1,ROGERS(1982),,rho,398.15,20.27,0.5571,0.5571,0.0,0.0,0.0,0.0,961.84,,T,test-only,,table
rogers1982_10.1021_je00027a014_t1,ROGERS(1982),,rho,398.15,20.27,0.9775,0.9775,0.0,0.0,0.0,0.0,977.64,,T,test-only,,table
rogers1982_10.1021_je00027a014_t1,ROGERS(1982),,rho,398.15,20.27,1.036,1.036,0.0,0.0,0.0,0.0,979.7,,T,test-only,,table
rogers1982_10.1021_je00027a014_t1,ROGERS(1982),,rho,398.15,20.27,3.061,3.061,0.0,0.0,0.0,0.0,1048.39,,T,test-only,,table
rogers1982_10.1021_je00027a014_t1,ROGERS(1982),,rho,398.15,20.27,3.2428,3.2428,0.0,0.0,0.0,0.0,1053.82,,T,test-only,,table
rogers1982_10.1021_je00027a014_t1,ROGERS(1982),,rho,398.15,20.27,4.3933,4.3933,0.0,0.0,0.0,0.0,1088.59,,T,test-only,,table
rogers1982_10.1021_je00027a014_t1,ROGERS(1982),,rho,423.15,20.27,0.053,0.053,0.0,0.0,0.0,0.0,920.21,,T,test-only,,table
rogers1982_10.1021_je00027a014_t1,ROGERS(1982),,rho,423.15,20.27,0.2719,0.2719,0.0,0.0,0.0,0.0,929.2,,T,test-only,,table
rogers1982_10.1021_je00027a014_t1,ROGERS(1982),,rho,423.15,20.27,0.5571,0.5571,0.0,0.0,0.0,0.0,940.55,,T,test-only,,table
rogers1982_10.1021_je00027a014_t1,ROGERS(1982),,rho,423.15,20.27,0.9775,0.9775,0.0,0.0,0.0,0.0,956.89,,T,test-only,,table
rogers1982_10.1021_je00027a014_t1,ROGERS(1982),,rho,423.15,20.27,1.036,1.036,0.0,0.0,0.0,0.0,958.94,,T,test-only,,table
rogers1982_10.1021_je00027a014_t1,ROGERS(1982),,rho,423.15,20.27,3.061,3.061,0.0,0.0,0.0,0.0,1029.12,,T,test-only,,table
rogers1982_10.1021_je00027a014_t1,ROGERS(1982),,rho,423.15,20.27,3.2428,3.2428,0.0,0.0,0.0,0.0,1034.46,,T,test-only,,table
rogers1982_10.1021_je00027a014_t1,ROGERS(1982),,rho,423.15,20.27,4.3933,4.3933,0.0,0.0,0.0,0.0,1069.86,,T,test-only,,table
rogers1982_10.1021_je00027a014_t1,ROGERS(1982),,rho,448.15,20.27,0.053,0.053,0.0,0.0,0.0,0.0,895.49,,T,test-only,,table
rogers1982_10.1021_je00027a014_t1,ROGERS(1982),,rho,448.15,20.27,0.2719,0.2719,0.0,0.0,0.0,0.0,904.94,,T,test-only,,table
rogers1982_10.1021_je00027a014_t1,ROGERS(1982),,rho,448.15,20.27,0.5571,0.5571,0.0,0.0,0.0,0.0,916.76,,T,test-only,,table
rogers1982_10.1021_je00027a014_t1,ROGERS(1982),,rho,448.15,20.27,0.9775,0.9775,0.0,0.0,0.0,0.0,933.88,,T,test-only,,table
rogers1982_10.1021_je00027a014_t1,ROGERS(1982),,rho,448.15,20.27,1.036,1.036,0.0,0.0,0.0,0.0,935.92,,T,test-only,,table
rogers1982_10.1021_je00027a014_t1,ROGERS(1982),,rho,448.15,20.27,3.061,3.061,0.0,0.0,0.0,0.0,1008.2,,T,test-only,,table
rogers1982_10.1021_je00027a014_t1,ROGERS(1982),,rho,448.15,20.27,3.2428,3.2428,0.0,0.0,0.0,0.0,1013.48,,T,test-only,,table
rogers1982_10.1021_je00027a014_t1,ROGERS(1982),,rho,448.15,20.27,4.3933,4.3933,0.0,0.0,0.0,0.0,1049.76,,T,test-only,,table
rogers1982_10.1021_je00027a014_t1,ROGERS(1982),,rho,473.15,20.27,0.053,0.053,0.0,0.0,0.0,0.0,867.67,,T,test-only,,table
rogers1982_10.1021_je00027a014_t1,ROGERS(1982),,rho,473.15,20.27,0.2719,0.2719,0.0,0.0,0.0,0.0,877.74,,T,test-only,,table
rogers1982_10.1021_je00027a014_t1,ROGERS(1982),,rho,473.15,20.27,0.5571,0.5571,0.0,0.0,0.0,0.0,890.24,,T,test-only,,table
rogers1982_10.1021_je00027a014_t1,ROGERS(1982),,rho,473.15,20.27,0.9775,0.9775,0.0,0.0,0.0,0.0,908.47,,T,test-only,,table
rogers1982_10.1021_je00027a014_t1,ROGERS(1982),,rho,473.15,20.27,1.036,1.036,0.0,0.0,0.0,0.0,910.42,,T,test-only,,table
rogers1982_10.1021_je00027a014_t1,ROGERS(1982),,rho,473.15,20.27,3.061,3.061,0.0,0.0,0.0,0.0,985.56,,T,test-only,,table
rogers1982_10.1021_je00027a014_t1,ROGERS(1982),,rho,473.15,20.27,3.2428,3.2428,0.0,0.0,0.0,0.0,990.81,,T,test-only,,table
rogers1982_10.1021_je00027a014_t1,ROGERS(1982),,rho,473.15,20.27,4.3933,4.3933,0.0,0.0,0.0,0.0,1028.31,,T,test-only,,table
romankiw1983_10.1021_je00033a005_t1,ROMANKIW(1983),,rho,298.15,1.0132,1.0,1.0,0.0,0.0,0.0,0.0,1036.13,,T,test-only,,table
romankiw1983_10.1021_je00033a005_t1,ROMANKIW(1983),,rho,298.15,1.0132,2.0,2.0,0.0,0.0,0.0,0.0,1072.11,,T,test-only,,table
romankiw1983_10.1021_je00033a005_t1,ROMANKIW(1983),,rho,298.15,1.0132,3.0,3.0,0.0,0.0,0.0,0.0,1105.57,,T,test-only,,table
romankiw1983_10.1021_je00033a005_t1,ROMANKIW(1983),,rho,298.15,1.0132,4.0,4.0,0.0,0.0,0.0,0.0,1136.84,,T,test-only,,table
romankiw1983_10.1021_je00033a005_t1,ROMANKIW(1983),,rho,298.15,1.0132,5.0,5.0,0.0,0.0,0.0,0.0,1166.23,,T,test-only,,table
romankiw1983_10.1021_je00033a005_t1,ROMANKIW(1983),,rho,298.15,1.0132,5.8,5.8,0.0,0.0,0.0,0.0,1188.48,,T,test-only,,table
romankiw1983_10.1021_je00033a005_t1,ROMANKIW(1983),,rho,298.15,1.0132,6.0,6.0,0.0,0.0,0.0,0.0,1193.9,,T,test-only,,table
romankiw1983_10.1021_je00033a005_t1,ROMANKIW(1983),,rho,298.15,1.0132,6.1,6.1,0.0,0.0,0.0,0.0,1196.59,,T,test-only,,table
romankiw1983_10.1021_je00033a005_t1,ROMANKIW(1983),,rho,303.15,1.0132,1.0,1.0,0.0,0.0,0.0,0.0,1034.41,,T,test-only,,table
romankiw1983_10.1021_je00033a005_t1,ROMANKIW(1983),,rho,303.15,1.0132,2.0,2.0,0.0,0.0,0.0,0.0,1070.18,,T,test-only,,table
romankiw1983_10.1021_je00033a005_t1,ROMANKIW(1983),,rho,303.15,1.0132,3.0,3.0,0.0,0.0,0.0,0.0,1103.4,,T,test-only,,table
romankiw1983_10.1021_je00033a005_t1,ROMANKIW(1983),,rho,303.15,1.0132,4.0,4.0,0.0,0.0,0.0,0.0,1134.53,,T,test-only,,table
romankiw1983_10.1021_je00033a005_t1,ROMANKIW(1983),,rho,303.15,1.0132,5.0,5.0,0.0,0.0,0.0,0.0,1163.76,,T,test-only,,table
romankiw1983_10.1021_je00033a005_t1,ROMANKIW(1983),,rho,303.15,1.0132,5.8,5.8,0.0,0.0,0.0,0.0,1185.94,,T,test-only,,table
romankiw1983_10.1021_je00033a005_t1,ROMANKIW(1983),,rho,303.15,1.0132,6.0,6.0,0.0,0.0,0.0,0.0,1191.3,,T,test-only,,table
romankiw1983_10.1021_je00033a005_t1,ROMANKIW(1983),,rho,303.15,1.0132,6.1,6.1,0.0,0.0,0.0,0.0,1194.01,,T,test-only,,table
romankiw1983_10.1021_je00033a005_t1,ROMANKIW(1983),,rho,308.15,1.0132,1.0,1.0,0.0,0.0,0.0,0.0,1032.48,,T,test-only,,table
romankiw1983_10.1021_je00033a005_t1,ROMANKIW(1983),,rho,308.15,1.0132,2.0,2.0,0.0,0.0,0.0,0.0,1068.03,,T,test-only,,table
romankiw1983_10.1021_je00033a005_t1,ROMANKIW(1983),,rho,308.15,1.0132,3.0,3.0,0.0,0.0,0.0,0.0,1101.01,,T,test-only,,table
romankiw1983_10.1021_je00033a005_t1,ROMANKIW(1983),,rho,308.15,1.0132,4.0,4.0,0.0,0.0,0.0,0.0,1132.02,,T,test-only,,table
romankiw1983_10.1021_je00033a005_t1,ROMANKIW(1983),,rho,308.15,1.0132,5.0,5.0,0.0,0.0,0.0,0.0,1161.14,,T,test-only,,table
romankiw1983_10.1021_je00033a005_t1,ROMANKIW(1983),,rho,308.15,1.0132,5.8,5.8,0.0,0.0,0.0,0.0,1183.14,,T,test-only,,table
romankiw1983_10.1021_je00033a005_t1,ROMANKIW(1983),,rho,308.15,1.0132,6.0,6.0,0.0,0.0,0.0,0.0,1188.5,,T,test-only,,table
romankiw1983_10.1021_je00033a005_t1,ROMANKIW(1983),,rho,308.15,1.0132,6.1,6.1,0.0,0.0,0.0,0.0,1191.26,,T,test-only,,table
romankiw1983_10.1021_je00033a005_t1,ROMANKIW(1983),,rho,313.15,1.0132,1.0,1.0,0.0,0.0,0.0,0.0,1030.43,,T,test-only,,table
romankiw1983_10.1021_je00033a005_t1,ROMANKIW(1983),,rho,313.15,1.0132,2.0,2.0,0.0,0.0,0.0,0.0,1065.72,,T,test-only,,table
romankiw1983_10.1021_je00033a005_t1,ROMANKIW(1983),,rho,313.15,1.0132,3.0,3.0,0.0,0.0,0.0,0.0,1098.57,,T,test-only,,table
romankiw1983_10.1021_je00033a005_t1,ROMANKIW(1983),,rho,313.15,1.0132,4.0,4.0,0.0,0.0,0.0,0.0,1129.45,,T,test-only,,table
romankiw1983_10.1021_je00033a005_t1,ROMANKIW(1983),,rho,313.15,1.0132,5.0,5.0,0.0,0.0,0.0,0.0,1158.5,,T,test-only,,table
romankiw1983_10.1021_je00033a005_t1,ROMANKIW(1983),,rho,313.15,1.0132,5.8,5.8,0.0,0.0,0.0,0.0,1180.42,,T,test-only,,table
romankiw1983_10.1021_je00033a005_t1,ROMANKIW(1983),,rho,313.15,1.0132,6.0,6.0,0.0,0.0,0.0,0.0,1185.79,,T,test-only,,table
romankiw1983_10.1021_je00033a005_t1,ROMANKIW(1983),,rho,313.15,1.0132,6.1,6.1,0.0,0.0,0.0,0.0,1188.54,,T,test-only,,table
romankiw1983_10.1021_je00033a005_t1,ROMANKIW(1983),,rho,318.15,1.0132,1.0,1.0,0.0,0.0,0.0,0.0,1028.24,,T,test-only,,table
romankiw1983_10.1021_je00033a005_t1,ROMANKIW(1983),,rho,318.15,1.0132,2.0,2.0,0.0,0.0,0.0,0.0,1063.42,,T,test-only,,table
romankiw1983_10.1021_je00033a005_t1,ROMANKIW(1983),,rho,318.15,1.0132,3.0,3.0,0.0,0.0,0.0,0.0,1096.08,,T,test-only,,table
romankiw1983_10.1021_je00033a005_t1,ROMANKIW(1983),,rho,318.15,1.0132,4.0,4.0,0.0,0.0,0.0,0.0,1126.81,,T,test-only,,table
romankiw1983_10.1021_je00033a005_t1,ROMANKIW(1983),,rho,318.15,1.0132,5.0,5.0,0.0,0.0,0.0,0.0,1155.78,,T,test-only,,table
romankiw1983_10.1021_je00033a005_t1,ROMANKIW(1983),,rho,318.15,1.0132,5.8,5.8,0.0,0.0,0.0,0.0,1177.64,,T,test-only,,table
romankiw1983_10.1021_je00033a005_t1,ROMANKIW(1983),,rho,318.15,1.0132,6.0,6.0,0.0,0.0,0.0,0.0,1182.98,,T,test-only,,table
romankiw1983_10.1021_je00033a005_t1,ROMANKIW(1983),,rho,318.15,1.0132,6.1,6.1,0.0,0.0,0.0,0.0,1185.77,,T,test-only,,table
romankiw1983_10.1021_je00033a005_t2,ROMANKIW(1983),,rho,298.15,1.0132,0.0,0.5,0.5,0.0,0.0,0.0,1019.77,,T,test-only,,table
romankiw1983_10.1021_je00033a005_t2,ROMANKIW(1983),,rho,298.15,1.0132,0.0,1.0,1.0,0.0,0.0,0.0,1041.34,,T,test-only,,table
romankiw1983_10.1021_je00033a005_t2,ROMANKIW(1983),,rho,298.15,1.0132,0.0,1.5,1.5,0.0,0.0,0.0,1061.89,,T,test-only,,table
romankiw1983_10.1021_je00033a005_t2,ROMANKIW(1983),,rho,298.15,1.0132,0.0,2.0,2.0,0.0,0.0,0.0,1081.52,,T,test-only,,table
romankiw1983_10.1021_je00033a005_t2,ROMANKIW(1983),,rho,298.15,1.0132,0.0,2.5,2.5,0.0,0.0,0.0,1100.31,,T,test-only,,table
romankiw1983_10.1021_je00033a005_t2,ROMANKIW(1983),,rho,298.15,1.0132,0.0,3.0,3.0,0.0,0.0,0.0,1118.32,,T,test-only,,table
romankiw1983_10.1021_je00033a005_t2,ROMANKIW(1983),,rho,298.15,1.0132,0.0,3.5,3.5,0.0,0.0,0.0,1135.62,,T,test-only,,table
romankiw1983_10.1021_je00033a005_t2,ROMANKIW(1983),,rho,298.15,1.0132,0.0,4.0,4.0,0.0,0.0,0.0,1152.18,,T,test-only,,table
romankiw1983_10.1021_je00033a005_t2,ROMANKIW(1983),,rho,298.15,1.0132,0.0,4.5,4.5,0.0,0.0,0.0,1168.08,,T,test-only,,table
romankiw1983_10.1021_je00033a005_t2,ROMANKIW(1983),,rho,303.15,1.0132,0.0,0.5,0.5,0.0,0.0,0.0,1018.3,,T,test-only,,table
romankiw1983_10.1021_je00033a005_t2,ROMANKIW(1983),,rho,303.15,1.0132,0.0,1.0,1.0,0.0,0.0,0.0,1039.72,,T,test-only,,table
romankiw1983_10.1021_je00033a005_t2,ROMANKIW(1983),,rho,303.15,1.0132,0.0,1.5,1.5,0.0,0.0,0.0,1060.17,,T,test-only,,table
romankiw1983_10.1021_je00033a005_t2,ROMANKIW(1983),,rho,303.15,1.0132,0.0,2.0,2.0,0.0,0.0,0.0,1079.7,,T,test-only,,table
romankiw1983_10.1021_je00033a005_t2,ROMANKIW(1983),,rho,303.15,1.0132,0.0,2.5,2.5,0.0,0.0,0.0,1098.4,,T,test-only,,table
romankiw1983_10.1021_je00033a005_t2,ROMANKIW(1983),,rho,303.15,1.0132,0.0,3.0,3.0,0.0,0.0,0.0,1116.33,,T,test-only,,table
romankiw1983_10.1021_je00033a005_t2,ROMANKIW(1983),,rho,303.15,1.0132,0.0,3.5,3.5,0.0,0.0,0.0,1133.55,,T,test-only,,table
romankiw1983_10.1021_je00033a005_t2,ROMANKIW(1983),,rho,303.15,1.0132,0.0,4.0,4.0,0.0,0.0,0.0,1150.07,,T,test-only,,table
romankiw1983_10.1021_je00033a005_t2,ROMANKIW(1983),,rho,303.15,1.0132,0.0,4.5,4.5,0.0,0.0,0.0,1165.89,,T,test-only,,table
romankiw1983_10.1021_je00033a005_t2,ROMANKIW(1983),,rho,308.15,1.0132,0.0,0.5,0.5,0.0,0.0,0.0,1016.53,,T,test-only,,table
romankiw1983_10.1021_je00033a005_t2,ROMANKIW(1983),,rho,308.15,1.0132,0.0,1.0,1.0,0.0,0.0,0.0,1037.85,,T,test-only,,table
romankiw1983_10.1021_je00033a005_t2,ROMANKIW(1983),,rho,308.15,1.0132,0.0,1.5,1.5,0.0,0.0,0.0,1058.2,,T,test-only,,table
romankiw1983_10.1021_je00033a005_t2,ROMANKIW(1983),,rho,308.15,1.0132,0.0,2.0,2.0,0.0,0.0,0.0,1077.65,,T,test-only,,table
romankiw1983_10.1021_je00033a005_t2,ROMANKIW(1983),,rho,308.15,1.0132,0.0,2.5,2.5,0.0,0.0,0.0,1096.27,,T,test-only,,table
romankiw1983_10.1021_je00033a005_t2,ROMANKIW(1983),,rho,308.15,1.0132,0.0,3.0,3.0,0.0,0.0,0.0,1114.15,,T,test-only,,table
romankiw1983_10.1021_je00033a005_t2,ROMANKIW(1983),,rho,308.15,1.0132,0.0,3.5,3.5,0.0,0.0,0.0,1131.32,,T,test-only,,table
romankiw1983_10.1021_je00033a005_t2,ROMANKIW(1983),,rho,308.15,1.0132,0.0,4.0,4.0,0.0,0.0,0.0,1147.79,,T,test-only,,table
romankiw1983_10.1021_je00033a005_t2,ROMANKIW(1983),,rho,308.15,1.0132,0.0,4.5,4.5,0.0,0.0,0.0,1163.58,,T,test-only,,table
romankiw1983_10.1021_je00033a005_t2,ROMANKIW(1983),,rho,313.15,1.0132,0.0,0.5,0.5,0.0,0.0,0.0,1014.66,,T,test-only,,table
romankiw1983_10.1021_je00033a005_t2,ROMANKIW(1983),,rho,313.15,1.0132,0.0,1.0,1.0,0.0,0.0,0.0,1035.88,,T,test-only,,table
romankiw1983_10.1021_je00033a005_t2,ROMANKIW(1983),,rho,313.15,1.0132,0.0,1.5,1.5,0.0,0.0,0.0,1056.14,,T,test-only,,table
romankiw1983_10.1021_je00033a005_t2,ROMANKIW(1983),,rho,313.15,1.0132,0.0,2.0,2.0,0.0,0.0,0.0,1075.55,,T,test-only,,table
romankiw1983_10.1021_je00033a005_t2,ROMANKIW(1983),,rho,313.15,1.0132,0.0,2.5,2.5,0.0,0.0,0.0,1094.1,,T,test-only,,table
romankiw1983_10.1021_je00033a005_t2,ROMANKIW(1983),,rho,313.15,1.0132,0.0,3.0,3.0,0.0,0.0,0.0,1111.94,,T,test-only,,table
romankiw1983_10.1021_je00033a005_t2,ROMANKIW(1983),,rho,313.15,1.0132,0.0,3.5,3.5,0.0,0.0,0.0,1129.05,,T,test-only,,table
romankiw1983_10.1021_je00033a005_t2,ROMANKIW(1983),,rho,313.15,1.0132,0.0,4.0,4.0,0.0,0.0,0.0,1145.47,,T,test-only,,table
romankiw1983_10.1021_je00033a005_t2,ROMANKIW(1983),,rho,313.15,1.0132,0.0,4.5,4.5,0.0,0.0,0.0,1161.27,,T,test-only,,table
romankiw1983_10.1021_je00033a005_t2,ROMANKIW(1983),,rho,318.15,1.0132,0.0,0.5,0.5,0.0,0.0,0.0,1012.59,,T,test-only,,table
romankiw1983_10.1021_je00033a005_t2,ROMANKIW(1983),,rho,318.15,1.0132,0.0,1.0,1.0,0.0,0.0,0.0,1033.72,,T,test-only,,table
romankiw1983_10.1021_je00033a005_t2,ROMANKIW(1983),,rho,318.15,1.0132,0.0,1.5,1.5,0.0,0.0,0.0,1053.91,,T,test-only,,table
romankiw1983_10.1021_je00033a005_t2,ROMANKIW(1983),,rho,318.15,1.0132,0.0,2.0,2.0,0.0,0.0,0.0,1073.3,,T,test-only,,table
romankiw1983_10.1021_je00033a005_t2,ROMANKIW(1983),,rho,318.15,1.0132,0.0,2.5,2.5,0.0,0.0,0.0,1091.83,,T,test-only,,table
romankiw1983_10.1021_je00033a005_t2,ROMANKIW(1983),,rho,318.15,1.0132,0.0,3.0,3.0,0.0,0.0,0.0,1109.59,,T,test-only,,table
romankiw1983_10.1021_je00033a005_t2,ROMANKIW(1983),,rho,318.15,1.0132,0.0,3.5,3.5,0.0,0.0,0.0,1126.65,,T,test-only,,table
romankiw1983_10.1021_je00033a005_t2,ROMANKIW(1983),,rho,318.15,1.0132,0.0,4.0,4.0,0.0,0.0,0.0,1143.05,,T,test-only,,table
romankiw1983_10.1021_je00033a005_t2,ROMANKIW(1983),,rho,318.15,1.0132,0.0,4.5,4.5,0.0,0.0,0.0,1158.83,,T,test-only,,table
romankiw1983_10.1021_je00033a005_t3,ROMANKIW(1983),,rho,298.15,1.0132,0.0,1.08,0.0,0.0,0.54,0.0,1037.95,,T,test-only,,table
romankiw1983_10.1021_je00033a005_t3,ROMANKIW(1983),,rho,298.15,1.0132,0.0,2.18,0.0,0.0,1.09,0.0,1076.29,,T,test-only,,table
romankiw1983_10.1021_je00033a005_t3,ROMANKIW(1983),,rho,298.15,1.0132,0.0,3.26,0.0,0.0,1.63,0.0,1112.49,,T,test-only,,table
romankiw1983_10.1021_je00033a005_t3,ROMANKIW(1983),,rho,298.15,1.0132,0.0,4.36,0.0,0.0,2.18,0.0,1146.98,,T,test-only,,table
romankiw1983_10.1021_je00033a005_t3,ROMANKIW(1983),,rho,298.15,1.0132,0.0,5.5,0.0,0.0,2.75,0.0,1180.39,,T,test-only,,table
romankiw1983_10.1021_je00033a005_t3,ROMANKIW(1983),,rho,298.15,1.0132,0.0,6.62,0.0,0.0,3.31,0.0,1211.72,,T,test-only,,table
romankiw1983_10.1021_je00033a005_t3,ROMANKIW(1983),,rho,303.15,1.0132,0.0,1.08,0.0,0.0,0.54,0.0,1036.47,,T,test-only,,table
romankiw1983_10.1021_je00033a005_t3,ROMANKIW(1983),,rho,303.15,1.0132,0.0,2.18,0.0,0.0,1.09,0.0,1074.73,,T,test-only,,table
romankiw1983_10.1021_je00033a005_t3,ROMANKIW(1983),,rho,303.15,1.0132,0.0,3.26,0.0,0.0,1.63,0.0,1110.88,,T,test-only,,table
romankiw1983_10.1021_je00033a005_t3,ROMANKIW(1983),,rho,303.15,1.0132,0.0,4.36,0.0,0.0,2.18,0.0,1145.31,,T,test-only,,table
romankiw1983_10.1021_je00033a005_t3,ROMANKIW(1983),,rho,303.15,1.0132,0.0,5.5,0.0,0.0,2.75,0.0,1178.71,,T,test-only,,table
romankiw1983_10.1021_je00033a005_t3,ROMANKIW(1983),,rho,303.15,1.0132,0.0,6.62,0.0,0.0,3.31,0.0,1210.02,,T,test-only,,table
romankiw1983_10.1021_je00033a005_t3,ROMANKIW(1983),,rho,308.15,1.0132,0.0,1.08,0.0,0.0,0.54,0.0,1034.77,,T,test-only,,table
romankiw1983_10.1021_je00033a005_t3,ROMANKIW(1983),,rho,308.15,1.0132,0.0,2.18,0.0,0.0,1.09,0.0,1072.97,,T,test-only,,table
romankiw1983_10.1021_je00033a005_t3,ROMANKIW(1983),,rho,308.15,1.0132,0.0,3.26,0.0,0.0,1.63,0.0,1109.09,,T,test-only,,table
romankiw1983_10.1021_je00033a005_t3,ROMANKIW(1983),,rho,308.15,1.0132,0.0,4.36,0.0,0.0,2.18,0.0,1143.51,,T,test-only,,table
romankiw1983_10.1021_je00033a005_t3,ROMANKIW(1983),,rho,308.15,1.0132,0.0,5.5,0.0,0.0,2.75,0.0,1176.91,,T,test-only,,table
romankiw1983_10.1021_je00033a005_t3,ROMANKIW(1983),,rho,308.15,1.0132,0.0,6.62,0.0,0.0,3.31,0.0,1208.16,,T,test-only,,table
romankiw1983_10.1021_je00033a005_t3,ROMANKIW(1983),,rho,313.15,1.0132,0.0,1.08,0.0,0.0,0.54,0.0,1032.96,,T,test-only,,table
romankiw1983_10.1021_je00033a005_t3,ROMANKIW(1983),,rho,313.15,1.0132,0.0,2.18,0.0,0.0,1.09,0.0,1071.16,,T,test-only,,table
romankiw1983_10.1021_je00033a005_t3,ROMANKIW(1983),,rho,313.15,1.0132,0.0,3.26,0.0,0.0,1.63,0.0,1107.27,,T,test-only,,table
romankiw1983_10.1021_je00033a005_t3,ROMANKIW(1983),,rho,313.15,1.0132,0.0,4.36,0.0,0.0,2.18,0.0,1141.69,,T,test-only,,table
romankiw1983_10.1021_je00033a005_t3,ROMANKIW(1983),,rho,313.15,1.0132,0.0,5.5,0.0,0.0,2.75,0.0,1175.05,,T,test-only,,table
romankiw1983_10.1021_je00033a005_t3,ROMANKIW(1983),,rho,313.15,1.0132,0.0,6.62,0.0,0.0,3.31,0.0,1206.32,,T,test-only,,table
romankiw1983_10.1021_je00033a005_t3,ROMANKIW(1983),,rho,318.15,1.0132,0.0,1.08,0.0,0.0,0.54,0.0,1030.97,,T,test-only,,table
romankiw1983_10.1021_je00033a005_t3,ROMANKIW(1983),,rho,318.15,1.0132,0.0,2.18,0.0,0.0,1.09,0.0,1069.18,,T,test-only,,table
romankiw1983_10.1021_je00033a005_t3,ROMANKIW(1983),,rho,318.15,1.0132,0.0,3.26,0.0,0.0,1.63,0.0,1105.29,,T,test-only,,table
romankiw1983_10.1021_je00033a005_t3,ROMANKIW(1983),,rho,318.15,1.0132,0.0,4.36,0.0,0.0,2.18,0.0,1139.75,,T,test-only,,table
romankiw1983_10.1021_je00033a005_t3,ROMANKIW(1983),,rho,318.15,1.0132,0.0,5.5,0.0,0.0,2.75,0.0,1173.17,,T,test-only,,table
romankiw1983_10.1021_je00033a005_t3,ROMANKIW(1983),,rho,318.15,1.0132,0.0,6.62,0.0,0.0,3.31,0.0,1204.44,,T,test-only,,table
romankiw1983_10.1021_je00033a005_t4,ROMANKIW(1983),,rho,298.15,1.0132,0.0,0.92,0.0,0.46,0.0,0.0,1038.03,,T,test-only,,table
romankiw1983_10.1021_je00033a005_t4,ROMANKIW(1983),,rho,298.15,1.0132,0.0,1.86,0.0,0.93,0.0,0.0,1077.42,,T,test-only,,table
romankiw1983_10.1021_je00033a005_t4,ROMANKIW(1983),,rho,298.15,1.0132,0.0,2.62,0.0,1.31,0.0,0.0,1108.79,,T,test-only,,table
romankiw1983_10.1021_je00033a005_t4,ROMANKIW(1983),,rho,298.15,1.0132,0.0,3.44,0.0,1.72,0.0,0.0,1141.22,,T,test-only,,table
romankiw1983_10.1021_je00033a005_t4,ROMANKIW(1983),,rho,298.15,1.0132,0.0,4.26,0.0,2.13,0.0,0.0,1171.84,,T,test-only,,table
romankiw1983_10.1021_je00033a005_t4,ROMANKIW(1983),,rho,298.15,1.0132,0.0,5.38,0.0,2.69,0.0,0.0,1212.88,,T,test-only,,table
romankiw1983_10.1021_je00033a005_t4,ROMANKIW(1983),,rho,298.15,1.0132,0.0,6.02,0.0,3.01,0.0,0.0,1235.68,,T,test-only,,table
romankiw1983_10.1021_je00033a005_t4,ROMANKIW(1983),,rho,298.15,1.0132,0.0,6.64,0.0,3.32,0.0,0.0,1257.06,,T,test-only,,table
romankiw1983_10.1021_je00033a005_t4,ROMANKIW(1983),,rho,298.15,1.0132,0.0,7.42,0.0,3.71,0.0,0.0,1283.63,,T,test-only,,table
romankiw1983_10.1021_je00033a005_t4,ROMANKIW(1983),,rho,298.15,1.0132,0.0,8.14,0.0,4.07,0.0,0.0,1306.97,,T,test-only,,table
romankiw1983_10.1021_je00033a005_t4,ROMANKIW(1983),,rho,298.15,1.0132,0.0,8.84,0.0,4.42,0.0,0.0,1328.64,,T,test-only,,table
romankiw1983_10.1021_je00033a005_t4,ROMANKIW(1983),,rho,298.15,1.0132,0.0,9.66,0.0,4.83,0.0,0.0,1354.19,,T,test-only,,table
romankiw1983_10.1021_je00033a005_t4,ROMANKIW(1983),,rho,298.15,1.0132,0.0,10.1,0.0,5.05,0.0,0.0,1366.88,,T,test-only,,table
romankiw1983_10.1021_je00033a005_t4,ROMANKIW(1983),,rho,303.15,1.0132,0.0,0.92,0.0,0.46,0.0,0.0,1036.47,,T,test-only,,table
romankiw1983_10.1021_je00033a005_t4,ROMANKIW(1983),,rho,303.15,1.0132,0.0,1.86,0.0,0.93,0.0,0.0,1075.69,,T,test-only,,table
romankiw1983_10.1021_je00033a005_t4,ROMANKIW(1983),,rho,303.15,1.0132,0.0,2.62,0.0,1.31,0.0,0.0,1106.91,,T,test-only,,table
romankiw1983_10.1021_je00033a005_t4,ROMANKIW(1983),,rho,303.15,1.0132,0.0,3.44,0.0,1.72,0.0,0.0,1139.21,,T,test-only,,table
romankiw1983_10.1021_je00033a005_t4,ROMANKIW(1983),,rho,303.15,1.0132,0.0,4.26,0.0,2.13,0.0,0.0,1169.74,,T,test-only,,table
romankiw1983_10.1021_je00033a005_t4,ROMANKIW(1983),,rho,303.15,1.0132,0.0,5.38,0.0,2.69,0.0,0.0,1210.58,,T,test-only,,table
romankiw1983_10.1021_je00033a005_t4,ROMANKIW(1983),,rho,303.15,1.0132,0.0,6.02,0.0,3.01,0.0,0.0,1233.27,,T,test-only,,table
romankiw1983_10.1021_je00033a005_t4,ROMANKIW(1983),,rho,303.15,1.0132,0.0,6.64,0.0,3.32,0.0,0.0,1254.57,,T,test-only,,table
romankiw1983_10.1021_je00033a005_t4,ROMANKIW(1983),,rho,303.15,1.0132,0.0,7.42,0.0,3.71,0.0,0.0,1280.94,,T,test-only,,table
romankiw1983_10.1021_je00033a005_t4,ROMANKIW(1983),,rho,303.15,1.0132,0.0,8.14,0.0,4.07,0.0,0.0,1304.22,,T,test-only,,table
romankiw1983_10.1021_je00033a005_t4,ROMANKIW(1983),,rho,303.15,1.0132,0.0,8.84,0.0,4.42,0.0,0.0,1325.78,,T,test-only,,table
romankiw1983_10.1021_je00033a005_t4,ROMANKIW(1983),,rho,303.15,1.0132,0.0,9.66,0.0,4.83,0.0,0.0,1351.18,,T,test-only,,table
romankiw1983_10.1021_je00033a005_t4,ROMANKIW(1983),,rho,303.15,1.0132,0.0,10.1,0.0,5.05,0.0,0.0,1363.86,,T,test-only,,table
romankiw1983_10.1021_je00033a005_t4,ROMANKIW(1983),,rho,308.15,1.0132,0.0,0.92,0.0,0.46,0.0,0.0,1034.71,,T,test-only,,table
romankiw1983_10.1021_je00033a005_t4,ROMANKIW(1983),,rho,308.15,1.0132,0.0,1.86,0.0,0.93,0.0,0.0,1073.76,,T,test-only,,table
romankiw1983_10.1021_je00033a005_t4,ROMANKIW(1983),,rho,308.15,1.0132,0.0,2.62,0.0,1.31,0.0,0.0,1104.85,,T,test-only,,table
romankiw1983_10.1021_je00033a005_t4,ROMANKIW(1983),,rho,308.15,1.0132,0.0,3.44,0.0,1.72,0.0,0.0,1137.06,,T,test-only,,table
romankiw1983_10.1021_je00033a005_t4,ROMANKIW(1983),,rho,308.15,1.0132,0.0,4.26,0.0,2.13,0.0,0.0,1167.45,,T,test-only,,table
romankiw1983_10.1021_je00033a005_t4,ROMANKIW(1983),,rho,308.15,1.0132,0.0,5.38,0.0,2.69,0.0,0.0,1208.13,,T,test-only,,table
romankiw1983_10.1021_je00033a005_t4,ROMANKIW(1983),,rho,308.15,1.0132,0.0,6.02,0.0,3.01,0.0,0.0,1230.76,,T,test-only,,table
romankiw1983_10.1021_je00033a005_t4,ROMANKIW(1983),,rho,308.15,1.0132,0.0,6.64,0.0,3.32,0.0,0.0,1251.93,,T,test-only,,table
romankiw1983_10.1021_je00033a005_t4,ROMANKIW(1983),,rho,308.15,1.0132,0.0,7.42,0.0,3.71,0.0,0.0,1278.15,,T,test-only,,table
romankiw1983_10.1021_je00033a005_t4,ROMANKIW(1983),,rho,308.15,1.0132,0.0,8.14,0.0,4.07,0.0,0.0,1301.38,,T,test-only,,table
romankiw1983_10.1021_je00033a005_t4,ROMANKIW(1983),,rho,308.15,1.0132,0.0,8.84,0.0,4.42,0.0,0.0,1322.78,,T,test-only,,table
romankiw1983_10.1021_je00033a005_t4,ROMANKIW(1983),,rho,308.15,1.0132,0.0,9.66,0.0,4.83,0.0,0.0,1348.08,,T,test-only,,table
romankiw1983_10.1021_je00033a005_t4,ROMANKIW(1983),,rho,308.15,1.0132,0.0,10.1,0.0,5.05,0.0,0.0,1360.69,,T,test-only,,table
romankiw1983_10.1021_je00033a005_t4,ROMANKIW(1983),,rho,313.15,1.0132,0.0,0.92,0.0,0.46,0.0,0.0,1032.78,,T,test-only,,table
romankiw1983_10.1021_je00033a005_t4,ROMANKIW(1983),,rho,313.15,1.0132,0.0,2.62,0.0,1.31,0.0,0.0,1102.74,,T,test-only,,table
romankiw1983_10.1021_je00033a005_t4,ROMANKIW(1983),,rho,313.15,1.0132,0.0,3.44,0.0,1.72,0.0,0.0,1134.86,,T,test-only,,table
romankiw1983_10.1021_je00033a005_t4,ROMANKIW(1983),,rho,313.15,1.0132,0.0,4.26,0.0,2.13,0.0,0.0,1165.21,,T,test-only,,table
romankiw1983_10.1021_je00033a005_t4,ROMANKIW(1983),,rho,313.15,1.0132,0.0,5.38,0.0,2.69,0.0,0.0,1205.77,,T,test-only,,table
romankiw1983_10.1021_je00033a005_t4,ROMANKIW(1983),,rho,313.15,1.0132,0.0,6.02,0.0,3.01,0.0,0.0,1228.31,,T,test-only,,table
romankiw1983_10.1021_je00033a005_t4,ROMANKIW(1983),,rho,313.15,1.0132,0.0,6.64,0.0,3.32,0.0,0.0,1249.43,,T,test-only,,table
romankiw1983_10.1021_je00033a005_t4,ROMANKIW(1983),,rho,313.15,1.0132,0.0,7.42,0.0,3.71,0.0,0.0,1275.52,,T,test-only,,table
romankiw1983_10.1021_je00033a005_t4,ROMANKIW(1983),,rho,313.15,1.0132,0.0,8.14,0.0,4.07,0.0,0.0,1298.63,,T,test-only,,table
romankiw1983_10.1021_je00033a005_t4,ROMANKIW(1983),,rho,313.15,1.0132,0.0,8.84,0.0,4.42,0.0,0.0,1319.98,,T,test-only,,table
romankiw1983_10.1021_je00033a005_t4,ROMANKIW(1983),,rho,313.15,1.0132,0.0,9.66,0.0,4.83,0.0,0.0,1345.21,,T,test-only,,table
romankiw1983_10.1021_je00033a005_t4,ROMANKIW(1983),,rho,313.15,1.0132,0.0,10.1,0.0,5.05,0.0,0.0,1357.66,,T,test-only,,table
romankiw1983_10.1021_je00033a005_t4,ROMANKIW(1983),,rho,318.15,1.0132,0.0,0.92,0.0,0.46,0.0,0.0,1030.69,,T,test-only,,table
romankiw1983_10.1021_je00033a005_t4,ROMANKIW(1983),,rho,318.15,1.0132,0.0,1.86,0.0,0.93,0.0,0.0,1069.62,,T,test-only,,table
romankiw1983_10.1021_je00033a005_t4,ROMANKIW(1983),,rho,318.15,1.0132,0.0,2.62,0.0,1.31,0.0,0.0,1100.59,,T,test-only,,table
romankiw1983_10.1021_je00033a005_t4,ROMANKIW(1983),,rho,318.15,1.0132,0.0,3.44,0.0,1.72,0.0,0.0,1132.63,,T,test-only,,table
romankiw1983_10.1021_je00033a005_t4,ROMANKIW(1983),,rho,318.15,1.0132,0.0,4.26,0.0,2.13,0.0,0.0,1162.92,,T,test-only,,table
romankiw1983_10.1021_je00033a005_t4,ROMANKIW(1983),,rho,318.15,1.0132,0.0,5.38,0.0,2.69,0.0,0.0,1203.23,,T,test-only,,table
romankiw1983_10.1021_je00033a005_t4,ROMANKIW(1983),,rho,318.15,1.0132,0.0,6.02,0.0,3.01,0.0,0.0,1225.87,,T,test-only,,table
romankiw1983_10.1021_je00033a005_t4,ROMANKIW(1983),,rho,318.15,1.0132,0.0,6.64,0.0,3.32,0.0,0.0,1246.82,,T,test-only,,table
romankiw1983_10.1021_je00033a005_t4,ROMANKIW(1983),,rho,318.15,1.0132,0.0,7.42,0.0,3.71,0.0,0.0,1272.76,,T,test-only,,table
romankiw1983_10.1021_je00033a005_t4,ROMANKIW(1983),,rho,318.15,1.0132,0.0,8.14,0.0,4.07,0.0,0.0,1295.75,,T,test-only,,table
romankiw1983_10.1021_je00033a005_t4,ROMANKIW(1983),,rho,318.15,1.0132,0.0,8.84,0.0,4.42,0.0,0.0,1317.07,,T,test-only,,table
romankiw1983_10.1021_je00033a005_t4,ROMANKIW(1983),,rho,318.15,1.0132,0.0,9.66,0.0,4.83,0.0,0.0,1342.08,,T,test-only,,table
romankiw1983_10.1021_je00033a005_t4,ROMANKIW(1983),,rho,318.15,1.0132,0.0,10.1,0.0,5.05,0.0,0.0,1354.54,,T,test-only,,table
gates1985_10.1021_je00039a015_t1,GATES(1985),,rho,298.15,1.013,4.991,4.991,0.0,0.0,0.0,0.0,1166.069625,,T,test-only,,table
gates1985_10.1021_je00039a015_t1,GATES(1985),,rho,298.15,1.013,3.023,3.023,0.0,0.0,0.0,0.0,1106.653625,,T,test-only,,table
gates1985_10.1021_je00039a015_t1,GATES(1985),,rho,298.15,1.013,1.994,1.994,0.0,0.0,0.0,0.0,1072.085625,,T,test-only,,table
gates1985_10.1021_je00039a015_t1,GATES(1985),,rho,298.15,1.013,1.021,1.021,0.0,0.0,0.0,0.0,1037.125625,,T,test-only,,table
gates1985_10.1021_je00039a015_t1,GATES(1985),,rho,298.15,1.013,0.4708,0.4708,0.0,0.0,0.0,0.0,1015.983625,,T,test-only,,table
gates1985_10.1021_je00039a015_t1,GATES(1985),,rho,298.15,1.013,0.288,0.288,0.0,0.0,0.0,0.0,1008.775625,,T,test-only,,table
gates1985_10.1021_je00039a015_t1,GATES(1985),,rho,298.15,1.013,0.0997,0.0997,0.0,0.0,0.0,0.0,1001.149625,,T,test-only,,table
gates1985_10.1021_je00039a015_t1,GATES(1985),,rho,298.15,1.013,0.0582,0.0582,0.0,0.0,0.0,0.0,999.4546255,,T,test-only,,table
gates1985_10.1021_je00039a015_t1,GATES(1985),,rho,298.15,103.8,4.991,4.991,0.0,0.0,0.0,0.0,1169.293795,,T,test-only,,table
gates1985_10.1021_je00039a015_t1,GATES(1985),,rho,298.15,103.8,3.023,3.023,0.0,0.0,0.0,0.0,1110.229795,,T,test-only,,table
gates1985_10.1021_je00039a015_t1,GATES(1985),,rho,298.15,103.8,1.994,1.994,0.0,0.0,0.0,0.0,1076.052795,,T,test-only,,table
gates1985_10.1021_je00039a015_t1,GATES(1985),,rho,298.15,103.8,1.021,1.021,0.0,0.0,0.0,0.0,1041.226795,,T,test-only,,table
gates1985_10.1021_je00039a015_t1,GATES(1985),,rho,298.15,103.8,0.4708,0.4708,0.0,0.0,0.0,0.0,1020.364795,,T,test-only,,table
gates1985_10.1021_je00039a015_t1,GATES(1985),,rho,298.15,103.8,0.288,0.288,0.0,0.0,0.0,0.0,1013.237795,,T,test-only,,table
gates1985_10.1021_je00039a015_t1,GATES(1985),,rho,298.15,103.8,0.0997,0.0997,0.0,0.0,0.0,0.0,1005.697795,,T,test-only,,table
gates1985_10.1021_je00039a015_t1,GATES(1985),,rho,298.15,103.8,0.0582,0.0582,0.0,0.0,0.0,0.0,1004.016795,,T,test-only,,table
gates1985_10.1021_je00039a015_t1,GATES(1985),,rho,298.15,171.3,4.991,4.991,0.0,0.0,0.0,0.0,1171.726145,,T,test-only,,table
gates1985_10.1021_je00039a015_t1,GATES(1985),,rho,298.15,171.3,3.023,3.023,0.0,0.0,0.0,0.0,1112.739145,,T,test-only,,table
gates1985_10.1021_je00039a015_t1,GATES(1985),,rho,298.15,171.3,1.994,1.994,0.0,0.0,0.0,0.0,1078.667145,,T,test-only,,table
gates1985_10.1021_je00039a015_t1,GATES(1985),,rho,298.15,171.3,1.021,1.021,0.0,0.0,0.0,0.0,1044.001145,,T,test-only,,table
gates1985_10.1021_je00039a015_t1,GATES(1985),,rho,298.15,171.3,0.4708,0.4708,0.0,0.0,0.0,0.0,1023.225145,,T,test-only,,table
gates1985_10.1021_je00039a015_t1,GATES(1985),,rho,298.15,171.3,0.288,0.288,0.0,0.0,0.0,0.0,1016.111145,,T,test-only,,table
gates1985_10.1021_je00039a015_t1,GATES(1985),,rho,298.15,171.3,0.0997,0.0997,0.0,0.0,0.0,0.0,1008.628145,,T,test-only,,table
gates1985_10.1021_je00039a015_t1,GATES(1985),,rho,298.15,171.3,0.0582,0.0582,0.0,0.0,0.0,0.0,1006.954145,,T,test-only,,table
gates1985_10.1021_je00039a015_t1,GATES(1985),,rho,298.15,306.9,4.991,4.991,0.0,0.0,0.0,0.0,1176.102775,,T,test-only,,table
gates1985_10.1021_je00039a015_t1,GATES(1985),,rho,298.15,310.3,3.023,3.023,0.0,0.0,0.0,0.0,1117.781722,,T,test-only,,table
gates1985_10.1021_je00039a015_t1,GATES(1985),,rho,298.15,310.4,1.994,1.994,0.0,0.0,0.0,0.0,1083.938954,,T,test-only,,table
gates1985_10.1021_je00039a015_t1,GATES(1985),,rho,298.15,310.9,1.021,1.021,0.0,0.0,0.0,0.0,1049.620114,,T,test-only,,table
gates1985_10.1021_je00039a015_t1,GATES(1985),,rho,298.15,311.1,0.4708,0.4708,0.0,0.0,0.0,0.0,1029.065577,,T,test-only,,table
gates1985_10.1021_je00039a015_t1,GATES(1985),,rho,298.15,310.9,0.288,0.288,0.0,0.0,0.0,0.0,1022.022114,,T,test-only,,table
gates1985_10.1021_je00039a015_t1,GATES(1985),,rho,298.15,311.3,0.0997,0.0997,0.0,0.0,0.0,0.0,1014.60704,,T,test-only,,table
gates1985_10.1021_je00039a015_t1,GATES(1985),,rho,298.15,311.3,0.0582,0.0582,0.0,0.0,0.0,0.0,1012.97204,,T,test-only,,table
gates1985_10.1021_je00039a015_t1,GATES(1985),,rho,298.15,407.8,4.991,4.991,0.0,0.0,0.0,0.0,1179.630114,,T,test-only,,table
gates1985_10.1021_je00039a015_t1,GATES(1985),,rho,298.15,400.2,3.023,3.023,0.0,0.0,0.0,0.0,1121.018435,,T,test-only,,table
gates1985_10.1021_je00039a015_t1,GATES(1985),,rho,298.15,401.3,1.994,1.994,0.0,0.0,0.0,0.0,1087.357155,,T,test-only,,table
gates1985_10.1021_je00039a015_t1,GATES(1985),,rho,298.15,402.8,1.021,1.021,0.0,0.0,0.0,0.0,1053.274484,,T,test-only,,table
gates1985_10.1021_je00039a015_t1,GATES(1985),,rho,298.15,404.7,0.4708,0.4708,0.0,0.0,0.0,0.0,1032.887408,,T,test-only,,table
gates1985_10.1021_je00039a015_t1,GATES(1985),,rho,298.15,405.9,0.288,0.288,0.0,0.0,0.0,0.0,1025.914239,,T,test-only,,table
gates1985_10.1021_je00039a015_t1,GATES(1985),,rho,298.15,406.8,0.0997,0.0997,0.0,0.0,0.0,0.0,1018.593605,,T,test-only,,table
gates1985_10.1021_je00039a015_t1,GATES(1985),,rho,298.15,399.2,0.0582,0.0582,0.0,0.0,0.0,0.0,1016.639863,,T,test-only,,table
gates1985_10.1021_je00039a015_t1,GATES(1985),,rho,298.15,1.013,0.0,5.904,0.0,0.0,2.952,0.0,1192.059625,,T,test-only,,table
gates1985_10.1021_je00039a015_t1,GATES(1985),,rho,298.15,1.013,0.0,4.524,0.0,0.0,2.262,0.0,1151.438625,,T,test-only,,table
gates1985_10.1021_je00039a015_t1,GATES(1985),,rho,298.15,1.013,0.0,1.9834,0.0,0.0,0.9917,0.0,1069.690625,,T,test-only,,table
gates1985_10.1021_je00039a015_t1,GATES(1985),,rho,298.15,1.013,0.0,0.9786,0.0,0.0,0.4893,0.0,1034.168625,,T,test-only,,table
gates1985_10.1021_je00039a015_t1,GATES(1985),,rho,298.15,1.013,0.0,0.5036,0.0,0.0,0.2518,0.0,1016.530625,,T,test-only,,table
gates1985_10.1021_je00039a015_t1,GATES(1985),,rho,298.15,1.013,0.0,0.1824,0.0,0.0,0.0912,0.0,1004.216625,,T,test-only,,table
gates1985_10.1021_je00039a015_t1,GATES(1985),,rho,298.15,1.013,0.0,0.0624,0.0,0.0,0.0312,0.0,999.5236255,,T,test-only,,table
gates1985_10.1021_je00039a015_t1,GATES(1985),,rho,298.15,104.4,0.0,5.904,0.0,0.0,2.952,0.0,1195.024283,,T,test-only,,table
gates1985_10.1021_je00039a015_t1,GATES(1985),,rho,298.15,103.8,0.0,4.524,0.0,0.0,2.262,0.0,1154.512795,,T,test-only,,table
gates1985_10.1021_je00039a015_t1,GATES(1985),,rho,298.15,103.8,0.0,1.9834,0.0,0.0,0.9917,0.0,1073.514795,,T,test-only,,table
gates1985_10.1021_je00039a015_t1,GATES(1985),,rho,298.15,103.8,0.0,0.9786,0.0,0.0,0.4893,0.0,1038.367795,,T,test-only,,table
gates1985_10.1021_je00039a015_t1,GATES(1985),,rho,298.15,103.8,0.0,0.5036,0.0,0.0,0.2518,0.0,1020.904795,,T,test-only,,table
gates1985_10.1021_je00039a015_t1,GATES(1985),,rho,298.15,103.8,0.0,0.1824,0.0,0.0,0.0912,0.0,1008.736795,,T,test-only,,table
gates1985_10.1021_je00039a015_t1,GATES(1985),,rho,298.15,103.8,0.0,0.0624,0.0,0.0,0.0312,0.0,1004.095795,,T,test-only,,table
gates1985_10.1021_je00039a015_t1,GATES(1985),,rho,298.15,172.7,0.0,5.904,0.0,0.0,2.952,0.0,1197.336088,,T,test-only,,table
gates1985_10.1021_je00039a015_t1,GATES(1985),,rho,298.15,171.3,0.0,4.524,0.0,0.0,2.262,0.0,1156.838145,,T,test-only,,table
gates1985_10.1021_je00039a015_t1,GATES(1985),,rho,298.15,171.3,0.0,1.9834,0.0,0.0,0.9917,0.0,1076.125145,,T,test-only,,table
gates1985_10.1021_je00039a015_t1,GATES(1985),,rho,298.15,171.3,0.0,0.9786,0.0,0.0,0.4893,0.0,1041.130145,,T,test-only,,table
gates1985_10.1021_je00039a015_t1,GATES(1985),,rho,298.15,171.3,0.0,0.5036,0.0,0.0,0.2518,0.0,1023.775145,,T,test-only,,table
gates1985_10.1021_je00039a015_t1,GATES(1985),,rho,298.15,171.3,0.0,0.1824,0.0,0.0,0.0912,0.0,1011.642145,,T,test-only,,table
gates1985_10.1021_je00039a015_t1,GATES(1985),,rho,298.15,171.3,0.0,0.0624,0.0,0.0,0.0312,0.0,1007.031145,,T,test-only,,table
gates1985_10.1021_je00039a015_t1,GATES(1985),,rho,298.15,306.4,0.0,5.904,0.0,0.0,2.952,0.0,1201.555598,,T,test-only,,table
gates1985_10.1021_je00039a015_t1,GATES(1985),,rho,298.15,312.0,0.0,1.9834,0.0,0.0,0.9917,0.0,1081.414658,,T,test-only,,table
gates1985_10.1021_je00039a015_t1,GATES(1985),,rho,298.15,311.6,0.0,0.9786,0.0,0.0,0.4893,0.0,1046.755734,,T,test-only,,table
gates1985_10.1021_je00039a015_t1,GATES(1985),,rho,298.15,311.3,0.0,0.5036,0.0,0.0,0.2518,0.0,1029.57704,,T,test-only,,table
gates1985_10.1021_je00039a015_t1,GATES(1985),,rho,298.15,313.3,0.0,0.1824,0.0,0.0,0.0912,0.0,1017.679652,,T,test-only,,table
gates1985_10.1021_je00039a015_t1,GATES(1985),,rho,298.15,314.0,0.0,0.0624,0.0,0.0,0.0312,0.0,1013.129258,,T,test-only,,table
gates1985_10.1021_je00039a015_t1,GATES(1985),,rho,298.15,406.4,0.0,5.904,0.0,0.0,2.952,0.0,1204.705998,,T,test-only,,table
gates1985_10.1021_je00039a015_t1,GATES(1985),,rho,298.15,404.0,0.0,4.524,0.0,0.0,2.262,0.0,1164.644334,,T,test-only,,table
gates1985_10.1021_je00039a015_t1,GATES(1985),,rho,298.15,399.5,0.0,1.9834,0.0,0.0,0.9917,0.0,1084.637336,,T,test-only,,table
gates1985_10.1021_je00039a015_t1,GATES(1985),,rho,298.15,401.6,0.0,0.9786,0.0,0.0,0.4893,0.0,1050.293623,,T,test-only,,table
gates1985_10.1021_je00039a015_t1,GATES(1985),,rho,298.15,405.4,0.0,0.5036,0.0,0.0,0.2518,0.0,1033.341477,,T,test-only,,table
gates1985_10.1021_je00039a015_t1,GATES(1985),,rho,298.15,405.5,0.0,0.1824,0.0,0.0,0.0912,0.0,1021.48163,,T,test-only,,table
gates1985_10.1021_je00039a015_t1,GATES(1985),,rho,298.15,404.4,0.0,0.0624,0.0,0.0,0.0312,0.0,1016.889948,,T,test-only,,table
gates1985_10.1021_je00039a015_t1,GATES(1985),,rho,298.15,1.013,0.0,3.012,3.012,0.0,0.0,0.0,1118.746625,,T,test-only,,table
gates1985_10.1021_je00039a015_t1,GATES(1985),,rho,298.15,1.013,0.0,2.35,2.35,0.0,0.0,0.0,1094.870625,,T,test-only,,table
gates1985_10.1021_je00039a015_t1,GATES(1985),,rho,298.15,1.013,0.0,1.018,1.018,0.0,0.0,0.0,1042.194625,,T,test-only,,table
gates1985_10.1021_je00039a015_t1,GATES(1985),,rho,298.15,1.013,0.0,0.4432,0.4432,0.0,0.0,0.0,1017.320625,,T,test-only,,table
gates1985_10.1021_je00039a015_t1,GATES(1985),,rho,298.15,1.013,0.0,0.2555,0.2555,0.0,0.0,0.0,1008.887625,,T,test-only,,table
gates1985_10.1021_je00039a015_t1,GATES(1985),,rho,298.15,1.013,0.0,0.087,0.087,0.0,0.0,0.0,1001.118625,,T,test-only,,table
gates1985_10.1021_je00039a015_t1,GATES(1985),,rho,298.15,1.013,0.0,0.0585,0.0585,0.0,0.0,0.0,999.8036255,,T,test-only,,table
gates1985_10.1021_je00039a015_t1,GATES(1985),,rho,298.15,103.8,0.0,3.012,3.012,0.0,0.0,0.0,1122.422795,,T,test-only,,table
gates1985_10.1021_je00039a015_t1,GATES(1985),,rho,298.15,103.8,0.0,2.35,2.35,0.0,0.0,0.0,1098.628795,,T,test-only,,table
gates1985_10.1021_je00039a015_t1,GATES(1985),,rho,298.15,103.8,0.0,1.018,1.018,0.0,0.0,0.0,1046.352795,,T,test-only,,table
gates1985_10.1021_je00039a015_t1,GATES(1985),,rho,298.15,103.8,0.0,0.4432,0.4432,0.0,0.0,0.0,1021.723795,,T,test-only,,table
gates1985_10.1021_je00039a015_t1,GATES(1985),,rho,298.15,103.8,0.0,0.2555,0.2555,0.0,0.0,0.0,1013.356795,,T,test-only,,table
gates1985_10.1021_je00039a015_t1,GATES(1985),,rho,298.15,103.8,0.0,0.087,0.087,0.0,0.0,0.0,1005.709795,,T,test-only,,table
gates1985_10.1021_je00039a015_t1,GATES(1985),,rho,298.15,103.8,0.0,0.0585,0.0585,0.0,0.0,0.0,1004.383795,,T,test-only,,table
gates1985_10.1021_je00039a015_t1,GATES(1985),,rho,298.15,171.3,0.0,3.012,3.012,0.0,0.0,0.0,1124.819145,,T,test-only,,table
gates1985_10.1021_je00039a015_t1,GATES(1985),,rho,298.15,171.3,0.0,2.35,2.35,0.0,0.0,0.0,1101.218145,,T,test-only,,table
gates1985_10.1021_je00039a015_t1,GATES(1985),,rho,298.15,171.3,0.0,1.018,1.018,0.0,0.0,0.0,1049.142145,,T,test-only,,table
gates1985_10.1021_je00039a015_t1,GATES(1985),,rho,298.15,171.3,0.0,0.4432,0.4432,0.0,0.0,0.0,1024.595145,,T,test-only,,table
gates1985_10.1021_je00039a015_t1,GATES(1985),,rho,298.15,171.3,0.0,0.2555,0.2555,0.0,0.0,0.0,1016.273145,,T,test-only,,table
gates1985_10.1021_je00039a015_t1,GATES(1985),,rho,298.15,171.3,0.0,0.087,0.087,0.0,0.0,0.0,1008.616145,,T,test-only,,table
gates1985_10.1021_je00039a015_t1,GATES(1985),,rho,298.15,171.3,0.0,0.0585,0.0585,0.0,0.0,0.0,1007.302145,,T,test-only,,table
gates1985_10.1021_je00039a015_t1,GATES(1985),,rho,298.15,315.4,0.0,3.012,3.012,0.0,0.0,0.0,1130.249457,,T,test-only,,table
gates1985_10.1021_je00039a015_t1,GATES(1985),,rho,298.15,316.1,0.0,2.35,2.35,0.0,0.0,0.0,1106.82405,,T,test-only,,table
gates1985_10.1021_je00039a015_t1,GATES(1985),,rho,298.15,316.1,0.0,1.018,1.018,0.0,0.0,0.0,1055.02505,,T,test-only,,table
gates1985_10.1021_je00039a015_t1,GATES(1985),,rho,298.15,316.1,0.0,0.4432,0.4432,0.0,0.0,0.0,1030.66205,,T,test-only,,table
gates1985_10.1021_je00039a015_t1,GATES(1985),,rho,298.15,314.7,0.0,0.2555,0.2555,0.0,0.0,0.0,1022.304859,,T,test-only,,table
gates1985_10.1021_je00039a015_t1,GATES(1985),,rho,298.15,314.7,0.0,0.087,0.087,0.0,0.0,0.0,1014.736859,,T,test-only,,table
gates1985_10.1021_je00039a015_t1,GATES(1985),,rho,298.15,314.7,0.0,0.0585,0.0585,0.0,0.0,0.0,1013.430859,,T,test-only,,table
gates1985_10.1021_je00039a015_t1,GATES(1985),,rho,298.15,402.6,0.0,3.012,3.012,0.0,0.0,0.0,1133.376175,,T,test-only,,table
gates1985_10.1021_je00039a015_t1,GATES(1985),,rho,298.15,405.1,0.0,2.35,2.35,0.0,0.0,0.0,1110.20802,,T,test-only,,table
gates1985_10.1021_je00039a015_t1,GATES(1985),,rho,298.15,406.4,0.0,1.018,1.018,0.0,0.0,0.0,1058.713998,,T,test-only,,table
gates1985_10.1021_je00039a015_t1,GATES(1985),,rho,298.15,400.9,0.0,0.4432,0.4432,0.0,0.0,0.0,1034.127531,,T,test-only,,table
gates1985_10.1021_je00039a015_t1,GATES(1985),,rho,298.15,400.2,0.0,0.2555,0.2555,0.0,0.0,0.0,1025.842435,,T,test-only,,table
gates1985_10.1021_je00039a015_t1,GATES(1985),,rho,298.15,399.2,0.0,0.087,0.087,0.0,0.0,0.0,1018.262863,,T,test-only,,table
gates1985_10.1021_je00039a015_t1,GATES(1985),,rho,298.15,398.2,0.0,0.0585,0.0585,0.0,0.0,0.0,1016.934283,,T,test-only,,table
gates1985_10.1021_je00039a015_t1,GATES(1985),,rho,298.15,1.013,0.0,9.96,0.0,4.98,0.0,0.0,1341.478625,,T,test-only,,table
gates1985_10.1021_je00039a015_t1,GATES(1985),,rho,298.15,1.013,0.0,6.034,0.0,3.017,0.0,0.0,1227.009625,,T,test-only,,table
gates1985_10.1021_je00039a015_t1,GATES(1985),,rho,298.15,1.013,0.0,4.012,0.0,2.006,0.0,0.0,1158.215625,,T,test-only,,table
gates1985_10.1021_je00039a015_t1,GATES(1985),,rho,298.15,1.013,0.0,2.01,0.0,1.005,0.0,0.0,1082.469625,,T,test-only,,table
gates1985_10.1021_je00039a015_t1,GATES(1985),,rho,298.15,1.013,0.0,1.0052,0.0,0.5026,0.0,0.0,1041.264625,,T,test-only,,table
gates1985_10.1021_je00039a015_t1,GATES(1985),,rho,298.15,1.013,0.0,0.503,0.0,0.2515,0.0,0.0,1019.582625,,T,test-only,,table
gates1985_10.1021_je00039a015_t1,GATES(1985),,rho,298.15,1.013,0.0,0.202,0.0,0.101,0.0,0.0,1006.211625,,T,test-only,,table
gates1985_10.1021_je00039a015_t1,GATES(1985),,rho,298.15,1.013,0.0,0.101,0.0,0.0505,0.0,0.0,1001.654625,,T,test-only,,table
gates1985_10.1021_je00039a015_t1,GATES(1985),,rho,298.15,103.8,0.0,9.96,0.0,4.98,0.0,0.0,1343.824795,,T,test-only,,table
gates1985_10.1021_je00039a015_t1,GATES(1985),,rho,298.15,103.8,0.0,6.034,0.0,3.017,0.0,0.0,1229.959795,,T,test-only,,table
gates1985_10.1021_je00039a015_t1,GATES(1985),,rho,298.15,103.8,0.0,4.012,0.0,2.006,0.0,0.0,1161.574795,,T,test-only,,table
gates1985_10.1021_je00039a015_t1,GATES(1985),,rho,298.15,103.8,0.0,2.01,0.0,1.005,0.0,0.0,1086.300795,,T,test-only,,table
gates1985_10.1021_je00039a015_t1,GATES(1985),,rho,298.15,103.8,0.0,1.0052,0.0,0.5026,0.0,0.0,1045.424795,,T,test-only,,table
gates1985_10.1021_je00039a015_t1,GATES(1985),,rho,298.15,103.8,0.0,0.503,0.0,0.2515,0.0,0.0,1023.957795,,T,test-only,,table
gates1985_10.1021_je00039a015_t1,GATES(1985),,rho,298.15,103.8,0.0,0.202,0.0,0.101,0.0,0.0,1010.718795,,T,test-only,,table
gates1985_10.1021_je00039a015_t1,GATES(1985),,rho,298.15,103.8,0.0,0.101,0.0,0.0505,0.0,0.0,1006.218795,,T,test-only,,table
gates1985_10.1021_je00039a015_t1,GATES(1985),,rho,298.15,171.3,0.0,9.96,0.0,4.98,0.0,0.0,1345.608145,,T,test-only,,table
gates1985_10.1021_je00039a015_t1,GATES(1985),,rho,298.15,171.3,0.0,6.034,0.0,3.017,0.0,0.0,1232.067145,,T,test-only,,table
gates1985_10.1021_je00039a015_t1,GATES(1985),,rho,298.15,171.3,0.0,4.012,0.0,2.006,0.0,0.0,1163.951145,,T,test-only,,table
gates1985_10.1021_je00039a015_t1,GATES(1985),,rho,298.15,171.3,0.0,2.01,0.0,1.005,0.0,0.0,1088.912145,,T,test-only,,table
gates1985_10.1021_je00039a015_t1,GATES(1985),,rho,298.15,171.3,0.0,1.0052,0.0,0.5026,0.0,0.0,1048.180145,,T,test-only,,table
gates1985_10.1021_je00039a015_t1,GATES(1985),,rho,298.15,171.3,0.0,0.503,0.0,0.2515,0.0,0.0,1026.810145,,T,test-only,,table
gates1985_10.1021_je00039a015_t1,GATES(1985),,rho,298.15,171.3,0.0,0.202,0.0,0.101,0.0,0.0,1013.652145,,T,test-only,,table
gates1985_10.1021_je00039a015_t1,GATES(1985),,rho,298.15,171.3,0.0,0.101,0.0,0.0505,0.0,0.0,1009.154145,,T,test-only,,table
gates1985_10.1021_je00039a015_t1,GATES(1985),,rho,298.15,312.9,0.0,9.96,0.0,4.98,0.0,0.0,1349.699732,,T,test-only,,table
gates1985_10.1021_je00039a015_t1,GATES(1985),,rho,298.15,313.0,0.0,6.034,0.0,3.017,0.0,0.0,1237.012962,,T,test-only,,table
gates1985_10.1021_je00039a015_t1,GATES(1985),,rho,298.15,312.0,0.0,4.012,0.0,2.006,0.0,0.0,1168.947658,,T,test-only,,table
gates1985_10.1021_je00039a015_t1,GATES(1985),,rho,298.15,312.0,0.0,2.01,0.0,1.005,0.0,0.0,1094.397658,,T,test-only,,table
gates1985_10.1021_je00039a015_t1,GATES(1985),,rho,298.15,312.3,0.0,1.0052,0.0,0.5026,0.0,0.0,1053.87235,,T,test-only,,table
gates1985_10.1021_je00039a015_t1,GATES(1985),,rho,298.15,312.7,0.0,0.503,0.0,0.2515,0.0,0.0,1032.678272,,T,test-only,,table
gates1985_10.1021_je00039a015_t1,GATES(1985),,rho,298.15,312.3,0.0,0.202,0.0,0.101,0.0,0.0,1019.62435,,T,test-only,,table
gates1985_10.1021_je00039a015_t1,GATES(1985),,rho,298.15,312.0,0.0,0.101,0.0,0.0505,0.0,0.0,1015.150658,,T,test-only,,table
gates1985_10.1021_je00039a015_t1,GATES(1985),,rho,298.15,407.1,0.0,9.96,0.0,4.98,0.0,0.0,1353.405058,,T,test-only,,table
gates1985_10.1021_je00039a015_t1,GATES(1985),,rho,298.15,405.1,0.0,6.034,0.0,3.017,0.0,0.0,1240.37202,,T,test-only,,table
gates1985_10.1021_je00039a015_t1,GATES(1985),,rho,298.15,403.0,0.0,4.012,0.0,2.006,0.0,0.0,1172.402794,,T,test-only,,table
gates1985_10.1021_je00039a015_t1,GATES(1985),,rho,298.15,406.4,0.0,2.01,0.0,1.005,0.0,0.0,1098.072998,,T,test-only,,table
gates1985_10.1021_je00039a015_t1,GATES(1985),,rho,298.15,402.0,0.0,0.503,0.0,0.2515,0.0,0.0,1036.377244,,T,test-only,,table
gates1985_10.1021_je00039a015_t1,GATES(1985),,rho,298.15,405.1,0.0,0.202,0.0,0.101,0.0,0.0,1023.48402,,T,test-only,,table
gates1985_10.1021_je00039a015_t1,GATES(1985),,rho,298.15,406.4,0.0,0.101,0.0,0.0505,0.0,0.0,1019.093998,,T,test-only,,table
phutela1986_10.1021_je00045a018_t1,PHUTELA(1986),,rho,294.87,20.2,0.1156,0.0,0.0,0.0,0.0,0.0578,1006.08,,T,test-only,,table
phutela1986_10.1021_je00045a018_t1,PHUTELA(1986),,rho,325.16,20.4,0.1156,0.0,0.0,0.0,0.0,0.0578,995.03,,T,test-only,,table
phutela1986_10.1021_je00045a018_t1,PHUTELA(1986),,rho,374.17,21.0,0.1156,0.0,0.0,0.0,0.0,0.0578,965.53,,T,test-only,,table
phutela1986_10.1021_je00045a018_t1,PHUTELA(1986),,rho,423.52,21.2,0.1156,0.0,0.0,0.0,0.0,0.0578,924.87,,T,test-only,,table
phutela1986_10.1021_je00045a018_t1,PHUTELA(1986),,rho,474.89,21.8,0.1156,0.0,0.0,0.0,0.0,0.0578,870.76,,T,test-only,,table
phutela1986_10.1021_je00045a018_t1,PHUTELA(1986),,rho,424.22,21.2,0.1156,0.0,0.0,0.0,0.0,0.0578,924.27,,T,test-only,,table
phutela1986_10.1021_je00045a018_t1,PHUTELA(1986),,rho,375.01,21.0,0.1156,0.0,0.0,0.0,0.0,0.0578,964.97,,T,test-only,,table
phutela1986_10.1021_je00045a018_t1,PHUTELA(1986),,rho,325.09,20.5,0.1156,0.0,0.0,0.0,0.0,0.0578,995.07,,T,test-only,,table
phutela1986_10.1021_je00045a018_t1,PHUTELA(1986),,rho,295.18,20.3,0.1156,0.0,0.0,0.0,0.0,0.0578,1006.04,,T,test-only,,table
phutela1986_10.1021_je00045a018_t1,PHUTELA(1986),,rho,295.67,48.8,0.1156,0.0,0.0,0.0,0.0,0.0578,1007.17,,T,test-only,,table
phutela1986_10.1021_je00045a018_t1,PHUTELA(1986),,rho,325.01,49.1,0.1156,0.0,0.0,0.0,0.0,0.0578,996.34,,T,test-only,,table
phutela1986_10.1021_je00045a018_t1,PHUTELA(1986),,rho,374.0,49.7,0.1156,0.0,0.0,0.0,0.0,0.0578,967.05,,T,test-only,,table
phutela1986_10.1021_je00045a018_t1,PHUTELA(1986),,rho,423.26,50.9,0.1156,0.0,0.0,0.0,0.0,0.0578,926.81,,T,test-only,,table
phutela1986_10.1021_je00045a018_t1,PHUTELA(1986),,rho,474.68,51.9,0.1156,0.0,0.0,0.0,0.0,0.0578,873.35,,T,test-only,,table
phutela1986_10.1021_je00045a018_t1,PHUTELA(1986),,rho,424.17,50.7,0.1156,0.0,0.0,0.0,0.0,0.0578,926.01,,T,test-only,,table
phutela1986_10.1021_je00045a018_t1,PHUTELA(1986),,rho,374.09,49.9,0.1156,0.0,0.0,0.0,0.0,0.0578,967.03,,T,test-only,,table
phutela1986_10.1021_je00045a018_t1,PHUTELA(1986),,rho,325.11,49.3,0.1156,0.0,0.0,0.0,0.0,0.0578,996.31,,T,test-only,,table
phutela1986_10.1021_je00045a018_t1,PHUTELA(1986),,rho,296.28,48.7,0.1156,0.0,0.0,0.0,0.0,0.0578,1007.02,,T,test-only,,table
phutela1986_10.1021_je00045a018_t1,PHUTELA(1986),,rho,295.47,95.3,0.1156,0.0,0.0,0.0,0.0,0.0578,1009.28,,T,test-only,,table
phutela1986_10.1021_je00045a018_t1,PHUTELA(1986),,rho,325.08,96.6,0.1156,0.0,0.0,0.0,0.0,0.0578,998.33,,T,test-only,,table
phutela1986_10.1021_je00045a018_t1,PHUTELA(1986),,rho,374.04,97.4,0.1156,0.0,0.0,0.0,0.0,0.0578,969.28,,T,test-only,,table
phutela1986_10.1021_je00045a018_t1,PHUTELA(1986),,rho,423.16,99.5,0.1156,0.0,0.0,0.0,0.0,0.0578,929.67,,T,test-only,,table
phutela1986_10.1021_je00045a018_t1,PHUTELA(1986),,rho,474.8,101.4,0.1156,0.0,0.0,0.0,0.0,0.0578,877.03,,T,test-only,,table
phutela1986_10.1021_je00045a018_t1,PHUTELA(1986),,rho,424.32,99.3,0.1156,0.0,0.0,0.0,0.0,0.0578,928.66,,T,test-only,,table
phutela1986_10.1021_je00045a018_t1,PHUTELA(1986),,rho,374.71,98.1,0.1156,0.0,0.0,0.0,0.0,0.0578,968.81,,T,test-only,,table
phutela1986_10.1021_je00045a018_t1,PHUTELA(1986),,rho,324.67,96.4,0.1156,0.0,0.0,0.0,0.0,0.0578,998.54,,T,test-only,,table
phutela1986_10.1021_je00045a018_t1,PHUTELA(1986),,rho,295.09,95.5,0.1156,0.0,0.0,0.0,0.0,0.0578,1009.39,,T,test-only,,table
phutela1986_10.1021_je00045a018_t1,PHUTELA(1986),,rho,295.12,20.1,0.217,0.0,0.0,0.0,0.0,0.1085,1012.39,,T,test-only,,table
phutela1986_10.1021_je00045a018_t1,PHUTELA(1986),,rho,324.94,20.4,0.217,0.0,0.0,0.0,0.0,0.1085,1001.23,,T,test-only,,table
phutela1986_10.1021_je00045a018_t1,PHUTELA(1986),,rho,374.84,20.6,0.217,0.0,0.0,0.0,0.0,0.1085,971.1,,T,test-only,,table
phutela1986_10.1021_je00045a018_t1,PHUTELA(1986),,rho,423.6,21.3,0.217,0.0,0.0,0.0,0.0,0.1085,930.94,,T,test-only,,table
phutela1986_10.1021_je00045a018_t1,PHUTELA(1986),,rho,475.07,21.8,0.217,0.0,0.0,0.0,0.0,0.1085,877.1,,T,test-only,,table
phutela1986_10.1021_je00045a018_t1,PHUTELA(1986),,rho,423.54,21.3,0.217,0.0,0.0,0.0,0.0,0.1085,931.04,,T,test-only,,table
phutela1986_10.1021_je00045a018_t1,PHUTELA(1986),,rho,374.87,20.7,0.217,0.0,0.0,0.0,0.0,0.1085,971.1,,T,test-only,,table
phutela1986_10.1021_je00045a018_t1,PHUTELA(1986),,rho,324.73,20.1,0.217,0.0,0.0,0.0,0.0,0.1085,1001.38,,T,test-only,,table
phutela1986_10.1021_je00045a018_t1,PHUTELA(1986),,rho,296.35,20.0,0.217,0.0,0.0,0.0,0.0,0.1085,1012.07,,T,test-only,,table
phutela1986_10.1021_je00045a018_t1,PHUTELA(1986),,rho,294.85,47.6,0.217,0.0,0.0,0.0,0.0,0.1085,1013.66,,T,test-only,,table
phutela1986_10.1021_je00045a018_t1,PHUTELA(1986),,rho,324.86,48.3,0.217,0.0,0.0,0.0,0.0,0.1085,1002.45,,T,test-only,,table
phutela1986_10.1021_je00045a018_t1,PHUTELA(1986),,rho,374.48,49.3,0.217,0.0,0.0,0.0,0.0,0.1085,972.65,,T,test-only,,table
phutela1986_10.1021_je00045a018_t1,PHUTELA(1986),,rho,423.53,50.1,0.217,0.0,0.0,0.0,0.0,0.1085,932.65,,T,test-only,,table
phutela1986_10.1021_je00045a018_t1,PHUTELA(1986),,rho,475.14,51.2,0.217,0.0,0.0,0.0,0.0,0.1085,879.29,,T,test-only,,table
phutela1986_10.1021_je00045a018_t1,PHUTELA(1986),,rho,424.53,50.4,0.217,0.0,0.0,0.0,0.0,0.1085,931.75,,T,test-only,,table
phutela1986_10.1021_je00045a018_t1,PHUTELA(1986),,rho,375.0,49.4,0.217,0.0,0.0,0.0,0.0,0.1085,972.3,,T,test-only,,table
phutela1986_10.1021_je00045a018_t1,PHUTELA(1986),,rho,324.75,47.9,0.217,0.0,0.0,0.0,0.0,0.1085,1002.52,,T,test-only,,table
phutela1986_10.1021_je00045a018_t1,PHUTELA(1986),,rho,295.25,47.5,0.217,0.0,0.0,0.0,0.0,0.1085,1013.56,,T,test-only,,table
phutela1986_10.1021_je00045a018_t1,PHUTELA(1986),,rho,295.18,95.5,0.217,0.0,0.0,0.0,0.0,0.1085,1015.67,,T,test-only,,table
phutela1986_10.1021_je00045a018_t1,PHUTELA(1986),,rho,324.65,96.7,0.217,0.0,0.0,0.0,0.0,0.1085,1004.63,,T,test-only,,table
phutela1986_10.1021_je00045a018_t1,PHUTELA(1986),,rho,374.29,98.1,0.217,0.0,0.0,0.0,0.0,0.1085,975.14,,T,test-only,,table
phutela1986_10.1021_je00045a018_t1,PHUTELA(1986),,rho,423.89,100.5,0.217,0.0,0.0,0.0,0.0,0.1085,935.19,,T,test-only,,table
phutela1986_10.1021_je00045a018_t1,PHUTELA(1986),,rho,475.25,102.5,0.217,0.0,0.0,0.0,0.0,0.1085,883.13,,T,test-only,,table
phutela1986_10.1021_je00045a018_t1,PHUTELA(1986),,rho,423.93,100.3,0.217,0.0,0.0,0.0,0.0,0.1085,935.18,,T,test-only,,table
phutela1986_10.1021_je00045a018_t1,PHUTELA(1986),,rho,375.37,98.7,0.217,0.0,0.0,0.0,0.0,0.1085,974.37,,T,test-only,,table
phutela1986_10.1021_je00045a018_t1,PHUTELA(1986),,rho,325.28,96.6,0.217,0.0,0.0,0.0,0.0,0.1085,1004.36,,T,test-only,,table
phutela1986_10.1021_je00045a018_t1,PHUTELA(1986),,rho,294.87,95.7,0.217,0.0,0.0,0.0,0.0,0.1085,1015.76,,T,test-only,,table
phutela1986_10.1021_je00045a018_t1,PHUTELA(1986),,rho,293.99,20.5,0.405,0.0,0.0,0.0,0.0,0.2025,1024.24,,T,test-only,,table
phutela1986_10.1021_je00045a018_t1,PHUTELA(1986),,rho,324.39,20.7,0.405,0.0,0.0,0.0,0.0,0.2025,1012.61,,T,test-only,,table
phutela1986_10.1021_je00045a018_t1,PHUTELA(1986),,rho,374.14,21.0,0.405,0.0,0.0,0.0,0.0,0.2025,982.58,,T,test-only,,table
phutela1986_10.1021_je00045a018_t1,PHUTELA(1986),,rho,423.72,21.6,0.405,0.0,0.0,0.0,0.0,0.2025,942.08,,T,test-only,,table
phutela1986_10.1021_je00045a018_t1,PHUTELA(1986),,rho,475.64,22.1,0.405,0.0,0.0,0.0,0.0,0.2025,888.3,,T,test-only,,table
phutela1986_10.1021_je00045a018_t1,PHUTELA(1986),,rho,424.1,21.5,0.405,0.0,0.0,0.0,0.0,0.2025,941.78,,T,test-only,,table
phutela1986_10.1021_je00045a018_t1,PHUTELA(1986),,rho,374.6,21.0,0.405,0.0,0.0,0.0,0.0,0.2025,982.28,,T,test-only,,table
phutela1986_10.1021_je00045a018_t1,PHUTELA(1986),,rho,324.05,20.8,0.405,0.0,0.0,0.0,0.0,0.2025,1012.82,,T,test-only,,table
phutela1986_10.1021_je00045a018_t1,PHUTELA(1986),,rho,294.33,20.4,0.405,0.0,0.0,0.0,0.0,0.2025,1024.23,,T,test-only,,table
phutela1986_10.1021_je00045a018_t1,PHUTELA(1986),,rho,294.12,48.4,0.405,0.0,0.0,0.0,0.0,0.2025,1025.43,,T,test-only,,table
phutela1986_10.1021_je00045a018_t1,PHUTELA(1986),,rho,324.17,48.8,0.405,0.0,0.0,0.0,0.0,0.2025,1013.92,,T,test-only,,table
phutela1986_10.1021_je00045a018_t1,PHUTELA(1986),,rho,374.08,49.4,0.405,0.0,0.0,0.0,0.0,0.2025,983.97,,T,test-only,,table
phutela1986_10.1021_je00045a018_t1,PHUTELA(1986),,rho,423.44,50.2,0.405,0.0,0.0,0.0,0.0,0.2025,944.0,,T,test-only,,table
phutela1986_10.1021_je00045a018_t1,PHUTELA(1986),,rho,475.15,51.4,0.405,0.0,0.0,0.0,0.0,0.2025,891.12,,T,test-only,,table
phutela1986_10.1021_je00045a018_t1,PHUTELA(1986),,rho,424.23,50.4,0.405,0.0,0.0,0.0,0.0,0.2025,943.26,,T,test-only,,table
phutela1986_10.1021_je00045a018_t1,PHUTELA(1986),,rho,374.29,50.0,0.405,0.0,0.0,0.0,0.0,0.2025,983.8,,T,test-only,,table
phutela1986_10.1021_je00045a018_t1,PHUTELA(1986),,rho,324.42,49.1,0.405,0.0,0.0,0.0,0.0,0.2025,1013.8,,T,test-only,,table
phutela1986_10.1021_je00045a018_t1,PHUTELA(1986),,rho,294.35,48.4,0.405,0.0,0.0,0.0,0.0,0.2025,1025.4,,T,test-only,,table
phutela1986_10.1021_je00045a018_t1,PHUTELA(1986),,rho,294.61,96.0,0.405,0.0,0.0,0.0,0.0,0.2025,1027.3,,T,test-only,,table
phutela1986_10.1021_je00045a018_t1,PHUTELA(1986),,rho,324.34,96.9,0.405,0.0,0.0,0.0,0.0,0.2025,1015.82,,T,test-only,,table
phutela1986_10.1021_je00045a018_t1,PHUTELA(1986),,rho,373.99,98.4,0.405,0.0,0.0,0.0,0.0,0.2025,986.62,,T,test-only,,table
phutela1986_10.1021_je00045a018_t1,PHUTELA(1986),,rho,423.19,100.7,0.405,0.0,0.0,0.0,0.0,0.2025,946.95,,T,test-only,,table
phutela1986_10.1021_je00045a018_t1,PHUTELA(1986),,rho,475.32,102.3,0.405,0.0,0.0,0.0,0.0,0.2025,894.62,,T,test-only,,table
phutela1986_10.1021_je00045a018_t1,PHUTELA(1986),,rho,424.11,99.9,0.405,0.0,0.0,0.0,0.0,0.2025,946.14,,T,test-only,,table
phutela1986_10.1021_je00045a018_t1,PHUTELA(1986),,rho,374.12,98.8,0.405,0.0,0.0,0.0,0.0,0.2025,986.17,,T,test-only,,table
phutela1986_10.1021_je00045a018_t1,PHUTELA(1986),,rho,325.13,96.6,0.405,0.0,0.0,0.0,0.0,0.2025,1015.46,,T,test-only,,table
phutela1986_10.1021_je00045a018_t1,PHUTELA(1986),,rho,294.52,95.9,0.405,0.0,0.0,0.0,0.0,0.2025,1027.39,,T,test-only,,table
phutela1986_10.1021_je00045a018_t1,PHUTELA(1986),,rho,295.12,20.4,0.6606,0.0,0.0,0.0,0.0,0.3303,1039.3,,T,test-only,,table
phutela1986_10.1021_je00045a018_t1,PHUTELA(1986),,rho,325.27,20.8,0.6606,0.0,0.0,0.0,0.0,0.3303,1027.05,,T,test-only,,table
phutela1986_10.1021_je00045a018_t1,PHUTELA(1986),,rho,374.45,21.2,0.6606,0.0,0.0,0.0,0.0,0.3303,997.02,,T,test-only,,table
phutela1986_10.1021_je00045a018_t1,PHUTELA(1986),,rho,423.81,21.6,0.6606,0.0,0.0,0.0,0.0,0.3303,956.93,,T,test-only,,table
phutela1986_10.1021_je00045a018_t1,PHUTELA(1986),,rho,475.81,22.3,0.6606,0.0,0.0,0.0,0.0,0.3303,903.77,,T,test-only,,table
phutela1986_10.1021_je00045a018_t1,PHUTELA(1986),,rho,424.67,21.8,0.6606,0.0,0.0,0.0,0.0,0.3303,956.15,,T,test-only,,table
phutela1986_10.1021_je00045a018_t1,PHUTELA(1986),,rho,374.89,21.3,0.6606,0.0,0.0,0.0,0.0,0.3303,996.71,,T,test-only,,table
phutela1986_10.1021_je00045a018_t1,PHUTELA(1986),,rho,325.18,20.8,0.6606,0.0,0.0,0.0,0.0,0.3303,1027.09,,T,test-only,,table
phutela1986_10.1021_je00045a018_t1,PHUTELA(1986),,rho,294.99,20.3,0.6606,0.0,0.0,0.0,0.0,0.3303,1039.36,,T,test-only,,table
phutela1986_10.1021_je00045a018_t1,PHUTELA(1986),,rho,295.08,47.7,0.6606,0.0,0.0,0.0,0.0,0.3303,1040.41,,T,test-only,,table
phutela1986_10.1021_je00045a018_t1,PHUTELA(1986),,rho,325.33,48.2,0.6606,0.0,0.0,0.0,0.0,0.3303,1028.1,,T,test-only,,table
phutela1986_10.1021_je00045a018_t1,PHUTELA(1986),,rho,374.46,49.2,0.6606,0.0,0.0,0.0,0.0,0.3303,998.22,,T,test-only,,table
phutela1986_10.1021_je00045a018_t1,PHUTELA(1986),,rho,423.69,50.3,0.6606,0.0,0.0,0.0,0.0,0.3303,958.49,,T,test-only,,table
phutela1986_10.1021_je00045a018_t1,PHUTELA(1986),,rho,475.76,51.1,0.6606,0.0,0.0,0.0,0.0,0.3303,905.9,,T,test-only,,table
phutela1986_10.1021_je00045a018_t1,PHUTELA(1986),,rho,424.02,49.5,0.6606,0.0,0.0,0.0,0.0,0.3303,958.28,,T,test-only,,table
phutela1986_10.1021_je00045a018_t1,PHUTELA(1986),,rho,375.33,48.7,0.6606,0.0,0.0,0.0,0.0,0.3303,997.65,,T,test-only,,table
phutela1986_10.1021_je00045a018_t1,PHUTELA(1986),,rho,324.61,47.9,0.6606,0.0,0.0,0.0,0.0,0.3303,1028.48,,T,test-only,,table
phutela1986_10.1021_je00045a018_t1,PHUTELA(1986),,rho,294.86,47.1,0.6606,0.0,0.0,0.0,0.0,0.3303,1040.53,,T,test-only,,table
phutela1986_10.1021_je00045a018_t1,PHUTELA(1986),,rho,296.26,95.6,0.6606,0.0,0.0,0.0,0.0,0.3303,1042.03,,T,test-only,,table
phutela1986_10.1021_je00045a018_t1,PHUTELA(1986),,rho,324.65,96.5,0.6606,0.0,0.0,0.0,0.0,0.3303,1030.41,,T,test-only,,table
phutela1986_10.1021_je00045a018_t1,PHUTELA(1986),,rho,374.55,98.0,0.6606,0.0,0.0,0.0,0.0,0.3303,1000.38,,T,test-only,,table
phutela1986_10.1021_je00045a018_t1,PHUTELA(1986),,rho,423.97,100.0,0.6606,0.0,0.0,0.0,0.0,0.3303,961.03,,T,test-only,,table
phutela1986_10.1021_je00045a018_t1,PHUTELA(1986),,rho,475.78,102.4,0.6606,0.0,0.0,0.0,0.0,0.3303,909.59,,T,test-only,,table
phutela1986_10.1021_je00045a018_t1,PHUTELA(1986),,rho,425.02,100.0,0.6606,0.0,0.0,0.0,0.0,0.3303,960.11,,T,test-only,,table
phutela1986_10.1021_je00045a018_t1,PHUTELA(1986),,rho,375.72,98.7,0.6606,0.0,0.0,0.0,0.0,0.3303,999.57,,T,test-only,,table
phutela1986_10.1021_je00045a018_t1,PHUTELA(1986),,rho,325.42,97.0,0.6606,0.0,0.0,0.0,0.0,0.3303,1030.05,,T,test-only,,table
phutela1986_10.1021_je00045a018_t1,PHUTELA(1986),,rho,296.28,95.6,0.6606,0.0,0.0,0.0,0.0,0.3303,1042.05,,T,test-only,,table
phutela1986_10.1021_je00045a018_t2,PHUTELA(1986),,rho,323.9,22.3,0.0,0.0,0.0,0.0,0.0723,0.0723,997.2,,T,test-only,,table
phutela1986_10.1021_je00045a018_t2,PHUTELA(1986),,rho,374.18,23.2,0.0,0.0,0.0,0.0,0.0723,0.0723,967.13,,T,test-only,,table
phutela1986_10.1021_je00045a018_t2,PHUTELA(1986),,rho,422.84,24.1,0.0,0.0,0.0,0.0,0.0723,0.0723,926.95,,T,test-only,,table
phutela1986_10.1021_je00045a018_t2,PHUTELA(1986),,rho,474.8,24.6,0.0,0.0,0.0,0.0,0.0723,0.0723,872.14,,T,test-only,,table
phutela1986_10.1021_je00045a018_t2,PHUTELA(1986),,rho,423.58,24.0,0.0,0.0,0.0,0.0,0.0723,0.0723,926.35,,T,test-only,,table
phutela1986_10.1021_je00045a018_t2,PHUTELA(1986),,rho,374.65,23.0,0.0,0.0,0.0,0.0,0.0723,0.0723,966.89,,T,test-only,,table
phutela1986_10.1021_je00045a018_t2,PHUTELA(1986),,rho,324.48,22.3,0.0,0.0,0.0,0.0,0.0723,0.0723,996.99,,T,test-only,,table
phutela1986_10.1021_je00045a018_t2,PHUTELA(1986),,rho,324.24,49.1,0.0,0.0,0.0,0.0,0.0723,0.0723,998.19,,T,test-only,,table
phutela1986_10.1021_je00045a018_t2,PHUTELA(1986),,rho,373.64,49.8,0.0,0.0,0.0,0.0,0.0723,0.0723,968.82,,T,test-only,,table
phutela1986_10.1021_je00045a018_t2,PHUTELA(1986),,rho,423.17,50.6,0.0,0.0,0.0,0.0,0.0723,0.0723,928.3,,T,test-only,,table
phutela1986_10.1021_je00045a018_t2,PHUTELA(1986),,rho,474.6,51.8,0.0,0.0,0.0,0.0,0.0723,0.0723,874.55,,T,test-only,,table
phutela1986_10.1021_je00045a018_t2,PHUTELA(1986),,rho,423.08,50.7,0.0,0.0,0.0,0.0,0.0723,0.0723,928.37,,T,test-only,,table
phutela1986_10.1021_je00045a018_t2,PHUTELA(1986),,rho,374.62,49.7,0.0,0.0,0.0,0.0,0.0723,0.0723,968.17,,T,test-only,,table
phutela1986_10.1021_je00045a018_t2,PHUTELA(1986),,rho,324.17,49.0,0.0,0.0,0.0,0.0,0.0723,0.0723,998.22,,T,test-only,,table
phutela1986_10.1021_je00045a018_t2,PHUTELA(1986),,rho,324.26,98.3,0.0,0.0,0.0,0.0,0.0723,0.0723,1000.2,,T,test-only,,table
phutela1986_10.1021_je00045a018_t2,PHUTELA(1986),,rho,374.49,100.0,0.0,0.0,0.0,0.0,0.0723,0.0723,970.43,,T,test-only,,table
phutela1986_10.1021_je00045a018_t2,PHUTELA(1986),,rho,423.3,102.1,0.0,0.0,0.0,0.0,0.0723,0.0723,930.86,,T,test-only,,table
phutela1986_10.1021_je00045a018_t2,PHUTELA(1986),,rho,475.57,104.1,0.0,0.0,0.0,0.0,0.0723,0.0723,877.14,,T,test-only,,table
phutela1986_10.1021_je00045a018_t2,PHUTELA(1986),,rho,424.2,101.9,0.0,0.0,0.0,0.0,0.0723,0.0723,930.09,,T,test-only,,table
phutela1986_10.1021_je00045a018_t2,PHUTELA(1986),,rho,374.94,100.0,0.0,0.0,0.0,0.0,0.0723,0.0723,970.18,,T,test-only,,table
phutela1986_10.1021_je00045a018_t2,PHUTELA(1986),,rho,324.56,98.3,0.0,0.0,0.0,0.0,0.0723,0.0723,1000.13,,T,test-only,,table
phutela1986_10.1021_je00045a018_t2,PHUTELA(1986),,rho,294.21,21.9,0.0,0.0,0.0,0.0,0.1693,0.1693,1019.27,,T,test-only,,table
phutela1986_10.1021_je00045a018_t2,PHUTELA(1986),,rho,324.63,22.5,0.0,0.0,0.0,0.0,0.1693,0.1693,1008.14,,T,test-only,,table
phutela1986_10.1021_je00045a018_t2,PHUTELA(1986),,rho,374.63,22.6,0.0,0.0,0.0,0.0,0.1693,0.1693,978.15,,T,test-only,,table
phutela1986_10.1021_je00045a018_t2,PHUTELA(1986),,rho,423.58,23.3,0.0,0.0,0.0,0.0,0.1693,0.1693,937.76,,T,test-only,,table
phutela1986_10.1021_je00045a018_t2,PHUTELA(1986),,rho,475.77,24.2,0.0,0.0,0.0,0.0,0.1693,0.1693,882.48,,T,test-only,,table
phutela1986_10.1021_je00045a018_t2,PHUTELA(1986),,rho,424.24,24.0,0.0,0.0,0.0,0.0,0.1693,0.1693,937.12,,T,test-only,,table
phutela1986_10.1021_je00045a018_t2,PHUTELA(1986),,rho,374.8,23.5,0.0,0.0,0.0,0.0,0.1693,0.1693,978.02,,T,test-only,,table
phutela1986_10.1021_je00045a018_t2,PHUTELA(1986),,rho,324.91,23.1,0.0,0.0,0.0,0.0,0.1693,0.1693,1007.99,,T,test-only,,table
phutela1986_10.1021_je00045a018_t2,PHUTELA(1986),,rho,294.23,23.1,0.0,0.0,0.0,0.0,0.1693,0.1693,1019.24,,T,test-only,,table
phutela1986_10.1021_je00045a018_t2,PHUTELA(1986),,rho,293.84,47.6,0.0,0.0,0.0,0.0,0.1693,0.1693,1020.43,,T,test-only,,table
phutela1986_10.1021_je00045a018_t2,PHUTELA(1986),,rho,324.76,47.5,0.0,0.0,0.0,0.0,0.1693,0.1693,1009.17,,T,test-only,,table
phutela1986_10.1021_je00045a018_t2,PHUTELA(1986),,rho,374.41,48.2,0.0,0.0,0.0,0.0,0.1693,0.1693,979.49,,T,test-only,,table
phutela1986_10.1021_je00045a018_t2,PHUTELA(1986),,rho,423.9,48.8,0.0,0.0,0.0,0.0,0.1693,0.1693,938.97,,T,test-only,,table
phutela1986_10.1021_je00045a018_t2,PHUTELA(1986),,rho,475.55,50.0,0.0,0.0,0.0,0.0,0.1693,0.1693,884.77,,T,test-only,,table
phutela1986_10.1021_je00045a018_t2,PHUTELA(1986),,rho,294.23,94.9,0.0,0.0,0.0,0.0,0.1693,0.1693,1022.34,,T,test-only,,table
phutela1986_10.1021_je00045a018_t2,PHUTELA(1986),,rho,325.27,95.6,0.0,0.0,0.0,0.0,0.1693,0.1693,1010.83,,T,test-only,,table
phutela1986_10.1021_je00045a018_t2,PHUTELA(1986),,rho,374.17,97.4,0.0,0.0,0.0,0.0,0.1693,0.1693,981.69,,T,test-only,,table
phutela1986_10.1021_je00045a018_t2,PHUTELA(1986),,rho,423.34,99.1,0.0,0.0,0.0,0.0,0.1693,0.1693,941.95,,T,test-only,,table
phutela1986_10.1021_je00045a018_t2,PHUTELA(1986),,rho,475.38,101.5,0.0,0.0,0.0,0.0,0.1693,0.1693,888.5,,T,test-only,,table
phutela1986_10.1021_je00045a018_t2,PHUTELA(1986),,rho,294.72,21.1,0.0,0.0,0.0,0.0,0.2503,0.2503,1028.49,,T,test-only,,table
phutela1986_10.1021_je00045a018_t2,PHUTELA(1986),,rho,325.06,21.6,0.0,0.0,0.0,0.0,0.2503,0.2503,1017.09,,T,test-only,,table
phutela1986_10.1021_je00045a018_t2,PHUTELA(1986),,rho,374.24,22.0,0.0,0.0,0.0,0.0,0.2503,0.2503,987.78,,T,test-only,,table
phutela1986_10.1021_je00045a018_t2,PHUTELA(1986),,rho,295.01,47.8,0.0,0.0,0.0,0.0,0.2503,0.2503,1029.54,,T,test-only,,table
phutela1986_10.1021_je00045a018_t2,PHUTELA(1986),,rho,324.2,48.1,0.0,0.0,0.0,0.0,0.2503,0.2503,1018.63,,T,test-only,,table
phutela1986_10.1021_je00045a018_t2,PHUTELA(1986),,rho,374.16,49.2,0.0,0.0,0.0,0.0,0.2503,0.2503,988.87,,T,test-only,,table
phutela1986_10.1021_je00045a018_t2,PHUTELA(1986),,rho,423.81,49.9,0.0,0.0,0.0,0.0,0.2503,0.2503,948.33,,T,test-only,,table
phutela1986_10.1021_je00045a018_t2,PHUTELA(1986),,rho,475.1,51.0,0.0,0.0,0.0,0.0,0.2503,0.2503,894.79,,T,test-only,,table
phutela1986_10.1021_je00045a018_t2,PHUTELA(1986),,rho,424.15,49.9,0.0,0.0,0.0,0.0,0.2503,0.2503,948.02,,T,test-only,,table
phutela1986_10.1021_je00045a018_t2,PHUTELA(1986),,rho,375.0,48.9,0.0,0.0,0.0,0.0,0.2503,0.2503,988.32,,T,test-only,,table
phutela1986_10.1021_je00045a018_t2,PHUTELA(1986),,rho,324.57,48.0,0.0,0.0,0.0,0.0,0.2503,0.2503,1018.49,,T,test-only,,table
phutela1986_10.1021_je00045a018_t2,PHUTELA(1986),,rho,294.88,47.6,0.0,0.0,0.0,0.0,0.2503,0.2503,1029.61,,T,test-only,,table
phutela1986_10.1021_je00045a018_t2,PHUTELA(1986),,rho,294.9,95.2,0.0,0.0,0.0,0.0,0.2503,0.2503,1031.56,,T,test-only,,table
phutela1986_10.1021_je00045a018_t2,PHUTELA(1986),,rho,324.57,96.0,0.0,0.0,0.0,0.0,0.2503,0.2503,1020.41,,T,test-only,,table
phutela1986_10.1021_je00045a018_t2,PHUTELA(1986),,rho,374.48,97.7,0.0,0.0,0.0,0.0,0.2503,0.2503,990.8,,T,test-only,,table
phutela1986_10.1021_je00045a018_t2,PHUTELA(1986),,rho,423.65,99.5,0.0,0.0,0.0,0.0,0.2503,0.2503,951.14,,T,test-only,,table
phutela1986_10.1021_je00045a018_t2,PHUTELA(1986),,rho,475.1,101.5,0.0,0.0,0.0,0.0,0.2503,0.2503,898.49,,T,test-only,,table
phutela1986_10.1021_je00045a018_t2,PHUTELA(1986),,rho,423.74,99.3,0.0,0.0,0.0,0.0,0.2503,0.2503,951.09,,T,test-only,,table
phutela1986_10.1021_je00045a018_t2,PHUTELA(1986),,rho,375.02,97.9,0.0,0.0,0.0,0.0,0.2503,0.2503,990.43,,T,test-only,,table
phutela1986_10.1021_je00045a018_t2,PHUTELA(1986),,rho,324.74,96.3,0.0,0.0,0.0,0.0,0.2503,0.2503,1020.33,,T,test-only,,table
phutela1986_10.1021_je00045a018_t2,PHUTELA(1986),,rho,295.03,95.4,0.0,0.0,0.0,0.0,0.2503,0.2503,1031.56,,T,test-only,,table
saluja1987_10.1021_je00047a021_t2,SALUJA(1987),,rho,297.19,6.0,0.0,0.21688,0.0,0.0,0.10844,0.0,1005.99,,T,test-only,,table
saluja1987_10.1021_je00047a021_t2,SALUJA(1987),,rho,297.19,6.0,0.0,0.39422,0.0,0.0,0.19711,0.0,1012.824,,T,test-only,,table
saluja1987_10.1021_je00047a021_t2,SALUJA(1987),,rho,297.19,6.0,0.0,0.56372,0.0,0.0,0.28186,0.0,1019.263,,T,test-only,,table
saluja1987_10.1021_je00047a021_t2,SALUJA(1987),,rho,297.19,6.0,0.0,0.77684,0.0,0.0,0.38842,0.0,1027.274,,T,test-only,,table
saluja1987_10.1021_je00047a021_t2,SALUJA(1987),,rho,297.19,6.0,0.0,1.0555,0.0,0.0,0.52775,0.0,1037.532,,T,test-only,,table
saluja1987_10.1021_je00047a021_t2,SALUJA(1987),,rho,321.9,6.0,0.0,0.21688,0.0,0.0,0.10844,0.0,997.266,,T,test-only,,table
saluja1987_10.1021_je00047a021_t2,SALUJA(1987),,rho,321.9,6.0,0.0,0.39422,0.0,0.0,0.19711,0.0,1004.042,,T,test-only,,table
saluja1987_10.1021_je00047a021_t2,SALUJA(1987),,rho,321.9,6.0,0.0,0.56372,0.0,0.0,0.28186,0.0,1010.422,,T,test-only,,table
saluja1987_10.1021_je00047a021_t2,SALUJA(1987),,rho,321.9,6.0,0.0,0.77684,0.0,0.0,0.38842,0.0,1018.373,,T,test-only,,table
saluja1987_10.1021_je00047a021_t2,SALUJA(1987),,rho,321.9,6.0,0.0,1.0555,0.0,0.0,0.52775,0.0,1028.562,,T,test-only,,table
saluja1987_10.1021_je00047a021_t2,SALUJA(1987),,rho,346.92,6.0,0.0,0.21688,0.0,0.0,0.10844,0.0,984.371,,T,test-only,,table
saluja1987_10.1021_je00047a021_t2,SALUJA(1987),,rho,346.92,6.0,0.0,0.39422,0.0,0.0,0.19711,0.0,991.239,,T,test-only,,table
saluja1987_10.1021_je00047a021_t2,SALUJA(1987),,rho,346.92,6.0,0.0,0.56372,0.0,0.0,0.28186,0.0,997.705,,T,test-only,,table
saluja1987_10.1021_je00047a021_t2,SALUJA(1987),,rho,346.92,6.0,0.0,0.77684,0.0,0.0,0.38842,0.0,1005.727,,T,test-only,,table
saluja1987_10.1021_je00047a021_t2,SALUJA(1987),,rho,346.92,6.0,0.0,1.0555,0.0,0.0,0.52775,0.0,1016.023,,T,test-only,,table
saluja1987_10.1021_je00047a021_t2,SALUJA(1987),,rho,371.82,6.0,0.0,0.21688,0.0,0.0,0.10844,0.0,968.358,,T,test-only,,table
saluja1987_10.1021_je00047a021_t2,SALUJA(1987),,rho,371.82,6.0,0.0,0.39422,0.0,0.0,0.19711,0.0,975.379,,T,test-only,,table
saluja1987_10.1021_je00047a021_t2,SALUJA(1987),,rho,371.82,6.0,0.0,0.56372,0.0,0.0,0.28186,0.0,981.977,,T,test-only,,table
saluja1987_10.1021_je00047a021_t2,SALUJA(1987),,rho,371.82,6.0,0.0,0.77684,0.0,0.0,0.38842,0.0,990.268,,T,test-only,,table
saluja1987_10.1021_je00047a021_t2,SALUJA(1987),,rho,371.82,6.0,0.0,1.0555,0.0,0.0,0.52775,0.0,1000.854,,T,test-only,,table
saluja1987_10.1021_je00047a021_t2,SALUJA(1987),,rho,297.19,6.0,0.0,0.05952,0.0,0.02976,0.0,0.0,1000.203,,T,test-only,,table
saluja1987_10.1021_je00047a021_t2,SALUJA(1987),,rho,297.19,6.0,0.0,0.1988,0.0,0.0994,0.0,0.0,1006.417,,T,test-only,,table
saluja1987_10.1021_je00047a021_t2,SALUJA(1987),,rho,297.19,6.0,0.0,0.20426,0.0,0.10213,0.0,0.0,1006.601,,T,test-only,,table
saluja1987_10.1021_je00047a021_t2,SALUJA(1987),,rho,297.19,6.0,0.0,0.39538,0.0,0.19769,0.0,0.0,1014.985,,T,test-only,,table
saluja1987_10.1021_je00047a021_t2,SALUJA(1987),,rho,297.19,6.0,0.0,0.42502,0.0,0.21251,0.0,0.0,1016.264,,T,test-only,,table
saluja1987_10.1021_je00047a021_t2,SALUJA(1987),,rho,297.19,6.0,0.0,0.85082,0.0,0.42541,0.0,0.0,1034.627,,T,test-only,,table
saluja1987_10.1021_je00047a021_t2,SALUJA(1987),,rho,297.19,6.0,0.0,1.33226,0.0,0.66613,0.0,0.0,1054.641,,T,test-only,,table
saluja1987_10.1021_je00047a021_t2,SALUJA(1987),,rho,297.19,6.0,0.0,1.7607,0.0,0.88035,0.0,0.0,1072.038,,T,test-only,,table
saluja1987_10.1021_je00047a021_t2,SALUJA(1987),,rho,321.9,6.0,0.0,0.05952,0.0,0.02976,0.0,0.0,991.453,,T,test-only,,table
saluja1987_10.1021_je00047a021_t2,SALUJA(1987),,rho,321.9,6.0,0.0,0.1988,0.0,0.0994,0.0,0.0,997.565,,T,test-only,,table
saluja1987_10.1021_je00047a021_t2,SALUJA(1987),,rho,321.9,6.0,0.0,0.20426,0.0,0.10213,0.0,0.0,997.752,,T,test-only,,table
saluja1987_10.1021_je00047a021_t2,SALUJA(1987),,rho,321.9,6.0,0.0,0.39538,0.0,0.19769,0.0,0.0,1005.987,,T,test-only,,table
saluja1987_10.1021_je00047a021_t2,SALUJA(1987),,rho,321.9,6.0,0.0,0.42502,0.0,0.21251,0.0,0.0,1007.253,,T,test-only,,table
saluja1987_10.1021_je00047a021_t2,SALUJA(1987),,rho,321.9,6.0,0.0,0.85082,0.0,0.42541,0.0,0.0,1025.293,,T,test-only,,table
saluja1987_10.1021_je00047a021_t2,SALUJA(1987),,rho,321.9,6.0,0.0,1.33226,0.0,0.66613,0.0,0.0,1044.979,,T,test-only,,table
saluja1987_10.1021_je00047a021_t2,SALUJA(1987),,rho,321.9,6.0,0.0,1.7607,0.0,0.88035,0.0,0.0,1062.076,,T,test-only,,table
saluja1987_10.1021_je00047a021_t2,SALUJA(1987),,rho,348.15,6.0,0.0,0.0995,0.0,0.04975,0.0,0.0,979.451,,T,test-only,,table
saluja1987_10.1021_je00047a021_t2,SALUJA(1987),,rho,348.15,6.0,0.0,0.10216,0.0,0.05108,0.0,0.0,979.562,,T,test-only,,table
saluja1987_10.1021_je00047a021_t2,SALUJA(1987),,rho,348.15,6.0,0.0,0.2003,0.0,0.10015,0.0,0.0,983.77,,T,test-only,,table
saluja1987_10.1021_je00047a021_t2,SALUJA(1987),,rho,348.15,6.0,0.0,0.40542,0.0,0.20271,0.0,0.0,992.496,,T,test-only,,table
saluja1987_10.1021_je00047a021_t2,SALUJA(1987),,rho,348.15,6.0,0.0,0.98898,0.0,0.49449,0.0,0.0,1016.907,,T,test-only,,table
saluja1987_10.1021_je00047a021_t2,SALUJA(1987),,rho,348.15,6.0,0.0,1.96904,0.0,0.98452,0.0,0.0,1055.241,,T,test-only,,table
saluja1987_10.1021_je00047a021_t2,SALUJA(1987),,rho,371.82,6.0,0.0,0.05952,0.0,0.02976,0.0,0.0,962.271,,T,test-only,,table
saluja1987_10.1021_je00047a021_t2,SALUJA(1987),,rho,371.82,6.0,0.0,0.1988,0.0,0.0994,0.0,0.0,968.48,,T,test-only,,table
saluja1987_10.1021_je00047a021_t2,SALUJA(1987),,rho,371.82,6.0,0.0,0.20426,0.0,0.10213,0.0,0.0,968.692,,T,test-only,,table
saluja1987_10.1021_je00047a021_t2,SALUJA(1987),,rho,371.82,6.0,0.0,0.39538,0.0,0.19769,0.0,0.0,977.016,,T,test-only,,table
saluja1987_10.1021_je00047a021_t2,SALUJA(1987),,rho,371.82,6.0,0.0,0.42502,0.0,0.21251,0.0,0.0,978.289,,T,test-only,,table
saluja1987_10.1021_je00047a021_t2,SALUJA(1987),,rho,371.82,6.0,0.0,0.85082,0.0,0.42541,0.0,0.0,996.544,,T,test-only,,table
saluja1987_10.1021_je00047a021_t2,SALUJA(1987),,rho,371.82,6.0,0.0,1.33226,0.0,0.66613,0.0,0.0,1016.391,,T,test-only,,table
saluja1987_10.1021_je00047a021_t2,SALUJA(1987),,rho,371.82,6.0,0.0,1.7607,0.0,0.88035,0.0,0.0,1033.651,,T,test-only,,table
saluja1987_10.1021_je00047a021_t2,SALUJA(1987),,rho,371.96,6.0,0.0,0.1504,0.0,0.0752,0.0,0.0,966.15,,T,test-only,,table
saluja1987_10.1021_je00047a021_t2,SALUJA(1987),,rho,371.96,6.0,0.0,0.4212,0.0,0.2106,0.0,0.0,977.944,,T,test-only,,table
saluja1987_10.1021_je00047a021_t2,SALUJA(1987),,rho,371.96,6.0,0.0,0.9398,0.0,0.4699,0.0,0.0,1000.449,,T,test-only,,table
gates1989_10.1021_je00055a016_t1,GATES(1989),,rho,323.16,1.01,0.0,12.8488,0.0,6.4244,0.0,0.0,1391.200381,,T,test-only,,table
gates1989_10.1021_je00055a016_t1,GATES(1989),,rho,323.16,1.01,0.0,12.8488,0.0,6.4244,0.0,0.0,1390.980381,,T,test-only,,table
gates1989_10.1021_je00055a016_t1,GATES(1989),,rho,323.16,1.01,0.0,10.02,0.0,5.01,0.0,0.0,1326.370381,,T,test-only,,table
gates1989_10.1021_je00055a016_t1,GATES(1989),,rho,323.16,1.01,0.0,10.02,0.0,5.01,0.0,0.0,1326.410381,,T,test-only,,table
gates1989_10.1021_je00055a016_t1,GATES(1989),,rho,323.16,1.01,0.0,6.394,0.0,3.197,0.0,0.0,1223.500381,,T,test-only,,table
gates1989_10.1021_je00055a016_t1,GATES(1989),,rho,323.16,1.01,0.0,6.394,0.0,3.197,0.0,0.0,1223.520381,,T,test-only,,table
gates1989_10.1021_je00055a016_t1,GATES(1989),,rho,323.16,1.01,0.0,2.048,0.0,1.024,0.0,0.0,1073.350381,,T,test-only,,table
gates1989_10.1021_je00055a016_t1,GATES(1989),,rho,323.16,1.01,0.0,2.048,0.0,1.024,0.0,0.0,1073.300381,,T,test-only,,table
gates1989_10.1021_je00055a016_t1,GATES(1989),,rho,323.16,1.01,0.0,1.0492,0.0,0.5246,0.0,0.0,1032.950381,,T,test-only,,table
gates1989_10.1021_je00055a016_t1,GATES(1989),,rho,323.16,1.01,0.0,1.0492,0.0,0.5246,0.0,0.0,1032.920381,,T,test-only,,table
gates1989_10.1021_je00055a016_t1,GATES(1989),,rho,323.16,1.01,0.0,0.5444,0.0,0.2722,0.0,0.0,1011.810381,,T,test-only,,table
gates1989_10.1021_je00055a016_t1,GATES(1989),,rho,323.16,1.01,0.0,0.2028,0.0,0.1014,0.0,0.0,997.0103811,,T,test-only,,table
gates1989_10.1021_je00055a016_t1,GATES(1989),,rho,323.16,1.01,0.0,0.2028,0.0,0.1014,0.0,0.0,997.0003811,,T,test-only,,table
gates1989_10.1021_je00055a016_t1,GATES(1989),,rho,323.16,1.01,0.0,0.0994,0.0,0.0497,0.0,0.0,992.4603811,,T,test-only,,table
gates1989_10.1021_je00055a016_t1,GATES(1989),,rho,323.16,1.01,0.0,0.0994,0.0,0.0497,0.0,0.0,992.4903811,,T,test-only,,table
gates1989_10.1021_je00055a016_t1,GATES(1989),,rho,323.16,203.7,0.0,12.8488,0.0,6.4244,0.0,0.0,1397.84186,,T,test-only,,table
gates1989_10.1021_je00055a016_t1,GATES(1989),,rho,323.16,203.7,0.0,12.8488,0.0,6.4244,0.0,0.0,1397.88186,,T,test-only,,table
gates1989_10.1021_je00055a016_t1,GATES(1989),,rho,323.16,202.4,0.0,10.02,0.0,5.01,0.0,0.0,1332.997573,,T,test-only,,table
gates1989_10.1021_je00055a016_t1,GATES(1989),,rho,323.16,202.4,0.0,6.394,0.0,3.197,0.0,0.0,1230.497573,,T,test-only,,table
gates1989_10.1021_je00055a016_t1,GATES(1989),,rho,323.16,201.7,0.0,6.394,0.0,3.197,0.0,0.0,1230.488335,,T,test-only,,table
gates1989_10.1021_je00055a016_t1,GATES(1989),,rho,323.16,201.7,0.0,2.048,0.0,1.024,0.0,0.0,1081.178335,,T,test-only,,table
gates1989_10.1021_je00055a016_t1,GATES(1989),,rho,323.16,202.4,0.0,2.048,0.0,1.024,0.0,0.0,1081.187573,,T,test-only,,table
gates1989_10.1021_je00055a016_t1,GATES(1989),,rho,323.16,202.4,0.0,2.048,0.0,1.024,0.0,0.0,1081.207573,,T,test-only,,table
gates1989_10.1021_je00055a016_t1,GATES(1989),,rho,323.16,202.4,0.0,1.0492,0.0,0.5246,0.0,0.0,1041.147573,,T,test-only,,table
gates1989_10.1021_je00055a016_t1,GATES(1989),,rho,323.16,201.7,0.0,1.0492,0.0,0.5246,0.0,0.0,1041.118335,,T,test-only,,table
gates1989_10.1021_je00055a016_t1,GATES(1989),,rho,323.16,201.7,0.0,0.5444,0.0,0.2722,0.0,0.0,1020.178335,,T,test-only,,table
gates1989_10.1021_je00055a016_t1,GATES(1989),,rho,323.16,201.7,0.0,0.2028,0.0,0.1014,0.0,0.0,1005.498335,,T,test-only,,table
gates1989_10.1021_je00055a016_t1,GATES(1989),,rho,323.16,202.4,0.0,0.0994,0.0,0.0497,0.0,0.0,1001.047573,,T,test-only,,table
gates1989_10.1021_je00055a016_t1,GATES(1989),,rho,323.16,202.4,0.0,0.0994,0.0,0.0497,0.0,0.0,1001.037573,,T,test-only,,table
gates1989_10.1021_je00055a016_t1,GATES(1989),,rho,323.05,375.4,0.0,12.8488,0.0,6.4244,0.0,0.0,1403.193857,,T,test-only,,table
gates1989_10.1021_je00055a016_t1,GATES(1989),,rho,323.05,375.4,0.0,10.02,0.0,5.01,0.0,0.0,1338.683857,,T,test-only,,table
gates1989_10.1021_je00055a016_t1,GATES(1989),,rho,323.05,375.4,0.0,10.02,0.0,5.01,0.0,0.0,1338.703857,,T,test-only,,table
gates1989_10.1021_je00055a016_t1,GATES(1989),,rho,323.05,375.4,0.0,6.394,0.0,3.197,0.0,0.0,1236.353857,,T,test-only,,table
gates1989_10.1021_je00055a016_t1,GATES(1989),,rho,323.05,374.7,0.0,6.394,0.0,3.197,0.0,0.0,1236.315651,,T,test-only,,table
gates1989_10.1021_je00055a016_t1,GATES(1989),,rho,323.05,374.7,0.0,2.048,0.0,1.024,0.0,0.0,1087.885651,,T,test-only,,table
gates1989_10.1021_je00055a016_t1,GATES(1989),,rho,323.05,374.7,0.0,2.048,0.0,1.024,0.0,0.0,1087.825651,,T,test-only,,table
gates1989_10.1021_je00055a016_t1,GATES(1989),,rho,323.05,374.7,0.0,1.0492,0.0,0.5246,0.0,0.0,1047.995651,,T,test-only,,table
gates1989_10.1021_je00055a016_t1,GATES(1989),,rho,323.05,374.7,0.0,1.0492,0.0,0.5246,0.0,0.0,1048.005651,,T,test-only,,table
gates1989_10.1021_je00055a016_t1,GATES(1989),,rho,323.05,374.7,0.0,0.5444,0.0,0.2722,0.0,0.0,1027.085651,,T,test-only,,table
gates1989_10.1021_je00055a016_t1,GATES(1989),,rho,323.05,374.7,0.0,0.5444,0.0,0.2722,0.0,0.0,1027.175651,,T,test-only,,table
gates1989_10.1021_je00055a016_t1,GATES(1989),,rho,323.05,374.7,0.0,0.2028,0.0,0.1014,0.0,0.0,1012.545651,,T,test-only,,table
gates1989_10.1021_je00055a016_t1,GATES(1989),,rho,323.05,374.7,0.0,0.0994,0.0,0.0497,0.0,0.0,1008.095651,,T,test-only,,table
gates1989_10.1021_je00055a016_t1,GATES(1989),,rho,349.16,10.0,0.0,12.8488,0.0,6.4244,0.0,0.0,1374.026491,,T,test-only,,table
gates1989_10.1021_je00055a016_t1,GATES(1989),,rho,349.16,10.0,0.0,12.8488,0.0,6.4244,0.0,0.0,1374.096491,,T,test-only,,table
gates1989_10.1021_je00055a016_t1,GATES(1989),,rho,349.16,10.0,0.0,10.02,0.0,5.01,0.0,0.0,1310.316491,,T,test-only,,table
gates1989_10.1021_je00055a016_t1,GATES(1989),,rho,349.16,10.0,0.0,10.02,0.0,5.01,0.0,0.0,1310.296491,,T,test-only,,table
gates1989_10.1021_je00055a016_t1,GATES(1989),,rho,349.16,10.0,0.0,6.394,0.0,3.197,0.0,0.0,1209.006491,,T,test-only,,table
gates1989_10.1021_je00055a016_t1,GATES(1989),,rho,349.16,10.0,0.0,6.394,0.0,3.197,0.0,0.0,1209.036491,,T,test-only,,table
gates1989_10.1021_je00055a016_t1,GATES(1989),,rho,349.16,10.0,0.0,2.048,0.0,1.024,0.0,0.0,1059.906491,,T,test-only,,table
gates1989_10.1021_je00055a016_t1,GATES(1989),,rho,349.16,10.0,0.0,2.048,0.0,1.024,0.0,0.0,1059.886491,,T,test-only,,table
gates1989_10.1021_je00055a016_t1,GATES(1989),,rho,349.16,10.0,0.0,1.0492,0.0,0.5246,0.0,0.0,1019.586491,,T,test-only,,table
gates1989_10.1021_je00055a016_t1,GATES(1989),,rho,349.16,10.0,0.0,0.5444,0.0,0.2722,0.0,0.0,998.4664907,,T,test-only,,table
gates1989_10.1021_je00055a016_t1,GATES(1989),,rho,349.16,10.0,0.0,0.2028,0.0,0.1014,0.0,0.0,983.6564907,,T,test-only,,table
gates1989_10.1021_je00055a016_t1,GATES(1989),,rho,349.16,10.0,0.0,0.2028,0.0,0.1014,0.0,0.0,983.6764907,,T,test-only,,table
gates1989_10.1021_je00055a016_t1,GATES(1989),,rho,349.16,10.0,0.0,0.0994,0.0,0.0497,0.0,0.0,979.1164907,,T,test-only,,table
gates1989_10.1021_je00055a016_t1,GATES(1989),,rho,349.16,10.0,0.0,0.0994,0.0,0.0497,0.0,0.0,979.0964907,,T,test-only,,table
gates1989_10.1021_je00055a016_t1,GATES(1989),,rho,349.16,203.7,0.0,12.8488,0.0,6.4244,0.0,0.0,1380.752177,,T,test-only,,table
gates1989_10.1021_je00055a016_t1,GATES(1989),,rho,349.16,203.1,0.0,12.8488,0.0,6.4244,0.0,0.0,1380.696741,,T,test-only,,table
gates1989_10.1021_je00055a016_t1,GATES(1989),,rho,349.16,203.1,0.0,10.02,0.0,5.01,0.0,0.0,1316.966741,,T,test-only,,table
gates1989_10.1021_je00055a016_t1,GATES(1989),,rho,349.16,203.1,0.0,10.02,0.0,5.01,0.0,0.0,1316.986741,,T,test-only,,table
gates1989_10.1021_je00055a016_t1,GATES(1989),,rho,349.16,203.1,0.0,6.394,0.0,3.197,0.0,0.0,1215.996741,,T,test-only,,table
gates1989_10.1021_je00055a016_t1,GATES(1989),,rho,349.16,203.1,0.0,6.394,0.0,3.197,0.0,0.0,1215.966741,,T,test-only,,table
gates1989_10.1021_je00055a016_t1,GATES(1989),,rho,349.16,203.1,0.0,2.048,0.0,1.024,0.0,0.0,1067.516741,,T,test-only,,table
gates1989_10.1021_je00055a016_t1,GATES(1989),,rho,349.16,203.1,0.0,2.048,0.0,1.024,0.0,0.0,1067.526741,,T,test-only,,table
gates1989_10.1021_je00055a016_t1,GATES(1989),,rho,349.16,203.1,0.0,1.0492,0.0,0.5246,0.0,0.0,1027.546741,,T,test-only,,table
gates1989_10.1021_je00055a016_t1,GATES(1989),,rho,349.16,203.1,0.0,1.0492,0.0,0.5246,0.0,0.0,1027.656741,,T,test-only,,table
gates1989_10.1021_je00055a016_t1,GATES(1989),,rho,349.16,203.1,0.0,0.5444,0.0,0.2722,0.0,0.0,1006.646741,,T,test-only,,table
gates1989_10.1021_je00055a016_t1,GATES(1989),,rho,349.16,203.1,0.0,0.5444,0.0,0.2722,0.0,0.0,1006.686741,,T,test-only,,table
gates1989_10.1021_je00055a016_t1,GATES(1989),,rho,349.16,203.1,0.0,0.2028,0.0,0.1014,0.0,0.0,992.0767407,,T,test-only,,table
gates1989_10.1021_je00055a016_t1,GATES(1989),,rho,349.16,203.1,0.0,0.2028,0.0,0.1014,0.0,0.0,991.9267407,,T,test-only,,table
gates1989_10.1021_je00055a016_t1,GATES(1989),,rho,349.16,203.1,0.0,0.0994,0.0,0.0497,0.0,0.0,987.4767407,,T,test-only,,table
gates1989_10.1021_je00055a016_t1,GATES(1989),,rho,349.16,398.9,0.0,12.8488,0.0,6.4244,0.0,0.0,1386.733507,,T,test-only,,table
gates1989_10.1021_je00055a016_t1,GATES(1989),,rho,349.16,398.9,0.0,12.8488,0.0,6.4244,0.0,0.0,1386.783507,,T,test-only,,table
gates1989_10.1021_je00055a016_t1,GATES(1989),,rho,349.16,398.9,0.0,10.02,0.0,5.01,0.0,0.0,1323.183507,,T,test-only,,table
gates1989_10.1021_je00055a016_t1,GATES(1989),,rho,349.16,398.2,0.0,6.394,0.0,3.197,0.0,0.0,1222.565122,,T,test-only,,table
gates1989_10.1021_je00055a016_t1,GATES(1989),,rho,349.16,398.2,0.0,6.394,0.0,3.197,0.0,0.0,1222.545122,,T,test-only,,table
gates1989_10.1021_je00055a016_t1,GATES(1989),,rho,349.16,398.2,0.0,2.048,0.0,1.024,0.0,0.0,1075.005122,,T,test-only,,table
gates1989_10.1021_je00055a016_t1,GATES(1989),,rho,349.16,398.2,0.0,2.048,0.0,1.024,0.0,0.0,1074.995122,,T,test-only,,table
gates1989_10.1021_je00055a016_t1,GATES(1989),,rho,349.16,398.2,0.0,1.0492,0.0,0.5246,0.0,0.0,1035.255122,,T,test-only,,table
gates1989_10.1021_je00055a016_t1,GATES(1989),,rho,349.16,398.2,0.0,1.0492,0.0,0.5246,0.0,0.0,1035.245122,,T,test-only,,table
gates1989_10.1021_je00055a016_t1,GATES(1989),,rho,349.16,397.5,0.0,0.5444,0.0,0.2722,0.0,0.0,1014.556732,,T,test-only,,table
gates1989_10.1021_je00055a016_t1,GATES(1989),,rho,349.16,397.5,0.0,0.5444,0.0,0.2722,0.0,0.0,1014.536732,,T,test-only,,table
gates1989_10.1021_je00055a016_t1,GATES(1989),,rho,349.16,396.8,0.0,0.2028,0.0,0.1014,0.0,0.0,999.8683387,,T,test-only,,table
gates1989_10.1021_je00055a016_t1,GATES(1989),,rho,349.16,396.8,0.0,0.0994,0.0,0.0497,0.0,0.0,995.4883387,,T,test-only,,table
gates1989_10.1021_je00055a016_t1,GATES(1989),,rho,399.85,16.9,0.0,12.8488,0.0,6.4244,0.0,0.0,1341.092126,,T,test-only,,table
gates1989_10.1021_je00055a016_t1,GATES(1989),,rho,399.85,16.9,0.0,12.8488,0.0,6.4244,0.0,0.0,1340.922126,,T,test-only,,table
gates1989_10.1021_je00055a016_t1,GATES(1989),,rho,399.85,16.9,0.0,12.8488,0.0,6.4244,0.0,0.0,1341.122126,,T,test-only,,table
gates1989_10.1021_je00055a016_t1,GATES(1989),,rho,399.85,16.9,0.0,10.02,0.0,5.01,0.0,0.0,1277.812126,,T,test-only,,table
gates1989_10.1021_je00055a016_t1,GATES(1989),,rho,399.85,16.9,0.0,10.02,0.0,5.01,0.0,0.0,1277.842126,,T,test-only,,table
gates1989_10.1021_je00055a016_t1,GATES(1989),,rho,399.85,16.9,0.0,6.394,0.0,3.197,0.0,0.0,1177.582126,,T,test-only,,table
gates1989_10.1021_je00055a016_t1,GATES(1989),,rho,399.85,16.9,0.0,6.394,0.0,3.197,0.0,0.0,1177.562126,,T,test-only,,table
gates1989_10.1021_je00055a016_t1,GATES(1989),,rho,399.85,16.9,0.0,2.048,0.0,1.024,0.0,0.0,1026.562126,,T,test-only,,table
gates1989_10.1021_je00055a016_t1,GATES(1989),,rho,399.85,16.9,0.0,2.048,0.0,1.024,0.0,0.0,1026.572126,,T,test-only,,table
gates1989_10.1021_je00055a016_t1,GATES(1989),,rho,399.85,16.9,0.0,1.0492,0.0,0.5246,0.0,0.0,985.1021258,,T,test-only,,table
gates1989_10.1021_je00055a016_t1,GATES(1989),,rho,399.85,16.9,0.0,1.0492,0.0,0.5246,0.0,0.0,985.0021258,,T,test-only,,table
gates1989_10.1021_je00055a016_t1,GATES(1989),,rho,399.85,16.9,0.0,0.5428,0.0,0.2714,0.0,0.0,963.2421258,,T,test-only,,table
gates1989_10.1021_je00055a016_t1,GATES(1989),,rho,399.85,16.9,0.0,0.5428,0.0,0.2714,0.0,0.0,963.2721258,,T,test-only,,table
gates1989_10.1021_je00055a016_t1,GATES(1989),,rho,399.85,16.9,0.0,0.2028,0.0,0.1014,0.0,0.0,947.6421258,,T,test-only,,table
gates1989_10.1021_je00055a016_t1,GATES(1989),,rho,399.85,16.9,0.0,0.2028,0.0,0.1014,0.0,0.0,947.7821258,,T,test-only,,table
gates1989_10.1021_je00055a016_t1,GATES(1989),,rho,399.85,16.9,0.0,0.0994,0.0,0.0497,0.0,0.0,942.8021258,,T,test-only,,table
gates1989_10.1021_je00055a016_t1,GATES(1989),,rho,399.85,16.9,0.0,0.0994,0.0,0.0497,0.0,0.0,943.0421258,,T,test-only,,table
gates1989_10.1021_je00055a016_t1,GATES(1989),,rho,399.85,201.7,0.0,12.8488,0.0,6.4244,0.0,0.0,1347.302842,,T,test-only,,table
gates1989_10.1021_je00055a016_t1,GATES(1989),,rho,399.85,201.7,0.0,12.8488,0.0,6.4244,0.0,0.0,1347.492842,,T,test-only,,table
gates1989_10.1021_je00055a016_t1,GATES(1989),,rho,399.85,203.7,0.0,10.02,0.0,5.01,0.0,0.0,1284.339003,,T,test-only,,table
gates1989_10.1021_je00055a016_t1,GATES(1989),,rho,399.85,203.7,0.0,10.02,0.0,5.01,0.0,0.0,1284.459003,,T,test-only,,table
gates1989_10.1021_je00055a016_t1,GATES(1989),,rho,399.85,203.7,0.0,6.394,0.0,3.197,0.0,0.0,1184.639003,,T,test-only,,table
gates1989_10.1021_je00055a016_t1,GATES(1989),,rho,399.85,203.7,0.0,6.394,0.0,3.197,0.0,0.0,1184.589003,,T,test-only,,table
gates1989_10.1021_je00055a016_t1,GATES(1989),,rho,399.85,405.8,0.0,0.2028,0.0,0.1014,0.0,0.0,966.3207548,,T,test-only,,table
gates1989_10.1021_je00055a016_t1,GATES(1989),,rho,399.85,406.4,0.0,0.2028,0.0,0.1014,0.0,0.0,966.2679012,,T,test-only,,table
gates1989_10.1021_je00055a016_t1,GATES(1989),,rho,399.85,203.7,0.0,2.048,0.0,1.024,0.0,0.0,1034.719003,,T,test-only,,table
gates1989_10.1021_je00055a016_t1,GATES(1989),,rho,399.85,203.1,0.0,2.048,0.0,1.024,0.0,0.0,1034.590161,,T,test-only,,table
gates1989_10.1021_je00055a016_t1,GATES(1989),,rho,399.85,203.7,0.0,1.0492,0.0,0.5246,0.0,0.0,993.7990033,,T,test-only,,table
gates1989_10.1021_je00055a016_t1,GATES(1989),,rho,399.85,203.7,0.0,1.0492,0.0,0.5246,0.0,0.0,993.7590033,,T,test-only,,table
gates1989_10.1021_je00055a016_t1,GATES(1989),,rho,399.85,203.7,0.0,0.5428,0.0,0.2714,0.0,0.0,972.1390033,,T,test-only,,table
gates1989_10.1021_je00055a016_t1,GATES(1989),,rho,399.85,204.4,0.0,0.5428,0.0,0.2714,0.0,0.0,972.2226456,,T,test-only,,table
gates1989_10.1021_je00055a016_t1,GATES(1989),,rho,399.85,203.1,0.0,0.2028,0.0,0.1014,0.0,0.0,956.9501612,,T,test-only,,table
gates1989_10.1021_je00055a016_t1,GATES(1989),,rho,399.85,203.7,0.0,0.2028,0.0,0.1014,0.0,0.0,956.8890033,,T,test-only,,table
gates1989_10.1021_je00055a016_t1,GATES(1989),,rho,399.85,203.7,0.0,0.0994,0.0,0.0497,0.0,0.0,952.2490033,,T,test-only,,table
gates1989_10.1021_je00055a016_t1,GATES(1989),,rho,399.85,203.1,0.0,0.0994,0.0,0.0497,0.0,0.0,952.2401612,,T,test-only,,table
gates1989_10.1021_je00055a016_t1,GATES(1989),,rho,399.85,401.6,0.0,12.8488,0.0,6.4244,0.0,0.0,1353.9606,,T,test-only,,table
gates1989_10.1021_je00055a016_t1,GATES(1989),,rho,399.85,403.0,0.0,10.02,0.0,5.01,0.0,0.0,1291.22401,,T,test-only,,table
gates1989_10.1021_je00055a016_t1,GATES(1989),,rho,399.85,402.3,0.0,10.02,0.0,5.01,0.0,0.0,1291.002308,,T,test-only,,table
gates1989_10.1021_je00055a016_t1,GATES(1989),,rho,399.85,403.7,0.0,10.02,0.0,5.01,0.0,0.0,1291.175706,,T,test-only,,table
gates1989_10.1021_je00055a016_t1,GATES(1989),,rho,399.85,404.4,0.0,6.394,0.0,3.197,0.0,0.0,1191.787395,,T,test-only,,table
gates1989_10.1021_je00055a016_t1,GATES(1989),,rho,399.85,403.7,0.0,6.394,0.0,3.197,0.0,0.0,1191.685706,,T,test-only,,table
gates1989_10.1021_je00055a016_t1,GATES(1989),,rho,399.85,400.3,0.0,2.048,0.0,1.024,0.0,0.0,1042.811697,,T,test-only,,table
gates1989_10.1021_je00055a016_t1,GATES(1989),,rho,399.85,401.0,0.0,2.048,0.0,1.024,0.0,0.0,1042.903417,,T,test-only,,table
gates1989_10.1021_je00055a016_t1,GATES(1989),,rho,399.85,401.6,0.0,1.0492,0.0,0.5246,0.0,0.0,1002.4006,,T,test-only,,table
gates1989_10.1021_je00055a016_t1,GATES(1989),,rho,399.85,403.0,0.0,1.0492,0.0,0.5246,0.0,0.0,1002.43401,,T,test-only,,table
gates1989_10.1021_je00055a016_t1,GATES(1989),,rho,399.85,403.7,0.0,0.5428,0.0,0.2714,0.0,0.0,981.165706,,T,test-only,,table
gates1989_10.1021_je00055a016_t1,GATES(1989),,rho,399.85,405.1,0.0,0.5428,0.0,0.2714,0.0,0.0,981.2390782,,T,test-only,,table
gates1989_10.1021_je00055a016_t1,GATES(1989),,rho,399.85,406.4,0.0,0.0994,0.0,0.0497,0.0,0.0,961.6579012,,T,test-only,,table
gates1989_10.1021_je00055a016_t1,GATES(1989),,rho,399.85,407.1,0.0,0.0994,0.0,0.0497,0.0,0.0,961.6695661,,T,test-only,,table
gates1989_10.1021_je00055a016_t1,GATES(1989),,rho,450.13,35.5,0.0,12.8488,0.0,6.4244,0.0,0.0,1306.922697,,T,test-only,,table
gates1989_10.1021_je00055a016_t1,GATES(1989),,rho,450.13,35.5,0.0,12.8488,0.0,6.4244,0.0,0.0,1306.972697,,T,test-only,,table
gates1989_10.1021_je00055a016_t1,GATES(1989),,rho,450.13,35.5,0.0,12.8488,0.0,6.4244,0.0,0.0,1306.992697,,T,test-only,,table
gates1989_10.1021_je00055a016_t1,GATES(1989),,rho,450.13,35.5,0.0,10.02,0.0,5.01,0.0,0.0,1242.962697,,T,test-only,,table
gates1989_10.1021_je00055a016_t1,GATES(1989),,rho,450.13,35.5,0.0,10.02,0.0,5.01,0.0,0.0,1243.022697,,T,test-only,,table
gates1989_10.1021_je00055a016_t1,GATES(1989),,rho,450.13,35.5,0.0,6.394,0.0,3.197,0.0,0.0,1141.852697,,T,test-only,,table
gates1989_10.1021_je00055a016_t1,GATES(1989),,rho,450.13,35.5,0.0,6.394,0.0,3.197,0.0,0.0,1141.882697,,T,test-only,,table
gates1989_10.1021_je00055a016_t1,GATES(1989),,rho,450.13,35.5,0.0,2.048,0.0,1.024,0.0,0.0,985.8126975,,T,test-only,,table
gates1989_10.1021_je00055a016_t1,GATES(1989),,rho,450.13,35.5,0.0,2.048,0.0,1.024,0.0,0.0,985.8026975,,T,test-only,,table
gates1989_10.1021_je00055a016_t1,GATES(1989),,rho,450.13,34.8,0.0,1.0492,0.0,0.5246,0.0,0.0,942.0672667,,T,test-only,,table
gates1989_10.1021_je00055a016_t1,GATES(1989),,rho,450.13,34.8,0.0,1.0492,0.0,0.5246,0.0,0.0,942.0472667,,T,test-only,,table
gates1989_10.1021_je00055a016_t1,GATES(1989),,rho,450.13,34.8,0.0,0.5444,0.0,0.2722,0.0,0.0,918.7472667,,T,test-only,,table
gates1989_10.1021_je00055a016_t1,GATES(1989),,rho,450.13,34.8,0.0,0.5444,0.0,0.2722,0.0,0.0,918.7872667,,T,test-only,,table
gates1989_10.1021_je00055a016_t1,GATES(1989),,rho,450.13,34.1,0.0,0.2028,0.0,0.1014,0.0,0.0,902.1518194,,T,test-only,,table
gates1989_10.1021_je00055a016_t1,GATES(1989),,rho,450.13,34.1,0.0,0.2028,0.0,0.1014,0.0,0.0,902.1418194,,T,test-only,,table
gates1989_10.1021_je00055a016_t1,GATES(1989),,rho,450.13,34.1,0.0,0.0994,0.0,0.0497,0.0,0.0,896.9818194,,T,test-only,,table
gates1989_10.1021_je00055a016_t1,GATES(1989),,rho,450.13,34.1,0.0,0.0994,0.0,0.0497,0.0,0.0,896.9718194,,T,test-only,,table
gates1989_10.1021_je00055a016_t1,GATES(1989),,rho,450.13,113.4,0.0,10.02,0.0,5.01,0.0,0.0,1245.999056,,T,test-only,,table
gates1989_10.1021_je00055a016_t1,GATES(1989),,rho,450.13,113.4,0.0,10.02,0.0,5.01,0.0,0.0,1246.079056,,T,test-only,,table
gates1989_10.1021_je00055a016_t1,GATES(1989),,rho,450.13,113.4,0.0,2.048,0.0,1.024,0.0,0.0,990.0090559,,T,test-only,,table
gates1989_10.1021_je00055a016_t1,GATES(1989),,rho,450.13,113.4,0.0,2.048,0.0,1.024,0.0,0.0,989.9790559,,T,test-only,,table
gates1989_10.1021_je00055a016_t1,GATES(1989),,rho,450.13,112.7,0.0,0.5444,0.0,0.2722,0.0,0.0,923.4853665,,T,test-only,,table
gates1989_10.1021_je00055a016_t1,GATES(1989),,rho,450.13,112.7,0.0,0.5444,0.0,0.2722,0.0,0.0,923.4953665,,T,test-only,,table
gates1989_10.1021_je00055a016_t1,GATES(1989),,rho,450.13,203.1,0.0,12.8488,0.0,6.4244,0.0,0.0,1313.419141,,T,test-only,,table
gates1989_10.1021_je00055a016_t1,GATES(1989),,rho,450.13,203.1,0.0,12.8488,0.0,6.4244,0.0,0.0,1312.879141,,T,test-only,,table
gates1989_10.1021_je00055a016_t1,GATES(1989),,rho,449.75,203.1,0.0,12.8488,0.0,6.4244,0.0,0.0,1313.868898,,T,test-only,,table
gates1989_10.1021_je00055a016_t1,GATES(1989),,rho,449.75,203.1,0.0,12.8488,0.0,6.4244,0.0,0.0,1313.828898,,T,test-only,,table
gates1989_10.1021_je00055a016_t1,GATES(1989),,rho,449.75,203.1,0.0,10.02,0.0,5.01,0.0,0.0,1250.178898,,T,test-only,,table
gates1989_10.1021_je00055a016_t1,GATES(1989),,rho,449.75,203.1,0.0,6.394,0.0,3.197,0.0,0.0,1149.588898,,T,test-only,,table
gates1989_10.1021_je00055a016_t1,GATES(1989),,rho,449.75,203.1,0.0,6.394,0.0,3.197,0.0,0.0,1149.578898,,T,test-only,,table
gates1989_10.1021_je00055a016_t1,GATES(1989),,rho,449.75,203.1,0.0,2.048,0.0,1.024,0.0,0.0,995.1688978,,T,test-only,,table
gates1989_10.1021_je00055a016_t1,GATES(1989),,rho,449.75,203.1,0.0,2.048,0.0,1.024,0.0,0.0,995.1588978,,T,test-only,,table
gates1989_10.1021_je00055a016_t1,GATES(1989),,rho,449.75,203.1,0.0,1.0492,0.0,0.5246,0.0,0.0,952.0388978,,T,test-only,,table
gates1989_10.1021_je00055a016_t1,GATES(1989),,rho,449.75,203.1,0.0,1.0492,0.0,0.5246,0.0,0.0,952.0188978,,T,test-only,,table
gates1989_10.1021_je00055a016_t1,GATES(1989),,rho,449.75,204.4,0.0,0.5444,0.0,0.2722,0.0,0.0,929.2065016,,T,test-only,,table
gates1989_10.1021_je00055a016_t1,GATES(1989),,rho,449.75,204.4,0.0,0.5444,0.0,0.2722,0.0,0.0,929.1565016,,T,test-only,,table
gates1989_10.1021_je00055a016_t1,GATES(1989),,rho,449.75,204.4,0.0,0.2028,0.0,0.1014,0.0,0.0,912.9265016,,T,test-only,,table
gates1989_10.1021_je00055a016_t1,GATES(1989),,rho,449.75,204.4,0.0,0.2028,0.0,0.1014,0.0,0.0,912.9865016,,T,test-only,,table
gates1989_10.1021_je00055a016_t1,GATES(1989),,rho,449.75,204.4,0.0,0.0994,0.0,0.0497,0.0,0.0,907.8165016,,T,test-only,,table
gates1989_10.1021_je00055a016_t1,GATES(1989),,rho,449.75,204.4,0.0,0.0994,0.0,0.0497,0.0,0.0,907.8565016,,T,test-only,,table
gates1989_10.1021_je00055a016_t1,GATES(1989),,rho,449.75,291.3,0.0,2.048,0.0,1.024,0.0,0.0,999.5841572,,T,test-only,,table
gates1989_10.1021_je00055a016_t1,GATES(1989),,rho,449.75,291.3,0.0,2.048,0.0,1.024,0.0,0.0,999.5941572,,T,test-only,,table
gates1989_10.1021_je00055a016_t1,GATES(1989),,rho,449.75,290.6,0.0,10.02,0.0,5.01,0.0,0.0,1253.533935,,T,test-only,,table
gates1989_10.1021_je00055a016_t1,GATES(1989),,rho,449.75,290.6,0.0,0.5444,0.0,0.2722,0.0,0.0,933.9639351,,T,test-only,,table
gates1989_10.1021_je00055a016_t1,GATES(1989),,rho,449.75,290.6,0.0,0.5444,0.0,0.2722,0.0,0.0,933.9239351,,T,test-only,,table
gates1989_10.1021_je00055a016_t1,GATES(1989),,rho,449.75,381.6,0.0,12.8488,0.0,6.4244,0.0,0.0,1319.655893,,T,test-only,,table
gates1989_10.1021_je00055a016_t1,GATES(1989),,rho,548.05,108.6,0.0,0.0994,0.0,0.0497,0.0,0.0,773.7721576,,T,test-only,,table
gates1989_10.1021_je00055a016_t1,GATES(1989),,rho,548.05,108.6,0.0,0.0994,0.0,0.0497,0.0,0.0,773.8321576,,T,test-only,,table
gates1989_10.1021_je00055a016_t1,GATES(1989),,rho,548.05,108.6,0.0,0.2028,0.0,0.1014,0.0,0.0,780.5021576,,T,test-only,,table
gates1989_10.1021_je00055a016_t1,GATES(1989),,rho,548.05,108.6,0.0,0.2028,0.0,0.1014,0.0,0.0,780.4721576,,T,test-only,,table
gates1989_10.1021_je00055a016_t1,GATES(1989),,rho,548.05,108.6,0.0,0.5444,0.0,0.2722,0.0,0.0,801.6121576,,T,test-only,,table
gates1989_10.1021_je00055a016_t1,GATES(1989),,rho,548.05,108.6,0.0,0.5444,0.0,0.2722,0.0,0.0,801.6221576,,T,test-only,,table
gates1989_10.1021_je00055a016_t1,GATES(1989),,rho,548.05,108.6,0.0,1.0492,0.0,0.5246,0.0,0.0,830.3821576,,T,test-only,,table
gates1989_10.1021_je00055a016_t1,GATES(1989),,rho,548.05,108.6,0.0,1.0492,0.0,0.5246,0.0,0.0,830.3921576,,T,test-only,,table
gates1989_10.1021_je00055a016_t1,GATES(1989),,rho,548.05,107.9,0.0,2.048,0.0,1.024,0.0,0.0,882.5113697,,T,test-only,,table
gates1989_10.1021_je00055a016_t1,GATES(1989),,rho,548.05,108.6,0.0,2.048,0.0,1.024,0.0,0.0,882.6621576,,T,test-only,,table
gates1989_10.1021_je00055a016_t1,GATES(1989),,rho,548.05,107.9,0.0,6.394,0.0,3.197,0.0,0.0,1059.37137,,T,test-only,,table
gates1989_10.1021_je00055a016_t1,GATES(1989),,rho,548.05,108.6,0.0,6.394,0.0,3.197,0.0,0.0,1059.482158,,T,test-only,,table
gates1989_10.1021_je00055a016_t1,GATES(1989),,rho,548.05,108.6,0.0,10.02,0.0,5.01,0.0,0.0,1169.782158,,T,test-only,,table
gates1989_10.1021_je00055a016_t1,GATES(1989),,rho,548.05,108.6,0.0,12.8488,0.0,6.4244,0.0,0.0,1238.492158,,T,test-only,,table
gates1989_10.1021_je00055a016_t1,GATES(1989),,rho,548.05,246.5,0.0,0.0994,0.0,0.0497,0.0,0.0,791.2032888,,T,test-only,,table
gates1989_10.1021_je00055a016_t1,GATES(1989),,rho,548.05,246.5,0.0,0.0994,0.0,0.0497,0.0,0.0,791.1532888,,T,test-only,,table
gates1989_10.1021_je00055a016_t1,GATES(1989),,rho,548.05,247.2,0.0,0.2028,0.0,0.1014,0.0,0.0,797.5969208,,T,test-only,,table
gates1989_10.1021_je00055a016_t1,GATES(1989),,rho,548.05,247.2,0.0,0.5444,0.0,0.2722,0.0,0.0,817.6969208,,T,test-only,,table
gates1989_10.1021_je00055a016_t1,GATES(1989),,rho,548.05,247.2,0.0,1.0492,0.0,0.5246,0.0,0.0,845.0869208,,T,test-only,,table
gates1989_10.1021_je00055a016_t1,GATES(1989),,rho,548.05,247.2,0.0,1.0492,0.0,0.5246,0.0,0.0,845.1669208,,T,test-only,,table
gates1989_10.1021_je00055a016_t1,GATES(1989),,rho,548.05,247.2,0.0,2.048,0.0,1.024,0.0,0.0,895.6769208,,T,test-only,,table
gates1989_10.1021_je00055a016_t1,GATES(1989),,rho,548.05,247.2,0.0,2.048,0.0,1.024,0.0,0.0,895.5569208,,T,test-only,,table
gates1989_10.1021_je00055a016_t1,GATES(1989),,rho,548.05,247.2,0.0,6.394,0.0,3.197,0.0,0.0,1067.456921,,T,test-only,,table
gates1989_10.1021_je00055a016_t1,GATES(1989),,rho,548.05,247.2,0.0,6.394,0.0,3.197,0.0,0.0,1067.336921,,T,test-only,,table
gates1989_10.1021_je00055a016_t1,GATES(1989),,rho,548.05,247.2,0.0,10.02,0.0,5.01,0.0,0.0,1175.646921,,T,test-only,,table
gates1989_10.1021_je00055a016_t1,GATES(1989),,rho,548.05,247.2,0.0,10.02,0.0,5.01,0.0,0.0,1175.706921,,T,test-only,,table
gates1989_10.1021_je00055a016_t1,GATES(1989),,rho,548.05,247.2,0.0,2.048,0.0,1.024,0.0,0.0,895.2869208,,T,test-only,,table
gates1989_10.1021_je00055a016_t1,GATES(1989),,rho,548.05,247.2,0.0,12.8488,0.0,6.4244,0.0,0.0,1244.726921,,T,test-only,,table
gates1989_10.1021_je00055a016_t1,GATES(1989),,rho,548.05,247.2,0.0,12.8488,0.0,6.4244,0.0,0.0,1244.206921,,T,test-only,,table
gates1989_10.1021_je00055a016_t1,GATES(1989),,rho,548.05,247.2,0.0,10.02,0.0,5.01,0.0,0.0,1175.766921,,T,test-only,,table
gates1989_10.1021_je00055a016_t1,GATES(1989),,rho,548.05,370.6,0.0,0.0994,0.0,0.0497,0.0,0.0,804.6537874,,T,test-only,,table
gates1989_10.1021_je00055a016_t1,GATES(1989),,rho,548.05,370.6,0.0,0.0994,0.0,0.0497,0.0,0.0,804.6937874,,T,test-only,,table
gates1989_10.1021_je00055a016_t1,GATES(1989),,rho,548.05,370.6,0.0,0.2028,0.0,0.1014,0.0,0.0,810.8937874,,T,test-only,,table
gates1989_10.1021_je00055a016_t1,GATES(1989),,rho,548.05,370.6,0.0,0.2028,0.0,0.1014,0.0,0.0,810.9537874,,T,test-only,,table
gates1989_10.1021_je00055a016_t1,GATES(1989),,rho,548.05,370.6,0.0,0.5444,0.0,0.2722,0.0,0.0,830.1637874,,T,test-only,,table
gates1989_10.1021_je00055a016_t1,GATES(1989),,rho,548.05,370.6,0.0,0.5444,0.0,0.2722,0.0,0.0,830.1837874,,T,test-only,,table
gates1989_10.1021_je00055a016_t1,GATES(1989),,rho,548.05,370.6,0.0,1.0492,0.0,0.5246,0.0,0.0,856.7437874,,T,test-only,,table
gates1989_10.1021_je00055a016_t1,GATES(1989),,rho,548.05,370.6,0.0,1.0492,0.0,0.5246,0.0,0.0,856.7537874,,T,test-only,,table
gates1989_10.1021_je00055a016_t1,GATES(1989),,rho,548.05,370.6,0.0,2.048,0.0,1.024,0.0,0.0,905.6537874,,T,test-only,,table
gates1989_10.1021_je00055a016_t1,GATES(1989),,rho,548.05,370.6,0.0,2.048,0.0,1.024,0.0,0.0,905.8437874,,T,test-only,,table
gates1989_10.1021_je00055a016_t1,GATES(1989),,rho,548.05,374.0,0.0,6.394,0.0,3.197,0.0,0.0,1074.819612,,T,test-only,,table
gates1989_10.1021_je00055a016_t1,GATES(1989),,rho,548.05,374.0,0.0,6.394,0.0,3.197,0.0,0.0,1074.959612,,T,test-only,,table
gates1989_10.1021_je00055a016_t1,GATES(1989),,rho,548.05,374.0,0.0,10.02,0.0,5.01,0.0,0.0,1182.169612,,T,test-only,,table
gates1989_10.1021_je00055a016_t1,GATES(1989),,rho,548.05,374.0,0.0,10.02,0.0,5.01,0.0,0.0,1181.999612,,T,test-only,,table
gates1989_10.1021_je00055a016_t1,GATES(1989),,rho,548.05,374.0,0.0,12.8488,0.0,6.4244,0.0,0.0,1250.249612,,T,test-only,,table
gates1989_10.1021_je00055a016_t1,GATES(1989),,rho,548.05,374.0,0.0,12.8488,0.0,6.4244,0.0,0.0,1249.959612,,T,test-only,,table
gates1989_10.1021_je00055a016_t1,GATES(1989),,rho,597.45,206.5,0.0,0.0302,0.0,0.0151,0.0,0.0,686.510399,,T,test-only,,table
gates1989_10.1021_je00055a016_t1,GATES(1989),,rho,597.45,206.5,0.0,0.0302,0.0,0.0151,0.0,0.0,686.460399,,T,test-only,,table
gates1989_10.1021_je00055a016_t1,GATES(1989),,rho,597.45,206.5,0.0,0.0994,0.0,0.0497,0.0,0.0,692.010399,,T,test-only,,table
gates1989_10.1021_je00055a016_t1,GATES(1989),,rho,597.45,206.5,0.0,0.0994,0.0,0.0497,0.0,0.0,691.920399,,T,test-only,,table
gates1989_10.1021_je00055a016_t1,GATES(1989),,rho,597.45,206.5,0.0,0.2028,0.0,0.1014,0.0,0.0,700.090399,,T,test-only,,table
gates1989_10.1021_je00055a016_t1,GATES(1989),,rho,597.45,206.5,0.0,0.2028,0.0,0.1014,0.0,0.0,700.070399,,T,test-only,,table
gates1989_10.1021_je00055a016_t1,GATES(1989),,rho,597.45,206.5,0.0,0.5444,0.0,0.2722,0.0,0.0,725.160399,,T,test-only,,table
gates1989_10.1021_je00055a016_t1,GATES(1989),,rho,597.45,206.5,0.0,0.5444,0.0,0.2722,0.0,0.0,725.240399,,T,test-only,,table
gates1989_10.1021_je00055a016_t1,GATES(1989),,rho,597.45,206.5,0.0,1.0492,0.0,0.5246,0.0,0.0,758.820399,,T,test-only,,table
gates1989_10.1021_je00055a016_t1,GATES(1989),,rho,597.45,206.5,0.0,1.0492,0.0,0.5246,0.0,0.0,758.740399,,T,test-only,,table
gates1989_10.1021_je00055a016_t1,GATES(1989),,rho,597.45,206.5,0.0,2.048,0.0,1.024,0.0,0.0,817.930399,,T,test-only,,table
gates1989_10.1021_je00055a016_t1,GATES(1989),,rho,597.45,206.5,0.0,2.048,0.0,1.024,0.0,0.0,817.650399,,T,test-only,,table
gates1989_10.1021_je00055a016_t1,GATES(1989),,rho,597.45,206.5,0.0,6.394,0.0,3.197,0.0,0.0,1012.870399,,T,test-only,,table
gates1989_10.1021_je00055a016_t1,GATES(1989),,rho,597.45,206.5,0.0,6.394,0.0,3.197,0.0,0.0,1011.610399,,T,test-only,,table
gates1989_10.1021_je00055a016_t1,GATES(1989),,rho,597.45,206.5,0.0,10.02,0.0,5.01,0.0,0.0,1130.600399,,T,test-only,,table
gates1989_10.1021_je00055a016_t1,GATES(1989),,rho,597.45,206.5,0.0,10.02,0.0,5.01,0.0,0.0,1129.540399,,T,test-only,,table
gates1989_10.1021_je00055a016_t1,GATES(1989),,rho,597.45,206.5,0.0,12.8488,0.0,6.4244,0.0,0.0,1202.540399,,T,test-only,,table
gates1989_10.1021_je00055a016_t1,GATES(1989),,rho,597.45,206.5,0.0,12.8488,0.0,6.4244,0.0,0.0,1201.810399,,T,test-only,,table
gates1989_10.1021_je00055a016_t1,GATES(1989),,rho,597.45,387.8,0.0,0.0302,0.0,0.0151,0.0,0.0,723.611628,,T,test-only,,table
gates1989_10.1021_je00055a016_t1,GATES(1989),,rho,597.45,387.8,0.0,0.0302,0.0,0.0151,0.0,0.0,723.551628,,T,test-only,,table
gates1989_10.1021_je00055a016_t1,GATES(1989),,rho,597.45,387.8,0.0,0.0994,0.0,0.0497,0.0,0.0,728.551628,,T,test-only,,table
gates1989_10.1021_je00055a016_t1,GATES(1989),,rho,597.45,387.8,0.0,0.0994,0.0,0.0497,0.0,0.0,728.581628,,T,test-only,,table
gates1989_10.1021_je00055a016_t1,GATES(1989),,rho,597.45,387.8,0.0,0.2028,0.0,0.1014,0.0,0.0,735.831628,,T,test-only,,table
gates1989_10.1021_je00055a016_t1,GATES(1989),,rho,597.45,387.8,0.0,0.2028,0.0,0.1014,0.0,0.0,735.721628,,T,test-only,,table
gates1989_10.1021_je00055a016_t1,GATES(1989),,rho,597.45,388.5,0.0,0.5444,0.0,0.2722,0.0,0.0,758.01148,,T,test-only,,table
gates1989_10.1021_je00055a016_t1,GATES(1989),,rho,597.45,388.5,0.0,0.5444,0.0,0.2722,0.0,0.0,757.93148,,T,test-only,,table
gates1989_10.1021_je00055a016_t1,GATES(1989),,rho,597.45,389.2,0.0,1.0492,0.0,0.5246,0.0,0.0,787.7511856,,T,test-only,,table
gates1989_10.1021_je00055a016_t1,GATES(1989),,rho,597.45,389.2,0.0,1.0492,0.0,0.5246,0.0,0.0,787.8211856,,T,test-only,,table
gates1989_10.1021_je00055a016_t1,GATES(1989),,rho,597.45,389.2,0.0,2.048,0.0,1.024,0.0,0.0,841.7511856,,T,test-only,,table
gates1989_10.1021_je00055a016_t1,GATES(1989),,rho,597.45,389.2,0.0,2.048,0.0,1.024,0.0,0.0,841.5411856,,T,test-only,,table
gates1989_10.1021_je00055a016_t1,GATES(1989),,rho,597.45,389.2,0.0,2.048,0.0,1.024,0.0,0.0,841.7711856,,T,test-only,,table
oakes1990_10.1021_je00061a022_t1,OAKES(1990),,rho,298.234,1.0,6.0398,6.0398,0.0,0.0,0.0,0.0,1195.285,,T,test-only,,table
oakes1990_10.1021_je00061a022_t1,OAKES(1990),,rho,298.228,1.0,5.2576,5.2576,0.0,0.0,0.0,0.0,1173.879,,T,test-only,,table
oakes1990_10.1021_je00061a022_t1,OAKES(1990),,rho,298.23,1.0,4.6308,4.6308,0.0,0.0,0.0,0.0,1155.881,,T,test-only,,table
oakes1990_10.1021_je00061a022_t1,OAKES(1990),,rho,298.229,1.0,3.9459,3.9459,0.0,0.0,0.0,0.0,1135.448,,T,test-only,,table
oakes1990_10.1021_je00061a022_t1,OAKES(1990),,rho,298.228,1.0,3.5342,3.5342,0.0,0.0,0.0,0.0,1122.758,,T,test-only,,table
oakes1990_10.1021_je00061a022_t1,OAKES(1990),,rho,298.229,1.0,3.2809,3.2809,0.0,0.0,0.0,0.0,1114.787,,T,test-only,,table
oakes1990_10.1021_je00061a022_t1,OAKES(1990),,rho,298.229,1.0,3.0416,3.0416,0.0,0.0,0.0,0.0,1107.129,,T,test-only,,table
oakes1990_10.1021_je00061a022_t1,OAKES(1990),,rho,298.226,1.0,2.4718,2.4718,0.0,0.0,0.0,0.0,1088.403,,T,test-only,,table
oakes1990_10.1021_je00061a022_t1,OAKES(1990),,rho,298.228,1.0,2.0564,2.0564,0.0,0.0,0.0,0.0,1074.233,,T,test-only,,table
oakes1990_10.1021_je00061a022_t1,OAKES(1990),,rho,298.228,1.0,1.7533,1.7533,0.0,0.0,0.0,0.0,1063.639,,T,test-only,,table
oakes1990_10.1021_je00061a022_t1,OAKES(1990),,rho,298.239,1.0,1.2656,1.2656,0.0,0.0,0.0,0.0,1046.051,,T,test-only,,table
oakes1990_10.1021_je00061a022_t1,OAKES(1990),,rho,298.242,1.0,0.7974,0.7974,0.0,0.0,0.0,0.0,1028.575,,T,test-only,,table
oakes1990_10.1021_je00061a022_t1,OAKES(1990),,rho,298.226,1.0,0.5042,0.5042,0.0,0.0,0.0,0.0,1017.296,,T,test-only,,table
oakes1990_10.1021_je00061a022_t1,OAKES(1990),,rho,298.18,1.0,4.54512971,5.77257657,0.0,0.61372343,0.0,0.0,1195.04,,T,test-only,,table
oakes1990_10.1021_je00061a022_t1,OAKES(1990),,rho,298.181,1.0,3.98032459,5.05524153,0.0,0.53745847,0.0,0.0,1174.149,,T,test-only,,table
oakes1990_10.1021_je00061a022_t1,OAKES(1990),,rho,298.183,1.0,3.59636244,4.56758748,0.0,0.48561252,0.0,0.0,1159.437,,T,test-only,,table
oakes1990_10.1021_je00061a022_t1,OAKES(1990),,rho,298.176,1.0,3.32947494,4.22862498,0.0,0.44957502,0.0,0.0,1149.008,,T,test-only,,table
oakes1990_10.1021_je00061a022_t1,OAKES(1990),,rho,298.176,1.0,2.8852318,3.6644106,0.0,0.3895894,0.0,0.0,1131.114,,T,test-only,,table
oakes1990_10.1021_je00061a022_t1,OAKES(1990),,rho,298.176,1.0,2.43913824,3.09784608,0.0,0.32935392,0.0,0.0,1112.52,,T,test-only,,table
oakes1990_10.1021_je00061a022_t1,OAKES(1990),,rho,298.176,1.0,2.03781061,2.58813687,0.0,0.27516313,0.0,0.0,1095.215,,T,test-only,,table
oakes1990_10.1021_je00061a022_t1,OAKES(1990),,rho,298.178,1.0,1.69327664,2.15055888,0.0,0.22864112,0.0,0.0,1079.88,,T,test-only,,table
oakes1990_10.1021_je00061a022_t1,OAKES(1990),,rho,298.178,1.0,1.5180561,1.9280187,0.0,0.2049813,0.0,0.0,1071.922,,T,test-only,,table
oakes1990_10.1021_je00061a022_t1,OAKES(1990),,rho,298.179,1.0,1.18690209,1.50743403,0.0,0.16026597,0.0,0.0,1056.517,,T,test-only,,table
oakes1990_10.1021_je00061a022_t1,OAKES(1990),,rho,298.175,1.0,0.98243068,1.24774356,0.0,0.13265644,0.0,0.0,1046.783,,T,test-only,,table
oakes1990_10.1021_je00061a022_t1,OAKES(1990),,rho,298.174,1.0,0.71618371,0.90959457,0.0,0.09670543,0.0,0.0,1033.818,,T,test-only,,table
oakes1990_10.1021_je00061a022_t1,OAKES(1990),,rho,298.172,1.0,0.42047236,0.53402412,0.0,0.05677588,0.0,0.0,1019.0,,T,test-only,,table
oakes1990_10.1021_je00061a022_t1,OAKES(1990),,rho,298.175,1.0,0.2796981,0.3552327,0.0,0.0377673,0.0,0.0,1011.778,,T,test-only,,table
oakes1990_10.1021_je00061a022_t1,OAKES(1990),,rho,298.175,1.0,0.13650406,0.17336802,0.0,0.01843198,0.0,0.0,1004.331,,T,test-only,,table
oakes1990_10.1021_je00061a022_t1,OAKES(1990),,rho,298.174,1.0,0.08789495,0.11163165,0.0,0.01186835,0.0,0.0,1001.754,,T,test-only,,table
oakes1990_10.1021_je00061a022_t1,OAKES(1990),,rho,298.167,1.0,3.41087045,5.87329015,0.0,1.23120985,0.0,0.0,1204.214,,T,test-only,,table
oakes1990_10.1021_je00061a022_t1,OAKES(1990),,rho,298.169,1.0,3.20913243,5.52591081,0.0,1.15838919,0.0,0.0,1193.83,,T,test-only,,table
oakes1990_10.1021_je00061a022_t1,OAKES(1990),,rho,298.167,1.0,3.1038465,5.3446155,0.0,1.1203845,0.0,0.0,1188.374,,T,test-only,,table
oakes1990_10.1021_je00061a022_t1,OAKES(1990),,rho,298.169,1.0,2.75010882,4.73550294,0.0,0.99269706,0.0,0.0,1169.53,,T,test-only,,table
oakes1990_10.1021_je00061a022_t1,OAKES(1990),,rho,298.169,1.0,2.45633563,4.22964521,0.0,0.88665479,0.0,0.0,1153.422,,T,test-only,,table
oakes1990_10.1021_je00061a022_t1,OAKES(1990),,rho,298.167,1.0,2.19127242,3.77322414,0.0,0.79097586,0.0,0.0,1138.497,,T,test-only,,table
oakes1990_10.1021_je00061a022_t1,OAKES(1990),,rho,298.169,1.0,1.86187581,3.20602527,0.0,0.67207473,0.0,0.0,1119.374,,T,test-only,,table
oakes1990_10.1021_je00061a022_t1,OAKES(1990),,rho,298.167,1.0,1.6059345,2.7653115,0.0,0.5796885,0.0,0.0,1104.405,,T,test-only,,table
oakes1990_10.1021_je00061a022_t1,OAKES(1990),,rho,298.165,1.0,1.3356382,2.2998794,0.0,0.4821206,0.0,0.0,1087.436,,T,test-only,,table
oakes1990_10.1021_je00061a022_t1,OAKES(1990),,rho,298.166,1.0,1.09371581,1.88330527,0.0,0.39479473,0.0,0.0,1072.125,,T,test-only,,table
oakes1990_10.1021_je00061a022_t1,OAKES(1990),,rho,298.165,1.0,0.85731457,1.47623819,0.0,0.30946181,0.0,0.0,1056.753,,T,test-only,,table
oakes1990_10.1021_je00061a022_t1,OAKES(1990),,rho,298.162,1.0,0.74252266,1.27857422,0.0,0.26802578,0.0,0.0,1049.143,,T,test-only,,table
oakes1990_10.1021_je00061a022_t1,OAKES(1990),,rho,298.156,1.0,0.60410983,1.04023661,0.0,0.21806339,0.0,0.0,1039.829,,T,test-only,,table
oakes1990_10.1021_je00061a022_t1,OAKES(1990),,rho,298.157,1.0,0.51533934,0.88737978,0.0,0.18602022,0.0,0.0,1033.765,,T,test-only,,table
oakes1990_10.1021_je00061a022_t1,OAKES(1990),,rho,298.158,1.0,0.40770092,0.70203364,0.0,0.14716636,0.0,0.0,1026.321,,T,test-only,,table
oakes1990_10.1021_je00061a022_t1,OAKES(1990),,rho,298.157,1.0,0.3043834,0.5241278,0.0,0.1098722,0.0,0.0,1019.072,,T,test-only,,table
oakes1990_10.1021_je00061a022_t1,OAKES(1990),,rho,298.157,1.0,0.20154598,0.34704866,0.0,0.07275134,0.0,0.0,1011.767,,T,test-only,,table
oakes1990_10.1021_je00061a022_t1,OAKES(1990),,rho,298.157,1.0,0.10058095,0.17319365,0.0,0.03630635,0.0,0.0,1004.473,,T,test-only,,table
oakes1990_10.1021_je00061a022_t1,OAKES(1990),,rho,298.157,1.0,0.09995682,0.17211894,0.0,0.03608106,0.0,0.0,1004.429,,T,test-only,,table
oakes1990_10.1021_je00061a022_t1,OAKES(1990),,rho,298.154,1.0,0.04983438,0.08581146,0.0,0.01798854,0.0,0.0,1000.758,,T,test-only,,table
oakes1990_10.1021_je00061a022_t1,OAKES(1990),,rho,298.169,1.0,2.4022522,6.30608407,0.0,1.95191593,0.0,0.0,1223.809,,T,test-only,,table
oakes1990_10.1021_je00061a022_t1,OAKES(1990),,rho,298.17,1.0,2.15204911,5.64928304,0.0,1.74861696,0.0,0.0,1203.75,,T,test-only,,table
oakes1990_10.1021_je00061a022_t1,OAKES(1990),,rho,298.171,1.0,1.97617097,5.18759032,0.0,1.60570968,0.0,0.0,1189.243,,T,test-only,,table
oakes1990_10.1021_je00061a022_t1,OAKES(1990),,rho,298.162,1.0,1.7238734,4.52529113,0.0,1.40070887,0.0,0.0,1167.816,,T,test-only,,table
oakes1990_10.1021_je00061a022_t1,OAKES(1990),,rho,298.163,1.0,1.51244728,3.97028243,0.0,1.22891757,0.0,0.0,1149.273,,T,test-only,,table
oakes1990_10.1021_je00061a022_t1,OAKES(1990),,rho,298.162,1.0,1.31192991,3.44390997,0.0,1.06599003,0.0,0.0,1131.15,,T,test-only,,table
oakes1990_10.1021_je00061a022_t1,OAKES(1990),,rho,298.162,1.0,1.0838934,2.8452978,0.0,0.8807022,0.0,0.0,1109.895,,T,test-only,,table
oakes1990_10.1021_je00061a022_t1,OAKES(1990),,rho,298.16,1.0,0.93780342,2.46180114,0.0,0.76199886,0.0,0.0,1095.869,,T,test-only,,table
oakes1990_10.1021_je00061a022_t1,OAKES(1990),,rho,298.163,1.0,0.76756874,2.01492291,0.0,0.62367709,0.0,0.0,1079.111,,T,test-only,,table
oakes1990_10.1021_je00061a022_t1,OAKES(1990),,rho,298.162,1.0,0.59724679,1.5678156,0.0,0.4852844,0.0,0.0,1061.862,,T,test-only,,table
oakes1990_10.1021_je00061a022_t1,OAKES(1990),,rho,298.163,1.0,0.44580425,1.17026808,0.0,0.36223192,0.0,0.0,1046.103,,T,test-only,,table
oakes1990_10.1021_je00061a022_t1,OAKES(1990),,rho,298.163,1.0,0.35149447,0.92269816,0.0,0.28560184,0.0,0.0,1036.094,,T,test-only,,table
oakes1990_10.1021_je00061a022_t1,OAKES(1990),,rho,298.165,1.0,0.28898006,0.75859335,0.0,0.23480665,0.0,0.0,1029.357,,T,test-only,,table
oakes1990_10.1021_je00061a022_t1,OAKES(1990),,rho,298.165,1.0,0.21241518,0.55760506,0.0,0.17259494,0.0,0.0,1020.997,,T,test-only,,table
oakes1990_10.1021_je00061a022_t1,OAKES(1990),,rho,298.165,1.0,0.13683936,0.35921312,0.0,0.11118688,0.0,0.0,1012.622,,T,test-only,,table
oakes1990_10.1021_je00061a022_t1,OAKES(1990),,rho,298.163,1.0,0.06937965,0.18212655,0.0,0.05637345,0.0,0.0,1005.015,,T,test-only,,table
oakes1990_10.1021_je00061a022_t1,OAKES(1990),,rho,298.165,1.0,0.03784609,0.0993487,0.0,0.0307513,0.0,0.0,1001.436,,T,test-only,,table
oakes1990_10.1021_je00061a022_t1,OAKES(1990),,rho,298.184,1.0,1.18726531,6.34248844,0.0,2.57761156,0.0,0.0,1231.121,,T,test-only,,table
oakes1990_10.1021_je00061a022_t1,OAKES(1990),,rho,298.184,1.0,1.14571149,6.12050383,0.0,2.48739617,0.0,0.0,1224.219,,T,test-only,,table
oakes1990_10.1021_je00061a022_t1,OAKES(1990),,rho,298.167,1.0,1.00297505,5.35799168,0.0,2.17750832,0.0,0.0,1199.892,,T,test-only,,table
oakes1990_10.1021_je00061a022_t1,OAKES(1990),,rho,298.167,1.0,0.90307019,4.82429006,0.0,1.96060994,0.0,0.0,1182.309,,T,test-only,,table
oakes1990_10.1021_je00061a022_t1,OAKES(1990),,rho,298.166,1.0,0.80034361,4.27551454,0.0,1.73758546,0.0,0.0,1163.702,,T,test-only,,table
oakes1990_10.1021_je00061a022_t1,OAKES(1990),,rho,298.167,1.0,0.68151193,3.64070398,0.0,1.47959602,0.0,0.0,1141.489,,T,test-only,,table
oakes1990_10.1021_je00061a022_t1,OAKES(1990),,rho,298.166,1.0,0.58359026,3.11759675,0.0,1.26700325,0.0,0.0,1122.606,,T,test-only,,table
oakes1990_10.1021_je00061a022_t1,OAKES(1990),,rho,298.167,1.0,0.48892954,2.61190985,0.0,1.06149015,0.0,0.0,1103.845,,T,test-only,,table
oakes1990_10.1021_je00061a022_t1,OAKES(1990),,rho,298.167,1.0,0.39233887,2.09591296,0.0,0.85178704,0.0,0.0,1084.097,,T,test-only,,table
oakes1990_10.1021_je00061a022_t1,OAKES(1990),,rho,298.166,1.0,0.32992828,1.76250943,0.0,0.71629057,0.0,0.0,1071.02,,T,test-only,,table
oakes1990_10.1021_je00061a022_t1,OAKES(1990),,rho,298.167,1.0,0.26622662,1.42220887,0.0,0.57799113,0.0,0.0,1057.408,,T,test-only,,table
oakes1990_10.1021_je00061a022_t1,OAKES(1990),,rho,298.161,1.0,0.22638979,1.2093966,0.0,0.4915034,0.0,0.0,1048.736,,T,test-only,,table
oakes1990_10.1021_je00061a022_t1,OAKES(1990),,rho,298.161,1.0,0.18747135,1.00149045,0.0,0.40700955,0.0,0.0,1040.175,,T,test-only,,table
oakes1990_10.1021_je00061a022_t1,OAKES(1990),,rho,298.161,1.0,0.1472086,0.78640287,0.0,0.31959713,0.0,0.0,1031.17,,T,test-only,,table
oakes1990_10.1021_je00061a022_t1,OAKES(1990),,rho,298.156,1.0,0.11040645,0.58980215,0.0,0.23969785,0.0,0.0,1022.845,,T,test-only,,table
oakes1990_10.1021_je00061a022_t1,OAKES(1990),,rho,298.16,1.0,0.07171428,0.38310476,0.0,0.15569524,0.0,0.0,1013.958,,T,test-only,,table
oakes1990_10.1021_je00061a022_t1,OAKES(1990),,rho,298.161,1.0,0.03642947,0.19460982,0.0,0.07909018,0.0,0.0,1005.734,,T,test-only,,table
oakes1990_10.1021_je00061a022_t1,OAKES(1990),,rho,298.161,1.0,0.01671736,0.08930579,0.0,0.03629421,0.0,0.0,1001.067,,T,test-only,,table
oakes1990_10.1021_je00061a022_t1,OAKES(1990),,rho,298.161,1.0,1.1099382,6.86084607,0.0,2.87545393,0.0,0.0,1247.823,,T,test-only,,table
oakes1990_10.1021_je00061a022_t1,OAKES(1990),,rho,298.174,1.0,1.0310844,6.37342813,0.0,2.67117187,0.0,0.0,1232.868,,T,test-only,,table
oakes1990_10.1021_je00061a022_t1,OAKES(1990),,rho,298.172,1.0,0.9233088,5.70723627,0.0,2.39196373,0.0,0.0,1211.856,,T,test-only,,table
oakes1990_10.1021_je00061a022_t1,OAKES(1990),,rho,298.167,1.0,0.852207,5.26773567,0.0,2.20776433,0.0,0.0,1197.6,,T,test-only,,table
oakes1990_10.1021_je00061a022_t1,OAKES(1990),,rho,298.167,1.0,0.7436676,4.59682253,0.0,1.92657747,0.0,0.0,1175.222,,T,test-only,,table
oakes1990_10.1021_je00061a022_t1,OAKES(1990),,rho,298.158,1.0,0.7034826,4.34842753,0.0,1.82247247,0.0,0.0,1166.746,,T,test-only,,table
oakes1990_10.1021_je00061a022_t1,OAKES(1990),,rho,298.161,1.0,0.6585552,4.0707184,0.0,1.7060816,0.0,0.0,1157.127,,T,test-only,,table
oakes1990_10.1021_je00061a022_t1,OAKES(1990),,rho,298.156,1.0,0.0,12.8248,0.0,6.4124,0.0,0.0,1408.609,,T,test-only,,table
oakes1990_10.1021_je00061a022_t1,OAKES(1990),,rho,298.154,1.0,0.0,11.996,0.0,5.998,0.0,0.0,1390.5,,T,test-only,,table
oakes1990_10.1021_je00061a022_t1,OAKES(1990),,rho,298.154,1.0,0.0,11.0398,0.0,5.5199,0.0,0.0,1368.145,,T,test-only,,table
oakes1990_10.1021_je00061a022_t1,OAKES(1990),,rho,298.206,1.0,0.0,10.1798,0.0,5.0899,0.0,0.0,1346.842,,T,test-only,,table
oakes1990_10.1021_je00061a022_t1,OAKES(1990),,rho,298.154,1.0,0.0,10.1308,0.0,5.0654,0.0,0.0,1345.565,,T,test-only,,table
oakes1990_10.1021_je00061a022_t1,OAKES(1990),,rho,298.153,1.0,0.0,9.2812,0.0,4.6406,0.0,0.0,1323.188,,T,test-only,,table
oakes1990_10.1021_je00061a022_t1,OAKES(1990),,rho,298.21,1.0,0.0,8.1166,0.0,4.0583,0.0,0.0,1290.633,,T,test-only,,table
oakes1990_10.1021_je00061a022_t1,OAKES(1990),,rho,298.211,1.0,0.0,7.4442,0.0,3.7221,0.0,0.0,1270.848,,T,test-only,,table
oakes1990_10.1021_je00061a022_t1,OAKES(1990),,rho,298.197,1.0,0.0,6.457,0.0,3.2285,0.0,0.0,1240.461,,T,test-only,,table
oakes1990_10.1021_je00061a022_t1,OAKES(1990),,rho,298.198,1.0,0.0,5.1978,0.0,2.5989,0.0,0.0,1199.415,,T,test-only,,table
oakes1990_10.1021_je00061a022_t1,OAKES(1990),,rho,298.201,1.0,0.0,5.0008,0.0,2.5004,0.0,0.0,1192.751,,T,test-only,,table
oakes1990_10.1021_je00061a022_t1,OAKES(1990),,rho,298.192,1.0,0.0,4.8224,0.0,2.4112,0.0,0.0,1186.651,,T,test-only,,table
oakes1990_10.1021_je00061a022_t1,OAKES(1990),,rho,298.194,1.0,0.0,3.8968,0.0,1.9484,0.0,0.0,1154.126,,T,test-only,,table
oakes1990_10.1021_je00061a022_t1,OAKES(1990),,rho,298.194,1.0,0.0,3.5356,0.0,1.7678,0.0,0.0,1140.986,,T,test-only,,table
oakes1990_10.1021_je00061a022_t1,OAKES(1990),,rho,298.196,1.0,0.0,3.0468,0.0,1.5234,0.0,0.0,1122.791,,T,test-only,,table
oakes1990_10.1021_je00061a022_t1,OAKES(1990),,rho,298.197,1.0,0.0,2.5498,0.0,1.2749,0.0,0.0,1103.786,,T,test-only,,table
oakes1990_10.1021_je00061a022_t1,OAKES(1990),,rho,298.198,1.0,0.0,2.0384,0.0,1.0192,0.0,0.0,1083.655,,T,test-only,,table
oakes1990_10.1021_je00061a022_t1,OAKES(1990),,rho,298.198,1.0,0.0,1.9978,0.0,0.9989,0.0,0.0,1082.038,,T,test-only,,table
oakes1990_10.1021_je00061a022_t1,OAKES(1990),,rho,298.197,1.0,0.0,1.8164,0.0,0.9082,0.0,0.0,1074.758,,T,test-only,,table
oakes1990_10.1021_je00061a022_t1,OAKES(1990),,rho,298.171,1.0,0.0,1.3382,0.0,0.6691,0.0,0.0,1055.126,,T,test-only,,table
oakes1990_10.1021_je00061a022_t1,OAKES(1990),,rho,298.176,1.0,0.0,0.9646,0.0,0.4823,0.0,0.0,1039.461,,T,test-only,,table
oakes1990_10.1021_je00061a022_t1,OAKES(1990),,rho,298.181,1.0,0.0,0.7198,0.0,0.3599,0.0,0.0,1028.982,,T,test-only,,table
oakes1990_10.1021_je00061a022_t1,OAKES(1990),,rho,298.181,1.0,0.0,0.674,0.0,0.337,0.0,0.0,1026.992,,T,test-only,,table
oakes1990_10.1021_je00061a022_t1,OAKES(1990),,rho,298.184,1.0,0.0,0.357,0.0,0.1785,0.0,0.0,1013.13,,T,test-only,,table
oakes1990_10.1021_je00061a022_t1,OAKES(1990),,rho,298.184,1.0,0.0,0.287,0.0,0.1435,0.0,0.0,1010.02,,T,test-only,,table
oakes1990_10.1021_je00061a022_t1,OAKES(1990),,rho,308.124,1.0,5.1339,5.1339,0.0,0.0,0.0,0.0,1165.082,,T,test-only,,table
oakes1990_10.1021_je00061a022_t1,OAKES(1990),,rho,308.124,1.0,4.2755,4.2755,0.0,0.0,0.0,0.0,1140.383,,T,test-only,,table
oakes1990_10.1021_je00061a022_t1,OAKES(1990),,rho,308.122,1.0,3.5039,3.5039,0.0,0.0,0.0,0.0,1117.048,,T,test-only,,table
oakes1990_10.1021_je00061a022_t1,OAKES(1990),,rho,308.12,1.0,2.5694,2.5694,0.0,0.0,0.0,0.0,1087.2,,T,test-only,,table
oakes1990_10.1021_je00061a022_t1,OAKES(1990),,rho,308.12,1.0,1.9075,1.9075,0.0,0.0,0.0,0.0,1064.897,,T,test-only,,table
oakes1990_10.1021_je00061a022_t1,OAKES(1990),,rho,308.12,1.0,1.2931,1.2931,0.0,0.0,0.0,0.0,1043.229,,T,test-only,,table
oakes1990_10.1021_je00061a022_t1,OAKES(1990),,rho,308.12,1.0,0.6693,0.6693,0.0,0.0,0.0,0.0,1020.187,,T,test-only,,table
oakes1990_10.1021_je00061a022_t1,OAKES(1990),,rho,308.12,1.0,0.2617,0.2617,0.0,0.0,0.0,0.0,1004.479,,T,test-only,,table
oakes1990_10.1021_je00061a022_t1,OAKES(1990),,rho,308.12,1.0,0.0879,0.0879,0.0,0.0,0.0,0.0,997.59,,T,test-only,,table
oakes1990_10.1021_je00061a022_t1,OAKES(1990),,rho,308.12,1.0,0.0844,0.0844,0.0,0.0,0.0,0.0,997.446,,T,test-only,,table
oakes1990_10.1021_je00061a022_t1,OAKES(1990),,rho,308.136,1.0,4.54512971,5.77257657,0.0,0.61372343,0.0,0.0,1189.878,,T,test-only,,table
oakes1990_10.1021_je00061a022_t1,OAKES(1990),,rho,308.136,1.0,3.59636244,4.56758748,0.0,0.48561252,0.0,0.0,1154.445,,T,test-only,,table
oakes1990_10.1021_je00061a022_t1,OAKES(1990),,rho,308.136,1.0,2.43913824,3.09784608,0.0,0.32935392,0.0,0.0,1107.995,,T,test-only,,table
oakes1990_10.1021_je00061a022_t1,OAKES(1990),,rho,308.136,1.0,1.5180561,1.9280187,0.0,0.2049813,0.0,0.0,1067.866,,T,test-only,,table
oakes1990_10.1021_je00061a022_t1,OAKES(1990),,rho,308.138,1.0,0.71618371,0.90959457,0.0,0.09670543,0.0,0.0,1030.228,,T,test-only,,table
oakes1990_10.1021_je00061a022_t1,OAKES(1990),,rho,308.136,1.0,0.2796981,0.3552327,0.0,0.0377673,0.0,0.0,1008.508,,T,test-only,,table
oakes1990_10.1021_je00061a022_t1,OAKES(1990),,rho,308.136,1.0,0.08789495,0.11163165,0.0,0.01186835,0.0,0.0,998.634,,T,test-only,,table
oakes1990_10.1021_je00061a022_t1,OAKES(1990),,rho,308.131,1.0,3.41087045,5.87329015,0.0,1.23120985,0.0,0.0,1198.988,,T,test-only,,table
oakes1990_10.1021_je00061a022_t1,OAKES(1990),,rho,308.129,1.0,2.45633563,4.22964521,0.0,0.88665479,0.0,0.0,1148.682,,T,test-only,,table
oakes1990_10.1021_je00061a022_t1,OAKES(1990),,rho,308.128,1.0,2.19127242,3.77322414,0.0,0.79097586,0.0,0.0,1133.875,,T,test-only,,table
oakes1990_10.1021_je00061a022_t1,OAKES(1990),,rho,308.131,1.0,1.3356382,2.2998794,0.0,0.4821206,0.0,0.0,1083.302,,T,test-only,,table
oakes1990_10.1021_je00061a022_t1,OAKES(1990),,rho,308.129,1.0,0.60410983,1.04023661,0.0,0.21806339,0.0,0.0,1036.229,,T,test-only,,table
oakes1990_10.1021_je00061a022_t1,OAKES(1990),,rho,308.129,1.0,0.40770092,0.70203364,0.0,0.14716636,0.0,0.0,1022.901,,T,test-only,,table
oakes1990_10.1021_je00061a022_t1,OAKES(1990),,rho,308.131,1.0,0.20154598,0.34704866,0.0,0.07275134,0.0,0.0,1008.539,,T,test-only,,table
oakes1990_10.1021_je00061a022_t1,OAKES(1990),,rho,308.129,1.0,0.04983438,0.08581146,0.0,0.01798854,0.0,0.0,997.68,,T,test-only,,table
oakes1990_10.1021_je00061a022_t1,OAKES(1990),,rho,308.128,1.0,2.4022522,6.30608407,0.0,1.95191593,0.0,0.0,1218.603,,T,test-only,,table
oakes1990_10.1021_je00061a022_t1,OAKES(1990),,rho,308.131,1.0,1.7238734,4.52529113,0.0,1.40070887,0.0,0.0,1163.107,,T,test-only,,table
oakes1990_10.1021_je00061a022_t1,OAKES(1990),,rho,308.124,1.0,1.0838934,2.8452978,0.0,0.8807022,0.0,0.0,1105.7,,T,test-only,,table
oakes1990_10.1021_je00061a022_t1,OAKES(1990),,rho,308.128,1.0,0.44577516,1.17019172,0.0,0.36220828,0.0,0.0,1042.513,,T,test-only,,table
oakes1990_10.1021_je00061a022_t1,OAKES(1990),,rho,308.126,1.0,0.13683936,0.35921312,0.0,0.11118688,0.0,0.0,1009.422,,T,test-only,,table
oakes1990_10.1021_je00061a022_t1,OAKES(1990),,rho,308.126,1.0,0.06940874,0.18220291,0.0,0.05639709,0.0,0.0,1001.909,,T,test-only,,table
oakes1990_10.1021_je00061a022_t1,OAKES(1990),,rho,308.132,1.0,1.18726531,6.34248844,0.0,2.57761156,0.0,0.0,1225.849,,T,test-only,,table
oakes1990_10.1021_je00061a022_t1,OAKES(1990),,rho,308.133,1.0,0.90307019,4.82429006,0.0,1.96060994,0.0,0.0,1177.623,,T,test-only,,table
oakes1990_10.1021_je00061a022_t1,OAKES(1990),,rho,308.132,1.0,0.58359026,3.11759675,0.0,1.26700325,0.0,0.0,1118.388,,T,test-only,,table
oakes1990_10.1021_je00061a022_t1,OAKES(1990),,rho,308.132,1.0,0.32992828,1.76250943,0.0,0.71629057,0.0,0.0,1067.258,,T,test-only,,table
oakes1990_10.1021_je00061a022_t1,OAKES(1990),,rho,308.131,1.0,0.1472086,0.78640287,0.0,0.31959713,0.0,0.0,1027.81,,T,test-only,,table
oakes1990_10.1021_je00061a022_t1,OAKES(1990),,rho,308.129,1.0,0.03642947,0.19460982,0.0,0.07909018,0.0,0.0,1002.617,,T,test-only,,table
oakes1990_10.1021_je00061a022_t1,OAKES(1990),,rho,308.124,1.0,1.1099382,6.86084607,0.0,2.87545393,0.0,0.0,1242.354,,T,test-only,,table
oakes1990_10.1021_je00061a022_t1,OAKES(1990),,rho,308.124,1.0,1.0310844,6.37342813,0.0,2.67117187,0.0,0.0,1227.817,,T,test-only,,table
oakes1990_10.1021_je00061a022_t1,OAKES(1990),,rho,308.126,1.0,0.9233088,5.70723627,0.0,2.39196373,0.0,0.0,1206.955,,T,test-only,,table
oakes1990_10.1021_je00061a022_t1,OAKES(1990),,rho,308.127,1.0,0.7436676,4.59682253,0.0,1.92657747,0.0,0.0,1170.626,,T,test-only,,table
oakes1990_10.1021_je00061a022_t1,OAKES(1990),,rho,308.126,1.0,0.7034826,4.34842753,0.0,1.82247247,0.0,0.0,1152.687,,T,test-only,,table
oakes1990_10.1021_je00061a022_t1,OAKES(1990),,rho,308.153,1.0,0.0,12.8248,0.0,6.4124,0.0,0.0,1402.105,,T,test-only,,table
oakes1990_10.1021_je00061a022_t1,OAKES(1990),,rho,308.145,1.0,0.0,11.996,0.0,5.998,0.0,0.0,1384.147,,T,test-only,,table
oakes1990_10.1021_je00061a022_t1,OAKES(1990),,rho,308.146,1.0,0.0,10.1308,0.0,5.0654,0.0,0.0,1339.614,,T,test-only,,table
oakes1990_10.1021_je00061a022_t1,OAKES(1990),,rho,308.154,1.0,0.0,9.2812,0.0,4.6406,0.0,0.0,1317.43,,T,test-only,,table
oakes1990_10.1021_je00061a022_t1,OAKES(1990),,rho,308.153,1.0,0.0,7.337,0.0,3.6685,0.0,0.0,1262.402,,T,test-only,,table
oakes1990_10.1021_je00061a022_t1,OAKES(1990),,rho,308.149,1.0,0.0,7.0114,0.0,3.5057,0.0,0.0,1252.542,,T,test-only,,table
oakes1990_10.1021_je00061a022_t1,OAKES(1990),,rho,308.144,1.0,0.0,5.081,0.0,2.5405,0.0,0.0,1190.797,,T,test-only,,table
oakes1990_10.1021_je00061a022_t1,OAKES(1990),,rho,308.144,1.0,0.0,3.5356,0.0,1.7678,0.0,0.0,1136.814,,T,test-only,,table
oakes1990_10.1021_je00061a022_t1,OAKES(1990),,rho,308.147,1.0,0.0,3.028,0.0,1.514,0.0,0.0,1117.994,,T,test-only,,table
oakes1990_10.1021_je00061a022_t1,OAKES(1990),,rho,308.141,1.0,0.0,1.9978,0.0,0.9989,0.0,0.0,1078.33,,T,test-only,,table
oakes1990_10.1021_je00061a022_t1,OAKES(1990),,rho,308.142,1.0,0.0,1.19,0.0,0.595,0.0,0.0,1045.452,,T,test-only,,table
oakes1990_10.1021_je00061a022_t1,OAKES(1990),,rho,308.141,1.0,0.0,0.674,0.0,0.337,0.0,0.0,1023.715,,T,test-only,,table
oakes1990_10.1021_je00061a022_t1,OAKES(1990),,rho,308.14,1.0,0.0,0.188,0.0,0.094,0.0,0.0,1002.475,,T,test-only,,table
song2013_10.1021_je400459y_t2,SONG(2013),,rho,332.83,100.01,1.0,1.0,0.0,0.0,0.0,0.0,1025.96,,T,test-only,,table
song2013_10.1021_je400459y_t2,SONG(2013),,rho,332.88,120.03,1.0,1.0,0.0,0.0,0.0,0.0,1026.78,,T,test-only,,table
song2013_10.1021_je400459y_t2,SONG(2013),,rho,333.11,140.07,1.0,1.0,0.0,0.0,0.0,0.0,1027.52,,T,test-only,,table
song2013_10.1021_je400459y_t2,SONG(2013),,rho,332.77,160.12,1.0,1.0,0.0,0.0,0.0,0.0,1028.34,,T,test-only,,table
song2013_10.1021_je400459y_t2,SONG(2013),,rho,332.96,180.1,1.0,1.0,0.0,0.0,0.0,0.0,1029.12,,T,test-only,,table
song2013_10.1021_je400459y_t2,SONG(2013),,rho,353.2,99.95,1.0,1.0,0.0,0.0,0.0,0.0,1014.63,,T,test-only,,table
song2013_10.1021_je400459y_t2,SONG(2013),,rho,352.65,120.02,1.0,1.0,0.0,0.0,0.0,0.0,1015.47,,T,test-only,,table
song2013_10.1021_je400459y_t2,SONG(2013),,rho,353.2,139.99,1.0,1.0,0.0,0.0,0.0,0.0,1016.06,,T,test-only,,table
song2013_10.1021_je400459y_t2,SONG(2013),,rho,353.32,160.05,1.0,1.0,0.0,0.0,0.0,0.0,1016.79,,T,test-only,,table
song2013_10.1021_je400459y_t2,SONG(2013),,rho,353.28,179.98,1.0,1.0,0.0,0.0,0.0,0.0,1017.65,,T,test-only,,table
song2013_10.1021_je400459y_t2,SONG(2013),,rho,373.16,100.01,1.0,1.0,0.0,0.0,0.0,0.0,1001.31,,T,test-only,,table
song2013_10.1021_je400459y_t2,SONG(2013),,rho,373.03,120.05,1.0,1.0,0.0,0.0,0.0,0.0,1002.25,,T,test-only,,table
song2013_10.1021_je400459y_t2,SONG(2013),,rho,373.03,140.01,1.0,1.0,0.0,0.0,0.0,0.0,1003.21,,T,test-only,,table
song2013_10.1021_je400459y_t2,SONG(2013),,rho,372.96,160.07,1.0,1.0,0.0,0.0,0.0,0.0,1003.93,,T,test-only,,table
song2013_10.1021_je400459y_t2,SONG(2013),,rho,373.0,180.01,1.0,1.0,0.0,0.0,0.0,0.0,1004.74,,T,test-only,,table
song2013_10.1021_je400459y_t2,SONG(2013),,rho,392.6,100.02,1.0,1.0,0.0,0.0,0.0,0.0,986.9,,T,test-only,,table
song2013_10.1021_je400459y_t2,SONG(2013),,rho,392.65,120.08,1.0,1.0,0.0,0.0,0.0,0.0,987.5,,T,test-only,,table
song2013_10.1021_je400459y_t2,SONG(2013),,rho,392.65,140.05,1.0,1.0,0.0,0.0,0.0,0.0,988.82,,T,test-only,,table
song2013_10.1021_je400459y_t2,SONG(2013),,rho,392.65,160.01,1.0,1.0,0.0,0.0,0.0,0.0,989.54,,T,test-only,,table
song2013_10.1021_je400459y_t2,SONG(2013),,rho,392.65,180.01,1.0,1.0,0.0,0.0,0.0,0.0,990.45,,T,test-only,,table
song2013_10.1021_je400459y_t2,SONG(2013),,rho,413.16,100.06,1.0,1.0,0.0,0.0,0.0,0.0,970.45,,T,test-only,,table
song2013_10.1021_je400459y_t2,SONG(2013),,rho,413.17,120.09,1.0,1.0,0.0,0.0,0.0,0.0,971.23,,T,test-only,,table
song2013_10.1021_je400459y_t2,SONG(2013),,rho,413.18,139.98,1.0,1.0,0.0,0.0,0.0,0.0,972.24,,T,test-only,,table
song2013_10.1021_je400459y_t2,SONG(2013),,rho,413.12,160.04,1.0,1.0,0.0,0.0,0.0,0.0,973.21,,T,test-only,,table
song2013_10.1021_je400459y_t2,SONG(2013),,rho,413.15,180.01,1.0,1.0,0.0,0.0,0.0,0.0,974.15,,T,test-only,,table
song2013_10.1021_je400459y_t2,SONG(2013),,rho,333.13,100.14,2.0,2.0,0.0,0.0,0.0,0.0,1060.45,,T,test-only,,table
song2013_10.1021_je400459y_t2,SONG(2013),,rho,333.19,120.08,2.0,2.0,0.0,0.0,0.0,0.0,1061.17,,T,test-only,,table
song2013_10.1021_je400459y_t2,SONG(2013),,rho,333.2,140.03,2.0,2.0,0.0,0.0,0.0,0.0,1061.9,,T,test-only,,table
song2013_10.1021_je400459y_t2,SONG(2013),,rho,333.17,159.99,2.0,2.0,0.0,0.0,0.0,0.0,1062.63,,T,test-only,,table
song2013_10.1021_je400459y_t2,SONG(2013),,rho,333.18,180.11,2.0,2.0,0.0,0.0,0.0,0.0,1063.39,,T,test-only,,table
song2013_10.1021_je400459y_t2,SONG(2013),,rho,353.23,99.96,2.0,2.0,0.0,0.0,0.0,0.0,1049.38,,T,test-only,,table
song2013_10.1021_je400459y_t2,SONG(2013),,rho,353.14,120.05,2.0,2.0,0.0,0.0,0.0,0.0,1050.19,,T,test-only,,table
song2013_10.1021_je400459y_t2,SONG(2013),,rho,353.16,140.03,2.0,2.0,0.0,0.0,0.0,0.0,1050.95,,T,test-only,,table
song2013_10.1021_je400459y_t2,SONG(2013),,rho,353.19,160.07,2.0,2.0,0.0,0.0,0.0,0.0,1051.71,,T,test-only,,table
song2013_10.1021_je400459y_t2,SONG(2013),,rho,353.13,180.26,2.0,2.0,0.0,0.0,0.0,0.0,1052.55,,T,test-only,,table
song2013_10.1021_je400459y_t2,SONG(2013),,rho,373.14,99.94,2.0,2.0,0.0,0.0,0.0,0.0,1037.24,,T,test-only,,table
song2013_10.1021_je400459y_t2,SONG(2013),,rho,373.1,119.99,2.0,2.0,0.0,0.0,0.0,0.0,1038.08,,T,test-only,,table
song2013_10.1021_je400459y_t2,SONG(2013),,rho,373.2,140.02,2.0,2.0,0.0,0.0,0.0,0.0,1038.84,,T,test-only,,table
song2013_10.1021_je400459y_t2,SONG(2013),,rho,373.18,159.97,2.0,2.0,0.0,0.0,0.0,0.0,1039.64,,T,test-only,,table
song2013_10.1021_je400459y_t2,SONG(2013),,rho,373.12,180.03,2.0,2.0,0.0,0.0,0.0,0.0,1040.5,,T,test-only,,table
song2013_10.1021_je400459y_t2,SONG(2013),,rho,393.18,100.03,2.0,2.0,0.0,0.0,0.0,0.0,1023.83,,T,test-only,,table
song2013_10.1021_je400459y_t2,SONG(2013),,rho,393.2,119.95,2.0,2.0,0.0,0.0,0.0,0.0,1024.64,,T,test-only,,table
song2013_10.1021_je400459y_t2,SONG(2013),,rho,393.22,139.99,2.0,2.0,0.0,0.0,0.0,0.0,1025.54,,T,test-only,,table
song2013_10.1021_je400459y_t2,SONG(2013),,rho,393.23,160.03,2.0,2.0,0.0,0.0,0.0,0.0,1026.34,,T,test-only,,table
song2013_10.1021_je400459y_t2,SONG(2013),,rho,393.17,180.05,2.0,2.0,0.0,0.0,0.0,0.0,1027.22,,T,test-only,,table
song2013_10.1021_je400459y_t2,SONG(2013),,rho,413.14,100.08,2.0,2.0,0.0,0.0,0.0,0.0,1009.53,,T,test-only,,table
song2013_10.1021_je400459y_t2,SONG(2013),,rho,413.18,120.03,2.0,2.0,0.0,0.0,0.0,0.0,1010.61,,T,test-only,,table
song2013_10.1021_je400459y_t2,SONG(2013),,rho,413.12,140.07,2.0,2.0,0.0,0.0,0.0,0.0,1011.33,,T,test-only,,table
song2013_10.1021_je400459y_t2,SONG(2013),,rho,413.14,160.03,2.0,2.0,0.0,0.0,0.0,0.0,1012.21,,T,test-only,,table
song2013_10.1021_je400459y_t2,SONG(2013),,rho,413.11,179.98,2.0,2.0,0.0,0.0,0.0,0.0,1012.96,,T,test-only,,table
song2013_10.1021_je400459y_t2,SONG(2013),,rho,333.19,100.02,3.0,3.0,0.0,0.0,0.0,0.0,1089.97,,T,test-only,,table
song2013_10.1021_je400459y_t2,SONG(2013),,rho,333.13,120.07,3.0,3.0,0.0,0.0,0.0,0.0,1090.92,,T,test-only,,table
song2013_10.1021_je400459y_t2,SONG(2013),,rho,333.13,140.02,3.0,3.0,0.0,0.0,0.0,0.0,1091.64,,T,test-only,,table
song2013_10.1021_je400459y_t2,SONG(2013),,rho,333.21,160.06,3.0,3.0,0.0,0.0,0.0,0.0,1092.36,,T,test-only,,table
song2013_10.1021_je400459y_t2,SONG(2013),,rho,333.16,180.02,3.0,3.0,0.0,0.0,0.0,0.0,1093.07,,T,test-only,,table
song2013_10.1021_je400459y_t2,SONG(2013),,rho,353.23,100.07,3.0,3.0,0.0,0.0,0.0,0.0,1078.28,,T,test-only,,table
song2013_10.1021_je400459y_t2,SONG(2013),,rho,353.27,120.03,3.0,3.0,0.0,0.0,0.0,0.0,1079.02,,T,test-only,,table
song2013_10.1021_je400459y_t2,SONG(2013),,rho,353.16,140.02,3.0,3.0,0.0,0.0,0.0,0.0,1079.82,,T,test-only,,table
song2013_10.1021_je400459y_t2,SONG(2013),,rho,353.23,160.08,3.0,3.0,0.0,0.0,0.0,0.0,1080.53,,T,test-only,,table
song2013_10.1021_je400459y_t2,SONG(2013),,rho,353.28,180.02,3.0,3.0,0.0,0.0,0.0,0.0,1081.24,,T,test-only,,table
song2013_10.1021_je400459y_t2,SONG(2013),,rho,373.11,100.05,3.0,3.0,0.0,0.0,0.0,0.0,1066.26,,T,test-only,,table
song2013_10.1021_je400459y_t2,SONG(2013),,rho,373.17,120.08,3.0,3.0,0.0,0.0,0.0,0.0,1067.01,,T,test-only,,table
song2013_10.1021_je400459y_t2,SONG(2013),,rho,373.16,140.04,3.0,3.0,0.0,0.0,0.0,0.0,1067.77,,T,test-only,,table
song2013_10.1021_je400459y_t2,SONG(2013),,rho,373.22,160.05,3.0,3.0,0.0,0.0,0.0,0.0,1068.52,,T,test-only,,table
song2013_10.1021_je400459y_t2,SONG(2013),,rho,373.11,179.97,3.0,3.0,0.0,0.0,0.0,0.0,1069.36,,T,test-only,,table
song2013_10.1021_je400459y_t2,SONG(2013),,rho,393.17,100.01,3.0,3.0,0.0,0.0,0.0,0.0,1053.22,,T,test-only,,table
song2013_10.1021_je400459y_t2,SONG(2013),,rho,393.24,120.08,3.0,3.0,0.0,0.0,0.0,0.0,1053.85,,T,test-only,,table
song2013_10.1021_je400459y_t2,SONG(2013),,rho,393.09,140.06,3.0,3.0,0.0,0.0,0.0,0.0,1054.75,,T,test-only,,table
song2013_10.1021_je400459y_t2,SONG(2013),,rho,393.17,160.02,3.0,3.0,0.0,0.0,0.0,0.0,1055.54,,T,test-only,,table
song2013_10.1021_je400459y_t2,SONG(2013),,rho,393.26,179.97,3.0,3.0,0.0,0.0,0.0,0.0,1056.25,,T,test-only,,table
song2013_10.1021_je400459y_t2,SONG(2013),,rho,413.23,100.07,3.0,3.0,0.0,0.0,0.0,0.0,1038.23,,T,test-only,,table
song2013_10.1021_je400459y_t2,SONG(2013),,rho,413.2,120.05,3.0,3.0,0.0,0.0,0.0,0.0,1038.72,,T,test-only,,table
song2013_10.1021_je400459y_t2,SONG(2013),,rho,413.16,140.01,3.0,3.0,0.0,0.0,0.0,0.0,1039.71,,T,test-only,,table
song2013_10.1021_je400459y_t2,SONG(2013),,rho,413.17,160.01,3.0,3.0,0.0,0.0,0.0,0.0,1040.63,,T,test-only,,table
song2013_10.1021_je400459y_t2,SONG(2013),,rho,413.14,180.04,3.0,3.0,0.0,0.0,0.0,0.0,1041.53,,T,test-only,,table
song2013_10.1021_je400459y_t2,SONG(2013),,rho,333.59,100.07,4.0,4.0,0.0,0.0,0.0,0.0,1120.38,,T,test-only,,table
song2013_10.1021_je400459y_t2,SONG(2013),,rho,333.54,120.04,4.0,4.0,0.0,0.0,0.0,0.0,1121.22,,T,test-only,,table
song2013_10.1021_je400459y_t2,SONG(2013),,rho,333.56,140.08,4.0,4.0,0.0,0.0,0.0,0.0,1122.36,,T,test-only,,table
song2013_10.1021_je400459y_t2,SONG(2013),,rho,333.52,159.99,4.0,4.0,0.0,0.0,0.0,0.0,1123.12,,T,test-only,,table
song2013_10.1021_je400459y_t2,SONG(2013),,rho,333.55,180.08,4.0,4.0,0.0,0.0,0.0,0.0,1124.3,,T,test-only,,table
song2013_10.1021_je400459y_t2,SONG(2013),,rho,352.11,100.0,4.0,4.0,0.0,0.0,0.0,0.0,1109.5,,T,test-only,,table
song2013_10.1021_je400459y_t2,SONG(2013),,rho,352.16,120.08,4.0,4.0,0.0,0.0,0.0,0.0,1109.8,,T,test-only,,table
song2013_10.1021_je400459y_t2,SONG(2013),,rho,352.17,140.5,4.0,4.0,0.0,0.0,0.0,0.0,1111.1,,T,test-only,,table
song2013_10.1021_je400459y_t2,SONG(2013),,rho,352.19,160.05,4.0,4.0,0.0,0.0,0.0,0.0,1111.53,,T,test-only,,table
song2013_10.1021_je400459y_t2,SONG(2013),,rho,352.14,180.01,4.0,4.0,0.0,0.0,0.0,0.0,1112.67,,T,test-only,,table
song2013_10.1021_je400459y_t2,SONG(2013),,rho,372.72,100.19,4.0,4.0,0.0,0.0,0.0,0.0,1097.2,,T,test-only,,table
song2013_10.1021_je400459y_t2,SONG(2013),,rho,372.76,120.07,4.0,4.0,0.0,0.0,0.0,0.0,1098.5,,T,test-only,,table
song2013_10.1021_je400459y_t2,SONG(2013),,rho,372.71,140.05,4.0,4.0,0.0,0.0,0.0,0.0,1099.0,,T,test-only,,table
song2013_10.1021_je400459y_t2,SONG(2013),,rho,372.75,160.43,4.0,4.0,0.0,0.0,0.0,0.0,1100.12,,T,test-only,,table
song2013_10.1021_je400459y_t2,SONG(2013),,rho,372.7,180.17,4.0,4.0,0.0,0.0,0.0,0.0,1100.7,,T,test-only,,table
song2013_10.1021_je400459y_t2,SONG(2013),,rho,392.79,100.06,4.0,4.0,0.0,0.0,0.0,0.0,1086.96,,T,test-only,,table
song2013_10.1021_je400459y_t2,SONG(2013),,rho,392.81,120.02,4.0,4.0,0.0,0.0,0.0,0.0,1087.71,,T,test-only,,table
song2013_10.1021_je400459y_t2,SONG(2013),,rho,392.77,140.02,4.0,4.0,0.0,0.0,0.0,0.0,1088.52,,T,test-only,,table
song2013_10.1021_je400459y_t2,SONG(2013),,rho,392.78,159.99,4.0,4.0,0.0,0.0,0.0,0.0,1089.3,,T,test-only,,table
song2013_10.1021_je400459y_t2,SONG(2013),,rho,392.82,180.08,4.0,4.0,0.0,0.0,0.0,0.0,1090.43,,T,test-only,,table
song2013_10.1021_je400459y_t2,SONG(2013),,rho,412.86,100.07,4.0,4.0,0.0,0.0,0.0,0.0,1072.35,,T,test-only,,table
song2013_10.1021_je400459y_t2,SONG(2013),,rho,412.92,120.05,4.0,4.0,0.0,0.0,0.0,0.0,1073.15,,T,test-only,,table
song2013_10.1021_je400459y_t2,SONG(2013),,rho,412.94,140.04,4.0,4.0,0.0,0.0,0.0,0.0,1073.97,,T,test-only,,table
song2013_10.1021_je400459y_t2,SONG(2013),,rho,413.01,160.03,4.0,4.0,0.0,0.0,0.0,0.0,1074.76,,T,test-only,,table
song2013_10.1021_je400459y_t2,SONG(2013),,rho,413.06,180.02,4.0,4.0,0.0,0.0,0.0,0.0,1075.53,,T,test-only,,table
zezin2014_10.1021_je400761c_t2,ZEZIN(2014),,rho,298.2,1.0,0.10395,2.16797,2.06402,0.0,0.0,0.0,1087.474201,,T,test-only,,table
zezin2014_10.1021_je400761c_t2,ZEZIN(2014),,rho,298.15,1.0,0.10518,0.10518,0.0,0.0,0.0,0.0,1001.387039,,T,test-only,,table
zezin2014_10.1021_je400761c_t2,ZEZIN(2014),,rho,298.16,1.0,0.10676,1.13408,1.02732,0.0,0.0,0.0,1046.374473,,T,test-only,,table
zezin2014_10.1021_je400761c_t2,ZEZIN(2014),,rho,298.21,1.0,0.10696,0.75753,0.65057,0.0,0.0,0.0,1030.88163,,T,test-only,,table
zezin2014_10.1021_je400761c_t2,ZEZIN(2014),,rho,298.13,1.0,0.10756,0.21811,0.11055,0.0,0.0,0.0,1006.562168,,T,test-only,,table
zezin2014_10.1021_je400761c_t2,ZEZIN(2014),,rho,298.14,1.0,0.10807,3.69196,3.58389,0.0,0.0,0.0,1142.309604,,T,test-only,,table
zezin2014_10.1021_je400761c_t2,ZEZIN(2014),,rho,298.15,1.0,0.49988,0.49988,0.0,0.0,0.0,0.0,1017.197039,,T,test-only,,table
zezin2014_10.1021_je400761c_t2,ZEZIN(2014),,rho,298.14,1.0,0.99975,1.3311,0.33135,0.0,0.0,0.0,1050.359604,,T,test-only,,table
zezin2014_10.1021_je400761c_t2,ZEZIN(2014),,rho,298.18,1.0,0.99991,1.65003,0.65012,0.0,0.0,0.0,1063.579339,,T,test-only,,table
zezin2014_10.1021_je400761c_t2,ZEZIN(2014),,rho,298.19,1.0,1.00019,2.03074,1.03055,0.0,0.0,0.0,1078.68677,,T,test-only,,table
zezin2014_10.1021_je400761c_t2,ZEZIN(2014),,rho,298.21,1.0,1.00035,1.11135,0.111,0.0,0.0,0.0,1041.26163,,T,test-only,,table
zezin2014_10.1021_je400761c_t2,ZEZIN(2014),,rho,298.17,1.0,1.0009,2.04069,1.03979,0.0,0.0,0.0,1078.921907,,T,test-only,,table
zezin2014_10.1021_je400761c_t2,ZEZIN(2014),,rho,298.15,1.0,1.00092,1.00092,0.0,0.0,0.0,0.0,1036.317039,,T,test-only,,table
zezin2014_10.1021_je400761c_t2,ZEZIN(2014),,rho,298.17,1.0,1.00099,3.23955,2.23856,0.0,0.0,0.0,1122.621907,,T,test-only,,table
zezin2014_10.1021_je400761c_t2,ZEZIN(2014),,rho,298.16,1.0,1.15326,4.73066,3.5774,0.0,0.0,0.0,1171.674473,,T,test-only,,table
zezin2014_10.1021_je400761c_t2,ZEZIN(2014),,rho,298.15,1.0,2.99981,2.99981,0.0,0.0,0.0,0.0,1105.837039,,T,test-only,,table
zezin2014_10.1021_je400761c_t2,ZEZIN(2014),,rho,298.18,1.0,3.53342,4.55362,1.0202,0.0,0.0,0.0,1158.259339,,T,test-only,,table
zezin2014_10.1021_je400761c_t2,ZEZIN(2014),,rho,298.19,1.0,3.58016,3.68587,0.10571,0.0,0.0,0.0,1128.29677,,T,test-only,,table
zezin2014_10.1021_je400761c_t2,ZEZIN(2014),,rho,298.17,1.0,3.58072,5.81732,2.2366,0.0,0.0,0.0,1196.821907,,T,test-only,,table
zezin2014_10.1021_je400761c_t2,ZEZIN(2014),,rho,298.15,1.0,3.58228,3.9131,0.33082,0.0,0.0,0.0,1136.107039,,T,test-only,,table
zezin2014_10.1021_je400761c_t2,ZEZIN(2014),,rho,298.24,1.0,3.58557,4.22955,0.64398,0.0,0.0,0.0,1146.923913,,T,test-only,,table
zezin2014_10.1021_je400761c_t2,ZEZIN(2014),,rho,298.18,20.0,0.10395,2.16797,2.06402,0.0,0.0,0.0,1088.20469,,T,test-only,,table
zezin2014_10.1021_je400761c_t2,ZEZIN(2014),,rho,298.16,20.0,0.10676,1.13408,1.02732,0.0,0.0,0.0,1047.189871,,T,test-only,,table
zezin2014_10.1021_je400761c_t2,ZEZIN(2014),,rho,298.2,20.0,0.10696,0.75753,0.65057,0.0,0.0,0.0,1031.779505,,T,test-only,,table
zezin2014_10.1021_je400761c_t2,ZEZIN(2014),,rho,298.1,20.0,0.10756,0.21811,0.11055,0.0,0.0,0.0,1007.405391,,T,test-only,,table
zezin2014_10.1021_je400761c_t2,ZEZIN(2014),,rho,298.14,20.0,0.10807,3.69196,3.58389,0.0,0.0,0.0,1143.015048,,T,test-only,,table
zezin2014_10.1021_je400761c_t2,ZEZIN(2014),,rho,298.15,20.0,0.99975,1.3311,0.33135,0.0,0.0,0.0,1051.17246,,T,test-only,,table
zezin2014_10.1021_je400761c_t2,ZEZIN(2014),,rho,298.15,20.0,0.99991,1.65003,0.65012,0.0,0.0,0.0,1064.32246,,T,test-only,,table
zezin2014_10.1021_je400761c_t2,ZEZIN(2014),,rho,298.19,20.0,1.00019,2.03074,1.03055,0.0,0.0,0.0,1079.462098,,T,test-only,,table
zezin2014_10.1021_je400761c_t2,ZEZIN(2014),,rho,298.2,20.0,1.00035,1.11135,0.111,0.0,0.0,0.0,1042.069505,,T,test-only,,table
zezin2014_10.1021_je400761c_t2,ZEZIN(2014),,rho,298.16,20.0,1.0009,2.04069,1.03979,0.0,0.0,0.0,1079.669871,,T,test-only,,table
zezin2014_10.1021_je400761c_t2,ZEZIN(2014),,rho,298.18,20.0,1.00099,3.23955,2.23856,0.0,0.0,0.0,1123.42469,,T,test-only,,table
zezin2014_10.1021_je400761c_t2,ZEZIN(2014),,rho,298.15,20.0,1.15326,4.73066,3.5774,0.0,0.0,0.0,1172.35246,,T,test-only,,table
zezin2014_10.1021_je400761c_t2,ZEZIN(2014),,rho,298.18,20.0,3.53342,4.55362,1.0202,0.0,0.0,0.0,1158.94469,,T,test-only,,table
zezin2014_10.1021_je400761c_t2,ZEZIN(2014),,rho,298.19,20.0,3.58016,3.68587,0.10571,0.0,0.0,0.0,1128.962098,,T,test-only,,table
zezin2014_10.1021_je400761c_t2,ZEZIN(2014),,rho,298.16,20.0,3.58072,5.81732,2.2366,0.0,0.0,0.0,1197.469871,,T,test-only,,table
zezin2014_10.1021_je400761c_t2,ZEZIN(2014),,rho,298.14,20.0,3.58228,3.9131,0.33082,0.0,0.0,0.0,1136.785048,,T,test-only,,table
zezin2014_10.1021_je400761c_t2,ZEZIN(2014),,rho,298.24,20.0,3.58557,4.22955,0.64398,0.0,0.0,0.0,1147.609125,,T,test-only,,table
zezin2014_10.1021_je400761c_t2,ZEZIN(2014),,rho,298.18,50.0,0.10395,2.16797,2.06402,0.0,0.0,0.0,1089.458282,,T,test-only,,table
zezin2014_10.1021_je400761c_t2,ZEZIN(2014),,rho,298.15,50.0,0.10518,0.10518,0.0,0.0,0.0,0.0,1003.556162,,T,test-only,,table
zezin2014_10.1021_je400761c_t2,ZEZIN(2014),,rho,298.15,50.0,0.10676,1.13408,1.02732,0.0,0.0,0.0,1048.486162,,T,test-only,,table
zezin2014_10.1021_je400761c_t2,ZEZIN(2014),,rho,298.2,50.0,0.10696,0.75753,0.65057,0.0,0.0,0.0,1033.123025,,T,test-only,,table
zezin2014_10.1021_je400761c_t2,ZEZIN(2014),,rho,298.1,50.0,0.10756,0.21811,0.11055,0.0,0.0,0.0,1008.819276,,T,test-only,,table
zezin2014_10.1021_je400761c_t2,ZEZIN(2014),,rho,298.13,50.0,0.10807,3.69196,3.58389,0.0,0.0,0.0,1144.14141,,T,test-only,,table
zezin2014_10.1021_je400761c_t2,ZEZIN(2014),,rho,298.15,50.0,0.49988,0.49988,0.0,0.0,0.0,0.0,1019.306162,,T,test-only,,table
zezin2014_10.1021_je400761c_t2,ZEZIN(2014),,rho,298.16,50.0,0.99975,1.3311,0.33135,0.0,0.0,0.0,1052.403536,,T,test-only,,table
zezin2014_10.1021_je400761c_t2,ZEZIN(2014),,rho,298.14,50.0,0.99991,1.65003,0.65012,0.0,0.0,0.0,1065.518786,,T,test-only,,table
zezin2014_10.1021_je400761c_t2,ZEZIN(2014),,rho,298.18,50.0,1.00019,2.03074,1.03055,0.0,0.0,0.0,1080.648282,,T,test-only,,table
zezin2014_10.1021_je400761c_t2,ZEZIN(2014),,rho,298.18,50.0,1.00035,1.11135,0.111,0.0,0.0,0.0,1043.258282,,T,test-only,,table
zezin2014_10.1021_je400761c_t2,ZEZIN(2014),,rho,298.22,50.0,1.0009,2.04069,1.03979,0.0,0.0,0.0,1080.947763,,T,test-only,,table
zezin2014_10.1021_je400761c_t2,ZEZIN(2014),,rho,298.15,50.0,1.00092,1.00092,0.0,0.0,0.0,0.0,1038.336162,,T,test-only,,table
zezin2014_10.1021_je400761c_t2,ZEZIN(2014),,rho,298.18,50.0,1.00099,3.23955,2.23856,0.0,0.0,0.0,1124.648282,,T,test-only,,table
zezin2014_10.1021_je400761c_t2,ZEZIN(2014),,rho,298.14,50.0,1.15326,4.73066,3.5774,0.0,0.0,0.0,1173.508786,,T,test-only,,table
zezin2014_10.1021_je400761c_t2,ZEZIN(2014),,rho,298.15,50.0,2.99981,2.99981,0.0,0.0,0.0,0.0,1107.686162,,T,test-only,,table
zezin2014_10.1021_je400761c_t2,ZEZIN(2014),,rho,298.17,50.0,3.53342,4.55362,1.0202,0.0,0.0,0.0,1160.03091,,T,test-only,,table
zezin2014_10.1021_je400761c_t2,ZEZIN(2014),,rho,298.17,50.0,3.58016,3.68587,0.10571,0.0,0.0,0.0,1130.07091,,T,test-only,,table
zezin2014_10.1021_je400761c_t2,ZEZIN(2014),,rho,298.16,50.0,3.58072,5.81732,2.2366,0.0,0.0,0.0,1198.543536,,T,test-only,,table
zezin2014_10.1021_je400761c_t2,ZEZIN(2014),,rho,298.13,50.0,3.58228,3.9131,0.33082,0.0,0.0,0.0,1137.88141,,T,test-only,,table
zezin2014_10.1021_je400761c_t2,ZEZIN(2014),,rho,298.16,100.0,1.00035,1.11135,0.111,0.0,0.0,0.0,1045.294274,,T,test-only,,table
zezin2014_10.1021_je400761c_t2,ZEZIN(2014),,rho,298.14,100.0,1.0009,2.04069,1.03979,0.0,0.0,0.0,1082.829646,,T,test-only,,table
zezin2014_10.1021_je400761c_t2,ZEZIN(2014),,rho,298.15,100.0,1.00092,1.00092,0.0,0.0,0.0,0.0,1040.39696,,T,test-only,,table
zezin2014_10.1021_je400761c_t2,ZEZIN(2014),,rho,298.17,100.0,1.00099,3.23955,2.23856,0.0,0.0,0.0,1126.571588,,T,test-only,,table
zezin2014_10.1021_je400761c_t2,ZEZIN(2014),,rho,298.12,100.0,1.15326,4.73066,3.5774,0.0,0.0,0.0,1175.285013,,T,test-only,,table
zezin2014_10.1021_je400761c_t2,ZEZIN(2014),,rho,298.15,100.0,2.99981,2.99981,0.0,0.0,0.0,0.0,1109.51696,,T,test-only,,table
zezin2014_10.1021_je400761c_t2,ZEZIN(2014),,rho,298.16,100.0,3.53342,4.55362,1.0202,0.0,0.0,0.0,1161.784274,,T,test-only,,table
zezin2014_10.1021_je400761c_t2,ZEZIN(2014),,rho,298.17,100.0,3.58016,3.68587,0.10571,0.0,0.0,0.0,1131.911588,,T,test-only,,table
zezin2014_10.1021_je400761c_t2,ZEZIN(2014),,rho,298.15,100.0,3.58072,5.81732,2.2366,0.0,0.0,0.0,1200.21696,,T,test-only,,table
zezin2014_10.1021_je400761c_t2,ZEZIN(2014),,rho,298.15,100.0,3.58228,3.9131,0.33082,0.0,0.0,0.0,1139.66696,,T,test-only,,table
zezin2014_10.1021_je400761c_t2,ZEZIN(2014),,rho,298.24,100.0,3.58557,4.22955,0.64398,0.0,0.0,0.0,1150.522754,,T,test-only,,table
zezin2014_10.1021_je400761c_t2,ZEZIN(2014),,rho,298.17,200.0,0.10395,2.16797,2.06402,0.0,0.0,0.0,1095.424379,,T,test-only,,table
zezin2014_10.1021_je400761c_t2,ZEZIN(2014),,rho,298.15,200.0,0.10518,0.10518,0.0,0.0,0.0,0.0,1010.11999,,T,test-only,,table
zezin2014_10.1021_je400761c_t2,ZEZIN(2014),,rho,298.14,200.0,0.10676,1.13408,1.02732,0.0,0.0,0.0,1054.662794,,T,test-only,,table
zezin2014_10.1021_je400761c_t2,ZEZIN(2014),,rho,298.19,200.0,0.10696,0.75753,0.65057,0.0,0.0,0.0,1039.418765,,T,test-only,,table
zezin2014_10.1021_je400761c_t2,ZEZIN(2014),,rho,298.19,200.0,0.10756,0.21811,0.11055,0.0,0.0,0.0,1015.428765,,T,test-only,,table
zezin2014_10.1021_je400761c_t2,ZEZIN(2014),,rho,298.12,200.0,0.10807,3.69196,3.58389,0.0,0.0,0.0,1149.7684,,T,test-only,,table
zezin2014_10.1021_je400761c_t2,ZEZIN(2014),,rho,298.15,200.0,0.49988,0.49988,0.0,0.0,0.0,0.0,1025.63999,,T,test-only,,table
zezin2014_10.1021_je400761c_t2,ZEZIN(2014),,rho,298.15,200.0,0.99975,1.3311,0.33135,0.0,0.0,0.0,1058.52999,,T,test-only,,table
zezin2014_10.1021_je400761c_t2,ZEZIN(2014),,rho,298.16,200.0,0.99991,1.65003,0.65012,0.0,0.0,0.0,1071.607185,,T,test-only,,table
zezin2014_10.1021_je400761c_t2,ZEZIN(2014),,rho,298.09,200.0,1.00019,2.03074,1.03055,0.0,0.0,0.0,1086.456802,,T,test-only,,table
zezin2014_10.1021_je400761c_t2,ZEZIN(2014),,rho,298.15,200.0,1.00035,1.11135,0.111,0.0,0.0,0.0,1049.44999,,T,test-only,,table
zezin2014_10.1021_je400761c_t2,ZEZIN(2014),,rho,298.12,200.0,1.0009,2.04069,1.03979,0.0,0.0,0.0,1086.6784,,T,test-only,,table
zezin2014_10.1021_je400761c_t2,ZEZIN(2014),,rho,298.15,200.0,1.00092,1.00092,0.0,0.0,0.0,0.0,1044.46999,,T,test-only,,table
zezin2014_10.1021_je400761c_t2,ZEZIN(2014),,rho,298.15,200.0,1.00099,3.23955,2.23856,0.0,0.0,0.0,1130.20999,,T,test-only,,table
zezin2014_10.1021_je400761c_t2,ZEZIN(2014),,rho,298.12,200.0,1.15326,4.73066,3.5774,0.0,0.0,0.0,1178.8184,,T,test-only,,table
zezin2014_10.1021_je400761c_t2,ZEZIN(2014),,rho,298.15,200.0,2.99981,2.99981,0.0,0.0,0.0,0.0,1113.13999,,T,test-only,,table
zezin2014_10.1021_je400761c_t2,ZEZIN(2014),,rho,298.15,200.0,3.53342,4.55362,1.0202,0.0,0.0,0.0,1165.24999,,T,test-only,,table
zezin2014_10.1021_je400761c_t2,ZEZIN(2014),,rho,298.17,200.0,3.58016,3.68587,0.10571,0.0,0.0,0.0,1135.464379,,T,test-only,,table
zezin2014_10.1021_je400761c_t2,ZEZIN(2014),,rho,298.13,200.0,3.58072,5.81732,2.2366,0.0,0.0,0.0,1203.545597,,T,test-only,,table
zezin2014_10.1021_je400761c_t2,ZEZIN(2014),,rho,298.16,200.0,3.58228,3.9131,0.33082,0.0,0.0,0.0,1143.197185,,T,test-only,,table
zezin2014_10.1021_je400761c_t2,ZEZIN(2014),,rho,298.24,200.0,3.58557,4.22955,0.64398,0.0,0.0,0.0,1154.024715,,T,test-only,,table
zezin2014_10.1021_je400761c_t2,ZEZIN(2014),,rho,298.13,300.0,0.10676,1.13408,1.02732,0.0,0.0,0.0,1058.720185,,T,test-only,,table
zezin2014_10.1021_je400761c_t2,ZEZIN(2014),,rho,298.17,300.0,0.10696,0.75753,0.65057,0.0,0.0,0.0,1043.388502,,T,test-only,,table
zezin2014_10.1021_je400761c_t2,ZEZIN(2014),,rho,298.17,300.0,0.10756,0.21811,0.11055,0.0,0.0,0.0,1019.548502,,T,test-only,,table
zezin2014_10.1021_je400761c_t2,ZEZIN(2014),,rho,298.11,300.0,0.10807,3.69196,3.58389,0.0,0.0,0.0,1153.336022,,T,test-only,,table
zezin2014_10.1021_je400761c_t2,ZEZIN(2014),,rho,298.15,300.0,0.99975,1.3311,0.33135,0.0,0.0,0.0,1062.494345,,T,test-only,,table
zezin2014_10.1021_je400761c_t2,ZEZIN(2014),,rho,298.15,300.0,0.99991,1.65003,0.65012,0.0,0.0,0.0,1075.484345,,T,test-only,,table
zezin2014_10.1021_je400761c_t2,ZEZIN(2014),,rho,298.19,300.0,1.00019,2.03074,1.03055,0.0,0.0,0.0,1090.412657,,T,test-only,,table
zezin2014_10.1021_je400761c_t2,ZEZIN(2014),,rho,298.14,300.0,1.00035,1.11135,0.111,0.0,0.0,0.0,1053.417265,,T,test-only,,table
zezin2014_10.1021_je400761c_t2,ZEZIN(2014),,rho,298.12,300.0,1.0009,2.04069,1.03979,0.0,0.0,0.0,1090.493104,,T,test-only,,table
zezin2014_10.1021_je400761c_t2,ZEZIN(2014),,rho,298.15,300.0,1.00099,3.23955,2.23856,0.0,0.0,0.0,1133.834345,,T,test-only,,table
zezin2014_10.1021_je400761c_t2,ZEZIN(2014),,rho,298.17,300.0,1.15326,4.73066,3.5774,0.0,0.0,0.0,1182.258502,,T,test-only,,table
zezin2014_10.1021_je400761c_t2,ZEZIN(2014),,rho,298.14,300.0,3.53342,4.55362,1.0202,0.0,0.0,0.0,1168.607265,,T,test-only,,table
zezin2014_10.1021_je400761c_t2,ZEZIN(2014),,rho,298.15,300.0,3.58016,3.68587,0.10571,0.0,0.0,0.0,1138.914345,,T,test-only,,table
zezin2014_10.1021_je400761c_t2,ZEZIN(2014),,rho,298.16,300.0,3.58072,5.81732,2.2366,0.0,0.0,0.0,1206.911424,,T,test-only,,table
zezin2014_10.1021_je400761c_t2,ZEZIN(2014),,rho,298.15,300.0,3.58228,3.9131,0.33082,0.0,0.0,0.0,1146.664345,,T,test-only,,table
zezin2014_10.1021_je400761c_t2,ZEZIN(2014),,rho,298.23,300.0,3.58557,4.22955,0.64398,0.0,0.0,0.0,1157.470955,,T,test-only,,table
zezin2014_10.1021_je400761c_t2,ZEZIN(2014),,rho,298.15,400.0,0.10518,0.10518,0.0,0.0,0.0,0.0,1018.543122,,T,test-only,,table
zezin2014_10.1021_je400761c_t2,ZEZIN(2014),,rho,298.1,400.0,0.10676,1.13408,1.02732,0.0,0.0,0.0,1062.61828,,T,test-only,,table
zezin2014_10.1021_je400761c_t2,ZEZIN(2014),,rho,298.16,400.0,0.10696,0.75753,0.65057,0.0,0.0,0.0,1047.370088,,T,test-only,,table
zezin2014_10.1021_je400761c_t2,ZEZIN(2014),,rho,298.15,400.0,0.10756,0.21811,0.11055,0.0,0.0,0.0,1023.623122,,T,test-only,,table
zezin2014_10.1021_je400761c_t2,ZEZIN(2014),,rho,298.11,400.0,0.10807,3.69196,3.58389,0.0,0.0,0.0,1156.95525,,T,test-only,,table
zezin2014_10.1021_je400761c_t2,ZEZIN(2014),,rho,298.15,400.0,0.49988,0.49988,0.0,0.0,0.0,0.0,1033.863122,,T,test-only,,table
zezin2014_10.1021_je400761c_t2,ZEZIN(2014),,rho,298.16,400.0,0.99975,1.3311,0.33135,0.0,0.0,0.0,1066.400088,,T,test-only,,table
zezin2014_10.1021_je400761c_t2,ZEZIN(2014),,rho,298.15,400.0,0.99991,1.65003,0.65012,0.0,0.0,0.0,1079.313122,,T,test-only,,table
zezin2014_10.1021_je400761c_t2,ZEZIN(2014),,rho,298.19,400.0,1.00019,2.03074,1.03055,0.0,0.0,0.0,1094.210982,,T,test-only,,table
zezin2014_10.1021_je400761c_t2,ZEZIN(2014),,rho,298.13,400.0,1.00035,1.11135,0.111,0.0,0.0,0.0,1057.349187,,T,test-only,,table
zezin2014_10.1021_je400761c_t2,ZEZIN(2014),,rho,298.24,50.0,3.58557,4.22955,0.64398,0.0,0.0,0.0,1148.712498,,T,test-only,,table
zezin2014_10.1021_je400761c_t2,ZEZIN(2014),,rho,298.17,100.0,0.10395,2.16797,2.06402,0.0,0.0,0.0,1091.501588,,T,test-only,,table
zezin2014_10.1021_je400761c_t2,ZEZIN(2014),,rho,298.15,100.0,0.10518,0.10518,0.0,0.0,0.0,0.0,1005.77696,,T,test-only,,table
zezin2014_10.1021_je400761c_t2,ZEZIN(2014),,rho,298.15,100.0,0.10676,1.13408,1.02732,0.0,0.0,0.0,1050.58696,,T,test-only,,table
zezin2014_10.1021_je400761c_t2,ZEZIN(2014),,rho,298.19,100.0,0.10696,0.75753,0.65057,0.0,0.0,0.0,1035.296211,,T,test-only,,table
zezin2014_10.1021_je400761c_t2,ZEZIN(2014),,rho,298.16,100.0,0.10756,0.21811,0.11055,0.0,0.0,0.0,1011.114274,,T,test-only,,table
zezin2014_10.1021_je400761c_t2,ZEZIN(2014),,rho,298.12,100.0,0.10807,3.69196,3.58389,0.0,0.0,0.0,1146.025013,,T,test-only,,table
zezin2014_10.1021_je400761c_t2,ZEZIN(2014),,rho,298.15,100.0,0.49988,0.49988,0.0,0.0,0.0,0.0,1021.46696,,T,test-only,,table
zezin2014_10.1021_je400761c_t2,ZEZIN(2014),,rho,298.15,100.0,0.99975,1.3311,0.33135,0.0,0.0,0.0,1054.45696,,T,test-only,,table
zezin2014_10.1021_je400761c_t2,ZEZIN(2014),,rho,298.16,100.0,0.99991,1.65003,0.65012,0.0,0.0,0.0,1067.574274,,T,test-only,,table
zezin2014_10.1021_je400761c_t2,ZEZIN(2014),,rho,298.14,100.0,1.00019,2.03074,1.03055,0.0,0.0,0.0,1082.589646,,T,test-only,,table
zezin2014_10.1021_je400761c_t2,ZEZIN(2014),,rho,373.15,20.0,0.10039,3.681,3.58061,0.0,0.0,0.0,1100.568548,,T,test-only,,table
zezin2014_10.1021_je400761c_t2,ZEZIN(2014),,rho,373.15,20.0,0.10678,2.34563,2.23885,0.0,0.0,0.0,1055.218548,,T,test-only,,table
zezin2014_10.1021_je400761c_t2,ZEZIN(2014),,rho,373.15,20.0,0.10696,0.75753,0.65057,0.0,0.0,0.0,992.178548,,T,test-only,,table
zezin2014_10.1021_je400761c_t2,ZEZIN(2014),,rho,373.15,20.0,0.10713,0.2197,0.11257,0.0,0.0,0.0,968.928548,,T,test-only,,table
zezin2014_10.1021_je400761c_t2,ZEZIN(2014),,rho,373.15,20.0,0.10729,1.15239,1.0451,0.0,0.0,0.0,1008.728548,,T,test-only,,table
zezin2014_10.1021_je400761c_t2,ZEZIN(2014),,rho,373.15,20.0,0.10731,0.7578,0.65049,0.0,0.0,0.0,992.228548,,T,test-only,,table
zezin2014_10.1021_je400761c_t2,ZEZIN(2014),,rho,373.15,20.0,0.99975,1.3311,0.33135,0.0,0.0,0.0,1010.978548,,T,test-only,,table
zezin2014_10.1021_je400761c_t2,ZEZIN(2014),,rho,373.15,20.0,1.00017,2.03092,1.03075,0.0,0.0,0.0,1038.878548,,T,test-only,,table
zezin2014_10.1021_je400761c_t2,ZEZIN(2014),,rho,373.15,20.0,1.00034,1.1112,0.11086,0.0,0.0,0.0,1001.848548,,T,test-only,,table
zezin2014_10.1021_je400761c_t2,ZEZIN(2014),,rho,373.15,20.0,1.00035,1.11135,0.111,0.0,0.0,0.0,1001.828548,,T,test-only,,table
zezin2014_10.1021_je400761c_t2,ZEZIN(2014),,rho,373.15,20.0,1.0007,4.58404,3.58334,0.0,0.0,0.0,1126.388548,,T,test-only,,table
zezin2014_10.1021_je400761c_t2,ZEZIN(2014),,rho,373.15,20.0,1.00495,1.00495,0.0,0.0,0.0,0.0,997.198548,,T,test-only,,table
zezin2014_10.1021_je400761c_t2,ZEZIN(2014),,rho,373.15,20.0,1.01161,3.2525,2.24089,0.0,0.0,0.0,1083.628548,,T,test-only,,table
zezin2014_10.1021_je400761c_t2,ZEZIN(2014),,rho,373.15,20.0,3.53342,4.55362,1.0202,0.0,0.0,0.0,1115.928548,,T,test-only,,table
zezin2014_10.1021_je400761c_t2,ZEZIN(2014),,rho,373.15,20.0,3.58129,4.23117,0.64988,0.0,0.0,0.0,1105.158548,,T,test-only,,table
zezin2014_10.1021_je400761c_t2,ZEZIN(2014),,rho,373.15,20.0,3.58159,3.69243,0.11084,0.0,0.0,0.0,1086.078548,,T,test-only,,table
zezin2014_10.1021_je400761c_t2,ZEZIN(2014),,rho,373.15,20.0,3.5817,3.5817,0.0,0.0,0.0,0.0,1081.938548,,T,test-only,,table
zezin2014_10.1021_je400761c_t2,ZEZIN(2014),,rho,373.15,20.0,3.58228,3.9131,0.33082,0.0,0.0,0.0,1094.088548,,T,test-only,,table
zezin2014_10.1021_je400761c_t2,ZEZIN(2014),,rho,373.15,20.0,3.5847,5.82886,2.24416,0.0,0.0,0.0,1153.898548,,T,test-only,,table
zezin2014_10.1021_je400761c_t2,ZEZIN(2014),,rho,373.15,50.0,0.09977,0.09977,0.0,0.0,0.0,0.0,964.5841347,,T,test-only,,table
zezin2014_10.1021_je400761c_t2,ZEZIN(2014),,rho,373.15,50.0,0.10039,3.681,3.58061,0.0,0.0,0.0,1101.784135,,T,test-only,,table
zezin2014_10.1021_je400761c_t2,ZEZIN(2014),,rho,373.15,50.0,0.10678,2.34563,2.23885,0.0,0.0,0.0,1056.494135,,T,test-only,,table
zezin2014_10.1021_je400761c_t2,ZEZIN(2014),,rho,373.15,50.0,0.10696,0.75753,0.65057,0.0,0.0,0.0,993.5641347,,T,test-only,,table
zezin2014_10.1021_je400761c_t2,ZEZIN(2014),,rho,373.15,50.0,0.10713,0.2197,0.11257,0.0,0.0,0.0,970.3041347,,T,test-only,,table
zezin2014_10.1021_je400761c_t2,ZEZIN(2014),,rho,373.15,50.0,0.10729,1.15239,1.0451,0.0,0.0,0.0,1010.074135,,T,test-only,,table
zezin2014_10.1021_je400761c_t2,ZEZIN(2014),,rho,373.15,50.0,0.10731,0.7578,0.65049,0.0,0.0,0.0,993.5841347,,T,test-only,,table
zezin2014_10.1021_je400761c_t2,ZEZIN(2014),,rho,373.15,50.0,0.49956,0.49956,0.0,0.0,0.0,0.0,979.8341347,,T,test-only,,table
zezin2014_10.1021_je400761c_t2,ZEZIN(2014),,rho,373.15,50.0,0.99975,1.3311,0.33135,0.0,0.0,0.0,1012.264135,,T,test-only,,table
zezin2014_10.1021_je400761c_t2,ZEZIN(2014),,rho,373.15,50.0,1.00017,2.03092,1.03075,0.0,0.0,0.0,1040.144135,,T,test-only,,table
zezin2014_10.1021_je400761c_t2,ZEZIN(2014),,rho,373.15,50.0,1.00034,1.1112,0.11086,0.0,0.0,0.0,1003.164135,,T,test-only,,table
zezin2014_10.1021_je400761c_t2,ZEZIN(2014),,rho,373.15,50.0,1.00035,1.11135,0.111,0.0,0.0,0.0,1003.164135,,T,test-only,,table
zezin2014_10.1021_je400761c_t2,ZEZIN(2014),,rho,373.15,50.0,1.0007,4.58404,3.58334,0.0,0.0,0.0,1127.534135,,T,test-only,,table
zezin2014_10.1021_je400761c_t2,ZEZIN(2014),,rho,373.15,50.0,1.00092,1.00092,0.0,0.0,0.0,0.0,998.2541347,,T,test-only,,table
zezin2014_10.1021_je400761c_t2,ZEZIN(2014),,rho,373.15,50.0,1.01161,3.2525,2.24089,0.0,0.0,0.0,1084.884135,,T,test-only,,table
zezin2014_10.1021_je400761c_t2,ZEZIN(2014),,rho,373.15,50.0,2.99981,2.99981,0.0,0.0,0.0,0.0,1065.444135,,T,test-only,,table
zezin2014_10.1021_je400761c_t2,ZEZIN(2014),,rho,373.15,50.0,3.53342,4.55362,1.0202,0.0,0.0,0.0,1117.084135,,T,test-only,,table
zezin2014_10.1021_je400761c_t2,ZEZIN(2014),,rho,373.15,50.0,3.58129,4.23117,0.64988,0.0,0.0,0.0,1106.384135,,T,test-only,,table
zezin2014_10.1021_je400761c_t2,ZEZIN(2014),,rho,373.15,50.0,3.58159,3.69243,0.11084,0.0,0.0,0.0,1087.244135,,T,test-only,,table
zezin2014_10.1021_je400761c_t2,ZEZIN(2014),,rho,373.15,50.0,3.5817,3.5817,0.0,0.0,0.0,0.0,1083.104135,,T,test-only,,table
zezin2014_10.1021_je400761c_t2,ZEZIN(2014),,rho,373.15,50.0,3.58228,3.9131,0.33082,0.0,0.0,0.0,1095.264135,,T,test-only,,table
zezin2014_10.1021_je400761c_t2,ZEZIN(2014),,rho,373.15,50.0,3.5847,5.82886,2.24416,0.0,0.0,0.0,1155.054135,,T,test-only,,table
zezin2014_10.1021_je400761c_t2,ZEZIN(2014),,rho,373.15,100.0,0.09977,0.09977,0.0,0.0,0.0,0.0,966.8337501,,T,test-only,,table
zezin2014_10.1021_je400761c_t2,ZEZIN(2014),,rho,373.15,100.0,0.10039,3.681,3.58061,0.0,0.0,0.0,1103.75375,,T,test-only,,table
zezin2014_10.1021_je400761c_t2,ZEZIN(2014),,rho,373.16,100.0,0.10678,2.34563,2.23885,0.0,0.0,0.0,1058.536681,,T,test-only,,table
zezin2014_10.1021_je400761c_t2,ZEZIN(2014),,rho,373.15,100.0,0.10696,0.75753,0.65057,0.0,0.0,0.0,995.7037501,,T,test-only,,table
zezin2014_10.1021_je400761c_t2,ZEZIN(2014),,rho,373.15,100.0,0.10713,0.2197,0.11257,0.0,0.0,0.0,972.5437501,,T,test-only,,table
zezin2014_10.1021_je400761c_t2,ZEZIN(2014),,rho,373.15,100.0,0.10729,1.15239,1.0451,0.0,0.0,0.0,1012.25375,,T,test-only,,table
zezin2014_10.1021_je400761c_t2,ZEZIN(2014),,rho,373.15,100.0,0.10731,0.7578,0.65049,0.0,0.0,0.0,995.7637501,,T,test-only,,table
zezin2014_10.1021_je400761c_t2,ZEZIN(2014),,rho,298.2,400.0,1.0009,2.04069,1.03979,0.0,0.0,0.0,1094.297945,,T,test-only,,table
zezin2014_10.1021_je400761c_t2,ZEZIN(2014),,rho,298.15,400.0,1.00092,1.00092,0.0,0.0,0.0,0.0,1052.433122,,T,test-only,,table
zezin2014_10.1021_je400761c_t2,ZEZIN(2014),,rho,298.13,400.0,1.00099,3.23955,2.23856,0.0,0.0,0.0,1137.359187,,T,test-only,,table
zezin2014_10.1021_je400761c_t2,ZEZIN(2014),,rho,298.19,400.0,1.15326,4.73066,3.5774,0.0,0.0,0.0,1185.770982,,T,test-only,,table
zezin2014_10.1021_je400761c_t2,ZEZIN(2014),,rho,298.15,400.0,2.99981,2.99981,0.0,0.0,0.0,0.0,1120.253122,,T,test-only,,table
zezin2014_10.1021_je400761c_t2,ZEZIN(2014),,rho,298.13,400.0,3.53342,4.55362,1.0202,0.0,0.0,0.0,1171.929187,,T,test-only,,table
zezin2014_10.1021_je400761c_t2,ZEZIN(2014),,rho,298.15,400.0,3.58016,3.68587,0.10571,0.0,0.0,0.0,1142.353122,,T,test-only,,table
zezin2014_10.1021_je400761c_t2,ZEZIN(2014),,rho,298.16,400.0,3.58072,5.81732,2.2366,0.0,0.0,0.0,1210.160088,,T,test-only,,table
zezin2014_10.1021_je400761c_t2,ZEZIN(2014),,rho,298.15,400.0,3.58228,3.9131,0.33082,0.0,0.0,0.0,1150.083122,,T,test-only,,table
zezin2014_10.1021_je400761c_t2,ZEZIN(2014),,rho,298.23,400.0,3.58557,4.22955,0.64398,0.0,0.0,0.0,1160.84883,,T,test-only,,table
zezin2014_10.1021_je400761c_t2,ZEZIN(2014),,rho,373.15,200.0,0.09977,0.09977,0.0,0.0,0.0,0.0,971.3283841,,T,test-only,,table
zezin2014_10.1021_je400761c_t2,ZEZIN(2014),,rho,373.15,200.0,0.10039,3.681,3.58061,0.0,0.0,0.0,1107.688384,,T,test-only,,table
zezin2014_10.1021_je400761c_t2,ZEZIN(2014),,rho,373.15,200.0,0.10678,2.34563,2.23885,0.0,0.0,0.0,1062.598384,,T,test-only,,table
zezin2014_10.1021_je400761c_t2,ZEZIN(2014),,rho,373.15,200.0,0.10696,0.75753,0.65057,0.0,0.0,0.0,1000.048384,,T,test-only,,table
zezin2014_10.1021_je400761c_t2,ZEZIN(2014),,rho,373.15,200.0,0.10713,0.2197,0.11257,0.0,0.0,0.0,977.0283841,,T,test-only,,table
zezin2014_10.1021_je400761c_t2,ZEZIN(2014),,rho,373.15,200.0,0.10729,1.15239,1.0451,0.0,0.0,0.0,1016.518384,,T,test-only,,table
zezin2014_10.1021_je400761c_t2,ZEZIN(2014),,rho,373.14,200.0,0.10731,0.7578,0.65049,0.0,0.0,0.0,1000.125339,,T,test-only,,table
zezin2014_10.1021_je400761c_t2,ZEZIN(2014),,rho,373.16,200.0,0.49956,0.49956,0.0,0.0,0.0,0.0,986.491429,,T,test-only,,table
zezin2014_10.1021_je400761c_t2,ZEZIN(2014),,rho,373.14,200.0,0.99975,1.3311,0.33135,0.0,0.0,0.0,1018.595339,,T,test-only,,table
zezin2014_10.1021_je400761c_t2,ZEZIN(2014),,rho,373.15,200.0,1.00017,2.03092,1.03075,0.0,0.0,0.0,1046.288384,,T,test-only,,table
zezin2014_10.1021_je400761c_t2,ZEZIN(2014),,rho,373.15,200.0,1.00034,1.1112,0.11086,0.0,0.0,0.0,1009.588384,,T,test-only,,table
zezin2014_10.1021_je400761c_t2,ZEZIN(2014),,rho,373.15,200.0,1.00035,1.11135,0.111,0.0,0.0,0.0,1009.578384,,T,test-only,,table
zezin2014_10.1021_je400761c_t2,ZEZIN(2014),,rho,373.15,200.0,1.0007,4.58404,3.58334,0.0,0.0,0.0,1133.248384,,T,test-only,,table
zezin2014_10.1021_je400761c_t2,ZEZIN(2014),,rho,373.15,200.0,1.00092,1.00092,0.0,0.0,0.0,0.0,1004.668384,,T,test-only,,table
zezin2014_10.1021_je400761c_t2,ZEZIN(2014),,rho,373.14,200.0,1.01161,3.2525,2.24089,0.0,0.0,0.0,1090.745339,,T,test-only,,table
zezin2014_10.1021_je400761c_t2,ZEZIN(2014),,rho,373.15,200.0,2.99981,2.99981,0.0,0.0,0.0,0.0,1071.218384,,T,test-only,,table
zezin2014_10.1021_je400761c_t2,ZEZIN(2014),,rho,373.15,200.0,3.53342,4.55362,1.0202,0.0,0.0,0.0,1122.668384,,T,test-only,,table
zezin2014_10.1021_je400761c_t2,ZEZIN(2014),,rho,373.15,200.0,3.58129,4.23117,0.64988,0.0,0.0,0.0,1111.978384,,T,test-only,,table
zezin2014_10.1021_je400761c_t2,ZEZIN(2014),,rho,373.15,200.0,3.58159,3.69243,0.11084,0.0,0.0,0.0,1092.998384,,T,test-only,,table
zezin2014_10.1021_je400761c_t2,ZEZIN(2014),,rho,373.14,200.0,3.5817,3.5817,0.0,0.0,0.0,0.0,1088.815339,,T,test-only,,table
zezin2014_10.1021_je400761c_t2,ZEZIN(2014),,rho,373.16,200.0,3.58228,3.9131,0.33082,0.0,0.0,0.0,1101.021429,,T,test-only,,table
zezin2014_10.1021_je400761c_t2,ZEZIN(2014),,rho,373.15,200.0,3.5847,5.82886,2.24416,0.0,0.0,0.0,1160.468384,,T,test-only,,table
zezin2014_10.1021_je400761c_t2,ZEZIN(2014),,rho,373.15,300.0,0.10039,3.681,3.58061,0.0,0.0,0.0,1111.454131,,T,test-only,,table
zezin2014_10.1021_je400761c_t2,ZEZIN(2014),,rho,373.14,300.0,0.10678,2.34563,2.23885,0.0,0.0,0.0,1066.550981,,T,test-only,,table
zezin2014_10.1021_je400761c_t2,ZEZIN(2014),,rho,373.14,300.0,0.10696,0.75753,0.65057,0.0,0.0,0.0,1004.240981,,T,test-only,,table
zezin2014_10.1021_je400761c_t2,ZEZIN(2014),,rho,373.15,300.0,0.10713,0.2197,0.11257,0.0,0.0,0.0,981.3541307,,T,test-only,,table
zezin2014_10.1021_je400761c_t2,ZEZIN(2014),,rho,373.15,300.0,0.10729,1.15239,1.0451,0.0,0.0,0.0,1020.654131,,T,test-only,,table
zezin2014_10.1021_je400761c_t2,ZEZIN(2014),,rho,373.15,300.0,0.10731,0.7578,0.65049,0.0,0.0,0.0,1004.344131,,T,test-only,,table
zezin2014_10.1021_je400761c_t2,ZEZIN(2014),,rho,373.14,300.0,0.99975,1.3311,0.33135,0.0,0.0,0.0,1022.650981,,T,test-only,,table
zezin2014_10.1021_je400761c_t2,ZEZIN(2014),,rho,373.15,300.0,1.00017,2.03092,1.03075,0.0,0.0,0.0,1050.294131,,T,test-only,,table
zezin2014_10.1021_je400761c_t2,ZEZIN(2014),,rho,373.15,300.0,1.00034,1.1112,0.11086,0.0,0.0,0.0,1013.684131,,T,test-only,,table
zezin2014_10.1021_je400761c_t2,ZEZIN(2014),,rho,373.14,300.0,1.00035,1.11135,0.111,0.0,0.0,0.0,1013.700981,,T,test-only,,table
zezin2014_10.1021_je400761c_t2,ZEZIN(2014),,rho,373.15,300.0,1.0007,4.58404,3.58334,0.0,0.0,0.0,1136.934131,,T,test-only,,table
zezin2014_10.1021_je400761c_t2,ZEZIN(2014),,rho,373.15,300.0,1.01161,3.2525,2.24089,0.0,0.0,0.0,1094.564131,,T,test-only,,table
zezin2014_10.1021_je400761c_t2,ZEZIN(2014),,rho,373.15,300.0,3.53342,4.55362,1.0202,0.0,0.0,0.0,1126.314131,,T,test-only,,table
zezin2014_10.1021_je400761c_t2,ZEZIN(2014),,rho,373.15,300.0,3.58129,4.23117,0.64988,0.0,0.0,0.0,1115.644131,,T,test-only,,table
zezin2014_10.1021_je400761c_t2,ZEZIN(2014),,rho,373.15,300.0,3.58159,3.69243,0.11084,0.0,0.0,0.0,1096.694131,,T,test-only,,table
zezin2014_10.1021_je400761c_t2,ZEZIN(2014),,rho,373.15,300.0,3.5817,3.5817,0.0,0.0,0.0,0.0,1092.604131,,T,test-only,,table
zezin2014_10.1021_je400761c_t2,ZEZIN(2014),,rho,373.15,300.0,3.58228,3.9131,0.33082,0.0,0.0,0.0,1104.634131,,T,test-only,,table
zezin2014_10.1021_je400761c_t2,ZEZIN(2014),,rho,373.15,300.0,3.5847,5.82886,2.24416,0.0,0.0,0.0,1163.994131,,T,test-only,,table
zezin2014_10.1021_je400761c_t2,ZEZIN(2014),,rho,373.15,400.0,0.09977,0.09977,0.0,0.0,0.0,0.0,979.9388241,,T,test-only,,table
zezin2014_10.1021_je400761c_t2,ZEZIN(2014),,rho,373.15,400.0,0.10039,3.681,3.58061,0.0,0.0,0.0,1115.198824,,T,test-only,,table
zezin2014_10.1021_je400761c_t2,ZEZIN(2014),,rho,373.15,400.0,0.10678,2.34563,2.23885,0.0,0.0,0.0,1070.428824,,T,test-only,,table
zezin2014_10.1021_je400761c_t2,ZEZIN(2014),,rho,373.15,400.0,0.10696,0.75753,0.65057,0.0,0.0,0.0,1008.408824,,T,test-only,,table
zezin2014_10.1021_je400761c_t2,ZEZIN(2014),,rho,373.15,400.0,0.10713,0.2197,0.11257,0.0,0.0,0.0,985.5588241,,T,test-only,,table
zezin2014_10.1021_je400761c_t2,ZEZIN(2014),,rho,373.15,400.0,0.10729,1.15239,1.0451,0.0,0.0,0.0,1024.728824,,T,test-only,,table
zezin2014_10.1021_je400761c_t2,ZEZIN(2014),,rho,373.15,400.0,0.10731,0.7578,0.65049,0.0,0.0,0.0,1008.468824,,T,test-only,,table
zezin2014_10.1021_je400761c_t2,ZEZIN(2014),,rho,373.15,400.0,0.49956,0.49956,0.0,0.0,0.0,0.0,994.8888241,,T,test-only,,table
zezin2014_10.1021_je400761c_t2,ZEZIN(2014),,rho,373.15,100.0,0.49956,0.49956,0.0,0.0,0.0,0.0,982.1337501,,T,test-only,,table
zezin2014_10.1021_je400761c_t2,ZEZIN(2014),,rho,373.15,100.0,0.99975,1.3311,0.33135,0.0,0.0,0.0,1014.38375,,T,test-only,,table
zezin2014_10.1021_je400761c_t2,ZEZIN(2014),,rho,373.15,100.0,1.00017,2.03092,1.03075,0.0,0.0,0.0,1042.20375,,T,test-only,,table
zezin2014_10.1021_je400761c_t2,ZEZIN(2014),,rho,373.15,100.0,1.00034,1.1112,0.11086,0.0,0.0,0.0,1005.36375,,T,test-only,,table
zezin2014_10.1021_je400761c_t2,ZEZIN(2014),,rho,373.15,100.0,1.00035,1.11135,0.111,0.0,0.0,0.0,1005.33375,,T,test-only,,table
zezin2014_10.1021_je400761c_t2,ZEZIN(2014),,rho,373.15,100.0,1.0007,4.58404,3.58334,0.0,0.0,0.0,1129.46375,,T,test-only,,table
zezin2014_10.1021_je400761c_t2,ZEZIN(2014),,rho,373.15,100.0,1.00092,1.00092,0.0,0.0,0.0,0.0,1000.43375,,T,test-only,,table
zezin2014_10.1021_je400761c_t2,ZEZIN(2014),,rho,373.15,100.0,1.01161,3.2525,2.24089,0.0,0.0,0.0,1086.87375,,T,test-only,,table
zezin2014_10.1021_je400761c_t2,ZEZIN(2014),,rho,373.15,100.0,2.99981,2.99981,0.0,0.0,0.0,0.0,1067.40375,,T,test-only,,table
zezin2014_10.1021_je400761c_t2,ZEZIN(2014),,rho,373.15,100.0,3.53342,4.55362,1.0202,0.0,0.0,0.0,1118.93375,,T,test-only,,table
zezin2014_10.1021_je400761c_t2,ZEZIN(2014),,rho,373.15,100.0,3.58129,4.23117,0.64988,0.0,0.0,0.0,1108.30375,,T,test-only,,table
zezin2014_10.1021_je400761c_t2,ZEZIN(2014),,rho,373.15,100.0,3.58159,3.69243,0.11084,0.0,0.0,0.0,1089.23375,,T,test-only,,table
zezin2014_10.1021_je400761c_t2,ZEZIN(2014),,rho,373.15,100.0,3.5817,3.5817,0.0,0.0,0.0,0.0,1085.03375,,T,test-only,,table
zezin2014_10.1021_je400761c_t2,ZEZIN(2014),,rho,373.15,100.0,3.58228,3.9131,0.33082,0.0,0.0,0.0,1097.16375,,T,test-only,,table
zezin2014_10.1021_je400761c_t2,ZEZIN(2014),,rho,373.16,100.0,3.5847,5.82886,2.24416,0.0,0.0,0.0,1156.886681,,T,test-only,,table
zezin2014_10.1021_je400761c_t2,ZEZIN(2014),,rho,423.15,20.0,0.10678,2.34563,2.23885,0.0,0.0,0.0,1017.371949,,T,test-only,,table
zezin2014_10.1021_je400761c_t2,ZEZIN(2014),,rho,423.15,20.0,0.10807,3.69196,3.58389,0.0,0.0,0.0,1065.991949,,T,test-only,,table
zezin2014_10.1021_je400761c_t2,ZEZIN(2014),,rho,423.15,20.0,0.99991,1.65003,0.65012,0.0,0.0,0.0,985.2319486,,T,test-only,,table
zezin2014_10.1021_je400761c_t2,ZEZIN(2014),,rho,423.15,20.0,1.0007,4.58404,3.58334,0.0,0.0,0.0,1090.661949,,T,test-only,,table
zezin2014_10.1021_je400761c_t2,ZEZIN(2014),,rho,423.15,20.0,1.0915,1.74273,0.65123,0.0,0.0,0.0,988.3019486,,T,test-only,,table
zezin2014_10.1021_je400761c_t2,ZEZIN(2014),,rho,423.15,20.0,3.53342,4.55362,1.0202,0.0,0.0,0.0,1080.151949,,T,test-only,,table
zezin2014_10.1021_je400761c_t2,ZEZIN(2014),,rho,423.14,20.0,3.58159,3.69243,0.11084,0.0,0.0,0.0,1049.71132,,T,test-only,,table
zezin2014_10.1021_je400761c_t2,ZEZIN(2014),,rho,423.15,20.0,3.5817,3.5817,0.0,0.0,0.0,0.0,1045.351949,,T,test-only,,table
zezin2014_10.1021_je400761c_t2,ZEZIN(2014),,rho,423.13,20.0,3.58268,3.69342,0.11074,0.0,0.0,0.0,1049.830692,,T,test-only,,table
zezin2014_10.1021_je400761c_t2,ZEZIN(2014),,rho,423.15,50.0,0.09977,0.09977,0.0,0.0,0.0,0.0,923.7374671,,T,test-only,,table
zezin2014_10.1021_je400761c_t2,ZEZIN(2014),,rho,423.15,50.0,0.10678,2.34563,2.23885,0.0,0.0,0.0,1018.837467,,T,test-only,,table
zezin2014_10.1021_je400761c_t2,ZEZIN(2014),,rho,423.15,50.0,0.10713,0.2197,0.11257,0.0,0.0,0.0,929.7174671,,T,test-only,,table
zezin2014_10.1021_je400761c_t2,ZEZIN(2014),,rho,423.13,50.0,0.10729,1.15239,1.0451,0.0,0.0,0.0,971.016049,,T,test-only,,table
zezin2014_10.1021_je400761c_t2,ZEZIN(2014),,rho,423.15,50.0,0.10731,0.7578,0.65049,0.0,0.0,0.0,954.0374671,,T,test-only,,table
zezin2014_10.1021_je400761c_t2,ZEZIN(2014),,rho,423.15,50.0,0.10807,3.69196,3.58389,0.0,0.0,0.0,1067.357467,,T,test-only,,table
zezin2014_10.1021_je400761c_t2,ZEZIN(2014),,rho,423.16,50.0,0.50071,0.50071,0.0,0.0,0.0,0.0,939.8981755,,T,test-only,,table
zezin2014_10.1021_je400761c_t2,ZEZIN(2014),,rho,423.13,50.0,0.83,0.91421,0.08421,0.0,0.0,0.0,956.666049,,T,test-only,,table
zezin2014_10.1021_je400761c_t2,ZEZIN(2014),,rho,423.16,50.0,0.99991,1.65003,0.65012,0.0,0.0,0.0,986.7981755,,T,test-only,,table
zezin2014_10.1021_je400761c_t2,ZEZIN(2014),,rho,423.13,50.0,1.00017,2.03092,1.03075,0.0,0.0,0.0,1001.986049,,T,test-only,,table
zezin2014_10.1021_je400761c_t2,ZEZIN(2014),,rho,423.15,50.0,1.00034,1.1112,0.11086,0.0,0.0,0.0,964.0874671,,T,test-only,,table
zezin2014_10.1021_je400761c_t2,ZEZIN(2014),,rho,423.15,50.0,1.0007,4.58404,3.58334,0.0,0.0,0.0,1092.067467,,T,test-only,,table
zezin2014_10.1021_je400761c_t2,ZEZIN(2014),,rho,423.15,50.0,1.0009,2.04069,1.03979,0.0,0.0,0.0,1002.367467,,T,test-only,,table
zezin2014_10.1021_je400761c_t2,ZEZIN(2014),,rho,423.16,50.0,1.00495,1.00495,0.0,0.0,0.0,0.0,959.3181755,,T,test-only,,table
zezin2014_10.1021_je400761c_t2,ZEZIN(2014),,rho,423.13,50.0,1.01161,3.2525,2.24089,0.0,0.0,0.0,1047.746049,,T,test-only,,table
zezin2014_10.1021_je400761c_t2,ZEZIN(2014),,rho,423.16,50.0,1.0915,1.74273,0.65123,0.0,0.0,0.0,989.8381755,,T,test-only,,table
zezin2014_10.1021_je400761c_t2,ZEZIN(2014),,rho,423.15,50.0,2.99853,2.99853,0.0,0.0,0.0,0.0,1028.417467,,T,test-only,,table
zezin2014_10.1021_je400761c_t2,ZEZIN(2014),,rho,423.16,50.0,3.53342,4.55362,1.0202,0.0,0.0,0.0,1081.418176,,T,test-only,,table
zezin2014_10.1021_je400761c_t2,ZEZIN(2014),,rho,423.13,50.0,3.58129,4.23117,0.64988,0.0,0.0,0.0,1069.736049,,T,test-only,,table
zezin2014_10.1021_je400761c_t2,ZEZIN(2014),,rho,423.15,50.0,3.58159,3.69243,0.11084,0.0,0.0,0.0,1051.177467,,T,test-only,,table
zezin2014_10.1021_je400761c_t2,ZEZIN(2014),,rho,423.15,50.0,3.5817,3.5817,0.0,0.0,0.0,0.0,1046.687467,,T,test-only,,table
zezin2014_10.1021_je400761c_t2,ZEZIN(2014),,rho,423.14,50.0,3.58268,3.69342,0.11074,0.0,0.0,0.0,1051.186758,,T,test-only,,table
zezin2014_10.1021_je400761c_t2,ZEZIN(2014),,rho,423.14,50.0,3.5847,5.82886,2.24416,0.0,0.0,0.0,1119.296758,,T,test-only,,table
zezin2014_10.1021_je400761c_t2,ZEZIN(2014),,rho,423.15,100.0,0.09977,0.09977,0.0,0.0,0.0,0.0,926.5014984,,T,test-only,,table
zezin2014_10.1021_je400761c_t2,ZEZIN(2014),,rho,423.15,100.0,0.10678,2.34563,2.23885,0.0,0.0,0.0,1021.241498,,T,test-only,,table
zezin2014_10.1021_je400761c_t2,ZEZIN(2014),,rho,423.14,100.0,0.10713,0.2197,0.11257,0.0,0.0,0.0,932.3806609,,T,test-only,,table
zezin2014_10.1021_je400761c_t2,ZEZIN(2014),,rho,423.14,100.0,0.10729,1.15239,1.0451,0.0,0.0,0.0,973.5706609,,T,test-only,,table
zezin2014_10.1021_je400761c_t2,ZEZIN(2014),,rho,423.14,100.0,0.10731,0.7578,0.65049,0.0,0.0,0.0,956.6106609,,T,test-only,,table
zezin2014_10.1021_je400761c_t2,ZEZIN(2014),,rho,423.15,100.0,0.10807,3.69196,3.58389,0.0,0.0,0.0,1069.541498,,T,test-only,,table
zezin2014_10.1021_je400761c_t2,ZEZIN(2014),,rho,423.15,100.0,0.49988,0.49988,0.0,0.0,0.0,0.0,942.5314984,,T,test-only,,table
zezin2014_10.1021_je400761c_t2,ZEZIN(2014),,rho,423.14,100.0,0.83,0.91421,0.08421,0.0,0.0,0.0,959.2506609,,T,test-only,,table
zezin2014_10.1021_je400761c_t2,ZEZIN(2014),,rho,423.15,100.0,0.99991,1.65003,0.65012,0.0,0.0,0.0,989.2314984,,T,test-only,,table
zezin2014_10.1021_je400761c_t2,ZEZIN(2014),,rho,423.12,100.0,1.00017,2.03092,1.03075,0.0,0.0,0.0,1004.348985,,T,test-only,,table
zezin2014_10.1021_je400761c_t2,ZEZIN(2014),,rho,423.15,100.0,1.00034,1.1112,0.11086,0.0,0.0,0.0,966.6814984,,T,test-only,,table
zezin2014_10.1021_je400761c_t2,ZEZIN(2014),,rho,423.16,100.0,1.0007,4.58404,3.58334,0.0,0.0,0.0,1094.252335,,T,test-only,,table
zezin2014_10.1021_je400761c_t2,ZEZIN(2014),,rho,373.15,400.0,0.99975,1.3311,0.33135,0.0,0.0,0.0,1026.718824,,T,test-only,,table
zezin2014_10.1021_je400761c_t2,ZEZIN(2014),,rho,373.15,400.0,1.00017,2.03092,1.03075,0.0,0.0,0.0,1054.138824,,T,test-only,,table
zezin2014_10.1021_je400761c_t2,ZEZIN(2014),,rho,373.15,400.0,1.00034,1.1112,0.11086,0.0,0.0,0.0,1017.708824,,T,test-only,,table
zezin2014_10.1021_je400761c_t2,ZEZIN(2014),,rho,373.15,400.0,1.00035,1.11135,0.111,0.0,0.0,0.0,1017.708824,,T,test-only,,table
zezin2014_10.1021_je400761c_t2,ZEZIN(2014),,rho,373.15,400.0,1.0007,4.58404,3.58334,0.0,0.0,0.0,1140.578824,,T,test-only,,table
zezin2014_10.1021_je400761c_t2,ZEZIN(2014),,rho,373.15,400.0,1.00092,1.00092,0.0,0.0,0.0,0.0,1012.878824,,T,test-only,,table
zezin2014_10.1021_je400761c_t2,ZEZIN(2014),,rho,373.15,400.0,1.01161,3.2525,2.24089,0.0,0.0,0.0,1098.338824,,T,test-only,,table
zezin2014_10.1021_je400761c_t2,ZEZIN(2014),,rho,373.15,400.0,2.99981,2.99981,0.0,0.0,0.0,0.0,1078.808824,,T,test-only,,table
zezin2014_10.1021_je400761c_t2,ZEZIN(2014),,rho,373.15,400.0,3.53342,4.55362,1.0202,0.0,0.0,0.0,1129.848824,,T,test-only,,table
zezin2014_10.1021_je400761c_t2,ZEZIN(2014),,rho,373.15,400.0,3.58129,4.23117,0.64988,0.0,0.0,0.0,1119.238824,,T,test-only,,table
zezin2014_10.1021_je400761c_t2,ZEZIN(2014),,rho,373.15,400.0,3.58159,3.69243,0.11084,0.0,0.0,0.0,1100.318824,,T,test-only,,table
zezin2014_10.1021_je400761c_t2,ZEZIN(2014),,rho,373.14,400.0,3.5817,3.5817,0.0,0.0,0.0,0.0,1096.185578,,T,test-only,,table
zezin2014_10.1021_je400761c_t2,ZEZIN(2014),,rho,373.15,400.0,3.58228,3.9131,0.33082,0.0,0.0,0.0,1108.258824,,T,test-only,,table
zezin2014_10.1021_je400761c_t2,ZEZIN(2014),,rho,373.15,400.0,3.5847,5.82886,2.24416,0.0,0.0,0.0,1167.468824,,T,test-only,,table
zezin2014_10.1021_je400761c_t2,ZEZIN(2014),,rho,423.15,200.0,0.10807,3.69196,3.58389,0.0,0.0,0.0,1073.940542,,T,test-only,,table
zezin2014_10.1021_je400761c_t2,ZEZIN(2014),,rho,423.15,200.0,0.50071,0.50071,0.0,0.0,0.0,0.0,947.7405422,,T,test-only,,table
zezin2014_10.1021_je400761c_t2,ZEZIN(2014),,rho,423.15,200.0,0.83,0.91421,0.08421,0.0,0.0,0.0,964.2805422,,T,test-only,,table
zezin2014_10.1021_je400761c_t2,ZEZIN(2014),,rho,423.15,200.0,0.99991,1.65003,0.65012,0.0,0.0,0.0,994.0405422,,T,test-only,,table
zezin2014_10.1021_je400761c_t2,ZEZIN(2014),,rho,423.15,200.0,1.00017,2.03092,1.03075,0.0,0.0,0.0,1009.100542,,T,test-only,,table
zezin2014_10.1021_je400761c_t2,ZEZIN(2014),,rho,423.15,200.0,1.00034,1.1112,0.11086,0.0,0.0,0.0,971.6105422,,T,test-only,,table
zezin2014_10.1021_je400761c_t2,ZEZIN(2014),,rho,423.16,200.0,1.0007,4.58404,3.58334,0.0,0.0,0.0,1098.511617,,T,test-only,,table
zezin2014_10.1021_je400761c_t2,ZEZIN(2014),,rho,423.17,200.0,1.0009,2.04069,1.03979,0.0,0.0,0.0,1009.522692,,T,test-only,,table
zezin2014_10.1021_je400761c_t2,ZEZIN(2014),,rho,423.15,200.0,1.00495,1.00495,0.0,0.0,0.0,0.0,966.8305422,,T,test-only,,table
zezin2014_10.1021_je400761c_t2,ZEZIN(2014),,rho,423.15,200.0,1.01161,3.2525,2.24089,0.0,0.0,0.0,1054.520542,,T,test-only,,table
zezin2014_10.1021_je400761c_t2,ZEZIN(2014),,rho,423.15,200.0,1.0915,1.74273,0.65123,0.0,0.0,0.0,997.0805422,,T,test-only,,table
zezin2014_10.1021_je400761c_t2,ZEZIN(2014),,rho,423.15,200.0,2.99853,2.99853,0.0,0.0,0.0,0.0,1035.180542,,T,test-only,,table
zezin2014_10.1021_je400761c_t2,ZEZIN(2014),,rho,423.15,200.0,3.53342,4.55362,1.0202,0.0,0.0,0.0,1087.690542,,T,test-only,,table
zezin2014_10.1021_je400761c_t2,ZEZIN(2014),,rho,423.14,200.0,3.58129,4.23117,0.64988,0.0,0.0,0.0,1076.189467,,T,test-only,,table
zezin2014_10.1021_je400761c_t2,ZEZIN(2014),,rho,423.16,200.0,3.58159,3.69243,0.11084,0.0,0.0,0.0,1057.711617,,T,test-only,,table
zezin2014_10.1021_je400761c_t2,ZEZIN(2014),,rho,423.15,200.0,3.5817,3.5817,0.0,0.0,0.0,0.0,1053.270542,,T,test-only,,table
zezin2014_10.1021_je400761c_t2,ZEZIN(2014),,rho,423.15,200.0,3.58268,3.69342,0.11074,0.0,0.0,0.0,1057.720542,,T,test-only,,table
zezin2014_10.1021_je400761c_t2,ZEZIN(2014),,rho,423.15,200.0,3.5847,5.82886,2.24416,0.0,0.0,0.0,1125.510542,,T,test-only,,table
zezin2014_10.1021_je400761c_t2,ZEZIN(2014),,rho,423.15,300.0,0.10678,2.34563,2.23885,0.0,0.0,0.0,1030.524587,,T,test-only,,table
zezin2014_10.1021_je400761c_t2,ZEZIN(2014),,rho,423.15,300.0,0.10713,0.2197,0.11257,0.0,0.0,0.0,942.7045874,,T,test-only,,table
zezin2014_10.1021_je400761c_t2,ZEZIN(2014),,rho,423.15,300.0,0.10729,1.15239,1.0451,0.0,0.0,0.0,983.3545874,,T,test-only,,table
zezin2014_10.1021_je400761c_t2,ZEZIN(2014),,rho,423.15,300.0,0.10731,0.7578,0.65049,0.0,0.0,0.0,966.6145874,,T,test-only,,table
zezin2014_10.1021_je400761c_t2,ZEZIN(2014),,rho,423.15,300.0,0.10807,3.69196,3.58389,0.0,0.0,0.0,1078.234587,,T,test-only,,table
zezin2014_10.1021_je400761c_t2,ZEZIN(2014),,rho,423.16,300.0,0.83,0.91421,0.08421,0.0,0.0,0.0,969.135878,,T,test-only,,table
zezin2014_10.1021_je400761c_t2,ZEZIN(2014),,rho,423.15,300.0,0.99991,1.65003,0.65012,0.0,0.0,0.0,998.7045874,,T,test-only,,table
zezin2014_10.1021_je400761c_t2,ZEZIN(2014),,rho,423.15,300.0,1.00017,2.03092,1.03075,0.0,0.0,0.0,1013.744587,,T,test-only,,table
zezin2014_10.1021_je400761c_t2,ZEZIN(2014),,rho,423.15,300.0,1.00034,1.1112,0.11086,0.0,0.0,0.0,976.4145874,,T,test-only,,table
zezin2014_10.1021_je400761c_t2,ZEZIN(2014),,rho,423.15,300.0,1.0007,4.58404,3.58334,0.0,0.0,0.0,1102.694587,,T,test-only,,table
zezin2014_10.1021_je400761c_t2,ZEZIN(2014),,rho,423.15,300.0,1.0009,2.04069,1.03979,0.0,0.0,0.0,1014.064587,,T,test-only,,table
zezin2014_10.1021_je400761c_t2,ZEZIN(2014),,rho,423.16,300.0,1.01161,3.2525,2.24089,0.0,0.0,0.0,1058.885878,,T,test-only,,table
zezin2014_10.1021_je400761c_t2,ZEZIN(2014),,rho,423.16,300.0,1.0915,1.74273,0.65123,0.0,0.0,0.0,1001.765878,,T,test-only,,table
zezin2014_10.1021_je400761c_t2,ZEZIN(2014),,rho,423.15,300.0,3.53342,4.55362,1.0202,0.0,0.0,0.0,1091.804587,,T,test-only,,table
zezin2014_10.1021_je400761c_t2,ZEZIN(2014),,rho,423.16,300.0,3.58129,4.23117,0.64988,0.0,0.0,0.0,1080.445878,,T,test-only,,table
zezin2014_10.1021_je400761c_t2,ZEZIN(2014),,rho,423.16,300.0,3.58159,3.69243,0.11084,0.0,0.0,0.0,1061.975878,,T,test-only,,table
zezin2014_10.1021_je400761c_t2,ZEZIN(2014),,rho,423.15,300.0,3.5817,3.5817,0.0,0.0,0.0,0.0,1057.484587,,T,test-only,,table
zezin2014_10.1021_je400761c_t2,ZEZIN(2014),,rho,423.15,300.0,3.58268,3.69342,0.11074,0.0,0.0,0.0,1061.984587,,T,test-only,,table
zezin2014_10.1021_je400761c_t2,ZEZIN(2014),,rho,423.15,300.0,3.5847,5.82886,2.24416,0.0,0.0,0.0,1129.454587,,T,test-only,,table
zezin2014_10.1021_je400761c_t2,ZEZIN(2014),,rho,423.15,400.0,0.09977,0.09977,0.0,0.0,0.0,0.0,941.9013647,,T,test-only,,table
zezin2014_10.1021_je400761c_t2,ZEZIN(2014),,rho,423.16,400.0,0.10678,2.34563,2.23885,0.0,0.0,0.0,1034.932852,,T,test-only,,table
zezin2014_10.1021_je400761c_t2,ZEZIN(2014),,rho,423.16,400.0,0.10713,0.2197,0.11257,0.0,0.0,0.0,947.6428515,,T,test-only,,table
zezin2014_10.1021_je400761c_t2,ZEZIN(2014),,rho,423.15,400.0,0.10729,1.15239,1.0451,0.0,0.0,0.0,988.0213647,,T,test-only,,table
zezin2014_10.1021_je400761c_t2,ZEZIN(2014),,rho,423.15,400.0,0.10731,0.7578,0.65049,0.0,0.0,0.0,971.3813647,,T,test-only,,table
zezin2014_10.1021_je400761c_t2,ZEZIN(2014),,rho,423.15,400.0,0.10807,3.69196,3.58389,0.0,0.0,0.0,1082.481365,,T,test-only,,table
zezin2014_10.1021_je400761c_t2,ZEZIN(2014),,rho,423.15,400.0,0.49988,0.49988,0.0,0.0,0.0,0.0,957.5013647,,T,test-only,,table
zezin2014_10.1021_je400761c_t2,ZEZIN(2014),,rho,423.15,100.0,1.0009,2.04069,1.03979,0.0,0.0,0.0,1004.771498,,T,test-only,,table
zezin2014_10.1021_je400761c_t2,ZEZIN(2014),,rho,423.15,100.0,1.00495,1.00495,0.0,0.0,0.0,0.0,961.8414984,,T,test-only,,table
zezin2014_10.1021_je400761c_t2,ZEZIN(2014),,rho,423.13,100.0,1.01161,3.2525,2.24089,0.0,0.0,0.0,1050.039823,,T,test-only,,table
zezin2014_10.1021_je400761c_t2,ZEZIN(2014),,rho,423.15,100.0,1.0915,1.74273,0.65123,0.0,0.0,0.0,992.2814984,,T,test-only,,table
zezin2014_10.1021_je400761c_t2,ZEZIN(2014),,rho,423.15,100.0,2.99853,2.99853,0.0,0.0,0.0,0.0,1030.751498,,T,test-only,,table
zezin2014_10.1021_je400761c_t2,ZEZIN(2014),,rho,423.15,100.0,3.53342,4.55362,1.0202,0.0,0.0,0.0,1083.521498,,T,test-only,,table
zezin2014_10.1021_je400761c_t2,ZEZIN(2014),,rho,423.12,100.0,3.58129,4.23117,0.64988,0.0,0.0,0.0,1071.878985,,T,test-only,,table
zezin2014_10.1021_je400761c_t2,ZEZIN(2014),,rho,423.16,100.0,3.58159,3.69243,0.11084,0.0,0.0,0.0,1053.442335,,T,test-only,,table
zezin2014_10.1021_je400761c_t2,ZEZIN(2014),,rho,423.15,100.0,3.5817,3.5817,0.0,0.0,0.0,0.0,1048.921498,,T,test-only,,table
zezin2014_10.1021_je400761c_t2,ZEZIN(2014),,rho,423.15,100.0,3.58268,3.69342,0.11074,0.0,0.0,0.0,1053.451498,,T,test-only,,table
zezin2014_10.1021_je400761c_t2,ZEZIN(2014),,rho,423.14,100.0,3.5847,5.82886,2.24416,0.0,0.0,0.0,1121.370661,,T,test-only,,table
zezin2014_10.1021_je400761c_t2,ZEZIN(2014),,rho,423.15,200.0,0.09977,0.09977,0.0,0.0,0.0,0.0,931.8305422,,T,test-only,,table
zezin2014_10.1021_je400761c_t2,ZEZIN(2014),,rho,423.14,200.0,0.10678,2.34563,2.23885,0.0,0.0,0.0,1025.869467,,T,test-only,,table
zezin2014_10.1021_je400761c_t2,ZEZIN(2014),,rho,423.15,200.0,0.10713,0.2197,0.11257,0.0,0.0,0.0,937.6205422,,T,test-only,,table
zezin2014_10.1021_je400761c_t2,ZEZIN(2014),,rho,423.16,200.0,0.10729,1.15239,1.0451,0.0,0.0,0.0,978.5616173,,T,test-only,,table
zezin2014_10.1021_je400761c_t2,ZEZIN(2014),,rho,423.16,200.0,0.10731,0.7578,0.65049,0.0,0.0,0.0,961.7816173,,T,test-only,,table
zezin2014_10.1021_je400761c_t2,ZEZIN(2014),,rho,473.14,19.7,0.01064,0.65809,0.64745,0.0,0.0,0.0,898.7065419,,T,test-only,,table
zezin2014_10.1021_je400761c_t2,ZEZIN(2014),,rho,473.15,19.7,0.01065,1.0562,1.04555,0.0,0.0,0.0,916.7446431,,T,test-only,,table
zezin2014_10.1021_je400761c_t2,ZEZIN(2014),,rho,473.16,19.7,0.01065,1.73425,1.7236,0.0,0.0,0.0,946.3427436,,T,test-only,,table
zezin2014_10.1021_je400761c_t2,ZEZIN(2014),,rho,473.15,19.7,0.01065,0.34326,0.33261,0.0,0.0,0.0,883.2146431,,T,test-only,,table
zezin2014_10.1021_je400761c_t2,ZEZIN(2014),,rho,473.18,19.7,0.01066,2.25036,2.2397,0.0,0.0,0.0,967.9089429,,T,test-only,,table
zezin2014_10.1021_je400761c_t2,ZEZIN(2014),,rho,473.14,19.7,0.01071,0.11126,0.10055,0.0,0.0,0.0,871.0665419,,T,test-only,,table
zezin2014_10.1021_je400761c_t2,ZEZIN(2014),,rho,473.13,19.7,0.01075,0.6593,0.64855,0.0,0.0,0.0,898.2284402,,T,test-only,,table
zezin2014_10.1021_je400761c_t2,ZEZIN(2014),,rho,473.14,19.7,0.01094,0.34077,0.32983,0.0,0.0,0.0,882.9365419,,T,test-only,,table
zezin2014_10.1021_je400761c_t2,ZEZIN(2014),,rho,473.17,19.7,0.01186,3.59621,3.58435,0.0,0.0,0.0,1014.780844,,T,test-only,,table
zezin2014_10.1021_je400761c_t2,ZEZIN(2014),,rho,473.17,19.7,0.01279,1.17503,1.16224,0.0,0.0,0.0,922.0708435,,T,test-only,,table
zezin2014_10.1021_je400761c_t2,ZEZIN(2014),,rho,473.17,19.7,0.10654,3.69204,3.5855,0.0,0.0,0.0,1020.860844,,T,test-only,,table
zezin2014_10.1021_je400761c_t2,ZEZIN(2014),,rho,473.26,19.7,0.10663,0.43739,0.33076,0.0,0.0,0.0,886.9237161,,T,test-only,,table
zezin2014_10.1021_je400761c_t2,ZEZIN(2014),,rho,473.2,19.7,0.1067,1.83029,1.72359,0.0,0.0,0.0,950.2651397,,T,test-only,,table
zezin2014_10.1021_je400761c_t2,ZEZIN(2014),,rho,473.15,19.7,0.10674,0.75833,0.65159,0.0,0.0,0.0,902.5246431,,T,test-only,,table
zezin2014_10.1021_je400761c_t2,ZEZIN(2014),,rho,473.17,19.7,0.10678,1.15256,1.04578,0.0,0.0,0.0,920.7008435,,T,test-only,,table
zezin2014_10.1021_je400761c_t2,ZEZIN(2014),,rho,473.22,19.7,0.10685,2.34769,2.24084,0.0,0.0,0.0,971.6813343,,T,test-only,,table
zezin2014_10.1021_je400761c_t2,ZEZIN(2014),,rho,473.14,19.7,0.10756,0.21811,0.11055,0.0,0.0,0.0,876.0265419,,T,test-only,,table
zezin2014_10.1021_je400761c_t2,ZEZIN(2014),,rho,473.15,19.7,0.11411,0.22595,0.11184,0.0,0.0,0.0,876.5446431,,T,test-only,,table
zezin2014_10.1021_je400761c_t2,ZEZIN(2014),,rho,473.16,19.7,0.11452,3.69017,3.57565,0.0,0.0,0.0,1019.142744,,T,test-only,,table
zezin2014_10.1021_je400761c_t2,ZEZIN(2014),,rho,473.15,19.7,0.7839,1.5521,0.7682,0.0,0.0,0.0,934.8446431,,T,test-only,,table
zezin2014_10.1021_je400761c_t2,ZEZIN(2014),,rho,473.1,19.7,0.97791,1.28434,0.30643,0.0,0.0,0.0,921.1041315,,T,test-only,,table
zezin2014_10.1021_je400761c_t2,ZEZIN(2014),,rho,473.15,19.7,0.99975,1.3311,0.33135,0.0,0.0,0.0,924.2446431,,T,test-only,,table
zezin2014_10.1021_je400761c_t2,ZEZIN(2014),,rho,473.15,19.7,0.99991,1.65003,0.65012,0.0,0.0,0.0,938.4446431,,T,test-only,,table
zezin2014_10.1021_je400761c_t2,ZEZIN(2014),,rho,473.15,19.7,1.00035,1.11135,0.111,0.0,0.0,0.0,914.1446431,,T,test-only,,table
zezin2014_10.1021_je400761c_t2,ZEZIN(2014),,rho,473.22,19.7,1.01002,2.05507,1.04505,0.0,0.0,0.0,953.7713343,,T,test-only,,table
zezin2014_10.1021_je400761c_t2,ZEZIN(2014),,rho,473.24,19.7,1.01027,3.25103,2.24076,0.0,0.0,0.0,995.3075264,,T,test-only,,table
zezin2014_10.1021_je400761c_t2,ZEZIN(2014),,rho,473.14,19.7,1.01033,1.66087,0.65054,0.0,0.0,0.0,938.2665419,,T,test-only,,table
zezin2014_10.1021_je400761c_t2,ZEZIN(2014),,rho,473.2,19.7,1.0106,1.04231,0.03171,0.0,0.0,0.0,909.9851397,,T,test-only,,table
zezin2014_10.1021_je400761c_t2,ZEZIN(2014),,rho,473.17,19.7,1.0915,1.74273,0.65123,0.0,0.0,0.0,941.9008435,,T,test-only,,table
zezin2014_10.1021_je400761c_t2,ZEZIN(2014),,rho,473.16,19.7,1.15332,4.73078,3.57746,0.0,0.0,0.0,1052.592744,,T,test-only,,table
zezin2014_10.1021_je400761c_t2,ZEZIN(2014),,rho,473.16,19.7,2.2849,4.5242,2.2393,0.0,0.0,0.0,1041.212744,,T,test-only,,table
zezin2014_10.1021_je400761c_t2,ZEZIN(2014),,rho,473.14,19.7,3.58159,3.69243,0.11084,0.0,0.0,0.0,1007.026542,,T,test-only,,table
zezin2014_10.1021_je400761c_t2,ZEZIN(2014),,rho,473.15,19.7,3.58228,3.9131,0.33082,0.0,0.0,0.0,1015.554643,,T,test-only,,table
zezin2014_10.1021_je400761c_t2,ZEZIN(2014),,rho,473.15,19.7,3.58268,3.69342,0.11074,0.0,0.0,0.0,1007.234643,,T,test-only,,table
zezin2014_10.1021_je400761c_t2,ZEZIN(2014),,rho,473.16,19.7,3.58481,4.70808,1.12327,0.0,0.0,0.0,1040.522744,,T,test-only,,table
zezin2014_10.1021_je400761c_t2,ZEZIN(2014),,rho,473.16,19.7,3.58647,4.63185,1.04538,0.0,0.0,0.0,1038.022744,,T,test-only,,table
zezin2014_10.1021_je400761c_t2,ZEZIN(2014),,rho,473.26,19.7,3.58656,5.83046,2.2439,0.0,0.0,0.0,1069.293716,,T,test-only,,table
zezin2014_10.1021_je400761c_t2,ZEZIN(2014),,rho,473.15,20.0,0.10518,0.10518,0.0,0.0,0.0,0.0,870.1374879,,T,test-only,,table
zezin2014_10.1021_je400761c_t2,ZEZIN(2014),,rho,473.15,20.0,1.00495,1.00495,0.0,0.0,0.0,0.0,909.0274879,,T,test-only,,table
zezin2014_10.1021_je400761c_t2,ZEZIN(2014),,rho,473.15,20.0,3.5817,3.5817,0.0,0.0,0.0,0.0,1002.597488,,T,test-only,,table
zezin2014_10.1021_je400761c_t2,ZEZIN(2014),,rho,473.15,50.0,0.01064,0.65809,0.64745,0.0,0.0,0.0,900.7195476,,T,test-only,,table
zezin2014_10.1021_je400761c_t2,ZEZIN(2014),,rho,473.16,50.0,0.01071,0.11126,0.10055,0.0,0.0,0.0,873.2778108,,T,test-only,,table
zezin2014_10.1021_je400761c_t2,ZEZIN(2014),,rho,473.16,50.0,0.01094,0.34077,0.32983,0.0,0.0,0.0,885.1078108,,T,test-only,,table
zezin2014_10.1021_je400761c_t2,ZEZIN(2014),,rho,423.16,400.0,0.83,0.91421,0.08421,0.0,0.0,0.0,973.8628515,,T,test-only,,table
zezin2014_10.1021_je400761c_t2,ZEZIN(2014),,rho,423.15,400.0,0.99991,1.65003,0.65012,0.0,0.0,0.0,1003.241365,,T,test-only,,table
zezin2014_10.1021_je400761c_t2,ZEZIN(2014),,rho,423.15,400.0,1.00017,2.03092,1.03075,0.0,0.0,0.0,1018.191365,,T,test-only,,table
zezin2014_10.1021_je400761c_t2,ZEZIN(2014),,rho,423.15,400.0,1.00034,1.1112,0.11086,0.0,0.0,0.0,981.1113647,,T,test-only,,table
zezin2014_10.1021_je400761c_t2,ZEZIN(2014),,rho,423.15,400.0,1.0009,2.04069,1.03979,0.0,0.0,0.0,1018.531365,,T,test-only,,table
zezin2014_10.1021_je400761c_t2,ZEZIN(2014),,rho,423.15,400.0,1.00495,1.00495,0.0,0.0,0.0,0.0,976.3613647,,T,test-only,,table
zezin2014_10.1021_je400761c_t2,ZEZIN(2014),,rho,423.16,400.0,1.01161,3.2525,2.24089,0.0,0.0,0.0,1063.172852,,T,test-only,,table
zezin2014_10.1021_je400761c_t2,ZEZIN(2014),,rho,423.16,400.0,1.0915,1.74273,0.65123,0.0,0.0,0.0,1006.282852,,T,test-only,,table
zezin2014_10.1021_je400761c_t2,ZEZIN(2014),,rho,423.15,400.0,2.99853,2.99853,0.0,0.0,0.0,0.0,1043.801365,,T,test-only,,table
zezin2014_10.1021_je400761c_t2,ZEZIN(2014),,rho,423.15,400.0,3.53342,4.55362,1.0202,0.0,0.0,0.0,1095.861365,,T,test-only,,table
zezin2014_10.1021_je400761c_t2,ZEZIN(2014),,rho,423.17,400.0,3.58129,4.23117,0.64988,0.0,0.0,0.0,1084.474338,,T,test-only,,table
zezin2014_10.1021_je400761c_t2,ZEZIN(2014),,rho,423.14,400.0,3.58159,3.69243,0.11084,0.0,0.0,0.0,1066.079878,,T,test-only,,table
zezin2014_10.1021_je400761c_t2,ZEZIN(2014),,rho,423.15,400.0,3.5817,3.5817,0.0,0.0,0.0,0.0,1061.681365,,T,test-only,,table
zezin2014_10.1021_je400761c_t2,ZEZIN(2014),,rho,423.15,400.0,3.58268,3.69342,0.11074,0.0,0.0,0.0,1066.161365,,T,test-only,,table
zezin2014_10.1021_je400761c_t2,ZEZIN(2014),,rho,423.15,400.0,3.5847,5.82886,2.24416,0.0,0.0,0.0,1133.411365,,T,test-only,,table
zezin2014_10.1021_je400761c_t2,ZEZIN(2014),,rho,473.15,100.0,3.58481,4.70808,1.12327,0.0,0.0,0.0,1044.675282,,T,test-only,,table
zezin2014_10.1021_je400761c_t2,ZEZIN(2014),,rho,473.14,100.0,3.58647,4.63185,1.04538,0.0,0.0,0.0,1042.226766,,T,test-only,,table
zezin2014_10.1021_je400761c_t2,ZEZIN(2014),,rho,473.2,100.0,3.58656,5.83046,2.2439,0.0,0.0,0.0,1078.027853,,T,test-only,,table
zezin2014_10.1021_je400761c_t2,ZEZIN(2014),,rho,473.15,200.0,0.01064,0.65809,0.64745,0.0,0.0,0.0,910.6652082,,T,test-only,,table
zezin2014_10.1021_je400761c_t2,ZEZIN(2014),,rho,473.22,200.0,0.01065,1.0562,1.04555,0.0,0.0,0.0,928.3779697,,T,test-only,,table
zezin2014_10.1021_je400761c_t2,ZEZIN(2014),,rho,473.22,200.0,0.01065,1.73425,1.7236,0.0,0.0,0.0,957.2679697,,T,test-only,,table
zezin2014_10.1021_je400761c_t2,ZEZIN(2014),,rho,473.25,200.0,0.01065,0.34326,0.33261,0.0,0.0,0.0,895.7148604,,T,test-only,,table
zezin2014_10.1021_je400761c_t2,ZEZIN(2014),,rho,473.22,200.0,0.01066,2.25036,2.2397,0.0,0.0,0.0,978.4679697,,T,test-only,,table
zezin2014_10.1021_je400761c_t2,ZEZIN(2014),,rho,473.17,200.0,0.01071,0.11126,0.10055,0.0,0.0,0.0,883.8231424,,T,test-only,,table
zezin2014_10.1021_je400761c_t2,ZEZIN(2014),,rho,473.17,200.0,0.01075,0.6593,0.64855,0.0,0.0,0.0,910.4031424,,T,test-only,,table
zezin2014_10.1021_je400761c_t2,ZEZIN(2014),,rho,473.17,200.0,0.01094,0.34077,0.32983,0.0,0.0,0.0,895.3731424,,T,test-only,,table
zezin2014_10.1021_je400761c_t2,ZEZIN(2014),,rho,473.2,200.0,0.01186,3.59621,3.58435,0.0,0.0,0.0,1024.59004,,T,test-only,,table
zezin2014_10.1021_je400761c_t2,ZEZIN(2014),,rho,473.23,200.0,0.01279,1.17503,1.16224,0.0,0.0,0.0,933.5069337,,T,test-only,,table
zezin2014_10.1021_je400761c_t2,ZEZIN(2014),,rho,473.15,200.0,0.09977,0.09977,0.0,0.0,0.0,0.0,882.6152082,,T,test-only,,table
zezin2014_10.1021_je400761c_t2,ZEZIN(2014),,rho,473.19,200.0,0.10654,3.69204,3.5855,0.0,0.0,0.0,1030.311075,,T,test-only,,table
zezin2014_10.1021_je400761c_t2,ZEZIN(2014),,rho,473.27,200.0,0.10663,0.43739,0.33076,0.0,0.0,0.0,899.3227852,,T,test-only,,table
zezin2014_10.1021_je400761c_t2,ZEZIN(2014),,rho,473.24,200.0,0.1067,1.83029,1.72359,0.0,0.0,0.0,961.0558973,,T,test-only,,table
zezin2014_10.1021_je400761c_t2,ZEZIN(2014),,rho,473.22,200.0,0.10674,0.75833,0.65159,0.0,0.0,0.0,914.3879697,,T,test-only,,table
zezin2014_10.1021_je400761c_t2,ZEZIN(2014),,rho,473.23,200.0,0.10678,1.15256,1.04578,0.0,0.0,0.0,932.1869337,,T,test-only,,table
zezin2014_10.1021_je400761c_t2,ZEZIN(2014),,rho,473.23,200.0,0.10685,2.34769,2.24084,0.0,0.0,0.0,982.0169337,,T,test-only,,table
zezin2014_10.1021_je400761c_t2,ZEZIN(2014),,rho,473.16,200.0,0.10756,0.21811,0.11055,0.0,0.0,0.0,888.6941755,,T,test-only,,table
zezin2014_10.1021_je400761c_t2,ZEZIN(2014),,rho,473.22,200.0,0.11452,3.69017,3.57565,0.0,0.0,0.0,1028.83797,,T,test-only,,table
zezin2014_10.1021_je400761c_t2,ZEZIN(2014),,rho,473.15,200.0,0.49988,0.49988,0.0,0.0,0.0,0.0,900.0052082,,T,test-only,,table
zezin2014_10.1021_je400761c_t2,ZEZIN(2014),,rho,473.22,200.0,0.7839,1.5521,0.7682,0.0,0.0,0.0,946.0679697,,T,test-only,,table
zezin2014_10.1021_je400761c_t2,ZEZIN(2014),,rho,473.16,200.0,0.99975,1.3311,0.33135,0.0,0.0,0.0,935.4441755,,T,test-only,,table
zezin2014_10.1021_je400761c_t2,ZEZIN(2014),,rho,473.15,200.0,0.99991,1.65003,0.65012,0.0,0.0,0.0,949.3852082,,T,test-only,,table
zezin2014_10.1021_je400761c_t2,ZEZIN(2014),,rho,473.15,200.0,1.00035,1.11135,0.111,0.0,0.0,0.0,925.6652082,,T,test-only,,table
zezin2014_10.1021_je400761c_t2,ZEZIN(2014),,rho,473.15,200.0,1.00495,1.00495,0.0,0.0,0.0,0.0,920.6352082,,T,test-only,,table
zezin2014_10.1021_je400761c_t2,ZEZIN(2014),,rho,473.27,200.0,1.01002,2.05507,1.04505,0.0,0.0,0.0,964.6427852,,T,test-only,,table
zezin2014_10.1021_je400761c_t2,ZEZIN(2014),,rho,473.2,200.0,1.01027,3.25103,2.24076,0.0,0.0,0.0,1010.08004,,T,test-only,,table
zezin2014_10.1021_je400761c_t2,ZEZIN(2014),,rho,473.16,200.0,1.01033,1.66087,0.65054,0.0,0.0,0.0,949.1841755,,T,test-only,,table
zezin2014_10.1021_je400761c_t2,ZEZIN(2014),,rho,473.15,200.0,1.0915,1.74273,0.65123,0.0,0.0,0.0,952.7852082,,T,test-only,,table
zezin2014_10.1021_je400761c_t2,ZEZIN(2014),,rho,473.22,200.0,1.15332,4.73078,3.57746,0.0,0.0,0.0,1061.68797,,T,test-only,,table
zezin2014_10.1021_je400761c_t2,ZEZIN(2014),,rho,473.2,200.0,2.2849,4.5242,2.2393,0.0,0.0,0.0,1050.52004,,T,test-only,,table
zezin2014_10.1021_je400761c_t2,ZEZIN(2014),,rho,473.15,200.0,2.99853,2.99853,0.0,0.0,0.0,0.0,993.9952082,,T,test-only,,table
zezin2014_10.1021_je400761c_t2,ZEZIN(2014),,rho,473.15,200.0,3.58159,3.69243,0.11084,0.0,0.0,0.0,1016.455208,,T,test-only,,table
zezin2014_10.1021_je400761c_t2,ZEZIN(2014),,rho,473.15,200.0,3.5817,3.5817,0.0,0.0,0.0,0.0,1012.035208,,T,test-only,,table
zezin2014_10.1021_je400761c_t2,ZEZIN(2014),,rho,473.17,200.0,3.58228,3.9131,0.33082,0.0,0.0,0.0,1024.743142,,T,test-only,,table
zezin2014_10.1021_je400761c_t2,ZEZIN(2014),,rho,473.15,200.0,3.58268,3.69342,0.11074,0.0,0.0,0.0,1016.645208,,T,test-only,,table
zezin2014_10.1021_je400761c_t2,ZEZIN(2014),,rho,473.19,200.0,3.58481,4.70808,1.12327,0.0,0.0,0.0,1049.701075,,T,test-only,,table
zezin2014_10.1021_je400761c_t2,ZEZIN(2014),,rho,473.21,200.0,3.58647,4.63185,1.04538,0.0,0.0,0.0,1047.019005,,T,test-only,,table
zezin2014_10.1021_je400761c_t2,ZEZIN(2014),,rho,473.26,200.0,3.58656,5.83046,2.2439,0.0,0.0,0.0,1083.013823,,T,test-only,,table
zezin2014_10.1021_je400761c_t2,ZEZIN(2014),,rho,473.15,300.0,0.01064,0.65809,0.64745,0.0,0.0,0.0,916.8466291,,T,test-only,,table
zezin2014_10.1021_je400761c_t2,ZEZIN(2014),,rho,473.15,50.0,0.09977,0.09977,0.0,0.0,0.0,0.0,872.0495476,,T,test-only,,table
zezin2014_10.1021_je400761c_t2,ZEZIN(2014),,rho,473.15,50.0,0.49988,0.49988,0.0,0.0,0.0,0.0,889.9795476,,T,test-only,,table
zezin2014_10.1021_je400761c_t2,ZEZIN(2014),,rho,473.16,50.0,0.99975,1.3311,0.33135,0.0,0.0,0.0,926.1878108,,T,test-only,,table
zezin2014_10.1021_je400761c_t2,ZEZIN(2014),,rho,473.16,50.0,0.99991,1.65003,0.65012,0.0,0.0,0.0,940.3678108,,T,test-only,,table
zezin2014_10.1021_je400761c_t2,ZEZIN(2014),,rho,473.15,50.0,1.00495,1.00495,0.0,0.0,0.0,0.0,911.0695476,,T,test-only,,table
zezin2014_10.1021_je400761c_t2,ZEZIN(2014),,rho,473.15,50.0,2.99853,2.99853,0.0,0.0,0.0,0.0,985.8295476,,T,test-only,,table
zezin2014_10.1021_je400761c_t2,ZEZIN(2014),,rho,473.15,50.0,3.5817,3.5817,0.0,0.0,0.0,0.0,1004.209548,,T,test-only,,table
zezin2014_10.1021_je400761c_t2,ZEZIN(2014),,rho,473.17,50.0,3.58228,3.9131,0.33082,0.0,0.0,0.0,1017.096073,,T,test-only,,table
zezin2014_10.1021_je400761c_t2,ZEZIN(2014),,rho,473.15,58.4,0.01065,1.0562,1.04555,0.0,0.0,0.0,919.3351386,,T,test-only,,table
zezin2014_10.1021_je400761c_t2,ZEZIN(2014),,rho,473.14,58.4,0.01065,1.73425,1.7236,0.0,0.0,0.0,948.7168311,,T,test-only,,table
zezin2014_10.1021_je400761c_t2,ZEZIN(2014),,rho,473.19,58.4,0.01065,0.34326,0.33261,0.0,0.0,0.0,885.9583629,,T,test-only,,table
zezin2014_10.1021_je400761c_t2,ZEZIN(2014),,rho,473.18,58.4,0.01066,2.25036,2.2397,0.0,0.0,0.0,970.3200577,,T,test-only,,table
zezin2014_10.1021_je400761c_t2,ZEZIN(2014),,rho,473.14,58.4,0.01075,0.6593,0.64855,0.0,0.0,0.0,901.0068311,,T,test-only,,table
zezin2014_10.1021_je400761c_t2,ZEZIN(2014),,rho,473.17,58.4,0.01186,3.59621,3.58435,0.0,0.0,0.0,1016.971752,,T,test-only,,table
zezin2014_10.1021_je400761c_t2,ZEZIN(2014),,rho,473.16,58.4,0.0128,1.175,1.1622,0.0,0.0,0.0,924.5934455,,T,test-only,,table
zezin2014_10.1021_je400761c_t2,ZEZIN(2014),,rho,473.19,58.4,0.10654,3.69204,3.5855,0.0,0.0,0.0,1023.008363,,T,test-only,,table
zezin2014_10.1021_je400761c_t2,ZEZIN(2014),,rho,473.26,58.4,0.10663,0.43739,0.33076,0.0,0.0,0.0,889.6964838,,T,test-only,,table
zezin2014_10.1021_je400761c_t2,ZEZIN(2014),,rho,473.19,58.4,0.1067,1.83029,1.72359,0.0,0.0,0.0,952.6383629,,T,test-only,,table
zezin2014_10.1021_je400761c_t2,ZEZIN(2014),,rho,473.15,58.4,0.10674,0.75833,0.65159,0.0,0.0,0.0,905.2151386,,T,test-only,,table
zezin2014_10.1021_je400761c_t2,ZEZIN(2014),,rho,473.18,58.4,0.10678,1.15256,1.04578,0.0,0.0,0.0,923.3000577,,T,test-only,,table
zezin2014_10.1021_je400761c_t2,ZEZIN(2014),,rho,473.21,58.4,0.10685,2.34769,2.24084,0.0,0.0,0.0,973.9449717,,T,test-only,,table
zezin2014_10.1021_je400761c_t2,ZEZIN(2014),,rho,473.14,58.4,0.10756,0.21811,0.11055,0.0,0.0,0.0,878.8268311,,T,test-only,,table
zezin2014_10.1021_je400761c_t2,ZEZIN(2014),,rho,473.16,58.4,0.11452,3.69017,3.57565,0.0,0.0,0.0,1021.213446,,T,test-only,,table
zezin2014_10.1021_je400761c_t2,ZEZIN(2014),,rho,473.15,58.4,0.7839,1.5521,0.7682,0.0,0.0,0.0,937.3451386,,T,test-only,,table
zezin2014_10.1021_je400761c_t2,ZEZIN(2014),,rho,473.16,58.4,1.00035,1.11135,0.111,0.0,0.0,0.0,916.7034455,,T,test-only,,table
zezin2014_10.1021_je400761c_t2,ZEZIN(2014),,rho,473.2,58.4,1.01002,2.05507,1.04505,0.0,0.0,0.0,956.1766676,,T,test-only,,table
zezin2014_10.1021_je400761c_t2,ZEZIN(2014),,rho,473.24,58.4,1.01027,3.25103,2.24076,0.0,0.0,0.0,1002.519881,,T,test-only,,table
zezin2014_10.1021_je400761c_t2,ZEZIN(2014),,rho,473.14,58.4,1.01033,1.66087,0.65054,0.0,0.0,0.0,940.7068311,,T,test-only,,table
zezin2014_10.1021_je400761c_t2,ZEZIN(2014),,rho,473.16,58.4,1.0915,1.74273,0.65123,0.0,0.0,0.0,944.2934455,,T,test-only,,table
zezin2014_10.1021_je400761c_t2,ZEZIN(2014),,rho,473.16,58.4,1.15332,4.73078,3.57746,0.0,0.0,0.0,1054.553446,,T,test-only,,table
zezin2014_10.1021_je400761c_t2,ZEZIN(2014),,rho,473.16,58.4,2.2849,4.5242,2.2393,0.0,0.0,0.0,1043.233446,,T,test-only,,table
zezin2014_10.1021_je400761c_t2,ZEZIN(2014),,rho,473.15,58.4,3.58159,3.69243,0.11084,0.0,0.0,0.0,1009.105139,,T,test-only,,table
zezin2014_10.1021_je400761c_t2,ZEZIN(2014),,rho,473.16,58.4,3.58268,3.69342,0.11074,0.0,0.0,0.0,1009.293446,,T,test-only,,table
zezin2014_10.1021_je400761c_t2,ZEZIN(2014),,rho,473.15,58.4,3.58481,4.70808,1.12327,0.0,0.0,0.0,1042.495139,,T,test-only,,table
zezin2014_10.1021_je400761c_t2,ZEZIN(2014),,rho,473.15,58.4,3.58647,4.63185,1.04538,0.0,0.0,0.0,1040.115139,,T,test-only,,table
zezin2014_10.1021_je400761c_t2,ZEZIN(2014),,rho,473.25,58.4,3.58656,5.83046,2.2439,0.0,0.0,0.0,1076.218182,,T,test-only,,table
zezin2014_10.1021_je400761c_t2,ZEZIN(2014),,rho,473.17,100.0,0.01064,0.65809,0.64745,0.0,0.0,0.0,904.1723122,,T,test-only,,table
zezin2014_10.1021_je400761c_t2,ZEZIN(2014),,rho,473.18,100.0,0.01065,1.0562,1.04555,0.0,0.0,0.0,921.9708265,,T,test-only,,table
zezin2014_10.1021_je400761c_t2,ZEZIN(2014),,rho,473.15,100.0,0.01065,1.73425,1.7236,0.0,0.0,0.0,951.105282,,T,test-only,,table
zezin2014_10.1021_je400761c_t2,ZEZIN(2014),,rho,473.23,100.0,0.01065,0.34326,0.33261,0.0,0.0,0.0,888.9133899,,T,test-only,,table
zezin2014_10.1021_je400761c_t2,ZEZIN(2014),,rho,473.17,100.0,0.01066,2.25036,2.2397,0.0,0.0,0.0,972.6123122,,T,test-only,,table
zezin2014_10.1021_je400761c_t2,ZEZIN(2014),,rho,473.17,100.0,0.01071,0.11126,0.10055,0.0,0.0,0.0,876.9123122,,T,test-only,,table
zezin2014_10.1021_je400761c_t2,ZEZIN(2014),,rho,473.16,100.0,0.01075,0.6593,0.64855,0.0,0.0,0.0,903.8137974,,T,test-only,,table
zezin2014_10.1021_je400761c_t2,ZEZIN(2014),,rho,473.16,100.0,0.01094,0.34077,0.32983,0.0,0.0,0.0,888.6337974,,T,test-only,,table
zezin2014_10.1021_je400761c_t2,ZEZIN(2014),,rho,473.17,100.0,0.01186,3.59621,3.58435,0.0,0.0,0.0,1019.282312,,T,test-only,,table
zezin2014_10.1021_je400761c_t2,ZEZIN(2014),,rho,473.18,100.0,0.01279,1.17503,1.16224,0.0,0.0,0.0,927.1508265,,T,test-only,,table
zezin2014_10.1021_je400761c_t2,ZEZIN(2014),,rho,473.15,100.0,0.09977,0.09977,0.0,0.0,0.0,0.0,875.675282,,T,test-only,,table
zezin2014_10.1021_je400761c_t2,ZEZIN(2014),,rho,473.18,100.0,0.10654,3.69204,3.5855,0.0,0.0,0.0,1025.330826,,T,test-only,,table
zezin2014_10.1021_je400761c_t2,ZEZIN(2014),,rho,473.25,100.0,0.10663,0.43739,0.33076,0.0,0.0,0.0,892.6104115,,T,test-only,,table
zezin2014_10.1021_je400761c_t2,ZEZIN(2014),,rho,473.17,100.0,0.1067,1.83029,1.72359,0.0,0.0,0.0,954.8723122,,T,test-only,,table
zezin2014_10.1021_je400761c_t2,ZEZIN(2014),,rho,473.16,100.0,0.10674,0.75833,0.65159,0.0,0.0,0.0,907.7937974,,T,test-only,,table
zezin2014_10.1021_je400761c_t2,ZEZIN(2014),,rho,473.17,100.0,0.10678,1.15256,1.04578,0.0,0.0,0.0,925.8223122,,T,test-only,,table
zezin2014_10.1021_je400761c_t2,ZEZIN(2014),,rho,473.17,100.0,0.10685,2.34769,2.24084,0.0,0.0,0.0,976.1323122,,T,test-only,,table
zezin2014_10.1021_je400761c_t2,ZEZIN(2014),,rho,473.15,100.0,0.10756,0.21811,0.11055,0.0,0.0,0.0,881.795282,,T,test-only,,table
zezin2014_10.1021_je400761c_t2,ZEZIN(2014),,rho,473.18,100.0,0.11452,3.69017,3.57565,0.0,0.0,0.0,1023.550826,,T,test-only,,table
zezin2014_10.1021_je400761c_t2,ZEZIN(2014),,rho,473.15,100.0,0.49988,0.49988,0.0,0.0,0.0,0.0,893.405282,,T,test-only,,table
zezin2014_10.1021_je400761c_t2,ZEZIN(2014),,rho,473.16,100.0,0.7839,1.5521,0.7682,0.0,0.0,0.0,939.8737974,,T,test-only,,table
zezin2014_10.1021_je400761c_t2,ZEZIN(2014),,rho,473.15,100.0,0.99975,1.3311,0.33135,0.0,0.0,0.0,929.335282,,T,test-only,,table
zezin2014_10.1021_je400761c_t2,ZEZIN(2014),,rho,473.15,100.0,0.99991,1.65003,0.65012,0.0,0.0,0.0,943.405282,,T,test-only,,table
zezin2014_10.1021_je400761c_t2,ZEZIN(2014),,rho,473.22,300.0,0.01065,1.0562,1.04555,0.0,0.0,0.0,934.4321537,,T,test-only,,table
zezin2014_10.1021_je400761c_t2,ZEZIN(2014),,rho,473.24,300.0,0.01065,1.73425,1.7236,0.0,0.0,0.0,963.0608712,,T,test-only,,table
zezin2014_10.1021_je400761c_t2,ZEZIN(2014),,rho,473.3,300.0,0.01065,0.34326,0.33261,0.0,0.0,0.0,902.1070136,,T,test-only,,table
zezin2014_10.1021_je400761c_t2,ZEZIN(2014),,rho,473.24,300.0,0.01066,2.25036,2.2397,0.0,0.0,0.0,984.1208712,,T,test-only,,table
zezin2014_10.1021_je400761c_t2,ZEZIN(2014),,rho,473.17,300.0,0.01071,0.11126,0.10055,0.0,0.0,0.0,890.3753525,,T,test-only,,table
zezin2014_10.1021_je400761c_t2,ZEZIN(2014),,rho,473.2,300.0,0.01075,0.6593,0.64855,0.0,0.0,0.0,916.6034345,,T,test-only,,table
zezin2014_10.1021_je400761c_t2,ZEZIN(2014),,rho,473.17,300.0,0.01094,0.34077,0.32983,0.0,0.0,0.0,901.7653525,,T,test-only,,table
zezin2014_10.1021_je400761c_t2,ZEZIN(2014),,rho,473.21,300.0,0.01186,3.59621,3.58435,0.0,0.0,0.0,1029.762794,,T,test-only,,table
zezin2014_10.1021_je400761c_t2,ZEZIN(2014),,rho,473.25,300.0,0.01279,1.17503,1.16224,0.0,0.0,0.0,939.4702293,,T,test-only,,table
zezin2014_10.1021_je400761c_t2,ZEZIN(2014),,rho,473.23,300.0,0.10654,3.69204,3.5855,0.0,0.0,0.0,1035.651513,,T,test-only,,table
zezin2014_10.1021_je400761c_t2,ZEZIN(2014),,rho,473.29,300.0,0.10663,0.43739,0.33076,0.0,0.0,0.0,905.6276576,,T,test-only,,table
zezin2014_10.1021_je400761c_t2,ZEZIN(2014),,rho,473.26,300.0,0.1067,1.83029,1.72359,0.0,0.0,0.0,966.779587,,T,test-only,,table
zezin2014_10.1021_je400761c_t2,ZEZIN(2014),,rho,473.22,300.0,0.10674,0.75833,0.65159,0.0,0.0,0.0,920.6021537,,T,test-only,,table
zezin2014_10.1021_je400761c_t2,ZEZIN(2014),,rho,473.25,300.0,0.10678,1.15256,1.04578,0.0,0.0,0.0,938.2102293,,T,test-only,,table
zezin2014_10.1021_je400761c_t2,ZEZIN(2014),,rho,473.28,300.0,0.10685,2.34769,2.24084,0.0,0.0,0.0,987.6383011,,T,test-only,,table
zezin2014_10.1021_je400761c_t2,ZEZIN(2014),,rho,473.16,300.0,0.10756,0.21811,0.11055,0.0,0.0,0.0,895.165991,,T,test-only,,table
zezin2014_10.1021_je400761c_t2,ZEZIN(2014),,rho,473.23,300.0,0.11452,3.69017,3.57565,0.0,0.0,0.0,1033.961513,,T,test-only,,table
zezin2014_10.1021_je400761c_t2,ZEZIN(2014),,rho,473.23,300.0,0.7839,1.5521,0.7682,0.0,0.0,0.0,951.7515126,,T,test-only,,table
zezin2014_10.1021_je400761c_t2,ZEZIN(2014),,rho,473.16,300.0,0.99975,1.3311,0.33135,0.0,0.0,0.0,941.255991,,T,test-only,,table
zezin2014_10.1021_je400761c_t2,ZEZIN(2014),,rho,473.16,300.0,0.99991,1.65003,0.65012,0.0,0.0,0.0,955.075991,,T,test-only,,table
zezin2014_10.1021_je400761c_t2,ZEZIN(2014),,rho,473.15,300.0,1.00035,1.11135,0.111,0.0,0.0,0.0,931.6666291,,T,test-only,,table
zezin2014_10.1021_je400761c_t2,ZEZIN(2014),,rho,473.3,300.0,1.01002,2.05507,1.04505,0.0,0.0,0.0,970.1370136,,T,test-only,,table
zezin2014_10.1021_je400761c_t2,ZEZIN(2014),,rho,473.27,300.0,1.01027,3.25103,2.24076,0.0,0.0,0.0,1015.538944,,T,test-only,,table
zezin2014_10.1021_je400761c_t2,ZEZIN(2014),,rho,473.2,300.0,1.01033,1.66087,0.65054,0.0,0.0,0.0,954.9334345,,T,test-only,,table
zezin2014_10.1021_je400761c_t2,ZEZIN(2014),,rho,473.15,300.0,1.0915,1.74273,0.65123,0.0,0.0,0.0,958.4866291,,T,test-only,,table
zezin2014_10.1021_je400761c_t2,ZEZIN(2014),,rho,473.23,300.0,1.15332,4.73078,3.57746,0.0,0.0,0.0,1066.581513,,T,test-only,,table
zezin2014_10.1021_je400761c_t2,ZEZIN(2014),,rho,473.22,300.0,2.2849,4.5242,2.2393,0.0,0.0,0.0,1055.342154,,T,test-only,,table
zezin2014_10.1021_je400761c_t2,ZEZIN(2014),,rho,473.16,300.0,3.58159,3.69243,0.11084,0.0,0.0,0.0,1021.515991,,T,test-only,,table
zezin2014_10.1021_je400761c_t2,ZEZIN(2014),,rho,473.15,300.0,3.5817,3.5817,0.0,0.0,0.0,0.0,1017.116629,,T,test-only,,table
zezin2014_10.1021_je400761c_t2,ZEZIN(2014),,rho,473.16,300.0,3.58228,3.9131,0.33082,0.0,0.0,0.0,1029.645991,,T,test-only,,table
zezin2014_10.1021_je400761c_t2,ZEZIN(2014),,rho,473.15,300.0,3.58268,3.69342,0.11074,0.0,0.0,0.0,1021.716629,,T,test-only,,table
zezin2014_10.1021_je400761c_t2,ZEZIN(2014),,rho,473.21,300.0,3.58481,4.70808,1.12327,0.0,0.0,0.0,1054.452794,,T,test-only,,table
zezin2014_10.1021_je400761c_t2,ZEZIN(2014),,rho,473.23,300.0,3.58647,4.63185,1.04538,0.0,0.0,0.0,1052.041513,,T,test-only,,table
zezin2014_10.1021_je400761c_t2,ZEZIN(2014),,rho,473.27,300.0,3.58656,5.83046,2.2439,0.0,0.0,0.0,1087.628944,,T,test-only,,table
zezin2014_10.1021_je400761c_t2,ZEZIN(2014),,rho,473.22,398.5,0.01065,1.0562,1.04555,0.0,0.0,0.0,940.1939328,,T,test-only,,table
zezin2014_10.1021_je400761c_t2,ZEZIN(2014),,rho,473.24,398.5,0.01065,1.73425,1.7236,0.0,0.0,0.0,968.6333379,,T,test-only,,table
zezin2014_10.1021_je400761c_t2,ZEZIN(2014),,rho,473.29,398.5,0.01065,0.34326,0.33261,0.0,0.0,0.0,907.9918437,,T,test-only,,table
zezin2014_10.1021_je400761c_t2,ZEZIN(2014),,rho,473.24,398.5,0.01066,2.25036,2.2397,0.0,0.0,0.0,989.4933379,,T,test-only,,table
zezin2014_10.1021_je400761c_t2,ZEZIN(2014),,rho,473.19,398.5,0.01075,0.6593,0.64855,0.0,0.0,0.0,922.4448224,,T,test-only,,table
zezin2014_10.1021_je400761c_t2,ZEZIN(2014),,rho,473.21,398.5,0.01186,3.59621,3.58435,0.0,0.0,0.0,1034.81423,,T,test-only,,table
zezin2014_10.1021_je400761c_t2,ZEZIN(2014),,rho,473.27,398.5,0.01279,1.17503,1.16224,0.0,0.0,0.0,945.2424425,,T,test-only,,table
zezin2014_10.1021_je400761c_t2,ZEZIN(2014),,rho,473.25,398.5,0.10654,3.69204,3.5855,0.0,0.0,0.0,1040.80304,,T,test-only,,table
zezin2014_10.1021_je400761c_t2,ZEZIN(2014),,rho,473.36,398.5,0.10663,0.43739,0.33076,0.0,0.0,0.0,911.6097359,,T,test-only,,table
zezin2014_10.1021_je400761c_t2,ZEZIN(2014),,rho,473.29,398.5,0.1067,1.83029,1.72359,0.0,0.0,0.0,972.4018437,,T,test-only,,table
zezin2014_10.1021_je400761c_t2,ZEZIN(2014),,rho,473.22,398.5,0.10674,0.75833,0.65159,0.0,0.0,0.0,926.5239328,,T,test-only,,table
zezin2014_10.1021_je400761c_t2,ZEZIN(2014),,rho,473.24,398.5,0.10678,1.15256,1.04578,0.0,0.0,0.0,943.9533379,,T,test-only,,table
zezin2014_10.1021_je400761c_t2,ZEZIN(2014),,rho,473.29,398.5,0.10685,2.34769,2.24084,0.0,0.0,0.0,993.0118437,,T,test-only,,table
zezin2014_10.1021_je400761c_t2,ZEZIN(2014),,rho,473.23,398.5,0.11452,3.69017,3.57565,0.0,0.0,0.0,1039.023636,,T,test-only,,table
zezin2014_10.1021_je400761c_t2,ZEZIN(2014),,rho,473.23,398.5,0.7839,1.5521,0.7682,0.0,0.0,0.0,957.2836355,,T,test-only,,table
zezin2014_10.1021_je400761c_t2,ZEZIN(2014),,rho,473.3,398.5,1.01002,2.05507,1.04505,0.0,0.0,0.0,975.4515438,,T,test-only,,table
zezin2014_10.1021_je400761c_t2,ZEZIN(2014),,rho,473.3,398.5,1.01027,3.25103,2.24076,0.0,0.0,0.0,1020.531544,,T,test-only,,table
zezin2014_10.1021_je400761c_t2,ZEZIN(2014),,rho,473.24,398.5,1.15332,4.73078,3.57746,0.0,0.0,0.0,1071.413338,,T,test-only,,table
zezin2014_10.1021_je400761c_t2,ZEZIN(2014),,rho,473.22,398.5,2.2849,4.5242,2.2393,0.0,0.0,0.0,1060.183933,,T,test-only,,table
zezin2014_10.1021_je400761c_t2,ZEZIN(2014),,rho,473.21,398.5,3.58481,4.70808,1.12327,0.0,0.0,0.0,1059.20423,,T,test-only,,table
zezin2014_10.1021_je400761c_t2,ZEZIN(2014),,rho,473.23,398.5,3.58647,4.63185,1.04538,0.0,0.0,0.0,1056.753636,,T,test-only,,table
zezin2014_10.1021_je400761c_t2,ZEZIN(2014),,rho,473.3,398.5,3.58656,5.83046,2.2439,0.0,0.0,0.0,1092.171544,,T,test-only,,table
zezin2014_10.1021_je400761c_t2,ZEZIN(2014),,rho,473.15,400.0,0.01064,0.65809,0.64745,0.0,0.0,0.0,922.8286016,,T,test-only,,table
zezin2014_10.1021_je400761c_t2,ZEZIN(2014),,rho,473.17,400.0,0.01071,0.11126,0.10055,0.0,0.0,0.0,896.6380218,,T,test-only,,table
zezin2014_10.1021_je400761c_t2,ZEZIN(2014),,rho,473.17,400.0,0.01094,0.34077,0.32983,0.0,0.0,0.0,907.8980218,,T,test-only,,table
zezin2014_10.1021_je400761c_t2,ZEZIN(2014),,rho,473.15,100.0,1.00035,1.11135,0.111,0.0,0.0,0.0,919.385282,,T,test-only,,table
zezin2014_10.1021_je400761c_t2,ZEZIN(2014),,rho,473.15,100.0,1.00495,1.00495,0.0,0.0,0.0,0.0,914.335282,,T,test-only,,table
zezin2014_10.1021_je400761c_t2,ZEZIN(2014),,rho,473.22,100.0,1.01002,2.05507,1.04505,0.0,0.0,0.0,958.6548783,,T,test-only,,table
zezin2014_10.1021_je400761c_t2,ZEZIN(2014),,rho,473.22,100.0,1.01027,3.25103,2.24076,0.0,0.0,0.0,1004.804878,,T,test-only,,table
zezin2014_10.1021_je400761c_t2,ZEZIN(2014),,rho,473.12,100.0,1.01033,1.66087,0.65054,0.0,0.0,0.0,943.2397328,,T,test-only,,table
zezin2014_10.1021_je400761c_t2,ZEZIN(2014),,rho,473.16,100.0,1.0915,1.74273,0.65123,0.0,0.0,0.0,946.8037974,,T,test-only,,table
zezin2014_10.1021_je400761c_t2,ZEZIN(2014),,rho,473.19,100.0,1.15332,4.73078,3.57746,0.0,0.0,0.0,1056.77934,,T,test-only,,table
zezin2014_10.1021_je400761c_t2,ZEZIN(2014),,rho,473.17,100.0,2.2849,4.5242,2.2393,0.0,0.0,0.0,1045.512312,,T,test-only,,table
zezin2014_10.1021_je400761c_t2,ZEZIN(2014),,rho,473.15,100.0,2.99853,2.99853,0.0,0.0,0.0,0.0,988.645282,,T,test-only,,table
zezin2014_10.1021_je400761c_t2,ZEZIN(2014),,rho,473.15,100.0,3.58159,3.69243,0.11084,0.0,0.0,0.0,1011.285282,,T,test-only,,table
zezin2014_10.1021_je400761c_t2,ZEZIN(2014),,rho,473.15,100.0,3.5817,3.5817,0.0,0.0,0.0,0.0,1006.865282,,T,test-only,,table
zezin2014_10.1021_je400761c_t2,ZEZIN(2014),,rho,473.17,100.0,3.58228,3.9131,0.33082,0.0,0.0,0.0,1019.692312,,T,test-only,,table
zezin2014_10.1021_je400761c_t2,ZEZIN(2014),,rho,473.15,100.0,3.58268,3.69342,0.11074,0.0,0.0,0.0,1011.505282,,T,test-only,,table
zezin2014_10.1021_je400761c_t2,ZEZIN(2014),,rho,523.05,50.0,0.01075,0.6593,0.64855,0.0,0.0,0.0,838.9800458,,T,test-only,,table
zezin2014_10.1021_je400761c_t2,ZEZIN(2014),,rho,523.12,50.0,0.01186,3.59615,3.58429,0.0,0.0,0.0,968.3815273,,T,test-only,,table
zezin2014_10.1021_je400761c_t2,ZEZIN(2014),,rho,523.15,50.0,0.09977,0.09977,0.0,0.0,0.0,0.0,806.0750038,,T,test-only,,table
zezin2014_10.1021_je400761c_t2,ZEZIN(2014),,rho,523.16,50.0,0.10395,2.16797,2.06402,0.0,0.0,0.0,912.6794939,,T,test-only,,table
zezin2014_10.1021_je400761c_t2,ZEZIN(2014),,rho,523.13,50.0,0.10654,3.69204,3.5855,0.0,0.0,0.0,973.8260205,,T,test-only,,table
zezin2014_10.1021_je400761c_t2,ZEZIN(2014),,rho,523.16,50.0,0.10676,1.13408,1.02732,0.0,0.0,0.0,863.3694939,,T,test-only,,table
zezin2014_10.1021_je400761c_t2,ZEZIN(2014),,rho,523.15,50.0,0.10678,2.34563,2.23885,0.0,0.0,0.0,921.2850038,,T,test-only,,table
zezin2014_10.1021_je400761c_t2,ZEZIN(2014),,rho,523.15,50.0,0.10713,0.2197,0.11257,0.0,0.0,0.0,813.5950038,,T,test-only,,table
zezin2014_10.1021_je400761c_t2,ZEZIN(2014),,rho,523.13,50.0,0.10729,1.15239,1.0451,0.0,0.0,0.0,864.2260205,,T,test-only,,table
zezin2014_10.1021_je400761c_t2,ZEZIN(2014),,rho,523.14,50.0,0.10731,0.7578,0.65049,0.0,0.0,0.0,844.7705127,,T,test-only,,table
zezin2014_10.1021_je400761c_t2,ZEZIN(2014),,rho,523.14,50.0,0.10756,0.21811,0.11055,0.0,0.0,0.0,813.3905127,,T,test-only,,table
zezin2014_10.1021_je400761c_t2,ZEZIN(2014),,rho,523.16,50.0,0.10807,3.69196,3.58389,0.0,0.0,0.0,976.3894939,,T,test-only,,table
zezin2014_10.1021_je400761c_t2,ZEZIN(2014),,rho,523.12,50.0,0.11451,3.69009,3.57558,0.0,0.0,0.0,974.1015273,,T,test-only,,table
zezin2014_10.1021_je400761c_t2,ZEZIN(2014),,rho,523.15,50.0,0.49988,0.49988,0.0,0.0,0.0,0.0,827.5450038,,T,test-only,,table
zezin2014_10.1021_je400761c_t2,ZEZIN(2014),,rho,523.15,50.0,0.99991,1.65003,0.65012,0.0,0.0,0.0,884.6450038,,T,test-only,,table
zezin2014_10.1021_je400761c_t2,ZEZIN(2014),,rho,523.14,50.0,1.00035,1.11135,0.111,0.0,0.0,0.0,857.8205127,,T,test-only,,table
zezin2014_10.1021_je400761c_t2,ZEZIN(2014),,rho,523.15,50.0,1.0007,4.58404,3.58334,0.0,0.0,0.0,1004.995004,,T,test-only,,table
zezin2014_10.1021_je400761c_t2,ZEZIN(2014),,rho,523.12,50.0,1.0009,2.04069,1.03979,0.0,0.0,0.0,901.7015273,,T,test-only,,table
zezin2014_10.1021_je400761c_t2,ZEZIN(2014),,rho,523.16,50.0,1.00099,3.23955,2.23856,0.0,0.0,0.0,953.9194939,,T,test-only,,table
zezin2014_10.1021_je400761c_t2,ZEZIN(2014),,rho,523.14,50.0,1.00495,1.00495,0.0,0.0,0.0,0.0,852.1005127,,T,test-only,,table
zezin2014_10.1021_je400761c_t2,ZEZIN(2014),,rho,523.13,50.0,1.01161,3.2525,2.24089,0.0,0.0,0.0,953.2260205,,T,test-only,,table
zezin2014_10.1021_je400761c_t2,ZEZIN(2014),,rho,523.15,50.0,2.99853,2.99853,0.0,0.0,0.0,0.0,934.6950038,,T,test-only,,table
zezin2014_10.1021_je400761c_t2,ZEZIN(2014),,rho,523.15,50.0,3.58159,3.69243,0.11084,0.0,0.0,0.0,959.8350038,,T,test-only,,table
zezin2014_10.1021_je400761c_t2,ZEZIN(2014),,rho,523.16,50.0,3.5817,3.5817,0.0,0.0,0.0,0.0,955.6194939,,T,test-only,,table
zezin2014_10.1021_je400761c_t2,ZEZIN(2014),,rho,523.15,50.0,3.58464,4.70789,1.12325,0.0,0.0,0.0,996.6950038,,T,test-only,,table
zezin2014_10.1021_je400761c_t2,ZEZIN(2014),,rho,523.14,50.0,3.5847,5.82886,2.24416,0.0,0.0,0.0,1030.670513,,T,test-only,,table
zezin2014_10.1021_je400761c_t2,ZEZIN(2014),,rho,523.18,50.0,3.58557,4.22955,0.64398,0.0,0.0,0.0,980.848471,,T,test-only,,table
zezin2014_10.1021_je400761c_t2,ZEZIN(2014),,rho,523.06,100.0,0.01075,0.6593,0.64855,0.0,0.0,0.0,843.7669816,,T,test-only,,table
zezin2014_10.1021_je400761c_t2,ZEZIN(2014),,rho,523.11,100.0,0.01186,3.59615,3.58429,0.0,0.0,0.0,971.6424269,,T,test-only,,table
zezin2014_10.1021_je400761c_t2,ZEZIN(2014),,rho,523.15,100.0,0.09977,0.09977,0.0,0.0,0.0,0.0,811.5427666,,T,test-only,,table
zezin2014_10.1021_je400761c_t2,ZEZIN(2014),,rho,523.16,100.0,0.10395,2.16797,2.06402,0.0,0.0,0.0,916.6778493,,T,test-only,,table
zezin2014_10.1021_je400761c_t2,ZEZIN(2014),,rho,523.15,100.0,0.10654,3.69204,3.5855,0.0,0.0,0.0,977.1327666,,T,test-only,,table
zezin2014_10.1021_je400761c_t2,ZEZIN(2014),,rho,523.15,100.0,0.10676,1.13408,1.02732,0.0,0.0,0.0,867.9627666,,T,test-only,,table
zezin2014_10.1021_je400761c_t2,ZEZIN(2014),,rho,523.16,100.0,0.10678,2.34563,2.23885,0.0,0.0,0.0,925.2178493,,T,test-only,,table
zezin2014_10.1021_je400761c_t2,ZEZIN(2014),,rho,523.15,100.0,0.10729,1.15239,1.0451,0.0,0.0,0.0,868.8427666,,T,test-only,,table
zezin2014_10.1021_je400761c_t2,ZEZIN(2014),,rho,523.14,100.0,0.10731,0.7578,0.65049,0.0,0.0,0.0,849.7676831,,T,test-only,,table
zezin2014_10.1021_je400761c_t2,ZEZIN(2014),,rho,523.15,100.0,0.10756,0.21811,0.11055,0.0,0.0,0.0,818.7627666,,T,test-only,,table
zezin2014_10.1021_je400761c_t2,ZEZIN(2014),,rho,523.16,100.0,0.10807,3.69196,3.58389,0.0,0.0,0.0,979.6978493,,T,test-only,,table
zezin2014_10.1021_je400761c_t2,ZEZIN(2014),,rho,523.13,100.0,0.11451,3.69009,3.57558,0.0,0.0,0.0,977.3025986,,T,test-only,,table
zezin2014_10.1021_je400761c_t2,ZEZIN(2014),,rho,523.16,100.0,0.49988,0.49988,0.0,0.0,0.0,0.0,832.5678493,,T,test-only,,table
zezin2014_10.1021_je400761c_t2,ZEZIN(2014),,rho,523.16,100.0,0.99991,1.65003,0.65012,0.0,0.0,0.0,888.9078493,,T,test-only,,table
zezin2014_10.1021_je400761c_t2,ZEZIN(2014),,rho,523.15,100.0,1.00035,1.11135,0.111,0.0,0.0,0.0,862.3727666,,T,test-only,,table
zezin2014_10.1021_je400761c_t2,ZEZIN(2014),,rho,523.16,100.0,1.0007,4.58404,3.58334,0.0,0.0,0.0,1008.067849,,T,test-only,,table
zezin2014_10.1021_je400761c_t2,ZEZIN(2014),,rho,523.12,100.0,1.0009,2.04069,1.03979,0.0,0.0,0.0,905.8175132,,T,test-only,,table
zezin2014_10.1021_je400761c_t2,ZEZIN(2014),,rho,523.15,100.0,1.00099,3.23955,2.23856,0.0,0.0,0.0,957.4027666,,T,test-only,,table
zezin2014_10.1021_je400761c_t2,ZEZIN(2014),,rho,523.15,100.0,1.00495,1.00495,0.0,0.0,0.0,0.0,856.7127666,,T,test-only,,table
zezin2014_10.1021_je400761c_t2,ZEZIN(2014),,rho,473.15,400.0,0.09977,0.09977,0.0,0.0,0.0,0.0,895.4386016,,T,test-only,,table
zezin2014_10.1021_je400761c_t2,ZEZIN(2014),,rho,473.16,400.0,0.10756,0.21811,0.11055,0.0,0.0,0.0,901.3483119,,T,test-only,,table
zezin2014_10.1021_je400761c_t2,ZEZIN(2014),,rho,473.15,400.0,0.49988,0.49988,0.0,0.0,0.0,0.0,912.3586016,,T,test-only,,table
zezin2014_10.1021_je400761c_t2,ZEZIN(2014),,rho,473.17,400.0,0.99975,1.3311,0.33135,0.0,0.0,0.0,946.9480218,,T,test-only,,table
zezin2014_10.1021_je400761c_t2,ZEZIN(2014),,rho,473.16,400.0,0.99991,1.65003,0.65012,0.0,0.0,0.0,960.6183119,,T,test-only,,table
zezin2014_10.1021_je400761c_t2,ZEZIN(2014),,rho,473.16,400.0,1.00035,1.11135,0.111,0.0,0.0,0.0,937.3483119,,T,test-only,,table
zezin2014_10.1021_je400761c_t2,ZEZIN(2014),,rho,473.15,400.0,1.00495,1.00495,0.0,0.0,0.0,0.0,932.4286016,,T,test-only,,table
zezin2014_10.1021_je400761c_t2,ZEZIN(2014),,rho,473.16,400.0,1.0915,1.74273,0.65123,0.0,0.0,0.0,963.9683119,,T,test-only,,table
zezin2014_10.1021_je400761c_t2,ZEZIN(2014),,rho,473.15,400.0,2.99853,2.99853,0.0,0.0,0.0,0.0,1004.378602,,T,test-only,,table
zezin2014_10.1021_je400761c_t2,ZEZIN(2014),,rho,473.16,400.0,3.58159,3.69243,0.11084,0.0,0.0,0.0,1026.428312,,T,test-only,,table
zezin2014_10.1021_je400761c_t2,ZEZIN(2014),,rho,473.15,400.0,3.5817,3.5817,0.0,0.0,0.0,0.0,1022.038602,,T,test-only,,table
zezin2014_10.1021_je400761c_t2,ZEZIN(2014),,rho,473.16,400.0,3.58228,3.9131,0.33082,0.0,0.0,0.0,1034.508312,,T,test-only,,table
zezin2014_10.1021_je400761c_t2,ZEZIN(2014),,rho,473.15,400.0,3.58268,3.69342,0.11074,0.0,0.0,0.0,1026.598602,,T,test-only,,table
zezin2014_10.1021_je400761c_t2,ZEZIN(2014),,rho,523.17,200.0,0.11451,3.69009,3.57558,0.0,0.0,0.0,983.7009237,,T,test-only,,table
zezin2014_10.1021_je400761c_t2,ZEZIN(2014),,rho,523.15,200.0,0.49988,0.49988,0.0,0.0,0.0,0.0,842.018788,,T,test-only,,table
zezin2014_10.1021_je400761c_t2,ZEZIN(2014),,rho,523.16,200.0,0.99991,1.65003,0.65012,0.0,0.0,0.0,896.8348562,,T,test-only,,table
zezin2014_10.1021_je400761c_t2,ZEZIN(2014),,rho,523.17,200.0,1.00035,1.11135,0.111,0.0,0.0,0.0,870.9209237,,T,test-only,,table
zezin2014_10.1021_je400761c_t2,ZEZIN(2014),,rho,523.16,200.0,1.0007,4.58404,3.58334,0.0,0.0,0.0,1014.084856,,T,test-only,,table
zezin2014_10.1021_je400761c_t2,ZEZIN(2014),,rho,523.16,200.0,1.0009,2.04069,1.03979,0.0,0.0,0.0,913.3948562,,T,test-only,,table
zezin2014_10.1021_je400761c_t2,ZEZIN(2014),,rho,523.16,200.0,1.00099,3.23955,2.23856,0.0,0.0,0.0,964.0548562,,T,test-only,,table
zezin2014_10.1021_je400761c_t2,ZEZIN(2014),,rho,523.16,200.0,1.00495,1.00495,0.0,0.0,0.0,0.0,865.4448562,,T,test-only,,table
zezin2014_10.1021_je400761c_t2,ZEZIN(2014),,rho,523.17,200.0,1.01161,3.2525,2.24089,0.0,0.0,0.0,963.5009237,,T,test-only,,table
zezin2014_10.1021_je400761c_t2,ZEZIN(2014),,rho,523.16,200.0,2.99853,2.99853,0.0,0.0,0.0,0.0,944.9848562,,T,test-only,,table
zezin2014_10.1021_je400761c_t2,ZEZIN(2014),,rho,523.16,200.0,3.58159,3.69243,0.11084,0.0,0.0,0.0,969.5948562,,T,test-only,,table
zezin2014_10.1021_je400761c_t2,ZEZIN(2014),,rho,523.15,200.0,3.5817,3.5817,0.0,0.0,0.0,0.0,965.348788,,T,test-only,,table
zezin2014_10.1021_je400761c_t2,ZEZIN(2014),,rho,523.19,200.0,3.58464,4.70789,1.12325,0.0,0.0,0.0,1005.673056,,T,test-only,,table
zezin2014_10.1021_je400761c_t2,ZEZIN(2014),,rho,523.19,200.0,3.5847,5.82886,2.24416,0.0,0.0,0.0,1039.013056,,T,test-only,,table
zezin2014_10.1021_je400761c_t2,ZEZIN(2014),,rho,523.16,200.0,3.58557,4.22955,0.64398,0.0,0.0,0.0,989.9648562,,T,test-only,,table
zezin2014_10.1021_je400761c_t2,ZEZIN(2014),,rho,523.14,300.0,0.01075,0.6593,0.64855,0.0,0.0,0.0,861.4286189,,T,test-only,,table
zezin2014_10.1021_je400761c_t2,ZEZIN(2014),,rho,523.18,300.0,0.01186,3.59615,3.58429,0.0,0.0,0.0,984.5760629,,T,test-only,,table
zezin2014_10.1021_je400761c_t2,ZEZIN(2014),,rho,523.16,300.0,0.10395,2.16797,2.06402,0.0,0.0,0.0,931.3023421,,T,test-only,,table
zezin2014_10.1021_je400761c_t2,ZEZIN(2014),,rho,523.18,300.0,0.10654,3.69204,3.5855,0.0,0.0,0.0,989.8460629,,T,test-only,,table
zezin2014_10.1021_je400761c_t2,ZEZIN(2014),,rho,523.17,300.0,0.10676,1.13408,1.02732,0.0,0.0,0.0,884.5392028,,T,test-only,,table
zezin2014_10.1021_je400761c_t2,ZEZIN(2014),,rho,523.16,300.0,0.10678,2.34563,2.23885,0.0,0.0,0.0,939.5723421,,T,test-only,,table
zezin2014_10.1021_je400761c_t2,ZEZIN(2014),,rho,523.2,300.0,0.10713,0.2197,0.11257,0.0,0.0,0.0,837.7097812,,T,test-only,,table
zezin2014_10.1021_je400761c_t2,ZEZIN(2014),,rho,523.2,300.0,0.10729,1.15239,1.0451,0.0,0.0,0.0,885.2797812,,T,test-only,,table
zezin2014_10.1021_je400761c_t2,ZEZIN(2014),,rho,523.16,300.0,0.10731,0.7578,0.65049,0.0,0.0,0.0,866.7523421,,T,test-only,,table
zezin2014_10.1021_je400761c_t2,ZEZIN(2014),,rho,523.16,300.0,0.10756,0.21811,0.11055,0.0,0.0,0.0,837.7123421,,T,test-only,,table
zezin2014_10.1021_je400761c_t2,ZEZIN(2014),,rho,523.16,300.0,0.10807,3.69196,3.58389,0.0,0.0,0.0,992.2923421,,T,test-only,,table
zezin2014_10.1021_je400761c_t2,ZEZIN(2014),,rho,523.19,300.0,0.11451,3.69009,3.57558,0.0,0.0,0.0,990.0929223,,T,test-only,,table
zezin2014_10.1021_je400761c_t2,ZEZIN(2014),,rho,523.17,300.0,0.99991,1.65003,0.65012,0.0,0.0,0.0,904.3192028,,T,test-only,,table
zezin2014_10.1021_je400761c_t2,ZEZIN(2014),,rho,523.17,300.0,1.00035,1.11135,0.111,0.0,0.0,0.0,878.9092028,,T,test-only,,table
zezin2014_10.1021_je400761c_t2,ZEZIN(2014),,rho,523.16,300.0,1.0007,4.58404,3.58334,0.0,0.0,0.0,1019.872342,,T,test-only,,table
zezin2014_10.1021_je400761c_t2,ZEZIN(2014),,rho,523.17,300.0,1.0009,2.04069,1.03979,0.0,0.0,0.0,920.5592028,,T,test-only,,table
zezin2014_10.1021_je400761c_t2,ZEZIN(2014),,rho,523.16,300.0,1.00099,3.23955,2.23856,0.0,0.0,0.0,970.4723421,,T,test-only,,table
zezin2014_10.1021_je400761c_t2,ZEZIN(2014),,rho,523.19,300.0,1.01161,3.2525,2.24089,0.0,0.0,0.0,969.9329223,,T,test-only,,table
zezin2014_10.1021_je400761c_t2,ZEZIN(2014),,rho,523.15,300.0,3.58159,3.69243,0.11084,0.0,0.0,0.0,975.7354808,,T,test-only,,table
zezin2014_10.1021_je400761c_t2,ZEZIN(2014),,rho,523.16,300.0,3.5817,3.5817,0.0,0.0,0.0,0.0,971.5323421,,T,test-only,,table
zezin2014_10.1021_je400761c_t2,ZEZIN(2014),,rho,523.22,300.0,3.58464,4.70789,1.12325,0.0,0.0,0.0,1011.503497,,T,test-only,,table
zezin2014_10.1021_je400761c_t2,ZEZIN(2014),,rho,523.17,300.0,3.5847,5.82886,2.24416,0.0,0.0,0.0,1044.539203,,T,test-only,,table
zezin2014_10.1021_je400761c_t2,ZEZIN(2014),,rho,523.16,300.0,3.58557,4.22955,0.64398,0.0,0.0,0.0,995.8323421,,T,test-only,,table
zezin2014_10.1021_je400761c_t2,ZEZIN(2014),,rho,523.15,400.0,0.01075,0.6593,0.64855,0.0,0.0,0.0,869.3161376,,T,test-only,,table
zezin2014_10.1021_je400761c_t2,ZEZIN(2014),,rho,523.2,400.0,0.01186,3.59615,3.58429,0.0,0.0,0.0,990.8137235,,T,test-only,,table
zezin2014_10.1021_je400761c_t2,ZEZIN(2014),,rho,523.15,400.0,0.09977,0.09977,0.0,0.0,0.0,0.0,839.5061376,,T,test-only,,table
zezin2014_10.1021_je400761c_t2,ZEZIN(2014),,rho,523.17,400.0,0.10395,2.16797,2.06402,0.0,0.0,0.0,938.0911735,,T,test-only,,table
zezin2014_10.1021_je400761c_t2,ZEZIN(2014),,rho,523.18,400.0,0.10654,3.69204,3.5855,0.0,0.0,0.0,995.9286907,,T,test-only,,table
zezin2014_10.1021_je400761c_t2,ZEZIN(2014),,rho,523.17,400.0,0.10676,1.13408,1.02732,0.0,0.0,0.0,892.0511735,,T,test-only,,table
zezin2014_10.1021_je400761c_t2,ZEZIN(2014),,rho,523.16,400.0,0.10678,2.34563,2.23885,0.0,0.0,0.0,946.2636558,,T,test-only,,table
zezin2014_10.1021_je400761c_t2,ZEZIN(2014),,rho,523.21,400.0,0.10729,1.15239,1.0451,0.0,0.0,0.0,892.8112391,,T,test-only,,table
zezin2014_10.1021_je400761c_t2,ZEZIN(2014),,rho,523.17,100.0,1.01161,3.2525,2.24089,0.0,0.0,0.0,956.772931,,T,test-only,,table
zezin2014_10.1021_je400761c_t2,ZEZIN(2014),,rho,523.15,100.0,2.99853,2.99853,0.0,0.0,0.0,0.0,938.2527666,,T,test-only,,table
zezin2014_10.1021_je400761c_t2,ZEZIN(2014),,rho,523.15,100.0,3.58159,3.69243,0.11084,0.0,0.0,0.0,963.1927666,,T,test-only,,table
zezin2014_10.1021_je400761c_t2,ZEZIN(2014),,rho,523.15,100.0,3.5817,3.5817,0.0,0.0,0.0,0.0,958.9327666,,T,test-only,,table
zezin2014_10.1021_je400761c_t2,ZEZIN(2014),,rho,523.15,100.0,3.58464,4.70789,1.12325,0.0,0.0,0.0,999.7327666,,T,test-only,,table
zezin2014_10.1021_je400761c_t2,ZEZIN(2014),,rho,523.17,100.0,3.5847,5.82886,2.24416,0.0,0.0,0.0,1033.372931,,T,test-only,,table
zezin2014_10.1021_je400761c_t2,ZEZIN(2014),,rho,523.15,100.0,3.58557,4.22955,0.64398,0.0,0.0,0.0,983.9227666,,T,test-only,,table
zezin2014_10.1021_je400761c_t2,ZEZIN(2014),,rho,523.15,200.0,0.01075,0.6593,0.64855,0.0,0.0,0.0,853.008788,,T,test-only,,table
zezin2014_10.1021_je400761c_t2,ZEZIN(2014),,rho,523.16,200.0,0.01186,3.59615,3.58429,0.0,0.0,0.0,978.1548562,,T,test-only,,table
zezin2014_10.1021_je400761c_t2,ZEZIN(2014),,rho,523.15,200.0,0.09977,0.09977,0.0,0.0,0.0,0.0,821.678788,,T,test-only,,table
zezin2014_10.1021_je400761c_t2,ZEZIN(2014),,rho,523.16,200.0,0.10395,2.16797,2.06402,0.0,0.0,0.0,924.1748562,,T,test-only,,table
zezin2014_10.1021_je400761c_t2,ZEZIN(2014),,rho,523.17,200.0,0.10654,3.69204,3.5855,0.0,0.0,0.0,983.5509237,,T,test-only,,table
zezin2014_10.1021_je400761c_t2,ZEZIN(2014),,rho,523.16,200.0,0.10676,1.13408,1.02732,0.0,0.0,0.0,876.5348562,,T,test-only,,table
zezin2014_10.1021_je400761c_t2,ZEZIN(2014),,rho,523.16,200.0,0.10678,2.34563,2.23885,0.0,0.0,0.0,932.5448562,,T,test-only,,table
zezin2014_10.1021_je400761c_t2,ZEZIN(2014),,rho,523.2,200.0,0.10713,0.2197,0.11257,0.0,0.0,0.0,828.8491217,,T,test-only,,table
zezin2014_10.1021_je400761c_t2,ZEZIN(2014),,rho,523.15,200.0,0.10729,1.15239,1.0451,0.0,0.0,0.0,877.338788,,T,test-only,,table
zezin2014_10.1021_je400761c_t2,ZEZIN(2014),,rho,523.15,200.0,0.10731,0.7578,0.65049,0.0,0.0,0.0,858.478788,,T,test-only,,table
zezin2014_10.1021_je400761c_t2,ZEZIN(2014),,rho,523.17,200.0,0.10756,0.21811,0.11055,0.0,0.0,0.0,828.6209237,,T,test-only,,table
zezin2014_10.1021_je400761c_t2,ZEZIN(2014),,rho,523.16,200.0,0.10807,3.69196,3.58389,0.0,0.0,0.0,986.0848562,,T,test-only,,table
zezin2014_10.1021_je400761c_t2,ZEZIN(2014),,rho,523.16,400.0,0.10731,0.7578,0.65049,0.0,0.0,0.0,874.5336558,,T,test-only,,table
zezin2014_10.1021_je400761c_t2,ZEZIN(2014),,rho,523.16,400.0,0.10756,0.21811,0.11055,0.0,0.0,0.0,846.1436558,,T,test-only,,table
zezin2014_10.1021_je400761c_t2,ZEZIN(2014),,rho,523.17,400.0,0.10807,3.69196,3.58389,0.0,0.0,0.0,998.3211735,,T,test-only,,table
zezin2014_10.1021_je400761c_t2,ZEZIN(2014),,rho,523.19,400.0,0.11451,3.69009,3.57558,0.0,0.0,0.0,996.2262074,,T,test-only,,table
zezin2014_10.1021_je400761c_t2,ZEZIN(2014),,rho,523.15,400.0,0.49988,0.49988,0.0,0.0,0.0,0.0,858.7761376,,T,test-only,,table
zezin2014_10.1021_je400761c_t2,ZEZIN(2014),,rho,523.17,400.0,0.99991,1.65003,0.65012,0.0,0.0,0.0,911.4211735,,T,test-only,,table
zezin2014_10.1021_je400761c_t2,ZEZIN(2014),,rho,523.16,400.0,1.00035,1.11135,0.111,0.0,0.0,0.0,886.3736558,,T,test-only,,table
zezin2014_10.1021_je400761c_t2,ZEZIN(2014),,rho,523.15,400.0,1.0007,4.58404,3.58334,0.0,0.0,0.0,1025.596138,,T,test-only,,table
zezin2014_10.1021_je400761c_t2,ZEZIN(2014),,rho,523.19,400.0,1.0009,2.04069,1.03979,0.0,0.0,0.0,927.4862074,,T,test-only,,table
zezin2014_10.1021_je400761c_t2,ZEZIN(2014),,rho,523.16,400.0,1.00099,3.23955,2.23856,0.0,0.0,0.0,976.6836558,,T,test-only,,table
zezin2014_10.1021_je400761c_t2,ZEZIN(2014),,rho,523.16,400.0,1.00495,1.00495,0.0,0.0,0.0,0.0,881.0936558,,T,test-only,,table
zezin2014_10.1021_je400761c_t2,ZEZIN(2014),,rho,523.2,400.0,1.01161,3.2525,2.24089,0.0,0.0,0.0,976.2337235,,T,test-only,,table
zezin2014_10.1021_je400761c_t2,ZEZIN(2014),,rho,523.16,400.0,2.99853,2.99853,0.0,0.0,0.0,0.0,957.8036558,,T,test-only,,table
zezin2014_10.1021_je400761c_t2,ZEZIN(2014),,rho,523.16,400.0,3.58159,3.69243,0.11084,0.0,0.0,0.0,981.7636558,,T,test-only,,table
zezin2014_10.1021_je400761c_t2,ZEZIN(2014),,rho,523.15,400.0,3.5817,3.5817,0.0,0.0,0.0,0.0,977.5561376,,T,test-only,,table
zezin2014_10.1021_je400761c_t2,ZEZIN(2014),,rho,523.21,400.0,3.58464,4.70789,1.12325,0.0,0.0,0.0,1017.281239,,T,test-only,,table
zezin2014_10.1021_je400761c_t2,ZEZIN(2014),,rho,523.19,400.0,3.5847,5.82886,2.24416,0.0,0.0,0.0,1049.996207,,T,test-only,,table
zezin2014_10.1021_je400761c_t2,ZEZIN(2014),,rho,523.16,400.0,3.58557,4.22955,0.64398,0.0,0.0,0.0,1001.553656,,T,test-only,,table
song2014b_10.1021_je500062a_t4,SONG(2014b),,rho,274.15,100.04,0.0,0.0,0.0,0.0,0.0,0.0,1005.19,,T,test-only,,table
song2014b_10.1021_je500062a_t4,SONG(2014b),,rho,274.16,120.08,0.0,0.0,0.0,0.0,0.0,0.0,1005.98,,T,test-only,,table
song2014b_10.1021_je500062a_t4,SONG(2014b),,rho,274.18,140.02,0.0,0.0,0.0,0.0,0.0,0.0,1006.77,,T,test-only,,table
song2014b_10.1021_je500062a_t4,SONG(2014b),,rho,274.16,160.04,0.0,0.0,0.0,0.0,0.0,0.0,1007.56,,T,test-only,,table
song2014b_10.1021_je500062a_t4,SONG(2014b),,rho,274.17,180.06,0.0,0.0,0.0,0.0,0.0,0.0,1008.34,,T,test-only,,table
song2014b_10.1021_je500062a_t4,SONG(2014b),,rho,276.18,100.01,0.0,0.0,0.0,0.0,0.0,0.0,1005.17,,T,test-only,,table
song2014b_10.1021_je500062a_t4,SONG(2014b),,rho,276.19,120.07,0.0,0.0,0.0,0.0,0.0,0.0,1005.95,,T,test-only,,table
song2014b_10.1021_je500062a_t4,SONG(2014b),,rho,276.16,139.99,0.0,0.0,0.0,0.0,0.0,0.0,1006.73,,T,test-only,,table
song2014b_10.1021_je500062a_t4,SONG(2014b),,rho,276.17,160.02,0.0,0.0,0.0,0.0,0.0,0.0,1007.51,,T,test-only,,table
song2014b_10.1021_je500062a_t4,SONG(2014b),,rho,276.2,180.03,0.0,0.0,0.0,0.0,0.0,0.0,1008.27,,T,test-only,,table
song2014b_10.1021_je500062a_t4,SONG(2014b),,rho,278.17,100.01,0.0,0.0,0.0,0.0,0.0,0.0,1005.1,,T,test-only,,table
song2014b_10.1021_je500062a_t4,SONG(2014b),,rho,278.15,120.05,0.0,0.0,0.0,0.0,0.0,0.0,1005.87,,T,test-only,,table
song2014b_10.1021_je500062a_t4,SONG(2014b),,rho,278.16,140.08,0.0,0.0,0.0,0.0,0.0,0.0,1006.63,,T,test-only,,table
song2014b_10.1021_je500062a_t4,SONG(2014b),,rho,278.18,160.1,0.0,0.0,0.0,0.0,0.0,0.0,1007.4,,T,test-only,,table
song2014b_10.1021_je500062a_t4,SONG(2014b),,rho,278.16,179.98,0.0,0.0,0.0,0.0,0.0,0.0,1008.15,,T,test-only,,table
song2014b_10.1021_je500062a_t4,SONG(2014b),,rho,283.15,99.97,0.0,0.0,0.0,0.0,0.0,0.0,1004.68,,T,test-only,,table
song2014b_10.1021_je500062a_t4,SONG(2014b),,rho,283.18,120.06,0.0,0.0,0.0,0.0,0.0,0.0,1005.43,,T,test-only,,table
song2014b_10.1021_je500062a_t4,SONG(2014b),,rho,283.19,139.98,0.0,0.0,0.0,0.0,0.0,0.0,1006.15,,T,test-only,,table
song2014b_10.1021_je500062a_t4,SONG(2014b),,rho,283.16,160.03,0.0,0.0,0.0,0.0,0.0,0.0,1006.91,,T,test-only,,table
song2014b_10.1021_je500062a_t4,SONG(2014b),,rho,283.16,180.08,0.0,0.0,0.0,0.0,0.0,0.0,1007.64,,T,test-only,,table
song2014b_10.1021_je500062a_t4,SONG(2014b),,rho,293.17,100.1,0.0,0.0,0.0,0.0,0.0,0.0,1003.0,,T,test-only,,table
song2014b_10.1021_je500062a_t4,SONG(2014b),,rho,293.17,120.03,0.0,0.0,0.0,0.0,0.0,0.0,1003.71,,T,test-only,,table
song2014b_10.1021_je500062a_t4,SONG(2014b),,rho,293.18,140.07,0.0,0.0,0.0,0.0,0.0,0.0,1004.43,,T,test-only,,table
song2014b_10.1021_je500062a_t4,SONG(2014b),,rho,293.18,160.01,0.0,0.0,0.0,0.0,0.0,0.0,1005.13,,T,test-only,,table
song2014b_10.1021_je500062a_t4,SONG(2014b),,rho,293.18,180.04,0.0,0.0,0.0,0.0,0.0,0.0,1005.84,,T,test-only,,table
song2014b_10.1021_je500062a_t4,SONG(2014b),,rho,303.19,99.96,0.0,0.0,0.0,0.0,0.0,0.0,1000.38,,T,test-only,,table
song2014b_10.1021_je500062a_t4,SONG(2014b),,rho,303.18,119.99,0.0,0.0,0.0,0.0,0.0,0.0,1001.07,,T,test-only,,table
song2014b_10.1021_je500062a_t4,SONG(2014b),,rho,303.17,140.0,0.0,0.0,0.0,0.0,0.0,0.0,1001.76,,T,test-only,,table
song2014b_10.1021_je500062a_t4,SONG(2014b),,rho,303.17,159.94,0.0,0.0,0.0,0.0,0.0,0.0,1002.44,,T,test-only,,table
song2014b_10.1021_je500062a_t4,SONG(2014b),,rho,303.15,180.16,0.0,0.0,0.0,0.0,0.0,0.0,1003.14,,T,test-only,,table
song2014b_10.1021_je500062a_t4,SONG(2014b),,rho,313.12,99.94,0.0,0.0,0.0,0.0,0.0,0.0,996.94,,T,test-only,,table
song2014b_10.1021_je500062a_t4,SONG(2014b),,rho,313.14,119.98,0.0,0.0,0.0,0.0,0.0,0.0,997.62,,T,test-only,,table
song2014b_10.1021_je500062a_t4,SONG(2014b),,rho,313.14,140.0,0.0,0.0,0.0,0.0,0.0,0.0,998.29,,T,test-only,,table
song2014b_10.1021_je500062a_t4,SONG(2014b),,rho,313.15,160.06,0.0,0.0,0.0,0.0,0.0,0.0,998.97,,T,test-only,,table
song2014b_10.1021_je500062a_t4,SONG(2014b),,rho,313.15,180.0,0.0,0.0,0.0,0.0,0.0,0.0,999.64,,T,test-only,,table
song2014b_10.1021_je500062a_t4,SONG(2014b),,rho,323.13,100.07,0.0,0.0,0.0,0.0,0.0,0.0,992.81,,T,test-only,,table
song2014b_10.1021_je500062a_t4,SONG(2014b),,rho,323.13,120.01,0.0,0.0,0.0,0.0,0.0,0.0,993.48,,T,test-only,,table
song2014b_10.1021_je500062a_t4,SONG(2014b),,rho,323.11,140.03,0.0,0.0,0.0,0.0,0.0,0.0,994.17,,T,test-only,,table
song2014b_10.1021_je500062a_t4,SONG(2014b),,rho,323.1,159.95,0.0,0.0,0.0,0.0,0.0,0.0,994.84,,T,test-only,,table
song2014b_10.1021_je500062a_t4,SONG(2014b),,rho,323.12,179.99,0.0,0.0,0.0,0.0,0.0,0.0,995.49,,T,test-only,,table
song2014b_10.1021_je500062a_t4,SONG(2014b),,rho,333.22,99.99,0.0,0.0,0.0,0.0,0.0,0.0,987.55,,T,test-only,,table
song2014b_10.1021_je500062a_t4,SONG(2014b),,rho,333.2,120.07,0.0,0.0,0.0,0.0,0.0,0.0,988.24,,T,test-only,,table
song2014b_10.1021_je500062a_t4,SONG(2014b),,rho,333.18,140.02,0.0,0.0,0.0,0.0,0.0,0.0,988.93,,T,test-only,,table
song2014b_10.1021_je500062a_t4,SONG(2014b),,rho,333.19,159.97,0.0,0.0,0.0,0.0,0.0,0.0,989.59,,T,test-only,,table
song2014b_10.1021_je500062a_t4,SONG(2014b),,rho,333.19,180.01,0.0,0.0,0.0,0.0,0.0,0.0,990.25,,T,test-only,,table
song2014b_10.1021_je500062a_t4,SONG(2014b),,rho,343.17,99.95,0.0,0.0,0.0,0.0,0.0,0.0,982.69,,T,test-only,,table
song2014b_10.1021_je500062a_t4,SONG(2014b),,rho,343.18,119.99,0.0,0.0,0.0,0.0,0.0,0.0,983.38,,T,test-only,,table
song2014b_10.1021_je500062a_t4,SONG(2014b),,rho,343.19,140.03,0.0,0.0,0.0,0.0,0.0,0.0,984.06,,T,test-only,,table
song2014b_10.1021_je500062a_t4,SONG(2014b),,rho,343.22,160.09,0.0,0.0,0.0,0.0,0.0,0.0,984.73,,T,test-only,,table
song2014b_10.1021_je500062a_t4,SONG(2014b),,rho,343.18,180.02,0.0,0.0,0.0,0.0,0.0,0.0,985.45,,T,test-only,,table
song2014b_10.1021_je500062a_t4,SONG(2014b),,rho,353.15,100.04,0.0,0.0,0.0,0.0,0.0,0.0,976.35,,T,test-only,,table
song2014b_10.1021_je500062a_t4,SONG(2014b),,rho,353.18,120.01,0.0,0.0,0.0,0.0,0.0,0.0,977.05,,T,test-only,,table
song2014b_10.1021_je500062a_t4,SONG(2014b),,rho,353.23,140.06,0.0,0.0,0.0,0.0,0.0,0.0,977.75,,T,test-only,,table
song2014b_10.1021_je500062a_t4,SONG(2014b),,rho,353.23,160.01,0.0,0.0,0.0,0.0,0.0,0.0,978.43,,T,test-only,,table
song2014b_10.1021_je500062a_t4,SONG(2014b),,rho,353.18,180.08,0.0,0.0,0.0,0.0,0.0,0.0,979.16,,T,test-only,,table
song2014b_10.1021_je500062a_t4,SONG(2014b),,rho,363.15,100.05,0.0,0.0,0.0,0.0,0.0,0.0,970.29,,T,test-only,,table
song2014b_10.1021_je500062a_t4,SONG(2014b),,rho,363.14,119.99,0.0,0.0,0.0,0.0,0.0,0.0,971.01,,T,test-only,,table
song2014b_10.1021_je500062a_t4,SONG(2014b),,rho,363.15,140.0,0.0,0.0,0.0,0.0,0.0,0.0,971.73,,T,test-only,,table
song2014b_10.1021_je500062a_t4,SONG(2014b),,rho,363.16,160.06,0.0,0.0,0.0,0.0,0.0,0.0,972.44,,T,test-only,,table
song2014b_10.1021_je500062a_t4,SONG(2014b),,rho,363.14,180.09,0.0,0.0,0.0,0.0,0.0,0.0,973.16,,T,test-only,,table
song2014b_10.1021_je500062a_t4,SONG(2014b),,rho,373.18,100.03,0.0,0.0,0.0,0.0,0.0,0.0,963.33,,T,test-only,,table
song2014b_10.1021_je500062a_t4,SONG(2014b),,rho,373.16,120.08,0.0,0.0,0.0,0.0,0.0,0.0,964.07,,T,test-only,,table
song2014b_10.1021_je500062a_t4,SONG(2014b),,rho,373.18,140.14,0.0,0.0,0.0,0.0,0.0,0.0,964.81,,T,test-only,,table
song2014b_10.1021_je500062a_t4,SONG(2014b),,rho,373.19,160.01,0.0,0.0,0.0,0.0,0.0,0.0,965.54,,T,test-only,,table
song2014b_10.1021_je500062a_t4,SONG(2014b),,rho,373.18,180.06,0.0,0.0,0.0,0.0,0.0,0.0,966.28,,T,test-only,,table
song2014b_10.1021_je500062a_t4,SONG(2014b),,rho,383.13,99.98,0.0,0.0,0.0,0.0,0.0,0.0,956.24,,T,test-only,,table
song2014b_10.1021_je500062a_t4,SONG(2014b),,rho,383.13,120.03,0.0,0.0,0.0,0.0,0.0,0.0,957.0,,T,test-only,,table
song2014b_10.1021_je500062a_t4,SONG(2014b),,rho,383.14,139.97,0.0,0.0,0.0,0.0,0.0,0.0,957.74,,T,test-only,,table
song2014b_10.1021_je500062a_t4,SONG(2014b),,rho,383.13,160.02,0.0,0.0,0.0,0.0,0.0,0.0,958.54,,T,test-only,,table
song2014b_10.1021_je500062a_t4,SONG(2014b),,rho,383.12,179.97,0.0,0.0,0.0,0.0,0.0,0.0,959.29,,T,test-only,,table
song2014b_10.1021_je500062a_t4,SONG(2014b),,rho,393.15,100.07,0.0,0.0,0.0,0.0,0.0,0.0,948.46,,T,test-only,,table
song2014b_10.1021_je500062a_t4,SONG(2014b),,rho,393.15,120.02,0.0,0.0,0.0,0.0,0.0,0.0,949.25,,T,test-only,,table
song2014b_10.1021_je500062a_t4,SONG(2014b),,rho,393.14,140.01,0.0,0.0,0.0,0.0,0.0,0.0,950.07,,T,test-only,,table
song2014b_10.1021_je500062a_t4,SONG(2014b),,rho,393.13,159.98,0.0,0.0,0.0,0.0,0.0,0.0,950.87,,T,test-only,,table
song2014b_10.1021_je500062a_t4,SONG(2014b),,rho,393.13,180.03,0.0,0.0,0.0,0.0,0.0,0.0,951.66,,T,test-only,,table
song2014b_10.1021_je500062a_t4,SONG(2014b),,rho,403.16,100.07,0.0,0.0,0.0,0.0,0.0,0.0,940.26,,T,test-only,,table
song2014b_10.1021_je500062a_t4,SONG(2014b),,rho,403.14,120.03,0.0,0.0,0.0,0.0,0.0,0.0,941.11,,T,test-only,,table
song2014b_10.1021_je500062a_t4,SONG(2014b),,rho,403.16,139.98,0.0,0.0,0.0,0.0,0.0,0.0,941.94,,T,test-only,,table
song2014b_10.1021_je500062a_t4,SONG(2014b),,rho,403.18,160.01,0.0,0.0,0.0,0.0,0.0,0.0,942.74,,T,test-only,,table
song2014b_10.1021_je500062a_t4,SONG(2014b),,rho,403.11,180.03,0.0,0.0,0.0,0.0,0.0,0.0,943.65,,T,test-only,,table
song2014b_10.1021_je500062a_t4,SONG(2014b),,rho,413.14,100.06,0.0,0.0,0.0,0.0,0.0,0.0,931.9,,T,test-only,,table
song2014b_10.1021_je500062a_t4,SONG(2014b),,rho,413.17,120.04,0.0,0.0,0.0,0.0,0.0,0.0,932.76,,T,test-only,,table
song2014b_10.1021_je500062a_t4,SONG(2014b),,rho,413.14,140.09,0.0,0.0,0.0,0.0,0.0,0.0,933.67,,T,test-only,,table
song2014b_10.1021_je500062a_t4,SONG(2014b),,rho,413.15,160.07,0.0,0.0,0.0,0.0,0.0,0.0,934.54,,T,test-only,,table
song2014b_10.1021_je500062a_t4,SONG(2014b),,rho,413.14,180.0,0.0,0.0,0.0,0.0,0.0,0.0,935.42,,T,test-only,,table
zezin2014b_10.1021_je500371u_t2,ZEZIN(2014b),,rho,298.14,1.0,0.50003,0.70003,0.0,0.1,0.0,0.0,1025.779604,,T,test-only,,table
zezin2014b_10.1021_je500371u_t2,ZEZIN(2014b),,rho,298.15,1.0,0.10014,6.10214,0.0,3.001,0.0,0.0,1228.677039,,T,test-only,,table
zezin2014b_10.1021_je500371u_t2,ZEZIN(2014b),,rho,298.15,1.0,0.50048,0.52048,0.0,0.01,0.0,0.0,1018.087039,,T,test-only,,table
zezin2014b_10.1021_je500371u_t2,ZEZIN(2014b),,rho,298.15,1.0,1.02093,1.04293,0.0,0.011,0.0,0.0,1038.817039,,T,test-only,,table
zezin2014b_10.1021_je500371u_t2,ZEZIN(2014b),,rho,298.15,1.0,0.49908,0.69908,0.0,0.1,0.0,0.0,1025.807039,,T,test-only,,table
zezin2014b_10.1021_je500371u_t2,ZEZIN(2014b),,rho,298.15,1.0,1.00183,1.20183,0.0,0.1,0.0,0.0,1044.767039,,T,test-only,,table
zezin2014b_10.1021_je500371u_t2,ZEZIN(2014b),,rho,298.15,1.0,0.10007,0.30007,0.0,0.1,0.0,0.0,1010.087039,,T,test-only,,table
zezin2014b_10.1021_je500371u_t2,ZEZIN(2014b),,rho,298.15,1.0,3.00001,3.20201,0.0,0.101,0.0,0.0,1113.747039,,T,test-only,,table
zezin2014b_10.1021_je500371u_t2,ZEZIN(2014b),,rho,298.15,1.0,0.10089,0.50089,0.0,0.2,0.0,0.0,1019.087039,,T,test-only,,table
zezin2014b_10.1021_je500371u_t2,ZEZIN(2014b),,rho,298.15,1.0,1.00156,1.41756,0.0,0.208,0.0,0.0,1053.817039,,T,test-only,,table
zezin2014b_10.1021_je500371u_t2,ZEZIN(2014b),,rho,298.15,1.0,0.10023,1.10023,0.0,0.5,0.0,0.0,1044.717039,,T,test-only,,table
zezin2014b_10.1021_je500371u_t2,ZEZIN(2014b),,rho,298.15,1.0,0.50005,1.50005,0.0,0.5,0.0,0.0,1059.647039,,T,test-only,,table
zezin2014b_10.1021_je500371u_t2,ZEZIN(2014b),,rho,298.15,1.0,3.00476,4.00476,0.0,0.5,0.0,0.0,1140.957039,,T,test-only,,table
zezin2014b_10.1021_je500371u_t2,ZEZIN(2014b),,rho,298.15,1.0,1.00447,2.00647,0.0,0.501,0.0,0.0,1078.307039,,T,test-only,,table
zezin2014b_10.1021_je500371u_t2,ZEZIN(2014b),,rho,298.15,1.0,0.50141,2.50141,0.0,1.0,0.0,0.0,1099.357039,,T,test-only,,table
zezin2014b_10.1021_je500371u_t2,ZEZIN(2014b),,rho,298.15,1.0,3.00863,5.01263,0.0,1.002,0.0,0.0,1178.027039,,T,test-only,,table
zezin2014b_10.1021_je500371u_t2,ZEZIN(2014b),,rho,298.15,1.0,3.00338,6.58538,0.0,1.791,0.0,0.0,1229.057039,,T,test-only,,table
zezin2014b_10.1021_je500371u_t2,ZEZIN(2014b),,rho,298.15,1.0,1.05232,7.07032,0.0,3.009,0.0,0.0,1254.717039,,T,test-only,,table
zezin2014b_10.1021_je500371u_t2,ZEZIN(2014b),,rho,298.15,1.0,0.09999,2.09999,0.0,1.0,0.0,0.0,1085.737039,,T,test-only,,table
zezin2014b_10.1021_je500371u_t2,ZEZIN(2014b),,rho,298.15,50.0,0.50003,0.70003,0.0,0.1,0.0,0.0,1027.916162,,T,test-only,,table
zezin2014b_10.1021_je500371u_t2,ZEZIN(2014b),,rho,298.15,50.0,0.10014,6.10214,0.0,3.001,0.0,0.0,1230.426162,,T,test-only,,table
zezin2014b_10.1021_je500371u_t2,ZEZIN(2014b),,rho,298.15,50.0,0.50048,0.52048,0.0,0.01,0.0,0.0,1020.186162,,T,test-only,,table
zezin2014b_10.1021_je500371u_t2,ZEZIN(2014b),,rho,298.15,50.0,0.50041,0.60041,0.0,0.05,0.0,0.0,1023.766162,,T,test-only,,table
zezin2014b_10.1021_je500371u_t2,ZEZIN(2014b),,rho,298.15,50.0,0.0,0.198,0.0,0.099,0.0,0.0,1008.386162,,T,test-only,,table
zezin2014b_10.1021_je500371u_t2,ZEZIN(2014b),,rho,298.15,50.0,0.4991,0.6991,0.0,0.1,0.0,0.0,1027.906162,,T,test-only,,table
zezin2014b_10.1021_je500371u_t2,ZEZIN(2014b),,rho,298.15,50.0,1.00183,1.20183,0.0,0.1,0.0,0.0,1046.796162,,T,test-only,,table
zezin2014b_10.1021_je500371u_t2,ZEZIN(2014b),,rho,298.15,50.0,3.00338,3.20538,0.0,0.101,0.0,0.0,1115.456162,,T,test-only,,table
zezin2014b_10.1021_je500371u_t2,ZEZIN(2014b),,rho,298.15,50.0,0.10089,0.50089,0.0,0.2,0.0,0.0,1021.236162,,T,test-only,,table
zezin2014b_10.1021_je500371u_t2,ZEZIN(2014b),,rho,298.15,50.0,1.00156,1.41756,0.0,0.208,0.0,0.0,1055.866162,,T,test-only,,table
zezin2014b_10.1021_je500371u_t2,ZEZIN(2014b),,rho,298.15,50.0,0.0,0.98,0.0,0.49,0.0,0.0,1042.516162,,T,test-only,,table
zezin2014b_10.1021_je500371u_t2,ZEZIN(2014b),,rho,298.15,50.0,0.50005,1.50005,0.0,0.5,0.0,0.0,1061.596162,,T,test-only,,table
zezin2014b_10.1021_je500371u_t2,ZEZIN(2014b),,rho,298.15,50.0,3.00863,4.00863,0.0,0.5,0.0,0.0,1142.616162,,T,test-only,,table
zezin2014b_10.1021_je500371u_t2,ZEZIN(2014b),,rho,298.15,50.0,1.00097,2.00297,0.0,0.501,0.0,0.0,1079.756162,,T,test-only,,table
zezin2014b_10.1021_je500371u_t2,ZEZIN(2014b),,rho,298.15,50.0,1.00447,2.00647,0.0,0.501,0.0,0.0,1080.226162,,T,test-only,,table
zezin2014b_10.1021_je500371u_t2,ZEZIN(2014b),,rho,298.15,50.0,0.50141,2.50141,0.0,1.0,0.0,0.0,1101.196162,,T,test-only,,table
zezin2014b_10.1021_je500371u_t2,ZEZIN(2014b),,rho,298.15,50.0,3.00863,5.01263,0.0,1.002,0.0,0.0,1179.526162,,T,test-only,,table
zezin2014b_10.1021_je500371u_t2,ZEZIN(2014b),,rho,298.15,50.0,0.0,2.01,0.0,1.005,0.0,0.0,1084.916162,,T,test-only,,table
zezin2014b_10.1021_je500371u_t2,ZEZIN(2014b),,rho,298.15,50.0,1.00096,3.01296,0.0,1.006,0.0,0.0,1119.316162,,T,test-only,,table
zezin2014b_10.1021_je500371u_t2,ZEZIN(2014b),,rho,298.15,50.0,3.00476,6.58676,0.0,1.791,0.0,0.0,1230.416162,,T,test-only,,table
zezin2014b_10.1021_je500371u_t2,ZEZIN(2014b),,rho,298.15,50.0,0.48483,6.30083,0.0,2.908,0.0,0.0,1235.466162,,T,test-only,,table
zezin2014b_10.1021_je500371u_t2,ZEZIN(2014b),,rho,298.15,50.0,1.05232,7.07032,0.0,3.009,0.0,0.0,1256.036162,,T,test-only,,table
zezin2014b_10.1021_je500371u_t2,ZEZIN(2014b),,rho,298.15,50.0,0.10023,1.10023,0.0,0.5,0.0,0.0,1046.796162,,T,test-only,,table
zezin2014b_10.1021_je500371u_t2,ZEZIN(2014b),,rho,298.15,50.0,0.09999,2.09999,0.0,1.0,0.0,0.0,1087.736162,,T,test-only,,table
zezin2014b_10.1021_je500371u_t2,ZEZIN(2014b),,rho,298.16,50.0,0.10007,0.30007,0.0,0.1,0.0,0.0,1012.283536,,T,test-only,,table
zezin2014b_10.1021_je500371u_t2,ZEZIN(2014b),,rho,298.15,100.0,0.50048,0.52048,0.0,0.01,0.0,0.0,1022.31696,,T,test-only,,table
zezin2014b_10.1021_je500371u_t2,ZEZIN(2014b),,rho,298.15,100.0,0.50041,0.60041,0.0,0.05,0.0,0.0,1025.82696,,T,test-only,,table
zezin2014b_10.1021_je500371u_t2,ZEZIN(2014b),,rho,298.15,100.0,0.0,0.198,0.0,0.099,0.0,0.0,1010.59696,,T,test-only,,table
zezin2014b_10.1021_je500371u_t2,ZEZIN(2014b),,rho,298.15,100.0,0.4991,0.6991,0.0,0.1,0.0,0.0,1029.97696,,T,test-only,,table
zezin2014b_10.1021_je500371u_t2,ZEZIN(2014b),,rho,298.15,100.0,1.00183,1.20183,0.0,0.1,0.0,0.0,1048.75696,,T,test-only,,table
zezin2014b_10.1021_je500371u_t2,ZEZIN(2014b),,rho,298.15,100.0,3.00001,3.20201,0.0,0.101,0.0,0.0,1117.21696,,T,test-only,,table
zezin2014b_10.1021_je500371u_t2,ZEZIN(2014b),,rho,298.15,100.0,0.10089,0.50089,0.0,0.2,0.0,0.0,1023.31696,,T,test-only,,table
zezin2014b_10.1021_je500371u_t2,ZEZIN(2014b),,rho,298.15,100.0,1.00156,1.41756,0.0,0.208,0.0,0.0,1057.79696,,T,test-only,,table
zezin2014b_10.1021_je500371u_t2,ZEZIN(2014b),,rho,298.15,100.0,0.0,0.98,0.0,0.49,0.0,0.0,1044.61696,,T,test-only,,table
zezin2014b_10.1021_je500371u_t2,ZEZIN(2014b),,rho,298.15,100.0,0.50005,1.50005,0.0,0.5,0.0,0.0,1063.61696,,T,test-only,,table
zezin2014b_10.1021_je500371u_t2,ZEZIN(2014b),,rho,298.15,100.0,3.00476,4.00476,0.0,0.5,0.0,0.0,1144.37696,,T,test-only,,table
zezin2014b_10.1021_je500371u_t2,ZEZIN(2014b),,rho,298.15,100.0,1.00097,2.00297,0.0,0.501,0.0,0.0,1081.76696,,T,test-only,,table
zezin2014b_10.1021_je500371u_t2,ZEZIN(2014b),,rho,298.15,100.0,1.00447,2.00647,0.0,0.501,0.0,0.0,1082.13696,,T,test-only,,table
zezin2014b_10.1021_je500371u_t2,ZEZIN(2014b),,rho,298.15,100.0,0.50141,2.50141,0.0,1.0,0.0,0.0,1103.10696,,T,test-only,,table
zezin2014b_10.1021_je500371u_t2,ZEZIN(2014b),,rho,298.15,100.0,3.00863,5.01263,0.0,1.002,0.0,0.0,1181.22696,,T,test-only,,table
zezin2014b_10.1021_je500371u_t2,ZEZIN(2014b),,rho,298.15,100.0,0.0,2.01,0.0,1.005,0.0,0.0,1086.90696,,T,test-only,,table
zezin2014b_10.1021_je500371u_t2,ZEZIN(2014b),,rho,298.15,100.0,1.00096,3.01296,0.0,1.006,0.0,0.0,1121.22696,,T,test-only,,table
zezin2014b_10.1021_je500371u_t2,ZEZIN(2014b),,rho,298.15,100.0,3.00338,6.58538,0.0,1.791,0.0,0.0,1232.06696,,T,test-only,,table
zezin2014b_10.1021_je500371u_t2,ZEZIN(2014b),,rho,298.15,100.0,0.48483,6.30083,0.0,2.908,0.0,0.0,1237.16696,,T,test-only,,table
zezin2014b_10.1021_je500371u_t2,ZEZIN(2014b),,rho,298.15,100.0,0.10014,6.10214,0.0,3.001,0.0,0.0,1232.25696,,T,test-only,,table
zezin2014b_10.1021_je500371u_t2,ZEZIN(2014b),,rho,298.15,100.0,1.05232,7.07032,0.0,3.009,0.0,0.0,1257.68696,,T,test-only,,table
zezin2014b_10.1021_je500371u_t2,ZEZIN(2014b),,rho,298.15,100.0,0.10023,1.10023,0.0,0.5,0.0,0.0,1048.87696,,T,test-only,,table
zezin2014b_10.1021_je500371u_t2,ZEZIN(2014b),,rho,298.15,100.0,0.09999,2.09999,0.0,1.0,0.0,0.0,1089.71696,,T,test-only,,table
zezin2014b_10.1021_je500371u_t2,ZEZIN(2014b),,rho,298.15,100.0,0.10007,0.30007,0.0,0.1,0.0,0.0,1014.44696,,T,test-only,,table
zezin2014b_10.1021_je500371u_t2,ZEZIN(2014b),,rho,298.16,100.0,0.50003,0.70003,0.0,0.1,0.0,0.0,1030.044274,,T,test-only,,table
zezin2014b_10.1021_je500371u_t2,ZEZIN(2014b),,rho,298.15,200.0,0.50048,0.52048,0.0,0.01,0.0,0.0,1026.56999,,T,test-only,,table
zezin2014b_10.1021_je500371u_t2,ZEZIN(2014b),,rho,298.15,200.0,0.50041,0.60041,0.0,0.05,0.0,0.0,1030.03999,,T,test-only,,table
zezin2014b_10.1021_je500371u_t2,ZEZIN(2014b),,rho,298.15,200.0,0.0,0.198,0.0,0.099,0.0,0.0,1014.91999,,T,test-only,,table
zezin2014b_10.1021_je500371u_t2,ZEZIN(2014b),,rho,298.15,200.0,0.4991,0.6991,0.0,0.1,0.0,0.0,1034.10999,,T,test-only,,table
zezin2014b_10.1021_je500371u_t2,ZEZIN(2014b),,rho,298.15,200.0,1.00183,1.20183,0.0,0.1,0.0,0.0,1052.78999,,T,test-only,,table
zezin2014b_10.1021_je500371u_t2,ZEZIN(2014b),,rho,298.15,200.0,0.10007,0.30007,0.0,0.1,0.0,0.0,1018.73999,,T,test-only,,table
zezin2014b_10.1021_je500371u_t2,ZEZIN(2014b),,rho,298.15,200.0,0.50003,0.70003,0.0,0.1,0.0,0.0,1034.17999,,T,test-only,,table
zezin2014b_10.1021_je500371u_t2,ZEZIN(2014b),,rho,298.15,200.0,3.00001,3.20201,0.0,0.101,0.0,0.0,1120.90999,,T,test-only,,table
zezin2014b_10.1021_je500371u_t2,ZEZIN(2014b),,rho,298.15,200.0,0.10089,0.50089,0.0,0.2,0.0,0.0,1027.61999,,T,test-only,,table
zezin2014b_10.1021_je500371u_t2,ZEZIN(2014b),,rho,298.15,200.0,1.00156,1.41756,0.0,0.208,0.0,0.0,1061.82999,,T,test-only,,table
zezin2014b_10.1021_je500371u_t2,ZEZIN(2014b),,rho,298.15,200.0,0.0,0.98,0.0,0.49,0.0,0.0,1048.77999,,T,test-only,,table
zezin2014b_10.1021_je500371u_t2,ZEZIN(2014b),,rho,298.15,200.0,0.50005,1.50005,0.0,0.5,0.0,0.0,1067.64999,,T,test-only,,table
zezin2014b_10.1021_je500371u_t2,ZEZIN(2014b),,rho,298.15,200.0,3.00476,4.00476,0.0,0.5,0.0,0.0,1147.92999,,T,test-only,,table
zezin2014b_10.1021_je500371u_t2,ZEZIN(2014b),,rho,298.15,200.0,1.00097,2.00297,0.0,0.501,0.0,0.0,1085.61999,,T,test-only,,table
zezin2014b_10.1021_je500371u_t2,ZEZIN(2014b),,rho,298.15,200.0,1.00447,2.00647,0.0,0.501,0.0,0.0,1086.02999,,T,test-only,,table
zezin2014b_10.1021_je500371u_t2,ZEZIN(2014b),,rho,298.15,200.0,0.50141,2.50141,0.0,1.0,0.0,0.0,1106.89999,,T,test-only,,table
zezin2014b_10.1021_je500371u_t2,ZEZIN(2014b),,rho,298.15,200.0,0.09999,2.09999,0.0,1.0,0.0,0.0,1093.67999,,T,test-only,,table
zezin2014b_10.1021_je500371u_t2,ZEZIN(2014b),,rho,298.15,200.0,3.00863,5.01263,0.0,1.002,0.0,0.0,1184.73999,,T,test-only,,table
zezin2014b_10.1021_je500371u_t2,ZEZIN(2014b),,rho,298.15,200.0,0.0,2.01,0.0,1.005,0.0,0.0,1090.85999,,T,test-only,,table
zezin2014b_10.1021_je500371u_t2,ZEZIN(2014b),,rho,298.15,200.0,1.00096,3.01296,0.0,1.006,0.0,0.0,1124.95999,,T,test-only,,table
zezin2014b_10.1021_je500371u_t2,ZEZIN(2014b),,rho,298.15,200.0,3.00338,6.58538,0.0,1.791,0.0,0.0,1235.43999,,T,test-only,,table
zezin2014b_10.1021_je500371u_t2,ZEZIN(2014b),,rho,298.15,200.0,0.48483,6.30083,0.0,2.908,0.0,0.0,1240.56999,,T,test-only,,table
zezin2014b_10.1021_je500371u_t2,ZEZIN(2014b),,rho,298.15,200.0,1.05232,7.07032,0.0,3.009,0.0,0.0,1261.10999,,T,test-only,,table
zezin2014b_10.1021_je500371u_t2,ZEZIN(2014b),,rho,298.15,200.0,0.10023,1.10023,0.0,0.5,0.0,0.0,1053.02999,,T,test-only,,table
zezin2014b_10.1021_je500371u_t2,ZEZIN(2014b),,rho,298.16,200.0,0.10014,6.10214,0.0,3.001,0.0,0.0,1235.757185,,T,test-only,,table
zezin2014b_10.1021_je500371u_t2,ZEZIN(2014b),,rho,298.15,400.0,0.50048,0.52048,0.0,0.01,0.0,0.0,1034.743122,,T,test-only,,table
zezin2014b_10.1021_je500371u_t2,ZEZIN(2014b),,rho,298.15,400.0,0.50041,0.60041,0.0,0.05,0.0,0.0,1038.163122,,T,test-only,,table
zezin2014b_10.1021_je500371u_t2,ZEZIN(2014b),,rho,298.15,400.0,0.0,0.198,0.0,0.099,0.0,0.0,1023.243122,,T,test-only,,table
zezin2014b_10.1021_je500371u_t2,ZEZIN(2014b),,rho,298.15,400.0,0.4991,0.6991,0.0,0.1,0.0,0.0,1042.173122,,T,test-only,,table
zezin2014b_10.1021_je500371u_t2,ZEZIN(2014b),,rho,298.15,400.0,1.00183,1.20183,0.0,0.1,0.0,0.0,1060.643122,,T,test-only,,table
zezin2014b_10.1021_je500371u_t2,ZEZIN(2014b),,rho,298.15,400.0,0.10007,0.30007,0.0,0.1,0.0,0.0,1027.103122,,T,test-only,,table
zezin2014b_10.1021_je500371u_t2,ZEZIN(2014b),,rho,298.15,400.0,0.50003,0.70003,0.0,0.1,0.0,0.0,1042.313122,,T,test-only,,table
zezin2014b_10.1021_je500371u_t2,ZEZIN(2014b),,rho,298.15,400.0,3.00001,3.20201,0.0,0.101,0.0,0.0,1127.873122,,T,test-only,,table
zezin2014b_10.1021_je500371u_t2,ZEZIN(2014b),,rho,298.15,400.0,0.10089,0.50089,0.0,0.2,0.0,0.0,1035.893122,,T,test-only,,table
zezin2014b_10.1021_je500371u_t2,ZEZIN(2014b),,rho,298.15,400.0,1.00156,1.41756,0.0,0.208,0.0,0.0,1069.583122,,T,test-only,,table
zezin2014b_10.1021_je500371u_t2,ZEZIN(2014b),,rho,298.15,400.0,0.0,0.98,0.0,0.49,0.0,0.0,1056.753122,,T,test-only,,table
zezin2014b_10.1021_je500371u_t2,ZEZIN(2014b),,rho,298.15,400.0,0.50005,1.50005,0.0,0.5,0.0,0.0,1075.343122,,T,test-only,,table
zezin2014b_10.1021_je500371u_t2,ZEZIN(2014b),,rho,298.15,400.0,3.00476,4.00476,0.0,0.5,0.0,0.0,1154.823122,,T,test-only,,table
zezin2014b_10.1021_je500371u_t2,ZEZIN(2014b),,rho,298.15,400.0,1.00097,2.00297,0.0,0.501,0.0,0.0,1093.223122,,T,test-only,,table
zezin2014b_10.1021_je500371u_t2,ZEZIN(2014b),,rho,298.15,400.0,1.00447,2.00647,0.0,0.501,0.0,0.0,1093.513122,,T,test-only,,table
zezin2014b_10.1021_je500371u_t2,ZEZIN(2014b),,rho,298.15,400.0,0.50141,2.50141,0.0,1.0,0.0,0.0,1114.323122,,T,test-only,,table
zezin2014b_10.1021_je500371u_t2,ZEZIN(2014b),,rho,298.15,400.0,0.09999,2.09999,0.0,1.0,0.0,0.0,1101.363122,,T,test-only,,table
zezin2014b_10.1021_je500371u_t2,ZEZIN(2014b),,rho,298.15,400.0,3.00863,5.01263,0.0,1.002,0.0,0.0,1191.353122,,T,test-only,,table
zezin2014b_10.1021_je500371u_t2,ZEZIN(2014b),,rho,298.15,400.0,0.0,2.01,0.0,1.005,0.0,0.0,1098.543122,,T,test-only,,table
zezin2014b_10.1021_je500371u_t2,ZEZIN(2014b),,rho,298.15,400.0,1.00096,3.01296,0.0,1.006,0.0,0.0,1132.203122,,T,test-only,,table
zezin2014b_10.1021_je500371u_t2,ZEZIN(2014b),,rho,298.15,400.0,3.00338,6.58538,0.0,1.791,0.0,0.0,1241.813122,,T,test-only,,table
zezin2014b_10.1021_je500371u_t2,ZEZIN(2014b),,rho,298.15,400.0,0.48483,6.30083,0.0,2.908,0.0,0.0,1247.213122,,T,test-only,,table
zezin2014b_10.1021_je500371u_t2,ZEZIN(2014b),,rho,298.15,400.0,1.05232,7.07032,0.0,3.009,0.0,0.0,1267.563122,,T,test-only,,table
zezin2014b_10.1021_je500371u_t2,ZEZIN(2014b),,rho,298.15,400.0,0.10023,1.10023,0.0,0.5,0.0,0.0,1061.043122,,T,test-only,,table
zezin2014b_10.1021_je500371u_t2,ZEZIN(2014b),,rho,298.15,400.0,0.10014,6.10214,0.0,3.001,0.0,0.0,1242.563122,,T,test-only,,table
zezin2014b_10.1021_je500371u_t2,ZEZIN(2014b),,rho,298.15,700.0,0.50048,0.52048,0.0,0.01,0.0,0.0,1046.454293,,T,test-only,,table
zezin2014b_10.1021_je500371u_t2,ZEZIN(2014b),,rho,298.15,700.0,0.50041,0.60041,0.0,0.05,0.0,0.0,1049.674293,,T,test-only,,table
zezin2014b_10.1021_je500371u_t2,ZEZIN(2014b),,rho,298.15,700.0,0.0,0.198,0.0,0.099,0.0,0.0,1035.254293,,T,test-only,,table
zezin2014b_10.1021_je500371u_t2,ZEZIN(2014b),,rho,298.15,700.0,0.10089,0.50089,0.0,0.2,0.0,0.0,1047.604293,,T,test-only,,table
zezin2014b_10.1021_je500371u_t2,ZEZIN(2014b),,rho,298.15,700.0,1.00156,1.41756,0.0,0.208,0.0,0.0,1080.724293,,T,test-only,,table
zezin2014b_10.1021_je500371u_t2,ZEZIN(2014b),,rho,298.15,700.0,0.0,0.98,0.0,0.49,0.0,0.0,1068.374293,,T,test-only,,table
zezin2014b_10.1021_je500371u_t2,ZEZIN(2014b),,rho,298.15,700.0,1.00097,2.00297,0.0,0.501,0.0,0.0,1103.944293,,T,test-only,,table
zezin2014b_10.1021_je500371u_t2,ZEZIN(2014b),,rho,298.15,700.0,0.0,2.01,0.0,1.005,0.0,0.0,1109.614293,,T,test-only,,table
zezin2014b_10.1021_je500371u_t2,ZEZIN(2014b),,rho,298.15,700.0,1.00096,3.01296,0.0,1.006,0.0,0.0,1142.694293,,T,test-only,,table
zezin2014b_10.1021_je500371u_t2,ZEZIN(2014b),,rho,298.15,700.0,0.48483,6.30083,0.0,2.908,0.0,0.0,1256.924293,,T,test-only,,table
zezin2014b_10.1021_je500371u_t2,ZEZIN(2014b),,rho,373.15,20.0,0.49987,6.49787,0.0,2.999,0.0,0.0,1198.628548,,T,test-only,,table
zezin2014b_10.1021_je500371u_t2,ZEZIN(2014b),,rho,373.15,20.0,0.10007,0.30007,0.0,0.1,0.0,0.0,972.248548,,T,test-only,,table
zezin2014b_10.1021_je500371u_t2,ZEZIN(2014b),,rho,373.15,20.0,0.50003,0.70003,0.0,0.1,0.0,0.0,987.258548,,T,test-only,,table
zezin2014b_10.1021_je500371u_t2,ZEZIN(2014b),,rho,373.15,20.0,0.10023,1.10023,0.0,0.5,0.0,0.0,1006.828548,,T,test-only,,table
zezin2014b_10.1021_je500371u_t2,ZEZIN(2014b),,rho,373.15,20.0,0.50005,1.50005,0.0,0.5,0.0,0.0,1020.908548,,T,test-only,,table
zezin2014b_10.1021_je500371u_t2,ZEZIN(2014b),,rho,373.15,20.0,0.50139,2.50139,0.0,1.0,0.0,0.0,1060.658548,,T,test-only,,table
zezin2014b_10.1021_je500371u_t2,ZEZIN(2014b),,rho,373.15,20.0,0.09999,2.09999,0.0,1.0,0.0,0.0,1047.618548,,T,test-only,,table
zezin2014b_10.1021_je500371u_t2,ZEZIN(2014b),,rho,373.15,20.0,0.10014,6.10214,0.0,3.001,0.0,0.0,1188.358548,,T,test-only,,table
zezin2014b_10.1021_je500371u_t2,ZEZIN(2014b),,rho,373.15,50.0,0.10011,0.12011,0.0,0.01,0.0,0.0,965.5741347,,T,test-only,,table
zezin2014b_10.1021_je500371u_t2,ZEZIN(2014b),,rho,373.15,50.0,0.50048,0.52048,0.0,0.01,0.0,0.0,980.7841347,,T,test-only,,table
zezin2014b_10.1021_je500371u_t2,ZEZIN(2014b),,rho,373.15,50.0,3.0021,3.0221,0.0,0.01,0.0,0.0,1066.334135,,T,test-only,,table
zezin2014b_10.1021_je500371u_t2,ZEZIN(2014b),,rho,373.15,50.0,1.01314,1.03514,0.0,0.011,0.0,0.0,999.8541347,,T,test-only,,table
zezin2014b_10.1021_je500371u_t2,ZEZIN(2014b),,rho,373.15,50.0,3.01468,3.11468,0.0,0.05,0.0,0.0,1069.624135,,T,test-only,,table
zezin2014b_10.1021_je500371u_t2,ZEZIN(2014b),,rho,373.15,50.0,0.10054,0.20054,0.0,0.05,0.0,0.0,969.2641347,,T,test-only,,table
zezin2014b_10.1021_je500371u_t2,ZEZIN(2014b),,rho,373.15,50.0,1.00934,1.11134,0.0,0.051,0.0,0.0,1002.964135,,T,test-only,,table
zezin2014b_10.1021_je500371u_t2,ZEZIN(2014b),,rho,373.15,50.0,0.0,0.198,0.0,0.099,0.0,0.0,969.8141347,,T,test-only,,table
zezin2014b_10.1021_je500371u_t2,ZEZIN(2014b),,rho,373.15,50.0,0.49994,0.69994,0.0,0.1,0.0,0.0,988.6941347,,T,test-only,,table
zezin2014b_10.1021_je500371u_t2,ZEZIN(2014b),,rho,373.15,50.0,1.00183,1.20183,0.0,0.1,0.0,0.0,1006.754135,,T,test-only,,table
zezin2014b_10.1021_je500371u_t2,ZEZIN(2014b),,rho,373.15,50.0,0.10002,0.30002,0.0,0.1,0.0,0.0,973.6541347,,T,test-only,,table
zezin2014b_10.1021_je500371u_t2,ZEZIN(2014b),,rho,373.15,50.0,3.00001,3.20201,0.0,0.101,0.0,0.0,1072.794135,,T,test-only,,table
zezin2014b_10.1021_je500371u_t2,ZEZIN(2014b),,rho,373.15,50.0,0.50272,0.90272,0.0,0.2,0.0,0.0,997.2441347,,T,test-only,,table
zezin2014b_10.1021_je500371u_t2,ZEZIN(2014b),,rho,373.15,50.0,0.10089,0.50089,0.0,0.2,0.0,0.0,982.5041347,,T,test-only,,table
zezin2014b_10.1021_je500371u_t2,ZEZIN(2014b),,rho,373.15,50.0,3.02274,3.42674,0.0,0.202,0.0,0.0,1081.144135,,T,test-only,,table
zezin2014b_10.1021_je500371u_t2,ZEZIN(2014b),,rho,373.15,50.0,1.00156,1.41756,0.0,0.208,0.0,0.0,1015.794135,,T,test-only,,table
zezin2014b_10.1021_je500371u_t2,ZEZIN(2014b),,rho,373.15,50.0,0.0,0.98,0.0,0.49,0.0,0.0,1003.914135,,T,test-only,,table
zezin2014b_10.1021_je500371u_t2,ZEZIN(2014b),,rho,373.15,50.0,3.00476,4.00476,0.0,0.5,0.0,0.0,1101.684135,,T,test-only,,table
zezin2014b_10.1021_je500371u_t2,ZEZIN(2014b),,rho,373.15,50.0,1.00097,2.00297,0.0,0.501,0.0,0.0,1039.284135,,T,test-only,,table
zezin2014b_10.1021_je500371u_t2,ZEZIN(2014b),,rho,373.15,50.0,3.00563,4.00763,0.0,0.501,0.0,0.0,1101.774135,,T,test-only,,table
zezin2014b_10.1021_je500371u_t2,ZEZIN(2014b),,rho,373.15,50.0,1.00447,2.00647,0.0,0.501,0.0,0.0,1039.294135,,T,test-only,,table
zezin2014b_10.1021_je500371u_t2,ZEZIN(2014b),,rho,373.15,50.0,0.10011,2.10011,0.0,1.0,0.0,0.0,1048.904135,,T,test-only,,table
zezin2014b_10.1021_je500371u_t2,ZEZIN(2014b),,rho,373.15,50.0,0.50139,2.50139,0.0,1.0,0.0,0.0,1061.944135,,T,test-only,,table
zezin2014b_10.1021_je500371u_t2,ZEZIN(2014b),,rho,373.15,50.0,1.00844,3.01244,0.0,1.002,0.0,0.0,1077.994135,,T,test-only,,table
zezin2014b_10.1021_je500371u_t2,ZEZIN(2014b),,rho,373.15,50.0,3.00863,5.01263,0.0,1.002,0.0,0.0,1136.444135,,T,test-only,,table
zezin2014b_10.1021_je500371u_t2,ZEZIN(2014b),,rho,373.15,50.0,0.0,2.01,0.0,1.005,0.0,0.0,1045.844135,,T,test-only,,table
zezin2014b_10.1021_je500371u_t2,ZEZIN(2014b),,rho,373.15,50.0,1.00096,3.01296,0.0,1.006,0.0,0.0,1078.404135,,T,test-only,,table
zezin2014b_10.1021_je500371u_t2,ZEZIN(2014b),,rho,373.15,50.0,3.00338,6.58538,0.0,1.791,0.0,0.0,1187.254135,,T,test-only,,table
zezin2014b_10.1021_je500371u_t2,ZEZIN(2014b),,rho,373.15,50.0,1.99123,5.98123,0.0,1.995,0.0,0.0,1174.714135,,T,test-only,,table
zezin2014b_10.1021_je500371u_t2,ZEZIN(2014b),,rho,373.15,50.0,0.10033,6.09633,0.0,2.998,0.0,0.0,1189.514135,,T,test-only,,table
zezin2014b_10.1021_je500371u_t2,ZEZIN(2014b),,rho,373.15,50.0,0.49994,6.49794,0.0,2.999,0.0,0.0,1199.844135,,T,test-only,,table
zezin2014b_10.1021_je500371u_t2,ZEZIN(2014b),,rho,373.15,50.0,1.05232,7.07032,0.0,3.009,0.0,0.0,1213.034135,,T,test-only,,table
zezin2014b_10.1021_je500371u_t2,ZEZIN(2014b),,rho,373.15,50.0,0.0,11.906,0.0,5.953,0.0,0.0,1337.864135,,T,test-only,,table
zezin2014b_10.1021_je500371u_t2,ZEZIN(2014b),,rho,373.15,50.0,0.10066,12.10866,0.0,6.004,0.0,0.0,1346.674135,,T,test-only,,table
zezin2014b_10.1021_je500371u_t2,ZEZIN(2014b),,rho,373.15,50.0,0.50005,1.50005,0.0,0.5,0.0,0.0,1022.204135,,T,test-only,,table
zezin2014b_10.1021_je500371u_t2,ZEZIN(2014b),,rho,373.15,50.0,0.10023,1.10023,0.0,0.5,0.0,0.0,1008.174135,,T,test-only,,table
zezin2014b_10.1021_je500371u_t2,ZEZIN(2014b),,rho,373.16,50.0,0.0,6.008,0.0,3.004,0.0,0.0,1187.167004,,T,test-only,,table
zezin2014b_10.1021_je500371u_t2,ZEZIN(2014b),,rho,373.15,100.0,0.10023,1.10023,0.0,0.5,0.0,0.0,1010.28375,,T,test-only,,table
zezin2014b_10.1021_je500371u_t2,ZEZIN(2014b),,rho,373.15,100.0,0.50005,1.50005,0.0,0.5,0.0,0.0,1024.29375,,T,test-only,,table
zezin2014b_10.1021_je500371u_t2,ZEZIN(2014b),,rho,373.15,100.0,0.10011,0.12011,0.0,0.01,0.0,0.0,967.8937501,,T,test-only,,table
zezin2014b_10.1021_je500371u_t2,ZEZIN(2014b),,rho,373.15,100.0,0.50048,0.52048,0.0,0.01,0.0,0.0,983.1337501,,T,test-only,,table
zezin2014b_10.1021_je500371u_t2,ZEZIN(2014b),,rho,373.15,100.0,3.0021,3.0221,0.0,0.01,0.0,0.0,1068.35375,,T,test-only,,table
zezin2014b_10.1021_je500371u_t2,ZEZIN(2014b),,rho,373.15,100.0,1.01314,1.03514,0.0,0.011,0.0,0.0,1002.06375,,T,test-only,,table
zezin2014b_10.1021_je500371u_t2,ZEZIN(2014b),,rho,373.15,100.0,3.01468,3.11468,0.0,0.05,0.0,0.0,1071.68375,,T,test-only,,table
zezin2014b_10.1021_je500371u_t2,ZEZIN(2014b),,rho,373.15,100.0,0.10054,0.20054,0.0,0.05,0.0,0.0,971.5437501,,T,test-only,,table
zezin2014b_10.1021_je500371u_t2,ZEZIN(2014b),,rho,373.15,100.0,1.00934,1.11134,0.0,0.051,0.0,0.0,1005.21375,,T,test-only,,table
zezin2014b_10.1021_je500371u_t2,ZEZIN(2014b),,rho,373.15,100.0,0.0,0.198,0.0,0.099,0.0,0.0,972.1637501,,T,test-only,,table
zezin2014b_10.1021_je500371u_t2,ZEZIN(2014b),,rho,373.15,100.0,0.49994,0.69994,0.0,0.1,0.0,0.0,990.8737501,,T,test-only,,table
zezin2014b_10.1021_je500371u_t2,ZEZIN(2014b),,rho,373.15,100.0,1.00183,1.20183,0.0,0.1,0.0,0.0,1008.94375,,T,test-only,,table
zezin2014b_10.1021_je500371u_t2,ZEZIN(2014b),,rho,373.15,100.0,0.10002,0.30002,0.0,0.1,0.0,0.0,975.8937501,,T,test-only,,table
zezin2014b_10.1021_je500371u_t2,ZEZIN(2014b),,rho,373.15,100.0,3.00001,3.20201,0.0,0.101,0.0,0.0,1074.77375,,T,test-only,,table
zezin2014b_10.1021_je500371u_t2,ZEZIN(2014b),,rho,373.15,100.0,0.50272,0.90272,0.0,0.2,0.0,0.0,999.5437501,,T,test-only,,table
zezin2014b_10.1021_je500371u_t2,ZEZIN(2014b),,rho,373.15,100.0,0.10089,0.50089,0.0,0.2,0.0,0.0,984.8037501,,T,test-only,,table
zezin2014b_10.1021_je500371u_t2,ZEZIN(2014b),,rho,373.15,100.0,3.02274,3.42674,0.0,0.202,0.0,0.0,1083.11375,,T,test-only,,table
zezin2014b_10.1021_je500371u_t2,ZEZIN(2014b),,rho,373.15,100.0,1.00156,1.41756,0.0,0.208,0.0,0.0,1017.99375,,T,test-only,,table
zezin2014b_10.1021_je500371u_t2,ZEZIN(2014b),,rho,373.15,100.0,0.0,0.98,0.0,0.49,0.0,0.0,1006.15375,,T,test-only,,table
zezin2014b_10.1021_je500371u_t2,ZEZIN(2014b),,rho,373.15,100.0,3.00476,4.00476,0.0,0.5,0.0,0.0,1103.60375,,T,test-only,,table
zezin2014b_10.1021_je500371u_t2,ZEZIN(2014b),,rho,373.15,100.0,3.00563,4.00763,0.0,0.501,0.0,0.0,1103.65375,,T,test-only,,table
zezin2014b_10.1021_je500371u_t2,ZEZIN(2014b),,rho,373.15,100.0,1.00447,2.00647,0.0,0.501,0.0,0.0,1041.32375,,T,test-only,,table
zezin2014b_10.1021_je500371u_t2,ZEZIN(2014b),,rho,373.15,100.0,0.10011,2.10011,0.0,1.0,0.0,0.0,1050.93375,,T,test-only,,table
zezin2014b_10.1021_je500371u_t2,ZEZIN(2014b),,rho,373.15,100.0,0.50139,2.50139,0.0,1.0,0.0,0.0,1063.95375,,T,test-only,,table
zezin2014b_10.1021_je500371u_t2,ZEZIN(2014b),,rho,373.15,100.0,1.00844,3.01244,0.0,1.002,0.0,0.0,1079.97375,,T,test-only,,table
zezin2014b_10.1021_je500371u_t2,ZEZIN(2014b),,rho,373.15,100.0,3.00863,5.01263,0.0,1.002,0.0,0.0,1138.25375,,T,test-only,,table
zezin2014b_10.1021_je500371u_t2,ZEZIN(2014b),,rho,373.15,100.0,0.0,2.01,0.0,1.005,0.0,0.0,1048.00375,,T,test-only,,table
zezin2014b_10.1021_je500371u_t2,ZEZIN(2014b),,rho,373.15,100.0,3.00338,6.58538,0.0,1.791,0.0,0.0,1189.10375,,T,test-only,,table
zezin2014b_10.1021_je500371u_t2,ZEZIN(2014b),,rho,373.15,100.0,1.99123,5.98123,0.0,1.995,0.0,0.0,1176.61375,,T,test-only,,table
zezin2014b_10.1021_je500371u_t2,ZEZIN(2014b),,rho,373.15,100.0,0.10033,6.09633,0.0,2.998,0.0,0.0,1191.27375,,T,test-only,,table
zezin2014b_10.1021_je500371u_t2,ZEZIN(2014b),,rho,373.15,100.0,1.05232,7.07032,0.0,3.009,0.0,0.0,1214.77375,,T,test-only,,table
zezin2014b_10.1021_je500371u_t2,ZEZIN(2014b),,rho,373.15,100.0,0.0,11.906,0.0,5.953,0.0,0.0,1339.50375,,T,test-only,,table
zezin2014b_10.1021_je500371u_t2,ZEZIN(2014b),,rho,373.15,100.0,0.10066,12.10866,0.0,6.004,0.0,0.0,1348.47375,,T,test-only,,table
zezin2014b_10.1021_je500371u_t2,ZEZIN(2014b),,rho,373.15,100.0,1.00096,3.01296,0.0,1.006,0.0,0.0,1080.34375,,T,test-only,,table
zezin2014b_10.1021_je500371u_t2,ZEZIN(2014b),,rho,373.15,100.0,0.49987,6.49787,0.0,2.999,0.0,0.0,1201.53375,,T,test-only,,table
zezin2014b_10.1021_je500371u_t2,ZEZIN(2014b),,rho,373.16,100.0,1.00097,2.00297,0.0,0.501,0.0,0.0,1041.306681,,T,test-only,,table
zezin2014b_10.1021_je500371u_t2,ZEZIN(2014b),,rho,373.16,100.0,0.0,6.008,0.0,3.004,0.0,0.0,1189.006681,,T,test-only,,table
zezin2014b_10.1021_je500371u_t2,ZEZIN(2014b),,rho,373.15,200.0,0.10023,1.10023,0.0,0.5,0.0,0.0,1014.538384,,T,test-only,,table
zezin2014b_10.1021_je500371u_t2,ZEZIN(2014b),,rho,373.15,200.0,0.50005,1.50005,0.0,0.5,0.0,0.0,1028.468384,,T,test-only,,table
zezin2014b_10.1021_je500371u_t2,ZEZIN(2014b),,rho,373.15,200.0,0.50139,2.50139,0.0,1.0,0.0,0.0,1067.938384,,T,test-only,,table
zezin2014b_10.1021_je500371u_t2,ZEZIN(2014b),,rho,373.15,200.0,0.10014,6.10214,0.0,3.001,0.0,0.0,1194.838384,,T,test-only,,table
zezin2014b_10.1021_je500371u_t2,ZEZIN(2014b),,rho,373.15,200.0,0.10011,0.12011,0.0,0.01,0.0,0.0,972.2783841,,T,test-only,,table
zezin2014b_10.1021_je500371u_t2,ZEZIN(2014b),,rho,373.15,200.0,0.50048,0.52048,0.0,0.01,0.0,0.0,987.4383841,,T,test-only,,table
zezin2014b_10.1021_je500371u_t2,ZEZIN(2014b),,rho,373.15,200.0,3.0021,3.0221,0.0,0.01,0.0,0.0,1072.268384,,T,test-only,,table
zezin2014b_10.1021_je500371u_t2,ZEZIN(2014b),,rho,373.15,200.0,1.01314,1.03514,0.0,0.011,0.0,0.0,1006.308384,,T,test-only,,table
zezin2014b_10.1021_je500371u_t2,ZEZIN(2014b),,rho,373.15,200.0,3.01468,3.11468,0.0,0.05,0.0,0.0,1075.538384,,T,test-only,,table
zezin2014b_10.1021_je500371u_t2,ZEZIN(2014b),,rho,373.15,200.0,0.10054,0.20054,0.0,0.05,0.0,0.0,975.9783841,,T,test-only,,table
zezin2014b_10.1021_je500371u_t2,ZEZIN(2014b),,rho,373.15,200.0,1.00934,1.11134,0.0,0.051,0.0,0.0,1009.418384,,T,test-only,,table
zezin2014b_10.1021_je500371u_t2,ZEZIN(2014b),,rho,373.15,200.0,0.0,0.198,0.0,0.099,0.0,0.0,976.5483841,,T,test-only,,table
zezin2014b_10.1021_je500371u_t2,ZEZIN(2014b),,rho,373.15,200.0,0.49994,0.69994,0.0,0.1,0.0,0.0,995.2183841,,T,test-only,,table
zezin2014b_10.1021_je500371u_t2,ZEZIN(2014b),,rho,373.15,200.0,1.00183,1.20183,0.0,0.1,0.0,0.0,1013.098384,,T,test-only,,table
zezin2014b_10.1021_je500371u_t2,ZEZIN(2014b),,rho,373.15,200.0,0.10002,0.30002,0.0,0.1,0.0,0.0,980.3283841,,T,test-only,,table
zezin2014b_10.1021_je500371u_t2,ZEZIN(2014b),,rho,373.15,200.0,3.00001,3.20201,0.0,0.101,0.0,0.0,1078.528384,,T,test-only,,table
zezin2014b_10.1021_je500371u_t2,ZEZIN(2014b),,rho,373.15,200.0,0.50272,0.90272,0.0,0.2,0.0,0.0,1003.798384,,T,test-only,,table
zezin2014b_10.1021_je500371u_t2,ZEZIN(2014b),,rho,373.15,200.0,0.10089,0.50089,0.0,0.2,0.0,0.0,989.1083841,,T,test-only,,table
zezin2014b_10.1021_je500371u_t2,ZEZIN(2014b),,rho,373.15,200.0,3.02274,3.42674,0.0,0.202,0.0,0.0,1086.948384,,T,test-only,,table
zezin2014b_10.1021_je500371u_t2,ZEZIN(2014b),,rho,373.15,200.0,1.00156,1.41756,0.0,0.208,0.0,0.0,1022.148384,,T,test-only,,table
zezin2014b_10.1021_je500371u_t2,ZEZIN(2014b),,rho,373.15,200.0,0.0,0.98,0.0,0.49,0.0,0.0,1010.378384,,T,test-only,,table
zezin2014b_10.1021_je500371u_t2,ZEZIN(2014b),,rho,373.15,200.0,3.00476,4.00476,0.0,0.5,0.0,0.0,1107.248384,,T,test-only,,table
zezin2014b_10.1021_je500371u_t2,ZEZIN(2014b),,rho,373.15,200.0,1.00447,2.00647,0.0,0.501,0.0,0.0,1045.278384,,T,test-only,,table
zezin2014b_10.1021_je500371u_t2,ZEZIN(2014b),,rho,373.15,200.0,0.10011,2.10011,0.0,1.0,0.0,0.0,1055.008384,,T,test-only,,table
zezin2014b_10.1021_je500371u_t2,ZEZIN(2014b),,rho,373.15,200.0,1.00844,3.01244,0.0,1.002,0.0,0.0,1083.818384,,T,test-only,,table
zezin2014b_10.1021_je500371u_t2,ZEZIN(2014b),,rho,373.15,200.0,3.00863,5.01263,0.0,1.002,0.0,0.0,1141.798384,,T,test-only,,table
zezin2014b_10.1021_je500371u_t2,ZEZIN(2014b),,rho,373.15,200.0,0.0,2.01,0.0,1.005,0.0,0.0,1052.048384,,T,test-only,,table
zezin2014b_10.1021_je500371u_t2,ZEZIN(2014b),,rho,373.15,200.0,3.00338,6.58538,0.0,1.791,0.0,0.0,1192.488384,,T,test-only,,table
zezin2014b_10.1021_je500371u_t2,ZEZIN(2014b),,rho,373.15,200.0,1.99123,5.98123,0.0,1.995,0.0,0.0,1180.058384,,T,test-only,,table
zezin2014b_10.1021_je500371u_t2,ZEZIN(2014b),,rho,373.15,200.0,0.49987,6.49787,0.0,2.999,0.0,0.0,1205.098384,,T,test-only,,table
zezin2014b_10.1021_je500371u_t2,ZEZIN(2014b),,rho,373.15,200.0,1.05232,7.07032,0.0,3.009,0.0,0.0,1218.208384,,T,test-only,,table
zezin2014b_10.1021_je500371u_t2,ZEZIN(2014b),,rho,373.15,200.0,0.0,11.906,0.0,5.953,0.0,0.0,1342.838384,,T,test-only,,table
zezin2014b_10.1021_je500371u_t2,ZEZIN(2014b),,rho,373.15,200.0,1.00096,3.01296,0.0,1.006,0.0,0.0,1084.328384,,T,test-only,,table
zezin2014b_10.1021_je500371u_t2,ZEZIN(2014b),,rho,373.15,200.0,1.00097,2.00297,0.0,0.501,0.0,0.0,1045.178384,,T,test-only,,table
zezin2014b_10.1021_je500371u_t2,ZEZIN(2014b),,rho,373.16,200.0,3.00563,4.00763,0.0,0.501,0.0,0.0,1107.451429,,T,test-only,,table
zezin2014b_10.1021_je500371u_t2,ZEZIN(2014b),,rho,373.16,200.0,0.0,6.008,0.0,3.004,0.0,0.0,1192.521429,,T,test-only,,table
zezin2014b_10.1021_je500371u_t2,ZEZIN(2014b),,rho,373.16,200.0,0.10066,12.10866,0.0,6.004,0.0,0.0,1351.701429,,T,test-only,,table
zezin2014b_10.1021_je500371u_t2,ZEZIN(2014b),,rho,373.14,400.0,1.00096,3.01296,0.0,1.006,0.0,0.0,1091.925578,,T,test-only,,table
zezin2014b_10.1021_je500371u_t2,ZEZIN(2014b),,rho,373.15,400.0,0.10011,0.12011,0.0,0.01,0.0,0.0,980.9788241,,T,test-only,,table
zezin2014b_10.1021_je500371u_t2,ZEZIN(2014b),,rho,373.15,400.0,0.50048,0.52048,0.0,0.01,0.0,0.0,995.8888241,,T,test-only,,table
zezin2014b_10.1021_je500371u_t2,ZEZIN(2014b),,rho,373.15,400.0,3.0021,3.0221,0.0,0.01,0.0,0.0,1079.748824,,T,test-only,,table
zezin2014b_10.1021_je500371u_t2,ZEZIN(2014b),,rho,373.15,400.0,1.01314,1.03514,0.0,0.011,0.0,0.0,1014.508824,,T,test-only,,table
zezin2014b_10.1021_je500371u_t2,ZEZIN(2014b),,rho,373.15,400.0,3.01468,3.11468,0.0,0.05,0.0,0.0,1083.028824,,T,test-only,,table
zezin2014b_10.1021_je500371u_t2,ZEZIN(2014b),,rho,373.15,400.0,0.10054,0.20054,0.0,0.05,0.0,0.0,984.5588241,,T,test-only,,table
zezin2014b_10.1021_je500371u_t2,ZEZIN(2014b),,rho,373.15,400.0,1.00934,1.11134,0.0,0.051,0.0,0.0,1017.468824,,T,test-only,,table
zezin2014b_10.1021_je500371u_t2,ZEZIN(2014b),,rho,373.15,400.0,0.0,0.198,0.0,0.099,0.0,0.0,985.0788241,,T,test-only,,table
zezin2014b_10.1021_je500371u_t2,ZEZIN(2014b),,rho,373.15,400.0,0.49994,0.69994,0.0,0.1,0.0,0.0,1003.498824,,T,test-only,,table
zezin2014b_10.1021_je500371u_t2,ZEZIN(2014b),,rho,373.15,400.0,1.00183,1.20183,0.0,0.1,0.0,0.0,1021.308824,,T,test-only,,table
zezin2014b_10.1021_je500371u_t2,ZEZIN(2014b),,rho,373.15,400.0,0.10002,0.30002,0.0,0.1,0.0,0.0,988.7888241,,T,test-only,,table
zezin2014b_10.1021_je500371u_t2,ZEZIN(2014b),,rho,373.15,400.0,3.00001,3.20201,0.0,0.101,0.0,0.0,1086.118824,,T,test-only,,table
zezin2014b_10.1021_je500371u_t2,ZEZIN(2014b),,rho,373.15,400.0,0.50272,0.90272,0.0,0.2,0.0,0.0,1012.098824,,T,test-only,,table
zezin2014b_10.1021_je500371u_t2,ZEZIN(2014b),,rho,373.15,400.0,3.02274,3.42674,0.0,0.202,0.0,0.0,1094.358824,,T,test-only,,table
zezin2014b_10.1021_je500371u_t2,ZEZIN(2014b),,rho,373.15,400.0,1.00156,1.41756,0.0,0.208,0.0,0.0,1030.248824,,T,test-only,,table
zezin2014b_10.1021_je500371u_t2,ZEZIN(2014b),,rho,373.15,400.0,0.0,0.98,0.0,0.49,0.0,0.0,1018.628824,,T,test-only,,table
zezin2014b_10.1021_je500371u_t2,ZEZIN(2014b),,rho,373.15,400.0,0.10023,1.10023,0.0,0.5,0.0,0.0,1022.698824,,T,test-only,,table
zezin2014b_10.1021_je500371u_t2,ZEZIN(2014b),,rho,373.15,400.0,0.50005,1.50005,0.0,0.5,0.0,0.0,1036.488824,,T,test-only,,table
zezin2014b_10.1021_je500371u_t2,ZEZIN(2014b),,rho,373.15,400.0,3.00476,4.00476,0.0,0.5,0.0,0.0,1114.628824,,T,test-only,,table
zezin2014b_10.1021_je500371u_t2,ZEZIN(2014b),,rho,373.15,400.0,1.00097,2.00297,0.0,0.501,0.0,0.0,1053.328824,,T,test-only,,table
zezin2014b_10.1021_je500371u_t2,ZEZIN(2014b),,rho,373.15,400.0,1.00447,2.00647,0.0,0.501,0.0,0.0,1053.228824,,T,test-only,,table
zezin2014b_10.1021_je500371u_t2,ZEZIN(2014b),,rho,373.15,400.0,0.10011,2.10011,0.0,1.0,0.0,0.0,1062.838824,,T,test-only,,table
zezin2014b_10.1021_je500371u_t2,ZEZIN(2014b),,rho,373.15,400.0,0.50139,2.50139,0.0,1.0,0.0,0.0,1075.638824,,T,test-only,,table
zezin2014b_10.1021_je500371u_t2,ZEZIN(2014b),,rho,373.15,400.0,1.00844,3.01244,0.0,1.002,0.0,0.0,1091.458824,,T,test-only,,table
zezin2014b_10.1021_je500371u_t2,ZEZIN(2014b),,rho,373.15,400.0,3.00863,5.01263,0.0,1.002,0.0,0.0,1149.018824,,T,test-only,,table
zezin2014b_10.1021_je500371u_t2,ZEZIN(2014b),,rho,373.15,400.0,3.00338,6.58538,0.0,1.791,0.0,0.0,1199.438824,,T,test-only,,table
zezin2014b_10.1021_je500371u_t2,ZEZIN(2014b),,rho,373.15,400.0,0.49987,6.49787,0.0,2.999,0.0,0.0,1212.028824,,T,test-only,,table
zezin2014b_10.1021_je500371u_t2,ZEZIN(2014b),,rho,373.15,400.0,0.10014,6.10214,0.0,3.001,0.0,0.0,1201.818824,,T,test-only,,table
zezin2014b_10.1021_je500371u_t2,ZEZIN(2014b),,rho,373.15,400.0,1.05232,7.07032,0.0,3.009,0.0,0.0,1225.148824,,T,test-only,,table
zezin2014b_10.1021_je500371u_t2,ZEZIN(2014b),,rho,373.15,400.0,0.0,11.906,0.0,5.953,0.0,0.0,1349.258824,,T,test-only,,table
zezin2014b_10.1021_je500371u_t2,ZEZIN(2014b),,rho,373.15,400.0,0.10066,12.10866,0.0,6.004,0.0,0.0,1358.178824,,T,test-only,,table
zezin2014b_10.1021_je500371u_t2,ZEZIN(2014b),,rho,373.16,400.0,3.00563,4.00763,0.0,0.501,0.0,0.0,1114.70207,,T,test-only,,table
zezin2014b_10.1021_je500371u_t2,ZEZIN(2014b),,rho,373.16,400.0,0.10089,0.50089,0.0,0.2,0.0,0.0,997.5220701,,T,test-only,,table
zezin2014b_10.1021_je500371u_t2,ZEZIN(2014b),,rho,373.16,400.0,0.0,2.01,0.0,1.005,0.0,0.0,1059.96207,,T,test-only,,table
zezin2014b_10.1021_je500371u_t2,ZEZIN(2014b),,rho,373.16,400.0,1.99123,5.98123,0.0,1.995,0.0,0.0,1187.11207,,T,test-only,,table
zezin2014b_10.1021_je500371u_t2,ZEZIN(2014b),,rho,373.16,400.0,0.0,6.008,0.0,3.004,0.0,0.0,1199.51207,,T,test-only,,table
zezin2014b_10.1021_je500371u_t2,ZEZIN(2014b),,rho,373.15,700.0,0.10011,0.12011,0.0,0.01,0.0,0.0,993.0530587,,T,test-only,,table
zezin2014b_10.1021_je500371u_t2,ZEZIN(2014b),,rho,373.15,700.0,0.50048,0.52048,0.0,0.01,0.0,0.0,1007.853059,,T,test-only,,table
zezin2014b_10.1021_je500371u_t2,ZEZIN(2014b),,rho,373.15,700.0,3.0021,3.0221,0.0,0.01,0.0,0.0,1090.463059,,T,test-only,,table
zezin2014b_10.1021_je500371u_t2,ZEZIN(2014b),,rho,373.15,700.0,1.02093,1.04293,0.0,0.011,0.0,0.0,1026.203059,,T,test-only,,table
zezin2014b_10.1021_je500371u_t2,ZEZIN(2014b),,rho,373.15,700.0,3.01468,3.11468,0.0,0.05,0.0,0.0,1093.683059,,T,test-only,,table
zezin2014b_10.1021_je500371u_t2,ZEZIN(2014b),,rho,373.15,700.0,0.50041,0.60041,0.0,0.05,0.0,0.0,1011.193059,,T,test-only,,table
zezin2014b_10.1021_je500371u_t2,ZEZIN(2014b),,rho,373.15,700.0,0.1003,0.2003,0.0,0.05,0.0,0.0,996.5930587,,T,test-only,,table
zezin2014b_10.1021_je500371u_t2,ZEZIN(2014b),,rho,373.15,700.0,1.00934,1.11134,0.0,0.051,0.0,0.0,1029.153059,,T,test-only,,table
zezin2014b_10.1021_je500371u_t2,ZEZIN(2014b),,rho,373.15,700.0,0.0,0.198,0.0,0.099,0.0,0.0,997.3830587,,T,test-only,,table
zezin2014b_10.1021_je500371u_t2,ZEZIN(2014b),,rho,373.15,700.0,0.49985,0.69785,0.0,0.099,0.0,0.0,1015.343059,,T,test-only,,table
zezin2014b_10.1021_je500371u_t2,ZEZIN(2014b),,rho,373.15,700.0,1.00183,1.20183,0.0,0.1,0.0,0.0,1032.843059,,T,test-only,,table
zezin2014b_10.1021_je500371u_t2,ZEZIN(2014b),,rho,373.15,700.0,0.09998,0.29998,0.0,0.1,0.0,0.0,1000.803059,,T,test-only,,table
zezin2014b_10.1021_je500371u_t2,ZEZIN(2014b),,rho,373.15,700.0,3.00001,3.20201,0.0,0.101,0.0,0.0,1096.703059,,T,test-only,,table
zezin2014b_10.1021_je500371u_t2,ZEZIN(2014b),,rho,373.15,700.0,0.50272,0.90272,0.0,0.2,0.0,0.0,1023.783059,,T,test-only,,table
zezin2014b_10.1021_je500371u_t2,ZEZIN(2014b),,rho,373.15,700.0,0.10089,0.50089,0.0,0.2,0.0,0.0,1009.423059,,T,test-only,,table
zezin2014b_10.1021_je500371u_t2,ZEZIN(2014b),,rho,373.15,700.0,3.02274,3.42674,0.0,0.202,0.0,0.0,1105.163059,,T,test-only,,table
zezin2014b_10.1021_je500371u_t2,ZEZIN(2014b),,rho,373.15,700.0,1.00156,1.41756,0.0,0.208,0.0,0.0,1041.763059,,T,test-only,,table
zezin2014b_10.1021_je500371u_t2,ZEZIN(2014b),,rho,373.15,700.0,0.0,0.98,0.0,0.49,0.0,0.0,1030.433059,,T,test-only,,table
zezin2014b_10.1021_je500371u_t2,ZEZIN(2014b),,rho,373.15,700.0,3.00476,4.00476,0.0,0.5,0.0,0.0,1125.033059,,T,test-only,,table
zezin2014b_10.1021_je500371u_t2,ZEZIN(2014b),,rho,373.15,700.0,1.00447,2.00647,0.0,0.501,0.0,0.0,1064.383059,,T,test-only,,table
zezin2014b_10.1021_je500371u_t2,ZEZIN(2014b),,rho,373.15,700.0,0.48992,2.44792,0.0,0.979,0.0,0.0,1085.023059,,T,test-only,,table
zezin2014b_10.1021_je500371u_t2,ZEZIN(2014b),,rho,373.15,700.0,0.10023,2.09823,0.0,0.999,0.0,0.0,1074.023059,,T,test-only,,table
zezin2014b_10.1021_je500371u_t2,ZEZIN(2014b),,rho,373.15,700.0,1.00844,3.01244,0.0,1.002,0.0,0.0,1102.233059,,T,test-only,,table
zezin2014b_10.1021_je500371u_t2,ZEZIN(2014b),,rho,373.15,700.0,3.00863,5.01263,0.0,1.002,0.0,0.0,1159.123059,,T,test-only,,table
zezin2014b_10.1021_je500371u_t2,ZEZIN(2014b),,rho,373.15,700.0,0.0,2.01,0.0,1.005,0.0,0.0,1071.033059,,T,test-only,,table
zezin2014b_10.1021_je500371u_t2,ZEZIN(2014b),,rho,373.15,700.0,3.00338,6.58538,0.0,1.791,0.0,0.0,1209.193059,,T,test-only,,table
zezin2014b_10.1021_je500371u_t2,ZEZIN(2014b),,rho,373.15,700.0,1.99123,5.98123,0.0,1.995,0.0,0.0,1196.973059,,T,test-only,,table
zezin2014b_10.1021_je500371u_t2,ZEZIN(2014b),,rho,373.15,700.0,0.10051,6.09051,0.0,2.995,0.0,0.0,1211.943059,,T,test-only,,table
zezin2014b_10.1021_je500371u_t2,ZEZIN(2014b),,rho,373.15,700.0,0.5,6.498,0.0,2.999,0.0,0.0,1222.103059,,T,test-only,,table
zezin2014b_10.1021_je500371u_t2,ZEZIN(2014b),,rho,373.15,700.0,1.05232,7.07032,0.0,3.009,0.0,0.0,1234.923059,,T,test-only,,table
zezin2014b_10.1021_je500371u_t2,ZEZIN(2014b),,rho,373.15,700.0,0.0,11.906,0.0,5.953,0.0,0.0,1358.423059,,T,test-only,,table
zezin2014b_10.1021_je500371u_t2,ZEZIN(2014b),,rho,373.16,700.0,0.0,6.008,0.0,3.004,0.0,0.0,1209.536551,,T,test-only,,table
zezin2014b_10.1021_je500371u_t2,ZEZIN(2014b),,rho,373.16,700.0,0.10066,12.10866,0.0,6.004,0.0,0.0,1367.366551,,T,test-only,,table
zezin2014b_10.1021_je500371u_t2,ZEZIN(2014b),,rho,423.15,50.0,0.50139,2.50139,0.0,1.0,0.0,0.0,1025.567467,,T,test-only,,table
zezin2014b_10.1021_je500371u_t2,ZEZIN(2014b),,rho,423.15,50.0,0.09999,2.09999,0.0,1.0,0.0,0.0,1012.167467,,T,test-only,,table
zezin2014b_10.1021_je500371u_t2,ZEZIN(2014b),,rho,423.15,50.0,0.10014,6.10214,0.0,3.001,0.0,0.0,1156.027467,,T,test-only,,table
zezin2014b_10.1021_je500371u_t2,ZEZIN(2014b),,rho,423.15,50.0,0.49987,6.49787,0.0,2.999,0.0,0.0,1165.927467,,T,test-only,,table
zezin2014b_10.1021_je500371u_t2,ZEZIN(2014b),,rho,423.15,50.0,0.10011,0.12011,0.0,0.01,0.0,0.0,924.8874671,,T,test-only,,table
zezin2014b_10.1021_je500371u_t2,ZEZIN(2014b),,rho,423.15,50.0,0.50048,0.52048,0.0,0.01,0.0,0.0,941.0474671,,T,test-only,,table
zezin2014b_10.1021_je500371u_t2,ZEZIN(2014b),,rho,423.15,50.0,3.0021,3.0221,0.0,0.01,0.0,0.0,1029.387467,,T,test-only,,table
zezin2014b_10.1021_je500371u_t2,ZEZIN(2014b),,rho,423.15,50.0,1.0209,1.0429,0.0,0.011,0.0,0.0,961.1674671,,T,test-only,,table
zezin2014b_10.1021_je500371u_t2,ZEZIN(2014b),,rho,423.15,50.0,3.35813,3.38213,0.0,0.012,0.0,0.0,1041.467467,,T,test-only,,table
zezin2014b_10.1021_je500371u_t2,ZEZIN(2014b),,rho,423.15,50.0,3.01468,3.11468,0.0,0.05,0.0,0.0,1033.007467,,T,test-only,,table
zezin2014b_10.1021_je500371u_t2,ZEZIN(2014b),,rho,423.15,50.0,0.50041,0.60041,0.0,0.05,0.0,0.0,944.5974671,,T,test-only,,table
zezin2014b_10.1021_je500371u_t2,ZEZIN(2014b),,rho,423.15,50.0,0.1003,0.2003,0.0,0.05,0.0,0.0,928.7174671,,T,test-only,,table
zezin2014b_10.1021_je500371u_t2,ZEZIN(2014b),,rho,423.15,50.0,1.0093,1.1113,0.0,0.051,0.0,0.0,964.3574671,,T,test-only,,table
zezin2014b_10.1021_je500371u_t2,ZEZIN(2014b),,rho,423.15,50.0,0.0,0.198,0.0,0.099,0.0,0.0,929.2474671,,T,test-only,,table
zezin2014b_10.1021_je500371u_t2,ZEZIN(2014b),,rho,423.15,50.0,1.00183,1.20183,0.0,0.1,0.0,0.0,968.0874671,,T,test-only,,table
zezin2014b_10.1021_je500371u_t2,ZEZIN(2014b),,rho,423.15,50.0,0.10007,0.30007,0.0,0.1,0.0,0.0,933.4574671,,T,test-only,,table
zezin2014b_10.1021_je500371u_t2,ZEZIN(2014b),,rho,423.15,50.0,0.50003,0.70003,0.0,0.1,0.0,0.0,949.2574671,,T,test-only,,table
zezin2014b_10.1021_je500371u_t2,ZEZIN(2014b),,rho,423.15,50.0,3.00001,3.20201,0.0,0.101,0.0,0.0,1037.157467,,T,test-only,,table
zezin2014b_10.1021_je500371u_t2,ZEZIN(2014b),,rho,423.15,50.0,0.5027,0.9027,0.0,0.2,0.0,0.0,958.3974671,,T,test-only,,table
zezin2014b_10.1021_je500371u_t2,ZEZIN(2014b),,rho,423.15,50.0,0.10089,0.50089,0.0,0.2,0.0,0.0,942.7974671,,T,test-only,,table
zezin2014b_10.1021_je500371u_t2,ZEZIN(2014b),,rho,423.15,50.0,1.0016,1.4176,0.0,0.208,0.0,0.0,977.4774671,,T,test-only,,table
zezin2014b_10.1021_je500371u_t2,ZEZIN(2014b),,rho,423.15,50.0,0.10023,1.10023,0.0,0.5,0.0,0.0,969.8574671,,T,test-only,,table
zezin2014b_10.1021_je500371u_t2,ZEZIN(2014b),,rho,423.15,50.0,0.50005,1.50005,0.0,0.5,0.0,0.0,984.3174671,,T,test-only,,table
zezin2014b_10.1021_je500371u_t2,ZEZIN(2014b),,rho,423.15,50.0,3.00476,4.00476,0.0,0.5,0.0,0.0,1066.307467,,T,test-only,,table
zezin2014b_10.1021_je500371u_t2,ZEZIN(2014b),,rho,423.15,50.0,1.00447,2.00647,0.0,0.501,0.0,0.0,1002.157467,,T,test-only,,table
zezin2014b_10.1021_je500371u_t2,ZEZIN(2014b),,rho,423.15,50.0,3.00863,5.01263,0.0,1.002,0.0,0.0,1100.497467,,T,test-only,,table
zezin2014b_10.1021_je500371u_t2,ZEZIN(2014b),,rho,423.15,50.0,0.0,2.01,0.0,1.005,0.0,0.0,1008.907467,,T,test-only,,table
zezin2014b_10.1021_je500371u_t2,ZEZIN(2014b),,rho,423.15,50.0,3.00338,6.58538,0.0,1.791,0.0,0.0,1152.977467,,T,test-only,,table
zezin2014b_10.1021_je500371u_t2,ZEZIN(2014b),,rho,423.15,50.0,0.10066,12.10866,0.0,6.004,0.0,0.0,1314.647467,,T,test-only,,table
zezin2014b_10.1021_je500371u_t2,ZEZIN(2014b),,rho,423.16,50.0,3.02274,3.42674,0.0,0.202,0.0,0.0,1044.238176,,T,test-only,,table
zezin2014b_10.1021_je500371u_t2,ZEZIN(2014b),,rho,423.16,50.0,0.0,0.98,0.0,0.49,0.0,0.0,965.1581755,,T,test-only,,table
zezin2014b_10.1021_je500371u_t2,ZEZIN(2014b),,rho,423.16,50.0,1.00844,3.01244,0.0,1.002,0.0,0.0,1041.808176,,T,test-only,,table
zezin2014b_10.1021_je500371u_t2,ZEZIN(2014b),,rho,423.16,50.0,0.0,6.008,0.0,3.004,0.0,0.0,1154.058176,,T,test-only,,table
zezin2014b_10.1021_je500371u_t2,ZEZIN(2014b),,rho,423.16,50.0,1.05232,7.07032,0.0,3.009,0.0,0.0,1179.618176,,T,test-only,,table
zezin2014b_10.1021_je500371u_t2,ZEZIN(2014b),,rho,423.14,100.0,0.10066,12.10866,0.0,6.004,0.0,0.0,1316.550661,,T,test-only,,table
zezin2014b_10.1021_je500371u_t2,ZEZIN(2014b),,rho,423.15,100.0,0.10023,1.10023,0.0,0.5,0.0,0.0,972.3714984,,T,test-only,,table
zezin2014b_10.1021_je500371u_t2,ZEZIN(2014b),,rho,423.15,100.0,0.10011,0.12011,0.0,0.01,0.0,0.0,927.5514984,,T,test-only,,table
zezin2014b_10.1021_je500371u_t2,ZEZIN(2014b),,rho,423.15,100.0,0.50048,0.52048,0.0,0.01,0.0,0.0,943.6714984,,T,test-only,,table
zezin2014b_10.1021_je500371u_t2,ZEZIN(2014b),,rho,423.15,100.0,3.0021,3.0221,0.0,0.01,0.0,0.0,1031.671498,,T,test-only,,table
zezin2014b_10.1021_je500371u_t2,ZEZIN(2014b),,rho,423.15,100.0,1.0209,1.0429,0.0,0.011,0.0,0.0,963.6914984,,T,test-only,,table
zezin2014b_10.1021_je500371u_t2,ZEZIN(2014b),,rho,423.15,100.0,3.35813,3.38213,0.0,0.012,0.0,0.0,1043.601498,,T,test-only,,table
zezin2014b_10.1021_je500371u_t2,ZEZIN(2014b),,rho,423.15,100.0,3.01468,3.11468,0.0,0.05,0.0,0.0,1035.301498,,T,test-only,,table
zezin2014b_10.1021_je500371u_t2,ZEZIN(2014b),,rho,423.15,100.0,0.50041,0.60041,0.0,0.05,0.0,0.0,947.3114984,,T,test-only,,table
zezin2014b_10.1021_je500371u_t2,ZEZIN(2014b),,rho,423.15,100.0,0.1003,0.2003,0.0,0.05,0.0,0.0,931.4314984,,T,test-only,,table
zezin2014b_10.1021_je500371u_t2,ZEZIN(2014b),,rho,423.15,100.0,1.0093,1.1113,0.0,0.051,0.0,0.0,966.9314984,,T,test-only,,table
zezin2014b_10.1021_je500371u_t2,ZEZIN(2014b),,rho,423.15,100.0,0.0,0.198,0.0,0.099,0.0,0.0,931.8714984,,T,test-only,,table
zezin2014b_10.1021_je500371u_t2,ZEZIN(2014b),,rho,423.15,100.0,1.00183,1.20183,0.0,0.1,0.0,0.0,970.6114984,,T,test-only,,table
zezin2014b_10.1021_je500371u_t2,ZEZIN(2014b),,rho,423.15,100.0,0.10007,0.30007,0.0,0.1,0.0,0.0,936.1314984,,T,test-only,,table
zezin2014b_10.1021_je500371u_t2,ZEZIN(2014b),,rho,423.15,100.0,3.00001,3.20201,0.0,0.101,0.0,0.0,1039.441498,,T,test-only,,table
zezin2014b_10.1021_je500371u_t2,ZEZIN(2014b),,rho,423.15,100.0,0.5027,0.9027,0.0,0.2,0.0,0.0,960.9614984,,T,test-only,,table
zezin2014b_10.1021_je500371u_t2,ZEZIN(2014b),,rho,423.15,100.0,0.10089,0.50089,0.0,0.2,0.0,0.0,945.5114984,,T,test-only,,table
zezin2014b_10.1021_je500371u_t2,ZEZIN(2014b),,rho,423.15,100.0,1.0016,1.4176,0.0,0.208,0.0,0.0,979.9914984,,T,test-only,,table
zezin2014b_10.1021_je500371u_t2,ZEZIN(2014b),,rho,423.15,100.0,0.0,0.98,0.0,0.49,0.0,0.0,967.6714984,,T,test-only,,table
zezin2014b_10.1021_je500371u_t2,ZEZIN(2014b),,rho,423.15,100.0,0.50005,1.50005,0.0,0.5,0.0,0.0,986.7814984,,T,test-only,,table
zezin2014b_10.1021_je500371u_t2,ZEZIN(2014b),,rho,423.15,100.0,3.00476,4.00476,0.0,0.5,0.0,0.0,1068.591498,,T,test-only,,table
zezin2014b_10.1021_je500371u_t2,ZEZIN(2014b),,rho,423.15,100.0,1.00447,2.00647,0.0,0.501,0.0,0.0,1004.541498,,T,test-only,,table
zezin2014b_10.1021_je500371u_t2,ZEZIN(2014b),,rho,423.15,100.0,0.50139,2.50139,0.0,1.0,0.0,0.0,1027.911498,,T,test-only,,table
zezin2014b_10.1021_je500371u_t2,ZEZIN(2014b),,rho,423.15,100.0,0.09999,2.09999,0.0,1.0,0.0,0.0,1014.551498,,T,test-only,,table
zezin2014b_10.1021_je500371u_t2,ZEZIN(2014b),,rho,423.15,100.0,3.00863,5.01263,0.0,1.002,0.0,0.0,1102.531498,,T,test-only,,table
zezin2014b_10.1021_je500371u_t2,ZEZIN(2014b),,rho,423.15,100.0,0.0,2.01,0.0,1.005,0.0,0.0,1011.391498,,T,test-only,,table
zezin2014b_10.1021_je500371u_t2,ZEZIN(2014b),,rho,423.15,100.0,3.00338,6.58538,0.0,1.791,0.0,0.0,1154.971498,,T,test-only,,table
zezin2014b_10.1021_je500371u_t2,ZEZIN(2014b),,rho,423.15,100.0,0.10014,6.10214,0.0,3.001,0.0,0.0,1158.041498,,T,test-only,,table
zezin2014b_10.1021_je500371u_t2,ZEZIN(2014b),,rho,423.15,100.0,0.49987,6.49787,0.0,2.999,0.0,0.0,1167.941498,,T,test-only,,table
zezin2014b_10.1021_je500371u_t2,ZEZIN(2014b),,rho,423.15,100.0,0.50003,0.70003,0.0,0.1,0.0,0.0,951.8414984,,T,test-only,,table
zezin2014b_10.1021_je500371u_t2,ZEZIN(2014b),,rho,423.16,100.0,3.02274,3.42674,0.0,0.202,0.0,0.0,1046.482335,,T,test-only,,table
zezin2014b_10.1021_je500371u_t2,ZEZIN(2014b),,rho,423.16,100.0,1.00844,3.01244,0.0,1.002,0.0,0.0,1044.092335,,T,test-only,,table
zezin2014b_10.1021_je500371u_t2,ZEZIN(2014b),,rho,423.16,100.0,0.0,6.008,0.0,3.004,0.0,0.0,1156.052335,,T,test-only,,table
zezin2014b_10.1021_je500371u_t2,ZEZIN(2014b),,rho,423.16,100.0,1.05232,7.07032,0.0,3.009,0.0,0.0,1181.612335,,T,test-only,,table
zezin2014b_10.1021_je500371u_t2,ZEZIN(2014b),,rho,423.14,200.0,0.49987,6.49787,0.0,2.999,0.0,0.0,1171.819467,,T,test-only,,table
zezin2014b_10.1021_je500371u_t2,ZEZIN(2014b),,rho,423.15,200.0,0.10023,1.10023,0.0,0.5,0.0,0.0,977.3005422,,T,test-only,,table
zezin2014b_10.1021_je500371u_t2,ZEZIN(2014b),,rho,423.15,200.0,0.10011,0.12011,0.0,0.01,0.0,0.0,932.7705422,,T,test-only,,table
zezin2014b_10.1021_je500371u_t2,ZEZIN(2014b),,rho,423.15,200.0,0.50048,0.52048,0.0,0.01,0.0,0.0,948.8405422,,T,test-only,,table
zezin2014b_10.1021_je500371u_t2,ZEZIN(2014b),,rho,423.15,200.0,1.0209,1.0429,0.0,0.011,0.0,0.0,968.6405422,,T,test-only,,table
zezin2014b_10.1021_je500371u_t2,ZEZIN(2014b),,rho,423.15,200.0,3.35813,3.38213,0.0,0.012,0.0,0.0,1048.000542,,T,test-only,,table
zezin2014b_10.1021_je500371u_t2,ZEZIN(2014b),,rho,423.15,200.0,3.01468,3.11468,0.0,0.05,0.0,0.0,1039.610542,,T,test-only,,table
zezin2014b_10.1021_je500371u_t2,ZEZIN(2014b),,rho,423.15,200.0,0.50041,0.60041,0.0,0.05,0.0,0.0,952.4405422,,T,test-only,,table
zezin2014b_10.1021_je500371u_t2,ZEZIN(2014b),,rho,423.15,200.0,0.1003,0.2003,0.0,0.05,0.0,0.0,936.7005422,,T,test-only,,table
zezin2014b_10.1021_je500371u_t2,ZEZIN(2014b),,rho,423.15,200.0,1.0093,1.1113,0.0,0.051,0.0,0.0,971.9005422,,T,test-only,,table
zezin2014b_10.1021_je500371u_t2,ZEZIN(2014b),,rho,423.15,200.0,0.0,0.198,0.0,0.099,0.0,0.0,937.1305422,,T,test-only,,table
zezin2014b_10.1021_je500371u_t2,ZEZIN(2014b),,rho,423.15,200.0,1.00183,1.20183,0.0,0.1,0.0,0.0,975.6405422,,T,test-only,,table
zezin2014b_10.1021_je500371u_t2,ZEZIN(2014b),,rho,423.15,200.0,0.10007,0.30007,0.0,0.1,0.0,0.0,941.3605422,,T,test-only,,table
zezin2014b_10.1021_je500371u_t2,ZEZIN(2014b),,rho,423.15,200.0,0.50003,0.70003,0.0,0.1,0.0,0.0,956.9405422,,T,test-only,,table
zezin2014b_10.1021_je500371u_t2,ZEZIN(2014b),,rho,423.15,200.0,3.00001,3.20201,0.0,0.101,0.0,0.0,1043.940542,,T,test-only,,table
zezin2014b_10.1021_je500371u_t2,ZEZIN(2014b),,rho,423.15,200.0,0.5027,0.9027,0.0,0.2,0.0,0.0,966.0105422,,T,test-only,,table
zezin2014b_10.1021_je500371u_t2,ZEZIN(2014b),,rho,423.15,200.0,0.10089,0.50089,0.0,0.2,0.0,0.0,950.6405422,,T,test-only,,table
zezin2014b_10.1021_je500371u_t2,ZEZIN(2014b),,rho,423.15,200.0,1.0016,1.4176,0.0,0.208,0.0,0.0,984.8805422,,T,test-only,,table
zezin2014b_10.1021_je500371u_t2,ZEZIN(2014b),,rho,423.15,200.0,0.50005,1.50005,0.0,0.5,0.0,0.0,991.6005422,,T,test-only,,table
zezin2014b_10.1021_je500371u_t2,ZEZIN(2014b),,rho,423.15,200.0,3.00476,4.00476,0.0,0.5,0.0,0.0,1072.950542,,T,test-only,,table
zezin2014b_10.1021_je500371u_t2,ZEZIN(2014b),,rho,423.15,200.0,1.00447,2.00647,0.0,0.501,0.0,0.0,1009.280542,,T,test-only,,table
zezin2014b_10.1021_je500371u_t2,ZEZIN(2014b),,rho,423.15,200.0,0.50139,2.50139,0.0,1.0,0.0,0.0,1032.450542,,T,test-only,,table
zezin2014b_10.1021_je500371u_t2,ZEZIN(2014b),,rho,423.15,200.0,0.09999,2.09999,0.0,1.0,0.0,0.0,1019.180542,,T,test-only,,table
zezin2014b_10.1021_je500371u_t2,ZEZIN(2014b),,rho,423.15,200.0,3.00863,5.01263,0.0,1.002,0.0,0.0,1106.600542,,T,test-only,,table
zezin2014b_10.1021_je500371u_t2,ZEZIN(2014b),,rho,423.15,200.0,0.0,2.01,0.0,1.005,0.0,0.0,1016.150542,,T,test-only,,table
zezin2014b_10.1021_je500371u_t2,ZEZIN(2014b),,rho,423.15,200.0,3.00338,6.58538,0.0,1.791,0.0,0.0,1158.890542,,T,test-only,,table
zezin2014b_10.1021_je500371u_t2,ZEZIN(2014b),,rho,423.15,200.0,0.10014,6.10214,0.0,3.001,0.0,0.0,1161.980542,,T,test-only,,table
zezin2014b_10.1021_je500371u_t2,ZEZIN(2014b),,rho,423.15,200.0,0.10066,12.10866,0.0,6.004,0.0,0.0,1319.870542,,T,test-only,,table
zezin2014b_10.1021_je500371u_t2,ZEZIN(2014b),,rho,423.16,200.0,3.0021,3.0221,0.0,0.01,0.0,0.0,1036.131617,,T,test-only,,table
zezin2014b_10.1021_je500371u_t2,ZEZIN(2014b),,rho,423.16,200.0,3.02274,3.42674,0.0,0.202,0.0,0.0,1050.691617,,T,test-only,,table
zezin2014b_10.1021_je500371u_t2,ZEZIN(2014b),,rho,423.16,200.0,0.0,0.98,0.0,0.49,0.0,0.0,972.6416173,,T,test-only,,table
zezin2014b_10.1021_je500371u_t2,ZEZIN(2014b),,rho,423.16,200.0,1.00844,3.01244,0.0,1.002,0.0,0.0,1048.791617,,T,test-only,,table
zezin2014b_10.1021_je500371u_t2,ZEZIN(2014b),,rho,423.16,200.0,0.0,6.008,0.0,3.004,0.0,0.0,1160.061617,,T,test-only,,table
zezin2014b_10.1021_je500371u_t2,ZEZIN(2014b),,rho,423.16,200.0,1.05232,7.07032,0.0,3.009,0.0,0.0,1185.431617,,T,test-only,,table
zezin2014b_10.1021_je500371u_t2,ZEZIN(2014b),,rho,423.14,400.0,0.49987,6.49787,0.0,2.999,0.0,0.0,1179.499878,,T,test-only,,table
zezin2014b_10.1021_je500371u_t2,ZEZIN(2014b),,rho,423.15,400.0,0.10011,0.12011,0.0,0.01,0.0,0.0,942.9313647,,T,test-only,,table
zezin2014b_10.1021_je500371u_t2,ZEZIN(2014b),,rho,423.15,400.0,0.50048,0.52048,0.0,0.01,0.0,0.0,958.5213647,,T,test-only,,table
zezin2014b_10.1021_je500371u_t2,ZEZIN(2014b),,rho,423.15,400.0,1.0209,1.0429,0.0,0.011,0.0,0.0,978.0913647,,T,test-only,,table
zezin2014b_10.1021_je500371u_t2,ZEZIN(2014b),,rho,423.15,400.0,3.35813,3.38213,0.0,0.012,0.0,0.0,1056.501365,,T,test-only,,table
zezin2014b_10.1021_je500371u_t2,ZEZIN(2014b),,rho,423.15,400.0,3.01468,3.11468,0.0,0.05,0.0,0.0,1048.251365,,T,test-only,,table
zezin2014b_10.1021_je500371u_t2,ZEZIN(2014b),,rho,423.15,400.0,0.50041,0.60041,0.0,0.05,0.0,0.0,962.1713647,,T,test-only,,table
zezin2014b_10.1021_je500371u_t2,ZEZIN(2014b),,rho,423.15,400.0,0.1003,0.2003,0.0,0.05,0.0,0.0,946.6613647,,T,test-only,,table
zezin2014b_10.1021_je500371u_t2,ZEZIN(2014b),,rho,423.15,400.0,1.0093,1.1113,0.0,0.051,0.0,0.0,981.3013647,,T,test-only,,table
zezin2014b_10.1021_je500371u_t2,ZEZIN(2014b),,rho,423.15,400.0,0.0,0.198,0.0,0.099,0.0,0.0,947.1013647,,T,test-only,,table
zezin2014b_10.1021_je500371u_t2,ZEZIN(2014b),,rho,423.15,400.0,1.00183,1.20183,0.0,0.1,0.0,0.0,984.9913647,,T,test-only,,table
zezin2014b_10.1021_je500371u_t2,ZEZIN(2014b),,rho,423.15,400.0,0.10007,0.30007,0.0,0.1,0.0,0.0,951.2913647,,T,test-only,,table
zezin2014b_10.1021_je500371u_t2,ZEZIN(2014b),,rho,423.15,400.0,3.00001,3.20201,0.0,0.101,0.0,0.0,1052.341365,,T,test-only,,table
zezin2014b_10.1021_je500371u_t2,ZEZIN(2014b),,rho,423.15,400.0,0.5027,0.9027,0.0,0.2,0.0,0.0,975.4713647,,T,test-only,,table
zezin2014b_10.1021_je500371u_t2,ZEZIN(2014b),,rho,423.15,400.0,0.10089,0.50089,0.0,0.2,0.0,0.0,960.3713647,,T,test-only,,table
zezin2014b_10.1021_je500371u_t2,ZEZIN(2014b),,rho,423.15,400.0,1.0016,1.4176,0.0,0.208,0.0,0.0,994.2013647,,T,test-only,,table
zezin2014b_10.1021_je500371u_t2,ZEZIN(2014b),,rho,423.15,400.0,0.10023,1.10023,0.0,0.5,0.0,0.0,986.7413647,,T,test-only,,table
zezin2014b_10.1021_je500371u_t2,ZEZIN(2014b),,rho,423.15,400.0,0.50005,1.50005,0.0,0.5,0.0,0.0,1000.821365,,T,test-only,,table
zezin2014b_10.1021_je500371u_t2,ZEZIN(2014b),,rho,423.15,400.0,3.00476,4.00476,0.0,0.5,0.0,0.0,1081.111365,,T,test-only,,table
zezin2014b_10.1021_je500371u_t2,ZEZIN(2014b),,rho,423.15,400.0,1.00447,2.00647,0.0,0.501,0.0,0.0,1018.401365,,T,test-only,,table
zezin2014b_10.1021_je500371u_t2,ZEZIN(2014b),,rho,423.15,400.0,0.09999,2.09999,0.0,1.0,0.0,0.0,1028.141365,,T,test-only,,table
zezin2014b_10.1021_je500371u_t2,ZEZIN(2014b),,rho,423.15,400.0,3.00863,5.01263,0.0,1.002,0.0,0.0,1114.771365,,T,test-only,,table
zezin2014b_10.1021_je500371u_t2,ZEZIN(2014b),,rho,423.15,400.0,3.00338,6.58538,0.0,1.791,0.0,0.0,1166.671365,,T,test-only,,table
zezin2014b_10.1021_je500371u_t2,ZEZIN(2014b),,rho,423.15,400.0,0.10014,6.10214,0.0,3.001,0.0,0.0,1169.731365,,T,test-only,,table
zezin2014b_10.1021_je500371u_t2,ZEZIN(2014b),,rho,423.15,400.0,0.0,6.008,0.0,3.004,0.0,0.0,1167.841365,,T,test-only,,table
zezin2014b_10.1021_je500371u_t2,ZEZIN(2014b),,rho,423.15,400.0,0.10066,12.10866,0.0,6.004,0.0,0.0,1327.001365,,T,test-only,,table
zezin2014b_10.1021_je500371u_t2,ZEZIN(2014b),,rho,423.15,400.0,0.50003,0.70003,0.0,0.1,0.0,0.0,966.5913647,,T,test-only,,table
zezin2014b_10.1021_je500371u_t2,ZEZIN(2014b),,rho,423.15,400.0,0.50139,2.50139,0.0,1.0,0.0,0.0,1041.251365,,T,test-only,,table
zezin2014b_10.1021_je500371u_t2,ZEZIN(2014b),,rho,423.16,400.0,3.0021,3.0221,0.0,0.01,0.0,0.0,1044.672852,,T,test-only,,table
zezin2014b_10.1021_je500371u_t2,ZEZIN(2014b),,rho,423.16,400.0,3.02274,3.42674,0.0,0.202,0.0,0.0,1059.082852,,T,test-only,,table
zezin2014b_10.1021_je500371u_t2,ZEZIN(2014b),,rho,423.16,400.0,0.0,0.98,0.0,0.49,0.0,0.0,982.2728515,,T,test-only,,table
zezin2014b_10.1021_je500371u_t2,ZEZIN(2014b),,rho,423.16,400.0,1.00844,3.01244,0.0,1.002,0.0,0.0,1057.182852,,T,test-only,,table
zezin2014b_10.1021_je500371u_t2,ZEZIN(2014b),,rho,423.16,400.0,0.0,2.01,0.0,1.005,0.0,0.0,1025.052852,,T,test-only,,table
zezin2014b_10.1021_je500371u_t2,ZEZIN(2014b),,rho,423.16,400.0,1.05232,7.07032,0.0,3.009,0.0,0.0,1193.122852,,T,test-only,,table
zezin2014b_10.1021_je500371u_t2,ZEZIN(2014b),,rho,423.15,700.0,0.10011,0.12011,0.0,0.01,0.0,0.0,956.8902702,,T,test-only,,table
zezin2014b_10.1021_je500371u_t2,ZEZIN(2014b),,rho,423.15,700.0,0.50048,0.52048,0.0,0.01,0.0,0.0,972.2502702,,T,test-only,,table
zezin2014b_10.1021_je500371u_t2,ZEZIN(2014b),,rho,423.15,700.0,1.0209,1.0429,0.0,0.011,0.0,0.0,991.3502702,,T,test-only,,table
zezin2014b_10.1021_je500371u_t2,ZEZIN(2014b),,rho,423.15,700.0,3.35813,3.38213,0.0,0.012,0.0,0.0,1068.59027,,T,test-only,,table
zezin2014b_10.1021_je500371u_t2,ZEZIN(2014b),,rho,423.15,700.0,3.01468,3.11468,0.0,0.05,0.0,0.0,1060.37027,,T,test-only,,table
zezin2014b_10.1021_je500371u_t2,ZEZIN(2014b),,rho,423.15,700.0,0.50041,0.60041,0.0,0.05,0.0,0.0,975.7102702,,T,test-only,,table
zezin2014b_10.1021_je500371u_t2,ZEZIN(2014b),,rho,423.15,700.0,0.1003,0.2003,0.0,0.05,0.0,0.0,960.5802702,,T,test-only,,table
zezin2014b_10.1021_je500371u_t2,ZEZIN(2014b),,rho,423.15,700.0,1.0093,1.1113,0.0,0.051,0.0,0.0,994.4802702,,T,test-only,,table
zezin2014b_10.1021_je500371u_t2,ZEZIN(2014b),,rho,423.15,700.0,0.0,0.198,0.0,0.099,0.0,0.0,961.2002702,,T,test-only,,table
zezin2014b_10.1021_je500371u_t2,ZEZIN(2014b),,rho,423.15,700.0,0.49985,0.69785,0.0,0.099,0.0,0.0,979.9402702,,T,test-only,,table
zezin2014b_10.1021_je500371u_t2,ZEZIN(2014b),,rho,423.15,700.0,1.00183,1.20183,0.0,0.1,0.0,0.0,998.2102702,,T,test-only,,table
zezin2014b_10.1021_je500371u_t2,ZEZIN(2014b),,rho,423.15,700.0,0.09998,0.29998,0.0,0.1,0.0,0.0,965.0502702,,T,test-only,,table
zezin2014b_10.1021_je500371u_t2,ZEZIN(2014b),,rho,423.15,700.0,3.00001,3.20201,0.0,0.101,0.0,0.0,1064.47027,,T,test-only,,table
zezin2014b_10.1021_je500371u_t2,ZEZIN(2014b),,rho,423.15,700.0,0.5027,0.9027,0.0,0.2,0.0,0.0,988.8702702,,T,test-only,,table
zezin2014b_10.1021_je500371u_t2,ZEZIN(2014b),,rho,423.15,700.0,0.10089,0.50089,0.0,0.2,0.0,0.0,974.0502702,,T,test-only,,table
zezin2014b_10.1021_je500371u_t2,ZEZIN(2014b),,rho,423.15,700.0,1.0016,1.4176,0.0,0.208,0.0,0.0,1007.18027,,T,test-only,,table
zezin2014b_10.1021_je500371u_t2,ZEZIN(2014b),,rho,423.15,700.0,3.00476,4.00476,0.0,0.5,0.0,0.0,1092.92027,,T,test-only,,table
zezin2014b_10.1021_je500371u_t2,ZEZIN(2014b),,rho,423.15,700.0,1.00447,2.00647,0.0,0.501,0.0,0.0,1031.01027,,T,test-only,,table
zezin2014b_10.1021_je500371u_t2,ZEZIN(2014b),,rho,423.15,700.0,3.00863,5.01263,0.0,1.002,0.0,0.0,1126.25027,,T,test-only,,table
zezin2014b_10.1021_je500371u_t2,ZEZIN(2014b),,rho,423.15,700.0,3.00338,6.58538,0.0,1.791,0.0,0.0,1177.79027,,T,test-only,,table
zezin2014b_10.1021_je500371u_t2,ZEZIN(2014b),,rho,423.15,700.0,0.0,6.008,0.0,3.004,0.0,0.0,1178.98027,,T,test-only,,table
zezin2014b_10.1021_je500371u_t2,ZEZIN(2014b),,rho,423.15,700.0,0.10066,12.10866,0.0,6.004,0.0,0.0,1337.56027,,T,test-only,,table
zezin2014b_10.1021_je500371u_t2,ZEZIN(2014b),,rho,423.16,700.0,3.0021,3.0221,0.0,0.01,0.0,0.0,1056.912254,,T,test-only,,table
zezin2014b_10.1021_je500371u_t2,ZEZIN(2014b),,rho,423.16,700.0,3.02274,3.42674,0.0,0.202,0.0,0.0,1071.292254,,T,test-only,,table
zezin2014b_10.1021_je500371u_t2,ZEZIN(2014b),,rho,423.16,700.0,0.0,0.98,0.0,0.49,0.0,0.0,995.562254,,T,test-only,,table
zezin2014b_10.1021_je500371u_t2,ZEZIN(2014b),,rho,423.16,700.0,1.00844,3.01244,0.0,1.002,0.0,0.0,1069.422254,,T,test-only,,table
zezin2014b_10.1021_je500371u_t2,ZEZIN(2014b),,rho,423.16,700.0,0.0,2.01,0.0,1.005,0.0,0.0,1037.812254,,T,test-only,,table
zezin2014b_10.1021_je500371u_t2,ZEZIN(2014b),,rho,423.16,700.0,1.05232,7.07032,0.0,3.009,0.0,0.0,1204.162254,,T,test-only,,table
zezin2014b_10.1021_je500371u_t2,ZEZIN(2014b),,rho,473.13,20.0,0.50139,2.50139,0.0,1.0,0.0,0.0,980.1812818,,T,test-only,,table
zezin2014b_10.1021_je500371u_t2,ZEZIN(2014b),,rho,473.14,20.0,0.10007,0.30007,0.0,0.1,0.0,0.0,880.6593852,,T,test-only,,table
zezin2014b_10.1021_je500371u_t2,ZEZIN(2014b),,rho,473.14,20.0,0.50004,0.70004,0.0,0.1,0.0,0.0,898.0393852,,T,test-only,,table
zezin2014b_10.1021_je500371u_t2,ZEZIN(2014b),,rho,473.15,20.0,0.10023,1.10023,0.0,0.5,0.0,0.0,920.3274879,,T,test-only,,table
zezin2014b_10.1021_je500371u_t2,ZEZIN(2014b),,rho,473.15,20.0,0.49987,6.49787,0.0,2.999,0.0,0.0,1126.767488,,T,test-only,,table
zezin2014b_10.1021_je500371u_t2,ZEZIN(2014b),,rho,473.15,20.0,0.10014,6.10214,0.0,3.001,0.0,0.0,1116.807488,,T,test-only,,table
zezin2014b_10.1021_je500371u_t2,ZEZIN(2014b),,rho,473.15,20.0,0.09999,2.09999,0.0,1.0,0.0,0.0,965.9474879,,T,test-only,,table
zezin2014b_10.1021_je500371u_t2,ZEZIN(2014b),,rho,473.15,20.0,0.50005,1.50005,0.0,0.5,0.0,0.0,936.1374879,,T,test-only,,table
zezin2014b_10.1021_je500371u_t2,ZEZIN(2014b),,rho,473.14,50.0,0.50048,0.52048,0.0,0.01,0.0,0.0,891.0712839,,T,test-only,,table
zezin2014b_10.1021_je500371u_t2,ZEZIN(2014b),,rho,473.15,50.0,0.101,0.121,0.0,0.01,0.0,0.0,873.3495476,,T,test-only,,table
zezin2014b_10.1021_je500371u_t2,ZEZIN(2014b),,rho,473.15,50.0,1.0209,1.0429,0.0,0.011,0.0,0.0,913.1295476,,T,test-only,,table
zezin2014b_10.1021_je500371u_t2,ZEZIN(2014b),,rho,473.15,50.0,3.35813,3.38213,0.0,0.012,0.0,0.0,998.6395476,,T,test-only,,table
zezin2014b_10.1021_je500371u_t2,ZEZIN(2014b),,rho,473.15,50.0,3.01468,3.11468,0.0,0.05,0.0,0.0,990.2395476,,T,test-only,,table
zezin2014b_10.1021_je500371u_t2,ZEZIN(2014b),,rho,473.15,50.0,0.50041,0.60041,0.0,0.05,0.0,0.0,895.0695476,,T,test-only,,table
zezin2014b_10.1021_je500371u_t2,ZEZIN(2014b),,rho,473.15,50.0,0.10054,0.20054,0.0,0.05,0.0,0.0,877.6395476,,T,test-only,,table
zezin2014b_10.1021_je500371u_t2,ZEZIN(2014b),,rho,473.15,50.0,1.0093,1.1113,0.0,0.051,0.0,0.0,916.4995476,,T,test-only,,table
zezin2014b_10.1021_je500371u_t2,ZEZIN(2014b),,rho,473.15,50.0,1.00934,1.11134,0.0,0.051,0.0,0.0,916.5295476,,T,test-only,,table
zezin2014b_10.1021_je500371u_t2,ZEZIN(2014b),,rho,473.15,50.0,1.0013,1.1993,0.0,0.099,0.0,0.0,920.4595476,,T,test-only,,table
zezin2014b_10.1021_je500371u_t2,ZEZIN(2014b),,rho,473.15,50.0,0.0,0.198,0.0,0.099,0.0,0.0,878.7995476,,T,test-only,,table
zezin2014b_10.1021_je500371u_t2,ZEZIN(2014b),,rho,473.15,50.0,3.00001,3.20201,0.0,0.101,0.0,0.0,993.2995476,,T,test-only,,table
zezin2014b_10.1021_je500371u_t2,ZEZIN(2014b),,rho,473.15,50.0,0.10048,0.50048,0.0,0.2,0.0,0.0,892.9595476,,T,test-only,,table
zezin2014b_10.1021_je500371u_t2,ZEZIN(2014b),,rho,473.15,50.0,0.50272,0.90272,0.0,0.2,0.0,0.0,909.9695476,,T,test-only,,table
zezin2014b_10.1021_je500371u_t2,ZEZIN(2014b),,rho,473.15,50.0,0.9959,1.3979,0.0,0.201,0.0,0.0,930.0595476,,T,test-only,,table
zezin2014b_10.1021_je500371u_t2,ZEZIN(2014b),,rho,473.15,50.0,3.02274,3.42674,0.0,0.202,0.0,0.0,1001.949548,,T,test-only,,table
zezin2014b_10.1021_je500371u_t2,ZEZIN(2014b),,rho,473.15,50.0,0.0,0.98,0.0,0.49,0.0,0.0,918.0295476,,T,test-only,,table
zezin2014b_10.1021_je500371u_t2,ZEZIN(2014b),,rho,473.15,50.0,1.001,2.003,0.0,0.501,0.0,0.0,957.1895476,,T,test-only,,table
zezin2014b_10.1021_je500371u_t2,ZEZIN(2014b),,rho,473.15,50.0,3.00563,4.00763,0.0,0.501,0.0,0.0,1024.189548,,T,test-only,,table
zezin2014b_10.1021_je500371u_t2,ZEZIN(2014b),,rho,473.15,50.0,1.00255,3.00055,0.0,0.999,0.0,0.0,998.7095476,,T,test-only,,table
zezin2014b_10.1021_je500371u_t2,ZEZIN(2014b),,rho,473.15,50.0,0.50139,2.50139,0.0,1.0,0.0,0.0,981.8895476,,T,test-only,,table
zezin2014b_10.1021_je500371u_t2,ZEZIN(2014b),,rho,473.15,50.0,0.0,2.01,0.0,1.005,0.0,0.0,965.2695476,,T,test-only,,table
zezin2014b_10.1021_je500371u_t2,ZEZIN(2014b),,rho,473.15,50.0,0.49987,6.49787,0.0,2.999,0.0,0.0,1127.989548,,T,test-only,,table
zezin2014b_10.1021_je500371u_t2,ZEZIN(2014b),,rho,473.15,50.0,0.0,6.008,0.0,3.004,0.0,0.0,1117.099548,,T,test-only,,table
zezin2014b_10.1021_je500371u_t2,ZEZIN(2014b),,rho,473.15,50.0,1.00241,7.01441,0.0,3.006,0.0,0.0,1140.169548,,T,test-only,,table
zezin2014b_10.1021_je500371u_t2,ZEZIN(2014b),,rho,473.15,50.0,0.10023,1.10023,0.0,0.5,0.0,0.0,922.3695476,,T,test-only,,table
zezin2014b_10.1021_je500371u_t2,ZEZIN(2014b),,rho,473.15,50.0,0.10007,0.30007,0.0,0.1,0.0,0.0,882.8195476,,T,test-only,,table
zezin2014b_10.1021_je500371u_t2,ZEZIN(2014b),,rho,473.16,50.0,0.50005,1.50005,0.0,0.5,0.0,0.0,938.0178108,,T,test-only,,table
zezin2014b_10.1021_je500371u_t2,ZEZIN(2014b),,rho,473.16,50.0,0.09999,2.09999,0.0,1.0,0.0,0.0,967.6678108,,T,test-only,,table
zezin2014b_10.1021_je500371u_t2,ZEZIN(2014b),,rho,473.16,50.0,0.10014,6.10214,0.0,3.001,0.0,0.0,1118.087811,,T,test-only,,table
zezin2014b_10.1021_je500371u_t2,ZEZIN(2014b),,rho,473.16,50.0,0.50004,0.70004,0.0,0.1,0.0,0.0,900.0878108,,T,test-only,,table
zezin2014b_10.1021_je500371u_t2,ZEZIN(2014b),,rho,473.16,50.0,3.00863,5.01263,0.0,1.002,0.0,0.0,1060.767811,,T,test-only,,table
zezin2014b_10.1021_je500371u_t2,ZEZIN(2014b),,rho,473.14,100.0,0.10014,6.10214,0.0,3.001,0.0,0.0,1120.326766,,T,test-only,,table
zezin2014b_10.1021_je500371u_t2,ZEZIN(2014b),,rho,473.15,100.0,0.49987,6.49787,0.0,2.999,0.0,0.0,1130.195282,,T,test-only,,table
zezin2014b_10.1021_je500371u_t2,ZEZIN(2014b),,rho,473.15,100.0,0.50048,0.52048,0.0,0.01,0.0,0.0,894.625282,,T,test-only,,table
zezin2014b_10.1021_je500371u_t2,ZEZIN(2014b),,rho,473.15,100.0,0.101,0.121,0.0,0.01,0.0,0.0,876.995282,,T,test-only,,table
zezin2014b_10.1021_je500371u_t2,ZEZIN(2014b),,rho,473.15,100.0,1.0209,1.0429,0.0,0.011,0.0,0.0,916.355282,,T,test-only,,table
zezin2014b_10.1021_je500371u_t2,ZEZIN(2014b),,rho,473.15,100.0,3.35813,3.38213,0.0,0.012,0.0,0.0,1001.335282,,T,test-only,,table
zezin2014b_10.1021_je500371u_t2,ZEZIN(2014b),,rho,473.15,100.0,3.01468,3.11468,0.0,0.05,0.0,0.0,992.995282,,T,test-only,,table
zezin2014b_10.1021_je500371u_t2,ZEZIN(2014b),,rho,473.15,100.0,0.50041,0.60041,0.0,0.05,0.0,0.0,898.525282,,T,test-only,,table
zezin2014b_10.1021_je500371u_t2,ZEZIN(2014b),,rho,473.15,100.0,0.10054,0.20054,0.0,0.05,0.0,0.0,881.255282,,T,test-only,,table
zezin2014b_10.1021_je500371u_t2,ZEZIN(2014b),,rho,473.15,100.0,1.00934,1.11134,0.0,0.051,0.0,0.0,919.745282,,T,test-only,,table
zezin2014b_10.1021_je500371u_t2,ZEZIN(2014b),,rho,473.15,100.0,1.0013,1.1993,0.0,0.099,0.0,0.0,923.695282,,T,test-only,,table
zezin2014b_10.1021_je500371u_t2,ZEZIN(2014b),,rho,473.15,100.0,0.0,0.198,0.0,0.099,0.0,0.0,882.405282,,T,test-only,,table
zezin2014b_10.1021_je500371u_t2,ZEZIN(2014b),,rho,473.15,100.0,3.00001,3.20201,0.0,0.101,0.0,0.0,996.055282,,T,test-only,,table
zezin2014b_10.1021_je500371u_t2,ZEZIN(2014b),,rho,473.15,100.0,0.10048,0.50048,0.0,0.2,0.0,0.0,896.395282,,T,test-only,,table
zezin2014b_10.1021_je500371u_t2,ZEZIN(2014b),,rho,473.15,100.0,0.50272,0.90272,0.0,0.2,0.0,0.0,913.265282,,T,test-only,,table
zezin2014b_10.1021_je500371u_t2,ZEZIN(2014b),,rho,473.15,100.0,0.9959,1.3979,0.0,0.201,0.0,0.0,933.125282,,T,test-only,,table
zezin2014b_10.1021_je500371u_t2,ZEZIN(2014b),,rho,473.15,100.0,3.02274,3.42674,0.0,0.202,0.0,0.0,1004.675282,,T,test-only,,table
zezin2014b_10.1021_je500371u_t2,ZEZIN(2014b),,rho,473.15,100.0,0.0,0.98,0.0,0.49,0.0,0.0,921.315282,,T,test-only,,table
zezin2014b_10.1021_je500371u_t2,ZEZIN(2014b),,rho,473.15,100.0,1.001,2.003,0.0,0.501,0.0,0.0,960.205282,,T,test-only,,table
zezin2014b_10.1021_je500371u_t2,ZEZIN(2014b),,rho,473.15,100.0,3.00563,4.00763,0.0,0.501,0.0,0.0,1026.715282,,T,test-only,,table
zezin2014b_10.1021_je500371u_t2,ZEZIN(2014b),,rho,473.15,100.0,1.00255,3.00055,0.0,0.999,0.0,0.0,1001.455282,,T,test-only,,table
zezin2014b_10.1021_je500371u_t2,ZEZIN(2014b),,rho,473.15,100.0,0.09999,2.09999,0.0,1.0,0.0,0.0,970.615282,,T,test-only,,table
zezin2014b_10.1021_je500371u_t2,ZEZIN(2014b),,rho,473.15,100.0,0.0,2.01,0.0,1.005,0.0,0.0,968.275282,,T,test-only,,table
zezin2014b_10.1021_je500371u_t2,ZEZIN(2014b),,rho,473.15,100.0,0.0,6.008,0.0,3.004,0.0,0.0,1119.315282,,T,test-only,,table
zezin2014b_10.1021_je500371u_t2,ZEZIN(2014b),,rho,473.15,100.0,1.00241,7.01441,0.0,3.006,0.0,0.0,1142.315282,,T,test-only,,table
zezin2014b_10.1021_je500371u_t2,ZEZIN(2014b),,rho,473.15,100.0,0.10007,0.30007,0.0,0.1,0.0,0.0,886.345282,,T,test-only,,table
zezin2014b_10.1021_je500371u_t2,ZEZIN(2014b),,rho,473.15,100.0,0.5014,2.5014,0.0,1.0,0.0,0.0,984.775282,,T,test-only,,table
zezin2014b_10.1021_je500371u_t2,ZEZIN(2014b),,rho,473.16,100.0,0.10023,1.10023,0.0,0.5,0.0,0.0,925.5637974,,T,test-only,,table
zezin2014b_10.1021_je500371u_t2,ZEZIN(2014b),,rho,473.16,100.0,0.50004,0.70004,0.0,0.1,0.0,0.0,903.4637974,,T,test-only,,table
zezin2014b_10.1021_je500371u_t2,ZEZIN(2014b),,rho,473.16,100.0,0.50005,1.50005,0.0,0.5,0.0,0.0,941.1537974,,T,test-only,,table
zezin2014b_10.1021_je500371u_t2,ZEZIN(2014b),,rho,473.16,100.0,3.00863,5.01263,0.0,1.002,0.0,0.0,1063.163797,,T,test-only,,table
zezin2014b_10.1021_je500371u_t2,ZEZIN(2014b),,rho,473.15,200.0,0.50048,0.52048,0.0,0.01,0.0,0.0,901.1952082,,T,test-only,,table
zezin2014b_10.1021_je500371u_t2,ZEZIN(2014b),,rho,473.15,200.0,0.101,0.121,0.0,0.01,0.0,0.0,883.9052082,,T,test-only,,table
zezin2014b_10.1021_je500371u_t2,ZEZIN(2014b),,rho,473.15,200.0,1.0209,1.0429,0.0,0.011,0.0,0.0,922.6252082,,T,test-only,,table
zezin2014b_10.1021_je500371u_t2,ZEZIN(2014b),,rho,473.15,200.0,3.35813,3.38213,0.0,0.012,0.0,0.0,1006.615208,,T,test-only,,table
zezin2014b_10.1021_je500371u_t2,ZEZIN(2014b),,rho,473.15,200.0,3.01468,3.11468,0.0,0.05,0.0,0.0,998.3252082,,T,test-only,,table
zezin2014b_10.1021_je500371u_t2,ZEZIN(2014b),,rho,473.15,200.0,0.10054,0.20054,0.0,0.05,0.0,0.0,888.0952082,,T,test-only,,table
zezin2014b_10.1021_je500371u_t2,ZEZIN(2014b),,rho,473.15,200.0,1.00934,1.11134,0.0,0.051,0.0,0.0,925.9852082,,T,test-only,,table
zezin2014b_10.1021_je500371u_t2,ZEZIN(2014b),,rho,473.15,200.0,1.0013,1.1993,0.0,0.099,0.0,0.0,929.8152082,,T,test-only,,table
zezin2014b_10.1021_je500371u_t2,ZEZIN(2014b),,rho,473.15,200.0,0.0,0.198,0.0,0.099,0.0,0.0,889.3152082,,T,test-only,,table
zezin2014b_10.1021_je500371u_t2,ZEZIN(2014b),,rho,473.15,200.0,0.10048,0.50048,0.0,0.2,0.0,0.0,903.0252082,,T,test-only,,table
zezin2014b_10.1021_je500371u_t2,ZEZIN(2014b),,rho,473.15,200.0,0.50272,0.90272,0.0,0.2,0.0,0.0,919.6752082,,T,test-only,,table
zezin2014b_10.1021_je500371u_t2,ZEZIN(2014b),,rho,473.15,200.0,0.9959,1.3979,0.0,0.201,0.0,0.0,939.2452082,,T,test-only,,table
zezin2014b_10.1021_je500371u_t2,ZEZIN(2014b),,rho,473.15,200.0,3.02274,3.42674,0.0,0.202,0.0,0.0,1009.865208,,T,test-only,,table
zezin2014b_10.1021_je500371u_t2,ZEZIN(2014b),,rho,473.15,200.0,0.0,0.98,0.0,0.49,0.0,0.0,927.6652082,,T,test-only,,table
zezin2014b_10.1021_je500371u_t2,ZEZIN(2014b),,rho,473.15,200.0,1.001,2.003,0.0,0.501,0.0,0.0,965.9752082,,T,test-only,,table
zezin2014b_10.1021_je500371u_t2,ZEZIN(2014b),,rho,473.15,200.0,3.00563,4.00763,0.0,0.501,0.0,0.0,1031.855208,,T,test-only,,table
zezin2014b_10.1021_je500371u_t2,ZEZIN(2014b),,rho,473.15,200.0,1.00255,3.00055,0.0,0.999,0.0,0.0,1006.815208,,T,test-only,,table
zezin2014b_10.1021_je500371u_t2,ZEZIN(2014b),,rho,473.15,200.0,0.09999,2.09999,0.0,1.0,0.0,0.0,976.3152082,,T,test-only,,table
zezin2014b_10.1021_je500371u_t2,ZEZIN(2014b),,rho,473.15,200.0,3.00863,5.01263,0.0,1.002,0.0,0.0,1067.955208,,T,test-only,,table
zezin2014b_10.1021_je500371u_t2,ZEZIN(2014b),,rho,473.15,200.0,0.0,2.01,0.0,1.005,0.0,0.0,974.1152082,,T,test-only,,table
zezin2014b_10.1021_je500371u_t2,ZEZIN(2014b),,rho,473.15,200.0,0.49987,6.49787,0.0,2.999,0.0,0.0,1134.635208,,T,test-only,,table
zezin2014b_10.1021_je500371u_t2,ZEZIN(2014b),,rho,473.15,200.0,0.10014,6.10214,0.0,3.001,0.0,0.0,1124.815208,,T,test-only,,table
zezin2014b_10.1021_je500371u_t2,ZEZIN(2014b),,rho,473.15,200.0,0.0,6.008,0.0,3.004,0.0,0.0,1123.765208,,T,test-only,,table
zezin2014b_10.1021_je500371u_t2,ZEZIN(2014b),,rho,473.15,200.0,1.00241,7.01441,0.0,3.006,0.0,0.0,1146.615208,,T,test-only,,table
zezin2014b_10.1021_je500371u_t2,ZEZIN(2014b),,rho,473.15,200.0,0.50003,0.70003,0.0,0.1,0.0,0.0,909.9152082,,T,test-only,,table
zezin2014b_10.1021_je500371u_t2,ZEZIN(2014b),,rho,473.15,200.0,0.50005,1.50005,0.0,0.5,0.0,0.0,947.1752082,,T,test-only,,table
zezin2014b_10.1021_je500371u_t2,ZEZIN(2014b),,rho,473.15,200.0,0.10023,1.10023,0.0,0.5,0.0,0.0,931.7952082,,T,test-only,,table
zezin2014b_10.1021_je500371u_t2,ZEZIN(2014b),,rho,473.15,200.0,0.50139,2.50139,0.0,1.0,0.0,0.0,990.3252082,,T,test-only,,table
zezin2014b_10.1021_je500371u_t2,ZEZIN(2014b),,rho,473.16,200.0,0.10007,0.30007,0.0,0.1,0.0,0.0,893.0841755,,T,test-only,,table
zezin2014b_10.1021_je500371u_t2,ZEZIN(2014b),,rho,473.16,200.0,0.50041,0.60041,0.0,0.05,0.0,0.0,905.1341755,,T,test-only,,table
zezin2014b_10.1021_je500371u_t2,ZEZIN(2014b),,rho,473.16,200.0,3.00001,3.20201,0.0,0.101,0.0,0.0,1001.384176,,T,test-only,,table
zezin2014b_10.1021_je500371u_t2,ZEZIN(2014b),,rho,473.14,400.0,0.49987,6.49787,0.0,2.999,0.0,0.0,1143.348891,,T,test-only,,table
zezin2014b_10.1021_je500371u_t2,ZEZIN(2014b),,rho,473.15,400.0,0.50048,0.52048,0.0,0.01,0.0,0.0,913.5186016,,T,test-only,,table
zezin2014b_10.1021_je500371u_t2,ZEZIN(2014b),,rho,473.15,400.0,0.101,0.121,0.0,0.01,0.0,0.0,896.6586016,,T,test-only,,table
zezin2014b_10.1021_je500371u_t2,ZEZIN(2014b),,rho,473.15,400.0,1.0209,1.0429,0.0,0.011,0.0,0.0,934.3786016,,T,test-only,,table
zezin2014b_10.1021_je500371u_t2,ZEZIN(2014b),,rho,473.15,400.0,3.35813,3.38213,0.0,0.012,0.0,0.0,1016.728602,,T,test-only,,table
zezin2014b_10.1021_je500371u_t2,ZEZIN(2014b),,rho,473.15,400.0,3.01468,3.11468,0.0,0.05,0.0,0.0,1008.578602,,T,test-only,,table
zezin2014b_10.1021_je500371u_t2,ZEZIN(2014b),,rho,473.15,400.0,0.10054,0.20054,0.0,0.05,0.0,0.0,900.7186016,,T,test-only,,table
zezin2014b_10.1021_je500371u_t2,ZEZIN(2014b),,rho,473.15,400.0,1.00934,1.11134,0.0,0.051,0.0,0.0,937.6586016,,T,test-only,,table
zezin2014b_10.1021_je500371u_t2,ZEZIN(2014b),,rho,473.15,400.0,1.0013,1.1993,0.0,0.099,0.0,0.0,941.4086016,,T,test-only,,table
zezin2014b_10.1021_je500371u_t2,ZEZIN(2014b),,rho,473.15,400.0,0.0,0.198,0.0,0.099,0.0,0.0,901.9686016,,T,test-only,,table
zezin2014b_10.1021_je500371u_t2,ZEZIN(2014b),,rho,473.15,400.0,0.10048,0.50048,0.0,0.2,0.0,0.0,915.2686016,,T,test-only,,table
zezin2014b_10.1021_je500371u_t2,ZEZIN(2014b),,rho,473.15,400.0,0.50272,0.90272,0.0,0.2,0.0,0.0,931.5786016,,T,test-only,,table
zezin2014b_10.1021_je500371u_t2,ZEZIN(2014b),,rho,473.15,400.0,0.9959,1.3979,0.0,0.201,0.0,0.0,950.6586016,,T,test-only,,table
zezin2014b_10.1021_je500371u_t2,ZEZIN(2014b),,rho,473.15,400.0,3.02274,3.42674,0.0,0.202,0.0,0.0,1019.868602,,T,test-only,,table
zezin2014b_10.1021_je500371u_t2,ZEZIN(2014b),,rho,473.15,400.0,0.0,0.98,0.0,0.49,0.0,0.0,939.5286016,,T,test-only,,table
zezin2014b_10.1021_je500371u_t2,ZEZIN(2014b),,rho,473.15,400.0,1.001,2.003,0.0,0.501,0.0,0.0,976.9686016,,T,test-only,,table
zezin2014b_10.1021_je500371u_t2,ZEZIN(2014b),,rho,473.15,400.0,3.00563,4.00763,0.0,0.501,0.0,0.0,1041.558602,,T,test-only,,table
zezin2014b_10.1021_je500371u_t2,ZEZIN(2014b),,rho,473.15,400.0,1.00255,3.00055,0.0,0.999,0.0,0.0,1017.148602,,T,test-only,,table
zezin2014b_10.1021_je500371u_t2,ZEZIN(2014b),,rho,473.15,400.0,0.09999,2.09999,0.0,1.0,0.0,0.0,987.1386016,,T,test-only,,table
zezin2014b_10.1021_je500371u_t2,ZEZIN(2014b),,rho,473.15,400.0,0.0,2.01,0.0,1.005,0.0,0.0,985.0386016,,T,test-only,,table
zezin2014b_10.1021_je500371u_t2,ZEZIN(2014b),,rho,473.15,400.0,0.10014,6.10214,0.0,3.001,0.0,0.0,1133.678602,,T,test-only,,table
zezin2014b_10.1021_je500371u_t2,ZEZIN(2014b),,rho,473.15,400.0,0.0,6.008,0.0,3.004,0.0,0.0,1132.738602,,T,test-only,,table
zezin2014b_10.1021_je500371u_t2,ZEZIN(2014b),,rho,473.15,400.0,1.00241,7.01441,0.0,3.006,0.0,0.0,1160.268602,,T,test-only,,table
zezin2014b_10.1021_je500371u_t2,ZEZIN(2014b),,rho,473.15,400.0,0.10023,1.10023,0.0,0.5,0.0,0.0,943.4586016,,T,test-only,,table
zezin2014b_10.1021_je500371u_t2,ZEZIN(2014b),,rho,473.15,400.0,0.50139,2.50139,0.0,1.0,0.0,0.0,1000.878602,,T,test-only,,table
zezin2014b_10.1021_je500371u_t2,ZEZIN(2014b),,rho,473.16,400.0,0.50003,0.70003,0.0,0.1,0.0,0.0,921.9683119,,T,test-only,,table
zezin2014b_10.1021_je500371u_t2,ZEZIN(2014b),,rho,473.16,400.0,0.50041,0.60041,0.0,0.05,0.0,0.0,917.3183119,,T,test-only,,table
zezin2014b_10.1021_je500371u_t2,ZEZIN(2014b),,rho,473.16,400.0,0.10007,0.30007,0.0,0.1,0.0,0.0,905.6183119,,T,test-only,,table
zezin2014b_10.1021_je500371u_t2,ZEZIN(2014b),,rho,473.16,400.0,3.00001,3.20201,0.0,0.101,0.0,0.0,1011.538312,,T,test-only,,table
zezin2014b_10.1021_je500371u_t2,ZEZIN(2014b),,rho,473.16,400.0,0.50005,1.50005,0.0,0.5,0.0,0.0,958.4683119,,T,test-only,,table
zezin2014b_10.1021_je500371u_t2,ZEZIN(2014b),,rho,473.16,400.0,3.00863,5.01263,0.0,1.002,0.0,0.0,1077.358312,,T,test-only,,table
zezin2014b_10.1021_je500371u_t2,ZEZIN(2014b),,rho,473.15,700.0,0.50048,0.52048,0.0,0.01,0.0,0.0,930.0578457,,T,test-only,,table
zezin2014b_10.1021_je500371u_t2,ZEZIN(2014b),,rho,473.15,700.0,0.10113,0.12313,0.0,0.011,0.0,0.0,913.8378457,,T,test-only,,table
zezin2014b_10.1021_je500371u_t2,ZEZIN(2014b),,rho,473.15,700.0,1.0209,1.0429,0.0,0.011,0.0,0.0,950.4278457,,T,test-only,,table
zezin2014b_10.1021_je500371u_t2,ZEZIN(2014b),,rho,473.15,700.0,3.35813,3.38213,0.0,0.012,0.0,0.0,1030.817846,,T,test-only,,table
zezin2014b_10.1021_je500371u_t2,ZEZIN(2014b),,rho,473.15,700.0,3.01468,3.11468,0.0,0.05,0.0,0.0,1022.857846,,T,test-only,,table
zezin2014b_10.1021_je500371u_t2,ZEZIN(2014b),,rho,473.15,700.0,0.10054,0.20054,0.0,0.05,0.0,0.0,917.7178457,,T,test-only,,table
zezin2014b_10.1021_je500371u_t2,ZEZIN(2014b),,rho,473.15,700.0,1.00934,1.11134,0.0,0.051,0.0,0.0,953.5978457,,T,test-only,,table
zezin2014b_10.1021_je500371u_t2,ZEZIN(2014b),,rho,473.15,700.0,1.0013,1.1993,0.0,0.099,0.0,0.0,957.3978457,,T,test-only,,table
zezin2014b_10.1021_je500371u_t2,ZEZIN(2014b),,rho,473.15,700.0,0.0,0.198,0.0,0.099,0.0,0.0,918.9178457,,T,test-only,,table
zezin2014b_10.1021_je500371u_t2,ZEZIN(2014b),,rho,473.15,700.0,0.09998,0.29998,0.0,0.1,0.0,0.0,922.4478457,,T,test-only,,table
zezin2014b_10.1021_je500371u_t2,ZEZIN(2014b),,rho,473.15,700.0,0.50272,0.90272,0.0,0.2,0.0,0.0,947.6578457,,T,test-only,,table
zezin2014b_10.1021_je500371u_t2,ZEZIN(2014b),,rho,473.15,700.0,0.9959,1.3979,0.0,0.201,0.0,0.0,966.3078457,,T,test-only,,table
zezin2014b_10.1021_je500371u_t2,ZEZIN(2014b),,rho,473.15,700.0,3.02274,3.42674,0.0,0.202,0.0,0.0,1033.967846,,T,test-only,,table
zezin2014b_10.1021_je500371u_t2,ZEZIN(2014b),,rho,473.15,700.0,0.0,0.98,0.0,0.49,0.0,0.0,955.5278457,,T,test-only,,table
zezin2014b_10.1021_je500371u_t2,ZEZIN(2014b),,rho,473.15,700.0,1.001,2.003,0.0,0.501,0.0,0.0,992.0878457,,T,test-only,,table
zezin2014b_10.1021_je500371u_t2,ZEZIN(2014b),,rho,473.15,700.0,3.00563,4.00763,0.0,0.501,0.0,0.0,1055.347846,,T,test-only,,table
zezin2014b_10.1021_je500371u_t2,ZEZIN(2014b),,rho,473.15,700.0,1.00255,3.00055,0.0,0.999,0.0,0.0,1031.597846,,T,test-only,,table
zezin2014b_10.1021_je500371u_t2,ZEZIN(2014b),,rho,473.15,700.0,0.10023,2.09823,0.0,0.999,0.0,0.0,1002.347846,,T,test-only,,table
zezin2014b_10.1021_je500371u_t2,ZEZIN(2014b),,rho,473.15,700.0,0.0,2.01,0.0,1.005,0.0,0.0,1000.047846,,T,test-only,,table
zezin2014b_10.1021_je500371u_t2,ZEZIN(2014b),,rho,473.15,700.0,0.5,6.498,0.0,2.999,0.0,0.0,1156.247846,,T,test-only,,table
zezin2014b_10.1021_je500371u_t2,ZEZIN(2014b),,rho,473.15,700.0,0.0,6.008,0.0,3.004,0.0,0.0,1145.547846,,T,test-only,,table
zezin2014b_10.1021_je500371u_t2,ZEZIN(2014b),,rho,473.15,700.0,1.00241,7.01441,0.0,3.006,0.0,0.0,1167.997846,,T,test-only,,table
zezin2014b_10.1021_je500371u_t2,ZEZIN(2014b),,rho,473.16,700.0,0.10048,0.50048,0.0,0.2,0.0,0.0,931.988398,,T,test-only,,table
zezin2014b_10.1021_je500371u_t2,ZEZIN(2014b),,rho,473.16,700.0,0.50041,0.60041,0.0,0.05,0.0,0.0,933.768398,,T,test-only,,table
zezin2014b_10.1021_je500371u_t2,ZEZIN(2014b),,rho,473.16,700.0,3.00001,3.20201,0.0,0.101,0.0,0.0,1025.718398,,T,test-only,,table
zezin2014b_10.1021_je500371u_t2,ZEZIN(2014b),,rho,473.16,700.0,3.00863,5.01263,0.0,1.002,0.0,0.0,1090.668398,,T,test-only,,table
zezin2014b_10.1021_je500371u_t2,ZEZIN(2014b),,rho,523.14,50.0,3.35813,3.38213,0.0,0.012,0.0,0.0,949.2705127,,T,test-only,,table
zezin2014b_10.1021_je500371u_t2,ZEZIN(2014b),,rho,523.14,50.0,0.10007,0.30007,0.0,0.1,0.0,0.0,818.8205127,,T,test-only,,table
zezin2014b_10.1021_je500371u_t2,ZEZIN(2014b),,rho,523.14,50.0,0.50005,1.50005,0.0,0.5,0.0,0.0,881.4005127,,T,test-only,,table
zezin2014b_10.1021_je500371u_t2,ZEZIN(2014b),,rho,523.14,50.0,0.50003,0.70003,0.0,0.1,0.0,0.0,838.9605127,,T,test-only,,table
zezin2014b_10.1021_je500371u_t2,ZEZIN(2014b),,rho,523.15,50.0,3.01468,3.11468,0.0,0.05,0.0,0.0,940.2550038,,T,test-only,,table
zezin2014b_10.1021_je500371u_t2,ZEZIN(2014b),,rho,523.15,50.0,0.50139,2.50139,0.0,1.0,0.0,0.0,928.9350038,,T,test-only,,table
zezin2014b_10.1021_je500371u_t2,ZEZIN(2014b),,rho,523.15,50.0,0.10011,0.12011,0.0,0.01,0.0,0.0,807.6850038,,T,test-only,,table
zezin2014b_10.1021_je500371u_t2,ZEZIN(2014b),,rho,523.15,50.0,1.00157,1.20157,0.0,0.1,0.0,0.0,862.8650038,,T,test-only,,table
zezin2014b_10.1021_je500371u_t2,ZEZIN(2014b),,rho,523.15,50.0,3.00001,3.20201,0.0,0.101,0.0,0.0,943.4550038,,T,test-only,,table
zezin2014b_10.1021_je500371u_t2,ZEZIN(2014b),,rho,523.15,50.0,0.50041,0.60041,0.0,0.05,0.0,0.0,833.6950038,,T,test-only,,table
zezin2014b_10.1021_je500371u_t2,ZEZIN(2014b),,rho,523.15,50.0,3.00476,4.00476,0.0,0.5,0.0,0.0,976.2350038,,T,test-only,,table
zezin2014b_10.1021_je500371u_t2,ZEZIN(2014b),,rho,523.15,50.0,0.49434,6.51834,0.0,3.012,0.0,0.0,1085.405004,,T,test-only,,table
zezin2014b_10.1021_je500371u_t2,ZEZIN(2014b),,rho,523.15,50.0,0.50048,0.52048,0.0,0.01,0.0,0.0,828.9850038,,T,test-only,,table
zezin2014b_10.1021_je500371u_t2,ZEZIN(2014b),,rho,523.15,50.0,1.02093,1.04293,0.0,0.011,0.0,0.0,854.3750038,,T,test-only,,table
zezin2014b_10.1021_je500371u_t2,ZEZIN(2014b),,rho,523.15,50.0,0.99588,1.39788,0.0,0.201,0.0,0.0,873.0850038,,T,test-only,,table
zezin2014b_10.1021_je500371u_t2,ZEZIN(2014b),,rho,523.15,50.0,3.02274,3.42674,0.0,0.202,0.0,0.0,953.0050038,,T,test-only,,table
zezin2014b_10.1021_je500371u_t2,ZEZIN(2014b),,rho,523.15,50.0,0.10023,1.10023,0.0,0.5,0.0,0.0,863.4350038,,T,test-only,,table
zezin2014b_10.1021_je500371u_t2,ZEZIN(2014b),,rho,523.15,50.0,0.09999,2.09999,0.0,1.0,0.0,0.0,913.3250038,,T,test-only,,table
zezin2014b_10.1021_je500371u_t2,ZEZIN(2014b),,rho,523.15,50.0,0.0,2.01,0.0,1.005,0.0,0.0,910.2150038,,T,test-only,,table
zezin2014b_10.1021_je500371u_t2,ZEZIN(2014b),,rho,523.15,50.0,3.00338,6.58538,0.0,1.791,0.0,0.0,1070.235004,,T,test-only,,table
zezin2014b_10.1021_je500371u_t2,ZEZIN(2014b),,rho,523.15,50.0,1.00241,7.01441,0.0,3.006,0.0,0.0,1098.845004,,T,test-only,,table
zezin2014b_10.1021_je500371u_t2,ZEZIN(2014b),,rho,523.15,50.0,0.50272,0.90272,0.0,0.2,0.0,0.0,850.4550038,,T,test-only,,table
zezin2014b_10.1021_je500371u_t2,ZEZIN(2014b),,rho,523.15,50.0,1.00097,2.00297,0.0,0.501,0.0,0.0,902.6150038,,T,test-only,,table
zezin2014b_10.1021_je500371u_t2,ZEZIN(2014b),,rho,523.15,50.0,0.1003,0.2003,0.0,0.05,0.0,0.0,812.6350038,,T,test-only,,table
zezin2014b_10.1021_je500371u_t2,ZEZIN(2014b),,rho,523.15,50.0,0.0,0.98,0.0,0.49,0.0,0.0,857.9250038,,T,test-only,,table
zezin2014b_10.1021_je500371u_t2,ZEZIN(2014b),,rho,523.15,50.0,1.00549,3.00549,0.0,1.0,0.0,0.0,948.6650038,,T,test-only,,table
zezin2014b_10.1021_je500371u_t2,ZEZIN(2014b),,rho,523.15,50.0,0.0,0.198,0.0,0.099,0.0,0.0,813.1650038,,T,test-only,,table
zezin2014b_10.1021_je500371u_t2,ZEZIN(2014b),,rho,523.15,50.0,0.10014,6.10214,0.0,3.001,0.0,0.0,1074.345004,,T,test-only,,table
zezin2014b_10.1021_je500371u_t2,ZEZIN(2014b),,rho,523.16,50.0,0.10089,0.50089,0.0,0.2,0.0,0.0,830.6194939,,T,test-only,,table
zezin2014b_10.1021_je500371u_t2,ZEZIN(2014b),,rho,523.16,50.0,1.05232,7.07032,0.0,3.009,0.0,0.0,1098.459494,,T,test-only,,table
zezin2014b_10.1021_je500371u_t2,ZEZIN(2014b),,rho,523.16,50.0,3.00863,5.01263,0.0,1.002,0.0,0.0,1014.059494,,T,test-only,,table
zezin2014b_10.1021_je500371u_t2,ZEZIN(2014b),,rho,523.16,50.0,0.0,6.008,0.0,3.004,0.0,0.0,1072.529494,,T,test-only,,table
zezin2014b_10.1021_je500371u_t2,ZEZIN(2014b),,rho,523.15,100.0,0.50041,0.60041,0.0,0.05,0.0,0.0,838.7627666,,T,test-only,,table
zezin2014b_10.1021_je500371u_t2,ZEZIN(2014b),,rho,523.15,100.0,0.1003,0.2003,0.0,0.05,0.0,0.0,818.0127666,,T,test-only,,table
zezin2014b_10.1021_je500371u_t2,ZEZIN(2014b),,rho,523.15,100.0,1.05232,7.07032,0.0,3.009,0.0,0.0,1100.962767,,T,test-only,,table
zezin2014b_10.1021_je500371u_t2,ZEZIN(2014b),,rho,523.15,100.0,0.10011,0.12011,0.0,0.01,0.0,0.0,813.0427666,,T,test-only,,table
zezin2014b_10.1021_je500371u_t2,ZEZIN(2014b),,rho,523.15,100.0,1.02093,1.04293,0.0,0.011,0.0,0.0,858.9527666,,T,test-only,,table
zezin2014b_10.1021_je500371u_t2,ZEZIN(2014b),,rho,523.15,100.0,3.35813,3.38213,0.0,0.012,0.0,0.0,952.6227666,,T,test-only,,table
zezin2014b_10.1021_je500371u_t2,ZEZIN(2014b),,rho,523.15,100.0,1.00157,1.20157,0.0,0.1,0.0,0.0,867.4427666,,T,test-only,,table
zezin2014b_10.1021_je500371u_t2,ZEZIN(2014b),,rho,523.15,100.0,0.10007,0.30007,0.0,0.1,0.0,0.0,824.0227666,,T,test-only,,table
zezin2014b_10.1021_je500371u_t2,ZEZIN(2014b),,rho,523.15,100.0,3.02274,3.42674,0.0,0.202,0.0,0.0,956.4027666,,T,test-only,,table
zezin2014b_10.1021_je500371u_t2,ZEZIN(2014b),,rho,523.15,100.0,0.0,0.98,0.0,0.49,0.0,0.0,862.7927666,,T,test-only,,table
zezin2014b_10.1021_je500371u_t2,ZEZIN(2014b),,rho,523.15,100.0,0.10023,1.10023,0.0,0.5,0.0,0.0,868.0827666,,T,test-only,,table
zezin2014b_10.1021_je500371u_t2,ZEZIN(2014b),,rho,523.15,100.0,3.00863,5.01263,0.0,1.002,0.0,0.0,1016.942767,,T,test-only,,table
zezin2014b_10.1021_je500371u_t2,ZEZIN(2014b),,rho,523.15,100.0,0.0,2.01,0.0,1.005,0.0,0.0,914.3127666,,T,test-only,,table
zezin2014b_10.1021_je500371u_t2,ZEZIN(2014b),,rho,523.15,100.0,0.10014,6.10214,0.0,3.001,0.0,0.0,1076.892767,,T,test-only,,table
zezin2014b_10.1021_je500371u_t2,ZEZIN(2014b),,rho,523.15,100.0,1.00241,7.01441,0.0,3.006,0.0,0.0,1101.192767,,T,test-only,,table
zezin2014b_10.1021_je500371u_t2,ZEZIN(2014b),,rho,523.15,100.0,0.49434,6.51834,0.0,3.012,0.0,0.0,1087.902767,,T,test-only,,table
zezin2014b_10.1021_je500371u_t2,ZEZIN(2014b),,rho,523.15,100.0,0.09999,2.09999,0.0,1.0,0.0,0.0,917.3427666,,T,test-only,,table
zezin2014b_10.1021_je500371u_t2,ZEZIN(2014b),,rho,523.15,100.0,3.01468,3.11468,0.0,0.05,0.0,0.0,942.9227666,,T,test-only,,table
zezin2014b_10.1021_je500371u_t2,ZEZIN(2014b),,rho,523.15,100.0,0.50003,0.70003,0.0,0.1,0.0,0.0,843.8427666,,T,test-only,,table
zezin2014b_10.1021_je500371u_t2,ZEZIN(2014b),,rho,523.15,100.0,0.10089,0.50089,0.0,0.2,0.0,0.0,835.7227666,,T,test-only,,table
zezin2014b_10.1021_je500371u_t2,ZEZIN(2014b),,rho,523.15,100.0,1.00097,2.00297,0.0,0.501,0.0,0.0,906.7327666,,T,test-only,,table
zezin2014b_10.1021_je500371u_t2,ZEZIN(2014b),,rho,523.15,100.0,0.50139,2.50139,0.0,1.0,0.0,0.0,932.6927666,,T,test-only,,table
zezin2014b_10.1021_je500371u_t2,ZEZIN(2014b),,rho,523.15,100.0,1.00549,3.00549,0.0,1.0,0.0,0.0,952.2627666,,T,test-only,,table
zezin2014b_10.1021_je500371u_t2,ZEZIN(2014b),,rho,523.15,100.0,3.00338,6.58538,0.0,1.791,0.0,0.0,1072.752767,,T,test-only,,table
zezin2014b_10.1021_je500371u_t2,ZEZIN(2014b),,rho,523.16,100.0,0.0,6.008,0.0,3.004,0.0,0.0,1075.047849,,T,test-only,,table
zezin2014b_10.1021_je500371u_t2,ZEZIN(2014b),,rho,523.16,100.0,3.00001,3.20201,0.0,0.101,0.0,0.0,947.0378493,,T,test-only,,table
zezin2014b_10.1021_je500371u_t2,ZEZIN(2014b),,rho,523.16,100.0,0.50272,0.90272,0.0,0.2,0.0,0.0,855.1578493,,T,test-only,,table
zezin2014b_10.1021_je500371u_t2,ZEZIN(2014b),,rho,523.16,100.0,0.0,0.198,0.0,0.099,0.0,0.0,818.5778493,,T,test-only,,table
zezin2014b_10.1021_je500371u_t2,ZEZIN(2014b),,rho,523.16,100.0,0.99588,1.39788,0.0,0.201,0.0,0.0,877.4678493,,T,test-only,,table
zezin2014b_10.1021_je500371u_t2,ZEZIN(2014b),,rho,523.16,100.0,3.00476,4.00476,0.0,0.5,0.0,0.0,979.5578493,,T,test-only,,table
zezin2014b_10.1021_je500371u_t2,ZEZIN(2014b),,rho,523.16,100.0,0.50048,0.52048,0.0,0.01,0.0,0.0,834.0078493,,T,test-only,,table
zezin2014b_10.1021_je500371u_t2,ZEZIN(2014b),,rho,523.16,100.0,0.50005,1.50005,0.0,0.5,0.0,0.0,885.5778493,,T,test-only,,table
zezin2014b_10.1021_je500371u_t2,ZEZIN(2014b),,rho,523.14,200.0,3.00863,5.01263,0.0,1.002,0.0,0.0,1022.602719,,T,test-only,,table
zezin2014b_10.1021_je500371u_t2,ZEZIN(2014b),,rho,523.15,200.0,0.0,6.008,0.0,3.004,0.0,0.0,1080.108788,,T,test-only,,table
zezin2014b_10.1021_je500371u_t2,ZEZIN(2014b),,rho,523.15,200.0,0.1003,0.2003,0.0,0.05,0.0,0.0,827.958788,,T,test-only,,table
zezin2014b_10.1021_je500371u_t2,ZEZIN(2014b),,rho,523.15,200.0,0.10007,0.30007,0.0,0.1,0.0,0.0,833.768788,,T,test-only,,table
zezin2014b_10.1021_je500371u_t2,ZEZIN(2014b),,rho,523.15,200.0,0.50005,1.50005,0.0,0.5,0.0,0.0,893.758788,,T,test-only,,table
zezin2014b_10.1021_je500371u_t2,ZEZIN(2014b),,rho,523.15,200.0,0.50139,2.50139,0.0,1.0,0.0,0.0,939.948788,,T,test-only,,table
zezin2014b_10.1021_je500371u_t2,ZEZIN(2014b),,rho,523.15,200.0,1.00241,7.01441,0.0,3.006,0.0,0.0,1105.938788,,T,test-only,,table
zezin2014b_10.1021_je500371u_t2,ZEZIN(2014b),,rho,523.15,200.0,1.05232,7.07032,0.0,3.009,0.0,0.0,1105.718788,,T,test-only,,table
zezin2014b_10.1021_je500371u_t2,ZEZIN(2014b),,rho,523.15,200.0,0.49434,6.51834,0.0,3.012,0.0,0.0,1092.818788,,T,test-only,,table
zezin2014b_10.1021_je500371u_t2,ZEZIN(2014b),,rho,523.15,200.0,0.50048,0.52048,0.0,0.01,0.0,0.0,843.368788,,T,test-only,,table
zezin2014b_10.1021_je500371u_t2,ZEZIN(2014b),,rho,523.15,200.0,0.50003,0.70003,0.0,0.1,0.0,0.0,851.748788,,T,test-only,,table
zezin2014b_10.1021_je500371u_t2,ZEZIN(2014b),,rho,523.15,200.0,1.00549,3.00549,0.0,1.0,0.0,0.0,959.078788,,T,test-only,,table
zezin2014b_10.1021_je500371u_t2,ZEZIN(2014b),,rho,523.15,200.0,0.50041,0.60041,0.0,0.05,0.0,0.0,848.008788,,T,test-only,,table
zezin2014b_10.1021_je500371u_t2,ZEZIN(2014b),,rho,523.15,200.0,3.00001,3.20201,0.0,0.101,0.0,0.0,953.728788,,T,test-only,,table
zezin2014b_10.1021_je500371u_t2,ZEZIN(2014b),,rho,523.15,200.0,0.99588,1.39788,0.0,0.201,0.0,0.0,885.718788,,T,test-only,,table
zezin2014b_10.1021_je500371u_t2,ZEZIN(2014b),,rho,523.15,200.0,3.02274,3.42674,0.0,0.202,0.0,0.0,962.858788,,T,test-only,,table
zezin2014b_10.1021_je500371u_t2,ZEZIN(2014b),,rho,523.16,200.0,3.01468,3.11468,0.0,0.05,0.0,0.0,949.5648562,,T,test-only,,table
zezin2014b_10.1021_je500371u_t2,ZEZIN(2014b),,rho,523.16,200.0,1.00157,1.20157,0.0,0.1,0.0,0.0,875.8548562,,T,test-only,,table
zezin2014b_10.1021_je500371u_t2,ZEZIN(2014b),,rho,523.16,200.0,0.10089,0.50089,0.0,0.2,0.0,0.0,845.1348562,,T,test-only,,table
zezin2014b_10.1021_je500371u_t2,ZEZIN(2014b),,rho,523.16,200.0,3.00476,4.00476,0.0,0.5,0.0,0.0,985.7248562,,T,test-only,,table
zezin2014b_10.1021_je500371u_t2,ZEZIN(2014b),,rho,523.16,200.0,3.00338,6.58538,0.0,1.791,0.0,0.0,1077.774856,,T,test-only,,table
zezin2014b_10.1021_je500371u_t2,ZEZIN(2014b),,rho,523.16,200.0,0.50272,0.90272,0.0,0.2,0.0,0.0,864.0248562,,T,test-only,,table
zezin2014b_10.1021_je500371u_t2,ZEZIN(2014b),,rho,523.16,200.0,0.09999,2.09999,0.0,1.0,0.0,0.0,924.8948562,,T,test-only,,table
zezin2014b_10.1021_je500371u_t2,ZEZIN(2014b),,rho,523.16,200.0,0.10011,0.12011,0.0,0.01,0.0,0.0,823.1148562,,T,test-only,,table
zezin2014b_10.1021_je500371u_t2,ZEZIN(2014b),,rho,523.16,200.0,0.10014,6.10214,0.0,3.001,0.0,0.0,1082.004856,,T,test-only,,table
zezin2014b_10.1021_je500371u_t2,ZEZIN(2014b),,rho,523.16,200.0,1.02093,1.04293,0.0,0.011,0.0,0.0,867.5848562,,T,test-only,,table
zezin2014b_10.1021_je500371u_t2,ZEZIN(2014b),,rho,523.16,200.0,3.35813,3.38213,0.0,0.012,0.0,0.0,959.0548562,,T,test-only,,table
zezin2014b_10.1021_je500371u_t2,ZEZIN(2014b),,rho,523.16,200.0,0.0,0.98,0.0,0.49,0.0,0.0,871.5448562,,T,test-only,,table
zezin2014b_10.1021_je500371u_t2,ZEZIN(2014b),,rho,523.16,200.0,0.10023,1.10023,0.0,0.5,0.0,0.0,876.7148562,,T,test-only,,table
zezin2014b_10.1021_je500371u_t2,ZEZIN(2014b),,rho,523.16,200.0,0.0,2.01,0.0,1.005,0.0,0.0,921.9548562,,T,test-only,,table
zezin2014b_10.1021_je500371u_t2,ZEZIN(2014b),,rho,523.16,200.0,1.00097,2.00297,0.0,0.501,0.0,0.0,914.3048562,,T,test-only,,table
zezin2014b_10.1021_je500371u_t2,ZEZIN(2014b),,rho,523.16,200.0,0.0,0.198,0.0,0.099,0.0,0.0,828.5148562,,T,test-only,,table
zezin2014b_10.1021_je500371u_t2,ZEZIN(2014b),,rho,523.14,400.0,0.1003,0.2003,0.0,0.05,0.0,0.0,845.4786189,,T,test-only,,table
zezin2014b_10.1021_je500371u_t2,ZEZIN(2014b),,rho,523.15,400.0,0.50048,0.52048,0.0,0.01,0.0,0.0,860.0161376,,T,test-only,,table
zezin2014b_10.1021_je500371u_t2,ZEZIN(2014b),,rho,523.15,400.0,0.50041,0.60041,0.0,0.05,0.0,0.0,864.4661376,,T,test-only,,table
zezin2014b_10.1021_je500371u_t2,ZEZIN(2014b),,rho,523.15,400.0,0.0,0.198,0.0,0.099,0.0,0.0,846.0261376,,T,test-only,,table
zezin2014b_10.1021_je500371u_t2,ZEZIN(2014b),,rho,523.15,400.0,0.10007,0.30007,0.0,0.1,0.0,0.0,850.9861376,,T,test-only,,table
zezin2014b_10.1021_je500371u_t2,ZEZIN(2014b),,rho,523.15,400.0,0.10089,0.50089,0.0,0.2,0.0,0.0,861.9061376,,T,test-only,,table
zezin2014b_10.1021_je500371u_t2,ZEZIN(2014b),,rho,523.15,400.0,0.10014,6.10214,0.0,3.001,0.0,0.0,1092.186138,,T,test-only,,table
zezin2014b_10.1021_je500371u_t2,ZEZIN(2014b),,rho,523.15,400.0,0.0,6.008,0.0,3.004,0.0,0.0,1090.326138,,T,test-only,,table
zezin2014b_10.1021_je500371u_t2,ZEZIN(2014b),,rho,523.15,400.0,1.00241,7.01441,0.0,3.006,0.0,0.0,1115.676138,,T,test-only,,table
zezin2014b_10.1021_je500371u_t2,ZEZIN(2014b),,rho,523.15,400.0,3.00001,3.20201,0.0,0.101,0.0,0.0,966.2761376,,T,test-only,,table
zezin2014b_10.1021_je500371u_t2,ZEZIN(2014b),,rho,523.15,400.0,0.50005,1.50005,0.0,0.5,0.0,0.0,908.6261376,,T,test-only,,table
zezin2014b_10.1021_je500371u_t2,ZEZIN(2014b),,rho,523.15,400.0,0.50003,0.70003,0.0,0.1,0.0,0.0,869.2461376,,T,test-only,,table
zezin2014b_10.1021_je500371u_t2,ZEZIN(2014b),,rho,523.15,400.0,3.00476,4.00476,0.0,0.5,0.0,0.0,997.5961376,,T,test-only,,table
zezin2014b_10.1021_je500371u_t2,ZEZIN(2014b),,rho,523.15,400.0,0.49434,6.51834,0.0,3.012,0.0,0.0,1102.836138,,T,test-only,,table
zezin2014b_10.1021_je500371u_t2,ZEZIN(2014b),,rho,523.15,400.0,3.00863,5.01263,0.0,1.002,0.0,0.0,1033.716138,,T,test-only,,table
zezin2014b_10.1021_je500371u_t2,ZEZIN(2014b),,rho,523.16,400.0,0.10023,1.10023,0.0,0.5,0.0,0.0,892.2636558,,T,test-only,,table
zezin2014b_10.1021_je500371u_t2,ZEZIN(2014b),,rho,523.16,400.0,0.50139,2.50139,0.0,1.0,0.0,0.0,953.4036558,,T,test-only,,table
zezin2014b_10.1021_je500371u_t2,ZEZIN(2014b),,rho,523.16,400.0,0.0,2.01,0.0,1.005,0.0,0.0,936.0836558,,T,test-only,,table
zezin2014b_10.1021_je500371u_t2,ZEZIN(2014b),,rho,523.16,400.0,1.05232,7.07032,0.0,3.009,0.0,0.0,1115.493656,,T,test-only,,table
zezin2014b_10.1021_je500371u_t2,ZEZIN(2014b),,rho,523.16,400.0,0.10011,0.12011,0.0,0.01,0.0,0.0,840.8236558,,T,test-only,,table
zezin2014b_10.1021_je500371u_t2,ZEZIN(2014b),,rho,523.16,400.0,1.00157,1.20157,0.0,0.1,0.0,0.0,891.1736558,,T,test-only,,table
zezin2014b_10.1021_je500371u_t2,ZEZIN(2014b),,rho,523.16,400.0,1.00549,3.00549,0.0,1.0,0.0,0.0,971.9436558,,T,test-only,,table
zezin2014b_10.1021_je500371u_t2,ZEZIN(2014b),,rho,523.16,400.0,0.50272,0.90272,0.0,0.2,0.0,0.0,879.8836558,,T,test-only,,table
zezin2014b_10.1021_je500371u_t2,ZEZIN(2014b),,rho,523.16,400.0,3.00338,6.58538,0.0,1.791,0.0,0.0,1087.873656,,T,test-only,,table
zezin2014b_10.1021_je500371u_t2,ZEZIN(2014b),,rho,523.16,400.0,1.00097,2.00297,0.0,0.501,0.0,0.0,928.4336558,,T,test-only,,table
zezin2014b_10.1021_je500371u_t2,ZEZIN(2014b),,rho,523.16,400.0,3.02274,3.42674,0.0,0.202,0.0,0.0,975.1536558,,T,test-only,,table
zezin2014b_10.1021_je500371u_t2,ZEZIN(2014b),,rho,523.16,400.0,0.0,0.98,0.0,0.49,0.0,0.0,887.4636558,,T,test-only,,table
zezin2014b_10.1021_je500371u_t2,ZEZIN(2014b),,rho,523.16,400.0,3.01468,3.11468,0.0,0.05,0.0,0.0,962.1936558,,T,test-only,,table
zezin2014b_10.1021_je500371u_t2,ZEZIN(2014b),,rho,523.16,400.0,0.99588,1.39788,0.0,0.201,0.0,0.0,900.6636558,,T,test-only,,table
zezin2014b_10.1021_je500371u_t2,ZEZIN(2014b),,rho,523.16,400.0,0.09999,2.09999,0.0,1.0,0.0,0.0,938.8836558,,T,test-only,,table
zezin2014b_10.1021_je500371u_t2,ZEZIN(2014b),,rho,523.16,400.0,1.02093,1.04293,0.0,0.011,0.0,0.0,883.1336558,,T,test-only,,table
zezin2014b_10.1021_je500371u_t2,ZEZIN(2014b),,rho,523.17,400.0,3.35813,3.38213,0.0,0.012,0.0,0.0,971.3411735,,T,test-only,,table
zezin2014b_10.1021_je500371u_t2,ZEZIN(2014b),,rho,298.15,1.0,0.99911,1.19931,0.0,0.0,0.1001,0.0,1043.557039,,T,test-only,,table
zezin2014b_10.1021_je500371u_t2,ZEZIN(2014b),,rho,298.15,1.0,3.00012,4.00112,0.0,0.0,0.5005,0.0,1137.567039,,T,test-only,,table
zezin2014b_10.1021_je500371u_t2,ZEZIN(2014b),,rho,298.15,1.0,0.0,2.0006,0.0,0.0,1.0003,0.0,1070.887039,,T,test-only,,table
zezin2014b_10.1021_je500371u_t2,ZEZIN(2014b),,rho,298.15,1.0,1.00125,7.01985,0.0,0.0,3.0093,0.0,1223.637039,,T,test-only,,table
zezin2014b_10.1021_je500371u_t2,ZEZIN(2014b),,rho,298.15,1.0,0.10007,6.11947,0.0,0.0,3.0097,0.0,1198.637039,,T,test-only,,table
zezin2014b_10.1021_je500371u_t2,ZEZIN(2014b),,rho,298.15,1.0,0.2019,6.2215,0.0,0.0,3.0098,0.0,1201.517039,,T,test-only,,table
zezin2014b_10.1021_je500371u_t2,ZEZIN(2014b),,rho,298.15,1.0,0.4998,6.52,0.0,0.0,3.0101,0.0,1209.787039,,T,test-only,,table
zezin2014b_10.1021_je500371u_t2,ZEZIN(2014b),,rho,298.15,50.0,2.99998,3.19958,0.0,0.0,0.0998,0.0,1113.966162,,T,test-only,,table
zezin2014b_10.1021_je500371u_t2,ZEZIN(2014b),,rho,298.15,50.0,0.20014,0.40014,0.0,0.0,0.1,0.0,1015.116162,,T,test-only,,table
zezin2014b_10.1021_je500371u_t2,ZEZIN(2014b),,rho,298.15,50.0,0.0,0.2,0.0,0.0,0.1,0.0,1007.026162,,T,test-only,,table
zezin2014b_10.1021_je500371u_t2,ZEZIN(2014b),,rho,298.15,50.0,0.99911,1.19931,0.0,0.0,0.1001,0.0,1045.586162,,T,test-only,,table
zezin2014b_10.1021_je500371u_t2,ZEZIN(2014b),,rho,298.15,50.0,0.50434,0.70774,0.0,0.0,0.1017,0.0,1027.066162,,T,test-only,,table
zezin2014b_10.1021_je500371u_t2,ZEZIN(2014b),,rho,298.15,50.0,0.19961,1.19921,0.0,0.0,0.4998,0.0,1044.596162,,T,test-only,,table
zezin2014b_10.1021_je500371u_t2,ZEZIN(2014b),,rho,298.15,50.0,0.0,1.0,0.0,0.0,0.5,0.0,1037.066162,,T,test-only,,table
zezin2014b_10.1021_je500371u_t2,ZEZIN(2014b),,rho,298.15,50.0,1.00005,2.00005,0.0,0.0,0.5,0.0,1073.296162,,T,test-only,,table
zezin2014b_10.1021_je500371u_t2,ZEZIN(2014b),,rho,298.15,50.0,3.00012,4.00112,0.0,0.0,0.5005,0.0,1139.306162,,T,test-only,,table
zezin2014b_10.1021_je500371u_t2,ZEZIN(2014b),,rho,298.15,50.0,0.5004,1.5016,0.0,0.0,0.5006,0.0,1055.646162,,T,test-only,,table
zezin2014b_10.1021_je500371u_t2,ZEZIN(2014b),,rho,298.15,50.0,0.10047,1.10827,0.0,0.0,0.5039,0.0,1041.156162,,T,test-only,,table
zezin2014b_10.1021_je500371u_t2,ZEZIN(2014b),,rho,298.15,50.0,1.00053,2.99973,0.0,0.0,0.9996,0.0,1106.566162,,T,test-only,,table
zezin2014b_10.1021_je500371u_t2,ZEZIN(2014b),,rho,298.15,50.0,0.10021,2.10021,0.0,0.0,1.0,0.0,1076.056162,,T,test-only,,table
zezin2014b_10.1021_je500371u_t2,ZEZIN(2014b),,rho,298.15,50.0,3.00001,5.00001,0.0,0.0,1.0,0.0,1168.536162,,T,test-only,,table
zezin2014b_10.1021_je500371u_t2,ZEZIN(2014b),,rho,298.15,50.0,0.0,2.0006,0.0,0.0,1.0003,0.0,1072.816162,,T,test-only,,table
zezin2014b_10.1021_je500371u_t2,ZEZIN(2014b),,rho,298.15,50.0,0.20007,2.20107,0.0,0.0,1.0005,0.0,1079.926162,,T,test-only,,table
zezin2014b_10.1021_je500371u_t2,ZEZIN(2014b),,rho,298.15,50.0,0.49992,2.50112,0.0,0.0,1.0006,0.0,1090.176162,,T,test-only,,table
zezin2014b_10.1021_je500371u_t2,ZEZIN(2014b),,rho,298.15,50.0,1.00608,3.47708,0.0,0.0,1.2355,0.0,1122.216162,,T,test-only,,table
zezin2014b_10.1021_je500371u_t2,ZEZIN(2014b),,rho,298.15,50.0,0.0,6.0002,0.0,0.0,3.0001,0.0,1196.576162,,T,test-only,,table
zezin2014b_10.1021_je500371u_t2,ZEZIN(2014b),,rho,298.15,50.0,1.00125,7.01985,0.0,0.0,3.0093,0.0,1225.216162,,T,test-only,,table
zezin2014b_10.1021_je500371u_t2,ZEZIN(2014b),,rho,298.15,50.0,0.10007,6.11947,0.0,0.0,3.0097,0.0,1200.216162,,T,test-only,,table
zezin2014b_10.1021_je500371u_t2,ZEZIN(2014b),,rho,298.15,50.0,0.2019,6.2215,0.0,0.0,3.0098,0.0,1203.156162,,T,test-only,,table
zezin2014b_10.1021_je500371u_t2,ZEZIN(2014b),,rho,298.15,50.0,0.4998,6.52,0.0,0.0,3.0101,0.0,1211.316162,,T,test-only,,table
zezin2014b_10.1021_je500371u_t2,ZEZIN(2014b),,rho,298.15,100.0,2.99998,3.19958,0.0,0.0,0.0998,0.0,1115.77696,,T,test-only,,table
zezin2014b_10.1021_je500371u_t2,ZEZIN(2014b),,rho,298.15,100.0,0.20014,0.40014,0.0,0.0,0.1,0.0,1017.23696,,T,test-only,,table
zezin2014b_10.1021_je500371u_t2,ZEZIN(2014b),,rho,298.15,100.0,0.0,0.2,0.0,0.0,0.1,0.0,1009.19696,,T,test-only,,table
zezin2014b_10.1021_je500371u_t2,ZEZIN(2014b),,rho,298.15,100.0,0.99911,1.19931,0.0,0.0,0.1001,0.0,1047.63696,,T,test-only,,table
zezin2014b_10.1021_je500371u_t2,ZEZIN(2014b),,rho,298.15,100.0,0.50434,0.70774,0.0,0.0,0.1017,0.0,1029.17696,,T,test-only,,table
zezin2014b_10.1021_je500371u_t2,ZEZIN(2014b),,rho,298.15,100.0,0.19961,1.19921,0.0,0.0,0.4998,0.0,1046.64696,,T,test-only,,table
zezin2014b_10.1021_je500371u_t2,ZEZIN(2014b),,rho,298.15,100.0,0.0,1.0,0.0,0.0,0.5,0.0,1039.13696,,T,test-only,,table
zezin2014b_10.1021_je500371u_t2,ZEZIN(2014b),,rho,298.15,100.0,1.00005,2.00005,0.0,0.0,0.5,0.0,1075.21696,,T,test-only,,table
zezin2014b_10.1021_je500371u_t2,ZEZIN(2014b),,rho,298.15,100.0,3.00012,4.00112,0.0,0.0,0.5005,0.0,1141.05696,,T,test-only,,table
zezin2014b_10.1021_je500371u_t2,ZEZIN(2014b),,rho,298.15,100.0,0.5004,1.5016,0.0,0.0,0.5006,0.0,1057.66696,,T,test-only,,table
zezin2014b_10.1021_je500371u_t2,ZEZIN(2014b),,rho,298.15,100.0,0.10047,1.10827,0.0,0.0,0.5039,0.0,1043.17696,,T,test-only,,table
zezin2014b_10.1021_je500371u_t2,ZEZIN(2014b),,rho,298.15,100.0,1.00053,2.99973,0.0,0.0,0.9996,0.0,1108.37696,,T,test-only,,table
zezin2014b_10.1021_je500371u_t2,ZEZIN(2014b),,rho,298.15,100.0,0.10021,2.10021,0.0,0.0,1.0,0.0,1077.97696,,T,test-only,,table
zezin2014b_10.1021_je500371u_t2,ZEZIN(2014b),,rho,298.15,100.0,3.00001,5.00001,0.0,0.0,1.0,0.0,1170.21696,,T,test-only,,table
zezin2014b_10.1021_je500371u_t2,ZEZIN(2014b),,rho,298.15,100.0,0.0,2.0006,0.0,0.0,1.0003,0.0,1074.72696,,T,test-only,,table
zezin2014b_10.1021_je500371u_t2,ZEZIN(2014b),,rho,298.15,100.0,0.20007,2.20107,0.0,0.0,1.0005,0.0,1081.83696,,T,test-only,,table
zezin2014b_10.1021_je500371u_t2,ZEZIN(2014b),,rho,298.15,100.0,0.49992,2.50112,0.0,0.0,1.0006,0.0,1092.03696,,T,test-only,,table
zezin2014b_10.1021_je500371u_t2,ZEZIN(2014b),,rho,298.15,100.0,1.00608,3.47708,0.0,0.0,1.2355,0.0,1124.02696,,T,test-only,,table
zezin2014b_10.1021_je500371u_t2,ZEZIN(2014b),,rho,298.15,100.0,0.0,6.0002,0.0,0.0,3.0001,0.0,1198.17696,,T,test-only,,table
zezin2014b_10.1021_je500371u_t2,ZEZIN(2014b),,rho,298.15,100.0,1.00125,7.01985,0.0,0.0,3.0093,0.0,1226.82696,,T,test-only,,table
zezin2014b_10.1021_je500371u_t2,ZEZIN(2014b),,rho,298.15,100.0,0.10007,6.11947,0.0,0.0,3.0097,0.0,1201.87696,,T,test-only,,table
zezin2014b_10.1021_je500371u_t2,ZEZIN(2014b),,rho,298.15,100.0,0.2019,6.2215,0.0,0.0,3.0098,0.0,1204.76696,,T,test-only,,table
zezin2014b_10.1021_je500371u_t2,ZEZIN(2014b),,rho,298.15,100.0,0.4998,6.52,0.0,0.0,3.0101,0.0,1212.97696,,T,test-only,,table
zezin2014b_10.1021_je500371u_t2,ZEZIN(2014b),,rho,298.15,200.0,2.99998,3.19958,0.0,0.0,0.0998,0.0,1119.43999,,T,test-only,,table
zezin2014b_10.1021_je500371u_t2,ZEZIN(2014b),,rho,298.15,200.0,0.20014,0.40014,0.0,0.0,0.1,0.0,1021.45999,,T,test-only,,table
zezin2014b_10.1021_je500371u_t2,ZEZIN(2014b),,rho,298.15,200.0,0.0,0.2,0.0,0.0,0.1,0.0,1013.51999,,T,test-only,,table
zezin2014b_10.1021_je500371u_t2,ZEZIN(2014b),,rho,298.15,200.0,0.99911,1.19931,0.0,0.0,0.1001,0.0,1051.68999,,T,test-only,,table
zezin2014b_10.1021_je500371u_t2,ZEZIN(2014b),,rho,298.15,200.0,0.50434,0.70774,0.0,0.0,0.1017,0.0,1033.34999,,T,test-only,,table
zezin2014b_10.1021_je500371u_t2,ZEZIN(2014b),,rho,298.15,200.0,0.19961,1.19921,0.0,0.0,0.4998,0.0,1050.66999,,T,test-only,,table
zezin2014b_10.1021_je500371u_t2,ZEZIN(2014b),,rho,298.15,200.0,0.0,1.0,0.0,0.0,0.5,0.0,1043.20999,,T,test-only,,table
zezin2014b_10.1021_je500371u_t2,ZEZIN(2014b),,rho,298.15,200.0,1.00005,2.00005,0.0,0.0,0.5,0.0,1079.08999,,T,test-only,,table
zezin2014b_10.1021_je500371u_t2,ZEZIN(2014b),,rho,298.15,200.0,3.00012,4.00112,0.0,0.0,0.5005,0.0,1144.48999,,T,test-only,,table
zezin2014b_10.1021_je500371u_t2,ZEZIN(2014b),,rho,298.15,200.0,0.5004,1.5016,0.0,0.0,0.5006,0.0,1061.63999,,T,test-only,,table
zezin2014b_10.1021_je500371u_t2,ZEZIN(2014b),,rho,298.15,200.0,0.10047,1.10827,0.0,0.0,0.5039,0.0,1047.24999,,T,test-only,,table
zezin2014b_10.1021_je500371u_t2,ZEZIN(2014b),,rho,298.15,200.0,1.00053,2.99973,0.0,0.0,0.9996,0.0,1112.04999,,T,test-only,,table
zezin2014b_10.1021_je500371u_t2,ZEZIN(2014b),,rho,298.15,200.0,0.10021,2.10021,0.0,0.0,1.0,0.0,1081.84999,,T,test-only,,table
zezin2014b_10.1021_je500371u_t2,ZEZIN(2014b),,rho,298.15,200.0,3.00001,5.00001,0.0,0.0,1.0,0.0,1173.55999,,T,test-only,,table
zezin2014b_10.1021_je500371u_t2,ZEZIN(2014b),,rho,298.15,200.0,0.0,2.0006,0.0,0.0,1.0003,0.0,1078.67999,,T,test-only,,table
zezin2014b_10.1021_je500371u_t2,ZEZIN(2014b),,rho,298.15,200.0,0.20007,2.20107,0.0,0.0,1.0005,0.0,1085.65999,,T,test-only,,table
zezin2014b_10.1021_je500371u_t2,ZEZIN(2014b),,rho,298.15,200.0,0.49992,2.50112,0.0,0.0,1.0006,0.0,1095.80999,,T,test-only,,table
zezin2014b_10.1021_je500371u_t2,ZEZIN(2014b),,rho,298.15,200.0,1.00608,3.47708,0.0,0.0,1.2355,0.0,1127.59999,,T,test-only,,table
zezin2014b_10.1021_je500371u_t2,ZEZIN(2014b),,rho,298.15,200.0,0.0,6.0002,0.0,0.0,3.0001,0.0,1201.38999,,T,test-only,,table
zezin2014b_10.1021_je500371u_t2,ZEZIN(2014b),,rho,298.15,200.0,1.00125,7.01985,0.0,0.0,3.0093,0.0,1229.86999,,T,test-only,,table
zezin2014b_10.1021_je500371u_t2,ZEZIN(2014b),,rho,298.15,200.0,0.10007,6.11947,0.0,0.0,3.0097,0.0,1204.97999,,T,test-only,,table
zezin2014b_10.1021_je500371u_t2,ZEZIN(2014b),,rho,298.15,200.0,0.2019,6.2215,0.0,0.0,3.0098,0.0,1207.85999,,T,test-only,,table
zezin2014b_10.1021_je500371u_t2,ZEZIN(2014b),,rho,298.15,200.0,0.4998,6.52,0.0,0.0,3.0101,0.0,1216.01999,,T,test-only,,table
zezin2014b_10.1021_je500371u_t2,ZEZIN(2014b),,rho,298.15,400.0,2.99998,3.19958,0.0,0.0,0.0998,0.0,1126.503122,,T,test-only,,table
zezin2014b_10.1021_je500371u_t2,ZEZIN(2014b),,rho,298.15,400.0,0.20014,0.40014,0.0,0.0,0.1,0.0,1029.783122,,T,test-only,,table
zezin2014b_10.1021_je500371u_t2,ZEZIN(2014b),,rho,298.15,400.0,0.0,0.2,0.0,0.0,0.1,0.0,1021.943122,,T,test-only,,table
zezin2014b_10.1021_je500371u_t2,ZEZIN(2014b),,rho,298.15,400.0,0.99911,1.19931,0.0,0.0,0.1001,0.0,1059.553122,,T,test-only,,table
zezin2014b_10.1021_je500371u_t2,ZEZIN(2014b),,rho,298.15,400.0,0.50434,0.70774,0.0,0.0,0.1017,0.0,1041.513122,,T,test-only,,table
zezin2014b_10.1021_je500371u_t2,ZEZIN(2014b),,rho,298.15,400.0,0.19961,1.19921,0.0,0.0,0.4998,0.0,1058.573122,,T,test-only,,table
zezin2014b_10.1021_je500371u_t2,ZEZIN(2014b),,rho,298.15,400.0,0.0,1.0,0.0,0.0,0.5,0.0,1051.263122,,T,test-only,,table
zezin2014b_10.1021_je500371u_t2,ZEZIN(2014b),,rho,298.15,400.0,1.00005,2.00005,0.0,0.0,0.5,0.0,1086.633122,,T,test-only,,table
zezin2014b_10.1021_je500371u_t2,ZEZIN(2014b),,rho,298.15,400.0,3.00012,4.00112,0.0,0.0,0.5005,0.0,1151.323122,,T,test-only,,table
zezin2014b_10.1021_je500371u_t2,ZEZIN(2014b),,rho,298.15,400.0,0.5004,1.5016,0.0,0.0,0.5006,0.0,1069.393122,,T,test-only,,table
zezin2014b_10.1021_je500371u_t2,ZEZIN(2014b),,rho,298.15,400.0,0.10047,1.10827,0.0,0.0,0.5039,0.0,1055.213122,,T,test-only,,table
zezin2014b_10.1021_je500371u_t2,ZEZIN(2014b),,rho,298.15,400.0,1.00053,2.99973,0.0,0.0,0.9996,0.0,1119.113122,,T,test-only,,table
zezin2014b_10.1021_je500371u_t2,ZEZIN(2014b),,rho,298.15,400.0,0.10021,2.10021,0.0,0.0,1.0,0.0,1089.333122,,T,test-only,,table
zezin2014b_10.1021_je500371u_t2,ZEZIN(2014b),,rho,298.15,400.0,3.00001,5.00001,0.0,0.0,1.0,0.0,1180.133122,,T,test-only,,table
zezin2014b_10.1021_je500371u_t2,ZEZIN(2014b),,rho,298.15,400.0,0.0,2.0006,0.0,0.0,1.0003,0.0,1086.163122,,T,test-only,,table
zezin2014b_10.1021_je500371u_t2,ZEZIN(2014b),,rho,298.15,400.0,0.20007,2.20107,0.0,0.0,1.0005,0.0,1093.103122,,T,test-only,,table
zezin2014b_10.1021_je500371u_t2,ZEZIN(2014b),,rho,298.15,400.0,0.49992,2.50112,0.0,0.0,1.0006,0.0,1103.133122,,T,test-only,,table
zezin2014b_10.1021_je500371u_t2,ZEZIN(2014b),,rho,298.15,400.0,1.00608,3.47708,0.0,0.0,1.2355,0.0,1134.553122,,T,test-only,,table
zezin2014b_10.1021_je500371u_t2,ZEZIN(2014b),,rho,298.15,400.0,0.0,6.0002,0.0,0.0,3.0001,0.0,1207.633122,,T,test-only,,table
zezin2014b_10.1021_je500371u_t2,ZEZIN(2014b),,rho,298.15,400.0,1.00125,7.01985,0.0,0.0,3.0093,0.0,1235.953122,,T,test-only,,table
zezin2014b_10.1021_je500371u_t2,ZEZIN(2014b),,rho,298.15,400.0,0.10007,6.11947,0.0,0.0,3.0097,0.0,1211.253122,,T,test-only,,table
zezin2014b_10.1021_je500371u_t2,ZEZIN(2014b),,rho,298.15,400.0,0.2019,6.2215,0.0,0.0,3.0098,0.0,1214.113122,,T,test-only,,table
zezin2014b_10.1021_je500371u_t2,ZEZIN(2014b),,rho,298.15,400.0,0.4998,6.52,0.0,0.0,3.0101,0.0,1222.163122,,T,test-only,,table
zezin2014b_10.1021_je500371u_t2,ZEZIN(2014b),,rho,298.14,700.0,0.19961,1.19921,0.0,0.0,0.4998,0.0,1069.737644,,T,test-only,,table
zezin2014b_10.1021_je500371u_t2,ZEZIN(2014b),,rho,298.15,700.0,2.99998,3.19958,0.0,0.0,0.0998,0.0,1136.664293,,T,test-only,,table
zezin2014b_10.1021_je500371u_t2,ZEZIN(2014b),,rho,298.15,700.0,0.20014,0.40014,0.0,0.0,0.1,0.0,1041.454293,,T,test-only,,table
zezin2014b_10.1021_je500371u_t2,ZEZIN(2014b),,rho,298.15,700.0,0.0,0.2,0.0,0.0,0.1,0.0,1033.764293,,T,test-only,,table
zezin2014b_10.1021_je500371u_t2,ZEZIN(2014b),,rho,298.15,700.0,0.99911,1.19931,0.0,0.0,0.1001,0.0,1070.624293,,T,test-only,,table
zezin2014b_10.1021_je500371u_t2,ZEZIN(2014b),,rho,298.15,700.0,0.50434,0.70774,0.0,0.0,0.1017,0.0,1052.934293,,T,test-only,,table
zezin2014b_10.1021_je500371u_t2,ZEZIN(2014b),,rho,298.15,700.0,0.0,1.0,0.0,0.0,0.5,0.0,1062.584293,,T,test-only,,table
zezin2014b_10.1021_je500371u_t2,ZEZIN(2014b),,rho,298.15,700.0,1.00005,2.00005,0.0,0.0,0.5,0.0,1097.344293,,T,test-only,,table
zezin2014b_10.1021_je500371u_t2,ZEZIN(2014b),,rho,298.15,700.0,3.00012,4.00112,0.0,0.0,0.5005,0.0,1161.084293,,T,test-only,,table
zezin2014b_10.1021_je500371u_t2,ZEZIN(2014b),,rho,298.15,700.0,0.5004,1.5016,0.0,0.0,0.5006,0.0,1080.404293,,T,test-only,,table
zezin2014b_10.1021_je500371u_t2,ZEZIN(2014b),,rho,298.15,700.0,0.10047,1.10827,0.0,0.0,0.5039,0.0,1066.484293,,T,test-only,,table
zezin2014b_10.1021_je500371u_t2,ZEZIN(2014b),,rho,298.15,700.0,1.00053,2.99973,0.0,0.0,0.9996,0.0,1129.474293,,T,test-only,,table
zezin2014b_10.1021_je500371u_t2,ZEZIN(2014b),,rho,298.15,700.0,0.10021,2.10021,0.0,0.0,1.0,0.0,1100.004293,,T,test-only,,table
zezin2014b_10.1021_je500371u_t2,ZEZIN(2014b),,rho,298.15,700.0,3.00001,5.00001,0.0,0.0,1.0,0.0,1189.534293,,T,test-only,,table
zezin2014b_10.1021_je500371u_t2,ZEZIN(2014b),,rho,298.15,700.0,0.0,2.0006,0.0,0.0,1.0003,0.0,1096.834293,,T,test-only,,table
zezin2014b_10.1021_je500371u_t2,ZEZIN(2014b),,rho,298.15,700.0,0.20007,2.20107,0.0,0.0,1.0005,0.0,1103.664293,,T,test-only,,table
zezin2014b_10.1021_je500371u_t2,ZEZIN(2014b),,rho,298.15,700.0,0.49992,2.50112,0.0,0.0,1.0006,0.0,1113.554293,,T,test-only,,table
zezin2014b_10.1021_je500371u_t2,ZEZIN(2014b),,rho,298.15,700.0,1.00608,3.47708,0.0,0.0,1.2355,0.0,1144.564293,,T,test-only,,table
zezin2014b_10.1021_je500371u_t2,ZEZIN(2014b),,rho,298.15,700.0,0.0,6.0002,0.0,0.0,3.0001,0.0,1216.724293,,T,test-only,,table
zezin2014b_10.1021_je500371u_t2,ZEZIN(2014b),,rho,298.15,700.0,1.00125,7.01985,0.0,0.0,3.0093,0.0,1244.734293,,T,test-only,,table
zezin2014b_10.1021_je500371u_t2,ZEZIN(2014b),,rho,298.15,700.0,0.10007,6.11947,0.0,0.0,3.0097,0.0,1220.364293,,T,test-only,,table
zezin2014b_10.1021_je500371u_t2,ZEZIN(2014b),,rho,298.15,700.0,0.2019,6.2215,0.0,0.0,3.0098,0.0,1223.124293,,T,test-only,,table
zezin2014b_10.1021_je500371u_t2,ZEZIN(2014b),,rho,298.15,700.0,0.4998,6.52,0.0,0.0,3.0101,0.0,1231.204293,,T,test-only,,table
zezin2014b_10.1021_je500371u_t2,ZEZIN(2014b),,rho,373.15,50.0,0.50434,0.70774,0.0,0.0,0.1017,0.0,988.1241347,,T,test-only,,table
zezin2014b_10.1021_je500371u_t2,ZEZIN(2014b),,rho,373.15,50.0,0.0,6.0002,0.0,0.0,3.0001,0.0,1163.914135,,T,test-only,,table
zezin2014b_10.1021_je500371u_t2,ZEZIN(2014b),,rho,373.15,50.0,2.99998,3.19958,0.0,0.0,0.0998,0.0,1071.864135,,T,test-only,,table
zezin2014b_10.1021_je500371u_t2,ZEZIN(2014b),,rho,373.15,50.0,0.0,0.2,0.0,0.0,0.1,0.0,968.8141347,,T,test-only,,table
zezin2014b_10.1021_je500371u_t2,ZEZIN(2014b),,rho,373.15,50.0,0.99911,1.19931,0.0,0.0,0.1001,0.0,1005.604135,,T,test-only,,table
zezin2014b_10.1021_je500371u_t2,ZEZIN(2014b),,rho,373.15,50.0,0.10074,0.30234,0.0,0.0,0.1008,0.0,972.7041347,,T,test-only,,table
zezin2014b_10.1021_je500371u_t2,ZEZIN(2014b),,rho,373.15,50.0,0.19961,1.19921,0.0,0.0,0.4998,0.0,1007.024135,,T,test-only,,table
zezin2014b_10.1021_je500371u_t2,ZEZIN(2014b),,rho,373.15,50.0,0.0,1.0,0.0,0.0,0.5,0.0,999.8841347,,T,test-only,,table
zezin2014b_10.1021_je500371u_t2,ZEZIN(2014b),,rho,373.15,50.0,3.00012,4.00112,0.0,0.0,0.5005,0.0,1097.794135,,T,test-only,,table
zezin2014b_10.1021_je500371u_t2,ZEZIN(2014b),,rho,373.15,50.0,0.5004,1.5016,0.0,0.0,0.5006,0.0,1017.574135,,T,test-only,,table
zezin2014b_10.1021_je500371u_t2,ZEZIN(2014b),,rho,373.15,50.0,0.10047,1.10827,0.0,0.0,0.5039,0.0,1003.764135,,T,test-only,,table
zezin2014b_10.1021_je500371u_t2,ZEZIN(2014b),,rho,373.15,50.0,3.00001,5.00001,0.0,0.0,1.0,0.0,1128.254135,,T,test-only,,table
zezin2014b_10.1021_je500371u_t2,ZEZIN(2014b),,rho,373.15,50.0,0.0,2.0006,0.0,0.0,1.0003,0.0,1036.704135,,T,test-only,,table
zezin2014b_10.1021_je500371u_t2,ZEZIN(2014b),,rho,373.15,50.0,0.20007,2.20107,0.0,0.0,1.0005,0.0,1043.434135,,T,test-only,,table
zezin2014b_10.1021_je500371u_t2,ZEZIN(2014b),,rho,373.15,50.0,0.49992,2.50112,0.0,0.0,1.0006,0.0,1053.224135,,T,test-only,,table
zezin2014b_10.1021_je500371u_t2,ZEZIN(2014b),,rho,373.15,50.0,1.00125,7.01985,0.0,0.0,3.0093,0.0,1190.334135,,T,test-only,,table
zezin2014b_10.1021_je500371u_t2,ZEZIN(2014b),,rho,373.15,50.0,0.10007,6.11947,0.0,0.0,3.0097,0.0,1167.554135,,T,test-only,,table
zezin2014b_10.1021_je500371u_t2,ZEZIN(2014b),,rho,373.15,50.0,0.2019,6.2215,0.0,0.0,3.0098,0.0,1170.244135,,T,test-only,,table
zezin2014b_10.1021_je500371u_t2,ZEZIN(2014b),,rho,373.15,50.0,0.4998,6.52,0.0,0.0,3.0101,0.0,1178.234135,,T,test-only,,table
zezin2014b_10.1021_je500371u_t2,ZEZIN(2014b),,rho,373.15,50.0,1.00005,2.00005,0.0,0.0,0.5,0.0,1034.474135,,T,test-only,,table
zezin2014b_10.1021_je500371u_t2,ZEZIN(2014b),,rho,373.15,50.0,0.10021,2.10021,0.0,0.0,1.0,0.0,1039.784135,,T,test-only,,table
zezin2014b_10.1021_je500371u_t2,ZEZIN(2014b),,rho,373.15,50.0,1.00053,2.99973,0.0,0.0,0.9996,0.0,1068.834135,,T,test-only,,table
zezin2014b_10.1021_je500371u_t2,ZEZIN(2014b),,rho,373.15,50.0,1.00608,3.47708,0.0,0.0,1.2355,0.0,1085.014135,,T,test-only,,table
zezin2014b_10.1021_je500371u_t2,ZEZIN(2014b),,rho,373.15,50.0,0.20014,0.40014,0.0,0.0,0.1,0.0,976.5141347,,T,test-only,,table
zezin2014b_10.1021_je500371u_t2,ZEZIN(2014b),,rho,373.15,100.0,0.10021,2.10021,0.0,0.0,1.0,0.0,1041.76375,,T,test-only,,table
zezin2014b_10.1021_je500371u_t2,ZEZIN(2014b),,rho,373.15,100.0,1.00005,2.00005,0.0,0.0,0.5,0.0,1036.49375,,T,test-only,,table
zezin2014b_10.1021_je500371u_t2,ZEZIN(2014b),,rho,373.15,100.0,0.99911,1.19931,0.0,0.0,0.1001,0.0,1007.75375,,T,test-only,,table
zezin2014b_10.1021_je500371u_t2,ZEZIN(2014b),,rho,373.15,100.0,0.10074,0.30234,0.0,0.0,0.1008,0.0,975.0037501,,T,test-only,,table
zezin2014b_10.1021_je500371u_t2,ZEZIN(2014b),,rho,373.15,100.0,0.19961,1.19921,0.0,0.0,0.4998,0.0,1009.14375,,T,test-only,,table
zezin2014b_10.1021_je500371u_t2,ZEZIN(2014b),,rho,373.15,100.0,3.00012,4.00112,0.0,0.0,0.5005,0.0,1099.70375,,T,test-only,,table
zezin2014b_10.1021_je500371u_t2,ZEZIN(2014b),,rho,373.15,100.0,0.10047,1.10827,0.0,0.0,0.5039,0.0,1005.89375,,T,test-only,,table
zezin2014b_10.1021_je500371u_t2,ZEZIN(2014b),,rho,373.15,100.0,3.00001,5.00001,0.0,0.0,1.0,0.0,1130.04375,,T,test-only,,table
zezin2014b_10.1021_je500371u_t2,ZEZIN(2014b),,rho,373.15,100.0,0.0,2.0006,0.0,0.0,1.0003,0.0,1038.66375,,T,test-only,,table
zezin2014b_10.1021_je500371u_t2,ZEZIN(2014b),,rho,373.15,100.0,1.00125,7.01985,0.0,0.0,3.0093,0.0,1192.09375,,T,test-only,,table
zezin2014b_10.1021_je500371u_t2,ZEZIN(2014b),,rho,373.15,100.0,0.10007,6.11947,0.0,0.0,3.0097,0.0,1169.25375,,T,test-only,,table
zezin2014b_10.1021_je500371u_t2,ZEZIN(2014b),,rho,373.15,100.0,0.2019,6.2215,0.0,0.0,3.0098,0.0,1171.90375,,T,test-only,,table
zezin2014b_10.1021_je500371u_t2,ZEZIN(2014b),,rho,373.15,100.0,0.4998,6.52,0.0,0.0,3.0101,0.0,1179.94375,,T,test-only,,table
zezin2014b_10.1021_je500371u_t2,ZEZIN(2014b),,rho,373.15,100.0,2.99998,3.19958,0.0,0.0,0.0998,0.0,1073.82375,,T,test-only,,table
zezin2014b_10.1021_je500371u_t2,ZEZIN(2014b),,rho,373.15,100.0,1.00608,3.47708,0.0,0.0,1.2355,0.0,1086.88375,,T,test-only,,table
zezin2014b_10.1021_je500371u_t2,ZEZIN(2014b),,rho,373.15,100.0,1.00053,2.99973,0.0,0.0,0.9996,0.0,1070.74375,,T,test-only,,table
zezin2014b_10.1021_je500371u_t2,ZEZIN(2014b),,rho,373.15,100.0,0.20007,2.20107,0.0,0.0,1.0005,0.0,1045.48375,,T,test-only,,table
zezin2014b_10.1021_je500371u_t2,ZEZIN(2014b),,rho,373.16,100.0,0.0,1.0,0.0,0.0,0.5,0.0,1001.906681,,T,test-only,,table
zezin2014b_10.1021_je500371u_t2,ZEZIN(2014b),,rho,373.16,100.0,0.49992,2.50112,0.0,0.0,1.0006,0.0,1055.186681,,T,test-only,,table
zezin2014b_10.1021_je500371u_t2,ZEZIN(2014b),,rho,373.16,100.0,0.50434,0.70774,0.0,0.0,0.1017,0.0,990.2366806,,T,test-only,,table
zezin2014b_10.1021_je500371u_t2,ZEZIN(2014b),,rho,373.16,100.0,0.0,6.0002,0.0,0.0,3.0001,0.0,1165.676681,,T,test-only,,table
zezin2014b_10.1021_je500371u_t2,ZEZIN(2014b),,rho,373.16,100.0,0.5004,1.5016,0.0,0.0,0.5006,0.0,1019.686681,,T,test-only,,table
zezin2014b_10.1021_je500371u_t2,ZEZIN(2014b),,rho,373.16,100.0,0.20014,0.40014,0.0,0.0,0.1,0.0,978.7366806,,T,test-only,,table
zezin2014b_10.1021_je500371u_t2,ZEZIN(2014b),,rho,373.16,100.0,0.0,0.2,0.0,0.0,0.1,0.0,970.9766806,,T,test-only,,table
zezin2014b_10.1021_je500371u_t2,ZEZIN(2014b),,rho,373.14,200.0,0.19961,1.19921,0.0,0.0,0.4998,0.0,1013.285339,,T,test-only,,table
zezin2014b_10.1021_je500371u_t2,ZEZIN(2014b),,rho,373.14,200.0,0.10047,1.10827,0.0,0.0,0.5039,0.0,1010.095339,,T,test-only,,table
zezin2014b_10.1021_je500371u_t2,ZEZIN(2014b),,rho,373.14,200.0,0.0,1.0,0.0,0.0,0.5,0.0,1006.205339,,T,test-only,,table
zezin2014b_10.1021_je500371u_t2,ZEZIN(2014b),,rho,373.14,200.0,0.5004,1.5016,0.0,0.0,0.5006,0.0,1023.775339,,T,test-only,,table
zezin2014b_10.1021_je500371u_t2,ZEZIN(2014b),,rho,373.14,200.0,0.20014,0.40014,0.0,0.0,0.1,0.0,983.0953387,,T,test-only,,table
zezin2014b_10.1021_je500371u_t2,ZEZIN(2014b),,rho,373.15,200.0,3.00001,5.00001,0.0,0.0,1.0,0.0,1133.638384,,T,test-only,,table
zezin2014b_10.1021_je500371u_t2,ZEZIN(2014b),,rho,373.15,200.0,0.20007,2.20107,0.0,0.0,1.0005,0.0,1049.438384,,T,test-only,,table
zezin2014b_10.1021_je500371u_t2,ZEZIN(2014b),,rho,373.15,200.0,1.00053,2.99973,0.0,0.0,0.9996,0.0,1074.548384,,T,test-only,,table
zezin2014b_10.1021_je500371u_t2,ZEZIN(2014b),,rho,373.15,200.0,1.00005,2.00005,0.0,0.0,0.5,0.0,1040.528384,,T,test-only,,table
zezin2014b_10.1021_je500371u_t2,ZEZIN(2014b),,rho,373.15,200.0,2.99998,3.19958,0.0,0.0,0.0998,0.0,1077.668384,,T,test-only,,table
zezin2014b_10.1021_je500371u_t2,ZEZIN(2014b),,rho,373.15,200.0,0.99911,1.19931,0.0,0.0,0.1001,0.0,1011.908384,,T,test-only,,table
zezin2014b_10.1021_je500371u_t2,ZEZIN(2014b),,rho,373.15,200.0,0.10074,0.30234,0.0,0.0,0.1008,0.0,979.3583841,,T,test-only,,table
zezin2014b_10.1021_je500371u_t2,ZEZIN(2014b),,rho,373.15,200.0,3.00012,4.00112,0.0,0.0,0.5005,0.0,1103.358384,,T,test-only,,table
zezin2014b_10.1021_je500371u_t2,ZEZIN(2014b),,rho,373.15,200.0,0.0,2.0006,0.0,0.0,1.0003,0.0,1042.618384,,T,test-only,,table
zezin2014b_10.1021_je500371u_t2,ZEZIN(2014b),,rho,373.15,200.0,1.00608,3.47708,0.0,0.0,1.2355,0.0,1090.618384,,T,test-only,,table
zezin2014b_10.1021_je500371u_t2,ZEZIN(2014b),,rho,373.15,200.0,1.00125,7.01985,0.0,0.0,3.0093,0.0,1195.288384,,T,test-only,,table
zezin2014b_10.1021_je500371u_t2,ZEZIN(2014b),,rho,373.15,200.0,0.10007,6.11947,0.0,0.0,3.0097,0.0,1172.558384,,T,test-only,,table
zezin2014b_10.1021_je500371u_t2,ZEZIN(2014b),,rho,373.15,200.0,0.2019,6.2215,0.0,0.0,3.0098,0.0,1175.198384,,T,test-only,,table
zezin2014b_10.1021_je500371u_t2,ZEZIN(2014b),,rho,373.15,200.0,0.4998,6.52,0.0,0.0,3.0101,0.0,1183.138384,,T,test-only,,table
zezin2014b_10.1021_je500371u_t2,ZEZIN(2014b),,rho,373.15,200.0,0.0,0.2,0.0,0.0,0.1,0.0,975.4983841,,T,test-only,,table
zezin2014b_10.1021_je500371u_t2,ZEZIN(2014b),,rho,373.15,200.0,0.10021,2.10021,0.0,0.0,1.0,0.0,1045.768384,,T,test-only,,table
zezin2014b_10.1021_je500371u_t2,ZEZIN(2014b),,rho,373.15,200.0,0.49992,2.50112,0.0,0.0,1.0006,0.0,1059.088384,,T,test-only,,table
zezin2014b_10.1021_je500371u_t2,ZEZIN(2014b),,rho,373.16,200.0,0.50434,0.70774,0.0,0.0,0.1017,0.0,994.651429,,T,test-only,,table
zezin2014b_10.1021_je500371u_t2,ZEZIN(2014b),,rho,373.16,200.0,0.0,6.0002,0.0,0.0,3.0001,0.0,1168.971429,,T,test-only,,table
zezin2014b_10.1021_je500371u_t2,ZEZIN(2014b),,rho,373.15,400.0,1.00608,3.47708,0.0,0.0,1.2355,0.0,1097.838824,,T,test-only,,table
zezin2014b_10.1021_je500371u_t2,ZEZIN(2014b),,rho,373.15,400.0,3.00001,5.00001,0.0,0.0,1.0,0.0,1140.568824,,T,test-only,,table
zezin2014b_10.1021_je500371u_t2,ZEZIN(2014b),,rho,373.15,400.0,0.10021,2.10021,0.0,0.0,1.0,0.0,1053.388824,,T,test-only,,table
zezin2014b_10.1021_je500371u_t2,ZEZIN(2014b),,rho,373.15,400.0,1.00053,2.99973,0.0,0.0,0.9996,0.0,1081.928824,,T,test-only,,table
zezin2014b_10.1021_je500371u_t2,ZEZIN(2014b),,rho,373.15,400.0,0.20014,0.40014,0.0,0.0,0.1,0.0,991.5288241,,T,test-only,,table
zezin2014b_10.1021_je500371u_t2,ZEZIN(2014b),,rho,373.15,400.0,0.99911,1.19931,0.0,0.0,0.1001,0.0,1020.098824,,T,test-only,,table
zezin2014b_10.1021_je500371u_t2,ZEZIN(2014b),,rho,373.15,400.0,0.10074,0.30234,0.0,0.0,0.1008,0.0,987.9588241,,T,test-only,,table
zezin2014b_10.1021_je500371u_t2,ZEZIN(2014b),,rho,373.15,400.0,0.19961,1.19921,0.0,0.0,0.4998,0.0,1021.358824,,T,test-only,,table
zezin2014b_10.1021_je500371u_t2,ZEZIN(2014b),,rho,373.15,400.0,0.0,1.0,0.0,0.0,0.5,0.0,1014.328824,,T,test-only,,table
zezin2014b_10.1021_je500371u_t2,ZEZIN(2014b),,rho,373.15,400.0,3.00012,4.00112,0.0,0.0,0.5005,0.0,1110.598824,,T,test-only,,table
zezin2014b_10.1021_je500371u_t2,ZEZIN(2014b),,rho,373.15,400.0,0.0,2.0006,0.0,0.0,1.0003,0.0,1050.338824,,T,test-only,,table
zezin2014b_10.1021_je500371u_t2,ZEZIN(2014b),,rho,373.15,400.0,0.20007,2.20107,0.0,0.0,1.0005,0.0,1057.068824,,T,test-only,,table
zezin2014b_10.1021_je500371u_t2,ZEZIN(2014b),,rho,373.15,400.0,0.49992,2.50112,0.0,0.0,1.0006,0.0,1066.608824,,T,test-only,,table
zezin2014b_10.1021_je500371u_t2,ZEZIN(2014b),,rho,373.15,400.0,1.00125,7.01985,0.0,0.0,3.0093,0.0,1201.518824,,T,test-only,,table
zezin2014b_10.1021_je500371u_t2,ZEZIN(2014b),,rho,373.15,400.0,0.10007,6.11947,0.0,0.0,3.0097,0.0,1178.998824,,T,test-only,,table
zezin2014b_10.1021_je500371u_t2,ZEZIN(2014b),,rho,373.15,400.0,0.2019,6.2215,0.0,0.0,3.0098,0.0,1181.598824,,T,test-only,,table
zezin2014b_10.1021_je500371u_t2,ZEZIN(2014b),,rho,373.15,400.0,0.4998,6.52,0.0,0.0,3.0101,0.0,1189.578824,,T,test-only,,table
zezin2014b_10.1021_je500371u_t2,ZEZIN(2014b),,rho,373.15,400.0,0.50434,0.70774,0.0,0.0,0.1017,0.0,1002.938824,,T,test-only,,table
zezin2014b_10.1021_je500371u_t2,ZEZIN(2014b),,rho,373.15,400.0,2.99998,3.19958,0.0,0.0,0.0998,0.0,1085.118824,,T,test-only,,table
zezin2014b_10.1021_je500371u_t2,ZEZIN(2014b),,rho,373.15,400.0,0.0,0.2,0.0,0.0,0.1,0.0,984.0188241,,T,test-only,,table
zezin2014b_10.1021_je500371u_t2,ZEZIN(2014b),,rho,373.15,400.0,1.00005,2.00005,0.0,0.0,0.5,0.0,1048.288824,,T,test-only,,table
zezin2014b_10.1021_je500371u_t2,ZEZIN(2014b),,rho,373.15,400.0,0.10047,1.10827,0.0,0.0,0.5039,0.0,1018.178824,,T,test-only,,table
zezin2014b_10.1021_je500371u_t2,ZEZIN(2014b),,rho,373.15,400.0,0.5004,1.5016,0.0,0.0,0.5006,0.0,1031.738824,,T,test-only,,table
zezin2014b_10.1021_je500371u_t2,ZEZIN(2014b),,rho,373.16,400.0,0.0,6.0002,0.0,0.0,3.0001,0.0,1175.41207,,T,test-only,,table
zezin2014b_10.1021_je500371u_t2,ZEZIN(2014b),,rho,373.15,700.0,0.99911,1.19931,0.0,0.0,0.1001,0.0,1031.683059,,T,test-only,,table
zezin2014b_10.1021_je500371u_t2,ZEZIN(2014b),,rho,373.15,700.0,0.10074,0.30234,0.0,0.0,0.1008,0.0,999.9830587,,T,test-only,,table
zezin2014b_10.1021_je500371u_t2,ZEZIN(2014b),,rho,373.15,700.0,3.00012,4.00112,0.0,0.0,0.5005,0.0,1120.963059,,T,test-only,,table
zezin2014b_10.1021_je500371u_t2,ZEZIN(2014b),,rho,373.15,700.0,0.0,2.0006,0.0,0.0,1.0003,0.0,1061.323059,,T,test-only,,table
zezin2014b_10.1021_je500371u_t2,ZEZIN(2014b),,rho,373.15,700.0,1.00125,7.01985,0.0,0.0,3.0093,0.0,1210.703059,,T,test-only,,table
zezin2014b_10.1021_je500371u_t2,ZEZIN(2014b),,rho,373.15,700.0,0.10007,6.11947,0.0,0.0,3.0097,0.0,1188.203059,,T,test-only,,table
zezin2014b_10.1021_je500371u_t2,ZEZIN(2014b),,rho,373.15,700.0,0.2019,6.2215,0.0,0.0,3.0098,0.0,1190.843059,,T,test-only,,table
zezin2014b_10.1021_je500371u_t2,ZEZIN(2014b),,rho,373.15,700.0,0.4998,6.52,0.0,0.0,3.0101,0.0,1198.873059,,T,test-only,,table
zezin2014b_10.1021_je500371u_t2,ZEZIN(2014b),,rho,423.13,50.0,0.4998,6.52,0.0,0.0,3.0101,0.0,1150.156049,,T,test-only,,table
zezin2014b_10.1021_je500371u_t2,ZEZIN(2014b),,rho,423.14,50.0,1.00125,7.01985,0.0,0.0,3.0093,0.0,1162.216758,,T,test-only,,table
zezin2014b_10.1021_je500371u_t2,ZEZIN(2014b),,rho,423.15,50.0,2.99998,3.19958,0.0,0.0,0.0998,0.0,1035.497467,,T,test-only,,table
zezin2014b_10.1021_je500371u_t2,ZEZIN(2014b),,rho,423.15,50.0,0.20014,0.40014,0.0,0.0,0.1,0.0,936.6474671,,T,test-only,,table
zezin2014b_10.1021_je500371u_t2,ZEZIN(2014b),,rho,423.15,50.0,0.0,0.2,0.0,0.0,0.1,0.0,928.5774671,,T,test-only,,table
zezin2014b_10.1021_je500371u_t2,ZEZIN(2014b),,rho,423.15,50.0,0.10074,0.30234,0.0,0.0,0.1008,0.0,932.8074671,,T,test-only,,table
zezin2014b_10.1021_je500371u_t2,ZEZIN(2014b),,rho,423.15,50.0,0.50434,0.70774,0.0,0.0,0.1017,0.0,948.6674671,,T,test-only,,table
zezin2014b_10.1021_je500371u_t2,ZEZIN(2014b),,rho,423.15,50.0,0.0,0.4,0.0,0.0,0.2,0.0,937.2874671,,T,test-only,,table
zezin2014b_10.1021_je500371u_t2,ZEZIN(2014b),,rho,423.15,50.0,0.19961,1.19921,0.0,0.0,0.4998,0.0,969.6674671,,T,test-only,,table
zezin2014b_10.1021_je500371u_t2,ZEZIN(2014b),,rho,423.15,50.0,0.0,1.0,0.0,0.0,0.5,0.0,962.1574671,,T,test-only,,table
zezin2014b_10.1021_je500371u_t2,ZEZIN(2014b),,rho,423.15,50.0,1.00005,2.00005,0.0,0.0,0.5,0.0,998.3074671,,T,test-only,,table
zezin2014b_10.1021_je500371u_t2,ZEZIN(2014b),,rho,423.15,50.0,3.00012,4.00112,0.0,0.0,0.5005,0.0,1062.647467,,T,test-only,,table
zezin2014b_10.1021_je500371u_t2,ZEZIN(2014b),,rho,423.15,50.0,0.5004,1.5016,0.0,0.0,0.5006,0.0,980.5374671,,T,test-only,,table
zezin2014b_10.1021_je500371u_t2,ZEZIN(2014b),,rho,423.15,50.0,0.10047,1.10827,0.0,0.0,0.5039,0.0,966.2974671,,T,test-only,,table
zezin2014b_10.1021_je500371u_t2,ZEZIN(2014b),,rho,423.15,50.0,1.00053,2.99973,0.0,0.0,0.9996,0.0,1034.767467,,T,test-only,,table
zezin2014b_10.1021_je500371u_t2,ZEZIN(2014b),,rho,423.15,50.0,0.10021,2.10021,0.0,0.0,1.0,0.0,1004.857467,,T,test-only,,table
zezin2014b_10.1021_je500371u_t2,ZEZIN(2014b),,rho,423.15,50.0,3.00001,5.00001,0.0,0.0,1.0,0.0,1094.777467,,T,test-only,,table
zezin2014b_10.1021_je500371u_t2,ZEZIN(2014b),,rho,423.15,50.0,0.0,2.0006,0.0,0.0,1.0003,0.0,1001.507467,,T,test-only,,table
zezin2014b_10.1021_je500371u_t2,ZEZIN(2014b),,rho,423.15,50.0,0.20007,2.20107,0.0,0.0,1.0005,0.0,1008.237467,,T,test-only,,table
zezin2014b_10.1021_je500371u_t2,ZEZIN(2014b),,rho,423.15,50.0,0.49992,2.50112,0.0,0.0,1.0006,0.0,1018.457467,,T,test-only,,table
zezin2014b_10.1021_je500371u_t2,ZEZIN(2014b),,rho,423.15,50.0,1.00608,3.47708,0.0,0.0,1.2355,0.0,1051.487467,,T,test-only,,table
zezin2014b_10.1021_je500371u_t2,ZEZIN(2014b),,rho,423.15,50.0,0.0,6.0002,0.0,0.0,3.0001,0.0,1136.137467,,T,test-only,,table
zezin2014b_10.1021_je500371u_t2,ZEZIN(2014b),,rho,423.15,50.0,0.10007,6.11947,0.0,0.0,3.0097,0.0,1139.547467,,T,test-only,,table
zezin2014b_10.1021_je500371u_t2,ZEZIN(2014b),,rho,423.15,50.0,0.99911,1.19931,0.0,0.0,0.1001,0.0,967.1174671,,T,test-only,,table
zezin2014b_10.1021_je500371u_t2,ZEZIN(2014b),,rho,423.2,50.0,0.2019,6.2215,0.0,0.0,3.0098,0.0,1142.181005,,T,test-only,,table
zezin2014b_10.1021_je500371u_t2,ZEZIN(2014b),,rho,423.15,100.0,2.99998,3.19958,0.0,0.0,0.0998,0.0,1037.751498,,T,test-only,,table
zezin2014b_10.1021_je500371u_t2,ZEZIN(2014b),,rho,423.15,100.0,0.20014,0.40014,0.0,0.0,0.1,0.0,939.2214984,,T,test-only,,table
zezin2014b_10.1021_je500371u_t2,ZEZIN(2014b),,rho,423.15,100.0,0.0,0.2,0.0,0.0,0.1,0.0,931.2514984,,T,test-only,,table
zezin2014b_10.1021_je500371u_t2,ZEZIN(2014b),,rho,423.15,100.0,0.99911,1.19931,0.0,0.0,0.1001,0.0,969.6514984,,T,test-only,,table
zezin2014b_10.1021_je500371u_t2,ZEZIN(2014b),,rho,423.15,100.0,0.50434,0.70774,0.0,0.0,0.1017,0.0,951.2814984,,T,test-only,,table
zezin2014b_10.1021_je500371u_t2,ZEZIN(2014b),,rho,423.15,100.0,0.0,0.4,0.0,0.0,0.2,0.0,939.9014984,,T,test-only,,table
zezin2014b_10.1021_je500371u_t2,ZEZIN(2014b),,rho,423.15,100.0,0.19961,1.19921,0.0,0.0,0.4998,0.0,972.0814984,,T,test-only,,table
zezin2014b_10.1021_je500371u_t2,ZEZIN(2014b),,rho,423.15,100.0,0.0,1.0,0.0,0.0,0.5,0.0,964.5714984,,T,test-only,,table
zezin2014b_10.1021_je500371u_t2,ZEZIN(2014b),,rho,423.15,100.0,1.00005,2.00005,0.0,0.0,0.5,0.0,1000.671498,,T,test-only,,table
zezin2014b_10.1021_je500371u_t2,ZEZIN(2014b),,rho,423.15,100.0,3.00012,4.00112,0.0,0.0,0.5005,0.0,1064.811498,,T,test-only,,table
zezin2014b_10.1021_je500371u_t2,ZEZIN(2014b),,rho,423.15,100.0,0.5004,1.5016,0.0,0.0,0.5006,0.0,983.0014984,,T,test-only,,table
zezin2014b_10.1021_je500371u_t2,ZEZIN(2014b),,rho,423.15,100.0,0.10047,1.10827,0.0,0.0,0.5039,0.0,968.8114984,,T,test-only,,table
zezin2014b_10.1021_je500371u_t2,ZEZIN(2014b),,rho,423.15,100.0,1.00053,2.99973,0.0,0.0,0.9996,0.0,1036.971498,,T,test-only,,table
zezin2014b_10.1021_je500371u_t2,ZEZIN(2014b),,rho,423.15,100.0,0.10021,2.10021,0.0,0.0,1.0,0.0,1007.221498,,T,test-only,,table
zezin2014b_10.1021_je500371u_t2,ZEZIN(2014b),,rho,423.15,100.0,3.00001,5.00001,0.0,0.0,1.0,0.0,1096.771498,,T,test-only,,table
zezin2014b_10.1021_je500371u_t2,ZEZIN(2014b),,rho,423.15,100.0,0.0,2.0006,0.0,0.0,1.0003,0.0,1003.871498,,T,test-only,,table
zezin2014b_10.1021_je500371u_t2,ZEZIN(2014b),,rho,423.15,100.0,0.20007,2.20107,0.0,0.0,1.0005,0.0,1010.641498,,T,test-only,,table
zezin2014b_10.1021_je500371u_t2,ZEZIN(2014b),,rho,423.15,100.0,0.49992,2.50112,0.0,0.0,1.0006,0.0,1020.811498,,T,test-only,,table
zezin2014b_10.1021_je500371u_t2,ZEZIN(2014b),,rho,423.15,100.0,1.00608,3.47708,0.0,0.0,1.2355,0.0,1053.591498,,T,test-only,,table
zezin2014b_10.1021_je500371u_t2,ZEZIN(2014b),,rho,423.15,100.0,0.0,6.0002,0.0,0.0,3.0001,0.0,1137.981498,,T,test-only,,table
zezin2014b_10.1021_je500371u_t2,ZEZIN(2014b),,rho,423.15,100.0,1.00125,7.01985,0.0,0.0,3.0093,0.0,1164.091498,,T,test-only,,table
zezin2014b_10.1021_je500371u_t2,ZEZIN(2014b),,rho,423.15,100.0,0.10007,6.11947,0.0,0.0,3.0097,0.0,1141.411498,,T,test-only,,table
zezin2014b_10.1021_je500371u_t2,ZEZIN(2014b),,rho,423.15,100.0,0.4998,6.52,0.0,0.0,3.0101,0.0,1152.071498,,T,test-only,,table
zezin2014b_10.1021_je500371u_t2,ZEZIN(2014b),,rho,423.15,100.0,0.10074,0.30234,0.0,0.0,0.1008,0.0,935.5114984,,T,test-only,,table
zezin2014b_10.1021_je500371u_t2,ZEZIN(2014b),,rho,423.17,100.0,0.2019,6.2215,0.0,0.0,3.0098,0.0,1144.093172,,T,test-only,,table
zezin2014b_10.1021_je500371u_t2,ZEZIN(2014b),,rho,423.14,200.0,1.00125,7.01985,0.0,0.0,3.0093,0.0,1167.569467,,T,test-only,,table
zezin2014b_10.1021_je500371u_t2,ZEZIN(2014b),,rho,423.15,200.0,2.99998,3.19958,0.0,0.0,0.0998,0.0,1042.030542,,T,test-only,,table
zezin2014b_10.1021_je500371u_t2,ZEZIN(2014b),,rho,423.15,200.0,0.20014,0.40014,0.0,0.0,0.1,0.0,944.3805422,,T,test-only,,table
zezin2014b_10.1021_je500371u_t2,ZEZIN(2014b),,rho,423.15,200.0,0.0,0.2,0.0,0.0,0.1,0.0,936.4605422,,T,test-only,,table
zezin2014b_10.1021_je500371u_t2,ZEZIN(2014b),,rho,423.15,200.0,0.99911,1.19931,0.0,0.0,0.1001,0.0,974.5205422,,T,test-only,,table
zezin2014b_10.1021_je500371u_t2,ZEZIN(2014b),,rho,423.15,200.0,0.10074,0.30234,0.0,0.0,0.1008,0.0,940.6905422,,T,test-only,,table
zezin2014b_10.1021_je500371u_t2,ZEZIN(2014b),,rho,423.15,200.0,0.50434,0.70774,0.0,0.0,0.1017,0.0,956.3505422,,T,test-only,,table
zezin2014b_10.1021_je500371u_t2,ZEZIN(2014b),,rho,423.15,200.0,0.0,0.4,0.0,0.0,0.2,0.0,945.0205422,,T,test-only,,table
zezin2014b_10.1021_je500371u_t2,ZEZIN(2014b),,rho,423.15,200.0,0.19961,1.19921,0.0,0.0,0.4998,0.0,976.9505422,,T,test-only,,table
zezin2014b_10.1021_je500371u_t2,ZEZIN(2014b),,rho,423.15,200.0,0.0,1.0,0.0,0.0,0.5,0.0,969.5405422,,T,test-only,,table
zezin2014b_10.1021_je500371u_t2,ZEZIN(2014b),,rho,423.15,200.0,1.00005,2.00005,0.0,0.0,0.5,0.0,1005.300542,,T,test-only,,table
zezin2014b_10.1021_je500371u_t2,ZEZIN(2014b),,rho,423.15,200.0,3.00012,4.00112,0.0,0.0,0.5005,0.0,1069.000542,,T,test-only,,table
zezin2014b_10.1021_je500371u_t2,ZEZIN(2014b),,rho,423.15,200.0,0.5004,1.5016,0.0,0.0,0.5006,0.0,987.7205422,,T,test-only,,table
zezin2014b_10.1021_je500371u_t2,ZEZIN(2014b),,rho,423.15,200.0,0.10047,1.10827,0.0,0.0,0.5039,0.0,973.6805422,,T,test-only,,table
zezin2014b_10.1021_je500371u_t2,ZEZIN(2014b),,rho,423.15,200.0,1.00053,2.99973,0.0,0.0,0.9996,0.0,1041.250542,,T,test-only,,table
zezin2014b_10.1021_je500371u_t2,ZEZIN(2014b),,rho,423.15,200.0,0.10021,2.10021,0.0,0.0,1.0,0.0,1011.700542,,T,test-only,,table
zezin2014b_10.1021_je500371u_t2,ZEZIN(2014b),,rho,423.15,200.0,3.00001,5.00001,0.0,0.0,1.0,0.0,1100.740542,,T,test-only,,table
zezin2014b_10.1021_je500371u_t2,ZEZIN(2014b),,rho,423.15,200.0,0.20007,2.20107,0.0,0.0,1.0005,0.0,1015.070542,,T,test-only,,table
zezin2014b_10.1021_je500371u_t2,ZEZIN(2014b),,rho,423.15,200.0,0.49992,2.50112,0.0,0.0,1.0006,0.0,1025.140542,,T,test-only,,table
zezin2014b_10.1021_je500371u_t2,ZEZIN(2014b),,rho,423.15,200.0,1.00608,3.47708,0.0,0.0,1.2355,0.0,1057.810542,,T,test-only,,table
zezin2014b_10.1021_je500371u_t2,ZEZIN(2014b),,rho,423.15,200.0,0.0,6.0002,0.0,0.0,3.0001,0.0,1141.500542,,T,test-only,,table
zezin2014b_10.1021_je500371u_t2,ZEZIN(2014b),,rho,423.15,200.0,0.10007,6.11947,0.0,0.0,3.0097,0.0,1145.050542,,T,test-only,,table
zezin2014b_10.1021_je500371u_t2,ZEZIN(2014b),,rho,423.15,200.0,0.0,2.0006,0.0,0.0,1.0003,0.0,1008.430542,,T,test-only,,table
zezin2014b_10.1021_je500371u_t2,ZEZIN(2014b),,rho,423.15,200.0,0.4998,6.52,0.0,0.0,3.0101,0.0,1155.660542,,T,test-only,,table
zezin2014b_10.1021_je500371u_t2,ZEZIN(2014b),,rho,423.15,200.0,0.2019,6.2215,0.0,0.0,3.0098,0.0,1147.690542,,T,test-only,,table
zezin2014b_10.1021_je500371u_t2,ZEZIN(2014b),,rho,423.15,400.0,2.99998,3.19958,0.0,0.0,0.0998,0.0,1050.631365,,T,test-only,,table
zezin2014b_10.1021_je500371u_t2,ZEZIN(2014b),,rho,423.15,400.0,0.20014,0.40014,0.0,0.0,0.1,0.0,954.3913647,,T,test-only,,table
zezin2014b_10.1021_je500371u_t2,ZEZIN(2014b),,rho,423.15,400.0,0.0,0.2,0.0,0.0,0.1,0.0,946.5213647,,T,test-only,,table
zezin2014b_10.1021_je500371u_t2,ZEZIN(2014b),,rho,423.15,400.0,0.99911,1.19931,0.0,0.0,0.1001,0.0,983.8713647,,T,test-only,,table
zezin2014b_10.1021_je500371u_t2,ZEZIN(2014b),,rho,423.15,400.0,0.10074,0.30234,0.0,0.0,0.1008,0.0,950.6413647,,T,test-only,,table
zezin2014b_10.1021_je500371u_t2,ZEZIN(2014b),,rho,423.15,400.0,0.50434,0.70774,0.0,0.0,0.1017,0.0,966.1113647,,T,test-only,,table
zezin2014b_10.1021_je500371u_t2,ZEZIN(2014b),,rho,423.15,400.0,0.0,0.4,0.0,0.0,0.2,0.0,954.9213647,,T,test-only,,table
zezin2014b_10.1021_je500371u_t2,ZEZIN(2014b),,rho,423.15,400.0,0.19961,1.19921,0.0,0.0,0.4998,0.0,986.3113647,,T,test-only,,table
zezin2014b_10.1021_je500371u_t2,ZEZIN(2014b),,rho,423.15,400.0,0.0,1.0,0.0,0.0,0.5,0.0,978.9513647,,T,test-only,,table
zezin2014b_10.1021_je500371u_t2,ZEZIN(2014b),,rho,423.15,400.0,1.00005,2.00005,0.0,0.0,0.5,0.0,1014.161365,,T,test-only,,table
zezin2014b_10.1021_je500371u_t2,ZEZIN(2014b),,rho,423.15,400.0,3.00012,4.00112,0.0,0.0,0.5005,0.0,1077.131365,,T,test-only,,table
zezin2014b_10.1021_je500371u_t2,ZEZIN(2014b),,rho,423.15,400.0,0.5004,1.5016,0.0,0.0,0.5006,0.0,996.8813647,,T,test-only,,table
zezin2014b_10.1021_je500371u_t2,ZEZIN(2014b),,rho,423.15,400.0,0.10047,1.10827,0.0,0.0,0.5039,0.0,983.0913647,,T,test-only,,table
zezin2014b_10.1021_je500371u_t2,ZEZIN(2014b),,rho,423.15,400.0,1.00053,2.99973,0.0,0.0,0.9996,0.0,1049.701365,,T,test-only,,table
zezin2014b_10.1021_je500371u_t2,ZEZIN(2014b),,rho,423.15,400.0,0.10021,2.10021,0.0,0.0,1.0,0.0,1020.501365,,T,test-only,,table
zezin2014b_10.1021_je500371u_t2,ZEZIN(2014b),,rho,423.15,400.0,3.00001,5.00001,0.0,0.0,1.0,0.0,1108.481365,,T,test-only,,table
zezin2014b_10.1021_je500371u_t2,ZEZIN(2014b),,rho,423.15,400.0,0.0,2.0006,0.0,0.0,1.0003,0.0,1017.161365,,T,test-only,,table
zezin2014b_10.1021_je500371u_t2,ZEZIN(2014b),,rho,423.15,400.0,0.20007,2.20107,0.0,0.0,1.0005,0.0,1023.831365,,T,test-only,,table
zezin2014b_10.1021_je500371u_t2,ZEZIN(2014b),,rho,423.15,400.0,0.49992,2.50112,0.0,0.0,1.0006,0.0,1033.751365,,T,test-only,,table
zezin2014b_10.1021_je500371u_t2,ZEZIN(2014b),,rho,423.15,400.0,1.00608,3.47708,0.0,0.0,1.2355,0.0,1065.911365,,T,test-only,,table
zezin2014b_10.1021_je500371u_t2,ZEZIN(2014b),,rho,423.15,400.0,0.0,6.0002,0.0,0.0,3.0001,0.0,1148.621365,,T,test-only,,table
zezin2014b_10.1021_je500371u_t2,ZEZIN(2014b),,rho,423.15,400.0,0.10007,6.11947,0.0,0.0,3.0097,0.0,1152.141365,,T,test-only,,table
zezin2014b_10.1021_je500371u_t2,ZEZIN(2014b),,rho,423.15,400.0,1.00125,7.01985,0.0,0.0,3.0093,0.0,1174.561365,,T,test-only,,table
zezin2014b_10.1021_je500371u_t2,ZEZIN(2014b),,rho,423.15,400.0,0.2019,6.2215,0.0,0.0,3.0098,0.0,1154.751365,,T,test-only,,table
zezin2014b_10.1021_je500371u_t2,ZEZIN(2014b),,rho,423.16,400.0,0.4998,6.52,0.0,0.0,3.0101,0.0,1162.692852,,T,test-only,,table
zezin2014b_10.1021_je500371u_t2,ZEZIN(2014b),,rho,423.15,700.0,2.99998,3.19958,0.0,0.0,0.0998,0.0,1062.63027,,T,test-only,,table
zezin2014b_10.1021_je500371u_t2,ZEZIN(2014b),,rho,423.15,700.0,0.20014,0.40014,0.0,0.0,0.1,0.0,967.9802702,,T,test-only,,table
zezin2014b_10.1021_je500371u_t2,ZEZIN(2014b),,rho,423.15,700.0,0.0,0.2,0.0,0.0,0.1,0.0,960.3002702,,T,test-only,,table
zezin2014b_10.1021_je500371u_t2,ZEZIN(2014b),,rho,423.15,700.0,0.10074,0.30234,0.0,0.0,0.1008,0.0,964.4302702,,T,test-only,,table
zezin2014b_10.1021_je500371u_t2,ZEZIN(2014b),,rho,423.15,700.0,0.50434,0.70774,0.0,0.0,0.1017,0.0,979.5202702,,T,test-only,,table
zezin2014b_10.1021_je500371u_t2,ZEZIN(2014b),,rho,423.15,700.0,0.0,0.4,0.0,0.0,0.2,0.0,968.4702702,,T,test-only,,table
zezin2014b_10.1021_je500371u_t2,ZEZIN(2014b),,rho,423.15,700.0,0.19961,1.19921,0.0,0.0,0.4998,0.0,999.1602702,,T,test-only,,table
zezin2014b_10.1021_je500371u_t2,ZEZIN(2014b),,rho,423.15,700.0,0.0,1.0,0.0,0.0,0.5,0.0,992.0902702,,T,test-only,,table
zezin2014b_10.1021_je500371u_t2,ZEZIN(2014b),,rho,423.15,700.0,1.00005,2.00005,0.0,0.0,0.5,0.0,1026.70027,,T,test-only,,table
zezin2014b_10.1021_je500371u_t2,ZEZIN(2014b),,rho,423.15,700.0,3.00012,4.00112,0.0,0.0,0.5005,0.0,1088.68027,,T,test-only,,table
zezin2014b_10.1021_je500371u_t2,ZEZIN(2014b),,rho,423.15,700.0,0.5004,1.5016,0.0,0.0,0.5006,0.0,1009.70027,,T,test-only,,table
zezin2014b_10.1021_je500371u_t2,ZEZIN(2014b),,rho,423.15,700.0,0.10047,1.10827,0.0,0.0,0.5039,0.0,996.0402702,,T,test-only,,table
zezin2014b_10.1021_je500371u_t2,ZEZIN(2014b),,rho,423.15,700.0,1.00053,2.99973,0.0,0.0,0.9996,0.0,1061.50027,,T,test-only,,table
zezin2014b_10.1021_je500371u_t2,ZEZIN(2014b),,rho,423.15,700.0,0.10021,2.10021,0.0,0.0,1.0,0.0,1032.71027,,T,test-only,,table
zezin2014b_10.1021_je500371u_t2,ZEZIN(2014b),,rho,423.15,700.0,3.00001,5.00001,0.0,0.0,1.0,0.0,1119.66027,,T,test-only,,table
zezin2014b_10.1021_je500371u_t2,ZEZIN(2014b),,rho,423.15,700.0,0.20007,2.20107,0.0,0.0,1.0005,0.0,1036.04027,,T,test-only,,table
zezin2014b_10.1021_je500371u_t2,ZEZIN(2014b),,rho,423.15,700.0,0.49992,2.50112,0.0,0.0,1.0006,0.0,1045.83027,,T,test-only,,table
zezin2014b_10.1021_je500371u_t2,ZEZIN(2014b),,rho,423.15,700.0,1.00608,3.47708,0.0,0.0,1.2355,0.0,1077.59027,,T,test-only,,table
zezin2014b_10.1021_je500371u_t2,ZEZIN(2014b),,rho,423.15,700.0,0.0,6.0002,0.0,0.0,3.0001,0.0,1158.95027,,T,test-only,,table
zezin2014b_10.1021_je500371u_t2,ZEZIN(2014b),,rho,473.15,50.0,2.99998,3.19958,0.0,0.0,0.0998,0.0,992.9695476,,T,test-only,,table
zezin2014b_10.1021_je500371u_t2,ZEZIN(2014b),,rho,473.15,50.0,0.20014,0.40014,0.0,0.0,0.1,0.0,886.6095476,,T,test-only,,table
zezin2014b_10.1021_je500371u_t2,ZEZIN(2014b),,rho,473.15,50.0,0.0,0.2,0.0,0.0,0.1,0.0,877.7095476,,T,test-only,,table
zezin2014b_10.1021_je500371u_t2,ZEZIN(2014b),,rho,473.15,50.0,0.99911,1.19931,0.0,0.0,0.1001,0.0,919.9095476,,T,test-only,,table
zezin2014b_10.1021_je500371u_t2,ZEZIN(2014b),,rho,473.15,50.0,0.10074,0.30234,0.0,0.0,0.1008,0.0,882.4595476,,T,test-only,,table
zezin2014b_10.1021_je500371u_t2,ZEZIN(2014b),,rho,473.15,50.0,0.50434,0.70774,0.0,0.0,0.1017,0.0,899.6595476,,T,test-only,,table
zezin2014b_10.1021_je500371u_t2,ZEZIN(2014b),,rho,473.15,50.0,0.0,0.4,0.0,0.0,0.2,0.0,887.4295476,,T,test-only,,table
zezin2014b_10.1021_je500371u_t2,ZEZIN(2014b),,rho,473.15,50.0,0.19961,1.19921,0.0,0.0,0.4998,0.0,923.2295476,,T,test-only,,table
zezin2014b_10.1021_je500371u_t2,ZEZIN(2014b),,rho,473.15,50.0,0.0,1.0,0.0,0.0,0.5,0.0,915.3395476,,T,test-only,,table
zezin2014b_10.1021_je500371u_t2,ZEZIN(2014b),,rho,473.15,50.0,1.00005,2.00005,0.0,0.0,0.5,0.0,954.1095476,,T,test-only,,table
zezin2014b_10.1021_je500371u_t2,ZEZIN(2014b),,rho,473.15,50.0,3.00012,4.00112,0.0,0.0,0.5005,0.0,1022.149548,,T,test-only,,table
zezin2014b_10.1021_je500371u_t2,ZEZIN(2014b),,rho,473.15,50.0,0.5004,1.5016,0.0,0.0,0.5006,0.0,935.1795476,,T,test-only,,table
zezin2014b_10.1021_je500371u_t2,ZEZIN(2014b),,rho,473.15,50.0,0.10047,1.10827,0.0,0.0,0.5039,0.0,919.8195476,,T,test-only,,table
zezin2014b_10.1021_je500371u_t2,ZEZIN(2014b),,rho,473.15,50.0,1.00053,2.99973,0.0,0.0,0.9996,0.0,994.0295476,,T,test-only,,table
zezin2014b_10.1021_je500371u_t2,ZEZIN(2014b),,rho,473.15,50.0,0.10021,2.10021,0.0,0.0,1.0,0.0,962.2595476,,T,test-only,,table
zezin2014b_10.1021_je500371u_t2,ZEZIN(2014b),,rho,473.15,50.0,3.00001,5.00001,0.0,0.0,1.0,0.0,1057.039548,,T,test-only,,table
zezin2014b_10.1021_je500371u_t2,ZEZIN(2014b),,rho,473.15,50.0,0.0,2.0006,0.0,0.0,1.0003,0.0,958.7195476,,T,test-only,,table
zezin2014b_10.1021_je500371u_t2,ZEZIN(2014b),,rho,473.15,50.0,0.20007,2.20107,0.0,0.0,1.0005,0.0,966.0695476,,T,test-only,,table
zezin2014b_10.1021_je500371u_t2,ZEZIN(2014b),,rho,473.15,50.0,0.49992,2.50112,0.0,0.0,1.0006,0.0,976.7295476,,T,test-only,,table
zezin2014b_10.1021_je500371u_t2,ZEZIN(2014b),,rho,473.15,50.0,1.00608,3.47708,0.0,0.0,1.2355,0.0,1012.129548,,T,test-only,,table
zezin2014b_10.1021_je500371u_t2,ZEZIN(2014b),,rho,473.15,50.0,0.0,6.0002,0.0,0.0,3.0001,0.0,1104.249548,,T,test-only,,table
zezin2014b_10.1021_je500371u_t2,ZEZIN(2014b),,rho,473.15,50.0,1.00125,7.01985,0.0,0.0,3.0093,0.0,1130.899548,,T,test-only,,table
zezin2014b_10.1021_je500371u_t2,ZEZIN(2014b),,rho,473.15,50.0,0.10007,6.11947,0.0,0.0,3.0097,0.0,1108.499548,,T,test-only,,table
zezin2014b_10.1021_je500371u_t2,ZEZIN(2014b),,rho,473.15,50.0,0.2019,6.2215,0.0,0.0,3.0098,0.0,1110.949548,,T,test-only,,table
zezin2014b_10.1021_je500371u_t2,ZEZIN(2014b),,rho,473.15,50.0,0.4998,6.52,0.0,0.0,3.0101,0.0,1118.919548,,T,test-only,,table
zezin2014b_10.1021_je500371u_t2,ZEZIN(2014b),,rho,473.15,100.0,2.99998,3.19958,0.0,0.0,0.0998,0.0,995.625282,,T,test-only,,table
zezin2014b_10.1021_je500371u_t2,ZEZIN(2014b),,rho,473.15,100.0,0.20014,0.40014,0.0,0.0,0.1,0.0,890.065282,,T,test-only,,table
zezin2014b_10.1021_je500371u_t2,ZEZIN(2014b),,rho,473.15,100.0,0.0,0.2,0.0,0.0,0.1,0.0,881.635282,,T,test-only,,table
zezin2014b_10.1021_je500371u_t2,ZEZIN(2014b),,rho,473.15,100.0,0.99911,1.19931,0.0,0.0,0.1001,0.0,923.405282,,T,test-only,,table
zezin2014b_10.1021_je500371u_t2,ZEZIN(2014b),,rho,473.15,100.0,0.10074,0.30234,0.0,0.0,0.1008,0.0,885.925282,,T,test-only,,table
zezin2014b_10.1021_je500371u_t2,ZEZIN(2014b),,rho,473.15,100.0,0.50434,0.70774,0.0,0.0,0.1017,0.0,903.345282,,T,test-only,,table
zezin2014b_10.1021_je500371u_t2,ZEZIN(2014b),,rho,473.15,100.0,0.0,0.4,0.0,0.0,0.2,0.0,890.935282,,T,test-only,,table
zezin2014b_10.1021_je500371u_t2,ZEZIN(2014b),,rho,473.15,100.0,0.19961,1.19921,0.0,0.0,0.4998,0.0,926.425282,,T,test-only,,table
zezin2014b_10.1021_je500371u_t2,ZEZIN(2014b),,rho,473.15,100.0,0.0,1.0,0.0,0.0,0.5,0.0,918.895282,,T,test-only,,table
zezin2014b_10.1021_je500371u_t2,ZEZIN(2014b),,rho,473.15,100.0,1.00005,2.00005,0.0,0.0,0.5,0.0,956.985282,,T,test-only,,table
zezin2014b_10.1021_je500371u_t2,ZEZIN(2014b),,rho,473.15,100.0,3.00012,4.00112,0.0,0.0,0.5005,0.0,1024.645282,,T,test-only,,table
zezin2014b_10.1021_je500371u_t2,ZEZIN(2014b),,rho,473.15,100.0,0.5004,1.5016,0.0,0.0,0.5006,0.0,938.265282,,T,test-only,,table
zezin2014b_10.1021_je500371u_t2,ZEZIN(2014b),,rho,473.15,100.0,0.10047,1.10827,0.0,0.0,0.5039,0.0,923.015282,,T,test-only,,table
zezin2014b_10.1021_je500371u_t2,ZEZIN(2014b),,rho,473.15,100.0,1.00053,2.99973,0.0,0.0,0.9996,0.0,996.735282,,T,test-only,,table
zezin2014b_10.1021_je500371u_t2,ZEZIN(2014b),,rho,473.15,100.0,0.10021,2.10021,0.0,0.0,1.0,0.0,965.175282,,T,test-only,,table
zezin2014b_10.1021_je500371u_t2,ZEZIN(2014b),,rho,473.15,100.0,3.00001,5.00001,0.0,0.0,1.0,0.0,1059.355282,,T,test-only,,table
zezin2014b_10.1021_je500371u_t2,ZEZIN(2014b),,rho,473.15,100.0,0.0,2.0006,0.0,0.0,1.0003,0.0,961.495282,,T,test-only,,table
zezin2014b_10.1021_je500371u_t2,ZEZIN(2014b),,rho,473.15,100.0,0.20007,2.20107,0.0,0.0,1.0005,0.0,968.935282,,T,test-only,,table
zezin2014b_10.1021_je500371u_t2,ZEZIN(2014b),,rho,473.15,100.0,0.49992,2.50112,0.0,0.0,1.0006,0.0,979.505282,,T,test-only,,table
zezin2014b_10.1021_je500371u_t2,ZEZIN(2014b),,rho,473.15,100.0,1.00608,3.47708,0.0,0.0,1.2355,0.0,1014.675282,,T,test-only,,table
zezin2014b_10.1021_je500371u_t2,ZEZIN(2014b),,rho,473.15,100.0,0.0,6.0002,0.0,0.0,3.0001,0.0,1106.065282,,T,test-only,,table
zezin2014b_10.1021_je500371u_t2,ZEZIN(2014b),,rho,473.15,100.0,1.00125,7.01985,0.0,0.0,3.0093,0.0,1132.755282,,T,test-only,,table
zezin2014b_10.1021_je500371u_t2,ZEZIN(2014b),,rho,473.15,100.0,0.10007,6.11947,0.0,0.0,3.0097,0.0,1110.315282,,T,test-only,,table
zezin2014b_10.1021_je500371u_t2,ZEZIN(2014b),,rho,473.15,100.0,0.2019,6.2215,0.0,0.0,3.0098,0.0,1112.705282,,T,test-only,,table
zezin2014b_10.1021_je500371u_t2,ZEZIN(2014b),,rho,473.15,100.0,0.4998,6.52,0.0,0.0,3.0101,0.0,1120.675282,,T,test-only,,table
zezin2014b_10.1021_je500371u_t2,ZEZIN(2014b),,rho,473.15,200.0,2.99998,3.19958,0.0,0.0,0.0998,0.0,1000.955208,,T,test-only,,table
zezin2014b_10.1021_je500371u_t2,ZEZIN(2014b),,rho,473.15,200.0,0.20014,0.40014,0.0,0.0,0.1,0.0,896.6952082,,T,test-only,,table
zezin2014b_10.1021_je500371u_t2,ZEZIN(2014b),,rho,473.15,200.0,0.0,0.2,0.0,0.0,0.1,0.0,888.0952082,,T,test-only,,table
zezin2014b_10.1021_je500371u_t2,ZEZIN(2014b),,rho,473.15,200.0,0.99911,1.19931,0.0,0.0,0.1001,0.0,929.2552082,,T,test-only,,table
zezin2014b_10.1021_je500371u_t2,ZEZIN(2014b),,rho,473.15,200.0,0.10074,0.30234,0.0,0.0,0.1008,0.0,892.6852082,,T,test-only,,table
zezin2014b_10.1021_je500371u_t2,ZEZIN(2014b),,rho,473.15,200.0,0.50434,0.70774,0.0,0.0,0.1017,0.0,909.4452082,,T,test-only,,table
zezin2014b_10.1021_je500371u_t2,ZEZIN(2014b),,rho,473.15,200.0,0.0,0.4,0.0,0.0,0.2,0.0,897.5552082,,T,test-only,,table
zezin2014b_10.1021_je500371u_t2,ZEZIN(2014b),,rho,473.15,200.0,0.19961,1.19921,0.0,0.0,0.4998,0.0,932.4452082,,T,test-only,,table
zezin2014b_10.1021_je500371u_t2,ZEZIN(2014b),,rho,473.15,200.0,0.0,1.0,0.0,0.0,0.5,0.0,924.7752082,,T,test-only,,table
zezin2014b_10.1021_je500371u_t2,ZEZIN(2014b),,rho,473.15,200.0,1.00005,2.00005,0.0,0.0,0.5,0.0,962.6952082,,T,test-only,,table
zezin2014b_10.1021_je500371u_t2,ZEZIN(2014b),,rho,473.15,200.0,3.00012,4.00112,0.0,0.0,0.5005,0.0,1029.625208,,T,test-only,,table
zezin2014b_10.1021_je500371u_t2,ZEZIN(2014b),,rho,473.15,200.0,0.5004,1.5016,0.0,0.0,0.5006,0.0,944.2152082,,T,test-only,,table
zezin2014b_10.1021_je500371u_t2,ZEZIN(2014b),,rho,473.15,200.0,0.10047,1.10827,0.0,0.0,0.5039,0.0,929.0352082,,T,test-only,,table
zezin2014b_10.1021_je500371u_t2,ZEZIN(2014b),,rho,473.15,200.0,1.00053,2.99973,0.0,0.0,0.9996,0.0,1001.925208,,T,test-only,,table
zezin2014b_10.1021_je500371u_t2,ZEZIN(2014b),,rho,473.15,200.0,0.10021,2.10021,0.0,0.0,1.0,0.0,970.7452082,,T,test-only,,table
zezin2014b_10.1021_je500371u_t2,ZEZIN(2014b),,rho,473.15,200.0,3.00001,5.00001,0.0,0.0,1.0,0.0,1063.945208,,T,test-only,,table
zezin2014b_10.1021_je500371u_t2,ZEZIN(2014b),,rho,473.15,200.0,0.0,2.0006,0.0,0.0,1.0003,0.0,967.1152082,,T,test-only,,table
zezin2014b_10.1021_je500371u_t2,ZEZIN(2014b),,rho,473.15,200.0,0.20007,2.20107,0.0,0.0,1.0005,0.0,974.4552082,,T,test-only,,table
zezin2014b_10.1021_je500371u_t2,ZEZIN(2014b),,rho,473.15,200.0,0.49992,2.50112,0.0,0.0,1.0006,0.0,984.8752082,,T,test-only,,table
zezin2014b_10.1021_je500371u_t2,ZEZIN(2014b),,rho,473.15,200.0,1.00608,3.47708,0.0,0.0,1.2355,0.0,1019.705208,,T,test-only,,table
zezin2014b_10.1021_je500371u_t2,ZEZIN(2014b),,rho,473.15,200.0,0.0,6.0002,0.0,0.0,3.0001,0.0,1105.385208,,T,test-only,,table
zezin2014b_10.1021_je500371u_t2,ZEZIN(2014b),,rho,473.15,200.0,1.00125,7.01985,0.0,0.0,3.0093,0.0,1136.655208,,T,test-only,,table
zezin2014b_10.1021_je500371u_t2,ZEZIN(2014b),,rho,473.15,200.0,0.10007,6.11947,0.0,0.0,3.0097,0.0,1114.505208,,T,test-only,,table
zezin2014b_10.1021_je500371u_t2,ZEZIN(2014b),,rho,473.15,200.0,0.2019,6.2215,0.0,0.0,3.0098,0.0,1116.855208,,T,test-only,,table
zezin2014b_10.1021_je500371u_t2,ZEZIN(2014b),,rho,473.15,200.0,0.4998,6.52,0.0,0.0,3.0101,0.0,1124.715208,,T,test-only,,table
zezin2014b_10.1021_je500371u_t2,ZEZIN(2014b),,rho,473.15,400.0,2.99998,3.19958,0.0,0.0,0.0998,0.0,1010.998602,,T,test-only,,table
zezin2014b_10.1021_je500371u_t2,ZEZIN(2014b),,rho,473.15,400.0,0.20014,0.40014,0.0,0.0,0.1,0.0,909.0686016,,T,test-only,,table
zezin2014b_10.1021_je500371u_t2,ZEZIN(2014b),,rho,473.15,400.0,0.0,0.2,0.0,0.0,0.1,0.0,900.6586016,,T,test-only,,table
zezin2014b_10.1021_je500371u_t2,ZEZIN(2014b),,rho,473.15,400.0,0.99911,1.19931,0.0,0.0,0.1001,0.0,940.8386016,,T,test-only,,table
zezin2014b_10.1021_je500371u_t2,ZEZIN(2014b),,rho,473.15,400.0,0.10074,0.30234,0.0,0.0,0.1008,0.0,905.1586016,,T,test-only,,table
zezin2014b_10.1021_je500371u_t2,ZEZIN(2014b),,rho,473.15,400.0,0.50434,0.70774,0.0,0.0,0.1017,0.0,921.4986016,,T,test-only,,table
zezin2014b_10.1021_je500371u_t2,ZEZIN(2014b),,rho,473.15,400.0,0.0,0.4,0.0,0.0,0.2,0.0,909.8786016,,T,test-only,,table
zezin2014b_10.1021_je500371u_t2,ZEZIN(2014b),,rho,473.15,400.0,0.19961,1.19921,0.0,0.0,0.4998,0.0,943.9086016,,T,test-only,,table
zezin2014b_10.1021_je500371u_t2,ZEZIN(2014b),,rho,473.15,400.0,0.0,1.0,0.0,0.0,0.5,0.0,936.3686016,,T,test-only,,table
zezin2014b_10.1021_je500371u_t2,ZEZIN(2014b),,rho,473.15,400.0,1.00005,2.00005,0.0,0.0,0.5,0.0,973.4786016,,T,test-only,,table
zezin2014b_10.1021_je500371u_t2,ZEZIN(2014b),,rho,473.15,400.0,3.00012,4.00112,0.0,0.0,0.5005,0.0,1039.228602,,T,test-only,,table
zezin2014b_10.1021_je500371u_t2,ZEZIN(2014b),,rho,473.15,400.0,0.5004,1.5016,0.0,0.0,0.5006,0.0,955.2886016,,T,test-only,,table
zezin2014b_10.1021_je500371u_t2,ZEZIN(2014b),,rho,473.15,400.0,0.10047,1.10827,0.0,0.0,0.5039,0.0,940.6386016,,T,test-only,,table
zezin2014b_10.1021_je500371u_t2,ZEZIN(2014b),,rho,473.15,400.0,1.00053,2.99973,0.0,0.0,0.9996,0.0,1011.768602,,T,test-only,,table
zezin2014b_10.1021_je500371u_t2,ZEZIN(2014b),,rho,473.15,400.0,0.10021,2.10021,0.0,0.0,1.0,0.0,981.2286016,,T,test-only,,table
zezin2014b_10.1021_je500371u_t2,ZEZIN(2014b),,rho,473.15,400.0,3.00001,5.00001,0.0,0.0,1.0,0.0,1072.958602,,T,test-only,,table
zezin2014b_10.1021_je500371u_t2,ZEZIN(2014b),,rho,473.15,400.0,0.0,2.0006,0.0,0.0,1.0003,0.0,977.6286016,,T,test-only,,table
zezin2014b_10.1021_je500371u_t2,ZEZIN(2014b),,rho,473.15,400.0,0.20007,2.20107,0.0,0.0,1.0005,0.0,984.8486016,,T,test-only,,table
zezin2014b_10.1021_je500371u_t2,ZEZIN(2014b),,rho,473.15,400.0,0.49992,2.50112,0.0,0.0,1.0006,0.0,995.1186016,,T,test-only,,table
zezin2014b_10.1021_je500371u_t2,ZEZIN(2014b),,rho,473.15,400.0,1.00608,3.47708,0.0,0.0,1.2355,0.0,1029.218602,,T,test-only,,table
zezin2014b_10.1021_je500371u_t2,ZEZIN(2014b),,rho,473.15,400.0,0.0,6.0002,0.0,0.0,3.0001,0.0,1118.108602,,T,test-only,,table
zezin2014b_10.1021_je500371u_t2,ZEZIN(2014b),,rho,473.15,400.0,1.00125,7.01985,0.0,0.0,3.0093,0.0,1144.438602,,T,test-only,,table
zezin2014b_10.1021_je500371u_t2,ZEZIN(2014b),,rho,473.15,400.0,0.10007,6.11947,0.0,0.0,3.0097,0.0,1122.308602,,T,test-only,,table
zezin2014b_10.1021_je500371u_t2,ZEZIN(2014b),,rho,473.15,400.0,0.2019,6.2215,0.0,0.0,3.0098,0.0,1124.698602,,T,test-only,,table
zezin2014b_10.1021_je500371u_t2,ZEZIN(2014b),,rho,473.15,400.0,0.4998,6.52,0.0,0.0,3.0101,0.0,1132.498602,,T,test-only,,table
zezin2014b_10.1021_je500371u_t2,ZEZIN(2014b),,rho,473.15,700.0,2.99998,3.19958,0.0,0.0,0.0998,0.0,1025.317846,,T,test-only,,table
zezin2014b_10.1021_je500371u_t2,ZEZIN(2014b),,rho,473.15,700.0,0.20014,0.40014,0.0,0.0,0.1,0.0,925.7478457,,T,test-only,,table
zezin2014b_10.1021_je500371u_t2,ZEZIN(2014b),,rho,473.15,700.0,0.0,0.2,0.0,0.0,0.1,0.0,917.5978457,,T,test-only,,table
zezin2014b_10.1021_je500371u_t2,ZEZIN(2014b),,rho,473.15,700.0,0.99911,1.19931,0.0,0.0,0.1001,0.0,956.6078457,,T,test-only,,table
zezin2014b_10.1021_je500371u_t2,ZEZIN(2014b),,rho,473.15,700.0,0.10074,0.30234,0.0,0.0,0.1008,0.0,921.9578457,,T,test-only,,table
zezin2014b_10.1021_je500371u_t2,ZEZIN(2014b),,rho,473.15,700.0,0.50434,0.70774,0.0,0.0,0.1017,0.0,937.7878457,,T,test-only,,table
zezin2014b_10.1021_je500371u_t2,ZEZIN(2014b),,rho,473.15,700.0,0.0,0.4,0.0,0.0,0.2,0.0,926.5178457,,T,test-only,,table
zezin2014b_10.1021_je500371u_t2,ZEZIN(2014b),,rho,473.15,700.0,0.19961,1.19921,0.0,0.0,0.4998,0.0,959.5778457,,T,test-only,,table
zezin2014b_10.1021_je500371u_t2,ZEZIN(2014b),,rho,473.15,700.0,0.0,1.0,0.0,0.0,0.5,0.0,952.1778457,,T,test-only,,table
zezin2014b_10.1021_je500371u_t2,ZEZIN(2014b),,rho,473.15,700.0,1.00005,2.00005,0.0,0.0,0.5,0.0,988.4378457,,T,test-only,,table
zezin2014b_10.1021_je500371u_t2,ZEZIN(2014b),,rho,473.15,700.0,3.00012,4.00112,0.0,0.0,0.5005,0.0,1052.837846,,T,test-only,,table
zezin2014b_10.1021_je500371u_t2,ZEZIN(2014b),,rho,473.15,700.0,0.5004,1.5016,0.0,0.0,0.5006,0.0,970.7378457,,T,test-only,,table
zezin2014b_10.1021_je500371u_t2,ZEZIN(2014b),,rho,473.15,700.0,0.10047,1.10827,0.0,0.0,0.5039,0.0,956.3578457,,T,test-only,,table
zezin2014b_10.1021_je500371u_t2,ZEZIN(2014b),,rho,473.15,700.0,1.00053,2.99973,0.0,0.0,0.9996,0.0,1025.897846,,T,test-only,,table
zezin2014b_10.1021_je500371u_t2,ZEZIN(2014b),,rho,473.15,700.0,0.10021,2.10021,0.0,0.0,1.0,0.0,995.9178457,,T,test-only,,table
zezin2014b_10.1021_je500371u_t2,ZEZIN(2014b),,rho,473.15,700.0,3.00001,5.00001,0.0,0.0,1.0,0.0,1086.057846,,T,test-only,,table
zezin2014b_10.1021_je500371u_t2,ZEZIN(2014b),,rho,473.15,700.0,0.0,2.0006,0.0,0.0,1.0003,0.0,992.4578457,,T,test-only,,table
zezin2014b_10.1021_je500371u_t2,ZEZIN(2014b),,rho,473.15,700.0,0.20007,2.20107,0.0,0.0,1.0005,0.0,999.4978457,,T,test-only,,table
zezin2014b_10.1021_je500371u_t2,ZEZIN(2014b),,rho,473.15,700.0,0.49992,2.50112,0.0,0.0,1.0006,0.0,1009.497846,,T,test-only,,table
zezin2014b_10.1021_je500371u_t2,ZEZIN(2014b),,rho,473.15,700.0,1.00608,3.47708,0.0,0.0,1.2355,0.0,1042.947846,,T,test-only,,table
zezin2014b_10.1021_je500371u_t2,ZEZIN(2014b),,rho,473.15,700.0,0.0,6.0002,0.0,0.0,3.0001,0.0,1129.947846,,T,test-only,,table
zezin2014b_10.1021_je500371u_t2,ZEZIN(2014b),,rho,473.15,700.0,1.00125,7.01985,0.0,0.0,3.0093,0.0,1155.507846,,T,test-only,,table
zezin2014b_10.1021_je500371u_t2,ZEZIN(2014b),,rho,473.15,700.0,0.10007,6.11947,0.0,0.0,3.0097,0.0,1134.047846,,T,test-only,,table
zezin2014b_10.1021_je500371u_t2,ZEZIN(2014b),,rho,473.15,700.0,0.2019,6.2215,0.0,0.0,3.0098,0.0,1136.447846,,T,test-only,,table
zezin2014b_10.1021_je500371u_t2,ZEZIN(2014b),,rho,473.15,700.0,0.4998,6.52,0.0,0.0,3.0101,0.0,1144.117846,,T,test-only,,table
zezin2014b_10.1021_je500371u_t2,ZEZIN(2014b),,rho,523.14,50.0,1.00005,2.00005,0.0,0.0,0.5,0.0,901.0705127,,T,test-only,,table
zezin2014b_10.1021_je500371u_t2,ZEZIN(2014b),,rho,523.14,50.0,0.5004,1.5016,0.0,0.0,0.5006,0.0,879.9105127,,T,test-only,,table
zezin2014b_10.1021_je500371u_t2,ZEZIN(2014b),,rho,523.15,50.0,2.99998,3.19958,0.0,0.0,0.0998,0.0,943.1650038,,T,test-only,,table
zezin2014b_10.1021_je500371u_t2,ZEZIN(2014b),,rho,523.15,50.0,0.20014,0.40014,0.0,0.0,0.1,0.0,823.5450038,,T,test-only,,table
zezin2014b_10.1021_je500371u_t2,ZEZIN(2014b),,rho,523.15,50.0,0.10074,0.30234,0.0,0.0,0.1008,0.0,818.7350038,,T,test-only,,table
zezin2014b_10.1021_je500371u_t2,ZEZIN(2014b),,rho,523.15,50.0,0.49992,2.50112,0.0,0.0,1.0006,0.0,926.5450038,,T,test-only,,table
zezin2014b_10.1021_je500371u_t2,ZEZIN(2014b),,rho,523.15,50.0,0.4998,6.52,0.0,0.0,3.0101,0.0,1081.955004,,T,test-only,,table
zezin2014b_10.1021_je500371u_t2,ZEZIN(2014b),,rho,523.15,50.0,0.0,0.2,0.0,0.0,0.1,0.0,813.2450038,,T,test-only,,table
zezin2014b_10.1021_je500371u_t2,ZEZIN(2014b),,rho,523.15,50.0,0.50434,0.70774,0.0,0.0,0.1017,0.0,839.2350038,,T,test-only,,table
zezin2014b_10.1021_je500371u_t2,ZEZIN(2014b),,rho,523.15,50.0,0.0,0.4,0.0,0.0,0.2,0.0,824.6150038,,T,test-only,,table
zezin2014b_10.1021_je500371u_t2,ZEZIN(2014b),,rho,523.15,50.0,0.19961,1.19921,0.0,0.0,0.4998,0.0,866.4250038,,T,test-only,,table
zezin2014b_10.1021_je500371u_t2,ZEZIN(2014b),,rho,523.15,50.0,0.0,1.0,0.0,0.0,0.5,0.0,857.6750038,,T,test-only,,table
zezin2014b_10.1021_je500371u_t2,ZEZIN(2014b),,rho,523.15,50.0,3.00012,4.00112,0.0,0.0,0.5005,0.0,975.1850038,,T,test-only,,table
zezin2014b_10.1021_je500371u_t2,ZEZIN(2014b),,rho,523.15,50.0,1.00053,2.99973,0.0,0.0,0.9996,0.0,945.5050038,,T,test-only,,table
zezin2014b_10.1021_je500371u_t2,ZEZIN(2014b),,rho,523.15,50.0,0.10021,2.10021,0.0,0.0,1.0,0.0,910.5650038,,T,test-only,,table
zezin2014b_10.1021_je500371u_t2,ZEZIN(2014b),,rho,523.15,50.0,0.0,2.0006,0.0,0.0,1.0003,0.0,906.9650038,,T,test-only,,table
zezin2014b_10.1021_je500371u_t2,ZEZIN(2014b),,rho,523.15,50.0,0.20007,2.20107,0.0,0.0,1.0005,0.0,914.6950038,,T,test-only,,table
zezin2014b_10.1021_je500371u_t2,ZEZIN(2014b),,rho,523.15,50.0,1.00608,3.47708,0.0,0.0,1.2355,0.0,965.6050038,,T,test-only,,table
zezin2014b_10.1021_je500371u_t2,ZEZIN(2014b),,rho,523.15,50.0,0.10006,6.11946,0.0,0.0,3.0097,0.0,1071.415004,,T,test-only,,table
zezin2014b_10.1021_je500371u_t2,ZEZIN(2014b),,rho,523.15,50.0,0.10047,1.10827,0.0,0.0,0.5039,0.0,862.2650038,,T,test-only,,table
zezin2014b_10.1021_je500371u_t2,ZEZIN(2014b),,rho,523.15,50.0,0.99911,1.19931,0.0,0.0,0.1001,0.0,862.6050038,,T,test-only,,table
zezin2014b_10.1021_je500371u_t2,ZEZIN(2014b),,rho,523.15,50.0,0.0,6.0002,0.0,0.0,3.0001,0.0,1067.045004,,T,test-only,,table
zezin2014b_10.1021_je500371u_t2,ZEZIN(2014b),,rho,523.15,50.0,0.2019,6.2215,0.0,0.0,3.0098,0.0,1073.905004,,T,test-only,,table
zezin2014b_10.1021_je500371u_t2,ZEZIN(2014b),,rho,523.16,50.0,1.00125,7.01985,0.0,0.0,3.0093,0.0,1094.879494,,T,test-only,,table
zezin2014b_10.1021_je500371u_t2,ZEZIN(2014b),,rho,523.16,50.0,3.00001,5.00001,0.0,0.0,1.0,0.0,1012.789494,,T,test-only,,table
zezin2014b_10.1021_je500371u_t2,ZEZIN(2014b),,rho,523.14,100.0,0.10006,6.11946,0.0,0.0,3.0097,0.0,1073.597683,,T,test-only,,table
zezin2014b_10.1021_je500371u_t2,ZEZIN(2014b),,rho,523.15,100.0,0.2019,6.2215,0.0,0.0,3.0098,0.0,1076.042767,,T,test-only,,table
zezin2014b_10.1021_je500371u_t2,ZEZIN(2014b),,rho,523.15,100.0,2.99998,3.19958,0.0,0.0,0.0998,0.0,946.6127666,,T,test-only,,table
zezin2014b_10.1021_je500371u_t2,ZEZIN(2014b),,rho,523.15,100.0,0.20014,0.40014,0.0,0.0,0.1,0.0,828.7027666,,T,test-only,,table
zezin2014b_10.1021_je500371u_t2,ZEZIN(2014b),,rho,523.15,100.0,0.10074,0.30234,0.0,0.0,0.1008,0.0,824.0027666,,T,test-only,,table
zezin2014b_10.1021_je500371u_t2,ZEZIN(2014b),,rho,523.15,100.0,1.00005,2.00005,0.0,0.0,0.5,0.0,905.0227666,,T,test-only,,table
zezin2014b_10.1021_je500371u_t2,ZEZIN(2014b),,rho,523.15,100.0,3.00012,4.00112,0.0,0.0,0.5005,0.0,978.2527666,,T,test-only,,table
zezin2014b_10.1021_je500371u_t2,ZEZIN(2014b),,rho,523.15,100.0,0.5004,1.5016,0.0,0.0,0.5006,0.0,884.1127666,,T,test-only,,table
zezin2014b_10.1021_je500371u_t2,ZEZIN(2014b),,rho,523.15,100.0,3.00001,5.00001,0.0,0.0,1.0,0.0,1015.462767,,T,test-only,,table
zezin2014b_10.1021_je500371u_t2,ZEZIN(2014b),,rho,523.15,100.0,0.0,6.0002,0.0,0.0,3.0001,0.0,1069.242767,,T,test-only,,table
zezin2014b_10.1021_je500371u_t2,ZEZIN(2014b),,rho,523.15,100.0,1.00125,7.01985,0.0,0.0,3.0093,0.0,1096.902767,,T,test-only,,table
zezin2014b_10.1021_je500371u_t2,ZEZIN(2014b),,rho,523.15,100.0,0.0,1.0,0.0,0.0,0.5,0.0,862.2327666,,T,test-only,,table
zezin2014b_10.1021_je500371u_t2,ZEZIN(2014b),,rho,523.15,100.0,1.00053,2.99973,0.0,0.0,0.9996,0.0,948.8627666,,T,test-only,,table
zezin2014b_10.1021_je500371u_t2,ZEZIN(2014b),,rho,523.15,100.0,0.99911,1.19931,0.0,0.0,0.1001,0.0,867.0527666,,T,test-only,,table
zezin2014b_10.1021_je500371u_t2,ZEZIN(2014b),,rho,523.15,100.0,0.50434,0.70774,0.0,0.0,0.1017,0.0,843.9727666,,T,test-only,,table
zezin2014b_10.1021_je500371u_t2,ZEZIN(2014b),,rho,523.15,100.0,0.0,2.0006,0.0,0.0,1.0003,0.0,910.7927666,,T,test-only,,table
zezin2014b_10.1021_je500371u_t2,ZEZIN(2014b),,rho,523.15,100.0,0.4998,6.52,0.0,0.0,3.0101,0.0,1084.102767,,T,test-only,,table
zezin2014b_10.1021_je500371u_t2,ZEZIN(2014b),,rho,523.16,100.0,0.19961,1.19921,0.0,0.0,0.4998,0.0,870.8378493,,T,test-only,,table
zezin2014b_10.1021_je500371u_t2,ZEZIN(2014b),,rho,523.16,100.0,0.0,0.4,0.0,0.0,0.2,0.0,829.6878493,,T,test-only,,table
zezin2014b_10.1021_je500371u_t2,ZEZIN(2014b),,rho,523.16,100.0,0.10021,2.10021,0.0,0.0,1.0,0.0,914.3278493,,T,test-only,,table
zezin2014b_10.1021_je500371u_t2,ZEZIN(2014b),,rho,523.16,100.0,0.20007,2.20107,0.0,0.0,1.0005,0.0,918.4078493,,T,test-only,,table
zezin2014b_10.1021_je500371u_t2,ZEZIN(2014b),,rho,523.16,100.0,0.0,0.2,0.0,0.0,0.1,0.0,818.5578493,,T,test-only,,table
zezin2014b_10.1021_je500371u_t2,ZEZIN(2014b),,rho,523.16,100.0,0.10047,1.10827,0.0,0.0,0.5039,0.0,866.7678493,,T,test-only,,table
zezin2014b_10.1021_je500371u_t2,ZEZIN(2014b),,rho,523.16,100.0,0.49992,2.50112,0.0,0.0,1.0006,0.0,930.1778493,,T,test-only,,table
zezin2014b_10.1021_je500371u_t2,ZEZIN(2014b),,rho,523.16,100.0,1.00608,3.47708,0.0,0.0,1.2355,0.0,968.7378493,,T,test-only,,table
zezin2014b_10.1021_je500371u_t2,ZEZIN(2014b),,rho,523.15,200.0,0.2019,6.2215,0.0,0.0,3.0098,0.0,1080.388788,,T,test-only,,table
zezin2014b_10.1021_je500371u_t2,ZEZIN(2014b),,rho,523.15,200.0,0.20014,0.40014,0.0,0.0,0.1,0.0,838.238788,,T,test-only,,table
zezin2014b_10.1021_je500371u_t2,ZEZIN(2014b),,rho,523.15,200.0,0.10074,0.30234,0.0,0.0,0.1008,0.0,833.718788,,T,test-only,,table
zezin2014b_10.1021_je500371u_t2,ZEZIN(2014b),,rho,523.15,200.0,0.0,1.0,0.0,0.0,0.5,0.0,870.808788,,T,test-only,,table
zezin2014b_10.1021_je500371u_t2,ZEZIN(2014b),,rho,523.15,200.0,3.00012,4.00112,0.0,0.0,0.5005,0.0,984.228788,,T,test-only,,table
zezin2014b_10.1021_je500371u_t2,ZEZIN(2014b),,rho,523.15,200.0,0.10006,6.11946,0.0,0.0,3.0097,0.0,1077.998788,,T,test-only,,table
zezin2014b_10.1021_je500371u_t2,ZEZIN(2014b),,rho,523.15,200.0,0.4998,6.52,0.0,0.0,3.0101,0.0,1088.348788,,T,test-only,,table
zezin2014b_10.1021_je500371u_t2,ZEZIN(2014b),,rho,523.15,200.0,0.10047,1.10827,0.0,0.0,0.5039,0.0,875.218788,,T,test-only,,table
zezin2014b_10.1021_je500371u_t2,ZEZIN(2014b),,rho,523.15,200.0,1.00608,3.47708,0.0,0.0,1.2355,0.0,974.868788,,T,test-only,,table
zezin2014b_10.1021_je500371u_t2,ZEZIN(2014b),,rho,523.15,200.0,1.00125,7.01985,0.0,0.0,3.0093,0.0,1101.048788,,T,test-only,,table
zezin2014b_10.1021_je500371u_t2,ZEZIN(2014b),,rho,523.15,200.0,2.99998,3.19958,0.0,0.0,0.0998,0.0,953.228788,,T,test-only,,table
zezin2014b_10.1021_je500371u_t2,ZEZIN(2014b),,rho,523.15,200.0,0.0,0.2,0.0,0.0,0.1,0.0,828.448788,,T,test-only,,table
zezin2014b_10.1021_je500371u_t2,ZEZIN(2014b),,rho,523.15,200.0,1.00005,2.00005,0.0,0.0,0.5,0.0,912.508788,,T,test-only,,table
zezin2014b_10.1021_je500371u_t2,ZEZIN(2014b),,rho,523.15,200.0,1.00053,2.99973,0.0,0.0,0.9996,0.0,955.378788,,T,test-only,,table
zezin2014b_10.1021_je500371u_t2,ZEZIN(2014b),,rho,523.15,200.0,0.10021,2.10021,0.0,0.0,1.0,0.0,921.568788,,T,test-only,,table
zezin2014b_10.1021_je500371u_t2,ZEZIN(2014b),,rho,523.16,200.0,3.00001,5.00001,0.0,0.0,1.0,0.0,1020.854856,,T,test-only,,table
zezin2014b_10.1021_je500371u_t2,ZEZIN(2014b),,rho,523.16,200.0,0.0,2.0006,0.0,0.0,1.0003,0.0,918.1248562,,T,test-only,,table
zezin2014b_10.1021_je500371u_t2,ZEZIN(2014b),,rho,523.16,200.0,0.20007,2.20107,0.0,0.0,1.0005,0.0,925.5748562,,T,test-only,,table
zezin2014b_10.1021_je500371u_t2,ZEZIN(2014b),,rho,523.16,200.0,0.0,0.4,0.0,0.0,0.2,0.0,839.2148562,,T,test-only,,table
zezin2014b_10.1021_je500371u_t2,ZEZIN(2014b),,rho,523.16,200.0,0.5004,1.5016,0.0,0.0,0.5006,0.0,892.1248562,,T,test-only,,table
zezin2014b_10.1021_je500371u_t2,ZEZIN(2014b),,rho,523.16,200.0,0.49992,2.50112,0.0,0.0,1.0006,0.0,937.0748562,,T,test-only,,table
zezin2014b_10.1021_je500371u_t2,ZEZIN(2014b),,rho,523.16,200.0,0.0,6.0002,0.0,0.0,3.0001,0.0,1073.694856,,T,test-only,,table
zezin2014b_10.1021_je500371u_t2,ZEZIN(2014b),,rho,523.16,200.0,0.19961,1.19921,0.0,0.0,0.4998,0.0,879.1948562,,T,test-only,,table
zezin2014b_10.1021_je500371u_t2,ZEZIN(2014b),,rho,523.16,200.0,0.50434,0.70774,0.0,0.0,0.1017,0.0,853.1048562,,T,test-only,,table
zezin2014b_10.1021_je500371u_t2,ZEZIN(2014b),,rho,523.16,200.0,0.99911,1.19931,0.0,0.0,0.1001,0.0,875.4548562,,T,test-only,,table
zezin2014b_10.1021_je500371u_t2,ZEZIN(2014b),,rho,523.15,400.0,0.20014,0.40014,0.0,0.0,0.1,0.0,855.1061376,,T,test-only,,table
zezin2014b_10.1021_je500371u_t2,ZEZIN(2014b),,rho,523.15,400.0,3.00012,4.00112,0.0,0.0,0.5005,0.0,995.7061376,,T,test-only,,table
zezin2014b_10.1021_je500371u_t2,ZEZIN(2014b),,rho,523.15,400.0,0.0,6.0002,0.0,0.0,3.0001,0.0,1082.676138,,T,test-only,,table
zezin2014b_10.1021_je500371u_t2,ZEZIN(2014b),,rho,523.15,400.0,0.10006,6.11946,0.0,0.0,3.0097,0.0,1086.906138,,T,test-only,,table
zezin2014b_10.1021_je500371u_t2,ZEZIN(2014b),,rho,523.15,400.0,0.0,1.0,0.0,0.0,0.5,0.0,886.1561376,,T,test-only,,table
zezin2014b_10.1021_je500371u_t2,ZEZIN(2014b),,rho,523.15,400.0,1.00125,7.01985,0.0,0.0,3.0093,0.0,1109.636138,,T,test-only,,table
zezin2014b_10.1021_je500371u_t2,ZEZIN(2014b),,rho,523.15,400.0,0.10074,0.30234,0.0,0.0,0.1008,0.0,850.8561376,,T,test-only,,table
zezin2014b_10.1021_je500371u_t2,ZEZIN(2014b),,rho,523.15,400.0,0.99911,1.19931,0.0,0.0,0.1001,0.0,890.6461376,,T,test-only,,table
zezin2014b_10.1021_je500371u_t2,ZEZIN(2014b),,rho,523.15,400.0,0.4998,6.52,0.0,0.0,3.0101,0.0,1097.106138,,T,test-only,,table
zezin2014b_10.1021_je500371u_t2,ZEZIN(2014b),,rho,523.15,400.0,0.2019,6.2215,0.0,0.0,3.0098,0.0,1089.316138,,T,test-only,,table
zezin2014b_10.1021_je500371u_t2,ZEZIN(2014b),,rho,523.16,400.0,3.00001,5.00001,0.0,0.0,1.0,0.0,1031.343656,,T,test-only,,table
zezin2014b_10.1021_je500371u_t2,ZEZIN(2014b),,rho,523.16,400.0,2.99998,3.19958,0.0,0.0,0.0998,0.0,965.6636558,,T,test-only,,table
zezin2014b_10.1021_je500371u_t2,ZEZIN(2014b),,rho,523.16,400.0,1.00005,2.00005,0.0,0.0,0.5,0.0,926.2636558,,T,test-only,,table
zezin2014b_10.1021_je500371u_t2,ZEZIN(2014b),,rho,523.16,400.0,0.50434,0.70774,0.0,0.0,0.1017,0.0,869.2736558,,T,test-only,,table
zezin2014b_10.1021_je500371u_t2,ZEZIN(2014b),,rho,523.16,400.0,1.00608,3.47708,0.0,0.0,1.2355,0.0,986.5236558,,T,test-only,,table
zezin2014b_10.1021_je500371u_t2,ZEZIN(2014b),,rho,523.16,400.0,1.00053,2.99973,0.0,0.0,0.9996,0.0,967.6336558,,T,test-only,,table
zezin2014b_10.1021_je500371u_t2,ZEZIN(2014b),,rho,523.16,400.0,0.5004,1.5016,0.0,0.0,0.5006,0.0,906.7136558,,T,test-only,,table
zezin2014b_10.1021_je500371u_t2,ZEZIN(2014b),,rho,523.16,400.0,0.49992,2.50112,0.0,0.0,1.0006,0.0,949.9736558,,T,test-only,,table
zezin2014b_10.1021_je500371u_t2,ZEZIN(2014b),,rho,523.16,400.0,0.20007,2.20107,0.0,0.0,1.0005,0.0,938.8036558,,T,test-only,,table
zezin2014b_10.1021_je500371u_t2,ZEZIN(2014b),,rho,523.16,400.0,0.19961,1.19921,0.0,0.0,0.4998,0.0,894.3036558,,T,test-only,,table
zezin2014b_10.1021_je500371u_t2,ZEZIN(2014b),,rho,523.16,400.0,0.10047,1.10827,0.0,0.0,0.5039,0.0,890.4736558,,T,test-only,,table
zezin2014b_10.1021_je500371u_t2,ZEZIN(2014b),,rho,523.16,400.0,0.0,0.2,0.0,0.0,0.1,0.0,845.8936558,,T,test-only,,table
zezin2014b_10.1021_je500371u_t2,ZEZIN(2014b),,rho,523.16,400.0,0.10021,2.10021,0.0,0.0,1.0,0.0,934.9836558,,T,test-only,,table
zezin2014b_10.1021_je500371u_t2,ZEZIN(2014b),,rho,523.16,400.0,0.0,2.0006,0.0,0.0,1.0003,0.0,931.6836558,,T,test-only,,table
zezin2014b_10.1021_je500371u_t2,ZEZIN(2014b),,rho,523.17,400.0,0.0,0.4,0.0,0.0,0.2,0.0,856.0811735,,T,test-only,,table
zezin2015_10.1021_je501152a_t2_group1,ZEZIN(2015),,rho,298.15,1.0,0.2002,0.0,0.0,0.0,0.0,0.1001,1009.737039,,T,test-only,,table
zezin2015_10.1021_je501152a_t2_group1,ZEZIN(2015),,rho,298.15,1.0,0.98172,0.0,0.0,0.0,0.0,0.49086,1056.329039,,T,test-only,,table
zezin2015_10.1021_je501152a_t2_group1,ZEZIN(2015),,rho,298.15,1.0,2.0005,0.0,0.0,0.0,0.0,1.00025,1112.600039,,T,test-only,,table
zezin2015_10.1021_je501152a_t2_group1,ZEZIN(2015),,rho,298.15,1.0,2.42166,0.0,0.0,0.0,0.0,1.21083,1134.400039,,T,test-only,,table
zezin2015_10.1021_je501152a_t2_group1,ZEZIN(2015),,rho,298.15,50.0,0.19998,0.0,0.0,0.0,0.0,0.09999,1011.946162,,T,test-only,,table
zezin2015_10.1021_je501152a_t2_group1,ZEZIN(2015),,rho,298.15,50.0,0.99944,0.0,0.0,0.0,0.0,0.49972,1059.620162,,T,test-only,,table
zezin2015_10.1021_je501152a_t2_group1,ZEZIN(2015),,rho,298.15,50.0,2.0005,0.0,0.0,0.0,0.0,1.00025,1114.742162,,T,test-only,,table
zezin2015_10.1021_je501152a_t2_group1,ZEZIN(2015),,rho,298.15,50.0,2.42166,0.0,0.0,0.0,0.0,1.21083,1136.871162,,T,test-only,,table
zezin2015_10.1021_je501152a_t2_group1,ZEZIN(2015),,rho,298.15,100.0,0.19998,0.0,0.0,0.0,0.0,0.09999,1014.01196,,T,test-only,,table
zezin2015_10.1021_je501152a_t2_group1,ZEZIN(2015),,rho,298.15,100.0,0.99944,0.0,0.0,0.0,0.0,0.49972,1061.60596,,T,test-only,,table
zezin2015_10.1021_je501152a_t2_group1,ZEZIN(2015),,rho,298.15,100.0,2.0005,0.0,0.0,0.0,0.0,1.00025,1116.63196,,T,test-only,,table
zezin2015_10.1021_je501152a_t2_group1,ZEZIN(2015),,rho,298.15,100.0,2.42166,0.0,0.0,0.0,0.0,1.21083,1138.70396,,T,test-only,,table
zezin2015_10.1021_je501152a_t2_group1,ZEZIN(2015),,rho,298.15,200.0,0.19998,0.0,0.0,0.0,0.0,0.09999,1018.40399,,T,test-only,,table
zezin2015_10.1021_je501152a_t2_group1,ZEZIN(2015),,rho,298.15,200.0,0.99944,0.0,0.0,0.0,0.0,0.49972,1065.60299,,T,test-only,,table
zezin2015_10.1021_je501152a_t2_group1,ZEZIN(2015),,rho,298.15,200.0,2.0005,0.0,0.0,0.0,0.0,1.00025,1120.30399,,T,test-only,,table
zezin2015_10.1021_je501152a_t2_group1,ZEZIN(2015),,rho,298.15,200.0,2.42166,0.0,0.0,0.0,0.0,1.21083,1142.26599,,T,test-only,,table
zezin2015_10.1021_je501152a_t2_group1,ZEZIN(2015),,rho,298.15,400.0,0.19998,0.0,0.0,0.0,0.0,0.09999,1026.655122,,T,test-only,,table
zezin2015_10.1021_je501152a_t2_group1,ZEZIN(2015),,rho,298.15,400.0,0.99944,0.0,0.0,0.0,0.0,0.49972,1073.419122,,T,test-only,,table
zezin2015_10.1021_je501152a_t2_group1,ZEZIN(2015),,rho,298.15,400.0,2.0005,0.0,0.0,0.0,0.0,1.00025,1127.553122,,T,test-only,,table
zezin2015_10.1021_je501152a_t2_group1,ZEZIN(2015),,rho,298.15,400.0,2.42166,0.0,0.0,0.0,0.0,1.21083,1149.257122,,T,test-only,,table
zezin2015_10.1021_je501152a_t2_group1,ZEZIN(2015),,rho,298.15,700.0,0.19998,0.0,0.0,0.0,0.0,0.09999,1038.561293,,T,test-only,,table
zezin2015_10.1021_je501152a_t2_group1,ZEZIN(2015),,rho,298.15,700.0,0.99944,0.0,0.0,0.0,0.0,0.49972,1084.485293,,T,test-only,,table
zezin2015_10.1021_je501152a_t2_group1,ZEZIN(2015),,rho,298.15,700.0,2.0005,0.0,0.0,0.0,0.0,1.00025,1137.812293,,T,test-only,,table
zezin2015_10.1021_je501152a_t2_group1,ZEZIN(2015),,rho,298.15,700.0,2.42166,0.0,0.0,0.0,0.0,1.21083,1159.242293,,T,test-only,,table
zezin2015_10.1021_je501152a_t2_group1,ZEZIN(2015),,rho,373.15,50.0,0.2002,0.0,0.0,0.0,0.0,0.1001,972.7961347,,T,test-only,,table
zezin2015_10.1021_je501152a_t2_group1,ZEZIN(2015),,rho,373.15,50.0,0.98172,0.0,0.0,0.0,0.0,0.49086,1017.481135,,T,test-only,,table
zezin2015_10.1021_je501152a_t2_group1,ZEZIN(2015),,rho,373.15,50.0,2.0005,0.0,0.0,0.0,0.0,1.00025,1071.710135,,T,test-only,,table
zezin2015_10.1021_je501152a_t2_group1,ZEZIN(2015),,rho,373.15,50.0,2.42166,0.0,0.0,0.0,0.0,1.21083,1093.240135,,T,test-only,,table
zezin2015_10.1021_je501152a_t2_group1,ZEZIN(2015),,rho,373.15,100.0,0.2002,0.0,0.0,0.0,0.0,0.1001,975.0467501,,T,test-only,,table
zezin2015_10.1021_je501152a_t2_group1,ZEZIN(2015),,rho,373.15,100.0,0.98172,0.0,0.0,0.0,0.0,0.49086,1019.63275,,T,test-only,,table
zezin2015_10.1021_je501152a_t2_group1,ZEZIN(2015),,rho,373.15,100.0,2.0005,0.0,0.0,0.0,0.0,1.00025,1073.75975,,T,test-only,,table
zezin2015_10.1021_je501152a_t2_group1,ZEZIN(2015),,rho,373.15,100.0,2.42166,0.0,0.0,0.0,0.0,1.21083,1095.25975,,T,test-only,,table
zezin2015_10.1021_je501152a_t2_group1,ZEZIN(2015),,rho,373.15,200.0,0.2002,0.0,0.0,0.0,0.0,0.1001,979.4073841,,T,test-only,,table
zezin2015_10.1021_je501152a_t2_group1,ZEZIN(2015),,rho,373.15,200.0,0.98172,0.0,0.0,0.0,0.0,0.49086,1023.757384,,T,test-only,,table
zezin2015_10.1021_je501152a_t2_group1,ZEZIN(2015),,rho,373.15,200.0,2.0005,0.0,0.0,0.0,0.0,1.00025,1077.730384,,T,test-only,,table
zezin2015_10.1021_je501152a_t2_group1,ZEZIN(2015),,rho,373.15,200.0,2.42166,0.0,0.0,0.0,0.0,1.21083,1099.160384,,T,test-only,,table
zezin2015_10.1021_je501152a_t2_group1,ZEZIN(2015),,rho,373.15,400.0,0.2002,0.0,0.0,0.0,0.0,0.1001,987.9658241,,T,test-only,,table
zezin2015_10.1021_je501152a_t2_group1,ZEZIN(2015),,rho,373.15,400.0,0.98172,0.0,0.0,0.0,0.0,0.49086,1031.908824,,T,test-only,,table
zezin2015_10.1021_je501152a_t2_group1,ZEZIN(2015),,rho,373.15,400.0,2.0005,0.0,0.0,0.0,0.0,1.00025,1085.439824,,T,test-only,,table
zezin2015_10.1021_je501152a_t2_group1,ZEZIN(2015),,rho,373.15,400.0,2.42166,0.0,0.0,0.0,0.0,1.21083,1106.679824,,T,test-only,,table
zezin2015_10.1021_je501152a_t2_group1,ZEZIN(2015),,rho,373.15,700.0,0.2002,0.0,0.0,0.0,0.0,0.1001,1000.077059,,T,test-only,,table
zezin2015_10.1021_je501152a_t2_group1,ZEZIN(2015),,rho,373.15,700.0,0.98172,0.0,0.0,0.0,0.0,0.49086,1043.475059,,T,test-only,,table
zezin2015_10.1021_je501152a_t2_group1,ZEZIN(2015),,rho,423.15,50.0,0.2002,0.0,0.0,0.0,0.0,0.1001,932.0504671,,T,test-only,,table
zezin2015_10.1021_je501152a_t2_group1,ZEZIN(2015),,rho,423.15,50.0,0.99944,0.0,0.0,0.0,0.0,0.49972,978.5084671,,T,test-only,,table
zezin2015_10.1021_je501152a_t2_group1,ZEZIN(2015),,rho,423.15,50.0,2.0005,0.0,0.0,0.0,0.0,1.00025,1032.433467,,T,test-only,,table
zezin2015_10.1021_je501152a_t2_group1,ZEZIN(2015),,rho,423.15,50.0,2.42166,0.0,0.0,0.0,0.0,1.21083,1053.829467,,T,test-only,,table
zezin2015_10.1021_je501152a_t2_group1,ZEZIN(2015),,rho,423.15,100.0,0.2002,0.0,0.0,0.0,0.0,0.1001,934.8104984,,T,test-only,,table
zezin2015_10.1021_je501152a_t2_group1,ZEZIN(2015),,rho,423.15,100.0,0.98172,0.0,0.0,0.0,0.0,0.49086,980.1374984,,T,test-only,,table
zezin2015_10.1021_je501152a_t2_group1,ZEZIN(2015),,rho,423.15,100.0,2.0005,0.0,0.0,0.0,0.0,1.00025,1034.833498,,T,test-only,,table
zezin2015_10.1021_je501152a_t2_group1,ZEZIN(2015),,rho,423.15,100.0,2.42166,0.0,0.0,0.0,0.0,1.21083,1056.185498,,T,test-only,,table
zezin2015_10.1021_je501152a_t2_group1,ZEZIN(2015),,rho,423.15,200.0,0.2002,0.0,0.0,0.0,0.0,0.1001,940.0625422,,T,test-only,,table
zezin2015_10.1021_je501152a_t2_group1,ZEZIN(2015),,rho,423.15,200.0,0.98172,0.0,0.0,0.0,0.0,0.49086,985.1055422,,T,test-only,,table
zezin2015_10.1021_je501152a_t2_group1,ZEZIN(2015),,rho,423.15,200.0,2.0005,0.0,0.0,0.0,0.0,1.00025,1039.554542,,T,test-only,,table
zezin2015_10.1021_je501152a_t2_group1,ZEZIN(2015),,rho,423.15,200.0,2.42166,0.0,0.0,0.0,0.0,1.21083,1060.756542,,T,test-only,,table
zezin2015_10.1021_je501152a_t2_group1,ZEZIN(2015),,rho,423.15,400.0,0.2002,0.0,0.0,0.0,0.0,0.1001,950.0423647,,T,test-only,,table
zezin2015_10.1021_je501152a_t2_group1,ZEZIN(2015),,rho,423.15,400.0,0.98172,0.0,0.0,0.0,0.0,0.49086,994.5833647,,T,test-only,,table
zezin2015_10.1021_je501152a_t2_group1,ZEZIN(2015),,rho,423.15,400.0,2.0005,0.0,0.0,0.0,0.0,1.00025,1048.536365,,T,test-only,,table
zezin2015_10.1021_je501152a_t2_group1,ZEZIN(2015),,rho,423.15,400.0,2.42166,0.0,0.0,0.0,0.0,1.21083,1069.598365,,T,test-only,,table
zezin2015_10.1021_je501152a_t2_group1,ZEZIN(2015),,rho,423.15,700.0,0.19998,0.0,0.0,0.0,0.0,0.09999,963.9662702,,T,test-only,,table
zezin2015_10.1021_je501152a_t2_group1,ZEZIN(2015),,rho,423.15,700.0,0.99944,0.0,0.0,0.0,0.0,0.49972,1008.83127,,T,test-only,,table
zezin2015_10.1021_je501152a_t2_group1,ZEZIN(2015),,rho,423.15,700.0,2.0005,0.0,0.0,0.0,0.0,1.00025,1061.25827,,T,test-only,,table
zezin2015_10.1021_je501152a_t2_group1,ZEZIN(2015),,rho,423.15,700.0,2.42166,0.0,0.0,0.0,0.0,1.21083,1082.08927,,T,test-only,,table
zezin2015_10.1021_je501152a_t2_group1,ZEZIN(2015),,rho,473.15,50.0,0.2002,0.0,0.0,0.0,0.0,0.1001,880.6705476,,T,test-only,,table
zezin2015_10.1021_je501152a_t2_group1,ZEZIN(2015),,rho,473.15,50.0,0.98172,0.0,0.0,0.0,0.0,0.49086,927.9225476,,T,test-only,,table
zezin2015_10.1021_je501152a_t2_group1,ZEZIN(2015),,rho,473.15,50.0,2.0005,0.0,0.0,0.0,0.0,1.00025,984.6895476,,T,test-only,,table
zezin2015_10.1021_je501152a_t2_group1,ZEZIN(2015),,rho,473.15,50.0,2.42166,0.0,0.0,0.0,0.0,1.21083,1006.512548,,T,test-only,,table
zezin2015_10.1021_je501152a_t2_group1,ZEZIN(2015),,rho,473.15,100.0,0.2002,0.0,0.0,0.0,0.0,0.1001,884.290282,,T,test-only,,table
zezin2015_10.1021_je501152a_t2_group1,ZEZIN(2015),,rho,473.15,100.0,0.98172,0.0,0.0,0.0,0.0,0.49086,931.349282,,T,test-only,,table
zezin2015_10.1021_je501152a_t2_group1,ZEZIN(2015),,rho,473.15,100.0,2.0005,0.0,0.0,0.0,0.0,1.00025,987.757282,,T,test-only,,table
zezin2015_10.1021_je501152a_t2_group1,ZEZIN(2015),,rho,473.15,100.0,2.42166,0.0,0.0,0.0,0.0,1.21083,1009.506282,,T,test-only,,table
zezin2015_10.1021_je501152a_t2_group1,ZEZIN(2015),,rho,473.15,200.0,0.2002,0.0,0.0,0.0,0.0,0.1001,891.1152082,,T,test-only,,table
zezin2015_10.1021_je501152a_t2_group1,ZEZIN(2015),,rho,473.15,200.0,0.98172,0.0,0.0,0.0,0.0,0.49086,937.7632082,,T,test-only,,table
zezin2015_10.1021_je501152a_t2_group1,ZEZIN(2015),,rho,473.15,200.0,2.0005,0.0,0.0,0.0,0.0,1.00025,993.6552082,,T,test-only,,table
zezin2015_10.1021_je501152a_t2_group1,ZEZIN(2015),,rho,473.15,200.0,2.42166,0.0,0.0,0.0,0.0,1.21083,1015.257208,,T,test-only,,table
zezin2015_10.1021_je501152a_t2_group1,ZEZIN(2015),,rho,473.15,400.0,0.2002,0.0,0.0,0.0,0.0,0.1001,903.7286016,,T,test-only,,table
zezin2015_10.1021_je501152a_t2_group1,ZEZIN(2015),,rho,473.15,400.0,0.98172,0.0,0.0,0.0,0.0,0.49086,949.5956016,,T,test-only,,table
zezin2015_10.1021_je501152a_t2_group1,ZEZIN(2015),,rho,473.15,400.0,2.0005,0.0,0.0,0.0,0.0,1.00025,1004.796602,,T,test-only,,table
zezin2015_10.1021_je501152a_t2_group1,ZEZIN(2015),,rho,473.15,400.0,2.42166,0.0,0.0,0.0,0.0,1.21083,1026.155602,,T,test-only,,table
zezin2015_10.1021_je501152a_t2_group1,ZEZIN(2015),,rho,473.15,700.0,0.2002,0.0,0.0,0.0,0.0,0.1001,920.7438457,,T,test-only,,table
zezin2015_10.1021_je501152a_t2_group1,ZEZIN(2015),,rho,473.15,700.0,0.98172,0.0,0.0,0.0,0.0,0.49086,965.8828457,,T,test-only,,table
zezin2015_10.1021_je501152a_t2_group1,ZEZIN(2015),,rho,473.15,700.0,2.0005,0.0,0.0,0.0,0.0,1.00025,1020.234846,,T,test-only,,table
zezin2015_10.1021_je501152a_t2_group1,ZEZIN(2015),,rho,473.15,700.0,2.42166,0.0,0.0,0.0,0.0,1.21083,1041.242846,,T,test-only,,table
zezin2015_10.1021_je501152a_t2_group1,ZEZIN(2015),,rho,523.15,50.0,0.2002,0.0,0.0,0.0,0.0,0.1001,815.1970038,,T,test-only,,table
zezin2015_10.1021_je501152a_t2_group1,ZEZIN(2015),,rho,523.15,50.0,0.98172,0.0,0.0,0.0,0.0,0.49086,866.5800038,,T,test-only,,table
zezin2015_10.1021_je501152a_t2_group1,ZEZIN(2015),,rho,523.15,50.0,2.0005,0.0,0.0,0.0,0.0,1.00025,927.4500038,,T,test-only,,table
zezin2015_10.1021_je501152a_t2_group1,ZEZIN(2015),,rho,523.15,50.0,2.42166,0.0,0.0,0.0,0.0,1.21083,950.0200038,,T,test-only,,table
zezin2015_10.1021_je501152a_t2_group1,ZEZIN(2015),,rho,523.15,100.0,0.2002,0.0,0.0,0.0,0.0,0.1001,820.5917666,,T,test-only,,table
zezin2015_10.1021_je501152a_t2_group1,ZEZIN(2015),,rho,523.15,100.0,0.98172,0.0,0.0,0.0,0.0,0.49086,871.5597666,,T,test-only,,table
zezin2015_10.1021_je501152a_t2_group1,ZEZIN(2015),,rho,523.15,100.0,2.0005,0.0,0.0,0.0,0.0,1.00025,931.7697666,,T,test-only,,table
zezin2015_10.1021_je501152a_t2_group1,ZEZIN(2015),,rho,523.15,100.0,2.42166,0.0,0.0,0.0,0.0,1.21083,954.5297666,,T,test-only,,table
zezin2015_10.1021_je501152a_t2_group1,ZEZIN(2015),,rho,523.15,200.0,0.2002,0.0,0.0,0.0,0.0,0.1001,830.615788,,T,test-only,,table
zezin2015_10.1021_je501152a_t2_group1,ZEZIN(2015),,rho,523.15,200.0,0.98172,0.0,0.0,0.0,0.0,0.49086,880.609788,,T,test-only,,table
zezin2015_10.1021_je501152a_t2_group1,ZEZIN(2015),,rho,523.15,200.0,2.0005,0.0,0.0,0.0,0.0,1.00025,939.949788,,T,test-only,,table
zezin2015_10.1021_je501152a_t2_group1,ZEZIN(2015),,rho,523.15,200.0,2.42166,0.0,0.0,0.0,0.0,1.21083,962.349788,,T,test-only,,table
zezin2015_10.1021_je501152a_t2_group1,ZEZIN(2015),,rho,523.15,400.0,0.2002,0.0,0.0,0.0,0.0,0.1001,848.2141376,,T,test-only,,table
zezin2015_10.1021_je501152a_t2_group1,ZEZIN(2015),,rho,523.15,400.0,0.98172,0.0,0.0,0.0,0.0,0.49086,896.8501376,,T,test-only,,table
zezin2015_10.1021_je501152a_t2_group1,ZEZIN(2015),,rho,523.15,400.0,2.0005,0.0,0.0,0.0,0.0,1.00025,954.7401376,,T,test-only,,table
zezin2015_10.1021_je501152a_t2_group1,ZEZIN(2015),,rho,523.15,400.0,2.42166,0.0,0.0,0.0,0.0,1.21083,976.7401376,,T,test-only,,table
zezin2015_10.1021_je501152a_t2_group2,ZEZIN(2015),,rho,298.15,1.0,2.10095,0.09995,0.0,0.0,0.0,1.0005,1115.515039,,T,test-only,,table
zezin2015_10.1021_je501152a_t2_group2,ZEZIN(2015),,rho,298.15,1.0,1.09936,0.09998,0.0,0.0,0.0,0.49969,1060.636039,,T,test-only,,table
zezin2015_10.1021_je501152a_t2_group2,ZEZIN(2015),,rho,298.15,1.0,0.30176,0.10038,0.0,0.0,0.0,0.10069,1013.848039,,T,test-only,,table
zezin2015_10.1021_je501152a_t2_group2,ZEZIN(2015),,rho,298.15,1.0,2.50113,0.49963,0.0,0.0,0.0,1.00075,1128.230039,,T,test-only,,table
zezin2015_10.1021_je501152a_t2_group2,ZEZIN(2015),,rho,298.15,1.0,0.69981,0.49971,0.0,0.0,0.0,0.10005,1029.121039,,T,test-only,,table
zezin2015_10.1021_je501152a_t2_group2,ZEZIN(2015),,rho,298.15,1.0,1.50177,0.50023,0.0,0.0,0.0,0.50077,1074.890039,,T,test-only,,table
zezin2015_10.1021_je501152a_t2_group2,ZEZIN(2015),,rho,298.15,1.0,2.99234,0.9992,0.0,0.0,0.0,0.99657,1143.270039,,T,test-only,,table
zezin2015_10.1021_je501152a_t2_group2,ZEZIN(2015),,rho,298.15,1.0,2.00019,0.99987,0.0,0.0,0.0,0.50016,1091.633039,,T,test-only,,table
zezin2015_10.1021_je501152a_t2_group2,ZEZIN(2015),,rho,298.15,1.0,1.20049,1.00011,0.0,0.0,0.0,0.10019,1047.793039,,T,test-only,,table
zezin2015_10.1021_je501152a_t2_group2,ZEZIN(2015),,rho,298.15,1.0,1.40764,1.00868,0.0,0.0,0.0,0.19948,1059.408039,,T,test-only,,table
zezin2015_10.1021_je501152a_t2_group2,ZEZIN(2015),,rho,298.15,1.0,3.19959,2.99977,0.0,0.0,0.0,0.09991,1115.628039,,T,test-only,,table
zezin2015_10.1021_je501152a_t2_group2,ZEZIN(2015),,rho,298.15,1.0,4.00005,2.99983,0.0,0.0,0.0,0.50011,1154.533039,,T,test-only,,table
zezin2015_10.1021_je501152a_t2_group2,ZEZIN(2015),,rho,298.15,1.0,5.19964,5.00004,0.0,0.0,0.0,0.0998,1167.284039,,T,test-only,,table
zezin2015_10.1021_je501152a_t2_group2,ZEZIN(2015),,rho,298.15,50.0,2.10095,0.09995,0.0,0.0,0.0,1.0005,1117.979162,,T,test-only,,table
zezin2015_10.1021_je501152a_t2_group2,ZEZIN(2015),,rho,298.15,50.0,1.09936,0.09998,0.0,0.0,0.0,0.49969,1063.042162,,T,test-only,,table
zezin2015_10.1021_je501152a_t2_group2,ZEZIN(2015),,rho,298.15,50.0,0.30009,0.10021,0.0,0.0,0.0,0.09994,1015.922162,,T,test-only,,table
zezin2015_10.1021_je501152a_t2_group2,ZEZIN(2015),,rho,298.15,50.0,2.50113,0.49963,0.0,0.0,0.0,1.00075,1130.814162,,T,test-only,,table
zezin2015_10.1021_je501152a_t2_group2,ZEZIN(2015),,rho,298.15,50.0,0.69981,0.49971,0.0,0.0,0.0,0.10005,1031.286162,,T,test-only,,table
zezin2015_10.1021_je501152a_t2_group2,ZEZIN(2015),,rho,298.15,50.0,1.50177,0.50023,0.0,0.0,0.0,0.50077,1077.317162,,T,test-only,,table
zezin2015_10.1021_je501152a_t2_group2,ZEZIN(2015),,rho,298.15,50.0,2.99234,0.9992,0.0,0.0,0.0,0.99657,1145.731162,,T,test-only,,table
zezin2015_10.1021_je501152a_t2_group2,ZEZIN(2015),,rho,298.15,50.0,2.00019,0.99987,0.0,0.0,0.0,0.50016,1094.258162,,T,test-only,,table
zezin2015_10.1021_je501152a_t2_group2,ZEZIN(2015),,rho,298.15,50.0,1.20049,1.00011,0.0,0.0,0.0,0.10019,1050.070162,,T,test-only,,table
zezin2015_10.1021_je501152a_t2_group2,ZEZIN(2015),,rho,298.15,50.0,3.19959,2.99977,0.0,0.0,0.0,0.09991,1117.878162,,T,test-only,,table
zezin2015_10.1021_je501152a_t2_group2,ZEZIN(2015),,rho,298.15,50.0,4.00005,2.99983,0.0,0.0,0.0,0.50011,1156.797162,,T,test-only,,table
zezin2015_10.1021_je501152a_t2_group2,ZEZIN(2015),,rho,298.15,50.0,5.19964,5.00004,0.0,0.0,0.0,0.0998,1169.849162,,T,test-only,,table
zezin2015_10.1021_je501152a_t2_group2,ZEZIN(2015),,rho,298.15,100.0,2.10095,0.09995,0.0,0.0,0.0,1.0005,1119.78796,,T,test-only,,table
zezin2015_10.1021_je501152a_t2_group2,ZEZIN(2015),,rho,298.15,100.0,1.09936,0.09998,0.0,0.0,0.0,0.49969,1064.96596,,T,test-only,,table
zezin2015_10.1021_je501152a_t2_group2,ZEZIN(2015),,rho,298.15,100.0,0.30009,0.10021,0.0,0.0,0.0,0.09994,1018.00796,,T,test-only,,table
zezin2015_10.1021_je501152a_t2_group2,ZEZIN(2015),,rho,298.15,100.0,2.50113,0.49963,0.0,0.0,0.0,1.00075,1132.56996,,T,test-only,,table
zezin2015_10.1021_je501152a_t2_group2,ZEZIN(2015),,rho,298.15,100.0,0.69981,0.49971,0.0,0.0,0.0,0.10005,1033.31796,,T,test-only,,table
zezin2015_10.1021_je501152a_t2_group2,ZEZIN(2015),,rho,298.15,100.0,1.50177,0.50023,0.0,0.0,0.0,0.50077,1079.18696,,T,test-only,,table
zezin2015_10.1021_je501152a_t2_group2,ZEZIN(2015),,rho,298.15,100.0,2.99234,0.9992,0.0,0.0,0.0,0.99657,1147.37196,,T,test-only,,table
zezin2015_10.1021_je501152a_t2_group2,ZEZIN(2015),,rho,298.15,100.0,2.00019,0.99987,0.0,0.0,0.0,0.50016,1096.04996,,T,test-only,,table
zezin2015_10.1021_je501152a_t2_group2,ZEZIN(2015),,rho,298.15,100.0,1.20049,1.00011,0.0,0.0,0.0,0.10019,1051.99796,,T,test-only,,table
zezin2015_10.1021_je501152a_t2_group2,ZEZIN(2015),,rho,298.15,100.0,3.19959,2.99977,0.0,0.0,0.0,0.09991,1119.61996,,T,test-only,,table
zezin2015_10.1021_je501152a_t2_group2,ZEZIN(2015),,rho,298.15,100.0,4.00005,2.99983,0.0,0.0,0.0,0.50011,1158.43796,,T,test-only,,table
zezin2015_10.1021_je501152a_t2_group2,ZEZIN(2015),,rho,298.15,100.0,5.19964,5.00004,0.0,0.0,0.0,0.0998,1171.44196,,T,test-only,,table
zezin2015_10.1021_je501152a_t2_group2,ZEZIN(2015),,rho,298.15,200.0,2.10095,0.09995,0.0,0.0,0.0,1.0005,1123.53199,,T,test-only,,table
zezin2015_10.1021_je501152a_t2_group2,ZEZIN(2015),,rho,298.15,200.0,1.09936,0.09998,0.0,0.0,0.0,0.49969,1069.03399,,T,test-only,,table
zezin2015_10.1021_je501152a_t2_group2,ZEZIN(2015),,rho,298.15,200.0,0.30009,0.10021,0.0,0.0,0.0,0.09994,1022.34499,,T,test-only,,table
zezin2015_10.1021_je501152a_t2_group2,ZEZIN(2015),,rho,298.15,200.0,2.50113,0.49963,0.0,0.0,0.0,1.00075,1136.25799,,T,test-only,,table
zezin2015_10.1021_je501152a_t2_group2,ZEZIN(2015),,rho,298.15,200.0,0.69981,0.49971,0.0,0.0,0.0,0.10005,1037.54899,,T,test-only,,table
zezin2015_10.1021_je501152a_t2_group2,ZEZIN(2015),,rho,298.15,200.0,1.50177,0.50023,0.0,0.0,0.0,0.50077,1083.14899,,T,test-only,,table
zezin2015_10.1021_je501152a_t2_group2,ZEZIN(2015),,rho,298.15,200.0,2.99234,0.9992,0.0,0.0,0.0,0.99657,1151.05399,,T,test-only,,table
zezin2015_10.1021_je501152a_t2_group2,ZEZIN(2015),,rho,298.15,200.0,2.00019,0.99987,0.0,0.0,0.0,0.50016,1099.95499,,T,test-only,,table
zezin2015_10.1021_je501152a_t2_group2,ZEZIN(2015),,rho,298.15,200.0,1.20049,1.00011,0.0,0.0,0.0,0.10019,1056.07099,,T,test-only,,table
zezin2015_10.1021_je501152a_t2_group2,ZEZIN(2015),,rho,298.15,200.0,3.19959,2.99977,0.0,0.0,0.0,0.09991,1123.31399,,T,test-only,,table
zezin2015_10.1021_je501152a_t2_group2,ZEZIN(2015),,rho,298.15,200.0,4.00005,2.99983,0.0,0.0,0.0,0.50011,1161.96399,,T,test-only,,table
zezin2015_10.1021_je501152a_t2_group2,ZEZIN(2015),,rho,298.15,200.0,5.19964,5.00004,0.0,0.0,0.0,0.0998,1174.81099,,T,test-only,,table
zezin2015_10.1021_je501152a_t2_group2,ZEZIN(2015),,rho,298.15,400.0,2.10095,0.09995,0.0,0.0,0.0,1.0005,1130.663122,,T,test-only,,table
zezin2015_10.1021_je501152a_t2_group2,ZEZIN(2015),,rho,298.15,400.0,1.09936,0.09998,0.0,0.0,0.0,0.49969,1076.732122,,T,test-only,,table
zezin2015_10.1021_je501152a_t2_group2,ZEZIN(2015),,rho,298.15,400.0,0.30009,0.10021,0.0,0.0,0.0,0.09994,1030.605122,,T,test-only,,table
zezin2015_10.1021_je501152a_t2_group2,ZEZIN(2015),,rho,298.15,400.0,2.50113,0.49963,0.0,0.0,0.0,1.00075,1143.284122,,T,test-only,,table
zezin2015_10.1021_je501152a_t2_group2,ZEZIN(2015),,rho,298.15,400.0,0.69981,0.49971,0.0,0.0,0.0,0.10005,1045.556122,,T,test-only,,table
zezin2015_10.1021_je501152a_t2_group2,ZEZIN(2015),,rho,298.15,400.0,1.50177,0.50023,0.0,0.0,0.0,0.50077,1090.693122,,T,test-only,,table
zezin2015_10.1021_je501152a_t2_group2,ZEZIN(2015),,rho,298.15,400.0,2.99234,0.9992,0.0,0.0,0.0,0.99657,1157.841122,,T,test-only,,table
zezin2015_10.1021_je501152a_t2_group2,ZEZIN(2015),,rho,298.15,400.0,2.00019,0.99987,0.0,0.0,0.0,0.50016,1107.290122,,T,test-only,,table
zezin2015_10.1021_je501152a_t2_group2,ZEZIN(2015),,rho,298.15,400.0,1.20049,1.00011,0.0,0.0,0.0,0.10019,1063.873122,,T,test-only,,table
zezin2015_10.1021_je501152a_t2_group2,ZEZIN(2015),,rho,298.15,400.0,3.19959,2.99977,0.0,0.0,0.0,0.09991,1130.226122,,T,test-only,,table
zezin2015_10.1021_je501152a_t2_group2,ZEZIN(2015),,rho,298.15,400.0,4.00005,2.99983,0.0,0.0,0.0,0.50011,1168.590122,,T,test-only,,table
zezin2015_10.1021_je501152a_t2_group2,ZEZIN(2015),,rho,298.15,400.0,5.19964,5.00004,0.0,0.0,0.0,0.0998,1181.320122,,T,test-only,,table
zezin2015_10.1021_je501152a_t2_group2,ZEZIN(2015),,rho,298.15,700.0,2.10095,0.09995,0.0,0.0,0.0,1.0005,1140.930293,,T,test-only,,table
zezin2015_10.1021_je501152a_t2_group2,ZEZIN(2015),,rho,298.15,700.0,1.09936,0.09998,0.0,0.0,0.0,0.49969,1087.806293,,T,test-only,,table
zezin2015_10.1021_je501152a_t2_group2,ZEZIN(2015),,rho,298.15,700.0,0.30009,0.10021,0.0,0.0,0.0,0.09994,1042.372293,,T,test-only,,table
zezin2015_10.1021_je501152a_t2_group2,ZEZIN(2015),,rho,298.15,700.0,2.50113,0.49963,0.0,0.0,0.0,1.00075,1153.337293,,T,test-only,,table
zezin2015_10.1021_je501152a_t2_group2,ZEZIN(2015),,rho,298.15,700.0,0.69981,0.49971,0.0,0.0,0.0,0.10005,1057.059293,,T,test-only,,table
zezin2015_10.1021_je501152a_t2_group2,ZEZIN(2015),,rho,298.15,700.0,1.50177,0.50023,0.0,0.0,0.0,0.50077,1101.553293,,T,test-only,,table
zezin2015_10.1021_je501152a_t2_group2,ZEZIN(2015),,rho,298.15,700.0,2.99234,0.9992,0.0,0.0,0.0,0.99657,1167.677293,,T,test-only,,table
zezin2015_10.1021_je501152a_t2_group2,ZEZIN(2015),,rho,298.15,700.0,2.00019,0.99987,0.0,0.0,0.0,0.50016,1117.832293,,T,test-only,,table
zezin2015_10.1021_je501152a_t2_group2,ZEZIN(2015),,rho,298.15,700.0,1.20049,1.00011,0.0,0.0,0.0,0.10019,1075.059293,,T,test-only,,table
zezin2015_10.1021_je501152a_t2_group2,ZEZIN(2015),,rho,298.15,700.0,3.19959,2.99977,0.0,0.0,0.0,0.09991,1140.343293,,T,test-only,,table
zezin2015_10.1021_je501152a_t2_group2,ZEZIN(2015),,rho,298.15,700.0,4.00005,2.99983,0.0,0.0,0.0,0.50011,1178.213293,,T,test-only,,table
zezin2015_10.1021_je501152a_t2_group2,ZEZIN(2015),,rho,298.15,700.0,5.19964,5.00004,0.0,0.0,0.0,0.0998,1190.727293,,T,test-only,,table
zezin2015_10.1021_je501152a_t2_group2,ZEZIN(2015),,rho,373.15,50.0,2.10095,0.09995,0.0,0.0,0.0,1.0005,1074.900135,,T,test-only,,table
zezin2015_10.1021_je501152a_t2_group2,ZEZIN(2015),,rho,373.15,50.0,1.09936,0.09998,0.0,0.0,0.0,0.49969,1021.891135,,T,test-only,,table
zezin2015_10.1021_je501152a_t2_group2,ZEZIN(2015),,rho,373.15,50.0,0.30176,0.10038,0.0,0.0,0.0,0.10069,976.7651347,,T,test-only,,table
zezin2015_10.1021_je501152a_t2_group2,ZEZIN(2015),,rho,373.15,50.0,2.50113,0.49963,0.0,0.0,0.0,1.00075,1087.325135,,T,test-only,,table
zezin2015_10.1021_je501152a_t2_group2,ZEZIN(2015),,rho,373.15,50.0,0.69981,0.49971,0.0,0.0,0.0,0.10005,991.5731347,,T,test-only,,table
zezin2015_10.1021_je501152a_t2_group2,ZEZIN(2015),,rho,373.15,50.0,1.50177,0.50023,0.0,0.0,0.0,0.50077,1035.635135,,T,test-only,,table
zezin2015_10.1021_je501152a_t2_group2,ZEZIN(2015),,rho,373.15,50.0,2.99234,0.9992,0.0,0.0,0.0,0.99657,1101.891135,,T,test-only,,table
zezin2015_10.1021_je501152a_t2_group2,ZEZIN(2015),,rho,373.15,50.0,2.00019,0.99987,0.0,0.0,0.0,0.50016,1052.125135,,T,test-only,,table
zezin2015_10.1021_je501152a_t2_group2,ZEZIN(2015),,rho,373.15,50.0,1.20049,1.00011,0.0,0.0,0.0,0.10019,1009.497135,,T,test-only,,table
zezin2015_10.1021_je501152a_t2_group2,ZEZIN(2015),,rho,373.15,50.0,1.40764,1.00868,0.0,0.0,0.0,0.19948,1020.574135,,T,test-only,,table
zezin2015_10.1021_je501152a_t2_group2,ZEZIN(2015),,rho,373.15,50.0,3.19959,2.99977,0.0,0.0,0.0,0.09991,1075.275135,,T,test-only,,table
zezin2015_10.1021_je501152a_t2_group2,ZEZIN(2015),,rho,373.15,50.0,4.00005,2.99983,0.0,0.0,0.0,0.50011,1113.029135,,T,test-only,,table
zezin2015_10.1021_je501152a_t2_group2,ZEZIN(2015),,rho,373.15,50.0,5.19964,5.00004,0.0,0.0,0.0,0.0998,1125.659135,,T,test-only,,table
zezin2015_10.1021_je501152a_t2_group2,ZEZIN(2015),,rho,373.15,100.0,2.10095,0.09995,0.0,0.0,0.0,1.0005,1076.90575,,T,test-only,,table
zezin2015_10.1021_je501152a_t2_group2,ZEZIN(2015),,rho,373.15,100.0,1.09936,0.09998,0.0,0.0,0.0,0.49969,1024.01075,,T,test-only,,table
zezin2015_10.1021_je501152a_t2_group2,ZEZIN(2015),,rho,373.15,100.0,0.30176,0.10038,0.0,0.0,0.0,0.10069,979.0157501,,T,test-only,,table
zezin2015_10.1021_je501152a_t2_group2,ZEZIN(2015),,rho,373.15,100.0,2.50113,0.49963,0.0,0.0,0.0,1.00075,1089.36675,,T,test-only,,table
zezin2015_10.1021_je501152a_t2_group2,ZEZIN(2015),,rho,373.15,100.0,0.69981,0.49971,0.0,0.0,0.0,0.10005,993.7607501,,T,test-only,,table
zezin2015_10.1021_je501152a_t2_group2,ZEZIN(2015),,rho,373.15,100.0,1.50177,0.50023,0.0,0.0,0.0,0.50077,1037.75575,,T,test-only,,table
zezin2015_10.1021_je501152a_t2_group2,ZEZIN(2015),,rho,373.15,100.0,2.99234,0.9992,0.0,0.0,0.0,0.99657,1103.82375,,T,test-only,,table
zezin2015_10.1021_je501152a_t2_group2,ZEZIN(2015),,rho,373.15,100.0,2.00019,0.99987,0.0,0.0,0.0,0.50016,1054.16475,,T,test-only,,table
zezin2015_10.1021_je501152a_t2_group2,ZEZIN(2015),,rho,373.15,100.0,1.20049,1.00011,0.0,0.0,0.0,0.10019,1011.65875,,T,test-only,,table
zezin2015_10.1021_je501152a_t2_group2,ZEZIN(2015),,rho,373.15,100.0,1.40764,1.00868,0.0,0.0,0.0,0.19948,1022.72675,,T,test-only,,table
zezin2015_10.1021_je501152a_t2_group2,ZEZIN(2015),,rho,373.15,100.0,3.19959,2.99977,0.0,0.0,0.0,0.09991,1077.23875,,T,test-only,,table
zezin2015_10.1021_je501152a_t2_group2,ZEZIN(2015),,rho,373.15,100.0,4.00005,2.99983,0.0,0.0,0.0,0.50011,1114.94475,,T,test-only,,table
zezin2015_10.1021_je501152a_t2_group2,ZEZIN(2015),,rho,373.15,100.0,5.19964,5.00004,0.0,0.0,0.0,0.0998,1127.51875,,T,test-only,,table
zezin2015_10.1021_je501152a_t2_group2,ZEZIN(2015),,rho,373.15,200.0,2.10095,0.09995,0.0,0.0,0.0,1.0005,1080.867384,,T,test-only,,table
zezin2015_10.1021_je501152a_t2_group2,ZEZIN(2015),,rho,373.15,200.0,1.09936,0.09998,0.0,0.0,0.0,0.49969,1028.213384,,T,test-only,,table
zezin2015_10.1021_je501152a_t2_group2,ZEZIN(2015),,rho,373.15,200.0,0.30176,0.10038,0.0,0.0,0.0,0.10069,983.3813841,,T,test-only,,table
zezin2015_10.1021_je501152a_t2_group2,ZEZIN(2015),,rho,373.15,200.0,2.50113,0.49963,0.0,0.0,0.0,1.00075,1093.267384,,T,test-only,,table
zezin2015_10.1021_je501152a_t2_group2,ZEZIN(2015),,rho,373.15,200.0,0.69981,0.49971,0.0,0.0,0.0,0.10005,998.0963841,,T,test-only,,table
zezin2015_10.1021_je501152a_t2_group2,ZEZIN(2015),,rho,373.15,200.0,1.50177,0.50023,0.0,0.0,0.0,0.50077,1041.875384,,T,test-only,,table
zezin2015_10.1021_je501152a_t2_group2,ZEZIN(2015),,rho,373.15,200.0,2.99234,0.9992,0.0,0.0,0.0,0.99657,1107.685384,,T,test-only,,table
zezin2015_10.1021_je501152a_t2_group2,ZEZIN(2015),,rho,373.15,200.0,2.00019,0.99987,0.0,0.0,0.0,0.50016,1058.186384,,T,test-only,,table
zezin2015_10.1021_je501152a_t2_group2,ZEZIN(2015),,rho,373.15,200.0,1.20049,1.00011,0.0,0.0,0.0,0.10019,1015.865384,,T,test-only,,table
zezin2015_10.1021_je501152a_t2_group2,ZEZIN(2015),,rho,373.15,200.0,1.40764,1.00868,0.0,0.0,0.0,0.19948,1026.855384,,T,test-only,,table
zezin2015_10.1021_je501152a_t2_group2,ZEZIN(2015),,rho,373.15,200.0,3.19959,2.99977,0.0,0.0,0.0,0.09991,1081.099384,,T,test-only,,table
zezin2015_10.1021_je501152a_t2_group2,ZEZIN(2015),,rho,373.15,200.0,4.00005,2.99983,0.0,0.0,0.0,0.50011,1118.663384,,T,test-only,,table
zezin2015_10.1021_je501152a_t2_group2,ZEZIN(2015),,rho,373.15,200.0,5.19964,5.00004,0.0,0.0,0.0,0.0998,1131.136384,,T,test-only,,table
zezin2015_10.1021_je501152a_t2_group2,ZEZIN(2015),,rho,373.15,400.0,2.10095,0.09995,0.0,0.0,0.0,1.0005,1088.490824,,T,test-only,,table
zezin2015_10.1021_je501152a_t2_group2,ZEZIN(2015),,rho,373.15,400.0,1.09936,0.09998,0.0,0.0,0.0,0.49969,1036.262824,,T,test-only,,table
zezin2015_10.1021_je501152a_t2_group2,ZEZIN(2015),,rho,373.15,400.0,0.30176,0.10038,0.0,0.0,0.0,0.10069,991.8508241,,T,test-only,,table
zezin2015_10.1021_je501152a_t2_group2,ZEZIN(2015),,rho,373.15,400.0,2.50113,0.49963,0.0,0.0,0.0,1.00075,1100.774824,,T,test-only,,table
zezin2015_10.1021_je501152a_t2_group2,ZEZIN(2015),,rho,373.15,400.0,0.69981,0.49971,0.0,0.0,0.0,0.10005,1006.370824,,T,test-only,,table
zezin2015_10.1021_je501152a_t2_group2,ZEZIN(2015),,rho,373.15,400.0,1.50177,0.50023,0.0,0.0,0.0,0.50077,1049.769824,,T,test-only,,table
zezin2015_10.1021_je501152a_t2_group2,ZEZIN(2015),,rho,373.15,400.0,2.99234,0.9992,0.0,0.0,0.0,0.99657,1115.044824,,T,test-only,,table
zezin2015_10.1021_je501152a_t2_group2,ZEZIN(2015),,rho,373.15,400.0,2.00019,0.99987,0.0,0.0,0.0,0.50016,1065.919824,,T,test-only,,table
zezin2015_10.1021_je501152a_t2_group2,ZEZIN(2015),,rho,373.15,400.0,1.20049,1.00011,0.0,0.0,0.0,0.10019,1023.931824,,T,test-only,,table
zezin2015_10.1021_je501152a_t2_group2,ZEZIN(2015),,rho,373.15,400.0,1.40764,1.00868,0.0,0.0,0.0,0.19948,1034.868824,,T,test-only,,table
zezin2015_10.1021_je501152a_t2_group2,ZEZIN(2015),,rho,373.15,400.0,3.19959,2.99977,0.0,0.0,0.0,0.09991,1088.490824,,T,test-only,,table
zezin2015_10.1021_je501152a_t2_group2,ZEZIN(2015),,rho,373.15,400.0,4.00005,2.99983,0.0,0.0,0.0,0.50011,1125.823824,,T,test-only,,table
zezin2015_10.1021_je501152a_t2_group2,ZEZIN(2015),,rho,373.15,400.0,5.19964,5.00004,0.0,0.0,0.0,0.0998,1138.159824,,T,test-only,,table
zezin2015_10.1021_je501152a_t2_group2,ZEZIN(2015),,rho,373.15,700.0,0.30176,0.10038,0.0,0.0,0.0,0.10069,1003.883059,,T,test-only,,table
zezin2015_10.1021_je501152a_t2_group2,ZEZIN(2015),,rho,373.15,700.0,1.40764,1.00868,0.0,0.0,0.0,0.19948,1046.258059,,T,test-only,,table
zezin2015_10.1021_je501152a_t2_group2,ZEZIN(2015),,rho,423.15,50.0,2.10095,0.09995,0.0,0.0,0.0,1.0005,1035.741467,,T,test-only,,table
zezin2015_10.1021_je501152a_t2_group2,ZEZIN(2015),,rho,423.15,50.0,1.09936,0.09998,0.0,0.0,0.0,0.49969,982.0654671,,T,test-only,,table
zezin2015_10.1021_je501152a_t2_group2,ZEZIN(2015),,rho,423.15,50.0,0.30176,0.10038,0.0,0.0,0.0,0.10069,936.1564671,,T,test-only,,table
zezin2015_10.1021_je501152a_t2_group2,ZEZIN(2015),,rho,423.15,50.0,2.50113,0.49963,0.0,0.0,0.0,1.00075,1048.336467,,T,test-only,,table
zezin2015_10.1021_je501152a_t2_group2,ZEZIN(2015),,rho,423.15,50.0,0.69981,0.49971,0.0,0.0,0.0,0.10005,951.7784671,,T,test-only,,table
zezin2015_10.1021_je501152a_t2_group2,ZEZIN(2015),,rho,423.15,50.0,1.50177,0.50023,0.0,0.0,0.0,0.50077,996.3514671,,T,test-only,,table
zezin2015_10.1021_je501152a_t2_group2,ZEZIN(2015),,rho,423.15,50.0,2.99234,0.9992,0.0,0.0,0.0,0.99657,1063.268467,,T,test-only,,table
zezin2015_10.1021_je501152a_t2_group2,ZEZIN(2015),,rho,423.15,50.0,2.00019,0.99987,0.0,0.0,0.0,0.50016,1013.281467,,T,test-only,,table
zezin2015_10.1021_je501152a_t2_group2,ZEZIN(2015),,rho,423.15,50.0,1.20049,1.00011,0.0,0.0,0.0,0.10019,970.3614671,,T,test-only,,table
zezin2015_10.1021_je501152a_t2_group2,ZEZIN(2015),,rho,423.15,50.0,1.40764,1.00868,0.0,0.0,0.0,0.19948,981.6564671,,T,test-only,,table
zezin2015_10.1021_je501152a_t2_group2,ZEZIN(2015),,rho,423.15,50.0,3.19959,2.99977,0.0,0.0,0.0,0.09991,1038.227467,,T,test-only,,table
zezin2015_10.1021_je501152a_t2_group2,ZEZIN(2015),,rho,423.15,50.0,4.00005,2.99983,0.0,0.0,0.0,0.50011,1075.904467,,T,test-only,,table
zezin2015_10.1021_je501152a_t2_group2,ZEZIN(2015),,rho,423.15,50.0,5.19964,5.00004,0.0,0.0,0.0,0.0998,1089.533467,,T,test-only,,table
zezin2015_10.1021_je501152a_t2_group2,ZEZIN(2015),,rho,423.15,100.0,2.10095,0.09995,0.0,0.0,0.0,1.0005,1038.205498,,T,test-only,,table
zezin2015_10.1021_je501152a_t2_group2,ZEZIN(2015),,rho,423.15,100.0,1.09936,0.09998,0.0,0.0,0.0,0.49969,984.7614984,,T,test-only,,table
zezin2015_10.1021_je501152a_t2_group2,ZEZIN(2015),,rho,423.15,100.0,0.30176,0.10038,0.0,0.0,0.0,0.10069,938.9394984,,T,test-only,,table
zezin2015_10.1021_je501152a_t2_group2,ZEZIN(2015),,rho,423.15,100.0,2.50113,0.49963,0.0,0.0,0.0,1.00075,1050.706498,,T,test-only,,table
zezin2015_10.1021_je501152a_t2_group2,ZEZIN(2015),,rho,423.15,100.0,0.69981,0.49971,0.0,0.0,0.0,0.10005,954.4174984,,T,test-only,,table
zezin2015_10.1021_je501152a_t2_group2,ZEZIN(2015),,rho,423.15,100.0,1.50177,0.50023,0.0,0.0,0.0,0.50077,998.8554984,,T,test-only,,table
zezin2015_10.1021_je501152a_t2_group2,ZEZIN(2015),,rho,423.15,100.0,2.99234,0.9992,0.0,0.0,0.0,0.99657,1065.616498,,T,test-only,,table
zezin2015_10.1021_je501152a_t2_group2,ZEZIN(2015),,rho,423.15,100.0,2.00019,0.99987,0.0,0.0,0.0,0.50016,1015.790498,,T,test-only,,table
zezin2015_10.1021_je501152a_t2_group2,ZEZIN(2015),,rho,423.15,100.0,1.20049,1.00011,0.0,0.0,0.0,0.10019,972.9564984,,T,test-only,,table
zezin2015_10.1021_je501152a_t2_group2,ZEZIN(2015),,rho,423.15,100.0,1.40764,1.00868,0.0,0.0,0.0,0.19948,983.7714984,,T,test-only,,table
zezin2015_10.1021_je501152a_t2_group2,ZEZIN(2015),,rho,423.15,100.0,3.19959,2.99977,0.0,0.0,0.0,0.09991,1040.594498,,T,test-only,,table
zezin2015_10.1021_je501152a_t2_group2,ZEZIN(2015),,rho,423.15,100.0,4.00005,2.99983,0.0,0.0,0.0,0.50011,1078.231498,,T,test-only,,table
zezin2015_10.1021_je501152a_t2_group2,ZEZIN(2015),,rho,423.15,100.0,5.19964,5.00004,0.0,0.0,0.0,0.0998,1091.764498,,T,test-only,,table
zezin2015_10.1021_je501152a_t2_group2,ZEZIN(2015),,rho,423.15,200.0,2.10095,0.09995,0.0,0.0,0.0,1.0005,1042.863542,,T,test-only,,table
zezin2015_10.1021_je501152a_t2_group2,ZEZIN(2015),,rho,423.15,200.0,1.09936,0.09998,0.0,0.0,0.0,0.49969,989.6335422,,T,test-only,,table
zezin2015_10.1021_je501152a_t2_group2,ZEZIN(2015),,rho,423.15,200.0,0.30176,0.10038,0.0,0.0,0.0,0.10069,944.1355422,,T,test-only,,table
zezin2015_10.1021_je501152a_t2_group2,ZEZIN(2015),,rho,423.15,200.0,2.50113,0.49963,0.0,0.0,0.0,1.00075,1055.296542,,T,test-only,,table
zezin2015_10.1021_je501152a_t2_group2,ZEZIN(2015),,rho,423.15,200.0,0.69981,0.49971,0.0,0.0,0.0,0.10005,959.5045422,,T,test-only,,table
zezin2015_10.1021_je501152a_t2_group2,ZEZIN(2015),,rho,423.15,200.0,1.50177,0.50023,0.0,0.0,0.0,0.50077,1003.694542,,T,test-only,,table
zezin2015_10.1021_je501152a_t2_group2,ZEZIN(2015),,rho,423.15,200.0,2.99234,0.9992,0.0,0.0,0.0,0.99657,1070.082542,,T,test-only,,table
zezin2015_10.1021_je501152a_t2_group2,ZEZIN(2015),,rho,423.15,200.0,2.00019,0.99987,0.0,0.0,0.0,0.50016,1020.432542,,T,test-only,,table
zezin2015_10.1021_je501152a_t2_group2,ZEZIN(2015),,rho,423.15,200.0,1.20049,1.00011,0.0,0.0,0.0,0.10019,977.8465422,,T,test-only,,table
zezin2015_10.1021_je501152a_t2_group2,ZEZIN(2015),,rho,423.15,200.0,1.40764,1.00868,0.0,0.0,0.0,0.19948,989.0665422,,T,test-only,,table
zezin2015_10.1021_je501152a_t2_group2,ZEZIN(2015),,rho,423.15,200.0,3.19959,2.99977,0.0,0.0,0.0,0.09991,1044.956542,,T,test-only,,table
zezin2015_10.1021_je501152a_t2_group2,ZEZIN(2015),,rho,423.15,200.0,4.00005,2.99983,0.0,0.0,0.0,0.50011,1082.480542,,T,test-only,,table
zezin2015_10.1021_je501152a_t2_group2,ZEZIN(2015),,rho,423.15,200.0,5.19964,5.00004,0.0,0.0,0.0,0.0998,1095.811542,,T,test-only,,table
zezin2015_10.1021_je501152a_t2_group2,ZEZIN(2015),,rho,423.15,400.0,2.10095,0.09995,0.0,0.0,0.0,1.0005,1051.768365,,T,test-only,,table
zezin2015_10.1021_je501152a_t2_group2,ZEZIN(2015),,rho,423.15,400.0,1.09936,0.09998,0.0,0.0,0.0,0.49969,999.0573647,,T,test-only,,table
zezin2015_10.1021_je501152a_t2_group2,ZEZIN(2015),,rho,423.15,400.0,0.30176,0.10038,0.0,0.0,0.0,0.10069,954.0233647,,T,test-only,,table
zezin2015_10.1021_je501152a_t2_group2,ZEZIN(2015),,rho,423.15,400.0,2.50113,0.49963,0.0,0.0,0.0,1.00075,1064.057365,,T,test-only,,table
zezin2015_10.1021_je501152a_t2_group2,ZEZIN(2015),,rho,423.15,400.0,0.69981,0.49971,0.0,0.0,0.0,0.10005,969.1113647,,T,test-only,,table
zezin2015_10.1021_je501152a_t2_group2,ZEZIN(2015),,rho,423.15,400.0,1.50177,0.50023,0.0,0.0,0.0,0.50077,1012.928365,,T,test-only,,table
zezin2015_10.1021_je501152a_t2_group2,ZEZIN(2015),,rho,423.15,400.0,2.99234,0.9992,0.0,0.0,0.0,0.99657,1078.701365,,T,test-only,,table
zezin2015_10.1021_je501152a_t2_group2,ZEZIN(2015),,rho,423.15,400.0,2.00019,0.99987,0.0,0.0,0.0,0.50016,1029.451365,,T,test-only,,table
zezin2015_10.1021_je501152a_t2_group2,ZEZIN(2015),,rho,423.15,400.0,1.20049,1.00011,0.0,0.0,0.0,0.10019,987.2163647,,T,test-only,,table
zezin2015_10.1021_je501152a_t2_group2,ZEZIN(2015),,rho,423.15,400.0,1.40764,1.00868,0.0,0.0,0.0,0.19948,998.3313647,,T,test-only,,table
zezin2015_10.1021_je501152a_t2_group2,ZEZIN(2015),,rho,423.15,400.0,3.19959,2.99977,0.0,0.0,0.0,0.09991,1053.469365,,T,test-only,,table
zezin2015_10.1021_je501152a_t2_group2,ZEZIN(2015),,rho,423.15,400.0,4.00005,2.99983,0.0,0.0,0.0,0.50011,1090.710365,,T,test-only,,table
zezin2015_10.1021_je501152a_t2_group2,ZEZIN(2015),,rho,423.15,400.0,5.19964,5.00004,0.0,0.0,0.0,0.0998,1103.798365,,T,test-only,,table
zezin2015_10.1021_je501152a_t2_group2,ZEZIN(2015),,rho,423.15,700.0,2.10095,0.09995,0.0,0.0,0.0,1.0005,1064.49527,,T,test-only,,table
zezin2015_10.1021_je501152a_t2_group2,ZEZIN(2015),,rho,423.15,700.0,1.09936,0.09998,0.0,0.0,0.0,0.49969,1012.36927,,T,test-only,,table
zezin2015_10.1021_je501152a_t2_group2,ZEZIN(2015),,rho,423.15,700.0,0.30009,0.10021,0.0,0.0,0.0,0.09994,967.8572702,,T,test-only,,table
zezin2015_10.1021_je501152a_t2_group2,ZEZIN(2015),,rho,423.15,700.0,2.50113,0.49963,0.0,0.0,0.0,1.00075,1076.61327,,T,test-only,,table
zezin2015_10.1021_je501152a_t2_group2,ZEZIN(2015),,rho,423.15,700.0,0.69981,0.49971,0.0,0.0,0.0,0.10005,982.6762702,,T,test-only,,table
zezin2015_10.1021_je501152a_t2_group2,ZEZIN(2015),,rho,423.15,700.0,1.50177,0.50023,0.0,0.0,0.0,0.50077,1025.98827,,T,test-only,,table
zezin2015_10.1021_je501152a_t2_group2,ZEZIN(2015),,rho,423.15,700.0,2.99234,0.9992,0.0,0.0,0.0,0.99657,1091.02127,,T,test-only,,table
zezin2015_10.1021_je501152a_t2_group2,ZEZIN(2015),,rho,423.15,700.0,2.00019,0.99987,0.0,0.0,0.0,0.50016,1042.20527,,T,test-only,,table
zezin2015_10.1021_je501152a_t2_group2,ZEZIN(2015),,rho,423.15,700.0,1.20049,1.00011,0.0,0.0,0.0,0.10019,1000.50227,,T,test-only,,table
zezin2015_10.1021_je501152a_t2_group2,ZEZIN(2015),,rho,423.15,700.0,3.19959,2.99977,0.0,0.0,0.0,0.09991,1065.65827,,T,test-only,,table
zezin2015_10.1021_je501152a_t2_group2,ZEZIN(2015),,rho,423.15,700.0,4.00005,2.99983,0.0,0.0,0.0,0.50011,1102.63827,,T,test-only,,table
zezin2015_10.1021_je501152a_t2_group2,ZEZIN(2015),,rho,423.15,700.0,5.19964,5.00004,0.0,0.0,0.0,0.0998,1115.34427,,T,test-only,,table
zezin2015_10.1021_je501152a_t2_group2,ZEZIN(2015),,rho,473.15,50.0,2.10095,0.09995,0.0,0.0,0.0,1.0005,988.0855476,,T,test-only,,table
zezin2015_10.1021_je501152a_t2_group2,ZEZIN(2015),,rho,473.15,50.0,1.09936,0.09998,0.0,0.0,0.0,0.49969,933.0195476,,T,test-only,,table
zezin2015_10.1021_je501152a_t2_group2,ZEZIN(2015),,rho,473.15,50.0,0.30009,0.10021,0.0,0.0,0.0,0.09994,885.1075476,,T,test-only,,table
zezin2015_10.1021_je501152a_t2_group2,ZEZIN(2015),,rho,473.15,50.0,2.50113,0.49963,0.0,0.0,0.0,1.00075,1001.636548,,T,test-only,,table
zezin2015_10.1021_je501152a_t2_group2,ZEZIN(2015),,rho,473.15,50.0,0.69981,0.49971,0.0,0.0,0.0,0.10005,902.3025476,,T,test-only,,table
zezin2015_10.1021_je501152a_t2_group2,ZEZIN(2015),,rho,473.15,50.0,1.50177,0.50023,0.0,0.0,0.0,0.50077,948.3615476,,T,test-only,,table
zezin2015_10.1021_je501152a_t2_group2,ZEZIN(2015),,rho,473.15,50.0,2.99234,0.9992,0.0,0.0,0.0,0.99657,1017.663548,,T,test-only,,table
zezin2015_10.1021_je501152a_t2_group2,ZEZIN(2015),,rho,473.15,50.0,2.00019,0.99987,0.0,0.0,0.0,0.50016,966.6775476,,T,test-only,,table
zezin2015_10.1021_je501152a_t2_group2,ZEZIN(2015),,rho,473.15,50.0,1.20049,1.00011,0.0,0.0,0.0,0.10019,922.6395476,,T,test-only,,table
zezin2015_10.1021_je501152a_t2_group2,ZEZIN(2015),,rho,473.15,50.0,3.19959,2.99977,0.0,0.0,0.0,0.09991,994.8105476,,T,test-only,,table
zezin2015_10.1021_je501152a_t2_group2,ZEZIN(2015),,rho,473.15,50.0,4.00005,2.99983,0.0,0.0,0.0,0.50011,1032.858548,,T,test-only,,table
zezin2015_10.1021_je501152a_t2_group2,ZEZIN(2015),,rho,473.15,50.0,5.19964,5.00004,0.0,0.0,0.0,0.0998,1048.787548,,T,test-only,,table
zezin2015_10.1021_je501152a_t2_group2,ZEZIN(2015),,rho,473.15,100.0,2.10095,0.09995,0.0,0.0,0.0,1.0005,991.271282,,T,test-only,,table
zezin2015_10.1021_je501152a_t2_group2,ZEZIN(2015),,rho,473.15,100.0,1.09936,0.09998,0.0,0.0,0.0,0.49969,936.372282,,T,test-only,,table
zezin2015_10.1021_je501152a_t2_group2,ZEZIN(2015),,rho,473.15,100.0,0.30009,0.10021,0.0,0.0,0.0,0.09994,888.798282,,T,test-only,,table
zezin2015_10.1021_je501152a_t2_group2,ZEZIN(2015),,rho,473.15,100.0,2.50113,0.49963,0.0,0.0,0.0,1.00075,1004.692282,,T,test-only,,table
zezin2015_10.1021_je501152a_t2_group2,ZEZIN(2015),,rho,473.15,100.0,0.69981,0.49971,0.0,0.0,0.0,0.10005,905.777282,,T,test-only,,table
zezin2015_10.1021_je501152a_t2_group2,ZEZIN(2015),,rho,473.15,100.0,1.50177,0.50023,0.0,0.0,0.0,0.50077,951.638282,,T,test-only,,table
zezin2015_10.1021_je501152a_t2_group2,ZEZIN(2015),,rho,473.15,100.0,2.99234,0.9992,0.0,0.0,0.0,0.99657,1020.588282,,T,test-only,,table
zezin2015_10.1021_je501152a_t2_group2,ZEZIN(2015),,rho,473.15,100.0,2.00019,0.99987,0.0,0.0,0.0,0.50016,969.813282,,T,test-only,,table
zezin2015_10.1021_je501152a_t2_group2,ZEZIN(2015),,rho,473.15,100.0,1.20049,1.00011,0.0,0.0,0.0,0.10019,925.944282,,T,test-only,,table
zezin2015_10.1021_je501152a_t2_group2,ZEZIN(2015),,rho,473.15,100.0,3.19959,2.99977,0.0,0.0,0.0,0.09991,997.656282,,T,test-only,,table
zezin2015_10.1021_je501152a_t2_group2,ZEZIN(2015),,rho,473.15,100.0,4.00005,2.99983,0.0,0.0,0.0,0.50011,1035.548282,,T,test-only,,table
zezin2015_10.1021_je501152a_t2_group2,ZEZIN(2015),,rho,473.15,100.0,5.19964,5.00004,0.0,0.0,0.0,0.0998,1051.376282,,T,test-only,,table
zezin2015_10.1021_je501152a_t2_group2,ZEZIN(2015),,rho,473.15,200.0,2.10095,0.09995,0.0,0.0,0.0,1.0005,997.0352082,,T,test-only,,table
zezin2015_10.1021_je501152a_t2_group2,ZEZIN(2015),,rho,473.15,200.0,1.09936,0.09998,0.0,0.0,0.0,0.49969,942.6532082,,T,test-only,,table
zezin2015_10.1021_je501152a_t2_group2,ZEZIN(2015),,rho,473.15,200.0,0.30009,0.10021,0.0,0.0,0.0,0.09994,895.4492082,,T,test-only,,table
zezin2015_10.1021_je501152a_t2_group2,ZEZIN(2015),,rho,473.15,200.0,2.50113,0.49963,0.0,0.0,0.0,1.00075,1010.314208,,T,test-only,,table
zezin2015_10.1021_je501152a_t2_group2,ZEZIN(2015),,rho,473.15,200.0,0.69981,0.49971,0.0,0.0,0.0,0.10005,912.1782082,,T,test-only,,table
zezin2015_10.1021_je501152a_t2_group2,ZEZIN(2015),,rho,473.15,200.0,1.50177,0.50023,0.0,0.0,0.0,0.50077,957.6222082,,T,test-only,,table
zezin2015_10.1021_je501152a_t2_group2,ZEZIN(2015),,rho,473.15,200.0,2.99234,0.9992,0.0,0.0,0.0,0.99657,1026.034208,,T,test-only,,table
zezin2015_10.1021_je501152a_t2_group2,ZEZIN(2015),,rho,473.15,200.0,2.00019,0.99987,0.0,0.0,0.0,0.50016,975.5772082,,T,test-only,,table
zezin2015_10.1021_je501152a_t2_group2,ZEZIN(2015),,rho,473.15,200.0,1.20049,1.00011,0.0,0.0,0.0,0.10019,932.0572082,,T,test-only,,table
zezin2015_10.1021_je501152a_t2_group2,ZEZIN(2015),,rho,473.15,200.0,3.19959,2.99977,0.0,0.0,0.0,0.09991,1002.934208,,T,test-only,,table
zezin2015_10.1021_je501152a_t2_group2,ZEZIN(2015),,rho,473.15,200.0,4.00005,2.99983,0.0,0.0,0.0,0.50011,1040.622208,,T,test-only,,table
zezin2015_10.1021_je501152a_t2_group2,ZEZIN(2015),,rho,473.15,200.0,5.19964,5.00004,0.0,0.0,0.0,0.0998,1056.154208,,T,test-only,,table
zezin2015_10.1021_je501152a_t2_group2,ZEZIN(2015),,rho,473.15,400.0,2.10095,0.09995,0.0,0.0,0.0,1.0005,1008.199602,,T,test-only,,table
zezin2015_10.1021_je501152a_t2_group2,ZEZIN(2015),,rho,473.15,400.0,1.09936,0.09998,0.0,0.0,0.0,0.49969,954.4596016,,T,test-only,,table
zezin2015_10.1021_je501152a_t2_group2,ZEZIN(2015),,rho,473.15,400.0,0.30009,0.10021,0.0,0.0,0.0,0.09994,907.9946016,,T,test-only,,table
zezin2015_10.1021_je501152a_t2_group2,ZEZIN(2015),,rho,473.15,400.0,2.50113,0.49963,0.0,0.0,0.0,1.00075,1021.216602,,T,test-only,,table
zezin2015_10.1021_je501152a_t2_group2,ZEZIN(2015),,rho,473.15,400.0,0.69981,0.49971,0.0,0.0,0.0,0.10005,924.3166016,,T,test-only,,table
zezin2015_10.1021_je501152a_t2_group2,ZEZIN(2015),,rho,473.15,400.0,1.50177,0.50023,0.0,0.0,0.0,0.50077,969.1796016,,T,test-only,,table
zezin2015_10.1021_je501152a_t2_group2,ZEZIN(2015),,rho,473.15,400.0,2.99234,0.9992,0.0,0.0,0.0,0.99657,1036.653602,,T,test-only,,table
zezin2015_10.1021_je501152a_t2_group2,ZEZIN(2015),,rho,473.15,400.0,2.00019,0.99987,0.0,0.0,0.0,0.50016,986.7196016,,T,test-only,,table
zezin2015_10.1021_je501152a_t2_group2,ZEZIN(2015),,rho,473.15,400.0,1.20049,1.00011,0.0,0.0,0.0,0.10019,943.7346016,,T,test-only,,table
zezin2015_10.1021_je501152a_t2_group2,ZEZIN(2015),,rho,473.15,400.0,3.19959,2.99977,0.0,0.0,0.0,0.09991,1013.230602,,T,test-only,,table
zezin2015_10.1021_je501152a_t2_group2,ZEZIN(2015),,rho,473.15,400.0,4.00005,2.99983,0.0,0.0,0.0,0.50011,1050.549602,,T,test-only,,table
zezin2015_10.1021_je501152a_t2_group2,ZEZIN(2015),,rho,473.15,400.0,5.19964,5.00004,0.0,0.0,0.0,0.0998,1065.603602,,T,test-only,,table
zezin2015_10.1021_je501152a_t2_group2,ZEZIN(2015),,rho,473.15,700.0,2.10095,0.09995,0.0,0.0,0.0,1.0005,1023.470846,,T,test-only,,table
zezin2015_10.1021_je501152a_t2_group2,ZEZIN(2015),,rho,473.15,700.0,1.09936,0.09998,0.0,0.0,0.0,0.49969,970.5258457,,T,test-only,,table
zezin2015_10.1021_je501152a_t2_group2,ZEZIN(2015),,rho,473.15,700.0,0.30009,0.10021,0.0,0.0,0.0,0.09994,924.8648457,,T,test-only,,table
zezin2015_10.1021_je501152a_t2_group2,ZEZIN(2015),,rho,473.15,700.0,2.50113,0.49963,0.0,0.0,0.0,1.00075,1036.027846,,T,test-only,,table
zezin2015_10.1021_je501152a_t2_group2,ZEZIN(2015),,rho,473.15,700.0,0.69981,0.49971,0.0,0.0,0.0,0.10005,940.4908457,,T,test-only,,table
zezin2015_10.1021_je501152a_t2_group2,ZEZIN(2015),,rho,473.15,700.0,1.50177,0.50023,0.0,0.0,0.0,0.50077,984.6698457,,T,test-only,,table
zezin2015_10.1021_je501152a_t2_group2,ZEZIN(2015),,rho,473.15,700.0,2.99234,0.9992,0.0,0.0,0.0,0.99657,1051.186846,,T,test-only,,table
zezin2015_10.1021_je501152a_t2_group2,ZEZIN(2015),,rho,473.15,700.0,2.00019,0.99987,0.0,0.0,0.0,0.50016,1001.976846,,T,test-only,,table
zezin2015_10.1021_je501152a_t2_group2,ZEZIN(2015),,rho,473.15,700.0,1.20049,1.00011,0.0,0.0,0.0,0.10019,959.5238457,,T,test-only,,table
zezin2015_10.1021_je501152a_t2_group2,ZEZIN(2015),,rho,473.15,700.0,3.19959,2.99977,0.0,0.0,0.0,0.09991,1027.446846,,T,test-only,,table
zezin2015_10.1021_je501152a_t2_group2,ZEZIN(2015),,rho,473.15,700.0,4.00005,2.99983,0.0,0.0,0.0,0.50011,1064.507846,,T,test-only,,table
zezin2015_10.1021_je501152a_t2_group2,ZEZIN(2015),,rho,473.15,700.0,5.19964,5.00004,0.0,0.0,0.0,0.0998,1079.010846,,T,test-only,,table
zezin2015_10.1021_je501152a_t2_group2,ZEZIN(2015),,rho,523.15,50.0,2.10095,0.09995,0.0,0.0,0.0,1.0005,931.1420038,,T,test-only,,table
zezin2015_10.1021_je501152a_t2_group2,ZEZIN(2015),,rho,523.15,50.0,1.09936,0.09998,0.0,0.0,0.0,0.49969,872.6890038,,T,test-only,,table
zezin2015_10.1021_je501152a_t2_group2,ZEZIN(2015),,rho,523.15,50.0,0.30009,0.10021,0.0,0.0,0.0,0.09994,820.8440038,,T,test-only,,table
zezin2015_10.1021_je501152a_t2_group2,ZEZIN(2015),,rho,523.15,50.0,2.50113,0.49963,0.0,0.0,0.0,1.00075,945.9990038,,T,test-only,,table
zezin2015_10.1021_je501152a_t2_group2,ZEZIN(2015),,rho,523.15,50.0,0.69981,0.49971,0.0,0.0,0.0,0.10005,840.9980038,,T,test-only,,table
zezin2015_10.1021_je501152a_t2_group2,ZEZIN(2015),,rho,523.15,50.0,1.50177,0.50023,0.0,0.0,0.0,0.50077,890.0350038,,T,test-only,,table
zezin2015_10.1021_je501152a_t2_group2,ZEZIN(2015),,rho,523.15,50.0,2.99234,0.9992,0.0,0.0,0.0,0.99657,964.5160038,,T,test-only,,table
zezin2015_10.1021_je501152a_t2_group2,ZEZIN(2015),,rho,523.15,50.0,2.00019,0.99987,0.0,0.0,0.0,0.50016,910.8130038,,T,test-only,,table
zezin2015_10.1021_je501152a_t2_group2,ZEZIN(2015),,rho,523.15,50.0,1.20049,1.00011,0.0,0.0,0.0,0.10019,864.4460038,,T,test-only,,table
zezin2015_10.1021_je501152a_t2_group2,ZEZIN(2015),,rho,523.15,50.0,3.19959,2.99977,0.0,0.0,0.0,0.09991,944.7040038,,T,test-only,,table
zezin2015_10.1021_je501152a_t2_group2,ZEZIN(2015),,rho,523.15,50.0,4.00005,2.99983,0.0,0.0,0.0,0.50011,983.8160038,,T,test-only,,table
zezin2015_10.1021_je501152a_t2_group2,ZEZIN(2015),,rho,523.15,50.0,5.19964,5.00004,0.0,0.0,0.0,0.0998,1002.576004,,T,test-only,,table
zezin2015_10.1021_je501152a_t2_group2,ZEZIN(2015),,rho,523.15,100.0,2.10095,0.09995,0.0,0.0,0.0,1.0005,935.5447666,,T,test-only,,table
zezin2015_10.1021_je501152a_t2_group2,ZEZIN(2015),,rho,523.15,100.0,1.09936,0.09998,0.0,0.0,0.0,0.49969,877.6307666,,T,test-only,,table
zezin2015_10.1021_je501152a_t2_group2,ZEZIN(2015),,rho,523.15,100.0,0.30009,0.10021,0.0,0.0,0.0,0.09994,826.1657666,,T,test-only,,table
zezin2015_10.1021_je501152a_t2_group2,ZEZIN(2015),,rho,523.15,100.0,2.50113,0.49963,0.0,0.0,0.0,1.00075,950.4377666,,T,test-only,,table
zezin2015_10.1021_je501152a_t2_group2,ZEZIN(2015),,rho,523.15,100.0,0.69981,0.49971,0.0,0.0,0.0,0.10005,845.9027666,,T,test-only,,table
zezin2015_10.1021_je501152a_t2_group2,ZEZIN(2015),,rho,523.15,100.0,1.50177,0.50023,0.0,0.0,0.0,0.50077,894.8317666,,T,test-only,,table
zezin2015_10.1021_je501152a_t2_group2,ZEZIN(2015),,rho,523.15,100.0,2.99234,0.9992,0.0,0.0,0.0,0.99657,968.3767666,,T,test-only,,table
zezin2015_10.1021_je501152a_t2_group2,ZEZIN(2015),,rho,523.15,100.0,2.00019,0.99987,0.0,0.0,0.0,0.50016,915.1267666,,T,test-only,,table
zezin2015_10.1021_je501152a_t2_group2,ZEZIN(2015),,rho,523.15,100.0,1.20049,1.00011,0.0,0.0,0.0,0.10019,869.0437666,,T,test-only,,table
zezin2015_10.1021_je501152a_t2_group2,ZEZIN(2015),,rho,523.15,100.0,3.19959,2.99977,0.0,0.0,0.0,0.09991,948.2167666,,T,test-only,,table
zezin2015_10.1021_je501152a_t2_group2,ZEZIN(2015),,rho,523.15,100.0,4.00005,2.99983,0.0,0.0,0.0,0.50011,987.2027666,,T,test-only,,table
zezin2015_10.1021_je501152a_t2_group2,ZEZIN(2015),,rho,523.15,100.0,5.19964,5.00004,0.0,0.0,0.0,0.0998,1005.552767,,T,test-only,,table
zezin2015_10.1021_je501152a_t2_group2,ZEZIN(2015),,rho,523.16,200.0,2.10095,0.09995,0.0,0.0,0.0,1.0005,943.5848562,,T,test-only,,table
zezin2015_10.1021_je501152a_t2_group2,ZEZIN(2015),,rho,523.15,200.0,1.09936,0.09998,0.0,0.0,0.0,0.49969,886.503788,,T,test-only,,table
zezin2015_10.1021_je501152a_t2_group2,ZEZIN(2015),,rho,523.15,200.0,0.30009,0.10021,0.0,0.0,0.0,0.09994,835.959788,,T,test-only,,table
zezin2015_10.1021_je501152a_t2_group2,ZEZIN(2015),,rho,523.15,200.0,2.50113,0.49963,0.0,0.0,0.0,1.00075,958.110788,,T,test-only,,table
zezin2015_10.1021_je501152a_t2_group2,ZEZIN(2015),,rho,523.15,200.0,0.69981,0.49971,0.0,0.0,0.0,0.10005,855.054788,,T,test-only,,table
zezin2015_10.1021_je501152a_t2_group2,ZEZIN(2015),,rho,523.15,200.0,1.50177,0.50023,0.0,0.0,0.0,0.50077,903.288788,,T,test-only,,table
zezin2015_10.1021_je501152a_t2_group2,ZEZIN(2015),,rho,523.15,200.0,2.99234,0.9992,0.0,0.0,0.0,0.99657,975.588788,,T,test-only,,table
zezin2015_10.1021_je501152a_t2_group2,ZEZIN(2015),,rho,523.16,200.0,2.00019,0.99987,0.0,0.0,0.0,0.50016,923.0298562,,T,test-only,,table
zezin2015_10.1021_je501152a_t2_group2,ZEZIN(2015),,rho,523.15,200.0,1.20049,1.00011,0.0,0.0,0.0,0.10019,877.527788,,T,test-only,,table
zezin2015_10.1021_je501152a_t2_group2,ZEZIN(2015),,rho,523.15,200.0,3.19959,2.99977,0.0,0.0,0.0,0.09991,954.952788,,T,test-only,,table
zezin2015_10.1021_je501152a_t2_group2,ZEZIN(2015),,rho,523.16,200.0,4.00005,2.99983,0.0,0.0,0.0,0.50011,993.5798562,,T,test-only,,table
zezin2015_10.1021_je501152a_t2_group2,ZEZIN(2015),,rho,523.15,200.0,5.19964,5.00004,0.0,0.0,0.0,0.0998,1011.299788,,T,test-only,,table
zezin2015_10.1021_je501152a_t2_group2,ZEZIN(2015),,rho,523.15,400.0,2.10095,0.09995,0.0,0.0,0.0,1.0005,958.2701376,,T,test-only,,table
zezin2015_10.1021_je501152a_t2_group2,ZEZIN(2015),,rho,523.15,400.0,1.09936,0.09998,0.0,0.0,0.0,0.49969,902.4211376,,T,test-only,,table
zezin2015_10.1021_je501152a_t2_group2,ZEZIN(2015),,rho,523.15,400.0,0.30009,0.10021,0.0,0.0,0.0,0.09994,853.2441376,,T,test-only,,table
zezin2015_10.1021_je501152a_t2_group2,ZEZIN(2015),,rho,523.15,400.0,2.50113,0.49963,0.0,0.0,0.0,1.00075,972.2461376,,T,test-only,,table
zezin2015_10.1021_je501152a_t2_group2,ZEZIN(2015),,rho,523.15,400.0,0.69981,0.49971,0.0,0.0,0.0,0.10005,871.4141376,,T,test-only,,table
zezin2015_10.1021_je501152a_t2_group2,ZEZIN(2015),,rho,523.16,400.0,1.50177,0.50023,0.0,0.0,0.0,0.50077,918.4786558,,T,test-only,,table
zezin2015_10.1021_je501152a_t2_group2,ZEZIN(2015),,rho,523.15,400.0,2.99234,0.9992,0.0,0.0,0.0,0.99657,989.0631376,,T,test-only,,table
zezin2015_10.1021_je501152a_t2_group2,ZEZIN(2015),,rho,523.15,400.0,2.00019,0.99987,0.0,0.0,0.0,0.50016,937.5531376,,T,test-only,,table
zezin2015_10.1021_je501152a_t2_group2,ZEZIN(2015),,rho,523.15,400.0,1.20049,1.00011,0.0,0.0,0.0,0.10019,892.9141376,,T,test-only,,table
zezin2015_10.1021_je501152a_t2_group2,ZEZIN(2015),,rho,523.16,400.0,3.19959,2.99977,0.0,0.0,0.0,0.09991,967.6406558,,T,test-only,,table
zezin2015_10.1021_je501152a_t2_group2,ZEZIN(2015),,rho,523.15,400.0,4.00005,2.99983,0.0,0.0,0.0,0.50011,1005.751138,,T,test-only,,table
zezin2015_10.1021_je501152a_t2_group2,ZEZIN(2015),,rho,523.15,400.0,5.19964,5.00004,0.0,0.0,0.0,0.0998,1022.547138,,T,test-only,,table
ellis1967_10.1039_j19670000660_t1,ELLIS(1967),,rho,348.15,20.265,0.0,2.0,0.0,0.0,1.0,0.0,1048.46,,T,test-only,,table
ellis1967_10.1039_j19670000660_t1,ELLIS(1967),,rho,373.15,20.265,0.0,2.0,0.0,0.0,1.0,0.0,1033.85,,T,test-only,,table
ellis1967_10.1039_j19670000660_t1,ELLIS(1967),,rho,398.15,20.265,0.0,2.0,0.0,0.0,1.0,0.0,1017.24,,T,test-only,,table
ellis1967_10.1039_j19670000660_t1,ELLIS(1967),,rho,423.15,20.265,0.0,2.0,0.0,0.0,1.0,0.0,998.52,,T,test-only,,table
ellis1967_10.1039_j19670000660_t1,ELLIS(1967),,rho,448.15,20.265,0.0,2.0,0.0,0.0,1.0,0.0,977.91,,T,test-only,,table
ellis1967_10.1039_j19670000660_t1,ELLIS(1967),,rho,473.15,20.265,0.0,2.0,0.0,0.0,1.0,0.0,955.43,,T,test-only,,table
ellis1967_10.1039_j19670000660_t1,ELLIS(1967),,rho,348.15,20.265,0.0,1.0,0.0,0.0,0.5,0.0,1013.44,,T,test-only,,table
ellis1967_10.1039_j19670000660_t1,ELLIS(1967),,rho,373.15,20.265,0.0,1.0,0.0,0.0,0.5,0.0,997.97,,T,test-only,,table
ellis1967_10.1039_j19670000660_t1,ELLIS(1967),,rho,398.15,20.265,0.0,1.0,0.0,0.0,0.5,0.0,980.17,,T,test-only,,table
ellis1967_10.1039_j19670000660_t1,ELLIS(1967),,rho,423.15,20.265,0.0,1.0,0.0,0.0,0.5,0.0,959.88,,T,test-only,,table
ellis1967_10.1039_j19670000660_t1,ELLIS(1967),,rho,448.15,20.265,0.0,1.0,0.0,0.0,0.5,0.0,937.35,,T,test-only,,table
ellis1967_10.1039_j19670000660_t1,ELLIS(1967),,rho,473.15,20.265,0.0,1.0,0.0,0.0,0.5,0.0,912.6,,T,test-only,,table
ellis1967_10.1039_j19670000660_t1,ELLIS(1967),,rho,348.15,20.265,0.0,0.4,0.0,0.0,0.2,0.0,991.2,,T,test-only,,table
ellis1967_10.1039_j19670000660_t1,ELLIS(1967),,rho,373.15,20.265,0.0,0.4,0.0,0.0,0.2,0.0,975.16,,T,test-only,,table
ellis1967_10.1039_j19670000660_t1,ELLIS(1967),,rho,398.15,20.265,0.0,0.4,0.0,0.0,0.2,0.0,956.57,,T,test-only,,table
ellis1967_10.1039_j19670000660_t1,ELLIS(1967),,rho,423.15,20.265,0.0,0.4,0.0,0.0,0.2,0.0,935.27,,T,test-only,,table
ellis1967_10.1039_j19670000660_t1,ELLIS(1967),,rho,448.15,20.265,0.0,0.4,0.0,0.0,0.2,0.0,911.48,,T,test-only,,table
ellis1967_10.1039_j19670000660_t1,ELLIS(1967),,rho,473.15,20.265,0.0,0.4,0.0,0.0,0.2,0.0,884.99,,T,test-only,,table
ellis1967_10.1039_j19670000660_t1,ELLIS(1967),,rho,348.15,20.265,0.0,0.2,0.0,0.0,0.1,0.0,983.51,,T,test-only,,table
ellis1967_10.1039_j19670000660_t1,ELLIS(1967),,rho,373.15,20.265,0.0,0.2,0.0,0.0,0.1,0.0,967.24,,T,test-only,,table
ellis1967_10.1039_j19670000660_t1,ELLIS(1967),,rho,398.15,20.265,0.0,0.2,0.0,0.0,0.1,0.0,948.32,,T,test-only,,table
ellis1967_10.1039_j19670000660_t1,ELLIS(1967),,rho,423.15,20.265,0.0,0.2,0.0,0.0,0.1,0.0,926.64,,T,test-only,,table
ellis1967_10.1039_j19670000660_t1,ELLIS(1967),,rho,448.15,20.265,0.0,0.2,0.0,0.0,0.1,0.0,902.33,,T,test-only,,table
ellis1967_10.1039_j19670000660_t1,ELLIS(1967),,rho,473.15,20.265,0.0,0.2,0.0,0.0,0.1,0.0,875.3,,T,test-only,,table
ellis1967_10.1039_j19670000660_t1,ELLIS(1967),,rho,348.15,20.265,0.0,2.0,0.0,1.0,0.0,0.0,1059.39,,T,test-only,,table
ellis1967_10.1039_j19670000660_t1,ELLIS(1967),,rho,373.15,20.265,0.0,2.0,0.0,1.0,0.0,0.0,1043.97,,T,test-only,,table
ellis1967_10.1039_j19670000660_t1,ELLIS(1967),,rho,398.15,20.265,0.0,2.0,0.0,1.0,0.0,0.0,1026.72,,T,test-only,,table
ellis1967_10.1039_j19670000660_t1,ELLIS(1967),,rho,423.15,20.265,0.0,2.0,0.0,1.0,0.0,0.0,1007.03,,T,test-only,,table
ellis1967_10.1039_j19670000660_t1,ELLIS(1967),,rho,448.15,20.265,0.0,2.0,0.0,1.0,0.0,0.0,985.54,,T,test-only,,table
ellis1967_10.1039_j19670000660_t1,ELLIS(1967),,rho,473.15,20.265,0.0,2.0,0.0,1.0,0.0,0.0,962.01,,T,test-only,,table
ellis1967_10.1039_j19670000660_t1,ELLIS(1967),,rho,348.15,20.265,0.0,1.0,0.0,0.5,0.0,0.0,1019.09,,T,test-only,,table
ellis1967_10.1039_j19670000660_t1,ELLIS(1967),,rho,373.15,20.265,0.0,1.0,0.0,0.5,0.0,0.0,1003.24,,T,test-only,,table
ellis1967_10.1039_j19670000660_t1,ELLIS(1967),,rho,398.15,20.265,0.0,1.0,0.0,0.5,0.0,0.0,985.11,,T,test-only,,table
ellis1967_10.1039_j19670000660_t1,ELLIS(1967),,rho,423.15,20.265,0.0,1.0,0.0,0.5,0.0,0.0,964.57,,T,test-only,,table
ellis1967_10.1039_j19670000660_t1,ELLIS(1967),,rho,448.15,20.265,0.0,1.0,0.0,0.5,0.0,0.0,942.04,,T,test-only,,table
ellis1967_10.1039_j19670000660_t1,ELLIS(1967),,rho,473.15,20.265,0.0,1.0,0.0,0.5,0.0,0.0,916.6,,T,test-only,,table
ellis1967_10.1039_j19670000660_t1,ELLIS(1967),,rho,348.15,20.265,0.0,0.4,0.0,0.2,0.0,0.0,993.58,,T,test-only,,table
ellis1967_10.1039_j19670000660_t1,ELLIS(1967),,rho,373.15,20.265,0.0,0.4,0.0,0.2,0.0,0.0,977.39,,T,test-only,,table
ellis1967_10.1039_j19670000660_t1,ELLIS(1967),,rho,398.15,20.265,0.0,0.4,0.0,0.2,0.0,0.0,958.68,,T,test-only,,table
ellis1967_10.1039_j19670000660_t1,ELLIS(1967),,rho,423.15,20.265,0.0,0.4,0.0,0.2,0.0,0.0,937.19,,T,test-only,,table
ellis1967_10.1039_j19670000660_t1,ELLIS(1967),,rho,448.15,20.265,0.0,0.4,0.0,0.2,0.0,0.0,913.26,,T,test-only,,table
ellis1967_10.1039_j19670000660_t1,ELLIS(1967),,rho,473.15,20.265,0.0,0.4,0.0,0.2,0.0,0.0,886.7,,T,test-only,,table
ellis1967_10.1039_j19670000660_t1,ELLIS(1967),,rho,348.15,20.265,0.0,0.2,0.0,0.1,0.0,0.0,984.79,,T,test-only,,table
ellis1967_10.1039_j19670000660_t1,ELLIS(1967),,rho,373.15,20.265,0.0,0.2,0.0,0.1,0.0,0.0,968.44,,T,test-only,,table
ellis1967_10.1039_j19670000660_t1,ELLIS(1967),,rho,398.15,20.265,0.0,0.2,0.0,0.1,0.0,0.0,949.49,,T,test-only,,table
ellis1967_10.1039_j19670000660_t1,ELLIS(1967),,rho,423.15,20.265,0.0,0.2,0.0,0.1,0.0,0.0,927.76,,T,test-only,,table
ellis1967_10.1039_j19670000660_t1,ELLIS(1967),,rho,448.15,20.265,0.0,0.2,0.0,0.1,0.0,0.0,903.2,,T,test-only,,table
ellis1967_10.1039_j19670000660_t1,ELLIS(1967),,rho,473.15,20.265,0.0,0.2,0.0,0.1,0.0,0.0,876.13,,T,test-only,,table
ellis1967_10.1039_j19670000660_t1,ELLIS(1967),,rho,348.15,20.265,0.0,0.1,0.0,0.05,0.0,0.0,980.27,,T,test-only,,table
ellis1967_10.1039_j19670000660_t1,ELLIS(1967),,rho,373.15,20.265,0.0,0.1,0.0,0.05,0.0,0.0,963.85,,T,test-only,,table
ellis1967_10.1039_j19670000660_t1,ELLIS(1967),,rho,398.15,20.265,0.0,0.1,0.0,0.05,0.0,0.0,944.78,,T,test-only,,table
ellis1967_10.1039_j19670000660_t1,ELLIS(1967),,rho,423.15,20.265,0.0,0.1,0.0,0.05,0.0,0.0,922.8,,T,test-only,,table
ellis1967_10.1039_j19670000660_t1,ELLIS(1967),,rho,448.15,20.265,0.0,0.1,0.0,0.05,0.0,0.0,898.1,,T,test-only,,table
ellis1967_10.1039_j19670000660_t1,ELLIS(1967),,rho,473.15,20.265,0.0,0.1,0.0,0.05,0.0,0.0,870.7,,T,test-only,,table
