dataset_id,source,gas,property,T_K,P_bar,m_Na,m_Cl,m_K,m_Ca,m_Mg,m_SO4,value,uncertainty,quality,tag,flags,data_origin,m_gas
crovetto1991_10.1016_s0021-9614(05)80146-6_t1,CROVETTO(1991),co2,rho_gas_loaded,651.12,330.2,0.0,0.0,0.0,0.0,0.0,0.0,563.14,,T,test-only,,table,0.084501263
crovetto1991_10.1016_s0021-9614(05)80146-6_t1,CROVETTO(1991),co2,rho_gas_loaded,651.11,330.2,0.0,0.0,0.0,0.0,0.0,0.0,562.91,,T,test-only,,table,0.084501263
crovetto1991_10.1016_s0021-9614(05)80146-6_t1,CROVETTO(1991),co2,rho_gas_loaded,651.11,330.0,0.0,0.0,0.0,0.0,0.0,0.0,558.64,,T,test-only,,table,0.19831603
crovetto1991_10.1016_s0021-9614(05)80146-6_t1,CROVETTO(1991),co2,rho_gas_loaded,651.11,330.0,0.0,0.0,0.0,0.0,0.0,0.0,558.83,,T,test-only,,table,0.19831603
crovetto1991_10.1016_s0021-9614(05)80146-6_t1,CROVETTO(1991),co2,rho_gas_loaded,651.12,330.0,0.0,0.0,0.0,0.0,0.0,0.0,549.42,,T,test-only,,table,0.43975276
crovetto1991_10.1016_s0021-9614(05)80146-6_t1,CROVETTO(1991),co2,rho_gas_loaded,651.1,330.0,0.0,0.0,0.0,0.0,0.0,0.0,549.88,,T,test-only,,table,0.43975276
crovetto1991_10.1016_s0021-9614(05)80146-6_t1,CROVETTO(1991),co2,rho_gas_loaded,651.1,330.0,0.0,0.0,0.0,0.0,0.0,0.0,538.15,,T,test-only,,table,0.78073073
crovetto1991_10.1016_s0021-9614(05)80146-6_t1,CROVETTO(1991),co2,rho_gas_loaded,651.11,330.0,0.0,0.0,0.0,0.0,0.0,0.0,538.2,,T,test-only,,table,0.78073073
crovetto1991_10.1016_s0021-9614(05)80146-6_t1,CROVETTO(1991),co2,rho_gas_loaded,651.1,329.6,0.0,0.0,0.0,0.0,0.0,0.0,538.26,,T,test-only,,table,0.78073073
crovetto1991_10.1016_s0021-9614(05)80146-6_t1,CROVETTO(1991),co2,rho_gas_loaded,651.11,280.0,0.0,0.0,0.0,0.0,0.0,0.0,520.28,,T,test-only,,table,0.076150883
crovetto1991_10.1016_s0021-9614(05)80146-6_t1,CROVETTO(1991),co2,rho_gas_loaded,651.11,280.0,0.0,0.0,0.0,0.0,0.0,0.0,520.32,,T,test-only,,table,0.076150883
crovetto1991_10.1016_s0021-9614(05)80146-6_t1,CROVETTO(1991),co2,rho_gas_loaded,651.09,279.9,0.0,0.0,0.0,0.0,0.0,0.0,511.5,,T,test-only,,table,0.28903087
crovetto1991_10.1016_s0021-9614(05)80146-6_t1,CROVETTO(1991),co2,rho_gas_loaded,651.09,279.8,0.0,0.0,0.0,0.0,0.0,0.0,511.2,,T,test-only,,table,0.28903087
crovetto1991_10.1016_s0021-9614(05)80146-6_t1,CROVETTO(1991),co2,rho_gas_loaded,651.12,280.0,0.0,0.0,0.0,0.0,0.0,0.0,496.09,,T,test-only,,table,0.46006104
crovetto1991_10.1016_s0021-9614(05)80146-6_t1,CROVETTO(1991),co2,rho_gas_loaded,651.11,280.0,0.0,0.0,0.0,0.0,0.0,0.0,495.99,,T,test-only,,table,0.46006104
crovetto1991_10.1016_s0021-9614(05)80146-6_t1,CROVETTO(1991),co2,rho_gas_loaded,651.1,280.0,0.0,0.0,0.0,0.0,0.0,0.0,484.32,,T,test-only,,table,0.64747767
crovetto1991_10.1016_s0021-9614(05)80146-6_t1,CROVETTO(1991),co2,rho_gas_loaded,651.11,280.0,0.0,0.0,0.0,0.0,0.0,0.0,484.6,,T,test-only,,table,0.64747767
crovetto1991_10.1016_s0021-9614(05)80146-6_t1,CROVETTO(1991),co2,rho_gas_loaded,665.39,280.3,0.0,0.0,0.0,0.0,0.0,0.0,371.63,,T,test-only,,table,0.082830986
crovetto1991_10.1016_s0021-9614(05)80146-6_t1,CROVETTO(1991),co2,rho_gas_loaded,665.4,279.8,0.0,0.0,0.0,0.0,0.0,0.0,368.32,,T,test-only,,table,0.082830986
crovetto1991_10.1016_s0021-9614(05)80146-6_t1,CROVETTO(1991),co2,rho_gas_loaded,665.39,280.0,0.0,0.0,0.0,0.0,0.0,0.0,349.71,,T,test-only,,table,0.21956833
crovetto1991_10.1016_s0021-9614(05)80146-6_t1,CROVETTO(1991),co2,rho_gas_loaded,665.39,280.0,0.0,0.0,0.0,0.0,0.0,0.0,349.88,,T,test-only,,table,0.21956833
crovetto1991_10.1016_s0021-9614(05)80146-6_t1,CROVETTO(1991),co2,rho_gas_loaded,665.39,279.9,0.0,0.0,0.0,0.0,0.0,0.0,328.55,,T,test-only,,table,0.3907352
crovetto1991_10.1016_s0021-9614(05)80146-6_t1,CROVETTO(1991),co2,rho_gas_loaded,665.39,279.9,0.0,0.0,0.0,0.0,0.0,0.0,327.67,,T,test-only,,table,0.3907352
crovetto1991_10.1016_s0021-9614(05)80146-6_t1,CROVETTO(1991),co2,rho_gas_loaded,665.4,279.8,0.0,0.0,0.0,0.0,0.0,0.0,296.7,,T,test-only,,table,0.67077983
crovetto1991_10.1016_s0021-9614(05)80146-6_t1,CROVETTO(1991),co2,rho_gas_loaded,665.39,279.8,0.0,0.0,0.0,0.0,0.0,0.0,296.48,,T,test-only,,table,0.67077983
crovetto1991_10.1016_s0021-9614(05)80146-6_t1,CROVETTO(1991),co2,rho_gas_loaded,668.86,330.0,0.0,0.0,0.0,0.0,0.0,0.0,470.37,,T,test-only,,table,0.073924538
crovetto1991_10.1016_s0021-9614(05)80146-6_t1,CROVETTO(1991),co2,rho_gas_loaded,668.87,330.0,0.0,0.0,0.0,0.0,0.0,0.0,462.48,,T,test-only,,table,0.20614394
crovetto1991_10.1016_s0021-9614(05)80146-6_t1,CROVETTO(1991),co2,rho_gas_loaded,668.87,330.0,0.0,0.0,0.0,0.0,0.0,0.0,462.19,,T,test-only,,table,0.20614394
crovetto1991_10.1016_s0021-9614(05)80146-6_t1,CROVETTO(1991),co2,rho_gas_loaded,668.85,330.0,0.0,0.0,0.0,0.0,0.0,0.0,452.46,,T,test-only,,table,0.37160225
crovetto1991_10.1016_s0021-9614(05)80146-6_t1,CROVETTO(1991),co2,rho_gas_loaded,668.85,330.0,0.0,0.0,0.0,0.0,0.0,0.0,450.62,,T,test-only,,table,0.37160225
crovetto1991_10.1016_s0021-9614(05)80146-6_t1,CROVETTO(1991),co2,rho_gas_loaded,668.86,330.0,0.0,0.0,0.0,0.0,0.0,0.0,438.28,,T,test-only,,table,0.60036415
crovetto1991_10.1016_s0021-9614(05)80146-6_t1,CROVETTO(1991),co2,rho_gas_loaded,668.85,330.0,0.0,0.0,0.0,0.0,0.0,0.0,438.07,,T,test-only,,table,0.60036415
crovetto1991_10.1016_s0021-9614(05)80146-6_t1,CROVETTO(1991),co2,rho_gas_loaded,669.95,280.0,0.0,0.0,0.0,0.0,0.0,0.0,293.75,,T,test-only,,table,0.086728455
crovetto1991_10.1016_s0021-9614(05)80146-6_t1,CROVETTO(1991),co2,rho_gas_loaded,669.94,279.9,0.0,0.0,0.0,0.0,0.0,0.0,293.31,,T,test-only,,table,0.086728455
crovetto1991_10.1016_s0021-9614(05)80146-6_t1,CROVETTO(1991),co2,rho_gas_loaded,669.94,280.0,0.0,0.0,0.0,0.0,0.0,0.0,279.8,,T,test-only,,table,0.22180636
crovetto1991_10.1016_s0021-9614(05)80146-6_t1,CROVETTO(1991),co2,rho_gas_loaded,669.94,280.1,0.0,0.0,0.0,0.0,0.0,0.0,280.73,,T,test-only,,table,0.22180636
crovetto1991_10.1016_s0021-9614(05)80146-6_t1,CROVETTO(1991),co2,rho_gas_loaded,669.93,280.0,0.0,0.0,0.0,0.0,0.0,0.0,267.09,,T,test-only,,table,0.4042487
crovetto1991_10.1016_s0021-9614(05)80146-6_t1,CROVETTO(1991),co2,rho_gas_loaded,669.94,280.0,0.0,0.0,0.0,0.0,0.0,0.0,267.12,,T,test-only,,table,0.4042487
crovetto1991_10.1016_s0021-9614(05)80146-6_t1,CROVETTO(1991),co2,rho_gas_loaded,669.92,280.0,0.0,0.0,0.0,0.0,0.0,0.0,252.62,,T,test-only,,table,0.59299208
crovetto1991_10.1016_s0021-9614(05)80146-6_t1,CROVETTO(1991),co2,rho_gas_loaded,669.96,279.9,0.0,0.0,0.0,0.0,0.0,0.0,250.88,,T,test-only,,table,0.59299208
crovetto1991_10.1016_s0021-9614(05)80146-6_t1,CROVETTO(1991),co2,rho_gas_loaded,673.19,280.0,0.0,0.0,0.0,0.0,0.0,0.0,255.34,,T,test-only,,table,0.077264122
crovetto1991_10.1016_s0021-9614(05)80146-6_t1,CROVETTO(1991),co2,rho_gas_loaded,673.19,280.0,0.0,0.0,0.0,0.0,0.0,0.0,255.91,,T,test-only,,table,0.077264122
crovetto1991_10.1016_s0021-9614(05)80146-6_t1,CROVETTO(1991),co2,rho_gas_loaded,673.19,280.1,0.0,0.0,0.0,0.0,0.0,0.0,248.26,,T,test-only,,table,0.22068732
crovetto1991_10.1016_s0021-9614(05)80146-6_t1,CROVETTO(1991),co2,rho_gas_loaded,673.19,280.0,0.0,0.0,0.0,0.0,0.0,0.0,248.08,,T,test-only,,table,0.22068732
crovetto1991_10.1016_s0021-9614(05)80146-6_t1,CROVETTO(1991),co2,rho_gas_loaded,673.18,280.0,0.0,0.0,0.0,0.0,0.0,0.0,241.84,,T,test-only,,table,0.39411296
crovetto1991_10.1016_s0021-9614(05)80146-6_t1,CROVETTO(1991),co2,rho_gas_loaded,673.18,280.0,0.0,0.0,0.0,0.0,0.0,0.0,240.78,,T,test-only,,table,0.39411296
crovetto1991_10.1016_s0021-9614(05)80146-6_t1,CROVETTO(1991),co2,rho_gas_loaded,673.15,280.0,0.0,0.0,0.0,0.0,0.0,0.0,231.82,,T,test-only,,table,0.64179715
crovetto1991_10.1016_s0021-9614(05)80146-6_t1,CROVETTO(1991),co2,rho_gas_loaded,673.16,280.0,0.0,0.0,0.0,0.0,0.0,0.0,231.58,,T,test-only,,table,0.64179715
crovetto1991_10.1016_s0021-9614(05)80146-6_t1,CROVETTO(1991),co2,rho_gas_loaded,673.18,380.2,0.0,0.0,0.0,0.0,0.0,0.0,504.45,,T,test-only,,table,0.078377406
crovetto1991_10.1016_s0021-9614(05)80146-6_t1,CROVETTO(1991),co2,rho_gas_loaded,673.18,380.1,0.0,0.0,0.0,0.0,0.0,0.0,503.93,,T,test-only,,table,0.078377406
crovetto1991_10.1016_s0021-9614(05)80146-6_t1,CROVETTO(1991),co2,rho_gas_loaded,673.17,380.5,0.0,0.0,0.0,0.0,0.0,0.0,497.46,,T,test-only,,table,0.26380268
crovetto1991_10.1016_s0021-9614(05)80146-6_t1,CROVETTO(1991),co2,rho_gas_loaded,673.18,380.2,0.0,0.0,0.0,0.0,0.0,0.0,497.14,,T,test-only,,table,0.26380268
crovetto1991_10.1016_s0021-9614(05)80146-6_t1,CROVETTO(1991),co2,rho_gas_loaded,673.21,380.0,0.0,0.0,0.0,0.0,0.0,0.0,490.96,,T,test-only,,table,0.37722823
crovetto1991_10.1016_s0021-9614(05)80146-6_t1,CROVETTO(1991),co2,rho_gas_loaded,673.16,380.0,0.0,0.0,0.0,0.0,0.0,0.0,491.83,,T,test-only,,table,0.37722823
crovetto1991_10.1016_s0021-9614(05)80146-6_t1,CROVETTO(1991),co2,rho_gas_loaded,673.19,380.0,0.0,0.0,0.0,0.0,0.0,0.0,478.67,,T,test-only,,table,0.65600061
crovetto1991_10.1016_s0021-9614(05)80146-6_t1,CROVETTO(1991),co2,rho_gas_loaded,673.19,380.0,0.0,0.0,0.0,0.0,0.0,0.0,478.89,,T,test-only,,table,0.65600061
crovetto1991_10.1016_s0021-9614(05)80146-6_t1,CROVETTO(1991),co2,rho_gas_loaded,681.11,330.1,0.0,0.0,0.0,0.0,0.0,0.0,367.55,,T,test-only,,table,0.072254897
crovetto1991_10.1016_s0021-9614(05)80146-6_t1,CROVETTO(1991),co2,rho_gas_loaded,681.12,330.1,0.0,0.0,0.0,0.0,0.0,0.0,367.73,,T,test-only,,table,0.072254897
crovetto1991_10.1016_s0021-9614(05)80146-6_t1,CROVETTO(1991),co2,rho_gas_loaded,681.07,330.2,0.0,0.0,0.0,0.0,0.0,0.0,355.54,,T,test-only,,table,0.2514772
crovetto1991_10.1016_s0021-9614(05)80146-6_t1,CROVETTO(1991),co2,rho_gas_loaded,681.08,330.1,0.0,0.0,0.0,0.0,0.0,0.0,355.26,,T,test-only,,table,0.2514772
crovetto1991_10.1016_s0021-9614(05)80146-6_t1,CROVETTO(1991),co2,rho_gas_loaded,681.12,330.1,0.0,0.0,0.0,0.0,0.0,0.0,345.94,,T,test-only,,table,0.38172983
crovetto1991_10.1016_s0021-9614(05)80146-6_t1,CROVETTO(1991),co2,rho_gas_loaded,681.12,330.0,0.0,0.0,0.0,0.0,0.0,0.0,345.73,,T,test-only,,table,0.38172983
crovetto1991_10.1016_s0021-9614(05)80146-6_t1,CROVETTO(1991),co2,rho_gas_loaded,681.11,330.1,0.0,0.0,0.0,0.0,0.0,0.0,330.03,,T,test-only,,table,0.61624903
crovetto1991_10.1016_s0021-9614(05)80146-6_t1,CROVETTO(1991),co2,rho_gas_loaded,681.11,330.0,0.0,0.0,0.0,0.0,0.0,0.0,329.16,,T,test-only,,table,0.61624903
crovetto1991_10.1016_s0021-9614(05)80146-6_t1,CROVETTO(1991),co2,rho_gas_loaded,686.56,330.1,0.0,0.0,0.0,0.0,0.0,0.0,317.41,,T,test-only,,table,0.088398966
crovetto1991_10.1016_s0021-9614(05)80146-6_t1,CROVETTO(1991),co2,rho_gas_loaded,686.56,330.1,0.0,0.0,0.0,0.0,0.0,0.0,317.14,,T,test-only,,table,0.088398966
crovetto1991_10.1016_s0021-9614(05)80146-6_t1,CROVETTO(1991),co2,rho_gas_loaded,686.56,330.1,0.0,0.0,0.0,0.0,0.0,0.0,307.74,,T,test-only,,table,0.26268196
crovetto1991_10.1016_s0021-9614(05)80146-6_t1,CROVETTO(1991),co2,rho_gas_loaded,686.56,330.1,0.0,0.0,0.0,0.0,0.0,0.0,307.72,,T,test-only,,table,0.26268196
crovetto1991_10.1016_s0021-9614(05)80146-6_t1,CROVETTO(1991),co2,rho_gas_loaded,686.58,330.0,0.0,0.0,0.0,0.0,0.0,0.0,296.72,,T,test-only,,table,0.48885635
crovetto1991_10.1016_s0021-9614(05)80146-6_t1,CROVETTO(1991),co2,rho_gas_loaded,686.57,330.1,0.0,0.0,0.0,0.0,0.0,0.0,295.98,,T,test-only,,table,0.48885635
crovetto1991_10.1016_s0021-9614(05)80146-6_t1,CROVETTO(1991),co2,rho_gas_loaded,691.2,330.0,0.0,0.0,0.0,0.0,0.0,0.0,281.92,,T,test-only,,table,0.094525032
crovetto1991_10.1016_s0021-9614(05)80146-6_t1,CROVETTO(1991),co2,rho_gas_loaded,691.2,330.0,0.0,0.0,0.0,0.0,0.0,0.0,281.69,,T,test-only,,table,0.094525032
crovetto1991_10.1016_s0021-9614(05)80146-6_t1,CROVETTO(1991),co2,rho_gas_loaded,691.25,330.1,0.0,0.0,0.0,0.0,0.0,0.0,277.17,,T,test-only,,table,0.21733049
crovetto1991_10.1016_s0021-9614(05)80146-6_t1,CROVETTO(1991),co2,rho_gas_loaded,691.22,330.1,0.0,0.0,0.0,0.0,0.0,0.0,277.2,,T,test-only,,table,0.21733049
crovetto1991_10.1016_s0021-9614(05)80146-6_t1,CROVETTO(1991),co2,rho_gas_loaded,691.18,330.1,0.0,0.0,0.0,0.0,0.0,0.0,270.74,,T,test-only,,table,0.40143285
crovetto1991_10.1016_s0021-9614(05)80146-6_t1,CROVETTO(1991),co2,rho_gas_loaded,691.19,330.0,0.0,0.0,0.0,0.0,0.0,0.0,270.44,,T,test-only,,table,0.40143285
crovetto1991_10.1016_s0021-9614(05)80146-6_t1,CROVETTO(1991),co2,rho_gas_loaded,691.19,380.0,0.0,0.0,0.0,0.0,0.0,0.0,400.47,,T,test-only,,table,0.08116081
crovetto1991_10.1016_s0021-9614(05)80146-6_t1,CROVETTO(1991),co2,rho_gas_loaded,691.21,379.9,0.0,0.0,0.0,0.0,0.0,0.0,400.1,,T,test-only,,table,0.08116081
crovetto1991_10.1016_s0021-9614(05)80146-6_t1,CROVETTO(1991),co2,rho_gas_loaded,691.19,380.0,0.0,0.0,0.0,0.0,0.0,0.0,393.55,,T,test-only,,table,0.21565222
crovetto1991_10.1016_s0021-9614(05)80146-6_t1,CROVETTO(1991),co2,rho_gas_loaded,691.19,380.0,0.0,0.0,0.0,0.0,0.0,0.0,393.47,,T,test-only,,table,0.21565222
crovetto1991_10.1016_s0021-9614(05)80146-6_t1,CROVETTO(1991),co2,rho_gas_loaded,691.17,380.3,0.0,0.0,0.0,0.0,0.0,0.0,386.79,,T,test-only,,table,0.35304455
crovetto1991_10.1016_s0021-9614(05)80146-6_t1,CROVETTO(1991),co2,rho_gas_loaded,691.17,380.2,0.0,0.0,0.0,0.0,0.0,0.0,386.52,,T,test-only,,table,0.35304455
crovetto1991_10.1016_s0021-9614(05)80146-6_t1,CROVETTO(1991),co2,rho_gas_loaded,703.13,380.0,0.0,0.0,0.0,0.0,0.0,0.0,324.14,,T,test-only,,table,0.088955825
crovetto1991_10.1016_s0021-9614(05)80146-6_t1,CROVETTO(1991),co2,rho_gas_loaded,703.13,380.0,0.0,0.0,0.0,0.0,0.0,0.0,324.45,,T,test-only,,table,0.088955825
crovetto1991_10.1016_s0021-9614(05)80146-6_t1,CROVETTO(1991),co2,rho_gas_loaded,703.13,380.0,0.0,0.0,0.0,0.0,0.0,0.0,319.48,,T,test-only,,table,0.223485
crovetto1991_10.1016_s0021-9614(05)80146-6_t1,CROVETTO(1991),co2,rho_gas_loaded,703.13,380.1,0.0,0.0,0.0,0.0,0.0,0.0,319.87,,T,test-only,,table,0.223485
crovetto1991_10.1016_s0021-9614(05)80146-6_t1,CROVETTO(1991),co2,rho_gas_loaded,703.11,380.0,0.0,0.0,0.0,0.0,0.0,0.0,315.24,,T,test-only,,table,0.34629935
crovetto1991_10.1016_s0021-9614(05)80146-6_t1,CROVETTO(1991),co2,rho_gas_loaded,703.11,380.0,0.0,0.0,0.0,0.0,0.0,0.0,315.16,,T,test-only,,table,0.34629935
crovetto1991_10.1016_s0021-9614(05)80146-6_t1,CROVETTO(1991),co2,rho_gas_loaded,725.49,379.7,0.0,0.0,0.0,0.0,0.0,0.0,233.57,,T,test-only,,table,0.10399524
crovetto1991_10.1016_s0021-9614(05)80146-6_t1,CROVETTO(1991),co2,rho_gas_loaded,725.49,380.0,0.0,0.0,0.0,0.0,0.0,0.0,233.81,,T,test-only,,table,0.10399524
crovetto1991_10.1016_s0021-9614(05)80146-6_t1,CROVETTO(1991),co2,rho_gas_loaded,725.5,380.0,0.0,0.0,0.0,0.0,0.0,0.0,232.8,,T,test-only,,table,0.17987324
crovetto1991_10.1016_s0021-9614(05)80146-6_t1,CROVETTO(1991),co2,rho_gas_loaded,725.5,380.1,0.0,0.0,0.0,0.0,0.0,0.0,232.99,,T,test-only,,table,0.17987324
crovetto1991_10.1016_s0021-9614(05)80146-6_t1,CROVETTO(1991),co2,rho_gas_loaded,725.5,380.4,0.0,0.0,0.0,0.0,0.0,0.0,231.39,,T,test-only,,table,0.3744151
crovetto1991_10.1016_s0021-9614(05)80146-6_t1,CROVETTO(1991),co2,rho_gas_loaded,725.51,380.2,0.0,0.0,0.0,0.0,0.0,0.0,231.18,,T,test-only,,table,0.3744151
song2013_10.1021_je400459y_t2,SONG(2013),co2,rho_gas_loaded,332.93,100.07,1.0,1.0,0.0,0.0,0.0,0.0,1028.03,,T,test-only,,table,0.252752
song2013_10.1021_je400459y_t2,SONG(2013),co2,rho_gas_loaded,332.88,120.04,1.0,1.0,0.0,0.0,0.0,0.0,1028.82,,T,test-only,,table,0.252752
song2013_10.1021_je400459y_t2,SONG(2013),co2,rho_gas_loaded,333.01,139.97,1.0,1.0,0.0,0.0,0.0,0.0,1029.53,,T,test-only,,table,0.252752
song2013_10.1021_je400459y_t2,SONG(2013),co2,rho_gas_loaded,332.97,160.02,1.0,1.0,0.0,0.0,0.0,0.0,1030.34,,T,test-only,,table,0.252752
song2013_10.1021_je400459y_t2,SONG(2013),co2,rho_gas_loaded,332.89,180.06,1.0,1.0,0.0,0.0,0.0,0.0,1031.15,,T,test-only,,table,0.252752
song2013_10.1021_je400459y_t2,SONG(2013),co2,rho_gas_loaded,353.02,100.03,1.0,1.0,0.0,0.0,0.0,0.0,1016.16,,T,test-only,,table,0.252752
song2013_10.1021_je400459y_t2,SONG(2013),co2,rho_gas_loaded,353.02,120.06,1.0,1.0,0.0,0.0,0.0,0.0,1017.01,,T,test-only,,table,0.252752
song2013_10.1021_je400459y_t2,SONG(2013),co2,rho_gas_loaded,352.93,140.09,1.0,1.0,0.0,0.0,0.0,0.0,1017.87,,T,test-only,,table,0.252752
song2013_10.1021_je400459y_t2,SONG(2013),co2,rho_gas_loaded,352.94,159.97,1.0,1.0,0.0,0.0,0.0,0.0,1018.65,,T,test-only,,table,0.252752
song2013_10.1021_je400459y_t2,SONG(2013),co2,rho_gas_loaded,353.0,179.99,1.0,1.0,0.0,0.0,0.0,0.0,1019.41,,T,test-only,,table,0.252752
song2013_10.1021_je400459y_t2,SONG(2013),co2,rho_gas_loaded,373.02,99.96,1.0,1.0,0.0,0.0,0.0,0.0,1002.33,,T,test-only,,table,0.252752
song2013_10.1021_je400459y_t2,SONG(2013),co2,rho_gas_loaded,373.2,120.01,1.0,1.0,0.0,0.0,0.0,0.0,1003.18,,T,test-only,,table,0.252752
song2013_10.1021_je400459y_t2,SONG(2013),co2,rho_gas_loaded,373.18,139.97,1.0,1.0,0.0,0.0,0.0,0.0,1003.96,,T,test-only,,table,0.252752
song2013_10.1021_je400459y_t2,SONG(2013),co2,rho_gas_loaded,373.22,160.02,1.0,1.0,0.0,0.0,0.0,0.0,1004.85,,T,test-only,,table,0.252752
song2013_10.1021_je400459y_t2,SONG(2013),co2,rho_gas_loaded,373.12,179.96,1.0,1.0,0.0,0.0,0.0,0.0,1005.72,,T,test-only,,table,0.252752
song2013_10.1021_je400459y_t2,SONG(2013),co2,rho_gas_loaded,393.1,99.99,1.0,1.0,0.0,0.0,0.0,0.0,987.55,,T,test-only,,table,0.252752
song2013_10.1021_je400459y_t2,SONG(2013),co2,rho_gas_loaded,393.15,120.08,1.0,1.0,0.0,0.0,0.0,0.0,988.58,,T,test-only,,table,0.252752
song2013_10.1021_je400459y_t2,SONG(2013),co2,rho_gas_loaded,393.35,140.02,1.0,1.0,0.0,0.0,0.0,0.0,989.83,,T,test-only,,table,0.252752
song2013_10.1021_je400459y_t2,SONG(2013),co2,rho_gas_loaded,393.43,160.08,1.0,1.0,0.0,0.0,0.0,0.0,990.65,,T,test-only,,table,0.252752
song2013_10.1021_je400459y_t2,SONG(2013),co2,rho_gas_loaded,393.29,180.0,1.0,1.0,0.0,0.0,0.0,0.0,991.67,,T,test-only,,table,0.252752
song2013_10.1021_je400459y_t2,SONG(2013),co2,rho_gas_loaded,413.18,100.01,1.0,1.0,0.0,0.0,0.0,0.0,970.82,,T,test-only,,table,0.252752
song2013_10.1021_je400459y_t2,SONG(2013),co2,rho_gas_loaded,413.2,119.97,1.0,1.0,0.0,0.0,0.0,0.0,971.61,,T,test-only,,table,0.252752
song2013_10.1021_je400459y_t2,SONG(2013),co2,rho_gas_loaded,413.33,140.04,1.0,1.0,0.0,0.0,0.0,0.0,972.68,,T,test-only,,table,0.252752
song2013_10.1021_je400459y_t2,SONG(2013),co2,rho_gas_loaded,413.2,160.07,1.0,1.0,0.0,0.0,0.0,0.0,973.74,,T,test-only,,table,0.252752
song2013_10.1021_je400459y_t2,SONG(2013),co2,rho_gas_loaded,413.17,179.98,1.0,1.0,0.0,0.0,0.0,0.0,974.56,,T,test-only,,table,0.252752
song2013_10.1021_je400459y_t2,SONG(2013),co2,rho_gas_loaded,333.23,99.97,2.0,2.0,0.0,0.0,0.0,0.0,1063.5,,T,test-only,,table,0.26152605
song2013_10.1021_je400459y_t2,SONG(2013),co2,rho_gas_loaded,333.26,120.04,2.0,2.0,0.0,0.0,0.0,0.0,1064.0,,T,test-only,,table,0.26152605
song2013_10.1021_je400459y_t2,SONG(2013),co2,rho_gas_loaded,333.25,140.07,2.0,2.0,0.0,0.0,0.0,0.0,1064.55,,T,test-only,,table,0.26152605
song2013_10.1021_je400459y_t2,SONG(2013),co2,rho_gas_loaded,333.26,160.12,2.0,2.0,0.0,0.0,0.0,0.0,1065.41,,T,test-only,,table,0.26152605
song2013_10.1021_je400459y_t2,SONG(2013),co2,rho_gas_loaded,333.28,180.05,2.0,2.0,0.0,0.0,0.0,0.0,1066.16,,T,test-only,,table,0.26152605
song2013_10.1021_je400459y_t2,SONG(2013),co2,rho_gas_loaded,353.23,100.05,2.0,2.0,0.0,0.0,0.0,0.0,1052.09,,T,test-only,,table,0.26152605
song2013_10.1021_je400459y_t2,SONG(2013),co2,rho_gas_loaded,353.09,120.17,2.0,2.0,0.0,0.0,0.0,0.0,1052.82,,T,test-only,,table,0.26152605
song2013_10.1021_je400459y_t2,SONG(2013),co2,rho_gas_loaded,353.2,140.11,2.0,2.0,0.0,0.0,0.0,0.0,1053.42,,T,test-only,,table,0.26152605
song2013_10.1021_je400459y_t2,SONG(2013),co2,rho_gas_loaded,353.22,160.07,2.0,2.0,0.0,0.0,0.0,0.0,1054.21,,T,test-only,,table,0.26152605
song2013_10.1021_je400459y_t2,SONG(2013),co2,rho_gas_loaded,353.19,180.12,2.0,2.0,0.0,0.0,0.0,0.0,1055.01,,T,test-only,,table,0.26152605
song2013_10.1021_je400459y_t2,SONG(2013),co2,rho_gas_loaded,373.12,99.98,2.0,2.0,0.0,0.0,0.0,0.0,1039.01,,T,test-only,,table,0.26152605
song2013_10.1021_je400459y_t2,SONG(2013),co2,rho_gas_loaded,373.071,120.13,2.0,2.0,0.0,0.0,0.0,0.0,1039.87,,T,test-only,,table,0.26152605
song2013_10.1021_je400459y_t2,SONG(2013),co2,rho_gas_loaded,373.17,140.07,2.0,2.0,0.0,0.0,0.0,0.0,1040.57,,T,test-only,,table,0.26152605
song2013_10.1021_je400459y_t2,SONG(2013),co2,rho_gas_loaded,373.16,160.14,2.0,2.0,0.0,0.0,0.0,0.0,1041.51,,T,test-only,,table,0.26152605
song2013_10.1021_je400459y_t2,SONG(2013),co2,rho_gas_loaded,373.27,180.08,2.0,2.0,0.0,0.0,0.0,0.0,1042.18,,T,test-only,,table,0.26152605
song2013_10.1021_je400459y_t2,SONG(2013),co2,rho_gas_loaded,393.13,100.05,2.0,2.0,0.0,0.0,0.0,0.0,1025.22,,T,test-only,,table,0.26152605
song2013_10.1021_je400459y_t2,SONG(2013),co2,rho_gas_loaded,393.12,119.97,2.0,2.0,0.0,0.0,0.0,0.0,1025.82,,T,test-only,,table,0.26152605
song2013_10.1021_je400459y_t2,SONG(2013),co2,rho_gas_loaded,393.0,139.95,2.0,2.0,0.0,0.0,0.0,0.0,1026.63,,T,test-only,,table,0.26152605
song2013_10.1021_je400459y_t2,SONG(2013),co2,rho_gas_loaded,393.07,160.01,2.0,2.0,0.0,0.0,0.0,0.0,1027.3,,T,test-only,,table,0.26152605
song2013_10.1021_je400459y_t2,SONG(2013),co2,rho_gas_loaded,393.07,180.11,2.0,2.0,0.0,0.0,0.0,0.0,1028.01,,T,test-only,,table,0.26152605
song2013_10.1021_je400459y_t2,SONG(2013),co2,rho_gas_loaded,413.07,100.02,2.0,2.0,0.0,0.0,0.0,0.0,1010.01,,T,test-only,,table,0.26152605
song2013_10.1021_je400459y_t2,SONG(2013),co2,rho_gas_loaded,413.06,120.08,2.0,2.0,0.0,0.0,0.0,0.0,1011.04,,T,test-only,,table,0.26152605
song2013_10.1021_je400459y_t2,SONG(2013),co2,rho_gas_loaded,413.09,140.03,2.0,2.0,0.0,0.0,0.0,0.0,1011.65,,T,test-only,,table,0.26152605
song2013_10.1021_je400459y_t2,SONG(2013),co2,rho_gas_loaded,413.09,160.01,2.0,2.0,0.0,0.0,0.0,0.0,1013.0,,T,test-only,,table,0.26152605
song2013_10.1021_je400459y_t2,SONG(2013),co2,rho_gas_loaded,413.01,180.05,2.0,2.0,0.0,0.0,0.0,0.0,1013.83,,T,test-only,,table,0.26152605
song2013_10.1021_je400459y_t2,SONG(2013),co2,rho_gas_loaded,332.89,99.97,1.0,1.0,0.0,0.0,0.0,0.0,1029.33,,T,test-only,,table,0.49332741
song2013_10.1021_je400459y_t2,SONG(2013),co2,rho_gas_loaded,332.98,120.04,1.0,1.0,0.0,0.0,0.0,0.0,1030.01,,T,test-only,,table,0.49332741
song2013_10.1021_je400459y_t2,SONG(2013),co2,rho_gas_loaded,333.12,139.97,1.0,1.0,0.0,0.0,0.0,0.0,1030.83,,T,test-only,,table,0.49332741
song2013_10.1021_je400459y_t2,SONG(2013),co2,rho_gas_loaded,333.2,160.02,1.0,1.0,0.0,0.0,0.0,0.0,1031.56,,T,test-only,,table,0.49332741
song2013_10.1021_je400459y_t2,SONG(2013),co2,rho_gas_loaded,333.23,180.06,1.0,1.0,0.0,0.0,0.0,0.0,1032.33,,T,test-only,,table,0.49332741
song2013_10.1021_je400459y_t2,SONG(2013),co2,rho_gas_loaded,353.23,100.03,1.0,1.0,0.0,0.0,0.0,0.0,1017.2,,T,test-only,,table,0.49332741
song2013_10.1021_je400459y_t2,SONG(2013),co2,rho_gas_loaded,353.19,120.08,1.0,1.0,0.0,0.0,0.0,0.0,1018.04,,T,test-only,,table,0.49332741
song2013_10.1021_je400459y_t2,SONG(2013),co2,rho_gas_loaded,353.27,140.06,1.0,1.0,0.0,0.0,0.0,0.0,1018.82,,T,test-only,,table,0.49332741
song2013_10.1021_je400459y_t2,SONG(2013),co2,rho_gas_loaded,353.21,159.97,1.0,1.0,0.0,0.0,0.0,0.0,1019.74,,T,test-only,,table,0.49332741
song2013_10.1021_je400459y_t2,SONG(2013),co2,rho_gas_loaded,353.23,180.03,1.0,1.0,0.0,0.0,0.0,0.0,1020.48,,T,test-only,,table,0.49332741
song2013_10.1021_je400459y_t2,SONG(2013),co2,rho_gas_loaded,373.09,99.99,1.0,1.0,0.0,0.0,0.0,0.0,1003.7,,T,test-only,,table,0.49332741
song2013_10.1021_je400459y_t2,SONG(2013),co2,rho_gas_loaded,373.13,120.07,1.0,1.0,0.0,0.0,0.0,0.0,1004.54,,T,test-only,,table,0.49332741
song2013_10.1021_je400459y_t2,SONG(2013),co2,rho_gas_loaded,373.18,140.03,1.0,1.0,0.0,0.0,0.0,0.0,1005.36,,T,test-only,,table,0.49332741
song2013_10.1021_je400459y_t2,SONG(2013),co2,rho_gas_loaded,373.22,159.99,1.0,1.0,0.0,0.0,0.0,0.0,1006.22,,T,test-only,,table,0.49332741
song2013_10.1021_je400459y_t2,SONG(2013),co2,rho_gas_loaded,373.17,179.92,1.0,1.0,0.0,0.0,0.0,0.0,1007.08,,T,test-only,,table,0.49332741
song2013_10.1021_je400459y_t2,SONG(2013),co2,rho_gas_loaded,393.25,99.97,1.0,1.0,0.0,0.0,0.0,0.0,988.97,,T,test-only,,table,0.49332741
song2013_10.1021_je400459y_t2,SONG(2013),co2,rho_gas_loaded,393.14,120.06,1.0,1.0,0.0,0.0,0.0,0.0,990.02,,T,test-only,,table,0.49332741
song2013_10.1021_je400459y_t2,SONG(2013),co2,rho_gas_loaded,393.26,140.03,1.0,1.0,0.0,0.0,0.0,0.0,990.85,,T,test-only,,table,0.49332741
song2013_10.1021_je400459y_t2,SONG(2013),co2,rho_gas_loaded,393.19,160.01,1.0,1.0,0.0,0.0,0.0,0.0,991.84,,T,test-only,,table,0.49332741
song2013_10.1021_je400459y_t2,SONG(2013),co2,rho_gas_loaded,393.25,180.03,1.0,1.0,0.0,0.0,0.0,0.0,992.65,,T,test-only,,table,0.49332741
song2013_10.1021_je400459y_t2,SONG(2013),co2,rho_gas_loaded,413.08,99.99,1.0,1.0,0.0,0.0,0.0,0.0,971.1,,T,test-only,,table,0.49332741
song2013_10.1021_je400459y_t2,SONG(2013),co2,rho_gas_loaded,413.34,120.07,1.0,1.0,0.0,0.0,0.0,0.0,972.12,,T,test-only,,table,0.49332741
song2013_10.1021_je400459y_t2,SONG(2013),co2,rho_gas_loaded,413.24,140.05,1.0,1.0,0.0,0.0,0.0,0.0,973.17,,T,test-only,,table,0.49332741
song2013_10.1021_je400459y_t2,SONG(2013),co2,rho_gas_loaded,413.28,160.03,1.0,1.0,0.0,0.0,0.0,0.0,974.03,,T,test-only,,table,0.49332741
song2013_10.1021_je400459y_t2,SONG(2013),co2,rho_gas_loaded,413.24,180.04,1.0,1.0,0.0,0.0,0.0,0.0,975.11,,T,test-only,,table,0.49332741
song2013_10.1021_je400459y_t2,SONG(2013),co2,rho_gas_loaded,333.13,100.09,2.0,2.0,0.0,0.0,0.0,0.0,1065.18,,T,test-only,,table,0.52585398
song2013_10.1021_je400459y_t2,SONG(2013),co2,rho_gas_loaded,333.18,120.04,2.0,2.0,0.0,0.0,0.0,0.0,1065.86,,T,test-only,,table,0.52585398
song2013_10.1021_je400459y_t2,SONG(2013),co2,rho_gas_loaded,333.18,140.06,2.0,2.0,0.0,0.0,0.0,0.0,1066.55,,T,test-only,,table,0.52585398
song2013_10.1021_je400459y_t2,SONG(2013),co2,rho_gas_loaded,333.14,160.03,2.0,2.0,0.0,0.0,0.0,0.0,1067.28,,T,test-only,,table,0.52585398
song2013_10.1021_je400459y_t2,SONG(2013),co2,rho_gas_loaded,333.08,180.07,2.0,2.0,0.0,0.0,0.0,0.0,1068.04,,T,test-only,,table,0.52585398
song2013_10.1021_je400459y_t2,SONG(2013),co2,rho_gas_loaded,353.2,100.03,2.0,2.0,0.0,0.0,0.0,0.0,1053.63,,T,test-only,,table,0.52585398
song2013_10.1021_je400459y_t2,SONG(2013),co2,rho_gas_loaded,353.21,119.96,2.0,2.0,0.0,0.0,0.0,0.0,1054.27,,T,test-only,,table,0.52585398
song2013_10.1021_je400459y_t2,SONG(2013),co2,rho_gas_loaded,353.24,139.99,2.0,2.0,0.0,0.0,0.0,0.0,1054.95,,T,test-only,,table,0.52585398
song2013_10.1021_je400459y_t2,SONG(2013),co2,rho_gas_loaded,353.29,160.06,2.0,2.0,0.0,0.0,0.0,0.0,1055.64,,T,test-only,,table,0.52585398
song2013_10.1021_je400459y_t2,SONG(2013),co2,rho_gas_loaded,353.26,180.14,2.0,2.0,0.0,0.0,0.0,0.0,1056.27,,T,test-only,,table,0.52585398
song2013_10.1021_je400459y_t2,SONG(2013),co2,rho_gas_loaded,373.19,100.06,2.0,2.0,0.0,0.0,0.0,0.0,1040.21,,T,test-only,,table,0.52585398
song2013_10.1021_je400459y_t2,SONG(2013),co2,rho_gas_loaded,373.19,120.01,2.0,2.0,0.0,0.0,0.0,0.0,1040.95,,T,test-only,,table,0.52585398
song2013_10.1021_je400459y_t2,SONG(2013),co2,rho_gas_loaded,373.26,140.06,2.0,2.0,0.0,0.0,0.0,0.0,1041.47,,T,test-only,,table,0.52585398
song2013_10.1021_je400459y_t2,SONG(2013),co2,rho_gas_loaded,373.22,160.12,2.0,2.0,0.0,0.0,0.0,0.0,1042.05,,T,test-only,,table,0.52585398
song2013_10.1021_je400459y_t2,SONG(2013),co2,rho_gas_loaded,373.24,180.06,2.0,2.0,0.0,0.0,0.0,0.0,1042.78,,T,test-only,,table,0.52585398
song2013_10.1021_je400459y_t2,SONG(2013),co2,rho_gas_loaded,393.23,100.04,2.0,2.0,0.0,0.0,0.0,0.0,1025.73,,T,test-only,,table,0.52585398
song2013_10.1021_je400459y_t2,SONG(2013),co2,rho_gas_loaded,393.11,119.99,2.0,2.0,0.0,0.0,0.0,0.0,1026.12,,T,test-only,,table,0.52585398
song2013_10.1021_je400459y_t2,SONG(2013),co2,rho_gas_loaded,393.07,140.06,2.0,2.0,0.0,0.0,0.0,0.0,1027.14,,T,test-only,,table,0.52585398
song2013_10.1021_je400459y_t2,SONG(2013),co2,rho_gas_loaded,393.21,160.08,2.0,2.0,0.0,0.0,0.0,0.0,1027.72,,T,test-only,,table,0.52585398
song2013_10.1021_je400459y_t2,SONG(2013),co2,rho_gas_loaded,393.14,180.11,2.0,2.0,0.0,0.0,0.0,0.0,1028.43,,T,test-only,,table,0.52585398
song2013_10.1021_je400459y_t2,SONG(2013),co2,rho_gas_loaded,413.2,100.06,2.0,2.0,0.0,0.0,0.0,0.0,1010.51,,T,test-only,,table,0.52585398
song2013_10.1021_je400459y_t2,SONG(2013),co2,rho_gas_loaded,413.2,120.09,2.0,2.0,0.0,0.0,0.0,0.0,1011.41,,T,test-only,,table,0.52585398
song2013_10.1021_je400459y_t2,SONG(2013),co2,rho_gas_loaded,413.18,140.05,2.0,2.0,0.0,0.0,0.0,0.0,1012.2,,T,test-only,,table,0.52585398
song2013_10.1021_je400459y_t2,SONG(2013),co2,rho_gas_loaded,413.2,160.01,2.0,2.0,0.0,0.0,0.0,0.0,1013.25,,T,test-only,,table,0.52585398
song2013_10.1021_je400459y_t2,SONG(2013),co2,rho_gas_loaded,413.19,180.05,2.0,2.0,0.0,0.0,0.0,0.0,1014.2,,T,test-only,,table,0.52585398
song2013_10.1021_je400459y_t2,SONG(2013),co2,rho_gas_loaded,333.19,100.03,1.0,1.0,0.0,0.0,0.0,0.0,1029.99,,T,test-only,,table,0.73871334
song2013_10.1021_je400459y_t2,SONG(2013),co2,rho_gas_loaded,333.17,120.01,1.0,1.0,0.0,0.0,0.0,0.0,1030.75,,T,test-only,,table,0.73871334
song2013_10.1021_je400459y_t2,SONG(2013),co2,rho_gas_loaded,333.2,139.95,1.0,1.0,0.0,0.0,0.0,0.0,1031.8,,T,test-only,,table,0.73871334
song2013_10.1021_je400459y_t2,SONG(2013),co2,rho_gas_loaded,333.11,160.02,1.0,1.0,0.0,0.0,0.0,0.0,1032.51,,T,test-only,,table,0.73871334
song2013_10.1021_je400459y_t2,SONG(2013),co2,rho_gas_loaded,333.11,179.96,1.0,1.0,0.0,0.0,0.0,0.0,1033.2,,T,test-only,,table,0.73871334
song2013_10.1021_je400459y_t2,SONG(2013),co2,rho_gas_loaded,353.2,100.01,1.0,1.0,0.0,0.0,0.0,0.0,1018.56,,T,test-only,,table,0.73871334
song2013_10.1021_je400459y_t2,SONG(2013),co2,rho_gas_loaded,353.04,120.04,1.0,1.0,0.0,0.0,0.0,0.0,1019.49,,T,test-only,,table,0.73871334
song2013_10.1021_je400459y_t2,SONG(2013),co2,rho_gas_loaded,353.0,140.02,1.0,1.0,0.0,0.0,0.0,0.0,1020.23,,T,test-only,,table,0.73871334
song2013_10.1021_je400459y_t2,SONG(2013),co2,rho_gas_loaded,353.28,160.08,1.0,1.0,0.0,0.0,0.0,0.0,1020.98,,T,test-only,,table,0.73871334
song2013_10.1021_je400459y_t2,SONG(2013),co2,rho_gas_loaded,353.11,179.97,1.0,1.0,0.0,0.0,0.0,0.0,1021.85,,T,test-only,,table,0.73871334
song2013_10.1021_je400459y_t2,SONG(2013),co2,rho_gas_loaded,373.18,100.03,1.0,1.0,0.0,0.0,0.0,0.0,1005.34,,T,test-only,,table,0.73871334
song2013_10.1021_je400459y_t2,SONG(2013),co2,rho_gas_loaded,373.46,120.01,1.0,1.0,0.0,0.0,0.0,0.0,1006.35,,T,test-only,,table,0.73871334
song2013_10.1021_je400459y_t2,SONG(2013),co2,rho_gas_loaded,372.96,140.01,1.0,1.0,0.0,0.0,0.0,0.0,1007.41,,T,test-only,,table,0.73871334
song2013_10.1021_je400459y_t2,SONG(2013),co2,rho_gas_loaded,373.03,160.01,1.0,1.0,0.0,0.0,0.0,0.0,1008.24,,T,test-only,,table,0.73871334
song2013_10.1021_je400459y_t2,SONG(2013),co2,rho_gas_loaded,373.16,180.03,1.0,1.0,0.0,0.0,0.0,0.0,1009.04,,T,test-only,,table,0.73871334
song2013_10.1021_je400459y_t2,SONG(2013),co2,rho_gas_loaded,393.2,99.96,1.0,1.0,0.0,0.0,0.0,0.0,990.94,,T,test-only,,table,0.73871334
song2013_10.1021_je400459y_t2,SONG(2013),co2,rho_gas_loaded,393.23,120.02,1.0,1.0,0.0,0.0,0.0,0.0,991.8,,T,test-only,,table,0.73871334
song2013_10.1021_je400459y_t2,SONG(2013),co2,rho_gas_loaded,393.23,140.01,1.0,1.0,0.0,0.0,0.0,0.0,992.76,,T,test-only,,table,0.73871334
song2013_10.1021_je400459y_t2,SONG(2013),co2,rho_gas_loaded,393.13,160.03,1.0,1.0,0.0,0.0,0.0,0.0,993.74,,T,test-only,,table,0.73871334
song2013_10.1021_je400459y_t2,SONG(2013),co2,rho_gas_loaded,393.21,179.98,1.0,1.0,0.0,0.0,0.0,0.0,994.61,,T,test-only,,table,0.73871334
song2013_10.1021_je400459y_t2,SONG(2013),co2,rho_gas_loaded,413.17,100.06,1.0,1.0,0.0,0.0,0.0,0.0,971.8,,T,test-only,,table,0.73871334
song2013_10.1021_je400459y_t2,SONG(2013),co2,rho_gas_loaded,413.2,120.05,1.0,1.0,0.0,0.0,0.0,0.0,972.7,,T,test-only,,table,0.73871334
song2013_10.1021_je400459y_t2,SONG(2013),co2,rho_gas_loaded,413.22,140.06,1.0,1.0,0.0,0.0,0.0,0.0,973.8,,T,test-only,,table,0.73871334
song2013_10.1021_je400459y_t2,SONG(2013),co2,rho_gas_loaded,413.19,160.04,1.0,1.0,0.0,0.0,0.0,0.0,974.9,,T,test-only,,table,0.73871334
song2013_10.1021_je400459y_t2,SONG(2013),co2,rho_gas_loaded,413.1,180.01,1.0,1.0,0.0,0.0,0.0,0.0,975.95,,T,test-only,,table,0.73871334
song2013_10.1021_je400459y_t2,SONG(2013),co2,rho_gas_loaded,333.41,99.97,2.0,2.0,0.0,0.0,0.0,0.0,1067.02,,T,test-only,,table,0.78219839
song2013_10.1021_je400459y_t2,SONG(2013),co2,rho_gas_loaded,333.44,120.02,2.0,2.0,0.0,0.0,0.0,0.0,1067.6,,T,test-only,,table,0.78219839
song2013_10.1021_je400459y_t2,SONG(2013),co2,rho_gas_loaded,333.42,140.01,2.0,2.0,0.0,0.0,0.0,0.0,1068.18,,T,test-only,,table,0.78219839
song2013_10.1021_je400459y_t2,SONG(2013),co2,rho_gas_loaded,333.4,160.04,2.0,2.0,0.0,0.0,0.0,0.0,1068.77,,T,test-only,,table,0.78219839
song2013_10.1021_je400459y_t2,SONG(2013),co2,rho_gas_loaded,333.42,180.01,2.0,2.0,0.0,0.0,0.0,0.0,1069.35,,T,test-only,,table,0.78219839
song2013_10.1021_je400459y_t2,SONG(2013),co2,rho_gas_loaded,353.08,99.95,2.0,2.0,0.0,0.0,0.0,0.0,1054.73,,T,test-only,,table,0.78219839
song2013_10.1021_je400459y_t2,SONG(2013),co2,rho_gas_loaded,353.09,120.01,2.0,2.0,0.0,0.0,0.0,0.0,1055.33,,T,test-only,,table,0.78219839
song2013_10.1021_je400459y_t2,SONG(2013),co2,rho_gas_loaded,353.1,140.05,2.0,2.0,0.0,0.0,0.0,0.0,1055.96,,T,test-only,,table,0.78219839
song2013_10.1021_je400459y_t2,SONG(2013),co2,rho_gas_loaded,353.2,160.07,2.0,2.0,0.0,0.0,0.0,0.0,1056.55,,T,test-only,,table,0.78219839
song2013_10.1021_je400459y_t2,SONG(2013),co2,rho_gas_loaded,353.24,180.04,2.0,2.0,0.0,0.0,0.0,0.0,1057.12,,T,test-only,,table,0.78219839
song2013_10.1021_je400459y_t2,SONG(2013),co2,rho_gas_loaded,373.18,99.965,2.0,2.0,0.0,0.0,0.0,0.0,1040.57,,T,test-only,,table,0.78219839
song2013_10.1021_je400459y_t2,SONG(2013),co2,rho_gas_loaded,373.16,120.05,2.0,2.0,0.0,0.0,0.0,0.0,1041.21,,T,test-only,,table,0.78219839
song2013_10.1021_je400459y_t2,SONG(2013),co2,rho_gas_loaded,373.19,140.05,2.0,2.0,0.0,0.0,0.0,0.0,1041.89,,T,test-only,,table,0.78219839
song2013_10.1021_je400459y_t2,SONG(2013),co2,rho_gas_loaded,373.16,159.99,2.0,2.0,0.0,0.0,0.0,0.0,1042.52,,T,test-only,,table,0.78219839
song2013_10.1021_je400459y_t2,SONG(2013),co2,rho_gas_loaded,373.18,180.02,2.0,2.0,0.0,0.0,0.0,0.0,1043.21,,T,test-only,,table,0.78219839
song2013_10.1021_je400459y_t2,SONG(2013),co2,rho_gas_loaded,393.1,100.04,2.0,2.0,0.0,0.0,0.0,0.0,1026.02,,T,test-only,,table,0.78219839
song2013_10.1021_je400459y_t2,SONG(2013),co2,rho_gas_loaded,393.13,120.02,2.0,2.0,0.0,0.0,0.0,0.0,1026.59,,T,test-only,,table,0.78219839
song2013_10.1021_je400459y_t2,SONG(2013),co2,rho_gas_loaded,393.14,140.03,2.0,2.0,0.0,0.0,0.0,0.0,1027.51,,T,test-only,,table,0.78219839
song2013_10.1021_je400459y_t2,SONG(2013),co2,rho_gas_loaded,393.07,159.95,2.0,2.0,0.0,0.0,0.0,0.0,1028.22,,T,test-only,,table,0.78219839
song2013_10.1021_je400459y_t2,SONG(2013),co2,rho_gas_loaded,393.16,180.04,2.0,2.0,0.0,0.0,0.0,0.0,1029.02,,T,test-only,,table,0.78219839
song2013_10.1021_je400459y_t2,SONG(2013),co2,rho_gas_loaded,413.17,100.04,2.0,2.0,0.0,0.0,0.0,0.0,1011.0,,T,test-only,,table,0.78219839
song2013_10.1021_je400459y_t2,SONG(2013),co2,rho_gas_loaded,412.89,120.02,2.0,2.0,0.0,0.0,0.0,0.0,1011.9,,T,test-only,,table,0.78219839
song2013_10.1021_je400459y_t2,SONG(2013),co2,rho_gas_loaded,412.9,140.02,2.0,2.0,0.0,0.0,0.0,0.0,1012.48,,T,test-only,,table,0.78219839
song2013_10.1021_je400459y_t2,SONG(2013),co2,rho_gas_loaded,413.03,160.04,2.0,2.0,0.0,0.0,0.0,0.0,1013.5,,T,test-only,,table,0.78219839
song2013_10.1021_je400459y_t2,SONG(2013),co2,rho_gas_loaded,412.98,180.01,2.0,2.0,0.0,0.0,0.0,0.0,1014.23,,T,test-only,,table,0.78219839
song2013_10.1021_je400459y_t2,SONG(2013),co2,rho_gas_loaded,333.19,100.02,3.0,3.0,0.0,0.0,0.0,0.0,1093.31,,T,test-only,,table,0.28339114
song2013_10.1021_je400459y_t2,SONG(2013),co2,rho_gas_loaded,333.06,120.04,3.0,3.0,0.0,0.0,0.0,0.0,1094.03,,T,test-only,,table,0.28339114
song2013_10.1021_je400459y_t2,SONG(2013),co2,rho_gas_loaded,333.13,140.02,3.0,3.0,0.0,0.0,0.0,0.0,1095.08,,T,test-only,,table,0.28339114
song2013_10.1021_je400459y_t2,SONG(2013),co2,rho_gas_loaded,333.21,160.06,3.0,3.0,0.0,0.0,0.0,0.0,1096.13,,T,test-only,,table,0.28339114
song2013_10.1021_je400459y_t2,SONG(2013),co2,rho_gas_loaded,333.16,180.02,3.0,3.0,0.0,0.0,0.0,0.0,1096.71,,T,test-only,,table,0.28339114
song2013_10.1021_je400459y_t2,SONG(2013),co2,rho_gas_loaded,353.23,100.02,3.0,3.0,0.0,0.0,0.0,0.0,1079.88,,T,test-only,,table,0.28339114
song2013_10.1021_je400459y_t2,SONG(2013),co2,rho_gas_loaded,353.23,120.12,3.0,3.0,0.0,0.0,0.0,0.0,1080.82,,T,test-only,,table,0.28339114
song2013_10.1021_je400459y_t2,SONG(2013),co2,rho_gas_loaded,353.17,140.05,3.0,3.0,0.0,0.0,0.0,0.0,1081.56,,T,test-only,,table,0.28339114
song2013_10.1021_je400459y_t2,SONG(2013),co2,rho_gas_loaded,353.18,160.01,3.0,3.0,0.0,0.0,0.0,0.0,1082.33,,T,test-only,,table,0.28339114
song2013_10.1021_je400459y_t2,SONG(2013),co2,rho_gas_loaded,353.26,179.97,3.0,3.0,0.0,0.0,0.0,0.0,1083.06,,T,test-only,,table,0.28339114
song2013_10.1021_je400459y_t2,SONG(2013),co2,rho_gas_loaded,373.14,100.07,3.0,3.0,0.0,0.0,0.0,0.0,1068.21,,T,test-only,,table,0.28339114
song2013_10.1021_je400459y_t2,SONG(2013),co2,rho_gas_loaded,373.14,120.03,3.0,3.0,0.0,0.0,0.0,0.0,1068.96,,T,test-only,,table,0.28339114
song2013_10.1021_je400459y_t2,SONG(2013),co2,rho_gas_loaded,373.16,140.04,3.0,3.0,0.0,0.0,0.0,0.0,1069.7,,T,test-only,,table,0.28339114
song2013_10.1021_je400459y_t2,SONG(2013),co2,rho_gas_loaded,373.11,160.08,3.0,3.0,0.0,0.0,0.0,0.0,1070.45,,T,test-only,,table,0.28339114
song2013_10.1021_je400459y_t2,SONG(2013),co2,rho_gas_loaded,373.12,180.02,3.0,3.0,0.0,0.0,0.0,0.0,1071.32,,T,test-only,,table,0.28339114
song2013_10.1021_je400459y_t2,SONG(2013),co2,rho_gas_loaded,393.23,100.09,3.0,3.0,0.0,0.0,0.0,0.0,1053.87,,T,test-only,,table,0.28339114
song2013_10.1021_je400459y_t2,SONG(2013),co2,rho_gas_loaded,393.16,120.07,3.0,3.0,0.0,0.0,0.0,0.0,1054.7,,T,test-only,,table,0.28339114
song2013_10.1021_je400459y_t2,SONG(2013),co2,rho_gas_loaded,393.09,140.06,3.0,3.0,0.0,0.0,0.0,0.0,1055.53,,T,test-only,,table,0.28339114
song2013_10.1021_je400459y_t2,SONG(2013),co2,rho_gas_loaded,393.09,160.05,3.0,3.0,0.0,0.0,0.0,0.0,1056.33,,T,test-only,,table,0.28339114
song2013_10.1021_je400459y_t2,SONG(2013),co2,rho_gas_loaded,393.13,180.1,3.0,3.0,0.0,0.0,0.0,0.0,1057.11,,T,test-only,,table,0.28339114
song2013_10.1021_je400459y_t2,SONG(2013),co2,rho_gas_loaded,413.2,100.02,3.0,3.0,0.0,0.0,0.0,0.0,1038.85,,T,test-only,,table,0.28339114
song2013_10.1021_je400459y_t2,SONG(2013),co2,rho_gas_loaded,413.12,119.99,3.0,3.0,0.0,0.0,0.0,0.0,1039.63,,T,test-only,,table,0.28339114
song2013_10.1021_je400459y_t2,SONG(2013),co2,rho_gas_loaded,413.23,140.08,3.0,3.0,0.0,0.0,0.0,0.0,1040.58,,T,test-only,,table,0.28339114
song2013_10.1021_je400459y_t2,SONG(2013),co2,rho_gas_loaded,413.2,160.07,3.0,3.0,0.0,0.0,0.0,0.0,1041.46,,T,test-only,,table,0.28339114
song2013_10.1021_je400459y_t2,SONG(2013),co2,rho_gas_loaded,413.17,180.04,3.0,3.0,0.0,0.0,0.0,0.0,1042.02,,T,test-only,,table,0.28339114
song2013_10.1021_je400459y_t2,SONG(2013),co2,rho_gas_loaded,332.9,99.99,4.0,4.0,0.0,0.0,0.0,0.0,1122.57,,T,test-only,,table,0.28889556
song2013_10.1021_je400459y_t2,SONG(2013),co2,rho_gas_loaded,332.9,120.05,4.0,4.0,0.0,0.0,0.0,0.0,1123.29,,T,test-only,,table,0.28889556
song2013_10.1021_je400459y_t2,SONG(2013),co2,rho_gas_loaded,332.94,140.05,4.0,4.0,0.0,0.0,0.0,0.0,1124.26,,T,test-only,,table,0.28889556
song2013_10.1021_je400459y_t2,SONG(2013),co2,rho_gas_loaded,332.89,160.02,4.0,4.0,0.0,0.0,0.0,0.0,1124.92,,T,test-only,,table,0.28889556
song2013_10.1021_je400459y_t2,SONG(2013),co2,rho_gas_loaded,332.91,180.1,4.0,4.0,0.0,0.0,0.0,0.0,1125.81,,T,test-only,,table,0.28889556
song2013_10.1021_je400459y_t2,SONG(2013),co2,rho_gas_loaded,353.2,100.07,4.0,4.0,0.0,0.0,0.0,0.0,1109.55,,T,test-only,,table,0.28889556
song2013_10.1021_je400459y_t2,SONG(2013),co2,rho_gas_loaded,353.21,120.04,4.0,4.0,0.0,0.0,0.0,0.0,1110.26,,T,test-only,,table,0.28889556
song2013_10.1021_je400459y_t2,SONG(2013),co2,rho_gas_loaded,353.24,140.08,4.0,4.0,0.0,0.0,0.0,0.0,1111.41,,T,test-only,,table,0.28889556
song2013_10.1021_je400459y_t2,SONG(2013),co2,rho_gas_loaded,353.29,159.99,4.0,4.0,0.0,0.0,0.0,0.0,1112.45,,T,test-only,,table,0.28889556
song2013_10.1021_je400459y_t2,SONG(2013),co2,rho_gas_loaded,353.26,180.08,4.0,4.0,0.0,0.0,0.0,0.0,1113.21,,T,test-only,,table,0.28889556
song2013_10.1021_je400459y_t2,SONG(2013),co2,rho_gas_loaded,373.12,100.07,4.0,4.0,0.0,0.0,0.0,0.0,1098.46,,T,test-only,,table,0.28889556
song2013_10.1021_je400459y_t2,SONG(2013),co2,rho_gas_loaded,373.07,120.05,4.0,4.0,0.0,0.0,0.0,0.0,1099.17,,T,test-only,,table,0.28889556
song2013_10.1021_je400459y_t2,SONG(2013),co2,rho_gas_loaded,373.17,140.04,4.0,4.0,0.0,0.0,0.0,0.0,1099.44,,T,test-only,,table,0.28889556
song2013_10.1021_je400459y_t2,SONG(2013),co2,rho_gas_loaded,373.16,160.03,4.0,4.0,0.0,0.0,0.0,0.0,1100.6,,T,test-only,,table,0.28889556
song2013_10.1021_je400459y_t2,SONG(2013),co2,rho_gas_loaded,373.27,180.02,4.0,4.0,0.0,0.0,0.0,0.0,1100.71,,T,test-only,,table,0.28889556
song2013_10.1021_je400459y_t2,SONG(2013),co2,rho_gas_loaded,392.39,100.04,4.0,4.0,0.0,0.0,0.0,0.0,1086.83,,T,test-only,,table,0.28889556
song2013_10.1021_je400459y_t2,SONG(2013),co2,rho_gas_loaded,392.54,120.04,4.0,4.0,0.0,0.0,0.0,0.0,1087.65,,T,test-only,,table,0.28889556
song2013_10.1021_je400459y_t2,SONG(2013),co2,rho_gas_loaded,392.46,140.01,4.0,4.0,0.0,0.0,0.0,0.0,1088.47,,T,test-only,,table,0.28889556
song2013_10.1021_je400459y_t2,SONG(2013),co2,rho_gas_loaded,392.48,160.05,4.0,4.0,0.0,0.0,0.0,0.0,1089.2,,T,test-only,,table,0.28889556
song2013_10.1021_je400459y_t2,SONG(2013),co2,rho_gas_loaded,392.51,180.05,4.0,4.0,0.0,0.0,0.0,0.0,1090.31,,T,test-only,,table,0.28889556
song2013_10.1021_je400459y_t2,SONG(2013),co2,rho_gas_loaded,412.89,100.06,4.0,4.0,0.0,0.0,0.0,0.0,1071.71,,T,test-only,,table,0.28889556
song2013_10.1021_je400459y_t2,SONG(2013),co2,rho_gas_loaded,412.94,120.04,4.0,4.0,0.0,0.0,0.0,0.0,1072.49,,T,test-only,,table,0.28889556
song2013_10.1021_je400459y_t2,SONG(2013),co2,rho_gas_loaded,412.93,139.97,4.0,4.0,0.0,0.0,0.0,0.0,1073.37,,T,test-only,,table,0.28889556
song2013_10.1021_je400459y_t2,SONG(2013),co2,rho_gas_loaded,412.96,160.05,4.0,4.0,0.0,0.0,0.0,0.0,1074.16,,T,test-only,,table,0.28889556
song2013_10.1021_je400459y_t2,SONG(2013),co2,rho_gas_loaded,412.84,180.04,4.0,4.0,0.0,0.0,0.0,0.0,1075.04,,T,test-only,,table,0.28889556
song2013_10.1021_je400459y_t2,SONG(2013),co2,rho_gas_loaded,333.37,100.02,3.0,3.0,0.0,0.0,0.0,0.0,1095.3,,T,test-only,,table,0.54780635
song2013_10.1021_je400459y_t2,SONG(2013),co2,rho_gas_loaded,333.35,120.04,3.0,3.0,0.0,0.0,0.0,0.0,1096.11,,T,test-only,,table,0.54780635
song2013_10.1021_je400459y_t2,SONG(2013),co2,rho_gas_loaded,333.18,140.2,3.0,3.0,0.0,0.0,0.0,0.0,1097.28,,T,test-only,,table,0.54780635
song2013_10.1021_je400459y_t2,SONG(2013),co2,rho_gas_loaded,333.21,160.05,3.0,3.0,0.0,0.0,0.0,0.0,1098.08,,T,test-only,,table,0.54780635
song2013_10.1021_je400459y_t2,SONG(2013),co2,rho_gas_loaded,333.39,179.99,3.0,3.0,0.0,0.0,0.0,0.0,1098.69,,T,test-only,,table,0.54780635
song2013_10.1021_je400459y_t2,SONG(2013),co2,rho_gas_loaded,353.36,100.05,3.0,3.0,0.0,0.0,0.0,0.0,1081.35,,T,test-only,,table,0.54780635
song2013_10.1021_je400459y_t2,SONG(2013),co2,rho_gas_loaded,353.37,120.06,3.0,3.0,0.0,0.0,0.0,0.0,1082.1,,T,test-only,,table,0.54780635
song2013_10.1021_je400459y_t2,SONG(2013),co2,rho_gas_loaded,353.4,140.02,3.0,3.0,0.0,0.0,0.0,0.0,1082.94,,T,test-only,,table,0.54780635
song2013_10.1021_je400459y_t2,SONG(2013),co2,rho_gas_loaded,353.39,160.08,3.0,3.0,0.0,0.0,0.0,0.0,1083.62,,T,test-only,,table,0.54780635
song2013_10.1021_je400459y_t2,SONG(2013),co2,rho_gas_loaded,353.42,180.02,3.0,3.0,0.0,0.0,0.0,0.0,1084.31,,T,test-only,,table,0.54780635
song2013_10.1021_je400459y_t2,SONG(2013),co2,rho_gas_loaded,373.22,100.07,3.0,3.0,0.0,0.0,0.0,0.0,1068.71,,T,test-only,,table,0.54780635
song2013_10.1021_je400459y_t2,SONG(2013),co2,rho_gas_loaded,373.18,120.04,3.0,3.0,0.0,0.0,0.0,0.0,1069.57,,T,test-only,,table,0.54780635
song2013_10.1021_je400459y_t2,SONG(2013),co2,rho_gas_loaded,373.27,140.01,3.0,3.0,0.0,0.0,0.0,0.0,1070.33,,T,test-only,,table,0.54780635
song2013_10.1021_je400459y_t2,SONG(2013),co2,rho_gas_loaded,373.31,160.07,3.0,3.0,0.0,0.0,0.0,0.0,1071.13,,T,test-only,,table,0.54780635
song2013_10.1021_je400459y_t2,SONG(2013),co2,rho_gas_loaded,373.32,180.01,3.0,3.0,0.0,0.0,0.0,0.0,1071.94,,T,test-only,,table,0.54780635
song2013_10.1021_je400459y_t2,SONG(2013),co2,rho_gas_loaded,393.17,100.01,3.0,3.0,0.0,0.0,0.0,0.0,1054.87,,T,test-only,,table,0.54780635
song2013_10.1021_je400459y_t2,SONG(2013),co2,rho_gas_loaded,393.24,120.08,3.0,3.0,0.0,0.0,0.0,0.0,1055.69,,T,test-only,,table,0.54780635
song2013_10.1021_je400459y_t2,SONG(2013),co2,rho_gas_loaded,393.36,140.05,3.0,3.0,0.0,0.0,0.0,0.0,1056.65,,T,test-only,,table,0.54780635
song2013_10.1021_je400459y_t2,SONG(2013),co2,rho_gas_loaded,393.4,160.02,3.0,3.0,0.0,0.0,0.0,0.0,1057.32,,T,test-only,,table,0.54780635
song2013_10.1021_je400459y_t2,SONG(2013),co2,rho_gas_loaded,393.41,179.97,3.0,3.0,0.0,0.0,0.0,0.0,1058.03,,T,test-only,,table,0.54780635
song2013_10.1021_je400459y_t2,SONG(2013),co2,rho_gas_loaded,413.23,100.07,3.0,3.0,0.0,0.0,0.0,0.0,1039.59,,T,test-only,,table,0.54780635
song2013_10.1021_je400459y_t2,SONG(2013),co2,rho_gas_loaded,413.2,120.05,3.0,3.0,0.0,0.0,0.0,0.0,1040.31,,T,test-only,,table,0.54780635
song2013_10.1021_je400459y_t2,SONG(2013),co2,rho_gas_loaded,413.16,140.01,3.0,3.0,0.0,0.0,0.0,0.0,1041.08,,T,test-only,,table,0.54780635
song2013_10.1021_je400459y_t2,SONG(2013),co2,rho_gas_loaded,413.17,160.01,3.0,3.0,0.0,0.0,0.0,0.0,1042.17,,T,test-only,,table,0.54780635
song2013_10.1021_je400459y_t2,SONG(2013),co2,rho_gas_loaded,413.14,180.04,3.0,3.0,0.0,0.0,0.0,0.0,1043.54,,T,test-only,,table,0.54780635
song2013_10.1021_je400459y_t2,SONG(2013),co2,rho_gas_loaded,333.75,100.02,4.0,4.0,0.0,0.0,0.0,0.0,1124.07,,T,test-only,,table,0.58380733
song2013_10.1021_je400459y_t2,SONG(2013),co2,rho_gas_loaded,333.54,120.08,4.0,4.0,0.0,0.0,0.0,0.0,1125.04,,T,test-only,,table,0.58380733
song2013_10.1021_je400459y_t2,SONG(2013),co2,rho_gas_loaded,333.63,140.06,4.0,4.0,0.0,0.0,0.0,0.0,1125.68,,T,test-only,,table,0.58380733
song2013_10.1021_je400459y_t2,SONG(2013),co2,rho_gas_loaded,333.58,160.03,4.0,4.0,0.0,0.0,0.0,0.0,1126.38,,T,test-only,,table,0.58380733
song2013_10.1021_je400459y_t2,SONG(2013),co2,rho_gas_loaded,333.57,180.08,4.0,4.0,0.0,0.0,0.0,0.0,1127.05,,T,test-only,,table,0.58380733
song2013_10.1021_je400459y_t2,SONG(2013),co2,rho_gas_loaded,353.23,99.95,4.0,4.0,0.0,0.0,0.0,0.0,1113.27,,T,test-only,,table,0.58380733
song2013_10.1021_je400459y_t2,SONG(2013),co2,rho_gas_loaded,353.16,119.98,4.0,4.0,0.0,0.0,0.0,0.0,1113.88,,T,test-only,,table,0.58380733
song2013_10.1021_je400459y_t2,SONG(2013),co2,rho_gas_loaded,353.29,140.07,4.0,4.0,0.0,0.0,0.0,0.0,1114.45,,T,test-only,,table,0.58380733
song2013_10.1021_je400459y_t2,SONG(2013),co2,rho_gas_loaded,353.28,160.04,4.0,4.0,0.0,0.0,0.0,0.0,1115.13,,T,test-only,,table,0.58380733
song2013_10.1021_je400459y_t2,SONG(2013),co2,rho_gas_loaded,353.22,180.09,4.0,4.0,0.0,0.0,0.0,0.0,1115.91,,T,test-only,,table,0.58380733
song2013_10.1021_je400459y_t2,SONG(2013),co2,rho_gas_loaded,373.17,100.04,4.0,4.0,0.0,0.0,0.0,0.0,1099.59,,T,test-only,,table,0.58380733
song2013_10.1021_je400459y_t2,SONG(2013),co2,rho_gas_loaded,373.08,119.98,4.0,4.0,0.0,0.0,0.0,0.0,1100.31,,T,test-only,,table,0.58380733
song2013_10.1021_je400459y_t2,SONG(2013),co2,rho_gas_loaded,373.17,140.05,4.0,4.0,0.0,0.0,0.0,0.0,1100.94,,T,test-only,,table,0.58380733
song2013_10.1021_je400459y_t2,SONG(2013),co2,rho_gas_loaded,373.2,160.07,4.0,4.0,0.0,0.0,0.0,0.0,1101.63,,T,test-only,,table,0.58380733
song2013_10.1021_je400459y_t2,SONG(2013),co2,rho_gas_loaded,373.2,180.04,4.0,4.0,0.0,0.0,0.0,0.0,1102.38,,T,test-only,,table,0.58380733
song2013_10.1021_je400459y_t2,SONG(2013),co2,rho_gas_loaded,393.6,99.45,4.0,4.0,0.0,0.0,0.0,0.0,1086.71,,T,test-only,,table,0.58380733
song2013_10.1021_je400459y_t2,SONG(2013),co2,rho_gas_loaded,393.7,119.98,4.0,4.0,0.0,0.0,0.0,0.0,1087.51,,T,test-only,,table,0.58380733
song2013_10.1021_je400459y_t2,SONG(2013),co2,rho_gas_loaded,393.7,140.07,4.0,4.0,0.0,0.0,0.0,0.0,1088.38,,T,test-only,,table,0.58380733
song2013_10.1021_je400459y_t2,SONG(2013),co2,rho_gas_loaded,393.63,160.04,4.0,4.0,0.0,0.0,0.0,0.0,1089.1,,T,test-only,,table,0.58380733
song2013_10.1021_je400459y_t2,SONG(2013),co2,rho_gas_loaded,393.67,180.04,4.0,4.0,0.0,0.0,0.0,0.0,1090.2,,T,test-only,,table,0.58380733
song2013_10.1021_je400459y_t2,SONG(2013),co2,rho_gas_loaded,414.03,100.04,4.0,4.0,0.0,0.0,0.0,0.0,1071.14,,T,test-only,,table,0.58380733
song2013_10.1021_je400459y_t2,SONG(2013),co2,rho_gas_loaded,414.36,120.01,4.0,4.0,0.0,0.0,0.0,0.0,1072.05,,T,test-only,,table,0.58380733
song2013_10.1021_je400459y_t2,SONG(2013),co2,rho_gas_loaded,414.16,140.01,4.0,4.0,0.0,0.0,0.0,0.0,1073.05,,T,test-only,,table,0.58380733
song2013_10.1021_je400459y_t2,SONG(2013),co2,rho_gas_loaded,414.09,160.01,4.0,4.0,0.0,0.0,0.0,0.0,1073.86,,T,test-only,,table,0.58380733
song2013_10.1021_je400459y_t2,SONG(2013),co2,rho_gas_loaded,414.19,180.02,4.0,4.0,0.0,0.0,0.0,0.0,1074.57,,T,test-only,,table,0.58380733
song2013_10.1021_je400459y_t2,SONG(2013),co2,rho_gas_loaded,332.35,100.01,3.0,3.0,0.0,0.0,0.0,0.0,1098.74,,T,test-only,,table,0.84016539
song2013_10.1021_je400459y_t2,SONG(2013),co2,rho_gas_loaded,332.36,120.1,3.0,3.0,0.0,0.0,0.0,0.0,1099.81,,T,test-only,,table,0.84016539
song2013_10.1021_je400459y_t2,SONG(2013),co2,rho_gas_loaded,332.46,140.06,3.0,3.0,0.0,0.0,0.0,0.0,1100.56,,T,test-only,,table,0.84016539
song2013_10.1021_je400459y_t2,SONG(2013),co2,rho_gas_loaded,332.4,160.01,3.0,3.0,0.0,0.0,0.0,0.0,1101.02,,T,test-only,,table,0.84016539
song2013_10.1021_je400459y_t2,SONG(2013),co2,rho_gas_loaded,332.51,179.93,3.0,3.0,0.0,0.0,0.0,0.0,1101.78,,T,test-only,,table,0.84016539
song2013_10.1021_je400459y_t2,SONG(2013),co2,rho_gas_loaded,351.98,100.03,3.0,3.0,0.0,0.0,0.0,0.0,1083.53,,T,test-only,,table,0.84016539
song2013_10.1021_je400459y_t2,SONG(2013),co2,rho_gas_loaded,352.93,120.07,3.0,3.0,0.0,0.0,0.0,0.0,1084.33,,T,test-only,,table,0.84016539
song2013_10.1021_je400459y_t2,SONG(2013),co2,rho_gas_loaded,352.88,140.11,3.0,3.0,0.0,0.0,0.0,0.0,1085.0,,T,test-only,,table,0.84016539
song2013_10.1021_je400459y_t2,SONG(2013),co2,rho_gas_loaded,353.03,159.98,3.0,3.0,0.0,0.0,0.0,0.0,1086.21,,T,test-only,,table,0.84016539
song2013_10.1021_je400459y_t2,SONG(2013),co2,rho_gas_loaded,352.98,180.02,3.0,3.0,0.0,0.0,0.0,0.0,1087.84,,T,test-only,,table,0.84016539
song2013_10.1021_je400459y_t2,SONG(2013),co2,rho_gas_loaded,373.29,99.93,3.0,3.0,0.0,0.0,0.0,0.0,1069.32,,T,test-only,,table,0.84016539
song2013_10.1021_je400459y_t2,SONG(2013),co2,rho_gas_loaded,373.21,120.03,3.0,3.0,0.0,0.0,0.0,0.0,1070.25,,T,test-only,,table,0.84016539
song2013_10.1021_je400459y_t2,SONG(2013),co2,rho_gas_loaded,373.2,140.02,3.0,3.0,0.0,0.0,0.0,0.0,1071.27,,T,test-only,,table,0.84016539
song2013_10.1021_je400459y_t2,SONG(2013),co2,rho_gas_loaded,373.17,159.94,3.0,3.0,0.0,0.0,0.0,0.0,1072.54,,T,test-only,,table,0.84016539
song2013_10.1021_je400459y_t2,SONG(2013),co2,rho_gas_loaded,373.18,180.05,3.0,3.0,0.0,0.0,0.0,0.0,1072.8,,T,test-only,,table,0.84016539
song2013_10.1021_je400459y_t2,SONG(2013),co2,rho_gas_loaded,393.37,99.96,3.0,3.0,0.0,0.0,0.0,0.0,1055.84,,T,test-only,,table,0.84016539
song2013_10.1021_je400459y_t2,SONG(2013),co2,rho_gas_loaded,393.37,119.96,3.0,3.0,0.0,0.0,0.0,0.0,1056.78,,T,test-only,,table,0.84016539
song2013_10.1021_je400459y_t2,SONG(2013),co2,rho_gas_loaded,393.34,139.98,3.0,3.0,0.0,0.0,0.0,0.0,1057.4,,T,test-only,,table,0.84016539
song2013_10.1021_je400459y_t2,SONG(2013),co2,rho_gas_loaded,393.31,160.05,3.0,3.0,0.0,0.0,0.0,0.0,1058.0,,T,test-only,,table,0.84016539
song2013_10.1021_je400459y_t2,SONG(2013),co2,rho_gas_loaded,393.43,180.06,3.0,3.0,0.0,0.0,0.0,0.0,1058.98,,T,test-only,,table,0.84016539
song2013_10.1021_je400459y_t2,SONG(2013),co2,rho_gas_loaded,413.17,100.04,3.0,3.0,0.0,0.0,0.0,0.0,1041.24,,T,test-only,,table,0.84016539
song2013_10.1021_je400459y_t2,SONG(2013),co2,rho_gas_loaded,413.21,120.11,3.0,3.0,0.0,0.0,0.0,0.0,1041.73,,T,test-only,,table,0.84016539
song2013_10.1021_je400459y_t2,SONG(2013),co2,rho_gas_loaded,413.23,140.13,3.0,3.0,0.0,0.0,0.0,0.0,1042.33,,T,test-only,,table,0.84016539
song2013_10.1021_je400459y_t2,SONG(2013),co2,rho_gas_loaded,413.12,160.21,3.0,3.0,0.0,0.0,0.0,0.0,1043.21,,T,test-only,,table,0.84016539
song2013_10.1021_je400459y_t2,SONG(2013),co2,rho_gas_loaded,413.18,179.97,3.0,3.0,0.0,0.0,0.0,0.0,1044.31,,T,test-only,,table,0.84016539
song2013_10.1021_je400459y_t2,SONG(2013),co2,rho_gas_loaded,332.3,99.99,4.0,4.0,0.0,0.0,0.0,0.0,1125.41,,T,test-only,,table,0.87299733
song2013_10.1021_je400459y_t2,SONG(2013),co2,rho_gas_loaded,332.32,120.03,4.0,4.0,0.0,0.0,0.0,0.0,1126.25,,T,test-only,,table,0.87299733
song2013_10.1021_je400459y_t2,SONG(2013),co2,rho_gas_loaded,332.27,140.01,4.0,4.0,0.0,0.0,0.0,0.0,1126.97,,T,test-only,,table,0.87299733
song2013_10.1021_je400459y_t2,SONG(2013),co2,rho_gas_loaded,332.26,160.05,4.0,4.0,0.0,0.0,0.0,0.0,1127.67,,T,test-only,,table,0.87299733
song2013_10.1021_je400459y_t2,SONG(2013),co2,rho_gas_loaded,332.28,180.1,4.0,4.0,0.0,0.0,0.0,0.0,1128.55,,T,test-only,,table,0.87299733
song2013_10.1021_je400459y_t2,SONG(2013),co2,rho_gas_loaded,352.9,100.06,4.0,4.0,0.0,0.0,0.0,0.0,1113.56,,T,test-only,,table,0.87299733
song2013_10.1021_je400459y_t2,SONG(2013),co2,rho_gas_loaded,352.44,120.02,4.0,4.0,0.0,0.0,0.0,0.0,1114.43,,T,test-only,,table,0.87299733
song2013_10.1021_je400459y_t2,SONG(2013),co2,rho_gas_loaded,352.63,140.01,4.0,4.0,0.0,0.0,0.0,0.0,1115.33,,T,test-only,,table,0.87299733
song2013_10.1021_je400459y_t2,SONG(2013),co2,rho_gas_loaded,352.52,160.12,4.0,4.0,0.0,0.0,0.0,0.0,1116.11,,T,test-only,,table,0.87299733
song2013_10.1021_je400459y_t2,SONG(2013),co2,rho_gas_loaded,352.5,180.09,4.0,4.0,0.0,0.0,0.0,0.0,1117.03,,T,test-only,,table,0.87299733
song2013_10.1021_je400459y_t2,SONG(2013),co2,rho_gas_loaded,372.49,100.02,4.0,4.0,0.0,0.0,0.0,0.0,1100.31,,T,test-only,,table,0.87299733
song2013_10.1021_je400459y_t2,SONG(2013),co2,rho_gas_loaded,372.31,120.07,4.0,4.0,0.0,0.0,0.0,0.0,1100.67,,T,test-only,,table,0.87299733
song2013_10.1021_je400459y_t2,SONG(2013),co2,rho_gas_loaded,372.53,140.01,4.0,4.0,0.0,0.0,0.0,0.0,1101.27,,T,test-only,,table,0.87299733
song2013_10.1021_je400459y_t2,SONG(2013),co2,rho_gas_loaded,372.6,160.1,4.0,4.0,0.0,0.0,0.0,0.0,1102.01,,T,test-only,,table,0.87299733
song2013_10.1021_je400459y_t2,SONG(2013),co2,rho_gas_loaded,372.53,180.11,4.0,4.0,0.0,0.0,0.0,0.0,1102.92,,T,test-only,,table,0.87299733
song2013_10.1021_je400459y_t2,SONG(2013),co2,rho_gas_loaded,392.8,100.02,4.0,4.0,0.0,0.0,0.0,0.0,1086.69,,T,test-only,,table,0.87299733
song2013_10.1021_je400459y_t2,SONG(2013),co2,rho_gas_loaded,392.99,120.05,4.0,4.0,0.0,0.0,0.0,0.0,1087.45,,T,test-only,,table,0.87299733
song2013_10.1021_je400459y_t2,SONG(2013),co2,rho_gas_loaded,392.73,140.06,4.0,4.0,0.0,0.0,0.0,0.0,1088.25,,T,test-only,,table,0.87299733
song2013_10.1021_je400459y_t2,SONG(2013),co2,rho_gas_loaded,392.86,160.08,4.0,4.0,0.0,0.0,0.0,0.0,1088.97,,T,test-only,,table,0.87299733
song2013_10.1021_je400459y_t2,SONG(2013),co2,rho_gas_loaded,392.76,180.01,4.0,4.0,0.0,0.0,0.0,0.0,1090.17,,T,test-only,,table,0.87299733
song2013_10.1021_je400459y_t2,SONG(2013),co2,rho_gas_loaded,412.8,100.09,4.0,4.0,0.0,0.0,0.0,0.0,1070.55,,T,test-only,,table,0.87299733
song2013_10.1021_je400459y_t2,SONG(2013),co2,rho_gas_loaded,412.95,120.09,4.0,4.0,0.0,0.0,0.0,0.0,1071.64,,T,test-only,,table,0.87299733
song2013_10.1021_je400459y_t2,SONG(2013),co2,rho_gas_loaded,413.17,140.09,4.0,4.0,0.0,0.0,0.0,0.0,1072.63,,T,test-only,,table,0.87299733
song2013_10.1021_je400459y_t2,SONG(2013),co2,rho_gas_loaded,412.95,160.08,4.0,4.0,0.0,0.0,0.0,0.0,1073.53,,T,test-only,,table,0.87299733
song2013_10.1021_je400459y_t2,SONG(2013),co2,rho_gas_loaded,413.03,180.05,4.0,4.0,0.0,0.0,0.0,0.0,1074.28,,T,test-only,,table,0.87299733
song2014b_10.1021_je500062a_t5,SONG(2014b),co2,rho_gas_loaded,274.22,100.06,0.0,0.0,0.0,0.0,0.0,0.0,1007.55,,T,test-only,,table,0.23411873
song2014b_10.1021_je500062a_t5,SONG(2014b),co2,rho_gas_loaded,274.25,109.97,0.0,0.0,0.0,0.0,0.0,0.0,1007.94,,T,test-only,,table,0.23411873
song2014b_10.1021_je500062a_t5,SONG(2014b),co2,rho_gas_loaded,274.24,120.04,0.0,0.0,0.0,0.0,0.0,0.0,1008.33,,T,test-only,,table,0.23411873
song2014b_10.1021_je500062a_t5,SONG(2014b),co2,rho_gas_loaded,274.23,129.93,0.0,0.0,0.0,0.0,0.0,0.0,1008.71,,T,test-only,,table,0.23411873
song2014b_10.1021_je500062a_t5,SONG(2014b),co2,rho_gas_loaded,274.21,139.97,0.0,0.0,0.0,0.0,0.0,0.0,1009.1,,T,test-only,,table,0.23411873
song2014b_10.1021_je500062a_t5,SONG(2014b),co2,rho_gas_loaded,274.2,149.93,0.0,0.0,0.0,0.0,0.0,0.0,1009.49,,T,test-only,,table,0.23411873
song2014b_10.1021_je500062a_t5,SONG(2014b),co2,rho_gas_loaded,274.23,160.0,0.0,0.0,0.0,0.0,0.0,0.0,1009.88,,T,test-only,,table,0.23411873
song2014b_10.1021_je500062a_t5,SONG(2014b),co2,rho_gas_loaded,274.25,170.11,0.0,0.0,0.0,0.0,0.0,0.0,1010.27,,T,test-only,,table,0.23411873
song2014b_10.1021_je500062a_t5,SONG(2014b),co2,rho_gas_loaded,274.24,179.97,0.0,0.0,0.0,0.0,0.0,0.0,1010.66,,T,test-only,,table,0.23411873
song2014b_10.1021_je500062a_t5,SONG(2014b),co2,rho_gas_loaded,276.24,99.99,0.0,0.0,0.0,0.0,0.0,0.0,1007.54,,T,test-only,,table,0.23411873
song2014b_10.1021_je500062a_t5,SONG(2014b),co2,rho_gas_loaded,276.25,110.01,0.0,0.0,0.0,0.0,0.0,0.0,1007.92,,T,test-only,,table,0.23411873
song2014b_10.1021_je500062a_t5,SONG(2014b),co2,rho_gas_loaded,276.27,119.99,0.0,0.0,0.0,0.0,0.0,0.0,1008.3,,T,test-only,,table,0.23411873
song2014b_10.1021_je500062a_t5,SONG(2014b),co2,rho_gas_loaded,276.25,130.03,0.0,0.0,0.0,0.0,0.0,0.0,1008.69,,T,test-only,,table,0.23411873
song2014b_10.1021_je500062a_t5,SONG(2014b),co2,rho_gas_loaded,276.24,140.03,0.0,0.0,0.0,0.0,0.0,0.0,1009.07,,T,test-only,,table,0.23411873
song2014b_10.1021_je500062a_t5,SONG(2014b),co2,rho_gas_loaded,276.25,150.1,0.0,0.0,0.0,0.0,0.0,0.0,1009.46,,T,test-only,,table,0.23411873
song2014b_10.1021_je500062a_t5,SONG(2014b),co2,rho_gas_loaded,276.24,160.06,0.0,0.0,0.0,0.0,0.0,0.0,1009.84,,T,test-only,,table,0.23411873
song2014b_10.1021_je500062a_t5,SONG(2014b),co2,rho_gas_loaded,276.24,170.11,0.0,0.0,0.0,0.0,0.0,0.0,1010.24,,T,test-only,,table,0.23411873
song2014b_10.1021_je500062a_t5,SONG(2014b),co2,rho_gas_loaded,276.25,180.14,0.0,0.0,0.0,0.0,0.0,0.0,1010.61,,T,test-only,,table,0.23411873
song2014b_10.1021_je500062a_t5,SONG(2014b),co2,rho_gas_loaded,278.15,99.96,0.0,0.0,0.0,0.0,0.0,0.0,1007.45,,T,test-only,,table,0.23411873
song2014b_10.1021_je500062a_t5,SONG(2014b),co2,rho_gas_loaded,278.14,109.95,0.0,0.0,0.0,0.0,0.0,0.0,1007.84,,T,test-only,,table,0.23411873
song2014b_10.1021_je500062a_t5,SONG(2014b),co2,rho_gas_loaded,278.17,120.0,0.0,0.0,0.0,0.0,0.0,0.0,1008.22,,T,test-only,,table,0.23411873
song2014b_10.1021_je500062a_t5,SONG(2014b),co2,rho_gas_loaded,278.18,130.0,0.0,0.0,0.0,0.0,0.0,0.0,1008.6,,T,test-only,,table,0.23411873
song2014b_10.1021_je500062a_t5,SONG(2014b),co2,rho_gas_loaded,278.18,139.94,0.0,0.0,0.0,0.0,0.0,0.0,1008.97,,T,test-only,,table,0.23411873
song2014b_10.1021_je500062a_t5,SONG(2014b),co2,rho_gas_loaded,278.17,150.01,0.0,0.0,0.0,0.0,0.0,0.0,1009.35,,T,test-only,,table,0.23411873
song2014b_10.1021_je500062a_t5,SONG(2014b),co2,rho_gas_loaded,278.16,159.98,0.0,0.0,0.0,0.0,0.0,0.0,1009.73,,T,test-only,,table,0.23411873
song2014b_10.1021_je500062a_t5,SONG(2014b),co2,rho_gas_loaded,278.15,169.99,0.0,0.0,0.0,0.0,0.0,0.0,1010.1,,T,test-only,,table,0.23411873
song2014b_10.1021_je500062a_t5,SONG(2014b),co2,rho_gas_loaded,278.15,179.99,0.0,0.0,0.0,0.0,0.0,0.0,1010.48,,T,test-only,,table,0.23411873
song2014b_10.1021_je500062a_t5,SONG(2014b),co2,rho_gas_loaded,283.15,100.03,0.0,0.0,0.0,0.0,0.0,0.0,1007.04,,T,test-only,,table,0.23411873
song2014b_10.1021_je500062a_t5,SONG(2014b),co2,rho_gas_loaded,283.13,110.03,0.0,0.0,0.0,0.0,0.0,0.0,1007.42,,T,test-only,,table,0.23411873
song2014b_10.1021_je500062a_t5,SONG(2014b),co2,rho_gas_loaded,283.14,120.12,0.0,0.0,0.0,0.0,0.0,0.0,1007.78,,T,test-only,,table,0.23411873
song2014b_10.1021_je500062a_t5,SONG(2014b),co2,rho_gas_loaded,283.17,130.03,0.0,0.0,0.0,0.0,0.0,0.0,1008.15,,T,test-only,,table,0.23411873
song2014b_10.1021_je500062a_t5,SONG(2014b),co2,rho_gas_loaded,283.19,140.08,0.0,0.0,0.0,0.0,0.0,0.0,1008.51,,T,test-only,,table,0.23411873
song2014b_10.1021_je500062a_t5,SONG(2014b),co2,rho_gas_loaded,283.18,149.97,0.0,0.0,0.0,0.0,0.0,0.0,1008.88,,T,test-only,,table,0.23411873
song2014b_10.1021_je500062a_t5,SONG(2014b),co2,rho_gas_loaded,283.16,160.03,0.0,0.0,0.0,0.0,0.0,0.0,1009.25,,T,test-only,,table,0.23411873
song2014b_10.1021_je500062a_t5,SONG(2014b),co2,rho_gas_loaded,283.15,170.03,0.0,0.0,0.0,0.0,0.0,0.0,1009.62,,T,test-only,,table,0.23411873
song2014b_10.1021_je500062a_t5,SONG(2014b),co2,rho_gas_loaded,283.14,180.06,0.0,0.0,0.0,0.0,0.0,0.0,1009.98,,T,test-only,,table,0.23411873
song2014b_10.1021_je500062a_t5,SONG(2014b),co2,rho_gas_loaded,293.13,99.96,0.0,0.0,0.0,0.0,0.0,0.0,1005.34,,T,test-only,,table,0.23411873
song2014b_10.1021_je500062a_t5,SONG(2014b),co2,rho_gas_loaded,293.12,109.92,0.0,0.0,0.0,0.0,0.0,0.0,1005.69,,T,test-only,,table,0.23411873
song2014b_10.1021_je500062a_t5,SONG(2014b),co2,rho_gas_loaded,293.12,120.03,0.0,0.0,0.0,0.0,0.0,0.0,1006.04,,T,test-only,,table,0.23411873
song2014b_10.1021_je500062a_t5,SONG(2014b),co2,rho_gas_loaded,293.12,130.0,0.0,0.0,0.0,0.0,0.0,0.0,1006.39,,T,test-only,,table,0.23411873
song2014b_10.1021_je500062a_t5,SONG(2014b),co2,rho_gas_loaded,293.14,139.96,0.0,0.0,0.0,0.0,0.0,0.0,1006.74,,T,test-only,,table,0.23411873
song2014b_10.1021_je500062a_t5,SONG(2014b),co2,rho_gas_loaded,293.15,149.88,0.0,0.0,0.0,0.0,0.0,0.0,1007.09,,T,test-only,,table,0.23411873
song2014b_10.1021_je500062a_t5,SONG(2014b),co2,rho_gas_loaded,293.16,160.05,0.0,0.0,0.0,0.0,0.0,0.0,1007.44,,T,test-only,,table,0.23411873
song2014b_10.1021_je500062a_t5,SONG(2014b),co2,rho_gas_loaded,293.16,170.06,0.0,0.0,0.0,0.0,0.0,0.0,1007.79,,T,test-only,,table,0.23411873
song2014b_10.1021_je500062a_t5,SONG(2014b),co2,rho_gas_loaded,293.14,179.99,0.0,0.0,0.0,0.0,0.0,0.0,1008.14,,T,test-only,,table,0.23411873
song2014b_10.1021_je500062a_t5,SONG(2014b),co2,rho_gas_loaded,303.09,100.02,0.0,0.0,0.0,0.0,0.0,0.0,1002.68,,T,test-only,,table,0.23411873
song2014b_10.1021_je500062a_t5,SONG(2014b),co2,rho_gas_loaded,303.11,110.04,0.0,0.0,0.0,0.0,0.0,0.0,1003.02,,T,test-only,,table,0.23411873
song2014b_10.1021_je500062a_t5,SONG(2014b),co2,rho_gas_loaded,303.13,120.03,0.0,0.0,0.0,0.0,0.0,0.0,1003.36,,T,test-only,,table,0.23411873
song2014b_10.1021_je500062a_t5,SONG(2014b),co2,rho_gas_loaded,303.13,130.04,0.0,0.0,0.0,0.0,0.0,0.0,1003.71,,T,test-only,,table,0.23411873
song2014b_10.1021_je500062a_t5,SONG(2014b),co2,rho_gas_loaded,303.13,140.07,0.0,0.0,0.0,0.0,0.0,0.0,1004.05,,T,test-only,,table,0.23411873
song2014b_10.1021_je500062a_t5,SONG(2014b),co2,rho_gas_loaded,303.12,150.08,0.0,0.0,0.0,0.0,0.0,0.0,1004.39,,T,test-only,,table,0.23411873
song2014b_10.1021_je500062a_t5,SONG(2014b),co2,rho_gas_loaded,303.12,160.02,0.0,0.0,0.0,0.0,0.0,0.0,1004.73,,T,test-only,,table,0.23411873
song2014b_10.1021_je500062a_t5,SONG(2014b),co2,rho_gas_loaded,303.11,170.01,0.0,0.0,0.0,0.0,0.0,0.0,1005.07,,T,test-only,,table,0.23411873
song2014b_10.1021_je500062a_t5,SONG(2014b),co2,rho_gas_loaded,303.12,179.98,0.0,0.0,0.0,0.0,0.0,0.0,1005.42,,T,test-only,,table,0.23411873
song2014b_10.1021_je500062a_t5,SONG(2014b),co2,rho_gas_loaded,313.24,99.89,0.0,0.0,0.0,0.0,0.0,0.0,999.02,,T,test-only,,table,0.23411873
song2014b_10.1021_je500062a_t5,SONG(2014b),co2,rho_gas_loaded,313.23,109.91,0.0,0.0,0.0,0.0,0.0,0.0,999.36,,T,test-only,,table,0.23411873
song2014b_10.1021_je500062a_t5,SONG(2014b),co2,rho_gas_loaded,313.23,120.03,0.0,0.0,0.0,0.0,0.0,0.0,999.7,,T,test-only,,table,0.23411873
song2014b_10.1021_je500062a_t5,SONG(2014b),co2,rho_gas_loaded,313.23,130.04,0.0,0.0,0.0,0.0,0.0,0.0,1000.04,,T,test-only,,table,0.23411873
song2014b_10.1021_je500062a_t5,SONG(2014b),co2,rho_gas_loaded,313.23,140.08,0.0,0.0,0.0,0.0,0.0,0.0,1000.38,,T,test-only,,table,0.23411873
song2014b_10.1021_je500062a_t5,SONG(2014b),co2,rho_gas_loaded,313.25,149.96,0.0,0.0,0.0,0.0,0.0,0.0,1000.7,,T,test-only,,table,0.23411873
song2014b_10.1021_je500062a_t5,SONG(2014b),co2,rho_gas_loaded,313.24,160.04,0.0,0.0,0.0,0.0,0.0,0.0,1001.05,,T,test-only,,table,0.23411873
song2014b_10.1021_je500062a_t5,SONG(2014b),co2,rho_gas_loaded,313.24,170.08,0.0,0.0,0.0,0.0,0.0,0.0,1001.39,,T,test-only,,table,0.23411873
song2014b_10.1021_je500062a_t5,SONG(2014b),co2,rho_gas_loaded,313.22,179.98,0.0,0.0,0.0,0.0,0.0,0.0,1001.73,,T,test-only,,table,0.23411873
song2014b_10.1021_je500062a_t5,SONG(2014b),co2,rho_gas_loaded,323.34,99.95,0.0,0.0,0.0,0.0,0.0,0.0,994.72,,T,test-only,,table,0.23411873
song2014b_10.1021_je500062a_t5,SONG(2014b),co2,rho_gas_loaded,323.33,109.91,0.0,0.0,0.0,0.0,0.0,0.0,995.07,,T,test-only,,table,0.23411873
song2014b_10.1021_je500062a_t5,SONG(2014b),co2,rho_gas_loaded,323.34,120.01,0.0,0.0,0.0,0.0,0.0,0.0,995.42,,T,test-only,,table,0.23411873
song2014b_10.1021_je500062a_t5,SONG(2014b),co2,rho_gas_loaded,323.32,130.0,0.0,0.0,0.0,0.0,0.0,0.0,995.78,,T,test-only,,table,0.23411873
song2014b_10.1021_je500062a_t5,SONG(2014b),co2,rho_gas_loaded,323.32,139.95,0.0,0.0,0.0,0.0,0.0,0.0,996.11,,T,test-only,,table,0.23411873
song2014b_10.1021_je500062a_t5,SONG(2014b),co2,rho_gas_loaded,323.34,150.01,0.0,0.0,0.0,0.0,0.0,0.0,996.44,,T,test-only,,table,0.23411873
song2014b_10.1021_je500062a_t5,SONG(2014b),co2,rho_gas_loaded,323.33,160.09,0.0,0.0,0.0,0.0,0.0,0.0,996.77,,T,test-only,,table,0.23411873
song2014b_10.1021_je500062a_t5,SONG(2014b),co2,rho_gas_loaded,323.32,169.98,0.0,0.0,0.0,0.0,0.0,0.0,997.11,,T,test-only,,table,0.23411873
song2014b_10.1021_je500062a_t5,SONG(2014b),co2,rho_gas_loaded,323.32,179.98,0.0,0.0,0.0,0.0,0.0,0.0,997.45,,T,test-only,,table,0.23411873
song2014b_10.1021_je500062a_t5,SONG(2014b),co2,rho_gas_loaded,333.33,99.92,0.0,0.0,0.0,0.0,0.0,0.0,989.89,,T,test-only,,table,0.23411873
song2014b_10.1021_je500062a_t5,SONG(2014b),co2,rho_gas_loaded,333.33,110.04,0.0,0.0,0.0,0.0,0.0,0.0,990.23,,T,test-only,,table,0.23411873
song2014b_10.1021_je500062a_t5,SONG(2014b),co2,rho_gas_loaded,333.32,120.14,0.0,0.0,0.0,0.0,0.0,0.0,990.58,,T,test-only,,table,0.23411873
song2014b_10.1021_je500062a_t5,SONG(2014b),co2,rho_gas_loaded,333.28,130.05,0.0,0.0,0.0,0.0,0.0,0.0,990.94,,T,test-only,,table,0.23411873
song2014b_10.1021_je500062a_t5,SONG(2014b),co2,rho_gas_loaded,333.28,140.08,0.0,0.0,0.0,0.0,0.0,0.0,991.28,,T,test-only,,table,0.23411873
song2014b_10.1021_je500062a_t5,SONG(2014b),co2,rho_gas_loaded,333.28,150.06,0.0,0.0,0.0,0.0,0.0,0.0,991.61,,T,test-only,,table,0.23411873
song2014b_10.1021_je500062a_t5,SONG(2014b),co2,rho_gas_loaded,333.31,160.13,0.0,0.0,0.0,0.0,0.0,0.0,991.93,,T,test-only,,table,0.23411873
song2014b_10.1021_je500062a_t5,SONG(2014b),co2,rho_gas_loaded,333.31,170.03,0.0,0.0,0.0,0.0,0.0,0.0,992.27,,T,test-only,,table,0.23411873
song2014b_10.1021_je500062a_t5,SONG(2014b),co2,rho_gas_loaded,333.31,180.06,0.0,0.0,0.0,0.0,0.0,0.0,992.61,,T,test-only,,table,0.23411873
song2014b_10.1021_je500062a_t5,SONG(2014b),co2,rho_gas_loaded,343.24,99.99,0.0,0.0,0.0,0.0,0.0,0.0,984.52,,T,test-only,,table,0.23411873
song2014b_10.1021_je500062a_t5,SONG(2014b),co2,rho_gas_loaded,343.24,109.97,0.0,0.0,0.0,0.0,0.0,0.0,984.87,,T,test-only,,table,0.23411873
song2014b_10.1021_je500062a_t5,SONG(2014b),co2,rho_gas_loaded,343.26,119.94,0.0,0.0,0.0,0.0,0.0,0.0,985.2,,T,test-only,,table,0.23411873
song2014b_10.1021_je500062a_t5,SONG(2014b),co2,rho_gas_loaded,343.28,129.96,0.0,0.0,0.0,0.0,0.0,0.0,985.53,,T,test-only,,table,0.23411873
song2014b_10.1021_je500062a_t5,SONG(2014b),co2,rho_gas_loaded,343.29,140.0,0.0,0.0,0.0,0.0,0.0,0.0,985.86,,T,test-only,,table,0.23411873
song2014b_10.1021_je500062a_t5,SONG(2014b),co2,rho_gas_loaded,343.29,149.96,0.0,0.0,0.0,0.0,0.0,0.0,986.21,,T,test-only,,table,0.23411873
song2014b_10.1021_je500062a_t5,SONG(2014b),co2,rho_gas_loaded,343.22,160.05,0.0,0.0,0.0,0.0,0.0,0.0,986.58,,T,test-only,,table,0.23411873
song2014b_10.1021_je500062a_t5,SONG(2014b),co2,rho_gas_loaded,343.17,169.94,0.0,0.0,0.0,0.0,0.0,0.0,986.96,,T,test-only,,table,0.23411873
song2014b_10.1021_je500062a_t5,SONG(2014b),co2,rho_gas_loaded,343.19,179.95,0.0,0.0,0.0,0.0,0.0,0.0,987.33,,T,test-only,,table,0.23411873
song2014b_10.1021_je500062a_t5,SONG(2014b),co2,rho_gas_loaded,353.3,99.96,0.0,0.0,0.0,0.0,0.0,0.0,978.5,,T,test-only,,table,0.23411873
song2014b_10.1021_je500062a_t5,SONG(2014b),co2,rho_gas_loaded,353.3,110.02,0.0,0.0,0.0,0.0,0.0,0.0,978.85,,T,test-only,,table,0.23411873
song2014b_10.1021_je500062a_t5,SONG(2014b),co2,rho_gas_loaded,353.3,120.11,0.0,0.0,0.0,0.0,0.0,0.0,979.19,,T,test-only,,table,0.23411873
song2014b_10.1021_je500062a_t5,SONG(2014b),co2,rho_gas_loaded,353.29,130.11,0.0,0.0,0.0,0.0,0.0,0.0,979.56,,T,test-only,,table,0.23411873
song2014b_10.1021_je500062a_t5,SONG(2014b),co2,rho_gas_loaded,353.3,140.05,0.0,0.0,0.0,0.0,0.0,0.0,979.9,,T,test-only,,table,0.23411873
song2014b_10.1021_je500062a_t5,SONG(2014b),co2,rho_gas_loaded,353.34,150.11,0.0,0.0,0.0,0.0,0.0,0.0,980.23,,T,test-only,,table,0.23411873
song2014b_10.1021_je500062a_t5,SONG(2014b),co2,rho_gas_loaded,353.34,159.98,0.0,0.0,0.0,0.0,0.0,0.0,980.57,,T,test-only,,table,0.23411873
song2014b_10.1021_je500062a_t5,SONG(2014b),co2,rho_gas_loaded,353.32,169.99,0.0,0.0,0.0,0.0,0.0,0.0,980.94,,T,test-only,,table,0.23411873
song2014b_10.1021_je500062a_t5,SONG(2014b),co2,rho_gas_loaded,353.28,180.01,0.0,0.0,0.0,0.0,0.0,0.0,981.32,,T,test-only,,table,0.23411873
song2014b_10.1021_je500062a_t5,SONG(2014b),co2,rho_gas_loaded,363.28,99.97,0.0,0.0,0.0,0.0,0.0,0.0,972.06,,T,test-only,,table,0.23411873
song2014b_10.1021_je500062a_t5,SONG(2014b),co2,rho_gas_loaded,363.28,109.95,0.0,0.0,0.0,0.0,0.0,0.0,972.42,,T,test-only,,table,0.23411873
song2014b_10.1021_je500062a_t5,SONG(2014b),co2,rho_gas_loaded,363.29,119.93,0.0,0.0,0.0,0.0,0.0,0.0,972.77,,T,test-only,,table,0.23411873
song2014b_10.1021_je500062a_t5,SONG(2014b),co2,rho_gas_loaded,363.29,129.95,0.0,0.0,0.0,0.0,0.0,0.0,973.11,,T,test-only,,table,0.23411873
song2014b_10.1021_je500062a_t5,SONG(2014b),co2,rho_gas_loaded,363.27,139.9,0.0,0.0,0.0,0.0,0.0,0.0,973.5,,T,test-only,,table,0.23411873
song2014b_10.1021_je500062a_t5,SONG(2014b),co2,rho_gas_loaded,363.28,149.96,0.0,0.0,0.0,0.0,0.0,0.0,973.85,,T,test-only,,table,0.23411873
song2014b_10.1021_je500062a_t5,SONG(2014b),co2,rho_gas_loaded,363.3,160.05,0.0,0.0,0.0,0.0,0.0,0.0,974.21,,T,test-only,,table,0.23411873
song2014b_10.1021_je500062a_t5,SONG(2014b),co2,rho_gas_loaded,363.3,170.05,0.0,0.0,0.0,0.0,0.0,0.0,974.56,,T,test-only,,table,0.23411873
song2014b_10.1021_je500062a_t5,SONG(2014b),co2,rho_gas_loaded,363.27,180.06,0.0,0.0,0.0,0.0,0.0,0.0,974.94,,T,test-only,,table,0.23411873
song2014b_10.1021_je500062a_t5,SONG(2014b),co2,rho_gas_loaded,373.2,99.93,0.0,0.0,0.0,0.0,0.0,0.0,965.14,,T,test-only,,table,0.23411873
song2014b_10.1021_je500062a_t5,SONG(2014b),co2,rho_gas_loaded,373.2,109.98,0.0,0.0,0.0,0.0,0.0,0.0,965.51,,T,test-only,,table,0.23411873
song2014b_10.1021_je500062a_t5,SONG(2014b),co2,rho_gas_loaded,373.22,120.09,0.0,0.0,0.0,0.0,0.0,0.0,965.88,,T,test-only,,table,0.23411873
song2014b_10.1021_je500062a_t5,SONG(2014b),co2,rho_gas_loaded,373.23,129.98,0.0,0.0,0.0,0.0,0.0,0.0,966.24,,T,test-only,,table,0.23411873
song2014b_10.1021_je500062a_t5,SONG(2014b),co2,rho_gas_loaded,373.23,140.04,0.0,0.0,0.0,0.0,0.0,0.0,966.62,,T,test-only,,table,0.23411873
song2014b_10.1021_je500062a_t5,SONG(2014b),co2,rho_gas_loaded,373.2,149.99,0.0,0.0,0.0,0.0,0.0,0.0,967.01,,T,test-only,,table,0.23411873
song2014b_10.1021_je500062a_t5,SONG(2014b),co2,rho_gas_loaded,373.2,160.08,0.0,0.0,0.0,0.0,0.0,0.0,967.38,,T,test-only,,table,0.23411873
song2014b_10.1021_je500062a_t5,SONG(2014b),co2,rho_gas_loaded,373.2,169.99,0.0,0.0,0.0,0.0,0.0,0.0,967.75,,T,test-only,,table,0.23411873
song2014b_10.1021_je500062a_t5,SONG(2014b),co2,rho_gas_loaded,373.21,179.91,0.0,0.0,0.0,0.0,0.0,0.0,968.12,,T,test-only,,table,0.23411873
song2014b_10.1021_je500062a_t5,SONG(2014b),co2,rho_gas_loaded,383.3,100.0,0.0,0.0,0.0,0.0,0.0,0.0,957.68,,T,test-only,,table,0.23411873
song2014b_10.1021_je500062a_t5,SONG(2014b),co2,rho_gas_loaded,383.3,109.97,0.0,0.0,0.0,0.0,0.0,0.0,958.06,,T,test-only,,table,0.23411873
song2014b_10.1021_je500062a_t5,SONG(2014b),co2,rho_gas_loaded,383.27,120.06,0.0,0.0,0.0,0.0,0.0,0.0,958.48,,T,test-only,,table,0.23411873
song2014b_10.1021_je500062a_t5,SONG(2014b),co2,rho_gas_loaded,383.25,129.95,0.0,0.0,0.0,0.0,0.0,0.0,958.88,,T,test-only,,table,0.23411873
song2014b_10.1021_je500062a_t5,SONG(2014b),co2,rho_gas_loaded,383.29,139.99,0.0,0.0,0.0,0.0,0.0,0.0,959.23,,T,test-only,,table,0.23411873
song2014b_10.1021_je500062a_t5,SONG(2014b),co2,rho_gas_loaded,383.34,149.96,0.0,0.0,0.0,0.0,0.0,0.0,959.6,,T,test-only,,table,0.23411873
song2014b_10.1021_je500062a_t5,SONG(2014b),co2,rho_gas_loaded,383.3,159.95,0.0,0.0,0.0,0.0,0.0,0.0,960.01,,T,test-only,,table,0.23411873
song2014b_10.1021_je500062a_t5,SONG(2014b),co2,rho_gas_loaded,383.34,169.96,0.0,0.0,0.0,0.0,0.0,0.0,960.38,,T,test-only,,table,0.23411873
song2014b_10.1021_je500062a_t5,SONG(2014b),co2,rho_gas_loaded,383.32,179.97,0.0,0.0,0.0,0.0,0.0,0.0,960.78,,T,test-only,,table,0.23411873
song2014b_10.1021_je500062a_t5,SONG(2014b),co2,rho_gas_loaded,393.19,100.06,0.0,0.0,0.0,0.0,0.0,0.0,950.18,,T,test-only,,table,0.23411873
song2014b_10.1021_je500062a_t5,SONG(2014b),co2,rho_gas_loaded,393.2,109.97,0.0,0.0,0.0,0.0,0.0,0.0,950.61,,T,test-only,,table,0.23411873
song2014b_10.1021_je500062a_t5,SONG(2014b),co2,rho_gas_loaded,393.18,120.07,0.0,0.0,0.0,0.0,0.0,0.0,951.05,,T,test-only,,table,0.23411873
song2014b_10.1021_je500062a_t5,SONG(2014b),co2,rho_gas_loaded,393.17,129.97,0.0,0.0,0.0,0.0,0.0,0.0,951.44,,T,test-only,,table,0.23411873
song2014b_10.1021_je500062a_t5,SONG(2014b),co2,rho_gas_loaded,393.15,140.01,0.0,0.0,0.0,0.0,0.0,0.0,951.88,,T,test-only,,table,0.23411873
song2014b_10.1021_je500062a_t5,SONG(2014b),co2,rho_gas_loaded,393.19,150.07,0.0,0.0,0.0,0.0,0.0,0.0,952.24,,T,test-only,,table,0.23411873
song2014b_10.1021_je500062a_t5,SONG(2014b),co2,rho_gas_loaded,393.2,160.07,0.0,0.0,0.0,0.0,0.0,0.0,952.62,,T,test-only,,table,0.23411873
song2014b_10.1021_je500062a_t5,SONG(2014b),co2,rho_gas_loaded,393.2,170.1,0.0,0.0,0.0,0.0,0.0,0.0,953.05,,T,test-only,,table,0.23411873
song2014b_10.1021_je500062a_t5,SONG(2014b),co2,rho_gas_loaded,393.17,180.01,0.0,0.0,0.0,0.0,0.0,0.0,953.44,,T,test-only,,table,0.23411873
song2014b_10.1021_je500062a_t5,SONG(2014b),co2,rho_gas_loaded,403.16,99.98,0.0,0.0,0.0,0.0,0.0,0.0,942.06,,T,test-only,,table,0.23411873
song2014b_10.1021_je500062a_t5,SONG(2014b),co2,rho_gas_loaded,403.17,109.97,0.0,0.0,0.0,0.0,0.0,0.0,942.48,,T,test-only,,table,0.23411873
song2014b_10.1021_je500062a_t5,SONG(2014b),co2,rho_gas_loaded,403.14,119.96,0.0,0.0,0.0,0.0,0.0,0.0,942.93,,T,test-only,,table,0.23411873
song2014b_10.1021_je500062a_t5,SONG(2014b),co2,rho_gas_loaded,403.14,129.97,0.0,0.0,0.0,0.0,0.0,0.0,943.37,,T,test-only,,table,0.23411873
song2014b_10.1021_je500062a_t5,SONG(2014b),co2,rho_gas_loaded,403.17,140.02,0.0,0.0,0.0,0.0,0.0,0.0,943.78,,T,test-only,,table,0.23411873
song2014b_10.1021_je500062a_t5,SONG(2014b),co2,rho_gas_loaded,403.19,149.98,0.0,0.0,0.0,0.0,0.0,0.0,944.15,,T,test-only,,table,0.23411873
song2014b_10.1021_je500062a_t5,SONG(2014b),co2,rho_gas_loaded,403.17,160.07,0.0,0.0,0.0,0.0,0.0,0.0,944.6,,T,test-only,,table,0.23411873
song2014b_10.1021_je500062a_t5,SONG(2014b),co2,rho_gas_loaded,403.14,169.98,0.0,0.0,0.0,0.0,0.0,0.0,945.06,,T,test-only,,table,0.23411873
song2014b_10.1021_je500062a_t5,SONG(2014b),co2,rho_gas_loaded,403.14,180.08,0.0,0.0,0.0,0.0,0.0,0.0,945.46,,T,test-only,,table,0.23411873
song2014b_10.1021_je500062a_t5,SONG(2014b),co2,rho_gas_loaded,413.19,100.01,0.0,0.0,0.0,0.0,0.0,0.0,933.34,,T,test-only,,table,0.23411873
song2014b_10.1021_je500062a_t5,SONG(2014b),co2,rho_gas_loaded,413.16,109.97,0.0,0.0,0.0,0.0,0.0,0.0,933.83,,T,test-only,,table,0.23411873
song2014b_10.1021_je500062a_t5,SONG(2014b),co2,rho_gas_loaded,413.14,120.06,0.0,0.0,0.0,0.0,0.0,0.0,934.27,,T,test-only,,table,0.23411873
song2014b_10.1021_je500062a_t5,SONG(2014b),co2,rho_gas_loaded,413.18,130.08,0.0,0.0,0.0,0.0,0.0,0.0,934.72,,T,test-only,,table,0.23411873
song2014b_10.1021_je500062a_t5,SONG(2014b),co2,rho_gas_loaded,413.19,140.02,0.0,0.0,0.0,0.0,0.0,0.0,935.18,,T,test-only,,table,0.23411873
song2014b_10.1021_je500062a_t5,SONG(2014b),co2,rho_gas_loaded,413.21,150.1,0.0,0.0,0.0,0.0,0.0,0.0,935.61,,T,test-only,,table,0.23411873
song2014b_10.1021_je500062a_t5,SONG(2014b),co2,rho_gas_loaded,413.19,160.0,0.0,0.0,0.0,0.0,0.0,0.0,936.05,,T,test-only,,table,0.23411873
song2014b_10.1021_je500062a_t5,SONG(2014b),co2,rho_gas_loaded,413.19,169.97,0.0,0.0,0.0,0.0,0.0,0.0,936.48,,T,test-only,,table,0.23411873
song2014b_10.1021_je500062a_t5,SONG(2014b),co2,rho_gas_loaded,413.18,180.01,0.0,0.0,0.0,0.0,0.0,0.0,936.95,,T,test-only,,table,0.23411873
song2014b_10.1021_je500062a_t5,SONG(2014b),co2,rho_gas_loaded,274.15,99.98,0.0,0.0,0.0,0.0,0.0,0.0,1008.48,,T,test-only,,table,0.47022071
song2014b_10.1021_je500062a_t5,SONG(2014b),co2,rho_gas_loaded,274.19,110.02,0.0,0.0,0.0,0.0,0.0,0.0,1008.86,,T,test-only,,table,0.47022071
song2014b_10.1021_je500062a_t5,SONG(2014b),co2,rho_gas_loaded,274.24,120.02,0.0,0.0,0.0,0.0,0.0,0.0,1009.26,,T,test-only,,table,0.47022071
song2014b_10.1021_je500062a_t5,SONG(2014b),co2,rho_gas_loaded,274.24,130.01,0.0,0.0,0.0,0.0,0.0,0.0,1009.66,,T,test-only,,table,0.47022071
song2014b_10.1021_je500062a_t5,SONG(2014b),co2,rho_gas_loaded,274.22,140.04,0.0,0.0,0.0,0.0,0.0,0.0,1010.04,,T,test-only,,table,0.47022071
song2014b_10.1021_je500062a_t5,SONG(2014b),co2,rho_gas_loaded,274.19,150.01,0.0,0.0,0.0,0.0,0.0,0.0,1010.42,,T,test-only,,table,0.47022071
song2014b_10.1021_je500062a_t5,SONG(2014b),co2,rho_gas_loaded,274.17,159.97,0.0,0.0,0.0,0.0,0.0,0.0,1010.81,,T,test-only,,table,0.47022071
song2014b_10.1021_je500062a_t5,SONG(2014b),co2,rho_gas_loaded,274.18,169.99,0.0,0.0,0.0,0.0,0.0,0.0,1011.2,,T,test-only,,table,0.47022071
song2014b_10.1021_je500062a_t5,SONG(2014b),co2,rho_gas_loaded,274.21,180.0,0.0,0.0,0.0,0.0,0.0,0.0,1011.58,,T,test-only,,table,0.47022071
song2014b_10.1021_je500062a_t5,SONG(2014b),co2,rho_gas_loaded,276.25,100.03,0.0,0.0,0.0,0.0,0.0,0.0,1008.46,,T,test-only,,table,0.47022071
song2014b_10.1021_je500062a_t5,SONG(2014b),co2,rho_gas_loaded,276.25,109.97,0.0,0.0,0.0,0.0,0.0,0.0,1008.83,,T,test-only,,table,0.47022071
song2014b_10.1021_je500062a_t5,SONG(2014b),co2,rho_gas_loaded,276.24,119.96,0.0,0.0,0.0,0.0,0.0,0.0,1009.21,,T,test-only,,table,0.47022071
song2014b_10.1021_je500062a_t5,SONG(2014b),co2,rho_gas_loaded,276.24,129.95,0.0,0.0,0.0,0.0,0.0,0.0,1009.6,,T,test-only,,table,0.47022071
song2014b_10.1021_je500062a_t5,SONG(2014b),co2,rho_gas_loaded,276.25,139.98,0.0,0.0,0.0,0.0,0.0,0.0,1009.99,,T,test-only,,table,0.47022071
song2014b_10.1021_je500062a_t5,SONG(2014b),co2,rho_gas_loaded,276.26,150.04,0.0,0.0,0.0,0.0,0.0,0.0,1010.37,,T,test-only,,table,0.47022071
song2014b_10.1021_je500062a_t5,SONG(2014b),co2,rho_gas_loaded,276.25,159.99,0.0,0.0,0.0,0.0,0.0,0.0,1010.75,,T,test-only,,table,0.47022071
song2014b_10.1021_je500062a_t5,SONG(2014b),co2,rho_gas_loaded,276.24,169.99,0.0,0.0,0.0,0.0,0.0,0.0,1011.13,,T,test-only,,table,0.47022071
song2014b_10.1021_je500062a_t5,SONG(2014b),co2,rho_gas_loaded,276.24,179.97,0.0,0.0,0.0,0.0,0.0,0.0,1011.52,,T,test-only,,table,0.47022071
song2014b_10.1021_je500062a_t5,SONG(2014b),co2,rho_gas_loaded,278.09,99.99,0.0,0.0,0.0,0.0,0.0,0.0,1008.42,,T,test-only,,table,0.47022071
song2014b_10.1021_je500062a_t5,SONG(2014b),co2,rho_gas_loaded,278.13,110.04,0.0,0.0,0.0,0.0,0.0,0.0,1008.8,,T,test-only,,table,0.47022071
song2014b_10.1021_je500062a_t5,SONG(2014b),co2,rho_gas_loaded,278.15,120.04,0.0,0.0,0.0,0.0,0.0,0.0,1009.18,,T,test-only,,table,0.47022071
song2014b_10.1021_je500062a_t5,SONG(2014b),co2,rho_gas_loaded,278.14,130.05,0.0,0.0,0.0,0.0,0.0,0.0,1009.55,,T,test-only,,table,0.47022071
song2014b_10.1021_je500062a_t5,SONG(2014b),co2,rho_gas_loaded,278.13,139.98,0.0,0.0,0.0,0.0,0.0,0.0,1009.93,,T,test-only,,table,0.47022071
song2014b_10.1021_je500062a_t5,SONG(2014b),co2,rho_gas_loaded,278.13,150.06,0.0,0.0,0.0,0.0,0.0,0.0,1010.31,,T,test-only,,table,0.47022071
song2014b_10.1021_je500062a_t5,SONG(2014b),co2,rho_gas_loaded,278.12,160.03,0.0,0.0,0.0,0.0,0.0,0.0,1010.69,,T,test-only,,table,0.47022071
song2014b_10.1021_je500062a_t5,SONG(2014b),co2,rho_gas_loaded,278.12,170.05,0.0,0.0,0.0,0.0,0.0,0.0,1011.06,,T,test-only,,table,0.47022071
song2014b_10.1021_je500062a_t5,SONG(2014b),co2,rho_gas_loaded,278.13,179.97,0.0,0.0,0.0,0.0,0.0,0.0,1011.44,,T,test-only,,table,0.47022071
song2014b_10.1021_je500062a_t5,SONG(2014b),co2,rho_gas_loaded,283.15,99.97,0.0,0.0,0.0,0.0,0.0,0.0,1008.09,,T,test-only,,table,0.47022071
song2014b_10.1021_je500062a_t5,SONG(2014b),co2,rho_gas_loaded,283.14,110.02,0.0,0.0,0.0,0.0,0.0,0.0,1008.47,,T,test-only,,table,0.47022071
song2014b_10.1021_je500062a_t5,SONG(2014b),co2,rho_gas_loaded,283.15,120.02,0.0,0.0,0.0,0.0,0.0,0.0,1008.84,,T,test-only,,table,0.47022071
song2014b_10.1021_je500062a_t5,SONG(2014b),co2,rho_gas_loaded,283.15,130.02,0.0,0.0,0.0,0.0,0.0,0.0,1009.2,,T,test-only,,table,0.47022071
song2014b_10.1021_je500062a_t5,SONG(2014b),co2,rho_gas_loaded,283.15,140.05,0.0,0.0,0.0,0.0,0.0,0.0,1009.57,,T,test-only,,table,0.47022071
song2014b_10.1021_je500062a_t5,SONG(2014b),co2,rho_gas_loaded,283.15,149.93,0.0,0.0,0.0,0.0,0.0,0.0,1009.93,,T,test-only,,table,0.47022071
song2014b_10.1021_je500062a_t5,SONG(2014b),co2,rho_gas_loaded,283.15,160.01,0.0,0.0,0.0,0.0,0.0,0.0,1010.3,,T,test-only,,table,0.47022071
song2014b_10.1021_je500062a_t5,SONG(2014b),co2,rho_gas_loaded,283.15,170.04,0.0,0.0,0.0,0.0,0.0,0.0,1010.66,,T,test-only,,table,0.47022071
song2014b_10.1021_je500062a_t5,SONG(2014b),co2,rho_gas_loaded,283.14,180.06,0.0,0.0,0.0,0.0,0.0,0.0,1011.02,,T,test-only,,table,0.47022071
song2014b_10.1021_je500062a_t5,SONG(2014b),co2,rho_gas_loaded,293.1,100.05,0.0,0.0,0.0,0.0,0.0,0.0,1006.43,,T,test-only,,table,0.47022071
song2014b_10.1021_je500062a_t5,SONG(2014b),co2,rho_gas_loaded,293.11,110.0,0.0,0.0,0.0,0.0,0.0,0.0,1006.78,,T,test-only,,table,0.47022071
song2014b_10.1021_je500062a_t5,SONG(2014b),co2,rho_gas_loaded,293.09,119.99,0.0,0.0,0.0,0.0,0.0,0.0,1007.14,,T,test-only,,table,0.47022071
song2014b_10.1021_je500062a_t5,SONG(2014b),co2,rho_gas_loaded,293.11,129.98,0.0,0.0,0.0,0.0,0.0,0.0,1007.49,,T,test-only,,table,0.47022071
song2014b_10.1021_je500062a_t5,SONG(2014b),co2,rho_gas_loaded,293.12,140.02,0.0,0.0,0.0,0.0,0.0,0.0,1007.83,,T,test-only,,table,0.47022071
song2014b_10.1021_je500062a_t5,SONG(2014b),co2,rho_gas_loaded,293.11,149.99,0.0,0.0,0.0,0.0,0.0,0.0,1008.19,,T,test-only,,table,0.47022071
song2014b_10.1021_je500062a_t5,SONG(2014b),co2,rho_gas_loaded,293.1,160.06,0.0,0.0,0.0,0.0,0.0,0.0,1008.54,,T,test-only,,table,0.47022071
song2014b_10.1021_je500062a_t5,SONG(2014b),co2,rho_gas_loaded,293.1,170.06,0.0,0.0,0.0,0.0,0.0,0.0,1008.89,,T,test-only,,table,0.47022071
song2014b_10.1021_je500062a_t5,SONG(2014b),co2,rho_gas_loaded,293.09,180.05,0.0,0.0,0.0,0.0,0.0,0.0,1009.24,,T,test-only,,table,0.47022071
song2014b_10.1021_je500062a_t5,SONG(2014b),co2,rho_gas_loaded,303.2,100.04,0.0,0.0,0.0,0.0,0.0,0.0,1003.79,,T,test-only,,table,0.47022071
song2014b_10.1021_je500062a_t5,SONG(2014b),co2,rho_gas_loaded,303.23,109.99,0.0,0.0,0.0,0.0,0.0,0.0,1004.12,,T,test-only,,table,0.47022071
song2014b_10.1021_je500062a_t5,SONG(2014b),co2,rho_gas_loaded,303.21,119.99,0.0,0.0,0.0,0.0,0.0,0.0,1004.47,,T,test-only,,table,0.47022071
song2014b_10.1021_je500062a_t5,SONG(2014b),co2,rho_gas_loaded,303.19,129.99,0.0,0.0,0.0,0.0,0.0,0.0,1004.82,,T,test-only,,table,0.47022071
song2014b_10.1021_je500062a_t5,SONG(2014b),co2,rho_gas_loaded,303.19,140.05,0.0,0.0,0.0,0.0,0.0,0.0,1005.16,,T,test-only,,table,0.47022071
song2014b_10.1021_je500062a_t5,SONG(2014b),co2,rho_gas_loaded,303.19,150.0,0.0,0.0,0.0,0.0,0.0,0.0,1005.5,,T,test-only,,table,0.47022071
song2014b_10.1021_je500062a_t5,SONG(2014b),co2,rho_gas_loaded,303.19,159.99,0.0,0.0,0.0,0.0,0.0,0.0,1005.83,,T,test-only,,table,0.47022071
song2014b_10.1021_je500062a_t5,SONG(2014b),co2,rho_gas_loaded,303.19,170.0,0.0,0.0,0.0,0.0,0.0,0.0,1006.17,,T,test-only,,table,0.47022071
song2014b_10.1021_je500062a_t5,SONG(2014b),co2,rho_gas_loaded,303.2,180.03,0.0,0.0,0.0,0.0,0.0,0.0,1006.51,,T,test-only,,table,0.47022071
song2014b_10.1021_je500062a_t5,SONG(2014b),co2,rho_gas_loaded,313.21,100.05,0.0,0.0,0.0,0.0,0.0,0.0,1000.3,,T,test-only,,table,0.47022071
song2014b_10.1021_je500062a_t5,SONG(2014b),co2,rho_gas_loaded,313.21,110.02,0.0,0.0,0.0,0.0,0.0,0.0,1000.64,,T,test-only,,table,0.47022071
song2014b_10.1021_je500062a_t5,SONG(2014b),co2,rho_gas_loaded,313.21,119.99,0.0,0.0,0.0,0.0,0.0,0.0,1000.97,,T,test-only,,table,0.47022071
song2014b_10.1021_je500062a_t5,SONG(2014b),co2,rho_gas_loaded,313.22,129.99,0.0,0.0,0.0,0.0,0.0,0.0,1001.31,,T,test-only,,table,0.47022071
song2014b_10.1021_je500062a_t5,SONG(2014b),co2,rho_gas_loaded,313.23,140.03,0.0,0.0,0.0,0.0,0.0,0.0,1001.64,,T,test-only,,table,0.47022071
song2014b_10.1021_je500062a_t5,SONG(2014b),co2,rho_gas_loaded,313.24,149.97,0.0,0.0,0.0,0.0,0.0,0.0,1001.98,,T,test-only,,table,0.47022071
song2014b_10.1021_je500062a_t5,SONG(2014b),co2,rho_gas_loaded,313.23,160.04,0.0,0.0,0.0,0.0,0.0,0.0,1002.31,,T,test-only,,table,0.47022071
song2014b_10.1021_je500062a_t5,SONG(2014b),co2,rho_gas_loaded,313.22,170.03,0.0,0.0,0.0,0.0,0.0,0.0,1002.66,,T,test-only,,table,0.47022071
song2014b_10.1021_je500062a_t5,SONG(2014b),co2,rho_gas_loaded,313.23,180.02,0.0,0.0,0.0,0.0,0.0,0.0,1002.98,,T,test-only,,table,0.47022071
song2014b_10.1021_je500062a_t5,SONG(2014b),co2,rho_gas_loaded,323.24,99.96,0.0,0.0,0.0,0.0,0.0,0.0,996.08,,T,test-only,,table,0.47022071
song2014b_10.1021_je500062a_t5,SONG(2014b),co2,rho_gas_loaded,323.31,110.03,0.0,0.0,0.0,0.0,0.0,0.0,996.38,,T,test-only,,table,0.47022071
song2014b_10.1021_je500062a_t5,SONG(2014b),co2,rho_gas_loaded,323.31,120.04,0.0,0.0,0.0,0.0,0.0,0.0,996.72,,T,test-only,,table,0.47022071
song2014b_10.1021_je500062a_t5,SONG(2014b),co2,rho_gas_loaded,323.22,130.05,0.0,0.0,0.0,0.0,0.0,0.0,997.1,,T,test-only,,table,0.47022071
song2014b_10.1021_je500062a_t5,SONG(2014b),co2,rho_gas_loaded,323.18,140.0,0.0,0.0,0.0,0.0,0.0,0.0,997.45,,T,test-only,,table,0.47022071
song2014b_10.1021_je500062a_t5,SONG(2014b),co2,rho_gas_loaded,323.2,149.98,0.0,0.0,0.0,0.0,0.0,0.0,997.77,,T,test-only,,table,0.47022071
song2014b_10.1021_je500062a_t5,SONG(2014b),co2,rho_gas_loaded,323.24,160.07,0.0,0.0,0.0,0.0,0.0,0.0,998.09,,T,test-only,,table,0.47022071
song2014b_10.1021_je500062a_t5,SONG(2014b),co2,rho_gas_loaded,323.24,169.99,0.0,0.0,0.0,0.0,0.0,0.0,998.41,,T,test-only,,table,0.47022071
song2014b_10.1021_je500062a_t5,SONG(2014b),co2,rho_gas_loaded,323.25,180.04,0.0,0.0,0.0,0.0,0.0,0.0,998.76,,T,test-only,,table,0.47022071
song2014b_10.1021_je500062a_t5,SONG(2014b),co2,rho_gas_loaded,333.3,100.03,0.0,0.0,0.0,0.0,0.0,0.0,991.28,,T,test-only,,table,0.47022071
song2014b_10.1021_je500062a_t5,SONG(2014b),co2,rho_gas_loaded,333.29,110.1,0.0,0.0,0.0,0.0,0.0,0.0,991.63,,T,test-only,,table,0.47022071
song2014b_10.1021_je500062a_t5,SONG(2014b),co2,rho_gas_loaded,333.27,120.08,0.0,0.0,0.0,0.0,0.0,0.0,991.98,,T,test-only,,table,0.47022071
song2014b_10.1021_je500062a_t5,SONG(2014b),co2,rho_gas_loaded,333.26,129.98,0.0,0.0,0.0,0.0,0.0,0.0,992.32,,T,test-only,,table,0.47022071
song2014b_10.1021_je500062a_t5,SONG(2014b),co2,rho_gas_loaded,333.3,139.92,0.0,0.0,0.0,0.0,0.0,0.0,992.64,,T,test-only,,table,0.47022071
song2014b_10.1021_je500062a_t5,SONG(2014b),co2,rho_gas_loaded,333.31,149.99,0.0,0.0,0.0,0.0,0.0,0.0,992.98,,T,test-only,,table,0.47022071
song2014b_10.1021_je500062a_t5,SONG(2014b),co2,rho_gas_loaded,333.31,160.07,0.0,0.0,0.0,0.0,0.0,0.0,993.32,,T,test-only,,table,0.47022071
song2014b_10.1021_je500062a_t5,SONG(2014b),co2,rho_gas_loaded,333.3,170.06,0.0,0.0,0.0,0.0,0.0,0.0,993.66,,T,test-only,,table,0.47022071
song2014b_10.1021_je500062a_t5,SONG(2014b),co2,rho_gas_loaded,333.3,180.06,0.0,0.0,0.0,0.0,0.0,0.0,993.99,,T,test-only,,table,0.47022071
song2014b_10.1021_je500062a_t5,SONG(2014b),co2,rho_gas_loaded,343.13,99.93,0.0,0.0,0.0,0.0,0.0,0.0,985.98,,T,test-only,,table,0.47022071
song2014b_10.1021_je500062a_t5,SONG(2014b),co2,rho_gas_loaded,343.16,110.01,0.0,0.0,0.0,0.0,0.0,0.0,986.32,,T,test-only,,table,0.47022071
song2014b_10.1021_je500062a_t5,SONG(2014b),co2,rho_gas_loaded,343.14,120.01,0.0,0.0,0.0,0.0,0.0,0.0,986.67,,T,test-only,,table,0.47022071
song2014b_10.1021_je500062a_t5,SONG(2014b),co2,rho_gas_loaded,343.1,130.03,0.0,0.0,0.0,0.0,0.0,0.0,987.04,,T,test-only,,table,0.47022071
song2014b_10.1021_je500062a_t5,SONG(2014b),co2,rho_gas_loaded,343.09,139.99,0.0,0.0,0.0,0.0,0.0,0.0,987.4,,T,test-only,,table,0.47022071
song2014b_10.1021_je500062a_t5,SONG(2014b),co2,rho_gas_loaded,343.08,149.97,0.0,0.0,0.0,0.0,0.0,0.0,987.74,,T,test-only,,table,0.47022071
song2014b_10.1021_je500062a_t5,SONG(2014b),co2,rho_gas_loaded,343.09,160.08,0.0,0.0,0.0,0.0,0.0,0.0,988.07,,T,test-only,,table,0.47022071
song2014b_10.1021_je500062a_t5,SONG(2014b),co2,rho_gas_loaded,343.1,169.94,0.0,0.0,0.0,0.0,0.0,0.0,988.42,,T,test-only,,table,0.47022071
song2014b_10.1021_je500062a_t5,SONG(2014b),co2,rho_gas_loaded,343.11,179.96,0.0,0.0,0.0,0.0,0.0,0.0,988.79,,T,test-only,,table,0.47022071
song2014b_10.1021_je500062a_t5,SONG(2014b),co2,rho_gas_loaded,353.19,100.06,0.0,0.0,0.0,0.0,0.0,0.0,979.86,,T,test-only,,table,0.47022071
song2014b_10.1021_je500062a_t5,SONG(2014b),co2,rho_gas_loaded,353.2,110.02,0.0,0.0,0.0,0.0,0.0,0.0,980.2,,T,test-only,,table,0.47022071
song2014b_10.1021_je500062a_t5,SONG(2014b),co2,rho_gas_loaded,353.22,120.02,0.0,0.0,0.0,0.0,0.0,0.0,980.54,,T,test-only,,table,0.47022071
song2014b_10.1021_je500062a_t5,SONG(2014b),co2,rho_gas_loaded,353.21,129.94,0.0,0.0,0.0,0.0,0.0,0.0,980.89,,T,test-only,,table,0.47022071
song2014b_10.1021_je500062a_t5,SONG(2014b),co2,rho_gas_loaded,353.22,139.98,0.0,0.0,0.0,0.0,0.0,0.0,981.26,,T,test-only,,table,0.47022071
song2014b_10.1021_je500062a_t5,SONG(2014b),co2,rho_gas_loaded,353.25,150.03,0.0,0.0,0.0,0.0,0.0,0.0,981.58,,T,test-only,,table,0.47022071
song2014b_10.1021_je500062a_t5,SONG(2014b),co2,rho_gas_loaded,353.28,160.02,0.0,0.0,0.0,0.0,0.0,0.0,981.91,,T,test-only,,table,0.47022071
song2014b_10.1021_je500062a_t5,SONG(2014b),co2,rho_gas_loaded,353.24,170.01,0.0,0.0,0.0,0.0,0.0,0.0,982.28,,T,test-only,,table,0.47022071
song2014b_10.1021_je500062a_t5,SONG(2014b),co2,rho_gas_loaded,353.21,180.02,0.0,0.0,0.0,0.0,0.0,0.0,982.66,,T,test-only,,table,0.47022071
song2014b_10.1021_je500062a_t5,SONG(2014b),co2,rho_gas_loaded,363.09,99.97,0.0,0.0,0.0,0.0,0.0,0.0,973.37,,T,test-only,,table,0.47022071
song2014b_10.1021_je500062a_t5,SONG(2014b),co2,rho_gas_loaded,363.07,110.04,0.0,0.0,0.0,0.0,0.0,0.0,973.74,,T,test-only,,table,0.47022071
song2014b_10.1021_je500062a_t5,SONG(2014b),co2,rho_gas_loaded,363.09,120.02,0.0,0.0,0.0,0.0,0.0,0.0,974.09,,T,test-only,,table,0.47022071
song2014b_10.1021_je500062a_t5,SONG(2014b),co2,rho_gas_loaded,363.1,130.04,0.0,0.0,0.0,0.0,0.0,0.0,974.45,,T,test-only,,table,0.47022071
song2014b_10.1021_je500062a_t5,SONG(2014b),co2,rho_gas_loaded,363.1,140.09,0.0,0.0,0.0,0.0,0.0,0.0,974.81,,T,test-only,,table,0.47022071
song2014b_10.1021_je500062a_t5,SONG(2014b),co2,rho_gas_loaded,363.1,149.95,0.0,0.0,0.0,0.0,0.0,0.0,975.18,,T,test-only,,table,0.47022071
song2014b_10.1021_je500062a_t5,SONG(2014b),co2,rho_gas_loaded,363.1,159.97,0.0,0.0,0.0,0.0,0.0,0.0,975.53,,T,test-only,,table,0.47022071
song2014b_10.1021_je500062a_t5,SONG(2014b),co2,rho_gas_loaded,363.11,169.98,0.0,0.0,0.0,0.0,0.0,0.0,975.88,,T,test-only,,table,0.47022071
song2014b_10.1021_je500062a_t5,SONG(2014b),co2,rho_gas_loaded,363.13,180.03,0.0,0.0,0.0,0.0,0.0,0.0,976.23,,T,test-only,,table,0.47022071
song2014b_10.1021_je500062a_t5,SONG(2014b),co2,rho_gas_loaded,373.07,99.97,0.0,0.0,0.0,0.0,0.0,0.0,966.61,,T,test-only,,table,0.47022071
song2014b_10.1021_je500062a_t5,SONG(2014b),co2,rho_gas_loaded,373.08,109.96,0.0,0.0,0.0,0.0,0.0,0.0,966.97,,T,test-only,,table,0.47022071
song2014b_10.1021_je500062a_t5,SONG(2014b),co2,rho_gas_loaded,373.1,119.96,0.0,0.0,0.0,0.0,0.0,0.0,967.34,,T,test-only,,table,0.47022071
song2014b_10.1021_je500062a_t5,SONG(2014b),co2,rho_gas_loaded,373.11,129.98,0.0,0.0,0.0,0.0,0.0,0.0,967.72,,T,test-only,,table,0.47022071
song2014b_10.1021_je500062a_t5,SONG(2014b),co2,rho_gas_loaded,373.1,140.01,0.0,0.0,0.0,0.0,0.0,0.0,968.09,,T,test-only,,table,0.47022071
song2014b_10.1021_je500062a_t5,SONG(2014b),co2,rho_gas_loaded,373.1,149.98,0.0,0.0,0.0,0.0,0.0,0.0,968.47,,T,test-only,,table,0.47022071
song2014b_10.1021_je500062a_t5,SONG(2014b),co2,rho_gas_loaded,373.11,160.06,0.0,0.0,0.0,0.0,0.0,0.0,968.85,,T,test-only,,table,0.47022071
song2014b_10.1021_je500062a_t5,SONG(2014b),co2,rho_gas_loaded,373.1,169.94,0.0,0.0,0.0,0.0,0.0,0.0,969.23,,T,test-only,,table,0.47022071
song2014b_10.1021_je500062a_t5,SONG(2014b),co2,rho_gas_loaded,373.1,179.97,0.0,0.0,0.0,0.0,0.0,0.0,969.59,,T,test-only,,table,0.47022071
song2014b_10.1021_je500062a_t5,SONG(2014b),co2,rho_gas_loaded,383.16,99.98,0.0,0.0,0.0,0.0,0.0,0.0,958.96,,T,test-only,,table,0.47022071
song2014b_10.1021_je500062a_t5,SONG(2014b),co2,rho_gas_loaded,383.15,110.07,0.0,0.0,0.0,0.0,0.0,0.0,959.36,,T,test-only,,table,0.47022071
song2014b_10.1021_je500062a_t5,SONG(2014b),co2,rho_gas_loaded,383.15,120.05,0.0,0.0,0.0,0.0,0.0,0.0,959.75,,T,test-only,,table,0.47022071
song2014b_10.1021_je500062a_t5,SONG(2014b),co2,rho_gas_loaded,383.14,129.97,0.0,0.0,0.0,0.0,0.0,0.0,960.13,,T,test-only,,table,0.47022071
song2014b_10.1021_je500062a_t5,SONG(2014b),co2,rho_gas_loaded,383.15,140.01,0.0,0.0,0.0,0.0,0.0,0.0,960.52,,T,test-only,,table,0.47022071
song2014b_10.1021_je500062a_t5,SONG(2014b),co2,rho_gas_loaded,383.15,149.98,0.0,0.0,0.0,0.0,0.0,0.0,960.91,,T,test-only,,table,0.47022071
song2014b_10.1021_je500062a_t5,SONG(2014b),co2,rho_gas_loaded,383.15,159.98,0.0,0.0,0.0,0.0,0.0,0.0,961.29,,T,test-only,,table,0.47022071
song2014b_10.1021_je500062a_t5,SONG(2014b),co2,rho_gas_loaded,383.14,170.0,0.0,0.0,0.0,0.0,0.0,0.0,961.69,,T,test-only,,table,0.47022071
song2014b_10.1021_je500062a_t5,SONG(2014b),co2,rho_gas_loaded,383.15,180.05,0.0,0.0,0.0,0.0,0.0,0.0,962.06,,T,test-only,,table,0.47022071
song2014b_10.1021_je500062a_t5,SONG(2014b),co2,rho_gas_loaded,393.16,99.97,0.0,0.0,0.0,0.0,0.0,0.0,951.15,,T,test-only,,table,0.47022071
song2014b_10.1021_je500062a_t5,SONG(2014b),co2,rho_gas_loaded,393.18,110.06,0.0,0.0,0.0,0.0,0.0,0.0,951.56,,T,test-only,,table,0.47022071
song2014b_10.1021_je500062a_t5,SONG(2014b),co2,rho_gas_loaded,393.16,120.04,0.0,0.0,0.0,0.0,0.0,0.0,951.95,,T,test-only,,table,0.47022071
song2014b_10.1021_je500062a_t5,SONG(2014b),co2,rho_gas_loaded,393.19,129.96,0.0,0.0,0.0,0.0,0.0,0.0,952.38,,T,test-only,,table,0.47022071
song2014b_10.1021_je500062a_t5,SONG(2014b),co2,rho_gas_loaded,393.22,140.0,0.0,0.0,0.0,0.0,0.0,0.0,952.74,,T,test-only,,table,0.47022071
song2014b_10.1021_je500062a_t5,SONG(2014b),co2,rho_gas_loaded,393.21,149.96,0.0,0.0,0.0,0.0,0.0,0.0,953.18,,T,test-only,,table,0.47022071
song2014b_10.1021_je500062a_t5,SONG(2014b),co2,rho_gas_loaded,393.2,160.05,0.0,0.0,0.0,0.0,0.0,0.0,953.58,,T,test-only,,table,0.47022071
song2014b_10.1021_je500062a_t5,SONG(2014b),co2,rho_gas_loaded,393.2,170.03,0.0,0.0,0.0,0.0,0.0,0.0,954.02,,T,test-only,,table,0.47022071
song2014b_10.1021_je500062a_t5,SONG(2014b),co2,rho_gas_loaded,393.19,180.04,0.0,0.0,0.0,0.0,0.0,0.0,954.42,,T,test-only,,table,0.47022071
song2014b_10.1021_je500062a_t5,SONG(2014b),co2,rho_gas_loaded,403.17,99.96,0.0,0.0,0.0,0.0,0.0,0.0,942.86,,T,test-only,,table,0.47022071
song2014b_10.1021_je500062a_t5,SONG(2014b),co2,rho_gas_loaded,403.18,110.05,0.0,0.0,0.0,0.0,0.0,0.0,943.29,,T,test-only,,table,0.47022071
song2014b_10.1021_je500062a_t5,SONG(2014b),co2,rho_gas_loaded,403.17,119.92,0.0,0.0,0.0,0.0,0.0,0.0,943.7,,T,test-only,,table,0.47022071
song2014b_10.1021_je500062a_t5,SONG(2014b),co2,rho_gas_loaded,403.16,129.95,0.0,0.0,0.0,0.0,0.0,0.0,944.14,,T,test-only,,table,0.47022071
song2014b_10.1021_je500062a_t5,SONG(2014b),co2,rho_gas_loaded,403.17,140.0,0.0,0.0,0.0,0.0,0.0,0.0,944.55,,T,test-only,,table,0.47022071
song2014b_10.1021_je500062a_t5,SONG(2014b),co2,rho_gas_loaded,403.19,150.07,0.0,0.0,0.0,0.0,0.0,0.0,944.97,,T,test-only,,table,0.47022071
song2014b_10.1021_je500062a_t5,SONG(2014b),co2,rho_gas_loaded,403.19,160.06,0.0,0.0,0.0,0.0,0.0,0.0,945.39,,T,test-only,,table,0.47022071
song2014b_10.1021_je500062a_t5,SONG(2014b),co2,rho_gas_loaded,403.2,170.07,0.0,0.0,0.0,0.0,0.0,0.0,945.81,,T,test-only,,table,0.47022071
song2014b_10.1021_je500062a_t5,SONG(2014b),co2,rho_gas_loaded,403.21,180.01,0.0,0.0,0.0,0.0,0.0,0.0,946.23,,T,test-only,,table,0.47022071
song2014b_10.1021_je500062a_t5,SONG(2014b),co2,rho_gas_loaded,413.24,100.01,0.0,0.0,0.0,0.0,0.0,0.0,934.25,,T,test-only,,table,0.47022071
song2014b_10.1021_je500062a_t5,SONG(2014b),co2,rho_gas_loaded,413.24,109.99,0.0,0.0,0.0,0.0,0.0,0.0,934.7,,T,test-only,,table,0.47022071
song2014b_10.1021_je500062a_t5,SONG(2014b),co2,rho_gas_loaded,413.25,119.98,0.0,0.0,0.0,0.0,0.0,0.0,935.14,,T,test-only,,table,0.47022071
song2014b_10.1021_je500062a_t5,SONG(2014b),co2,rho_gas_loaded,413.21,130.01,0.0,0.0,0.0,0.0,0.0,0.0,935.61,,T,test-only,,table,0.47022071
song2014b_10.1021_je500062a_t5,SONG(2014b),co2,rho_gas_loaded,413.22,140.05,0.0,0.0,0.0,0.0,0.0,0.0,936.08,,T,test-only,,table,0.47022071
song2014b_10.1021_je500062a_t5,SONG(2014b),co2,rho_gas_loaded,413.26,150.02,0.0,0.0,0.0,0.0,0.0,0.0,936.51,,T,test-only,,table,0.47022071
song2014b_10.1021_je500062a_t5,SONG(2014b),co2,rho_gas_loaded,413.27,159.99,0.0,0.0,0.0,0.0,0.0,0.0,936.92,,T,test-only,,table,0.47022071
song2014b_10.1021_je500062a_t5,SONG(2014b),co2,rho_gas_loaded,413.25,169.99,0.0,0.0,0.0,0.0,0.0,0.0,937.4,,T,test-only,,table,0.47022071
song2014b_10.1021_je500062a_t5,SONG(2014b),co2,rho_gas_loaded,413.24,180.03,0.0,0.0,0.0,0.0,0.0,0.0,937.84,,T,test-only,,table,0.47022071
song2014b_10.1021_je500062a_t5,SONG(2014b),co2,rho_gas_loaded,274.11,99.95,0.0,0.0,0.0,0.0,0.0,0.0,1009.85,,T,test-only,,table,0.69694673
song2014b_10.1021_je500062a_t5,SONG(2014b),co2,rho_gas_loaded,274.12,109.98,0.0,0.0,0.0,0.0,0.0,0.0,1010.24,,T,test-only,,table,0.69694673
song2014b_10.1021_je500062a_t5,SONG(2014b),co2,rho_gas_loaded,274.13,119.98,0.0,0.0,0.0,0.0,0.0,0.0,1010.62,,T,test-only,,table,0.69694673
song2014b_10.1021_je500062a_t5,SONG(2014b),co2,rho_gas_loaded,274.13,129.97,0.0,0.0,0.0,0.0,0.0,0.0,1011.01,,T,test-only,,table,0.69694673
song2014b_10.1021_je500062a_t5,SONG(2014b),co2,rho_gas_loaded,274.12,139.99,0.0,0.0,0.0,0.0,0.0,0.0,1011.4,,T,test-only,,table,0.69694673
song2014b_10.1021_je500062a_t5,SONG(2014b),co2,rho_gas_loaded,274.12,149.98,0.0,0.0,0.0,0.0,0.0,0.0,1011.78,,T,test-only,,table,0.69694673
song2014b_10.1021_je500062a_t5,SONG(2014b),co2,rho_gas_loaded,274.13,160.04,0.0,0.0,0.0,0.0,0.0,0.0,1012.17,,T,test-only,,table,0.69694673
song2014b_10.1021_je500062a_t5,SONG(2014b),co2,rho_gas_loaded,274.13,170.04,0.0,0.0,0.0,0.0,0.0,0.0,1012.55,,T,test-only,,table,0.69694673
song2014b_10.1021_je500062a_t5,SONG(2014b),co2,rho_gas_loaded,274.13,180.06,0.0,0.0,0.0,0.0,0.0,0.0,1012.93,,T,test-only,,table,0.69694673
song2014b_10.1021_je500062a_t5,SONG(2014b),co2,rho_gas_loaded,276.14,100.01,0.0,0.0,0.0,0.0,0.0,0.0,1009.88,,T,test-only,,table,0.69694673
song2014b_10.1021_je500062a_t5,SONG(2014b),co2,rho_gas_loaded,276.14,109.95,0.0,0.0,0.0,0.0,0.0,0.0,1010.25,,T,test-only,,table,0.69694673
song2014b_10.1021_je500062a_t5,SONG(2014b),co2,rho_gas_loaded,276.15,120.05,0.0,0.0,0.0,0.0,0.0,0.0,1010.64,,T,test-only,,table,0.69694673
song2014b_10.1021_je500062a_t5,SONG(2014b),co2,rho_gas_loaded,276.13,130.03,0.0,0.0,0.0,0.0,0.0,0.0,1011.02,,T,test-only,,table,0.69694673
song2014b_10.1021_je500062a_t5,SONG(2014b),co2,rho_gas_loaded,276.11,139.96,0.0,0.0,0.0,0.0,0.0,0.0,1011.4,,T,test-only,,table,0.69694673
song2014b_10.1021_je500062a_t5,SONG(2014b),co2,rho_gas_loaded,276.09,150.03,0.0,0.0,0.0,0.0,0.0,0.0,1011.78,,T,test-only,,table,0.69694673
song2014b_10.1021_je500062a_t5,SONG(2014b),co2,rho_gas_loaded,276.12,159.98,0.0,0.0,0.0,0.0,0.0,0.0,1012.16,,T,test-only,,table,0.69694673
song2014b_10.1021_je500062a_t5,SONG(2014b),co2,rho_gas_loaded,276.18,170.0,0.0,0.0,0.0,0.0,0.0,0.0,1012.53,,T,test-only,,table,0.69694673
song2014b_10.1021_je500062a_t5,SONG(2014b),co2,rho_gas_loaded,276.15,179.98,0.0,0.0,0.0,0.0,0.0,0.0,1012.91,,T,test-only,,table,0.69694673
song2014b_10.1021_je500062a_t5,SONG(2014b),co2,rho_gas_loaded,278.24,99.98,0.0,0.0,0.0,0.0,0.0,0.0,1009.85,,T,test-only,,table,0.69694673
song2014b_10.1021_je500062a_t5,SONG(2014b),co2,rho_gas_loaded,278.25,110.02,0.0,0.0,0.0,0.0,0.0,0.0,1010.23,,T,test-only,,table,0.69694673
song2014b_10.1021_je500062a_t5,SONG(2014b),co2,rho_gas_loaded,278.26,120.01,0.0,0.0,0.0,0.0,0.0,0.0,1010.6,,T,test-only,,table,0.69694673
song2014b_10.1021_je500062a_t5,SONG(2014b),co2,rho_gas_loaded,278.27,130.0,0.0,0.0,0.0,0.0,0.0,0.0,1010.98,,T,test-only,,table,0.69694673
song2014b_10.1021_je500062a_t5,SONG(2014b),co2,rho_gas_loaded,278.27,140.02,0.0,0.0,0.0,0.0,0.0,0.0,1011.35,,T,test-only,,table,0.69694673
song2014b_10.1021_je500062a_t5,SONG(2014b),co2,rho_gas_loaded,278.26,150.0,0.0,0.0,0.0,0.0,0.0,0.0,1011.73,,T,test-only,,table,0.69694673
song2014b_10.1021_je500062a_t5,SONG(2014b),co2,rho_gas_loaded,278.26,160.07,0.0,0.0,0.0,0.0,0.0,0.0,1012.11,,T,test-only,,table,0.69694673
song2014b_10.1021_je500062a_t5,SONG(2014b),co2,rho_gas_loaded,278.25,169.97,0.0,0.0,0.0,0.0,0.0,0.0,1012.48,,T,test-only,,table,0.69694673
song2014b_10.1021_je500062a_t5,SONG(2014b),co2,rho_gas_loaded,278.26,180.0,0.0,0.0,0.0,0.0,0.0,0.0,1012.85,,T,test-only,,table,0.69694673
song2014b_10.1021_je500062a_t5,SONG(2014b),co2,rho_gas_loaded,283.2,99.98,0.0,0.0,0.0,0.0,0.0,0.0,1009.53,,T,test-only,,table,0.69694673
song2014b_10.1021_je500062a_t5,SONG(2014b),co2,rho_gas_loaded,283.22,110.01,0.0,0.0,0.0,0.0,0.0,0.0,1009.9,,T,test-only,,table,0.69694673
song2014b_10.1021_je500062a_t5,SONG(2014b),co2,rho_gas_loaded,283.24,120.01,0.0,0.0,0.0,0.0,0.0,0.0,1010.26,,T,test-only,,table,0.69694673
song2014b_10.1021_je500062a_t5,SONG(2014b),co2,rho_gas_loaded,283.24,130.0,0.0,0.0,0.0,0.0,0.0,0.0,1010.62,,T,test-only,,table,0.69694673
song2014b_10.1021_je500062a_t5,SONG(2014b),co2,rho_gas_loaded,283.24,139.92,0.0,0.0,0.0,0.0,0.0,0.0,1010.99,,T,test-only,,table,0.69694673
song2014b_10.1021_je500062a_t5,SONG(2014b),co2,rho_gas_loaded,283.25,149.99,0.0,0.0,0.0,0.0,0.0,0.0,1011.35,,T,test-only,,table,0.69694673
song2014b_10.1021_je500062a_t5,SONG(2014b),co2,rho_gas_loaded,283.25,160.05,0.0,0.0,0.0,0.0,0.0,0.0,1011.71,,T,test-only,,table,0.69694673
song2014b_10.1021_je500062a_t5,SONG(2014b),co2,rho_gas_loaded,283.24,170.04,0.0,0.0,0.0,0.0,0.0,0.0,1012.08,,T,test-only,,table,0.69694673
song2014b_10.1021_je500062a_t5,SONG(2014b),co2,rho_gas_loaded,283.22,180.05,0.0,0.0,0.0,0.0,0.0,0.0,1012.45,,T,test-only,,table,0.69694673
song2014b_10.1021_je500062a_t5,SONG(2014b),co2,rho_gas_loaded,293.21,100.0,0.0,0.0,0.0,0.0,0.0,0.0,1007.99,,T,test-only,,table,0.69694673
song2014b_10.1021_je500062a_t5,SONG(2014b),co2,rho_gas_loaded,293.2,110.04,0.0,0.0,0.0,0.0,0.0,0.0,1008.34,,T,test-only,,table,0.69694673
song2014b_10.1021_je500062a_t5,SONG(2014b),co2,rho_gas_loaded,293.21,120.03,0.0,0.0,0.0,0.0,0.0,0.0,1008.7,,T,test-only,,table,0.69694673
song2014b_10.1021_je500062a_t5,SONG(2014b),co2,rho_gas_loaded,293.21,130.03,0.0,0.0,0.0,0.0,0.0,0.0,1009.04,,T,test-only,,table,0.69694673
song2014b_10.1021_je500062a_t5,SONG(2014b),co2,rho_gas_loaded,293.2,140.05,0.0,0.0,0.0,0.0,0.0,0.0,1009.39,,T,test-only,,table,0.69694673
song2014b_10.1021_je500062a_t5,SONG(2014b),co2,rho_gas_loaded,293.2,150.03,0.0,0.0,0.0,0.0,0.0,0.0,1009.74,,T,test-only,,table,0.69694673
song2014b_10.1021_je500062a_t5,SONG(2014b),co2,rho_gas_loaded,293.19,160.0,0.0,0.0,0.0,0.0,0.0,0.0,1010.09,,T,test-only,,table,0.69694673
song2014b_10.1021_je500062a_t5,SONG(2014b),co2,rho_gas_loaded,293.19,170.0,0.0,0.0,0.0,0.0,0.0,0.0,1010.43,,T,test-only,,table,0.69694673
song2014b_10.1021_je500062a_t5,SONG(2014b),co2,rho_gas_loaded,293.2,180.02,0.0,0.0,0.0,0.0,0.0,0.0,1010.78,,T,test-only,,table,0.69694673
song2014b_10.1021_je500062a_t5,SONG(2014b),co2,rho_gas_loaded,303.25,99.98,0.0,0.0,0.0,0.0,0.0,0.0,1005.31,,T,test-only,,table,0.69694673
song2014b_10.1021_je500062a_t5,SONG(2014b),co2,rho_gas_loaded,303.24,110.04,0.0,0.0,0.0,0.0,0.0,0.0,1005.65,,T,test-only,,table,0.69694673
song2014b_10.1021_je500062a_t5,SONG(2014b),co2,rho_gas_loaded,303.25,120.02,0.0,0.0,0.0,0.0,0.0,0.0,1005.99,,T,test-only,,table,0.69694673
song2014b_10.1021_je500062a_t5,SONG(2014b),co2,rho_gas_loaded,303.25,130.01,0.0,0.0,0.0,0.0,0.0,0.0,1006.33,,T,test-only,,table,0.69694673
song2014b_10.1021_je500062a_t5,SONG(2014b),co2,rho_gas_loaded,303.26,139.96,0.0,0.0,0.0,0.0,0.0,0.0,1006.67,,T,test-only,,table,0.69694673
song2014b_10.1021_je500062a_t5,SONG(2014b),co2,rho_gas_loaded,303.23,150.01,0.0,0.0,0.0,0.0,0.0,0.0,1007.02,,T,test-only,,table,0.69694673
song2014b_10.1021_je500062a_t5,SONG(2014b),co2,rho_gas_loaded,303.22,159.99,0.0,0.0,0.0,0.0,0.0,0.0,1007.36,,T,test-only,,table,0.69694673
song2014b_10.1021_je500062a_t5,SONG(2014b),co2,rho_gas_loaded,303.23,169.98,0.0,0.0,0.0,0.0,0.0,0.0,1007.7,,T,test-only,,table,0.69694673
song2014b_10.1021_je500062a_t5,SONG(2014b),co2,rho_gas_loaded,303.23,179.99,0.0,0.0,0.0,0.0,0.0,0.0,1008.03,,T,test-only,,table,0.69694673
song2014b_10.1021_je500062a_t5,SONG(2014b),co2,rho_gas_loaded,313.22,100.01,0.0,0.0,0.0,0.0,0.0,0.0,1001.81,,T,test-only,,table,0.69694673
song2014b_10.1021_je500062a_t5,SONG(2014b),co2,rho_gas_loaded,313.23,110.07,0.0,0.0,0.0,0.0,0.0,0.0,1002.15,,T,test-only,,table,0.69694673
song2014b_10.1021_je500062a_t5,SONG(2014b),co2,rho_gas_loaded,313.22,120.06,0.0,0.0,0.0,0.0,0.0,0.0,1002.49,,T,test-only,,table,0.69694673
song2014b_10.1021_je500062a_t5,SONG(2014b),co2,rho_gas_loaded,313.2,130.05,0.0,0.0,0.0,0.0,0.0,0.0,1002.84,,T,test-only,,table,0.69694673
song2014b_10.1021_je500062a_t5,SONG(2014b),co2,rho_gas_loaded,313.23,140.02,0.0,0.0,0.0,0.0,0.0,0.0,1003.16,,T,test-only,,table,0.69694673
song2014b_10.1021_je500062a_t5,SONG(2014b),co2,rho_gas_loaded,313.25,149.97,0.0,0.0,0.0,0.0,0.0,0.0,1003.49,,T,test-only,,table,0.69694673
song2014b_10.1021_je500062a_t5,SONG(2014b),co2,rho_gas_loaded,313.25,159.97,0.0,0.0,0.0,0.0,0.0,0.0,1003.82,,T,test-only,,table,0.69694673
song2014b_10.1021_je500062a_t5,SONG(2014b),co2,rho_gas_loaded,313.23,169.99,0.0,0.0,0.0,0.0,0.0,0.0,1004.17,,T,test-only,,table,0.69694673
song2014b_10.1021_je500062a_t5,SONG(2014b),co2,rho_gas_loaded,313.21,180.01,0.0,0.0,0.0,0.0,0.0,0.0,1004.5,,T,test-only,,table,0.69694673
song2014b_10.1021_je500062a_t5,SONG(2014b),co2,rho_gas_loaded,323.15,99.99,0.0,0.0,0.0,0.0,0.0,0.0,997.58,,T,test-only,,table,0.69694673
song2014b_10.1021_je500062a_t5,SONG(2014b),co2,rho_gas_loaded,323.17,109.97,0.0,0.0,0.0,0.0,0.0,0.0,997.91,,T,test-only,,table,0.69694673
song2014b_10.1021_je500062a_t5,SONG(2014b),co2,rho_gas_loaded,323.17,120.05,0.0,0.0,0.0,0.0,0.0,0.0,998.25,,T,test-only,,table,0.69694673
song2014b_10.1021_je500062a_t5,SONG(2014b),co2,rho_gas_loaded,323.16,129.97,0.0,0.0,0.0,0.0,0.0,0.0,998.6,,T,test-only,,table,0.69694673
song2014b_10.1021_je500062a_t5,SONG(2014b),co2,rho_gas_loaded,323.13,140.0,0.0,0.0,0.0,0.0,0.0,0.0,998.95,,T,test-only,,table,0.69694673
song2014b_10.1021_je500062a_t5,SONG(2014b),co2,rho_gas_loaded,323.12,149.94,0.0,0.0,0.0,0.0,0.0,0.0,999.28,,T,test-only,,table,0.69694673
song2014b_10.1021_je500062a_t5,SONG(2014b),co2,rho_gas_loaded,323.13,160.04,0.0,0.0,0.0,0.0,0.0,0.0,999.61,,T,test-only,,table,0.69694673
song2014b_10.1021_je500062a_t5,SONG(2014b),co2,rho_gas_loaded,323.14,170.04,0.0,0.0,0.0,0.0,0.0,0.0,999.96,,T,test-only,,table,0.69694673
song2014b_10.1021_je500062a_t5,SONG(2014b),co2,rho_gas_loaded,323.14,180.04,0.0,0.0,0.0,0.0,0.0,0.0,1000.29,,T,test-only,,table,0.69694673
song2014b_10.1021_je500062a_t5,SONG(2014b),co2,rho_gas_loaded,333.17,100.04,0.0,0.0,0.0,0.0,0.0,0.0,992.65,,T,test-only,,table,0.69694673
song2014b_10.1021_je500062a_t5,SONG(2014b),co2,rho_gas_loaded,333.15,110.01,0.0,0.0,0.0,0.0,0.0,0.0,993.01,,T,test-only,,table,0.69694673
song2014b_10.1021_je500062a_t5,SONG(2014b),co2,rho_gas_loaded,333.09,119.99,0.0,0.0,0.0,0.0,0.0,0.0,993.38,,T,test-only,,table,0.69694673
song2014b_10.1021_je500062a_t5,SONG(2014b),co2,rho_gas_loaded,333.08,129.99,0.0,0.0,0.0,0.0,0.0,0.0,993.72,,T,test-only,,table,0.69694673
song2014b_10.1021_je500062a_t5,SONG(2014b),co2,rho_gas_loaded,333.09,140.05,0.0,0.0,0.0,0.0,0.0,0.0,994.05,,T,test-only,,table,0.69694673
song2014b_10.1021_je500062a_t5,SONG(2014b),co2,rho_gas_loaded,333.11,150.0,0.0,0.0,0.0,0.0,0.0,0.0,994.38,,T,test-only,,table,0.69694673
song2014b_10.1021_je500062a_t5,SONG(2014b),co2,rho_gas_loaded,333.11,160.0,0.0,0.0,0.0,0.0,0.0,0.0,994.72,,T,test-only,,table,0.69694673
song2014b_10.1021_je500062a_t5,SONG(2014b),co2,rho_gas_loaded,333.1,170.0,0.0,0.0,0.0,0.0,0.0,0.0,995.06,,T,test-only,,table,0.69694673
song2014b_10.1021_je500062a_t5,SONG(2014b),co2,rho_gas_loaded,333.1,180.03,0.0,0.0,0.0,0.0,0.0,0.0,995.39,,T,test-only,,table,0.69694673
song2014b_10.1021_je500062a_t5,SONG(2014b),co2,rho_gas_loaded,343.12,100.04,0.0,0.0,0.0,0.0,0.0,0.0,987.13,,T,test-only,,table,0.69694673
song2014b_10.1021_je500062a_t5,SONG(2014b),co2,rho_gas_loaded,343.13,110.02,0.0,0.0,0.0,0.0,0.0,0.0,987.48,,T,test-only,,table,0.69694673
song2014b_10.1021_je500062a_t5,SONG(2014b),co2,rho_gas_loaded,343.14,119.99,0.0,0.0,0.0,0.0,0.0,0.0,987.82,,T,test-only,,table,0.69694673
song2014b_10.1021_je500062a_t5,SONG(2014b),co2,rho_gas_loaded,343.13,130.01,0.0,0.0,0.0,0.0,0.0,0.0,988.17,,T,test-only,,table,0.69694673
song2014b_10.1021_je500062a_t5,SONG(2014b),co2,rho_gas_loaded,343.11,140.05,0.0,0.0,0.0,0.0,0.0,0.0,988.53,,T,test-only,,table,0.69694673
song2014b_10.1021_je500062a_t5,SONG(2014b),co2,rho_gas_loaded,343.11,150.01,0.0,0.0,0.0,0.0,0.0,0.0,988.88,,T,test-only,,table,0.69694673
song2014b_10.1021_je500062a_t5,SONG(2014b),co2,rho_gas_loaded,343.12,159.99,0.0,0.0,0.0,0.0,0.0,0.0,989.22,,T,test-only,,table,0.69694673
song2014b_10.1021_je500062a_t5,SONG(2014b),co2,rho_gas_loaded,343.12,170.0,0.0,0.0,0.0,0.0,0.0,0.0,989.56,,T,test-only,,table,0.69694673
song2014b_10.1021_je500062a_t5,SONG(2014b),co2,rho_gas_loaded,343.12,180.03,0.0,0.0,0.0,0.0,0.0,0.0,989.9,,T,test-only,,table,0.69694673
song2014b_10.1021_je500062a_t5,SONG(2014b),co2,rho_gas_loaded,353.27,100.02,0.0,0.0,0.0,0.0,0.0,0.0,981.0,,T,test-only,,table,0.69694673
song2014b_10.1021_je500062a_t5,SONG(2014b),co2,rho_gas_loaded,353.25,110.0,0.0,0.0,0.0,0.0,0.0,0.0,981.36,,T,test-only,,table,0.69694673
song2014b_10.1021_je500062a_t5,SONG(2014b),co2,rho_gas_loaded,353.24,119.98,0.0,0.0,0.0,0.0,0.0,0.0,981.71,,T,test-only,,table,0.69694673
song2014b_10.1021_je500062a_t5,SONG(2014b),co2,rho_gas_loaded,353.23,130.0,0.0,0.0,0.0,0.0,0.0,0.0,982.07,,T,test-only,,table,0.69694673
song2014b_10.1021_je500062a_t5,SONG(2014b),co2,rho_gas_loaded,353.25,140.06,0.0,0.0,0.0,0.0,0.0,0.0,982.42,,T,test-only,,table,0.69694673
song2014b_10.1021_je500062a_t5,SONG(2014b),co2,rho_gas_loaded,353.26,150.03,0.0,0.0,0.0,0.0,0.0,0.0,982.76,,T,test-only,,table,0.69694673
song2014b_10.1021_je500062a_t5,SONG(2014b),co2,rho_gas_loaded,353.27,160.03,0.0,0.0,0.0,0.0,0.0,0.0,983.11,,T,test-only,,table,0.69694673
song2014b_10.1021_je500062a_t5,SONG(2014b),co2,rho_gas_loaded,353.26,170.05,0.0,0.0,0.0,0.0,0.0,0.0,983.47,,T,test-only,,table,0.69694673
song2014b_10.1021_je500062a_t5,SONG(2014b),co2,rho_gas_loaded,353.25,180.08,0.0,0.0,0.0,0.0,0.0,0.0,983.83,,T,test-only,,table,0.69694673
song2014b_10.1021_je500062a_t5,SONG(2014b),co2,rho_gas_loaded,363.02,99.95,0.0,0.0,0.0,0.0,0.0,0.0,974.5,,T,test-only,,table,0.69694673
song2014b_10.1021_je500062a_t5,SONG(2014b),co2,rho_gas_loaded,363.03,110.02,0.0,0.0,0.0,0.0,0.0,0.0,974.88,,T,test-only,,table,0.69694673
song2014b_10.1021_je500062a_t5,SONG(2014b),co2,rho_gas_loaded,363.03,120.0,0.0,0.0,0.0,0.0,0.0,0.0,975.23,,T,test-only,,table,0.69694673
song2014b_10.1021_je500062a_t5,SONG(2014b),co2,rho_gas_loaded,363.03,130.02,0.0,0.0,0.0,0.0,0.0,0.0,975.59,,T,test-only,,table,0.69694673
song2014b_10.1021_je500062a_t5,SONG(2014b),co2,rho_gas_loaded,363.03,139.96,0.0,0.0,0.0,0.0,0.0,0.0,975.96,,T,test-only,,table,0.69694673
song2014b_10.1021_je500062a_t5,SONG(2014b),co2,rho_gas_loaded,363.03,150.02,0.0,0.0,0.0,0.0,0.0,0.0,976.33,,T,test-only,,table,0.69694673
song2014b_10.1021_je500062a_t5,SONG(2014b),co2,rho_gas_loaded,363.02,160.01,0.0,0.0,0.0,0.0,0.0,0.0,976.69,,T,test-only,,table,0.69694673
song2014b_10.1021_je500062a_t5,SONG(2014b),co2,rho_gas_loaded,363.0,170.01,0.0,0.0,0.0,0.0,0.0,0.0,977.07,,T,test-only,,table,0.69694673
song2014b_10.1021_je500062a_t5,SONG(2014b),co2,rho_gas_loaded,363.01,180.03,0.0,0.0,0.0,0.0,0.0,0.0,977.43,,T,test-only,,table,0.69694673
song2014b_10.1021_je500062a_t5,SONG(2014b),co2,rho_gas_loaded,373.13,99.99,0.0,0.0,0.0,0.0,0.0,0.0,967.37,,T,test-only,,table,0.69694673
song2014b_10.1021_je500062a_t5,SONG(2014b),co2,rho_gas_loaded,373.12,110.07,0.0,0.0,0.0,0.0,0.0,0.0,967.76,,T,test-only,,table,0.69694673
song2014b_10.1021_je500062a_t5,SONG(2014b),co2,rho_gas_loaded,373.12,119.95,0.0,0.0,0.0,0.0,0.0,0.0,968.12,,T,test-only,,table,0.69694673
song2014b_10.1021_je500062a_t5,SONG(2014b),co2,rho_gas_loaded,373.11,129.99,0.0,0.0,0.0,0.0,0.0,0.0,968.51,,T,test-only,,table,0.69694673
song2014b_10.1021_je500062a_t5,SONG(2014b),co2,rho_gas_loaded,373.1,140.03,0.0,0.0,0.0,0.0,0.0,0.0,968.9,,T,test-only,,table,0.69694673
song2014b_10.1021_je500062a_t5,SONG(2014b),co2,rho_gas_loaded,373.1,149.99,0.0,0.0,0.0,0.0,0.0,0.0,969.26,,T,test-only,,table,0.69694673
song2014b_10.1021_je500062a_t5,SONG(2014b),co2,rho_gas_loaded,373.11,159.99,0.0,0.0,0.0,0.0,0.0,0.0,969.63,,T,test-only,,table,0.69694673
song2014b_10.1021_je500062a_t5,SONG(2014b),co2,rho_gas_loaded,373.13,169.99,0.0,0.0,0.0,0.0,0.0,0.0,969.99,,T,test-only,,table,0.69694673
song2014b_10.1021_je500062a_t5,SONG(2014b),co2,rho_gas_loaded,373.13,180.02,0.0,0.0,0.0,0.0,0.0,0.0,970.37,,T,test-only,,table,0.69694673
song2014b_10.1021_je500062a_t5,SONG(2014b),co2,rho_gas_loaded,383.19,99.96,0.0,0.0,0.0,0.0,0.0,0.0,959.78,,T,test-only,,table,0.69694673
song2014b_10.1021_je500062a_t5,SONG(2014b),co2,rho_gas_loaded,383.19,109.94,0.0,0.0,0.0,0.0,0.0,0.0,960.18,,T,test-only,,table,0.69694673
song2014b_10.1021_je500062a_t5,SONG(2014b),co2,rho_gas_loaded,383.19,120.02,0.0,0.0,0.0,0.0,0.0,0.0,960.57,,T,test-only,,table,0.69694673
song2014b_10.1021_je500062a_t5,SONG(2014b),co2,rho_gas_loaded,383.18,130.03,0.0,0.0,0.0,0.0,0.0,0.0,960.97,,T,test-only,,table,0.69694673
song2014b_10.1021_je500062a_t5,SONG(2014b),co2,rho_gas_loaded,383.19,139.98,0.0,0.0,0.0,0.0,0.0,0.0,961.35,,T,test-only,,table,0.69694673
song2014b_10.1021_je500062a_t5,SONG(2014b),co2,rho_gas_loaded,383.19,149.93,0.0,0.0,0.0,0.0,0.0,0.0,961.76,,T,test-only,,table,0.69694673
song2014b_10.1021_je500062a_t5,SONG(2014b),co2,rho_gas_loaded,383.18,160.03,0.0,0.0,0.0,0.0,0.0,0.0,962.14,,T,test-only,,table,0.69694673
song2014b_10.1021_je500062a_t5,SONG(2014b),co2,rho_gas_loaded,383.17,170.04,0.0,0.0,0.0,0.0,0.0,0.0,962.55,,T,test-only,,table,0.69694673
song2014b_10.1021_je500062a_t5,SONG(2014b),co2,rho_gas_loaded,383.16,179.97,0.0,0.0,0.0,0.0,0.0,0.0,962.94,,T,test-only,,table,0.69694673
song2014b_10.1021_je500062a_t5,SONG(2014b),co2,rho_gas_loaded,393.21,100.01,0.0,0.0,0.0,0.0,0.0,0.0,951.81,,T,test-only,,table,0.69694673
song2014b_10.1021_je500062a_t5,SONG(2014b),co2,rho_gas_loaded,393.2,109.99,0.0,0.0,0.0,0.0,0.0,0.0,952.21,,T,test-only,,table,0.69694673
song2014b_10.1021_je500062a_t5,SONG(2014b),co2,rho_gas_loaded,393.2,119.98,0.0,0.0,0.0,0.0,0.0,0.0,952.61,,T,test-only,,table,0.69694673
song2014b_10.1021_je500062a_t5,SONG(2014b),co2,rho_gas_loaded,393.2,130.01,0.0,0.0,0.0,0.0,0.0,0.0,953.03,,T,test-only,,table,0.69694673
song2014b_10.1021_je500062a_t5,SONG(2014b),co2,rho_gas_loaded,393.2,139.96,0.0,0.0,0.0,0.0,0.0,0.0,953.44,,T,test-only,,table,0.69694673
song2014b_10.1021_je500062a_t5,SONG(2014b),co2,rho_gas_loaded,393.2,150.03,0.0,0.0,0.0,0.0,0.0,0.0,953.85,,T,test-only,,table,0.69694673
song2014b_10.1021_je500062a_t5,SONG(2014b),co2,rho_gas_loaded,393.19,160.03,0.0,0.0,0.0,0.0,0.0,0.0,954.27,,T,test-only,,table,0.69694673
song2014b_10.1021_je500062a_t5,SONG(2014b),co2,rho_gas_loaded,393.19,170.05,0.0,0.0,0.0,0.0,0.0,0.0,954.67,,T,test-only,,table,0.69694673
song2014b_10.1021_je500062a_t5,SONG(2014b),co2,rho_gas_loaded,393.2,179.99,0.0,0.0,0.0,0.0,0.0,0.0,955.06,,T,test-only,,table,0.69694673
song2014b_10.1021_je500062a_t5,SONG(2014b),co2,rho_gas_loaded,403.26,99.98,0.0,0.0,0.0,0.0,0.0,0.0,943.35,,T,test-only,,table,0.69694673
song2014b_10.1021_je500062a_t5,SONG(2014b),co2,rho_gas_loaded,403.27,109.96,0.0,0.0,0.0,0.0,0.0,0.0,943.78,,T,test-only,,table,0.69694673
song2014b_10.1021_je500062a_t5,SONG(2014b),co2,rho_gas_loaded,403.26,120.04,0.0,0.0,0.0,0.0,0.0,0.0,944.22,,T,test-only,,table,0.69694673
song2014b_10.1021_je500062a_t5,SONG(2014b),co2,rho_gas_loaded,403.25,129.96,0.0,0.0,0.0,0.0,0.0,0.0,944.67,,T,test-only,,table,0.69694673
song2014b_10.1021_je500062a_t5,SONG(2014b),co2,rho_gas_loaded,403.27,140.01,0.0,0.0,0.0,0.0,0.0,0.0,945.11,,T,test-only,,table,0.69694673
song2014b_10.1021_je500062a_t5,SONG(2014b),co2,rho_gas_loaded,403.26,149.98,0.0,0.0,0.0,0.0,0.0,0.0,945.51,,T,test-only,,table,0.69694673
song2014b_10.1021_je500062a_t5,SONG(2014b),co2,rho_gas_loaded,403.21,159.97,0.0,0.0,0.0,0.0,0.0,0.0,945.99,,T,test-only,,table,0.69694673
song2014b_10.1021_je500062a_t5,SONG(2014b),co2,rho_gas_loaded,403.19,169.99,0.0,0.0,0.0,0.0,0.0,0.0,946.47,,T,test-only,,table,0.69694673
song2014b_10.1021_je500062a_t5,SONG(2014b),co2,rho_gas_loaded,403.22,180.03,0.0,0.0,0.0,0.0,0.0,0.0,946.86,,T,test-only,,table,0.69694673
song2014b_10.1021_je500062a_t5,SONG(2014b),co2,rho_gas_loaded,413.28,99.95,0.0,0.0,0.0,0.0,0.0,0.0,934.48,,T,test-only,,table,0.69694673
song2014b_10.1021_je500062a_t5,SONG(2014b),co2,rho_gas_loaded,413.28,110.04,0.0,0.0,0.0,0.0,0.0,0.0,934.96,,T,test-only,,table,0.69694673
song2014b_10.1021_je500062a_t5,SONG(2014b),co2,rho_gas_loaded,413.27,120.04,0.0,0.0,0.0,0.0,0.0,0.0,935.4,,T,test-only,,table,0.69694673
song2014b_10.1021_je500062a_t5,SONG(2014b),co2,rho_gas_loaded,413.25,130.06,0.0,0.0,0.0,0.0,0.0,0.0,935.86,,T,test-only,,table,0.69694673
song2014b_10.1021_je500062a_t5,SONG(2014b),co2,rho_gas_loaded,413.26,140.01,0.0,0.0,0.0,0.0,0.0,0.0,936.27,,T,test-only,,table,0.69694673
song2014b_10.1021_je500062a_t5,SONG(2014b),co2,rho_gas_loaded,413.28,149.98,0.0,0.0,0.0,0.0,0.0,0.0,936.73,,T,test-only,,table,0.69694673
song2014b_10.1021_je500062a_t5,SONG(2014b),co2,rho_gas_loaded,413.28,160.1,0.0,0.0,0.0,0.0,0.0,0.0,937.18,,T,test-only,,table,0.69694673
song2014b_10.1021_je500062a_t5,SONG(2014b),co2,rho_gas_loaded,413.28,170.0,0.0,0.0,0.0,0.0,0.0,0.0,937.65,,T,test-only,,table,0.69694673
song2014b_10.1021_je500062a_t5,SONG(2014b),co2,rho_gas_loaded,413.27,180.04,0.0,0.0,0.0,0.0,0.0,0.0,938.09,,T,test-only,,table,0.69694673
mcbridewright2014_10.1021_je5009125_t5,MCBRIDEWRIGHT(2014),co2,rho_gas_loaded,274.73,150.1,0.0,0.0,0.0,0.0,0.0,0.0,1012.0,,T,test-only,,table,0.48151356
mcbridewright2014_10.1021_je5009125_t5,MCBRIDEWRIGHT(2014),co2,rho_gas_loaded,274.73,301.1,0.0,0.0,0.0,0.0,0.0,0.0,1019.0,,T,test-only,,table,0.48151356
mcbridewright2014_10.1021_je5009125_t5,MCBRIDEWRIGHT(2014),co2,rho_gas_loaded,274.73,502.4,0.0,0.0,0.0,0.0,0.0,0.0,1028.1,,T,test-only,,table,0.48151356
mcbridewright2014_10.1021_je5009125_t5,MCBRIDEWRIGHT(2014),co2,rho_gas_loaded,274.73,703.6,0.0,0.0,0.0,0.0,0.0,0.0,1036.8,,T,test-only,,table,0.48151356
mcbridewright2014_10.1021_je5009125_t5,MCBRIDEWRIGHT(2014),co2,rho_gas_loaded,274.73,1006.7,0.0,0.0,0.0,0.0,0.0,0.0,1049.3,,T,test-only,,table,0.48151356
mcbridewright2014_10.1021_je5009125_t5,MCBRIDEWRIGHT(2014),co2,rho_gas_loaded,296.17,151.0,0.0,0.0,0.0,0.0,0.0,0.0,1008.6,,T,test-only,,table,0.48151356
mcbridewright2014_10.1021_je5009125_t5,MCBRIDEWRIGHT(2014),co2,rho_gas_loaded,296.17,302.0,0.0,0.0,0.0,0.0,0.0,0.0,1015.0,,T,test-only,,table,0.48151356
mcbridewright2014_10.1021_je5009125_t5,MCBRIDEWRIGHT(2014),co2,rho_gas_loaded,296.17,502.6,0.0,0.0,0.0,0.0,0.0,0.0,1023.4,,T,test-only,,table,0.48151356
mcbridewright2014_10.1021_je5009125_t5,MCBRIDEWRIGHT(2014),co2,rho_gas_loaded,296.17,703.3,0.0,0.0,0.0,0.0,0.0,0.0,1031.4,,T,test-only,,table,0.48151356
mcbridewright2014_10.1021_je5009125_t5,MCBRIDEWRIGHT(2014),co2,rho_gas_loaded,296.17,1006.5,0.0,0.0,0.0,0.0,0.0,0.0,1042.9,,T,test-only,,table,0.48151356
mcbridewright2014_10.1021_je5009125_t5,MCBRIDEWRIGHT(2014),co2,rho_gas_loaded,323.45,150.2,0.0,0.0,0.0,0.0,0.0,0.0,998.4,,T,test-only,,table,0.48151356
mcbridewright2014_10.1021_je5009125_t5,MCBRIDEWRIGHT(2014),co2,rho_gas_loaded,323.45,301.3,0.0,0.0,0.0,0.0,0.0,0.0,1004.7,,T,test-only,,table,0.48151356
mcbridewright2014_10.1021_je5009125_t5,MCBRIDEWRIGHT(2014),co2,rho_gas_loaded,323.45,502.5,0.0,0.0,0.0,0.0,0.0,0.0,1012.8,,T,test-only,,table,0.48151356
mcbridewright2014_10.1021_je5009125_t5,MCBRIDEWRIGHT(2014),co2,rho_gas_loaded,323.45,703.6,0.0,0.0,0.0,0.0,0.0,0.0,1020.6,,T,test-only,,table,0.48151356
mcbridewright2014_10.1021_je5009125_t5,MCBRIDEWRIGHT(2014),co2,rho_gas_loaded,323.45,1007.2,0.0,0.0,0.0,0.0,0.0,0.0,1031.6,,T,test-only,,table,0.48151356
mcbridewright2014_10.1021_je5009125_t5,MCBRIDEWRIGHT(2014),co2,rho_gas_loaded,348.32,150.5,0.0,0.0,0.0,0.0,0.0,0.0,984.8,,T,test-only,,table,0.48151356
mcbridewright2014_10.1021_je5009125_t5,MCBRIDEWRIGHT(2014),co2,rho_gas_loaded,348.32,301.5,0.0,0.0,0.0,0.0,0.0,0.0,991.3,,T,test-only,,table,0.48151356
mcbridewright2014_10.1021_je5009125_t5,MCBRIDEWRIGHT(2014),co2,rho_gas_loaded,348.32,502.7,0.0,0.0,0.0,0.0,0.0,0.0,999.5,,T,test-only,,table,0.48151356
mcbridewright2014_10.1021_je5009125_t5,MCBRIDEWRIGHT(2014),co2,rho_gas_loaded,348.32,703.7,0.0,0.0,0.0,0.0,0.0,0.0,1007.3,,T,test-only,,table,0.48151356
mcbridewright2014_10.1021_je5009125_t5,MCBRIDEWRIGHT(2014),co2,rho_gas_loaded,348.32,1007.1,0.0,0.0,0.0,0.0,0.0,0.0,1018.6,,T,test-only,,table,0.48151356
mcbridewright2014_10.1021_je5009125_t5,MCBRIDEWRIGHT(2014),co2,rho_gas_loaded,373.42,150.9,0.0,0.0,0.0,0.0,0.0,0.0,967.8,,T,test-only,,table,0.48151356
mcbridewright2014_10.1021_je5009125_t5,MCBRIDEWRIGHT(2014),co2,rho_gas_loaded,373.42,301.8,0.0,0.0,0.0,0.0,0.0,0.0,974.6,,T,test-only,,table,0.48151356
mcbridewright2014_10.1021_je5009125_t5,MCBRIDEWRIGHT(2014),co2,rho_gas_loaded,373.42,502.8,0.0,0.0,0.0,0.0,0.0,0.0,983.2,,T,test-only,,table,0.48151356
mcbridewright2014_10.1021_je5009125_t5,MCBRIDEWRIGHT(2014),co2,rho_gas_loaded,373.42,703.9,0.0,0.0,0.0,0.0,0.0,0.0,991.5,,T,test-only,,table,0.48151356
mcbridewright2014_10.1021_je5009125_t5,MCBRIDEWRIGHT(2014),co2,rho_gas_loaded,373.42,1007.1,0.0,0.0,0.0,0.0,0.0,0.0,1003.2,,T,test-only,,table,0.48151356
mcbridewright2014_10.1021_je5009125_t5,MCBRIDEWRIGHT(2014),co2,rho_gas_loaded,398.55,150.6,0.0,0.0,0.0,0.0,0.0,0.0,948.3,,T,test-only,,table,0.48151356
mcbridewright2014_10.1021_je5009125_t5,MCBRIDEWRIGHT(2014),co2,rho_gas_loaded,398.55,301.7,0.0,0.0,0.0,0.0,0.0,0.0,955.6,,T,test-only,,table,0.48151356
mcbridewright2014_10.1021_je5009125_t5,MCBRIDEWRIGHT(2014),co2,rho_gas_loaded,398.55,502.9,0.0,0.0,0.0,0.0,0.0,0.0,964.9,,T,test-only,,table,0.48151356
mcbridewright2014_10.1021_je5009125_t5,MCBRIDEWRIGHT(2014),co2,rho_gas_loaded,398.55,703.9,0.0,0.0,0.0,0.0,0.0,0.0,973.7,,T,test-only,,table,0.48151356
mcbridewright2014_10.1021_je5009125_t5,MCBRIDEWRIGHT(2014),co2,rho_gas_loaded,398.55,1007.1,0.0,0.0,0.0,0.0,0.0,0.0,986.0,,T,test-only,,table,0.48151356
mcbridewright2014_10.1021_je5009125_t5,MCBRIDEWRIGHT(2014),co2,rho_gas_loaded,423.92,150.7,0.0,0.0,0.0,0.0,0.0,0.0,925.9,,T,test-only,,table,0.48151356
mcbridewright2014_10.1021_je5009125_t5,MCBRIDEWRIGHT(2014),co2,rho_gas_loaded,423.92,301.8,0.0,0.0,0.0,0.0,0.0,0.0,934.0,,T,test-only,,table,0.48151356
mcbridewright2014_10.1021_je5009125_t5,MCBRIDEWRIGHT(2014),co2,rho_gas_loaded,423.92,503.0,0.0,0.0,0.0,0.0,0.0,0.0,944.2,,T,test-only,,table,0.48151356
mcbridewright2014_10.1021_je5009125_t5,MCBRIDEWRIGHT(2014),co2,rho_gas_loaded,423.92,704.2,0.0,0.0,0.0,0.0,0.0,0.0,953.8,,T,test-only,,table,0.48151356
mcbridewright2014_10.1021_je5009125_t5,MCBRIDEWRIGHT(2014),co2,rho_gas_loaded,423.92,1007.1,0.0,0.0,0.0,0.0,0.0,0.0,967.1,,T,test-only,,table,0.48151356
mcbridewright2014_10.1021_je5009125_t5,MCBRIDEWRIGHT(2014),co2,rho_gas_loaded,449.2,150.8,0.0,0.0,0.0,0.0,0.0,0.0,900.7,,T,test-only,,table,0.48151356
mcbridewright2014_10.1021_je5009125_t5,MCBRIDEWRIGHT(2014),co2,rho_gas_loaded,449.2,301.9,0.0,0.0,0.0,0.0,0.0,0.0,909.9,,T,test-only,,table,0.48151356
mcbridewright2014_10.1021_je5009125_t5,MCBRIDEWRIGHT(2014),co2,rho_gas_loaded,449.2,503.1,0.0,0.0,0.0,0.0,0.0,0.0,921.3,,T,test-only,,table,0.48151356
mcbridewright2014_10.1021_je5009125_t5,MCBRIDEWRIGHT(2014),co2,rho_gas_loaded,449.2,704.2,0.0,0.0,0.0,0.0,0.0,0.0,931.8,,T,test-only,,table,0.48151356
mcbridewright2014_10.1021_je5009125_t5,MCBRIDEWRIGHT(2014),co2,rho_gas_loaded,449.2,1007.1,0.0,0.0,0.0,0.0,0.0,0.0,946.4,,T,test-only,,table,0.48151356
mcbridewright2014_10.1021_je5009125_t5,MCBRIDEWRIGHT(2014),co2,rho_gas_loaded,274.77,150.8,0.0,0.0,0.0,0.0,0.0,0.0,1017.3,,T,test-only,,table,0.94847611
mcbridewright2014_10.1021_je5009125_t5,MCBRIDEWRIGHT(2014),co2,rho_gas_loaded,274.77,301.9,0.0,0.0,0.0,0.0,0.0,0.0,1024.1,,T,test-only,,table,0.94847611
mcbridewright2014_10.1021_je5009125_t5,MCBRIDEWRIGHT(2014),co2,rho_gas_loaded,274.77,503.1,0.0,0.0,0.0,0.0,0.0,0.0,1033.0,,T,test-only,,table,0.94847611
mcbridewright2014_10.1021_je5009125_t5,MCBRIDEWRIGHT(2014),co2,rho_gas_loaded,274.77,704.3,0.0,0.0,0.0,0.0,0.0,0.0,1041.6,,T,test-only,,table,0.94847611
mcbridewright2014_10.1021_je5009125_t5,MCBRIDEWRIGHT(2014),co2,rho_gas_loaded,274.77,1007.1,0.0,0.0,0.0,0.0,0.0,0.0,1053.9,,T,test-only,,table,0.94847611
mcbridewright2014_10.1021_je5009125_t5,MCBRIDEWRIGHT(2014),co2,rho_gas_loaded,296.19,150.7,0.0,0.0,0.0,0.0,0.0,0.0,1013.3,,T,test-only,,table,0.94847611
mcbridewright2014_10.1021_je5009125_t5,MCBRIDEWRIGHT(2014),co2,rho_gas_loaded,296.19,301.7,0.0,0.0,0.0,0.0,0.0,0.0,1019.7,,T,test-only,,table,0.94847611
mcbridewright2014_10.1021_je5009125_t5,MCBRIDEWRIGHT(2014),co2,rho_gas_loaded,296.19,503.0,0.0,0.0,0.0,0.0,0.0,0.0,1027.9,,T,test-only,,table,0.94847611
mcbridewright2014_10.1021_je5009125_t5,MCBRIDEWRIGHT(2014),co2,rho_gas_loaded,296.19,704.1,0.0,0.0,0.0,0.0,0.0,0.0,1035.9,,T,test-only,,table,0.94847611
mcbridewright2014_10.1021_je5009125_t5,MCBRIDEWRIGHT(2014),co2,rho_gas_loaded,296.19,1007.3,0.0,0.0,0.0,0.0,0.0,0.0,1047.3,,T,test-only,,table,0.94847611
mcbridewright2014_10.1021_je5009125_t5,MCBRIDEWRIGHT(2014),co2,rho_gas_loaded,323.43,150.6,0.0,0.0,0.0,0.0,0.0,0.0,1002.5,,T,test-only,,table,0.94847611
mcbridewright2014_10.1021_je5009125_t5,MCBRIDEWRIGHT(2014),co2,rho_gas_loaded,323.43,301.8,0.0,0.0,0.0,0.0,0.0,0.0,1008.8,,T,test-only,,table,0.94847611
mcbridewright2014_10.1021_je5009125_t5,MCBRIDEWRIGHT(2014),co2,rho_gas_loaded,323.43,503.0,0.0,0.0,0.0,0.0,0.0,0.0,1016.9,,T,test-only,,table,0.94847611
mcbridewright2014_10.1021_je5009125_t5,MCBRIDEWRIGHT(2014),co2,rho_gas_loaded,323.43,704.2,0.0,0.0,0.0,0.0,0.0,0.0,1024.6,,T,test-only,,table,0.94847611
mcbridewright2014_10.1021_je5009125_t5,MCBRIDEWRIGHT(2014),co2,rho_gas_loaded,323.43,1007.2,0.0,0.0,0.0,0.0,0.0,0.0,1035.7,,T,test-only,,table,0.94847611
mcbridewright2014_10.1021_je5009125_t5,MCBRIDEWRIGHT(2014),co2,rho_gas_loaded,348.38,302.0,0.0,0.0,0.0,0.0,0.0,0.0,994.9,,T,test-only,,table,0.94847611
mcbridewright2014_10.1021_je5009125_t5,MCBRIDEWRIGHT(2014),co2,rho_gas_loaded,348.38,503.2,0.0,0.0,0.0,0.0,0.0,0.0,1003.2,,T,test-only,,table,0.94847611
mcbridewright2014_10.1021_je5009125_t5,MCBRIDEWRIGHT(2014),co2,rho_gas_loaded,348.38,704.5,0.0,0.0,0.0,0.0,0.0,0.0,1011.1,,T,test-only,,table,0.94847611
mcbridewright2014_10.1021_je5009125_t5,MCBRIDEWRIGHT(2014),co2,rho_gas_loaded,348.38,1007.4,0.0,0.0,0.0,0.0,0.0,0.0,1022.4,,T,test-only,,table,0.94847611
mcbridewright2014_10.1021_je5009125_t5,MCBRIDEWRIGHT(2014),co2,rho_gas_loaded,373.46,301.9,0.0,0.0,0.0,0.0,0.0,0.0,977.8,,T,test-only,,table,0.94847611
mcbridewright2014_10.1021_je5009125_t5,MCBRIDEWRIGHT(2014),co2,rho_gas_loaded,373.46,503.2,0.0,0.0,0.0,0.0,0.0,0.0,986.5,,T,test-only,,table,0.94847611
mcbridewright2014_10.1021_je5009125_t5,MCBRIDEWRIGHT(2014),co2,rho_gas_loaded,373.46,704.5,0.0,0.0,0.0,0.0,0.0,0.0,994.9,,T,test-only,,table,0.94847611
mcbridewright2014_10.1021_je5009125_t5,MCBRIDEWRIGHT(2014),co2,rho_gas_loaded,373.46,1007.4,0.0,0.0,0.0,0.0,0.0,0.0,1006.7,,T,test-only,,table,0.94847611
mcbridewright2014_10.1021_je5009125_t5,MCBRIDEWRIGHT(2014),co2,rho_gas_loaded,398.55,301.9,0.0,0.0,0.0,0.0,0.0,0.0,958.2,,T,test-only,,table,0.94847611
mcbridewright2014_10.1021_je5009125_t5,MCBRIDEWRIGHT(2014),co2,rho_gas_loaded,398.55,503.3,0.0,0.0,0.0,0.0,0.0,0.0,967.8,,T,test-only,,table,0.94847611
mcbridewright2014_10.1021_je5009125_t5,MCBRIDEWRIGHT(2014),co2,rho_gas_loaded,398.55,704.6,0.0,0.0,0.0,0.0,0.0,0.0,976.7,,T,test-only,,table,0.94847611
mcbridewright2014_10.1021_je5009125_t5,MCBRIDEWRIGHT(2014),co2,rho_gas_loaded,398.55,1007.3,0.0,0.0,0.0,0.0,0.0,0.0,989.4,,T,test-only,,table,0.94847611
mcbridewright2014_10.1021_je5009125_t5,MCBRIDEWRIGHT(2014),co2,rho_gas_loaded,423.93,302.0,0.0,0.0,0.0,0.0,0.0,0.0,935.7,,T,test-only,,table,0.94847611
mcbridewright2014_10.1021_je5009125_t5,MCBRIDEWRIGHT(2014),co2,rho_gas_loaded,423.93,503.4,0.0,0.0,0.0,0.0,0.0,0.0,946.2,,T,test-only,,table,0.94847611
mcbridewright2014_10.1021_je5009125_t5,MCBRIDEWRIGHT(2014),co2,rho_gas_loaded,423.93,704.6,0.0,0.0,0.0,0.0,0.0,0.0,956.0,,T,test-only,,table,0.94847611
mcbridewright2014_10.1021_je5009125_t5,MCBRIDEWRIGHT(2014),co2,rho_gas_loaded,423.93,1007.3,0.0,0.0,0.0,0.0,0.0,0.0,969.7,,T,test-only,,table,0.94847611
mcbridewright2014_10.1021_je5009125_t5,MCBRIDEWRIGHT(2014),co2,rho_gas_loaded,449.2,302.1,0.0,0.0,0.0,0.0,0.0,0.0,910.8,,T,test-only,,table,0.94847611
mcbridewright2014_10.1021_je5009125_t5,MCBRIDEWRIGHT(2014),co2,rho_gas_loaded,449.2,503.6,0.0,0.0,0.0,0.0,0.0,0.0,922.6,,T,test-only,,table,0.94847611
mcbridewright2014_10.1021_je5009125_t5,MCBRIDEWRIGHT(2014),co2,rho_gas_loaded,449.2,704.7,0.0,0.0,0.0,0.0,0.0,0.0,933.5,,T,test-only,,table,0.94847611
mcbridewright2014_10.1021_je5009125_t5,MCBRIDEWRIGHT(2014),co2,rho_gas_loaded,449.2,1007.4,0.0,0.0,0.0,0.0,0.0,0.0,948.4,,T,test-only,,table,0.94847611
mcbridewright2014_10.1021_je5009125_t5,MCBRIDEWRIGHT(2014),co2,rho_gas_loaded,274.72,302.9,0.0,0.0,0.0,0.0,0.0,0.0,1030.1,,T,test-only,,table,1.5461801
mcbridewright2014_10.1021_je5009125_t5,MCBRIDEWRIGHT(2014),co2,rho_gas_loaded,274.72,504.1,0.0,0.0,0.0,0.0,0.0,0.0,1038.8,,T,test-only,,table,1.5461801
mcbridewright2014_10.1021_je5009125_t5,MCBRIDEWRIGHT(2014),co2,rho_gas_loaded,274.72,705.3,0.0,0.0,0.0,0.0,0.0,0.0,1047.2,,T,test-only,,table,1.5461801
mcbridewright2014_10.1021_je5009125_t5,MCBRIDEWRIGHT(2014),co2,rho_gas_loaded,274.72,1007.7,0.0,0.0,0.0,0.0,0.0,0.0,1059.2,,T,test-only,,table,1.5461801
mcbridewright2014_10.1021_je5009125_t5,MCBRIDEWRIGHT(2014),co2,rho_gas_loaded,296.18,302.5,0.0,0.0,0.0,0.0,0.0,0.0,1025.3,,T,test-only,,table,1.5461801
mcbridewright2014_10.1021_je5009125_t5,MCBRIDEWRIGHT(2014),co2,rho_gas_loaded,296.18,503.6,0.0,0.0,0.0,0.0,0.0,0.0,1033.4,,T,test-only,,table,1.5461801
mcbridewright2014_10.1021_je5009125_t5,MCBRIDEWRIGHT(2014),co2,rho_gas_loaded,296.18,704.4,0.0,0.0,0.0,0.0,0.0,0.0,1041.2,,T,test-only,,table,1.5461801
mcbridewright2014_10.1021_je5009125_t5,MCBRIDEWRIGHT(2014),co2,rho_gas_loaded,296.18,1007.6,0.0,0.0,0.0,0.0,0.0,0.0,1052.6,,T,test-only,,table,1.5461801
mcbridewright2014_10.1021_je5009125_t5,MCBRIDEWRIGHT(2014),co2,rho_gas_loaded,323.43,704.6,0.0,0.0,0.0,0.0,0.0,0.0,1029.6,,T,test-only,,table,1.5461801
mcbridewright2014_10.1021_je5009125_t5,MCBRIDEWRIGHT(2014),co2,rho_gas_loaded,323.43,1007.8,0.0,0.0,0.0,0.0,0.0,0.0,1040.7,,T,test-only,,table,1.5461801
mcbridewright2014_10.1021_je5009125_t5,MCBRIDEWRIGHT(2014),co2,rho_gas_loaded,348.33,705.8,0.0,0.0,0.0,0.0,0.0,0.0,1015.3,,T,test-only,,table,1.5461801
mcbridewright2014_10.1021_je5009125_t5,MCBRIDEWRIGHT(2014),co2,rho_gas_loaded,348.33,1007.8,0.0,0.0,0.0,0.0,0.0,0.0,1026.8,,T,test-only,,table,1.5461801
mcbridewright2014_10.1021_je5009125_t5,MCBRIDEWRIGHT(2014),co2,rho_gas_loaded,373.38,705.9,0.0,0.0,0.0,0.0,0.0,0.0,998.2,,T,test-only,,table,1.5461801
mcbridewright2014_10.1021_je5009125_t5,MCBRIDEWRIGHT(2014),co2,rho_gas_loaded,373.38,1008.0,0.0,0.0,0.0,0.0,0.0,0.0,1010.3,,T,test-only,,table,1.5461801
mcbridewright2014_10.1021_je5009125_t5,MCBRIDEWRIGHT(2014),co2,rho_gas_loaded,398.48,504.7,0.0,0.0,0.0,0.0,0.0,0.0,970.0,,T,test-only,,table,1.5461801
mcbridewright2014_10.1021_je5009125_t5,MCBRIDEWRIGHT(2014),co2,rho_gas_loaded,398.48,706.0,0.0,0.0,0.0,0.0,0.0,0.0,979.3,,T,test-only,,table,1.5461801
mcbridewright2014_10.1021_je5009125_t5,MCBRIDEWRIGHT(2014),co2,rho_gas_loaded,398.48,1008.0,0.0,0.0,0.0,0.0,0.0,0.0,992.1,,T,test-only,,table,1.5461801
mcbridewright2014_10.1021_je5009125_t5,MCBRIDEWRIGHT(2014),co2,rho_gas_loaded,423.84,504.6,0.0,0.0,0.0,0.0,0.0,0.0,948.0,,T,test-only,,table,1.5461801
mcbridewright2014_10.1021_je5009125_t5,MCBRIDEWRIGHT(2014),co2,rho_gas_loaded,423.84,705.8,0.0,0.0,0.0,0.0,0.0,0.0,958.1,,T,test-only,,table,1.5461801
mcbridewright2014_10.1021_je5009125_t5,MCBRIDEWRIGHT(2014),co2,rho_gas_loaded,423.84,1008.1,0.0,0.0,0.0,0.0,0.0,0.0,972.1,,T,test-only,,table,1.5461801
mcbridewright2014_10.1021_je5009125_t5,MCBRIDEWRIGHT(2014),co2,rho_gas_loaded,449.17,504.5,0.0,0.0,0.0,0.0,0.0,0.0,923.6,,T,test-only,,table,1.5461801
mcbridewright2014_10.1021_je5009125_t5,MCBRIDEWRIGHT(2014),co2,rho_gas_loaded,449.17,705.7,0.0,0.0,0.0,0.0,0.0,0.0,934.9,,T,test-only,,table,1.5461801
mcbridewright2014_10.1021_je5009125_t5,MCBRIDEWRIGHT(2014),co2,rho_gas_loaded,449.17,1008.0,0.0,0.0,0.0,0.0,0.0,0.0,950.3,,T,test-only,,table,1.5461801
