dataset_id,source,gas,property,T_K,P_bar,m_Na,m_Cl,m_K,m_Ca,m_Mg,m_SO4,value,uncertainty,quality,tag
co2_part1,TEYMOURI(2017),co2,xc_saltfree,323,122.76,1.9,1.9,0,0,0,0,0.0134,,T,fit-eligible
co2_part1,TEYMOURI(2017),co2,solubility_molality,323,122.76,1.9,1.9,0,0,0,0,0.7539154975,,T,fit-eligible
co2_part1,TEYMOURI(2017),co2,xc_saltfree,323,259.31,1.9,1.9,0,0,0,0,0.0163,,T,fit-eligible
co2_part1,TEYMOURI(2017),co2,solubility_molality,323,259.31,1.9,1.9,0,0,0,0,0.9197799039,,T,fit-eligible
co2_part1,TEYMOURI(2017),co2,xc_saltfree,323,537.93,1.9,1.9,0,0,0,0,0.0198,,T,fit-eligible
co2_part1,TEYMOURI(2017),co2,solubility_molality,323,537.93,1.9,1.9,0,0,0,0,1.121268123,,T,fit-eligible
co2_part1,TEYMOURI(2017),co2,xc_saltfree,323,27.86,3,3,0,0,0,0,0.0055,,T,fit-eligible
co2_part1,TEYMOURI(2017),co2,solubility_molality,323,27.86,3,3,0,0,0,0,0.3069848093,,T,fit-eligible
co2_part1,TEYMOURI(2017),co2,xc_saltfree,323,131.03,3,3,0,0,0,0,0.0112,,T,fit-eligible
co2_part1,TEYMOURI(2017),co2,solubility_molality,323,131.03,3,3,0,0,0,0,0.6287363195,,T,fit-eligible
co2_part1,TEYMOURI(2017),co2,xc_saltfree,323,356.55,3,3,0,0,0,0,0.0145,,T,fit-eligible
co2_part1,TEYMOURI(2017),co2,solubility_molality,323,356.55,3,3,0,0,0,0,0.8167146711,,T,fit-eligible
co2_part1,TEYMOURI(2017),co2,xc_saltfree,323,548.97,3,3,0,0,0,0,0.0172,,T,fit-eligible
co2_part1,TEYMOURI(2017),co2,solubility_molality,323,548.97,3,3,0,0,0,0,0.9714540935,,T,fit-eligible
co2_part1,TEYMOURI(2017),co2,xc_saltfree,323,217.24,4.82,4.82,0,0,0,0,0.0105,,T,fit-eligible
co2_part1,TEYMOURI(2017),co2,solubility_molality,323,217.24,4.82,4.82,0,0,0,0,0.5890233129,,T,fit-eligible
co2_part1,TEYMOURI(2017),co2,xc_saltfree,323,572.41,4.82,4.82,0,0,0,0,0.0118,,T,fit-eligible
co2_part1,TEYMOURI(2017),co2,solubility_molality,323,572.41,4.82,4.82,0,0,0,0,0.6628208194,,T,fit-eligible
co2_part1,KOSCHEL(2006),co2,xc_saltfree,323,51,1,1,0,0,0,0,0.0111,,T,fit-eligible
co2_part1,KOSCHEL(2006),co2,solubility_molality,323,51,1,1,0,0,0,0,0.6230595906,,T,fit-eligible
co2_part1,KOSCHEL(2006),co2,xc_saltfree,323,100.3,1,1,0,0,0,0,0.0164,,R,fit-eligible
co2_part1,KOSCHEL(2006),co2,solubility_molality,323,100.3,1,1,0,0,0,0,0.9255168107,,R,fit-eligible
co2_part1,KOSCHEL(2006),co2,xc_saltfree,323,143.8,1,1,0,0,0,0,0.0177,,T,fit-eligible
co2_part1,KOSCHEL(2006),co2,solubility_molality,323,143.8,1,1,0,0,0,0,1.000202892,,T,fit-eligible
co2_part1,KOSCHEL(2006),co2,xc_saltfree,323,202.4,1,1,0,0,0,0,0.0181,,T,fit-eligible
co2_part1,KOSCHEL(2006),co2,solubility_molality,323,202.4,1,1,0,0,0,0,1.023223011,,T,fit-eligible
co2_part1,KOSCHEL(2006),co2,xc_saltfree,323,50,3,3,0,0,0,0,0.0083,,R,fit-eligible
co2_part1,KOSCHEL(2006),co2,solubility_molality,323,50,3,3,0,0,0,0,0.4645759917,,R,fit-eligible
co2_part1,KOSCHEL(2006),co2,xc_saltfree,323,100.4,3,3,0,0,0,0,0.0114,,T,fit-eligible
co2_part1,KOSCHEL(2006),co2,solubility_molality,323,100.4,3,3,0,0,0,0,0.6400932224,,T,fit-eligible
co2_part1,KOSCHEL(2006),co2,xc_saltfree,323,144.1,3,3,0,0,0,0,0.0124,,T,fit-eligible
co2_part1,KOSCHEL(2006),co2,solubility_molality,323,144.1,3,3,0,0,0,0,0.6969467343,,T,fit-eligible
co2_part1,KOSCHEL(2006),co2,xc_saltfree,323,202.4,3,3,0,0,0,0,0.0137,,R,fit-eligible
co2_part1,KOSCHEL(2006),co2,solubility_molality,323,202.4,3,3,0,0,0,0,0.7710286529,,R,fit-eligible
co2_part1,MESSABEB(2016),co2,xc_saltfree,323,50.3,1,1,0,0,0,0,0.01156469309,,T,fit-eligible
co2_part1,MESSABEB(2016),co2,solubility_molality,323,50.3,1,1,0,0,0,0,0.6494486902,,T,fit-eligible
co2_part1,MESSABEB(2016),co2,xc_saltfree,323,100.2,1,1,0,0,0,0,0.01707343444,,R,fit-eligible
co2_part1,MESSABEB(2016),co2,solubility_molality,323,100.2,1,1,0,0,0,0,0.964181517,,R,fit-eligible
co2_part1,MESSABEB(2016),co2,xc_saltfree,323,150.6,1,1,0,0,0,0,0.01841068911,,R,fit-eligible
co2_part1,MESSABEB(2016),co2,solubility_molality,323,150.6,1,1,0,0,0,0,1.041116208,,R,fit-eligible
co2_part1,MESSABEB(2016),co2,xc_saltfree,323,200.1,1,1,0,0,0,0,0.01908661269,,T,fit-eligible
co2_part1,MESSABEB(2016),co2,solubility_molality,323,200.1,1,1,0,0,0,0,1.080083129,,T,fit-eligible
co2_part1,MESSABEB(2016),co2,xc_saltfree,323,49.9,3,3,0,0,0,0,0.008070339716,,R,fit-eligible
co2_part1,MESSABEB(2016),co2,solubility_molality,323,49.9,3,3,0,0,0,0,0.4516166277,,R,fit-eligible
co2_part1,MESSABEB(2016),co2,xc_saltfree,323,100.6,3,3,0,0,0,0,0.01202171971,,T,fit-eligible
co2_part1,MESSABEB(2016),co2,solubility_molality,323,100.6,3,3,0,0,0,0,0.6754266378,,T,fit-eligible
co2_part1,MESSABEB(2016),co2,xc_saltfree,323,149.7,3,3,0,0,0,0,0.01267137557,,R,fit-eligible
co2_part1,MESSABEB(2016),co2,solubility_molality,323,149.7,3,3,0,0,0,0,0.7123952556,,R,fit-eligible
co2_part1,MESSABEB(2016),co2,xc_saltfree,323,199.6,3,3,0,0,0,0,0.01382810235,,R,fit-eligible
co2_part1,MESSABEB(2016),co2,solubility_molality,323,199.6,3,3,0,0,0,0,0.7783392764,,R,fit-eligible
co2_part1,MESSABEB(2016),co2,xc_saltfree,323,50.5,6,6,0,0,0,0,0.00521070632,,T,fit-eligible
co2_part1,MESSABEB(2016),co2,solubility_molality,323,50.5,6,6,0,0,0,0,0.2907531829,,T,fit-eligible
co2_part1,MESSABEB(2016),co2,xc_saltfree,323,100.9,6,6,0,0,0,0,0.00782232876,,T,fit-eligible
co2_part1,MESSABEB(2016),co2,solubility_molality,323,100.9,6,6,0,0,0,0,0.437628502,,T,fit-eligible
co2_part1,MESSABEB(2016),co2,xc_saltfree,323,149.9,6,6,0,0,0,0,0.008636756577,,R,fit-eligible
co2_part1,MESSABEB(2016),co2,solubility_molality,323,149.9,6,6,0,0,0,0,0.4835894863,,R,fit-eligible
co2_part1,MESSABEB(2016),co2,xc_saltfree,323,200.4,6,6,0,0,0,0,0.009078819853,,T,fit-eligible
co2_part1,MESSABEB(2016),co2,solubility_molality,323,200.4,6,6,0,0,0,0,0.508568282,,T,fit-eligible
co2_part1,YAN(2011),co2,xc_saltfree,323,50,1,1,0,0,0,0,0.01186356603,,T,fit-eligible
co2_part1,YAN(2011),co2,solubility_molality,323,50,1,1,0,0,0,0,0.6664342714,,T,fit-eligible
co2_part1,YAN(2011),co2,xc_saltfree,323,100,1,1,0,0,0,0,0.01700386711,,R,fit-eligible
co2_part1,YAN(2011),co2,solubility_molality,323,100,1,1,0,0,0,0,0.9601849097,,R,fit-eligible
co2_part1,YAN(2011),co2,xc_saltfree,323,150,1,1,0,0,0,0,0.01801163067,,R,fit-eligible
co2_part1,YAN(2011),co2,solubility_molality,323,150,1,1,0,0,0,0,1.018135716,,R,fit-eligible
co2_part1,YAN(2011),co2,xc_saltfree,323,200,1,1,0,0,0,0,0.01941557168,,T,fit-eligible
co2_part1,YAN(2011),co2,solubility_molality,323,200,1,1,0,0,0,0,1.099067014,,T,fit-eligible
co2_part1,YAN(2011),co2,xc_saltfree,323,300,1,1,0,0,0,0,0.02043567103,,T,fit-eligible
co2_part1,YAN(2011),co2,solubility_molality,323,300,1,1,0,0,0,0,1.158016972,,T,fit-eligible
co2_part1,YAN(2011),co2,xc_saltfree,323,400,1,1,0,0,0,0,0.02160874917,,T,fit-eligible
co2_part1,YAN(2011),co2,solubility_molality,323,400,1,1,0,0,0,0,1.225959297,,T,fit-eligible
co2_part1,YAN(2011),co2,xc_saltfree,323,50,5,5,0,0,0,0,0.006011641592,,T,fit-eligible
co2_part1,YAN(2011),co2,solubility_molality,323,50,5,5,0,0,0,0,0.3357150153,,T,fit-eligible
co2_part1,YAN(2011),co2,xc_saltfree,323,100,5,5,0,0,0,0,0.00874288773,,T,fit-eligible
co2_part1,YAN(2011),co2,solubility_molality,323,100,5,5,0,0,0,0,0.4895843972,,T,fit-eligible
co2_part1,YAN(2011),co2,xc_saltfree,323,150,5,5,0,0,0,0,0.009855894427,,R,fit-eligible
co2_part1,YAN(2011),co2,solubility_molality,323,150,5,5,0,0,0,0,0.5525309626,,R,fit-eligible
co2_part1,YAN(2011),co2,xc_saltfree,323,200,5,5,0,0,0,0,0.009961764723,,T,fit-eligible
co2_part1,YAN(2011),co2,solubility_molality,323,200,5,5,0,0,0,0,0.5585258736,,T,fit-eligible
co2_part1,YAN(2011),co2,xc_saltfree,323,300,5,5,0,0,0,0,0.01075507087,,T,fit-eligible
co2_part1,YAN(2011),co2,solubility_molality,323,300,5,5,0,0,0,0,0.603487706,,T,fit-eligible
co2_part1,YAN(2011),co2,xc_saltfree,323,400,5,5,0,0,0,0,0.0116350324,,T,fit-eligible
co2_part1,YAN(2011),co2,solubility_molality,323,400,5,5,0,0,0,0,0.6534452975,,T,fit-eligible
co2_part1,ZHAO(2015),co2,xc_saltfree,323,150,1,1,0,0,0,0,0.01795955565,,R,fit-eligible
co2_part1,ZHAO(2015),co2,solubility_molality,323,150,1,1,0,0,0,0,1.01513826,,R,fit-eligible
co2_part1,ZHAO(2015),co2,xc_saltfree,323,150,2,2,0,0,0,0,0.01522656682,,T,fit-eligible
co2_part1,ZHAO(2015),co2,solubility_molality,323,150,2,2,0,0,0,0,0.8582714229,,T,fit-eligible
co2_part1,ZHAO(2015),co2,xc_saltfree,323,150,3,3,0,0,0,0,0.01303971923,,R,fit-eligible
co2_part1,ZHAO(2015),co2,solubility_molality,323,150,3,3,0,0,0,0,0.733377444,,R,fit-eligible
co2_part1,ZHAO(2015),co2,xc_saltfree,323,150,4,4,0,0,0,0,0.01108964077,,T,fit-eligible
co2_part1,ZHAO(2015),co2,solubility_molality,323,150,4,4,0,0,0,0,0.6224715908,,T,fit-eligible
co2_part1,ZHAO(2015),co2,xc_saltfree,323,150,5,5,0,0,0,0,0.009820599296,,R,fit-eligible
co2_part1,ZHAO(2015),co2,solubility_molality,323,150,5,5,0,0,0,0,0.5505326589,,R,fit-eligible
co2_part1,ZHAO(2015),co2,xc_saltfree,323,150,6,6,0,0,0,0,0.008884360592,,R,fit-eligible
co2_part1,ZHAO(2015),co2,solubility_molality,323,150,6,6,0,0,0,0,0.4975776119,,R,fit-eligible
co2_part1,ZHAOb(2015),co2,xc_saltfree,323,150,0,0.5,0.5,0,0,0,0.02069468002,,T,fit-eligible
co2_part1,ZHAOb(2015),co2,solubility_molality,323,150,0,0.5,0.5,0,0,0,1.17300425,,T,fit-eligible
co2_part1,ZHAOb(2015),co2,xc_saltfree,323,150,0,1,1,0,0,0,0.0196232216,,T,fit-eligible
co2_part1,ZHAOb(2015),co2,solubility_molality,323,150,0,1,1,0,0,0,1.111056836,,T,fit-eligible
co2_part1,ZHAOb(2015),co2,xc_saltfree,323,150,0,2,2,0,0,0,0.01776856663,,T,fit-eligible
co2_part1,ZHAOb(2015),co2,solubility_molality,323,150,0,2,2,0,0,0,1.00414759,,T,fit-eligible
co2_part1,ZHAOb(2015),co2,xc_saltfree,323,150,0,3,3,0,0,0,0.01644697371,,T,fit-eligible
co2_part1,ZHAOb(2015),co2,solubility_molality,323,150,0,3,3,0,0,0,0.9282120511,,T,fit-eligible
co2_part1,ZHAOb(2015),co2,xc_saltfree,323,150,0,4,4,0,0,0,0.01559300677,,T,fit-eligible
co2_part1,ZHAOb(2015),co2,solubility_molality,323,150,0,4,4,0,0,0,0.8792536114,,T,fit-eligible
co2_part1,ZHAOb(2015),co2,xc_saltfree,323,150,0,4.5,4.5,0,0,0,0.01515673781,,T,fit-eligible
co2_part1,ZHAOb(2015),co2,solubility_molality,323,150,0,4.5,4.5,0,0,0,0.8542748156,,T,fit-eligible
co2_part1,TEYMOURI(2017),co2,xc_saltfree,323,82.07,0,1.5,1.5,0,0,0,0.0165,,T,fit-eligible
co2_part1,TEYMOURI(2017),co2,solubility_molality,323,82.07,0,1.5,1.5,0,0,0,0.9312548841,,T,fit-eligible
co2_part1,TEYMOURI(2017),co2,xc_saltfree,323,222.76,0,1.5,1.5,0,0,0,0.0207,,T,fit-eligible
co2_part1,TEYMOURI(2017),co2,solubility_molality,323,222.76,0,1.5,1.5,0,0,0,1.173312168,,T,fit-eligible
co2_part1,TEYMOURI(2017),co2,xc_saltfree,323,400,0,1.5,1.5,0,0,0,0.0232,,T,fit-eligible
co2_part1,TEYMOURI(2017),co2,solubility_molality,323,400,0,1.5,1.5,0,0,0,1.31838216,,T,fit-eligible
co2_part1,TEYMOURI(2017),co2,xc_saltfree,323,537.72,0,1.5,1.5,0,0,0,0.0252,,T,fit-eligible
co2_part1,TEYMOURI(2017),co2,solubility_molality,323,537.72,0,1.5,1.5,0,0,0,1.434973906,,T,fit-eligible
co2_part1,TEYMOURI(2017),co2,xc_saltfree,323,91.31,0,2.37,2.37,0,0,0,0.0157,,T,fit-eligible
co2_part1,TEYMOURI(2017),co2,solubility_molality,323,91.31,0,2.37,2.37,0,0,0,0.8853829427,,T,fit-eligible
co2_part1,TEYMOURI(2017),co2,xc_saltfree,323,260.69,0,2.37,2.37,0,0,0,0.0195,,T,fit-eligible
co2_part1,TEYMOURI(2017),co2,solubility_molality,323,260.69,0,2.37,2.37,0,0,0,1.10394134,,T,fit-eligible
co2_part1,TEYMOURI(2017),co2,xc_saltfree,323,537.93,0,2.37,2.37,0,0,0,0.0237,,T,fit-eligible
co2_part1,TEYMOURI(2017),co2,solubility_molality,323,537.93,0,2.37,2.37,0,0,0,1.347485313,,T,fit-eligible
co2_part1,TEYMOURI(2017),co2,xc_saltfree,323,101.38,0,3.8,3.8,0,0,0,0.0146,,T,fit-eligible
co2_part1,TEYMOURI(2017),co2,solubility_molality,323,101.38,0,3.8,3.8,0,0,0,0.8224306392,,T,fit-eligible
co2_part1,TEYMOURI(2017),co2,xc_saltfree,323,288.28,0,3.8,3.8,0,0,0,0.0183,,T,fit-eligible
co2_part1,TEYMOURI(2017),co2,solubility_molality,323,288.28,0,3.8,3.8,0,0,0,1.034740106,,T,fit-eligible
co2_part1,ZHAOb(2015),co2,xc_saltfree,323,150,0,1.34,0,0.67,0,0,0.01707343444,,T,fit-eligible
co2_part1,ZHAOb(2015),co2,solubility_molality,323,150,0,1.34,0,0.67,0,0,0.964181517,,T,fit-eligible
co2_part1,ZHAOb(2015),co2,xc_saltfree,323,150,0,2,0,1,0,0,0.01512181958,,R,fit-eligible
co2_part1,ZHAOb(2015),co2,solubility_molality,323,150,0,2,0,1,0,0,0.8522765119,,R,fit-eligible
co2_part1,ZHAOb(2015),co2,xc_saltfree,323,150,0,3.34,0,1.67,0,0,0.01179325924,,T,fit-eligible
co2_part1,ZHAOb(2015),co2,solubility_molality,323,150,0,3.34,0,1.67,0,0,0.662437664,,T,fit-eligible
co2_part1,ZHAOb(2015),co2,xc_saltfree,323,150,0,4,0,2,0,0,0.011001618,,T,fit-eligible
co2_part1,ZHAOb(2015),co2,solubility_molality,323,150,0,4,0,2,0,0,0.6174758316,,T,fit-eligible
co2_part1,TEYMOURI(2017),co2,xc_saltfree,323,83.7,0,1.46,0,0.73,0,0,0.0136,,T,fit-eligible
co2_part1,TEYMOURI(2017),co2,solubility_molality,323,83.7,0,1.46,0,0.73,0,0,0.7653231112,,T,fit-eligible
co2_part1,TEYMOURI(2017),co2,xc_saltfree,323,263.5,0,1.46,0,0.73,0,0,0.0184,,T,fit-eligible
co2_part1,TEYMOURI(2017),co2,solubility_molality,323,263.5,0,1.46,0,0.73,0,0,1.040500413,,T,fit-eligible
co2_part1,TEYMOURI(2017),co2,xc_saltfree,323,135.9,0,2,0,1,0,0,0.014,,T,fit-eligible
co2_part1,TEYMOURI(2017),co2,solubility_molality,323,135.9,0,2,0,1,0,0,0.788152222,,T,fit-eligible
co2_part1,TEYMOURI(2017),co2,xc_saltfree,323,255.8,0,2,0,1,0,0,0.0155,,T,fit-eligible
co2_part1,TEYMOURI(2017),co2,solubility_molality,323,255.8,0,2,0,1,0,0,0.8739266058,,T,fit-eligible
co2_part1,TEYMOURI(2017),co2,xc_saltfree,323,475.9,0,2,0,1,0,0,0.0175,,T,fit-eligible
co2_part1,TEYMOURI(2017),co2,solubility_molality,323,475.9,0,2,0,1,0,0,0.9886998612,,T,fit-eligible
co2_part1,TEYMOURI(2017),co2,xc_saltfree,323,564.1,0,2,0,1,0,0,0.0182,,T,fit-eligible
co2_part1,TEYMOURI(2017),co2,solubility_molality,323,564.1,0,2,0,1,0,0,1.028980972,,T,fit-eligible
co2_part1,TEYMOURI(2017),co2,xc_saltfree,323,105.5,0,3.36,0,1.68,0,0,0.01,,T,fit-eligible
co2_part1,TEYMOURI(2017),co2,solubility_molality,323,105.5,0,3.36,0,1.68,0,0,0.5606912633,,T,fit-eligible
co2_part1,TEYMOURI(2017),co2,xc_saltfree,323,140.5,0,3.36,0,1.68,0,0,0.0111,,T,fit-eligible
co2_part1,TEYMOURI(2017),co2,solubility_molality,323,140.5,0,3.36,0,1.68,0,0,0.6230595906,,T,fit-eligible
co2_part1,TEYMOURI(2017),co2,xc_saltfree,323,246.2,0,3.36,0,1.68,0,0,0.0121,,T,fit-eligible
co2_part1,TEYMOURI(2017),co2,solubility_molality,323,246.2,0,3.36,0,1.68,0,0,0.6798785953,,T,fit-eligible
co2_part1,TEYMOURI(2017),co2,xc_saltfree,323,256.3,0,3.36,0,1.68,0,0,0.0125,,T,fit-eligible
co2_part1,TEYMOURI(2017),co2,solubility_molality,323,256.3,0,3.36,0,1.68,0,0,0.7026384185,,T,fit-eligible
co2_part1,TEYMOURI(2017),co2,xc_saltfree,323,397.9,0,3.36,0,1.68,0,0,0.0139,,T,fit-eligible
co2_part1,TEYMOURI(2017),co2,solubility_molality,323,397.9,0,3.36,0,1.68,0,0,0.7824432079,,T,fit-eligible
co2_part1,TEYMOURI(2017),co2,xc_saltfree,323,555.9,0,3.36,0,1.68,0,0,0.0146,,T,fit-eligible
co2_part1,TEYMOURI(2017),co2,solubility_molality,323,555.9,0,3.36,0,1.68,0,0,0.8224306392,,T,fit-eligible
co2_part1,TEYMOURI(2017),co2,xc_saltfree,323,116.6,0,5.5,0,2.75,0,0,0.0076,,T,fit-eligible
co2_part1,TEYMOURI(2017),co2,solubility_molality,323,116.6,0,5.5,0,2.75,0,0,0.4250948272,,T,fit-eligible
co2_part1,TEYMOURI(2017),co2,xc_saltfree,323,236.4,0,5.5,0,2.75,0,0,0.0085,,T,fit-eligible
co2_part1,TEYMOURI(2017),co2,solubility_molality,323,236.4,0,5.5,0,2.75,0,0,0.4758665638,,T,fit-eligible
co2_part1,TEYMOURI(2017),co2,xc_saltfree,323,385.2,0,5.5,0,2.75,0,0,0.0094,,T,fit-eligible
co2_part1,TEYMOURI(2017),co2,solubility_molality,323,385.2,0,5.5,0,2.75,0,0,0.5267305568,,T,fit-eligible
co2_part1,TEYMOURI(2017),co2,xc_saltfree,323,530.2,0,5.5,0,2.75,0,0,0.0101,,T,fit-eligible
co2_part1,TEYMOURI(2017),co2,solubility_molality,323,530.2,0,5.5,0,2.75,0,0,0.5663553835,,T,fit-eligible
co2_part1,MESSABEB(2017),co2,xc_saltfree,323,50.7,0,2,0,1,0,0,0.01012052772,,T,fit-eligible
co2_part1,MESSABEB(2017),co2,solubility_molality,323,50.7,0,2,0,1,0,0,0.5675182401,,T,fit-eligible
co2_part1,MESSABEB(2017),co2,xc_saltfree,323,100,0,2,0,1,0,0,0.01470260769,,T,fit-eligible
co2_part1,MESSABEB(2017),co2,solubility_molality,323,100,0,2,0,1,0,0,0.828296868,,T,fit-eligible
co2_part1,MESSABEB(2017),co2,xc_saltfree,323,150.1,0,2,0,1,0,0,0.01568021419,,R,fit-eligible
co2_part1,MESSABEB(2017),co2,solubility_molality,323,150.1,0,2,0,1,0,0,0.8842493705,,R,fit-eligible
co2_part1,MESSABEB(2017),co2,xc_saltfree,323,199.8,0,2,0,1,0,0,0.01618571266,,T,fit-eligible
co2_part1,MESSABEB(2017),co2,solubility_molality,323,199.8,0,2,0,1,0,0,0.9132247736,,T,fit-eligible
co2_part1,MESSABEB(2017),co2,xc_saltfree,323,50.9,0,6,0,3,0,0,0.005192893098,,T,fit-eligible
co2_part1,MESSABEB(2017),co2,solubility_molality,323,50.9,0,6,0,3,0,0,0.289754031,,T,fit-eligible
co2_part1,MESSABEB(2017),co2,xc_saltfree,323,100.5,0,6,0,3,0,0,0.007662827645,,T,fit-eligible
co2_part1,MESSABEB(2017),co2,solubility_molality,323,100.5,0,6,0,3,0,0,0.4286361355,,T,fit-eligible
co2_part1,MESSABEB(2017),co2,xc_saltfree,323,150.2,0,6,0,3,0,0,0.008371329239,,T,fit-eligible
co2_part1,MESSABEB(2017),co2,solubility_molality,323,150.2,0,6,0,3,0,0,0.4686022088,,T,fit-eligible
co2_part1,MESSABEB(2017),co2,xc_saltfree,323,198.9,0,6,0,3,0,0,0.008884360592,,T,fit-eligible
co2_part1,MESSABEB(2017),co2,solubility_molality,323,198.9,0,6,0,3,0,0,0.4975776119,,T,fit-eligible
co2_part1,MESSABEB(2017),co2,xc_saltfree,323,50.9,0,12,0,6,0,0,0.003086444368,,T,fit-eligible
co2_part1,MESSABEB(2017),co2,solubility_molality,323,50.9,0,12,0,6,0,0,0.171854115,,T,fit-eligible
co2_part1,MESSABEB(2017),co2,xc_saltfree,323,100.8,0,12,0,6,0,0,0.004069372544,,T,fit-eligible
co2_part1,MESSABEB(2017),co2,solubility_molality,323,100.8,0,12,0,6,0,0,0.2268074657,,T,fit-eligible
co2_part1,MESSABEB(2017),co2,xc_saltfree,323,149.8,0,12,0,6,0,0,0.004426320579,,T,fit-eligible
co2_part1,MESSABEB(2017),co2,solubility_molality,323,149.8,0,12,0,6,0,0,0.2467905023,,T,fit-eligible
co2_part1,MESSABEB(2017),co2,xc_saltfree,323,199.5,0,12,0,6,0,0,0.004515517612,,T,fit-eligible
co2_part1,MESSABEB(2017),co2,solubility_molality,323,199.5,0,12,0,6,0,0,0.2517862614,,T,fit-eligible
co2_part1,ZHAOb(2015),co2,xc_saltfree,323,150,0,1.34,0,0,0.67,0,0.01700386711,,T,fit-eligible
co2_part1,ZHAOb(2015),co2,solubility_molality,323,150,0,1.34,0,0,0.67,0,0.9601849097,,T,fit-eligible
co2_part1,ZHAOb(2015),co2,xc_saltfree,323,150,0,2,0,0,1,0,0.01478997293,,R,fit-eligible
co2_part1,ZHAOb(2015),co2,solubility_molality,323,150,0,2,0,0,1,0,0.8332926271,,R,fit-eligible
co2_part1,ZHAOb(2015),co2,xc_saltfree,323,150,0,3.34,0,0,1.67,0,0.01193386281,,T,fit-eligible
co2_part1,ZHAOb(2015),co2,solubility_molality,323,150,0,3.34,0,0,1.67,0,0.6704308787,,T,fit-eligible
co2_part1,ZHAOb(2015),co2,xc_saltfree,323,150,0,4,0,0,2,0,0.01084313753,,T,fit-eligible
co2_part1,ZHAOb(2015),co2,solubility_molality,323,150,0,4,0,0,2,0,0.6084834651,,T,fit-eligible
co2_part1,TEYMOURI(2017),co2,xc_saltfree,323,166.9,0,1.52,0,0,0.76,0,0.0161,,T,fit-eligible
co2_part1,TEYMOURI(2017),co2,solubility_molality,323,166.9,0,1.52,0,0,0.76,0,0.9083095889,,T,fit-eligible
co2_part1,TEYMOURI(2017),co2,xc_saltfree,323,379.31,0,1.52,0,0,0.76,0,0.02,,T,fit-eligible
co2_part1,TEYMOURI(2017),co2,solubility_molality,323,379.31,0,1.52,0,0,0.76,0,1.132825205,,T,fit-eligible
co2_part1,TEYMOURI(2017),co2,xc_saltfree,323,544.83,0,1.52,0,0,0.76,0,0.0218,,T,fit-eligible
co2_part1,TEYMOURI(2017),co2,solubility_molality,323,544.83,0,1.52,0,0,0.76,0,1.237051609,,T,fit-eligible
co2_part1,TEYMOURI(2017),co2,xc_saltfree,323,82.34,0,2.6,0,0,1.3,0,0.0111,,T,fit-eligible
co2_part1,TEYMOURI(2017),co2,solubility_molality,323,82.34,0,2.6,0,0,1.3,0,0.6230595906,,T,fit-eligible
co2_part1,TEYMOURI(2017),co2,xc_saltfree,323,236.55,0,2.6,0,0,1.3,0,0.0142,,T,fit-eligible
co2_part1,TEYMOURI(2017),co2,solubility_molality,323,236.55,0,2.6,0,0,1.3,0,0.7995737248,,T,fit-eligible
co2_part1,TEYMOURI(2017),co2,xc_saltfree,323,414.76,0,2.6,0,0,1.3,0,0.0164,,T,fit-eligible
co2_part1,TEYMOURI(2017),co2,solubility_molality,323,414.76,0,2.6,0,0,1.3,0,0.9255168107,,T,fit-eligible
co2_part1,TEYMOURI(2017),co2,xc_saltfree,323,538.34,0,2.6,0,0,1.3,0,0.0175,,T,fit-eligible
co2_part1,TEYMOURI(2017),co2,solubility_molality,323,538.34,0,2.6,0,0,1.3,0,0.9886998612,,T,fit-eligible
co2_part1,TEYMOURI(2017),co2,xc_saltfree,323,164.83,0,4.6,0,0,2.3,0,0.0098,,T,fit-eligible
co2_part1,TEYMOURI(2017),co2,solubility_molality,323,164.83,0,4.6,0,0,2.3,0,0.5493664549,,T,fit-eligible
co2_part1,TEYMOURI(2017),co2,xc_saltfree,323,273.1,0,4.6,0,0,2.3,0,0.0113,,T,fit-eligible
co2_part1,TEYMOURI(2017),co2,solubility_molality,323,273.1,0,4.6,0,0,2.3,0,0.6344141966,,T,fit-eligible
co2_part1,TEYMOURI(2017),co2,xc_saltfree,323,82.76,0,8.6,0,0,4.3,0,0.0051,,T,fit-eligible
co2_part1,TEYMOURI(2017),co2,solubility_molality,323,82.76,0,8.6,0,0,4.3,0,0.2845441942,,T,fit-eligible
co2_part1,TEYMOURI(2017),co2,xc_saltfree,323,246.9,0,8.6,0,0,4.3,0,0.0065,,T,fit-eligible
co2_part1,TEYMOURI(2017),co2,solubility_molality,323,246.9,0,8.6,0,0,4.3,0,0.363165403,,T,fit-eligible
co2_part1,TEYMOURI(2017),co2,xc_saltfree,323,411.1,0,8.6,0,0,4.3,0,0.0072,,T,fit-eligible
co2_part1,TEYMOURI(2017),co2,solubility_molality,323,411.1,0,8.6,0,0,4.3,0,0.4025591584,,T,fit-eligible
co2_part1,TEYMOURI(2017),co2,xc_saltfree,323,532.41,0,8.6,0,0,4.3,0,0.0076,,T,fit-eligible
co2_part1,TEYMOURI(2017),co2,solubility_molality,323,532.41,0,8.6,0,0,4.3,0,0.4250948272,,T,fit-eligible
co2_part1,SANTOS(2021),co2,xc_saltfree,323,16,0,2,0,0,1,0,0.003372587165,,T,fit-eligible
co2_part1,SANTOS(2021),co2,solubility_molality,323,16,0,2,0,0,1,0,0.1878405442,,T,fit-eligible
co2_part1,SANTOS(2021),co2,xc_saltfree,323,30.3,0,2,0,0,1,0,0.006047208782,,T,fit-eligible
co2_part1,SANTOS(2021),co2,solubility_molality,323,30.3,0,2,0,0,1,0,0.3377133189,,T,fit-eligible
co2_part1,SANTOS(2021),co2,xc_saltfree,323,51.1,0,2,0,0,1,0,0.009396861373,,T,fit-eligible
co2_part1,SANTOS(2021),co2,solubility_molality,323,51.1,0,2,0,0,1,0,0.526553015,,T,fit-eligible
co2_part1,SANTOS(2021),co2,xc_saltfree,323,101.4,0,2,0,0,1,0,0.01379308985,,T,fit-eligible
co2_part1,SANTOS(2021),co2,solubility_molality,323,101.4,0,2,0,0,1,0,0.7763409728,,T,fit-eligible
co2_part1,SANTOS(2021),co2,xc_saltfree,323,150.4,0,2,0,0,1,0,0.01489479076,,R,fit-eligible
co2_part1,SANTOS(2021),co2,solubility_molality,323,150.4,0,2,0,0,1,0,0.8392875381,,R,fit-eligible
co2_part1,SANTOS(2021),co2,xc_saltfree,323,201.3,0,2,0,0,1,0,0.01592431277,,T,fit-eligible
co2_part1,SANTOS(2021),co2,solubility_molality,323,201.3,0,2,0,0,1,0,0.8982374962,,T,fit-eligible
co2_part1,SANTOS(2021),co2,xc_saltfree,323,50.3,0,6,0,0,3,0,0.005424415239,,T,fit-eligible
co2_part1,SANTOS(2021),co2,solubility_molality,323,50.3,0,6,0,0,3,0,0.3027430048,,T,fit-eligible
co2_part1,SANTOS(2021),co2,xc_saltfree,323,103,0,6,0,0,3,0,0.007450079702,,T,fit-eligible
co2_part1,SANTOS(2021),co2,solubility_molality,323,103,0,6,0,0,3,0,0.4166463136,,T,fit-eligible
co2_part1,SANTOS(2021),co2,xc_saltfree,323,150.8,0,6,0,0,3,0,0.008247414501,,T,fit-eligible
co2_part1,SANTOS(2021),co2,solubility_molality,323,150.8,0,6,0,0,3,0,0.461608146,,T,fit-eligible
co2_part1,SANTOS(2021),co2,xc_saltfree,323,200.1,0,6,0,0,3,0,0.008813629209,,T,fit-eligible
co2_part1,SANTOS(2021),co2,solubility_molality,323,200.1,0,6,0,0,3,0,0.4935810046,,T,fit-eligible
co2_part1,SANTOS(2021),co2,xc_saltfree,323,50.8,0,10,0,0,5,0,0.003408343465,,T,fit-eligible
co2_part1,SANTOS(2021),co2,solubility_molality,323,50.8,0,10,0,0,5,0,0.1898388479,,T,fit-eligible
co2_part1,SANTOS(2021),co2,xc_saltfree,323,100.1,0,10,0,0,5,0,0.004622532957,,T,fit-eligible
co2_part1,SANTOS(2021),co2,solubility_molality,323,100.1,0,10,0,0,5,0,0.2577811724,,T,fit-eligible
co2_part1,SANTOS(2021),co2,xc_saltfree,323,151.6,0,10,0,0,5,0,0.005050364351,,T,fit-eligible
co2_part1,SANTOS(2021),co2,solubility_molality,323,151.6,0,10,0,0,5,0,0.2817608164,,T,fit-eligible
co2_part1,SANTOS(2021),co2,xc_saltfree,323,202.9,0,10,0,0,5,0,0.005780392796,,T,fit-eligible
co2_part1,SANTOS(2021),co2,solubility_molality,323,202.9,0,10,0,0,5,0,0.3227260414,,T,fit-eligible
co2_part1,ZHAOb(2015),co2,xc_saltfree,323,150,1.34,0,0,0,0,0.67,0.01534874378,,T,fit-eligible
co2_part1,ZHAOb(2015),co2,solubility_molality,323,150,1.34,0,0,0,0,0.67,0.8652654857,,T,fit-eligible
co2_part1,ZHAOb(2015),co2,xc_saltfree,323,150,2,0,0,0,0,1,0.01272401292,,R,fit-eligible
co2_part1,ZHAOb(2015),co2,solubility_molality,323,150,2,0,0,0,0,1,0.7153927111,,R,fit-eligible
co2_part1,ZHAOb(2015),co2,xc_saltfree,323,150,3.34,0,0,0,0,1.67,0.00895508188,,T,fit-eligible
co2_part1,ZHAOb(2015),co2,solubility_molality,323,150,3.34,0,0,0,0,1.67,0.5015742192,,T,fit-eligible
co2_part1,ZHAOb(2015),co2,xc_saltfree,323,150,4,0,0,0,0,2,0.007893201687,,R,fit-eligible
co2_part1,ZHAOb(2015),co2,solubility_molality,323,150,4,0,0,0,0,2,0.4416251094,,R,fit-eligible
co2_part1,CORTI(1990),co2,xc_saltfree,323,95.6,4,0,0,0,0,2,0.00599,,T,fit-eligible
co2_part1,CORTI(1990),co2,solubility_molality,323,95.6,4,0,0,0,0,2,0.3344991761,,T,fit-eligible
co2_part1,CORTI(1990),co2,xc_saltfree,323,145.1,4,0,0,0,0,2,0.00627,,T,fit-eligible
co2_part1,CORTI(1990),co2,solubility_molality,323,145.1,4,0,0,0,0,2,0.3502338541,,T,fit-eligible
co2_part1,CORTI(1990),co2,xc_saltfree,323,76.6,5.4,0,0,0,0,2.7,0.00347,,T,fit-eligible
co2_part1,CORTI(1990),co2,solubility_molality,323,76.6,5.4,0,0,0,0,2.7,0.1932849685,,T,fit-eligible
co2_part1,CORTI(1990),co2,xc_saltfree,323,137.6,5.4,0,0,0,0,2.7,0.00462,,T,fit-eligible
co2_part1,CORTI(1990),co2,solubility_molality,323,137.6,5.4,0,0,0,0,2.7,0.2576392634,,T,fit-eligible
co2_part1,RUMPFb(1993),co2,xc_saltfree,323,5.13,2,0,0,0,0,1,0.0009387179806,,T,fit-eligible
co2_part1,RUMPFb(1993),co2,solubility_molality,323,5.13,2,0,0,0,0,1,0.05215572558,,T,fit-eligible
co2_part1,RUMPFb(1993),co2,xc_saltfree,323,18.14,2,0,0,0,0,1,0.003202709694,,T,fit-eligible
co2_part1,RUMPFb(1993),co2,solubility_molality,323,18.14,2,0,0,0,0,1,0.1783486019,,T,fit-eligible
co2_part1,RUMPFb(1993),co2,xc_saltfree,323,26.88,2,0,0,0,0,1,0.004635016582,,T,fit-eligible
co2_part1,RUMPFb(1993),co2,solubility_molality,323,26.88,2,0,0,0,0,1,0.2584805787,,T,fit-eligible
co2_part1,RUMPFb(1993),co2,xc_saltfree,323,43.86,2,0,0,0,0,1,0.006889406807,,T,fit-eligible
co2_part1,RUMPFb(1993),co2,solubility_molality,323,43.86,2,0,0,0,0,1,0.3850731157,,T,fit-eligible
co2_part1,RUMPFb(1993),co2,xc_saltfree,323,51.95,2,0,0,0,0,1,0.007910918337,,R,fit-eligible
co2_part1,RUMPFb(1993),co2,solubility_molality,323,51.95,2,0,0,0,0,1,0.4426242612,,R,fit-eligible
co2_part1,RUMPFb(1993),co2,xc_saltfree,323,66.97,2,0,0,0,0,1,0.009467509544,,T,fit-eligible
co2_part1,RUMPFb(1993),co2,solubility_molality,323,66.97,2,0,0,0,0,1,0.5305496223,,T,fit-eligible
co2_part1,RUMPFb(1993),co2,xc_saltfree,323,83.17,2,0,0,0,0,1,0.01070222335,,T,fit-eligible
co2_part1,RUMPFb(1993),co2,solubility_molality,323,83.17,2,0,0,0,0,1,0.6004902505,,T,fit-eligible
co2_part1,SANTOS(2020),co2,xc_saltfree,323,16,2,0,0,0,0,1,0.002925416827,,T,fit-eligible
co2_part1,SANTOS(2020),co2,solubility_molality,323,16,2,0,0,0,0,1,0.1628617485,,T,fit-eligible
co2_part1,SANTOS(2020),co2,xc_saltfree,323,31.1,2,0,0,0,0,1,0.005335381016,,T,fit-eligible
co2_part1,SANTOS(2020),co2,solubility_molality,323,31.1,2,0,0,0,0,1,0.2977472457,,T,fit-eligible
co2_part1,SANTOS(2020),co2,xc_saltfree,323,51,2,0,0,0,0,1,0.008123468791,,R,fit-eligible
co2_part1,SANTOS(2020),co2,solubility_molality,323,51,2,0,0,0,0,1,0.4546140832,,R,fit-eligible
co2_part1,SANTOS(2020),co2,xc_saltfree,323,101.3,2,0,0,0,0,1,0.0116701983,,T,fit-eligible
co2_part1,SANTOS(2020),co2,solubility_molality,323,101.3,2,0,0,0,0,1,0.6554436012,,T,fit-eligible
co2_part1,SANTOS(2020),co2,xc_saltfree,323,151.2,2,0,0,0,0,1,0.01274155746,,R,fit-eligible
co2_part1,SANTOS(2020),co2,solubility_molality,323,151.2,2,0,0,0,0,1,0.7163918629,,R,fit-eligible
co2_part1,SANTOS(2020),co2,xc_saltfree,323,201.1,2,0,0,0,0,1,0.01325007795,,T,fit-eligible
co2_part1,SANTOS(2020),co2,solubility_molality,323,201.1,2,0,0,0,0,1,0.745367266,,T,fit-eligible
co2_part1,SANTOS(2020),co2,xc_saltfree,323,16.2,4,0,0,0,0,2,0.001760893783,,T,fit-eligible
co2_part1,SANTOS(2020),co2,solubility_molality,323,16.2,4,0,0,0,0,2,0.09791687945,,T,fit-eligible
co2_part1,SANTOS(2020),co2,xc_saltfree,323,31.4,4,0,0,0,0,2,0.00315799547,,T,fit-eligible
co2_part1,SANTOS(2020),co2,solubility_molality,323,31.4,4,0,0,0,0,2,0.1758507223,,T,fit-eligible
co2_part1,SANTOS(2020),co2,xc_saltfree,323,51.1,4,0,0,0,0,2,0.004658199626,,T,fit-eligible
co2_part1,SANTOS(2020),co2,solubility_molality,323,51.1,4,0,0,0,0,2,0.2597794761,,T,fit-eligible
co2_part1,SANTOS(2020),co2,xc_saltfree,323,101.3,4,0,0,0,0,2,0.006775775658,,T,fit-eligible
co2_part1,SANTOS(2020),co2,solubility_molality,323,101.3,4,0,0,0,0,2,0.378678544,,T,fit-eligible
co2_part1,SANTOS(2020),co2,xc_saltfree,323,151.2,4,0,0,0,0,2,0.00773372336,,R,fit-eligible
co2_part1,SANTOS(2020),co2,solubility_molality,323,151.2,4,0,0,0,0,2,0.4326327429,,R,fit-eligible
co2_part1,SANTOS(2020),co2,xc_saltfree,323,201.2,4,0,0,0,0,2,0.007999492096,,T,fit-eligible
co2_part1,SANTOS(2020),co2,solubility_molality,323,201.2,4,0,0,0,0,2,0.4476200203,,T,fit-eligible
co2_part1,GUO(2015),co2,xc_saltfree,373,100,1,1,0,0,0,0,0.0117053617,,R,fit-eligible
co2_part1,GUO(2015),co2,solubility_molality,373,100,1,1,0,0,0,0,0.6574419049,,R,fit-eligible
co2_part1,GUO(2015),co2,xc_saltfree,373,200,1,1,0,0,0,0,0.0165862562,,R,fit-eligible
co2_part1,GUO(2015),co2,solubility_molality,373,200,1,1,0,0,0,0,0.9362052658,,R,fit-eligible
co2_part1,GUO(2015),co2,xc_saltfree,373,300,1,1,0,0,0,0,0.01898268504,,R,fit-eligible
co2_part1,GUO(2015),co2,solubility_molality,373,300,1,1,0,0,0,0,1.074088218,,R,fit-eligible
co2_part1,GUO(2015),co2,xc_saltfree,373,400,1,1,0,0,0,0,0.02074646538,,R,fit-eligible
co2_part1,GUO(2015),co2,solubility_molality,373,400,1,1,0,0,0,0,1.176001705,,R,fit-eligible
co2_part1,GUO(2015),co2,xc_saltfree,373,100,3,3,0,0,0,0,0.008335928188,,T,fit-eligible
co2_part1,GUO(2015),co2,solubility_molality,373,100,3,3,0,0,0,0,0.4666039051,,T,fit-eligible
co2_part1,GUO(2015),co2,xc_saltfree,373,200,3,3,0,0,0,0,0.012109561,,T,fit-eligible
co2_part1,GUO(2015),co2,solubility_molality,373,200,3,3,0,0,0,0,0.680422397,,T,fit-eligible
co2_part1,GUO(2015),co2,xc_saltfree,373,300,3,3,0,0,0,0,0.01356544796,,T,fit-eligible
co2_part1,GUO(2015),co2,solubility_molality,373,300,3,3,0,0,0,0,0.763351999,,T,fit-eligible
co2_part1,GUO(2015),co2,xc_saltfree,373,400,3,3,0,0,0,0,0.01456279107,,T,fit-eligible
co2_part1,GUO(2015),co2,solubility_molality,373,400,3,3,0,0,0,0,0.8203036533,,T,fit-eligible
co2_part1,GUO(2015),co2,xc_saltfree,373,100,5,5,0,0,0,0,0.006971063137,,T,fit-eligible
co2_part1,GUO(2015),co2,solubility_molality,373,100,5,5,0,0,0,0,0.3896692141,,T,fit-eligible
co2_part1,GUO(2015),co2,xc_saltfree,373,200,5,5,0,0,0,0,0.009750001485,,T,fit-eligible
co2_part1,GUO(2015),co2,solubility_molality,373,200,5,5,0,0,0,0,0.5465360516,,T,fit-eligible
co2_part1,GUO(2015),co2,xc_saltfree,373,300,5,5,0,0,0,0,0.011001618,,R,fit-eligible
co2_part1,GUO(2015),co2,solubility_molality,373,300,5,5,0,0,0,0,0.6174758316,,R,fit-eligible
co2_part1,GUO(2015),co2,xc_saltfree,373,400,5,5,0,0,0,0,0.01209199399,,T,fit-eligible
co2_part1,GUO(2015),co2,solubility_molality,373,400,5,5,0,0,0,0,0.6794232452,,T,fit-eligible
co2_part1,KOSCHEL(2006),co2,xc_saltfree,373,50.7,1,1,0,0,0,0,0.006,,T,fit-eligible
co2_part1,KOSCHEL(2006),co2,solubility_molality,373,50.7,1,1,0,0,0,0,0.3350609762,,T,fit-eligible
co2_part1,KOSCHEL(2006),co2,xc_saltfree,373,104,1,1,0,0,0,0,0.0112,,T,fit-eligible
co2_part1,KOSCHEL(2006),co2,solubility_molality,373,104,1,1,0,0,0,0,0.6287363195,,T,fit-eligible
co2_part1,KOSCHEL(2006),co2,xc_saltfree,373,191.4,1,1,0,0,0,0,0.0161,,T,fit-eligible
co2_part1,KOSCHEL(2006),co2,solubility_molality,373,191.4,1,1,0,0,0,0,0.9083095889,,T,fit-eligible
co2_part1,KOSCHEL(2006),co2,xc_saltfree,373,50.4,3,3,0,0,0,0,0.0043,,T,fit-eligible
co2_part1,KOSCHEL(2006),co2,solubility_molality,373,50.4,3,3,0,0,0,0,0.2397170541,,T,fit-eligible
co2_part1,KOSCHEL(2006),co2,xc_saltfree,373,102.9,3,3,0,0,0,0,0.008,,T,fit-eligible
co2_part1,KOSCHEL(2006),co2,solubility_molality,373,102.9,3,3,0,0,0,0,0.4476486699,,T,fit-eligible
co2_part1,KOSCHEL(2006),co2,xc_saltfree,373,190.2,3,3,0,0,0,0,0.0112,,T,fit-eligible
co2_part1,KOSCHEL(2006),co2,solubility_molality,373,190.2,3,3,0,0,0,0,0.6287363195,,T,fit-eligible
co2_part1,TEYMOURI(2017),co2,xc_saltfree,373,148.28,1.9,1.9,0,0,0,0,0.0122,,T,fit-eligible
co2_part1,TEYMOURI(2017),co2,solubility_molality,373,148.28,1.9,1.9,0,0,0,0,0.685566823,,T,fit-eligible
co2_part1,TEYMOURI(2017),co2,xc_saltfree,373,281.38,1.9,1.9,0,0,0,0,0.0158,,T,fit-eligible
co2_part1,TEYMOURI(2017),co2,solubility_molality,373,281.38,1.9,1.9,0,0,0,0,0.8911128571,,T,fit-eligible
co2_part1,TEYMOURI(2017),co2,xc_saltfree,373,296.55,1.9,1.9,0,0,0,0,0.0158,,T,fit-eligible
co2_part1,TEYMOURI(2017),co2,solubility_molality,373,296.55,1.9,1.9,0,0,0,0,0.8911128571,,T,fit-eligible
co2_part1,TEYMOURI(2017),co2,xc_saltfree,373,407.03,1.9,1.9,0,0,0,0,0.0176,,T,fit-eligible
co2_part1,TEYMOURI(2017),co2,solubility_molality,373,407.03,1.9,1.9,0,0,0,0,0.994450791,,T,fit-eligible
co2_part1,TEYMOURI(2017),co2,xc_saltfree,373,510.34,1.9,1.9,0,0,0,0,0.0177,,T,fit-eligible
co2_part1,TEYMOURI(2017),co2,solubility_molality,373,510.34,1.9,1.9,0,0,0,0,1.000202892,,T,fit-eligible
co2_part1,TEYMOURI(2017),co2,xc_saltfree,373,145.52,3,3,0,0,0,0,0.0113,,T,fit-eligible
co2_part1,TEYMOURI(2017),co2,solubility_molality,373,145.52,3,3,0,0,0,0,0.6344141966,,T,fit-eligible
co2_part1,TEYMOURI(2017),co2,xc_saltfree,373,371.03,3,3,0,0,0,0,0.015,,T,fit-eligible
co2_part1,TEYMOURI(2017),co2,solubility_molality,373,371.03,3,3,0,0,0,0,0.8453061177,,T,fit-eligible
co2_part1,TEYMOURI(2017),co2,xc_saltfree,373,551.72,3,3,0,0,0,0,0.0169,,T,fit-eligible
co2_part1,TEYMOURI(2017),co2,solubility_molality,373,551.72,3,3,0,0,0,0,0.9542188511,,T,fit-eligible
co2_part1,TEYMOURI(2017),co2,xc_saltfree,373,531.03,4.82,4.82,0,0,0,0,0.0129,,T,fit-eligible
co2_part1,TEYMOURI(2017),co2,solubility_molality,373,531.03,4.82,4.82,0,0,0,0,0.7254166876,,T,fit-eligible
co2_part1,MESSABEB(2016),co2,xc_saltfree,373,50.1,1,1,0,0,0,0,0.006722502106,,T,fit-eligible
co2_part1,MESSABEB(2016),co2,solubility_molality,373,50.1,1,1,0,0,0,0,0.3756810885,,T,fit-eligible
co2_part1,MESSABEB(2016),co2,xc_saltfree,373,100.8,1,1,0,0,0,0,0.01188114116,,R,fit-eligible
co2_part1,MESSABEB(2016),co2,solubility_molality,373,100.8,1,1,0,0,0,0,0.6674334232,,R,fit-eligible
co2_part1,MESSABEB(2016),co2,xc_saltfree,373,150.2,1,1,0,0,0,0,0.0150694376,,R,fit-eligible
co2_part1,MESSABEB(2016),co2,solubility_molality,373,150.2,1,1,0,0,0,0,0.8492790564,,R,fit-eligible
co2_part1,MESSABEB(2016),co2,xc_saltfree,373,199.6,1,1,0,0,0,0,0.01667328773,,R,fit-eligible
co2_part1,MESSABEB(2016),co2,solubility_molality,373,199.6,1,1,0,0,0,0,0.9412010249,,R,fit-eligible
co2_part1,MESSABEB(2016),co2,xc_saltfree,373,50.8,3,3,0,0,0,0,0.005175079238,,T,fit-eligible
co2_part1,MESSABEB(2016),co2,solubility_molality,373,50.8,3,3,0,0,0,0,0.2887548792,,T,fit-eligible
co2_part1,MESSABEB(2016),co2,xc_saltfree,373,100.7,3,3,0,0,0,0,0.008778259732,,T,fit-eligible
co2_part1,MESSABEB(2016),co2,solubility_molality,373,100.7,3,3,0,0,0,0,0.4915827009,,T,fit-eligible
co2_part1,MESSABEB(2016),co2,xc_saltfree,373,150.1,3,3,0,0,0,0,0.01084313753,,T,fit-eligible
co2_part1,MESSABEB(2016),co2,solubility_molality,373,150.1,3,3,0,0,0,0,0.6084834651,,T,fit-eligible
co2_part1,MESSABEB(2016),co2,xc_saltfree,373,201.6,3,3,0,0,0,0,0.01291696855,,T,fit-eligible
co2_part1,MESSABEB(2016),co2,solubility_molality,373,201.6,3,3,0,0,0,0,0.7263833812,,T,fit-eligible
co2_part1,MESSABEB(2016),co2,xc_saltfree,373,50.8,6,6,0,0,0,0,0.003515596974,,T,fit-eligible
co2_part1,MESSABEB(2016),co2,solubility_molality,373,50.8,6,6,0,0,0,0,0.1958337589,,T,fit-eligible
co2_part1,MESSABEB(2016),co2,xc_saltfree,373,100.7,6,6,0,0,0,0,0.005922712479,,T,fit-eligible
co2_part1,MESSABEB(2016),co2,solubility_molality,373,100.7,6,6,0,0,0,0,0.3307192561,,T,fit-eligible
co2_part1,MESSABEB(2016),co2,xc_saltfree,373,150.1,6,6,0,0,0,0,0.00729045887,,R,fit-eligible
co2_part1,MESSABEB(2016),co2,solubility_molality,373,150.1,6,6,0,0,0,0,0.4076539471,,R,fit-eligible
co2_part1,MESSABEB(2016),co2,xc_saltfree,373,201.6,6,6,0,0,0,0,0.008406727762,,T,fit-eligible
co2_part1,MESSABEB(2016),co2,solubility_molality,373,201.6,6,6,0,0,0,0,0.4706005125,,T,fit-eligible
co2_part1,YAN(2011),co2,xc_saltfree,373,50,1,1,0,0,0,0,0.007645102133,,T,fit-eligible
co2_part1,YAN(2011),co2,solubility_molality,373,50,1,1,0,0,0,0,0.4276369837,,T,fit-eligible
co2_part1,YAN(2011),co2,xc_saltfree,373,100,1,1,0,0,0,0,0.01214469314,,R,fit-eligible
co2_part1,YAN(2011),co2,solubility_molality,373,100,1,1,0,0,0,0,0.6824207006,,R,fit-eligible
co2_part1,YAN(2011),co2,xc_saltfree,373,150,1,1,0,0,0,0,0.01468513278,,R,fit-eligible
co2_part1,YAN(2011),co2,solubility_molality,373,150,1,1,0,0,0,0,0.8272977162,,R,fit-eligible
co2_part1,YAN(2011),co2,xc_saltfree,373,200,1,1,0,0,0,0,0.01710821442,,R,fit-eligible
co2_part1,YAN(2011),co2,solubility_molality,373,200,1,1,0,0,0,0,0.9661798207,,R,fit-eligible
co2_part1,YAN(2011),co2,xc_saltfree,373,300,1,1,0,0,0,0,0.0189480376,,R,fit-eligible
co2_part1,YAN(2011),co2,solubility_molality,373,300,1,1,0,0,0,0,1.072089915,,R,fit-eligible
co2_part1,YAN(2011),co2,xc_saltfree,373,400,1,1,0,0,0,0,0.02105706258,,R,fit-eligible
co2_part1,YAN(2011),co2,solubility_molality,373,400,1,1,0,0,0,0,1.193986438,,R,fit-eligible
co2_part1,YAN(2011),co2,xc_saltfree,373,50,5,5,0,0,0,0,0.004354951442,,T,fit-eligible
co2_part1,YAN(2011),co2,solubility_molality,373,50,5,5,0,0,0,0,0.242793895,,T,fit-eligible
co2_part1,YAN(2011),co2,xc_saltfree,373,100,5,5,0,0,0,0,0.006509350734,,T,fit-eligible
co2_part1,YAN(2011),co2,solubility_molality,373,100,5,5,0,0,0,0,0.3636912665,,T,fit-eligible
co2_part1,YAN(2011),co2,xc_saltfree,373,150,5,5,0,0,0,0,0.008583682477,,R,fit-eligible
co2_part1,YAN(2011),co2,solubility_molality,373,150,5,5,0,0,0,0,0.4805920308,,R,fit-eligible
co2_part1,YAN(2011),co2,xc_saltfree,373,200,5,5,0,0,0,0,0.01029687135,,T,fit-eligible
co2_part1,YAN(2011),co2,solubility_molality,373,200,5,5,0,0,0,0,0.5775097584,,T,fit-eligible
co2_part1,YAN(2011),co2,xc_saltfree,373,300,5,5,0,0,0,0,0.01138880101,,R,fit-eligible
co2_part1,YAN(2011),co2,solubility_molality,373,300,5,5,0,0,0,0,0.6394571719,,R,fit-eligible
co2_part1,YAN(2011),co2,xc_saltfree,373,400,5,5,0,0,0,0,0.01131842665,,T,fit-eligible
co2_part1,YAN(2011),co2,solubility_molality,373,400,5,5,0,0,0,0,0.6354605646,,T,fit-eligible
co2_part1,ZHAO(2015),co2,xc_saltfree,373,150,1,1,0,0,0,0,0.01482491468,,R,fit-eligible
co2_part1,ZHAO(2015),co2,solubility_molality,373,150,1,1,0,0,0,0,0.8352909308,,R,fit-eligible
co2_part1,ZHAO(2015),co2,xc_saltfree,373,150,2,2,0,0,0,0,0.01254853324,,T,fit-eligible
co2_part1,ZHAO(2015),co2,solubility_molality,373,150,2,2,0,0,0,0,0.7054011928,,T,fit-eligible
co2_part1,ZHAO(2015),co2,xc_saltfree,373,150,3,3,0,0,0,0,0.011001618,,T,fit-eligible
co2_part1,ZHAO(2015),co2,solubility_molality,373,150,3,3,0,0,0,0,0.6174758316,,T,fit-eligible
co2_part1,ZHAO(2015),co2,xc_saltfree,373,150,4,4,0,0,0,0,0.009396861373,,T,fit-eligible
co2_part1,ZHAO(2015),co2,solubility_molality,373,150,4,4,0,0,0,0,0.526553015,,T,fit-eligible
co2_part1,ZHAO(2015),co2,xc_saltfree,373,150,5,5,0,0,0,0,0.008371329239,,R,fit-eligible
co2_part1,ZHAO(2015),co2,solubility_molality,373,150,5,5,0,0,0,0,0.4686022088,,R,fit-eligible
co2_part1,ZHAO(2015),co2,xc_saltfree,373,150,6,6,0,0,0,0,0.007627375988,,R,fit-eligible
co2_part1,ZHAO(2015),co2,solubility_molality,373,150,6,6,0,0,0,0,0.4266378319,,R,fit-eligible
co2_part1,KAMP(2007),co2,xc_saltfree,373,6.019,0,2,2,0,0,0,0.0007680097077,,T,fit-eligible
co2_part1,KAMP(2007),co2,solubility_molality,373,6.019,0,2,2,0,0,0,0.04266378319,,T,fit-eligible
co2_part1,KAMP(2007),co2,xc_saltfree,373,18.5,0,2,2,0,0,0,0.002613949362,,T,fit-eligible
co2_part1,KAMP(2007),co2,solubility_molality,373,18.5,0,2,2,0,0,0,0.1454765066,,T,fit-eligible
co2_part1,KAMP(2007),co2,xc_saltfree,373,33.85,0,2,2,0,0,0,0.0046795984,,T,fit-eligible
co2_part1,KAMP(2007),co2,solubility_molality,373,33.85,0,2,2,0,0,0,0.2609784583,,T,fit-eligible
co2_part1,KAMP(2007),co2,xc_saltfree,373,49.95,0,2,2,0,0,0,0.006702967038,,T,fit-eligible
co2_part1,KAMP(2007),co2,solubility_molality,373,49.95,0,2,2,0,0,0,0.3745820215,,T,fit-eligible
co2_part1,KAMP(2007),co2,xc_saltfree,373,77.01,0,2,2,0,0,0,0.009622900054,,T,fit-eligible
co2_part1,KAMP(2007),co2,solubility_molality,373,77.01,0,2,2,0,0,0,0.5393421584,,T,fit-eligible
co2_part1,KAMP(2007),co2,xc_saltfree,373,85.91,0,2,2,0,0,0,0.01032331748,,T,fit-eligible
co2_part1,KAMP(2007),co2,solubility_molality,373,85.91,0,2,2,0,0,0,0.5790084861,,T,fit-eligible
co2_part1,KAMP(2007),co2,xc_saltfree,373,6.09,0,4,4,0,0,0,0.0006907225726,,T,fit-eligible
co2_part1,KAMP(2007),co2,solubility_molality,373,6.09,0,4,4,0,0,0,0.03836743031,,T,fit-eligible
co2_part1,KAMP(2007),co2,xc_saltfree,373,17.2,0,4,4,0,0,0,0.002065723951,,T,fit-eligible
co2_part1,KAMP(2007),co2,solubility_molality,373,17.2,0,4,4,0,0,0,0.1149024606,,T,fit-eligible
co2_part1,KAMP(2007),co2,xc_saltfree,373,26.33,0,4,4,0,0,0,0.003134742489,,T,fit-eligible
co2_part1,KAMP(2007),co2,solubility_molality,373,26.33,0,4,4,0,0,0,0.1745518249,,T,fit-eligible
co2_part1,KAMP(2007),co2,xc_saltfree,373,45.08,0,4,4,0,0,0,0.005155483255,,T,fit-eligible
co2_part1,KAMP(2007),co2,solubility_molality,373,45.08,0,4,4,0,0,0,0.2876558122,,T,fit-eligible
co2_part1,KAMP(2007),co2,xc_saltfree,373,66.53,0,4,4,0,0,0,0.007157402287,,T,fit-eligible
co2_part1,KAMP(2007),co2,solubility_molality,373,66.53,0,4,4,0,0,0,0.4001603084,,T,fit-eligible
co2_part1,KAMP(2007),co2,xc_saltfree,373,81.56,0,4,4,0,0,0,0.00839964826,,T,fit-eligible
co2_part1,KAMP(2007),co2,solubility_molality,373,81.56,0,4,4,0,0,0,0.4702008517,,T,fit-eligible
co2_part1,KAMP(2007),co2,xc_saltfree,373,90.31,0,4,4,0,0,0,0.009043469299,,T,fit-eligible
co2_part1,KAMP(2007),co2,solubility_molality,373,90.31,0,4,4,0,0,0,0.5065699784,,T,fit-eligible
co2_part1,ZHAOb(2015),co2,xc_saltfree,373,150,0,0.5,0.5,0,0,0,0.01665588266,,T,fit-eligible
co2_part1,ZHAOb(2015),co2,solubility_molality,373,150,0,0.5,0.5,0,0,0,0.9402018731,,T,fit-eligible
co2_part1,ZHAOb(2015),co2,xc_saltfree,373,150,0,1,1,0,0,0,0.01585458267,,T,fit-eligible
co2_part1,ZHAOb(2015),co2,solubility_molality,373,150,0,1,1,0,0,0,0.8942408888,,T,fit-eligible
co2_part1,ZHAOb(2015),co2,xc_saltfree,373,150,0,2,2,0,0,0,0.01428303877,,T,fit-eligible
co2_part1,ZHAOb(2015),co2,solubility_molality,373,150,0,2,2,0,0,0,0.804317224,,T,fit-eligible
co2_part1,ZHAOb(2015),co2,xc_saltfree,373,150,0,3,3,0,0,0,0.0131449098,,T,fit-eligible
co2_part1,ZHAOb(2015),co2,solubility_molality,373,150,0,3,3,0,0,0,0.739372355,,T,fit-eligible
co2_part1,ZHAOb(2015),co2,xc_saltfree,373,150,0,4,4,0,0,0,0.01214469314,,T,fit-eligible
co2_part1,ZHAOb(2015),co2,solubility_molality,373,150,0,4,4,0,0,0,0.6824207006,,T,fit-eligible
co2_part1,ZHAOb(2015),co2,xc_saltfree,373,150,0,4.5,4.5,0,0,0,0.01168778031,,T,fit-eligible
co2_part1,ZHAOb(2015),co2,solubility_molality,373,150,0,4.5,4.5,0,0,0,0.656442753,,T,fit-eligible
co2_part1,TEYMOURI(2017),co2,xc_saltfree,373,93.1,0,1.5,1.5,0,0,0,0.0118,,T,fit-eligible
co2_part1,TEYMOURI(2017),co2,solubility_molality,373,93.1,0,1.5,1.5,0,0,0,0.6628208194,,T,fit-eligible
co2_part1,TEYMOURI(2017),co2,xc_saltfree,373,259.31,0,1.5,1.5,0,0,0,0.0192,,T,fit-eligible
co2_part1,TEYMOURI(2017),co2,solubility_molality,373,259.31,0,1.5,1.5,0,0,0,1.086625156,,T,fit-eligible
co2_part1,TEYMOURI(2017),co2,xc_saltfree,373,537.93,0,1.5,1.5,0,0,0,0.0236,,T,fit-eligible
co2_part1,TEYMOURI(2017),co2,solubility_molality,373,537.93,0,1.5,1.5,0,0,0,1.341662298,,T,fit-eligible
co2_part1,TEYMOURI(2017),co2,xc_saltfree,373,103.45,0,2.37,2.37,0,0,0,0.0119,,T,fit-eligible
co2_part1,TEYMOURI(2017),co2,solubility_molality,373,103.45,0,2.37,2.37,0,0,0,0.6685055938,,T,fit-eligible
co2_part1,TEYMOURI(2017),co2,xc_saltfree,373,281.38,0,2.37,2.37,0,0,0,0.0173,,T,fit-eligible
co2_part1,TEYMOURI(2017),co2,solubility_molality,373,281.38,0,2.37,2.37,0,0,0,0.9772015127,,T,fit-eligible
co2_part1,TEYMOURI(2017),co2,xc_saltfree,373,548.28,0,2.37,2.37,0,0,0,0.0224,,T,fit-eligible
co2_part1,TEYMOURI(2017),co2,solubility_molality,373,548.28,0,2.37,2.37,0,0,0,1.271879036,,T,fit-eligible
co2_part1,TEYMOURI(2017),co2,xc_saltfree,373,117.24,0,3.8,3.8,0,0,0,0.0115,,T,fit-eligible
co2_part1,TEYMOURI(2017),co2,solubility_molality,373,117.24,0,3.8,3.8,0,0,0,0.6457733973,,T,fit-eligible
co2_part1,TEYMOURI(2017),co2,xc_saltfree,373,273.79,0,3.8,3.8,0,0,0,0.0163,,T,fit-eligible
co2_part1,TEYMOURI(2017),co2,solubility_molality,373,273.79,0,3.8,3.8,0,0,0,0.9197799039,,T,fit-eligible
co2_part1,TEYMOURI(2017),co2,xc_saltfree,373,524.14,0,3.8,3.8,0,0,0,0.0202,,T,fit-eligible
co2_part1,TEYMOURI(2017),co2,solubility_molality,373,524.14,0,3.8,3.8,0,0,0,1.144387006,,T,fit-eligible
co2_part1,TONG(2013),co2,xc_saltfree,373,31.3,0,2,0,1,0,0,0.0038,,T,fit-eligible
co2_part1,TONG(2013),co2,solubility_molality,373,31.3,0,2,0,1,0,0,0.2117366525,,T,fit-eligible
co2_part1,TONG(2013),co2,xc_saltfree,373,100.2,0,2,0,1,0,0,0.0093,,T,fit-eligible
co2_part1,TONG(2013),co2,solubility_molality,373,100.2,0,2,0,1,0,0,0.5210744384,,T,fit-eligible
co2_part1,TONG(2013),co2,xc_saltfree,373,373.8,0,2,0,1,0,0,0.0161,,T,fit-eligible
co2_part1,TONG(2013),co2,solubility_molality,373,373.8,0,2,0,1,0,0,0.9083095889,,T,fit-eligible
co2_part1,TONG(2013),co2,xc_saltfree,373,59.9,0,6,0,3,0,0,0.0036,,T,fit-eligible
co2_part1,TONG(2013),co2,solubility_molality,373,59.9,0,6,0,3,0,0,0.2005523547,,T,fit-eligible
co2_part1,TONG(2013),co2,xc_saltfree,373,157.2,0,6,0,3,0,0,0.0064,,T,fit-eligible
co2_part1,TONG(2013),co2,solubility_molality,373,157.2,0,6,0,3,0,0,0.3575422548,,T,fit-eligible
co2_part1,TONG(2013),co2,xc_saltfree,373,334.5,0,6,0,3,0,0,0.0077,,T,fit-eligible
co2_part1,TONG(2013),co2,solubility_molality,373,334.5,0,6,0,3,0,0,0.4307315832,,T,fit-eligible
co2_part1,TONG(2013),co2,xc_saltfree,373,76.1,0,10,0,5,0,0,0.0027,,T,fit-eligible
co2_part1,TONG(2013),co2,solubility_molality,373,76.1,0,10,0,5,0,0,0.1502785267,,T,fit-eligible
co2_part1,TONG(2013),co2,xc_saltfree,373,169.1,0,10,0,5,0,0,0.004,,T,fit-eligible
co2_part1,TONG(2013),co2,solubility_molality,373,169.1,0,10,0,5,0,0,0.222925442,,T,fit-eligible
co2_part1,TONG(2013),co2,xc_saltfree,373,342.5,0,10,0,5,0,0,0.0048,,T,fit-eligible
co2_part1,TONG(2013),co2,solubility_molality,373,342.5,0,10,0,5,0,0,0.267725571,,T,fit-eligible
co2_part1,ZHAOb(2015),co2,xc_saltfree,373,150,0,1.34,0,0.67,0,0,0.01379308985,,T,fit-eligible
co2_part1,ZHAOb(2015),co2,solubility_molality,373,150,0,1.34,0,0.67,0,0,0.7763409728,,T,fit-eligible
co2_part1,ZHAOb(2015),co2,xc_saltfree,373,150,0,2,0,1,0,0,0.01214469314,,R,fit-eligible
co2_part1,ZHAOb(2015),co2,solubility_molality,373,150,0,2,0,1,0,0,0.6824207006,,R,fit-eligible
co2_part1,ZHAOb(2015),co2,xc_saltfree,373,150,0,3.34,0,1.67,0,0,0.00969704652,,T,fit-eligible
co2_part1,ZHAOb(2015),co2,solubility_molality,373,150,0,3.34,0,1.67,0,0,0.5435385961,,T,fit-eligible
co2_part1,ZHAOb(2015),co2,xc_saltfree,373,150,0,4,0,2,0,0,0.008760574047,,T,fit-eligible
co2_part1,ZHAOb(2015),co2,solubility_molality,373,150,0,4,0,2,0,0,0.4905835491,,T,fit-eligible
co2_part1,TEYMOURI(2017),co2,xc_saltfree,373,65.17,0,1.46,0,0.73,0,0,0.0084,,T,fit-eligible
co2_part1,TEYMOURI(2017),co2,solubility_molality,373,65.17,0,1.46,0,0.73,0,0,0.4702207085,,T,fit-eligible
co2_part1,TEYMOURI(2017),co2,xc_saltfree,373,279.31,0,1.46,0,0.73,0,0,0.0156,,T,fit-eligible
co2_part1,TEYMOURI(2017),co2,solubility_molality,373,279.31,0,1.46,0,0.73,0,0,0.8796541924,,T,fit-eligible
co2_part1,TEYMOURI(2017),co2,xc_saltfree,373,179.31,0,2,0,1,0,0,0.0123,,T,fit-eligible
co2_part1,TEYMOURI(2017),co2,solubility_molality,373,179.31,0,2,0,1,0,0,0.6912562026,,T,fit-eligible
co2_part1,TEYMOURI(2017),co2,xc_saltfree,373,284.83,0,2,0,1,0,0,0.0147,,T,fit-eligible
co2_part1,TEYMOURI(2017),co2,solubility_molality,373,284.83,0,2,0,1,0,0,0.8281477676,,T,fit-eligible
co2_part1,TEYMOURI(2017),co2,xc_saltfree,373,416.34,0,2,0,1,0,0,0.0166,,T,fit-eligible
co2_part1,TEYMOURI(2017),co2,solubility_molality,373,416.34,0,2,0,1,0,0,0.9369941245,,T,fit-eligible
co2_part1,TEYMOURI(2017),co2,xc_saltfree,373,554.28,0,2,0,1,0,0,0.0182,,T,fit-eligible
co2_part1,TEYMOURI(2017),co2,solubility_molality,373,554.28,0,2,0,1,0,0,1.028980972,,T,fit-eligible
co2_part1,TEYMOURI(2017),co2,xc_saltfree,373,80,0,3.36,0,1.68,0,0,0.0066,,T,fit-eligible
co2_part1,TEYMOURI(2017),co2,solubility_molality,373,80,0,3.36,0,1.68,0,0,0.3687896833,,T,fit-eligible
co2_part1,TEYMOURI(2017),co2,xc_saltfree,373,124.48,0,3.36,0,1.68,0,0,0.0089,,T,fit-eligible
co2_part1,TEYMOURI(2017),co2,solubility_molality,373,124.48,0,3.36,0,1.68,0,0,0.4984613783,,T,fit-eligible
co2_part1,TEYMOURI(2017),co2,xc_saltfree,373,262.07,0,3.36,0,1.68,0,0,0.0118,,T,fit-eligible
co2_part1,TEYMOURI(2017),co2,solubility_molality,373,262.07,0,3.36,0,1.68,0,0,0.6628208194,,T,fit-eligible
co2_part1,TEYMOURI(2017),co2,xc_saltfree,373,409.03,0,3.36,0,1.68,0,0,0.0135,,T,fit-eligible
co2_part1,TEYMOURI(2017),co2,solubility_molality,373,409.03,0,3.36,0,1.68,0,0,0.7596187261,,T,fit-eligible
co2_part1,TEYMOURI(2017),co2,xc_saltfree,373,547.59,0,3.36,0,1.68,0,0,0.0145,,T,fit-eligible
co2_part1,TEYMOURI(2017),co2,solubility_molality,373,547.59,0,3.36,0,1.68,0,0,0.8167146711,,T,fit-eligible
co2_part1,TEYMOURI(2017),co2,xc_saltfree,373,151.31,0,5.5,0,2.75,0,0,0.0071,,T,fit-eligible
co2_part1,TEYMOURI(2017),co2,solubility_molality,373,151.31,0,5.5,0,2.75,0,0,0.3969280783,,T,fit-eligible
co2_part1,TEYMOURI(2017),co2,xc_saltfree,373,292.14,0,5.5,0,2.75,0,0,0.0091,,T,fit-eligible
co2_part1,TEYMOURI(2017),co2,solubility_molality,373,292.14,0,5.5,0,2.75,0,0,0.5097656263,,T,fit-eligible
co2_part1,TEYMOURI(2017),co2,xc_saltfree,373,405.59,0,5.5,0,2.75,0,0,0.0099,,T,fit-eligible
co2_part1,TEYMOURI(2017),co2,solubility_molality,373,405.59,0,5.5,0,2.75,0,0,0.5550282872,,T,fit-eligible
co2_part1,BASTAMI(2014),co2,xc_saltfree,373,68.9,0,3.8,0,1.9,0,0,0.0058,,T,fit-eligible
co2_part1,BASTAMI(2014),co2,solubility_molality,373,68.9,0,3.8,0,1.9,0,0,0.3238271207,,T,fit-eligible
co2_part1,BASTAMI(2014),co2,xc_saltfree,373,206.9,0,3.8,0,1.9,0,0,0.0096,,T,fit-eligible
co2_part1,BASTAMI(2014),co2,solubility_molality,373,206.9,0,3.8,0,1.9,0,0,0.5380462203,,T,fit-eligible
co2_part1,BASTAMI(2014),co2,xc_saltfree,373,137.9,0,9.6,0,4.8,0,0,0.0038,,T,fit-eligible
co2_part1,BASTAMI(2014),co2,solubility_molality,373,137.9,0,9.6,0,4.8,0,0,0.2117366525,,T,fit-eligible
co2_part1,MESSABEB(2017),co2,xc_saltfree,373,51.6,0,2,0,1,0,0,0.006029425505,,T,fit-eligible
co2_part1,MESSABEB(2017),co2,solubility_molality,373,51.6,0,2,0,1,0,0,0.3367141671,,T,fit-eligible
co2_part1,MESSABEB(2017),co2,xc_saltfree,373,102.7,0,2,0,1,0,0,0.01012052772,,T,fit-eligible
co2_part1,MESSABEB(2017),co2,solubility_molality,373,102.7,0,2,0,1,0,0,0.5675182401,,T,fit-eligible
co2_part1,MESSABEB(2017),co2,xc_saltfree,373,151.7,0,2,0,1,0,0,0.01270646776,,R,fit-eligible
co2_part1,MESSABEB(2017),co2,solubility_molality,373,151.7,0,2,0,1,0,0,0.7143935592,,R,fit-eligible
co2_part1,MESSABEB(2017),co2,xc_saltfree,373,200.4,0,2,0,1,0,0,0.01447538554,,T,fit-eligible
co2_part1,MESSABEB(2017),co2,solubility_molality,373,200.4,0,2,0,1,0,0,0.8153078942,,T,fit-eligible
co2_part1,MESSABEB(2017),co2,xc_saltfree,373,50.4,0,6,0,3,0,0,0.003426220653,,T,fit-eligible
co2_part1,MESSABEB(2017),co2,solubility_molality,373,50.4,0,6,0,3,0,0,0.1908379997,,T,fit-eligible
co2_part1,MESSABEB(2017),co2,xc_saltfree,373,100.4,0,6,0,3,0,0,0.005727012409,,T,fit-eligible
co2_part1,MESSABEB(2017),co2,solubility_molality,373,100.4,0,6,0,3,0,0,0.319728586,,T,fit-eligible
co2_part1,MESSABEB(2017),co2,xc_saltfree,373,150.2,0,6,0,3,0,0,0.006917810532,,T,fit-eligible
co2_part1,MESSABEB(2017),co2,solubility_molality,373,150.2,0,6,0,3,0,0,0.3866717586,,T,fit-eligible
co2_part1,MESSABEB(2017),co2,xc_saltfree,373,200.1,0,6,0,3,0,0,0.007804608946,,T,fit-eligible
co2_part1,MESSABEB(2017),co2,solubility_molality,373,200.1,0,6,0,3,0,0,0.4366293502,,T,fit-eligible
co2_part1,MESSABEB(2017),co2,xc_saltfree,373,52.4,0,12,0,6,0,0,0.001940228196,,T,fit-eligible
co2_part1,MESSABEB(2017),co2,solubility_molality,373,52.4,0,12,0,6,0,0,0.1079083978,,T,fit-eligible
co2_part1,MESSABEB(2017),co2,xc_saltfree,373,101,0,12,0,6,0,0,0.003068554988,,T,fit-eligible
co2_part1,MESSABEB(2017),co2,solubility_molality,373,101,0,12,0,6,0,0,0.1708549631,,T,fit-eligible
co2_part1,MESSABEB(2017),co2,xc_saltfree,373,150,0,12,0,6,0,0,0.003783629774,,T,fit-eligible
co2_part1,MESSABEB(2017),co2,solubility_molality,373,150,0,12,0,6,0,0,0.2108210364,,T,fit-eligible
co2_part1,MESSABEB(2017),co2,xc_saltfree,373,199.1,0,12,0,6,0,0,0.004283572073,,T,fit-eligible
co2_part1,MESSABEB(2017),co2,solubility_molality,373,199.1,0,12,0,6,0,0,0.2387972876,,T,fit-eligible
co2_part1,PRUTTON(1945),co2,xc_saltfree,373,17,0,2,0,1,0,0,0.002137421643,,T,fit-eligible
co2_part1,PRUTTON(1945),co2,solubility_molality,373,17,0,2,0,1,0,0,0.1188990679,,T,fit-eligible
co2_part1,PRUTTON(1945),co2,xc_saltfree,373,56,0,2,0,1,0,0,0.008243873625,,T,fit-eligible
co2_part1,PRUTTON(1945),co2,solubility_molality,373,56,0,2,0,1,0,0,0.4614083156,,T,fit-eligible
co2_part1,PRUTTON(1945),co2,xc_saltfree,373,120,0,2,0,1,0,0,0.0113993563,,T,fit-eligible
co2_part1,PRUTTON(1945),co2,solubility_molality,373,120,0,2,0,1,0,0,0.640056663,,T,fit-eligible
co2_part1,PRUTTON(1945),co2,xc_saltfree,373,213,0,2,0,1,0,0,0.01394362597,,T,fit-eligible
co2_part1,PRUTTON(1945),co2,solubility_molality,373,213,0,2,0,1,0,0,0.7849336785,,T,fit-eligible
co2_part1,PRUTTON(1945),co2,xc_saltfree,373,286,0,2,0,1,0,0,0.01598008973,,T,fit-eligible
co2_part1,PRUTTON(1945),co2,solubility_molality,373,286,0,2,0,1,0,0,0.901434782,,T,fit-eligible
co2_part1,PRUTTON(1945),co2,xc_saltfree,373,352,0,2,0,1,0,0,0.01618222824,,T,fit-eligible
co2_part1,PRUTTON(1945),co2,solubility_molality,373,352,0,2,0,1,0,0,0.9130249433,,T,fit-eligible
co2_part1,PRUTTON(1945),co2,xc_saltfree,373,394,0,2,0,1,0,0,0.01709778069,,T,fit-eligible
co2_part1,PRUTTON(1945),co2,solubility_molality,373,394,0,2,0,1,0,0,0.9655803296,,T,fit-eligible
co2_part1,PRUTTON(1945),co2,xc_saltfree,373,500,0,2,0,1,0,0,0.01770778182,,T,fit-eligible
co2_part1,PRUTTON(1945),co2,solubility_molality,373,500,0,2,0,1,0,0,1.000650559,,T,fit-eligible
co2_part1,PRUTTON(1945),co2,xc_saltfree,373,575,0,2,0,1,0,0,0.01882675228,,T,fit-eligible
co2_part1,PRUTTON(1945),co2,solubility_molality,373,575,0,2,0,1,0,0,1.065095852,,T,fit-eligible
co2_part1,PRUTTON(1945),co2,xc_saltfree,373,618,0,2,0,1,0,0,0.01892898047,,T,fit-eligible
co2_part1,PRUTTON(1945),co2,solubility_molality,373,618,0,2,0,1,0,0,1.070990848,,T,fit-eligible
co2_part1,PRUTTON(1945),co2,xc_saltfree,373,23,0,4.6,0,2.3,0,0,0.001769862035,,T,fit-eligible
co2_part1,PRUTTON(1945),co2,solubility_molality,373,23,0,4.6,0,2.3,0,0,0.09841645536,,T,fit-eligible
co2_part1,PRUTTON(1945),co2,xc_saltfree,373,88,0,4.6,0,2.3,0,0,0.006038317223,,T,fit-eligible
co2_part1,PRUTTON(1945),co2,solubility_molality,373,88,0,4.6,0,2.3,0,0,0.337213743,,T,fit-eligible
co2_part1,PRUTTON(1945),co2,xc_saltfree,373,142,0,4.6,0,2.3,0,0,0.007703593919,,T,fit-eligible
co2_part1,PRUTTON(1945),co2,solubility_molality,373,142,0,4.6,0,2.3,0,0,0.4309341848,,T,fit-eligible
co2_part1,PRUTTON(1945),co2,xc_saltfree,373,170,0,4.6,0,2.3,0,0,0.008640294648,,T,fit-eligible
co2_part1,PRUTTON(1945),co2,solubility_molality,373,170,0,4.6,0,2.3,0,0,0.4837893166,,T,fit-eligible
co2_part1,PRUTTON(1945),co2,xc_saltfree,373,290,0,4.6,0,2.3,0,0,0.01009759844,,T,fit-eligible
co2_part1,PRUTTON(1945),co2,solubility_molality,373,290,0,4.6,0,2.3,0,0,0.5662193427,,T,fit-eligible
co2_part1,PRUTTON(1945),co2,xc_saltfree,373,566,0,4.6,0,2.3,0,0,0.01207442636,,T,fit-eligible
co2_part1,PRUTTON(1945),co2,solubility_molality,373,566,0,4.6,0,2.3,0,0,0.6784240933,,T,fit-eligible
co2_part1,PRUTTON(1945),co2,xc_saltfree,373,648,0,4.6,0,2.3,0,0,0.01280295843,,T,fit-eligible
co2_part1,PRUTTON(1945),co2,solubility_molality,373,648,0,4.6,0,2.3,0,0,0.7198888943,,T,fit-eligible
co2_part1,PRUTTON(1945),co2,xc_saltfree,373,74,0,7.8,0,3.9,0,0,0.003317159829,,T,fit-eligible
co2_part1,PRUTTON(1945),co2,solubility_molality,373,74,0,7.8,0,3.9,0,0,0.1847431736,,T,fit-eligible
co2_part1,PRUTTON(1945),co2,xc_saltfree,373,151,0,7.8,0,3.9,0,0,0.005028981516,,T,fit-eligible
co2_part1,PRUTTON(1945),co2,solubility_molality,373,151,0,7.8,0,3.9,0,0,0.2805618342,,T,fit-eligible
co2_part1,PRUTTON(1945),co2,xc_saltfree,373,234,0,7.8,0,3.9,0,0,0.005776834282,,T,fit-eligible
co2_part1,PRUTTON(1945),co2,solubility_molality,373,234,0,7.8,0,3.9,0,0,0.3225262111,,T,fit-eligible
co2_part1,PRUTTON(1945),co2,xc_saltfree,373,261,0,7.8,0,3.9,0,0,0.006205451917,,T,fit-eligible
co2_part1,PRUTTON(1945),co2,solubility_molality,373,261,0,7.8,0,3.9,0,0,0.3466057702,,T,fit-eligible
co2_part1,PRUTTON(1945),co2,xc_saltfree,373,388,0,7.8,0,3.9,0,0,0.006846798173,,T,fit-eligible
co2_part1,PRUTTON(1945),co2,solubility_molality,373,388,0,7.8,0,3.9,0,0,0.3826751513,,T,fit-eligible
co2_part1,PRUTTON(1945),co2,xc_saltfree,373,402,0,7.8,0,3.9,0,0,0.006738484772,,T,fit-eligible
co2_part1,PRUTTON(1945),co2,solubility_molality,373,402,0,7.8,0,3.9,0,0,0.3765803251,,T,fit-eligible
co2_part1,PRUTTON(1945),co2,xc_saltfree,373,525,0,7.8,0,3.9,0,0,0.007487317177,,T,fit-eligible
co2_part1,PRUTTON(1945),co2,solubility_molality,373,525,0,7.8,0,3.9,0,0,0.4187445324,,T,fit-eligible
co2_part1,PRUTTON(1945),co2,xc_saltfree,373,630,0,7.8,0,3.9,0,0,0.007595467331,,T,fit-eligible
co2_part1,PRUTTON(1945),co2,solubility_molality,373,630,0,7.8,0,3.9,0,0,0.4248393586,,T,fit-eligible
co2_part1,SANTOS(2021),co2,xc_saltfree,373,16,0,2,0,0,1,0,0.001958158094,,T,fit-eligible
co2_part1,SANTOS(2021),co2,solubility_molality,373,16,0,2,0,0,1,0,0.1089075496,,T,fit-eligible
co2_part1,SANTOS(2021),co2,xc_saltfree,373,30.5,0,2,0,0,1,0,0.003551343013,,T,fit-eligible
co2_part1,SANTOS(2021),co2,solubility_molality,373,30.5,0,2,0,0,1,0,0.1978320626,,T,fit-eligible
co2_part1,SANTOS(2021),co2,xc_saltfree,373,50.4,0,2,0,0,1,0,0.005549036377,,T,fit-eligible
co2_part1,SANTOS(2021),co2,solubility_molality,373,50.4,0,2,0,0,1,0,0.3097370676,,T,fit-eligible
co2_part1,SANTOS(2021),co2,xc_saltfree,373,101.7,0,2,0,0,1,0,0.009802950787,,R,fit-eligible
co2_part1,SANTOS(2021),co2,solubility_molality,373,101.7,0,2,0,0,1,0,0.5495335071,,R,fit-eligible
co2_part1,SANTOS(2021),co2,xc_saltfree,373,152,0,2,0,0,1,0,0.01217982279,,R,fit-eligible
co2_part1,SANTOS(2021),co2,solubility_molality,373,152,0,2,0,0,1,0,0.6844190043,,R,fit-eligible
co2_part1,SANTOS(2021),co2,xc_saltfree,373,201.8,0,2,0,0,1,0,0.01365301497,,T,fit-eligible
co2_part1,SANTOS(2021),co2,solubility_molality,373,201.8,0,2,0,0,1,0,0.7683477581,,T,fit-eligible
co2_part1,SANTOS(2021),co2,xc_saltfree,373,50.5,0,6,0,0,3,0,0.003229536302,,R,fit-eligible
co2_part1,SANTOS(2021),co2,solubility_molality,373,50.5,0,6,0,0,3,0,0.1798473296,,R,fit-eligible
co2_part1,SANTOS(2021),co2,xc_saltfree,373,101.2,0,6,0,0,3,0,0.005353189136,,T,fit-eligible
co2_part1,SANTOS(2021),co2,solubility_molality,373,101.2,0,6,0,0,3,0,0.2987463975,,T,fit-eligible
co2_part1,SANTOS(2021),co2,xc_saltfree,373,153.4,0,6,0,0,3,0,0.006829043497,,T,fit-eligible
co2_part1,SANTOS(2021),co2,solubility_molality,373,153.4,0,6,0,0,3,0,0.3816759995,,T,fit-eligible
co2_part1,SANTOS(2021),co2,xc_saltfree,373,202.9,0,6,0,0,3,0,0.007503275239,,T,fit-eligible
co2_part1,SANTOS(2021),co2,solubility_molality,373,202.9,0,6,0,0,3,0,0.4196437691,,T,fit-eligible
co2_part1,ZHAOb(2015),co2,xc_saltfree,373,150,0,1.34,0,0,0.67,0,0.01361799003,,T,fit-eligible
co2_part1,ZHAOb(2015),co2,solubility_molality,373,150,0,1.34,0,0,0.67,0,0.7663494545,,T,fit-eligible
co2_part1,ZHAOb(2015),co2,xc_saltfree,373,150,0,2,0,0,1,0,0.01181083688,,R,fit-eligible
co2_part1,ZHAOb(2015),co2,solubility_molality,373,150,0,2,0,0,1,0,0.6634368159,,R,fit-eligible
co2_part1,ZHAOb(2015),co2,xc_saltfree,373,150,0,3.34,0,0,1.67,0,0.00950282985,,T,fit-eligible
co2_part1,ZHAOb(2015),co2,solubility_molality,373,150,0,3.34,0,0,1.67,0,0.532547926,,T,fit-eligible
co2_part1,ZHAOb(2015),co2,xc_saltfree,373,150,0,4,0,0,2,0,0.008619065842,,T,fit-eligible
co2_part1,ZHAOb(2015),co2,solubility_molality,373,150,0,4,0,0,2,0,0.4825903344,,T,fit-eligible
co2_part1,TEYMOURI(2017),co2,xc_saltfree,373,165.52,0,1.52,0,0,0.76,0,0.0141,,T,fit-eligible
co2_part1,TEYMOURI(2017),co2,solubility_molality,373,165.52,0,1.52,0,0,0.76,0,0.7938623941,,T,fit-eligible
co2_part1,TEYMOURI(2017),co2,xc_saltfree,373,377.59,0,1.52,0,0,0.76,0,0.0183,,T,fit-eligible
co2_part1,TEYMOURI(2017),co2,solubility_molality,373,377.59,0,1.52,0,0,0.76,0,1.034740106,,T,fit-eligible
co2_part1,TEYMOURI(2017),co2,xc_saltfree,373,544.83,0,1.52,0,0,0.76,0,0.0214,,T,fit-eligible
co2_part1,TEYMOURI(2017),co2,solubility_molality,373,544.83,0,1.52,0,0,0.76,0,1.213857051,,T,fit-eligible
co2_part1,TEYMOURI(2017),co2,xc_saltfree,373,157.24,0,2.6,0,0,1.3,0,0.0109,,T,fit-eligible
co2_part1,TEYMOURI(2017),co2,solubility_molality,373,157.24,0,2.6,0,0,1.3,0,0.6117095766,,T,fit-eligible
co2_part1,TEYMOURI(2017),co2,xc_saltfree,373,283.38,0,2.6,0,0,1.3,0,0.0137,,T,fit-eligible
co2_part1,TEYMOURI(2017),co2,solubility_molality,373,283.38,0,2.6,0,0,1.3,0,0.7710286529,,T,fit-eligible
co2_part1,TEYMOURI(2017),co2,xc_saltfree,373,140.69,0,2.6,0,0,1.3,0,0.0109,,T,fit-eligible
co2_part1,TEYMOURI(2017),co2,solubility_molality,373,140.69,0,2.6,0,0,1.3,0,0.6117095766,,T,fit-eligible
co2_part1,TEYMOURI(2017),co2,xc_saltfree,373,340.69,0,2.6,0,0,1.3,0,0.015,,T,fit-eligible
co2_part1,TEYMOURI(2017),co2,solubility_molality,373,340.69,0,2.6,0,0,1.3,0,0.8453061177,,T,fit-eligible
co2_part1,TEYMOURI(2017),co2,xc_saltfree,373,533.79,0,2.6,0,0,1.3,0,0.0175,,T,fit-eligible
co2_part1,TEYMOURI(2017),co2,solubility_molality,373,533.79,0,2.6,0,0,1.3,0,0.9886998612,,T,fit-eligible
co2_part1,TEYMOURI(2017),co2,xc_saltfree,373,187.24,0,4.6,0,0,2.3,0,0.0088,,T,fit-eligible
co2_part1,TEYMOURI(2017),co2,solubility_molality,373,187.24,0,4.6,0,0,2.3,0,0.492810965,,T,fit-eligible
co2_part1,TEYMOURI(2017),co2,xc_saltfree,373,302.28,0,4.6,0,0,2.3,0,0.0106,,T,fit-eligible
co2_part1,TEYMOURI(2017),co2,solubility_molality,373,302.28,0,4.6,0,0,2.3,0,0.5946931591,,T,fit-eligible
co2_part1,TEYMOURI(2017),co2,xc_saltfree,373,416.21,0,4.6,0,0,2.3,0,0.0116,,T,fit-eligible
co2_part1,TEYMOURI(2017),co2,solubility_molality,373,416.21,0,4.6,0,0,2.3,0,0.6514547215,,T,fit-eligible
co2_part1,TEYMOURI(2017),co2,xc_saltfree,373,135.03,0,8.6,0,0,4.3,0,0.0046,,T,fit-eligible
co2_part1,TEYMOURI(2017),co2,solubility_molality,373,135.03,0,8.6,0,0,4.3,0,0.2565187877,,T,fit-eligible
co2_part1,TEYMOURI(2017),co2,xc_saltfree,373,286.76,0,8.6,0,0,4.3,0,0.0064,,T,fit-eligible
co2_part1,TEYMOURI(2017),co2,solubility_molality,373,286.76,0,8.6,0,0,4.3,0,0.3575422548,,T,fit-eligible
co2_part1,TEYMOURI(2017),co2,xc_saltfree,373,402.76,0,8.6,0,0,4.3,0,0.0071,,T,fit-eligible
co2_part1,TEYMOURI(2017),co2,solubility_molality,373,402.76,0,8.6,0,0,4.3,0,0.3969280783,,T,fit-eligible
co2_part1,TEYMOURI(2017),co2,xc_saltfree,373,544.83,0,8.6,0,0,4.3,0,0.0079,,T,fit-eligible
co2_part1,TEYMOURI(2017),co2,solubility_molality,373,544.83,0,8.6,0,0,4.3,0,0.4420085042,,T,fit-eligible
co2_part1,TONG(2013),co2,xc_saltfree,373,26.4,0,2,0,0,1,0,0.0029,,T,fit-eligible
co2_part1,TONG(2013),co2,solubility_molality,373,26.4,0,2,0,0,1,0,0.1614426454,,T,fit-eligible
co2_part1,TONG(2013),co2,xc_saltfree,373,102.5,0,2,0,0,1,0,0.01,,R,fit-eligible
co2_part1,TONG(2013),co2,solubility_molality,373,102.5,0,2,0,0,1,0,0.5606912633,,R,fit-eligible
co2_part1,TONG(2013),co2,xc_saltfree,373,349.3,0,2,0,0,1,0,0.0161,,T,fit-eligible
co2_part1,TONG(2013),co2,solubility_molality,373,349.3,0,2,0,0,1,0,0.9083095889,,T,fit-eligible
co2_part1,TONG(2013),co2,xc_saltfree,373,49.5,0,6,0,0,3,0,0.0033,,R,fit-eligible
co2_part1,TONG(2013),co2,solubility_molality,373,49.5,0,6,0,0,3,0,0.183784324,,R,fit-eligible
co2_part1,TONG(2013),co2,xc_saltfree,373,151.6,0,6,0,0,3,0,0.0064,,T,fit-eligible
co2_part1,TONG(2013),co2,solubility_molality,373,151.6,0,6,0,0,3,0,0.3575422548,,T,fit-eligible
co2_part1,TONG(2013),co2,xc_saltfree,373,262.9,0,6,0,0,3,0,0.008,,T,fit-eligible
co2_part1,TONG(2013),co2,solubility_molality,373,262.9,0,6,0,0,3,0,0.4476486699,,T,fit-eligible
co2_part1,TONG(2013),co2,xc_saltfree,373,75.5,0,10,0,0,5,0,0.0026,,T,fit-eligible
co2_part1,TONG(2013),co2,solubility_molality,373,75.5,0,10,0,0,5,0,0.1446981463,,T,fit-eligible
co2_part1,TONG(2013),co2,xc_saltfree,373,156,0,10,0,0,5,0,0.0038,,T,fit-eligible
co2_part1,TONG(2013),co2,solubility_molality,373,156,0,10,0,0,5,0,0.2117366525,,T,fit-eligible
co2_part1,TONG(2013),co2,xc_saltfree,373,205.8,0,10,0,0,5,0,0.0041,,T,fit-eligible
co2_part1,TONG(2013),co2,solubility_molality,373,205.8,0,10,0,0,5,0,0.228521522,,T,fit-eligible
co2_part1,ZHAOb(2015),co2,xc_saltfree,373,150,1.34,0,0,0,0,0.67,0.01295204329,,T,fit-eligible
co2_part1,ZHAOb(2015),co2,solubility_molality,373,150,1.34,0,0,0,0,0.67,0.7283816849,,T,fit-eligible
co2_part1,ZHAOb(2015),co2,xc_saltfree,373,150,2,0,0,0,0,1,0.01098401157,,R,fit-eligible
co2_part1,ZHAOb(2015),co2,solubility_molality,373,150,2,0,0,0,0,1,0.6164766798,,R,fit-eligible
co2_part1,ZHAOb(2015),co2,xc_saltfree,373,150,3.34,0,0,0,0,1.67,0.008070339716,,T,fit-eligible
co2_part1,ZHAOb(2015),co2,solubility_molality,373,150,3.34,0,0,0,0,1.67,0.4516166277,,T,fit-eligible
co2_part1,ZHAOb(2015),co2,xc_saltfree,373,150,4,0,0,0,0,2,0.007059804788,,R,fit-eligible
co2_part1,ZHAOb(2015),co2,solubility_molality,373,150,4,0,0,0,0,2,0.3946649733,,R,fit-eligible
co2_part1,SANTOS(2020),co2,xc_saltfree,373,16.1,2,0,0,0,0,1,0.001760893783,,T,fit-eligible
co2_part1,SANTOS(2020),co2,solubility_molality,373,16.1,2,0,0,0,0,1,0.09791687945,,T,fit-eligible
co2_part1,SANTOS(2020),co2,xc_saltfree,373,31.4,2,0,0,0,0,1,0.003318947903,,T,fit-eligible
co2_part1,SANTOS(2020),co2,solubility_molality,373,31.4,2,0,0,0,0,1,0.1848430888,,T,fit-eligible
co2_part1,SANTOS(2020),co2,xc_saltfree,373,51.1,2,0,0,0,0,1,0.005139449603,,T,fit-eligible
co2_part1,SANTOS(2020),co2,solubility_molality,373,51.1,2,0,0,0,0,1,0.2867565755,,T,fit-eligible
co2_part1,SANTOS(2020),co2,xc_saltfree,373,101,2,0,0,0,0,1,0.008707513204,,T,fit-eligible
co2_part1,SANTOS(2020),co2,solubility_molality,373,101,2,0,0,0,0,1,0.4875860936,,T,fit-eligible
co2_part1,SANTOS(2020),co2,xc_saltfree,373,151,2,0,0,0,0,1,0.01112484549,,R,fit-eligible
co2_part1,SANTOS(2020),co2,solubility_molality,373,151,2,0,0,0,0,1,0.6244698944,,R,fit-eligible
co2_part1,SANTOS(2020),co2,xc_saltfree,373,201.3,2,0,0,0,0,1,0.01235543353,,T,fit-eligible
co2_part1,SANTOS(2020),co2,solubility_molality,373,201.3,2,0,0,0,0,1,0.6944105226,,T,fit-eligible
co2_part1,SANTOS(2020),co2,xc_saltfree,373,16.2,4,0,0,0,0,2,0.001150674423,,T,fit-eligible
co2_part1,SANTOS(2020),co2,solubility_molality,373,16.2,4,0,0,0,0,2,0.06394571719,,T,fit-eligible
co2_part1,SANTOS(2020),co2,xc_saltfree,373,31.1,4,0,0,0,0,2,0.002119498186,,T,fit-eligible
co2_part1,SANTOS(2020),co2,solubility_molality,373,31.1,4,0,0,0,0,2,0.1178999161,,T,fit-eligible
co2_part1,SANTOS(2020),co2,xc_saltfree,373,51.6,4,0,0,0,0,2,0.003354708053,,T,fit-eligible
co2_part1,SANTOS(2020),co2,solubility_molality,373,51.6,4,0,0,0,0,2,0.1868413924,,T,fit-eligible
co2_part1,SANTOS(2020),co2,xc_saltfree,373,101.3,4,0,0,0,0,2,0.005442220171,,T,fit-eligible
co2_part1,SANTOS(2020),co2,solubility_molality,373,101.3,4,0,0,0,0,2,0.3037421567,,T,fit-eligible
co2_part1,SANTOS(2020),co2,xc_saltfree,373,151.5,4,0,0,0,0,2,0.00713078669,,R,fit-eligible
co2_part1,SANTOS(2020),co2,solubility_molality,373,151.5,4,0,0,0,0,2,0.3986615806,,R,fit-eligible
co2_part1,SANTOS(2020),co2,xc_saltfree,373,201.4,4,0,0,0,0,2,0.008105759731,,T,fit-eligible
co2_part1,SANTOS(2020),co2,solubility_molality,373,201.4,4,0,0,0,0,2,0.4536149313,,T,fit-eligible
co2_part1,MESSABEB(2016),co2,xc_saltfree,423,50.3,1,1,0,0,0,0,0.005460024466,,T,fit-eligible
co2_part1,MESSABEB(2016),co2,solubility_molality,423,50.3,1,1,0,0,0,0,0.3047413085,,T,fit-eligible
co2_part1,MESSABEB(2016),co2,xc_saltfree,423,100.4,1,1,0,0,0,0,0.01027923982,,T,fit-eligible
co2_part1,MESSABEB(2016),co2,solubility_molality,423,100.4,1,1,0,0,0,0,0.5765106066,,T,fit-eligible
co2_part1,MESSABEB(2016),co2,xc_saltfree,423,150.5,1,1,0,0,0,0,0.01426554898,,R,fit-eligible
co2_part1,MESSABEB(2016),co2,solubility_molality,423,150.5,1,1,0,0,0,0,0.8033180722,,R,fit-eligible
co2_part1,MESSABEB(2016),co2,xc_saltfree,423,200.1,1,1,0,0,0,0,0.01698647373,,T,fit-eligible
co2_part1,MESSABEB(2016),co2,solubility_molality,423,200.1,1,1,0,0,0,0,0.9591857579,,T,fit-eligible
co2_part1,MESSABEB(2016),co2,xc_saltfree,423,50.6,3,3,0,0,0,0,0.00439063729,,T,fit-eligible
co2_part1,MESSABEB(2016),co2,solubility_molality,423,50.6,3,3,0,0,0,0,0.2447921986,,T,fit-eligible
co2_part1,MESSABEB(2016),co2,xc_saltfree,423,101,3,3,0,0,0,0,0.007591921798,,T,fit-eligible
co2_part1,MESSABEB(2016),co2,solubility_molality,423,101,3,3,0,0,0,0,0.4246395282,,T,fit-eligible
co2_part1,MESSABEB(2016),co2,xc_saltfree,423,149.6,3,3,0,0,0,0,0.01015580148,,R,fit-eligible
co2_part1,MESSABEB(2016),co2,solubility_molality,423,149.6,3,3,0,0,0,0,0.5695165437,,R,fit-eligible
co2_part1,MESSABEB(2016),co2,xc_saltfree,423,202.3,3,3,0,0,0,0,0.01274155746,,T,fit-eligible
co2_part1,MESSABEB(2016),co2,solubility_molality,423,202.3,3,3,0,0,0,0,0.7163918629,,T,fit-eligible
co2_part1,MESSABEB(2016),co2,xc_saltfree,423,50.4,6,6,0,0,0,0,0.002907521667,,T,fit-eligible
co2_part1,MESSABEB(2016),co2,solubility_molality,423,50.4,6,6,0,0,0,0,0.1618625966,,T,fit-eligible
co2_part1,MESSABEB(2016),co2,xc_saltfree,423,101,6,6,0,0,0,0,0.005103817417,,T,fit-eligible
co2_part1,MESSABEB(2016),co2,solubility_molality,423,101,6,6,0,0,0,0,0.2847582719,,T,fit-eligible
co2_part1,MESSABEB(2016),co2,xc_saltfree,423,149.6,6,6,0,0,0,0,0.006775775658,,R,fit-eligible
co2_part1,MESSABEB(2016),co2,solubility_molality,423,149.6,6,6,0,0,0,0,0.378678544,,R,fit-eligible
co2_part1,MESSABEB(2016),co2,xc_saltfree,423,202.1,6,6,0,0,0,0,0.008265118502,,T,fit-eligible
co2_part1,MESSABEB(2016),co2,solubility_molality,423,202.1,6,6,0,0,0,0,0.4626072978,,T,fit-eligible
co2_part1,SAVARY(2012),co2,xc_saltfree,423,125,2,2,0,0,0,0,0.009096494183,,T,fit-eligible
co2_part1,SAVARY(2012),co2,solubility_molality,423,125,2,2,0,0,0,0,0.5095674339,,T,fit-eligible
co2_part1,SAVARY(2012),co2,xc_saltfree,423,166,2,2,0,0,0,0,0.01454531121,,T,fit-eligible
co2_part1,SAVARY(2012),co2,solubility_molality,423,166,2,2,0,0,0,0,0.8193045015,,T,fit-eligible
co2_part1,SAVARY(2012),co2,xc_saltfree,423,247,2,2,0,0,0,0,0.01524402253,,T,fit-eligible
co2_part1,SAVARY(2012),co2,solubility_molality,423,247,2,2,0,0,0,0,0.8592705748,,T,fit-eligible
co2_part1,SAVARY(2012),co2,xc_saltfree,423,226,2,2,0,0,0,0,0.01489479076,,T,fit-eligible
co2_part1,SAVARY(2012),co2,solubility_molality,423,226,2,2,0,0,0,0,0.8392875381,,T,fit-eligible
co2_part1,SAVARY(2012),co2,xc_saltfree,423,273,2,2,0,0,0,0,0.01541854558,,T,fit-eligible
co2_part1,SAVARY(2012),co2,solubility_molality,423,273,2,2,0,0,0,0,0.8692620931,,T,fit-eligible
co2_part1,SAVARY(2012),co2,xc_saltfree,423,305,2,2,0,0,0,0,0.01576740615,,T,fit-eligible
co2_part1,SAVARY(2012),co2,solubility_molality,423,305,2,2,0,0,0,0,0.8892451297,,T,fit-eligible
co2_part1,TAKENOUSHI(1965),co2,xc_saltfree,423,100,1.09,1.09,0,0,0,0,0.0110350685,,T,fit-eligible
co2_part1,TAKENOUSHI(1965),co2,solubility_molality,423,100,1.09,1.09,0,0,0,0,0.6193742201,,T,fit-eligible
co2_part1,TAKENOUSHI(1965),co2,xc_saltfree,423,200,1.09,1.09,0,0,0,0,0.0178102433,,T,fit-eligible
co2_part1,TAKENOUSHI(1965),co2,solubility_molality,423,200,1.09,1.09,0,0,0,0,1.006545555,,T,fit-eligible
co2_part1,TAKENOUSHI(1965),co2,xc_saltfree,423,300,1.09,1.09,0,0,0,0,0.02101221072,,T,fit-eligible
co2_part1,TAKENOUSHI(1965),co2,solubility_molality,423,300,1.09,1.09,0,0,0,0,1.191388643,,T,fit-eligible
co2_part1,TAKENOUSHI(1965),co2,xc_saltfree,423,400,1.09,1.09,0,0,0,0,0.02331503286,,T,fit-eligible
co2_part1,TAKENOUSHI(1965),co2,solubility_molality,423,400,1.09,1.09,0,0,0,0,1.325075158,,T,fit-eligible
co2_part1,TAKENOUSHI(1965),co2,xc_saltfree,423,500,1.09,1.09,0,0,0,0,0.02516763705,,T,fit-eligible
co2_part1,TAKENOUSHI(1965),co2,solubility_molality,423,500,1.09,1.09,0,0,0,0,1.433083471,,T,fit-eligible
co2_part1,TAKENOUSHI(1965),co2,xc_saltfree,423,600,1.09,1.09,0,0,0,0,0.02702856274,,T,fit-eligible
co2_part1,TAKENOUSHI(1965),co2,solubility_molality,423,600,1.09,1.09,0,0,0,0,1.541991021,,T,fit-eligible
co2_part1,TAKENOUSHI(1965),co2,xc_saltfree,423,800,1.09,1.09,0,0,0,0,0.0298354698,,T,fit-eligible
co2_part1,TAKENOUSHI(1965),co2,solubility_molality,423,800,1.09,1.09,0,0,0,0,1.707050903,,T,fit-eligible
co2_part1,TAKENOUSHI(1965),co2,xc_saltfree,423,1000,1.09,1.09,0,0,0,0,0.03266328499,,T,fit-eligible
co2_part1,TAKENOUSHI(1965),co2,solubility_molality,423,1000,1.09,1.09,0,0,0,0,1.87430892,,T,fit-eligible
co2_part1,TAKENOUSHI(1965),co2,xc_saltfree,423,1200,1.09,1.09,0,0,0,0,0.03503405365,,T,fit-eligible
co2_part1,TAKENOUSHI(1965),co2,solubility_molality,423,1200,1.09,1.09,0,0,0,0,2.015289243,,T,fit-eligible
co2_part1,TAKENOUSHI(1965),co2,xc_saltfree,423,100,4.27,4.27,0,0,0,0,0.004622532957,,T,fit-eligible
co2_part1,TAKENOUSHI(1965),co2,solubility_molality,423,100,4.27,4.27,0,0,0,0,0.2577811724,,T,fit-eligible
co2_part1,TAKENOUSHI(1965),co2,xc_saltfree,423,200,4.27,4.27,0,0,0,0,0.008245644066,,T,fit-eligible
co2_part1,TAKENOUSHI(1965),co2,solubility_molality,423,200,4.27,4.27,0,0,0,0,0.4615082308,,T,fit-eligible
co2_part1,TAKENOUSHI(1965),co2,xc_saltfree,423,300,4.27,4.27,0,0,0,0,0.01137296765,,T,fit-eligible
co2_part1,TAKENOUSHI(1965),co2,solubility_molality,423,300,4.27,4.27,0,0,0,0,0.6385579353,,T,fit-eligible
co2_part1,TAKENOUSHI(1965),co2,xc_saltfree,423,400,4.27,4.27,0,0,0,0,0.01294152113,,T,fit-eligible
co2_part1,TAKENOUSHI(1965),co2,solubility_molality,423,400,4.27,4.27,0,0,0,0,0.7277821938,,T,fit-eligible
co2_part1,TAKENOUSHI(1965),co2,xc_saltfree,423,500,4.27,4.27,0,0,0,0,0.01451734213,,T,fit-eligible
co2_part1,TAKENOUSHI(1965),co2,solubility_molality,423,500,4.27,4.27,0,0,0,0,0.8177058586,,T,fit-eligible
co2_part1,TAKENOUSHI(1965),co2,xc_saltfree,423,600,4.27,4.27,0,0,0,0,0.01662281132,,T,fit-eligible
co2_part1,TAKENOUSHI(1965),co2,solubility_molality,423,600,4.27,4.27,0,0,0,0,0.9383034846,,T,fit-eligible
co2_part1,TAKENOUSHI(1965),co2,xc_saltfree,423,800,4.27,4.27,0,0,0,0,0.01979965489,,T,fit-eligible
co2_part1,TAKENOUSHI(1965),co2,solubility_molality,423,800,4.27,4.27,0,0,0,0,1.121248185,,T,fit-eligible
co2_part1,TAKENOUSHI(1965),co2,xc_saltfree,423,1000,4.27,4.27,0,0,0,0,0.02246091554,,T,fit-eligible
co2_part1,TAKENOUSHI(1965),co2,solubility_molality,423,1000,4.27,4.27,0,0,0,0,1.275417312,,T,fit-eligible
co2_part1,TAKENOUSHI(1965),co2,xc_saltfree,423,1200,4.27,4.27,0,0,0,0,0.02513513577,,T,fit-eligible
co2_part1,TAKENOUSHI(1965),co2,solubility_molality,423,1200,4.27,4.27,0,0,0,0,1.431185083,,T,fit-eligible
co2_part1,ZHAO(2015),co2,xc_saltfree,423,150,1,1,0,0,0,0,0.0141955836,,R,fit-eligible
co2_part1,ZHAO(2015),co2,solubility_molality,423,150,1,1,0,0,0,0,0.7993214649,,R,fit-eligible
co2_part1,ZHAO(2015),co2,xc_saltfree,423,150,2,2,0,0,0,0,0.01151193204,,T,fit-eligible
co2_part1,ZHAO(2015),co2,solubility_molality,423,150,2,2,0,0,0,0,0.6464512347,,T,fit-eligible
co2_part1,ZHAO(2015),co2,xc_saltfree,423,150,3,3,0,0,0,0,0.01008525146,,R,fit-eligible
co2_part1,ZHAO(2015),co2,solubility_molality,423,150,3,3,0,0,0,0,0.5655199364,,R,fit-eligible
co2_part1,ZHAO(2015),co2,xc_saltfree,423,150,4,4,0,0,0,0,0.008884360592,,T,fit-eligible
co2_part1,ZHAO(2015),co2,solubility_molality,423,150,4,4,0,0,0,0,0.4975776119,,T,fit-eligible
co2_part1,ZHAO(2015),co2,xc_saltfree,423,150,5,5,0,0,0,0,0.007857766489,,T,fit-eligible
co2_part1,ZHAO(2015),co2,solubility_molality,423,150,5,5,0,0,0,0,0.4396268057,,T,fit-eligible
co2_part1,ZHAO(2015),co2,xc_saltfree,423,150,6,6,0,0,0,0,0.006971063137,,R,fit-eligible
co2_part1,ZHAO(2015),co2,solubility_molality,423,150,6,6,0,0,0,0,0.3896692141,,R,fit-eligible
co2_part1,TEYMOURI(2017),co2,xc_saltfree,423,245.52,1.9,1.9,0,0,0,0,0.0158,,T,fit-eligible
co2_part1,TEYMOURI(2017),co2,solubility_molality,423,245.52,1.9,1.9,0,0,0,0,0.8911128571,,T,fit-eligible
co2_part1,TEYMOURI(2017),co2,xc_saltfree,423,373.03,1.9,1.9,0,0,0,0,0.0191,,T,fit-eligible
co2_part1,TEYMOURI(2017),co2,solubility_molality,423,373.03,1.9,1.9,0,0,0,0,1.080855449,,T,fit-eligible
co2_part1,TEYMOURI(2017),co2,xc_saltfree,423,534.48,1.9,1.9,0,0,0,0,0.0218,,T,fit-eligible
co2_part1,TEYMOURI(2017),co2,solubility_molality,423,534.48,1.9,1.9,0,0,0,0,1.237051609,,T,fit-eligible
co2_part1,TEYMOURI(2017),co2,xc_saltfree,423,379.31,3,3,0,0,0,0,0.0166,,T,fit-eligible
co2_part1,TEYMOURI(2017),co2,solubility_molality,423,379.31,3,3,0,0,0,0,0.9369941245,,T,fit-eligible
co2_part1,TEYMOURI(2017),co2,xc_saltfree,423,572.48,3,3,0,0,0,0,0.0199,,T,fit-eligible
co2_part1,TEYMOURI(2017),co2,solubility_molality,423,572.48,3,3,0,0,0,0,1.127046075,,T,fit-eligible
co2_part1,TEYMOURI(2017),co2,xc_saltfree,423,229.66,4.82,4.82,0,0,0,0,0.0116,,T,fit-eligible
co2_part1,TEYMOURI(2017),co2,solubility_molality,423,229.66,4.82,4.82,0,0,0,0,0.6514547215,,T,fit-eligible
co2_part1,TEYMOURI(2017),co2,xc_saltfree,423,409.66,4.82,4.82,0,0,0,0,0.0145,,T,fit-eligible
co2_part1,TEYMOURI(2017),co2,solubility_molality,423,409.66,4.82,4.82,0,0,0,0,0.8167146711,,T,fit-eligible
co2_part1,TEYMOURI(2017),co2,xc_saltfree,423,544.83,4.82,4.82,0,0,0,0,0.0154,,T,fit-eligible
co2_part1,TEYMOURI(2017),co2,solubility_molality,423,544.83,4.82,4.82,0,0,0,0,0.8682001828,,T,fit-eligible
co2_part1,ZHAOb(2015),co2,xc_saltfree,423,150,0,0.5,0.5,0,0,0,0.01561044949,,T,fit-eligible
co2_part1,ZHAOb(2015),co2,solubility_molality,423,150,0,0.5,0.5,0,0,0,0.8802527632,,T,fit-eligible
co2_part1,ZHAOb(2015),co2,xc_saltfree,423,150,0,1,1,0,0,0,0.01447538554,,T,fit-eligible
co2_part1,ZHAOb(2015),co2,solubility_molality,423,150,0,1,1,0,0,0,0.8153078942,,T,fit-eligible
co2_part1,ZHAOb(2015),co2,xc_saltfree,423,150,0,2,2,0,0,0,0.01286435177,,T,fit-eligible
co2_part1,ZHAOb(2015),co2,solubility_molality,423,150,0,2,2,0,0,0,0.7233859257,,T,fit-eligible
co2_part1,ZHAOb(2015),co2,xc_saltfree,423,150,0,3,3,0,0,0,0.01158227886,,T,fit-eligible
co2_part1,ZHAOb(2015),co2,solubility_molality,423,150,0,3,3,0,0,0,0.6504478421,,T,fit-eligible
co2_part1,ZHAOb(2015),co2,xc_saltfree,423,150,0,4,4,0,0,0,0.01056126901,,T,fit-eligible
co2_part1,ZHAOb(2015),co2,solubility_molality,423,150,0,4,4,0,0,0,0.5924970358,,T,fit-eligible
co2_part1,ZHAOb(2015),co2,xc_saltfree,423,150,0,4.5,4.5,0,0,0,0.01006761238,,T,fit-eligible
co2_part1,ZHAOb(2015),co2,solubility_molality,423,150,0,4.5,4.5,0,0,0,0.5645207846,,T,fit-eligible
co2_part1,TEYMOURI(2017),co2,xc_saltfree,423,162.76,0,1.5,1.5,0,0,0,0.0156,,T,fit-eligible
co2_part1,TEYMOURI(2017),co2,solubility_molality,423,162.76,0,1.5,1.5,0,0,0,0.8796541924,,T,fit-eligible
co2_part1,TEYMOURI(2017),co2,xc_saltfree,423,337.93,0,1.5,1.5,0,0,0,0.0213,,T,fit-eligible
co2_part1,TEYMOURI(2017),co2,solubility_molality,423,337.93,0,1.5,1.5,0,0,0,1.208061374,,T,fit-eligible
co2_part1,TEYMOURI(2017),co2,xc_saltfree,423,531.03,0,1.5,1.5,0,0,0,0.0245,,T,fit-eligible
co2_part1,TEYMOURI(2017),co2,solubility_molality,423,531.03,0,1.5,1.5,0,0,0,1.394112413,,T,fit-eligible
co2_part1,TEYMOURI(2017),co2,xc_saltfree,423,180,0,2.37,2.37,0,0,0,0.014,,T,fit-eligible
co2_part1,TEYMOURI(2017),co2,solubility_molality,423,180,0,2.37,2.37,0,0,0,0.788152222,,T,fit-eligible
co2_part1,TEYMOURI(2017),co2,xc_saltfree,423,385.31,0,2.37,2.37,0,0,0,0.0204,,T,fit-eligible
co2_part1,TEYMOURI(2017),co2,solubility_molality,423,385.31,0,2.37,2.37,0,0,0,1.155953527,,T,fit-eligible
co2_part1,TEYMOURI(2017),co2,xc_saltfree,423,531.03,0,2.37,2.37,0,0,0,0.0228,,T,fit-eligible
co2_part1,TEYMOURI(2017),co2,solubility_molality,423,531.03,0,2.37,2.37,0,0,0,1.29512108,,T,fit-eligible
co2_part1,TEYMOURI(2017),co2,xc_saltfree,423,318.97,0,3.8,3.8,0,0,0,0.0163,,T,fit-eligible
co2_part1,TEYMOURI(2017),co2,solubility_molality,423,318.97,0,3.8,3.8,0,0,0,0.9197799039,,T,fit-eligible
co2_part1,TEYMOURI(2017),co2,xc_saltfree,423,497.24,0,3.8,3.8,0,0,0,0.0188,,T,fit-eligible
co2_part1,TEYMOURI(2017),co2,solubility_molality,423,497.24,0,3.8,3.8,0,0,0,1.063553383,,T,fit-eligible
co2_part1,ZHAOb(2015),co2,xc_saltfree,423,150,0,1.34,0,0.67,0,0,0.01284681159,,T,fit-eligible
co2_part1,ZHAOb(2015),co2,solubility_molality,423,150,0,1.34,0,0.67,0,0,0.7223867739,,T,fit-eligible
co2_part1,ZHAOb(2015),co2,xc_saltfree,423,150,0,2,0,1,0,0,0.01124804227,,R,fit-eligible
co2_part1,ZHAOb(2015),co2,solubility_molality,423,150,0,2,0,1,0,0,0.6314639573,,R,fit-eligible
co2_part1,ZHAOb(2015),co2,xc_saltfree,423,150,0,3.34,0,1.67,0,0,0.00874288773,,T,fit-eligible
co2_part1,ZHAOb(2015),co2,solubility_molality,423,150,0,3.34,0,1.67,0,0,0.4895843972,,T,fit-eligible
co2_part1,ZHAOb(2015),co2,xc_saltfree,423,150,0,4,0,2,0,0,0.007893201687,,T,fit-eligible
co2_part1,ZHAOb(2015),co2,solubility_molality,423,150,0,4,0,2,0,0,0.4416251094,,T,fit-eligible
co2_part1,TEYMOURI(2017),co2,xc_saltfree,423,216.55,0,2,0,1,0,0,0.0147,,T,fit-eligible
co2_part1,TEYMOURI(2017),co2,solubility_molality,423,216.55,0,2,0,1,0,0,0.8281477676,,T,fit-eligible
co2_part1,TEYMOURI(2017),co2,xc_saltfree,423,387.59,0,2,0,1,0,0,0.0176,,T,fit-eligible
co2_part1,TEYMOURI(2017),co2,solubility_molality,423,387.59,0,2,0,1,0,0,0.994450791,,T,fit-eligible
co2_part1,TEYMOURI(2017),co2,xc_saltfree,423,568.97,0,2,0,1,0,0,0.0211,,T,fit-eligible
co2_part1,TEYMOURI(2017),co2,solubility_molality,423,568.97,0,2,0,1,0,0,1.196473572,,T,fit-eligible
co2_part1,TEYMOURI(2017),co2,xc_saltfree,423,244.34,0,3.34,0,1.67,0,0,0.0118,,T,fit-eligible
co2_part1,TEYMOURI(2017),co2,solubility_molality,423,244.34,0,3.34,0,1.67,0,0,0.6628208194,,T,fit-eligible
co2_part1,TEYMOURI(2017),co2,xc_saltfree,423,406.9,0,3.34,0,1.67,0,0,0.015,,T,fit-eligible
co2_part1,TEYMOURI(2017),co2,solubility_molality,423,406.9,0,3.34,0,1.67,0,0,0.8453061177,,T,fit-eligible
co2_part1,TEYMOURI(2017),co2,xc_saltfree,423,595.86,0,3.34,0,1.67,0,0,0.0178,,T,fit-eligible
co2_part1,TEYMOURI(2017),co2,solubility_molality,423,595.86,0,3.34,0,1.67,0,0,1.005956164,,T,fit-eligible
co2_part1,TEYMOURI(2017),co2,xc_saltfree,423,246.21,0,5.5,0,2.75,0,0,0.0091,,T,fit-eligible
co2_part1,TEYMOURI(2017),co2,solubility_molality,423,246.21,0,5.5,0,2.75,0,0,0.5097656263,,T,fit-eligible
co2_part1,TEYMOURI(2017),co2,xc_saltfree,423,424.14,0,5.5,0,2.75,0,0,0.0112,,T,fit-eligible
co2_part1,TEYMOURI(2017),co2,solubility_molality,423,424.14,0,5.5,0,2.75,0,0,0.6287363195,,T,fit-eligible
co2_part1,TEYMOURI(2017),co2,xc_saltfree,423,552.41,0,5.5,0,2.75,0,0,0.0123,,T,fit-eligible
co2_part1,TEYMOURI(2017),co2,solubility_molality,423,552.41,0,5.5,0,2.75,0,0,0.6912562026,,T,fit-eligible
co2_part1,MESSABEB(2017),co2,xc_saltfree,423,51.3,0,2,0,1,0,0,0.004658199626,,T,fit-eligible
co2_part1,MESSABEB(2017),co2,solubility_molality,423,51.3,0,2,0,1,0,0,0.2597794761,,T,fit-eligible
co2_part1,MESSABEB(2017),co2,xc_saltfree,423,101.8,0,2,0,1,0,0,0.008831313001,,T,fit-eligible
co2_part1,MESSABEB(2017),co2,solubility_molality,423,101.8,0,2,0,1,0,0,0.4945801564,,T,fit-eligible
co2_part1,MESSABEB(2017),co2,xc_saltfree,423,151.2,0,2,0,1,0,0,0.0117053617,,R,fit-eligible
co2_part1,MESSABEB(2017),co2,solubility_molality,423,151.2,0,2,0,1,0,0,0.6574419049,,R,fit-eligible
co2_part1,MESSABEB(2017),co2,xc_saltfree,423,199.6,0,2,0,1,0,0,0.01370554771,,T,fit-eligible
co2_part1,MESSABEB(2017),co2,solubility_molality,423,199.6,0,2,0,1,0,0,0.7713452136,,T,fit-eligible
co2_part1,MESSABEB(2017),co2,xc_saltfree,423,51.3,0,6,0,3,0,0,0.002513665563,,T,fit-eligible
co2_part1,MESSABEB(2017),co2,solubility_molality,423,51.3,0,6,0,3,0,0,0.1398812564,,T,fit-eligible
co2_part1,MESSABEB(2017),co2,xc_saltfree,423,102.7,0,6,0,3,0,0,0.004693863739,,T,fit-eligible
co2_part1,MESSABEB(2017),co2,solubility_molality,423,102.7,0,6,0,3,0,0,0.2617777798,,T,fit-eligible
co2_part1,MESSABEB(2017),co2,xc_saltfree,423,151.2,0,6,0,3,0,0,0.006225006559,,T,fit-eligible
co2_part1,MESSABEB(2017),co2,solubility_molality,423,151.2,0,6,0,3,0,0,0.3477048372,,T,fit-eligible
co2_part1,MESSABEB(2017),co2,xc_saltfree,423,199.6,0,6,0,3,0,0,0.007325934603,,T,fit-eligible
co2_part1,MESSABEB(2017),co2,solubility_molality,423,199.6,0,6,0,3,0,0,0.4096522508,,T,fit-eligible
co2_part1,MESSABEB(2017),co2,xc_saltfree,423,51,0,12,0,6,0,0,0.001563551478,,T,fit-eligible
co2_part1,MESSABEB(2017),co2,solubility_molality,423,51,0,12,0,6,0,0,0.08692620931,,T,fit-eligible
co2_part1,MESSABEB(2017),co2,xc_saltfree,423,104.8,0,12,0,6,0,0,0.002495755619,,T,fit-eligible
co2_part1,MESSABEB(2017),co2,solubility_molality,423,104.8,0,12,0,6,0,0,0.1388821045,,T,fit-eligible
co2_part1,MESSABEB(2017),co2,xc_saltfree,423,152.9,0,12,0,6,0,0,0.003229536302,,T,fit-eligible
co2_part1,MESSABEB(2017),co2,solubility_molality,423,152.9,0,12,0,6,0,0,0.1798473296,,T,fit-eligible
co2_part1,MESSABEB(2017),co2,xc_saltfree,423,198.6,0,12,0,6,0,0,0.00371216846,,T,fit-eligible
co2_part1,MESSABEB(2017),co2,solubility_molality,423,198.6,0,12,0,6,0,0,0.206824429,,T,fit-eligible
co2_part1,TONG(2013),co2,xc_saltfree,423,43.9,0,2,0,1,0,0,0.0039,,T,fit-eligible
co2_part1,TONG(2013),co2,solubility_molality,423,43.9,0,2,0,1,0,0,0.2173304856,,T,fit-eligible
co2_part1,TONG(2013),co2,xc_saltfree,423,127.7,0,2,0,1,0,0,0.01,,T,fit-eligible
co2_part1,TONG(2013),co2,solubility_molality,423,127.7,0,2,0,1,0,0,0.5606912633,,T,fit-eligible
co2_part1,TONG(2013),co2,xc_saltfree,423,268.2,0,2,0,1,0,0,0.0158,,T,fit-eligible
co2_part1,TONG(2013),co2,solubility_molality,423,268.2,0,2,0,1,0,0,0.8911128571,,T,fit-eligible
co2_part1,TONG(2013),co2,xc_saltfree,423,82.9,0,6,0,3,0,0,0.0038,,T,fit-eligible
co2_part1,TONG(2013),co2,solubility_molality,423,82.9,0,6,0,3,0,0,0.2117366525,,T,fit-eligible
co2_part1,TONG(2013),co2,xc_saltfree,423,271.1,0,6,0,3,0,0,0.0081,,T,fit-eligible
co2_part1,TONG(2013),co2,solubility_molality,423,271.1,0,6,0,3,0,0,0.4532899728,,T,fit-eligible
co2_part1,TONG(2013),co2,xc_saltfree,423,379.9,0,6,0,3,0,0,0.009,,T,fit-eligible
co2_part1,TONG(2013),co2,solubility_molality,423,379.9,0,6,0,3,0,0,0.5041129319,,T,fit-eligible
co2_part1,TONG(2013),co2,xc_saltfree,423,46.4,0,10,0,5,0,0,0.0014,,T,fit-eligible
co2_part1,TONG(2013),co2,solubility_molality,423,46.4,0,10,0,5,0,0,0.07782075815,,T,fit-eligible
co2_part1,TONG(2013),co2,xc_saltfree,423,105.3,0,10,0,5,0,0,0.0024,,T,fit-eligible
co2_part1,TONG(2013),co2,solubility_molality,423,105.3,0,10,0,5,0,0,0.1335407419,,T,fit-eligible
co2_part1,TONG(2013),co2,xc_saltfree,423,294.1,0,10,0,5,0,0,0.0048,,T,fit-eligible
co2_part1,TONG(2013),co2,solubility_molality,423,294.1,0,10,0,5,0,0,0.267725571,,T,fit-eligible
co2_part1,ZHAOb(2015),co2,xc_saltfree,423,150,0,1.34,0,0,0.67,0,0.01242566034,,T,fit-eligible
co2_part1,ZHAOb(2015),co2,solubility_molality,423,150,0,1.34,0,0,0.67,0,0.6984071299,,T,fit-eligible
co2_part1,ZHAOb(2015),co2,xc_saltfree,423,150,0,2,0,0,1,0,0.011001618,,R,fit-eligible
co2_part1,ZHAOb(2015),co2,solubility_molality,423,150,0,2,0,0,1,0,0.6174758316,,R,fit-eligible
co2_part1,ZHAOb(2015),co2,xc_saltfree,423,150,0,3.34,0,0,1.67,0,0.008353629029,,T,fit-eligible
co2_part1,ZHAOb(2015),co2,solubility_molality,423,150,0,3.34,0,0,1.67,0,0.467603057,,T,fit-eligible
co2_part1,ZHAOb(2015),co2,xc_saltfree,423,150,0,4,0,0,2,0,0.007680552523,,T,fit-eligible
co2_part1,ZHAOb(2015),co2,solubility_molality,423,150,0,4,0,0,2,0,0.4296352874,,T,fit-eligible
co2_part1,TEYMOURI(2017),co2,xc_saltfree,423,168.97,0,2.6,0,0,1.3,0,0.011,,T,fit-eligible
co2_part1,TEYMOURI(2017),co2,solubility_molality,423,168.97,0,2.6,0,0,1.3,0,0.6173840098,,T,fit-eligible
co2_part1,TEYMOURI(2017),co2,xc_saltfree,423,298.62,0,2.6,0,0,1.3,0,0.014,,T,fit-eligible
co2_part1,TEYMOURI(2017),co2,solubility_molality,423,298.62,0,2.6,0,0,1.3,0,0.788152222,,T,fit-eligible
co2_part1,TEYMOURI(2017),co2,xc_saltfree,423,415.72,0,2.6,0,0,1.3,0,0.0161,,T,fit-eligible
co2_part1,TEYMOURI(2017),co2,solubility_molality,423,415.72,0,2.6,0,0,1.3,0,0.9083095889,,T,fit-eligible
co2_part1,TEYMOURI(2017),co2,xc_saltfree,423,208.97,0,4.6,0,0,2.3,0,0.0089,,T,fit-eligible
co2_part1,TEYMOURI(2017),co2,solubility_molality,423,208.97,0,4.6,0,0,2.3,0,0.4984613783,,T,fit-eligible
co2_part1,TEYMOURI(2017),co2,xc_saltfree,423,342,0,4.6,0,0,2.3,0,0.011,,T,fit-eligible
co2_part1,TEYMOURI(2017),co2,solubility_molality,423,342,0,4.6,0,0,2.3,0,0.6173840098,,T,fit-eligible
co2_part1,TEYMOURI(2017),co2,xc_saltfree,423,447.52,0,4.6,0,0,2.3,0,0.0123,,T,fit-eligible
co2_part1,TEYMOURI(2017),co2,solubility_molality,423,447.52,0,4.6,0,0,2.3,0,0.6912562026,,T,fit-eligible
co2_part1,TEYMOURI(2017),co2,xc_saltfree,423,542.76,0,4.6,0,0,2.3,0,0.0132,,T,fit-eligible
co2_part1,TEYMOURI(2017),co2,solubility_molality,423,542.76,0,4.6,0,0,2.3,0,0.7425125079,,T,fit-eligible
co2_part1,TONG(2013),co2,xc_saltfree,423,39.5,0,2,0,0,1,0,0.0035,,T,fit-eligible
co2_part1,TONG(2013),co2,solubility_molality,423,39.5,0,2,0,0,1,0,0.1949618893,,T,fit-eligible
co2_part1,TONG(2013),co2,xc_saltfree,423,126.3,0,2,0,0,1,0,0.0098,,T,fit-eligible
co2_part1,TONG(2013),co2,solubility_molality,423,126.3,0,2,0,0,1,0,0.5493664549,,T,fit-eligible
co2_part1,TONG(2013),co2,xc_saltfree,423,197.4,0,2,0,0,1,0,0.0131,,R,fit-eligible
co2_part1,TONG(2013),co2,solubility_molality,423,197.4,0,2,0,0,1,0,0.7368127463,,R,fit-eligible
co2_part1,TONG(2013),co2,xc_saltfree,423,283.7,0,2,0,0,1,0,0.0161,,T,fit-eligible
co2_part1,TONG(2013),co2,solubility_molality,423,283.7,0,2,0,0,1,0,0.9083095889,,T,fit-eligible
co2_part1,TONG(2013),co2,xc_saltfree,423,76,0,6,0,0,3,0,0.0033,,T,fit-eligible
co2_part1,TONG(2013),co2,solubility_molality,423,76,0,6,0,0,3,0,0.183784324,,T,fit-eligible
co2_part1,TONG(2013),co2,xc_saltfree,423,192,0,6,0,0,3,0,0.0063,,T,fit-eligible
co2_part1,TONG(2013),co2,solubility_molality,423,192,0,6,0,0,3,0,0.3519202384,,T,fit-eligible
co2_part1,TONG(2013),co2,xc_saltfree,423,317.1,0,6,0,0,3,0,0.0079,,T,fit-eligible
co2_part1,TONG(2013),co2,solubility_molality,423,317.1,0,6,0,0,3,0,0.4420085042,,T,fit-eligible
co2_part1,TONG(2013),co2,xc_saltfree,423,47,0,10,0,0,5,0,0.0013,,T,fit-eligible
co2_part1,TONG(2013),co2,solubility_molality,423,47,0,10,0,0,5,0,0.07225489695,,T,fit-eligible
co2_part1,TONG(2013),co2,xc_saltfree,423,103.4,0,10,0,0,5,0,0.0023,,T,fit-eligible
co2_part1,TONG(2013),co2,solubility_molality,423,103.4,0,10,0,0,5,0,0.1279637172,,T,fit-eligible
co2_part1,TONG(2013),co2,xc_saltfree,423,161.8,0,10,0,0,5,0,0.0035,,T,fit-eligible
co2_part1,TONG(2013),co2,solubility_molality,423,161.8,0,10,0,0,5,0,0.1949618893,,T,fit-eligible
co2_part1,SANTOS(2021),co2,xc_saltfree,423,29.8,0,2,0,0,1,0,0.002513665563,,T,fit-eligible
co2_part1,SANTOS(2021),co2,solubility_molality,423,29.8,0,2,0,0,1,0,0.1398812564,,T,fit-eligible
co2_part1,SANTOS(2021),co2,xc_saltfree,423,49.7,0,2,0,0,1,0,0.00424787855,,T,fit-eligible
co2_part1,SANTOS(2021),co2,solubility_molality,423,49.7,0,2,0,0,1,0,0.236798984,,T,fit-eligible
co2_part1,SANTOS(2021),co2,xc_saltfree,423,101.1,0,2,0,0,1,0,0.00808805004,,T,fit-eligible
co2_part1,SANTOS(2021),co2,solubility_molality,423,101.1,0,2,0,0,1,0,0.4526157795,,T,fit-eligible
co2_part1,SANTOS(2021),co2,xc_saltfree,423,150.8,0,2,0,0,1,0,0.01101922381,,R,fit-eligible
co2_part1,SANTOS(2021),co2,solubility_molality,423,150.8,0,2,0,0,1,0,0.6184749835,,R,fit-eligible
co2_part1,SANTOS(2021),co2,xc_saltfree,423,200.2,0,2,0,0,1,0,0.0133727458,,R,fit-eligible
co2_part1,SANTOS(2021),co2,solubility_molality,423,200.2,0,2,0,0,1,0,0.7523613288,,R,fit-eligible
co2_part1,SANTOS(2021),co2,xc_saltfree,423,50.6,0,6,0,0,3,0,0.002370368006,,T,fit-eligible
co2_part1,SANTOS(2021),co2,solubility_molality,423,50.6,0,6,0,0,3,0,0.1318880417,,T,fit-eligible
co2_part1,SANTOS(2021),co2,xc_saltfree,423,101.5,0,6,0,0,3,0,0.004319263037,,T,fit-eligible
co2_part1,SANTOS(2021),co2,solubility_molality,423,101.5,0,6,0,0,3,0,0.2407955913,,T,fit-eligible
co2_part1,SANTOS(2021),co2,xc_saltfree,423,152.7,0,6,0,0,3,0,0.005798184985,,T,fit-eligible
co2_part1,SANTOS(2021),co2,solubility_molality,423,152.7,0,6,0,0,3,0,0.3237251933,,T,fit-eligible
co2_part1,SANTOS(2021),co2,xc_saltfree,423,202,0,6,0,0,3,0,0.007042057727,,T,fit-eligible
co2_part1,SANTOS(2021),co2,solubility_molality,423,202,0,6,0,0,3,0,0.3936658215,,T,fit-eligible
co2_part1,ZHAOb(2015),co2,xc_saltfree,423,150,1.34,0,0,0,0,0.67,0.0126187326,,T,fit-eligible
co2_part1,ZHAOb(2015),co2,solubility_molality,423,150,1.34,0,0,0,0,0.67,0.7093978001,,T,fit-eligible
co2_part1,ZHAOb(2015),co2,xc_saltfree,423,150,2,0,0,0,0,1,0.0108783598,,R,fit-eligible
co2_part1,ZHAOb(2015),co2,solubility_molality,423,150,2,0,0,0,0,1,0.6104817688,,R,fit-eligible
co2_part1,ZHAOb(2015),co2,xc_saltfree,423,150,3.34,0,0,0,0,1.67,0.007928634354,,T,fit-eligible
co2_part1,ZHAOb(2015),co2,solubility_molality,423,150,3.34,0,0,0,0,1.67,0.443623413,,T,fit-eligible
co2_part1,ZHAOb(2015),co2,xc_saltfree,423,150,4,0,0,0,0,2,0.006953312903,,R,fit-eligible
co2_part1,ZHAOb(2015),co2,solubility_molality,423,150,4,0,0,0,0,2,0.3886700623,,R,fit-eligible
co2_part1,SANTOS(2020),co2,xc_saltfree,423,16.2,2,0,0,0,0,1,0.001078834858,,T,fit-eligible
co2_part1,SANTOS(2020),co2,solubility_molality,423,16.2,2,0,0,0,0,1,0.05994910987,,T,fit-eligible
co2_part1,SANTOS(2020),co2,xc_saltfree,423,31.4,2,0,0,0,0,1,0.00254948352,,T,fit-eligible
co2_part1,SANTOS(2020),co2,solubility_molality,423,31.4,2,0,0,0,0,1,0.14187956,,T,fit-eligible
co2_part1,SANTOS(2020),co2,xc_saltfree,423,51.5,2,0,0,0,0,1,0.004265725631,,T,fit-eligible
co2_part1,SANTOS(2020),co2,solubility_molality,423,51.5,2,0,0,0,0,1,0.2377981358,,T,fit-eligible
co2_part1,SANTOS(2020),co2,xc_saltfree,423,101.5,2,0,0,0,0,1,0.008212004602,,T,fit-eligible
co2_part1,SANTOS(2020),co2,solubility_molality,423,101.5,2,0,0,0,0,1,0.4596098423,,T,fit-eligible
co2_part1,SANTOS(2020),co2,xc_saltfree,423,151.5,2,0,0,0,0,1,0.01114244691,,R,fit-eligible
co2_part1,SANTOS(2020),co2,solubility_molality,423,151.5,2,0,0,0,0,1,0.6254690463,,R,fit-eligible
co2_part1,SANTOS(2020),co2,xc_saltfree,423,201.4,2,0,0,0,0,1,0.01286435177,,T,fit-eligible
co2_part1,SANTOS(2020),co2,solubility_molality,423,201.4,2,0,0,0,0,1,0.7233859257,,T,fit-eligible
co2_part1,SANTOS(2020),co2,xc_saltfree,423,16.2,4,0,0,0,0,2,0.000845284889,,T,fit-eligible
co2_part1,SANTOS(2020),co2,solubility_molality,423,16.2,4,0,0,0,0,2,0.04696013606,,T,fit-eligible
co2_part1,SANTOS(2020),co2,xc_saltfree,423,31.2,4,0,0,0,0,2,0.001760893783,,T,fit-eligible
co2_part1,SANTOS(2020),co2,solubility_molality,423,31.2,4,0,0,0,0,2,0.09791687945,,T,fit-eligible
co2_part1,SANTOS(2020),co2,xc_saltfree,423,51.5,4,0,0,0,0,2,0.002943311345,,T,fit-eligible
co2_part1,SANTOS(2020),co2,solubility_molality,423,51.5,4,0,0,0,0,2,0.1638609003,,T,fit-eligible
co2_part1,SANTOS(2020),co2,xc_saltfree,423,101.6,4,0,0,0,0,2,0.005335381016,,T,fit-eligible
co2_part1,SANTOS(2020),co2,solubility_molality,423,101.6,4,0,0,0,0,2,0.2977472457,,T,fit-eligible
co2_part1,SANTOS(2020),co2,xc_saltfree,423,151.5,4,0,0,0,0,2,0.007113042166,,R,fit-eligible
co2_part1,SANTOS(2020),co2,solubility_molality,423,151.5,4,0,0,0,0,2,0.3976624288,,R,fit-eligible
co2_part1,SANTOS(2020),co2,xc_saltfree,423,201.7,4,0,0,0,0,2,0.008530602694,,T,fit-eligible
co2_part1,SANTOS(2020),co2,solubility_molality,423,201.7,4,0,0,0,0,2,0.4775945753,,T,fit-eligible
ch4_part1,STOESSELL(1982),ch4,solubility_molality,298,24.1,0.5,0.5,0,0,0,0,0.0284,,T,fit-eligible
ch4_part1,STOESSELL(1982),ch4,solubility_molality,298,37.9,0.5,0.5,0,0,0,0,0.0412,,T,fit-eligible
ch4_part1,STOESSELL(1982),ch4,solubility_molality,298,51.7,0.5,0.5,0,0,0,0,0.0539,,T,fit-eligible
ch4_part1,STOESSELL(1982),ch4,solubility_molality,298,24.1,1,1,0,0,0,0,0.0244,,T,fit-eligible
ch4_part1,STOESSELL(1982),ch4,solubility_molality,298,37.9,1,1,0,0,0,0,0.0352,,T,fit-eligible
ch4_part1,STOESSELL(1982),ch4,solubility_molality,298,51.7,1,1,0,0,0,0,0.0464,,T,fit-eligible
ch4_part1,STOESSELL(1982),ch4,solubility_molality,298,24.1,2,2,0,0,0,0,0.018,,T,fit-eligible
ch4_part1,STOESSELL(1982),ch4,solubility_molality,298,37.9,2,2,0,0,0,0,0.0272,,T,fit-eligible
ch4_part1,STOESSELL(1982),ch4,solubility_molality,298,51.7,2,2,0,0,0,0,0.0347,,T,fit-eligible
ch4_part1,STOESSELL(1982),ch4,solubility_molality,298,24.1,4,4,0,0,0,0,0.0106,,T,fit-eligible
ch4_part1,STOESSELL(1982),ch4,solubility_molality,298,37.9,4,4,0,0,0,0,0.0186,,T,fit-eligible
ch4_part1,STOESSELL(1982),ch4,solubility_molality,298,51.7,4,4,0,0,0,0,0.0206,,T,fit-eligible
ch4_part1,SUSAK(1980),ch4,solubility_molality,298,68.9,0.9,0.9,0,0,0,0,0.05878,,T,fit-eligible
ch4_part1,SUSAK(1980),ch4,solubility_molality,298,172.4,0.9,0.9,0,0,0,0,0.11128,,T,fit-eligible
ch4_part1,SUSAK(1980),ch4,solubility_molality,298,344.7,0.9,0.9,0,0,0,0,0.1663,,T,fit-eligible
ch4_part1,SUSAK(1980),ch4,solubility_molality,298,689.5,0.9,0.9,0,0,0,0,0.23325,,T,fit-eligible
ch4_part1,SUSAK(1980),ch4,solubility_molality,298,1034.2,0.9,0.9,0,0,0,0,0.27719,,T,fit-eligible
ch4_part1,SUSAK(1980),ch4,solubility_molality,298,1379,0.9,0.9,0,0,0,0,0.31022,,T,fit-eligible
ch4_part1,SUSAK(1980),ch4,solubility_molality,298,68.9,1.9,1.9,0,0,0,0,0.04367,,T,fit-eligible
ch4_part1,SUSAK(1980),ch4,solubility_molality,298,172.4,1.9,1.9,0,0,0,0,0.08267,,T,fit-eligible
ch4_part1,SUSAK(1980),ch4,solubility_molality,298,344.7,1.9,1.9,0,0,0,0,0.12354,,T,fit-eligible
ch4_part1,SUSAK(1980),ch4,solubility_molality,298,689.5,1.9,1.9,0,0,0,0,0.17327,,T,fit-eligible
ch4_part1,SUSAK(1980),ch4,solubility_molality,298,1034.2,1.9,1.9,0,0,0,0,0.20592,,T,fit-eligible
ch4_part1,SUSAK(1980),ch4,solubility_molality,298,1379,1.9,1.9,0,0,0,0,0.23046,,T,fit-eligible
ch4_part1,SUSAK(1980),ch4,solubility_molality,298,68.9,3.02,3.02,0,0,0,0,0.03133,,T,fit-eligible
ch4_part1,SUSAK(1980),ch4,solubility_molality,298,172.4,3.02,3.02,0,0,0,0,0.0593,,T,fit-eligible
ch4_part1,SUSAK(1980),ch4,solubility_molality,298,344.7,3.02,3.02,0,0,0,0,0.08862,,T,fit-eligible
ch4_part1,SUSAK(1980),ch4,solubility_molality,298,689.5,3.02,3.02,0,0,0,0,0.1243,,T,fit-eligible
ch4_part1,SUSAK(1980),ch4,solubility_molality,298,1034.2,3.02,3.02,0,0,0,0,0.14772,,T,fit-eligible
ch4_part1,SUSAK(1980),ch4,solubility_molality,298,1379,3.02,3.02,0,0,0,0,0.16532,,T,fit-eligible
ch4_part1,SUSAK(1980),ch4,solubility_molality,298,68.9,4.27,4.27,0,0,0,0,0.02156,,T,fit-eligible
ch4_part1,SUSAK(1980),ch4,solubility_molality,298,172.4,4.27,4.27,0,0,0,0,0.04081,,T,fit-eligible
ch4_part1,SUSAK(1980),ch4,solubility_molality,298,344.7,4.27,4.27,0,0,0,0,0.06099,,T,fit-eligible
ch4_part1,SUSAK(1980),ch4,solubility_molality,298,689.5,4.27,4.27,0,0,0,0,0.08554,,T,fit-eligible
ch4_part1,SUSAK(1980),ch4,solubility_molality,298,1034.2,4.27,4.27,0,0,0,0,0.10165,,T,fit-eligible
ch4_part1,SUSAK(1980),ch4,solubility_molality,298,1379,4.27,4.27,0,0,0,0,0.11377,,T,fit-eligible
ch4_part1,STOESSELL(1982),ch4,solubility_molality,298,24.1,0,0.5,0.5,0,0,0,0.0282,,T,fit-eligible
ch4_part1,STOESSELL(1982),ch4,solubility_molality,298,37.9,0,0.5,0.5,0,0,0,0.0416,,T,fit-eligible
ch4_part1,STOESSELL(1982),ch4,solubility_molality,298,51.7,0,0.5,0.5,0,0,0,0.0545,,T,fit-eligible
ch4_part1,STOESSELL(1982),ch4,solubility_molality,298,24.1,0,1,1,0,0,0,0.0247,,T,fit-eligible
ch4_part1,STOESSELL(1982),ch4,solubility_molality,298,37.9,0,1,1,0,0,0,0.0359,,T,fit-eligible
ch4_part1,STOESSELL(1982),ch4,solubility_molality,298,51.7,0,1,1,0,0,0,0.0475,,T,fit-eligible
ch4_part1,STOESSELL(1982),ch4,solubility_molality,298,24.1,0,2,2,0,0,0,0.0194,,T,fit-eligible
ch4_part1,STOESSELL(1982),ch4,solubility_molality,298,37.9,0,2,2,0,0,0,0.0289,,T,fit-eligible
ch4_part1,STOESSELL(1982),ch4,solubility_molality,298,51.7,0,2,2,0,0,0,0.037,,T,fit-eligible
ch4_part1,STOESSELL(1982),ch4,solubility_molality,298,24.1,0,4,4,0,0,0,0.0126,,T,fit-eligible
ch4_part1,STOESSELL(1982),ch4,solubility_molality,298,37.9,0,4,4,0,0,0,0.0186,,T,fit-eligible
ch4_part1,STOESSELL(1982),ch4,solubility_molality,298,51.7,0,4,4,0,0,0,0.0245,,T,fit-eligible
ch4_part1,BLANCO(1977),ch4,solubility_molality,298,101.3,0,2,0,1,0,0,0.06049176083,,T,fit-eligible
ch4_part1,BLANCO(1977),ch4,solubility_molality,298,202.6,0,2,0,1,0,0,0.09331034565,,T,fit-eligible
ch4_part1,BLANCO(1977),ch4,solubility_molality,298,303.9,0,2,0,1,0,0,0.1147591355,,T,fit-eligible
ch4_part1,BLANCO(1977),ch4,solubility_molality,298,405.2,0,2,0,1,0,0,0.1292238843,,T,fit-eligible
ch4_part1,BLANCO(1977),ch4,solubility_molality,298,506.5,0,2,0,1,0,0,0.1450491943,,T,fit-eligible
ch4_part1,BLANCO(1977),ch4,solubility_molality,298,607.8,0,2,0,1,0,0,0.1597055101,,T,fit-eligible
ch4_part1,STOESSELL(1982),ch4,solubility_molality,298,24.1,0,1,0,0.5,0,0,0.025,,T,fit-eligible
ch4_part1,STOESSELL(1982),ch4,solubility_molality,298,37.9,0,1,0,0.5,0,0,0.0375,,T,fit-eligible
ch4_part1,STOESSELL(1982),ch4,solubility_molality,298,51.7,0,1,0,0.5,0,0,0.0485,,T,fit-eligible
ch4_part1,STOESSELL(1982),ch4,solubility_molality,298,24.1,0,2,0,1,0,0,0.0191,,T,fit-eligible
ch4_part1,STOESSELL(1982),ch4,solubility_molality,298,37.9,0,2,0,1,0,0,0.0295,,T,fit-eligible
ch4_part1,STOESSELL(1982),ch4,solubility_molality,298,51.7,0,2,0,1,0,0,0.0379,,T,fit-eligible
ch4_part1,STOESSELL(1982),ch4,solubility_molality,298,24.1,0,4,0,2,0,0,0.012,,T,fit-eligible
ch4_part1,STOESSELL(1982),ch4,solubility_molality,298,37.9,0,4,0,2,0,0,0.0179,,T,fit-eligible
ch4_part1,STOESSELL(1982),ch4,solubility_molality,298,51.7,0,4,0,2,0,0,0.0236,,T,fit-eligible
ch4_part1,STOESSELL(1982),ch4,solubility_molality,298,24.1,0,1,0,0,0.5,0,0.0257,,T,fit-eligible
ch4_part1,STOESSELL(1982),ch4,solubility_molality,298,37.9,0,1,0,0,0.5,0,0.0376,,T,fit-eligible
ch4_part1,STOESSELL(1982),ch4,solubility_molality,298,51.7,0,1,0,0,0.5,0,0.0485,,T,fit-eligible
ch4_part1,STOESSELL(1982),ch4,solubility_molality,298,24.1,0,2,0,0,1,0,0.0199,,T,fit-eligible
ch4_part1,STOESSELL(1982),ch4,solubility_molality,298,37.9,0,2,0,0,1,0,0.03,,T,fit-eligible
ch4_part1,STOESSELL(1982),ch4,solubility_molality,298,51.7,0,2,0,0,1,0,0.039,,T,fit-eligible
ch4_part1,STOESSELL(1982),ch4,solubility_molality,298,24.1,0,4.32,0,0,2.16,0,0.0128,,T,fit-eligible
ch4_part1,STOESSELL(1982),ch4,solubility_molality,298,37.9,0,4.32,0,0,2.16,0,0.0185,,T,fit-eligible
ch4_part1,STOESSELL(1982),ch4,solubility_molality,298,51.7,0,4.32,0,0,2.16,0,0.0237,,T,fit-eligible
ch4_part1,STOESSELL(1982),ch4,solubility_molality,298,24.1,1,0,0,0,0,0.5,0.0211,,T,fit-eligible
ch4_part1,STOESSELL(1982),ch4,solubility_molality,298,37.9,1,0,0,0,0,0.5,0.0311,,T,fit-eligible
ch4_part1,STOESSELL(1982),ch4,solubility_molality,298,51.7,1,0,0,0,0,0.5,0.0407,,T,fit-eligible
ch4_part1,STOESSELL(1982),ch4,solubility_molality,298,24.1,2,0,0,0,0,1,0.0135,,T,fit-eligible
ch4_part1,STOESSELL(1982),ch4,solubility_molality,298,37.9,2,0,0,0,0,1,0.0208,,T,fit-eligible
ch4_part1,STOESSELL(1982),ch4,solubility_molality,298,51.7,2,0,0,0,0,1,0.0277,,T,fit-eligible
ch4_part1,STOESSELL(1982),ch4,solubility_molality,298,24.1,0,0,0,0,0.5,0.5,0.0233,,T,fit-eligible
ch4_part1,STOESSELL(1982),ch4,solubility_molality,298,37.9,0,0,0,0,0.5,0.5,0.0352,,T,fit-eligible
ch4_part1,STOESSELL(1982),ch4,solubility_molality,298,51.7,0,0,0,0,0.5,0.5,0.0472,,T,fit-eligible
ch4_part1,STOESSELL(1982),ch4,solubility_molality,298,24.1,0,0,0,0,1,1,0.0174,,T,fit-eligible
ch4_part1,STOESSELL(1982),ch4,solubility_molality,298,37.9,0,0,0,0,1,1,0.0261,,T,fit-eligible
ch4_part1,STOESSELL(1982),ch4,solubility_molality,298,51.7,0,0,0,0,1,1,0.0342,,T,fit-eligible
ch4_part1,STOESSELL(1982),ch4,solubility_molality,298,24.1,0,0,0,0,1.5,1.5,0.0128,,T,fit-eligible
ch4_part1,STOESSELL(1982),ch4,solubility_molality,298,37.9,0,0,0,0,1.5,1.5,0.0192,,T,fit-eligible
ch4_part1,STOESSELL(1982),ch4,solubility_molality,298,51.7,0,0,0,0,1.5,1.5,0.0253,,T,fit-eligible
ch4_part1,KIEPE(2003),ch4,solubility_molality,313,4.8,0,1,1,0,0,0,0.005000450041,,T,fit-eligible
ch4_part1,KIEPE(2003),ch4,solubility_molality,313,9,0,1,1,0,0,0,0.01000180032,,T,fit-eligible
ch4_part1,KIEPE(2003),ch4,solubility_molality,313,12.2,0,1,1,0,0,0,0.0133365341,,T,fit-eligible
ch4_part1,KIEPE(2003),ch4,solubility_molality,313,15.9,0,1,1,0,0,0,0.01722756277,,T,fit-eligible
ch4_part1,KIEPE(2003),ch4,solubility_molality,313,31.8,0,1,1,0,0,0,0.03279712808,,T,fit-eligible
ch4_part1,KIEPE(2003),ch4,solubility_molality,313,43.1,0,1,1,0,0,0,0.04336715972,,T,fit-eligible
ch4_part1,KIEPE(2003),ch4,solubility_molality,313,57.9,0,1,1,0,0,0,0.05672452568,,T,fit-eligible
ch4_part1,KIEPE(2003),ch4,solubility_molality,313,65.3,0,1,1,0,0,0,0.06340561574,,T,fit-eligible
ch4_part1,KIEPE(2003),ch4,solubility_molality,313,77,0,1,1,0,0,0,0.07287324172,,T,fit-eligible
ch4_part1,KIEPE(2003),ch4,solubility_molality,313,91.8,0,1,1,0,0,0,0.0845729954,,T,fit-eligible
ch4_part1,KIEPE(2003),ch4,solubility_molality,313,4.2,0,2.5,2.5,0,0,0,0.00388916113,,T,fit-eligible
ch4_part1,KIEPE(2003),ch4,solubility_molality,313,8,0,2.5,2.5,0,0,0,0.007778866819,,T,fit-eligible
ch4_part1,KIEPE(2003),ch4,solubility_molality,313,11.3,0,2.5,2.5,0,0,0,0.01055756149,,T,fit-eligible
ch4_part1,KIEPE(2003),ch4,solubility_molality,313,16.2,0,2.5,2.5,0,0,0,0.01555991233,,T,fit-eligible
ch4_part1,KIEPE(2003),ch4,solubility_molality,313,29.9,0,2.5,2.5,0,0,0,0.02779167361,,T,fit-eligible
ch4_part1,KIEPE(2003),ch4,solubility_molality,313,42.6,0,2.5,2.5,0,0,0,0.0383598016,,T,fit-eligible
ch4_part1,KIEPE(2003),ch4,solubility_molality,313,60.2,0,2.5,2.5,0,0,0,0.0522713573,,T,fit-eligible
ch4_part1,KIEPE(2003),ch4,solubility_molality,313,70.9,0,2.5,2.5,0,0,0,0.05950811813,,T,fit-eligible
ch4_part1,KIEPE(2003),ch4,solubility_molality,313,82,0,2.5,2.5,0,0,0,0.06786056767,,T,fit-eligible
ch4_part1,KIEPE(2003),ch4,solubility_molality,313,93.4,0,2.5,2.5,0,0,0,0.07565845105,,T,fit-eligible
ch4_part1,KIEPE(2003),ch4,solubility_molality,313,4.4,0,4,4,0,0,0,0.00388916113,,T,fit-eligible
ch4_part1,KIEPE(2003),ch4,solubility_molality,313,9.3,0,4,4,0,0,0,0.008334583521,,T,fit-eligible
ch4_part1,KIEPE(2003),ch4,solubility_molality,313,12.2,0,4,4,0,0,0,0.01111333378,,T,fit-eligible
ch4_part1,KIEPE(2003),ch4,solubility_molality,313,14.8,0,4,4,0,0,0,0.0133365341,,T,fit-eligible
ch4_part1,KIEPE(2003),ch4,solubility_molality,313,30.9,0,4,4,0,0,0,0.02667947281,,T,fit-eligible
ch4_part1,KIEPE(2003),ch4,solubility_molality,313,43.4,0,4,4,0,0,0,0.03669088265,,T,fit-eligible
ch4_part1,KIEPE(2003),ch4,solubility_molality,313,60.6,0,4,4,0,0,0,0.0494884892,,T,fit-eligible
ch4_part1,KIEPE(2003),ch4,solubility_molality,313,68.2,0,4,4,0,0,0,0.05449785234,,T,fit-eligible
ch4_part1,KIEPE(2003),ch4,solubility_molality,313,77.6,0,4,4,0,0,0,0.06117840736,,T,fit-eligible
ch4_part1,KIEPE(2003),ch4,solubility_molality,313,87.4,0,4,4,0,0,0,0.06730365965,,T,fit-eligible
ch4_part1,SUSAK(1980),ch4,solubility_molality,318,68.9,0.9,0.9,0,0,0,0,0.04544,,T,fit-eligible
ch4_part1,SUSAK(1980),ch4,solubility_molality,318,172.4,0.9,0.9,0,0,0,0,0.08797,,T,fit-eligible
ch4_part1,SUSAK(1980),ch4,solubility_molality,318,344.7,0.9,0.9,0,0,0,0,0.13363,,T,fit-eligible
ch4_part1,SUSAK(1980),ch4,solubility_molality,318,689.5,0.9,0.9,0,0,0,0,0.19012,,T,fit-eligible
ch4_part1,SUSAK(1980),ch4,solubility_molality,318,1034.2,0.9,0.9,0,0,0,0,0.22756,,T,fit-eligible
ch4_part1,SUSAK(1980),ch4,solubility_molality,318,1379,0.9,0.9,0,0,0,0,0.25585,,T,fit-eligible
ch4_part1,SUSAK(1980),ch4,solubility_molality,318,68.9,1.9,1.9,0,0,0,0,0.03375,,T,fit-eligible
ch4_part1,SUSAK(1980),ch4,solubility_molality,318,172.4,1.9,1.9,0,0,0,0,0.06535,,T,fit-eligible
ch4_part1,SUSAK(1980),ch4,solubility_molality,318,344.7,1.9,1.9,0,0,0,0,0.09927,,T,fit-eligible
ch4_part1,SUSAK(1980),ch4,solubility_molality,318,689.5,1.9,1.9,0,0,0,0,0.14124,,T,fit-eligible
ch4_part1,SUSAK(1980),ch4,solubility_molality,318,1034.2,1.9,1.9,0,0,0,0,0.16905,,T,fit-eligible
ch4_part1,SUSAK(1980),ch4,solubility_molality,318,1379,1.9,1.9,0,0,0,0,0.19006,,T,fit-eligible
ch4_part1,SUSAK(1980),ch4,solubility_molality,318,68.9,3.02,3.02,0,0,0,0,0.02421,,T,fit-eligible
ch4_part1,SUSAK(1980),ch4,solubility_molality,318,172.4,3.02,3.02,0,0,0,0,0.04688,,T,fit-eligible
ch4_part1,SUSAK(1980),ch4,solubility_molality,318,344.7,3.02,3.02,0,0,0,0,0.07121,,T,fit-eligible
ch4_part1,SUSAK(1980),ch4,solubility_molality,318,689.5,3.02,3.02,0,0,0,0,0.10132,,T,fit-eligible
ch4_part1,SUSAK(1980),ch4,solubility_molality,318,1034.2,3.02,3.02,0,0,0,0,0.12127,,T,fit-eligible
ch4_part1,SUSAK(1980),ch4,solubility_molality,318,1379,3.02,3.02,0,0,0,0,0.13634,,T,fit-eligible
ch4_part1,SUSAK(1980),ch4,solubility_molality,318,68.9,4.27,4.27,0,0,0,0,0.01666,,T,fit-eligible
ch4_part1,SUSAK(1980),ch4,solubility_molality,318,172.4,4.27,4.27,0,0,0,0,0.03226,,T,fit-eligible
ch4_part1,SUSAK(1980),ch4,solubility_molality,318,344.7,4.27,4.27,0,0,0,0,0.04901,,T,fit-eligible
ch4_part1,SUSAK(1980),ch4,solubility_molality,318,689.5,4.27,4.27,0,0,0,0,0.06972,,T,fit-eligible
ch4_part1,SUSAK(1980),ch4,solubility_molality,318,1034.2,4.27,4.27,0,0,0,0,0.08345,,T,fit-eligible
ch4_part1,SUSAK(1980),ch4,solubility_molality,318,1379,4.27,4.27,0,0,0,0,0.09383,,T,fit-eligible
ch4_part1,OSULLIVAN(1969),ch4,solubility_molality,323,101.3,1,1,0,0,0,0,0.06092,,T,fit-eligible
ch4_part1,OSULLIVAN(1969),ch4,solubility_molality,323,202.6,1,1,0,0,0,0,0.09602,,T,fit-eligible
ch4_part1,OSULLIVAN(1969),ch4,solubility_molality,323,303.9,1,1,0,0,0,0,0.12117,,T,fit-eligible
ch4_part1,OSULLIVAN(1969),ch4,solubility_molality,323,405.2,1,1,0,0,0,0,0.14174,,T,fit-eligible
ch4_part1,OSULLIVAN(1969),ch4,solubility_molality,323,506.5,1,1,0,0,0,0,0.15823,,T,fit-eligible
ch4_part1,OSULLIVAN(1969),ch4,solubility_molality,323,607.8,1,1,0,0,0,0,0.17416,,T,fit-eligible
ch4_part1,OSULLIVAN(1969),ch4,solubility_molality,323,202.6,4,4,0,0,0,0,0.04798,,T,fit-eligible
ch4_part1,OSULLIVAN(1969),ch4,solubility_molality,323,303.9,4,4,0,0,0,0,0.05944,,T,fit-eligible
ch4_part1,OSULLIVAN(1969),ch4,solubility_molality,323,405.2,4,4,0,0,0,0,0.06881,,T,fit-eligible
ch4_part1,OSULLIVAN(1969),ch4,solubility_molality,323,506.5,4,4,0,0,0,0,0.0777,,T,fit-eligible
ch4_part1,OSULLIVAN(1969),ch4,solubility_molality,323,607.8,4,4,0,0,0,0,0.08612,,T,fit-eligible
ch4_part1,BLANCO(1977),ch4,solubility_molality,323,101.3,0,2,0,1,0,0,0.048876096,,T,fit-eligible
ch4_part1,BLANCO(1977),ch4,solubility_molality,323,202.6,0,2,0,1,0,0,0.07974400741,,T,fit-eligible
ch4_part1,BLANCO(1977),ch4,solubility_molality,323,303.9,0,2,0,1,0,0,0.1011241158,,T,fit-eligible
ch4_part1,BLANCO(1977),ch4,solubility_molality,323,405.2,0,2,0,1,0,0,0.1175809656,,T,fit-eligible
ch4_part1,BLANCO(1977),ch4,solubility_molality,323,506.5,0,2,0,1,0,0,0.130988366,,T,fit-eligible
ch4_part1,BLANCO(1977),ch4,solubility_molality,323,607.8,0,2,0,1,0,0,0.1441076732,,T,fit-eligible
ch4_part1,SUSAK(1980),ch4,solubility_molality,333,68.9,0.9,0.9,0,0,0,0,0.04002,,T,fit-eligible
ch4_part1,SUSAK(1980),ch4,solubility_molality,333,172.4,0.9,0.9,0,0,0,0,0.0798,,T,fit-eligible
ch4_part1,SUSAK(1980),ch4,solubility_molality,333,344.7,0.9,0.9,0,0,0,0,0.12397,,T,fit-eligible
ch4_part1,SUSAK(1980),ch4,solubility_molality,333,689.5,0.9,0.9,0,0,0,0,0.17995,,T,fit-eligible
ch4_part1,SUSAK(1980),ch4,solubility_molality,333,1034.2,0.9,0.9,0,0,0,0,0.21757,,T,fit-eligible
ch4_part1,SUSAK(1980),ch4,solubility_molality,333,1379,0.9,0.9,0,0,0,0,0.24621,,T,fit-eligible
ch4_part1,SUSAK(1980),ch4,solubility_molality,333,68.9,1.9,1.9,0,0,0,0,0.02973,,T,fit-eligible
ch4_part1,SUSAK(1980),ch4,solubility_molality,333,172.4,1.9,1.9,0,0,0,0,0.05928,,T,fit-eligible
ch4_part1,SUSAK(1980),ch4,solubility_molality,333,344.7,1.9,1.9,0,0,0,0,0.0921,,T,fit-eligible
ch4_part1,SUSAK(1980),ch4,solubility_molality,333,689.5,1.9,1.9,0,0,0,0,0.13368,,T,fit-eligible
ch4_part1,SUSAK(1980),ch4,solubility_molality,333,1034.2,1.9,1.9,0,0,0,0,0.16153,,T,fit-eligible
ch4_part1,SUSAK(1980),ch4,solubility_molality,333,1379,1.9,1.9,0,0,0,0,0.1857,,T,fit-eligible
ch4_part1,SUSAK(1980),ch4,solubility_molality,333,68.9,3.02,3.02,0,0,0,0,0.02133,,T,fit-eligible
ch4_part1,SUSAK(1980),ch4,solubility_molality,333,172.4,3.02,3.02,0,0,0,0,0.04253,,T,fit-eligible
ch4_part1,SUSAK(1980),ch4,solubility_molality,333,344.7,3.02,3.02,0,0,0,0,0.06607,,T,fit-eligible
ch4_part1,SUSAK(1980),ch4,solubility_molality,333,689.5,3.02,3.02,0,0,0,0,0.09589,,T,fit-eligible
ch4_part1,SUSAK(1980),ch4,solubility_molality,333,1034.2,3.02,3.02,0,0,0,0,0.11595,,T,fit-eligible
ch4_part1,SUSAK(1980),ch4,solubility_molality,333,1379,3.02,3.02,0,0,0,0,0.1312,,T,fit-eligible
ch4_part1,SUSAK(1980),ch4,solubility_molality,333,68.9,4.27,4.27,0,0,0,0,0.01468,,T,fit-eligible
ch4_part1,SUSAK(1980),ch4,solubility_molality,333,172.4,4.27,4.27,0,0,0,0,0.02927,,T,fit-eligible
ch4_part1,SUSAK(1980),ch4,solubility_molality,333,344.7,4.27,4.27,0,0,0,0,0.04546,,T,fit-eligible
ch4_part1,SUSAK(1980),ch4,solubility_molality,333,689.5,4.27,4.27,0,0,0,0,0.06599,,T,fit-eligible
ch4_part1,SUSAK(1980),ch4,solubility_molality,333,1034.2,4.27,4.27,0,0,0,0,0.07979,,T,fit-eligible
ch4_part1,SUSAK(1980),ch4,solubility_molality,333,1379,4.27,4.27,0,0,0,0,0.09029,,T,fit-eligible
ch4_part1,BLANCO(1977),ch4,solubility_molality,343,101.3,0,2,0,1,0,0,0.04611951828,,T,fit-eligible
ch4_part1,BLANCO(1977),ch4,solubility_molality,343,202.6,0,2,0,1,0,0,0.07539940808,,T,fit-eligible
ch4_part1,BLANCO(1977),ch4,solubility_molality,343,303.9,0,2,0,1,0,0,0.0976575999,,T,fit-eligible
ch4_part1,BLANCO(1977),ch4,solubility_molality,343,405.2,0,2,0,1,0,0,0.1151706355,,T,fit-eligible
ch4_part1,BLANCO(1977),ch4,solubility_molality,343,506.5,0,2,0,1,0,0,0.12998848,,T,fit-eligible
ch4_part1,BLANCO(1977),ch4,solubility_molality,343,607.8,0,2,0,1,0,0,0.1434015522,,T,fit-eligible
ch4_part1,SUSAK(1980),ch4,solubility_molality,348,68.9,0.9,0.9,0,0,0,0,0.03782,,T,fit-eligible
ch4_part1,SUSAK(1980),ch4,solubility_molality,348,172.4,0.9,0.9,0,0,0,0,0.07718,,T,fit-eligible
ch4_part1,SUSAK(1980),ch4,solubility_molality,348,344.7,0.9,0.9,0,0,0,0,0.1221,,T,fit-eligible
ch4_part1,SUSAK(1980),ch4,solubility_molality,348,689.5,0.9,0.9,0,0,0,0,0.18018,,T,fit-eligible
ch4_part1,SUSAK(1980),ch4,solubility_molality,348,1034.2,0.9,0.9,0,0,0,0,0.21971,,T,fit-eligible
ch4_part1,SUSAK(1980),ch4,solubility_molality,348,1379,0.9,0.9,0,0,0,0,0.24997,,T,fit-eligible
ch4_part1,SUSAK(1980),ch4,solubility_molality,348,68.9,1.9,1.9,0,0,0,0,0.0281,,T,fit-eligible
ch4_part1,SUSAK(1980),ch4,solubility_molality,348,172.4,1.9,1.9,0,0,0,0,0.05734,,T,fit-eligible
ch4_part1,SUSAK(1980),ch4,solubility_molality,348,344.7,1.9,1.9,0,0,0,0,0.09071,,T,fit-eligible
ch4_part1,SUSAK(1980),ch4,solubility_molality,348,689.5,1.9,1.9,0,0,0,0,0.13385,,T,fit-eligible
ch4_part1,SUSAK(1980),ch4,solubility_molality,348,1034.2,1.9,1.9,0,0,0,0,0.16322,,T,fit-eligible
ch4_part1,SUSAK(1980),ch4,solubility_molality,348,1379,1.9,1.9,0,0,0,0,0.1857,,T,fit-eligible
ch4_part1,SUSAK(1980),ch4,solubility_molality,348,68.9,3.02,3.02,0,0,0,0,0.02015,,T,fit-eligible
ch4_part1,SUSAK(1980),ch4,solubility_molality,348,172.4,3.02,3.02,0,0,0,0,0.04113,,T,fit-eligible
ch4_part1,SUSAK(1980),ch4,solubility_molality,348,344.7,3.02,3.02,0,0,0,0,0.06507,,T,fit-eligible
ch4_part1,SUSAK(1980),ch4,solubility_molality,348,689.5,3.02,3.02,0,0,0,0,0.09602,,T,fit-eligible
ch4_part1,SUSAK(1980),ch4,solubility_molality,348,1034.2,3.02,3.02,0,0,0,0,0.11708,,T,fit-eligible
ch4_part1,SUSAK(1980),ch4,solubility_molality,348,1379,3.02,3.02,0,0,0,0,0.13321,,T,fit-eligible
ch4_part1,SUSAK(1980),ch4,solubility_molality,348,68.9,4.27,4.27,0,0,0,0,0.01387,,T,fit-eligible
ch4_part1,SUSAK(1980),ch4,solubility_molality,348,172.4,4.27,4.27,0,0,0,0,0.0283,,T,fit-eligible
ch4_part1,SUSAK(1980),ch4,solubility_molality,348,344.7,4.27,4.27,0,0,0,0,0.04478,,T,fit-eligible
ch4_part1,SUSAK(1980),ch4,solubility_molality,348,689.5,4.27,4.27,0,0,0,0,0.06608,,T,fit-eligible
ch4_part1,SUSAK(1980),ch4,solubility_molality,348,1034.2,4.27,4.27,0,0,0,0,0.08057,,T,fit-eligible
ch4_part1,SUSAK(1980),ch4,solubility_molality,348,1379,4.27,4.27,0,0,0,0,0.09167,,T,fit-eligible
ch4_part1,KIEPE(2003),ch4,solubility_molality,353,5.1,0,1,1,0,0,0,0.00388916113,,T,fit-eligible
ch4_part1,KIEPE(2003),ch4,solubility_molality,353,10.6,0,1,1,0,0,0,0.008334583521,,T,fit-eligible
ch4_part1,KIEPE(2003),ch4,solubility_molality,353,14.2,0,1,1,0,0,0,0.01111333378,,T,fit-eligible
ch4_part1,KIEPE(2003),ch4,solubility_molality,353,20.5,0,1,1,0,0,0,0.01611578469,,T,fit-eligible
ch4_part1,KIEPE(2003),ch4,solubility_molality,353,32.5,0,1,1,0,0,0,0.02556731652,,T,fit-eligible
ch4_part1,KIEPE(2003),ch4,solubility_molality,353,45.3,0,1,1,0,0,0,0.0350220639,,T,fit-eligible
ch4_part1,KIEPE(2003),ch4,solubility_molality,353,57.1,0,1,1,0,0,0,0.04392358852,,T,fit-eligible
ch4_part1,KIEPE(2003),ch4,solubility_molality,353,82,0,1,1,0,0,0,0.06062163314,,T,fit-eligible
ch4_part1,KIEPE(2003),ch4,solubility_molality,353,95.1,0,1,1,0,0,0,0.06897441717,,T,fit-eligible
ch4_part1,KIEPE(2003),ch4,solubility_molality,353,5.4,0,2.5,2.5,0,0,0,0.00388916113,,T,fit-eligible
ch4_part1,KIEPE(2003),ch4,solubility_molality,353,8.9,0,2.5,2.5,0,0,0,0.006111783407,,T,fit-eligible
ch4_part1,KIEPE(2003),ch4,solubility_molality,353,11.8,0,2.5,2.5,0,0,0,0.008334583521,,T,fit-eligible
ch4_part1,KIEPE(2003),ch4,solubility_molality,353,16,0,2.5,2.5,0,0,0,0.01166911718,,T,fit-eligible
ch4_part1,KIEPE(2003),ch4,solubility_molality,353,32,0,2.5,2.5,0,0,0,0.02334313745,,T,fit-eligible
ch4_part1,KIEPE(2003),ch4,solubility_molality,353,47.3,0,2.5,2.5,0,0,0,0.03335334534,,T,fit-eligible
ch4_part1,KIEPE(2003),ch4,solubility_molality,353,58.2,0,2.5,2.5,0,0,0,0.04058518274,,T,fit-eligible
ch4_part1,KIEPE(2003),ch4,solubility_molality,353,78.4,0,2.5,2.5,0,0,0,0.05282796434,,T,fit-eligible
ch4_part1,KIEPE(2003),ch4,solubility_molality,353,89.2,0,2.5,2.5,0,0,0,0.05950811813,,T,fit-eligible
ch4_part1,KIEPE(2003),ch4,solubility_molality,353,95.5,0,2.5,2.5,0,0,0,0.06284879692,,T,fit-eligible
ch4_part1,KIEPE(2003),ch4,solubility_molality,353,7,0,4,4,0,0,0,0.004444800028,,T,fit-eligible
ch4_part1,KIEPE(2003),ch4,solubility_molality,353,10,0,4,4,0,0,0,0.006667466763,,T,fit-eligible
ch4_part1,KIEPE(2003),ch4,solubility_molality,353,14.7,0,4,4,0,0,0,0.01000180032,,T,fit-eligible
ch4_part1,KIEPE(2003),ch4,solubility_molality,353,19.8,0,4,4,0,0,0,0.0133365341,,T,fit-eligible
ch4_part1,KIEPE(2003),ch4,solubility_molality,353,58,0,4,4,0,0,0,0.03669088265,,T,fit-eligible
ch4_part1,KIEPE(2003),ch4,solubility_molality,353,60.6,0,4,4,0,0,0,0.0383598016,,T,fit-eligible
ch4_part1,KIEPE(2003),ch4,solubility_molality,353,74.2,0,4,4,0,0,0,0.04614941513,,T,fit-eligible
ch4_part1,KIEPE(2003),ch4,solubility_molality,353,84.9,0,4,4,0,0,0,0.05171476139,,T,fit-eligible
ch4_part1,KIEPE(2003),ch4,solubility_molality,353,92.4,0,4,4,0,0,0,0.05616784063,,T,fit-eligible
ch4_part1,SUSAK(1980),ch4,solubility_molality,373,68.9,0.9,0.9,0,0,0,0,0.03829,,T,fit-eligible
ch4_part1,SUSAK(1980),ch4,solubility_molality,373,172.4,0.9,0.9,0,0,0,0,0.08046,,T,fit-eligible
ch4_part1,SUSAK(1980),ch4,solubility_molality,373,344.7,0.9,0.9,0,0,0,0,0.13013,,T,fit-eligible
ch4_part1,SUSAK(1980),ch4,solubility_molality,373,689.5,0.9,0.9,0,0,0,0,0.19598,,T,fit-eligible
ch4_part1,SUSAK(1980),ch4,solubility_molality,373,1034.2,0.9,0.9,0,0,0,0,0.24148,,T,fit-eligible
ch4_part1,SUSAK(1980),ch4,solubility_molality,373,1379,0.9,0.9,0,0,0,0,0.27661,,T,fit-eligible
ch4_part1,SUSAK(1980),ch4,solubility_molality,373,68.9,1.9,1.9,0,0,0,0,0.02844,,T,fit-eligible
ch4_part1,SUSAK(1980),ch4,solubility_molality,373,172.4,1.9,1.9,0,0,0,0,0.05977,,T,fit-eligible
ch4_part1,SUSAK(1980),ch4,solubility_molality,373,344.7,1.9,1.9,0,0,0,0,0.09667,,T,fit-eligible
ch4_part1,SUSAK(1980),ch4,solubility_molality,373,689.5,1.9,1.9,0,0,0,0,0.14559,,T,fit-eligible
ch4_part1,SUSAK(1980),ch4,solubility_molality,373,1034.2,1.9,1.9,0,0,0,0,0.17939,,T,fit-eligible
ch4_part1,SUSAK(1980),ch4,solubility_molality,373,1379,1.9,1.9,0,0,0,0,0.20549,,T,fit-eligible
ch4_part1,SUSAK(1980),ch4,solubility_molality,373,68.9,3.02,3.02,0,0,0,0,0.0204,,T,fit-eligible
ch4_part1,SUSAK(1980),ch4,solubility_molality,373,172.4,3.02,3.02,0,0,0,0,0.04288,,T,fit-eligible
ch4_part1,SUSAK(1980),ch4,solubility_molality,373,344.7,3.02,3.02,0,0,0,0,0.06935,,T,fit-eligible
ch4_part1,SUSAK(1980),ch4,solubility_molality,373,689.5,3.02,3.02,0,0,0,0,0.10444,,T,fit-eligible
ch4_part1,SUSAK(1980),ch4,solubility_molality,373,1034.2,3.02,3.02,0,0,0,0,0.12869,,T,fit-eligible
ch4_part1,SUSAK(1980),ch4,solubility_molality,373,1379,3.02,3.02,0,0,0,0,0.14741,,T,fit-eligible
ch4_part1,SUSAK(1980),ch4,solubility_molality,373,68.9,4.27,4.27,0,0,0,0,0.01404,,T,fit-eligible
ch4_part1,SUSAK(1980),ch4,solubility_molality,373,172.4,4.27,4.27,0,0,0,0,0.02951,,T,fit-eligible
ch4_part1,SUSAK(1980),ch4,solubility_molality,373,344.7,4.27,4.27,0,0,0,0,0.04772,,T,fit-eligible
ch4_part1,SUSAK(1980),ch4,solubility_molality,373,689.5,4.27,4.27,0,0,0,0,0.07187,,T,fit-eligible
ch4_part1,SUSAK(1980),ch4,solubility_molality,373,1034.2,4.27,4.27,0,0,0,0,0.08856,,T,fit-eligible
ch4_part1,SUSAK(1980),ch4,solubility_molality,373,1379,4.27,4.27,0,0,0,0,0.10144,,T,fit-eligible
ch4_part1,KIEPE(2003),ch4,solubility_molality,373,5,0,1,1,0,0,0,0.003333533345,,T,fit-eligible
ch4_part1,KIEPE(2003),ch4,solubility_molality,373,8.1,0,1,1,0,0,0,0.005556111167,,T,fit-eligible
ch4_part1,KIEPE(2003),ch4,solubility_molality,373,9.3,0,1,1,0,0,0,0.006667466763,,T,fit-eligible
ch4_part1,KIEPE(2003),ch4,solubility_molality,373,12.9,0,1,1,0,0,0,0.009446050273,,T,fit-eligible
ch4_part1,KIEPE(2003),ch4,solubility_molality,373,16.4,0,1,1,0,0,0,0.0122249117,,T,fit-eligible
ch4_part1,KIEPE(2003),ch4,solubility_molality,373,31.3,0,1,1,0,0,0,0.02389916553,,T,fit-eligible
ch4_part1,KIEPE(2003),ch4,solubility_molality,373,57.5,0,1,1,0,0,0,0.04392358852,,T,fit-eligible
ch4_part1,KIEPE(2003),ch4,solubility_molality,373,72.1,0,1,1,0,0,0,0.05449785234,,T,fit-eligible
ch4_part1,KIEPE(2003),ch4,solubility_molality,373,87,0,1,1,0,0,0,0.06507613908,,T,fit-eligible
ch4_part1,KIEPE(2003),ch4,solubility_molality,373,96.7,0,1,1,0,0,0,0.07175923608,,T,fit-eligible
ch4_part1,KIEPE(2003),ch4,solubility_molality,373,5.6,0,2.5,2.5,0,0,0,0.003333533345,,T,fit-eligible
ch4_part1,KIEPE(2003),ch4,solubility_molality,373,10,0,2.5,2.5,0,0,0,0.006667466763,,T,fit-eligible
ch4_part1,KIEPE(2003),ch4,solubility_molality,373,13.9,0,2.5,2.5,0,0,0,0.009446050273,,T,fit-eligible
ch4_part1,KIEPE(2003),ch4,solubility_molality,373,18,0,2.5,2.5,0,0,0,0.01278071734,,T,fit-eligible
ch4_part1,KIEPE(2003),ch4,solubility_molality,373,36,0,2.5,2.5,0,0,0,0.02556731652,,T,fit-eligible
ch4_part1,KIEPE(2003),ch4,solubility_molality,373,65.2,0,2.5,2.5,0,0,0,0.04503647955,,T,fit-eligible
ch4_part1,KIEPE(2003),ch4,solubility_molality,373,72.4,0,2.5,2.5,0,0,0,0.0494884892,,T,fit-eligible
ch4_part1,KIEPE(2003),ch4,solubility_molality,373,86.2,0,2.5,2.5,0,0,0,0.05839464771,,T,fit-eligible
ch4_part1,KIEPE(2003),ch4,solubility_molality,373,96.7,0,2.5,2.5,0,0,0,0.06451928682,,T,fit-eligible
ch4_part1,KIEPE(2003),ch4,solubility_molality,373,5.3,0,4,4,0,0,0,0.003333533345,,T,fit-eligible
ch4_part1,KIEPE(2003),ch4,solubility_molality,373,9.7,0,4,4,0,0,0,0.006111783407,,T,fit-eligible
ch4_part1,KIEPE(2003),ch4,solubility_molality,373,12.6,0,4,4,0,0,0,0.008334583521,,T,fit-eligible
ch4_part1,KIEPE(2003),ch4,solubility_molality,373,18,0,4,4,0,0,0,0.01166911718,,T,fit-eligible
ch4_part1,KIEPE(2003),ch4,solubility_molality,373,43.7,0,4,4,0,0,0,0.02890391893,,T,fit-eligible
ch4_part1,KIEPE(2003),ch4,solubility_molality,373,57.2,0,4,4,0,0,0,0.03724717783,,T,fit-eligible
ch4_part1,KIEPE(2003),ch4,solubility_molality,373,74.3,0,4,4,0,0,0,0.04781890203,,T,fit-eligible
ch4_part1,KIEPE(2003),ch4,solubility_molality,373,89.7,0,4,4,0,0,0,0.05672452568,,T,fit-eligible
ch4_part1,KIEPE(2003),ch4,solubility_molality,373,97.9,0,4,4,0,0,0,0.06173519273,,T,fit-eligible
ch4_part1,OSULLIVAN(1969),ch4,solubility_molality,375,203.6,1,1,0,0,0,0,0.09591,,T,fit-eligible
ch4_part1,OSULLIVAN(1969),ch4,solubility_molality,375,305.9,1,1,0,0,0,0,0.12578,,T,fit-eligible
ch4_part1,OSULLIVAN(1969),ch4,solubility_molality,375,408.2,1,1,0,0,0,0,0.14572,,T,fit-eligible
ch4_part1,OSULLIVAN(1969),ch4,solubility_molality,375,509.5,1,1,0,0,0,0,0.16392,,T,fit-eligible
ch4_part1,OSULLIVAN(1969),ch4,solubility_molality,375,611.9,1,1,0,0,0,0,0.18156,,T,fit-eligible
ch4_part1,OSULLIVAN(1969),ch4,solubility_molality,375,203.6,4,4,0,0,0,0,0.04923,,T,fit-eligible
ch4_part1,OSULLIVAN(1969),ch4,solubility_molality,375,305.9,4,4,0,0,0,0,0.06433,,T,fit-eligible
ch4_part1,OSULLIVAN(1969),ch4,solubility_molality,375,408.2,4,4,0,0,0,0,0.07221,,T,fit-eligible
ch4_part1,OSULLIVAN(1969),ch4,solubility_molality,375,509.5,4,4,0,0,0,0,0.07866,,T,fit-eligible
ch4_part1,OSULLIVAN(1969),ch4,solubility_molality,375,611.9,4,4,0,0,0,0,0.08547,,T,fit-eligible
ch4_part1,BLANCO(1977),ch4,solubility_molality,375,101.3,0,2,0,1,0,0,0.0470578986,,T,fit-eligible
ch4_part1,BLANCO(1977),ch4,solubility_molality,375,202.6,0,2,0,1,0,0,0.07898072036,,T,fit-eligible
ch4_part1,BLANCO(1977),ch4,solubility_molality,375,303.9,0,2,0,1,0,0,0.1020642585,,T,fit-eligible
ch4_part1,BLANCO(1977),ch4,solubility_molality,375,405.2,0,2,0,1,0,0,0.1184040505,,T,fit-eligible
ch4_part1,BLANCO(1977),ch4,solubility_molality,375,506.5,0,2,0,1,0,0,0.133870581,,T,fit-eligible
ch4_part1,BLANCO(1977),ch4,solubility_molality,375,607.8,0,2,0,1,0,0,0.1454022725,,T,fit-eligible
ch4_part1,OSULLIVAN(1969),ch4,solubility_molality,398,104.3,1,1,0,0,0,0,0.0599,,T,fit-eligible
ch4_part1,OSULLIVAN(1969),ch4,solubility_molality,398,206.7,1,1,0,0,0,0,0.09926,,T,fit-eligible
ch4_part1,OSULLIVAN(1969),ch4,solubility_molality,398,309,1,1,0,0,0,0,0.126,,T,fit-eligible
ch4_part1,OSULLIVAN(1969),ch4,solubility_molality,398,410.3,1,1,0,0,0,0,0.14743,,T,fit-eligible
ch4_part1,OSULLIVAN(1969),ch4,solubility_molality,398,513.6,1,1,0,0,0,0,0.16676,,T,fit-eligible
ch4_part1,OSULLIVAN(1969),ch4,solubility_molality,398,615.9,1,1,0,0,0,0,0.1844,,T,fit-eligible
ch4_part1,OSULLIVAN(1969),ch4,solubility_molality,398,206.7,4,4,0,0,0,0,0.04917,,T,fit-eligible
ch4_part1,OSULLIVAN(1969),ch4,solubility_molality,398,309,4,4,0,0,0,0,0.05991,,T,fit-eligible
ch4_part1,OSULLIVAN(1969),ch4,solubility_molality,398,410.3,4,4,0,0,0,0,0.0694,,T,fit-eligible
ch4_part1,OSULLIVAN(1969),ch4,solubility_molality,398,513.6,4,4,0,0,0,0,0.07884,,T,fit-eligible
ch4_part1,OSULLIVAN(1969),ch4,solubility_molality,398,615.9,4,4,0,0,0,0,0.08576,,T,fit-eligible
ch4_part1,SUSAK(1980),ch4,solubility_molality,398,68.9,0.9,0.9,0,0,0,0,0.04222,,T,fit-eligible
ch4_part1,SUSAK(1980),ch4,solubility_molality,398,172.4,0.9,0.9,0,0,0,0,0.09103,,T,fit-eligible
ch4_part1,SUSAK(1980),ch4,solubility_molality,398,344.7,0.9,0.9,0,0,0,0,0.14969,,T,fit-eligible
ch4_part1,SUSAK(1980),ch4,solubility_molality,398,689.5,0.9,0.9,0,0,0,0,0.22867,,T,fit-eligible
ch4_part1,SUSAK(1980),ch4,solubility_molality,398,1034.2,0.9,0.9,0,0,0,0,0.28382,,T,fit-eligible
ch4_part1,SUSAK(1980),ch4,solubility_molality,398,1379,0.9,0.9,0,0,0,0,0.32661,,T,fit-eligible
ch4_part1,SUSAK(1980),ch4,solubility_molality,398,68.9,1.9,1.9,0,0,0,0,0.03137,,T,fit-eligible
ch4_part1,SUSAK(1980),ch4,solubility_molality,398,172.4,1.9,1.9,0,0,0,0,0.06763,,T,fit-eligible
ch4_part1,SUSAK(1980),ch4,solubility_molality,398,344.7,1.9,1.9,0,0,0,0,0.1112,,T,fit-eligible
ch4_part1,SUSAK(1980),ch4,solubility_molality,398,689.5,1.9,1.9,0,0,0,0,0.16987,,T,fit-eligible
ch4_part1,SUSAK(1980),ch4,solubility_molality,398,1034.2,1.9,1.9,0,0,0,0,0.21085,,T,fit-eligible
ch4_part1,SUSAK(1980),ch4,solubility_molality,398,1379,1.9,1.9,0,0,0,0,0.24263,,T,fit-eligible
ch4_part1,SUSAK(1980),ch4,solubility_molality,398,68.9,3.02,3.02,0,0,0,0,0.0225,,T,fit-eligible
ch4_part1,SUSAK(1980),ch4,solubility_molality,398,172.4,3.02,3.02,0,0,0,0,0.04851,,T,fit-eligible
ch4_part1,SUSAK(1980),ch4,solubility_molality,398,344.7,3.02,3.02,0,0,0,0,0.07977,,T,fit-eligible
ch4_part1,SUSAK(1980),ch4,solubility_molality,398,689.5,3.02,3.02,0,0,0,0,0.12186,,T,fit-eligible
ch4_part1,SUSAK(1980),ch4,solubility_molality,398,1034.2,3.02,3.02,0,0,0,0,0.15125,,T,fit-eligible
ch4_part1,SUSAK(1980),ch4,solubility_molality,398,1379,3.02,3.02,0,0,0,0,0.17405,,T,fit-eligible
ch4_part1,SUSAK(1980),ch4,solubility_molality,398,68.9,4.27,4.27,0,0,0,0,0.01548,,T,fit-eligible
ch4_part1,SUSAK(1980),ch4,solubility_molality,398,172.4,4.27,4.27,0,0,0,0,0.03338,,T,fit-eligible
ch4_part1,SUSAK(1980),ch4,solubility_molality,398,344.7,4.27,4.27,0,0,0,0,0.0549,,T,fit-eligible
ch4_part1,SUSAK(1980),ch4,solubility_molality,398,689.5,4.27,4.27,0,0,0,0,0.08386,,T,fit-eligible
ch4_part1,SUSAK(1980),ch4,solubility_molality,398,1034.2,4.27,4.27,0,0,0,0,0.10409,,T,fit-eligible
ch4_part1,SUSAK(1980),ch4,solubility_molality,398,1379,4.27,4.27,0,0,0,0,0.11978,,T,fit-eligible
ch4_part1,BLANCO(1977),ch4,solubility_molality,398,101.3,0,2,0,1,0,0,0.04840687297,,T,fit-eligible
ch4_part1,BLANCO(1977),ch4,solubility_molality,398,202.6,0,2,0,1,0,0,0.08038988119,,T,fit-eligible
ch4_part1,BLANCO(1977),ch4,solubility_molality,398,303.9,0,2,0,1,0,0,0.1002427593,,T,fit-eligible
ch4_part1,BLANCO(1977),ch4,solubility_molality,398,405.2,0,2,0,1,0,0,0.1193447472,,T,fit-eligible
ch4_part1,BLANCO(1977),ch4,solubility_molality,398,506.5,0,2,0,1,0,0,0.1321647461,,T,fit-eligible
ch4_part1,BLANCO(1977),ch4,solubility_molality,398,607.8,0,2,0,1,0,0,0.1454022725,,T,fit-eligible
ch4_part1,SUSAK(1980),ch4,solubility_molality,423,68.9,0.9,0.9,0,0,0,0,0.04893,,T,fit-eligible
ch4_part1,SUSAK(1980),ch4,solubility_molality,423,172.4,0.9,0.9,0,0,0,0,0.10885,,T,fit-eligible
ch4_part1,SUSAK(1980),ch4,solubility_molality,423,344.7,0.9,0.9,0,0,0,0,0.1817,,T,fit-eligible
ch4_part1,SUSAK(1980),ch4,solubility_molality,423,689.5,0.9,0.9,0,0,0,0,0.28073,,T,fit-eligible
ch4_part1,SUSAK(1980),ch4,solubility_molality,423,1034.2,0.9,0.9,0,0,0,0,0.35035,,T,fit-eligible
ch4_part1,SUSAK(1980),ch4,solubility_molality,423,1379,0.9,0.9,0,0,0,0,0.40454,,T,fit-eligible
ch4_part1,SUSAK(1980),ch4,solubility_molality,423,68.9,1.9,1.9,0,0,0,0,0.03635,,T,fit-eligible
ch4_part1,SUSAK(1980),ch4,solubility_molality,423,172.4,1.9,1.9,0,0,0,0,0.08086,,T,fit-eligible
ch4_part1,SUSAK(1980),ch4,solubility_molality,423,344.7,1.9,1.9,0,0,0,0,0.13498,,T,fit-eligible
ch4_part1,SUSAK(1980),ch4,solubility_molality,423,689.5,1.9,1.9,0,0,0,0,0.20855,,T,fit-eligible
ch4_part1,SUSAK(1980),ch4,solubility_molality,423,1034.2,1.9,1.9,0,0,0,0,0.26027,,T,fit-eligible
ch4_part1,SUSAK(1980),ch4,solubility_molality,423,1379,1.9,1.9,0,0,0,0,0.30052,,T,fit-eligible
ch4_part1,SUSAK(1980),ch4,solubility_molality,423,68.9,3.02,3.02,0,0,0,0,0.02608,,T,fit-eligible
ch4_part1,SUSAK(1980),ch4,solubility_molality,423,172.4,3.02,3.02,0,0,0,0,0.05801,,T,fit-eligible
ch4_part1,SUSAK(1980),ch4,solubility_molality,423,344.7,3.02,3.02,0,0,0,0,0.09683,,T,fit-eligible
ch4_part1,SUSAK(1980),ch4,solubility_molality,423,689.5,3.02,3.02,0,0,0,0,0.1496,,T,fit-eligible
ch4_part1,SUSAK(1980),ch4,solubility_molality,423,1034.2,3.02,3.02,0,0,0,0,0.1867,,T,fit-eligible
ch4_part1,SUSAK(1980),ch4,solubility_molality,423,1379,3.02,3.02,0,0,0,0,0.21558,,T,fit-eligible
ch4_part1,SUSAK(1980),ch4,solubility_molality,423,68.9,4.27,4.27,0,0,0,0,0.01795,,T,fit-eligible
ch4_part1,SUSAK(1980),ch4,solubility_molality,423,172.4,4.27,4.27,0,0,0,0,0.03992,,T,fit-eligible
ch4_part1,SUSAK(1980),ch4,solubility_molality,423,344.7,4.27,4.27,0,0,0,0,0.06663,,T,fit-eligible
ch4_part1,SUSAK(1980),ch4,solubility_molality,423,689.5,4.27,4.27,0,0,0,0,0.10295,,T,fit-eligible
ch4_part1,SUSAK(1980),ch4,solubility_molality,423,1034.2,4.27,4.27,0,0,0,0,0.12849,,T,fit-eligible
ch4_part1,SUSAK(1980),ch4,solubility_molality,423,1379,4.27,4.27,0,0,0,0,0.14836,,T,fit-eligible
ch4_part1,SUSAK(1980),ch4,solubility_molality,448,68.9,0.9,0.9,0,0,0,0,0.05796,,T,fit-eligible
ch4_part1,SUSAK(1980),ch4,solubility_molality,448,172.4,0.9,0.9,0,0,0,0,0.13513,,T,fit-eligible
ch4_part1,SUSAK(1980),ch4,solubility_molality,448,344.7,0.9,0.9,0,0,0,0,0.22955,,T,fit-eligible
ch4_part1,SUSAK(1980),ch4,solubility_molality,448,689.5,0.9,0.9,0,0,0,0,0.35868,,T,fit-eligible
ch4_part1,SUSAK(1980),ch4,solubility_molality,448,1034.2,0.9,0.9,0,0,0,0,0.4498,,T,fit-eligible
ch4_part1,SUSAK(1980),ch4,solubility_molality,448,1379,0.9,0.9,0,0,0,0,0.52087,,T,fit-eligible
ch4_part1,SUSAK(1980),ch4,solubility_molality,448,68.9,1.9,1.9,0,0,0,0,0.04306,,T,fit-eligible
ch4_part1,SUSAK(1980),ch4,solubility_molality,448,172.4,1.9,1.9,0,0,0,0,0.10038,,T,fit-eligible
ch4_part1,SUSAK(1980),ch4,solubility_molality,448,344.7,1.9,1.9,0,0,0,0,0.17053,,T,fit-eligible
ch4_part1,SUSAK(1980),ch4,solubility_molality,448,689.5,1.9,1.9,0,0,0,0,0.26646,,T,fit-eligible
ch4_part1,SUSAK(1980),ch4,solubility_molality,448,1034.2,1.9,1.9,0,0,0,0,0.33414,,T,fit-eligible
ch4_part1,SUSAK(1980),ch4,solubility_molality,448,1379,1.9,1.9,0,0,0,0,0.38695,,T,fit-eligible
ch4_part1,SUSAK(1980),ch4,solubility_molality,448,68.9,3.02,3.02,0,0,0,0,0.03089,,T,fit-eligible
ch4_part1,SUSAK(1980),ch4,solubility_molality,448,172.4,3.02,3.02,0,0,0,0,0.07201,,T,fit-eligible
ch4_part1,SUSAK(1980),ch4,solubility_molality,448,344.7,3.02,3.02,0,0,0,0,0.12233,,T,fit-eligible
ch4_part1,SUSAK(1980),ch4,solubility_molality,448,689.5,3.02,3.02,0,0,0,0,0.19115,,T,fit-eligible
ch4_part1,SUSAK(1980),ch4,solubility_molality,448,1034.2,3.02,3.02,0,0,0,0,0.2397,,T,fit-eligible
ch4_part1,SUSAK(1980),ch4,solubility_molality,448,1379,3.02,3.02,0,0,0,0,0.27758,,T,fit-eligible
ch4_part1,SUSAK(1980),ch4,solubility_molality,448,68.9,4.27,4.27,0,0,0,0,0.02126,,T,fit-eligible
ch4_part1,SUSAK(1980),ch4,solubility_molality,448,172.4,4.27,4.27,0,0,0,0,0.04956,,T,fit-eligible
ch4_part1,SUSAK(1980),ch4,solubility_molality,448,344.7,4.27,4.27,0,0,0,0,0.08418,,T,fit-eligible
ch4_part1,SUSAK(1980),ch4,solubility_molality,448,689.5,4.27,4.27,0,0,0,0,0.13154,,T,fit-eligible
ch4_part1,SUSAK(1980),ch4,solubility_molality,448,1034.2,4.27,4.27,0,0,0,0,0.16495,,T,fit-eligible
ch4_part1,SUSAK(1980),ch4,solubility_molality,448,1379,4.27,4.27,0,0,0,0,0.19102,,T,fit-eligible
ch4_part1,SUSAK(1980),ch4,solubility_molality,473,68.9,0.9,0.9,0,0,0,0,0.06805,,T,fit-eligible
ch4_part1,SUSAK(1980),ch4,solubility_molality,473,172.4,0.9,0.9,0,0,0,0,0.17165,,T,fit-eligible
ch4_part1,SUSAK(1980),ch4,solubility_molality,473,344.7,0.9,0.9,0,0,0,0,0.29891,,T,fit-eligible
ch4_part1,SUSAK(1980),ch4,solubility_molality,473,689.5,0.9,0.9,0,0,0,0,0.47353,,T,fit-eligible
ch4_part1,SUSAK(1980),ch4,solubility_molality,473,1034.2,0.9,0.9,0,0,0,0,0.59705,,T,fit-eligible
ch4_part1,SUSAK(1980),ch4,solubility_molality,473,1379,0.9,0.9,0,0,0,0,0.69355,,T,fit-eligible
ch4_part1,SUSAK(1980),ch4,solubility_molality,473,68.9,1.9,1.9,0,0,0,0,0.05055,,T,fit-eligible
ch4_part1,SUSAK(1980),ch4,solubility_molality,473,172.4,1.9,1.9,0,0,0,0,0.12751,,T,fit-eligible
ch4_part1,SUSAK(1980),ch4,solubility_molality,473,344.7,1.9,1.9,0,0,0,0,0.22205,,T,fit-eligible
ch4_part1,SUSAK(1980),ch4,solubility_molality,473,689.5,1.9,1.9,0,0,0,0,0.35178,,T,fit-eligible
ch4_part1,SUSAK(1980),ch4,solubility_molality,473,1034.2,1.9,1.9,0,0,0,0,0.44354,,T,fit-eligible
ch4_part1,SUSAK(1980),ch4,solubility_molality,473,1379,1.9,1.9,0,0,0,0,0.51523,,T,fit-eligible
ch4_part1,SUSAK(1980),ch4,solubility_molality,473,68.9,3.02,3.02,0,0,0,0,0.03626,,T,fit-eligible
ch4_part1,SUSAK(1980),ch4,solubility_molality,473,172.4,3.02,3.02,0,0,0,0,0.09147,,T,fit-eligible
ch4_part1,SUSAK(1980),ch4,solubility_molality,473,344.7,3.02,3.02,0,0,0,0,0.15929,,T,fit-eligible
ch4_part1,SUSAK(1980),ch4,solubility_molality,473,689.5,3.02,3.02,0,0,0,0,0.25235,,T,fit-eligible
ch4_part1,SUSAK(1980),ch4,solubility_molality,473,1034.2,3.02,3.02,0,0,0,0,0.31817,,T,fit-eligible
ch4_part1,SUSAK(1980),ch4,solubility_molality,473,1379,3.02,3.02,0,0,0,0,0.3696,,T,fit-eligible
ch4_part1,SUSAK(1980),ch4,solubility_molality,473,68.9,4.27,4.27,0,0,0,0,0.02496,,T,fit-eligible
ch4_part1,SUSAK(1980),ch4,solubility_molality,473,172.4,4.27,4.27,0,0,0,0,0.06295,,T,fit-eligible
ch4_part1,SUSAK(1980),ch4,solubility_molality,473,344.7,4.27,4.27,0,0,0,0,0.10962,,T,fit-eligible
ch4_part1,SUSAK(1980),ch4,solubility_molality,473,689.5,4.27,4.27,0,0,0,0,0.17366,,T,fit-eligible
ch4_part1,SUSAK(1980),ch4,solubility_molality,473,1034.2,4.27,4.27,0,0,0,0,0.21896,,T,fit-eligible
ch4_part1,SUSAK(1980),ch4,solubility_molality,473,1379,4.27,4.27,0,0,0,0,0.25434,,T,fit-eligible
ch4_part1,SUSAK(1980),ch4,solubility_molality,498,68.9,0.9,0.9,0,0,0,0,0.0755,,T,fit-eligible
ch4_part1,SUSAK(1980),ch4,solubility_molality,498,172.4,0.9,0.9,0,0,0,0,0.21991,,T,fit-eligible
ch4_part1,SUSAK(1980),ch4,solubility_molality,498,344.7,0.9,0.9,0,0,0,0,0.39787,,T,fit-eligible
ch4_part1,SUSAK(1980),ch4,solubility_molality,498,689.5,0.9,0.9,0,0,0,0,0.64281,,T,fit-eligible
ch4_part1,SUSAK(1980),ch4,solubility_molality,498,1034.2,0.9,0.9,0,0,0,0,0.81644,,T,fit-eligible
ch4_part1,SUSAK(1980),ch4,solubility_molality,498,1379,0.9,0.9,0,0,0,0,0.95228,,T,fit-eligible
ch4_part1,SUSAK(1980),ch4,solubility_molality,498,68.9,1.9,1.9,0,0,0,0,0.05608,,T,fit-eligible
ch4_part1,SUSAK(1980),ch4,solubility_molality,498,172.4,1.9,1.9,0,0,0,0,0.16337,,T,fit-eligible
ch4_part1,SUSAK(1980),ch4,solubility_molality,498,344.7,1.9,1.9,0,0,0,0,0.29557,,T,fit-eligible
ch4_part1,SUSAK(1980),ch4,solubility_molality,498,689.5,1.9,1.9,0,0,0,0,0.47753,,T,fit-eligible
ch4_part1,SUSAK(1980),ch4,solubility_molality,498,1034.2,1.9,1.9,0,0,0,0,0.60652,,T,fit-eligible
ch4_part1,SUSAK(1980),ch4,solubility_molality,498,1379,1.9,1.9,0,0,0,0,0.70743,,T,fit-eligible
ch4_part1,SUSAK(1980),ch4,solubility_molality,498,68.9,3.02,3.02,0,0,0,0,0.04023,,T,fit-eligible
ch4_part1,SUSAK(1980),ch4,solubility_molality,498,172.4,3.02,3.02,0,0,0,0,0.11719,,T,fit-eligible
ch4_part1,SUSAK(1980),ch4,solubility_molality,498,344.7,3.02,3.02,0,0,0,0,0.21203,,T,fit-eligible
ch4_part1,SUSAK(1980),ch4,solubility_molality,498,689.5,3.02,3.02,0,0,0,0,0.34256,,T,fit-eligible
ch4_part1,SUSAK(1980),ch4,solubility_molality,498,1034.2,3.02,3.02,0,0,0,0,0.43509,,T,fit-eligible
ch4_part1,SUSAK(1980),ch4,solubility_molality,498,1379,3.02,3.02,0,0,0,0,0.50747,,T,fit-eligible
ch4_part1,SUSAK(1980),ch4,solubility_molality,498,68.9,4.27,4.27,0,0,0,0,0.02769,,T,fit-eligible
ch4_part1,SUSAK(1980),ch4,solubility_molality,498,172.4,4.27,4.27,0,0,0,0,0.08065,,T,fit-eligible
ch4_part1,SUSAK(1980),ch4,solubility_molality,498,344.7,4.27,4.27,0,0,0,0,0.14591,,T,fit-eligible
ch4_part1,SUSAK(1980),ch4,solubility_molality,498,689.5,4.27,4.27,0,0,0,0,0.23574,,T,fit-eligible
ch4_part1,SUSAK(1980),ch4,solubility_molality,498,1034.2,4.27,4.27,0,0,0,0,0.29942,,T,fit-eligible
ch4_part1,SUSAK(1980),ch4,solubility_molality,498,1379,4.27,4.27,0,0,0,0,0.34923,,T,fit-eligible
ch4_part1,SUSAK(1980),ch4,solubility_molality,523,68.9,0.9,0.9,0,0,0,0,0.07093,,T,fit-eligible
ch4_part1,SUSAK(1980),ch4,solubility_molality,523,172.4,0.9,0.9,0,0,0,0,0.27916,,T,fit-eligible
ch4_part1,SUSAK(1980),ch4,solubility_molality,523,344.7,0.9,0.9,0,0,0,0,0.53714,,T,fit-eligible
ch4_part1,SUSAK(1980),ch4,solubility_molality,523,689.5,0.9,0.9,0,0,0,0,0.89405,,T,fit-eligible
ch4_part1,SUSAK(1980),ch4,solubility_molality,523,1034.2,0.9,0.9,0,0,0,0,1.14803,,T,fit-eligible
ch4_part1,SUSAK(1980),ch4,solubility_molality,523,1379,0.9,0.9,0,0,0,0,1.34714,,T,fit-eligible
ch4_part1,SUSAK(1980),ch4,solubility_molality,523,68.9,1.9,1.9,0,0,0,0,0.05269,,T,fit-eligible
ch4_part1,SUSAK(1980),ch4,solubility_molality,523,172.4,1.9,1.9,0,0,0,0,0.20738,,T,fit-eligible
ch4_part1,SUSAK(1980),ch4,solubility_molality,523,344.7,1.9,1.9,0,0,0,0,0.39903,,T,fit-eligible
ch4_part1,SUSAK(1980),ch4,solubility_molality,523,689.5,1.9,1.9,0,0,0,0,0.66417,,T,fit-eligible
ch4_part1,SUSAK(1980),ch4,solubility_molality,523,1034.2,1.9,1.9,0,0,0,0,0.85285,,T,fit-eligible
ch4_part1,SUSAK(1980),ch4,solubility_molality,523,1379,1.9,1.9,0,0,0,0,1.00077,,T,fit-eligible
ch4_part1,SUSAK(1980),ch4,solubility_molality,523,68.9,3.02,3.02,0,0,0,0,0.0378,,T,fit-eligible
ch4_part1,SUSAK(1980),ch4,solubility_molality,523,172.4,3.02,3.02,0,0,0,0,0.14876,,T,fit-eligible
ch4_part1,SUSAK(1980),ch4,solubility_molality,523,344.7,3.02,3.02,0,0,0,0,0.28625,,T,fit-eligible
ch4_part1,SUSAK(1980),ch4,solubility_molality,523,689.5,3.02,3.02,0,0,0,0,0.47645,,T,fit-eligible
ch4_part1,SUSAK(1980),ch4,solubility_molality,523,1034.2,3.02,3.02,0,0,0,0,0.61179,,T,fit-eligible
ch4_part1,SUSAK(1980),ch4,solubility_molality,523,1379,3.02,3.02,0,0,0,0,0.7179,,T,fit-eligible
ch4_part1,SUSAK(1980),ch4,solubility_molality,523,68.9,4.27,4.27,0,0,0,0,0.02601,,T,fit-eligible
ch4_part1,SUSAK(1980),ch4,solubility_molality,523,172.4,4.27,4.27,0,0,0,0,0.10238,,T,fit-eligible
ch4_part1,SUSAK(1980),ch4,solubility_molality,523,344.7,4.27,4.27,0,0,0,0,0.19699,,T,fit-eligible
ch4_part1,SUSAK(1980),ch4,solubility_molality,523,689.5,4.27,4.27,0,0,0,0,0.32788,,T,fit-eligible
ch4_part1,SUSAK(1980),ch4,solubility_molality,523,1034.2,4.27,4.27,0,0,0,0,0.42102,,T,fit-eligible
ch4_part1,SUSAK(1980),ch4,solubility_molality,523,1379,4.27,4.27,0,0,0,0,0.49404,,T,fit-eligible
ch4_part1,SUSAK(1980),ch4,solubility_molality,548,68.9,0.9,0.9,0,0,0,0,0.03274,,T,test-only
ch4_part1,SUSAK(1980),ch4,solubility_molality,548,172.4,0.9,0.9,0,0,0,0,0.34149,,T,test-only
ch4_part1,SUSAK(1980),ch4,solubility_molality,548,344.7,0.9,0.9,0,0,0,0,0.72899,,T,test-only
ch4_part1,SUSAK(1980),ch4,solubility_molality,548,689.5,0.9,0.9,0,0,0,0,1.27139,,T,test-only
ch4_part1,SUSAK(1980),ch4,solubility_molality,548,1034.2,0.9,0.9,0,0,0,0,1.66055,,T,test-only
ch4_part1,SUSAK(1980),ch4,solubility_molality,548,1379,0.9,0.9,0,0,0,0,1.96707,,T,test-only
ch4_part1,SUSAK(1980),ch4,solubility_molality,548,68.9,1.9,1.9,0,0,0,0,0.02432,,T,test-only
ch4_part1,SUSAK(1980),ch4,solubility_molality,548,172.4,1.9,1.9,0,0,0,0,0.25369,,T,test-only
ch4_part1,SUSAK(1980),ch4,solubility_molality,548,344.7,1.9,1.9,0,0,0,0,0.54155,,T,test-only
ch4_part1,SUSAK(1980),ch4,solubility_molality,548,689.5,1.9,1.9,0,0,0,0,0.94449,,T,test-only
ch4_part1,SUSAK(1980),ch4,solubility_molality,548,1034.2,1.9,1.9,0,0,0,0,1.23359,,T,test-only
ch4_part1,SUSAK(1980),ch4,solubility_molality,548,1379,1.9,1.9,0,0,0,0,1.4613,,T,test-only
ch4_part1,SUSAK(1980),ch4,solubility_molality,548,68.9,3.02,3.02,0,0,0,0,0.01745,,T,test-only
ch4_part1,SUSAK(1980),ch4,solubility_molality,548,172.4,3.02,3.02,0,0,0,0,0.18198,,T,test-only
ch4_part1,SUSAK(1980),ch4,solubility_molality,548,344.7,3.02,3.02,0,0,0,0,0.38848,,T,test-only
ch4_part1,SUSAK(1980),ch4,solubility_molality,548,689.5,3.02,3.02,0,0,0,0,0.67753,,T,test-only
ch4_part1,SUSAK(1980),ch4,solubility_molality,548,1034.2,3.02,3.02,0,0,0,0,0.88492,,T,test-only
ch4_part1,SUSAK(1980),ch4,solubility_molality,548,1379,3.02,3.02,0,0,0,0,1.04826,,T,test-only
ch4_part1,SUSAK(1980),ch4,solubility_molality,548,68.9,4.27,4.27,0,0,0,0,0.01201,,T,test-only
ch4_part1,SUSAK(1980),ch4,solubility_molality,548,172.4,4.27,4.27,0,0,0,0,0.12524,,T,test-only
ch4_part1,SUSAK(1980),ch4,solubility_molality,548,344.7,4.27,4.27,0,0,0,0,0.26734,,T,test-only
ch4_part1,SUSAK(1980),ch4,solubility_molality,548,689.5,4.27,4.27,0,0,0,0,0.46626,,T,test-only
ch4_part1,SUSAK(1980),ch4,solubility_molality,548,1034.2,4.27,4.27,0,0,0,0,0.60898,,T,test-only
ch4_part1,SUSAK(1980),ch4,solubility_molality,548,1379,4.27,4.27,0,0,0,0,0.72139,,T,test-only
ch4_part1,SUSAK(1980),ch4,solubility_molality,573,172.4,0.9,0.9,0,0,0,0,0.38103,,T,test-only
ch4_part1,SUSAK(1980),ch4,solubility_molality,573,344.7,0.9,0.9,0,0,0,0,0.98273,,T,test-only
ch4_part1,SUSAK(1980),ch4,solubility_molality,573,689.5,0.9,0.9,0,0,0,0,1.84899,,T,test-only
ch4_part1,SUSAK(1980),ch4,solubility_molality,573,1034.2,0.9,0.9,0,0,0,0,2.48284,,T,test-only
ch4_part1,SUSAK(1980),ch4,solubility_molality,573,1379,0.9,0.9,0,0,0,0,2.9875,,T,test-only
ch4_part1,SUSAK(1980),ch4,solubility_molality,573,172.4,1.9,1.9,0,0,0,0,0.28306,,T,test-only
ch4_part1,SUSAK(1980),ch4,solubility_molality,573,344.7,1.9,1.9,0,0,0,0,0.73005,,T,test-only
ch4_part1,SUSAK(1980),ch4,solubility_molality,573,689.5,1.9,1.9,0,0,0,0,1.37358,,T,test-only
ch4_part1,SUSAK(1980),ch4,solubility_molality,573,1034.2,1.9,1.9,0,0,0,0,1.84446,,T,test-only
ch4_part1,SUSAK(1980),ch4,solubility_molality,573,1379,1.9,1.9,0,0,0,0,2.21935,,T,test-only
ch4_part1,SUSAK(1980),ch4,solubility_molality,573,172.4,3.02,3.02,0,0,0,0,0.20305,,T,test-only
ch4_part1,SUSAK(1980),ch4,solubility_molality,573,344.7,3.02,3.02,0,0,0,0,0.52371,,T,test-only
ch4_part1,SUSAK(1980),ch4,solubility_molality,573,689.5,3.02,3.02,0,0,0,0,0.98534,,T,test-only
ch4_part1,SUSAK(1980),ch4,solubility_molality,573,1034.2,3.02,3.02,0,0,0,0,1.32313,,T,test-only
ch4_part1,SUSAK(1980),ch4,solubility_molality,573,1379,3.02,3.02,0,0,0,0,1.59206,,T,test-only
ch4_part1,SUSAK(1980),ch4,solubility_molality,573,172.4,4.27,4.27,0,0,0,0,0.13974,,T,test-only
ch4_part1,SUSAK(1980),ch4,solubility_molality,573,344.7,4.27,4.27,0,0,0,0,0.3604,,T,test-only
ch4_part1,SUSAK(1980),ch4,solubility_molality,573,689.5,4.27,4.27,0,0,0,0,0.67809,,T,test-only
ch4_part1,SUSAK(1980),ch4,solubility_molality,573,1034.2,4.27,4.27,0,0,0,0,0.91054,,T,test-only
ch4_part1,SUSAK(1980),ch4,solubility_molality,573,1379,4.27,4.27,0,0,0,0,1.09562,,T,test-only
ch4_part1,SUSAK(1980),ch4,solubility_molality,598,172.4,0.9,0.9,0,0,0,0,0.33251,,T,test-only
ch4_part1,SUSAK(1980),ch4,solubility_molality,598,344.7,0.9,0.9,0,0,0,0,1.29096,,T,test-only
ch4_part1,SUSAK(1980),ch4,solubility_molality,598,689.5,0.9,0.9,0,0,0,0,2.77068,,T,test-only
ch4_part1,SUSAK(1980),ch4,solubility_molality,598,1034.2,0.9,0.9,0,0,0,0,3.91061,,T,test-only
ch4_part1,SUSAK(1980),ch4,solubility_molality,598,1379,0.9,0.9,0,0,0,0,4.84514,,T,test-only
ch4_part1,SUSAK(1980),ch4,solubility_molality,598,172.4,1.9,1.9,0,0,0,0,0.24701,,T,test-only
ch4_part1,SUSAK(1980),ch4,solubility_molality,598,344.7,1.9,1.9,0,0,0,0,0.95903,,T,test-only
ch4_part1,SUSAK(1980),ch4,solubility_molality,598,689.5,1.9,1.9,0,0,0,0,2.05828,,T,test-only
ch4_part1,SUSAK(1980),ch4,solubility_molality,598,1034.2,1.9,1.9,0,0,0,0,2.90511,,T,test-only
ch4_part1,SUSAK(1980),ch4,solubility_molality,598,1379,1.9,1.9,0,0,0,0,3.59936,,T,test-only
ch4_part1,SUSAK(1980),ch4,solubility_molality,598,172.4,3.02,3.02,0,0,0,0,0.1772,,T,test-only
ch4_part1,SUSAK(1980),ch4,solubility_molality,598,344.7,3.02,3.02,0,0,0,0,0.68796,,T,test-only
ch4_part1,SUSAK(1980),ch4,solubility_molality,598,689.5,3.02,3.02,0,0,0,0,1.47651,,T,test-only
ch4_part1,SUSAK(1980),ch4,solubility_molality,598,1034.2,3.02,3.02,0,0,0,0,2.08399,,T,test-only
ch4_part1,SUSAK(1980),ch4,solubility_molality,598,1379,3.02,3.02,0,0,0,0,2.58201,,T,test-only
ch4_part1,SUSAK(1980),ch4,solubility_molality,598,172.4,4.27,4.27,0,0,0,0,0.12194,,T,test-only
ch4_part1,SUSAK(1980),ch4,solubility_molality,598,344.7,4.27,4.27,0,0,0,0,0.47344,,T,test-only
ch4_part1,SUSAK(1980),ch4,solubility_molality,598,689.5,4.27,4.27,0,0,0,0,1.0161,,T,test-only
ch4_part1,SUSAK(1980),ch4,solubility_molality,598,1034.2,4.27,4.27,0,0,0,0,1.43415,,T,test-only
ch4_part1,SUSAK(1980),ch4,solubility_molality,598,1379,4.27,4.27,0,0,0,0,1.77688,,T,test-only
co2_mixed_brines,PORTIER_2005,co2,xc_saltfree,293,100,0.448,0.528,0.006,0.011,0.026,0,0.0239636446,,T,test-only
co2_mixed_brines,PORTIER_2005,co2,solubility_molality,293,100,0.448,0.528,0.006,0.011,0.026,0,1.362843098,,T,test-only
co2_mixed_brines,PORTIER_2005,co2,xc_saltfree,293,100,0.448,0.528,0.006,0.011,0.026,0,0.02215981429,,T,test-only
co2_mixed_brines,PORTIER_2005,co2,solubility_molality,293,100,0.448,0.528,0.006,0.011,0.026,0,1.257932155,,T,test-only
co2_mixed_brines,ELMAGHRABY_2012,co2,xc_saltfree,306,90,0.856,0.99,0.134,0,0,0,0.01794219608,,T,test-only
co2_mixed_brines,ELMAGHRABY_2012,co2,solubility_molality,306,90,0.856,0.99,0.134,0,0,0,1.014139109,,T,test-only
co2_mixed_brines,LIU_2011,co2,xc_saltfree,308,20.6,0.3,0.851,0.235,0.158,0,0,0.008015433693,,T,test-only
co2_mixed_brines,LIU_2011,co2,solubility_molality,308,20.6,0.3,0.851,0.235,0.158,0,0,0.448519257,,T,test-only
co2_mixed_brines,LIU_2011,co2,xc_saltfree,308,37.9,0.3,0.851,0.235,0.158,0,0,0.01276261008,,T,test-only
co2_mixed_brines,LIU_2011,co2,solubility_molality,308,37.9,0.3,0.851,0.235,0.158,0,0,0.7175908451,,T,test-only
co2_mixed_brines,LIU_2011,co2,xc_saltfree,308,60.7,0.3,0.851,0.235,0.158,0,0,0.01734812919,,T,test-only
co2_mixed_brines,LIU_2011,co2,solubility_molality,308,60.7,0.3,0.851,0.235,0.158,0,0,0.979968116,,T,test-only
co2_mixed_brines,LIU_2011,co2,xc_saltfree,308,80.5,0.3,0.851,0.235,0.158,0,0,0.01975295814,,T,test-only
co2_mixed_brines,LIU_2011,co2,solubility_molality,308,80.5,0.3,0.851,0.235,0.158,0,0,1.118550475,,T,test-only
co2_mixed_brines,LIU_2011,co2,xc_saltfree,308,100.6,0.3,0.851,0.235,0.158,0,0,0.02043739821,,T,test-only
co2_mixed_brines,LIU_2011,co2,solubility_molality,308,100.6,0.3,0.851,0.235,0.158,0,0,1.158116887,,T,test-only
co2_mixed_brines,LIU_2011,co2,xc_saltfree,308,120.6,0.3,0.851,0.235,0.158,0,0,0.02066533255,,T,test-only
co2_mixed_brines,LIU_2011,co2,solubility_molality,308,120.6,0.3,0.851,0.235,0.158,0,0,1.171305692,,T,test-only
co2_mixed_brines,LIU_2011,co2,xc_saltfree,308,140.7,0.3,0.851,0.235,0.158,0,0,0.02112260792,,T,test-only
co2_mixed_brines,LIU_2011,co2,solubility_molality,308,140.7,0.3,0.851,0.235,0.158,0,0,1.197783215,,T,test-only
co2_mixed_brines,LIU_2011,co2,xc_saltfree,308,158.4,0.3,0.851,0.235,0.158,0,0,0.02121401175,,T,test-only
co2_mixed_brines,LIU_2011,co2,solubility_molality,308,158.4,0.3,0.851,0.235,0.158,0,0,1.20307872,,T,test-only
co2_mixed_brines,LIU_2011,co2,xc_saltfree,308,23.7,0.633,1.798,0.497,0.334,0,0,0.00781524091,,T,test-only
co2_mixed_brines,LIU_2011,co2,solubility_molality,308,23.7,0.633,1.798,0.497,0.334,0,0,0.4372288413,,T,test-only
co2_mixed_brines,LIU_2011,co2,xc_saltfree,308,43.5,0.633,1.798,0.497,0.334,0,0,0.01221143733,,T,test-only
co2_mixed_brines,LIU_2011,co2,solubility_molality,308,43.5,0.633,1.798,0.497,0.334,0,0,0.6862174776,,T,test-only
co2_mixed_brines,LIU_2011,co2,xc_saltfree,308,63.8,0.633,1.798,0.497,0.334,0,0,0.01557033031,,T,test-only
co2_mixed_brines,LIU_2011,co2,solubility_molality,308,63.8,0.633,1.798,0.497,0.334,0,0,0.877954714,,T,test-only
co2_mixed_brines,LIU_2011,co2,xc_saltfree,308,83.8,0.633,1.798,0.497,0.334,0,0,0.01723687893,,T,test-only
co2_mixed_brines,LIU_2011,co2,solubility_molality,308,83.8,0.633,1.798,0.497,0.334,0,0,0.9735735442,,T,test-only
co2_mixed_brines,LIU_2011,co2,xc_saltfree,308,101.5,0.633,1.798,0.497,0.334,0,0,0.01800121611,,T,test-only
co2_mixed_brines,LIU_2011,co2,solubility_molality,308,101.5,0.633,1.798,0.497,0.334,0,0,1.017536225,,T,test-only
co2_mixed_brines,LIU_2011,co2,xc_saltfree,308,113.7,0.633,1.798,0.497,0.334,0,0,0.01804981551,,T,test-only
co2_mixed_brines,LIU_2011,co2,solubility_molality,308,113.7,0.633,1.798,0.497,0.334,0,0,1.02033385,,T,test-only
co2_mixed_brines,LIU_2011,co2,xc_saltfree,308,133,0.633,1.798,0.497,0.334,0,0,0.0185286095,,T,test-only
co2_mixed_brines,LIU_2011,co2,solubility_molality,308,133,0.633,1.798,0.497,0.334,0,0,1.04791044,,T,test-only
co2_mixed_brines,LIU_2011,co2,xc_saltfree,308,156.8,0.633,1.798,0.497,0.334,0,0,0.01867250334,,T,test-only
co2_mixed_brines,LIU_2011,co2,solubility_molality,308,156.8,0.633,1.798,0.497,0.334,0,0,1.056203401,,T,test-only
co2_mixed_brines,LIU_2011,co2,xc_saltfree,308,13.4,0.951,2.7,0.747,0.501,0,0,0.004322831993,,T,test-only
co2_mixed_brines,LIU_2011,co2,solubility_molality,308,13.4,0.951,2.7,0.747,0.501,0,0,0.2409954217,,T,test-only
co2_mixed_brines,LIU_2011,co2,xc_saltfree,308,20.8,0.951,2.7,0.747,0.501,0,0,0.006116557482,,T,test-only
co2_mixed_brines,LIU_2011,co2,solubility_molality,308,20.8,0.951,2.7,0.747,0.501,0,0,0.3416100111,,T,test-only
co2_mixed_brines,LIU_2011,co2,xc_saltfree,308,30,0.951,2.7,0.747,0.501,0,0,0.008162426495,,T,test-only
co2_mixed_brines,LIU_2011,co2,solubility_molality,308,30,0.951,2.7,0.747,0.501,0,0,0.4568122172,,T,test-only
co2_mixed_brines,LIU_2011,co2,xc_saltfree,308,40.7,0.951,2.7,0.747,0.501,0,0,0.01031979141,,T,test-only
co2_mixed_brines,LIU_2011,co2,solubility_molality,308,40.7,0.951,2.7,0.747,0.501,0,0,0.5788086558,,T,test-only
co2_mixed_brines,LIU_2011,co2,xc_saltfree,308,50.8,0.951,2.7,0.747,0.501,0,0,0.01179677482,,T,test-only
co2_mixed_brines,LIU_2011,co2,solubility_molality,308,50.8,0.951,2.7,0.747,0.501,0,0,0.6626374944,,T,test-only
co2_mixed_brines,LIU_2011,co2,xc_saltfree,308,60.4,0.951,2.7,0.747,0.501,0,0,0.01333069169,,T,test-only
co2_mixed_brines,LIU_2011,co2,solubility_molality,308,60.4,0.951,2.7,0.747,0.501,0,0,0.7499633644,,T,test-only
co2_mixed_brines,LIU_2011,co2,xc_saltfree,308,70.3,0.951,2.7,0.747,0.501,0,0,0.01447363727,,T,test-only
co2_mixed_brines,LIU_2011,co2,solubility_molality,308,70.3,0.951,2.7,0.747,0.501,0,0,0.815207979,,T,test-only
co2_mixed_brines,LIU_2011,co2,xc_saltfree,308,90.6,0.951,2.7,0.747,0.501,0,0,0.01527020493,,T,test-only
co2_mixed_brines,LIU_2011,co2,solubility_molality,308,90.6,0.951,2.7,0.747,0.501,0,0,0.8607693025,,T,test-only
co2_mixed_brines,LIU_2011,co2,xc_saltfree,308,110.7,0.951,2.7,0.747,0.501,0,0,0.01566975011,,T,test-only
co2_mixed_brines,LIU_2011,co2,solubility_molality,308,110.7,0.951,2.7,0.747,0.501,0,0,0.8836498794,,T,test-only
co2_mixed_brines,LIU_2011,co2,xc_saltfree,308,136,0.951,2.7,0.747,0.501,0,0,0.0160689712,,T,test-only
co2_mixed_brines,LIU_2011,co2,solubility_molality,308,136,0.951,2.7,0.747,0.501,0,0,0.9065304564,,T,test-only
co2_mixed_brines,LIU_2011,co2,xc_saltfree,308,155.6,0.951,2.7,0.747,0.501,0,0,0.01636860996,,T,test-only
co2_mixed_brines,LIU_2011,co2,solubility_molality,308,155.6,0.951,2.7,0.747,0.501,0,0,0.9237158679,,T,test-only
co2_mixed_brines,TONG_2013,co2,xc_saltfree,308,11.9,0.91,1.053,0.143,0,0,0,0.0038,,T,test-only
co2_mixed_brines,TONG_2013,co2,solubility_molality,308,11.9,0.91,1.053,0.143,0,0,0,0.2117366525,,T,test-only
co2_mixed_brines,TONG_2013,co2,xc_saltfree,308,37.4,0.91,1.053,0.143,0,0,0,0.0118,,T,test-only
co2_mixed_brines,TONG_2013,co2,solubility_molality,308,37.4,0.91,1.053,0.143,0,0,0,0.6628208194,,T,test-only
co2_mixed_brines,LIU_2011,co2,xc_saltfree,318,24.8,0.95,1.695,0.746,0,0,0,0.007072227353,,T,test-only
co2_mixed_brines,LIU_2011,co2,solubility_molality,318,24.8,0.95,1.695,0.746,0,0,0,0.3953643796,,T,test-only
co2_mixed_brines,LIU_2011,co2,xc_saltfree,318,46.4,0.95,1.695,0.746,0,0,0,0.01141167052,,T,test-only
co2_mixed_brines,LIU_2011,co2,solubility_molality,318,46.4,0.95,1.695,0.746,0,0,0,0.6407560693,,T,test-only
co2_mixed_brines,LIU_2011,co2,xc_saltfree,318,66.5,0.95,1.695,0.746,0,0,0,0.01438446733,,T,test-only
co2_mixed_brines,LIU_2011,co2,solubility_molality,318,66.5,0.95,1.695,0.746,0,0,0,0.8101123047,,T,test-only
co2_mixed_brines,LIU_2011,co2,xc_saltfree,318,85.9,0.95,1.695,0.746,0,0,0,0.01604457397,,T,test-only
co2_mixed_brines,LIU_2011,co2,solubility_molality,318,85.9,0.95,1.695,0.746,0,0,0,0.9051316438,,T,test-only
co2_mixed_brines,LIU_2011,co2,xc_saltfree,318,105.8,0.95,1.695,0.746,0,0,0,0.01690297698,,T,test-only
co2_mixed_brines,LIU_2011,co2,solubility_molality,318,105.8,0.95,1.695,0.746,0,0,0,0.9543898291,,T,test-only
co2_mixed_brines,LIU_2011,co2,xc_saltfree,318,125.1,0.95,1.695,0.746,0,0,0,0.01728381571,,T,test-only
co2_mixed_brines,LIU_2011,co2,solubility_molality,318,125.1,0.95,1.695,0.746,0,0,0,0.9762712542,,T,test-only
co2_mixed_brines,LIU_2011,co2,xc_saltfree,318,144.6,0.95,1.695,0.746,0,0,0,0.01766609645,,T,test-only
co2_mixed_brines,LIU_2011,co2,solubility_molality,318,144.6,0.95,1.695,0.746,0,0,0,0.9982525945,,T,test-only
co2_mixed_brines,LIU_2011,co2,xc_saltfree,318,159.9,0.95,1.695,0.746,0,0,0,0.0178588616,,T,test-only
co2_mixed_brines,LIU_2011,co2,solubility_molality,318,159.9,0.95,1.695,0.746,0,0,0,1.00934318,,T,test-only
co2_mixed_brines,LIU_2011,co2,xc_saltfree,318,24.6,0.95,1.951,0,0.501,0,0,0.006607056467,,T,test-only
co2_mixed_brines,LIU_2011,co2,solubility_molality,318,24.6,0.95,1.951,0,0.501,0,0,0.3691866016,,T,test-only
co2_mixed_brines,LIU_2011,co2,xc_saltfree,318,45.8,0.95,1.951,0,0.501,0,0,0.01038149398,,T,test-only
co2_mixed_brines,LIU_2011,co2,solubility_molality,318,45.8,0.95,1.951,0,0.501,0,0,0.5823056872,,T,test-only
co2_mixed_brines,LIU_2011,co2,xc_saltfree,318,65.8,0.95,1.951,0,0.501,0,0,0.01320100227,,T,test-only
co2_mixed_brines,LIU_2011,co2,solubility_molality,318,65.8,0.95,1.951,0,0.501,0,0,0.7425696409,,T,test-only
co2_mixed_brines,LIU_2011,co2,xc_saltfree,318,85.8,0.95,1.951,0,0.501,0,0,0.01481093828,,T,test-only
co2_mixed_brines,LIU_2011,co2,solubility_molality,318,85.8,0.95,1.951,0,0.501,0,0,0.8344916093,,T,test-only
co2_mixed_brines,LIU_2011,co2,xc_saltfree,318,105.6,0.95,1.951,0,0.501,0,0,0.01566451799,,T,test-only
co2_mixed_brines,LIU_2011,co2,solubility_molality,318,105.6,0.95,1.951,0,0.501,0,0,0.8833501339,,T,test-only
co2_mixed_brines,LIU_2011,co2,xc_saltfree,318,124.3,0.95,1.951,0,0.501,0,0,0.01599751874,,T,test-only
co2_mixed_brines,LIU_2011,co2,solubility_molality,318,124.3,0.95,1.951,0,0.501,0,0,0.9024339339,,T,test-only
co2_mixed_brines,LIU_2011,co2,xc_saltfree,318,144.5,0.95,1.951,0,0.501,0,0,0.01623623395,,T,test-only
co2_mixed_brines,LIU_2011,co2,solubility_molality,318,144.5,0.95,1.951,0,0.501,0,0,0.9161223139,,T,test-only
co2_mixed_brines,LIU_2011,co2,xc_saltfree,318,160.2,0.95,1.951,0,0.501,0,0,0.01666458527,,T,test-only
co2_mixed_brines,LIU_2011,co2,solubility_molality,318,160.2,0.95,1.951,0,0.501,0,0,0.940701449,,T,test-only
co2_mixed_brines,LIU_2011,co2,xc_saltfree,318,20.9,0,1.747,0.746,0.501,0,0,0.006237450021,,T,test-only
co2_mixed_brines,LIU_2011,co2,solubility_molality,318,20.9,0,1.747,0.746,0.501,0,0,0.3484042435,,T,test-only
co2_mixed_brines,LIU_2011,co2,xc_saltfree,318,40.8,0,1.747,0.746,0.501,0,0,0.0106141316,,T,test-only
co2_mixed_brines,LIU_2011,co2,solubility_molality,318,40.8,0,1.747,0.746,0.501,0,0,0.5954944913,,T,test-only
co2_mixed_brines,LIU_2011,co2,xc_saltfree,318,60.9,0,1.747,0.746,0.501,0,0,0.01400487752,,T,test-only
co2_mixed_brines,LIU_2011,co2,solubility_molality,318,60.9,0,1.747,0.746,0.501,0,0,0.7884307099,,T,test-only
co2_mixed_brines,LIU_2011,co2,xc_saltfree,318,80.9,0,1.747,0.746,0.501,0,0,0.01585458267,,T,test-only
co2_mixed_brines,LIU_2011,co2,solubility_molality,318,80.9,0,1.747,0.746,0.501,0,0,0.8942408888,,T,test-only
co2_mixed_brines,LIU_2011,co2,xc_saltfree,318,100.9,0,1.747,0.746,0.501,0,0,0.01714125312,,T,test-only
co2_mixed_brines,LIU_2011,co2,solubility_molality,318,100.9,0,1.747,0.746,0.501,0,0,0.9680782092,,T,test-only
co2_mixed_brines,LIU_2011,co2,xc_saltfree,318,120.8,0,1.747,0.746,0.501,0,0,0.01757055415,,T,test-only
co2_mixed_brines,LIU_2011,co2,solubility_molality,318,120.8,0,1.747,0.746,0.501,0,0,0.9927572594,,T,test-only
co2_mixed_brines,LIU_2011,co2,xc_saltfree,318,140.8,0,1.747,0.746,0.501,0,0,0.01809667467,,T,test-only
co2_mixed_brines,LIU_2011,co2,solubility_molality,318,140.8,0,1.747,0.746,0.501,0,0,1.02303156,,T,test-only
co2_mixed_brines,LIU_2011,co2,xc_saltfree,318,158.7,0,1.747,0.746,0.501,0,0,0.01833610719,,T,test-only
co2_mixed_brines,LIU_2011,co2,solubility_molality,318,158.7,0,1.747,0.746,0.501,0,0,1.036819855,,T,test-only
co2_mixed_brines,LIU_2011,co2,xc_saltfree,318,20.8,0.3,0.851,0.235,0.158,0,0,0.006740260592,,T,test-only
co2_mixed_brines,LIU_2011,co2,solubility_molality,318,20.8,0.3,0.851,0.235,0.158,0,0,0.3766802403,,T,test-only
co2_mixed_brines,LIU_2011,co2,xc_saltfree,318,40.8,0.3,0.851,0.235,0.158,0,0,0.01138000477,,T,test-only
co2_mixed_brines,LIU_2011,co2,solubility_molality,318,40.8,0.3,0.851,0.235,0.158,0,0,0.638957596,,T,test-only
co2_mixed_brines,LIU_2011,co2,xc_saltfree,318,61,0.3,0.851,0.235,0.158,0,0,0.01509213715,,T,test-only
co2_mixed_brines,LIU_2011,co2,solubility_molality,318,61,0.3,0.851,0.235,0.158,0,0,0.8505779538,,T,test-only
co2_mixed_brines,LIU_2011,co2,xc_saltfree,318,80.8,0.3,0.851,0.235,0.158,0,0,0.01752885714,,T,test-only
co2_mixed_brines,LIU_2011,co2,solubility_molality,318,80.8,0.3,0.851,0.235,0.158,0,0,0.990359295,,T,test-only
co2_mixed_brines,LIU_2011,co2,xc_saltfree,318,100.8,0.3,0.851,0.235,0.158,0,0,0.01875223357,,T,test-only
co2_mixed_brines,LIU_2011,co2,solubility_molality,318,100.8,0.3,0.851,0.235,0.158,0,0,1.060799499,,T,test-only
co2_mixed_brines,LIU_2011,co2,xc_saltfree,318,120.6,0.3,0.851,0.235,0.158,0,0,0.01925285113,,T,test-only
co2_mixed_brines,LIU_2011,co2,solubility_molality,318,120.6,0.3,0.851,0.235,0.158,0,0,1.089674987,,T,test-only
co2_mixed_brines,LIU_2011,co2,xc_saltfree,318,140.6,0.3,0.851,0.235,0.158,0,0,0.01975295814,,T,test-only
co2_mixed_brines,LIU_2011,co2,solubility_molality,318,140.6,0.3,0.851,0.235,0.158,0,0,1.118550475,,T,test-only
co2_mixed_brines,LIU_2011,co2,xc_saltfree,318,158.4,0.3,0.851,0.235,0.158,0,0,0.02007282819,,T,test-only
co2_mixed_brines,LIU_2011,co2,solubility_molality,318,158.4,0.3,0.851,0.235,0.158,0,0,1.137034784,,T,test-only
co2_mixed_brines,LIU_2011,co2,xc_saltfree,318,25.8,0.633,1.798,0.497,0.334,0,0,0.007072227353,,T,test-only
co2_mixed_brines,LIU_2011,co2,solubility_molality,318,25.8,0.633,1.798,0.497,0.334,0,0,0.3953643796,,T,test-only
co2_mixed_brines,LIU_2011,co2,xc_saltfree,318,45.4,0.633,1.798,0.497,0.334,0,0,0.01075507087,,T,test-only
co2_mixed_brines,LIU_2011,co2,solubility_molality,318,45.4,0.633,1.798,0.497,0.334,0,0,0.603487706,,T,test-only
co2_mixed_brines,LIU_2011,co2,xc_saltfree,318,65.5,0.633,1.798,0.497,0.334,0,0,0.01386311237,,T,test-only
co2_mixed_brines,LIU_2011,co2,solubility_molality,318,65.5,0.633,1.798,0.497,0.334,0,0,0.7803375801,,T,test-only
co2_mixed_brines,LIU_2011,co2,xc_saltfree,318,85.9,0.633,1.798,0.497,0.334,0,0,0.01566451799,,T,test-only
co2_mixed_brines,LIU_2011,co2,solubility_molality,318,85.9,0.633,1.798,0.497,0.334,0,0,0.8833501339,,T,test-only
co2_mixed_brines,LIU_2011,co2,xc_saltfree,318,102.5,0.633,1.798,0.497,0.334,0,0,0.01637905918,,T,test-only
co2_mixed_brines,LIU_2011,co2,solubility_molality,318,102.5,0.633,1.798,0.497,0.334,0,0,0.924315359,,T,test-only
co2_mixed_brines,LIU_2011,co2,xc_saltfree,318,117.1,0.633,1.798,0.497,0.334,0,0,0.01690297698,,T,test-only
co2_mixed_brines,LIU_2011,co2,solubility_molality,318,117.1,0.633,1.798,0.497,0.334,0,0,0.9543898291,,T,test-only
co2_mixed_brines,LIU_2011,co2,xc_saltfree,318,136.1,0.633,1.798,0.497,0.334,0,0,0.01718993768,,T,test-only
co2_mixed_brines,LIU_2011,co2,solubility_molality,318,136.1,0.633,1.798,0.497,0.334,0,0,0.9708758343,,T,test-only
co2_mixed_brines,LIU_2011,co2,xc_saltfree,318,155.7,0.633,1.798,0.497,0.334,0,0,0.01737941378,,T,test-only
co2_mixed_brines,LIU_2011,co2,solubility_molality,318,155.7,0.633,1.798,0.497,0.334,0,0,0.9817665893,,T,test-only
co2_mixed_brines,LIU_2011,co2,xc_saltfree,318,20.7,0.951,2.7,0.747,0.501,0,0,0.005096690673,,T,test-only
co2_mixed_brines,LIU_2011,co2,solubility_molality,318,20.7,0.951,2.7,0.747,0.501,0,0,0.2843586111,,T,test-only
co2_mixed_brines,LIU_2011,co2,xc_saltfree,318,40.6,0.951,2.7,0.747,0.501,0,0,0.008749962332,,T,test-only
co2_mixed_brines,LIU_2011,co2,solubility_molality,318,40.6,0.951,2.7,0.747,0.501,0,0,0.489984058,,T,test-only
co2_mixed_brines,LIU_2011,co2,xc_saltfree,318,60.7,0.951,2.7,0.747,0.501,0,0,0.01150137915,,T,test-only
co2_mixed_brines,LIU_2011,co2,solubility_molality,318,60.7,0.951,2.7,0.747,0.501,0,0,0.6458517436,,T,test-only
co2_mixed_brines,LIU_2011,co2,xc_saltfree,318,80.8,0.951,2.7,0.747,0.501,0,0,0.01298360842,,T,test-only
co2_mixed_brines,LIU_2011,co2,solubility_molality,318,80.8,0.951,2.7,0.747,0.501,0,0,0.7301801582,,T,test-only
co2_mixed_brines,LIU_2011,co2,xc_saltfree,318,100.7,0.951,2.7,0.747,0.501,0,0,0.01432501174,,T,test-only
co2_mixed_brines,LIU_2011,co2,solubility_molality,318,100.7,0.951,2.7,0.747,0.501,0,0,0.8067151884,,T,test-only
co2_mixed_brines,LIU_2011,co2,xc_saltfree,318,130.4,0.951,2.7,0.747,0.501,0,0,0.01502228906,,T,test-only
co2_mixed_brines,LIU_2011,co2,solubility_molality,318,130.4,0.951,2.7,0.747,0.501,0,0,0.8465813465,,T,test-only
co2_mixed_brines,LIU_2011,co2,xc_saltfree,318,140.2,0.951,2.7,0.747,0.501,0,0,0.01522132999,,T,test-only
co2_mixed_brines,LIU_2011,co2,solubility_molality,318,140.2,0.951,2.7,0.747,0.501,0,0,0.8579716774,,T,test-only
co2_mixed_brines,LIU_2011,co2,xc_saltfree,318,154.6,0.951,2.7,0.747,0.501,0,0,0.0155197406,,T,test-only
co2_mixed_brines,LIU_2011,co2,solubility_molality,318,154.6,0.951,2.7,0.747,0.501,0,0,0.8750571737,,T,test-only
co2_mixed_brines,WANG_2014,co2,xc_saltfree,318,80,0.435,1.036,0.002,0.286,0.022,0.008,0.0150694376,,T,test-only
co2_mixed_brines,WANG_2014,co2,solubility_molality,318,80,0.435,1.036,0.002,0.286,0.022,0.008,0.8492790564,,T,test-only
co2_mixed_brines,WANG_2014,co2,xc_saltfree,318,90,0.435,1.036,0.002,0.286,0.022,0.008,0.01618571266,,T,test-only
co2_mixed_brines,WANG_2014,co2,solubility_molality,318,90,0.435,1.036,0.002,0.286,0.022,0.008,0.9132247736,,T,test-only
co2_mixed_brines,WANG_2014,co2,xc_saltfree,318,100,0.435,1.036,0.002,0.286,0.022,0.008,0.01722992496,,T,test-only
co2_mixed_brines,WANG_2014,co2,solubility_molality,318,100,0.435,1.036,0.002,0.286,0.022,0.008,0.9731738835,,T,test-only
co2_mixed_brines,WANG_2014,co2,xc_saltfree,318,110,0.435,1.036,0.002,0.286,0.022,0.008,0.01759487577,,T,test-only
co2_mixed_brines,WANG_2014,co2,solubility_molality,318,110,0.435,1.036,0.002,0.286,0.022,0.008,0.994156072,,T,test-only
co2_mixed_brines,WANG_2014,co2,xc_saltfree,318,80,0.246,0.269,0.001,0.015,0.003,0.006,0.016795106,,T,test-only
co2_mixed_brines,WANG_2014,co2,solubility_molality,318,80,0.246,0.269,0.001,0.015,0.003,0.006,0.9481950877,,T,test-only
co2_mixed_brines,WANG_2014,co2,xc_saltfree,318,90,0.246,0.269,0.001,0.015,0.003,0.006,0.01717776699,,T,test-only
co2_mixed_brines,WANG_2014,co2,solubility_molality,318,90,0.246,0.269,0.001,0.015,0.003,0.006,0.970176428,,T,test-only
co2_mixed_brines,WANG_2014,co2,xc_saltfree,318,100,0.246,0.269,0.001,0.015,0.003,0.006,0.01795955565,,T,test-only
co2_mixed_brines,WANG_2014,co2,solubility_molality,318,100,0.246,0.269,0.001,0.015,0.003,0.006,1.01513826,,T,test-only
co2_mixed_brines,WANG_2014,co2,xc_saltfree,318,110,0.246,0.269,0.001,0.015,0.003,0.006,0.01834131095,,T,test-only
co2_mixed_brines,WANG_2014,co2,solubility_molality,318,110,0.246,0.269,0.001,0.015,0.003,0.006,1.037119601,,T,test-only
co2_mixed_brines,WANG_2014,co2,xc_saltfree,318,80,0.249,0.709,0.001,0.219,0.012,0.002,0.01597660386,,T,test-only
co2_mixed_brines,WANG_2014,co2,solubility_molality,318,80,0.249,0.709,0.001,0.219,0.012,0.002,0.9012349517,,T,test-only
co2_mixed_brines,WANG_2014,co2,xc_saltfree,318,90,0.249,0.709,0.001,0.219,0.012,0.002,0.01655143928,,T,test-only
co2_mixed_brines,WANG_2014,co2,solubility_molality,318,90,0.249,0.709,0.001,0.219,0.012,0.002,0.9342069621,,T,test-only
co2_mixed_brines,WANG_2014,co2,xc_saltfree,318,100,0.249,0.709,0.001,0.219,0.012,0.002,0.01738636565,,T,test-only
co2_mixed_brines,WANG_2014,co2,solubility_molality,318,100,0.249,0.709,0.001,0.219,0.012,0.002,0.98216625,,T,test-only
co2_mixed_brines,WANG_2014,co2,xc_saltfree,318,110,0.249,0.709,0.001,0.219,0.012,0.002,0.01860142852,,T,test-only
co2_mixed_brines,WANG_2014,co2,solubility_molality,318,110,0.249,0.709,0.001,0.219,0.012,0.002,1.052106878,,T,test-only
co2_mixed_brines,WANG_2014,co2,xc_saltfree,318,80,0.195,0.392,0.001,0.11,0.004,0.016,0.01580227861,,T,test-only
co2_mixed_brines,WANG_2014,co2,solubility_molality,318,80,0.195,0.392,0.001,0.11,0.004,0.016,0.8912434334,,T,test-only
co2_mixed_brines,WANG_2014,co2,xc_saltfree,318,90,0.195,0.392,0.001,0.11,0.004,0.016,0.01686470289,,T,test-only
co2_mixed_brines,WANG_2014,co2,solubility_molality,318,90,0.195,0.392,0.001,0.11,0.004,0.016,0.952191695,,T,test-only
co2_mixed_brines,WANG_2014,co2,xc_saltfree,318,100,0.195,0.392,0.001,0.11,0.004,0.016,0.01766435949,,T,test-only
co2_mixed_brines,WANG_2014,co2,solubility_molality,318,100,0.195,0.392,0.001,0.11,0.004,0.016,0.9981526793,,T,test-only
co2_mixed_brines,WANG_2014,co2,xc_saltfree,318,110,0.195,0.392,0.001,0.11,0.004,0.016,0.01846271631,,T,test-only
co2_mixed_brines,WANG_2014,co2,solubility_molality,318,110,0.195,0.392,0.001,0.11,0.004,0.016,1.044113664,,T,test-only
co2_mixed_brines,ELMAGHRABY_2012,co2,xc_saltfree,323,90,0.856,0.99,0.134,0,0,0,0.01569765382,,T,test-only
co2_mixed_brines,ELMAGHRABY_2012,co2,solubility_molality,323,90,0.856,0.99,0.134,0,0,0,0.8852485224,,T,test-only
co2_mixed_brines,TEYMOURI_2017,co2,xc_saltfree,323,100.2,3.983,4.737,0.0422,0.326,0.029,0,0.0082,,T,test-only
co2_mixed_brines,TEYMOURI_2017,co2,solubility_molality,323,100.2,3.983,4.737,0.0422,0.326,0.029,0,0.4589324133,,T,test-only
co2_mixed_brines,TEYMOURI_2017,co2,xc_saltfree,323,244.1,3.983,4.737,0.0422,0.326,0.029,0,0.0098,,T,test-only
co2_mixed_brines,TEYMOURI_2017,co2,solubility_molality,323,244.1,3.983,4.737,0.0422,0.326,0.029,0,0.5493664549,,T,test-only
co2_mixed_brines,TEYMOURI_2017,co2,xc_saltfree,323,398.9,3.983,4.737,0.0422,0.326,0.029,0,0.0107,,T,test-only
co2_mixed_brines,TEYMOURI_2017,co2,solubility_molality,323,398.9,3.983,4.737,0.0422,0.326,0.029,0,0.6003641516,,T,test-only
co2_mixed_brines,TEYMOURI_2017,co2,xc_saltfree,323,487.6,3.983,4.737,0.0422,0.326,0.029,0,0.0113,,T,test-only
co2_mixed_brines,TEYMOURI_2017,co2,solubility_molality,323,487.6,3.983,4.737,0.0422,0.326,0.029,0,0.6344141966,,T,test-only
co2_mixed_brines,TEYMOURI_2017,co2,xc_saltfree,323,571,3.983,4.737,0.0422,0.326,0.029,0,0.0118,,T,test-only
co2_mixed_brines,TEYMOURI_2017,co2,solubility_molality,323,571,3.983,4.737,0.0422,0.326,0.029,0,0.6628208194,,T,test-only
co2_mixed_brines,PORTIER_2005,co2,xc_saltfree,323,80,0.448,0.528,0.006,0.011,0.026,0,0.01599403299,,T,test-only
co2_mixed_brines,PORTIER_2005,co2,solubility_molality,323,80,0.448,0.528,0.006,0.011,0.026,0,0.9022341035,,T,test-only
co2_mixed_brines,PORTIER_2005,co2,xc_saltfree,323,80,0.448,0.528,0.006,0.011,0.026,0,0.01656884805,,T,test-only
co2_mixed_brines,PORTIER_2005,co2,solubility_molality,323,80,0.448,0.528,0.006,0.011,0.026,0,0.9352061139,,T,test-only
co2_mixed_brines,PORTIER_2005,co2,xc_saltfree,323,100,0.448,0.528,0.006,0.011,0.026,0,0.01691689409,,T,test-only
co2_mixed_brines,PORTIER_2005,co2,solubility_molality,323,100,0.448,0.528,0.006,0.011,0.026,0,0.9551891505,,T,test-only
co2_mixed_brines,PORTIER_2005,co2,xc_saltfree,323,120,0.448,0.528,0.006,0.011,0.026,0,0.01950210317,,T,test-only
co2_mixed_brines,PORTIER_2005,co2,solubility_molality,323,120,0.448,0.528,0.006,0.011,0.026,0,1.104062773,,T,test-only
co2_mixed_brines,PORTIER_2005,co2,xc_saltfree,323,120,0.448,0.528,0.006,0.011,0.026,0,0.01915588556,,T,test-only
co2_mixed_brines,PORTIER_2005,co2,solubility_molality,323,120,0.448,0.528,0.006,0.011,0.026,0,1.084079737,,T,test-only
co2_mixed_brines,POULANI_2019,co2,xc_saltfree,323,10.1,1.2,1.6,0,0.2,0,0,0.002409778938,,T,test-only
co2_mixed_brines,POULANI_2019,co2,solubility_molality,323,10.1,1.2,1.6,0,0.2,0,0,0.1340861757,,T,test-only
co2_mixed_brines,POULANI_2019,co2,xc_saltfree,323,20.1,1.2,1.6,0,0.2,0,0,0.004604698664,,T,test-only
co2_mixed_brines,POULANI_2019,co2,solubility_molality,323,20.1,1.2,1.6,0,0.2,0,0,0.2567820206,,T,test-only
co2_mixed_brines,POULANI_2019,co2,xc_saltfree,323,30.3,1.2,1.6,0,0.2,0,0,0.006745588014,,T,test-only
co2_mixed_brines,POULANI_2019,co2,solubility_molality,323,30.3,1.2,1.6,0,0.2,0,0,0.3769799859,,T,test-only
co2_mixed_brines,POULANI_2019,co2,xc_saltfree,323,40.2,1.2,1.6,0,0.2,0,0,0.008751730967,,T,test-only
co2_mixed_brines,POULANI_2019,co2,solubility_molality,323,40.2,1.2,1.6,0,0.2,0,0,0.4900839732,,T,test-only
co2_mixed_brines,POULANI_2019,co2,xc_saltfree,323,49.8,1.2,1.6,0,0.2,0,0,0.01030216069,,T,test-only
co2_mixed_brines,POULANI_2019,co2,solubility_molality,323,49.8,1.2,1.6,0,0.2,0,0,0.5778095039,,T,test-only
co2_mixed_brines,POULANI_2019,co2,xc_saltfree,323,99.2,1.2,1.6,0,0.2,0,0,0.01559300677,,T,test-only
co2_mixed_brines,POULANI_2019,co2,solubility_molality,323,99.2,1.2,1.6,0,0.2,0,0,0.8792536114,,T,test-only
co2_mixed_brines,POULANI_2019,co2,xc_saltfree,323,150.3,1.2,1.6,0,0.2,0,0,0.01697081917,,T,test-only
co2_mixed_brines,POULANI_2019,co2,solubility_molality,323,150.3,1.2,1.6,0,0.2,0,0,0.9582865212,,T,test-only
co2_mixed_brines,POULANI_2019,co2,xc_saltfree,323,199.3,1.2,1.6,0,0.2,0,0,0.01778766887,,T,test-only
co2_mixed_brines,POULANI_2019,co2,solubility_molality,323,199.3,1.2,1.6,0,0.2,0,0,1.005246657,,T,test-only
co2_mixed_brines,POULANI_2019,co2,xc_saltfree,323,10.1,1.2,1.7,0.1,0.2,0,0,0.00234349513,,T,test-only
co2_mixed_brines,POULANI_2019,co2,solubility_molality,323,10.1,1.2,1.7,0.1,0.2,0,0,0.130389314,,T,test-only
co2_mixed_brines,POULANI_2019,co2,xc_saltfree,323,20.1,1.2,1.7,0.1,0.2,0,0,0.004777664345,,T,test-only
co2_mixed_brines,POULANI_2019,co2,solubility_molality,323,20.1,1.2,1.7,0.1,0.2,0,0,0.2664737934,,T,test-only
co2_mixed_brines,POULANI_2019,co2,xc_saltfree,323,30.3,1.2,1.7,0.1,0.2,0,0,0.006718950332,,T,test-only
co2_mixed_brines,POULANI_2019,co2,solubility_molality,323,30.3,1.2,1.7,0.1,0.2,0,0,0.3754812581,,T,test-only
co2_mixed_brines,POULANI_2019,co2,xc_saltfree,323,40.2,1.2,1.7,0.1,0.2,0,0,0.008925026566,,T,test-only
co2_mixed_brines,POULANI_2019,co2,solubility_molality,323,40.2,1.2,1.7,0.1,0.2,0,0,0.4998756611,,T,test-only
co2_mixed_brines,POULANI_2019,co2,xc_saltfree,323,49.8,1.2,1.7,0.1,0.2,0,0,0.01044671404,,T,test-only
co2_mixed_brines,POULANI_2019,co2,solubility_molality,323,49.8,1.2,1.7,0.1,0.2,0,0,0.5860025489,,T,test-only
co2_mixed_brines,POULANI_2019,co2,xc_saltfree,323,99.2,1.2,1.7,0.1,0.2,0,0,0.01529638594,,T,test-only
co2_mixed_brines,POULANI_2019,co2,solubility_molality,323,99.2,1.2,1.7,0.1,0.2,0,0,0.8622680302,,T,test-only
co2_mixed_brines,POULANI_2019,co2,xc_saltfree,323,150.3,1.2,1.7,0.1,0.2,0,0,0.01604108855,,T,test-only
co2_mixed_brines,POULANI_2019,co2,solubility_molality,323,150.3,1.2,1.7,0.1,0.2,0,0,0.9049318134,,T,test-only
co2_mixed_brines,POULANI_2019,co2,xc_saltfree,323,199.3,1.2,1.7,0.1,0.2,0,0,0.01742286131,,T,test-only
co2_mixed_brines,POULANI_2019,co2,solubility_molality,323,199.3,1.2,1.7,0.1,0.2,0,0,0.9842644688,,T,test-only
co2_mixed_brines,TONG_2013,co2,xc_saltfree,323,10.7,0.91,1.053,0.143,0,0,0,0.0032,,T,test-only
co2_mixed_brines,TONG_2013,co2,solubility_molality,323,10.7,0.91,1.053,0.143,0,0,0,0.1781972233,,T,test-only
co2_mixed_brines,TONG_2013,co2,xc_saltfree,323,43.5,0.91,1.053,0.143,0,0,0,0.0106,,T,test-only
co2_mixed_brines,TONG_2013,co2,solubility_molality,323,43.5,0.91,1.053,0.143,0,0,0,0.5946931591,,T,test-only
co2_mixed_brines,ZHAOc_2015,co2,xc_saltfree,323,100,1.102,1.469,0.019,0.137,0.054,0.017,0.01494719132,,T,test-only
co2_mixed_brines,ZHAOc_2015,co2,solubility_molality,323,100,1.102,1.469,0.019,0.137,0.054,0.017,0.8422849936,,T,test-only
co2_mixed_brines,ZHAOc_2015,co2,xc_saltfree,323,125,1.102,1.469,0.019,0.137,0.054,0.017,0.01597660386,,T,test-only
co2_mixed_brines,ZHAOc_2015,co2,solubility_molality,323,125,1.102,1.469,0.019,0.137,0.054,0.017,0.9012349517,,T,test-only
co2_mixed_brines,ZHAOc_2015,co2,xc_saltfree,323,150,1.102,1.469,0.019,0.137,0.054,0.017,0.01648179803,,T,test-only
co2_mixed_brines,ZHAOc_2015,co2,solubility_molality,323,150,1.102,1.469,0.019,0.137,0.054,0.017,0.9302103548,,T,test-only
co2_mixed_brines,ZHAOc_2015,co2,xc_saltfree,323,175,1.102,1.469,0.019,0.137,0.054,0.017,0.01691689409,,T,test-only
co2_mixed_brines,ZHAOc_2015,co2,solubility_molality,323,175,1.102,1.469,0.019,0.137,0.054,0.017,0.9551891505,,T,test-only
co2_mixed_brines,ZHAOc_2015,co2,xc_saltfree,323,100,3.011,4.328,0.022,0.394,0.254,0,0.009538147638,,T,test-only
co2_mixed_brines,ZHAOc_2015,co2,solubility_molality,323,100,3.011,4.328,0.022,0.394,0.254,0,0.5345462296,,T,test-only
co2_mixed_brines,ZHAOc_2015,co2,xc_saltfree,323,125,3.011,4.328,0.022,0.394,0.254,0,0.01020870739,,T,test-only
co2_mixed_brines,ZHAOc_2015,co2,solubility_molality,323,125,3.011,4.328,0.022,0.394,0.254,0,0.5725139992,,T,test-only
co2_mixed_brines,ZHAOc_2015,co2,xc_saltfree,323,150,3.011,4.328,0.022,0.394,0.254,0,0.01075507087,,T,test-only
co2_mixed_brines,ZHAOc_2015,co2,solubility_molality,323,150,3.011,4.328,0.022,0.394,0.254,0,0.603487706,,T,test-only
co2_mixed_brines,ZHAOc_2015,co2,xc_saltfree,323,175,3.011,4.328,0.022,0.394,0.254,0,0.01077268546,,T,test-only
co2_mixed_brines,ZHAOc_2015,co2,solubility_molality,323,175,3.011,4.328,0.022,0.394,0.254,0,0.6044868578,,T,test-only
co2_mixed_brines,LIU_2011,co2,xc_saltfree,328,20.8,0.3,0.851,0.235,0.158,0,0,0.005381680802,,T,test-only
co2_mixed_brines,LIU_2011,co2,solubility_molality,328,20.8,0.3,0.851,0.235,0.158,0,0,0.3003450404,,T,test-only
co2_mixed_brines,LIU_2011,co2,xc_saltfree,328,40.9,0.3,0.851,0.235,0.158,0,0,0.009825893726,,T,test-only
co2_mixed_brines,LIU_2011,co2,solubility_molality,328,40.9,0.3,0.851,0.235,0.158,0,0,0.5508324045,,T,test-only
co2_mixed_brines,LIU_2011,co2,xc_saltfree,328,60.9,0.3,0.851,0.235,0.158,0,0,0.01329914875,,T,test-only
co2_mixed_brines,LIU_2011,co2,solubility_molality,328,60.9,0.3,0.851,0.235,0.158,0,0,0.7481648911,,T,test-only
co2_mixed_brines,LIU_2011,co2,xc_saltfree,328,80.5,0.3,0.851,0.235,0.158,0,0,0.01549706077,,T,test-only
co2_mixed_brines,LIU_2011,co2,solubility_molality,328,80.5,0.3,0.851,0.235,0.158,0,0,0.8737582763,,T,test-only
co2_mixed_brines,LIU_2011,co2,xc_saltfree,328,100.9,0.3,0.851,0.235,0.158,0,0,0.01712212572,,T,test-only
co2_mixed_brines,LIU_2011,co2,solubility_molality,328,100.9,0.3,0.851,0.235,0.158,0,0,0.9669791422,,T,test-only
co2_mixed_brines,LIU_2011,co2,xc_saltfree,328,120.6,0.3,0.851,0.235,0.158,0,0,0.01820773036,,T,test-only
co2_mixed_brines,LIU_2011,co2,solubility_molality,328,120.6,0.3,0.851,0.235,0.158,0,0,1.029426132,,T,test-only
co2_mixed_brines,LIU_2011,co2,xc_saltfree,328,140.8,0.3,0.851,0.235,0.158,0,0,0.01866210279,,T,test-only
co2_mixed_brines,LIU_2011,co2,solubility_molality,328,140.8,0.3,0.851,0.235,0.158,0,0,1.05560391,,T,test-only
co2_mixed_brines,LIU_2011,co2,xc_saltfree,328,158.5,0.3,0.851,0.235,0.158,0,0,0.01888913133,,T,test-only
co2_mixed_brines,LIU_2011,co2,solubility_molality,328,158.5,0.3,0.851,0.235,0.158,0,0,1.068692799,,T,test-only
co2_mixed_brines,LIU_2011,co2,xc_saltfree,328,23.5,0.633,1.798,0.497,0.334,0,0,0.005589976506,,T,test-only
co2_mixed_brines,LIU_2011,co2,solubility_molality,328,23.5,0.633,1.798,0.497,0.334,0,0,0.3120351169,,T,test-only
co2_mixed_brines,LIU_2011,co2,xc_saltfree,328,44.1,0.633,1.798,0.497,0.334,0,0,0.00925906845,,T,test-only
co2_mixed_brines,LIU_2011,co2,solubility_molality,328,44.1,0.633,1.798,0.497,0.334,0,0,0.5187596307,,T,test-only
co2_mixed_brines,LIU_2011,co2,xc_saltfree,328,64.3,0.633,1.798,0.497,0.334,0,0,0.01192859089,,T,test-only
co2_mixed_brines,LIU_2011,co2,solubility_molality,328,64.3,0.633,1.798,0.497,0.334,0,0,0.6701311331,,T,test-only
co2_mixed_brines,LIU_2011,co2,xc_saltfree,328,84.2,0.633,1.798,0.497,0.334,0,0,0.013957627,,T,test-only
co2_mixed_brines,LIU_2011,co2,solubility_molality,328,84.2,0.633,1.798,0.497,0.334,0,0,0.785733,,T,test-only
co2_mixed_brines,LIU_2011,co2,xc_saltfree,328,104.1,0.633,1.798,0.497,0.334,0,0,0.01528416831,,T,test-only
co2_mixed_brines,LIU_2011,co2,solubility_molality,328,104.1,0.633,1.798,0.497,0.334,0,0,0.861568624,,T,test-only
co2_mixed_brines,LIU_2011,co2,xc_saltfree,328,118.5,0.633,1.798,0.497,0.334,0,0,0.01561742641,,T,test-only
co2_mixed_brines,LIU_2011,co2,solubility_molality,328,118.5,0.633,1.798,0.497,0.334,0,0,0.8806524239,,T,test-only
co2_mixed_brines,LIU_2011,co2,xc_saltfree,328,136,0.633,1.798,0.497,0.334,0,0,0.01628326635,,T,test-only
co2_mixed_brines,LIU_2011,co2,solubility_molality,328,136,0.633,1.798,0.497,0.334,0,0,0.9188200239,,T,test-only
co2_mixed_brines,LIU_2011,co2,xc_saltfree,328,156,0.633,1.798,0.497,0.334,0,0,0.01666458527,,T,test-only
co2_mixed_brines,LIU_2011,co2,solubility_molality,328,156,0.633,1.798,0.497,0.334,0,0,0.940701449,,T,test-only
co2_mixed_brines,LIU_2011,co2,xc_saltfree,328,20.6,0.951,2.7,0.747,0.501,0,0,0.004419184126,,T,test-only
co2_mixed_brines,LIU_2011,co2,solubility_molality,328,20.6,0.951,2.7,0.747,0.501,0,0,0.2463908416,,T,test-only
co2_mixed_brines,LIU_2011,co2,xc_saltfree,328,35.9,0.951,2.7,0.747,0.501,0,0,0.006845022734,,T,test-only
co2_mixed_brines,LIU_2011,co2,solubility_molality,328,35.9,0.951,2.7,0.747,0.501,0,0,0.3825752361,,T,test-only
co2_mixed_brines,LIU_2011,co2,xc_saltfree,328,56,0.951,2.7,0.747,0.501,0,0,0.009582291331,,T,test-only
co2_mixed_brines,LIU_2011,co2,solubility_molality,328,56,0.951,2.7,0.747,0.501,0,0,0.5370441092,,T,test-only
co2_mixed_brines,LIU_2011,co2,xc_saltfree,328,73,0.951,2.7,0.747,0.501,0,0,0.01105795438,,T,test-only
co2_mixed_brines,LIU_2011,co2,solubility_molality,328,73,0.951,2.7,0.747,0.501,0,0,0.6206731175,,T,test-only
co2_mixed_brines,LIU_2011,co2,xc_saltfree,328,95.6,0.951,2.7,0.747,0.501,0,0,0.01308355136,,T,test-only
co2_mixed_brines,LIU_2011,co2,solubility_molality,328,95.6,0.951,2.7,0.747,0.501,0,0,0.7358753236,,T,test-only
co2_mixed_brines,LIU_2011,co2,xc_saltfree,328,115.5,0.951,2.7,0.747,0.501,0,0,0.01382810235,,T,test-only
co2_mixed_brines,LIU_2011,co2,solubility_molality,328,115.5,0.951,2.7,0.747,0.501,0,0,0.7783392764,,T,test-only
co2_mixed_brines,LIU_2011,co2,xc_saltfree,328,136.7,0.951,2.7,0.747,0.501,0,0,0.01427429395,,T,test-only
co2_mixed_brines,LIU_2011,co2,solubility_molality,328,136.7,0.951,2.7,0.747,0.501,0,0,0.8038176481,,T,test-only
co2_mixed_brines,LIU_2011,co2,xc_saltfree,328,156.4,0.951,2.7,0.747,0.501,0,0,0.01452433455,,T,test-only
co2_mixed_brines,LIU_2011,co2,solubility_molality,328,156.4,0.951,2.7,0.747,0.501,0,0,0.8181055193,,T,test-only
co2_mixed_brines,WANG_2014,co2,xc_saltfree,328,80,0.435,1.036,0.002,0.286,0.022,0.008,0.01421307587,,T,test-only
co2_mixed_brines,WANG_2014,co2,solubility_molality,328,80,0.435,1.036,0.002,0.286,0.022,0.008,0.8003206167,,T,test-only
co2_mixed_brines,WANG_2014,co2,xc_saltfree,328,90,0.435,1.036,0.002,0.286,0.022,0.008,0.01472008198,,T,test-only
co2_mixed_brines,WANG_2014,co2,solubility_molality,328,90,0.435,1.036,0.002,0.286,0.022,0.008,0.8292960198,,T,test-only
co2_mixed_brines,WANG_2014,co2,xc_saltfree,328,100,0.435,1.036,0.002,0.286,0.022,0.008,0.01564533308,,T,test-only
co2_mixed_brines,WANG_2014,co2,solubility_molality,328,100,0.435,1.036,0.002,0.286,0.022,0.008,0.8822510669,,T,test-only
co2_mixed_brines,WANG_2014,co2,xc_saltfree,328,110,0.435,1.036,0.002,0.286,0.022,0.008,0.01616829032,,T,test-only
co2_mixed_brines,WANG_2014,co2,solubility_molality,328,110,0.435,1.036,0.002,0.286,0.022,0.008,0.9122256218,,T,test-only
co2_mixed_brines,WANG_2014,co2,xc_saltfree,328,80,0.246,0.269,0.001,0.015,0.003,0.006,0.01590688117,,T,test-only
co2_mixed_brines,WANG_2014,co2,solubility_molality,328,80,0.246,0.269,0.001,0.015,0.003,0.006,0.8972383443,,T,test-only
co2_mixed_brines,WANG_2014,co2,xc_saltfree,328,90,0.246,0.269,0.001,0.015,0.003,0.006,0.01656884805,,T,test-only
co2_mixed_brines,WANG_2014,co2,solubility_molality,328,90,0.246,0.269,0.001,0.015,0.003,0.006,0.9352061139,,T,test-only
co2_mixed_brines,WANG_2014,co2,xc_saltfree,328,100,0.246,0.269,0.001,0.015,0.003,0.006,0.01724730971,,T,test-only
co2_mixed_brines,WANG_2014,co2,solubility_molality,328,100,0.246,0.269,0.001,0.015,0.003,0.006,0.9741730353,,T,test-only
co2_mixed_brines,WANG_2014,co2,xc_saltfree,328,110,0.246,0.269,0.001,0.015,0.003,0.006,0.01794219608,,T,test-only
co2_mixed_brines,WANG_2014,co2,solubility_molality,328,110,0.246,0.269,0.001,0.015,0.003,0.006,1.014139109,,T,test-only
co2_mixed_brines,WANG_2014,co2,xc_saltfree,328,80,0.249,0.709,0.001,0.219,0.012,0.002,0.01485985396,,T,test-only
co2_mixed_brines,WANG_2014,co2,solubility_molality,328,80,0.249,0.709,0.001,0.219,0.012,0.002,0.8372892345,,T,test-only
co2_mixed_brines,WANG_2014,co2,xc_saltfree,328,90,0.249,0.709,0.001,0.219,0.012,0.002,0.01585458267,,T,test-only
co2_mixed_brines,WANG_2014,co2,solubility_molality,328,90,0.249,0.709,0.001,0.219,0.012,0.002,0.8942408888,,T,test-only
co2_mixed_brines,WANG_2014,co2,xc_saltfree,328,100,0.249,0.709,0.001,0.219,0.012,0.002,0.0160114615,,T,test-only
co2_mixed_brines,WANG_2014,co2,solubility_molality,328,100,0.249,0.709,0.001,0.219,0.012,0.002,0.9032332553,,T,test-only
co2_mixed_brines,WANG_2014,co2,xc_saltfree,328,110,0.249,0.709,0.001,0.219,0.012,0.002,0.0163947326,,T,test-only
co2_mixed_brines,WANG_2014,co2,solubility_molality,328,110,0.249,0.709,0.001,0.219,0.012,0.002,0.9252145956,,T,test-only
co2_mixed_brines,WANG_2014,co2,xc_saltfree,328,80,0.195,0.392,0.001,0.11,0.004,0.016,0.01456279107,,T,test-only
co2_mixed_brines,WANG_2014,co2,solubility_molality,328,80,0.195,0.392,0.001,0.11,0.004,0.016,0.8203036533,,T,test-only
co2_mixed_brines,WANG_2014,co2,xc_saltfree,328,90,0.195,0.392,0.001,0.11,0.004,0.016,0.01555811948,,T,test-only
co2_mixed_brines,WANG_2014,co2,solubility_molality,328,90,0.195,0.392,0.001,0.11,0.004,0.016,0.8772553077,,T,test-only
co2_mixed_brines,WANG_2014,co2,xc_saltfree,328,100,0.195,0.392,0.001,0.11,0.004,0.016,0.01608116937,,T,test-only
co2_mixed_brines,WANG_2014,co2,solubility_molality,328,100,0.195,0.392,0.001,0.11,0.004,0.016,0.9072298626,,T,test-only
co2_mixed_brines,WANG_2014,co2,xc_saltfree,328,110,0.195,0.392,0.001,0.11,0.004,0.016,0.01665588266,,T,test-only
co2_mixed_brines,WANG_2014,co2,solubility_molality,328,110,0.195,0.392,0.001,0.11,0.004,0.016,0.9402018731,,T,test-only
co2_mixed_brines,LI_2004,co2,xc_saltfree,333,17.6,1.405,1.483,0.012,0.049,0.023,0.04,0.004114005045,,T,test-only
co2_mixed_brines,LI_2004,co2,solubility_molality,333,17.6,1.405,1.483,0.012,0.049,0.023,0.04,0.2293053452,,T,test-only
co2_mixed_brines,LI_2004,co2,xc_saltfree,333,30.1,1.405,1.483,0.012,0.049,0.023,0.04,0.006276556017,,T,test-only
co2_mixed_brines,LI_2004,co2,solubility_molality,333,30.1,1.405,1.483,0.012,0.049,0.023,0.04,0.3506023775,,T,test-only
co2_mixed_brines,LI_2004,co2,xc_saltfree,333,62,1.405,1.483,0.012,0.049,0.023,0.04,0.01065817943,,T,test-only
co2_mixed_brines,LI_2004,co2,solubility_molality,333,62,1.405,1.483,0.012,0.049,0.023,0.04,0.5979923709,,T,test-only
co2_mixed_brines,LI_2004,co2,xc_saltfree,333,103.8,1.405,1.483,0.012,0.049,0.023,0.04,0.01381584826,,T,test-only
co2_mixed_brines,LI_2004,co2,solubility_molality,333,103.8,1.405,1.483,0.012,0.049,0.023,0.04,0.7776398702,,T,test-only
co2_mixed_brines,LI_2004,co2,xc_saltfree,333,157.2,1.405,1.483,0.012,0.049,0.023,0.04,0.01533652745,,T,test-only
co2_mixed_brines,LI_2004,co2,solubility_molality,333,157.2,1.405,1.483,0.012,0.049,0.023,0.04,0.8645660795,,T,test-only
co2_mixed_brines,LI_2004,co2,xc_saltfree,333,208.7,1.405,1.483,0.012,0.049,0.023,0.04,0.01622055548,,T,test-only
co2_mixed_brines,LI_2004,co2,solubility_molality,333,208.7,1.405,1.483,0.012,0.049,0.023,0.04,0.9152230773,,T,test-only
co2_mixed_brines,WANG_2014,co2,xc_saltfree,338,80,0.435,1.036,0.002,0.286,0.022,0.008,0.01281172938,,T,test-only
co2_mixed_brines,WANG_2014,co2,solubility_molality,338,80,0.435,1.036,0.002,0.286,0.022,0.008,0.7203884702,,T,test-only
co2_mixed_brines,WANG_2014,co2,xc_saltfree,338,90,0.435,1.036,0.002,0.286,0.022,0.008,0.01356544796,,T,test-only
co2_mixed_brines,WANG_2014,co2,solubility_molality,338,90,0.435,1.036,0.002,0.286,0.022,0.008,0.763351999,,T,test-only
co2_mixed_brines,WANG_2014,co2,xc_saltfree,338,100,0.435,1.036,0.002,0.286,0.022,0.008,0.01416059718,,T,test-only
co2_mixed_brines,WANG_2014,co2,solubility_molality,338,100,0.435,1.036,0.002,0.286,0.022,0.008,0.7973231612,,T,test-only
co2_mixed_brines,WANG_2014,co2,xc_saltfree,338,110,0.435,1.036,0.002,0.286,0.022,0.008,0.01458027032,,T,test-only
co2_mixed_brines,WANG_2014,co2,solubility_molality,338,110,0.435,1.036,0.002,0.286,0.022,0.008,0.8213028052,,T,test-only
co2_mixed_brines,WANG_2014,co2,xc_saltfree,338,80,0.246,0.269,0.001,0.015,0.003,0.006,0.01382810235,,T,test-only
co2_mixed_brines,WANG_2014,co2,solubility_molality,338,80,0.246,0.269,0.001,0.015,0.003,0.006,0.7783392764,,T,test-only
co2_mixed_brines,WANG_2014,co2,xc_saltfree,338,90,0.246,0.269,0.001,0.015,0.003,0.006,0.01524402253,,T,test-only
co2_mixed_brines,WANG_2014,co2,solubility_molality,338,90,0.246,0.269,0.001,0.015,0.003,0.006,0.8592705748,,T,test-only
co2_mixed_brines,WANG_2014,co2,xc_saltfree,338,100,0.246,0.269,0.001,0.015,0.003,0.006,0.01597660386,,T,test-only
co2_mixed_brines,WANG_2014,co2,solubility_molality,338,100,0.246,0.269,0.001,0.015,0.003,0.006,0.9012349517,,T,test-only
co2_mixed_brines,WANG_2014,co2,xc_saltfree,338,110,0.246,0.269,0.001,0.015,0.003,0.006,0.01667328773,,T,test-only
co2_mixed_brines,WANG_2014,co2,solubility_molality,338,110,0.246,0.269,0.001,0.015,0.003,0.006,0.9412010249,,T,test-only
co2_mixed_brines,WANG_2014,co2,xc_saltfree,338,80,0.249,0.709,0.001,0.219,0.012,0.002,0.01400312758,,T,test-only
co2_mixed_brines,WANG_2014,co2,solubility_molality,338,80,0.249,0.709,0.001,0.219,0.012,0.002,0.7883307947,,T,test-only
co2_mixed_brines,WANG_2014,co2,xc_saltfree,338,90,0.249,0.709,0.001,0.219,0.012,0.002,0.01451034961,,T,test-only
co2_mixed_brines,WANG_2014,co2,solubility_molality,338,90,0.249,0.709,0.001,0.219,0.012,0.002,0.8173061978,,T,test-only
co2_mixed_brines,WANG_2014,co2,xc_saltfree,338,100,0.249,0.709,0.001,0.219,0.012,0.002,0.01494719132,,T,test-only
co2_mixed_brines,WANG_2014,co2,solubility_molality,338,100,0.249,0.709,0.001,0.219,0.012,0.002,0.8422849936,,T,test-only
co2_mixed_brines,WANG_2014,co2,xc_saltfree,338,110,0.249,0.709,0.001,0.219,0.012,0.002,0.01547089043,,T,test-only
co2_mixed_brines,WANG_2014,co2,solubility_molality,338,110,0.249,0.709,0.001,0.219,0.012,0.002,0.8722595486,,T,test-only
co2_mixed_brines,WANG_2014,co2,xc_saltfree,338,80,0.195,0.392,0.001,0.11,0.004,0.016,0.01344282803,,T,test-only
co2_mixed_brines,WANG_2014,co2,solubility_molality,338,80,0.195,0.392,0.001,0.11,0.004,0.016,0.7563579362,,T,test-only
co2_mixed_brines,WANG_2014,co2,xc_saltfree,338,90,0.195,0.392,0.001,0.11,0.004,0.016,0.01480744411,,T,test-only
co2_mixed_brines,WANG_2014,co2,solubility_molality,338,90,0.195,0.392,0.001,0.11,0.004,0.016,0.834291779,,T,test-only
co2_mixed_brines,WANG_2014,co2,xc_saltfree,338,100,0.195,0.392,0.001,0.11,0.004,0.016,0.01515673781,,T,test-only
co2_mixed_brines,WANG_2014,co2,solubility_molality,338,100,0.195,0.392,0.001,0.11,0.004,0.016,0.8542748156,,T,test-only
co2_mixed_brines,WANG_2014,co2,xc_saltfree,338,110,0.195,0.392,0.001,0.11,0.004,0.016,0.01588944896,,T,test-only
co2_mixed_brines,WANG_2014,co2,solubility_molality,338,110,0.195,0.392,0.001,0.11,0.004,0.016,0.8962391925,,T,test-only
co2_mixed_brines,ELMAGHRABY_2012,co2,xc_saltfree,343,3.4,0.856,0.99,0.134,0,0,0,0.000809344431,,T,test-only
co2_mixed_brines,ELMAGHRABY_2012,co2,solubility_molality,343,3.4,0.856,0.99,0.134,0,0,0,0.0449618324,,T,test-only
co2_mixed_brines,ELMAGHRABY_2012,co2,xc_saltfree,343,34.4,0.856,0.99,0.134,0,0,0,0.006971063137,,T,test-only
co2_mixed_brines,ELMAGHRABY_2012,co2,solubility_molality,343,34.4,0.856,0.99,0.134,0,0,0,0.3896692141,,T,test-only
co2_mixed_brines,ELMAGHRABY_2012,co2,xc_saltfree,343,75.8,0.856,0.99,0.134,0,0,0,0.01384560767,,T,test-only
co2_mixed_brines,ELMAGHRABY_2012,co2,solubility_molality,343,75.8,0.856,0.99,0.134,0,0,0,0.7793384283,,T,test-only
co2_mixed_brines,ELMAGHRABY_2012,co2,xc_saltfree,343,90,0.856,0.99,0.134,0,0,0,0.01492972509,,T,test-only
co2_mixed_brines,ELMAGHRABY_2012,co2,solubility_molality,343,90,0.856,0.99,0.134,0,0,0,0.8412858418,,T,test-only
co2_mixed_brines,PORTIER_2005,co2,xc_saltfree,343,80,0.448,0.528,0.006,0.011,0.026,0,0.01228519672,,T,test-only
co2_mixed_brines,PORTIER_2005,co2,solubility_molality,343,80,0.448,0.528,0.006,0.011,0.026,0,0.6904139153,,T,test-only
co2_mixed_brines,PORTIER_2005,co2,xc_saltfree,343,80,0.448,0.528,0.006,0.011,0.026,0,0.01193386281,,T,test-only
co2_mixed_brines,PORTIER_2005,co2,solubility_molality,343,80,0.448,0.528,0.006,0.011,0.026,0,0.6704308787,,T,test-only
co2_mixed_brines,PORTIER_2005,co2,xc_saltfree,343,90,0.448,0.528,0.006,0.011,0.026,0,0.01226763596,,T,test-only
co2_mixed_brines,PORTIER_2005,co2,solubility_molality,343,90,0.448,0.528,0.006,0.011,0.026,0,0.6894147635,,T,test-only
co2_mixed_brines,PORTIER_2005,co2,xc_saltfree,343,100,0.448,0.528,0.006,0.011,0.026,0,0.0126187326,,T,test-only
co2_mixed_brines,PORTIER_2005,co2,solubility_molality,343,100,0.448,0.528,0.006,0.011,0.026,0,0.7093978001,,T,test-only
co2_mixed_brines,PORTIER_2005,co2,xc_saltfree,343,100,0.448,0.528,0.006,0.011,0.026,0,0.01225007458,,T,test-only
co2_mixed_brines,PORTIER_2005,co2,solubility_molality,343,100,0.448,0.528,0.006,0.011,0.026,0,0.6884156116,,T,test-only
co2_mixed_brines,PORTIER_2005,co2,xc_saltfree,343,100,0.448,0.528,0.006,0.011,0.026,0,0.01298711553,,T,test-only
co2_mixed_brines,PORTIER_2005,co2,solubility_molality,343,100,0.448,0.528,0.006,0.011,0.026,0,0.7303799885,,T,test-only
co2_mixed_brines,PORTIER_2005,co2,xc_saltfree,343,100,0.448,0.528,0.006,0.011,0.026,0,0.01321502439,,T,test-only
co2_mixed_brines,PORTIER_2005,co2,solubility_molality,343,100,0.448,0.528,0.006,0.011,0.026,0,0.7433689623,,T,test-only
co2_mixed_brines,PORTIER_2005,co2,xc_saltfree,343,110,0.448,0.528,0.006,0.011,0.026,0,0.01527893209,,T,test-only
co2_mixed_brines,PORTIER_2005,co2,solubility_molality,343,110,0.448,0.528,0.006,0.011,0.026,0,0.8612688784,,T,test-only
co2_mixed_brines,PORTIER_2005,co2,xc_saltfree,343,120,0.448,0.528,0.006,0.011,0.026,0,0.01444041898,,T,test-only
co2_mixed_brines,PORTIER_2005,co2,solubility_molality,343,120,0.448,0.528,0.006,0.011,0.026,0,0.8133095905,,T,test-only
co2_mixed_brines,PORTIER_2005,co2,xc_saltfree,343,120,0.448,0.528,0.006,0.011,0.026,0,0.01576740615,,T,test-only
co2_mixed_brines,PORTIER_2005,co2,solubility_molality,343,120,0.448,0.528,0.006,0.011,0.026,0,0.8892451297,,T,test-only
co2_mixed_brines,TONG_2013,co2,xc_saltfree,343,17.7,0.91,1.053,0.143,0,0,0,0.003,,T,test-only
co2_mixed_brines,TONG_2013,co2,solubility_molality,343,17.7,0.91,1.053,0.143,0,0,0,0.1670263843,,T,test-only
co2_mixed_brines,TONG_2013,co2,xc_saltfree,343,36.1,0.91,1.053,0.143,0,0,0,0.0064,,T,test-only
co2_mixed_brines,TONG_2013,co2,solubility_molality,343,36.1,0.91,1.053,0.143,0,0,0,0.3575422548,,T,test-only
co2_mixed_brines,TONG_2013,co2,xc_saltfree,343,102.5,0.91,1.053,0.143,0,0,0,0.0138,,T,test-only
co2_mixed_brines,TONG_2013,co2,solubility_molality,343,102.5,0.91,1.053,0.143,0,0,0,0.7767353517,,T,test-only
co2_mixed_brines,TONG_2013,co2,xc_saltfree,343,136.9,0.91,1.053,0.143,0,0,0,0.0158,,T,test-only
co2_mixed_brines,TONG_2013,co2,solubility_molality,343,136.9,0.91,1.053,0.143,0,0,0,0.8911128571,,T,test-only
co2_mixed_brines,WANG_2014,co2,xc_saltfree,348,80,0.435,1.036,0.002,0.286,0.022,0.008,0.01191628955,,T,test-only
co2_mixed_brines,WANG_2014,co2,solubility_molality,348,80,0.435,1.036,0.002,0.286,0.022,0.008,0.6694317268,,T,test-only
co2_mixed_brines,WANG_2014,co2,xc_saltfree,348,90,0.435,1.036,0.002,0.286,0.022,0.008,0.01230275686,,T,test-only
co2_mixed_brines,WANG_2014,co2,solubility_molality,348,90,0.435,1.036,0.002,0.286,0.022,0.008,0.6914130671,,T,test-only
co2_mixed_brines,WANG_2014,co2,xc_saltfree,348,100,0.435,1.036,0.002,0.286,0.022,0.008,0.01265382853,,T,test-only
co2_mixed_brines,WANG_2014,co2,solubility_molality,348,100,0.435,1.036,0.002,0.286,0.022,0.008,0.7113961038,,T,test-only
co2_mixed_brines,WANG_2014,co2,xc_saltfree,348,110,0.435,1.036,0.002,0.286,0.022,0.008,0.01296957972,,T,test-only
co2_mixed_brines,WANG_2014,co2,solubility_molality,348,110,0.435,1.036,0.002,0.286,0.022,0.008,0.7293808367,,T,test-only
co2_mixed_brines,WANG_2014,co2,xc_saltfree,348,80,0.246,0.269,0.001,0.015,0.003,0.006,0.01303971923,,T,test-only
co2_mixed_brines,WANG_2014,co2,solubility_molality,348,80,0.246,0.269,0.001,0.015,0.003,0.006,0.733377444,,T,test-only
co2_mixed_brines,WANG_2014,co2,xc_saltfree,348,90,0.246,0.269,0.001,0.015,0.003,0.006,0.01372305738,,T,test-only
co2_mixed_brines,WANG_2014,co2,solubility_molality,348,90,0.246,0.269,0.001,0.015,0.003,0.006,0.7723443654,,T,test-only
co2_mixed_brines,WANG_2014,co2,xc_saltfree,348,100,0.246,0.269,0.001,0.015,0.003,0.006,0.01489479076,,T,test-only
co2_mixed_brines,WANG_2014,co2,solubility_molality,348,100,0.246,0.269,0.001,0.015,0.003,0.006,0.8392875381,,T,test-only
co2_mixed_brines,WANG_2014,co2,xc_saltfree,348,110,0.246,0.269,0.001,0.015,0.003,0.006,0.01505197571,,T,test-only
co2_mixed_brines,WANG_2014,co2,solubility_molality,348,110,0.246,0.269,0.001,0.015,0.003,0.006,0.8482799046,,T,test-only
co2_mixed_brines,WANG_2014,co2,xc_saltfree,348,80,0.249,0.709,0.001,0.219,0.012,0.002,0.01240810457,,T,test-only
co2_mixed_brines,WANG_2014,co2,solubility_molality,348,80,0.249,0.709,0.001,0.219,0.012,0.002,0.6974079781,,T,test-only
co2_mixed_brines,WANG_2014,co2,xc_saltfree,348,90,0.249,0.709,0.001,0.219,0.012,0.002,0.01298711553,,T,test-only
co2_mixed_brines,WANG_2014,co2,solubility_molality,348,90,0.249,0.709,0.001,0.219,0.012,0.002,0.7303799885,,T,test-only
co2_mixed_brines,WANG_2014,co2,xc_saltfree,348,100,0.249,0.709,0.001,0.219,0.012,0.002,0.01375807486,,T,test-only
co2_mixed_brines,WANG_2014,co2,solubility_molality,348,100,0.249,0.709,0.001,0.219,0.012,0.002,0.7743426691,,T,test-only
co2_mixed_brines,WANG_2014,co2,xc_saltfree,348,110,0.249,0.709,0.001,0.219,0.012,0.002,0.01421307587,,T,test-only
co2_mixed_brines,WANG_2014,co2,solubility_molality,348,110,0.249,0.709,0.001,0.219,0.012,0.002,0.8003206167,,T,test-only
co2_mixed_brines,WANG_2014,co2,xc_saltfree,348,80,0.195,0.392,0.001,0.11,0.004,0.016,0.01293450623,,T,test-only
co2_mixed_brines,WANG_2014,co2,solubility_molality,348,80,0.195,0.392,0.001,0.11,0.004,0.016,0.727382533,,T,test-only
co2_mixed_brines,WANG_2014,co2,xc_saltfree,348,90,0.195,0.392,0.001,0.11,0.004,0.016,0.0133201776,,T,test-only
co2_mixed_brines,WANG_2014,co2,solubility_molality,348,90,0.195,0.392,0.001,0.11,0.004,0.016,0.7493638733,,T,test-only
co2_mixed_brines,WANG_2014,co2,xc_saltfree,348,100,0.195,0.392,0.001,0.11,0.004,0.016,0.01430052794,,T,test-only
co2_mixed_brines,WANG_2014,co2,solubility_molality,348,100,0.195,0.392,0.001,0.11,0.004,0.016,0.8053163759,,T,test-only
co2_mixed_brines,WANG_2014,co2,xc_saltfree,348,110,0.195,0.392,0.001,0.11,0.004,0.016,0.01463270434,,T,test-only
co2_mixed_brines,WANG_2014,co2,solubility_molality,348,110,0.195,0.392,0.001,0.11,0.004,0.016,0.8243002607,,T,test-only
co2_mixed_brines,PORTIER_2005,co2,xc_saltfree,353,100,0.448,0.528,0.006,0.011,0.026,0,0.01321502439,,T,test-only
co2_mixed_brines,PORTIER_2005,co2,solubility_molality,353,100,0.448,0.528,0.006,0.011,0.026,0,0.7433689623,,T,test-only
co2_mixed_brines,PORTIER_2005,co2,xc_saltfree,353,100,0.448,0.528,0.006,0.011,0.026,0,0.01444041898,,T,test-only
co2_mixed_brines,PORTIER_2005,co2,solubility_molality,353,100,0.448,0.528,0.006,0.011,0.026,0,0.8133095905,,T,test-only
co2_mixed_brines,TEYMOURI_2017,co2,xc_saltfree,373,133.4,3.983,4.737,0.0422,0.326,0.029,0,0.0083,,T,test-only
co2_mixed_brines,TEYMOURI_2017,co2,solubility_molality,373,133.4,3.983,4.737,0.0422,0.326,0.029,0,0.4645759917,,T,test-only
co2_mixed_brines,TEYMOURI_2017,co2,xc_saltfree,373,160.2,3.983,4.737,0.0422,0.326,0.029,0,0.0092,,T,test-only
co2_mixed_brines,TEYMOURI_2017,co2,solubility_molality,373,160.2,3.983,4.737,0.0422,0.326,0.029,0,0.5154194616,,T,test-only
co2_mixed_brines,TEYMOURI_2017,co2,xc_saltfree,373,297.4,3.983,4.737,0.0422,0.326,0.029,0,0.0109,,T,test-only
co2_mixed_brines,TEYMOURI_2017,co2,solubility_molality,373,297.4,3.983,4.737,0.0422,0.326,0.029,0,0.6117095766,,T,test-only
co2_mixed_brines,TEYMOURI_2017,co2,xc_saltfree,373,313.1,3.983,4.737,0.0422,0.326,0.029,0,0.0114,,T,test-only
co2_mixed_brines,TEYMOURI_2017,co2,solubility_molality,373,313.1,3.983,4.737,0.0422,0.326,0.029,0,0.6400932224,,T,test-only
co2_mixed_brines,TEYMOURI_2017,co2,xc_saltfree,373,420.1,3.983,4.737,0.0422,0.326,0.029,0,0.0121,,T,test-only
co2_mixed_brines,TEYMOURI_2017,co2,solubility_molality,373,420.1,3.983,4.737,0.0422,0.326,0.029,0,0.6798785953,,T,test-only
co2_mixed_brines,TEYMOURI_2017,co2,xc_saltfree,373,485.3,3.983,4.737,0.0422,0.326,0.029,0,0.0125,,T,test-only
co2_mixed_brines,TEYMOURI_2017,co2,solubility_molality,373,485.3,3.983,4.737,0.0422,0.326,0.029,0,0.7026384185,,T,test-only
co2_mixed_brines,TEYMOURI_2017,co2,xc_saltfree,373,563.5,3.983,4.737,0.0422,0.326,0.029,0,0.013,,T,test-only
co2_mixed_brines,TEYMOURI_2017,co2,solubility_molality,373,563.5,3.983,4.737,0.0422,0.326,0.029,0,0.7311141396,,T,test-only
co2_mixed_brines,POULANI_2019,co2,xc_saltfree,373,10.5,1.2,1.6,0,0.2,0,0,0.001330228136,,T,test-only
co2_mixed_brines,POULANI_2019,co2,solubility_molality,373,10.5,1.2,1.6,0,0.2,0,0,0.0739372355,,T,test-only
co2_mixed_brines,POULANI_2019,co2,xc_saltfree,373,20.1,1.2,1.6,0,0.2,0,0,0.00254948352,,T,test-only
co2_mixed_brines,POULANI_2019,co2,solubility_molality,373,20.1,1.2,1.6,0,0.2,0,0,0.14187956,,T,test-only
co2_mixed_brines,POULANI_2019,co2,xc_saltfree,373,30.2,1.2,1.6,0,0.2,0,0,0.003894374553,,T,test-only
co2_mixed_brines,POULANI_2019,co2,solubility_molality,373,30.2,1.2,1.6,0,0.2,0,0,0.2170157777,,T,test-only
co2_mixed_brines,POULANI_2019,co2,xc_saltfree,373,40.2,1.2,1.6,0,0.2,0,0,0.005016507771,,T,test-only
co2_mixed_brines,POULANI_2019,co2,solubility_molality,373,40.2,1.2,1.6,0,0.2,0,0,0.2798624279,,T,test-only
co2_mixed_brines,POULANI_2019,co2,xc_saltfree,373,50.9,1.2,1.6,0,0.2,0,0,0.006347649943,,T,test-only
co2_mixed_brines,POULANI_2019,co2,solubility_molality,373,50.9,1.2,1.6,0,0.2,0,0,0.3545989849,,T,test-only
co2_mixed_brines,POULANI_2019,co2,xc_saltfree,373,100.4,1.2,1.6,0,0.2,0,0,0.01117940785,,T,test-only
co2_mixed_brines,POULANI_2019,co2,solubility_molality,373,100.4,1.2,1.6,0,0.2,0,0,0.6275672651,,T,test-only
co2_mixed_brines,POULANI_2019,co2,xc_saltfree,373,151,1.2,1.6,0,0.2,0,0,0.0142358149,,T,test-only
co2_mixed_brines,POULANI_2019,co2,solubility_molality,373,151,1.2,1.6,0,0.2,0,0,0.8016195141,,T,test-only
co2_mixed_brines,POULANI_2019,co2,xc_saltfree,373,199.1,1.2,1.6,0,0.2,0,0,0.01543599448,,T,test-only
co2_mixed_brines,POULANI_2019,co2,solubility_molality,373,199.1,1.2,1.6,0,0.2,0,0,0.8702612449,,T,test-only
co2_mixed_brines,POULANI_2019,co2,xc_saltfree,373,10.3,1.2,1.7,0.1,0.2,0,0,0.001251232456,,T,test-only
co2_mixed_brines,POULANI_2019,co2,solubility_molality,373,10.3,1.2,1.7,0.1,0.2,0,0,0.06954096745,,T,test-only
co2_mixed_brines,POULANI_2019,co2,xc_saltfree,373,20.5,1.2,1.7,0.1,0.2,0,0,0.002712422753,,T,test-only
co2_mixed_brines,POULANI_2019,co2,solubility_molality,373,20.5,1.2,1.7,0.1,0.2,0,0,0.1509718417,,T,test-only
co2_mixed_brines,POULANI_2019,co2,xc_saltfree,373,30.2,1.2,1.7,0.1,0.2,0,0,0.003865797613,,T,test-only
co2_mixed_brines,POULANI_2019,co2,solubility_molality,373,30.2,1.2,1.7,0.1,0.2,0,0,0.2154171348,,T,test-only
co2_mixed_brines,POULANI_2019,co2,xc_saltfree,373,40.4,1.2,1.7,0.1,0.2,0,0,0.005086000366,,T,test-only
co2_mixed_brines,POULANI_2019,co2,solubility_molality,373,40.4,1.2,1.7,0.1,0.2,0,0,0.28375912,,T,test-only
co2_mixed_brines,POULANI_2019,co2,xc_saltfree,373,50.9,1.2,1.7,0.1,0.2,0,0,0.006301440048,,T,test-only
co2_mixed_brines,POULANI_2019,co2,solubility_molality,373,50.9,1.2,1.7,0.1,0.2,0,0,0.3520011901,,T,test-only
co2_mixed_brines,POULANI_2019,co2,xc_saltfree,373,100.9,1.2,1.7,0.1,0.2,0,0,0.01074802486,,T,test-only
co2_mixed_brines,POULANI_2019,co2,solubility_molality,373,100.9,1.2,1.7,0.1,0.2,0,0,0.6030880453,,T,test-only
co2_mixed_brines,POULANI_2019,co2,xc_saltfree,373,150.9,1.2,1.7,0.1,0.2,0,0,0.01373881555,,T,test-only
co2_mixed_brines,POULANI_2019,co2,solubility_molality,373,150.9,1.2,1.7,0.1,0.2,0,0,0.7732436021,,T,test-only
co2_mixed_brines,POULANI_2019,co2,xc_saltfree,373,199.1,1.2,1.7,0.1,0.2,0,0,0.01531383917,,T,test-only
co2_mixed_brines,POULANI_2019,co2,solubility_molality,373,199.1,1.2,1.7,0.1,0.2,0,0,0.8632671821,,T,test-only
co2_mixed_brines,TONG_2013,co2,xc_saltfree,373,29.9,0.91,1.053,0.143,0,0,0,0.0041,,T,test-only
co2_mixed_brines,TONG_2013,co2,solubility_molality,373,29.9,0.91,1.053,0.143,0,0,0,0.228521522,,T,test-only
co2_mixed_brines,TONG_2013,co2,xc_saltfree,373,69.6,0.91,1.053,0.143,0,0,0,0.0087,,T,test-only
co2_mixed_brines,TONG_2013,co2,solubility_molality,373,69.6,0.91,1.053,0.143,0,0,0,0.4871616918,,T,test-only
co2_mixed_brines,TONG_2013,co2,xc_saltfree,373,147.8,0.91,1.053,0.143,0,0,0,0.0142,,T,test-only
co2_mixed_brines,TONG_2013,co2,solubility_molality,373,147.8,0.91,1.053,0.143,0,0,0,0.7995737248,,T,test-only
co2_mixed_brines,ZHAOc_2015,co2,xc_saltfree,373,100,1.102,1.469,0.019,0.137,0.054,0.017,0.01059651136,,T,test-only
co2_mixed_brines,ZHAOc_2015,co2,solubility_molality,373,100,1.102,1.469,0.019,0.137,0.054,0.017,0.5944953395,,T,test-only
co2_mixed_brines,ZHAOc_2015,co2,xc_saltfree,373,125,1.102,1.469,0.019,0.137,0.054,0.017,0.01237299117,,T,test-only
co2_mixed_brines,ZHAOc_2015,co2,solubility_molality,373,125,1.102,1.469,0.019,0.137,0.054,0.017,0.6954096745,,T,test-only
co2_mixed_brines,ZHAOc_2015,co2,xc_saltfree,373,150,1.102,1.469,0.019,0.137,0.054,0.017,0.0134253084,,T,test-only
co2_mixed_brines,ZHAOc_2015,co2,solubility_molality,373,150,1.102,1.469,0.019,0.137,0.054,0.017,0.7553587843,,T,test-only
co2_mixed_brines,ZHAOc_2015,co2,xc_saltfree,373,175,1.102,1.469,0.019,0.137,0.054,0.017,0.01440544994,,T,test-only
co2_mixed_brines,ZHAOc_2015,co2,solubility_molality,373,175,1.102,1.469,0.019,0.137,0.054,0.017,0.8113112869,,T,test-only
co2_mixed_brines,ZHAOc_2015,co2,xc_saltfree,373,100,3.011,4.328,0.022,0.394,0.254,0,0.006722502106,,T,test-only
co2_mixed_brines,ZHAOc_2015,co2,solubility_molality,373,100,3.011,4.328,0.022,0.394,0.254,0,0.3756810885,,T,test-only
co2_mixed_brines,ZHAOc_2015,co2,xc_saltfree,373,125,3.011,4.328,0.022,0.394,0.254,0,0.00773372336,,T,test-only
co2_mixed_brines,ZHAOc_2015,co2,solubility_molality,373,125,3.011,4.328,0.022,0.394,0.254,0,0.4326327429,,T,test-only
co2_mixed_brines,ZHAOc_2015,co2,xc_saltfree,373,150,3.011,4.328,0.022,0.394,0.254,0,0.008619065842,,T,test-only
co2_mixed_brines,ZHAOc_2015,co2,solubility_molality,373,150,3.011,4.328,0.022,0.394,0.254,0,0.4825903344,,T,test-only
co2_mixed_brines,ZHAOc_2015,co2,xc_saltfree,373,175,3.011,4.328,0.022,0.394,0.254,0,0.009025793077,,T,test-only
co2_mixed_brines,ZHAOc_2015,co2,solubility_molality,373,175,3.011,4.328,0.022,0.394,0.254,0,0.5055708265,,T,test-only
co2_mixed_brines,TEYMOURI_2017,co2,xc_saltfree,423,189.9,3.983,4.737,0.0422,0.326,0.029,0,0.0096,,T,test-only
co2_mixed_brines,TEYMOURI_2017,co2,solubility_molality,423,189.9,3.983,4.737,0.0422,0.326,0.029,0,0.5380462203,,T,test-only
co2_mixed_brines,TEYMOURI_2017,co2,xc_saltfree,423,212.1,3.983,4.737,0.0422,0.326,0.029,0,0.0101,,T,test-only
co2_mixed_brines,TEYMOURI_2017,co2,solubility_molality,423,212.1,3.983,4.737,0.0422,0.326,0.029,0,0.5663553835,,T,test-only
co2_mixed_brines,TEYMOURI_2017,co2,xc_saltfree,423,316.6,3.983,4.737,0.0422,0.326,0.029,0,0.0122,,T,test-only
co2_mixed_brines,TEYMOURI_2017,co2,solubility_molality,423,316.6,3.983,4.737,0.0422,0.326,0.029,0,0.685566823,,T,test-only
co2_mixed_brines,TEYMOURI_2017,co2,xc_saltfree,423,346.9,3.983,4.737,0.0422,0.326,0.029,0,0.0125,,T,test-only
co2_mixed_brines,TEYMOURI_2017,co2,solubility_molality,423,346.9,3.983,4.737,0.0422,0.326,0.029,0,0.7026384185,,T,test-only
co2_mixed_brines,TEYMOURI_2017,co2,xc_saltfree,423,438.6,3.983,4.737,0.0422,0.326,0.029,0,0.0132,,T,test-only
co2_mixed_brines,TEYMOURI_2017,co2,solubility_molality,423,438.6,3.983,4.737,0.0422,0.326,0.029,0,0.7425125079,,T,test-only
co2_mixed_brines,TEYMOURI_2017,co2,xc_saltfree,423,559.6,3.983,4.737,0.0422,0.326,0.029,0,0.0148,,T,test-only
co2_mixed_brines,TEYMOURI_2017,co2,solubility_molality,423,559.6,3.983,4.737,0.0422,0.326,0.029,0,0.8338660566,,T,test-only
co2_mixed_brines,POULANI_2019,co2,xc_saltfree,423,10.4,1.2,1.6,0,0.2,0,0,0.0006655567392,,T,test-only
co2_mixed_brines,POULANI_2019,co2,solubility_molality,423,10.4,1.2,1.6,0,0.2,0,0,0.03696861775,,T,test-only
co2_mixed_brines,POULANI_2019,co2,xc_saltfree,423,19.4,1.2,1.6,0,0.2,0,0,0.001662232383,,T,test-only
co2_mixed_brines,POULANI_2019,co2,solubility_molality,423,19.4,1.2,1.6,0,0.2,0,0,0.09242154438,,T,test-only
co2_mixed_brines,POULANI_2019,co2,xc_saltfree,423,30.4,1.2,1.6,0,0.2,0,0,0.002810876701,,T,test-only
co2_mixed_brines,POULANI_2019,co2,solubility_molality,423,30.4,1.2,1.6,0,0.2,0,0,0.1564671768,,T,test-only
co2_mixed_brines,POULANI_2019,co2,xc_saltfree,423,40.9,1.2,1.6,0,0.2,0,0,0.00409972308,,T,test-only
co2_mixed_brines,POULANI_2019,co2,solubility_molality,423,40.9,1.2,1.6,0,0.2,0,0,0.2285060238,,T,test-only
co2_mixed_brines,POULANI_2019,co2,xc_saltfree,423,50.9,1.2,1.6,0,0.2,0,0,0.005050364351,,T,test-only
co2_mixed_brines,POULANI_2019,co2,solubility_molality,423,50.9,1.2,1.6,0,0.2,0,0,0.2817608164,,T,test-only
co2_mixed_brines,POULANI_2019,co2,xc_saltfree,423,100.8,1.2,1.6,0,0.2,0,0,0.009361533508,,T,test-only
co2_mixed_brines,POULANI_2019,co2,solubility_molality,423,100.8,1.2,1.6,0,0.2,0,0,0.5245547113,,T,test-only
co2_mixed_brines,POULANI_2019,co2,xc_saltfree,423,151.2,1.2,1.6,0,0.2,0,0,0.01280822102,,T,test-only
co2_mixed_brines,POULANI_2019,co2,solubility_molality,423,151.2,1.2,1.6,0,0.2,0,0,0.7201886399,,T,test-only
co2_mixed_brines,POULANI_2019,co2,xc_saltfree,423,199.1,1.2,1.6,0,0.2,0,0,0.01540807594,,T,test-only
co2_mixed_brines,POULANI_2019,co2,solubility_molality,423,199.1,1.2,1.6,0,0.2,0,0,0.868662602,,T,test-only
co2_mixed_brines,POULANI_2019,co2,xc_saltfree,423,10.4,1.2,1.7,0.1,0.2,0,0,0.0006691519359,,T,test-only
co2_mixed_brines,POULANI_2019,co2,solubility_molality,423,10.4,1.2,1.7,0.1,0.2,0,0,0.03716844812,,T,test-only
co2_mixed_brines,POULANI_2019,co2,xc_saltfree,423,20,1.2,1.7,0.1,0.2,0,0,0.001735781823,,T,test-only
co2_mixed_brines,POULANI_2019,co2,solubility_molality,423,20,1.2,1.7,0.1,0.2,0,0,0.09651806689,,T,test-only
co2_mixed_brines,POULANI_2019,co2,xc_saltfree,423,30.1,1.2,1.7,0.1,0.2,0,0,0.002862780956,,T,test-only
co2_mixed_brines,POULANI_2019,co2,solubility_molality,423,30.1,1.2,1.7,0.1,0.2,0,0,0.1593647171,,T,test-only
co2_mixed_brines,POULANI_2019,co2,xc_saltfree,423,40.5,1.2,1.7,0.1,0.2,0,0,0.003942594423,,T,test-only
co2_mixed_brines,POULANI_2019,co2,solubility_molality,423,40.5,1.2,1.7,0.1,0.2,0,0,0.2197134877,,T,test-only
co2_mixed_brines,POULANI_2019,co2,xc_saltfree,423,51.2,1.2,1.7,0.1,0.2,0,0,0.0050218537,,T,test-only
co2_mixed_brines,POULANI_2019,co2,solubility_molality,423,51.2,1.2,1.7,0.1,0.2,0,0,0.2801621734,,T,test-only
co2_mixed_brines,POULANI_2019,co2,xc_saltfree,423,100.8,1.2,1.7,0.1,0.2,0,0,0.009280269856,,T,test-only
co2_mixed_brines,POULANI_2019,co2,solubility_molality,423,100.8,1.2,1.7,0.1,0.2,0,0,0.5199586129,,T,test-only
co2_mixed_brines,POULANI_2019,co2,xc_saltfree,423,150.2,1.2,1.7,0.1,0.2,0,0,0.01270997684,,T,test-only
co2_mixed_brines,POULANI_2019,co2,solubility_molality,423,150.2,1.2,1.7,0.1,0.2,0,0,0.7145933896,,T,test-only
co2_mixed_brines,POULANI_2019,co2,xc_saltfree,423,199.2,1.2,1.7,0.1,0.2,0,0,0.01509912141,,T,test-only
co2_mixed_brines,POULANI_2019,co2,solubility_molality,423,199.2,1.2,1.7,0.1,0.2,0,0,0.8509776146,,T,test-only
co2_mixed_brines,TONG_2013,co2,xc_saltfree,423,40,0.91,1.053,0.143,0,0,0,0.0041,,T,test-only
co2_mixed_brines,TONG_2013,co2,solubility_molality,423,40,0.91,1.053,0.143,0,0,0,0.228521522,,T,test-only
co2_mixed_brines,TONG_2013,co2,xc_saltfree,423,86.8,0.91,1.053,0.143,0,0,0,0.0087,,T,test-only
co2_mixed_brines,TONG_2013,co2,solubility_molality,423,86.8,0.91,1.053,0.143,0,0,0,0.4871616918,,T,test-only
co2_mixed_brines,TONG_2013,co2,xc_saltfree,423,171.6,0.91,1.053,0.143,0,0,0,0.0146,,T,test-only
co2_mixed_brines,TONG_2013,co2,solubility_molality,423,171.6,0.91,1.053,0.143,0,0,0,0.8224306392,,T,test-only
co2_mixed_brines,ZHAOc_2015,co2,xc_saltfree,423,100,1.102,1.469,0.019,0.137,0.054,0.017,0.009025793077,,T,test-only
co2_mixed_brines,ZHAOc_2015,co2,solubility_molality,423,100,1.102,1.469,0.019,0.137,0.054,0.017,0.5055708265,,T,test-only
co2_mixed_brines,ZHAOc_2015,co2,xc_saltfree,423,125,1.102,1.469,0.019,0.137,0.054,0.017,0.01096640451,,T,test-only
co2_mixed_brines,ZHAOc_2015,co2,solubility_molality,423,125,1.102,1.469,0.019,0.137,0.054,0.017,0.615477528,,T,test-only
co2_mixed_brines,ZHAOc_2015,co2,xc_saltfree,423,150,1.102,1.469,0.019,0.137,0.054,0.017,0.01239054818,,T,test-only
co2_mixed_brines,ZHAOc_2015,co2,solubility_molality,423,150,1.102,1.469,0.019,0.137,0.054,0.017,0.6964088263,,T,test-only
co2_mixed_brines,ZHAOc_2015,co2,xc_saltfree,423,175,1.102,1.469,0.019,0.137,0.054,0.017,0.01379308985,,T,test-only
co2_mixed_brines,ZHAOc_2015,co2,solubility_molality,423,175,1.102,1.469,0.019,0.137,0.054,0.017,0.7763409728,,T,test-only
co2_mixed_brines,ZHAOc_2015,co2,xc_saltfree,423,100,3.011,4.328,0.022,0.394,0.254,0,0.005833767453,,T,test-only
co2_mixed_brines,ZHAOc_2015,co2,solubility_molality,423,100,3.011,4.328,0.022,0.394,0.254,0,0.3257234969,,T,test-only
co2_mixed_brines,ZHAOc_2015,co2,xc_saltfree,423,125,3.011,4.328,0.022,0.394,0.254,0,0.007042057727,,T,test-only
co2_mixed_brines,ZHAOc_2015,co2,solubility_molality,423,125,3.011,4.328,0.022,0.394,0.254,0,0.3936658215,,T,test-only
co2_mixed_brines,ZHAOc_2015,co2,xc_saltfree,423,150,3.011,4.328,0.022,0.394,0.254,0,0.00796406449,,T,test-only
co2_mixed_brines,ZHAOc_2015,co2,solubility_molality,423,150,3.011,4.328,0.022,0.394,0.254,0,0.4456217167,,T,test-only
co2_mixed_brines,ZHAOc_2015,co2,xc_saltfree,423,175,3.011,4.328,0.022,0.394,0.254,0,0.008636756577,,T,test-only
co2_mixed_brines,ZHAOc_2015,co2,solubility_molality,423,175,3.011,4.328,0.022,0.394,0.254,0,0.4835894863,,T,test-only
co2_water_binary,Guo,co2,xc_saltfree,273,100,0,0,0,0,0,0,0.033,,T,fit-eligible
co2_water_binary,Guo,co2,solubility_molality,273,100,0,0,0,0,0,0,1.894289925,,T,fit-eligible
co2_water_binary,Guo,co2,xc_saltfree,273,200,0,0,0,0,0,0,0.036,,T,fit-eligible
co2_water_binary,Guo,co2,solubility_molality,273,200,0,0,0,0,0,0,2.07292911,,T,fit-eligible
co2_water_binary,Guo,co2,xc_saltfree,273,300,0,0,0,0,0,0,0.0378,,T,fit-eligible
co2_water_binary,Guo,co2,solubility_molality,273,300,0,0,0,0,0,0,2.180647314,,T,fit-eligible
co2_water_binary,Guo,co2,xc_saltfree,273,400,0,0,0,0,0,0,0.0389,,T,fit-eligible
co2_water_binary,Guo,co2,solubility_molality,273,400,0,0,0,0,0,0,2.246673732,,T,fit-eligible
co2_water_binary,Guo,co2,xc_saltfree,273,500,0,0,0,0,0,0,0.0413,,T,fit-eligible
co2_water_binary,Guo,co2,solubility_molality,273,500,0,0,0,0,0,0,2.391257294,,T,fit-eligible
co2_water_binary,Valtz,co2,xc_saltfree,278,5.01,0,0,0,0,0,0,0.00585,,T,fit-eligible
co2_water_binary,Valtz,co2,solubility_molality,278,5.01,0,0,0,0,0,0,0.3266351608,,T,fit-eligible
co2_water_binary,Valtz,co2,xc_saltfree,278,7.55,0,0,0,0,0,0,0.00852,,T,fit-eligible
co2_water_binary,Valtz,co2,solubility_molality,278,7.55,0,0,0,0,0,0,0.4769958716,,T,fit-eligible
co2_water_binary,Valtz,co2,xc_saltfree,278,10.16,0,0,0,0,0,0,0.01111,,T,fit-eligible
co2_water_binary,Valtz,co2,solubility_molality,278,10.16,0,0,0,0,0,0,0.6236272119,,T,fit-eligible
co2_water_binary,Valtz,co2,xc_saltfree,278,13.22,0,0,0,0,0,0,0.01403,,T,fit-eligible
co2_water_binary,Valtz,co2,solubility_molality,278,13.22,0,0,0,0,0,0,0.789865152,,T,fit-eligible
co2_water_binary,Valtz,co2,xc_saltfree,278,16.74,0,0,0,0,0,0,0.01747,,T,fit-eligible
co2_water_binary,Valtz,co2,solubility_molality,278,16.74,0,0,0,0,0,0,0.9869748105,,T,fit-eligible
co2_water_binary,Valtz,co2,xc_saltfree,278,20.31,0,0,0,0,0,0,0.02015,,T,fit-eligible
co2_water_binary,Valtz,co2,solubility_molality,278,20.31,0,0,0,0,0,0,1.141496113,,T,fit-eligible
co2_water_binary,Guo,co2,xc_saltfree,278,100,0,0,0,0,0,0,0.031,,T,fit-eligible
co2_water_binary,Guo,co2,solubility_molality,278,100,0,0,0,0,0,0,1.775811648,,T,fit-eligible
co2_water_binary,Guo,co2,xc_saltfree,278,200,0,0,0,0,0,0,0.0339,,T,fit-eligible
co2_water_binary,Guo,co2,solubility_molality,278,200,0,0,0,0,0,0,1.947765188,,T,fit-eligible
co2_water_binary,Guo,co2,xc_saltfree,278,300,0,0,0,0,0,0,0.0352,,T,fit-eligible
co2_water_binary,Guo,co2,solubility_molality,278,300,0,0,0,0,0,0,2.025183369,,T,fit-eligible
co2_water_binary,Guo,co2,xc_saltfree,278,400,0,0,0,0,0,0,0.0365,,T,fit-eligible
co2_water_binary,Guo,co2,solubility_molality,278,400,0,0,0,0,0,0,2.102810462,,T,fit-eligible
co2_water_binary,Guo,co2,xc_saltfree,283,100,0,0,0,0,0,0,0.0289,,T,fit-eligible
co2_water_binary,Guo,co2,solubility_molality,283,100,0,0,0,0,0,0,1.651934686,,T,fit-eligible
co2_water_binary,Guo,co2,xc_saltfree,283,200,0,0,0,0,0,0,0.0316,,T,fit-eligible
co2_water_binary,Guo,co2,solubility_molality,283,200,0,0,0,0,0,0,1.811303746,,T,fit-eligible
co2_water_binary,Guo,co2,xc_saltfree,283,300,0,0,0,0,0,0,0.033,,T,fit-eligible
co2_water_binary,Guo,co2,solubility_molality,283,300,0,0,0,0,0,0,1.894289925,,T,fit-eligible
co2_water_binary,Guo,co2,xc_saltfree,283,400,0,0,0,0,0,0,0.0343,,T,fit-eligible
co2_water_binary,Guo,co2,solubility_molality,283,400,0,0,0,0,0,0,1.971563967,,T,fit-eligible
co2_water_binary,Guo,co2,xc_saltfree,283,500,0,0,0,0,0,0,0.0366,,T,fit-eligible
co2_water_binary,Guo,co2,solubility_molality,283,500,0,0,0,0,0,0,2.108790454,,T,fit-eligible
co2_water_binary,Valtz,co2,xc_saltfree,288,4.96,0,0,0,0,0,0,0.00496,,T,fit-eligible
co2_water_binary,Valtz,co2,solubility_molality,288,4.96,0,0,0,0,0,0,0.2766942413,,T,fit-eligible
co2_water_binary,Valtz,co2,xc_saltfree,288,11.03,0,0,0,0,0,0,0.01103,,T,fit-eligible
co2_water_binary,Valtz,co2,solubility_molality,288,11.03,0,0,0,0,0,0,0.6190865635,,T,fit-eligible
co2_water_binary,Valtz,co2,xc_saltfree,288,19.41,0,0,0,0,0,0,0.01941,,T,fit-eligible
co2_water_binary,Valtz,co2,solubility_molality,288,19.41,0,0,0,0,0,0,1.098745372,,T,fit-eligible
co2_water_binary,Valtz,co2,xc_saltfree,288,27.77,0,0,0,0,0,0,0.02777,,T,fit-eligible
co2_water_binary,Valtz,co2,solubility_molality,288,27.77,0,0,0,0,0,0,1.585498536,,T,fit-eligible
co2_water_binary,Valtz,co2,xc_saltfree,288,37.19,0,0,0,0,0,0,0.03719,,T,fit-eligible
co2_water_binary,Valtz,co2,solubility_molality,288,37.19,0,0,0,0,0,0,2.144097693,,T,fit-eligible
co2_water_binary,Valtz,co2,xc_saltfree,288,46.01,0,0,0,0,0,0,0.04601,,T,fit-eligible
co2_water_binary,Valtz,co2,solubility_molality,288,46.01,0,0,0,0,0,0,2.677117262,,T,fit-eligible
co2_water_binary,Valtz,co2,xc_saltfree,288,50.59,0,0,0,0,0,0,0.05059,,T,fit-eligible
co2_water_binary,Valtz,co2,solubility_molality,288,50.59,0,0,0,0,0,0,2.957807196,,T,fit-eligible
co2_water_binary,king,co2,xc_saltfree,288,60.8,0,0,0,0,0,0,0.02658,,T,fit-eligible
co2_water_binary,king,co2,solubility_molality,288,60.8,0,0,0,0,0,0,1.515701551,,T,fit-eligible
co2_water_binary,king,co2,xc_saltfree,288,76,0,0,0,0,0,0,0.02729,,T,fit-eligible
co2_water_binary,king,co2,solubility_molality,288,76,0,0,0,0,0,0,1.557324581,,T,fit-eligible
co2_water_binary,king,co2,xc_saltfree,288,101.3,0,0,0,0,0,0,0.02757,,R,fit-eligible
co2_water_binary,king,co2,solubility_molality,288,101.3,0,0,0,0,0,0,1.573756008,,R,fit-eligible
co2_water_binary,king,co2,xc_saltfree,288,131.7,0,0,0,0,0,0,0.0284,,T,fit-eligible
co2_water_binary,king,co2,solubility_molality,288,131.7,0,0,0,0,0,0,1.622519098,,T,fit-eligible
co2_water_binary,king,co2,xc_saltfree,288,152,0,0,0,0,0,0,0.02886,,T,fit-eligible
co2_water_binary,king,co2,solubility_molality,288,152,0,0,0,0,0,0,1.649580324,,T,fit-eligible
co2_water_binary,king,co2,xc_saltfree,288,177.3,0,0,0,0,0,0,0.0296,,T,fit-eligible
co2_water_binary,king,co2,solubility_molality,288,177.3,0,0,0,0,0,0,1.693167434,,T,fit-eligible
co2_water_binary,king,co2,xc_saltfree,288,202.7,0,0,0,0,0,0,0.03013,,R,fit-eligible
co2_water_binary,king,co2,solubility_molality,288,202.7,0,0,0,0,0,0,1.724426107,,R,fit-eligible
co2_water_binary,king,co2,xc_saltfree,288,243.2,0,0,0,0,0,0,0.0307,,T,fit-eligible
co2_water_binary,king,co2,solubility_molality,288,243.2,0,0,0,0,0,0,1.758082076,,T,fit-eligible
co2_water_binary,Guo,co2,xc_saltfree,288,100,0,0,0,0,0,0,0.0276,,R,fit-eligible
co2_water_binary,Guo,co2,solubility_molality,288,100,0,0,0,0,0,0,1.575517079,,R,fit-eligible
co2_water_binary,Guo,co2,xc_saltfree,288,200,0,0,0,0,0,0,0.0301,,R,fit-eligible
co2_water_binary,Guo,co2,solubility_molality,288,200,0,0,0,0,0,0,1.722655836,,R,fit-eligible
co2_water_binary,Guo,co2,xc_saltfree,288,300,0,0,0,0,0,0,0.0315,,T,fit-eligible
co2_water_binary,Guo,co2,solubility_molality,288,300,0,0,0,0,0,0,1.805385343,,T,fit-eligible
co2_water_binary,Guo,co2,xc_saltfree,288,400,0,0,0,0,0,0,0.0327,,T,fit-eligible
co2_water_binary,Guo,co2,solubility_molality,288,400,0,0,0,0,0,0,1.87648695,,T,fit-eligible
co2_water_binary,king,co2,xc_saltfree,293,76,0,0,0,0,0,0,0.02563,,T,fit-eligible
co2_water_binary,king,co2,solubility_molality,293,76,0,0,0,0,0,0,1.460103647,,T,fit-eligible
co2_water_binary,king,co2,xc_saltfree,293,101.3,0,0,0,0,0,0,0.02625,,T,fit-eligible
co2_water_binary,king,co2,solubility_molality,293,101.3,0,0,0,0,0,0,1.496376298,,T,fit-eligible
co2_water_binary,king,co2,xc_saltfree,293,152,0,0,0,0,0,0,0.02743,,T,fit-eligible
co2_water_binary,king,co2,solubility_molality,293,152,0,0,0,0,0,0,1.565539112,,T,fit-eligible
co2_water_binary,king,co2,xc_saltfree,293,177.3,0,0,0,0,0,0,0.02807,,T,fit-eligible
co2_water_binary,king,co2,solubility_molality,293,177.3,0,0,0,0,0,0,1.60312139,,T,fit-eligible
co2_water_binary,king,co2,xc_saltfree,293,202.7,0,0,0,0,0,0,0.02847,,R,fit-eligible
co2_water_binary,king,co2,solubility_molality,293,202.7,0,0,0,0,0,0,1.626635458,,R,fit-eligible
co2_water_binary,Guo,co2,xc_saltfree,293,200,0,0,0,0,0,0,0.0284,,R,fit-eligible
co2_water_binary,Guo,co2,solubility_molality,293,200,0,0,0,0,0,0,1.622519098,,R,fit-eligible
co2_water_binary,Guo,co2,xc_saltfree,293,300,0,0,0,0,0,0,0.0298,,T,fit-eligible
co2_water_binary,Guo,co2,solubility_molality,293,300,0,0,0,0,0,0,1.704959147,,T,fit-eligible
co2_water_binary,Guo,co2,xc_saltfree,293,400,0,0,0,0,0,0,0.0312,,T,fit-eligible
co2_water_binary,Guo,co2,solubility_molality,293,400,0,0,0,0,0,0,1.787637463,,T,fit-eligible
co2_water_binary,Guo,co2,xc_saltfree,293,500,0,0,0,0,0,0,0.0333,,T,fit-eligible
co2_water_binary,Guo,co2,solubility_molality,293,500,0,0,0,0,0,0,1.912103949,,T,fit-eligible
co2_water_binary,Guo,co2,xc_saltfree,293,600,0,0,0,0,0,0,0.0353,,T,fit-eligible
co2_water_binary,Guo,co2,solubility_molality,293,600,0,0,0,0,0,0,2.031147256,,T,fit-eligible
co2_water_binary,Guo,co2,xc_saltfree,293,1200,0,0,0,0,0,0,0.042,,T,fit-eligible
co2_water_binary,Guo,co2,solubility_molality,293,1200,0,0,0,0,0,0,2.433563959,,T,fit-eligible
co2_water_binary,HOU,co2,xc_saltfree,298,16.6,0,0,0,0,0,0,0.00887,,T,fit-eligible
co2_water_binary,HOU,co2,solubility_molality,298,16.6,0,0,0,0,0,0,0.4967661346,,T,fit-eligible
co2_water_binary,HOU,co2,xc_saltfree,298,32.6,0,0,0,0,0,0,0.0154,,T,fit-eligible
co2_water_binary,HOU,co2,solubility_molality,298,32.6,0,0,0,0,0,0,0.8682001828,,T,fit-eligible
co2_water_binary,HOU,co2,xc_saltfree,298,63.9,0,0,0,0,0,0,0.02484,,T,fit-eligible
co2_water_binary,HOU,co2,solubility_molality,298,63.9,0,0,0,0,0,0,1.413952097,,T,fit-eligible
co2_water_binary,HOU,co2,xc_saltfree,298,101.8,0,0,0,0,0,0,0.0263,,R,fit-eligible
co2_water_binary,HOU,co2,solubility_molality,298,101.8,0,0,0,0,0,0,1.499303525,,R,fit-eligible
co2_water_binary,HOU,co2,xc_saltfree,298,134.4,0,0,0,0,0,0,0.02782,,T,fit-eligible
co2_water_binary,HOU,co2,solubility_molality,298,134.4,0,0,0,0,0,0,1.588434923,,T,fit-eligible
co2_water_binary,HOU,co2,xc_saltfree,298,175.5,0,0,0,0,0,0,0.02944,,T,fit-eligible
co2_water_binary,HOU,co2,solubility_molality,298,175.5,0,0,0,0,0,0,1.683737562,,T,fit-eligible
co2_water_binary,king,co2,xc_saltfree,298,76,0,0,0,0,0,0,0.02445,,T,fit-eligible
co2_water_binary,king,co2,solubility_molality,298,76,0,0,0,0,0,0,1.391195979,,T,fit-eligible
co2_water_binary,king,co2,xc_saltfree,298,101.3,0,0,0,0,0,0,0.0251,,R,fit-eligible
co2_water_binary,king,co2,solubility_molality,298,101.3,0,0,0,0,0,0,1.429132957,,R,fit-eligible
co2_water_binary,king,co2,xc_saltfree,298,152,0,0,0,0,0,0,0.02603,,T,fit-eligible
co2_water_binary,king,co2,solubility_molality,298,152,0,0,0,0,0,0,1.483500072,,T,fit-eligible
co2_water_binary,king,co2,xc_saltfree,298,177.3,0,0,0,0,0,0,0.02672,,T,fit-eligible
co2_water_binary,king,co2,solubility_molality,298,177.3,0,0,0,0,0,0,1.523904102,,T,fit-eligible
co2_water_binary,king,co2,xc_saltfree,298,202.7,0,0,0,0,0,0,0.02734,,R,fit-eligible
co2_water_binary,king,co2,solubility_molality,298,202.7,0,0,0,0,0,0,1.56025807,,R,fit-eligible
co2_water_binary,Valtz,co2,xc_saltfree,298,5.04,0,0,0,0,0,0,0.00314,,T,fit-eligible
co2_water_binary,Valtz,co2,solubility_molality,298,5.04,0,0,0,0,0,0,0.174845501,,T,fit-eligible
co2_water_binary,Valtz,co2,xc_saltfree,298,10.07,0,0,0,0,0,0,0.00614,,T,fit-eligible
co2_water_binary,Valtz,co2,solubility_molality,298,10.07,0,0,0,0,0,0,0.3429273653,,T,fit-eligible
co2_water_binary,Valtz,co2,xc_saltfree,298,14.96,0,0,0,0,0,0,0.00887,,T,fit-eligible
co2_water_binary,Valtz,co2,solubility_molality,298,14.96,0,0,0,0,0,0,0.4967661346,,T,fit-eligible
co2_water_binary,Valtz,co2,xc_saltfree,298,24.83,0,0,0,0,0,0,0.01356,,T,fit-eligible
co2_water_binary,Valtz,co2,solubility_molality,298,24.83,0,0,0,0,0,0,0.7630412184,,T,fit-eligible
co2_water_binary,Valtz,co2,xc_saltfree,298,34.91,0,0,0,0,0,0,0.01772,,T,fit-eligible
co2_water_binary,Valtz,co2,solubility_molality,298,34.91,0,0,0,0,0,0,1.001353452,,T,fit-eligible
co2_water_binary,Valtz,co2,xc_saltfree,298,44.92,0,0,0,0,0,0,0.02089,,T,fit-eligible
co2_water_binary,Valtz,co2,solubility_molality,298,44.92,0,0,0,0,0,0,1.184311475,,T,fit-eligible
co2_water_binary,Valtz,co2,xc_saltfree,298,55.24,0,0,0,0,0,0,0.02323,,T,fit-eligible
co2_water_binary,Valtz,co2,solubility_molality,298,55.24,0,0,0,0,0,0,1.320127509,,T,fit-eligible
co2_water_binary,Guo,co2,xc_saltfree,298,100,0,0,0,0,0,0,0.0251,,R,fit-eligible
co2_water_binary,Guo,co2,solubility_molality,298,100,0,0,0,0,0,0,1.429132957,,R,fit-eligible
co2_water_binary,Guo,co2,xc_saltfree,298,200,0,0,0,0,0,0,0.0274,,R,fit-eligible
co2_water_binary,Guo,co2,solubility_molality,298,200,0,0,0,0,0,0,1.563778656,,R,fit-eligible
co2_water_binary,Guo,co2,xc_saltfree,298,300,0,0,0,0,0,0,0.0288,,T,fit-eligible
co2_water_binary,Guo,co2,solubility_molality,298,300,0,0,0,0,0,0,1.646049145,,T,fit-eligible
co2_water_binary,Guo,co2,xc_saltfree,298,400,0,0,0,0,0,0,0.0303,,T,fit-eligible
co2_water_binary,Guo,co2,solubility_molality,298,400,0,0,0,0,0,0,1.734459712,,T,fit-eligible
co2_water_binary,Guo,co2,xc_saltfree,298,500,0,0,0,0,0,0,0.0323,,T,fit-eligible
co2_water_binary,Guo,co2,solubility_molality,298,500,0,0,0,0,0,0,1.852766821,,T,fit-eligible
co2_water_binary,Valtz,co2,xc_saltfree,304,6.8,0,0,0,0,0,0,0.0033,,T,fit-eligible
co2_water_binary,Valtz,co2,solubility_molality,304,6.8,0,0,0,0,0,0,0.183784324,,T,fit-eligible
co2_water_binary,Valtz,co2,xc_saltfree,304,25,0,0,0,0,0,0,0.011,,T,fit-eligible
co2_water_binary,Valtz,co2,solubility_molality,304,25,0,0,0,0,0,0,0.6173840098,,T,fit-eligible
co2_water_binary,Valtz,co2,xc_saltfree,304,51,0,0,0,0,0,0,0.018,,T,fit-eligible
co2_water_binary,Valtz,co2,solubility_molality,304,51,0,0,0,0,0,0,1.017466223,,T,fit-eligible
co2_water_binary,Valtz,co2,xc_saltfree,304,102,0,0,0,0,0,0,0.0246,,T,fit-eligible
co2_water_binary,Valtz,co2,solubility_molality,304,102,0,0,0,0,0,0,1.399946179,,T,fit-eligible
co2_water_binary,Valtz,co2,xc_saltfree,304,204,0,0,0,0,0,0,0.0267,,T,fit-eligible
co2_water_binary,Valtz,co2,solubility_molality,304,204,0,0,0,0,0,0,1.522732165,,T,fit-eligible
co2_water_binary,Valtz,co2,xc_saltfree,308,5.79,0,0,0,0,0,0,0.00276,,T,fit-eligible
co2_water_binary,Valtz,co2,solubility_molality,308,5.79,0,0,0,0,0,0,0.1536272921,,T,fit-eligible
co2_water_binary,Valtz,co2,xc_saltfree,308,18.89,0,0,0,0,0,0,0.00856,,T,fit-eligible
co2_water_binary,Valtz,co2,solubility_molality,308,18.89,0,0,0,0,0,0,0.4792546237,,T,fit-eligible
co2_water_binary,Valtz,co2,xc_saltfree,308,30.29,0,0,0,0,0,0,0.01259,,T,fit-eligible
co2_water_binary,Valtz,co2,solubility_molality,308,30.29,0,0,0,0,0,0,0.70776192,,T,fit-eligible
co2_water_binary,Valtz,co2,xc_saltfree,308,40.05,0,0,0,0,0,0,0.01563,,T,fit-eligible
co2_water_binary,Valtz,co2,solubility_molality,308,40.05,0,0,0,0,0,0,0.8813726952,,T,fit-eligible
co2_water_binary,Valtz,co2,xc_saltfree,308,49.85,0,0,0,0,0,0,0.01837,,T,fit-eligible
co2_water_binary,Valtz,co2,solubility_molality,308,49.85,0,0,0,0,0,0,1.038772197,,T,fit-eligible
co2_water_binary,Valtz,co2,xc_saltfree,308,59.49,0,0,0,0,0,0,0.02033,,T,fit-eligible
co2_water_binary,Valtz,co2,solubility_molality,308,59.49,0,0,0,0,0,0,1.151904708,,T,fit-eligible
co2_water_binary,Valtz,co2,xc_saltfree,308,60.77,0,0,0,0,0,0,0.02066,,T,fit-eligible
co2_water_binary,Valtz,co2,solubility_molality,308,60.77,0,0,0,0,0,0,1.170997068,,T,fit-eligible
co2_water_binary,Valtz,co2,xc_saltfree,308,69.86,0,0,0,0,0,0,0.02152,,T,fit-eligible
co2_water_binary,Valtz,co2,solubility_molality,308,69.86,0,0,0,0,0,0,1.220813427,,T,fit-eligible
co2_water_binary,Valtz,co2,xc_saltfree,308,79.63,0,0,0,0,0,0,0.02304,,T,fit-eligible
co2_water_binary,Valtz,co2,solubility_molality,308,79.63,0,0,0,0,0,0,1.309075442,,T,fit-eligible
co2_water_binary,Guo,co2,xc_saltfree,313,100,0,0,0,0,0,0,0.0217,,T,fit-eligible
co2_water_binary,Guo,co2,solubility_molality,313,100,0,0,0,0,0,0,1.231251192,,T,fit-eligible
co2_water_binary,Guo,co2,xc_saltfree,313,200,0,0,0,0,0,0,0.0245,,T,fit-eligible
co2_water_binary,Guo,co2,solubility_molality,313,200,0,0,0,0,0,0,1.394112413,,T,fit-eligible
co2_water_binary,Guo,co2,xc_saltfree,313,300,0,0,0,0,0,0,0.0258,,T,fit-eligible
co2_water_binary,Guo,co2,solubility_molality,313,300,0,0,0,0,0,0,1.47004478,,T,fit-eligible
co2_water_binary,Guo,co2,xc_saltfree,313,400,0,0,0,0,0,0,0.0271,,T,fit-eligible
co2_water_binary,Guo,co2,solubility_molality,313,400,0,0,0,0,0,0,1.54618007,,T,fit-eligible
co2_water_binary,Guo,co2,xc_saltfree,313,500,0,0,0,0,0,0,0.0298,,T,fit-eligible
co2_water_binary,Guo,co2,solubility_molality,313,500,0,0,0,0,0,0,1.704959147,,T,fit-eligible
co2_water_binary,Guo,co2,xc_saltfree,313,600,0,0,0,0,0,0,0.0306,,T,fit-eligible
co2_water_binary,Guo,co2,solubility_molality,313,600,0,0,0,0,0,0,1.752174657,,T,fit-eligible
co2_water_binary,Guo,co2,xc_saltfree,313,900,0,0,0,0,0,0,0.0356,,T,fit-eligible
co2_water_binary,Guo,co2,solubility_molality,313,900,0,0,0,0,0,0,2.049046338,,T,fit-eligible
co2_water_binary,Guo,co2,xc_saltfree,313,1200,0,0,0,0,0,0,0.0372,,T,fit-eligible
co2_water_binary,Guo,co2,solubility_molality,313,1200,0,0,0,0,0,0,2.144696494,,T,fit-eligible
co2_water_binary,Valtz,co2,xc_saltfree,318,4.65,0,0,0,0,0,0,0.00182,,T,fit-eligible
co2_water_binary,Valtz,co2,solubility_molality,318,4.65,0,0,0,0,0,0,0.1012095532,,T,fit-eligible
co2_water_binary,Valtz,co2,xc_saltfree,318,10.45,0,0,0,0,0,0,0.00394,,T,fit-eligible
co2_water_binary,Valtz,co2,solubility_molality,318,10.45,0,0,0,0,0,0,0.2195683334,,T,fit-eligible
co2_water_binary,Valtz,co2,xc_saltfree,318,18.63,0,0,0,0,0,0,0.0068,,T,fit-eligible
co2_water_binary,Valtz,co2,solubility_molality,318,18.63,0,0,0,0,0,0,0.3800416416,,T,fit-eligible
co2_water_binary,Valtz,co2,xc_saltfree,318,19.84,0,0,0,0,0,0,0.0073,,T,fit-eligible
co2_water_binary,Valtz,co2,solubility_molality,318,19.84,0,0,0,0,0,0,0.408191373,,T,fit-eligible
co2_water_binary,Valtz,co2,xc_saltfree,318,30.01,0,0,0,0,0,0,0.01018,,T,fit-eligible
co2_water_binary,Valtz,co2,solubility_molality,318,30.01,0,0,0,0,0,0,0.5708875037,,T,fit-eligible
co2_water_binary,Valtz,co2,xc_saltfree,318,39.77,0,0,0,0,0,0,0.01259,,T,fit-eligible
co2_water_binary,Valtz,co2,solubility_molality,318,39.77,0,0,0,0,0,0,0.70776192,,T,fit-eligible
co2_water_binary,Valtz,co2,xc_saltfree,318,49.82,0,0,0,0,0,0,0.01532,,T,fit-eligible
co2_water_binary,Valtz,co2,solubility_molality,318,49.82,0,0,0,0,0,0,0.8636198817,,T,fit-eligible
co2_water_binary,Valtz,co2,xc_saltfree,318,59.92,0,0,0,0,0,0,0.01726,,T,fit-eligible
co2_water_binary,Valtz,co2,solubility_molality,318,59.92,0,0,0,0,0,0,0.9749024047,,T,fit-eligible
co2_water_binary,Valtz,co2,xc_saltfree,318,69.84,0,0,0,0,0,0,0.01905,,T,fit-eligible
co2_water_binary,Valtz,co2,solubility_molality,318,69.84,0,0,0,0,0,0,1.077971036,,T,fit-eligible
co2_water_binary,Valtz,co2,xc_saltfree,318,79.33,0,0,0,0,0,0,0.02031,,T,fit-eligible
co2_water_binary,Valtz,co2,solubility_molality,318,79.33,0,0,0,0,0,0,1.150748008,,T,fit-eligible
co2_water_binary,Briones,co2,xc_saltfree,323,68.2,0,0,0,0,0,0,0.01651,,T,fit-eligible
co2_water_binary,Briones,co2,solubility_molality,323,68.2,0,0,0,0,0,0,0.9318287556,,T,fit-eligible
co2_water_binary,Briones,co2,xc_saltfree,323,75.3,0,0,0,0,0,0,0.0175,,R,fit-eligible
co2_water_binary,Briones,co2,solubility_molality,323,75.3,0,0,0,0,0,0,0.9886998612,,R,fit-eligible
co2_water_binary,Briones,co2,xc_saltfree,323,87.2,0,0,0,0,0,0,0.01768,,T,fit-eligible
co2_water_binary,Briones,co2,solubility_molality,323,87.2,0,0,0,0,0,0,0.9990523779,,T,fit-eligible
co2_water_binary,Briones,co2,xc_saltfree,323,101.3,0,0,0,0,0,0,0.02081,,T,fit-eligible
co2_water_binary,Briones,co2,solubility_molality,323,101.3,0,0,0,0,0,0,1.179679668,,T,fit-eligible
co2_water_binary,Briones,co2,xc_saltfree,323,122.1,0,0,0,0,0,0,0.02096,,R,fit-eligible
co2_water_binary,Briones,co2,solubility_molality,323,122.1,0,0,0,0,0,0,1.188364928,,R,fit-eligible
co2_water_binary,Briones,co2,xc_saltfree,323,147.5,0,0,0,0,0,0,0.02215,,T,fit-eligible
co2_water_binary,Briones,co2,solubility_molality,323,147.5,0,0,0,0,0,0,1.257362414,,T,fit-eligible
co2_water_binary,Briones,co2,xc_saltfree,323,176.8,0,0,0,0,0,0,0.02262,,R,fit-eligible
co2_water_binary,Briones,co2,solubility_molality,323,176.8,0,0,0,0,0,0,1.284659806,,R,fit-eligible
co2_water_binary,HOU,co2,xc_saltfree,323,10.9,0,0,0,0,0,0,0.00333,,T,fit-eligible
co2_water_binary,HOU,co2,solubility_molality,323,10.9,0,0,0,0,0,0,0.1854606728,,T,fit-eligible
co2_water_binary,HOU,co2,xc_saltfree,323,29.8,0,0,0,0,0,0,0.00901,,T,fit-eligible
co2_water_binary,HOU,co2,solubility_molality,323,29.8,0,0,0,0,0,0,0.50467815,,T,fit-eligible
co2_water_binary,HOU,co2,xc_saltfree,323,74.1,0,0,0,0,0,0,0.01829,,R,fit-eligible
co2_water_binary,HOU,co2,solubility_molality,323,74.1,0,0,0,0,0,0,1.034164139,,R,fit-eligible
co2_water_binary,HOU,co2,xc_saltfree,323,100.2,0,0,0,0,0,0,0.02054,,T,fit-eligible
co2_water_binary,HOU,co2,solubility_molality,323,100.2,0,0,0,0,0,0,1.164052903,,T,fit-eligible
co2_water_binary,HOU,co2,xc_saltfree,323,129.7,0,0,0,0,0,0,0.02141,,T,fit-eligible
co2_water_binary,HOU,co2,solubility_molality,323,129.7,0,0,0,0,0,0,1.214436684,,T,fit-eligible
co2_water_binary,HOU,co2,xc_saltfree,323,175.3,0,0,0,0,0,0,0.02255,,R,fit-eligible
co2_water_binary,HOU,co2,solubility_molality,323,175.3,0,0,0,0,0,0,1.280592573,,R,fit-eligible
co2_water_binary,BAMBERGE,co2,xc_saltfree,323,41,0,0,0,0,0,0,0.0109,,T,fit-eligible
co2_water_binary,BAMBERGE,co2,solubility_molality,323,41,0,0,0,0,0,0,0.6117095766,,T,fit-eligible
co2_water_binary,BAMBERGE,co2,xc_saltfree,323,51,0,0,0,0,0,0,0.0137,,T,fit-eligible
co2_water_binary,BAMBERGE,co2,solubility_molality,323,51,0,0,0,0,0,0,0.7710286529,,T,fit-eligible
co2_water_binary,BAMBERGE,co2,xc_saltfree,323,61,0,0,0,0,0,0,0.0161,,T,fit-eligible
co2_water_binary,BAMBERGE,co2,solubility_molality,323,61,0,0,0,0,0,0,0.9083095889,,T,fit-eligible
co2_water_binary,BAMBERGE,co2,xc_saltfree,323,71,0,0,0,0,0,0,0.0176,,T,fit-eligible
co2_water_binary,BAMBERGE,co2,solubility_molality,323,71,0,0,0,0,0,0,0.994450791,,T,fit-eligible
co2_water_binary,BAMBERGE,co2,xc_saltfree,323,81,0,0,0,0,0,0,0.019,,T,fit-eligible
co2_water_binary,BAMBERGE,co2,solubility_molality,323,81,0,0,0,0,0,0,1.075086918,,T,fit-eligible
co2_water_binary,BAMBERGE,co2,xc_saltfree,323,91,0,0,0,0,0,0,0.02,,T,fit-eligible
co2_water_binary,BAMBERGE,co2,solubility_molality,323,91,0,0,0,0,0,0,1.132825205,,T,fit-eligible
co2_water_binary,BAMBERGE,co2,xc_saltfree,323,101,0,0,0,0,0,0,0.0205,,T,fit-eligible
co2_water_binary,BAMBERGE,co2,solubility_molality,323,101,0,0,0,0,0,0,1.161738559,,T,fit-eligible
co2_water_binary,BAMBERGE,co2,xc_saltfree,323,111,0,0,0,0,0,0,0.021,,T,fit-eligible
co2_water_binary,BAMBERGE,co2,solubility_molality,323,111,0,0,0,0,0,0,1.190681447,,T,fit-eligible
co2_water_binary,BAMBERGE,co2,xc_saltfree,323,121,0,0,0,0,0,0,0.0214,,R,fit-eligible
co2_water_binary,BAMBERGE,co2,solubility_molality,323,121,0,0,0,0,0,0,1.213857051,,R,fit-eligible
co2_water_binary,BAMBERGE,co2,xc_saltfree,323,141,0,0,0,0,0,0,0.0217,,T,fit-eligible
co2_water_binary,BAMBERGE,co2,solubility_molality,323,141,0,0,0,0,0,0,1.231251192,,T,fit-eligible
co2_water_binary,RUMPF,co2,xc_saltfree,323,10.6,0,0,0,0,0,0,0.00352,,T,fit-eligible
co2_water_binary,RUMPF,co2,solubility_molality,323,10.6,0,0,0,0,0,0,0.1960798926,,T,fit-eligible
co2_water_binary,RUMPF,co2,xc_saltfree,323,14.3,0,0,0,0,0,0,0.00464,,T,fit-eligible
co2_water_binary,RUMPF,co2,solubility_molality,323,14.3,0,0,0,0,0,0,0.2587597841,,T,fit-eligible
co2_water_binary,RUMPF,co2,xc_saltfree,323,18.1,0,0,0,0,0,0,0.00578,,T,fit-eligible
co2_water_binary,RUMPF,co2,solubility_molality,323,18.1,0,0,0,0,0,0,0.3227039837,,T,fit-eligible
co2_water_binary,RUMPF,co2,xc_saltfree,323,34.8,0,0,0,0,0,0,0.01035,,T,fit-eligible
co2_water_binary,RUMPF,co2,solubility_molality,323,34.8,0,0,0,0,0,0,0.5805206921,,T,fit-eligible
co2_water_binary,RUMPF,co2,xc_saltfree,323,58,0,0,0,0,0,0,0.01544,,T,fit-eligible
co2_water_binary,RUMPF,co2,solubility_molality,323,58,0,0,0,0,0,0,0.8704906124,,T,fit-eligible
co2_water_binary,DSOUZA,co2,xc_saltfree,323,101.3,0,0,0,0,0,0,0.0198,,T,fit-eligible
co2_water_binary,DSOUZA,co2,solubility_molality,323,101.3,0,0,0,0,0,0,1.121268123,,T,fit-eligible
co2_water_binary,DSOUZA,co2,xc_saltfree,323,152,0,0,0,0,0,0,0.021,,T,fit-eligible
co2_water_binary,DSOUZA,co2,solubility_molality,323,152,0,0,0,0,0,0,1.190681447,,T,fit-eligible
co2_water_binary,DOHRN,co2,xc_saltfree,323,101,0,0,0,0,0,0,0.02075,,T,fit-eligible
co2_water_binary,DOHRN,co2,solubility_molality,323,101,0,0,0,0,0,0,1.176206308,,T,fit-eligible
co2_water_binary,DOHRN,co2,xc_saltfree,323,201,0,0,0,0,0,0,0.02347,,R,fit-eligible
co2_water_binary,DOHRN,co2,solubility_molality,323,201,0,0,0,0,0,0,1.334094161,,R,fit-eligible
co2_water_binary,DOHRN,co2,xc_saltfree,323,301,0,0,0,0,0,0,0.02514,,T,fit-eligible
co2_water_binary,DOHRN,co2,solubility_molality,323,301,0,0,0,0,0,0,1.431469193,,T,fit-eligible
co2_water_binary,TODHEIDE,co2,xc_saltfree,323,200,0,0,0,0,0,0,0.023,,R,fit-eligible
co2_water_binary,TODHEIDE,co2,solubility_molality,323,200,0,0,0,0,0,0,1.306749239,,R,fit-eligible
co2_water_binary,TODHEIDE,co2,xc_saltfree,323,600,0,0,0,0,0,0,0.028,,T,fit-eligible
co2_water_binary,TODHEIDE,co2,solubility_molality,323,600,0,0,0,0,0,0,1.599008417,,T,fit-eligible
co2_water_binary,TODHEIDE,co2,xc_saltfree,323,1000,0,0,0,0,0,0,0.035,,T,fit-eligible
co2_water_binary,TODHEIDE,co2,solubility_molality,323,1000,0,0,0,0,0,0,2.013259303,,T,fit-eligible
co2_water_binary,TODHEIDE,co2,xc_saltfree,323,1500,0,0,0,0,0,0,0.038,,T,fit-eligible
co2_water_binary,TODHEIDE,co2,solubility_molality,323,1500,0,0,0,0,0,0,2.192640886,,T,fit-eligible
co2_water_binary,TODHEIDE,co2,xc_saltfree,323,2000,0,0,0,0,0,0,0.041,,T,fit-eligible
co2_water_binary,TODHEIDE,co2,solubility_molality,323,2000,0,0,0,0,0,0,2.373144773,,T,fit-eligible
co2_water_binary,TODHEIDE,co2,xc_saltfree,323,2500,0,0,0,0,0,0,0.045,,T,fit-eligible
co2_water_binary,TODHEIDE,co2,solubility_molality,323,2500,0,0,0,0,0,0,2.61558071,,T,fit-eligible
co2_water_binary,TODHEIDE,co2,xc_saltfree,323,3000,0,0,0,0,0,0,0.048,,T,fit-eligible
co2_water_binary,TODHEIDE,co2,solubility_molality,323,3000,0,0,0,0,0,0,2.798744625,,T,fit-eligible
co2_water_binary,TODHEIDE,co2,xc_saltfree,323,3500,0,0,0,0,0,0,0.052,,T,fit-eligible
co2_water_binary,TODHEIDE,co2,solubility_molality,323,3500,0,0,0,0,0,0,3.04476648,,T,fit-eligible
co2_water_binary,BAMBERGE,co2,xc_saltfree,333,41,0,0,0,0,0,0,0.0096,,T,fit-eligible
co2_water_binary,BAMBERGE,co2,solubility_molality,333,41,0,0,0,0,0,0,0.5380462203,,T,fit-eligible
co2_water_binary,BAMBERGE,co2,xc_saltfree,333,51,0,0,0,0,0,0,0.0121,,T,fit-eligible
co2_water_binary,BAMBERGE,co2,solubility_molality,333,51,0,0,0,0,0,0,0.6798785953,,T,fit-eligible
co2_water_binary,BAMBERGE,co2,xc_saltfree,333,61,0,0,0,0,0,0,0.0138,,T,fit-eligible
co2_water_binary,BAMBERGE,co2,solubility_molality,333,61,0,0,0,0,0,0,0.7767353517,,T,fit-eligible
co2_water_binary,BAMBERGE,co2,xc_saltfree,333,71,0,0,0,0,0,0,0.0157,,T,fit-eligible
co2_water_binary,BAMBERGE,co2,solubility_molality,333,71,0,0,0,0,0,0,0.8853829427,,T,fit-eligible
co2_water_binary,BAMBERGE,co2,xc_saltfree,333,81,0,0,0,0,0,0,0.0166,,T,fit-eligible
co2_water_binary,BAMBERGE,co2,solubility_molality,333,81,0,0,0,0,0,0,0.9369941245,,T,fit-eligible
co2_water_binary,BAMBERGE,co2,xc_saltfree,333,91,0,0,0,0,0,0,0.0179,,T,fit-eligible
co2_water_binary,BAMBERGE,co2,solubility_molality,333,91,0,0,0,0,0,0,1.011710607,,T,fit-eligible
co2_water_binary,BAMBERGE,co2,xc_saltfree,333,101,0,0,0,0,0,0,0.0186,,R,fit-eligible
co2_water_binary,BAMBERGE,co2,solubility_molality,333,101,0,0,0,0,0,0,1.052024549,,R,fit-eligible
co2_water_binary,BAMBERGE,co2,xc_saltfree,333,111,0,0,0,0,0,0,0.0195,,T,fit-eligible
co2_water_binary,BAMBERGE,co2,solubility_molality,333,111,0,0,0,0,0,0,1.10394134,,T,fit-eligible
co2_water_binary,BAMBERGE,co2,xc_saltfree,333,121,0,0,0,0,0,0,0.0201,,T,fit-eligible
co2_water_binary,BAMBERGE,co2,solubility_molality,333,121,0,0,0,0,0,0,1.138605516,,T,fit-eligible
co2_water_binary,BAMBERGE,co2,xc_saltfree,333,141,0,0,0,0,0,0,0.0208,,T,fit-eligible
co2_water_binary,BAMBERGE,co2,solubility_molality,333,141,0,0,0,0,0,0,1.179100745,,T,fit-eligible
co2_water_binary,Guo,co2,xc_saltfree,333,100,0,0,0,0,0,0,0.0187,,R,fit-eligible
co2_water_binary,Guo,co2,solubility_molality,333,100,0,0,0,0,0,0,1.057788378,,R,fit-eligible
co2_water_binary,Guo,co2,xc_saltfree,333,200,0,0,0,0,0,0,0.0223,,T,fit-eligible
co2_water_binary,Guo,co2,solubility_molality,333,200,0,0,0,0,0,0,1.266071496,,T,fit-eligible
co2_water_binary,Guo,co2,xc_saltfree,333,300,0,0,0,0,0,0,0.0239,,T,fit-eligible
co2_water_binary,Guo,co2,solubility_molality,333,300,0,0,0,0,0,0,1.359134923,,T,fit-eligible
co2_water_binary,Guo,co2,xc_saltfree,333,400,0,0,0,0,0,0,0.0251,,T,fit-eligible
co2_water_binary,Guo,co2,solubility_molality,333,400,0,0,0,0,0,0,1.429132957,,T,fit-eligible
co2_water_binary,Guo,co2,xc_saltfree,333,500,0,0,0,0,0,0,0.0277,,T,fit-eligible
co2_water_binary,Guo,co2,solubility_molality,333,500,0,0,0,0,0,0,1.581388102,,T,fit-eligible
co2_water_binary,Guo,co2,xc_saltfree,333,600,0,0,0,0,0,0,0.0301,,T,fit-eligible
co2_water_binary,Guo,co2,solubility_molality,333,600,0,0,0,0,0,0,1.722655836,,T,fit-eligible
co2_water_binary,Guo,co2,xc_saltfree,333,900,0,0,0,0,0,0,0.0339,,T,fit-eligible
co2_water_binary,Guo,co2,solubility_molality,333,900,0,0,0,0,0,0,1.947765188,,T,fit-eligible
co2_water_binary,Guo,co2,xc_saltfree,333,1200,0,0,0,0,0,0,0.0352,,T,fit-eligible
co2_water_binary,Guo,co2,solubility_molality,333,1200,0,0,0,0,0,0,2.025183369,,T,fit-eligible
co2_water_binary,HOU,co2,xc_saltfree,348,11,0,0,0,0,0,0,0.00222,,T,fit-eligible
co2_water_binary,HOU,co2,solubility_molality,348,11,0,0,0,0,0,0,0.1235029023,,T,fit-eligible
co2_water_binary,HOU,co2,xc_saltfree,348,29.2,0,0,0,0,0,0,0.00608,,T,fit-eligible
co2_water_binary,HOU,co2,solubility_molality,348,29.2,0,0,0,0,0,0,0.3395557843,,T,fit-eligible
co2_water_binary,HOU,co2,xc_saltfree,348,71.2,0,0,0,0,0,0,0.01267,,T,fit-eligible
co2_water_binary,HOU,co2,solubility_molality,348,71.2,0,0,0,0,0,0,0.7123169277,,T,fit-eligible
co2_water_binary,HOU,co2,xc_saltfree,348,101.7,0,0,0,0,0,0,0.01593,,T,fit-eligible
co2_water_binary,HOU,co2,solubility_molality,348,101.7,0,0,0,0,0,0,0.8985634869,,T,fit-eligible
co2_water_binary,HOU,co2,xc_saltfree,348,132.8,0,0,0,0,0,0,0.01856,,T,fit-eligible
co2_water_binary,HOU,co2,solubility_molality,348,132.8,0,0,0,0,0,0,1.049719346,,T,fit-eligible
co2_water_binary,HOU,co2,xc_saltfree,348,169.2,0,0,0,0,0,0,0.01993,,T,fit-eligible
co2_water_binary,HOU,co2,solubility_molality,348,169.2,0,0,0,0,0,0,1.12877969,,T,fit-eligible
co2_water_binary,DSOUZA,co2,xc_saltfree,348,101.3,0,0,0,0,0,0,0.0156,,T,fit-eligible
co2_water_binary,DSOUZA,co2,solubility_molality,348,101.3,0,0,0,0,0,0,0.8796541924,,T,fit-eligible
co2_water_binary,DSOUZA,co2,xc_saltfree,348,152,0,0,0,0,0,0,0.0188,,R,fit-eligible
co2_water_binary,DSOUZA,co2,solubility_molality,348,152,0,0,0,0,0,0,1.063553383,,R,fit-eligible
co2_water_binary,SAKO,co2,xc_saltfree,348,103.4,0,0,0,0,0,0,0.0191,,T,fit-eligible
co2_water_binary,SAKO,co2,solubility_molality,348,103.4,0,0,0,0,0,0,1.080855449,,T,fit-eligible
co2_water_binary,SAKO,co2,xc_saltfree,348,153.1,0,0,0,0,0,0,0.0192,,R,fit-eligible
co2_water_binary,SAKO,co2,solubility_molality,348,153.1,0,0,0,0,0,0,1.086625156,,R,fit-eligible
co2_water_binary,BAMBERGE,co2,xc_saltfree,353,41,0,0,0,0,0,0,0.008,,T,fit-eligible
co2_water_binary,BAMBERGE,co2,solubility_molality,353,41,0,0,0,0,0,0,0.4476486699,,T,fit-eligible
co2_water_binary,BAMBERGE,co2,xc_saltfree,353,61,0,0,0,0,0,0,0.0114,,R,fit-eligible
co2_water_binary,BAMBERGE,co2,solubility_molality,353,61,0,0,0,0,0,0,0.6400932224,,R,fit-eligible
co2_water_binary,BAMBERGE,co2,xc_saltfree,353,71,0,0,0,0,0,0,0.0128,,T,fit-eligible
co2_water_binary,BAMBERGE,co2,solubility_molality,353,71,0,0,0,0,0,0,0.7197203898,,T,fit-eligible
co2_water_binary,BAMBERGE,co2,xc_saltfree,353,81,0,0,0,0,0,0,0.014,,T,fit-eligible
co2_water_binary,BAMBERGE,co2,solubility_molality,353,81,0,0,0,0,0,0,0.788152222,,T,fit-eligible
co2_water_binary,BAMBERGE,co2,xc_saltfree,353,91,0,0,0,0,0,0,0.0151,,T,fit-eligible
co2_water_binary,BAMBERGE,co2,solubility_molality,353,91,0,0,0,0,0,0,0.8510278906,,T,fit-eligible
co2_water_binary,BAMBERGE,co2,xc_saltfree,353,101,0,0,0,0,0,0,0.016,,T,fit-eligible
co2_water_binary,BAMBERGE,co2,solubility_molality,353,101,0,0,0,0,0,0,0.9025761799,,T,fit-eligible
co2_water_binary,BAMBERGE,co2,xc_saltfree,353,111,0,0,0,0,0,0,0.0172,,T,fit-eligible
co2_water_binary,BAMBERGE,co2,solubility_molality,353,111,0,0,0,0,0,0,0.9714540935,,T,fit-eligible
co2_water_binary,BAMBERGE,co2,xc_saltfree,353,121,0,0,0,0,0,0,0.0172,,T,fit-eligible
co2_water_binary,BAMBERGE,co2,solubility_molality,353,121,0,0,0,0,0,0,0.9714540935,,T,fit-eligible
co2_water_binary,BAMBERGE,co2,xc_saltfree,353,141,0,0,0,0,0,0,0.0184,,T,fit-eligible
co2_water_binary,BAMBERGE,co2,solubility_molality,353,141,0,0,0,0,0,0,1.040500413,,T,fit-eligible
co2_water_binary,NIGHSWANDER,co2,xc_saltfree,353,23.3,0,0,0,0,0,0,0.0047,,T,fit-eligible
co2_water_binary,NIGHSWANDER,co2,solubility_molality,353,23.3,0,0,0,0,0,0,0.2621216164,,T,fit-eligible
co2_water_binary,NIGHSWANDER,co2,xc_saltfree,353,43.1,0,0,0,0,0,0,0.0085,,T,fit-eligible
co2_water_binary,NIGHSWANDER,co2,solubility_molality,353,43.1,0,0,0,0,0,0,0.4758665638,,T,fit-eligible
co2_water_binary,NIGHSWANDER,co2,xc_saltfree,353,61.1,0,0,0,0,0,0,0.0112,,R,fit-eligible
co2_water_binary,NIGHSWANDER,co2,solubility_molality,353,61.1,0,0,0,0,0,0,0.6287363195,,R,fit-eligible
co2_water_binary,NIGHSWANDER,co2,xc_saltfree,353,78.4,0,0,0,0,0,0,0.0138,,T,fit-eligible
co2_water_binary,NIGHSWANDER,co2,solubility_molality,353,78.4,0,0,0,0,0,0,0.7767353517,,T,fit-eligible
co2_water_binary,NIGHSWANDER,co2,xc_saltfree,353,101.8,0,0,0,0,0,0,0.0166,,T,fit-eligible
co2_water_binary,NIGHSWANDER,co2,solubility_molality,353,101.8,0,0,0,0,0,0,0.9369941245,,T,fit-eligible
co2_water_binary,Guo,co2,xc_saltfree,353,100,0,0,0,0,0,0,0.0157,,T,fit-eligible
co2_water_binary,Guo,co2,solubility_molality,353,100,0,0,0,0,0,0,0.8853829427,,T,fit-eligible
co2_water_binary,Guo,co2,xc_saltfree,353,200,0,0,0,0,0,0,0.0211,,T,fit-eligible
co2_water_binary,Guo,co2,solubility_molality,353,200,0,0,0,0,0,0,1.196473572,,T,fit-eligible
co2_water_binary,Guo,co2,xc_saltfree,353,300,0,0,0,0,0,0,0.0232,,T,fit-eligible
co2_water_binary,Guo,co2,solubility_molality,353,300,0,0,0,0,0,0,1.31838216,,T,fit-eligible
co2_water_binary,Guo,co2,xc_saltfree,353,400,0,0,0,0,0,0,0.0248,,T,fit-eligible
co2_water_binary,Guo,co2,solubility_molality,353,400,0,0,0,0,0,0,1.411617299,,T,fit-eligible
co2_water_binary,Guo,co2,xc_saltfree,353,500,0,0,0,0,0,0,0.0266,,T,fit-eligible
co2_water_binary,Guo,co2,solubility_molality,353,500,0,0,0,0,0,0,1.5168732,,T,fit-eligible
co2_water_binary,Guo,co2,xc_saltfree,353,600,0,0,0,0,0,0,0.0289,,T,fit-eligible
co2_water_binary,Guo,co2,solubility_molality,353,600,0,0,0,0,0,0,1.651934686,,T,fit-eligible
co2_water_binary,Guo,co2,xc_saltfree,353,900,0,0,0,0,0,0,0.0338,,T,fit-eligible
co2_water_binary,Guo,co2,solubility_molality,353,900,0,0,0,0,0,0,1.941818573,,T,fit-eligible
co2_water_binary,Guo,co2,xc_saltfree,353,1200,0,0,0,0,0,0,0.0354,,T,fit-eligible
co2_water_binary,Guo,co2,solubility_molality,353,1200,0,0,0,0,0,0,2.037112379,,T,fit-eligible
co2_water_binary,MULLER,co2,xc_saltfree,373,6,0,0,0,0,0,0,0.00098,,T,fit-eligible
co2_water_binary,MULLER,co2,solubility_molality,373,6,0,0,0,0,0,0,0.05445162896,,T,fit-eligible
co2_water_binary,MULLER,co2,xc_saltfree,373,9.2,0,0,0,0,0,0,0.00159,,T,fit-eligible
co2_water_binary,MULLER,co2,solubility_molality,373,9.2,0,0,0,0,0,0,0.0883989661,,T,fit-eligible
co2_water_binary,MULLER,co2,xc_saltfree,373,11.9,0,0,0,0,0,0,0.00208,,T,fit-eligible
co2_water_binary,MULLER,co2,solubility_molality,373,11.9,0,0,0,0,0,0,0.1156981972,,T,fit-eligible
co2_water_binary,MULLER,co2,xc_saltfree,373,14.5,0,0,0,0,0,0,0.00261,,T,fit-eligible
co2_water_binary,MULLER,co2,solubility_molality,373,14.5,0,0,0,0,0,0,0.145256134,,T,fit-eligible
co2_water_binary,MULLER,co2,xc_saltfree,373,18.2,0,0,0,0,0,0,0.00328,,T,fit-eligible
co2_water_binary,MULLER,co2,solubility_molality,373,18.2,0,0,0,0,0,0,0.1826668142,,T,fit-eligible
co2_water_binary,MULLER,co2,xc_saltfree,373,23.1,0,0,0,0,0,0,0.00414,,T,fit-eligible
co2_water_binary,MULLER,co2,solubility_molality,373,23.1,0,0,0,0,0,0,0.2307602687,,T,fit-eligible
co2_water_binary,HOU,co2,xc_saltfree,373,11.1,0,0,0,0,0,0,0.00169,,T,fit-eligible
co2_water_binary,HOU,co2,solubility_molality,373,11.1,0,0,0,0,0,0,0.09396806128,,T,fit-eligible
co2_water_binary,HOU,co2,xc_saltfree,373,24.2,0,0,0,0,0,0,0.0039,,T,fit-eligible
co2_water_binary,HOU,co2,solubility_molality,373,24.2,0,0,0,0,0,0,0.2173304856,,T,fit-eligible
co2_water_binary,HOU,co2,xc_saltfree,373,70.9,0,0,0,0,0,0,0.01085,,R,fit-eligible
co2_water_binary,HOU,co2,solubility_molality,373,70.9,0,0,0,0,0,0,0.6088727902,,R,fit-eligible
co2_water_binary,HOU,co2,xc_saltfree,373,102.4,0,0,0,0,0,0,0.01365,,T,fit-eligible
co2_water_binary,HOU,co2,solubility_molality,373,102.4,0,0,0,0,0,0,0.7681757374,,T,fit-eligible
co2_water_binary,HOU,co2,xc_saltfree,373,133.5,0,0,0,0,0,0,0.01626,,T,fit-eligible
co2_water_binary,HOU,co2,solubility_molality,373,133.5,0,0,0,0,0,0,0.9174854678,,T,fit-eligible
co2_water_binary,HOU,co2,xc_saltfree,373,170.7,0,0,0,0,0,0,0.01872,,T,fit-eligible
co2_water_binary,HOU,co2,solubility_molality,373,170.7,0,0,0,0,0,0,1.058941285,,T,fit-eligible
co2_water_binary,TONG,co2,xc_saltfree,373,72.1,0,0,0,0,0,0,0.011,,R,fit-eligible
co2_water_binary,TONG,co2,solubility_molality,373,72.1,0,0,0,0,0,0,0.6173840098,,R,fit-eligible
co2_water_binary,TONG,co2,xc_saltfree,373,144.4,0,0,0,0,0,0,0.0171,,T,fit-eligible
co2_water_binary,TONG,co2,solubility_molality,373,144.4,0,0,0,0,0,0,0.9657078437,,T,fit-eligible
co2_water_binary,TONG,co2,xc_saltfree,373,188.6,0,0,0,0,0,0,0.0192,,T,fit-eligible
co2_water_binary,TONG,co2,solubility_molality,373,188.6,0,0,0,0,0,0,1.086625156,,T,fit-eligible
co2_water_binary,TONG,co2,xc_saltfree,373,223.4,0,0,0,0,0,0,0.0205,,T,fit-eligible
co2_water_binary,TONG,co2,solubility_molality,373,223.4,0,0,0,0,0,0,1.161738559,,T,fit-eligible
co2_water_binary,TONG,co2,xc_saltfree,373,272.6,0,0,0,0,0,0,0.0219,,T,fit-eligible
co2_water_binary,TONG,co2,solubility_molality,373,272.6,0,0,0,0,0,0,1.242853213,,T,fit-eligible
co2_water_binary,TODHEIDE,co2,xc_saltfree,373,200,0,0,0,0,0,0,0.02,,R,fit-eligible
co2_water_binary,TODHEIDE,co2,solubility_molality,373,200,0,0,0,0,0,0,1.132825205,,R,fit-eligible
co2_water_binary,TODHEIDE,co2,xc_saltfree,373,500,0,0,0,0,0,0,0.028,,R,fit-eligible
co2_water_binary,TODHEIDE,co2,solubility_molality,373,500,0,0,0,0,0,0,1.599008417,,R,fit-eligible
co2_water_binary,TODHEIDE,co2,xc_saltfree,373,1000,0,0,0,0,0,0,0.036,,T,fit-eligible
co2_water_binary,TODHEIDE,co2,solubility_molality,373,1000,0,0,0,0,0,0,2.07292911,,T,fit-eligible
co2_water_binary,TODHEIDE,co2,xc_saltfree,373,1500,0,0,0,0,0,0,0.041,,T,fit-eligible
co2_water_binary,TODHEIDE,co2,solubility_molality,373,1500,0,0,0,0,0,0,2.373144773,,T,fit-eligible
co2_water_binary,TODHEIDE,co2,xc_saltfree,373,2000,0,0,0,0,0,0,0.045,,T,fit-eligible
co2_water_binary,TODHEIDE,co2,solubility_molality,373,2000,0,0,0,0,0,0,2.61558071,,T,fit-eligible
co2_water_binary,TODHEIDE,co2,xc_saltfree,373,2500,0,0,0,0,0,0,0.049,,T,fit-eligible
co2_water_binary,TODHEIDE,co2,solubility_molality,373,2500,0,0,0,0,0,0,2.860056065,,T,fit-eligible
co2_water_binary,TODHEIDE,co2,xc_saltfree,373,3000,0,0,0,0,0,0,0.053,,T,fit-eligible
co2_water_binary,TODHEIDE,co2,solubility_molality,373,3000,0,0,0,0,0,0,3.106596682,,T,fit-eligible
co2_water_binary,TODHEIDE,co2,xc_saltfree,373,3500,0,0,0,0,0,0,0.056,,T,fit-eligible
co2_water_binary,TODHEIDE,co2,solubility_molality,373,3500,0,0,0,0,0,0,3.292873266,,T,fit-eligible
co2_water_binary,Guo,co2,xc_saltfree,373,200,0,0,0,0,0,0,0.0205,,R,fit-eligible
co2_water_binary,Guo,co2,solubility_molality,373,200,0,0,0,0,0,0,1.161738559,,R,fit-eligible
co2_water_binary,Guo,co2,xc_saltfree,373,300,0,0,0,0,0,0,0.0235,,T,fit-eligible
co2_water_binary,Guo,co2,solubility_molality,373,300,0,0,0,0,0,0,1.335840475,,T,fit-eligible
co2_water_binary,Guo,co2,xc_saltfree,373,400,0,0,0,0,0,0,0.025,,T,fit-eligible
co2_water_binary,Guo,co2,solubility_molality,373,400,0,0,0,0,0,0,1.423293207,,T,fit-eligible
co2_water_binary,Guo,co2,xc_saltfree,373,500,0,0,0,0,0,0,0.0272,,R,fit-eligible
co2_water_binary,Guo,co2,solubility_molality,373,500,0,0,0,0,0,0,1.552045059,,R,fit-eligible
co2_water_binary,Guo,co2,xc_saltfree,373,600,0,0,0,0,0,0,0.0299,,T,fit-eligible
co2_water_binary,Guo,co2,solubility_molality,373,600,0,0,0,0,0,0,1.710856827,,T,fit-eligible
co2_water_binary,Guo,co2,xc_saltfree,373,900,0,0,0,0,0,0,0.0347,,T,fit-eligible
co2_water_binary,Guo,co2,solubility_molality,373,900,0,0,0,0,0,0,1.995382468,,T,fit-eligible
co2_water_binary,Guo,co2,xc_saltfree,373,1200,0,0,0,0,0,0,0.0371,,T,fit-eligible
co2_water_binary,Guo,co2,solubility_molality,373,1200,0,0,0,0,0,0,2.138709046,,T,fit-eligible
co2_water_binary,TAKENOUCHI,co2,xc_saltfree,383,100,0,0,0,0,0,0,0.014,,T,fit-eligible
co2_water_binary,TAKENOUCHI,co2,solubility_molality,383,100,0,0,0,0,0,0,0.788152222,,T,fit-eligible
co2_water_binary,TAKENOUCHI,co2,xc_saltfree,383,200,0,0,0,0,0,0,0.021,,T,fit-eligible
co2_water_binary,TAKENOUCHI,co2,solubility_molality,383,200,0,0,0,0,0,0,1.190681447,,T,fit-eligible
co2_water_binary,TAKENOUCHI,co2,xc_saltfree,383,300,0,0,0,0,0,0,0.024,,T,fit-eligible
co2_water_binary,TAKENOUCHI,co2,solubility_molality,383,300,0,0,0,0,0,0,1.364961518,,T,fit-eligible
co2_water_binary,TAKENOUCHI,co2,xc_saltfree,383,400,0,0,0,0,0,0,0.026,,T,fit-eligible
co2_water_binary,TAKENOUCHI,co2,solubility_molality,383,400,0,0,0,0,0,0,1.481744673,,T,fit-eligible
co2_water_binary,TAKENOUCHI,co2,xc_saltfree,383,500,0,0,0,0,0,0,0.028,,T,fit-eligible
co2_water_binary,TAKENOUCHI,co2,solubility_molality,383,500,0,0,0,0,0,0,1.599008417,,T,fit-eligible
co2_water_binary,TAKENOUCHI,co2,xc_saltfree,383,600,0,0,0,0,0,0,0.03,,T,fit-eligible
co2_water_binary,TAKENOUCHI,co2,solubility_molality,383,600,0,0,0,0,0,0,1.716755724,,T,fit-eligible
co2_water_binary,TAKENOUCHI,co2,xc_saltfree,383,700,0,0,0,0,0,0,0.0315,,T,fit-eligible
co2_water_binary,TAKENOUCHI,co2,solubility_molality,383,700,0,0,0,0,0,0,1.805385343,,T,fit-eligible
co2_water_binary,TAKENOUCHI,co2,xc_saltfree,383,800,0,0,0,0,0,0,0.033,,T,fit-eligible
co2_water_binary,TAKENOUCHI,co2,solubility_molality,383,800,0,0,0,0,0,0,1.894289925,,T,fit-eligible
co2_water_binary,TAKENOUCHI,co2,xc_saltfree,383,900,0,0,0,0,0,0,0.0345,,T,fit-eligible
co2_water_binary,TAKENOUCHI,co2,solubility_molality,383,900,0,0,0,0,0,0,1.983470751,,T,fit-eligible
co2_water_binary,TAKENOUCHI,co2,xc_saltfree,383,1000,0,0,0,0,0,0,0.036,,T,fit-eligible
co2_water_binary,TAKENOUCHI,co2,solubility_molality,383,1000,0,0,0,0,0,0,2.07292911,,T,fit-eligible
co2_water_binary,TAKENOUCHI,co2,xc_saltfree,383,1100,0,0,0,0,0,0,0.037,,T,fit-eligible
co2_water_binary,TAKENOUCHI,co2,solubility_molality,383,1100,0,0,0,0,0,0,2.132722842,,T,fit-eligible
co2_water_binary,TAKENOUCHI,co2,xc_saltfree,383,1200,0,0,0,0,0,0,0.0375,,T,fit-eligible
co2_water_binary,TAKENOUCHI,co2,solubility_molality,383,1200,0,0,0,0,0,0,2.162666301,,T,fit-eligible
co2_water_binary,TAKENOUCHI,co2,xc_saltfree,383,1300,0,0,0,0,0,0,0.0385,,T,fit-eligible
co2_water_binary,TAKENOUCHI,co2,solubility_molality,383,1300,0,0,0,0,0,0,2.222646646,,T,fit-eligible
co2_water_binary,TAKENOUCHI,co2,xc_saltfree,383,1400,0,0,0,0,0,0,0.039,,T,fit-eligible
co2_water_binary,TAKENOUCHI,co2,solubility_molality,383,1400,0,0,0,0,0,0,2.252683629,,T,fit-eligible
co2_water_binary,TAKENOUCHI,co2,xc_saltfree,383,1500,0,0,0,0,0,0,0.04,,T,fit-eligible
co2_water_binary,TAKENOUCHI,co2,solubility_molality,383,1500,0,0,0,0,0,0,2.312851461,,T,fit-eligible
co2_water_binary,NIGHSWANDER,co2,xc_saltfree,393,21.3,0,0,0,0,0,0,0.0034,,T,fit-eligible
co2_water_binary,NIGHSWANDER,co2,solubility_molality,393,21.3,0,0,0,0,0,0,0.1893725459,,T,fit-eligible
co2_water_binary,NIGHSWANDER,co2,xc_saltfree,393,40.9,0,0,0,0,0,0,0.0067,,T,fit-eligible
co2_water_binary,NIGHSWANDER,co2,solubility_molality,393,40.9,0,0,0,0,0,0,0.3744150961,,T,fit-eligible
co2_water_binary,NIGHSWANDER,co2,xc_saltfree,393,59.6,0,0,0,0,0,0,0.0091,,T,fit-eligible
co2_water_binary,NIGHSWANDER,co2,solubility_molality,393,59.6,0,0,0,0,0,0,0.5097656263,,T,fit-eligible
co2_water_binary,NIGHSWANDER,co2,xc_saltfree,393,81.1,0,0,0,0,0,0,0.0119,,T,fit-eligible
co2_water_binary,NIGHSWANDER,co2,solubility_molality,393,81.1,0,0,0,0,0,0,0.6685055938,,T,fit-eligible
co2_water_binary,NIGHSWANDER,co2,xc_saltfree,393,99.8,0,0,0,0,0,0,0.0145,,T,fit-eligible
co2_water_binary,NIGHSWANDER,co2,solubility_molality,393,99.8,0,0,0,0,0,0,0.8167146711,,T,fit-eligible
co2_water_binary,MULLER,co2,xc_saltfree,393,6,0,0,0,0,0,0,0.00071,,T,fit-eligible
co2_water_binary,MULLER,co2,solubility_molality,393,6,0,0,0,0,0,0,0.03943899058,,T,fit-eligible
co2_water_binary,MULLER,co2,xc_saltfree,393,9.4,0,0,0,0,0,0,0.00127,,T,fit-eligible
co2_water_binary,MULLER,co2,solubility_molality,393,9.4,0,0,0,0,0,0,0.07058535593,,T,fit-eligible
co2_water_binary,MULLER,co2,xc_saltfree,393,12.7,0,0,0,0,0,0,0.00181,,T,fit-eligible
co2_water_binary,MULLER,co2,solubility_molality,393,12.7,0,0,0,0,0,0,0.1006524484,,T,fit-eligible
co2_water_binary,MULLER,co2,xc_saltfree,393,16.3,0,0,0,0,0,0,0.00239,,T,fit-eligible
co2_water_binary,MULLER,co2,solubility_molality,393,16.3,0,0,0,0,0,0,0.1329829891,,T,fit-eligible
co2_water_binary,MULLER,co2,xc_saltfree,393,20,0,0,0,0,0,0,0.00298,,T,fit-eligible
co2_water_binary,MULLER,co2,solubility_molality,393,20,0,0,0,0,0,0,0.1659095469,,T,fit-eligible
co2_water_binary,MULLER,co2,xc_saltfree,393,24.1,0,0,0,0,0,0,0.00363,,T,fit-eligible
co2_water_binary,MULLER,co2,solubility_molality,393,24.1,0,0,0,0,0,0,0.2022297131,,T,fit-eligible
co2_water_binary,MULLER,co2,xc_saltfree,393,28.5,0,0,0,0,0,0,0.00428,,T,fit-eligible
co2_water_binary,MULLER,co2,solubility_molality,393,28.5,0,0,0,0,0,0,0.2385972985,,T,fit-eligible
co2_water_binary,Guo,co2,xc_saltfree,393,100,0,0,0,0,0,0,0.0131,,T,fit-eligible
co2_water_binary,Guo,co2,solubility_molality,393,100,0,0,0,0,0,0,0.7368127463,,T,fit-eligible
co2_water_binary,Guo,co2,xc_saltfree,393,200,0,0,0,0,0,0,0.0206,,T,fit-eligible
co2_water_binary,Guo,co2,solubility_molality,393,200,0,0,0,0,0,0,1.167524773,,T,fit-eligible
co2_water_binary,Guo,co2,xc_saltfree,393,300,0,0,0,0,0,0,0.0239,,T,fit-eligible
co2_water_binary,Guo,co2,solubility_molality,393,300,0,0,0,0,0,0,1.359134923,,T,fit-eligible
co2_water_binary,Guo,co2,xc_saltfree,393,400,0,0,0,0,0,0,0.0263,,T,fit-eligible
co2_water_binary,Guo,co2,solubility_molality,393,400,0,0,0,0,0,0,1.499303525,,T,fit-eligible
co2_water_binary,Guo,co2,xc_saltfree,393,500,0,0,0,0,0,0,0.0286,,T,fit-eligible
co2_water_binary,Guo,co2,solubility_molality,393,500,0,0,0,0,0,0,1.634281699,,T,fit-eligible
co2_water_binary,Guo,co2,xc_saltfree,393,600,0,0,0,0,0,0,0.0316,,T,fit-eligible
co2_water_binary,Guo,co2,solubility_molality,393,600,0,0,0,0,0,0,1.811303746,,T,fit-eligible
co2_water_binary,Guo,co2,xc_saltfree,393,900,0,0,0,0,0,0,0.0374,,T,fit-eligible
co2_water_binary,Guo,co2,solubility_molality,393,900,0,0,0,0,0,0,2.156675121,,T,fit-eligible
co2_water_binary,Guo,co2,xc_saltfree,393,1200,0,0,0,0,0,0,0.04,,T,fit-eligible
co2_water_binary,Guo,co2,solubility_molality,393,1200,0,0,0,0,0,0,2.312851461,,T,fit-eligible
co2_water_binary,MULLER,co2,xc_saltfree,413,6.5,0,0,0,0,0,0,0.00047,,T,fit-eligible
co2_water_binary,MULLER,co2,solubility_molality,413,6.5,0,0,0,0,0,0,0.02610123206,,T,fit-eligible
co2_water_binary,MULLER,co2,xc_saltfree,413,9.3,0,0,0,0,0,0,0.00092,,T,fit-eligible
co2_water_binary,MULLER,co2,solubility_molality,413,9.3,0,0,0,0,0,0,0.05111478586,,T,fit-eligible
co2_water_binary,MULLER,co2,xc_saltfree,413,11.9,0,0,0,0,0,0,0.00133,,T,fit-eligible
co2_water_binary,MULLER,co2,solubility_molality,413,11.9,0,0,0,0,0,0,0.07392453827,,T,fit-eligible
co2_water_binary,MULLER,co2,xc_saltfree,413,16,0,0,0,0,0,0,0.00197,,T,fit-eligible
co2_water_binary,MULLER,co2,solubility_molality,413,16,0,0,0,0,0,0,0.109567465,,T,fit-eligible
co2_water_binary,MULLER,co2,xc_saltfree,413,20.1,0,0,0,0,0,0,0.00258,,T,fit-eligible
co2_water_binary,MULLER,co2,solubility_molality,413,20.1,0,0,0,0,0,0,0.1435822045,,T,fit-eligible
co2_water_binary,MULLER,co2,xc_saltfree,413,24.9,0,0,0,0,0,0,0.00325,,T,fit-eligible
co2_water_binary,MULLER,co2,solubility_molality,413,24.9,0,0,0,0,0,0,0.1809906335,,T,fit-eligible
co2_water_binary,MULLER,co2,xc_saltfree,413,32.5,0,0,0,0,0,0,0.0043,,T,fit-eligible
co2_water_binary,MULLER,co2,solubility_molality,413,32.5,0,0,0,0,0,0,0.2397170541,,T,fit-eligible
co2_water_binary,Guo,co2,xc_saltfree,413,200,0,0,0,0,0,0,0.0212,,T,fit-eligible
co2_water_binary,Guo,co2,solubility_molality,413,200,0,0,0,0,0,0,1.202266881,,T,fit-eligible
co2_water_binary,Guo,co2,xc_saltfree,413,300,0,0,0,0,0,0,0.0253,,T,fit-eligible
co2_water_binary,Guo,co2,solubility_molality,413,300,0,0,0,0,0,0,1.440816053,,T,fit-eligible
co2_water_binary,Guo,co2,xc_saltfree,413,400,0,0,0,0,0,0,0.0284,,T,fit-eligible
co2_water_binary,Guo,co2,solubility_molality,413,400,0,0,0,0,0,0,1.622519098,,T,fit-eligible
co2_water_binary,Guo,co2,xc_saltfree,413,500,0,0,0,0,0,0,0.0312,,T,fit-eligible
co2_water_binary,Guo,co2,solubility_molality,413,500,0,0,0,0,0,0,1.787637463,,T,fit-eligible
co2_water_binary,Guo,co2,xc_saltfree,413,600,0,0,0,0,0,0,0.0349,,T,fit-eligible
co2_water_binary,Guo,co2,solubility_molality,413,600,0,0,0,0,0,0,2.007299123,,T,fit-eligible
co2_water_binary,Guo,co2,xc_saltfree,413,900,0,0,0,0,0,0,0.0397,,T,fit-eligible
co2_water_binary,Guo,co2,solubility_molality,413,900,0,0,0,0,0,0,2.294787954,,T,fit-eligible
co2_water_binary,Guo,co2,xc_saltfree,413,1200,0,0,0,0,0,0,0.0443,,T,fit-eligible
co2_water_binary,Guo,co2,solubility_molality,413,1200,0,0,0,0,0,0,2.573007924,,T,fit-eligible
co2_water_binary,TODHEIDE,co2,xc_saltfree,423,200,0,0,0,0,0,0,0.021,,T,fit-eligible
co2_water_binary,TODHEIDE,co2,solubility_molality,423,200,0,0,0,0,0,0,1.190681447,,T,fit-eligible
co2_water_binary,TODHEIDE,co2,xc_saltfree,423,500,0,0,0,0,0,0,0.034,,T,fit-eligible
co2_water_binary,TODHEIDE,co2,solubility_molality,423,500,0,0,0,0,0,0,1.953713035,,T,fit-eligible
co2_water_binary,TODHEIDE,co2,xc_saltfree,423,1000,0,0,0,0,0,0,0.043,,R,fit-eligible
co2_water_binary,TODHEIDE,co2,solubility_molality,423,1000,0,0,0,0,0,0,2.494109412,,R,fit-eligible
co2_water_binary,TODHEIDE,co2,xc_saltfree,423,1500,0,0,0,0,0,0,0.05,,R,fit-eligible
co2_water_binary,TODHEIDE,co2,solubility_molality,423,1500,0,0,0,0,0,0,2.921496582,,R,fit-eligible
co2_water_binary,TODHEIDE,co2,xc_saltfree,423,2000,0,0,0,0,0,0,0.055,,T,fit-eligible
co2_water_binary,TODHEIDE,co2,solubility_molality,423,2000,0,0,0,0,0,0,3.23064966,,T,fit-eligible
co2_water_binary,TODHEIDE,co2,xc_saltfree,423,2500,0,0,0,0,0,0,0.06,,T,fit-eligible
co2_water_binary,TODHEIDE,co2,solubility_molality,423,2500,0,0,0,0,0,0,3.5430916,,T,fit-eligible
co2_water_binary,TODHEIDE,co2,xc_saltfree,423,3000,0,0,0,0,0,0,0.065,,T,fit-eligible
co2_water_binary,TODHEIDE,co2,solubility_molality,423,3000,0,0,0,0,0,0,3.858875165,,T,fit-eligible
co2_water_binary,TODHEIDE,co2,xc_saltfree,423,3500,0,0,0,0,0,0,0.07,,T,fit-eligible
co2_water_binary,TODHEIDE,co2,solubility_molality,423,3500,0,0,0,0,0,0,4.178054252,,T,fit-eligible
co2_water_binary,SAKO,co2,xc_saltfree,423,101.8,0,0,0,0,0,0,0.0154,,T,fit-eligible
co2_water_binary,SAKO,co2,solubility_molality,423,101.8,0,0,0,0,0,0,0.8682001828,,T,fit-eligible
co2_water_binary,SAKO,co2,xc_saltfree,423,126.5,0,0,0,0,0,0,0.0168,,T,fit-eligible
co2_water_binary,SAKO,co2,solubility_molality,423,126.5,0,0,0,0,0,0,0.9484761076,,T,fit-eligible
co2_water_binary,SAKO,co2,xc_saltfree,423,148.1,0,0,0,0,0,0,0.0187,,T,fit-eligible
co2_water_binary,SAKO,co2,solubility_molality,423,148.1,0,0,0,0,0,0,1.057788378,,T,fit-eligible
co2_water_binary,SAKO,co2,xc_saltfree,423,174.5,0,0,0,0,0,0,0.0197,,R,fit-eligible
co2_water_binary,SAKO,co2,solubility_molality,423,174.5,0,0,0,0,0,0,1.11549135,,R,fit-eligible
co2_water_binary,SAKO,co2,xc_saltfree,423,197.2,0,0,0,0,0,0,0.0204,,T,fit-eligible
co2_water_binary,SAKO,co2,solubility_molality,423,197.2,0,0,0,0,0,0,1.155953527,,T,fit-eligible
co2_water_binary,HOU,co2,xc_saltfree,423,14.3,0,0,0,0,0,0,0.00127,,T,fit-eligible
co2_water_binary,HOU,co2,solubility_molality,423,14.3,0,0,0,0,0,0,0.07058535593,,T,fit-eligible
co2_water_binary,HOU,co2,xc_saltfree,423,29.9,0,0,0,0,0,0,0.00348,,T,fit-eligible
co2_water_binary,HOU,co2,solubility_molality,423,29.9,0,0,0,0,0,0,0.1938439309,,T,fit-eligible
co2_water_binary,HOU,co2,xc_saltfree,423,72,0,0,0,0,0,0,0.0087,,T,fit-eligible
co2_water_binary,HOU,co2,solubility_molality,423,72,0,0,0,0,0,0,0.4871616918,,T,fit-eligible
co2_water_binary,HOU,co2,xc_saltfree,423,100.1,0,0,0,0,0,0,0.01231,,T,fit-eligible
co2_water_binary,HOU,co2,solubility_molality,423,100.1,0,0,0,0,0,0,0.6918252039,,T,fit-eligible
co2_water_binary,HOU,co2,xc_saltfree,423,134.2,0,0,0,0,0,0,0.01557,,T,fit-eligible
co2_water_binary,HOU,co2,solubility_molality,423,134.2,0,0,0,0,0,0,0.8779357942,,T,fit-eligible
co2_water_binary,HOU,co2,xc_saltfree,423,173.5,0,0,0,0,0,0,0.01905,,R,fit-eligible
co2_water_binary,HOU,co2,solubility_molality,423,173.5,0,0,0,0,0,0,1.077971036,,R,fit-eligible
co2_water_binary,TAKENOUCHI,co2,xc_saltfree,423,100,0,0,0,0,0,0,0.0135,,T,fit-eligible
co2_water_binary,TAKENOUCHI,co2,solubility_molality,423,100,0,0,0,0,0,0,0.7596187261,,T,fit-eligible
co2_water_binary,TAKENOUCHI,co2,xc_saltfree,423,200,0,0,0,0,0,0,0.0215,,T,fit-eligible
co2_water_binary,TAKENOUCHI,co2,solubility_molality,423,200,0,0,0,0,0,0,1.219653913,,T,fit-eligible
co2_water_binary,TAKENOUCHI,co2,xc_saltfree,423,300,0,0,0,0,0,0,0.026,,T,fit-eligible
co2_water_binary,TAKENOUCHI,co2,solubility_molality,423,300,0,0,0,0,0,0,1.481744673,,T,fit-eligible
co2_water_binary,TAKENOUCHI,co2,xc_saltfree,423,400,0,0,0,0,0,0,0.029,,T,fit-eligible
co2_water_binary,TAKENOUCHI,co2,solubility_molality,423,400,0,0,0,0,0,0,1.657821439,,T,fit-eligible
co2_water_binary,TAKENOUCHI,co2,xc_saltfree,423,500,0,0,0,0,0,0,0.032,,T,fit-eligible
co2_water_binary,TAKENOUCHI,co2,solubility_molality,423,500,0,0,0,0,0,0,1.834989589,,T,fit-eligible
co2_water_binary,TAKENOUCHI,co2,xc_saltfree,423,600,0,0,0,0,0,0,0.0345,,T,fit-eligible
co2_water_binary,TAKENOUCHI,co2,solubility_molality,423,600,0,0,0,0,0,0,1.983470751,,T,fit-eligible
co2_water_binary,TAKENOUCHI,co2,xc_saltfree,423,700,0,0,0,0,0,0,0.037,,T,fit-eligible
co2_water_binary,TAKENOUCHI,co2,solubility_molality,423,700,0,0,0,0,0,0,2.132722842,,T,fit-eligible
co2_water_binary,TAKENOUCHI,co2,xc_saltfree,423,800,0,0,0,0,0,0,0.039,,T,fit-eligible
co2_water_binary,TAKENOUCHI,co2,solubility_molality,423,800,0,0,0,0,0,0,2.252683629,,T,fit-eligible
co2_water_binary,TAKENOUCHI,co2,xc_saltfree,423,900,0,0,0,0,0,0,0.0405,,T,fit-eligible
co2_water_binary,TAKENOUCHI,co2,solubility_molality,423,900,0,0,0,0,0,0,2.342982408,,T,fit-eligible
co2_water_binary,TAKENOUCHI,co2,xc_saltfree,423,1000,0,0,0,0,0,0,0.042,,R,fit-eligible
co2_water_binary,TAKENOUCHI,co2,solubility_molality,423,1000,0,0,0,0,0,0,2.433563959,,R,fit-eligible
co2_water_binary,TAKENOUCHI,co2,xc_saltfree,423,1100,0,0,0,0,0,0,0.044,,T,fit-eligible
co2_water_binary,TAKENOUCHI,co2,solubility_molality,423,1100,0,0,0,0,0,0,2.55478153,,T,fit-eligible
co2_water_binary,TAKENOUCHI,co2,xc_saltfree,423,1200,0,0,0,0,0,0,0.045,,T,fit-eligible
co2_water_binary,TAKENOUCHI,co2,solubility_molality,423,1200,0,0,0,0,0,0,2.61558071,,T,fit-eligible
co2_water_binary,TAKENOUCHI,co2,xc_saltfree,423,1300,0,0,0,0,0,0,0.046,,T,fit-eligible
co2_water_binary,TAKENOUCHI,co2,solubility_molality,423,1300,0,0,0,0,0,0,2.676507351,,T,fit-eligible
co2_water_binary,TAKENOUCHI,co2,xc_saltfree,423,1400,0,0,0,0,0,0,0.047,,T,fit-eligible
co2_water_binary,TAKENOUCHI,co2,solubility_molality,423,1400,0,0,0,0,0,0,2.737561855,,T,fit-eligible
co2_water_binary,TAKENOUCHI,co2,xc_saltfree,423,1500,0,0,0,0,0,0,0.048,,R,fit-eligible
co2_water_binary,TAKENOUCHI,co2,solubility_molality,423,1500,0,0,0,0,0,0,2.798744625,,R,fit-eligible
co2_water_binary,NIGHSWANDER,co2,xc_saltfree,433,20.4,0,0,0,0,0,0,0.0029,,T,fit-eligible
co2_water_binary,NIGHSWANDER,co2,solubility_molality,433,20.4,0,0,0,0,0,0,0.1614426454,,T,fit-eligible
co2_water_binary,NIGHSWANDER,co2,xc_saltfree,433,39.1,0,0,0,0,0,0,0.0054,,T,fit-eligible
co2_water_binary,NIGHSWANDER,co2,solubility_molality,433,39.1,0,0,0,0,0,0,0.3013729633,,T,fit-eligible
co2_water_binary,NIGHSWANDER,co2,xc_saltfree,433,59.4,0,0,0,0,0,0,0.008,,T,fit-eligible
co2_water_binary,NIGHSWANDER,co2,solubility_molality,433,59.4,0,0,0,0,0,0,0.4476486699,,T,fit-eligible
co2_water_binary,NIGHSWANDER,co2,xc_saltfree,433,80.7,0,0,0,0,0,0,0.011,,T,fit-eligible
co2_water_binary,NIGHSWANDER,co2,solubility_molality,433,80.7,0,0,0,0,0,0,0.6173840098,,T,fit-eligible
co2_water_binary,MULLER,co2,xc_saltfree,433,8.8,0,0,0,0,0,0,0.00039,,T,fit-eligible
co2_water_binary,MULLER,co2,solubility_molality,433,8.8,0,0,0,0,0,0,0.0216567358,,T,fit-eligible
co2_water_binary,MULLER,co2,xc_saltfree,433,11.4,0,0,0,0,0,0,0.00084,,T,fit-eligible
co2_water_binary,MULLER,co2,solubility_molality,433,11.4,0,0,0,0,0,0,0.04666628513,,T,fit-eligible
co2_water_binary,MULLER,co2,xc_saltfree,433,14.2,0,0,0,0,0,0,0.00131,,T,fit-eligible
co2_water_binary,MULLER,co2,solubility_molality,433,14.2,0,0,0,0,0,0,0.07281143291,,T,fit-eligible
co2_water_binary,MULLER,co2,xc_saltfree,433,17.8,0,0,0,0,0,0,0.00186,,T,fit-eligible
co2_water_binary,MULLER,co2,solubility_molality,433,17.8,0,0,0,0,0,0,0.1034380841,,T,fit-eligible
co2_water_binary,MULLER,co2,xc_saltfree,433,21.8,0,0,0,0,0,0,0.00249,,T,fit-eligible
co2_water_binary,MULLER,co2,solubility_molality,433,21.8,0,0,0,0,0,0,0.1385610202,,T,fit-eligible
co2_water_binary,MULLER,co2,xc_saltfree,433,25.6,0,0,0,0,0,0,0.00308,,T,fit-eligible
co2_water_binary,MULLER,co2,solubility_molality,433,25.6,0,0,0,0,0,0,0.1714941821,,T,fit-eligible
co2_water_binary,MULLER,co2,xc_saltfree,433,34.8,0,0,0,0,0,0,0.00434,,T,fit-eligible
co2_water_binary,MULLER,co2,solubility_molality,433,34.8,0,0,0,0,0,0,0.2419567002,,T,fit-eligible
co2_water_binary,Guo,co2,xc_saltfree,433,100,0,0,0,0,0,0,0.0126,,T,fit-eligible
co2_water_binary,Guo,co2,solubility_molality,433,100,0,0,0,0,0,0,0.7083312556,,T,fit-eligible
co2_water_binary,Guo,co2,xc_saltfree,433,200,0,0,0,0,0,0,0.0214,,T,fit-eligible
co2_water_binary,Guo,co2,solubility_molality,433,200,0,0,0,0,0,0,1.213857051,,T,fit-eligible
co2_water_binary,Guo,co2,xc_saltfree,433,300,0,0,0,0,0,0,0.0271,,T,fit-eligible
co2_water_binary,Guo,co2,solubility_molality,433,300,0,0,0,0,0,0,1.54618007,,T,fit-eligible
co2_water_binary,Guo,co2,xc_saltfree,433,400,0,0,0,0,0,0,0.0312,,T,fit-eligible
co2_water_binary,Guo,co2,solubility_molality,433,400,0,0,0,0,0,0,1.787637463,,T,fit-eligible
co2_water_binary,Guo,co2,xc_saltfree,433,500,0,0,0,0,0,0,0.0347,,T,fit-eligible
co2_water_binary,Guo,co2,solubility_molality,433,500,0,0,0,0,0,0,1.995382468,,T,fit-eligible
co2_water_binary,Guo,co2,xc_saltfree,433,600,0,0,0,0,0,0,0.0389,,T,fit-eligible
co2_water_binary,Guo,co2,solubility_molality,433,600,0,0,0,0,0,0,2.246673732,,T,fit-eligible
co2_water_binary,Guo,co2,xc_saltfree,433,900,0,0,0,0,0,0,0.0452,,T,fit-eligible
co2_water_binary,Guo,co2,solubility_molality,433,900,0,0,0,0,0,0,2.627755828,,T,fit-eligible
co2_water_binary,Guo,co2,xc_saltfree,433,1200,0,0,0,0,0,0,0.0506,,T,fit-eligible
co2_water_binary,Guo,co2,solubility_molality,433,1200,0,0,0,0,0,0,2.958423019,,T,fit-eligible
co2_water_binary,HOU,co2,xc_saltfree,448,13.3,0,0,0,0,0,0,0.00063,,T,fit-eligible
co2_water_binary,HOU,co2,solubility_molality,448,13.3,0,0,0,0,0,0,0.03499235928,,T,fit-eligible
co2_water_binary,HOU,co2,xc_saltfree,448,36.6,0,0,0,0,0,0,0.00369,,T,fit-eligible
co2_water_binary,HOU,co2,solubility_molality,448,36.6,0,0,0,0,0,0,0.205584733,,T,fit-eligible
co2_water_binary,HOU,co2,xc_saltfree,448,75.7,0,0,0,0,0,0,0.00861,,T,fit-eligible
co2_water_binary,HOU,co2,solubility_molality,448,75.7,0,0,0,0,0,0,0.4820783202,,T,fit-eligible
co2_water_binary,HOU,co2,xc_saltfree,448,105,0,0,0,0,0,0,0.01135,,T,fit-eligible
co2_water_binary,HOU,co2,solubility_molality,448,105,0,0,0,0,0,0,0.6372535659,,T,fit-eligible
co2_water_binary,HOU,co2,xc_saltfree,448,134.4,0,0,0,0,0,0,0.01413,,T,fit-eligible
co2_water_binary,HOU,co2,solubility_molality,448,134.4,0,0,0,0,0,0,0.7955756717,,T,fit-eligible
co2_water_binary,HOU,co2,xc_saltfree,448,174.6,0,0,0,0,0,0,0.01764,,T,fit-eligible
co2_water_binary,HOU,co2,solubility_molality,448,174.6,0,0,0,0,0,0,0.9967514908,,T,fit-eligible
co2_water_binary,MULLER,co2,xc_saltfree,453,14.4,0,0,0,0,0,0,0.00081,,T,fit-eligible
co2_water_binary,MULLER,co2,solubility_molality,453,14.4,0,0,0,0,0,0,0.04499828101,,T,fit-eligible
co2_water_binary,MULLER,co2,xc_saltfree,453,21,0,0,0,0,0,0,0.00186,,T,fit-eligible
co2_water_binary,MULLER,co2,solubility_molality,453,21,0,0,0,0,0,0,0.1034380841,,T,fit-eligible
co2_water_binary,MULLER,co2,xc_saltfree,453,26.2,0,0,0,0,0,0,0.0027,,T,fit-eligible
co2_water_binary,MULLER,co2,solubility_molality,453,26.2,0,0,0,0,0,0,0.1502785267,,T,fit-eligible
co2_water_binary,MULLER,co2,xc_saltfree,453,32.8,0,0,0,0,0,0,0.00374,,T,fit-eligible
co2_water_binary,MULLER,co2,solubility_molality,453,32.8,0,0,0,0,0,0,0.2083808917,,T,fit-eligible
co2_water_binary,MULLER,co2,xc_saltfree,453,40.7,0,0,0,0,0,0,0.00493,,T,fit-eligible
co2_water_binary,MULLER,co2,solubility_molality,453,40.7,0,0,0,0,0,0,0.275012396,,T,fit-eligible
co2_water_binary,MULLER,co2,xc_saltfree,453,49.1,0,0,0,0,0,0,0.00615,,T,fit-eligible
co2_water_binary,MULLER,co2,solubility_molality,453,49.1,0,0,0,0,0,0,0.343489335,,T,fit-eligible
co2_water_binary,MULLER,co2,xc_saltfree,453,62.7,0,0,0,0,0,0,0.00783,,T,fit-eligible
co2_water_binary,MULLER,co2,solubility_molality,453,62.7,0,0,0,0,0,0,0.4380610647,,T,fit-eligible
co2_water_binary,Guo,co2,xc_saltfree,453,200,0,0,0,0,0,0,0.0231,,T,fit-eligible
co2_water_binary,Guo,co2,solubility_molality,453,200,0,0,0,0,0,0,1.312565104,,T,fit-eligible
co2_water_binary,Guo,co2,xc_saltfree,453,300,0,0,0,0,0,0,0.0293,,T,fit-eligible
co2_water_binary,Guo,co2,solubility_molality,453,300,0,0,0,0,0,0,1.675488974,,T,fit-eligible
co2_water_binary,Guo,co2,xc_saltfree,453,400,0,0,0,0,0,0,0.0349,,T,fit-eligible
co2_water_binary,Guo,co2,solubility_molality,453,400,0,0,0,0,0,0,2.007299123,,T,fit-eligible
co2_water_binary,Guo,co2,xc_saltfree,453,500,0,0,0,0,0,0,0.0389,,T,fit-eligible
co2_water_binary,Guo,co2,solubility_molality,453,500,0,0,0,0,0,0,2.246673732,,T,fit-eligible
co2_water_binary,Guo,co2,xc_saltfree,453,600,0,0,0,0,0,0,0.0431,,T,fit-eligible
co2_water_binary,Guo,co2,solubility_molality,453,600,0,0,0,0,0,0,2.500170918,,T,fit-eligible
co2_water_binary,Guo,co2,xc_saltfree,453,900,0,0,0,0,0,0,0.052,,T,fit-eligible
co2_water_binary,Guo,co2,solubility_molality,453,900,0,0,0,0,0,0,3.04476648,,T,fit-eligible
co2_water_binary,Guo,co2,xc_saltfree,453,1200,0,0,0,0,0,0,0.0597,,T,fit-eligible
co2_water_binary,Guo,co2,solubility_molality,453,1200,0,0,0,0,0,0,3.524251381,,T,fit-eligible
co2_water_binary,TODHEIDE,co2,xc_saltfree,473,200,0,0,0,0,0,0,0.024,,T,fit-eligible
co2_water_binary,TODHEIDE,co2,solubility_molality,473,200,0,0,0,0,0,0,1.364961518,,T,fit-eligible
co2_water_binary,TODHEIDE,co2,xc_saltfree,473,500,0,0,0,0,0,0,0.045,,R,fit-eligible
co2_water_binary,TODHEIDE,co2,solubility_molality,473,500,0,0,0,0,0,0,2.61558071,,R,fit-eligible
co2_water_binary,TODHEIDE,co2,xc_saltfree,473,1000,0,0,0,0,0,0,0.061,,R,fit-eligible
co2_water_binary,TODHEIDE,co2,solubility_molality,473,1000,0,0,0,0,0,0,3.605979275,,R,fit-eligible
co2_water_binary,TODHEIDE,co2,xc_saltfree,473,1500,0,0,0,0,0,0,0.073,,R,fit-eligible
co2_water_binary,TODHEIDE,co2,solubility_molality,473,1500,0,0,0,0,0,0,4.371214412,,R,fit-eligible
co2_water_binary,TODHEIDE,co2,xc_saltfree,473,2000,0,0,0,0,0,0,0.081,,T,fit-eligible
co2_water_binary,TODHEIDE,co2,solubility_molality,473,2000,0,0,0,0,0,0,4.892473602,,T,fit-eligible
co2_water_binary,TODHEIDE,co2,xc_saltfree,473,2500,0,0,0,0,0,0,0.085,,T,fit-eligible
co2_water_binary,TODHEIDE,co2,solubility_molality,473,2500,0,0,0,0,0,0,5.15652129,,T,fit-eligible
co2_water_binary,TODHEIDE,co2,xc_saltfree,473,3000,0,0,0,0,0,0,0.09,,T,fit-eligible
co2_water_binary,TODHEIDE,co2,solubility_molality,473,3000,0,0,0,0,0,0,5.489845226,,T,fit-eligible
co2_water_binary,TODHEIDE,co2,xc_saltfree,473,3500,0,0,0,0,0,0,0.095,,T,fit-eligible
co2_water_binary,TODHEIDE,co2,solubility_molality,473,3500,0,0,0,0,0,0,5.826852299,,T,fit-eligible
co2_water_binary,TAKENOUCHI,co2,xc_saltfree,473,100,0,0,0,0,0,0,0.013,,R,fit-eligible
co2_water_binary,TAKENOUCHI,co2,solubility_molality,473,100,0,0,0,0,0,0,0.7311141396,,R,fit-eligible
co2_water_binary,TAKENOUCHI,co2,xc_saltfree,473,200,0,0,0,0,0,0,0.026,,T,fit-eligible
co2_water_binary,TAKENOUCHI,co2,solubility_molality,473,200,0,0,0,0,0,0,1.481744673,,T,fit-eligible
co2_water_binary,TAKENOUCHI,co2,xc_saltfree,473,300,0,0,0,0,0,0,0.034,,R,fit-eligible
co2_water_binary,TAKENOUCHI,co2,solubility_molality,473,300,0,0,0,0,0,0,1.953713035,,R,fit-eligible
co2_water_binary,TAKENOUCHI,co2,xc_saltfree,473,400,0,0,0,0,0,0,0.041,,R,fit-eligible
co2_water_binary,TAKENOUCHI,co2,solubility_molality,473,400,0,0,0,0,0,0,2.373144773,,R,fit-eligible
co2_water_binary,TAKENOUCHI,co2,xc_saltfree,473,500,0,0,0,0,0,0,0.047,,R,fit-eligible
co2_water_binary,TAKENOUCHI,co2,solubility_molality,473,500,0,0,0,0,0,0,2.737561855,,R,fit-eligible
co2_water_binary,TAKENOUCHI,co2,xc_saltfree,473,600,0,0,0,0,0,0,0.052,,R,fit-eligible
co2_water_binary,TAKENOUCHI,co2,solubility_molality,473,600,0,0,0,0,0,0,3.04476648,,R,fit-eligible
co2_water_binary,TAKENOUCHI,co2,xc_saltfree,473,700,0,0,0,0,0,0,0.056,,T,fit-eligible
co2_water_binary,TAKENOUCHI,co2,solubility_molality,473,700,0,0,0,0,0,0,3.292873266,,T,fit-eligible
co2_water_binary,TAKENOUCHI,co2,xc_saltfree,473,800,0,0,0,0,0,0,0.058,,T,fit-eligible
co2_water_binary,TAKENOUCHI,co2,solubility_molality,473,800,0,0,0,0,0,0,3.417716808,,T,fit-eligible
co2_water_binary,TAKENOUCHI,co2,xc_saltfree,473,900,0,0,0,0,0,0,0.061,,R,fit-eligible
co2_water_binary,TAKENOUCHI,co2,solubility_molality,473,900,0,0,0,0,0,0,3.605979275,,R,fit-eligible
co2_water_binary,TAKENOUCHI,co2,xc_saltfree,473,1000,0,0,0,0,0,0,0.063,,R,fit-eligible
co2_water_binary,TAKENOUCHI,co2,solubility_molality,473,1000,0,0,0,0,0,0,3.73215732,,R,fit-eligible
co2_water_binary,TAKENOUCHI,co2,xc_saltfree,473,1100,0,0,0,0,0,0,0.065,,T,fit-eligible
co2_water_binary,TAKENOUCHI,co2,solubility_molality,473,1100,0,0,0,0,0,0,3.858875165,,T,fit-eligible
co2_water_binary,TAKENOUCHI,co2,xc_saltfree,473,1200,0,0,0,0,0,0,0.067,,T,fit-eligible
co2_water_binary,TAKENOUCHI,co2,solubility_molality,473,1200,0,0,0,0,0,0,3.98613628,,T,fit-eligible
co2_water_binary,TAKENOUCHI,co2,xc_saltfree,473,1300,0,0,0,0,0,0,0.069,,T,fit-eligible
co2_water_binary,TAKENOUCHI,co2,solubility_molality,473,1300,0,0,0,0,0,0,4.113944167,,T,fit-eligible
co2_water_binary,TAKENOUCHI,co2,xc_saltfree,473,1400,0,0,0,0,0,0,0.07,,T,fit-eligible
co2_water_binary,TAKENOUCHI,co2,solubility_molality,473,1400,0,0,0,0,0,0,4.178054252,,T,fit-eligible
co2_water_binary,TAKENOUCHI,co2,xc_saltfree,473,1500,0,0,0,0,0,0,0.072,,R,fit-eligible
co2_water_binary,TAKENOUCHI,co2,solubility_molality,473,1500,0,0,0,0,0,0,4.306688927,,R,fit-eligible
co2_water_binary,MULLER,co2,xc_saltfree,473,20,0,0,0,0,0,0,0.00068,,T,fit-eligible
co2_water_binary,MULLER,co2,solubility_molality,473,20,0,0,0,0,0,0,0.03777142041,,T,fit-eligible
co2_water_binary,MULLER,co2,xc_saltfree,473,24.9,0,0,0,0,0,0,0.00156,,T,fit-eligible
co2_water_binary,MULLER,co2,solubility_molality,473,24.9,0,0,0,0,0,0,0.08672845509,,T,fit-eligible
co2_water_binary,MULLER,co2,xc_saltfree,473,31,0,0,0,0,0,0,0.00257,,T,fit-eligible
co2_water_binary,MULLER,co2,solubility_molality,473,31,0,0,0,0,0,0,0.1430242504,,T,fit-eligible
co2_water_binary,MULLER,co2,xc_saltfree,473,37.6,0,0,0,0,0,0,0.00374,,T,fit-eligible
co2_water_binary,MULLER,co2,solubility_molality,473,37.6,0,0,0,0,0,0,0.2083808917,,T,fit-eligible
co2_water_binary,MULLER,co2,xc_saltfree,473,45.7,0,0,0,0,0,0,0.005,,R,fit-eligible
co2_water_binary,MULLER,co2,solubility_molality,473,45.7,0,0,0,0,0,0,0.2789368596,,R,fit-eligible
co2_water_binary,MULLER,co2,xc_saltfree,473,60.4,0,0,0,0,0,0,0.00712,,T,fit-eligible
co2_water_binary,MULLER,co2,solubility_molality,473,60.4,0,0,0,0,0,0,0.3980542036,,T,fit-eligible
co2_water_binary,MULLER,co2,xc_saltfree,473,78,0,0,0,0,0,0,0.00932,,T,fit-eligible
co2_water_binary,MULLER,co2,solubility_molality,473,78,0,0,0,0,0,0,0.5222055707,,T,fit-eligible
co2_water_binary,NIGHSWANDER,co2,xc_saltfree,473,24.5,0,0,0,0,0,0,0.0022,,T,fit-eligible
co2_water_binary,NIGHSWANDER,co2,solubility_molality,473,24.5,0,0,0,0,0,0,0.1223878103,,T,fit-eligible
co2_water_binary,NIGHSWANDER,co2,xc_saltfree,473,46,0,0,0,0,0,0,0.0052,,R,fit-eligible
co2_water_binary,NIGHSWANDER,co2,solubility_molality,473,46,0,0,0,0,0,0,0.2901526561,,R,fit-eligible
co2_water_binary,NIGHSWANDER,co2,xc_saltfree,473,62.4,0,0,0,0,0,0,0.0078,,T,fit-eligible
co2_water_binary,NIGHSWANDER,co2,solubility_molality,473,62.4,0,0,0,0,0,0,0.4363694754,,T,fit-eligible
co2_water_binary,NIGHSWANDER,co2,xc_saltfree,473,80.2,0,0,0,0,0,0,0.0109,,T,fit-eligible
co2_water_binary,NIGHSWANDER,co2,solubility_molality,473,80.2,0,0,0,0,0,0,0.6117095766,,T,fit-eligible
co2_water_binary,NIGHSWANDER,co2,xc_saltfree,473,102,0,0,0,0,0,0,0.013,,R,fit-eligible
co2_water_binary,NIGHSWANDER,co2,solubility_molality,473,102,0,0,0,0,0,0,0.7311141396,,R,fit-eligible
co2_water_binary,Guo,co2,xc_saltfree,473,100,0,0,0,0,0,0,0.0125,,R,fit-eligible
co2_water_binary,Guo,co2,solubility_molality,473,100,0,0,0,0,0,0,0.7026384185,,R,fit-eligible
co2_water_binary,Guo,co2,xc_saltfree,473,200,0,0,0,0,0,0,0.0238,,T,fit-eligible
co2_water_binary,Guo,co2,solubility_molality,473,200,0,0,0,0,0,0,1.353309521,,T,fit-eligible
co2_water_binary,Guo,co2,xc_saltfree,473,300,0,0,0,0,0,0,0.0327,,R,fit-eligible
co2_water_binary,Guo,co2,solubility_molality,473,300,0,0,0,0,0,0,1.87648695,,R,fit-eligible
co2_water_binary,Guo,co2,xc_saltfree,473,400,0,0,0,0,0,0,0.0398,,R,fit-eligible
co2_water_binary,Guo,co2,solubility_molality,473,400,0,0,0,0,0,0,2.300807869,,R,fit-eligible
co2_water_binary,Guo,co2,xc_saltfree,473,500,0,0,0,0,0,0,0.045,,R,fit-eligible
co2_water_binary,Guo,co2,solubility_molality,473,500,0,0,0,0,0,0,2.61558071,,R,fit-eligible
co2_water_binary,Guo,co2,xc_saltfree,473,600,0,0,0,0,0,0,0.051,,R,fit-eligible
co2_water_binary,Guo,co2,solubility_molality,473,600,0,0,0,0,0,0,2.983066584,,R,fit-eligible
co2_water_binary,Guo,co2,xc_saltfree,473,900,0,0,0,0,0,0,0.0632,,R,fit-eligible
co2_water_binary,Guo,co2,solubility_molality,473,900,0,0,0,0,0,0,3.744804757,,R,fit-eligible
co2_water_binary,Guo,co2,xc_saltfree,473,1200,0,0,0,0,0,0,0.0703,,T,fit-eligible
co2_water_binary,Guo,co2,solubility_molality,473,1200,0,0,0,0,0,0,4.197314171,,T,fit-eligible
co2_water_binary,Guo,co2,xc_saltfree,493,200,0,0,0,0,0,0,0.0252,,T,fit-eligible
co2_water_binary,Guo,co2,solubility_molality,493,200,0,0,0,0,0,0,1.434973906,,T,fit-eligible
co2_water_binary,Guo,co2,xc_saltfree,493,300,0,0,0,0,0,0,0.0358,,T,fit-eligible
co2_water_binary,Guo,co2,solubility_molality,493,300,0,0,0,0,0,0,2.060985247,,T,fit-eligible
co2_water_binary,Guo,co2,xc_saltfree,493,400,0,0,0,0,0,0,0.0447,,T,fit-eligible
co2_water_binary,Guo,co2,solubility_molality,493,400,0,0,0,0,0,0,2.597327591,,T,fit-eligible
co2_water_binary,Guo,co2,xc_saltfree,493,500,0,0,0,0,0,0,0.0521,,T,fit-eligible
co2_water_binary,Guo,co2,solubility_molality,493,500,0,0,0,0,0,0,3.05094363,,T,fit-eligible
co2_water_binary,Guo,co2,xc_saltfree,493,600,0,0,0,0,0,0,0.06,,T,fit-eligible
co2_water_binary,Guo,co2,solubility_molality,493,600,0,0,0,0,0,0,3.5430916,,T,fit-eligible
co2_water_binary,Guo,co2,xc_saltfree,493,900,0,0,0,0,0,0,0.077,,T,fit-eligible
co2_water_binary,Guo,co2,solubility_molality,493,900,0,0,0,0,0,0,4.630714518,,T,fit-eligible
co2_water_binary,Guo,co2,xc_saltfree,493,1200,0,0,0,0,0,0,0.0868,,T,fit-eligible
co2_water_binary,Guo,co2,solubility_molality,493,1200,0,0,0,0,0,0,5.276097419,,T,fit-eligible
co2_water_binary,Guo,co2,xc_saltfree,513,100,0,0,0,0,0,0,0.0119,,T,fit-eligible
co2_water_binary,Guo,co2,solubility_molality,513,100,0,0,0,0,0,0,0.6685055938,,T,fit-eligible
co2_water_binary,Guo,co2,xc_saltfree,513,200,0,0,0,0,0,0,0.0271,,T,fit-eligible
co2_water_binary,Guo,co2,solubility_molality,513,200,0,0,0,0,0,0,1.54618007,,T,fit-eligible
co2_water_binary,Guo,co2,xc_saltfree,513,300,0,0,0,0,0,0,0.0405,,T,fit-eligible
co2_water_binary,Guo,co2,solubility_molality,513,300,0,0,0,0,0,0,2.342982408,,T,fit-eligible
co2_water_binary,Guo,co2,xc_saltfree,513,400,0,0,0,0,0,0,0.0517,,T,fit-eligible
co2_water_binary,Guo,co2,solubility_molality,513,400,0,0,0,0,0,0,3.026242848,,T,fit-eligible
co2_water_binary,Guo,co2,xc_saltfree,513,500,0,0,0,0,0,0,0.0619,,T,fit-eligible
co2_water_binary,Guo,co2,solubility_molality,513,500,0,0,0,0,0,0,3.662692816,,T,fit-eligible
co2_water_binary,Guo,co2,xc_saltfree,513,600,0,0,0,0,0,0,0.0714,,T,fit-eligible
co2_water_binary,Guo,co2,solubility_molality,513,600,0,0,0,0,0,0,4.268040344,,T,fit-eligible
co2_water_binary,Guo,co2,xc_saltfree,513,900,0,0,0,0,0,0,0.0976,,T,fit-eligible
co2_water_binary,Guo,co2,solubility_molality,513,900,0,0,0,0,0,0,6.003571877,,T,fit-eligible
co2_water_binary,Guo,co2,xc_saltfree,513,1200,0,0,0,0,0,0,0.1121,,T,fit-eligible
co2_water_binary,Guo,co2,solubility_molality,513,1200,0,0,0,0,0,0,7.008104032,,T,fit-eligible
co2_water_binary,TODHEIDE,co2,xc_saltfree,523,200,0,0,0,0,0,0,0.028,,R,fit-eligible
co2_water_binary,TODHEIDE,co2,solubility_molality,523,200,0,0,0,0,0,0,1.599008417,,R,fit-eligible
co2_water_binary,TODHEIDE,co2,xc_saltfree,523,500,0,0,0,0,0,0,0.07,,T,fit-eligible
co2_water_binary,TODHEIDE,co2,solubility_molality,523,500,0,0,0,0,0,0,4.178054252,,T,fit-eligible
co2_water_binary,TODHEIDE,co2,xc_saltfree,523,1000,0,0,0,0,0,0,0.12,,R,fit-eligible
co2_water_binary,TODHEIDE,co2,solubility_molality,523,1000,0,0,0,0,0,0,7.569332054,,R,fit-eligible
co2_water_binary,TODHEIDE,co2,xc_saltfree,523,1500,0,0,0,0,0,0,0.149,,R,fit-eligible
co2_water_binary,TODHEIDE,co2,solubility_molality,523,1500,0,0,0,0,0,0,9.718868184,,R,fit-eligible
co2_water_binary,TODHEIDE,co2,xc_saltfree,523,2000,0,0,0,0,0,0,0.166,,T,fit-eligible
co2_water_binary,TODHEIDE,co2,solubility_molality,523,2000,0,0,0,0,0,0,11.04844151,,T,fit-eligible
co2_water_binary,TODHEIDE,co2,xc_saltfree,523,2500,0,0,0,0,0,0,0.17,,T,fit-eligible
co2_water_binary,TODHEIDE,co2,solubility_molality,523,2500,0,0,0,0,0,0,11.36919754,,T,fit-eligible
co2_water_binary,TODHEIDE,co2,xc_saltfree,523,3000,0,0,0,0,0,0,0.175,,T,fit-eligible
co2_water_binary,TODHEIDE,co2,solubility_molality,523,3000,0,0,0,0,0,0,11.77451653,,T,fit-eligible
co2_water_binary,TODHEIDE,co2,xc_saltfree,523,3500,0,0,0,0,0,0,0.177,,T,fit-eligible
co2_water_binary,TODHEIDE,co2,solubility_molality,523,3500,0,0,0,0,0,0,11.93802309,,T,fit-eligible
co2_water_binary,TAKENOUCHI,co2,xc_saltfree,523,100,0,0,0,0,0,0,0.012,,T,fit-eligible
co2_water_binary,TAKENOUCHI,co2,solubility_molality,523,100,0,0,0,0,0,0,0.674191519,,T,fit-eligible
co2_water_binary,TAKENOUCHI,co2,xc_saltfree,523,200,0,0,0,0,0,0,0.027,,R,fit-eligible
co2_water_binary,TAKENOUCHI,co2,solubility_molality,523,200,0,0,0,0,0,0,1.540316286,,R,fit-eligible
co2_water_binary,TAKENOUCHI,co2,xc_saltfree,523,300,0,0,0,0,0,0,0.042,,T,fit-eligible
co2_water_binary,TAKENOUCHI,co2,solubility_molality,523,300,0,0,0,0,0,0,2.433563959,,T,fit-eligible
co2_water_binary,TAKENOUCHI,co2,xc_saltfree,523,400,0,0,0,0,0,0,0.055,,T,fit-eligible
co2_water_binary,TAKENOUCHI,co2,solubility_molality,523,400,0,0,0,0,0,0,3.23064966,,T,fit-eligible
co2_water_binary,TAKENOUCHI,co2,xc_saltfree,523,500,0,0,0,0,0,0,0.064,,T,fit-eligible
co2_water_binary,TAKENOUCHI,co2,solubility_molality,523,500,0,0,0,0,0,0,3.795448551,,T,fit-eligible
co2_water_binary,TAKENOUCHI,co2,xc_saltfree,523,600,0,0,0,0,0,0,0.074,,T,fit-eligible
co2_water_binary,TAKENOUCHI,co2,solubility_molality,523,600,0,0,0,0,0,0,4.43587926,,T,fit-eligible
co2_water_binary,TAKENOUCHI,co2,xc_saltfree,523,700,0,0,0,0,0,0,0.084,,T,fit-eligible
co2_water_binary,TAKENOUCHI,co2,solubility_molality,523,700,0,0,0,0,0,0,5.090293172,,T,fit-eligible
co2_water_binary,TAKENOUCHI,co2,xc_saltfree,523,800,0,0,0,0,0,0,0.094,,T,fit-eligible
co2_water_binary,TAKENOUCHI,co2,solubility_molality,523,800,0,0,0,0,0,0,5.759153307,,T,fit-eligible
co2_water_binary,TAKENOUCHI,co2,xc_saltfree,523,900,0,0,0,0,0,0,0.104,,T,fit-eligible
co2_water_binary,TAKENOUCHI,co2,solubility_molality,523,900,0,0,0,0,0,0,6.442943355,,T,fit-eligible
co2_water_binary,TAKENOUCHI,co2,xc_saltfree,523,1000,0,0,0,0,0,0,0.115,,R,fit-eligible
co2_water_binary,TAKENOUCHI,co2,solubility_molality,523,1000,0,0,0,0,0,0,7.212960488,,R,fit-eligible
co2_water_binary,TAKENOUCHI,co2,xc_saltfree,523,1100,0,0,0,0,0,0,0.125,,T,fit-eligible
co2_water_binary,TAKENOUCHI,co2,solubility_molality,523,1100,0,0,0,0,0,0,7.929776437,,T,fit-eligible
co2_water_binary,TAKENOUCHI,co2,xc_saltfree,523,1200,0,0,0,0,0,0,0.132,,T,fit-eligible
co2_water_binary,TAKENOUCHI,co2,solubility_molality,523,1200,0,0,0,0,0,0,8.441374917,,T,fit-eligible
co2_water_binary,TAKENOUCHI,co2,xc_saltfree,523,1300,0,0,0,0,0,0,0.136,,T,fit-eligible
co2_water_binary,TAKENOUCHI,co2,solubility_molality,523,1300,0,0,0,0,0,0,8.737438852,,T,fit-eligible
co2_water_binary,TAKENOUCHI,co2,xc_saltfree,523,1400,0,0,0,0,0,0,0.14,,T,fit-eligible
co2_water_binary,TAKENOUCHI,co2,solubility_molality,523,1400,0,0,0,0,0,0,9.036256871,,T,fit-eligible
co2_water_binary,TAKENOUCHI,co2,xc_saltfree,523,1500,0,0,0,0,0,0,0.144,,R,fit-eligible
co2_water_binary,TAKENOUCHI,co2,solubility_molality,523,1500,0,0,0,0,0,0,9.33786758,,R,fit-eligible
co2_water_binary,TODHEIDE,co2,xc_saltfree,533,200,0,0,0,0,0,0,0.027,,R,fit-eligible
co2_water_binary,TODHEIDE,co2,solubility_molality,533,200,0,0,0,0,0,0,1.540316286,,R,fit-eligible
co2_water_binary,TODHEIDE,co2,xc_saltfree,533,500,0,0,0,0,0,0,0.075,,R,fit-eligible
co2_water_binary,TODHEIDE,co2,solubility_molality,533,500,0,0,0,0,0,0,4.500683924,,R,fit-eligible
co2_water_binary,TODHEIDE,co2,xc_saltfree,533,1000,0,0,0,0,0,0,0.138,,R,fit-eligible
co2_water_binary,TODHEIDE,co2,solubility_molality,533,1000,0,0,0,0,0,0,8.886501205,,R,fit-eligible
co2_water_binary,TODHEIDE,co2,xc_saltfree,533,1500,0,0,0,0,0,0,0.185,,T,fit-eligible
co2_water_binary,TODHEIDE,co2,solubility_molality,533,1500,0,0,0,0,0,0,12.60007422,,T,fit-eligible
co2_water_binary,TODHEIDE,co2,xc_saltfree,533,2000,0,0,0,0,0,0,0.215,,T,fit-eligible
co2_water_binary,TODHEIDE,co2,solubility_molality,533,2000,0,0,0,0,0,0,15.20294718,,T,fit-eligible
co2_water_binary,TODHEIDE,co2,xc_saltfree,533,2500,0,0,0,0,0,0,0.235,,T,fit-eligible
co2_water_binary,TODHEIDE,co2,solubility_molality,533,2500,0,0,0,0,0,0,17.05161077,,T,fit-eligible
co2_water_binary,TODHEIDE,co2,xc_saltfree,533,3000,0,0,0,0,0,0,0.235,,T,fit-eligible
co2_water_binary,TODHEIDE,co2,solubility_molality,533,3000,0,0,0,0,0,0,17.05161077,,T,fit-eligible
co2_water_binary,TODHEIDE,co2,xc_saltfree,533,3500,0,0,0,0,0,0,0.235,,T,fit-eligible
co2_water_binary,TODHEIDE,co2,solubility_molality,533,3500,0,0,0,0,0,0,17.05161077,,T,fit-eligible
co2_water_binary,TAKENOUCHI,co2,xc_saltfree,533,200,0,0,0,0,0,0,0.027,,R,fit-eligible
co2_water_binary,TAKENOUCHI,co2,solubility_molality,533,200,0,0,0,0,0,0,1.540316286,,R,fit-eligible
co2_water_binary,TAKENOUCHI,co2,xc_saltfree,533,250,0,0,0,0,0,0,0.035,,T,fit-eligible
co2_water_binary,TAKENOUCHI,co2,solubility_molality,533,250,0,0,0,0,0,0,2.013259303,,T,fit-eligible
co2_water_binary,TAKENOUCHI,co2,xc_saltfree,533,300,0,0,0,0,0,0,0.044,,R,fit-eligible
co2_water_binary,TAKENOUCHI,co2,solubility_molality,533,300,0,0,0,0,0,0,2.55478153,,R,fit-eligible
co2_water_binary,TAKENOUCHI,co2,xc_saltfree,533,400,0,0,0,0,0,0,0.059,,R,fit-eligible
co2_water_binary,TAKENOUCHI,co2,solubility_molality,533,400,0,0,0,0,0,0,3.480337586,,R,fit-eligible
co2_water_binary,TAKENOUCHI,co2,xc_saltfree,533,500,0,0,0,0,0,0,0.073,,R,fit-eligible
co2_water_binary,TAKENOUCHI,co2,solubility_molality,533,500,0,0,0,0,0,0,4.371214412,,R,fit-eligible
co2_water_binary,TAKENOUCHI,co2,xc_saltfree,533,600,0,0,0,0,0,0,0.087,,T,fit-eligible
co2_water_binary,TAKENOUCHI,co2,solubility_molality,533,600,0,0,0,0,0,0,5.289412761,,T,fit-eligible
co2_water_binary,TAKENOUCHI,co2,xc_saltfree,533,700,0,0,0,0,0,0,0.1,,T,fit-eligible
co2_water_binary,TAKENOUCHI,co2,solubility_molality,533,700,0,0,0,0,0,0,6.167603896,,T,fit-eligible
co2_water_binary,TAKENOUCHI,co2,xc_saltfree,533,800,0,0,0,0,0,0,0.113,,T,fit-eligible
co2_water_binary,TAKENOUCHI,co2,solubility_molality,533,800,0,0,0,0,0,0,7.071536823,,T,fit-eligible
co2_water_binary,TAKENOUCHI,co2,xc_saltfree,533,900,0,0,0,0,0,0,0.125,,R,fit-eligible
co2_water_binary,TAKENOUCHI,co2,solubility_molality,533,900,0,0,0,0,0,0,7.929776437,,R,fit-eligible
co2_water_binary,TAKENOUCHI,co2,xc_saltfree,533,1000,0,0,0,0,0,0,0.135,,R,fit-eligible
co2_water_binary,TAKENOUCHI,co2,solubility_molality,533,1000,0,0,0,0,0,0,8.663166166,,R,fit-eligible
co2_water_binary,TAKENOUCHI,co2,xc_saltfree,533,1100,0,0,0,0,0,0,0.145,,T,fit-eligible
co2_water_binary,TAKENOUCHI,co2,solubility_molality,533,1100,0,0,0,0,0,0,9.413711209,,T,fit-eligible
co2_water_binary,TAKENOUCHI,co2,xc_saltfree,533,1200,0,0,0,0,0,0,0.155,,R,fit-eligible
co2_water_binary,TAKENOUCHI,co2,solubility_molality,533,1200,0,0,0,0,0,0,10.18202063,,R,fit-eligible
co2_water_binary,TAKENOUCHI,co2,xc_saltfree,533,1300,0,0,0,0,0,0,0.16,,T,fit-eligible
co2_water_binary,TAKENOUCHI,co2,solubility_molality,533,1300,0,0,0,0,0,0,10.57303525,,T,fit-eligible
co2_water_binary,TAKENOUCHI,co2,xc_saltfree,533,1400,0,0,0,0,0,0,0.165,,T,fit-eligible
co2_water_binary,TAKENOUCHI,co2,solubility_molality,533,1400,0,0,0,0,0,0,10.96873268,,T,fit-eligible
co2_water_binary,TAKENOUCHI,co2,xc_saltfree,533,1500,0,0,0,0,0,0,0.175,,T,fit-eligible
co2_water_binary,TAKENOUCHI,co2,solubility_molality,533,1500,0,0,0,0,0,0,11.77451653,,T,fit-eligible
co2_water_binary,Guo,co2,xc_saltfree,533,200,0,0,0,0,0,0,0.0283,,R,fit-eligible
co2_water_binary,Guo,co2,solubility_molality,533,200,0,0,0,0,0,0,1.616639613,,R,fit-eligible
co2_water_binary,Guo,co2,xc_saltfree,533,300,0,0,0,0,0,0,0.0441,,R,fit-eligible
co2_water_binary,Guo,co2,solubility_molality,533,300,0,0,0,0,0,0,2.560855724,,R,fit-eligible
co2_water_binary,Guo,co2,xc_saltfree,533,400,0,0,0,0,0,0,0.0608,,R,fit-eligible
co2_water_binary,Guo,co2,solubility_molality,533,400,0,0,0,0,0,0,3.593391026,,R,fit-eligible
co2_water_binary,Guo,co2,xc_saltfree,533,500,0,0,0,0,0,0,0.0735,,R,fit-eligible
co2_water_binary,Guo,co2,solubility_molality,533,500,0,0,0,0,0,0,4.403529387,,R,fit-eligible
co2_water_binary,Guo,co2,xc_saltfree,533,600,0,0,0,0,0,0,0.0922,,T,fit-eligible
co2_water_binary,Guo,co2,solubility_molality,533,600,0,0,0,0,0,0,5.637670977,,T,fit-eligible
co2_water_binary,Guo,co2,xc_saltfree,533,900,0,0,0,0,0,0,0.1269,,R,fit-eligible
co2_water_binary,Guo,co2,solubility_molality,533,900,0,0,0,0,0,0,8.067827751,,R,fit-eligible
co2_water_binary,Guo,co2,xc_saltfree,533,1200,0,0,0,0,0,0,0.1495,,R,fit-eligible
co2_water_binary,Guo,co2,solubility_molality,533,1200,0,0,0,0,0,0,9.757214629,,R,fit-eligible
co2_water_binary,TODHEIDE,co2,xc_saltfree,538,200,0,0,0,0,0,0,0.026,,T,fit-eligible
co2_water_binary,TODHEIDE,co2,solubility_molality,538,200,0,0,0,0,0,0,1.481744673,,T,fit-eligible
co2_water_binary,TODHEIDE,co2,xc_saltfree,538,500,0,0,0,0,0,0,0.08,,T,fit-eligible
co2_water_binary,TODHEIDE,co2,solubility_molality,538,500,0,0,0,0,0,0,4.82682044,,T,fit-eligible
co2_water_binary,TODHEIDE,co2,xc_saltfree,538,1000,0,0,0,0,0,0,0.155,,T,fit-eligible
co2_water_binary,TODHEIDE,co2,solubility_molality,538,1000,0,0,0,0,0,0,10.18202063,,T,fit-eligible
co2_water_binary,TODHEIDE,co2,xc_saltfree,538,1500,0,0,0,0,0,0,0.215,,T,fit-eligible
co2_water_binary,TODHEIDE,co2,solubility_molality,538,1500,0,0,0,0,0,0,15.20294718,,T,fit-eligible
co2_water_binary,TODHEIDE,co2,xc_saltfree,538,2000,0,0,0,0,0,0,0.272,,T,fit-eligible
co2_water_binary,TODHEIDE,co2,solubility_molality,538,2000,0,0,0,0,0,0,20.7394153,,T,fit-eligible
co2_water_binary,TODHEIDE,co2,xc_saltfree,538,2500,0,0,0,0,0,0,0.298,,T,fit-eligible
co2_water_binary,TODHEIDE,co2,solubility_molality,538,2500,0,0,0,0,0,0,23.56340976,,T,fit-eligible
co2_water_binary,TODHEIDE,co2,xc_saltfree,538,3000,0,0,0,0,0,0,0.292,,T,fit-eligible
co2_water_binary,TODHEIDE,co2,solubility_molality,538,3000,0,0,0,0,0,0,22.89330938,,T,fit-eligible
co2_water_binary,TODHEIDE,co2,xc_saltfree,538,3500,0,0,0,0,0,0,0.28,,T,fit-eligible
co2_water_binary,TODHEIDE,co2,solubility_molality,538,3500,0,0,0,0,0,0,21.58661364,,T,fit-eligible
co2_water_binary,TODHEIDE,co2,xc_saltfree,541,200,0,0,0,0,0,0,0.026,,T,fit-eligible
co2_water_binary,TODHEIDE,co2,solubility_molality,541,200,0,0,0,0,0,0,1.481744673,,T,fit-eligible
co2_water_binary,TODHEIDE,co2,xc_saltfree,541,300,0,0,0,0,0,0,0.048,,T,fit-eligible
co2_water_binary,TODHEIDE,co2,solubility_molality,541,300,0,0,0,0,0,0,2.798744625,,T,fit-eligible
co2_water_binary,TODHEIDE,co2,xc_saltfree,541,400,0,0,0,0,0,0,0.064,,T,fit-eligible
co2_water_binary,TODHEIDE,co2,solubility_molality,541,400,0,0,0,0,0,0,3.795448551,,T,fit-eligible
co2_water_binary,TODHEIDE,co2,xc_saltfree,541,500,0,0,0,0,0,0,0.083,,T,fit-eligible
co2_water_binary,TODHEIDE,co2,solubility_molality,541,500,0,0,0,0,0,0,5.024209499,,T,fit-eligible
co2_water_binary,TODHEIDE,co2,xc_saltfree,541,600,0,0,0,0,0,0,0.095,,T,fit-eligible
co2_water_binary,TODHEIDE,co2,solubility_molality,541,600,0,0,0,0,0,0,5.826852299,,T,fit-eligible
co2_water_binary,TODHEIDE,co2,xc_saltfree,541,700,0,0,0,0,0,0,0.118,,T,fit-eligible
co2_water_binary,TODHEIDE,co2,solubility_molality,541,700,0,0,0,0,0,0,7.426298568,,T,fit-eligible
co2_water_binary,TODHEIDE,co2,xc_saltfree,541,800,0,0,0,0,0,0,0.138,,T,fit-eligible
co2_water_binary,TODHEIDE,co2,solubility_molality,541,800,0,0,0,0,0,0,8.886501205,,T,fit-eligible
co2_water_binary,TODHEIDE,co2,xc_saltfree,541,900,0,0,0,0,0,0,0.16,,T,fit-eligible
co2_water_binary,TODHEIDE,co2,solubility_molality,541,900,0,0,0,0,0,0,10.57303525,,T,fit-eligible
co2_water_binary,TODHEIDE,co2,xc_saltfree,541,1000,0,0,0,0,0,0,0.179,,T,fit-eligible
co2_water_binary,TODHEIDE,co2,solubility_molality,541,1000,0,0,0,0,0,0,12.10232628,,T,fit-eligible
co2_water_binary,TODHEIDE,co2,xc_saltfree,541,1100,0,0,0,0,0,0,0.197,,T,fit-eligible
co2_water_binary,TODHEIDE,co2,solubility_molality,541,1100,0,0,0,0,0,0,13.61788506,,T,fit-eligible
co2_water_binary,TODHEIDE,co2,xc_saltfree,541,1200,0,0,0,0,0,0,0.211,,T,fit-eligible
co2_water_binary,TODHEIDE,co2,solubility_molality,541,1200,0,0,0,0,0,0,14.84446109,,T,fit-eligible
co2_water_binary,TODHEIDE,co2,xc_saltfree,541,1300,0,0,0,0,0,0,0.228,,T,fit-eligible
co2_water_binary,TODHEIDE,co2,solubility_molality,541,1300,0,0,0,0,0,0,16.39368289,,T,fit-eligible
co2_water_binary,TODHEIDE,co2,xc_saltfree,541,1400,0,0,0,0,0,0,0.248,,T,fit-eligible
co2_water_binary,TODHEIDE,co2,solubility_molality,541,1400,0,0,0,0,0,0,18.30597327,,T,fit-eligible
co2_water_binary,TODHEIDE,co2,xc_saltfree,541,1500,0,0,0,0,0,0,0.278,,T,fit-eligible
co2_water_binary,TODHEIDE,co2,solubility_molality,541,1500,0,0,0,0,0,0,21.37305394,,T,fit-eligible
co2_water_binary,TODHEIDE,co2,xc_saltfree,541,1620,0,0,0,0,0,0,0.385,,T,fit-eligible
co2_water_binary,TODHEIDE,co2,solubility_molality,541,1620,0,0,0,0,0,0,34.74918292,,T,fit-eligible
co2_water_binary,TODHEIDE,co2,xc_saltfree,543,200,0,0,0,0,0,0,0.026,,T,fit-eligible
co2_water_binary,TODHEIDE,co2,solubility_molality,543,200,0,0,0,0,0,0,1.481744673,,T,fit-eligible
co2_water_binary,TODHEIDE,co2,xc_saltfree,543,300,0,0,0,0,0,0,0.049,,T,fit-eligible
co2_water_binary,TODHEIDE,co2,solubility_molality,543,300,0,0,0,0,0,0,2.860056065,,T,fit-eligible
co2_water_binary,TODHEIDE,co2,xc_saltfree,543,400,0,0,0,0,0,0,0.066,,T,fit-eligible
co2_water_binary,TODHEIDE,co2,solubility_molality,543,400,0,0,0,0,0,0,3.922437595,,T,fit-eligible
co2_water_binary,TODHEIDE,co2,xc_saltfree,543,500,0,0,0,0,0,0,0.087,,T,fit-eligible
co2_water_binary,TODHEIDE,co2,solubility_molality,543,500,0,0,0,0,0,0,5.289412761,,T,fit-eligible
co2_water_binary,TODHEIDE,co2,xc_saltfree,543,600,0,0,0,0,0,0,0.102,,T,fit-eligible
co2_water_binary,TODHEIDE,co2,solubility_molality,543,600,0,0,0,0,0,0,6.304967011,,T,fit-eligible
co2_water_binary,TODHEIDE,co2,xc_saltfree,543,700,0,0,0,0,0,0,0.124,,T,fit-eligible
co2_water_binary,TODHEIDE,co2,solubility_molality,543,700,0,0,0,0,0,0,7.857358388,,T,fit-eligible
co2_water_binary,TODHEIDE,co2,xc_saltfree,543,800,0,0,0,0,0,0,0.148,,T,fit-eligible
co2_water_binary,TODHEIDE,co2,solubility_molality,543,800,0,0,0,0,0,0,9.642310316,,T,fit-eligible
co2_water_binary,TODHEIDE,co2,xc_saltfree,543,900,0,0,0,0,0,0,0.17,,T,fit-eligible
co2_water_binary,TODHEIDE,co2,solubility_molality,543,900,0,0,0,0,0,0,11.36919754,,T,fit-eligible
co2_water_binary,TODHEIDE,co2,xc_saltfree,543,1000,0,0,0,0,0,0,0.19,,T,fit-eligible
co2_water_binary,TODHEIDE,co2,solubility_molality,543,1000,0,0,0,0,0,0,13.02049711,,T,fit-eligible
co2_water_binary,TODHEIDE,co2,xc_saltfree,543,1100,0,0,0,0,0,0,0.207,,T,fit-eligible
co2_water_binary,TODHEIDE,co2,solubility_molality,543,1100,0,0,0,0,0,0,14.4895915,,T,fit-eligible
co2_water_binary,TODHEIDE,co2,xc_saltfree,543,1200,0,0,0,0,0,0,0.226,,T,fit-eligible
co2_water_binary,TODHEIDE,co2,solubility_molality,543,1200,0,0,0,0,0,0,16.20788931,,T,fit-eligible
co2_water_binary,TODHEIDE,co2,xc_saltfree,543,1300,0,0,0,0,0,0,0.25,,T,fit-eligible
co2_water_binary,TODHEIDE,co2,solubility_molality,543,1300,0,0,0,0,0,0,18.50281169,,T,fit-eligible
co2_water_binary,TODHEIDE,co2,xc_saltfree,543,1370,0,0,0,0,0,0,0.367,,T,fit-eligible
co2_water_binary,TODHEIDE,co2,solubility_molality,543,1370,0,0,0,0,0,0,32.18261559,,T,fit-eligible
co2_water_binary,TODHEIDE,co2,xc_saltfree,548,200,0,0,0,0,0,0,0.025,,T,fit-eligible
co2_water_binary,TODHEIDE,co2,solubility_molality,548,200,0,0,0,0,0,0,1.423293207,,T,fit-eligible
co2_water_binary,TODHEIDE,co2,xc_saltfree,548,300,0,0,0,0,0,0,0.049,,R,fit-eligible
co2_water_binary,TODHEIDE,co2,solubility_molality,548,300,0,0,0,0,0,0,2.860056065,,R,fit-eligible
co2_water_binary,TODHEIDE,co2,xc_saltfree,548,400,0,0,0,0,0,0,0.07,,R,fit-eligible
co2_water_binary,TODHEIDE,co2,solubility_molality,548,400,0,0,0,0,0,0,4.178054252,,R,fit-eligible
co2_water_binary,TODHEIDE,co2,xc_saltfree,548,500,0,0,0,0,0,0,0.092,,R,fit-eligible
co2_water_binary,TODHEIDE,co2,solubility_molality,548,500,0,0,0,0,0,0,5.624202671,,R,fit-eligible
co2_water_binary,TODHEIDE,co2,xc_saltfree,548,600,0,0,0,0,0,0,0.114,,T,fit-eligible
co2_water_binary,TODHEIDE,co2,solubility_molality,548,600,0,0,0,0,0,0,7.142168845,,T,fit-eligible
co2_water_binary,TODHEIDE,co2,xc_saltfree,548,700,0,0,0,0,0,0,0.137,,T,fit-eligible
co2_water_binary,TODHEIDE,co2,solubility_molality,548,700,0,0,0,0,0,0,8.811883666,,T,fit-eligible
co2_water_binary,TODHEIDE,co2,xc_saltfree,548,800,0,0,0,0,0,0,0.163,,T,fit-eligible
co2_water_binary,TODHEIDE,co2,solubility_molality,548,800,0,0,0,0,0,0,10.8098864,,T,fit-eligible
co2_water_binary,TODHEIDE,co2,xc_saltfree,548,900,0,0,0,0,0,0,0.195,,T,fit-eligible
co2_water_binary,TODHEIDE,co2,solubility_molality,548,900,0,0,0,0,0,0,13.44614265,,T,fit-eligible
co2_water_binary,TODHEIDE,co2,xc_saltfree,548,1000,0,0,0,0,0,0,0.241,,T,fit-eligible
co2_water_binary,TODHEIDE,co2,solubility_molality,548,1000,0,0,0,0,0,0,17.62520797,,T,fit-eligible
co2_water_binary,TODHEIDE,co2,xc_saltfree,548,1080,0,0,0,0,0,0,0.347,,T,fit-eligible
co2_water_binary,TODHEIDE,co2,solubility_molality,548,1080,0,0,0,0,0,0,29.49682537,,T,fit-eligible
co2_water_binary,TAKENOUCHI,co2,xc_saltfree,548,100,0,0,0,0,0,0,0.01,,T,fit-eligible
co2_water_binary,TAKENOUCHI,co2,solubility_molality,548,100,0,0,0,0,0,0,0.5606912633,,T,fit-eligible
co2_water_binary,TAKENOUCHI,co2,xc_saltfree,548,150,0,0,0,0,0,0,0.019,,T,fit-eligible
co2_water_binary,TAKENOUCHI,co2,solubility_molality,548,150,0,0,0,0,0,0,1.075086918,,T,fit-eligible
co2_water_binary,TAKENOUCHI,co2,xc_saltfree,548,200,0,0,0,0,0,0,0.028,,T,fit-eligible
co2_water_binary,TAKENOUCHI,co2,solubility_molality,548,200,0,0,0,0,0,0,1.599008417,,T,fit-eligible
co2_water_binary,TAKENOUCHI,co2,xc_saltfree,548,250,0,0,0,0,0,0,0.038,,T,fit-eligible
co2_water_binary,TAKENOUCHI,co2,solubility_molality,548,250,0,0,0,0,0,0,2.192640886,,T,fit-eligible
co2_water_binary,TAKENOUCHI,co2,xc_saltfree,548,300,0,0,0,0,0,0,0.049,,R,fit-eligible
co2_water_binary,TAKENOUCHI,co2,solubility_molality,548,300,0,0,0,0,0,0,2.860056065,,R,fit-eligible
co2_water_binary,TAKENOUCHI,co2,xc_saltfree,548,400,0,0,0,0,0,0,0.072,,R,fit-eligible
co2_water_binary,TAKENOUCHI,co2,solubility_molality,548,400,0,0,0,0,0,0,4.306688927,,R,fit-eligible
co2_water_binary,TAKENOUCHI,co2,xc_saltfree,548,500,0,0,0,0,0,0,0.096,,R,fit-eligible
co2_water_binary,TAKENOUCHI,co2,solubility_molality,548,500,0,0,0,0,0,0,5.894701069,,R,fit-eligible
co2_water_binary,TAKENOUCHI,co2,xc_saltfree,548,600,0,0,0,0,0,0,0.12,,T,fit-eligible
co2_water_binary,TAKENOUCHI,co2,solubility_molality,548,600,0,0,0,0,0,0,7.569332054,,T,fit-eligible
co2_water_binary,TAKENOUCHI,co2,xc_saltfree,548,700,0,0,0,0,0,0,0.144,,T,fit-eligible
co2_water_binary,TAKENOUCHI,co2,solubility_molality,548,700,0,0,0,0,0,0,9.33786758,,T,fit-eligible
co2_water_binary,TAKENOUCHI,co2,xc_saltfree,548,800,0,0,0,0,0,0,0.175,,T,fit-eligible
co2_water_binary,TAKENOUCHI,co2,solubility_molality,548,800,0,0,0,0,0,0,11.77451653,,T,fit-eligible
co2_water_binary,TAKENOUCHI,co2,xc_saltfree,548,885,0,0,0,0,0,0,0.27,,T,fit-eligible
co2_water_binary,TAKENOUCHI,co2,solubility_molality,548,885,0,0,0,0,0,0,20.53051708,,T,fit-eligible
co2_water_binary,Guo,co2,xc_saltfree,553,100,0,0,0,0,0,0,0.0089,,T,fit-eligible
co2_water_binary,Guo,co2,solubility_molality,553,100,0,0,0,0,0,0,0.4984613783,,T,fit-eligible
co2_water_binary,Guo,co2,xc_saltfree,553,200,0,0,0,0,0,0,0.0284,,T,fit-eligible
co2_water_binary,Guo,co2,solubility_molality,553,200,0,0,0,0,0,0,1.622519098,,T,fit-eligible
co2_water_binary,Guo,co2,xc_saltfree,553,300,0,0,0,0,0,0,0.0483,,T,fit-eligible
co2_water_binary,Guo,co2,solubility_molality,553,300,0,0,0,0,0,0,2.817124528,,T,fit-eligible
co2_water_binary,Guo,co2,xc_saltfree,553,400,0,0,0,0,0,0,0.071,,T,fit-eligible
co2_water_binary,Guo,co2,solubility_molality,553,400,0,0,0,0,0,0,4.242302357,,T,fit-eligible
co2_water_binary,Guo,co2,xc_saltfree,553,500,0,0,0,0,0,0,0.0887,,T,fit-eligible
co2_water_binary,Guo,co2,solubility_molality,553,500,0,0,0,0,0,0,5.402829134,,T,fit-eligible
co2_water_binary,Guo,co2,xc_saltfree,553,600,0,0,0,0,0,0,0.1225,,T,fit-eligible
co2_water_binary,Guo,co2,solubility_molality,553,600,0,0,0,0,0,0,7.749040792,,T,fit-eligible
co2_water_binary,TODHEIDE,co2,xc_saltfree,573,200,0,0,0,0,0,0,0.023,,U,fit-eligible
co2_water_binary,TODHEIDE,co2,solubility_molality,573,200,0,0,0,0,0,0,1.306749239,,U,fit-eligible
co2_water_binary,TODHEIDE,co2,xc_saltfree,573,300,0,0,0,0,0,0,0.049,,U,fit-eligible
co2_water_binary,TODHEIDE,co2,solubility_molality,573,300,0,0,0,0,0,0,2.860056065,,U,fit-eligible
co2_water_binary,TODHEIDE,co2,xc_saltfree,573,400,0,0,0,0,0,0,0.079,,U,fit-eligible
co2_water_binary,TODHEIDE,co2,solubility_molality,573,400,0,0,0,0,0,0,4.761309848,,U,fit-eligible
co2_water_binary,TODHEIDE,co2,xc_saltfree,573,500,0,0,0,0,0,0,0.125,,T,fit-eligible
co2_water_binary,TODHEIDE,co2,solubility_molality,573,500,0,0,0,0,0,0,7.929776437,,T,fit-eligible
co2_water_binary,TODHEIDE,co2,xc_saltfree,573,600,0,0,0,0,0,0,0.225,,T,fit-eligible
co2_water_binary,TODHEIDE,co2,solubility_molality,573,600,0,0,0,0,0,0,16.11535211,,T,fit-eligible
co2_water_binary,TODHEIDE,co2,xc_saltfree,573,608,0,0,0,0,0,0,0.267,,T,fit-eligible
co2_water_binary,TODHEIDE,co2,solubility_molality,573,608,0,0,0,0,0,0,20.21930718,,T,fit-eligible
co2_water_binary,TAKENOUCHI,co2,xc_saltfree,573,100,0,0,0,0,0,0,0.004,,T,fit-eligible
co2_water_binary,TAKENOUCHI,co2,solubility_molality,573,100,0,0,0,0,0,0,0.222925442,,T,fit-eligible
co2_water_binary,TAKENOUCHI,co2,xc_saltfree,573,150,0,0,0,0,0,0,0.016,,T,fit-eligible
co2_water_binary,TAKENOUCHI,co2,solubility_molality,573,150,0,0,0,0,0,0,0.9025761799,,T,fit-eligible
co2_water_binary,TAKENOUCHI,co2,xc_saltfree,573,200,0,0,0,0,0,0,0.029,,T,fit-eligible
co2_water_binary,TAKENOUCHI,co2,solubility_molality,573,200,0,0,0,0,0,0,1.657821439,,T,fit-eligible
co2_water_binary,TAKENOUCHI,co2,xc_saltfree,573,250,0,0,0,0,0,0,0.041,,T,fit-eligible
co2_water_binary,TAKENOUCHI,co2,solubility_molality,573,250,0,0,0,0,0,0,2.373144773,,T,fit-eligible
co2_water_binary,TAKENOUCHI,co2,xc_saltfree,573,300,0,0,0,0,0,0,0.054,,T,fit-eligible
co2_water_binary,TAKENOUCHI,co2,solubility_molality,573,300,0,0,0,0,0,0,3.168557604,,T,fit-eligible
co2_water_binary,TAKENOUCHI,co2,xc_saltfree,573,350,0,0,0,0,0,0,0.068,,T,fit-eligible
co2_water_binary,TAKENOUCHI,co2,solubility_molality,573,350,0,0,0,0,0,0,4.049971657,,T,fit-eligible
co2_water_binary,TAKENOUCHI,co2,xc_saltfree,573,400,0,0,0,0,0,0,0.084,,T,fit-eligible
co2_water_binary,TAKENOUCHI,co2,solubility_molality,573,400,0,0,0,0,0,0,5.090293172,,T,fit-eligible
co2_water_binary,TAKENOUCHI,co2,xc_saltfree,573,450,0,0,0,0,0,0,0.104,,T,fit-eligible
co2_water_binary,TAKENOUCHI,co2,solubility_molality,573,450,0,0,0,0,0,0,6.442943355,,T,fit-eligible
co2_water_binary,TAKENOUCHI,co2,xc_saltfree,573,500,0,0,0,0,0,0,0.127,,T,fit-eligible
co2_water_binary,TAKENOUCHI,co2,solubility_molality,573,500,0,0,0,0,0,0,8.075110255,,T,fit-eligible
co2_water_binary,TAKENOUCHI,co2,xc_saltfree,573,550,0,0,0,0,0,0,0.17,,T,fit-eligible
co2_water_binary,TAKENOUCHI,co2,solubility_molality,573,550,0,0,0,0,0,0,11.36919754,,T,fit-eligible
co2_water_binary,TAKENOUCHI,co2,xc_saltfree,573,575,0,0,0,0,0,0,0.236,,T,fit-eligible
co2_water_binary,TAKENOUCHI,co2,solubility_molality,573,575,0,0,0,0,0,0,17.14658465,,T,fit-eligible
co2_water_binary,Guo,co2,xc_saltfree,573,100,0,0,0,0,0,0,0.0054,,T,fit-eligible
co2_water_binary,Guo,co2,solubility_molality,573,100,0,0,0,0,0,0,0.3013729633,,T,fit-eligible
co2_water_binary,Guo,co2,xc_saltfree,573,200,0,0,0,0,0,0,0.0284,,T,fit-eligible
co2_water_binary,Guo,co2,solubility_molality,573,200,0,0,0,0,0,0,1.622519098,,T,fit-eligible
co2_water_binary,Guo,co2,xc_saltfree,573,300,0,0,0,0,0,0,0.0536,,T,fit-eligible
co2_water_binary,Guo,co2,solubility_molality,573,300,0,0,0,0,0,0,3.143757523,,T,fit-eligible
co2_water_binary,Guo,co2,xc_saltfree,573,400,0,0,0,0,0,0,0.0842,,T,fit-eligible
co2_water_binary,Guo,co2,solubility_molality,573,400,0,0,0,0,0,0,5.103527225,,T,fit-eligible
co2_water_binary,Guo,co2,xc_saltfree,573,500,0,0,0,0,0,0,0.1198,,T,fit-eligible
co2_water_binary,Guo,co2,solubility_molality,573,500,0,0,0,0,0,0,7.554999455,,T,fit-eligible
co2_water_binary,TAKENOUCHI,co2,xc_saltfree,598,150,0,0,0,0,0,0,0.01,,T,fit-eligible
co2_water_binary,TAKENOUCHI,co2,solubility_molality,598,150,0,0,0,0,0,0,0.5606912633,,T,fit-eligible
co2_water_binary,TAKENOUCHI,co2,xc_saltfree,598,200,0,0,0,0,0,0,0.026,,T,fit-eligible
co2_water_binary,TAKENOUCHI,co2,solubility_molality,598,200,0,0,0,0,0,0,1.481744673,,T,fit-eligible
co2_water_binary,TAKENOUCHI,co2,xc_saltfree,598,250,0,0,0,0,0,0,0.043,,T,fit-eligible
co2_water_binary,TAKENOUCHI,co2,solubility_molality,598,250,0,0,0,0,0,0,2.494109412,,T,fit-eligible
co2_water_binary,TAKENOUCHI,co2,xc_saltfree,598,300,0,0,0,0,0,0,0.061,,T,fit-eligible
co2_water_binary,TAKENOUCHI,co2,solubility_molality,598,300,0,0,0,0,0,0,3.605979275,,T,fit-eligible
co2_water_binary,TAKENOUCHI,co2,xc_saltfree,598,350,0,0,0,0,0,0,0.082,,T,fit-eligible
co2_water_binary,TAKENOUCHI,co2,solubility_molality,598,350,0,0,0,0,0,0,4.958269799,,T,fit-eligible
co2_water_binary,TAKENOUCHI,co2,xc_saltfree,598,400,0,0,0,0,0,0,0.112,,T,fit-eligible
co2_water_binary,TAKENOUCHI,co2,solubility_molality,598,400,0,0,0,0,0,0,7.001063882,,T,fit-eligible
co2_water_binary,TAKENOUCHI,co2,xc_saltfree,598,435,0,0,0,0,0,0,0.18,,T,fit-eligible
co2_water_binary,TAKENOUCHI,co2,solubility_molality,598,435,0,0,0,0,0,0,12.18477843,,T,fit-eligible
co2_water_binary,TODHEIDE,co2,xc_saltfree,623,200,0,0,0,0,0,0,0.008,,T,fit-eligible
co2_water_binary,TODHEIDE,co2,solubility_molality,623,200,0,0,0,0,0,0,0.4476486699,,T,fit-eligible
co2_water_binary,TODHEIDE,co2,xc_saltfree,623,250,0,0,0,0,0,0,0.026,,T,fit-eligible
co2_water_binary,TODHEIDE,co2,solubility_molality,623,250,0,0,0,0,0,0,1.481744673,,T,fit-eligible
co2_water_binary,TODHEIDE,co2,xc_saltfree,623,300,0,0,0,0,0,0,0.051,,T,fit-eligible
co2_water_binary,TODHEIDE,co2,solubility_molality,623,300,0,0,0,0,0,0,2.983066584,,T,fit-eligible
co2_water_binary,TODHEIDE,co2,xc_saltfree,623,325,0,0,0,0,0,0,0.077,,T,fit-eligible
co2_water_binary,TODHEIDE,co2,solubility_molality,623,325,0,0,0,0,0,0,4.630714518,,T,fit-eligible
co2_water_binary,TODHEIDE,co2,xc_saltfree,623,333,0,0,0,0,0,0,0.125,,T,fit-eligible
co2_water_binary,TODHEIDE,co2,solubility_molality,623,333,0,0,0,0,0,0,7.929776437,,T,fit-eligible
co2_water_binary,TAKENOUCHI,co2,xc_saltfree,623,200,0,0,0,0,0,0,0.015,,T,fit-eligible
co2_water_binary,TAKENOUCHI,co2,solubility_molality,623,200,0,0,0,0,0,0,0.8453061177,,T,fit-eligible
co2_water_binary,TAKENOUCHI,co2,xc_saltfree,623,250,0,0,0,0,0,0,0.04,,T,fit-eligible
co2_water_binary,TAKENOUCHI,co2,solubility_molality,623,250,0,0,0,0,0,0,2.312851461,,T,fit-eligible
co2_water_binary,TAKENOUCHI,co2,xc_saltfree,623,300,0,0,0,0,0,0,0.064,,T,fit-eligible
co2_water_binary,TAKENOUCHI,co2,solubility_molality,623,300,0,0,0,0,0,0,3.795448551,,T,fit-eligible
co2_water_binary,TAKENOUCHI,co2,xc_saltfree,623,325,0,0,0,0,0,0,0.105,,T,fit-eligible
co2_water_binary,TAKENOUCHI,co2,solubility_molality,623,325,0,0,0,0,0,0,6.512162773,,T,fit-eligible
ch4_water_binary,CHAPOY(2004),ch4,xc_saltfree,275,9.73,0,0,0,0,0,0,0.000399,,T,fit-eligible
ch4_water_binary,CHAPOY(2004),ch4,solubility_molality,275,9.73,0,0,0,0,0,0,0.02215670612,,T,fit-eligible
ch4_water_binary,CHAPOY(2004),ch4,xc_saltfree,275,15.65,0,0,0,0,0,0,0.000631,,T,fit-eligible
ch4_water_binary,CHAPOY(2004),ch4,solubility_molality,275,15.65,0,0,0,0,0,0,0.03504793777,,T,fit-eligible
ch4_water_binary,CHAPOY(2004),ch4,xc_saltfree,275,23.23,0,0,0,0,0,0,0.000901,,T,fit-eligible
ch4_water_binary,CHAPOY(2004),ch4,solubility_molality,275,23.23,0,0,0,0,0,0,0.05005820243,,T,fit-eligible
ch4_water_binary,CHAPOY(2004),ch4,xc_saltfree,275,28.2,0,0,0,0,0,0,0.001061,,T,fit-eligible
ch4_water_binary,CHAPOY(2004),ch4,solubility_molality,275,28.2,0,0,0,0,0,0,0.05895700298,,T,fit-eligible
ch4_water_binary,LEKVAM(1997),ch4,xc_saltfree,275,5.67,0,0,0,0,0,0,0.000258,,T,fit-eligible
ch4_water_binary,LEKVAM(1997),ch4,solubility_molality,275,5.67,0,0,0,0,0,0,0.01432487206,,T,fit-eligible
ch4_water_binary,LEKVAM(1997),ch4,xc_saltfree,275,10.05,0,0,0,0,0,0,0.000399,,T,fit-eligible
ch4_water_binary,LEKVAM(1997),ch4,solubility_molality,275,10.05,0,0,0,0,0,0,0.02215670612,,T,fit-eligible
ch4_water_binary,LEKVAM(1997),ch4,xc_saltfree,275,15.05,0,0,0,0,0,0,0.000592,,T,fit-eligible
ch4_water_binary,LEKVAM(1997),ch4,solubility_molality,275,15.05,0,0,0,0,0,0,0.03288045879,,T,fit-eligible
ch4_water_binary,LEKVAM(1997),ch4,xc_saltfree,275,17.65,0,0,0,0,0,0,0.000735,,T,fit-eligible
ch4_water_binary,LEKVAM(1997),ch4,solubility_molality,275,17.65,0,0,0,0,0,0,0.04082870887,,T,fit-eligible
ch4_water_binary,LEKVAM(1997),ch4,xc_saltfree,275,25.15,0,0,0,0,0,0,0.000978,,T,fit-eligible
ch4_water_binary,LEKVAM(1997),ch4,solubility_molality,275,25.15,0,0,0,0,0,0,0.0543403944,,T,fit-eligible
ch4_water_binary,LEKVAM(1997),ch4,xc_saltfree,275,28.06,0,0,0,0,0,0,0.001142,,T,fit-eligible
ch4_water_binary,LEKVAM(1997),ch4,solubility_molality,275,28.06,0,0,0,0,0,0,0.06346310771,,T,fit-eligible
ch4_water_binary,OU(2015),ch4,xc_saltfree,275,100,0,0,0,0,0,0,0.0031,,T,fit-eligible
ch4_water_binary,OU(2015),ch4,solubility_molality,275,100,0,0,0,0,0,0,0.1726112435,,T,fit-eligible
ch4_water_binary,OU(2015),ch4,xc_saltfree,275,200,0,0,0,0,0,0,0.00466,,T,fit-eligible
ch4_water_binary,OU(2015),ch4,solubility_molality,275,200,0,0,0,0,0,0,0.2598803498,,T,fit-eligible
ch4_water_binary,OU(2015),ch4,xc_saltfree,275,300,0,0,0,0,0,0,0.00553,,T,fit-eligible
ch4_water_binary,OU(2015),ch4,solubility_molality,275,300,0,0,0,0,0,0,0.3086685832,,T,fit-eligible
ch4_water_binary,OU(2015),ch4,xc_saltfree,275,400,0,0,0,0,0,0,0.0063,,T,fit-eligible
ch4_water_binary,OU(2015),ch4,solubility_molality,275,400,0,0,0,0,0,0,0.3519202384,,T,fit-eligible
ch4_water_binary,OU(2015),ch4,xc_saltfree,275,500,0,0,0,0,0,0,0.0069,,T,fit-eligible
ch4_water_binary,OU(2015),ch4,solubility_molality,275,500,0,0,0,0,0,0,0.3856693202,,T,fit-eligible
ch4_water_binary,OU(2015),ch4,xc_saltfree,278,50,0,0,0,0,0,0,0.00169,,T,fit-eligible
ch4_water_binary,OU(2015),ch4,solubility_molality,278,50,0,0,0,0,0,0,0.09396806128,,T,fit-eligible
ch4_water_binary,OU(2015),ch4,xc_saltfree,278,100,0,0,0,0,0,0,0.00282,,T,fit-eligible
ch4_water_binary,OU(2015),ch4,solubility_molality,278,100,0,0,0,0,0,0,0.1569764605,,T,fit-eligible
ch4_water_binary,OU(2015),ch4,xc_saltfree,278,200,0,0,0,0,0,0,0.00423,,T,fit-eligible
ch4_water_binary,OU(2015),ch4,solubility_molality,278,200,0,0,0,0,0,0,0.2357981063,,T,fit-eligible
ch4_water_binary,OU(2015),ch4,xc_saltfree,278,300,0,0,0,0,0,0,0.00509,,T,fit-eligible
ch4_water_binary,OU(2015),ch4,solubility_molality,278,300,0,0,0,0,0,0,0.28398341,,T,fit-eligible
ch4_water_binary,OU(2015),ch4,xc_saltfree,278,400,0,0,0,0,0,0,0.0058,,T,fit-eligible
ch4_water_binary,OU(2015),ch4,solubility_molality,278,400,0,0,0,0,0,0,0.3238271207,,T,fit-eligible
ch4_water_binary,OU(2015),ch4,xc_saltfree,278,500,0,0,0,0,0,0,0.0063,,T,fit-eligible
ch4_water_binary,OU(2015),ch4,solubility_molality,278,500,0,0,0,0,0,0,0.3519202384,,T,fit-eligible
ch4_water_binary,OU(2015),ch4,xc_saltfree,278,700,0,0,0,0,0,0,0.00747,,T,fit-eligible
ch4_water_binary,OU(2015),ch4,solubility_molality,278,700,0,0,0,0,0,0,0.4177687424,,T,fit-eligible
ch4_water_binary,OU(2015),ch4,xc_saltfree,278,900,0,0,0,0,0,0,0.00834,,T,fit-eligible
ch4_water_binary,OU(2015),ch4,solubility_molality,278,900,0,0,0,0,0,0,0.4668337418,,T,fit-eligible
ch4_water_binary,OU(2015),ch4,xc_saltfree,278,1200,0,0,0,0,0,0,0.0097,,T,fit-eligible
ch4_water_binary,OU(2015),ch4,solubility_molality,278,1200,0,0,0,0,0,0,0.543705766,,T,fit-eligible
ch4_water_binary,BOTGER(2016),ch4,xc_saltfree,283,11.51,0,0,0,0,0,0,0.00039,,T,fit-eligible
ch4_water_binary,BOTGER(2016),ch4,solubility_molality,283,11.51,0,0,0,0,0,0,0.0216567358,,T,fit-eligible
ch4_water_binary,BOTGER(2016),ch4,xc_saltfree,283,19.67,0,0,0,0,0,0,0.00063,,T,fit-eligible
ch4_water_binary,BOTGER(2016),ch4,solubility_molality,283,19.67,0,0,0,0,0,0,0.03499235928,,T,fit-eligible
ch4_water_binary,BOTGER(2016),ch4,xc_saltfree,283,24.56,0,0,0,0,0,0,0.0008,,T,fit-eligible
ch4_water_binary,BOTGER(2016),ch4,solubility_molality,283,24.56,0,0,0,0,0,0,0.04444230189,,T,fit-eligible
ch4_water_binary,BOTGER(2016),ch4,xc_saltfree,283,33.42,0,0,0,0,0,0,0.00104,,T,fit-eligible
ch4_water_binary,BOTGER(2016),ch4,solubility_molality,283,33.42,0,0,0,0,0,0,0.05778887289,,T,fit-eligible
ch4_water_binary,BOTGER(2016),ch4,xc_saltfree,283,33.49,0,0,0,0,0,0,0.00104,,T,fit-eligible
ch4_water_binary,BOTGER(2016),ch4,solubility_molality,283,33.49,0,0,0,0,0,0,0.05778887289,,T,fit-eligible
ch4_water_binary,BOTGER(2016),ch4,xc_saltfree,283,38.76,0,0,0,0,0,0,0.0012,,T,fit-eligible
ch4_water_binary,BOTGER(2016),ch4,solubility_molality,283,38.76,0,0,0,0,0,0,0.06669015025,,T,fit-eligible
ch4_water_binary,BOTGER(2016),ch4,xc_saltfree,283,46.73,0,0,0,0,0,0,0.00141,,T,fit-eligible
ch4_water_binary,BOTGER(2016),ch4,solubility_molality,283,46.73,0,0,0,0,0,0,0.07837740558,,T,fit-eligible
ch4_water_binary,BOTGER(2016),ch4,xc_saltfree,283,57.01,0,0,0,0,0,0,0.00165,,T,fit-eligible
ch4_water_binary,BOTGER(2016),ch4,solubility_molality,283,57.01,0,0,0,0,0,0,0.09174028933,,T,fit-eligible
ch4_water_binary,CHAPOY(2004),ch4,xc_saltfree,283,10.39,0,0,0,0,0,0,0.000329,,T,fit-eligible
ch4_water_binary,CHAPOY(2004),ch4,solubility_molality,283,10.39,0,0,0,0,0,0,0.0182682854,,T,fit-eligible
ch4_water_binary,CHAPOY(2004),ch4,xc_saltfree,283,18.1,0,0,0,0,0,0,0.000558,,T,fit-eligible
ch4_water_binary,CHAPOY(2004),ch4,solubility_molality,283,18.1,0,0,0,0,0,0,0.03099099974,,T,fit-eligible
ch4_water_binary,CHAPOY(2004),ch4,xc_saltfree,283,27.56,0,0,0,0,0,0,0.000772,,T,fit-eligible
ch4_water_binary,CHAPOY(2004),ch4,solubility_molality,283,27.56,0,0,0,0,0,0,0.04288561957,,T,fit-eligible
ch4_water_binary,CHAPOY(2004),ch4,xc_saltfree,283,59.77,0,0,0,0,0,0,0.001496,,T,fit-eligible
ch4_water_binary,CHAPOY(2004),ch4,solubility_molality,283,59.77,0,0,0,0,0,0,0.08316503374,,T,fit-eligible
ch4_water_binary,FROST(2013),ch4,xc_saltfree,283,50.1,0,0,0,0,0,0,0.00134,,T,fit-eligible
ch4_water_binary,FROST(2013),ch4,solubility_molality,283,50.1,0,0,0,0,0,0,0.07448110767,,T,fit-eligible
ch4_water_binary,FROST(2013),ch4,xc_saltfree,283,58.7,0,0,0,0,0,0,0.00154,,T,fit-eligible
ch4_water_binary,FROST(2013),ch4,solubility_molality,283,58.7,0,0,0,0,0,0,0.08561483684,,T,fit-eligible
ch4_water_binary,FROST(2013),ch4,xc_saltfree,283,47.8,0,0,0,0,0,0,0.00128,,T,fit-eligible
ch4_water_binary,FROST(2013),ch4,solubility_molality,283,47.8,0,0,0,0,0,0,0.07114185846,,T,fit-eligible
ch4_water_binary,FROST(2013),ch4,xc_saltfree,283,64.7,0,0,0,0,0,0,0.00168,,T,fit-eligible
ch4_water_binary,FROST(2013),ch4,solubility_molality,283,64.7,0,0,0,0,0,0,0.09341110155,,T,fit-eligible
ch4_water_binary,FROST(2013),ch4,xc_saltfree,283,74.1,0,0,0,0,0,0,0.0019,,T,fit-eligible
ch4_water_binary,FROST(2013),ch4,solubility_molality,283,74.1,0,0,0,0,0,0,0.1056667935,,T,fit-eligible
ch4_water_binary,WANG(2003),ch4,xc_saltfree,283,20,0,0,0,0,0,0,0.000563,,T,fit-eligible
ch4_water_binary,WANG(2003),ch4,solubility_molality,283,20,0,0,0,0,0,0,0.0312688533,,T,fit-eligible
ch4_water_binary,WANG(2003),ch4,xc_saltfree,283,40.4,0,0,0,0,0,0,0.001096,,T,fit-eligible
ch4_water_binary,WANG(2003),ch4,solubility_molality,283,40.4,0,0,0,0,0,0,0.06090399561,,T,fit-eligible
ch4_water_binary,WANG(2003),ch4,xc_saltfree,283,60.5,0,0,0,0,0,0,0.001585,,T,fit-eligible
ch4_water_binary,WANG(2003),ch4,solubility_molality,283,60.5,0,0,0,0,0,0,0.08812054063,,T,fit-eligible
ch4_water_binary,LEKVAM(1997),ch4,xc_saltfree,283,17.65,0,0,0,0,0,0,0.000562,,T,fit-eligible
ch4_water_binary,LEKVAM(1997),ch4,solubility_molality,283,17.65,0,0,0,0,0,0,0.03121328237,,T,fit-eligible
ch4_water_binary,LEKVAM(1997),ch4,xc_saltfree,283,27.99,0,0,0,0,0,0,0.000832,,T,fit-eligible
ch4_water_binary,LEKVAM(1997),ch4,solubility_molality,283,27.99,0,0,0,0,0,0,0.04622147424,,T,fit-eligible
ch4_water_binary,LEKVAM(1997),ch4,xc_saltfree,283,45.99,0,0,0,0,0,0,0.001123,,T,fit-eligible
ch4_water_binary,LEKVAM(1997),ch4,solubility_molality,283,45.99,0,0,0,0,0,0,0.06240605457,,T,fit-eligible
ch4_water_binary,LEKVAM(1997),ch4,xc_saltfree,283,70.46,0,0,0,0,0,0,0.001851,,T,fit-eligible
ch4_water_binary,LEKVAM(1997),ch4,solubility_molality,283,70.46,0,0,0,0,0,0,0.102936649,,T,fit-eligible
ch4_water_binary,WANG(1995),ch4,xc_saltfree,283,11.5,0,0,0,0,0,0,0.000344,,T,fit-eligible
ch4_water_binary,WANG(1995),ch4,solubility_molality,283,11.5,0,0,0,0,0,0,0.01910147257,,T,fit-eligible
ch4_water_binary,WANG(1995),ch4,xc_saltfree,283,21.1,0,0,0,0,0,0,0.00067,,T,fit-eligible
ch4_water_binary,WANG(1995),ch4,solubility_molality,283,21.1,0,0,0,0,0,0,0.03721558593,,T,fit-eligible
ch4_water_binary,WANG(1995),ch4,xc_saltfree,283,31.1,0,0,0,0,0,0,0.000966,,T,fit-eligible
ch4_water_binary,WANG(1995),ch4,solubility_molality,283,31.1,0,0,0,0,0,0,0.05367299638,,T,fit-eligible
ch4_water_binary,WANG(1995),ch4,xc_saltfree,283,41.6,0,0,0,0,0,0,0.00128,,T,fit-eligible
ch4_water_binary,WANG(1995),ch4,solubility_molality,283,41.6,0,0,0,0,0,0,0.07114185846,,T,fit-eligible
ch4_water_binary,WANG(1995),ch4,xc_saltfree,283,51.8,0,0,0,0,0,0,0.001533,,T,fit-eligible
ch4_water_binary,WANG(1995),ch4,solubility_molality,283,51.8,0,0,0,0,0,0,0.085225081,,T,fit-eligible
ch4_water_binary,OU(2015),ch4,xc_saltfree,283,50,0,0,0,0,0,0,0.00149,,T,fit-eligible
ch4_water_binary,OU(2015),ch4,solubility_molality,283,50,0,0,0,0,0,0,0.08283098641,,T,fit-eligible
ch4_water_binary,OU(2015),ch4,xc_saltfree,283,100,0,0,0,0,0,0,0.00253,,T,fit-eligible
ch4_water_binary,OU(2015),ch4,solubility_molality,283,100,0,0,0,0,0,0,0.1407925458,,T,fit-eligible
ch4_water_binary,OU(2015),ch4,xc_saltfree,283,200,0,0,0,0,0,0,0.00386,,T,fit-eligible
ch4_water_binary,OU(2015),ch4,solubility_molality,283,200,0,0,0,0,0,0,0.2150928176,,T,fit-eligible
ch4_water_binary,OU(2015),ch4,xc_saltfree,283,300,0,0,0,0,0,0,0.00473,,T,fit-eligible
ch4_water_binary,OU(2015),ch4,solubility_molality,283,300,0,0,0,0,0,0,0.2638026845,,T,fit-eligible
ch4_water_binary,OU(2015),ch4,xc_saltfree,283,400,0,0,0,0,0,0,0.00537,,T,fit-eligible
ch4_water_binary,OU(2015),ch4,solubility_molality,283,400,0,0,0,0,0,0,0.2996896296,,T,fit-eligible
ch4_water_binary,OU(2015),ch4,xc_saltfree,283,500,0,0,0,0,0,0,0.0058,,T,fit-eligible
ch4_water_binary,OU(2015),ch4,solubility_molality,283,500,0,0,0,0,0,0,0.3238271207,,T,fit-eligible
ch4_water_binary,OU(2015),ch4,xc_saltfree,283,700,0,0,0,0,0,0,0.00686,,T,fit-eligible
ch4_water_binary,OU(2015),ch4,solubility_molality,283,700,0,0,0,0,0,0,0.3834181128,,T,fit-eligible
ch4_water_binary,OU(2015),ch4,xc_saltfree,283,900,0,0,0,0,0,0,0.00766,,T,fit-eligible
ch4_water_binary,OU(2015),ch4,solubility_molality,283,900,0,0,0,0,0,0,0.4284767444,,T,fit-eligible
ch4_water_binary,OU(2015),ch4,xc_saltfree,283,1200,0,0,0,0,0,0,0.00883,,T,fit-eligible
ch4_water_binary,OU(2015),ch4,solubility_molality,283,1200,0,0,0,0,0,0,0.4945059693,,T,fit-eligible
ch4_water_binary,OU(2015),ch4,xc_saltfree,283,1400,0,0,0,0,0,0,0.0094,,T,fit-eligible
ch4_water_binary,OU(2015),ch4,solubility_molality,283,1400,0,0,0,0,0,0,0.5267305568,,T,fit-eligible
ch4_water_binary,LEKVAM(1997),ch4,xc_saltfree,286,23.31,0,0,0,0,0,0,0.000656,,T,fit-eligible
ch4_water_binary,LEKVAM(1997),ch4,solubility_molality,286,23.31,0,0,0,0,0,0,0.03643743636,,T,fit-eligible
ch4_water_binary,LEKVAM(1997),ch4,xc_saltfree,286,27.98,0,0,0,0,0,0,0.000778,,T,fit-eligible
ch4_water_binary,LEKVAM(1997),ch4,solubility_molality,286,27.98,0,0,0,0,0,0,0.04321918701,,T,fit-eligible
ch4_water_binary,LEKVAM(1997),ch4,xc_saltfree,286,70.58,0,0,0,0,0,0,0.001639,,T,fit-eligible
ch4_water_binary,LEKVAM(1997),ch4,solubility_molality,286,70.58,0,0,0,0,0,0,0.09112768334,,T,fit-eligible
ch4_water_binary,LEKVAM(1997),ch4,xc_saltfree,286,87.89,0,0,0,0,0,0,0.001881,,T,fit-eligible
ch4_water_binary,LEKVAM(1997),ch4,solubility_molality,286,87.89,0,0,0,0,0,0,0.1046081343,,T,fit-eligible
ch4_water_binary,LEKVAM(1997),ch4,xc_saltfree,286,90.82,0,0,0,0,0,0,0.002002,,T,fit-eligible
ch4_water_binary,LEKVAM(1997),ch4,solubility_molality,286,90.82,0,0,0,0,0,0,0.1113508113,,T,fit-eligible
ch4_water_binary,OU(2015),ch4,xc_saltfree,286,100,0,0,0,0,0,0,0.00244,,T,fit-eligible
ch4_water_binary,OU(2015),ch4,solubility_molality,286,100,0,0,0,0,0,0,0.1357718649,,T,fit-eligible
ch4_water_binary,OU(2015),ch4,xc_saltfree,286,200,0,0,0,0,0,0,0.00369,,T,fit-eligible
ch4_water_binary,OU(2015),ch4,solubility_molality,286,200,0,0,0,0,0,0,0.205584733,,T,fit-eligible
ch4_water_binary,OU(2015),ch4,xc_saltfree,286,300,0,0,0,0,0,0,0.00448,,T,fit-eligible
ch4_water_binary,OU(2015),ch4,solubility_molality,286,300,0,0,0,0,0,0,0.2497968791,,T,fit-eligible
ch4_water_binary,OU(2015),ch4,xc_saltfree,286,400,0,0,0,0,0,0,0.00519,,T,fit-eligible
ch4_water_binary,OU(2015),ch4,solubility_molality,286,400,0,0,0,0,0,0,0.2895917592,,T,fit-eligible
ch4_water_binary,OU(2015),ch4,xc_saltfree,286,500,0,0,0,0,0,0,0.00562,,T,fit-eligible
ch4_water_binary,OU(2015),ch4,solubility_molality,286,500,0,0,0,0,0,0,0.3137205143,,T,fit-eligible
ch4_water_binary,WANG(1995),ch4,xc_saltfree,288,11.3,0,0,0,0,0,0,0.000325,,T,fit-eligible
ch4_water_binary,WANG(1995),ch4,solubility_molality,288,11.3,0,0,0,0,0,0,0.01804610638,,T,fit-eligible
ch4_water_binary,WANG(1995),ch4,xc_saltfree,288,22,0,0,0,0,0,0,0.000626,,T,fit-eligible
ch4_water_binary,WANG(1995),ch4,solubility_molality,288,22,0,0,0,0,0,0,0.0347700464,,T,fit-eligible
ch4_water_binary,WANG(1995),ch4,xc_saltfree,288,31.1,0,0,0,0,0,0,0.000843,,T,fit-eligible
ch4_water_binary,WANG(1995),ch4,solubility_molality,288,31.1,0,0,0,0,0,0,0.04683309105,,T,fit-eligible
ch4_water_binary,WANG(1995),ch4,xc_saltfree,288,41.1,0,0,0,0,0,0,0.001104,,T,fit-eligible
ch4_water_binary,WANG(1995),ch4,solubility_molality,288,41.1,0,0,0,0,0,0,0.06134904165,,T,fit-eligible
ch4_water_binary,WANG(1995),ch4,xc_saltfree,288,50.9,0,0,0,0,0,0,0.001304,,R,fit-eligible
ch4_water_binary,WANG(1995),ch4,solubility_molality,288,50.9,0,0,0,0,0,0,0.07247750999,,R,fit-eligible
ch4_water_binary,OU(2015),ch4,xc_saltfree,288,50,0,0,0,0,0,0,0.00128,,R,fit-eligible
ch4_water_binary,OU(2015),ch4,solubility_molality,288,50,0,0,0,0,0,0,0.07114185846,,R,fit-eligible
ch4_water_binary,OU(2015),ch4,xc_saltfree,288,100,0,0,0,0,0,0,0.00224,,T,fit-eligible
ch4_water_binary,OU(2015),ch4,solubility_molality,288,100,0,0,0,0,0,0,0.1246180389,,T,fit-eligible
ch4_water_binary,OU(2015),ch4,xc_saltfree,288,200,0,0,0,0,0,0,0.00355,,T,fit-eligible
ch4_water_binary,OU(2015),ch4,solubility_molality,288,200,0,0,0,0,0,0,0.1977569818,,T,fit-eligible
ch4_water_binary,OU(2015),ch4,xc_saltfree,288,300,0,0,0,0,0,0,0.00421,,T,fit-eligible
ch4_water_binary,OU(2015),ch4,solubility_molality,288,300,0,0,0,0,0,0,0.2346785081,,T,fit-eligible
ch4_water_binary,OU(2015),ch4,xc_saltfree,288,400,0,0,0,0,0,0,0.00485,,T,fit-eligible
ch4_water_binary,OU(2015),ch4,solubility_molality,288,400,0,0,0,0,0,0,0.2705279707,,T,fit-eligible
ch4_water_binary,OU(2015),ch4,xc_saltfree,288,500,0,0,0,0,0,0,0.00528,,T,fit-eligible
ch4_water_binary,OU(2015),ch4,solubility_molality,288,500,0,0,0,0,0,0,0.2946402376,,T,fit-eligible
ch4_water_binary,OU(2015),ch4,xc_saltfree,288,700,0,0,0,0,0,0,0.00642,,T,fit-eligible
ch4_water_binary,OU(2015),ch4,solubility_molality,288,700,0,0,0,0,0,0,0.3586667939,,T,fit-eligible
ch4_water_binary,OU(2015),ch4,xc_saltfree,288,900,0,0,0,0,0,0,0.00722,,T,fit-eligible
ch4_water_binary,OU(2015),ch4,solubility_molality,288,900,0,0,0,0,0,0,0.4036855105,,T,fit-eligible
ch4_water_binary,OU(2015),ch4,xc_saltfree,288,1200,0,0,0,0,0,0,0.00834,,T,fit-eligible
ch4_water_binary,OU(2015),ch4,solubility_molality,288,1200,0,0,0,0,0,0,0.4668337418,,T,fit-eligible
ch4_water_binary,OU(2015),ch4,xc_saltfree,288,1400,0,0,0,0,0,0,0.00883,,T,fit-eligible
ch4_water_binary,OU(2015),ch4,solubility_molality,288,1400,0,0,0,0,0,0,0.4945059693,,T,fit-eligible
ch4_water_binary,WANG(2003),ch4,xc_saltfree,293,30,0,0,0,0,0,0,0.000755,,T,fit-eligible
ch4_water_binary,WANG(2003),ch4,solubility_molality,293,30,0,0,0,0,0,0,0.04194053357,,T,fit-eligible
ch4_water_binary,WANG(2003),ch4,xc_saltfree,293,60,0,0,0,0,0,0,0.001526,,T,fit-eligible
ch4_water_binary,WANG(2003),ch4,solubility_molality,293,60,0,0,0,0,0,0,0.08483533062,,T,fit-eligible
ch4_water_binary,WANG(2003),ch4,xc_saltfree,293,90,0,0,0,0,0,0,0.002009,,T,fit-eligible
ch4_water_binary,WANG(2003),ch4,solubility_molality,293,90,0,0,0,0,0,0,0.1117409336,,T,fit-eligible
ch4_water_binary,WANG(2003),ch4,xc_saltfree,293,120,0,0,0,0,0,0,0.002421,,T,fit-eligible
ch4_water_binary,WANG(2003),ch4,solubility_molality,293,120,0,0,0,0,0,0,0.1347120592,,T,fit-eligible
ch4_water_binary,WANG(2003),ch4,xc_saltfree,293,150,0,0,0,0,0,0,0.002757,,T,fit-eligible
ch4_water_binary,WANG(2003),ch4,solubility_molality,293,150,0,0,0,0,0,0,0.1534598443,,T,fit-eligible
ch4_water_binary,WANG(2003),ch4,xc_saltfree,293,180,0,0,0,0,0,0,0.002988,,T,fit-eligible
ch4_water_binary,WANG(2003),ch4,solubility_molality,293,180,0,0,0,0,0,0,0.1663562765,,T,fit-eligible
ch4_water_binary,WANG(2003),ch4,xc_saltfree,293,210,0,0,0,0,0,0,0.003111,,T,fit-eligible
ch4_water_binary,WANG(2003),ch4,solubility_molality,293,210,0,0,0,0,0,0,0.1732256465,,T,fit-eligible
ch4_water_binary,WANG(1995),ch4,xc_saltfree,293,12.2,0,0,0,0,0,0,0.000276,,T,fit-eligible
ch4_water_binary,WANG(1995),ch4,solubility_molality,293,12.2,0,0,0,0,0,0,0.01532455765,,T,fit-eligible
ch4_water_binary,WANG(1995),ch4,xc_saltfree,293,22.8,0,0,0,0,0,0,0.000509,,T,fit-eligible
ch4_water_binary,WANG(1995),ch4,solubility_molality,293,22.8,0,0,0,0,0,0,0.02826818195,,T,fit-eligible
ch4_water_binary,WANG(1995),ch4,xc_saltfree,293,31.3,0,0,0,0,0,0,0.000804,,T,fit-eligible
ch4_water_binary,WANG(1995),ch4,solubility_molality,293,31.3,0,0,0,0,0,0,0.0446646922,,T,fit-eligible
ch4_water_binary,WANG(1995),ch4,xc_saltfree,293,41.4,0,0,0,0,0,0,0.001085,,T,fit-eligible
ch4_water_binary,WANG(1995),ch4,solubility_molality,293,41.4,0,0,0,0,0,0,0.06029206894,,T,fit-eligible
ch4_water_binary,WANG(1995),ch4,xc_saltfree,293,50.9,0,0,0,0,0,0,0.001216,,T,fit-eligible
ch4_water_binary,WANG(1995),ch4,solubility_molality,293,50.9,0,0,0,0,0,0,0.06758043484,,T,fit-eligible
ch4_water_binary,OU(2015),ch4,xc_saltfree,293,50,0,0,0,0,0,0,0.00113,,T,fit-eligible
ch4_water_binary,OU(2015),ch4,solubility_molality,293,50,0,0,0,0,0,0,0.06279549052,,T,fit-eligible
ch4_water_binary,OU(2015),ch4,xc_saltfree,293,100,0,0,0,0,0,0,0.00201,,T,fit-eligible
ch4_water_binary,OU(2015),ch4,solubility_molality,293,100,0,0,0,0,0,0,0.1117966658,,T,fit-eligible
ch4_water_binary,OU(2015),ch4,xc_saltfree,293,200,0,0,0,0,0,0,0.00325,,T,fit-eligible
ch4_water_binary,OU(2015),ch4,solubility_molality,293,200,0,0,0,0,0,0,0.1809906335,,T,fit-eligible
ch4_water_binary,OU(2015),ch4,xc_saltfree,293,300,0,0,0,0,0,0,0.00389,,T,fit-eligible
ch4_water_binary,OU(2015),ch4,solubility_molality,293,300,0,0,0,0,0,0,0.2167710518,,T,fit-eligible
ch4_water_binary,OU(2015),ch4,xc_saltfree,293,400,0,0,0,0,0,0,0.00457,,T,fit-eligible
ch4_water_binary,OU(2015),ch4,solubility_molality,293,400,0,0,0,0,0,0,0.2548381586,,T,fit-eligible
ch4_water_binary,OU(2015),ch4,xc_saltfree,293,500,0,0,0,0,0,0,0.005,,T,fit-eligible
ch4_water_binary,OU(2015),ch4,solubility_molality,293,500,0,0,0,0,0,0,0.2789368596,,T,fit-eligible
ch4_water_binary,OU(2015),ch4,xc_saltfree,293,700,0,0,0,0,0,0,0.00601,,T,fit-eligible
ch4_water_binary,OU(2015),ch4,solubility_molality,293,700,0,0,0,0,0,0,0.3356227877,,T,fit-eligible
ch4_water_binary,OU(2015),ch4,xc_saltfree,293,900,0,0,0,0,0,0,0.00674,,T,fit-eligible
ch4_water_binary,OU(2015),ch4,solubility_molality,293,900,0,0,0,0,0,0,0.3766655783,,T,fit-eligible
ch4_water_binary,OU(2015),ch4,xc_saltfree,293,1200,0,0,0,0,0,0,0.00791,,T,fit-eligible
ch4_water_binary,OU(2015),ch4,solubility_molality,293,1200,0,0,0,0,0,0,0.4425724696,,T,fit-eligible
ch4_water_binary,OU(2015),ch4,xc_saltfree,293,1400,0,0,0,0,0,0,0.00837,,T,fit-eligible
ch4_water_binary,OU(2015),ch4,solubility_molality,293,1400,0,0,0,0,0,0,0.4685271739,,T,fit-eligible
ch4_water_binary,FROST(2013),ch4,xc_saltfree,298,51.1,0,0,0,0,0,0,0.00119,,T,fit-eligible
ch4_water_binary,FROST(2013),ch4,solubility_molality,298,51.1,0,0,0,0,0,0,0.06613373687,,T,fit-eligible
ch4_water_binary,FROST(2013),ch4,xc_saltfree,298,64.1,0,0,0,0,0,0,0.0014,,T,fit-eligible
ch4_water_binary,FROST(2013),ch4,solubility_molality,298,64.1,0,0,0,0,0,0,0.07782075815,,T,fit-eligible
ch4_water_binary,FROST(2013),ch4,xc_saltfree,298,84.5,0,0,0,0,0,0,0.00165,,T,fit-eligible
ch4_water_binary,FROST(2013),ch4,solubility_molality,298,84.5,0,0,0,0,0,0,0.09174028933,,T,fit-eligible
ch4_water_binary,FROST(2013),ch4,xc_saltfree,298,114.6,0,0,0,0,0,0,0.00193,,T,fit-eligible
ch4_water_binary,FROST(2013),ch4,solubility_molality,298,114.6,0,0,0,0,0,0,0.1073384429,,T,fit-eligible
ch4_water_binary,FROST(2013),ch4,xc_saltfree,298,154.8,0,0,0,0,0,0,0.0024,,T,fit-eligible
ch4_water_binary,FROST(2013),ch4,solubility_molality,298,154.8,0,0,0,0,0,0,0.1335407419,,T,fit-eligible
ch4_water_binary,FROST(2013),ch4,xc_saltfree,298,194.9,0,0,0,0,0,0,0.00261,,T,fit-eligible
ch4_water_binary,FROST(2013),ch4,solubility_molality,298,194.9,0,0,0,0,0,0,0.145256134,,T,fit-eligible
ch4_water_binary,MICHELS(1936),ch4,xc_saltfree,298,40.6,0,0,0,0,0,0,0.00081,,T,fit-eligible
ch4_water_binary,MICHELS(1936),ch4,solubility_molality,298,40.6,0,0,0,0,0,0,0.04499828101,,T,fit-eligible
ch4_water_binary,MICHELS(1936),ch4,xc_saltfree,298,46,0,0,0,0,0,0,0.0009,,U,fit-eligible
ch4_water_binary,MICHELS(1936),ch4,solubility_molality,298,46,0,0,0,0,0,0,0.05000259389,,U,fit-eligible
ch4_water_binary,MICHELS(1936),ch4,xc_saltfree,298,81.2,0,0,0,0,0,0,0.00128,,U,fit-eligible
ch4_water_binary,MICHELS(1936),ch4,solubility_molality,298,81.2,0,0,0,0,0,0,0.07114185846,,U,fit-eligible
ch4_water_binary,MICHELS(1936),ch4,xc_saltfree,298,111.9,0,0,0,0,0,0,0.00158,,T,fit-eligible
ch4_water_binary,MICHELS(1936),ch4,solubility_molality,298,111.9,0,0,0,0,0,0,0.08784211794,,T,fit-eligible
ch4_water_binary,MICHELS(1936),ch4,xc_saltfree,298,145.9,0,0,0,0,0,0,0.00187,,T,fit-eligible
ch4_water_binary,MICHELS(1936),ch4,solubility_molality,298,145.9,0,0,0,0,0,0,0.1039952447,,T,fit-eligible
ch4_water_binary,MICHELS(1936),ch4,xc_saltfree,298,176.5,0,0,0,0,0,0,0.0021,,U,fit-eligible
ch4_water_binary,MICHELS(1936),ch4,solubility_molality,298,176.5,0,0,0,0,0,0,0.116813021,,U,fit-eligible
ch4_water_binary,SACHS(1995),ch4,xc_saltfree,298,4.4,0,0,0,0,0,0,9e-05,,T,fit-eligible
ch4_water_binary,SACHS(1995),ch4,solubility_molality,298,4.4,0,0,0,0,0,0,0.004996208814,,T,fit-eligible
ch4_water_binary,SACHS(1995),ch4,xc_saltfree,298,10.4,0,0,0,0,0,0,0.00021,,T,fit-eligible
ch4_water_binary,SACHS(1995),ch4,solubility_molality,298,10.4,0,0,0,0,0,0,0.0116592198,,T,fit-eligible
ch4_water_binary,SACHS(1995),ch4,xc_saltfree,298,26.3,0,0,0,0,0,0,0.00059,,T,fit-eligible
ch4_water_binary,SACHS(1995),ch4,solubility_molality,298,26.3,0,0,0,0,0,0,0.03276931058,,T,fit-eligible
ch4_water_binary,SACHS(1995),ch4,xc_saltfree,298,53.7,0,0,0,0,0,0,0.00113,,T,fit-eligible
ch4_water_binary,SACHS(1995),ch4,solubility_molality,298,53.7,0,0,0,0,0,0,0.06279549052,,T,fit-eligible
ch4_water_binary,SACHS(1995),ch4,xc_saltfree,298,103.9,0,0,0,0,0,0,0.00187,,T,fit-eligible
ch4_water_binary,SACHS(1995),ch4,solubility_molality,298,103.9,0,0,0,0,0,0,0.1039952447,,T,fit-eligible
ch4_water_binary,SACHS(1995),ch4,xc_saltfree,298,159.9,0,0,0,0,0,0,0.00249,,R,fit-eligible
ch4_water_binary,SACHS(1995),ch4,solubility_molality,298,159.9,0,0,0,0,0,0,0.1385610202,,R,fit-eligible
ch4_water_binary,SACHS(1995),ch4,xc_saltfree,298,212.5,0,0,0,0,0,0,0.00292,,T,fit-eligible
ch4_water_binary,SACHS(1995),ch4,solubility_molality,298,212.5,0,0,0,0,0,0,0.1625593035,,T,fit-eligible
ch4_water_binary,SACHS(1995),ch4,xc_saltfree,298,299.5,0,0,0,0,0,0,0.00351,,R,fit-eligible
ch4_water_binary,SACHS(1995),ch4,solubility_molality,298,299.5,0,0,0,0,0,0,0.1955208854,,R,fit-eligible
ch4_water_binary,SACHS(1995),ch4,xc_saltfree,298,365.3,0,0,0,0,0,0,0.00384,,T,fit-eligible
ch4_water_binary,SACHS(1995),ch4,solubility_molality,298,365.3,0,0,0,0,0,0,0.213974051,,T,fit-eligible
ch4_water_binary,SACHS(1995),ch4,xc_saltfree,298,400.5,0,0,0,0,0,0,0.00399,,T,fit-eligible
ch4_water_binary,SACHS(1995),ch4,solubility_molality,298,400.5,0,0,0,0,0,0,0.2223658958,,T,fit-eligible
ch4_water_binary,SACHS(1995),ch4,xc_saltfree,298,468.5,0,0,0,0,0,0,0.00426,,T,fit-eligible
ch4_water_binary,SACHS(1995),ch4,solubility_molality,298,468.5,0,0,0,0,0,0,0.2374775879,,T,fit-eligible
ch4_water_binary,STOESSELL(1982),ch4,xc_saltfree,298,24.1,0,0,0,0,0,0,0.00057,,T,fit-eligible
ch4_water_binary,STOESSELL(1982),ch4,solubility_molality,298,24.1,0,0,0,0,0,0,0.03165785296,,T,fit-eligible
ch4_water_binary,STOESSELL(1982),ch4,xc_saltfree,298,37.9,0,0,0,0,0,0,0.00087,,T,fit-eligible
ch4_water_binary,STOESSELL(1982),ch4,solubility_molality,298,37.9,0,0,0,0,0,0,0.04833438942,,T,fit-eligible
ch4_water_binary,STOESSELL(1982),ch4,xc_saltfree,298,51.7,0,0,0,0,0,0,0.00111,,T,fit-eligible
ch4_water_binary,STOESSELL(1982),ch4,solubility_molality,298,51.7,0,0,0,0,0,0,0.06168283086,,T,fit-eligible
ch4_water_binary,SUSAK(1980),ch4,xc_saltfree,298,68.9,0,0,0,0,0,0,0.001381,,T,fit-eligible
ch4_water_binary,SUSAK(1980),ch4,solubility_molality,298,68.9,0,0,0,0,0,0,0.07676315874,,T,fit-eligible
ch4_water_binary,SUSAK(1980),ch4,xc_saltfree,298,172.4,0,0,0,0,0,0,0.002611,,R,fit-eligible
ch4_water_binary,SUSAK(1980),ch4,solubility_molality,298,172.4,0,0,0,0,0,0,0.1453119334,,R,fit-eligible
ch4_water_binary,SUSAK(1980),ch4,xc_saltfree,298,344.7,0,0,0,0,0,0,0.003896,,T,fit-eligible
ch4_water_binary,SUSAK(1980),ch4,solubility_molality,298,344.7,0,0,0,0,0,0,0.2171067107,,T,fit-eligible
ch4_water_binary,SUSAK(1980),ch4,xc_saltfree,298,689.5,0,0,0,0,0,0,0.005456,,R,fit-eligible
ch4_water_binary,SUSAK(1980),ch4,solubility_molality,298,689.5,0,0,0,0,0,0,0.304515458,,R,fit-eligible
ch4_water_binary,SUSAK(1980),ch4,xc_saltfree,298,1034.2,0,0,0,0,0,0,0.006477,,T,fit-eligible
ch4_water_binary,SUSAK(1980),ch4,solubility_molality,298,1034.2,0,0,0,0,0,0,0.3618719787,,T,fit-eligible
ch4_water_binary,SUSAK(1980),ch4,xc_saltfree,298,1379,0,0,0,0,0,0,0.007244,,T,fit-eligible
ch4_water_binary,SUSAK(1980),ch4,solubility_molality,298,1379,0,0,0,0,0,0,0.405037193,,T,fit-eligible
ch4_water_binary,YOKOYAMA(1988),ch4,xc_saltfree,298,30,0,0,0,0,0,0,0.00068,,T,fit-eligible
ch4_water_binary,YOKOYAMA(1988),ch4,solubility_molality,298,30,0,0,0,0,0,0,0.03777142041,,T,fit-eligible
ch4_water_binary,YOKOYAMA(1988),ch4,xc_saltfree,298,50,0,0,0,0,0,0,0.001079,,T,fit-eligible
ch4_water_binary,YOKOYAMA(1988),ch4,solubility_molality,298,50,0,0,0,0,0,0,0.05995829643,,T,fit-eligible
ch4_water_binary,YOKOYAMA(1988),ch4,xc_saltfree,298,80,0,0,0,0,0,0,0.001619,,T,fit-eligible
ch4_water_binary,YOKOYAMA(1988),ch4,solubility_molality,298,80,0,0,0,0,0,0,0.09001388885,,T,fit-eligible
ch4_water_binary,KIM(2003),ch4,xc_saltfree,298,23,0,0,0,0,0,0,0.000531,,T,fit-eligible
ch4_water_binary,KIM(2003),ch4,solubility_molality,298,23,0,0,0,0,0,0,0.02949063855,,T,fit-eligible
ch4_water_binary,KIM(2003),ch4,xc_saltfree,298,49,0,0,0,0,0,0,0.001062,,T,fit-eligible
ch4_water_binary,KIM(2003),ch4,solubility_molality,298,49,0,0,0,0,0,0,0.05901262945,,T,fit-eligible
ch4_water_binary,KIM(2003),ch4,xc_saltfree,298,49,0,0,0,0,0,0,0.001062,,T,fit-eligible
ch4_water_binary,KIM(2003),ch4,solubility_molality,298,49,0,0,0,0,0,0,0.05901262945,,T,fit-eligible
ch4_water_binary,KIM(2003),ch4,xc_saltfree,298,69,0,0,0,0,0,0,0.001592,,T,fit-eligible
ch4_water_binary,KIM(2003),ch4,solubility_molality,298,69,0,0,0,0,0,0,0.08851033707,,T,fit-eligible
ch4_water_binary,KIM(2003),ch4,xc_saltfree,298,110,0,0,0,0,0,0,0.002123,,T,fit-eligible
ch4_water_binary,KIM(2003),ch4,solubility_molality,298,110,0,0,0,0,0,0,0.1180951236,,T,fit-eligible
ch4_water_binary,KIM(2003),ch4,xc_saltfree,298,166,0,0,0,0,0,0,0.002654,,T,fit-eligible
ch4_water_binary,KIM(2003),ch4,solubility_molality,298,166,0,0,0,0,0,0,0.1477114127,,T,fit-eligible
ch4_water_binary,WANG(1995),ch4,xc_saltfree,298,11.7,0,0,0,0,0,0,0.000296,,T,fit-eligible
ch4_water_binary,WANG(1995),ch4,solubility_molality,298,11.7,0,0,0,0,0,0,0.01643536165,,T,fit-eligible
ch4_water_binary,WANG(1995),ch4,xc_saltfree,298,18.7,0,0,0,0,0,0,0.000463,,T,fit-eligible
ch4_water_binary,WANG(1995),ch4,solubility_molality,298,18.7,0,0,0,0,0,0,0.02571231023,,T,fit-eligible
ch4_water_binary,WANG(1995),ch4,xc_saltfree,298,25.8,0,0,0,0,0,0,0.000633,,T,fit-eligible
ch4_water_binary,WANG(1995),ch4,solubility_molality,298,25.8,0,0,0,0,0,0,0.0351590951,,T,fit-eligible
ch4_water_binary,WANG(1995),ch4,xc_saltfree,298,33.9,0,0,0,0,0,0,0.000782,,T,fit-eligible
ch4_water_binary,WANG(1995),ch4,solubility_molality,298,33.9,0,0,0,0,0,0,0.04344156752,,T,fit-eligible
ch4_water_binary,WANG(1995),ch4,xc_saltfree,298,43.4,0,0,0,0,0,0,0.000987,,T,fit-eligible
ch4_water_binary,WANG(1995),ch4,solubility_molality,298,43.4,0,0,0,0,0,0,0.05484095343,,T,fit-eligible
ch4_water_binary,WANG(1995),ch4,xc_saltfree,298,50.2,0,0,0,0,0,0,0.001119,,T,fit-eligible
ch4_water_binary,WANG(1995),ch4,solubility_molality,298,50.2,0,0,0,0,0,0,0.0621835222,,T,fit-eligible
ch4_water_binary,YANG(2001),ch4,xc_saltfree,298,23.3,0,0,0,0,0,0,0.000684,,T,fit-eligible
ch4_water_binary,YANG(2001),ch4,solubility_molality,298,23.3,0,0,0,0,0,0,0.03799375731,,T,fit-eligible
ch4_water_binary,YANG(2001),ch4,xc_saltfree,298,41.1,0,0,0,0,0,0,0.000894,,T,fit-eligible
ch4_water_binary,YANG(2001),ch4,solubility_molality,298,41.1,0,0,0,0,0,0,0.04966894498,,T,fit-eligible
ch4_water_binary,YANG(2001),ch4,xc_saltfree,298,48.8,0,0,0,0,0,0,0.000988,,T,fit-eligible
ch4_water_binary,YANG(2001),ch4,solubility_molality,298,48.8,0,0,0,0,0,0,0.05489657165,,T,fit-eligible
ch4_water_binary,YANG(2001),ch4,xc_saltfree,298,56.5,0,0,0,0,0,0,0.0013,,T,fit-eligible
ch4_water_binary,YANG(2001),ch4,solubility_molality,298,56.5,0,0,0,0,0,0,0.07225489695,,T,fit-eligible
ch4_water_binary,YANG(2001),ch4,xc_saltfree,298,60.1,0,0,0,0,0,0,0.00126,,R,fit-eligible
ch4_water_binary,YANG(2001),ch4,solubility_molality,298,60.1,0,0,0,0,0,0,0.07002886455,,R,fit-eligible
ch4_water_binary,YANG(2001),ch4,xc_saltfree,298,67.2,0,0,0,0,0,0,0.00131,,T,fit-eligible
ch4_water_binary,YANG(2001),ch4,solubility_molality,298,67.2,0,0,0,0,0,0,0.07281143291,,T,fit-eligible
ch4_water_binary,YANG(2001),ch4,xc_saltfree,298,78.2,0,0,0,0,0,0,0.00149,,T,fit-eligible
ch4_water_binary,YANG(2001),ch4,solubility_molality,298,78.2,0,0,0,0,0,0,0.08283098641,,T,fit-eligible
ch4_water_binary,YANG(2001),ch4,xc_saltfree,298,87.5,0,0,0,0,0,0,0.00153,,T,fit-eligible
ch4_water_binary,YANG(2001),ch4,solubility_molality,298,87.5,0,0,0,0,0,0,0.08505804445,,T,fit-eligible
ch4_water_binary,YANG(2001),ch4,xc_saltfree,298,95.6,0,0,0,0,0,0,0.00193,,T,fit-eligible
ch4_water_binary,YANG(2001),ch4,solubility_molality,298,95.6,0,0,0,0,0,0,0.1073384429,,T,fit-eligible
ch4_water_binary,YANG(2001),ch4,xc_saltfree,298,118.4,0,0,0,0,0,0,0.00203,,T,fit-eligible
ch4_water_binary,YANG(2001),ch4,solubility_molality,298,118.4,0,0,0,0,0,0,0.1129113332,,T,fit-eligible
ch4_water_binary,YANG(2001),ch4,xc_saltfree,298,126.8,0,0,0,0,0,0,0.00206,,T,fit-eligible
ch4_water_binary,YANG(2001),ch4,solubility_molality,298,126.8,0,0,0,0,0,0,0.1145834181,,T,fit-eligible
ch4_water_binary,OU(2015),ch4,xc_saltfree,298,50,0,0,0,0,0,0,0.00102,,T,fit-eligible
ch4_water_binary,OU(2015),ch4,solubility_molality,298,50,0,0,0,0,0,0,0.05667641371,,T,fit-eligible
ch4_water_binary,OU(2015),ch4,xc_saltfree,298,100,0,0,0,0,0,0,0.00189,,T,fit-eligible
ch4_water_binary,OU(2015),ch4,solubility_molality,298,100,0,0,0,0,0,0,0.1051095994,,T,fit-eligible
ch4_water_binary,OU(2015),ch4,xc_saltfree,298,200,0,0,0,0,0,0,0.003,,T,fit-eligible
ch4_water_binary,OU(2015),ch4,solubility_molality,298,200,0,0,0,0,0,0,0.1670263843,,T,fit-eligible
ch4_water_binary,OU(2015),ch4,xc_saltfree,298,300,0,0,0,0,0,0,0.00366,,R,fit-eligible
ch4_water_binary,OU(2015),ch4,solubility_molality,298,300,0,0,0,0,0,0,0.2039071726,,R,fit-eligible
ch4_water_binary,OU(2015),ch4,xc_saltfree,298,400,0,0,0,0,0,0,0.00425,,T,fit-eligible
ch4_water_binary,OU(2015),ch4,solubility_molality,298,400,0,0,0,0,0,0,0.2369177494,,T,fit-eligible
ch4_water_binary,OU(2015),ch4,xc_saltfree,298,500,0,0,0,0,0,0,0.00464,,T,fit-eligible
ch4_water_binary,OU(2015),ch4,solubility_molality,298,500,0,0,0,0,0,0,0.2587597841,,T,fit-eligible
ch4_water_binary,OU(2015),ch4,xc_saltfree,298,700,0,0,0,0,0,0,0.00566,,R,fit-eligible
ch4_water_binary,OU(2015),ch4,solubility_molality,298,700,0,0,0,0,0,0,0.3159661106,,R,fit-eligible
ch4_water_binary,OU(2015),ch4,xc_saltfree,298,900,0,0,0,0,0,0,0.00638,,T,fit-eligible
ch4_water_binary,OU(2015),ch4,solubility_molality,298,900,0,0,0,0,0,0,0.356417761,,T,fit-eligible
ch4_water_binary,OU(2015),ch4,xc_saltfree,298,1200,0,0,0,0,0,0,0.0074,,T,fit-eligible
ch4_water_binary,OU(2015),ch4,solubility_molality,298,1200,0,0,0,0,0,0,0.4138247224,,T,fit-eligible
ch4_water_binary,OU(2015),ch4,xc_saltfree,298,1400,0,0,0,0,0,0,0.00786,,T,fit-eligible
ch4_water_binary,OU(2015),ch4,solubility_molality,298,1400,0,0,0,0,0,0,0.4397527562,,T,fit-eligible
ch4_water_binary,ADDICKS(2002),ch4,xc_saltfree,298,73.6,0,0,0,0,0,0,0.00148,,T,fit-eligible
ch4_water_binary,ADDICKS(2002),ch4,solubility_molality,298,73.6,0,0,0,0,0,0,0.08227424978,,T,fit-eligible
ch4_water_binary,ADDICKS(2002),ch4,xc_saltfree,298,102.2,0,0,0,0,0,0,0.00201,,T,fit-eligible
ch4_water_binary,ADDICKS(2002),ch4,solubility_molality,298,102.2,0,0,0,0,0,0,0.1117966658,,T,fit-eligible
ch4_water_binary,ADDICKS(2002),ch4,xc_saltfree,298,139.2,0,0,0,0,0,0,0.00237,,R,fit-eligible
ch4_water_binary,ADDICKS(2002),ch4,solubility_molality,298,139.2,0,0,0,0,0,0,0.1318675171,,R,fit-eligible
ch4_water_binary,ADDICKS(2002),ch4,xc_saltfree,298,178.2,0,0,0,0,0,0,0.00279,,T,fit-eligible
ch4_water_binary,ADDICKS(2002),ch4,solubility_molality,298,178.2,0,0,0,0,0,0,0.1553018259,,T,fit-eligible
ch4_water_binary,AWAN(2010),ch4,xc_saltfree,298,9.93,0,0,0,0,0,0,0.00023,,R,fit-eligible
ch4_water_binary,AWAN(2010),ch4,solubility_molality,298,9.93,0,0,0,0,0,0,0.01276987714,,R,fit-eligible
ch4_water_binary,AWAN(2010),ch4,xc_saltfree,298,27.95,0,0,0,0,0,0,0.00064,,T,fit-eligible
ch4_water_binary,AWAN(2010),ch4,solubility_molality,298,27.95,0,0,0,0,0,0,0.03554814926,,T,fit-eligible
ch4_water_binary,AWAN(2010),ch4,xc_saltfree,298,59.91,0,0,0,0,0,0,0.0012,,R,fit-eligible
ch4_water_binary,AWAN(2010),ch4,solubility_molality,298,59.91,0,0,0,0,0,0,0.06669015025,,R,fit-eligible
ch4_water_binary,AWAN(2010),ch4,xc_saltfree,298,78.93,0,0,0,0,0,0,0.0015,,T,fit-eligible
ch4_water_binary,AWAN(2010),ch4,solubility_molality,298,78.93,0,0,0,0,0,0,0.08338773419,,T,fit-eligible
ch4_water_binary,BOTGER(2016),ch4,xc_saltfree,298,32,0,0,0,0,0,0,0.00076,,T,fit-eligible
ch4_water_binary,BOTGER(2016),ch4,solubility_molality,298,32,0,0,0,0,0,0,0.0422184967,,T,fit-eligible
ch4_water_binary,BOTGER(2016),ch4,xc_saltfree,298,41.11,0,0,0,0,0,0,0.00095,,T,fit-eligible
ch4_water_binary,BOTGER(2016),ch4,solubility_molality,298,41.11,0,0,0,0,0,0,0.05278315731,,T,fit-eligible
ch4_water_binary,BOTGER(2016),ch4,xc_saltfree,298,49.89,0,0,0,0,0,0,0.00115,,T,fit-eligible
ch4_water_binary,BOTGER(2016),ch4,solubility_molality,298,49.89,0,0,0,0,0,0,0.06390819475,,T,fit-eligible
ch4_water_binary,BOTGER(2016),ch4,xc_saltfree,298,65.39,0,0,0,0,0,0,0.00146,,T,fit-eligible
ch4_water_binary,BOTGER(2016),ch4,solubility_molality,298,65.39,0,0,0,0,0,0,0.08116080997,,T,fit-eligible
ch4_water_binary,BOTGER(2016),ch4,xc_saltfree,298,86.75,0,0,0,0,0,0,0.00178,,T,fit-eligible
ch4_water_binary,BOTGER(2016),ch4,solubility_molality,298,86.75,0,0,0,0,0,0,0.09898120095,,T,fit-eligible
ch4_water_binary,BOTGER(2016),ch4,xc_saltfree,298,103.6,0,0,0,0,0,0,0.00205,,T,fit-eligible
ch4_water_binary,BOTGER(2016),ch4,solubility_molality,298,103.6,0,0,0,0,0,0,0.1140260453,,T,fit-eligible
ch4_water_binary,CARROLL(1998),ch4,xc_saltfree,298,1,0,0,0,0,0,0,2.6e-05,,T,fit-eligible
ch4_water_binary,CARROLL(1998),ch4,solubility_molality,298,1,0,0,0,0,0,0,0.001443256836,,T,fit-eligible
ch4_water_binary,CARROLL(1998),ch4,xc_saltfree,298,8.22,0,0,0,0,0,0,0.00022,,T,fit-eligible
ch4_water_binary,CARROLL(1998),ch4,solubility_molality,298,8.22,0,0,0,0,0,0,0.01221454291,,T,fit-eligible
ch4_water_binary,CARROLL(1998),ch4,xc_saltfree,298,30.1,0,0,0,0,0,0,0.00075,,T,fit-eligible
ch4_water_binary,CARROLL(1998),ch4,solubility_molality,298,30.1,0,0,0,0,0,0,0.04166257323,,T,fit-eligible
ch4_water_binary,CARROLL(1998),ch4,xc_saltfree,298,58.3,0,0,0,0,0,0,0.00126,,R,fit-eligible
ch4_water_binary,CARROLL(1998),ch4,solubility_molality,298,58.3,0,0,0,0,0,0,0.07002886455,,R,fit-eligible
ch4_water_binary,CARROLL(1998),ch4,xc_saltfree,298,73.6,0,0,0,0,0,0,0.00156,,T,fit-eligible
ch4_water_binary,CARROLL(1998),ch4,solubility_molality,298,73.6,0,0,0,0,0,0,0.08672845509,,T,fit-eligible
ch4_water_binary,CARROLL(1998),ch4,xc_saltfree,298,102.2,0,0,0,0,0,0,0.00201,,T,fit-eligible
ch4_water_binary,CARROLL(1998),ch4,solubility_molality,298,102.2,0,0,0,0,0,0,0.1117966658,,T,fit-eligible
ch4_water_binary,CARROLL(1998),ch4,xc_saltfree,298,139.2,0,0,0,0,0,0,0.00237,,R,fit-eligible
ch4_water_binary,CARROLL(1998),ch4,solubility_molality,298,139.2,0,0,0,0,0,0,0.1318675171,,R,fit-eligible
ch4_water_binary,CARROLL(1998),ch4,xc_saltfree,298,178.2,0,0,0,0,0,0,0.00279,,T,fit-eligible
ch4_water_binary,CARROLL(1998),ch4,solubility_molality,298,178.2,0,0,0,0,0,0,0.1553018259,,T,fit-eligible
ch4_water_binary,CHAPOY(2004),ch4,xc_saltfree,298,9.77,0,0,0,0,0,0,0.000238,,R,fit-eligible
ch4_water_binary,CHAPOY(2004),ch4,solubility_molality,298,9.77,0,0,0,0,0,0,0.01321415251,,R,fit-eligible
ch4_water_binary,CHAPOY(2004),ch4,xc_saltfree,298,25.42,0,0,0,0,0,0,0.000613,,T,fit-eligible
ch4_water_binary,CHAPOY(2004),ch4,solubility_molality,298,25.42,0,0,0,0,0,0,0.03404754184,,T,fit-eligible
ch4_water_binary,CHAPOY(2004),ch4,xc_saltfree,298,59.22,0,0,0,0,0,0,0.001238,,R,fit-eligible
ch4_water_binary,CHAPOY(2004),ch4,solubility_molality,298,59.22,0,0,0,0,0,0,0.06880462273,,R,fit-eligible
ch4_water_binary,CHAPOY(2004),ch4,xc_saltfree,298,159.07,0,0,0,0,0,0,0.002459,,R,fit-eligible
ch4_water_binary,CHAPOY(2004),ch4,solubility_molality,298,159.07,0,0,0,0,0,0,0.136831711,,R,fit-eligible
ch4_water_binary,CULBERSON(1951),ch4,xc_saltfree,298,23.5,0,0,0,0,0,0,0.000497,,T,fit-eligible
ch4_water_binary,CULBERSON(1951),ch4,solubility_molality,298,23.5,0,0,0,0,0,0,0.02760141013,,T,fit-eligible
ch4_water_binary,CULBERSON(1951),ch4,xc_saltfree,298,31.6,0,0,0,0,0,0,0.000717,,T,fit-eligible
ch4_water_binary,CULBERSON(1951),ch4,solubility_molality,298,31.6,0,0,0,0,0,0,0.03982810469,,T,fit-eligible
ch4_water_binary,CULBERSON(1951),ch4,xc_saltfree,298,45.4,0,0,0,0,0,0,0.001,,T,fit-eligible
ch4_water_binary,CULBERSON(1951),ch4,solubility_molality,298,45.4,0,0,0,0,0,0,0.05556399906,,T,fit-eligible
ch4_water_binary,CULBERSON(1951),ch4,xc_saltfree,298,64.4,0,0,0,0,0,0,0.001317,,T,fit-eligible
ch4_water_binary,CULBERSON(1951),ch4,solubility_molality,298,64.4,0,0,0,0,0,0,0.07320101471,,T,fit-eligible
ch4_water_binary,CULBERSON(1951),ch4,xc_saltfree,298,88.9,0,0,0,0,0,0,0.001678,,T,fit-eligible
ch4_water_binary,CULBERSON(1951),ch4,solubility_molality,298,88.9,0,0,0,0,0,0,0.09329971095,,T,fit-eligible
ch4_water_binary,CULBERSON(1951),ch4,xc_saltfree,298,133.1,0,0,0,0,0,0,0.002235,,T,fit-eligible
ch4_water_binary,CULBERSON(1951),ch4,solubility_molality,298,133.1,0,0,0,0,0,0,0.1243392506,,T,fit-eligible
ch4_water_binary,CULBERSON(1951),ch4,xc_saltfree,298,172,0,0,0,0,0,0,0.002585,,R,fit-eligible
ch4_water_binary,CULBERSON(1951),ch4,solubility_molality,298,172,0,0,0,0,0,0,0.1438611858,,R,fit-eligible
ch4_water_binary,CULBERSON(1951),ch4,xc_saltfree,298,242.4,0,0,0,0,0,0,0.00311,,T,fit-eligible
ch4_water_binary,CULBERSON(1951),ch4,solubility_molality,298,242.4,0,0,0,0,0,0,0.1731697911,,T,fit-eligible
ch4_water_binary,CULBERSON(1951),ch4,xc_saltfree,298,331.6,0,0,0,0,0,0,0.00366,,T,fit-eligible
ch4_water_binary,CULBERSON(1951),ch4,solubility_molality,298,331.6,0,0,0,0,0,0,0.2039071726,,T,fit-eligible
ch4_water_binary,CULBERSON(1951),ch4,xc_saltfree,298,444,0,0,0,0,0,0,0.00417,,T,fit-eligible
ch4_water_binary,CULBERSON(1951),ch4,solubility_molality,298,444,0,0,0,0,0,0,0.2324394467,,T,fit-eligible
ch4_water_binary,CULBERSON(1951),ch4,xc_saltfree,298,537.4,0,0,0,0,0,0,0.00437,,T,fit-eligible
ch4_water_binary,CULBERSON(1951),ch4,solubility_molality,298,537.4,0,0,0,0,0,0,0.243636553,,T,fit-eligible
ch4_water_binary,CULBERSON(1951),ch4,xc_saltfree,298,641.2,0,0,0,0,0,0,0.00445,,T,fit-eligible
ch4_water_binary,CULBERSON(1951),ch4,solubility_molality,298,641.2,0,0,0,0,0,0,0.2481166551,,T,fit-eligible
ch4_water_binary,DUFFY(1961),ch4,xc_saltfree,298,11,0,0,0,0,0,0,0.000214,,T,fit-eligible
ch4_water_binary,DUFFY(1961),ch4,solubility_molality,298,11,0,0,0,0,0,0,0.01188134771,,T,fit-eligible
ch4_water_binary,DUFFY(1961),ch4,xc_saltfree,298,14.8,0,0,0,0,0,0,0.000273,,T,fit-eligible
ch4_water_binary,DUFFY(1961),ch4,solubility_molality,298,14.8,0,0,0,0,0,0,0.01515794089,,T,fit-eligible
ch4_water_binary,DUFFY(1961),ch4,xc_saltfree,298,15.9,0,0,0,0,0,0,0.000376,,T,fit-eligible
ch4_water_binary,DUFFY(1961),ch4,solubility_molality,298,15.9,0,0,0,0,0,0,0.0208790221,,T,fit-eligible
ch4_water_binary,DUFFY(1961),ch4,xc_saltfree,298,29.6,0,0,0,0,0,0,0.000708,,T,fit-eligible
ch4_water_binary,DUFFY(1961),ch4,solubility_molality,298,29.6,0,0,0,0,0,0,0.03932781612,,T,fit-eligible
ch4_water_binary,DUFFY(1961),ch4,xc_saltfree,298,30.8,0,0,0,0,0,0,0.000703,,T,fit-eligible
ch4_water_binary,DUFFY(1961),ch4,solubility_molality,298,30.8,0,0,0,0,0,0,0.03904988192,,T,fit-eligible
ch4_water_binary,DUFFY(1961),ch4,xc_saltfree,298,35.4,0,0,0,0,0,0,0.0008,,T,fit-eligible
ch4_water_binary,DUFFY(1961),ch4,solubility_molality,298,35.4,0,0,0,0,0,0,0.04444230189,,T,fit-eligible
ch4_water_binary,DUFFY(1961),ch4,xc_saltfree,298,38.3,0,0,0,0,0,0,0.000939,,T,fit-eligible
ch4_water_binary,DUFFY(1961),ch4,solubility_molality,298,38.3,0,0,0,0,0,0,0.05217140948,,T,fit-eligible
ch4_water_binary,DUFFY(1961),ch4,xc_saltfree,298,46.9,0,0,0,0,0,0,0.000979,,T,fit-eligible
ch4_water_binary,DUFFY(1961),ch4,solubility_molality,298,46.9,0,0,0,0,0,0,0.05439601162,,T,fit-eligible
ch4_water_binary,DUFFY(1961),ch4,xc_saltfree,298,51.7,0,0,0,0,0,0,0.00113,,T,fit-eligible
ch4_water_binary,DUFFY(1961),ch4,solubility_molality,298,51.7,0,0,0,0,0,0,0.06279549052,,T,fit-eligible
ch4_water_binary,CAMPOS(2010),ch4,xc_saltfree,303,1.824,0,0,0,0,0,0,5.11e-05,,T,fit-eligible
ch4_water_binary,CAMPOS(2010),ch4,solubility_molality,303,1.824,0,0,0,0,0,0,0.002836625983,,T,fit-eligible
ch4_water_binary,CAMPOS(2010),ch4,xc_saltfree,303,2.432,0,0,0,0,0,0,8.4e-05,,T,fit-eligible
ch4_water_binary,CAMPOS(2010),ch4,solubility_molality,303,2.432,0,0,0,0,0,0,0.004663100246,,T,fit-eligible
ch4_water_binary,CAMPOS(2010),ch4,xc_saltfree,303,3.749,0,0,0,0,0,0,0.0001399,,T,fit-eligible
ch4_water_binary,CAMPOS(2010),ch4,solubility_molality,303,3.749,0,0,0,0,0,0,0.007766716629,,T,fit-eligible
ch4_water_binary,CAMPOS(2010),ch4,xc_saltfree,303,5.066,0,0,0,0,0,0,0.000197,,T,fit-eligible
ch4_water_binary,CAMPOS(2010),ch4,solubility_molality,303,5.066,0,0,0,0,0,0,0.01093731636,,T,fit-eligible
ch4_water_binary,CAMPOS(2010),ch4,xc_saltfree,303,6.383,0,0,0,0,0,0,0.0002596,,T,fit-eligible
ch4_water_binary,CAMPOS(2010),ch4,solubility_molality,303,6.383,0,0,0,0,0,0,0.01441373155,,T,fit-eligible
ch4_water_binary,DUFFY(1961),ch4,xc_saltfree,303,3.2,0,0,0,0,0,0,6e-05,,T,fit-eligible
ch4_water_binary,DUFFY(1961),ch4,solubility_molality,303,3.2,0,0,0,0,0,0,0.003330705946,,T,fit-eligible
ch4_water_binary,DUFFY(1961),ch4,xc_saltfree,303,5.5,0,0,0,0,0,0,0.000115,,T,fit-eligible
ch4_water_binary,DUFFY(1961),ch4,solubility_molality,303,5.5,0,0,0,0,0,0,0.006384204216,,T,fit-eligible
ch4_water_binary,DUFFY(1961),ch4,xc_saltfree,303,7.9,0,0,0,0,0,0,0.000184,,T,fit-eligible
ch4_water_binary,DUFFY(1961),ch4,solubility_molality,303,7.9,0,0,0,0,0,0,0.01021543169,,T,fit-eligible
ch4_water_binary,DUFFY(1961),ch4,xc_saltfree,303,9.4,0,0,0,0,0,0,0.000232,,T,fit-eligible
ch4_water_binary,DUFFY(1961),ch4,solubility_molality,303,9.4,0,0,0,0,0,0,0.01288094531,,T,fit-eligible
ch4_water_binary,DUFFY(1961),ch4,xc_saltfree,303,19.7,0,0,0,0,0,0,0.00049,,T,fit-eligible
ch4_water_binary,DUFFY(1961),ch4,solubility_molality,303,19.7,0,0,0,0,0,0,0.02721246729,,T,fit-eligible
ch4_water_binary,DUFFY(1961),ch4,xc_saltfree,303,20.5,0,0,0,0,0,0,0.000493,,T,fit-eligible
ch4_water_binary,DUFFY(1961),ch4,solubility_molality,303,20.5,0,0,0,0,0,0,0.02737915641,,T,fit-eligible
ch4_water_binary,DUFFY(1961),ch4,xc_saltfree,303,27.4,0,0,0,0,0,0,0.000612,,T,fit-eligible
ch4_water_binary,DUFFY(1961),ch4,solubility_molality,303,27.4,0,0,0,0,0,0,0.03399196534,,T,fit-eligible
ch4_water_binary,DUFFY(1961),ch4,xc_saltfree,303,36.1,0,0,0,0,0,0,0.000764,,T,fit-eligible
ch4_water_binary,DUFFY(1961),ch4,solubility_molality,303,36.1,0,0,0,0,0,0,0.04244086921,,T,fit-eligible
ch4_water_binary,WANG(2003),ch4,xc_saltfree,303,102.2,0,0,0,0,0,0,0.001995,,T,fit-eligible
ch4_water_binary,WANG(2003),ch4,solubility_molality,303,102.2,0,0,0,0,0,0,0.1109606945,,T,fit-eligible
ch4_water_binary,WANG(2003),ch4,xc_saltfree,303,151.8,0,0,0,0,0,0,0.002411,,T,fit-eligible
ch4_water_binary,WANG(2003),ch4,solubility_molality,303,151.8,0,0,0,0,0,0,0.1341542829,,T,fit-eligible
ch4_water_binary,WANG(2003),ch4,xc_saltfree,303,201.6,0,0,0,0,0,0,0.002783,,T,fit-eligible
ch4_water_binary,WANG(2003),ch4,solubility_molality,303,201.6,0,0,0,0,0,0,0.1549110923,,T,fit-eligible
ch4_water_binary,WANG(2003),ch4,xc_saltfree,303,251.5,0,0,0,0,0,0,0.003082,,T,fit-eligible
ch4_water_binary,WANG(2003),ch4,solubility_molality,303,251.5,0,0,0,0,0,0,0.1716058862,,T,fit-eligible
ch4_water_binary,WANG(2003),ch4,xc_saltfree,303,301.1,0,0,0,0,0,0,0.003381,,T,fit-eligible
ch4_water_binary,WANG(2003),ch4,solubility_molality,303,301.1,0,0,0,0,0,0,0.1883106974,,T,fit-eligible
ch4_water_binary,WANG(2003),ch4,xc_saltfree,303,350.8,0,0,0,0,0,0,0.003659,,T,fit-eligible
ch4_water_binary,WANG(2003),ch4,solubility_molality,303,350.8,0,0,0,0,0,0,0.2038512556,,T,fit-eligible
ch4_water_binary,WANG(2003),ch4,xc_saltfree,303,400.3,0,0,0,0,0,0,0.004049,,T,fit-eligible
ch4_water_binary,WANG(2003),ch4,solubility_molality,303,400.3,0,0,0,0,0,0,0.2256673808,,T,fit-eligible
ch4_water_binary,CULBERSON(1951),ch4,xc_saltfree,311,22.8,0,0,0,0,0,0,0.00044,,T,fit-eligible
ch4_water_binary,CULBERSON(1951),ch4,solubility_molality,311,22.8,0,0,0,0,0,0,0.02443446259,,T,fit-eligible
ch4_water_binary,CULBERSON(1951),ch4,xc_saltfree,311,32.9,0,0,0,0,0,0,0.000619,,T,fit-eligible
ch4_water_binary,CULBERSON(1951),ch4,solubility_molality,311,32.9,0,0,0,0,0,0,0.03438100314,,T,fit-eligible
ch4_water_binary,CULBERSON(1951),ch4,xc_saltfree,311,45.8,0,0,0,0,0,0,0.000839,,T,fit-eligible
ch4_water_binary,CULBERSON(1951),ch4,solubility_molality,311,45.8,0,0,0,0,0,0,0.04661068338,,T,fit-eligible
ch4_water_binary,CULBERSON(1951),ch4,xc_saltfree,311,65.5,0,0,0,0,0,0,0.001123,,T,fit-eligible
ch4_water_binary,CULBERSON(1951),ch4,solubility_molality,311,65.5,0,0,0,0,0,0,0.06240605457,,T,fit-eligible
ch4_water_binary,CULBERSON(1951),ch4,xc_saltfree,311,87.6,0,0,0,0,0,0,0.00144,,T,fit-eligible
ch4_water_binary,CULBERSON(1951),ch4,solubility_molality,311,87.6,0,0,0,0,0,0,0.08004741477,,T,fit-eligible
ch4_water_binary,CULBERSON(1951),ch4,xc_saltfree,311,131,0,0,0,0,0,0,0.00189,,T,fit-eligible
ch4_water_binary,CULBERSON(1951),ch4,solubility_molality,311,131,0,0,0,0,0,0,0.1051095994,,T,fit-eligible
ch4_water_binary,CULBERSON(1951),ch4,xc_saltfree,311,177.5,0,0,0,0,0,0,0.00229,,T,fit-eligible
ch4_water_binary,CULBERSON(1951),ch4,solubility_molality,311,177.5,0,0,0,0,0,0,0.1274060762,,T,fit-eligible
ch4_water_binary,CULBERSON(1951),ch4,xc_saltfree,311,243.7,0,0,0,0,0,0,0.00276,,T,fit-eligible
ch4_water_binary,CULBERSON(1951),ch4,solubility_molality,311,243.7,0,0,0,0,0,0,0.1536272921,,T,fit-eligible
ch4_water_binary,CULBERSON(1951),ch4,xc_saltfree,311,338.5,0,0,0,0,0,0,0.00333,,R,fit-eligible
ch4_water_binary,CULBERSON(1951),ch4,solubility_molality,311,338.5,0,0,0,0,0,0,0.1854606728,,R,fit-eligible
ch4_water_binary,CULBERSON(1951),ch4,xc_saltfree,311,449.9,0,0,0,0,0,0,0.00391,,T,fit-eligible
ch4_water_binary,CULBERSON(1951),ch4,solubility_molality,311,449.9,0,0,0,0,0,0,0.2178899307,,T,fit-eligible
ch4_water_binary,CULBERSON(1951),ch4,xc_saltfree,311,542.6,0,0,0,0,0,0,0.00417,,T,fit-eligible
ch4_water_binary,CULBERSON(1951),ch4,solubility_molality,311,542.6,0,0,0,0,0,0,0.2324394467,,T,fit-eligible
ch4_water_binary,CULBERSON(1951),ch4,xc_saltfree,311,682.2,0,0,0,0,0,0,0.00465,,T,fit-eligible
ch4_water_binary,CULBERSON(1951),ch4,solubility_molality,311,682.2,0,0,0,0,0,0,0.2593200613,,T,fit-eligible
ch4_water_binary,AMIRIJAFARI(1972),ch4,xc_saltfree,311,41.4,0,0,0,0,0,0,0.000759,,T,fit-eligible
ch4_water_binary,AMIRIJAFARI(1972),ch4,solubility_molality,311,41.4,0,0,0,0,0,0,0.04216290386,,T,fit-eligible
ch4_water_binary,AMIRIJAFARI(1972),ch4,xc_saltfree,311,137.9,0,0,0,0,0,0,0.001956,,T,fit-eligible
ch4_water_binary,AMIRIJAFARI(1972),ch4,solubility_molality,311,137.9,0,0,0,0,0,0,0.1087872869,,T,fit-eligible
ch4_water_binary,AMIRIJAFARI(1972),ch4,xc_saltfree,311,206.8,0,0,0,0,0,0,0.002519,,T,fit-eligible
ch4_water_binary,AMIRIJAFARI(1972),ch4,solubility_molality,311,206.8,0,0,0,0,0,0,0.1401788585,,T,fit-eligible
ch4_water_binary,AMIRIJAFARI(1972),ch4,xc_saltfree,311,344.7,0,0,0,0,0,0,0.00335,,R,fit-eligible
ch4_water_binary,AMIRIJAFARI(1972),ch4,solubility_molality,311,344.7,0,0,0,0,0,0,0.1865782947,,R,fit-eligible
ch4_water_binary,AWAN(2010),ch4,xc_saltfree,313,11.42,0,0,0,0,0,0,0.00021,,T,fit-eligible
ch4_water_binary,AWAN(2010),ch4,solubility_molality,313,11.42,0,0,0,0,0,0,0.0116592198,,T,fit-eligible
ch4_water_binary,AWAN(2010),ch4,xc_saltfree,313,25.14,0,0,0,0,0,0,0.00043,,R,fit-eligible
ch4_water_binary,AWAN(2010),ch4,solubility_molality,313,25.14,0,0,0,0,0,0,0.023878895,,R,fit-eligible
ch4_water_binary,AWAN(2010),ch4,xc_saltfree,313,78.92,0,0,0,0,0,0,0.0013,,T,fit-eligible
ch4_water_binary,AWAN(2010),ch4,solubility_molality,313,78.92,0,0,0,0,0,0,0.07225489695,,T,fit-eligible
ch4_water_binary,AWAN(2010),ch4,xc_saltfree,313,99.81,0,0,0,0,0,0,0.0016,,R,fit-eligible
ch4_water_binary,AWAN(2010),ch4,solubility_molality,313,99.81,0,0,0,0,0,0,0.08895582542,,R,fit-eligible
ch4_water_binary,CAMPOS(2010),ch4,xc_saltfree,313,1.824,0,0,0,0,0,0,4.45e-05,,T,fit-eligible
ch4_water_binary,CAMPOS(2010),ch4,solubility_molality,313,1.824,0,0,0,0,0,0,0.002470235286,,T,fit-eligible
ch4_water_binary,CAMPOS(2010),ch4,xc_saltfree,313,2.533,0,0,0,0,0,0,7.4e-05,,T,fit-eligible
ch4_water_binary,CAMPOS(2010),ch4,solubility_molality,313,2.533,0,0,0,0,0,0,0.004107928181,,T,fit-eligible
ch4_water_binary,CAMPOS(2010),ch4,xc_saltfree,313,3.749,0,0,0,0,0,0,0.000124,,T,fit-eligible
ch4_water_binary,CAMPOS(2010),ch4,solubility_molality,313,3.749,0,0,0,0,0,0,0.006883899551,,T,fit-eligible
ch4_water_binary,CAMPOS(2010),ch4,xc_saltfree,313,4.864,0,0,0,0,0,0,0.000168,,T,fit-eligible
ch4_water_binary,CAMPOS(2010),ch4,solubility_molality,313,4.864,0,0,0,0,0,0,0.009326984024,,T,fit-eligible
ch4_water_binary,CAMPOS(2010),ch4,xc_saltfree,313,6.282,0,0,0,0,0,0,0.000225,,T,fit-eligible
ch4_water_binary,CAMPOS(2010),ch4,solubility_molality,313,6.282,0,0,0,0,0,0,0.01249220864,,T,fit-eligible
ch4_water_binary,CARROLL(1998),ch4,xc_saltfree,313,2.98,0,0,0,0,0,0,6.07e-05,,T,fit-eligible
ch4_water_binary,CARROLL(1998),ch4,solubility_molality,313,2.98,0,0,0,0,0,0,0.003369566541,,T,fit-eligible
ch4_water_binary,CARROLL(1998),ch4,xc_saltfree,313,8.15,0,0,0,0,0,0,0.000159,,T,fit-eligible
ch4_water_binary,CARROLL(1998),ch4,solubility_molality,313,8.15,0,0,0,0,0,0,0.008827244707,,T,fit-eligible
ch4_water_binary,CARROLL(1998),ch4,xc_saltfree,313,29.6,0,0,0,0,0,0,0.000555,,T,fit-eligible
ch4_water_binary,CARROLL(1998),ch4,solubility_molality,313,29.6,0,0,0,0,0,0,0.03082428894,,T,fit-eligible
ch4_water_binary,CARROLL(1998),ch4,xc_saltfree,313,61.9,0,0,0,0,0,0,0.00109,,T,fit-eligible
ch4_water_binary,CARROLL(1998),ch4,solubility_molality,313,61.9,0,0,0,0,0,0,0.06057021575,,T,fit-eligible
ch4_water_binary,CARROLL(1998),ch4,xc_saltfree,313,94.3,0,0,0,0,0,0,0.00147,,T,fit-eligible
ch4_water_binary,CARROLL(1998),ch4,solubility_molality,313,94.3,0,0,0,0,0,0,0.0817175243,,T,fit-eligible
ch4_water_binary,CARROLL(1998),ch4,xc_saltfree,313,129.5,0,0,0,0,0,0,0.00186,,T,fit-eligible
ch4_water_binary,CARROLL(1998),ch4,solubility_molality,313,129.5,0,0,0,0,0,0,0.1034380841,,T,fit-eligible
ch4_water_binary,CARROLL(1998),ch4,xc_saltfree,313,179.6,0,0,0,0,0,0,0.00233,,R,fit-eligible
ch4_water_binary,CARROLL(1998),ch4,solubility_molality,313,179.6,0,0,0,0,0,0,0.1296367072,,R,fit-eligible
ch4_water_binary,CHAPOY(2004),ch4,xc_saltfree,313,10.25,0,0,0,0,0,0,0.000204,,T,fit-eligible
ch4_water_binary,CHAPOY(2004),ch4,solubility_molality,313,10.25,0,0,0,0,0,0,0.01132603126,,T,fit-eligible
ch4_water_binary,CHAPOY(2004),ch4,xc_saltfree,313,25.34,0,0,0,0,0,0,0.000443,,R,fit-eligible
ch4_water_binary,CHAPOY(2004),ch4,solubility_molality,313,25.34,0,0,0,0,0,0,0.02460113504,,R,fit-eligible
ch4_water_binary,CHAPOY(2004),ch4,xc_saltfree,313,77.98,0,0,0,0,0,0,0.001305,,T,fit-eligible
ch4_water_binary,CHAPOY(2004),ch4,solubility_molality,313,77.98,0,0,0,0,0,0,0.07253316353,,T,fit-eligible
ch4_water_binary,CHAPOY(2004),ch4,xc_saltfree,313,179.98,0,0,0,0,0,0,0.002325,,R,fit-eligible
ch4_water_binary,CHAPOY(2004),ch4,solubility_molality,313,179.98,0,0,0,0,0,0,0.1293578686,,R,fit-eligible
ch4_water_binary,FROST(2013),ch4,xc_saltfree,313,54.8,0,0,0,0,0,0,0.000671,,T,fit-eligible
ch4_water_binary,FROST(2013),ch4,solubility_molality,313,54.8,0,0,0,0,0,0,0.03727116888,,T,fit-eligible
ch4_water_binary,FROST(2013),ch4,xc_saltfree,313,67.8,0,0,0,0,0,0,0.000915,,T,fit-eligible
ch4_water_binary,FROST(2013),ch4,solubility_molality,313,67.8,0,0,0,0,0,0,0.05083673369,,T,fit-eligible
ch4_water_binary,FROST(2013),ch4,xc_saltfree,313,81.5,0,0,0,0,0,0,0.00123,,T,fit-eligible
ch4_water_binary,FROST(2013),ch4,solubility_molality,313,81.5,0,0,0,0,0,0,0.06835945726,,T,fit-eligible
ch4_water_binary,FROST(2013),ch4,xc_saltfree,313,124.6,0,0,0,0,0,0,0.00189,,T,fit-eligible
ch4_water_binary,FROST(2013),ch4,solubility_molality,313,124.6,0,0,0,0,0,0,0.1051095994,,T,fit-eligible
ch4_water_binary,FROST(2013),ch4,xc_saltfree,313,167.8,0,0,0,0,0,0,0.00235,,T,fit-eligible
ch4_water_binary,FROST(2013),ch4,solubility_molality,313,167.8,0,0,0,0,0,0,0.1307520898,,T,fit-eligible
ch4_water_binary,KIEPE(2003),ch4,xc_saltfree,313,4.3,0,0,0,0,0,0,9e-05,,T,fit-eligible
ch4_water_binary,KIEPE(2003),ch4,solubility_molality,313,4.3,0,0,0,0,0,0,0.004996208814,,T,fit-eligible
ch4_water_binary,KIEPE(2003),ch4,xc_saltfree,313,11,0,0,0,0,0,0,0.00023,,T,fit-eligible
ch4_water_binary,KIEPE(2003),ch4,solubility_molality,313,11,0,0,0,0,0,0,0.01276987714,,T,fit-eligible
ch4_water_binary,KIEPE(2003),ch4,xc_saltfree,313,13.1,0,0,0,0,0,0,0.00028,,T,fit-eligible
ch4_water_binary,KIEPE(2003),ch4,solubility_molality,313,13.1,0,0,0,0,0,0,0.0155467149,,T,fit-eligible
ch4_water_binary,KIEPE(2003),ch4,xc_saltfree,313,15.2,0,0,0,0,0,0,0.00032,,T,fit-eligible
ch4_water_binary,KIEPE(2003),ch4,solubility_molality,313,15.2,0,0,0,0,0,0,0.0177683851,,T,fit-eligible
ch4_water_binary,KIEPE(2003),ch4,xc_saltfree,313,34.9,0,0,0,0,0,0,0.00071,,T,fit-eligible
ch4_water_binary,KIEPE(2003),ch4,solubility_molality,313,34.9,0,0,0,0,0,0,0.03943899058,,T,fit-eligible
ch4_water_binary,KIEPE(2003),ch4,xc_saltfree,313,43.1,0,0,0,0,0,0,0.00086,,T,fit-eligible
ch4_water_binary,KIEPE(2003),ch4,solubility_molality,313,43.1,0,0,0,0,0,0,0.04777834353,,T,fit-eligible
ch4_water_binary,KIEPE(2003),ch4,xc_saltfree,313,60,0,0,0,0,0,0,0.00115,,T,fit-eligible
ch4_water_binary,KIEPE(2003),ch4,solubility_molality,313,60,0,0,0,0,0,0,0.06390819475,,T,fit-eligible
ch4_water_binary,KIEPE(2003),ch4,xc_saltfree,313,66.5,0,0,0,0,0,0,0.00126,,T,fit-eligible
ch4_water_binary,KIEPE(2003),ch4,solubility_molality,313,66.5,0,0,0,0,0,0,0.07002886455,,T,fit-eligible
ch4_water_binary,KIEPE(2003),ch4,xc_saltfree,313,78.2,0,0,0,0,0,0,0.00145,,T,fit-eligible
ch4_water_binary,KIEPE(2003),ch4,solubility_molality,313,78.2,0,0,0,0,0,0,0.08060410679,,T,fit-eligible
ch4_water_binary,KIEPE(2003),ch4,xc_saltfree,313,84.2,0,0,0,0,0,0,0.00154,,T,fit-eligible
ch4_water_binary,KIEPE(2003),ch4,solubility_molality,313,84.2,0,0,0,0,0,0,0.08561483684,,T,fit-eligible
ch4_water_binary,OU(2015),ch4,xc_saltfree,313,50,0,0,0,0,0,0,0.00079,,T,fit-eligible
ch4_water_binary,OU(2015),ch4,solubility_molality,313,50,0,0,0,0,0,0,0.0438863339,,T,fit-eligible
ch4_water_binary,OU(2015),ch4,xc_saltfree,313,100,0,0,0,0,0,0,0.00153,,R,fit-eligible
ch4_water_binary,OU(2015),ch4,solubility_molality,313,100,0,0,0,0,0,0,0.08505804445,,R,fit-eligible
ch4_water_binary,OU(2015),ch4,xc_saltfree,313,200,0,0,0,0,0,0,0.00251,,T,fit-eligible
ch4_water_binary,OU(2015),ch4,solubility_molality,313,200,0,0,0,0,0,0,0.1396767607,,T,fit-eligible
ch4_water_binary,OU(2015),ch4,xc_saltfree,313,300,0,0,0,0,0,0,0.00316,,T,fit-eligible
ch4_water_binary,OU(2015),ch4,solubility_molality,313,300,0,0,0,0,0,0,0.1759626969,,T,fit-eligible
ch4_water_binary,OU(2015),ch4,xc_saltfree,313,400,0,0,0,0,0,0,0.00368,,T,fit-eligible
ch4_water_binary,OU(2015),ch4,solubility_molality,313,400,0,0,0,0,0,0,0.205025535,,T,fit-eligible
ch4_water_binary,OU(2015),ch4,xc_saltfree,313,500,0,0,0,0,0,0,0.00405,,T,fit-eligible
ch4_water_binary,OU(2015),ch4,solubility_molality,313,500,0,0,0,0,0,0,0.2257233415,,T,fit-eligible
ch4_water_binary,OU(2015),ch4,xc_saltfree,313,700,0,0,0,0,0,0,0.00498,,T,fit-eligible
ch4_water_binary,OU(2015),ch4,solubility_molality,313,700,0,0,0,0,0,0,0.2778155279,,T,fit-eligible
ch4_water_binary,OU(2015),ch4,xc_saltfree,313,900,0,0,0,0,0,0,0.00566,,T,fit-eligible
ch4_water_binary,OU(2015),ch4,solubility_molality,313,900,0,0,0,0,0,0,0.3159661106,,T,fit-eligible
ch4_water_binary,OU(2015),ch4,xc_saltfree,313,1200,0,0,0,0,0,0,0.00669,,T,fit-eligible
ch4_water_binary,OU(2015),ch4,solubility_molality,313,1200,0,0,0,0,0,0,0.3738525038,,T,fit-eligible
ch4_water_binary,OU(2015),ch4,xc_saltfree,313,1400,0,0,0,0,0,0,0.00702,,T,fit-eligible
ch4_water_binary,OU(2015),ch4,solubility_molality,313,1400,0,0,0,0,0,0,0.3924240308,,T,fit-eligible
ch4_water_binary,SUSAK(1980),ch4,xc_saltfree,318,68.9,0,0,0,0,0,0,0.001068,,T,fit-eligible
ch4_water_binary,SUSAK(1980),ch4,solubility_molality,318,68.9,0,0,0,0,0,0,0.05934639059,,T,fit-eligible
ch4_water_binary,SUSAK(1980),ch4,xc_saltfree,318,172.4,0,0,0,0,0,0,0.002065,,T,fit-eligible
ch4_water_binary,SUSAK(1980),ch4,solubility_molality,318,172.4,0,0,0,0,0,0,0.1148621087,,T,fit-eligible
ch4_water_binary,SUSAK(1980),ch4,xc_saltfree,318,344.7,0,0,0,0,0,0,0.003133,,T,fit-eligible
ch4_water_binary,SUSAK(1980),ch4,solubility_molality,318,344.7,0,0,0,0,0,0,0.174454493,,T,fit-eligible
ch4_water_binary,SUSAK(1980),ch4,xc_saltfree,318,689.5,0,0,0,0,0,0,0.004452,,T,fit-eligible
ch4_water_binary,SUSAK(1980),ch4,solubility_molality,318,689.5,0,0,0,0,0,0,0.2482286669,,T,fit-eligible
ch4_water_binary,SUSAK(1980),ch4,xc_saltfree,318,1034.2,0,0,0,0,0,0,0.005324,,T,fit-eligible
ch4_water_binary,SUSAK(1980),ch4,solubility_molality,318,1034.2,0,0,0,0,0,0,0.2971087151,,T,fit-eligible
ch4_water_binary,SUSAK(1980),ch4,xc_saltfree,318,1379,0,0,0,0,0,0,0.005982,,T,fit-eligible
ch4_water_binary,SUSAK(1980),ch4,solubility_molality,318,1379,0,0,0,0,0,0,0.3340497441,,T,fit-eligible
ch4_water_binary,CAMPOS(2010),ch4,xc_saltfree,323,1.824,0,0,0,0,0,0,3.6e-05,,T,fit-eligible
ch4_water_binary,CAMPOS(2010),ch4,solubility_molality,323,1.824,0,0,0,0,0,0,0.001998375604,,T,fit-eligible
ch4_water_binary,CAMPOS(2010),ch4,xc_saltfree,323,2.432,0,0,0,0,0,0,6.2e-05,,T,fit-eligible
ch4_water_binary,CAMPOS(2010),ch4,solubility_molality,323,2.432,0,0,0,0,0,0,0.003441736361,,T,fit-eligible
ch4_water_binary,CAMPOS(2010),ch4,xc_saltfree,323,3.749,0,0,0,0,0,0,0.000109,,T,fit-eligible
ch4_water_binary,CAMPOS(2010),ch4,solubility_molality,323,3.749,0,0,0,0,0,0,0.006051078989,,T,fit-eligible
ch4_water_binary,CAMPOS(2010),ch4,xc_saltfree,323,5.066,0,0,0,0,0,0,0.000157,,T,fit-eligible
ch4_water_binary,CAMPOS(2010),ch4,solubility_molality,323,5.066,0,0,0,0,0,0,0.008716192747,,T,fit-eligible
ch4_water_binary,CAMPOS(2010),ch4,xc_saltfree,323,6.383,0,0,0,0,0,0,0.00021,,T,fit-eligible
ch4_water_binary,CAMPOS(2010),ch4,solubility_molality,323,6.383,0,0,0,0,0,0,0.0116592198,,T,fit-eligible
ch4_water_binary,CARROLL(1998),ch4,xc_saltfree,323,2.7,0,0,0,0,0,0,4.85e-05,,T,fit-eligible
ch4_water_binary,CARROLL(1998),ch4,solubility_molality,323,2.7,0,0,0,0,0,0,0.002692289677,,T,fit-eligible
ch4_water_binary,CARROLL(1998),ch4,xc_saltfree,323,11.1,0,0,0,0,0,0,0.000199,,T,fit-eligible
ch4_water_binary,CARROLL(1998),ch4,solubility_molality,323,11.1,0,0,0,0,0,0,0.0110483772,,T,fit-eligible
ch4_water_binary,CARROLL(1998),ch4,xc_saltfree,323,31.5,0,0,0,0,0,0,0.00053,,T,fit-eligible
ch4_water_binary,CARROLL(1998),ch4,solubility_molality,323,31.5,0,0,0,0,0,0,0.02943507117,,T,fit-eligible
ch4_water_binary,CARROLL(1998),ch4,xc_saltfree,323,51.9,0,0,0,0,0,0,0.00082,,T,fit-eligible
ch4_water_binary,CARROLL(1998),ch4,solubility_molality,323,51.9,0,0,0,0,0,0,0.04555427125,,T,fit-eligible
ch4_water_binary,CARROLL(1998),ch4,xc_saltfree,323,72.1,0,0,0,0,0,0,0.00113,,T,fit-eligible
ch4_water_binary,CARROLL(1998),ch4,solubility_molality,323,72.1,0,0,0,0,0,0,0.06279549052,,T,fit-eligible
ch4_water_binary,CARROLL(1998),ch4,xc_saltfree,323,93.5,0,0,0,0,0,0,0.00132,,T,fit-eligible
ch4_water_binary,CARROLL(1998),ch4,solubility_molality,323,93.5,0,0,0,0,0,0,0.07336798002,,T,fit-eligible
ch4_water_binary,CARROLL(1998),ch4,xc_saltfree,323,126.8,0,0,0,0,0,0,0.00162,,T,fit-eligible
ch4_water_binary,CARROLL(1998),ch4,solubility_molality,323,126.8,0,0,0,0,0,0,0.09006957752,,T,fit-eligible
ch4_water_binary,CARROLL(1998),ch4,xc_saltfree,323,173.5,0,0,0,0,0,0,0.00208,,T,fit-eligible
ch4_water_binary,CARROLL(1998),ch4,solubility_molality,323,173.5,0,0,0,0,0,0,0.1156981972,,T,fit-eligible
ch4_water_binary,FROST(2013),ch4,xc_saltfree,323,49.8,0,0,0,0,0,0,0.000604,,T,fit-eligible
ch4_water_binary,FROST(2013),ch4,solubility_molality,323,49.8,0,0,0,0,0,0,0.03354735738,,T,fit-eligible
ch4_water_binary,FROST(2013),ch4,xc_saltfree,323,64.9,0,0,0,0,0,0,0.000823,,T,fit-eligible
ch4_water_binary,FROST(2013),ch4,solubility_molality,323,64.9,0,0,0,0,0,0,0.0457210705,,T,fit-eligible
ch4_water_binary,FROST(2013),ch4,xc_saltfree,323,84.8,0,0,0,0,0,0,0.00111,,T,fit-eligible
ch4_water_binary,FROST(2013),ch4,solubility_molality,323,84.8,0,0,0,0,0,0,0.06168283086,,T,fit-eligible
ch4_water_binary,FROST(2013),ch4,xc_saltfree,323,114.9,0,0,0,0,0,0,0.00169,,T,fit-eligible
ch4_water_binary,FROST(2013),ch4,solubility_molality,323,114.9,0,0,0,0,0,0,0.09396806128,,T,fit-eligible
ch4_water_binary,FROST(2013),ch4,xc_saltfree,323,184.8,0,0,0,0,0,0,0.00198,,T,fit-eligible
ch4_water_binary,FROST(2013),ch4,solubility_molality,323,184.8,0,0,0,0,0,0,0.1101247484,,T,fit-eligible
ch4_water_binary,GAO(1997),ch4,xc_saltfree,323,102.4,0,0,0,0,0,0,0.001513,,T,fit-eligible
ch4_water_binary,GAO(1997),ch4,solubility_molality,323,102.4,0,0,0,0,0,0,0.08411152298,,T,fit-eligible
ch4_water_binary,GAO(1997),ch4,xc_saltfree,323,202.6,0,0,0,0,0,0,0.002182,,R,fit-eligible
ch4_water_binary,GAO(1997),ch4,solubility_molality,323,202.6,0,0,0,0,0,0,0.1213842658,,R,fit-eligible
ch4_water_binary,GAO(1997),ch4,xc_saltfree,323,304,0,0,0,0,0,0,0.00281,,T,fit-eligible
ch4_water_binary,GAO(1997),ch4,solubility_molality,323,304,0,0,0,0,0,0,0.1564182378,,T,fit-eligible
ch4_water_binary,GAO(1997),ch4,xc_saltfree,323,405.2,0,0,0,0,0,0,0.003237,,R,fit-eligible
ch4_water_binary,GAO(1997),ch4,solubility_molality,323,405.2,0,0,0,0,0,0,0.1802643199,,R,fit-eligible
ch4_water_binary,GAO(1997),ch4,xc_saltfree,323,506.5,0,0,0,0,0,0,0.003704,,R,fit-eligible
ch4_water_binary,GAO(1997),ch4,solubility_molality,323,506.5,0,0,0,0,0,0,0.2063676292,,R,fit-eligible
ch4_water_binary,GAO(1997),ch4,xc_saltfree,323,544,0,0,0,0,0,0,0.00388,,T,fit-eligible
ch4_water_binary,GAO(1997),ch4,solubility_molality,323,544,0,0,0,0,0,0,0.2162116292,,T,fit-eligible
ch4_water_binary,GAO(1997),ch4,xc_saltfree,323,580,0,0,0,0,0,0,0.004011,,T,fit-eligible
ch4_water_binary,GAO(1997),ch4,solubility_molality,323,580,0,0,0,0,0,0,0.2235409558,,T,fit-eligible
ch4_water_binary,MICHELS(1936),ch4,xc_saltfree,323,49.6,0,0,0,0,0,0,0.00072,,T,fit-eligible
ch4_water_binary,MICHELS(1936),ch4,solubility_molality,323,49.6,0,0,0,0,0,0,0.03999486955,,T,fit-eligible
ch4_water_binary,MICHELS(1936),ch4,xc_saltfree,323,82.3,0,0,0,0,0,0,0.00112,,T,fit-eligible
ch4_water_binary,MICHELS(1936),ch4,solubility_molality,323,82.3,0,0,0,0,0,0,0.06223915512,,T,fit-eligible
ch4_water_binary,MICHELS(1936),ch4,xc_saltfree,323,113.1,0,0,0,0,0,0,0.00142,,T,fit-eligible
ch4_water_binary,MICHELS(1936),ch4,solubility_molality,323,113.1,0,0,0,0,0,0,0.07893406416,,T,fit-eligible
ch4_water_binary,MICHELS(1936),ch4,xc_saltfree,323,145.6,0,0,0,0,0,0,0.00169,,T,fit-eligible
ch4_water_binary,MICHELS(1936),ch4,solubility_molality,323,145.6,0,0,0,0,0,0,0.09396806128,,T,fit-eligible
ch4_water_binary,MICHELS(1936),ch4,xc_saltfree,323,176.5,0,0,0,0,0,0,0.0019,,T,fit-eligible
ch4_water_binary,MICHELS(1936),ch4,solubility_molality,323,176.5,0,0,0,0,0,0,0.1056667935,,T,fit-eligible
ch4_water_binary,MICHELS(1936),ch4,xc_saltfree,323,208,0,0,0,0,0,0,0.00207,,T,fit-eligible
ch4_water_binary,MICHELS(1936),ch4,solubility_molality,323,208,0,0,0,0,0,0,0.115140802,,T,fit-eligible
ch4_water_binary,OSULLIVAN(1969),ch4,xc_saltfree,323,101.3,0,0,0,0,0,0,0.001427,,T,fit-eligible
ch4_water_binary,OSULLIVAN(1969),ch4,solubility_molality,323,101.3,0,0,0,0,0,0,0.0793237318,,T,fit-eligible
ch4_water_binary,OSULLIVAN(1969),ch4,xc_saltfree,323,202.6,0,0,0,0,0,0,0.002279,,R,fit-eligible
ch4_water_binary,OSULLIVAN(1969),ch4,solubility_molality,323,202.6,0,0,0,0,0,0,0.126792684,,R,fit-eligible
ch4_water_binary,OSULLIVAN(1969),ch4,xc_saltfree,323,303.9,0,0,0,0,0,0,0.00287,,T,fit-eligible
ch4_water_binary,OSULLIVAN(1969),ch4,solubility_molality,323,303.9,0,0,0,0,0,0,0.159767742,,T,fit-eligible
ch4_water_binary,OSULLIVAN(1969),ch4,xc_saltfree,323,405.2,0,0,0,0,0,0,0.00334,,R,fit-eligible
ch4_water_binary,OSULLIVAN(1969),ch4,solubility_molality,323,405.2,0,0,0,0,0,0,0.1860194782,,R,fit-eligible
ch4_water_binary,OSULLIVAN(1969),ch4,xc_saltfree,323,506.5,0,0,0,0,0,0,0.00373,,R,fit-eligible
ch4_water_binary,OSULLIVAN(1969),ch4,solubility_molality,323,506.5,0,0,0,0,0,0,0.2078216375,,R,fit-eligible
ch4_water_binary,OSULLIVAN(1969),ch4,xc_saltfree,323,607.8,0,0,0,0,0,0,0.00409,,T,fit-eligible
ch4_water_binary,OSULLIVAN(1969),ch4,solubility_molality,323,607.8,0,0,0,0,0,0,0.2279618634,,T,fit-eligible
ch4_water_binary,QIN(2008),ch4,xc_saltfree,323,301,0,0,0,0,0,0,0.003,,T,fit-eligible
ch4_water_binary,QIN(2008),ch4,solubility_molality,323,301,0,0,0,0,0,0,0.1670263843,,T,fit-eligible
ch4_water_binary,QIN(2008),ch4,xc_saltfree,323,495,0,0,0,0,0,0,0.0039,,T,fit-eligible
ch4_water_binary,QIN(2008),ch4,solubility_molality,323,495,0,0,0,0,0,0,0.2173304856,,T,fit-eligible
ch4_water_binary,YOKOYAMA(1988),ch4,xc_saltfree,323,30,0,0,0,0,0,0,0.000509,,T,fit-eligible
ch4_water_binary,YOKOYAMA(1988),ch4,solubility_molality,323,30,0,0,0,0,0,0,0.02826818195,,T,fit-eligible
ch4_water_binary,YOKOYAMA(1988),ch4,xc_saltfree,323,50,0,0,0,0,0,0,0.000791,,T,fit-eligible
ch4_water_binary,YOKOYAMA(1988),ch4,solubility_molality,323,50,0,0,0,0,0,0,0.0439419302,,T,fit-eligible
ch4_water_binary,YOKOYAMA(1988),ch4,xc_saltfree,323,80,0,0,0,0,0,0,0.001208,,T,fit-eligible
ch4_water_binary,YOKOYAMA(1988),ch4,solubility_molality,323,80,0,0,0,0,0,0,0.06713528898,,T,fit-eligible
ch4_water_binary,SUSAK(1980),ch4,xc_saltfree,333,68.9,0,0,0,0,0,0,0.00094,,T,fit-eligible
ch4_water_binary,SUSAK(1980),ch4,solubility_molality,333,68.9,0,0,0,0,0,0,0.05222702236,,T,fit-eligible
ch4_water_binary,SUSAK(1980),ch4,xc_saltfree,333,172.4,0,0,0,0,0,0,0.00187,,T,fit-eligible
ch4_water_binary,SUSAK(1980),ch4,solubility_molality,333,172.4,0,0,0,0,0,0,0.1039952447,,T,fit-eligible
ch4_water_binary,SUSAK(1980),ch4,xc_saltfree,333,344.7,0,0,0,0,0,0,0.00291,,T,fit-eligible
ch4_water_binary,SUSAK(1980),ch4,solubility_molality,333,344.7,0,0,0,0,0,0,0.1620009688,,T,fit-eligible
ch4_water_binary,SUSAK(1980),ch4,xc_saltfree,333,689.5,0,0,0,0,0,0,0.00421,,T,fit-eligible
ch4_water_binary,SUSAK(1980),ch4,solubility_molality,333,689.5,0,0,0,0,0,0,0.2346785081,,T,fit-eligible
ch4_water_binary,SUSAK(1980),ch4,xc_saltfree,333,1034.2,0,0,0,0,0,0,0.00509,,T,fit-eligible
ch4_water_binary,SUSAK(1980),ch4,solubility_molality,333,1034.2,0,0,0,0,0,0,0.28398341,,T,fit-eligible
ch4_water_binary,SUSAK(1980),ch4,xc_saltfree,333,1379,0,0,0,0,0,0,0.00576,,T,fit-eligible
ch4_water_binary,SUSAK(1980),ch4,solubility_molality,333,1379,0,0,0,0,0,0,0.3215808919,,T,fit-eligible
ch4_water_binary,OU(2015),ch4,xc_saltfree,333,50,0,0,0,0,0,0,0.00068,,T,fit-eligible
ch4_water_binary,OU(2015),ch4,solubility_molality,333,50,0,0,0,0,0,0,0.03777142041,,T,fit-eligible
ch4_water_binary,OU(2015),ch4,xc_saltfree,333,100,0,0,0,0,0,0,0.00131,,T,fit-eligible
ch4_water_binary,OU(2015),ch4,solubility_molality,333,100,0,0,0,0,0,0,0.07281143291,,T,fit-eligible
ch4_water_binary,OU(2015),ch4,xc_saltfree,333,200,0,0,0,0,0,0,0.00221,,T,fit-eligible
ch4_water_binary,OU(2015),ch4,solubility_molality,333,200,0,0,0,0,0,0,0.1229453507,,T,fit-eligible
ch4_water_binary,OU(2015),ch4,xc_saltfree,333,300,0,0,0,0,0,0,0.00284,,T,fit-eligible
ch4_water_binary,OU(2015),ch4,solubility_molality,333,300,0,0,0,0,0,0,0.1580929395,,T,fit-eligible
ch4_water_binary,OU(2015),ch4,xc_saltfree,333,400,0,0,0,0,0,0,0.00334,,T,fit-eligible
ch4_water_binary,OU(2015),ch4,solubility_molality,333,400,0,0,0,0,0,0,0.1860194782,,T,fit-eligible
ch4_water_binary,OU(2015),ch4,xc_saltfree,333,500,0,0,0,0,0,0,0.00375,,T,fit-eligible
ch4_water_binary,OU(2015),ch4,solubility_molality,333,500,0,0,0,0,0,0,0.2089401571,,T,fit-eligible
ch4_water_binary,OU(2015),ch4,xc_saltfree,333,700,0,0,0,0,0,0,0.00459,,T,fit-eligible
ch4_water_binary,OU(2015),ch4,solubility_molality,333,700,0,0,0,0,0,0,0.2559585668,,T,fit-eligible
ch4_water_binary,OU(2015),ch4,xc_saltfree,333,900,0,0,0,0,0,0,0.00528,,T,fit-eligible
ch4_water_binary,OU(2015),ch4,solubility_molality,333,900,0,0,0,0,0,0,0.2946402376,,T,fit-eligible
ch4_water_binary,OU(2015),ch4,xc_saltfree,333,1200,0,0,0,0,0,0,0.00621,,T,fit-eligible
ch4_water_binary,OU(2015),ch4,solubility_molality,333,1200,0,0,0,0,0,0,0.346861391,,T,fit-eligible
ch4_water_binary,OU(2015),ch4,xc_saltfree,333,1400,0,0,0,0,0,0,0.00685,,T,fit-eligible
ch4_water_binary,OU(2015),ch4,solubility_molality,333,1400,0,0,0,0,0,0,0.3828553392,,T,fit-eligible
ch4_water_binary,CULBERSON(1951),ch4,xc_saltfree,343,22.8,0,0,0,0,0,0,0.00034,,T,fit-eligible
ch4_water_binary,CULBERSON(1951),ch4,solubility_molality,343,22.8,0,0,0,0,0,0,0.01887928688,,T,fit-eligible
ch4_water_binary,CULBERSON(1951),ch4,xc_saltfree,343,32.2,0,0,0,0,0,0,0.00047,,T,fit-eligible
ch4_water_binary,CULBERSON(1951),ch4,solubility_molality,343,32.2,0,0,0,0,0,0,0.02610123206,,T,fit-eligible
ch4_water_binary,CULBERSON(1951),ch4,xc_saltfree,343,45.4,0,0,0,0,0,0,0.000632,,T,fit-eligible
ch4_water_binary,CULBERSON(1951),ch4,solubility_molality,343,45.4,0,0,0,0,0,0,0.03510351638,,T,fit-eligible
ch4_water_binary,CULBERSON(1951),ch4,xc_saltfree,343,65,0,0,0,0,0,0,0.000909,,T,fit-eligible
ch4_water_binary,CULBERSON(1951),ch4,solubility_molality,343,65,0,0,0,0,0,0,0.05050307477,,T,fit-eligible
ch4_water_binary,CULBERSON(1951),ch4,xc_saltfree,343,91,0,0,0,0,0,0,0.001183,,T,fit-eligible
ch4_water_binary,CULBERSON(1951),ch4,solubility_molality,343,91,0,0,0,0,0,0,0.06574425413,,T,fit-eligible
ch4_water_binary,CULBERSON(1951),ch4,xc_saltfree,343,129.6,0,0,0,0,0,0,0.0015,,T,fit-eligible
ch4_water_binary,CULBERSON(1951),ch4,solubility_molality,343,129.6,0,0,0,0,0,0,0.08338773419,,T,fit-eligible
ch4_water_binary,CULBERSON(1951),ch4,xc_saltfree,343,176.2,0,0,0,0,0,0,0.001924,,T,fit-eligible
ch4_water_binary,CULBERSON(1951),ch4,solubility_molality,343,176.2,0,0,0,0,0,0,0.107004105,,T,fit-eligible
ch4_water_binary,CULBERSON(1951),ch4,xc_saltfree,343,243.7,0,0,0,0,0,0,0.002385,,T,fit-eligible
ch4_water_binary,CULBERSON(1951),ch4,solubility_molality,343,243.7,0,0,0,0,0,0,0.1327041169,,T,fit-eligible
ch4_water_binary,CULBERSON(1951),ch4,xc_saltfree,343,339.6,0,0,0,0,0,0,0.00277,,R,fit-eligible
ch4_water_binary,CULBERSON(1951),ch4,solubility_molality,343,339.6,0,0,0,0,0,0,0.1541854588,,R,fit-eligible
ch4_water_binary,CULBERSON(1951),ch4,xc_saltfree,343,449.9,0,0,0,0,0,0,0.00342,,T,fit-eligible
ch4_water_binary,CULBERSON(1951),ch4,solubility_molality,343,449.9,0,0,0,0,0,0,0.1904903248,,T,fit-eligible
ch4_water_binary,CULBERSON(1951),ch4,xc_saltfree,343,566.7,0,0,0,0,0,0,0.00375,,T,fit-eligible
ch4_water_binary,CULBERSON(1951),ch4,solubility_molality,343,566.7,0,0,0,0,0,0,0.2089401571,,T,fit-eligible
ch4_water_binary,CULBERSON(1951),ch4,xc_saltfree,343,680.2,0,0,0,0,0,0,0.00424,,T,fit-eligible
ch4_water_binary,CULBERSON(1951),ch4,solubility_molality,343,680.2,0,0,0,0,0,0,0.2363579223,,T,fit-eligible
ch4_water_binary,AMIRIJAFARI(1972),ch4,xc_saltfree,343,41.4,0,0,0,0,0,0,0.000602,,T,fit-eligible
ch4_water_binary,AMIRIJAFARI(1972),ch4,solubility_molality,343,41.4,0,0,0,0,0,0,0.0334362065,,T,fit-eligible
ch4_water_binary,AMIRIJAFARI(1972),ch4,xc_saltfree,343,137.9,0,0,0,0,0,0,0.001612,,T,fit-eligible
ch4_water_binary,AMIRIJAFARI(1972),ch4,solubility_molality,343,137.9,0,0,0,0,0,0,0.08962407132,,T,fit-eligible
ch4_water_binary,AMIRIJAFARI(1972),ch4,xc_saltfree,343,206.8,0,0,0,0,0,0,0.00215,,T,fit-eligible
ch4_water_binary,AMIRIJAFARI(1972),ch4,solubility_molality,343,206.8,0,0,0,0,0,0,0.119600276,,T,fit-eligible
ch4_water_binary,AMIRIJAFARI(1972),ch4,xc_saltfree,343,344.7,0,0,0,0,0,0,0.0028,,R,fit-eligible
ch4_water_binary,AMIRIJAFARI(1972),ch4,solubility_molality,343,344.7,0,0,0,0,0,0,0.1558600262,,R,fit-eligible
ch4_water_binary,CARROLL(1998),ch4,xc_saltfree,348,3.8,0,0,0,0,0,0,5.16e-05,,T,fit-eligible
ch4_water_binary,CARROLL(1998),ch4,solubility_molality,348,3.8,0,0,0,0,0,0,0.002864383051,,T,fit-eligible
ch4_water_binary,CARROLL(1998),ch4,xc_saltfree,348,11.6,0,0,0,0,0,0,0.000187,,T,fit-eligible
ch4_water_binary,CARROLL(1998),ch4,solubility_molality,348,11.6,0,0,0,0,0,0,0.01038201879,,T,fit-eligible
ch4_water_binary,CARROLL(1998),ch4,xc_saltfree,348,39.4,0,0,0,0,0,0,0.000592,,T,fit-eligible
ch4_water_binary,CARROLL(1998),ch4,solubility_molality,348,39.4,0,0,0,0,0,0,0.03288045879,,T,fit-eligible
ch4_water_binary,CARROLL(1998),ch4,xc_saltfree,348,68.3,0,0,0,0,0,0,0.000967,,T,fit-eligible
ch4_water_binary,CARROLL(1998),ch4,solubility_molality,348,68.3,0,0,0,0,0,0,0.05372861227,,T,fit-eligible
ch4_water_binary,CARROLL(1998),ch4,xc_saltfree,348,99,0,0,0,0,0,0,0.00128,,T,fit-eligible
ch4_water_binary,CARROLL(1998),ch4,solubility_molality,348,99,0,0,0,0,0,0,0.07114185846,,T,fit-eligible
ch4_water_binary,CARROLL(1998),ch4,xc_saltfree,348,135.8,0,0,0,0,0,0,0.00165,,T,fit-eligible
ch4_water_binary,CARROLL(1998),ch4,solubility_molality,348,135.8,0,0,0,0,0,0,0.09174028933,,T,fit-eligible
ch4_water_binary,CARROLL(1998),ch4,xc_saltfree,348,175.5,0,0,0,0,0,0,0.00194,,T,fit-eligible
ch4_water_binary,CARROLL(1998),ch4,solubility_molality,348,175.5,0,0,0,0,0,0,0.1078956816,,T,fit-eligible
ch4_water_binary,MICHELS(1936),ch4,xc_saltfree,348,44.3,0,0,0,0,0,0,0.00061,,T,fit-eligible
ch4_water_binary,MICHELS(1936),ch4,solubility_molality,348,44.3,0,0,0,0,0,0,0.03388081268,,T,fit-eligible
ch4_water_binary,MICHELS(1936),ch4,xc_saltfree,348,79.2,0,0,0,0,0,0,0.00101,,T,fit-eligible
ch4_water_binary,MICHELS(1936),ch4,solubility_molality,348,79.2,0,0,0,0,0,0,0.05612020082,,T,fit-eligible
ch4_water_binary,MICHELS(1936),ch4,xc_saltfree,348,114.5,0,0,0,0,0,0,0.00133,,T,fit-eligible
ch4_water_binary,MICHELS(1936),ch4,solubility_molality,348,114.5,0,0,0,0,0,0,0.07392453827,,T,fit-eligible
ch4_water_binary,MICHELS(1936),ch4,xc_saltfree,348,148.1,0,0,0,0,0,0,0.00157,,T,fit-eligible
ch4_water_binary,MICHELS(1936),ch4,solubility_molality,348,148.1,0,0,0,0,0,0,0.08728528094,,T,fit-eligible
ch4_water_binary,MICHELS(1936),ch4,xc_saltfree,348,176.2,0,0,0,0,0,0,0.00174,,T,fit-eligible
ch4_water_binary,MICHELS(1936),ch4,solubility_molality,348,176.2,0,0,0,0,0,0,0.09675302727,,T,fit-eligible
ch4_water_binary,MICHELS(1936),ch4,xc_saltfree,348,208,0,0,0,0,0,0,0.00193,,T,fit-eligible
ch4_water_binary,MICHELS(1936),ch4,solubility_molality,348,208,0,0,0,0,0,0,0.1073384429,,T,fit-eligible
ch4_water_binary,SUSAK(1980),ch4,xc_saltfree,348,68.9,0,0,0,0,0,0,0.00089,,T,fit-eligible
ch4_water_binary,SUSAK(1980),ch4,solubility_molality,348,68.9,0,0,0,0,0,0,0.0494465146,,T,fit-eligible
ch4_water_binary,SUSAK(1980),ch4,xc_saltfree,348,172.4,0,0,0,0,0,0,0.00181,,T,fit-eligible
ch4_water_binary,SUSAK(1980),ch4,solubility_molality,348,172.4,0,0,0,0,0,0,0.1006524484,,T,fit-eligible
ch4_water_binary,SUSAK(1980),ch4,xc_saltfree,348,344.7,0,0,0,0,0,0,0.00286,,T,fit-eligible
ch4_water_binary,SUSAK(1980),ch4,solubility_molality,348,344.7,0,0,0,0,0,0,0.1592094633,,T,fit-eligible
ch4_water_binary,SUSAK(1980),ch4,xc_saltfree,348,689.5,0,0,0,0,0,0,0.00422,,T,fit-eligible
ch4_water_binary,SUSAK(1980),ch4,solubility_molality,348,689.5,0,0,0,0,0,0,0.2352383016,,T,fit-eligible
ch4_water_binary,SUSAK(1980),ch4,xc_saltfree,348,1034.2,0,0,0,0,0,0,0.00514,,T,fit-eligible
ch4_water_binary,SUSAK(1980),ch4,solubility_molality,348,1034.2,0,0,0,0,0,0,0.2867874437,,T,fit-eligible
ch4_water_binary,SUSAK(1980),ch4,xc_saltfree,348,1379,0,0,0,0,0,0,0.00585,,T,fit-eligible
ch4_water_binary,SUSAK(1980),ch4,solubility_molality,348,1379,0,0,0,0,0,0,0.3266351608,,T,fit-eligible
ch4_water_binary,KIEPE(2003),ch4,xc_saltfree,353,3.4,0,0,0,0,0,0,5e-05,,T,fit-eligible
ch4_water_binary,KIEPE(2003),ch4,solubility_molality,353,3.4,0,0,0,0,0,0,0.002775560531,,T,fit-eligible
ch4_water_binary,KIEPE(2003),ch4,xc_saltfree,353,6.6,0,0,0,0,0,0,0.0001,,T,fit-eligible
ch4_water_binary,KIEPE(2003),ch4,solubility_molality,353,6.6,0,0,0,0,0,0,0.005551398646,,T,fit-eligible
ch4_water_binary,KIEPE(2003),ch4,xc_saltfree,353,9.5,0,0,0,0,0,0,0.00014,,T,fit-eligible
ch4_water_binary,KIEPE(2003),ch4,solubility_molality,353,9.5,0,0,0,0,0,0,0.007772269026,,T,fit-eligible
ch4_water_binary,KIEPE(2003),ch4,xc_saltfree,353,28.4,0,0,0,0,0,0,0.00042,,T,fit-eligible
ch4_water_binary,KIEPE(2003),ch4,solubility_molality,353,28.4,0,0,0,0,0,0,0.02332333853,,T,fit-eligible
ch4_water_binary,KIEPE(2003),ch4,xc_saltfree,353,40.3,0,0,0,0,0,0,0.00059,,T,fit-eligible
ch4_water_binary,KIEPE(2003),ch4,solubility_molality,353,40.3,0,0,0,0,0,0,0.03276931058,,T,fit-eligible
ch4_water_binary,KIEPE(2003),ch4,xc_saltfree,353,58.6,0,0,0,0,0,0,0.00084,,T,fit-eligible
ch4_water_binary,KIEPE(2003),ch4,solubility_molality,353,58.6,0,0,0,0,0,0,0.04666628513,,T,fit-eligible
ch4_water_binary,KIEPE(2003),ch4,xc_saltfree,353,69.3,0,0,0,0,0,0,0.00098,,T,fit-eligible
ch4_water_binary,KIEPE(2003),ch4,solubility_molality,353,69.3,0,0,0,0,0,0,0.05445162896,,T,fit-eligible
ch4_water_binary,KIEPE(2003),ch4,xc_saltfree,353,84.2,0,0,0,0,0,0,0.00117,,T,fit-eligible
ch4_water_binary,KIEPE(2003),ch4,solubility_molality,353,84.2,0,0,0,0,0,0,0.06502094353,,T,fit-eligible
ch4_water_binary,KIEPE(2003),ch4,xc_saltfree,353,90.3,0,0,0,0,0,0,0.00124,,T,fit-eligible
ch4_water_binary,KIEPE(2003),ch4,solubility_molality,353,90.3,0,0,0,0,0,0,0.06891591521,,T,fit-eligible
ch4_water_binary,OU(2015),ch4,xc_saltfree,353,50,0,0,0,0,0,0,0.00067,,T,fit-eligible
ch4_water_binary,OU(2015),ch4,solubility_molality,353,50,0,0,0,0,0,0,0.03721558593,,T,fit-eligible
ch4_water_binary,OU(2015),ch4,xc_saltfree,353,100,0,0,0,0,0,0,0.00126,,T,fit-eligible
ch4_water_binary,OU(2015),ch4,solubility_molality,353,100,0,0,0,0,0,0,0.07002886455,,T,fit-eligible
ch4_water_binary,OU(2015),ch4,xc_saltfree,353,200,0,0,0,0,0,0,0.00214,,T,fit-eligible
ch4_water_binary,OU(2015),ch4,solubility_molality,353,200,0,0,0,0,0,0,0.1190428026,,T,fit-eligible
ch4_water_binary,OU(2015),ch4,xc_saltfree,353,300,0,0,0,0,0,0,0.00271,,T,fit-eligible
ch4_water_binary,OU(2015),ch4,solubility_molality,353,300,0,0,0,0,0,0,0.1508366263,,T,fit-eligible
ch4_water_binary,OU(2015),ch4,xc_saltfree,353,400,0,0,0,0,0,0,0.00328,,T,fit-eligible
ch4_water_binary,OU(2015),ch4,solubility_molality,353,400,0,0,0,0,0,0,0.1826668142,,T,fit-eligible
ch4_water_binary,OU(2015),ch4,xc_saltfree,353,500,0,0,0,0,0,0,0.00369,,T,fit-eligible
ch4_water_binary,OU(2015),ch4,solubility_molality,353,500,0,0,0,0,0,0,0.205584733,,T,fit-eligible
ch4_water_binary,OU(2015),ch4,xc_saltfree,353,700,0,0,0,0,0,0,0.00455,,T,fit-eligible
ch4_water_binary,OU(2015),ch4,solubility_molality,353,700,0,0,0,0,0,0,0.2537177955,,T,fit-eligible
ch4_water_binary,OU(2015),ch4,xc_saltfree,353,900,0,0,0,0,0,0,0.0053,,T,fit-eligible
ch4_water_binary,OU(2015),ch4,solubility_molality,353,900,0,0,0,0,0,0,0.2957622457,,T,fit-eligible
ch4_water_binary,OU(2015),ch4,xc_saltfree,353,1200,0,0,0,0,0,0,0.00628,,T,fit-eligible
ch4_water_binary,OU(2015),ch4,solubility_molality,353,1200,0,0,0,0,0,0,0.3507959709,,T,fit-eligible
ch4_water_binary,OU(2015),ch4,xc_saltfree,353,1400,0,0,0,0,0,0,0.00697,,T,fit-eligible
ch4_water_binary,OU(2015),ch4,solubility_molality,353,1400,0,0,0,0,0,0,0.3896093697,,T,fit-eligible
ch4_water_binary,SUSAK(1980),ch4,xc_saltfree,373,68.9,0,0,0,0,0,0,0.0009,,T,fit-eligible
ch4_water_binary,SUSAK(1980),ch4,solubility_molality,373,68.9,0,0,0,0,0,0,0.05000259389,,T,fit-eligible
ch4_water_binary,SUSAK(1980),ch4,xc_saltfree,373,172.4,0,0,0,0,0,0,0.00189,,R,fit-eligible
ch4_water_binary,SUSAK(1980),ch4,solubility_molality,373,172.4,0,0,0,0,0,0,0.1051095994,,R,fit-eligible
ch4_water_binary,SUSAK(1980),ch4,xc_saltfree,373,344.7,0,0,0,0,0,0,0.00305,,T,fit-eligible
ch4_water_binary,SUSAK(1980),ch4,solubility_molality,373,344.7,0,0,0,0,0,0,0.1698186739,,T,fit-eligible
ch4_water_binary,SUSAK(1980),ch4,xc_saltfree,373,689.5,0,0,0,0,0,0,0.00459,,T,fit-eligible
ch4_water_binary,SUSAK(1980),ch4,solubility_molality,373,689.5,0,0,0,0,0,0,0.2559585668,,T,fit-eligible
ch4_water_binary,SUSAK(1980),ch4,xc_saltfree,373,1034.2,0,0,0,0,0,0,0.00565,,T,fit-eligible
ch4_water_binary,SUSAK(1980),ch4,solubility_molality,373,1034.2,0,0,0,0,0,0,0.3154046946,,T,fit-eligible
ch4_water_binary,SUSAK(1980),ch4,xc_saltfree,373,1379,0,0,0,0,0,0,0.00646,,T,fit-eligible
ch4_water_binary,SUSAK(1980),ch4,solubility_molality,373,1379,0,0,0,0,0,0,0.3609160079,,T,fit-eligible
ch4_water_binary,CARROLL(1998),ch4,xc_saltfree,373,13.7,0,0,0,0,0,0,0.000193,,T,fit-eligible
ch4_water_binary,CARROLL(1998),ch4,solubility_molality,373,13.7,0,0,0,0,0,0,0.010715196,,T,fit-eligible
ch4_water_binary,CARROLL(1998),ch4,xc_saltfree,373,37.2,0,0,0,0,0,0,0.000528,,T,fit-eligible
ch4_water_binary,CARROLL(1998),ch4,solubility_molality,373,37.2,0,0,0,0,0,0,0.02932393675,,T,fit-eligible
ch4_water_binary,CARROLL(1998),ch4,xc_saltfree,373,64.8,0,0,0,0,0,0,0.000913,,T,fit-eligible
ch4_water_binary,CARROLL(1998),ch4,solubility_molality,373,64.8,0,0,0,0,0,0,0.05072551361,,T,fit-eligible
ch4_water_binary,CARROLL(1998),ch4,xc_saltfree,373,98.5,0,0,0,0,0,0,0.00126,,R,fit-eligible
ch4_water_binary,CARROLL(1998),ch4,solubility_molality,373,98.5,0,0,0,0,0,0,0.07002886455,,R,fit-eligible
ch4_water_binary,CARROLL(1998),ch4,xc_saltfree,373,136.1,0,0,0,0,0,0,0.00166,,T,fit-eligible
ch4_water_binary,CARROLL(1998),ch4,solubility_molality,373,136.1,0,0,0,0,0,0,0.09229721558,,T,fit-eligible
ch4_water_binary,CARROLL(1998),ch4,xc_saltfree,373,170.7,0,0,0,0,0,0,0.00196,,R,fit-eligible
ch4_water_binary,CARROLL(1998),ch4,solubility_molality,373,170.7,0,0,0,0,0,0,0.1090101927,,R,fit-eligible
ch4_water_binary,KIEPE(2003),ch4,xc_saltfree,373,5.4,0,0,0,0,0,0,7e-05,,T,fit-eligible
ch4_water_binary,KIEPE(2003),ch4,solubility_molality,373,5.4,0,0,0,0,0,0,0.003885862465,,T,fit-eligible
ch4_water_binary,KIEPE(2003),ch4,xc_saltfree,373,11.4,0,0,0,0,0,0,0.00016,,T,fit-eligible
ch4_water_binary,KIEPE(2003),ch4,solubility_molality,373,11.4,0,0,0,0,0,0,0.008882770853,,T,fit-eligible
ch4_water_binary,KIEPE(2003),ch4,xc_saltfree,373,17.9,0,0,0,0,0,0,0.00026,,T,fit-eligible
ch4_water_binary,KIEPE(2003),ch4,solubility_molality,373,17.9,0,0,0,0,0,0,0.01443594646,,T,fit-eligible
ch4_water_binary,KIEPE(2003),ch4,xc_saltfree,373,36.4,0,0,0,0,0,0,0.00052,,T,fit-eligible
ch4_water_binary,KIEPE(2003),ch4,solubility_molality,373,36.4,0,0,0,0,0,0,0.02887940352,,T,fit-eligible
ch4_water_binary,KIEPE(2003),ch4,xc_saltfree,373,67,0,0,0,0,0,0,0.00093,,T,fit-eligible
ch4_water_binary,KIEPE(2003),ch4,solubility_molality,373,67,0,0,0,0,0,0,0.05167089854,,T,fit-eligible
ch4_water_binary,KIEPE(2003),ch4,xc_saltfree,373,78.3,0,0,0,0,0,0,0.00108,,T,fit-eligible
ch4_water_binary,KIEPE(2003),ch4,solubility_molality,373,78.3,0,0,0,0,0,0,0.06001392491,,T,fit-eligible
ch4_water_binary,KIEPE(2003),ch4,xc_saltfree,373,92.6,0,0,0,0,0,0,0.00125,,T,fit-eligible
ch4_water_binary,KIEPE(2003),ch4,solubility_molality,373,92.6,0,0,0,0,0,0,0.06947238431,,T,fit-eligible
ch4_water_binary,MICHELS(1936),ch4,xc_saltfree,373,49,0,0,0,0,0,0,0.00066,,R,fit-eligible
ch4_water_binary,MICHELS(1936),ch4,solubility_molality,373,49,0,0,0,0,0,0,0.03665976258,,R,fit-eligible
ch4_water_binary,MICHELS(1936),ch4,xc_saltfree,373,82.1,0,0,0,0,0,0,0.00101,,T,fit-eligible
ch4_water_binary,MICHELS(1936),ch4,solubility_molality,373,82.1,0,0,0,0,0,0,0.05612020082,,T,fit-eligible
ch4_water_binary,MICHELS(1936),ch4,xc_saltfree,373,112.9,0,0,0,0,0,0,0.00127,,T,fit-eligible
ch4_water_binary,MICHELS(1936),ch4,solubility_molality,373,112.9,0,0,0,0,0,0,0.07058535593,,T,fit-eligible
ch4_water_binary,MICHELS(1936),ch4,xc_saltfree,373,147.3,0,0,0,0,0,0,0.00152,,T,fit-eligible
ch4_water_binary,MICHELS(1936),ch4,solubility_molality,373,147.3,0,0,0,0,0,0,0.08450126321,,T,fit-eligible
ch4_water_binary,MICHELS(1936),ch4,xc_saltfree,373,180.4,0,0,0,0,0,0,0.00171,,T,fit-eligible
ch4_water_binary,MICHELS(1936),ch4,solubility_molality,373,180.4,0,0,0,0,0,0,0.0950820142,,T,fit-eligible
ch4_water_binary,MICHELS(1936),ch4,xc_saltfree,373,209.2,0,0,0,0,0,0,0.00184,,T,fit-eligible
ch4_water_binary,MICHELS(1936),ch4,solubility_molality,373,209.2,0,0,0,0,0,0,0.1023237963,,T,fit-eligible
ch4_water_binary,OU(2015),ch4,xc_saltfree,373,50,0,0,0,0,0,0,0.00065,,R,fit-eligible
ch4_water_binary,OU(2015),ch4,solubility_molality,373,50,0,0,0,0,0,0,0.03610395036,,R,fit-eligible
ch4_water_binary,OU(2015),ch4,xc_saltfree,373,100,0,0,0,0,0,0,0.00126,,R,fit-eligible
ch4_water_binary,OU(2015),ch4,solubility_molality,373,100,0,0,0,0,0,0,0.07002886455,,R,fit-eligible
ch4_water_binary,OU(2015),ch4,xc_saltfree,373,200,0,0,0,0,0,0,0.00224,,T,fit-eligible
ch4_water_binary,OU(2015),ch4,solubility_molality,373,200,0,0,0,0,0,0,0.1246180389,,T,fit-eligible
ch4_water_binary,OU(2015),ch4,xc_saltfree,373,300,0,0,0,0,0,0,0.00289,,T,fit-eligible
ch4_water_binary,OU(2015),ch4,solubility_molality,373,300,0,0,0,0,0,0,0.1608843331,,T,fit-eligible
ch4_water_binary,OU(2015),ch4,xc_saltfree,373,400,0,0,0,0,0,0,0.00353,,T,fit-eligible
ch4_water_binary,OU(2015),ch4,solubility_molality,373,400,0,0,0,0,0,0,0.1966389111,,T,fit-eligible
ch4_water_binary,OU(2015),ch4,xc_saltfree,373,500,0,0,0,0,0,0,0.00389,,T,fit-eligible
ch4_water_binary,OU(2015),ch4,solubility_molality,373,500,0,0,0,0,0,0,0.2167710518,,T,fit-eligible
ch4_water_binary,OU(2015),ch4,xc_saltfree,373,700,0,0,0,0,0,0,0.00493,,T,fit-eligible
ch4_water_binary,OU(2015),ch4,solubility_molality,373,700,0,0,0,0,0,0,0.275012396,,T,fit-eligible
ch4_water_binary,OU(2015),ch4,xc_saltfree,373,900,0,0,0,0,0,0,0.00567,,T,fit-eligible
ch4_water_binary,OU(2015),ch4,solubility_molality,373,900,0,0,0,0,0,0,0.3165275379,,T,fit-eligible
ch4_water_binary,OU(2015),ch4,xc_saltfree,373,1200,0,0,0,0,0,0,0.00662,,T,fit-eligible
ch4_water_binary,OU(2015),ch4,solubility_molality,373,1200,0,0,0,0,0,0,0.3699146753,,T,fit-eligible
ch4_water_binary,OU(2015),ch4,xc_saltfree,373,1400,0,0,0,0,0,0,0.00738,,T,fit-eligible
ch4_water_binary,OU(2015),ch4,solubility_molality,373,1400,0,0,0,0,0,0,0.4126979617,,T,fit-eligible
ch4_water_binary,GAO(1997),ch4,xc_saltfree,375,56,0,0,0,0,0,0,0.000887,,T,fit-eligible
ch4_water_binary,GAO(1997),ch4,solubility_molality,375,56,0,0,0,0,0,0,0.04927969299,,T,fit-eligible
ch4_water_binary,GAO(1997),ch4,xc_saltfree,375,106,0,0,0,0,0,0,0.0014,,T,fit-eligible
ch4_water_binary,GAO(1997),ch4,solubility_molality,375,106,0,0,0,0,0,0,0.07782075815,,T,fit-eligible
ch4_water_binary,GAO(1997),ch4,xc_saltfree,375,206,0,0,0,0,0,0,0.002303,,R,fit-eligible
ch4_water_binary,GAO(1997),ch4,solubility_molality,375,206,0,0,0,0,0,0,0.1281310117,,R,fit-eligible
ch4_water_binary,GAO(1997),ch4,xc_saltfree,375,306,0,0,0,0,0,0,0.002884,,R,fit-eligible
ch4_water_binary,GAO(1997),ch4,solubility_molality,375,306,0,0,0,0,0,0,0.160549351,,R,fit-eligible
ch4_water_binary,GAO(1997),ch4,xc_saltfree,375,400,0,0,0,0,0,0,0.003381,,T,fit-eligible
ch4_water_binary,GAO(1997),ch4,solubility_molality,375,400,0,0,0,0,0,0,0.1883106974,,T,fit-eligible
ch4_water_binary,GAO(1997),ch4,xc_saltfree,375,500,0,0,0,0,0,0,0.003802,,T,fit-eligible
ch4_water_binary,GAO(1997),ch4,solubility_molality,375,500,0,0,0,0,0,0,0.2118485182,,T,fit-eligible
ch4_water_binary,GAO(1997),ch4,xc_saltfree,375,580,0,0,0,0,0,0,0.00411,,T,fit-eligible
ch4_water_binary,GAO(1997),ch4,solubility_molality,375,580,0,0,0,0,0,0,0.2290811918,,T,fit-eligible
ch4_water_binary,OSULLIVAN(1969),ch4,xc_saltfree,375,102.3,0,0,0,0,0,0,0.001355,,T,fit-eligible
ch4_water_binary,OSULLIVAN(1969),ch4,solubility_molality,375,102.3,0,0,0,0,0,0,0.07531598267,,T,fit-eligible
ch4_water_binary,OSULLIVAN(1969),ch4,xc_saltfree,375,203.6,0,0,0,0,0,0,0.002205,,R,fit-eligible
ch4_water_binary,OSULLIVAN(1969),ch4,solubility_molality,375,203.6,0,0,0,0,0,0,0.1226665791,,R,fit-eligible
ch4_water_binary,OSULLIVAN(1969),ch4,xc_saltfree,375,305.9,0,0,0,0,0,0,0.00287,,R,fit-eligible
ch4_water_binary,OSULLIVAN(1969),ch4,solubility_molality,375,305.9,0,0,0,0,0,0,0.159767742,,R,fit-eligible
ch4_water_binary,OSULLIVAN(1969),ch4,xc_saltfree,375,408.2,0,0,0,0,0,0,0.00333,,T,fit-eligible
ch4_water_binary,OSULLIVAN(1969),ch4,solubility_molality,375,408.2,0,0,0,0,0,0,0.1854606728,,T,fit-eligible
ch4_water_binary,OSULLIVAN(1969),ch4,xc_saltfree,375,509.5,0,0,0,0,0,0,0.00385,,T,fit-eligible
ch4_water_binary,OSULLIVAN(1969),ch4,solubility_molality,375,509.5,0,0,0,0,0,0,0.2145334287,,T,fit-eligible
ch4_water_binary,OSULLIVAN(1969),ch4,xc_saltfree,375,611.9,0,0,0,0,0,0,0.00419,,T,fit-eligible
ch4_water_binary,OSULLIVAN(1969),ch4,solubility_molality,375,611.9,0,0,0,0,0,0,0.2335589549,,T,fit-eligible
ch4_water_binary,QIN(2008),ch4,xc_saltfree,375,109,0,0,0,0,0,0,0.0014,,T,fit-eligible
ch4_water_binary,QIN(2008),ch4,solubility_molality,375,109,0,0,0,0,0,0,0.07782075815,,T,fit-eligible
ch4_water_binary,QIN(2008),ch4,xc_saltfree,375,206,0,0,0,0,0,0,0.0023,,R,fit-eligible
ch4_water_binary,QIN(2008),ch4,solubility_molality,375,206,0,0,0,0,0,0,0.1279637172,,R,fit-eligible
ch4_water_binary,QIN(2008),ch4,xc_saltfree,375,302,0,0,0,0,0,0,0.003,,R,fit-eligible
ch4_water_binary,QIN(2008),ch4,solubility_molality,375,302,0,0,0,0,0,0,0.1670263843,,R,fit-eligible
ch4_water_binary,QIN(2008),ch4,xc_saltfree,375,402,0,0,0,0,0,0,0.0035,,T,fit-eligible
ch4_water_binary,QIN(2008),ch4,solubility_molality,375,402,0,0,0,0,0,0,0.1949618893,,T,fit-eligible
ch4_water_binary,QIN(2008),ch4,xc_saltfree,375,499,0,0,0,0,0,0,0.0041,,T,fit-eligible
ch4_water_binary,QIN(2008),ch4,solubility_molality,375,499,0,0,0,0,0,0,0.228521522,,T,fit-eligible
ch4_water_binary,CULBERSON(1951),ch4,xc_saltfree,378,23,0,0,0,0,0,0,0.000323,,T,fit-eligible
ch4_water_binary,CULBERSON(1951),ch4,solubility_molality,378,23,0,0,0,0,0,0,0.01793501754,,T,fit-eligible
ch4_water_binary,CULBERSON(1951),ch4,xc_saltfree,378,32.1,0,0,0,0,0,0,0.000432,,T,fit-eligible
ch4_water_binary,CULBERSON(1951),ch4,solubility_molality,378,32.1,0,0,0,0,0,0,0.02399000763,,T,fit-eligible
ch4_water_binary,CULBERSON(1951),ch4,xc_saltfree,378,45,0,0,0,0,0,0,0.000611,,T,fit-eligible
ch4_water_binary,CULBERSON(1951),ch4,solubility_molality,378,45,0,0,0,0,0,0,0.03393638896,,T,fit-eligible
ch4_water_binary,CULBERSON(1951),ch4,xc_saltfree,378,65.2,0,0,0,0,0,0,0.000886,,T,fit-eligible
ch4_water_binary,CULBERSON(1951),ch4,solubility_molality,378,65.2,0,0,0,0,0,0,0.049224086,,T,fit-eligible
ch4_water_binary,CULBERSON(1951),ch4,xc_saltfree,378,90.3,0,0,0,0,0,0,0.001188,,T,fit-eligible
ch4_water_binary,CULBERSON(1951),ch4,solubility_molality,378,90.3,0,0,0,0,0,0,0.06602245553,,T,fit-eligible
ch4_water_binary,CULBERSON(1951),ch4,xc_saltfree,378,131,0,0,0,0,0,0,0.00156,,T,fit-eligible
ch4_water_binary,CULBERSON(1951),ch4,solubility_molality,378,131,0,0,0,0,0,0,0.08672845509,,T,fit-eligible
ch4_water_binary,CULBERSON(1951),ch4,xc_saltfree,378,174.8,0,0,0,0,0,0,0.00198,,T,fit-eligible
ch4_water_binary,CULBERSON(1951),ch4,solubility_molality,378,174.8,0,0,0,0,0,0,0.1101247484,,T,fit-eligible
ch4_water_binary,CULBERSON(1951),ch4,xc_saltfree,378,246.1,0,0,0,0,0,0,0.00251,,T,fit-eligible
ch4_water_binary,CULBERSON(1951),ch4,solubility_molality,378,246.1,0,0,0,0,0,0,0.1396767607,,T,fit-eligible
ch4_water_binary,CULBERSON(1951),ch4,xc_saltfree,378,342.3,0,0,0,0,0,0,0.00314,,T,fit-eligible
ch4_water_binary,CULBERSON(1951),ch4,solubility_molality,378,342.3,0,0,0,0,0,0,0.174845501,,T,fit-eligible
ch4_water_binary,CULBERSON(1951),ch4,xc_saltfree,378,449.9,0,0,0,0,0,0,0.00361,,T,fit-eligible
ch4_water_binary,CULBERSON(1951),ch4,solubility_molality,378,449.9,0,0,0,0,0,0,0.201111463,,T,fit-eligible
ch4_water_binary,CULBERSON(1951),ch4,xc_saltfree,378,564.7,0,0,0,0,0,0,0.00408,,T,fit-eligible
ch4_water_binary,CULBERSON(1951),ch4,solubility_molality,378,564.7,0,0,0,0,0,0,0.2274022161,,T,fit-eligible
ch4_water_binary,CULBERSON(1951),ch4,xc_saltfree,378,680.9,0,0,0,0,0,0,0.00451,,T,fit-eligible
ch4_water_binary,CULBERSON(1951),ch4,solubility_molality,378,680.9,0,0,0,0,0,0,0.2514772043,,T,fit-eligible
ch4_water_binary,OU(2015),ch4,xc_saltfree,393,50,0,0,0,0,0,0,0.00067,,T,fit-eligible
ch4_water_binary,OU(2015),ch4,solubility_molality,393,50,0,0,0,0,0,0,0.03721558593,,T,fit-eligible
ch4_water_binary,OU(2015),ch4,xc_saltfree,393,100,0,0,0,0,0,0,0.00135,,T,fit-eligible
ch4_water_binary,OU(2015),ch4,solubility_molality,393,100,0,0,0,0,0,0,0.07503768821,,T,fit-eligible
ch4_water_binary,OU(2015),ch4,xc_saltfree,393,200,0,0,0,0,0,0,0.00241,,T,fit-eligible
ch4_water_binary,OU(2015),ch4,solubility_molality,393,200,0,0,0,0,0,0,0.1340985059,,T,fit-eligible
ch4_water_binary,OU(2015),ch4,xc_saltfree,393,300,0,0,0,0,0,0,0.00316,,T,fit-eligible
ch4_water_binary,OU(2015),ch4,solubility_molality,393,300,0,0,0,0,0,0,0.1759626969,,T,fit-eligible
ch4_water_binary,OU(2015),ch4,xc_saltfree,393,400,0,0,0,0,0,0,0.00393,,T,fit-eligible
ch4_water_binary,OU(2015),ch4,solubility_molality,393,400,0,0,0,0,0,0,0.2190088546,,T,fit-eligible
ch4_water_binary,OU(2015),ch4,xc_saltfree,393,500,0,0,0,0,0,0,0.00434,,T,fit-eligible
ch4_water_binary,OU(2015),ch4,solubility_molality,393,500,0,0,0,0,0,0,0.2419567002,,T,fit-eligible
ch4_water_binary,OU(2015),ch4,xc_saltfree,393,700,0,0,0,0,0,0,0.00539,,T,fit-eligible
ch4_water_binary,OU(2015),ch4,solubility_molality,393,700,0,0,0,0,0,0,0.3008118408,,T,fit-eligible
ch4_water_binary,OU(2015),ch4,xc_saltfree,393,900,0,0,0,0,0,0,0.0063,,T,fit-eligible
ch4_water_binary,OU(2015),ch4,solubility_molality,393,900,0,0,0,0,0,0,0.3519202384,,T,fit-eligible
ch4_water_binary,OU(2015),ch4,xc_saltfree,393,1200,0,0,0,0,0,0,0.0074,,T,fit-eligible
ch4_water_binary,OU(2015),ch4,solubility_molality,393,1200,0,0,0,0,0,0,0.4138247224,,T,fit-eligible
ch4_water_binary,OU(2015),ch4,xc_saltfree,393,1400,0,0,0,0,0,0,0.00803,,T,fit-eligible
ch4_water_binary,OU(2015),ch4,solubility_molality,393,1400,0,0,0,0,0,0,0.4493409413,,T,fit-eligible
ch4_water_binary,CARROLL(1998),ch4,xc_saltfree,398,3.8,0,0,0,0,0,0,5.16e-05,,T,fit-eligible
ch4_water_binary,CARROLL(1998),ch4,solubility_molality,398,3.8,0,0,0,0,0,0,0.002864383051,,T,fit-eligible
ch4_water_binary,CARROLL(1998),ch4,xc_saltfree,398,11.6,0,0,0,0,0,0,0.000187,,T,fit-eligible
ch4_water_binary,CARROLL(1998),ch4,solubility_molality,398,11.6,0,0,0,0,0,0,0.01038201879,,T,fit-eligible
ch4_water_binary,CARROLL(1998),ch4,xc_saltfree,398,39.4,0,0,0,0,0,0,0.000592,,T,fit-eligible
ch4_water_binary,CARROLL(1998),ch4,solubility_molality,398,39.4,0,0,0,0,0,0,0.03288045879,,T,fit-eligible
ch4_water_binary,CARROLL(1998),ch4,xc_saltfree,398,68.3,0,0,0,0,0,0,0.000967,,R,fit-eligible
ch4_water_binary,CARROLL(1998),ch4,solubility_molality,398,68.3,0,0,0,0,0,0,0.05372861227,,R,fit-eligible
ch4_water_binary,CARROLL(1998),ch4,xc_saltfree,398,99,0,0,0,0,0,0,0.00128,,T,fit-eligible
ch4_water_binary,CARROLL(1998),ch4,solubility_molality,398,99,0,0,0,0,0,0,0.07114185846,,T,fit-eligible
ch4_water_binary,CARROLL(1998),ch4,xc_saltfree,398,135.7,0,0,0,0,0,0,0.00165,,T,fit-eligible
ch4_water_binary,CARROLL(1998),ch4,solubility_molality,398,135.7,0,0,0,0,0,0,0.09174028933,,T,fit-eligible
ch4_water_binary,CARROLL(1998),ch4,xc_saltfree,398,160.3,0,0,0,0,0,0,0.00194,,T,fit-eligible
ch4_water_binary,CARROLL(1998),ch4,solubility_molality,398,160.3,0,0,0,0,0,0,0.1078956816,,T,fit-eligible
ch4_water_binary,MICHELS(1936),ch4,xc_saltfree,398,49,0,0,0,0,0,0,0.00064,,T,fit-eligible
ch4_water_binary,MICHELS(1936),ch4,solubility_molality,398,49,0,0,0,0,0,0,0.03554814926,,T,fit-eligible
ch4_water_binary,MICHELS(1936),ch4,xc_saltfree,398,82.1,0,0,0,0,0,0,0.00098,,T,fit-eligible
ch4_water_binary,MICHELS(1936),ch4,solubility_molality,398,82.1,0,0,0,0,0,0,0.05445162896,,T,fit-eligible
ch4_water_binary,MICHELS(1936),ch4,xc_saltfree,398,112.9,0,0,0,0,0,0,0.00124,,T,fit-eligible
ch4_water_binary,MICHELS(1936),ch4,solubility_molality,398,112.9,0,0,0,0,0,0,0.06891591521,,T,fit-eligible
ch4_water_binary,MICHELS(1936),ch4,xc_saltfree,398,149.9,0,0,0,0,0,0,0.0015,,T,fit-eligible
ch4_water_binary,MICHELS(1936),ch4,solubility_molality,398,149.9,0,0,0,0,0,0,0.08338773419,,T,fit-eligible
ch4_water_binary,MICHELS(1936),ch4,xc_saltfree,398,181,0,0,0,0,0,0,0.00166,,T,fit-eligible
ch4_water_binary,MICHELS(1936),ch4,solubility_molality,398,181,0,0,0,0,0,0,0.09229721558,,T,fit-eligible
ch4_water_binary,MICHELS(1936),ch4,xc_saltfree,398,212.2,0,0,0,0,0,0,0.00179,,T,fit-eligible
ch4_water_binary,MICHELS(1936),ch4,solubility_molality,398,212.2,0,0,0,0,0,0,0.09953827227,,T,fit-eligible
ch4_water_binary,OSULLIVAN(1969),ch4,xc_saltfree,398,104.3,0,0,0,0,0,0,0.001434,,T,fit-eligible
ch4_water_binary,OSULLIVAN(1969),ch4,solubility_molality,398,104.3,0,0,0,0,0,0,0.0797134049,,T,fit-eligible
ch4_water_binary,OSULLIVAN(1969),ch4,xc_saltfree,398,206.7,0,0,0,0,0,0,0.002321,,T,fit-eligible
ch4_water_binary,OSULLIVAN(1969),ch4,solubility_molality,398,206.7,0,0,0,0,0,0,0.1291347996,,T,fit-eligible
ch4_water_binary,OSULLIVAN(1969),ch4,xc_saltfree,398,309,0,0,0,0,0,0,0.00296,,T,fit-eligible
ch4_water_binary,OSULLIVAN(1969),ch4,solubility_molality,398,309,0,0,0,0,0,0,0.1647927543,,T,fit-eligible
ch4_water_binary,OSULLIVAN(1969),ch4,xc_saltfree,398,410.3,0,0,0,0,0,0,0.00343,,T,fit-eligible
ch4_water_binary,OSULLIVAN(1969),ch4,solubility_molality,398,410.3,0,0,0,0,0,0,0.1910492311,,T,fit-eligible
ch4_water_binary,OSULLIVAN(1969),ch4,xc_saltfree,398,513.6,0,0,0,0,0,0,0.00396,,T,fit-eligible
ch4_water_binary,OSULLIVAN(1969),ch4,solubility_molality,398,513.6,0,0,0,0,0,0,0.2206873247,,T,fit-eligible
ch4_water_binary,OSULLIVAN(1969),ch4,xc_saltfree,398,615.9,0,0,0,0,0,0,0.0043,,T,fit-eligible
ch4_water_binary,OSULLIVAN(1969),ch4,solubility_molality,398,615.9,0,0,0,0,0,0,0.2397170541,,T,fit-eligible
ch4_water_binary,SUSAK(1980),ch4,xc_saltfree,398,68.9,0,0,0,0,0,0,0.00099,,R,fit-eligible
ch4_water_binary,SUSAK(1980),ch4,solubility_molality,398,68.9,0,0,0,0,0,0,0.05500780844,,R,fit-eligible
ch4_water_binary,SUSAK(1980),ch4,xc_saltfree,398,172.4,0,0,0,0,0,0,0.00214,,T,fit-eligible
ch4_water_binary,SUSAK(1980),ch4,solubility_molality,398,172.4,0,0,0,0,0,0,0.1190428026,,T,fit-eligible
ch4_water_binary,SUSAK(1980),ch4,xc_saltfree,398,344.7,0,0,0,0,0,0,0.00351,,T,fit-eligible
ch4_water_binary,SUSAK(1980),ch4,solubility_molality,398,344.7,0,0,0,0,0,0,0.1955208854,,T,fit-eligible
ch4_water_binary,SUSAK(1980),ch4,xc_saltfree,398,689.5,0,0,0,0,0,0,0.00535,,T,fit-eligible
ch4_water_binary,SUSAK(1980),ch4,solubility_molality,398,689.5,0,0,0,0,0,0,0.2985674635,,T,fit-eligible
ch4_water_binary,SUSAK(1980),ch4,xc_saltfree,398,1034.2,0,0,0,0,0,0,0.00663,,T,fit-eligible
ch4_water_binary,SUSAK(1980),ch4,solubility_molality,398,1034.2,0,0,0,0,0,0,0.3704771882,,T,fit-eligible
ch4_water_binary,SUSAK(1980),ch4,xc_saltfree,398,1379,0,0,0,0,0,0,0.00762,,T,fit-eligible
ch4_water_binary,SUSAK(1980),ch4,solubility_molality,398,1379,0,0,0,0,0,0,0.4262220875,,T,fit-eligible
ch4_water_binary,CULBERSON(1951),ch4,xc_saltfree,411,23.2,0,0,0,0,0,0,0.000326,,T,fit-eligible
ch4_water_binary,CULBERSON(1951),ch4,solubility_molality,411,23.2,0,0,0,0,0,0,0.01810165097,,T,fit-eligible
ch4_water_binary,CULBERSON(1951),ch4,xc_saltfree,411,32,0,0,0,0,0,0,0.00046,,T,fit-eligible
ch4_water_binary,CULBERSON(1951),ch4,solubility_molality,411,32,0,0,0,0,0,0,0.02554563112,,T,fit-eligible
ch4_water_binary,CULBERSON(1951),ch4,xc_saltfree,411,45.1,0,0,0,0,0,0,0.000673,,T,fit-eligible
ch4_water_binary,CULBERSON(1951),ch4,solubility_molality,411,45.1,0,0,0,0,0,0,0.03738233511,,T,fit-eligible
ch4_water_binary,CULBERSON(1951),ch4,xc_saltfree,411,64.9,0,0,0,0,0,0,0.000938,,T,fit-eligible
ch4_water_binary,CULBERSON(1951),ch4,solubility_molality,411,64.9,0,0,0,0,0,0,0.05211579671,,T,fit-eligible
ch4_water_binary,CULBERSON(1951),ch4,xc_saltfree,411,90.3,0,0,0,0,0,0,0.001326,,T,fit-eligible
ch4_water_binary,CULBERSON(1951),ch4,solubility_molality,411,90.3,0,0,0,0,0,0,0.07370191363,,T,fit-eligible
ch4_water_binary,CULBERSON(1951),ch4,xc_saltfree,411,131,0,0,0,0,0,0,0.001857,,T,fit-eligible
ch4_water_binary,CULBERSON(1951),ch4,solubility_molality,411,131,0,0,0,0,0,0,0.103270938,,T,fit-eligible
ch4_water_binary,CULBERSON(1951),ch4,xc_saltfree,411,171,0,0,0,0,0,0,0.002346,,T,fit-eligible
ch4_water_binary,CULBERSON(1951),ch4,solubility_molality,411,171,0,0,0,0,0,0,0.1305290097,,T,fit-eligible
ch4_water_binary,CULBERSON(1951),ch4,xc_saltfree,411,245.1,0,0,0,0,0,0,0.003015,,T,fit-eligible
ch4_water_binary,CULBERSON(1951),ch4,solubility_molality,411,245.1,0,0,0,0,0,0,0.1678640418,,T,fit-eligible
ch4_water_binary,CULBERSON(1951),ch4,xc_saltfree,411,343,0,0,0,0,0,0,0.003805,,T,fit-eligible
ch4_water_binary,CULBERSON(1951),ch4,solubility_molality,411,343,0,0,0,0,0,0,0.2120163175,,T,fit-eligible
ch4_water_binary,CULBERSON(1951),ch4,xc_saltfree,411,449.9,0,0,0,0,0,0,0.00449,,T,fit-eligible
ch4_water_binary,CULBERSON(1951),ch4,solubility_molality,411,449.9,0,0,0,0,0,0,0.2503569763,,T,fit-eligible
ch4_water_binary,CULBERSON(1951),ch4,xc_saltfree,411,570.2,0,0,0,0,0,0,0.00518,,T,fit-eligible
ch4_water_binary,CULBERSON(1951),ch4,solubility_molality,411,570.2,0,0,0,0,0,0,0.2890308735,,T,fit-eligible
ch4_water_binary,CULBERSON(1951),ch4,xc_saltfree,411,678.1,0,0,0,0,0,0,0.00574,,T,fit-eligible
ch4_water_binary,CULBERSON(1951),ch4,solubility_molality,411,678.1,0,0,0,0,0,0,0.3204578453,,T,fit-eligible
ch4_water_binary,OU(2015),ch4,xc_saltfree,413,50,0,0,0,0,0,0,0.00072,,T,fit-eligible
ch4_water_binary,OU(2015),ch4,solubility_molality,413,50,0,0,0,0,0,0,0.03999486955,,T,fit-eligible
ch4_water_binary,OU(2015),ch4,xc_saltfree,413,100,0,0,0,0,0,0,0.00151,,T,fit-eligible
ch4_water_binary,OU(2015),ch4,solubility_molality,413,100,0,0,0,0,0,0,0.08394449313,,T,fit-eligible
ch4_water_binary,OU(2015),ch4,xc_saltfree,413,200,0,0,0,0,0,0,0.00273,,T,fit-eligible
ch4_water_binary,OU(2015),ch4,solubility_molality,413,200,0,0,0,0,0,0,0.151952859,,T,fit-eligible
ch4_water_binary,OU(2015),ch4,xc_saltfree,413,300,0,0,0,0,0,0,0.0036,,T,fit-eligible
ch4_water_binary,OU(2015),ch4,solubility_molality,413,300,0,0,0,0,0,0,0.2005523547,,T,fit-eligible
ch4_water_binary,OU(2015),ch4,xc_saltfree,413,400,0,0,0,0,0,0,0.00453,,T,fit-eligible
ch4_water_binary,OU(2015),ch4,solubility_molality,413,400,0,0,0,0,0,0,0.2525974774,,T,fit-eligible
ch4_water_binary,OU(2015),ch4,xc_saltfree,413,500,0,0,0,0,0,0,0.00498,,T,fit-eligible
ch4_water_binary,OU(2015),ch4,solubility_molality,413,500,0,0,0,0,0,0,0.2778155279,,T,fit-eligible
ch4_water_binary,OU(2015),ch4,xc_saltfree,413,700,0,0,0,0,0,0,0.00628,,T,fit-eligible
ch4_water_binary,OU(2015),ch4,solubility_molality,413,700,0,0,0,0,0,0,0.3507959709,,T,fit-eligible
ch4_water_binary,OU(2015),ch4,xc_saltfree,413,900,0,0,0,0,0,0,0.00731,,T,fit-eligible
ch4_water_binary,OU(2015),ch4,solubility_molality,413,900,0,0,0,0,0,0,0.4087546568,,T,fit-eligible
ch4_water_binary,OU(2015),ch4,xc_saltfree,413,1200,0,0,0,0,0,0,0.00841,,T,fit-eligible
ch4_water_binary,OU(2015),ch4,solubility_molality,413,1200,0,0,0,0,0,0,0.4707852428,,T,fit-eligible
ch4_water_binary,OU(2015),ch4,xc_saltfree,413,1400,0,0,0,0,0,0,0.00917,,T,fit-eligible
ch4_water_binary,OU(2015),ch4,solubility_molality,413,1400,0,0,0,0,0,0,0.5137231912,,T,fit-eligible
ch4_water_binary,SUSAK(1980),ch4,xc_saltfree,423,68.9,0,0,0,0,0,0,0.00115,,T,fit-eligible
ch4_water_binary,SUSAK(1980),ch4,solubility_molality,423,68.9,0,0,0,0,0,0,0.06390819475,,T,fit-eligible
ch4_water_binary,SUSAK(1980),ch4,xc_saltfree,423,172.4,0,0,0,0,0,0,0.00255,,T,fit-eligible
ch4_water_binary,SUSAK(1980),ch4,solubility_molality,423,172.4,0,0,0,0,0,0,0.1419083758,,T,fit-eligible
ch4_water_binary,SUSAK(1980),ch4,xc_saltfree,423,344.7,0,0,0,0,0,0,0.00426,,T,fit-eligible
ch4_water_binary,SUSAK(1980),ch4,solubility_molality,423,344.7,0,0,0,0,0,0,0.2374775879,,T,fit-eligible
ch4_water_binary,SUSAK(1980),ch4,xc_saltfree,423,689.5,0,0,0,0,0,0,0.00656,,T,fit-eligible
ch4_water_binary,SUSAK(1980),ch4,solubility_molality,423,689.5,0,0,0,0,0,0,0.3665398353,,T,fit-eligible
ch4_water_binary,SUSAK(1980),ch4,xc_saltfree,423,1034.2,0,0,0,0,0,0,0.00817,,T,fit-eligible
ch4_water_binary,SUSAK(1980),ch4,solubility_molality,423,1034.2,0,0,0,0,0,0,0.4572395617,,T,fit-eligible
ch4_water_binary,SUSAK(1980),ch4,xc_saltfree,423,1379,0,0,0,0,0,0,0.00943,,T,fit-eligible
ch4_water_binary,SUSAK(1980),ch4,solubility_molality,423,1379,0,0,0,0,0,0,0.528427615,,T,fit-eligible
ch4_water_binary,SULTANOV(1972),ch4,xc_saltfree,423,49,0,0,0,0,0,0,0.0008,,T,fit-eligible
ch4_water_binary,SULTANOV(1972),ch4,solubility_molality,423,49,0,0,0,0,0,0,0.04444230189,,T,fit-eligible
ch4_water_binary,SULTANOV(1972),ch4,xc_saltfree,423,98,0,0,0,0,0,0,0.00149,,T,fit-eligible
ch4_water_binary,SULTANOV(1972),ch4,solubility_molality,423,98,0,0,0,0,0,0,0.08283098641,,T,fit-eligible
ch4_water_binary,SULTANOV(1972),ch4,xc_saltfree,423,147.1,0,0,0,0,0,0,0.00229,,T,fit-eligible
ch4_water_binary,SULTANOV(1972),ch4,solubility_molality,423,147.1,0,0,0,0,0,0,0.1274060762,,T,fit-eligible
ch4_water_binary,SULTANOV(1972),ch4,xc_saltfree,423,196.2,0,0,0,0,0,0,0.003,,T,fit-eligible
ch4_water_binary,SULTANOV(1972),ch4,solubility_molality,423,196.2,0,0,0,0,0,0,0.1670263843,,T,fit-eligible
ch4_water_binary,SULTANOV(1972),ch4,xc_saltfree,423,245.2,0,0,0,0,0,0,0.0034,,T,fit-eligible
ch4_water_binary,SULTANOV(1972),ch4,solubility_molality,423,245.2,0,0,0,0,0,0,0.1893725459,,T,fit-eligible
ch4_water_binary,SULTANOV(1972),ch4,xc_saltfree,423,294.2,0,0,0,0,0,0,0.0038,,T,fit-eligible
ch4_water_binary,SULTANOV(1972),ch4,solubility_molality,423,294.2,0,0,0,0,0,0,0.2117366525,,T,fit-eligible
ch4_water_binary,SULTANOV(1972),ch4,xc_saltfree,423,392.2,0,0,0,0,0,0,0.00471,,T,fit-eligible
ch4_water_binary,SULTANOV(1972),ch4,solubility_molality,423,392.2,0,0,0,0,0,0,0.2626819612,,T,fit-eligible
ch4_water_binary,SULTANOV(1972),ch4,xc_saltfree,423,490.4,0,0,0,0,0,0,0.00541,,T,fit-eligible
ch4_water_binary,SULTANOV(1972),ch4,solubility_molality,423,490.4,0,0,0,0,0,0,0.3019340971,,T,fit-eligible
ch4_water_binary,SULTANOV(1972),ch4,xc_saltfree,423,588.4,0,0,0,0,0,0,0.00602,,T,fit-eligible
ch4_water_binary,SULTANOV(1972),ch4,solubility_molality,423,588.4,0,0,0,0,0,0,0.3361846104,,T,fit-eligible
ch4_water_binary,SULTANOV(1972),ch4,xc_saltfree,423,784.6,0,0,0,0,0,0,0.00724,,T,fit-eligible
ch4_water_binary,SULTANOV(1972),ch4,solubility_molality,423,784.6,0,0,0,0,0,0,0.4048119081,,T,fit-eligible
ch4_water_binary,SULTANOV(1972),ch4,xc_saltfree,423,980.4,0,0,0,0,0,0,0.00805,,T,fit-eligible
ch4_water_binary,SULTANOV(1972),ch4,solubility_molality,423,980.4,0,0,0,0,0,0,0.4504691791,,T,fit-eligible
ch4_water_binary,SULTANOV(1972),ch4,xc_saltfree,423,1078.7,0,0,0,0,0,0,0.00814,,T,fit-eligible
ch4_water_binary,SULTANOV(1972),ch4,solubility_molality,423,1078.7,0,0,0,0,0,0,0.4555468125,,T,fit-eligible
ch4_water_binary,PRICE(1979),ch4,xc_saltfree,427,35.4,0,0,0,0,0,0,0.000741,,T,fit-eligible
ch4_water_binary,PRICE(1979),ch4,solubility_molality,427,35.4,0,0,0,0,0,0,0.04116225161,,T,fit-eligible
ch4_water_binary,PRICE(1979),ch4,xc_saltfree,427,152,0,0,0,0,0,0,0.002859,,T,fit-eligible
ch4_water_binary,PRICE(1979),ch4,solubility_molality,427,152,0,0,0,0,0,0,0.1591536361,,T,fit-eligible
ch4_water_binary,PRICE(1979),ch4,xc_saltfree,427,320.3,0,0,0,0,0,0,0.004514,,T,fit-eligible
ch4_water_binary,PRICE(1979),ch4,solubility_molality,427,320.3,0,0,0,0,0,0,0.2517012553,,T,fit-eligible
ch4_water_binary,PRICE(1979),ch4,xc_saltfree,427,468.2,0,0,0,0,0,0,0.00551,,T,fit-eligible
ch4_water_binary,PRICE(1979),ch4,solubility_molality,427,468.2,0,0,0,0,0,0,0.307546056,,T,fit-eligible
ch4_water_binary,PRICE(1979),ch4,xc_saltfree,427,672.9,0,0,0,0,0,0,0.006125,,T,fit-eligible
ch4_water_binary,PRICE(1979),ch4,solubility_molality,427,672.9,0,0,0,0,0,0,0.3420844319,,T,fit-eligible
ch4_water_binary,PRICE(1979),ch4,xc_saltfree,427,873.6,0,0,0,0,0,0,0.006526,,T,fit-eligible
ch4_water_binary,PRICE(1979),ch4,solubility_molality,427,873.6,0,0,0,0,0,0,0.364627607,,T,fit-eligible
ch4_water_binary,PRICE(1979),ch4,xc_saltfree,427,1052.1,0,0,0,0,0,0,0.007703,,T,fit-eligible
ch4_water_binary,PRICE(1979),ch4,solubility_molality,427,1052.1,0,0,0,0,0,0,0.4309007034,,T,fit-eligible
ch4_water_binary,PRICE(1979),ch4,xc_saltfree,427,1259,0,0,0,0,0,0,0.008832,,T,fit-eligible
ch4_water_binary,PRICE(1979),ch4,solubility_molality,427,1259,0,0,0,0,0,0,0.4946189732,,T,fit-eligible
ch4_water_binary,PRICE(1979),ch4,xc_saltfree,427,1639.6,0,0,0,0,0,0,0.010325,,T,fit-eligible
ch4_water_binary,PRICE(1979),ch4,solubility_molality,427,1639.6,0,0,0,0,0,0,0.5791038392,,T,fit-eligible
ch4_water_binary,OU(2015),ch4,xc_saltfree,433,50,0,0,0,0,0,0,0.00081,,T,fit-eligible
ch4_water_binary,OU(2015),ch4,solubility_molality,433,50,0,0,0,0,0,0,0.04499828101,,T,fit-eligible
ch4_water_binary,OU(2015),ch4,xc_saltfree,433,100,0,0,0,0,0,0,0.00173,,T,fit-eligible
ch4_water_binary,OU(2015),ch4,solubility_molality,433,100,0,0,0,0,0,0,0.09619601176,,T,fit-eligible
ch4_water_binary,OU(2015),ch4,xc_saltfree,433,200,0,0,0,0,0,0,0.00318,,T,fit-eligible
ch4_water_binary,OU(2015),ch4,solubility_molality,433,200,0,0,0,0,0,0,0.1770799377,,T,fit-eligible
ch4_water_binary,OU(2015),ch4,xc_saltfree,433,300,0,0,0,0,0,0,0.00423,,T,fit-eligible
ch4_water_binary,OU(2015),ch4,solubility_molality,433,300,0,0,0,0,0,0,0.2357981063,,T,fit-eligible
ch4_water_binary,OU(2015),ch4,xc_saltfree,433,400,0,0,0,0,0,0,0.00532,,T,fit-eligible
ch4_water_binary,OU(2015),ch4,solubility_molality,433,400,0,0,0,0,0,0,0.296884299,,T,fit-eligible
ch4_water_binary,OU(2015),ch4,xc_saltfree,433,500,0,0,0,0,0,0,0.00589,,T,fit-eligible
ch4_water_binary,OU(2015),ch4,solubility_molality,433,500,0,0,0,0,0,0,0.3288817963,,T,fit-eligible
ch4_water_binary,OU(2015),ch4,xc_saltfree,433,700,0,0,0,0,0,0,0.00745,,T,fit-eligible
ch4_water_binary,OU(2015),ch4,solubility_molality,433,700,0,0,0,0,0,0,0.4166418228,,T,fit-eligible
ch4_water_binary,OU(2015),ch4,xc_saltfree,433,900,0,0,0,0,0,0,0.0085,,T,fit-eligible
ch4_water_binary,OU(2015),ch4,solubility_molality,433,900,0,0,0,0,0,0,0.4758665638,,T,fit-eligible
ch4_water_binary,OU(2015),ch4,xc_saltfree,433,1200,0,0,0,0,0,0,0.00975,,T,fit-eligible
ch4_water_binary,OU(2015),ch4,solubility_molality,433,1200,0,0,0,0,0,0,0.5465359675,,T,fit-eligible
ch4_water_binary,OU(2015),ch4,xc_saltfree,433,1400,0,0,0,0,0,0,0.01049,,T,fit-eligible
ch4_water_binary,OU(2015),ch4,solubility_molality,433,1400,0,0,0,0,0,0,0.5884563913,,T,fit-eligible
ch4_water_binary,CULBERSON(1951),ch4,xc_saltfree,443,22.3,0,0,0,0,0,0,0.000323,,T,fit-eligible
ch4_water_binary,CULBERSON(1951),ch4,solubility_molality,443,22.3,0,0,0,0,0,0,0.01793501754,,T,fit-eligible
ch4_water_binary,CULBERSON(1951),ch4,xc_saltfree,443,32.8,0,0,0,0,0,0,0.000535,,T,fit-eligible
ch4_water_binary,CULBERSON(1951),ch4,solubility_molality,443,32.8,0,0,0,0,0,0,0.02971290916,,T,fit-eligible
ch4_water_binary,CULBERSON(1951),ch4,xc_saltfree,443,45.6,0,0,0,0,0,0,0.000789,,T,fit-eligible
ch4_water_binary,CULBERSON(1951),ch4,solubility_molality,443,45.6,0,0,0,0,0,0,0.04383073772,,T,fit-eligible
ch4_water_binary,CULBERSON(1951),ch4,xc_saltfree,443,65.4,0,0,0,0,0,0,0.00115,,T,fit-eligible
ch4_water_binary,CULBERSON(1951),ch4,solubility_molality,443,65.4,0,0,0,0,0,0,0.06390819475,,T,fit-eligible
ch4_water_binary,CULBERSON(1951),ch4,xc_saltfree,443,93.8,0,0,0,0,0,0,0.001725,,T,fit-eligible
ch4_water_binary,CULBERSON(1951),ch4,solubility_molality,443,93.8,0,0,0,0,0,0,0.09591750818,,T,fit-eligible
ch4_water_binary,CULBERSON(1951),ch4,xc_saltfree,443,132.4,0,0,0,0,0,0,0.002355,,T,fit-eligible
ch4_water_binary,CULBERSON(1951),ch4,solubility_molality,443,132.4,0,0,0,0,0,0,0.1310309424,,T,fit-eligible
ch4_water_binary,CULBERSON(1951),ch4,xc_saltfree,443,177.9,0,0,0,0,0,0,0.003025,,T,fit-eligible
ch4_water_binary,CULBERSON(1951),ch4,solubility_molality,443,177.9,0,0,0,0,0,0,0.1684224941,,T,fit-eligible
ch4_water_binary,CULBERSON(1951),ch4,xc_saltfree,443,246.8,0,0,0,0,0,0,0.003835,,T,fit-eligible
ch4_water_binary,CULBERSON(1951),ch4,solubility_molality,443,246.8,0,0,0,0,0,0,0.2136943664,,T,fit-eligible
ch4_water_binary,CULBERSON(1951),ch4,xc_saltfree,443,347.8,0,0,0,0,0,0,0.004875,,T,fit-eligible
ch4_water_binary,CULBERSON(1951),ch4,solubility_molality,443,347.8,0,0,0,0,0,0,0.2719292761,,T,fit-eligible
ch4_water_binary,CULBERSON(1951),ch4,xc_saltfree,443,449.9,0,0,0,0,0,0,0.00595,,T,fit-eligible
ch4_water_binary,CULBERSON(1951),ch4,solubility_molality,443,449.9,0,0,0,0,0,0,0.3322520885,,T,fit-eligible
ch4_water_binary,CULBERSON(1951),ch4,xc_saltfree,443,566.1,0,0,0,0,0,0,0.0068,,T,fit-eligible
ch4_water_binary,CULBERSON(1951),ch4,solubility_molality,443,566.1,0,0,0,0,0,0,0.3800416416,,T,fit-eligible
ch4_water_binary,CULBERSON(1951),ch4,xc_saltfree,443,689.1,0,0,0,0,0,0,0.00775,,T,fit-eligible
ch4_water_binary,CULBERSON(1951),ch4,solubility_molality,443,689.1,0,0,0,0,0,0,0.4335503872,,T,fit-eligible
ch4_water_binary,SUSAK(1980),ch4,xc_saltfree,448,68.9,0,0,0,0,0,0,0.00136,,T,fit-eligible
ch4_water_binary,SUSAK(1980),ch4,solubility_molality,448,68.9,0,0,0,0,0,0,0.0755942799,,T,fit-eligible
ch4_water_binary,SUSAK(1980),ch4,xc_saltfree,448,172.4,0,0,0,0,0,0,0.00317,,T,fit-eligible
ch4_water_binary,SUSAK(1980),ch4,solubility_molality,448,172.4,0,0,0,0,0,0,0.1765213117,,T,fit-eligible
ch4_water_binary,SUSAK(1980),ch4,xc_saltfree,448,344.7,0,0,0,0,0,0,0.00537,,T,fit-eligible
ch4_water_binary,SUSAK(1980),ch4,solubility_molality,448,344.7,0,0,0,0,0,0,0.2996896296,,T,fit-eligible
ch4_water_binary,SUSAK(1980),ch4,xc_saltfree,448,689.5,0,0,0,0,0,0,0.00837,,T,fit-eligible
ch4_water_binary,SUSAK(1980),ch4,solubility_molality,448,689.5,0,0,0,0,0,0,0.4685271739,,T,fit-eligible
ch4_water_binary,SUSAK(1980),ch4,xc_saltfree,448,1034.2,0,0,0,0,0,0,0.01047,,T,fit-eligible
ch4_water_binary,SUSAK(1980),ch4,solubility_molality,448,1034.2,0,0,0,0,0,0,0.5873225825,,T,fit-eligible
ch4_water_binary,SUSAK(1980),ch4,xc_saltfree,448,1379,0,0,0,0,0,0,0.0121,,T,fit-eligible
ch4_water_binary,SUSAK(1980),ch4,solubility_molality,448,1379,0,0,0,0,0,0,0.6798785953,,T,fit-eligible
ch4_water_binary,OU(2015),ch4,xc_saltfree,453,50,0,0,0,0,0,0,0.0009,,T,fit-eligible
ch4_water_binary,OU(2015),ch4,solubility_molality,453,50,0,0,0,0,0,0,0.05000259389,,T,fit-eligible
ch4_water_binary,OU(2015),ch4,xc_saltfree,453,100,0,0,0,0,0,0,0.00196,,T,fit-eligible
ch4_water_binary,OU(2015),ch4,solubility_molality,453,100,0,0,0,0,0,0,0.1090101927,,T,fit-eligible
ch4_water_binary,OU(2015),ch4,xc_saltfree,453,200,0,0,0,0,0,0,0.00377,,T,fit-eligible
ch4_water_binary,OU(2015),ch4,solubility_molality,453,200,0,0,0,0,0,0,0.2100587216,,T,fit-eligible
ch4_water_binary,OU(2015),ch4,xc_saltfree,453,300,0,0,0,0,0,0,0.00503,,T,fit-eligible
ch4_water_binary,OU(2015),ch4,solubility_molality,453,300,0,0,0,0,0,0,0.2806189416,,T,fit-eligible
ch4_water_binary,OU(2015),ch4,xc_saltfree,453,400,0,0,0,0,0,0,0.00644,,T,fit-eligible
ch4_water_binary,OU(2015),ch4,solubility_molality,453,400,0,0,0,0,0,0,0.3597913783,,T,fit-eligible
ch4_water_binary,OU(2015),ch4,xc_saltfree,453,500,0,0,0,0,0,0,0.00704,,T,fit-eligible
ch4_water_binary,OU(2015),ch4,solubility_molality,453,500,0,0,0,0,0,0,0.3935499747,,T,fit-eligible
ch4_water_binary,OU(2015),ch4,xc_saltfree,453,700,0,0,0,0,0,0,0.00894,,T,fit-eligible
ch4_water_binary,OU(2015),ch4,solubility_molality,453,700,0,0,0,0,0,0,0.5007218629,,T,fit-eligible
ch4_water_binary,OU(2015),ch4,xc_saltfree,453,900,0,0,0,0,0,0,0.01026,,T,fit-eligible
ch4_water_binary,OU(2015),ch4,solubility_molality,453,900,0,0,0,0,0,0,0.5754203566,,T,fit-eligible
ch4_water_binary,OU(2015),ch4,xc_saltfree,453,1200,0,0,0,0,0,0,0.01162,,T,fit-eligible
ch4_water_binary,OU(2015),ch4,solubility_molality,453,1200,0,0,0,0,0,0,0.6525911243,,T,fit-eligible
ch4_water_binary,OU(2015),ch4,xc_saltfree,453,1400,0,0,0,0,0,0,0.01232,,T,fit-eligible
ch4_water_binary,OU(2015),ch4,solubility_molality,453,1400,0,0,0,0,0,0,0.6923942167,,T,fit-eligible
ch4_water_binary,SUSAK(1980),ch4,xc_saltfree,473,68.9,0,0,0,0,0,0,0.0016,,T,fit-eligible
ch4_water_binary,SUSAK(1980),ch4,solubility_molality,473,68.9,0,0,0,0,0,0,0.08895582542,,T,fit-eligible
ch4_water_binary,SUSAK(1980),ch4,xc_saltfree,473,172.4,0,0,0,0,0,0,0.00402,,T,fit-eligible
ch4_water_binary,SUSAK(1980),ch4,solubility_molality,473,172.4,0,0,0,0,0,0,0.2240445681,,T,fit-eligible
ch4_water_binary,SUSAK(1980),ch4,xc_saltfree,473,344.7,0,0,0,0,0,0,0.00698,,T,fit-eligible
ch4_water_binary,SUSAK(1980),ch4,solubility_molality,473,344.7,0,0,0,0,0,0,0.3901722792,,T,fit-eligible
ch4_water_binary,SUSAK(1980),ch4,xc_saltfree,473,689.5,0,0,0,0,0,0,0.01101,,R,fit-eligible
ch4_water_binary,SUSAK(1980),ch4,solubility_molality,473,689.5,0,0,0,0,0,0,0.6179515162,,R,fit-eligible
ch4_water_binary,SUSAK(1980),ch4,xc_saltfree,473,1034.2,0,0,0,0,0,0,0.01385,,T,fit-eligible
ch4_water_binary,SUSAK(1980),ch4,solubility_molality,473,1034.2,0,0,0,0,0,0,0.7795891351,,T,fit-eligible
ch4_water_binary,SUSAK(1980),ch4,xc_saltfree,473,1379,0,0,0,0,0,0,0.01605,,T,fit-eligible
ch4_water_binary,SUSAK(1980),ch4,solubility_molality,473,1379,0,0,0,0,0,0,0.9054427387,,T,fit-eligible
ch4_water_binary,SULTANOV(1972),ch4,xc_saltfree,473,49,0,0,0,0,0,0,0.001,,T,fit-eligible
ch4_water_binary,SULTANOV(1972),ch4,solubility_molality,473,49,0,0,0,0,0,0,0.05556399906,,T,fit-eligible
ch4_water_binary,SULTANOV(1972),ch4,xc_saltfree,473,98,0,0,0,0,0,0,0.0022,,R,fit-eligible
ch4_water_binary,SULTANOV(1972),ch4,solubility_molality,473,98,0,0,0,0,0,0,0.1223878103,,R,fit-eligible
ch4_water_binary,SULTANOV(1972),ch4,xc_saltfree,473,147.1,0,0,0,0,0,0,0.0035,,T,fit-eligible
ch4_water_binary,SULTANOV(1972),ch4,solubility_molality,473,147.1,0,0,0,0,0,0,0.1949618893,,T,fit-eligible
ch4_water_binary,SULTANOV(1972),ch4,xc_saltfree,473,196.2,0,0,0,0,0,0,0.00461,,R,fit-eligible
ch4_water_binary,SULTANOV(1972),ch4,solubility_molality,473,196.2,0,0,0,0,0,0,0.2570790199,,R,fit-eligible
ch4_water_binary,SULTANOV(1972),ch4,xc_saltfree,473,245.2,0,0,0,0,0,0,0.00572,,T,fit-eligible
ch4_water_binary,SULTANOV(1972),ch4,solubility_molality,473,245.2,0,0,0,0,0,0,0.3193348439,,T,fit-eligible
ch4_water_binary,SULTANOV(1972),ch4,xc_saltfree,473,294.2,0,0,0,0,0,0,0.00653,,T,fit-eligible
ch4_water_binary,SULTANOV(1972),ch4,solubility_molality,473,294.2,0,0,0,0,0,0,0.3648525682,,T,fit-eligible
ch4_water_binary,SULTANOV(1972),ch4,xc_saltfree,473,392.2,0,0,0,0,0,0,0.00805,,R,fit-eligible
ch4_water_binary,SULTANOV(1972),ch4,solubility_molality,473,392.2,0,0,0,0,0,0,0.4504691791,,R,fit-eligible
ch4_water_binary,SULTANOV(1972),ch4,xc_saltfree,473,490.4,0,0,0,0,0,0,0.00895,,R,fit-eligible
ch4_water_binary,SULTANOV(1972),ch4,solubility_molality,473,490.4,0,0,0,0,0,0,0.5012870126,,R,fit-eligible
ch4_water_binary,SULTANOV(1972),ch4,xc_saltfree,473,588.4,0,0,0,0,0,0,0.00998,,T,fit-eligible
ch4_water_binary,SULTANOV(1972),ch4,solubility_molality,473,588.4,0,0,0,0,0,0,0.5595585765,,T,fit-eligible
ch4_water_binary,SULTANOV(1972),ch4,xc_saltfree,473,784.6,0,0,0,0,0,0,0.01202,,T,fit-eligible
ch4_water_binary,SULTANOV(1972),ch4,solubility_molality,473,784.6,0,0,0,0,0,0,0.6753288421,,T,fit-eligible
ch4_water_binary,SULTANOV(1972),ch4,xc_saltfree,473,980.4,0,0,0,0,0,0,0.01335,,T,fit-eligible
ch4_water_binary,SULTANOV(1972),ch4,solubility_molality,473,980.4,0,0,0,0,0,0,0.7510643167,,T,fit-eligible
ch4_water_binary,SULTANOV(1972),ch4,xc_saltfree,473,1078.7,0,0,0,0,0,0,0.01386,,T,fit-eligible
ch4_water_binary,SULTANOV(1972),ch4,solubility_molality,473,1078.7,0,0,0,0,0,0,0.7801599265,,T,fit-eligible
ch4_water_binary,OU(2015),ch4,xc_saltfree,473,50,0,0,0,0,0,0,0.00095,,T,fit-eligible
ch4_water_binary,OU(2015),ch4,solubility_molality,473,50,0,0,0,0,0,0,0.05278315731,,T,fit-eligible
ch4_water_binary,OU(2015),ch4,xc_saltfree,473,100,0,0,0,0,0,0,0.00217,,R,fit-eligible
ch4_water_binary,OU(2015),ch4,solubility_molality,473,100,0,0,0,0,0,0,0.1207152562,,R,fit-eligible
ch4_water_binary,OU(2015),ch4,xc_saltfree,473,200,0,0,0,0,0,0,0.00446,,R,fit-eligible
ch4_water_binary,OU(2015),ch4,solubility_molality,473,200,0,0,0,0,0,0,0.2486767185,,R,fit-eligible
ch4_water_binary,OU(2015),ch4,xc_saltfree,473,300,0,0,0,0,0,0,0.00603,,T,fit-eligible
ch4_water_binary,OU(2015),ch4,solubility_molality,473,300,0,0,0,0,0,0,0.3367464445,,T,fit-eligible
ch4_water_binary,OU(2015),ch4,xc_saltfree,473,400,0,0,0,0,0,0,0.00791,,R,fit-eligible
ch4_water_binary,OU(2015),ch4,solubility_molality,473,400,0,0,0,0,0,0,0.4425724696,,R,fit-eligible
ch4_water_binary,OU(2015),ch4,xc_saltfree,473,500,0,0,0,0,0,0,0.0089,,R,fit-eligible
ch4_water_binary,OU(2015),ch4,solubility_molality,473,500,0,0,0,0,0,0,0.4984613783,,R,fit-eligible
ch4_water_binary,OU(2015),ch4,xc_saltfree,473,700,0,0,0,0,0,0,0.01081,,R,fit-eligible
ch4_water_binary,OU(2015),ch4,solubility_molality,473,700,0,0,0,0,0,0,0.6066035676,,R,fit-eligible
ch4_water_binary,OU(2015),ch4,xc_saltfree,473,900,0,0,0,0,0,0,0.0125,,T,fit-eligible
ch4_water_binary,OU(2015),ch4,solubility_molality,473,900,0,0,0,0,0,0,0.7026384185,,T,fit-eligible
ch4_water_binary,OU(2015),ch4,xc_saltfree,473,1200,0,0,0,0,0,0,0.01411,,T,fit-eligible
ch4_water_binary,OU(2015),ch4,solubility_molality,473,1200,0,0,0,0,0,0,0.7944334751,,T,fit-eligible
ch4_water_binary,OU(2015),ch4,xc_saltfree,473,1400,0,0,0,0,0,0,0.01489,,T,fit-eligible
ch4_water_binary,OU(2015),ch4,solubility_molality,473,1400,0,0,0,0,0,0,0.8390135092,,T,fit-eligible
ch4_water_binary,PRICE(1979),ch4,xc_saltfree,478,51.7,0,0,0,0,0,0,0.001247,,T,fit-eligible
ch4_water_binary,PRICE(1979),ch4,solubility_molality,478,51.7,0,0,0,0,0,0,0.06930544241,,T,fit-eligible
ch4_water_binary,PRICE(1979),ch4,xc_saltfree,478,160.2,0,0,0,0,0,0,0.004041,,T,fit-eligible
ch4_water_binary,PRICE(1979),ch4,solubility_molality,478,160.2,0,0,0,0,0,0,0.2252196989,,T,fit-eligible
ch4_water_binary,PRICE(1979),ch4,xc_saltfree,478,294.4,0,0,0,0,0,0,0.006309,,T,fit-eligible
ch4_water_binary,PRICE(1979),ch4,solubility_molality,478,294.4,0,0,0,0,0,0,0.3524261735,,T,fit-eligible
ch4_water_binary,PRICE(1979),ch4,xc_saltfree,478,546.3,0,0,0,0,0,0,0.009486,,T,fit-eligible
ch4_water_binary,PRICE(1979),ch4,solubility_molality,478,546.3,0,0,0,0,0,0,0.5315957321,,T,fit-eligible
ch4_water_binary,PRICE(1979),ch4,xc_saltfree,478,948.7,0,0,0,0,0,0,0.012862,,T,fit-eligible
ch4_water_binary,PRICE(1979),ch4,solubility_molality,478,948.7,0,0,0,0,0,0,0.7232519585,,T,fit-eligible
ch4_water_binary,PRICE(1979),ch4,xc_saltfree,478,1303.5,0,0,0,0,0,0,0.015273,,T,fit-eligible
ch4_water_binary,PRICE(1979),ch4,solubility_molality,478,1303.5,0,0,0,0,0,0,0.8609293019,,T,fit-eligible
ch4_water_binary,PRICE(1979),ch4,xc_saltfree,478,1630.7,0,0,0,0,0,0,0.01665,,T,fit-eligible
ch4_water_binary,PRICE(1979),ch4,solubility_molality,478,1630.7,0,0,0,0,0,0,0.9398641824,,T,fit-eligible
ch4_water_binary,PRICE(1979),ch4,xc_saltfree,478,1924.7,0,0,0,0,0,0,0.018813,,T,fit-eligible
ch4_water_binary,PRICE(1979),ch4,solubility_molality,478,1924.7,0,0,0,0,0,0,1.06430292,,T,fit-eligible
ch4_water_binary,PRICE(1979),ch4,xc_saltfree,494,40.2,0,0,0,0,0,0,0.001276,,T,fit-eligible
ch4_water_binary,PRICE(1979),ch4,solubility_molality,494,40.2,0,0,0,0,0,0,0.07091925611,,T,fit-eligible
ch4_water_binary,PRICE(1979),ch4,xc_saltfree,494,367.6,0,0,0,0,0,0,0.008242,,T,fit-eligible
ch4_water_binary,PRICE(1979),ch4,solubility_molality,494,367.6,0,0,0,0,0,0,0.4613025776,,T,fit-eligible
ch4_water_binary,PRICE(1979),ch4,xc_saltfree,494,628,0,0,0,0,0,0,0.013333,,T,fit-eligible
ch4_water_binary,PRICE(1979),ch4,solubility_molality,494,628,0,0,0,0,0,0,0.7500949811,,T,fit-eligible
ch4_water_binary,PRICE(1979),ch4,xc_saltfree,494,873.6,0,0,0,0,0,0,0.01526,,T,fit-eligible
ch4_water_binary,PRICE(1979),ch4,solubility_molality,494,873.6,0,0,0,0,0,0,0.8601851443,,T,fit-eligible
ch4_water_binary,PRICE(1979),ch4,xc_saltfree,494,1035.6,0,0,0,0,0,0,0.017227,,T,fit-eligible
ch4_water_binary,PRICE(1979),ch4,solubility_molality,494,1035.6,0,0,0,0,0,0,0.9730057814,,T,fit-eligible
ch4_water_binary,PRICE(1979),ch4,xc_saltfree,494,1236.9,0,0,0,0,0,0,0.017738,,T,fit-eligible
ch4_water_binary,PRICE(1979),ch4,solubility_molality,494,1236.9,0,0,0,0,0,0,1.002388997,,T,fit-eligible
ch4_water_binary,PRICE(1979),ch4,xc_saltfree,494,1415.5,0,0,0,0,0,0,0.018275,,R,fit-eligible
ch4_water_binary,PRICE(1979),ch4,solubility_molality,494,1415.5,0,0,0,0,0,0,1.033300212,,R,fit-eligible
ch4_water_binary,OU(2015),ch4,xc_saltfree,494,50,0,0,0,0,0,0,0.00092,,T,fit-eligible
ch4_water_binary,OU(2015),ch4,solubility_molality,494,50,0,0,0,0,0,0,0.05111478586,,T,fit-eligible
ch4_water_binary,OU(2015),ch4,xc_saltfree,494,100,0,0,0,0,0,0,0.00251,,T,fit-eligible
ch4_water_binary,OU(2015),ch4,solubility_molality,494,100,0,0,0,0,0,0,0.1396767607,,T,fit-eligible
ch4_water_binary,OU(2015),ch4,xc_saltfree,494,200,0,0,0,0,0,0,0.00541,,T,fit-eligible
ch4_water_binary,OU(2015),ch4,solubility_molality,494,200,0,0,0,0,0,0,0.3019340971,,T,fit-eligible
ch4_water_binary,OU(2015),ch4,xc_saltfree,494,300,0,0,0,0,0,0,0.00733,,T,fit-eligible
ch4_water_binary,OU(2015),ch4,solubility_molality,494,300,0,0,0,0,0,0,0.4098812586,,T,fit-eligible
ch4_water_binary,OU(2015),ch4,xc_saltfree,494,400,0,0,0,0,0,0,0.00971,,T,fit-eligible
ch4_water_binary,OU(2015),ch4,solubility_molality,494,400,0,0,0,0,0,0,0.5442717835,,T,fit-eligible
ch4_water_binary,OU(2015),ch4,xc_saltfree,494,500,0,0,0,0,0,0,0.01128,,T,fit-eligible
ch4_water_binary,OU(2015),ch4,solubility_molality,494,500,0,0,0,0,0,0,0.6332785293,,T,fit-eligible
ch4_water_binary,OU(2015),ch4,xc_saltfree,494,700,0,0,0,0,0,0,0.01332,,T,fit-eligible
ch4_water_binary,OU(2015),ch4,solubility_molality,494,700,0,0,0,0,0,0,0.7493537469,,T,fit-eligible
ch4_water_binary,OU(2015),ch4,xc_saltfree,494,900,0,0,0,0,0,0,0.01528,,T,fit-eligible
ch4_water_binary,OU(2015),ch4,solubility_molality,494,900,0,0,0,0,0,0,0.8613300103,,T,fit-eligible
ch4_water_binary,OU(2015),ch4,xc_saltfree,494,1200,0,0,0,0,0,0,0.01726,,T,fit-eligible
ch4_water_binary,OU(2015),ch4,solubility_molality,494,1200,0,0,0,0,0,0,0.9749024047,,T,fit-eligible
ch4_water_binary,OU(2015),ch4,xc_saltfree,494,1400,0,0,0,0,0,0,0.01839,,R,fit-eligible
ch4_water_binary,OU(2015),ch4,solubility_molality,494,1400,0,0,0,0,0,0,1.039924329,,R,fit-eligible
ch4_water_binary,SUSAK(1980),ch4,xc_saltfree,498,68.9,0,0,0,0,0,0,0.00177,,T,fit-eligible
ch4_water_binary,SUSAK(1980),ch4,solubility_molality,498,68.9,0,0,0,0,0,0,0.09842414079,,T,fit-eligible
ch4_water_binary,SUSAK(1980),ch4,xc_saltfree,498,172.4,0,0,0,0,0,0,0.00515,,T,fit-eligible
ch4_water_binary,SUSAK(1980),ch4,solubility_molality,498,172.4,0,0,0,0,0,0,0.2873482842,,T,fit-eligible
ch4_water_binary,SUSAK(1980),ch4,xc_saltfree,498,344.7,0,0,0,0,0,0,0.00927,,T,fit-eligible
ch4_water_binary,SUSAK(1980),ch4,solubility_molality,498,344.7,0,0,0,0,0,0,0.5193778255,,T,fit-eligible
ch4_water_binary,SUSAK(1980),ch4,xc_saltfree,498,689.5,0,0,0,0,0,0,0.01489,,T,fit-eligible
ch4_water_binary,SUSAK(1980),ch4,solubility_molality,498,689.5,0,0,0,0,0,0,0.8390135092,,T,fit-eligible
ch4_water_binary,SUSAK(1980),ch4,xc_saltfree,498,1034.2,0,0,0,0,0,0,0.01884,,T,fit-eligible
ch4_water_binary,SUSAK(1980),ch4,solubility_molality,498,1034.2,0,0,0,0,0,0,1.065859714,,T,fit-eligible
ch4_water_binary,SUSAK(1980),ch4,xc_saltfree,498,1379,0,0,0,0,0,0,0.02191,,T,fit-eligible
ch4_water_binary,SUSAK(1980),ch4,solubility_molality,498,1379,0,0,0,0,0,0,1.243433439,,T,fit-eligible
ch4_water_binary,PRICE(1979),ch4,xc_saltfree,507,81.1,0,0,0,0,0,0,0.002612,,T,fit-eligible
ch4_water_binary,PRICE(1979),ch4,solubility_molality,507,81.1,0,0,0,0,0,0,0.1453677329,,T,fit-eligible
ch4_water_binary,PRICE(1979),ch4,xc_saltfree,507,148.9,0,0,0,0,0,0,0.004577,,T,fit-eligible
ch4_water_binary,PRICE(1979),ch4,solubility_molality,507,148.9,0,0,0,0,0,0,0.2552302963,,T,fit-eligible
ch4_water_binary,PRICE(1979),ch4,xc_saltfree,507,207.8,0,0,0,0,0,0,0.007178,,T,fit-eligible
ch4_water_binary,PRICE(1979),ch4,solubility_molality,507,207.8,0,0,0,0,0,0,0.4013202234,,T,fit-eligible
ch4_water_binary,PRICE(1979),ch4,xc_saltfree,507,277.7,0,0,0,0,0,0,0.008386,,T,fit-eligible
ch4_water_binary,PRICE(1979),ch4,solubility_molality,507,277.7,0,0,0,0,0,0,0.4694303796,,T,fit-eligible
ch4_water_binary,PRICE(1979),ch4,xc_saltfree,507,471.3,0,0,0,0,0,0,0.014185,,T,fit-eligible
ch4_water_binary,PRICE(1979),ch4,solubility_molality,507,471.3,0,0,0,0,0,0,0.7987169513,,T,fit-eligible
ch4_water_binary,PRICE(1979),ch4,xc_saltfree,507,596.9,0,0,0,0,0,0,0.015378,,T,fit-eligible
ch4_water_binary,PRICE(1979),ch4,solubility_molality,507,596.9,0,0,0,0,0,0,0.8669405258,,T,fit-eligible
ch4_water_binary,PRICE(1979),ch4,xc_saltfree,507,781.2,0,0,0,0,0,0,0.018354,,T,fit-eligible
ch4_water_binary,PRICE(1979),ch4,solubility_molality,507,781.2,0,0,0,0,0,0,1.037850526,,T,fit-eligible
ch4_water_binary,PRICE(1979),ch4,xc_saltfree,507,933.6,0,0,0,0,0,0,0.01977,,T,fit-eligible
ch4_water_binary,PRICE(1979),ch4,solubility_molality,507,933.6,0,0,0,0,0,0,1.119534967,,T,fit-eligible
ch4_water_binary,PRICE(1979),ch4,xc_saltfree,507,1081.8,0,0,0,0,0,0,0.021225,,T,fit-eligible
ch4_water_binary,PRICE(1979),ch4,solubility_molality,507,1081.8,0,0,0,0,0,0,1.203715393,,T,fit-eligible
ch4_water_binary,PRICE(1979),ch4,xc_saltfree,507,1087.3,0,0,0,0,0,0,0.020871,,T,fit-eligible
ch4_water_binary,PRICE(1979),ch4,solubility_molality,507,1087.3,0,0,0,0,0,0,1.183211352,,T,fit-eligible
ch4_water_binary,PRICE(1979),ch4,xc_saltfree,507,1325.9,0,0,0,0,0,0,0.022195,,T,fit-eligible
ch4_water_binary,PRICE(1979),ch4,solubility_molality,507,1325.9,0,0,0,0,0,0,1.259974858,,T,fit-eligible
ch4_water_binary,PRICE(1979),ch4,xc_saltfree,507,1471.3,0,0,0,0,0,0,0.022562,,T,fit-eligible
ch4_water_binary,PRICE(1979),ch4,solubility_molality,507,1471.3,0,0,0,0,0,0,1.281289772,,T,fit-eligible
ch4_water_binary,PRICE(1979),ch4,xc_saltfree,507,1643,0,0,0,0,0,0,0.023729,,T,fit-eligible
ch4_water_binary,PRICE(1979),ch4,solubility_molality,507,1643,0,0,0,0,0,0,1.34917421,,T,fit-eligible
ch4_water_binary,OU(2015),ch4,xc_saltfree,513,50,0,0,0,0,0,0,0.00072,,T,fit-eligible
ch4_water_binary,OU(2015),ch4,solubility_molality,513,50,0,0,0,0,0,0,0.03999486955,,T,fit-eligible
ch4_water_binary,OU(2015),ch4,xc_saltfree,513,100,0,0,0,0,0,0,0.00285,,T,fit-eligible
ch4_water_binary,OU(2015),ch4,solubility_molality,513,100,0,0,0,0,0,0,0.1586511958,,T,fit-eligible
ch4_water_binary,OU(2015),ch4,xc_saltfree,513,200,0,0,0,0,0,0,0.00646,,T,fit-eligible
ch4_water_binary,OU(2015),ch4,solubility_molality,513,200,0,0,0,0,0,0,0.3609160079,,T,fit-eligible
ch4_water_binary,OU(2015),ch4,xc_saltfree,513,300,0,0,0,0,0,0,0.00897,,T,fit-eligible
ch4_water_binary,OU(2015),ch4,solubility_molality,513,300,0,0,0,0,0,0,0.5024173461,,T,fit-eligible
ch4_water_binary,OU(2015),ch4,xc_saltfree,513,400,0,0,0,0,0,0,0.012,,T,fit-eligible
ch4_water_binary,OU(2015),ch4,solubility_molality,513,400,0,0,0,0,0,0,0.674191519,,T,fit-eligible
ch4_water_binary,OU(2015),ch4,xc_saltfree,513,500,0,0,0,0,0,0,0.01437,,T,fit-eligible
ch4_water_binary,OU(2015),ch4,solubility_molality,513,500,0,0,0,0,0,0,0.8092856466,,T,fit-eligible
ch4_water_binary,OU(2015),ch4,xc_saltfree,513,700,0,0,0,0,0,0,0.01673,,T,fit-eligible
ch4_water_binary,OU(2015),ch4,solubility_molality,513,700,0,0,0,0,0,0,0.9444568822,,T,fit-eligible
ch4_water_binary,OU(2015),ch4,xc_saltfree,513,900,0,0,0,0,0,0,0.0191,,T,fit-eligible
ch4_water_binary,OU(2015),ch4,solubility_molality,513,900,0,0,0,0,0,0,1.080855449,,T,fit-eligible
ch4_water_binary,OU(2015),ch4,xc_saltfree,513,1200,0,0,0,0,0,0,0.02161,,T,fit-eligible
ch4_water_binary,OU(2015),ch4,solubility_molality,513,1200,0,0,0,0,0,0,1.22603183,,T,fit-eligible
ch4_water_binary,OU(2015),ch4,xc_saltfree,513,1400,0,0,0,0,0,0,0.02257,,T,fit-eligible
ch4_water_binary,OU(2015),ch4,solubility_molality,513,1400,0,0,0,0,0,0,1.28175458,,T,fit-eligible
ch4_water_binary,SUSAK(1980),ch4,xc_saltfree,523,68.9,0,0,0,0,0,0,0.00167,,T,fit-eligible
ch4_water_binary,SUSAK(1980),ch4,solubility_molality,523,68.9,0,0,0,0,0,0,0.09285415299,,T,fit-eligible
ch4_water_binary,SUSAK(1980),ch4,xc_saltfree,523,172.4,0,0,0,0,0,0,0.00652,,T,fit-eligible
ch4_water_binary,SUSAK(1980),ch4,solubility_molality,523,172.4,0,0,0,0,0,0,0.3642901685,,T,fit-eligible
ch4_water_binary,SUSAK(1980),ch4,xc_saltfree,523,344.7,0,0,0,0,0,0,0.01248,,T,fit-eligible
ch4_water_binary,SUSAK(1980),ch4,solubility_molality,523,344.7,0,0,0,0,0,0,0.7014999894,,T,fit-eligible
ch4_water_binary,SUSAK(1980),ch4,xc_saltfree,523,689.5,0,0,0,0,0,0,0.0206,,T,fit-eligible
ch4_water_binary,SUSAK(1980),ch4,solubility_molality,523,689.5,0,0,0,0,0,0,1.167524773,,T,fit-eligible
ch4_water_binary,SUSAK(1980),ch4,xc_saltfree,523,1034.2,0,0,0,0,0,0,0.02629,,T,fit-eligible
ch4_water_binary,SUSAK(1980),ch4,solubility_molality,523,1034.2,0,0,0,0,0,0,1.498718055,,T,fit-eligible
ch4_water_binary,SUSAK(1980),ch4,xc_saltfree,523,1379,0,0,0,0,0,0,0.03071,,T,fit-eligible
ch4_water_binary,SUSAK(1980),ch4,solubility_molality,523,1379,0,0,0,0,0,0,1.758672885,,T,fit-eligible
ch4_water_binary,SULTANOV(1972),ch4,xc_saltfree,523,98,0,0,0,0,0,0,0.0026,,T,fit-eligible
ch4_water_binary,SULTANOV(1972),ch4,solubility_molality,523,98,0,0,0,0,0,0,0.1446981463,,T,fit-eligible
ch4_water_binary,SULTANOV(1972),ch4,xc_saltfree,523,147.1,0,0,0,0,0,0,0.0046,,T,fit-eligible
ch4_water_binary,SULTANOV(1972),ch4,solubility_molality,523,147.1,0,0,0,0,0,0,0.2565187877,,T,fit-eligible
ch4_water_binary,SULTANOV(1972),ch4,xc_saltfree,523,196.2,0,0,0,0,0,0,0.00662,,T,fit-eligible
ch4_water_binary,SULTANOV(1972),ch4,solubility_molality,523,196.2,0,0,0,0,0,0,0.3699146753,,T,fit-eligible
ch4_water_binary,SULTANOV(1972),ch4,xc_saltfree,523,245.2,0,0,0,0,0,0,0.00807,,T,fit-eligible
ch4_water_binary,SULTANOV(1972),ch4,solubility_molality,523,245.2,0,0,0,0,0,0,0.4515974625,,T,fit-eligible
ch4_water_binary,SULTANOV(1972),ch4,xc_saltfree,523,294.2,0,0,0,0,0,0,0.01039,,T,fit-eligible
ch4_water_binary,SULTANOV(1972),ch4,solubility_molality,523,294.2,0,0,0,0,0,0,0.5827878056,,T,fit-eligible
ch4_water_binary,SULTANOV(1972),ch4,xc_saltfree,523,392.2,0,0,0,0,0,0,0.01335,,T,fit-eligible
ch4_water_binary,SULTANOV(1972),ch4,solubility_molality,523,392.2,0,0,0,0,0,0,0.7510643167,,T,fit-eligible
ch4_water_binary,SULTANOV(1972),ch4,xc_saltfree,523,490.4,0,0,0,0,0,0,0.01581,,T,fit-eligible
ch4_water_binary,SULTANOV(1972),ch4,solubility_molality,523,490.4,0,0,0,0,0,0,0.8916859126,,T,fit-eligible
ch4_water_binary,SULTANOV(1972),ch4,xc_saltfree,523,588.4,0,0,0,0,0,0,0.01778,,T,fit-eligible
ch4_water_binary,SULTANOV(1972),ch4,solubility_molality,523,588.4,0,0,0,0,0,0,1.004805416,,T,fit-eligible
ch4_water_binary,SULTANOV(1972),ch4,xc_saltfree,523,784.6,0,0,0,0,0,0,0.0212,,T,fit-eligible
ch4_water_binary,SULTANOV(1972),ch4,solubility_molality,523,784.6,0,0,0,0,0,0,1.202266881,,T,fit-eligible
ch4_water_binary,SULTANOV(1972),ch4,xc_saltfree,523,980.4,0,0,0,0,0,0,0.02369,,T,fit-eligible
ch4_water_binary,SULTANOV(1972),ch4,solubility_molality,523,980.4,0,0,0,0,0,0,1.346902958,,T,fit-eligible
ch4_water_binary,SULTANOV(1972),ch4,xc_saltfree,523,1078.7,0,0,0,0,0,0,0.02432,,T,fit-eligible
ch4_water_binary,SULTANOV(1972),ch4,solubility_molality,523,1078.7,0,0,0,0,0,0,1.383614649,,T,fit-eligible
ch4_water_binary,OU(2015),ch4,xc_saltfree,533,100,0,0,0,0,0,0,0.00287,,T,fit-eligible
ch4_water_binary,OU(2015),ch4,solubility_molality,533,100,0,0,0,0,0,0,0.159767742,,T,fit-eligible
ch4_water_binary,OU(2015),ch4,xc_saltfree,533,200,0,0,0,0,0,0,0.00766,,T,fit-eligible
ch4_water_binary,OU(2015),ch4,solubility_molality,533,200,0,0,0,0,0,0,0.4284767444,,T,fit-eligible
ch4_water_binary,OU(2015),ch4,xc_saltfree,533,300,0,0,0,0,0,0,0.01142,,T,fit-eligible
ch4_water_binary,OU(2015),ch4,solubility_molality,533,300,0,0,0,0,0,0,0.6412291655,,T,fit-eligible
ch4_water_binary,OU(2015),ch4,xc_saltfree,533,400,0,0,0,0,0,0,0.01524,,T,fit-eligible
ch4_water_binary,OU(2015),ch4,solubility_molality,533,400,0,0,0,0,0,0,0.8590403249,,T,fit-eligible
ch4_water_binary,OU(2015),ch4,xc_saltfree,533,500,0,0,0,0,0,0,0.01803,,T,fit-eligible
ch4_water_binary,OU(2015),ch4,solubility_molality,533,500,0,0,0,0,0,0,1.019193136,,T,fit-eligible
ch4_water_binary,OU(2015),ch4,xc_saltfree,533,700,0,0,0,0,0,0,0.02106,,T,fit-eligible
ch4_water_binary,OU(2015),ch4,solubility_molality,533,700,0,0,0,0,0,0,1.19415658,,T,fit-eligible
ch4_water_binary,OU(2015),ch4,xc_saltfree,533,900,0,0,0,0,0,0,0.02419,,T,fit-eligible
ch4_water_binary,OU(2015),ch4,solubility_molality,533,900,0,0,0,0,0,0,1.376035339,,T,fit-eligible
ch4_water_binary,OU(2015),ch4,xc_saltfree,533,1200,0,0,0,0,0,0,0.02707,,T,fit-eligible
ch4_water_binary,OU(2015),ch4,solubility_molality,533,1200,0,0,0,0,0,0,1.544420808,,T,fit-eligible
ch4_water_binary,OU(2015),ch4,xc_saltfree,533,1400,0,0,0,0,0,0,0.02776,,T,fit-eligible
ch4_water_binary,OU(2015),ch4,solubility_molality,533,1400,0,0,0,0,0,0,1.584911295,,T,fit-eligible
ch4_water_binary,SUSAK(1980),ch4,xc_saltfree,548,68.9,0,0,0,0,0,0,0.00077,,T,fit-eligible
ch4_water_binary,SUSAK(1980),ch4,solubility_molality,548,68.9,0,0,0,0,0,0,0.04277443131,,T,fit-eligible
ch4_water_binary,SUSAK(1980),ch4,xc_saltfree,548,172.4,0,0,0,0,0,0,0.00797,,T,fit-eligible
ch4_water_binary,SUSAK(1980),ch4,solubility_molality,548,172.4,0,0,0,0,0,0,0.4459565008,,T,fit-eligible
ch4_water_binary,SUSAK(1980),ch4,xc_saltfree,548,344.7,0,0,0,0,0,0,0.01686,,T,fit-eligible
ch4_water_binary,SUSAK(1980),ch4,solubility_molality,548,344.7,0,0,0,0,0,0,0.9519216135,,T,fit-eligible
ch4_water_binary,SUSAK(1980),ch4,xc_saltfree,548,689.5,0,0,0,0,0,0,0.02904,,T,fit-eligible
ch4_water_binary,SUSAK(1980),ch4,solubility_molality,548,689.5,0,0,0,0,0,0,1.660176479,,T,fit-eligible
ch4_water_binary,SUSAK(1980),ch4,xc_saltfree,548,1034.2,0,0,0,0,0,0,0.03759,,T,fit-eligible
ch4_water_binary,SUSAK(1980),ch4,solubility_molality,548,1034.2,0,0,0,0,0,0,2.168059428,,T,fit-eligible
ch4_water_binary,SUSAK(1980),ch4,xc_saltfree,548,1379,0,0,0,0,0,0,0.04422,,T,fit-eligible
ch4_water_binary,SUSAK(1980),ch4,solubility_molality,548,1379,0,0,0,0,0,0,2.568146434,,T,fit-eligible
ch4_water_binary,PRICE(1979),ch4,xc_saltfree,553,197.6,0,0,0,0,0,0,0.008522,,R,fit-eligible
ch4_water_binary,PRICE(1979),ch4,solubility_molality,553,197.6,0,0,0,0,0,0,0.4771088048,,R,fit-eligible
ch4_water_binary,PRICE(1979),ch4,xc_saltfree,553,318.3,0,0,0,0,0,0,0.01332,,T,fit-eligible
ch4_water_binary,PRICE(1979),ch4,solubility_molality,553,318.3,0,0,0,0,0,0,0.7493537469,,T,fit-eligible
ch4_water_binary,PRICE(1979),ch4,xc_saltfree,553,479.4,0,0,0,0,0,0,0.020976,,T,fit-eligible
ch4_water_binary,PRICE(1979),ch4,solubility_molality,553,479.4,0,0,0,0,0,0,1.189291513,,T,fit-eligible
ch4_water_binary,PRICE(1979),ch4,xc_saltfree,553,701.2,0,0,0,0,0,0,0.027046,,R,fit-eligible
ch4_water_binary,PRICE(1979),ch4,solubility_molality,553,701.2,0,0,0,0,0,0,1.543013477,,R,fit-eligible
ch4_water_binary,PRICE(1979),ch4,xc_saltfree,553,999.1,0,0,0,0,0,0,0.033077,,T,fit-eligible
ch4_water_binary,PRICE(1979),ch4,solubility_molality,553,999.1,0,0,0,0,0,0,1.898861136,,T,fit-eligible
ch4_water_binary,PRICE(1979),ch4,xc_saltfree,553,1263.8,0,0,0,0,0,0,0.034728,,T,fit-eligible
ch4_water_binary,PRICE(1979),ch4,solubility_molality,553,1263.8,0,0,0,0,0,0,1.997050503,,T,fit-eligible
ch4_water_binary,PRICE(1979),ch4,xc_saltfree,553,1518.2,0,0,0,0,0,0,0.037075,,T,fit-eligible
ch4_water_binary,PRICE(1979),ch4,solubility_molality,553,1518.2,0,0,0,0,0,0,2.137212379,,T,fit-eligible
ch4_water_binary,PRICE(1979),ch4,xc_saltfree,553,1594.1,0,0,0,0,0,0,0.038347,,T,fit-eligible
ch4_water_binary,PRICE(1979),ch4,solubility_molality,553,1594.1,0,0,0,0,0,0,2.21346157,,T,fit-eligible
ch4_water_binary,PRICE(1979),ch4,xc_saltfree,553,1889.2,0,0,0,0,0,0,0.040431,,T,fit-eligible
ch4_water_binary,PRICE(1979),ch4,solubility_molality,553,1889.2,0,0,0,0,0,0,2.338822469,,T,fit-eligible
ch4_water_binary,OU(2015),ch4,xc_saltfree,553,100,0,0,0,0,0,0,0.00267,,T,fit-eligible
ch4_water_binary,OU(2015),ch4,solubility_molality,553,100,0,0,0,0,0,0,0.1486042951,,T,fit-eligible
ch4_water_binary,OU(2015),ch4,xc_saltfree,553,200,0,0,0,0,0,0,0.00892,,R,fit-eligible
ch4_water_binary,OU(2015),ch4,solubility_molality,553,200,0,0,0,0,0,0,0.4995915978,,R,fit-eligible
ch4_water_binary,OU(2015),ch4,xc_saltfree,553,300,0,0,0,0,0,0,0.01421,,T,fit-eligible
ch4_water_binary,OU(2015),ch4,solubility_molality,553,300,0,0,0,0,0,0,0.8001449216,,T,fit-eligible
ch4_water_binary,OU(2015),ch4,xc_saltfree,553,400,0,0,0,0,0,0,0.01914,,T,fit-eligible
ch4_water_binary,OU(2015),ch4,solubility_molality,553,400,0,0,0,0,0,0,1.083163191,,T,fit-eligible
ch4_water_binary,OU(2015),ch4,xc_saltfree,553,500,0,0,0,0,0,0,0.02323,,T,fit-eligible
ch4_water_binary,OU(2015),ch4,solubility_molality,553,500,0,0,0,0,0,0,1.320127509,,T,fit-eligible
ch4_water_binary,OU(2015),ch4,xc_saltfree,553,700,0,0,0,0,0,0,0.02694,,R,fit-eligible
ch4_water_binary,OU(2015),ch4,solubility_molality,553,700,0,0,0,0,0,0,1.536798595,,R,fit-eligible
ch4_water_binary,OU(2015),ch4,xc_saltfree,553,900,0,0,0,0,0,0,0.03084,,T,fit-eligible
ch4_water_binary,OU(2015),ch4,solubility_molality,553,900,0,0,0,0,0,0,1.76635451,,T,fit-eligible
ch4_water_binary,OU(2015),ch4,xc_saltfree,553,1200,0,0,0,0,0,0,0.03451,,T,fit-eligible
ch4_water_binary,OU(2015),ch4,solubility_molality,553,1200,0,0,0,0,0,0,1.984066219,,T,fit-eligible
ch4_water_binary,OU(2015),ch4,xc_saltfree,553,1400,0,0,0,0,0,0,0.03532,,T,fit-eligible
ch4_water_binary,OU(2015),ch4,solubility_molality,553,1400,0,0,0,0,0,0,2.032340182,,T,fit-eligible
ch4_water_binary,PRICE(1979),ch4,xc_saltfree,565,108,0,0,0,0,0,0,0.002962,,T,fit-eligible
ch4_water_binary,PRICE(1979),ch4,solubility_molality,565,108,0,0,0,0,0,0,0.1649044316,,T,fit-eligible
ch4_water_binary,PRICE(1979),ch4,xc_saltfree,565,191,0,0,0,0,0,0,0.008818,,T,fit-eligible
ch4_water_binary,PRICE(1979),ch4,solubility_molality,565,191,0,0,0,0,0,0,0.4938279553,,T,fit-eligible
ch4_water_binary,PRICE(1979),ch4,xc_saltfree,565,299,0,0,0,0,0,0,0.015103,,T,fit-eligible
ch4_water_binary,PRICE(1979),ch4,solubility_molality,565,299,0,0,0,0,0,0,0.8511995617,,T,fit-eligible
ch4_water_binary,PRICE(1979),ch4,xc_saltfree,565,905.3,0,0,0,0,0,0,0.036485,,T,fit-eligible
ch4_water_binary,PRICE(1979),ch4,solubility_molality,565,905.3,0,0,0,0,0,0,2.10191357,,T,fit-eligible
ch4_water_binary,PRICE(1979),ch4,xc_saltfree,565,1099,0,0,0,0,0,0,0.03853,,T,fit-eligible
ch4_water_binary,PRICE(1979),ch4,solubility_molality,565,1099,0,0,0,0,0,0,2.224447984,,T,fit-eligible
ch4_water_binary,PRICE(1979),ch4,xc_saltfree,565,1520.3,0,0,0,0,0,0,0.044063,,T,fit-eligible
ch4_water_binary,PRICE(1979),ch4,solubility_molality,565,1520.3,0,0,0,0,0,0,2.558608124,,T,fit-eligible
ch4_water_binary,PRICE(1979),ch4,xc_saltfree,565,1689.2,0,0,0,0,0,0,0.045872,,T,fit-eligible
ch4_water_binary,PRICE(1979),ch4,solubility_molality,565,1689.2,0,0,0,0,0,0,2.668701614,,T,fit-eligible
ch4_water_binary,SUSAK(1980),ch4,xc_saltfree,573,172.4,0,0,0,0,0,0,0.00888,,T,fit-eligible
ch4_water_binary,SUSAK(1980),ch4,solubility_molality,573,172.4,0,0,0,0,0,0,0.4973312044,,T,fit-eligible
ch4_water_binary,SUSAK(1980),ch4,xc_saltfree,573,344.7,0,0,0,0,0,0,0.02259,,T,fit-eligible
ch4_water_binary,SUSAK(1980),ch4,solubility_molality,573,344.7,0,0,0,0,0,0,1.282916635,,T,fit-eligible
ch4_water_binary,SUSAK(1980),ch4,xc_saltfree,573,689.5,0,0,0,0,0,0,0.04168,,T,fit-eligible
ch4_water_binary,SUSAK(1980),ch4,solubility_molality,573,689.5,0,0,0,0,0,0,2.4142161,,T,fit-eligible
ch4_water_binary,SUSAK(1980),ch4,xc_saltfree,573,1034.2,0,0,0,0,0,0,0.05518,,T,fit-eligible
ch4_water_binary,SUSAK(1980),ch4,solubility_molality,573,1034.2,0,0,0,0,0,0,3.241840188,,T,fit-eligible
ch4_water_binary,SUSAK(1980),ch4,xc_saltfree,573,1379,0,0,0,0,0,0,0.06565,,T,fit-eligible
ch4_water_binary,SUSAK(1980),ch4,solubility_molality,573,1379,0,0,0,0,0,0,3.900175268,,T,fit-eligible
ch4_water_binary,SULTANOV(1972),ch4,xc_saltfree,573,98,0,0,0,0,0,0,0.0012,,T,fit-eligible
ch4_water_binary,SULTANOV(1972),ch4,solubility_molality,573,98,0,0,0,0,0,0,0.06669015025,,T,fit-eligible
ch4_water_binary,SULTANOV(1972),ch4,xc_saltfree,573,147.1,0,0,0,0,0,0,0.00602,,T,fit-eligible
ch4_water_binary,SULTANOV(1972),ch4,solubility_molality,573,147.1,0,0,0,0,0,0,0.3361846104,,T,fit-eligible
ch4_water_binary,SULTANOV(1972),ch4,xc_saltfree,573,196.2,0,0,0,0,0,0,0.01048,,R,fit-eligible
ch4_water_binary,SULTANOV(1972),ch4,solubility_molality,573,196.2,0,0,0,0,0,0,0.5878894812,,R,fit-eligible
ch4_water_binary,SULTANOV(1972),ch4,xc_saltfree,573,245.2,0,0,0,0,0,0,0.01477,,T,fit-eligible
ch4_water_binary,SULTANOV(1972),ch4,solubility_molality,573,245.2,0,0,0,0,0,0,0.832150448,,T,fit-eligible
ch4_water_binary,SULTANOV(1972),ch4,xc_saltfree,573,294.2,0,0,0,0,0,0,0.01859,,T,fit-eligible
ch4_water_binary,SULTANOV(1972),ch4,solubility_molality,573,294.2,0,0,0,0,0,0,1.05144823,,T,fit-eligible
ch4_water_binary,SULTANOV(1972),ch4,xc_saltfree,573,392.2,0,0,0,0,0,0,0.02537,,T,fit-eligible
ch4_water_binary,SULTANOV(1972),ch4,solubility_molality,573,392.2,0,0,0,0,0,0,1.44490627,,T,fit-eligible
ch4_water_binary,SULTANOV(1972),ch4,xc_saltfree,573,490.4,0,0,0,0,0,0,0.03064,,T,fit-eligible
ch4_water_binary,SULTANOV(1972),ch4,solubility_molality,573,490.4,0,0,0,0,0,0,1.754537479,,T,fit-eligible
ch4_water_binary,SULTANOV(1972),ch4,xc_saltfree,573,588.4,0,0,0,0,0,0,0.03473,,T,fit-eligible
ch4_water_binary,SULTANOV(1972),ch4,solubility_molality,573,588.4,0,0,0,0,0,0,1.997169652,,T,fit-eligible
ch4_water_binary,SULTANOV(1972),ch4,xc_saltfree,573,784.6,0,0,0,0,0,0,0.04211,,T,fit-eligible
ch4_water_binary,SULTANOV(1972),ch4,solubility_molality,573,784.6,0,0,0,0,0,0,2.440217771,,T,fit-eligible
ch4_water_binary,SULTANOV(1972),ch4,xc_saltfree,573,980.4,0,0,0,0,0,0,0.04745,,T,fit-eligible
ch4_water_binary,SULTANOV(1972),ch4,solubility_molality,573,980.4,0,0,0,0,0,0,2.765078204,,T,fit-eligible
ch4_water_binary,SULTANOV(1972),ch4,xc_saltfree,573,1078.7,0,0,0,0,0,0,0.04908,,T,fit-eligible
ch4_water_binary,SULTANOV(1972),ch4,solubility_molality,573,1078.7,0,0,0,0,0,0,2.864966551,,T,fit-eligible
ch4_water_binary,OU(2015),ch4,xc_saltfree,573,100,0,0,0,0,0,0,0.00151,,T,fit-eligible
ch4_water_binary,OU(2015),ch4,solubility_molality,573,100,0,0,0,0,0,0,0.08394449313,,T,fit-eligible
ch4_water_binary,OU(2015),ch4,xc_saltfree,573,200,0,0,0,0,0,0,0.01009,,R,fit-eligible
ch4_water_binary,OU(2015),ch4,solubility_molality,573,200,0,0,0,0,0,0,0.56578892,,R,fit-eligible
ch4_water_binary,OU(2015),ch4,xc_saltfree,573,300,0,0,0,0,0,0,0.01667,,T,fit-eligible
ch4_water_binary,OU(2015),ch4,solubility_molality,573,300,0,0,0,0,0,0,0.9410122873,,T,fit-eligible
ch4_water_binary,OU(2015),ch4,xc_saltfree,573,400,0,0,0,0,0,0,0.02379,,T,fit-eligible
ch4_water_binary,OU(2015),ch4,solubility_molality,573,400,0,0,0,0,0,0,1.352727047,,T,fit-eligible
ch4_water_binary,OU(2015),ch4,xc_saltfree,573,500,0,0,0,0,0,0,0.02776,,T,fit-eligible
ch4_water_binary,OU(2015),ch4,solubility_molality,573,500,0,0,0,0,0,0,1.584911295,,T,fit-eligible
ch4_water_binary,OU(2015),ch4,xc_saltfree,573,700,0,0,0,0,0,0,0.0349,,T,fit-eligible
ch4_water_binary,OU(2015),ch4,solubility_molality,573,700,0,0,0,0,0,0,2.007299123,,T,fit-eligible
ch4_water_binary,OU(2015),ch4,xc_saltfree,573,900,0,0,0,0,0,0,0.03979,,T,fit-eligible
ch4_water_binary,OU(2015),ch4,solubility_molality,573,900,0,0,0,0,0,0,2.300205821,,T,fit-eligible
ch4_water_binary,OU(2015),ch4,xc_saltfree,573,1200,0,0,0,0,0,0,0.04528,,T,fit-eligible
ch4_water_binary,OU(2015),ch4,solubility_molality,573,1200,0,0,0,0,0,0,2.632627304,,T,fit-eligible
ch4_water_binary,OU(2015),ch4,xc_saltfree,573,1400,0,0,0,0,0,0,0.04536,,T,fit-eligible
ch4_water_binary,OU(2015),ch4,solubility_molality,573,1400,0,0,0,0,0,0,2.637499596,,T,fit-eligible
ch4_water_binary,PRICE(1979),ch4,xc_saltfree,589,112.5,0,0,0,0,0,0,0.001468,,T,fit-eligible
ch4_water_binary,PRICE(1979),ch4,solubility_molality,589,112.5,0,0,0,0,0,0,0.08160618054,,T,fit-eligible
ch4_water_binary,PRICE(1979),ch4,xc_saltfree,589,250.3,0,0,0,0,0,0,0.017331,,T,fit-eligible
ch4_water_binary,PRICE(1979),ch4,solubility_molality,589,250.3,0,0,0,0,0,0,0.9789834502,,T,fit-eligible
ch4_water_binary,PRICE(1979),ch4,xc_saltfree,589,534.1,0,0,0,0,0,0,0.042109,,T,fit-eligible
ch4_water_binary,PRICE(1979),ch4,solubility_molality,589,534.1,0,0,0,0,0,0,2.440157275,,T,fit-eligible
ch4_water_binary,PRICE(1979),ch4,xc_saltfree,589,719.8,0,0,0,0,0,0,0.049543,,T,fit-eligible
ch4_water_binary,PRICE(1979),ch4,solubility_molality,589,719.8,0,0,0,0,0,0,2.893402225,,T,fit-eligible
ch4_water_binary,PRICE(1979),ch4,xc_saltfree,589,923.2,0,0,0,0,0,0,0.055206,,T,fit-eligible
ch4_water_binary,PRICE(1979),ch4,solubility_molality,589,923.2,0,0,0,0,0,0,3.24345695,,T,fit-eligible
ch4_water_binary,PRICE(1979),ch4,xc_saltfree,589,1172.8,0,0,0,0,0,0,0.062141,,T,fit-eligible
ch4_water_binary,PRICE(1979),ch4,solubility_molality,589,1172.8,0,0,0,0,0,0,3.677897918,,T,fit-eligible
ch4_water_binary,PRICE(1979),ch4,xc_saltfree,589,1654.1,0,0,0,0,0,0,0.066743,,T,fit-eligible
ch4_water_binary,PRICE(1979),ch4,solubility_molality,589,1654.1,0,0,0,0,0,0,3.969752685,,T,fit-eligible
ch4_water_binary,PRICE(1979),ch4,xc_saltfree,589,1913.3,0,0,0,0,0,0,0.069168,,T,fit-eligible
ch4_water_binary,PRICE(1979),ch4,solubility_molality,589,1913.3,0,0,0,0,0,0,4.124705034,,T,fit-eligible
ch4_water_binary,SUSAK(1980),ch4,xc_saltfree,598,172.4,0,0,0,0,0,0,0.00776,,T,fit-eligible
ch4_water_binary,SUSAK(1980),ch4,solubility_molality,598,172.4,0,0,0,0,0,0,0.4341141821,,T,fit-eligible
ch4_water_binary,SUSAK(1980),ch4,xc_saltfree,598,344.7,0,0,0,0,0,0,0.02947,,T,fit-eligible
ch4_water_binary,SUSAK(1980),ch4,solubility_molality,598,344.7,0,0,0,0,0,0,1.685505426,,T,fit-eligible
ch4_water_binary,SUSAK(1980),ch4,xc_saltfree,598,689.5,0,0,0,0,0,0,0.06118,,T,fit-eligible
ch4_water_binary,SUSAK(1980),ch4,solubility_molality,598,689.5,0,0,0,0,0,0,3.617313284,,T,fit-eligible
ch4_water_binary,SUSAK(1980),ch4,xc_saltfree,598,1034.2,0,0,0,0,0,0,0.08423,,T,fit-eligible
ch4_water_binary,SUSAK(1980),ch4,solubility_molality,598,1034.2,0,0,0,0,0,0,5.105512831,,T,fit-eligible
ch4_water_binary,SUSAK(1980),ch4,xc_saltfree,598,1379,0,0,0,0,0,0,0.1023,,T,fit-eligible
ch4_water_binary,SUSAK(1980),ch4,solubility_molality,598,1379,0,0,0,0,0,0,6.32562427,,T,fit-eligible
ch4_water_binary,SULTANOV(1972),ch4,xc_saltfree,603,147.1,0,0,0,0,0,0,0.00236,,T,fit-eligible
ch4_water_binary,SULTANOV(1972),ch4,solubility_molality,603,147.1,0,0,0,0,0,0,0.1313097979,,T,fit-eligible
ch4_water_binary,SULTANOV(1972),ch4,xc_saltfree,603,196.2,0,0,0,0,0,0,0.00906,,T,fit-eligible
ch4_water_binary,SULTANOV(1972),ch4,solubility_molality,603,196.2,0,0,0,0,0,0,0.5075044116,,T,fit-eligible
ch4_water_binary,SULTANOV(1972),ch4,xc_saltfree,603,245.2,0,0,0,0,0,0,0.0156,,T,fit-eligible
ch4_water_binary,SULTANOV(1972),ch4,solubility_molality,603,245.2,0,0,0,0,0,0,0.8796541924,,T,fit-eligible
ch4_water_binary,SULTANOV(1972),ch4,xc_saltfree,603,294.2,0,0,0,0,0,0,0.02213,,R,fit-eligible
ch4_water_binary,SULTANOV(1972),ch4,solubility_molality,603,294.2,0,0,0,0,0,0,1.256201405,,R,fit-eligible
ch4_water_binary,SULTANOV(1972),ch4,xc_saltfree,603,392.2,0,0,0,0,0,0,0.03533,,T,fit-eligible
ch4_water_binary,SULTANOV(1972),ch4,solubility_molality,603,392.2,0,0,0,0,0,0,2.032936663,,T,fit-eligible
ch4_water_binary,SULTANOV(1972),ch4,xc_saltfree,603,490.4,0,0,0,0,0,0,0.04582,,T,fit-eligible
ch4_water_binary,SULTANOV(1972),ch4,solubility_molality,603,490.4,0,0,0,0,0,0,2.665531131,,T,fit-eligible
ch4_water_binary,SULTANOV(1972),ch4,xc_saltfree,603,588.4,0,0,0,0,0,0,0.05466,,T,fit-eligible
ch4_water_binary,SULTANOV(1972),ch4,solubility_molality,603,588.4,0,0,0,0,0,0,3.209523622,,T,fit-eligible
ch4_water_binary,SULTANOV(1972),ch4,xc_saltfree,603,784.6,0,0,0,0,0,0,0.07359,,T,fit-eligible
ch4_water_binary,SULTANOV(1972),ch4,solubility_molality,603,784.6,0,0,0,0,0,0,4.409349787,,T,fit-eligible
ch4_water_binary,SULTANOV(1972),ch4,xc_saltfree,603,980.4,0,0,0,0,0,0,0.08381,,T,fit-eligible
ch4_water_binary,SULTANOV(1972),ch4,solubility_molality,603,980.4,0,0,0,0,0,0,5.077726173,,T,fit-eligible
ch4_water_binary,SULTANOV(1972),ch4,xc_saltfree,603,1078.7,0,0,0,0,0,0,0.0871,,T,fit-eligible
ch4_water_binary,SULTANOV(1972),ch4,solubility_molality,603,1078.7,0,0,0,0,0,0,5.296072619,,T,fit-eligible
ch4_water_binary,OU(2015),ch4,xc_saltfree,603,200,0,0,0,0,0,0,0.01046,,T,fit-eligible
ch4_water_binary,OU(2015),ch4,solubility_molality,603,200,0,0,0,0,0,0,0.5867556953,,T,fit-eligible
ch4_water_binary,OU(2015),ch4,xc_saltfree,603,300,0,0,0,0,0,0,0.02164,,R,fit-eligible
ch4_water_binary,OU(2015),ch4,solubility_molality,603,300,0,0,0,0,0,0,1.22777151,,R,fit-eligible
ch4_water_binary,OU(2015),ch4,xc_saltfree,603,400,0,0,0,0,0,0,0.02988,,T,fit-eligible
ch4_water_binary,OU(2015),ch4,solubility_molality,603,400,0,0,0,0,0,0,1.709677194,,T,fit-eligible
ch4_water_binary,OU(2015),ch4,xc_saltfree,603,500,0,0,0,0,0,0,0.03737,,T,fit-eligible
ch4_water_binary,OU(2015),ch4,solubility_molality,603,500,0,0,0,0,0,0,2.154878009,,T,fit-eligible
ch4_water_binary,OU(2015),ch4,xc_saltfree,603,700,0,0,0,0,0,0,0.04855,,T,fit-eligible
ch4_water_binary,OU(2015),ch4,solubility_molality,603,700,0,0,0,0,0,0,2.832449968,,T,fit-eligible
ch4_water_binary,OU(2015),ch4,xc_saltfree,603,900,0,0,0,0,0,0,0.057,,T,fit-eligible
ch4_water_binary,OU(2015),ch4,solubility_molality,603,900,0,0,0,0,0,0,3.355228843,,T,fit-eligible
ch4_water_binary,OU(2015),ch4,xc_saltfree,603,1200,0,0,0,0,0,0,0.06389,,T,fit-eligible
ch4_water_binary,OU(2015),ch4,solubility_molality,603,1200,0,0,0,0,0,0,3.788479897,,T,fit-eligible
ch4_water_binary,OU(2015),ch4,xc_saltfree,603,1400,0,0,0,0,0,0,0.06777,,T,fit-eligible
ch4_water_binary,OU(2015),ch4,solubility_molality,603,1400,0,0,0,0,0,0,4.035277393,,T,fit-eligible
ch4_water_binary,SUSAK(1980),ch4,xc_saltfree,623,172.4,0,0,0,0,0,0,0.001493,,T,fit-eligible
ch4_water_binary,SUSAK(1980),ch4,solubility_molality,623,172.4,0,0,0,0,0,0,0.08299800958,,T,fit-eligible
ch4_water_binary,SUSAK(1980),ch4,xc_saltfree,623,344.7,0,0,0,0,0,0,0.03605,,T,fit-eligible
ch4_water_binary,SUSAK(1980),ch4,solubility_molality,623,344.7,0,0,0,0,0,0,2.07591585,,T,fit-eligible
ch4_water_binary,SUSAK(1980),ch4,xc_saltfree,623,689.5,0,0,0,0,0,0,0.094607,,T,fit-eligible
ch4_water_binary,SUSAK(1980),ch4,solubility_molality,623,689.5,0,0,0,0,0,0,5.800228758,,T,fit-eligible
ch4_water_binary,SUSAK(1980),ch4,xc_saltfree,623,1034.2,0,0,0,0,0,0,0.142541,,T,fit-eligible
ch4_water_binary,SUSAK(1980),ch4,solubility_molality,623,1034.2,0,0,0,0,0,0,9.227529062,,T,fit-eligible
ch4_water_binary,SUSAK(1980),ch4,xc_saltfree,623,1379,0,0,0,0,0,0,0.182671,,T,fit-eligible
ch4_water_binary,SUSAK(1980),ch4,solubility_molality,623,1379,0,0,0,0,0,0,12.40599727,,T,fit-eligible
ch4_water_binary,SULTANOV(1972),ch4,xc_saltfree,623,196.2,0,0,0,0,0,0,0.00692,,T,fit-eligible
ch4_water_binary,SULTANOV(1972),ch4,solubility_molality,623,196.2,0,0,0,0,0,0,0.386794992,,T,fit-eligible
ch4_water_binary,SULTANOV(1972),ch4,xc_saltfree,623,245.2,0,0,0,0,0,0,0.01715,,T,fit-eligible
ch4_water_binary,SULTANOV(1972),ch4,solubility_molality,623,245.2,0,0,0,0,0,0,0.9685808224,,T,fit-eligible
ch4_water_binary,SULTANOV(1972),ch4,xc_saltfree,623,294.2,0,0,0,0,0,0,0.02621,,T,fit-eligible
ch4_water_binary,SULTANOV(1972),ch4,solubility_molality,623,294.2,0,0,0,0,0,0,1.494034733,,T,fit-eligible
ch4_water_binary,SULTANOV(1972),ch4,xc_saltfree,623,392.2,0,0,0,0,0,0,0.0432,,T,fit-eligible
ch4_water_binary,SULTANOV(1972),ch4,solubility_molality,623,392.2,0,0,0,0,0,0,2.50623369,,T,fit-eligible
ch4_water_binary,SULTANOV(1972),ch4,xc_saltfree,623,490.4,0,0,0,0,0,0,0.06269,,T,fit-eligible
ch4_water_binary,SULTANOV(1972),ch4,solubility_molality,623,490.4,0,0,0,0,0,0,3.71256446,,T,fit-eligible
ch4_water_binary,SULTANOV(1972),ch4,xc_saltfree,623,588.4,0,0,0,0,0,0,0.08038,,T,fit-eligible
ch4_water_binary,SULTANOV(1972),ch4,solubility_molality,623,588.4,0,0,0,0,0,0,4.851751822,,T,fit-eligible
ch4_water_binary,SULTANOV(1972),ch4,xc_saltfree,623,784.6,0,0,0,0,0,0,0.10691,,T,fit-eligible
ch4_water_binary,SULTANOV(1972),ch4,solubility_molality,623,784.6,0,0,0,0,0,0,6.644802643,,T,fit-eligible
ch4_water_binary,SULTANOV(1972),ch4,xc_saltfree,623,980.4,0,0,0,0,0,0,0.13927,,T,fit-eligible
ch4_water_binary,SULTANOV(1972),ch4,solubility_molality,623,980.4,0,0,0,0,0,0,8.981515401,,T,fit-eligible
ch4_water_binary,SULTANOV(1972),ch4,xc_saltfree,623,1078.7,0,0,0,0,0,0,0.15489,,T,fit-eligible
ch4_water_binary,SULTANOV(1972),ch4,solubility_molality,623,1078.7,0,0,0,0,0,0,10.17347033,,T,fit-eligible
ch4_water_binary,PRICE(1979),ch4,xc_saltfree,627,195.6,0,0,0,0,0,0,0.006134,,T,fit-eligible
ch4_water_binary,PRICE(1979),ch4,solubility_molality,627,195.6,0,0,0,0,0,0,0.3425901889,,T,fit-eligible
ch4_water_binary,PRICE(1979),ch4,xc_saltfree,627,250.3,0,0,0,0,0,0,0.017659,,T,fit-eligible
ch4_water_binary,PRICE(1979),ch4,solubility_molality,627,250.3,0,0,0,0,0,0,0.9978443888,,T,fit-eligible
ch4_water_binary,PRICE(1979),ch4,xc_saltfree,627,323.3,0,0,0,0,0,0,0.0352,,T,fit-eligible
ch4_water_binary,PRICE(1979),ch4,solubility_molality,627,323.3,0,0,0,0,0,0,2.025183369,,T,fit-eligible
ch4_water_binary,PRICE(1979),ch4,xc_saltfree,627,425.7,0,0,0,0,0,0,0.055337,,T,fit-eligible
ch4_water_binary,PRICE(1979),ch4,solubility_molality,627,425.7,0,0,0,0,0,0,3.251604298,,T,fit-eligible
ch4_water_binary,PRICE(1979),ch4,xc_saltfree,627,530.1,0,0,0,0,0,0,0.064069,,T,fit-eligible
ch4_water_binary,PRICE(1979),ch4,solubility_molality,627,530.1,0,0,0,0,0,0,3.799820634,,T,fit-eligible
ch4_water_binary,PRICE(1979),ch4,xc_saltfree,627,1090.8,0,0,0,0,0,0,0.087798,,T,fit-eligible
ch4_water_binary,PRICE(1979),ch4,solubility_molality,627,1090.8,0,0,0,0,0,0,5.342599097,,T,fit-eligible
ch4_water_binary,PRICE(1979),ch4,xc_saltfree,627,1272.8,0,0,0,0,0,0,0.091809,,T,fit-eligible
ch4_water_binary,PRICE(1979),ch4,solubility_molality,627,1272.8,0,0,0,0,0,0,5.611345977,,T,fit-eligible
ch4_water_binary,PRICE(1979),ch4,xc_saltfree,627,1699.6,0,0,0,0,0,0,0.10172,,T,fit-eligible
ch4_water_binary,PRICE(1979),ch4,solubility_molality,627,1699.6,0,0,0,0,0,0,6.285699353,,T,fit-eligible
ch4_water_binary,PRICE(1979),ch4,xc_saltfree,627,1857.4,0,0,0,0,0,0,0.105273,,T,fit-eligible
ch4_water_binary,PRICE(1979),ch4,solubility_molality,627,1857.4,0,0,0,0,0,0,6.53108656,,T,fit-eligible
ch4_water_binary,PRICE(1979),ch4,xc_saltfree,627,1972.6,0,0,0,0,0,0,0.108656,,T,fit-eligible
ch4_water_binary,PRICE(1979),ch4,solubility_molality,627,1972.6,0,0,0,0,0,0,6.766550872,,T,fit-eligible
ch4_water_binary,SULTANOV(1972),ch4,xc_saltfree,633,245.2,0,0,0,0,0,0,0.01664,,T,fit-eligible
ch4_water_binary,SULTANOV(1972),ch4,solubility_molality,633,245.2,0,0,0,0,0,0,0.9392901475,,T,fit-eligible
ch4_water_binary,SULTANOV(1972),ch4,xc_saltfree,633,294.2,0,0,0,0,0,0,0.02853,,T,fit-eligible
ch4_water_binary,SULTANOV(1972),ch4,solubility_molality,633,294.2,0,0,0,0,0,0,1.630164238,,T,fit-eligible
ch4_water_binary,SULTANOV(1972),ch4,xc_saltfree,633,392.2,0,0,0,0,0,0,0.05283,,T,fit-eligible
ch4_water_binary,SULTANOV(1972),ch4,solubility_molality,633,392.2,0,0,0,0,0,0,3.096076337,,T,fit-eligible
ch4_water_binary,SULTANOV(1972),ch4,xc_saltfree,633,490.4,0,0,0,0,0,0,0.07821,,T,fit-eligible
ch4_water_binary,SULTANOV(1972),ch4,solubility_molality,633,490.4,0,0,0,0,0,0,4.709656978,,T,fit-eligible
ch4_water_binary,SULTANOV(1972),ch4,xc_saltfree,633,588.4,0,0,0,0,0,0,0.10923,,T,fit-eligible
ch4_water_binary,SULTANOV(1972),ch4,solubility_molality,633,588.4,0,0,0,0,0,0,6.80668002,,T,fit-eligible
ch4_water_binary,SULTANOV(1972),ch4,xc_saltfree,633,784.6,0,0,0,0,0,0,0.14644,,T,fit-eligible
ch4_water_binary,SULTANOV(1972),ch4,solubility_molality,633,784.6,0,0,0,0,0,0,9.523238238,,T,fit-eligible
chabab2019_t2,Chabab2019_IJGGC91_T2,co2,xc_saltfree,372.33,31.148,1.13,1.13,0,0,0,0,0.0039,0.0002,T,test-only
chabab2019_t2,Chabab2019_IJGGC91_T2,co2,solubility_molality,372.33,31.148,1.13,1.13,0,0,0,0,0.2173304856,0.01118878939,T,test-only
chabab2019_t2,Chabab2019_IJGGC91_T2,co2,xc_saltfree,372.31,60.5,1.13,1.13,0,0,0,0,0.0075,0.0002,T,test-only
chabab2019_t2,Chabab2019_IJGGC91_T2,co2,solubility_molality,372.31,60.5,1.13,1.13,0,0,0,0,0.419459207,0.01127010464,T,test-only
chabab2019_t2,Chabab2019_IJGGC91_T2,co2,xc_saltfree,372.29,108.84,1.13,1.13,0,0,0,0,0.0113,0.00025,T,test-only
chabab2019_t2,Chabab2019_IJGGC91_T2,co2,solubility_molality,372.29,108.84,1.13,1.13,0,0,0,0,0.6344141966,0.01419612857,T,test-only
chabab2019_t2,Chabab2019_IJGGC91_T2,co2,xc_saltfree,372.29,151.92,1.13,1.13,0,0,0,0,0.0136,0.00035,T,test-only
chabab2019_t2,Chabab2019_IJGGC91_T2,co2,solubility_molality,372.29,151.92,1.13,1.13,0,0,0,0,0.7653231112,0.01996737161,T,test-only
chabab2019_t2,Chabab2019_IJGGC91_T2,co2,xc_saltfree,372.25,191.98,1.13,1.13,0,0,0,0,0.0157,0.0006,T,test-only
chabab2019_t2,Chabab2019_IJGGC91_T2,co2,solubility_molality,372.25,191.98,1.13,1.13,0,0,0,0,0.8853829427,0.03437599391,T,test-only
chabab2019_t2,Chabab2019_IJGGC91_T2,co2,xc_saltfree,323.02,53.45,1.13,1.13,0,0,0,0,0.0103,0.0003,T,test-only
chabab2019_t2,Chabab2019_IJGGC91_T2,co2,solubility_molality,323.02,53.45,1.13,1.13,0,0,0,0,0.5776870578,0.01700094638,T,test-only
chabab2019_t2,Chabab2019_IJGGC91_T2,co2,xc_saltfree,322.97,75.55,1.13,1.13,0,0,0,0,0.0129,0.0003,T,test-only
chabab2019_t2,Chabab2019_IJGGC91_T2,co2,solubility_molality,322.97,75.55,1.13,1.13,0,0,0,0,0.7254166876,0.01709062458,T,test-only
chabab2019_t2,Chabab2019_IJGGC91_T2,co2,xc_saltfree,323.03,100.35,1.13,1.13,0,0,0,0,0.0151,0.00075,T,test-only
chabab2019_t2,Chabab2019_IJGGC91_T2,co2,solubility_molality,323.03,100.35,1.13,1.13,0,0,0,0,0.8510278906,0.04291765379,T,test-only
chabab2019_t2,Chabab2019_IJGGC91_T2,co2,xc_saltfree,323.04,145.08,1.13,1.13,0,0,0,0,0.017,0.00045,T,test-only
chabab2019_t2,Chabab2019_IJGGC91_T2,co2,solubility_molality,323.04,145.08,1.13,1.13,0,0,0,0,0.959962763,0.02585023298,T,test-only
chabab2019_t2,Chabab2019_IJGGC91_T2,co2,xc_saltfree,373.38,16.983,1,1,0,0,0,0,0.00237,0.0001,T,test-only
chabab2019_t2,Chabab2019_IJGGC91_T2,co2,solubility_molality,373.38,16.983,1,1,0,0,0,0,0.1318675171,0.005577248336,T,test-only
chabab2019_t2,Chabab2019_IJGGC91_T2,co2,xc_saltfree,373.37,32.527,1,1,0,0,0,0,0.00426,0.0002,T,test-only
chabab2019_t2,Chabab2019_IJGGC91_T2,co2,solubility_molality,373.37,32.527,1,1,0,0,0,0,0.2374775879,0.01119688124,T,test-only
chabab2019_t2,Chabab2019_IJGGC91_T2,co2,xc_saltfree,373.41,68.182,1,1,0,0,0,0,0.00833,0.0002,T,test-only
chabab2019_t2,Chabab2019_IJGGC91_T2,co2,solubility_molality,373.41,68.182,1,1,0,0,0,0,0.4662692872,0.01128897806,T,test-only
chabab2019_t2,Chabab2019_IJGGC91_T2,co2,xc_saltfree,342.82,30.391,3.01,3.01,0,0,0,0,0.00441,0.0001,T,test-only
chabab2019_t2,Chabab2019_IJGGC91_T2,co2,solubility_molality,342.82,30.391,3.01,3.01,0,0,0,0,0.245876514,0.005600127721,T,test-only
chabab2019_t2,Chabab2019_IJGGC91_T2,co2,xc_saltfree,342.81,72.559,3.01,3.01,0,0,0,0,0.0088,0.0002,T,test-only
chabab2019_t2,Chabab2019_IJGGC91_T2,co2,solubility_molality,342.81,72.559,3.01,3.01,0,0,0,0,0.492810965,0.01129968645,T,test-only
chabab2019_t2,Chabab2019_IJGGC91_T2,co2,xc_saltfree,342.82,100.91,3.01,3.01,0,0,0,0,0.01057,0.0003,T,test-only
chabab2019_t2,Chabab2019_IJGGC91_T2,co2,solubility_molality,342.82,100.91,3.01,3.01,0,0,0,0,0.5929920849,0.01701022624,T,test-only
chabab2019_t2,Chabab2019_IJGGC91_T2,co2,xc_saltfree,372.39,25.556,3.01,3.01,0,0,0,0,0.00292,8e-05,T,test-only
chabab2019_t2,Chabab2019_IJGGC91_T2,co2,solubility_molality,372.39,25.556,3.01,3.01,0,0,0,0,0.1625593035,0.004466722379,T,test-only
chabab2019_t2,Chabab2019_IJGGC91_T2,co2,xc_saltfree,372.42,71.417,3.01,3.01,0,0,0,0,0.00707,0.00015,T,test-only
chabab2019_t2,Chabab2019_IJGGC91_T2,co2,solubility_molality,372.42,71.417,3.01,3.01,0,0,0,0,0.3952389754,0.008445259087,T,test-only
chabab2019_t2,Chabab2019_IJGGC91_T2,co2,xc_saltfree,372.41,100.517,3.01,3.01,0,0,0,0,0.00878,0.0003,T,test-only
chabab2019_t2,Chabab2019_IJGGC91_T2,co2,solubility_molality,372.41,100.517,3.01,3.01,0,0,0,0,0.4916810192,0.01694884569,T,test-only
chabab2019_t2,Chabab2019_IJGGC91_T2,co2,xc_saltfree,372.43,152.433,3.01,3.01,0,0,0,0,0.01141,0.00025,T,test-only
chabab2019_t2,Chabab2019_IJGGC91_T2,co2,solubility_molality,372.43,152.433,3.01,3.01,0,0,0,0,0.6406611882,0.01419928794,T,test-only
chabab2019_t2,Chabab2019_IJGGC91_T2,co2,xc_saltfree,372.45,199.597,3.01,3.01,0,0,0,0,0.01258,0.0003,T,test-only
chabab2019_t2,Chabab2019_IJGGC91_T2,co2,solubility_molality,372.45,199.597,3.01,3.01,0,0,0,0,0.7071925959,0.01707954902,T,test-only
chabab2019_t2,Chabab2019_IJGGC91_T2,co2,xc_saltfree,372.45,229.817,3.01,3.01,0,0,0,0,0.01337,0.0003,T,test-only
chabab2019_t2,Chabab2019_IJGGC91_T2,co2,solubility_molality,372.45,229.817,3.01,3.01,0,0,0,0,0.7522047543,0.01710691135,T,test-only
chabab2020_t4,Chabab2020_IJHE45_T4,h2,xc_saltfree,323.18,37.108,0,0,0,0,0,0,0.000461,2e-05,T,test-only
chabab2020_t4,Chabab2020_IJHE45_T4,h2,solubility_molality,323.18,37.108,0,0,0,0,0,0,0.02560119071,0.001111192985,T,test-only
chabab2020_t4,Chabab2020_IJHE45_T4,h2,xc_saltfree,323.18,79.366,0,0,0,0,0,0,0.00103,3e-05,T,test-only
chabab2020_t4,Chabab2020_IJHE45_T4,h2,solubility_molality,323.18,79.366,0,0,0,0,0,0,0.05723263773,0.00166868878,T,test-only
chabab2020_t4,Chabab2020_IJHE45_T4,h2,xc_saltfree,323.19,121.706,0,0,0,0,0,0,0.001544,4e-05,R,test-only
chabab2020_t4,Chabab2020_IJHE45_T4,h2,solubility_molality,323.19,121.706,0,0,0,0,0,0,0.08583755692,0.002227209717,R,test-only
chabab2020_t4,Chabab2020_IJHE45_T4,h2,xc_saltfree,372.71,29.272,0,0,0,0,0,0,0.000396,2.5e-05,T,test-only
chabab2020_t4,Chabab2020_IJHE45_T4,h2,solubility_molality,372.71,29.272,0,0,0,0,0,0,0.02199004834,0.001388810597,T,test-only
chabab2020_t4,Chabab2020_IJHE45_T4,h2,xc_saltfree,372.73,60.213,0,0,0,0,0,0,0.000857,3.5e-05,T,test-only
chabab2020_t4,Chabab2020_IJHE45_T4,h2,solubility_molality,372.73,60.213,0,0,0,0,0,0,0.04761153193,0.001946129464,T,test-only
chabab2020_t4,Chabab2020_IJHE45_T4,h2,xc_saltfree,372.72,93.426,0,0,0,0,0,0,0.001368,6e-05,T,test-only
chabab2020_t4,Chabab2020_IJHE45_T4,h2,solubility_molality,372.72,93.426,0,0,0,0,0,0,0.07603956128,0.003339637101,T,test-only
chabab2020_t4,Chabab2020_IJHE45_T4,h2,xc_saltfree,323.2,30.828,1,1,0,0,0,0,0.000309,1e-05,T,test-only
chabab2020_t4,Chabab2020_IJHE45_T4,h2,solubility_molality,323.2,30.828,1,1,0,0,0,0,0.01715740807,0.0005554275518,T,test-only
chabab2020_t4,Chabab2020_IJHE45_T4,h2,xc_saltfree,323.21,66.068,1,1,0,0,0,0,0.000648,2e-05,T,test-only
chabab2020_t4,Chabab2020_IJHE45_T4,h2,solubility_molality,323.21,66.068,1,1,0,0,0,0,0.03599278925,0.00111160888,T,test-only
chabab2020_t4,Chabab2020_IJHE45_T4,h2,xc_saltfree,323.21,100.354,1,1,0,0,0,0,0.000972,3.5e-05,T,test-only
chabab2020_t4,Chabab2020_IJHE45_T4,h2,solubility_molality,323.21,100.354,1,1,0,0,0,0,0.05400669339,0.001946577535,T,test-only
chabab2020_t4,Chabab2020_IJHE45_T4,h2,xc_saltfree,323.21,149.657,1,1,0,0,0,0,0.001419,4e-05,T,test-only
chabab2020_t4,Chabab2020_IJHE45_T4,h2,solubility_molality,323.21,149.657,1,1,0,0,0,0,0.0788783978,0.002226652158,T,test-only
chabab2020_t4,Chabab2020_IJHE45_T4,h2,xc_saltfree,323.21,200.093,1,1,0,0,0,0,0.001855,6e-05,T,test-only
chabab2020_t4,Chabab2020_IJHE45_T4,h2,solubility_molality,323.21,200.093,1,1,0,0,0,0,0.1031595079,0.003342896748,T,test-only
chabab2020_t4,Chabab2020_IJHE45_T4,h2,xc_saltfree,347.9,42.907,1,1,0,0,0,0,0.000444,1e-05,T,test-only
chabab2020_t4,Chabab2020_IJHE45_T4,h2,solubility_molality,347.9,42.907,1,1,0,0,0,0,0.02465669274,0.000555577594,T,test-only
chabab2020_t4,Chabab2020_IJHE45_T4,h2,xc_saltfree,347.91,80.673,1,1,0,0,0,0,0.000827,2e-05,T,test-only
chabab2020_t4,Chabab2020_IJHE45_T4,h2,solubility_molality,347.91,80.673,1,1,0,0,0,0,0.04594347105,0.001112007201,T,test-only
chabab2020_t4,Chabab2020_IJHE45_T4,h2,xc_saltfree,347.9,125.504,1,1,0,0,0,0,0.001255,4e-05,T,test-only
chabab2020_t4,Chabab2020_IJHE45_T4,h2,solubility_molality,347.9,125.504,1,1,0,0,0,0,0.06975062303,0.002225920958,T,test-only
chabab2020_t4,Chabab2020_IJHE45_T4,h2,xc_saltfree,347.9,170.73,1,1,0,0,0,0,0.001667,4.5e-05,T,test-only
chabab2020_t4,Chabab2020_IJHE45_T4,h2,solubility_molality,347.9,170.73,1,1,0,0,0,0,0.09268707059,0.002506228379,T,test-only
chabab2020_t4,Chabab2020_IJHE45_T4,h2,xc_saltfree,347.91,216.205,1,1,0,0,0,0,0.002076,6e-05,T,test-only
chabab2020_t4,Chabab2020_IJHE45_T4,h2,solubility_molality,347.91,216.205,1,1,0,0,0,0,0.1154752378,0.003344377546,T,test-only
chabab2020_t4,Chabab2020_IJHE45_T4,h2,xc_saltfree,372.73,19.884,1,1,0,0,0,0,0.000217,1e-05,T,test-only
chabab2020_t4,Chabab2020_IJHE45_T4,h2,solubility_molality,372.73,19.884,1,1,0,0,0,0,0.01204794481,0.0005553253357,T,test-only
chabab2020_t4,Chabab2020_IJHE45_T4,h2,xc_saltfree,372.76,60.987,1,1,0,0,0,0,0.000659,2e-05,T,test-only
chabab2020_t4,Chabab2020_IJHE45_T4,h2,solubility_molality,372.76,60.987,1,1,0,0,0,0,0.03660418086,0.001111633351,T,test-only
chabab2020_t4,Chabab2020_IJHE45_T4,h2,xc_saltfree,372.76,100.677,1,1,0,0,0,0,0.001071,3.5e-05,T,test-only
chabab2020_t4,Chabab2020_IJHE45_T4,h2,solubility_molality,372.76,100.677,1,1,0,0,0,0,0.05951327267,0.001946963389,T,test-only
chabab2020_t4,Chabab2020_IJHE45_T4,h2,xc_saltfree,372.78,153.553,1,1,0,0,0,0,0.001595,4.5e-05,T,test-only
chabab2020_t4,Chabab2020_IJHE45_T4,h2,solubility_molality,372.78,153.553,1,1,0,0,0,0,0.08867739437,0.002505866918,T,test-only
chabab2020_t4,Chabab2020_IJHE45_T4,h2,xc_saltfree,372.72,208.62,1,1,0,0,0,0,0.002132,7e-05,T,test-only
chabab2020_t4,Chabab2020_IJHE45_T4,h2,solubility_molality,372.72,208.62,1,1,0,0,0,0,0.118596832,0.003902211748,T,test-only
chabab2020_t4,Chabab2020_IJHE45_T4,h2,xc_saltfree,323.2,32.736,3,3,0,0,0,0,0.000201,1.5e-05,T,test-only
chabab2020_t4,Chabab2020_IJHE45_T4,h2,solubility_molality,323.2,32.736,3,3,0,0,0,0,0.01115943849,0.0008329613427,T,test-only
chabab2020_t4,Chabab2020_IJHE45_T4,h2,xc_saltfree,323.18,66.733,3,3,0,0,0,0,0.0004,2e-05,T,test-only
chabab2020_t4,Chabab2020_IJHE45_T4,h2,solubility_molality,323.18,66.733,3,3,0,0,0,0,0.02221225893,0.001111057369,T,test-only
chabab2020_t4,Chabab2020_IJHE45_T4,h2,xc_saltfree,323.2,100.832,3,3,0,0,0,0,0.000631,2e-05,T,test-only
chabab2020_t4,Chabab2020_IJHE45_T4,h2,solubility_molality,323.2,100.832,3,3,0,0,0,0,0.03504793777,0.001111571061,T,test-only
chabab2020_t4,Chabab2020_IJHE45_T4,h2,xc_saltfree,323.21,150.342,3,3,0,0,0,0,0.000938,3.5e-05,T,test-only
chabab2020_t4,Chabab2020_IJHE45_T4,h2,solubility_molality,323.21,150.342,3,3,0,0,0,0,0.05211579671,0.001946445046,T,test-only
chabab2020_t4,Chabab2020_IJHE45_T4,h2,xc_saltfree,323.2,196.595,3,3,0,0,0,0,0.001204,4e-05,T,test-only
chabab2020_t4,Chabab2020_IJHE45_T4,h2,solubility_molality,323.2,196.595,3,3,0,0,0,0,0.06691271873,0.002225693646,T,test-only
chabab2020_t4,Chabab2020_IJHE45_T4,h2,xc_saltfree,372.75,33.387,3,3,0,0,0,0,0.000215,1.5e-05,T,test-only
chabab2020_t4,Chabab2020_IJHE45_T4,h2,solubility_molality,372.75,33.387,3,3,0,0,0,0,0.01193687997,0.0008329846708,T,test-only
chabab2020_t4,Chabab2020_IJHE45_T4,h2,xc_saltfree,372.74,66.536,3,3,0,0,0,0,0.000456,1.5e-05,T,test-only
chabab2020_t4,Chabab2020_IJHE45_T4,h2,solubility_molality,372.74,66.536,3,3,0,0,0,0,0.02532339386,0.000833386401,T,test-only
chabab2020_t4,Chabab2020_IJHE45_T4,h2,xc_saltfree,372.74,100.855,3,3,0,0,0,0,0.000702,3e-05,T,test-only
chabab2020_t4,Chabab2020_IJHE45_T4,h2,solubility_molality,372.74,100.855,3,3,0,0,0,0,0.03899429541,0.001667593531,T,test-only
chabab2020_t4,Chabab2020_IJHE45_T4,h2,xc_saltfree,372.76,151.296,3,3,0,0,0,0,0.00105,4e-05,T,test-only
chabab2020_t4,Chabab2020_IJHE45_T4,h2,solubility_molality,372.76,151.296,3,3,0,0,0,0,0.05834511919,0.002225007465,T,test-only
chabab2020_t4,Chabab2020_IJHE45_T4,h2,xc_saltfree,372.75,196.178,3,3,0,0,0,0,0.001333,4e-05,T,test-only
chabab2020_t4,Chabab2020_IJHE45_T4,h2,solubility_molality,372.75,196.178,3,3,0,0,0,0,0.07409150792,0.002226268679,T,test-only
chabab2020_t4,Chabab2020_IJHE45_T4,h2,xc_saltfree,372.76,229.72,3,3,0,0,0,0,0.001549,5e-05,T,test-only
chabab2020_t4,Chabab2020_IJHE45_T4,h2,solubility_molality,372.76,229.72,3,3,0,0,0,0,0.08611595953,0.002784040029,T,test-only
chabab2020_t4,Chabab2020_IJHE45_T4,h2,xc_saltfree,323.19,28.623,5,5,0,0,0,0,0.000127,5e-06,T,test-only
chabab2020_t4,Chabab2020_IJHE45_T4,h2,solubility_molality,323.19,28.623,5,5,0,0,0,0,0.007050466662,0.0002776126845,T,test-only
chabab2020_t4,Chabab2020_IJHE45_T4,h2,xc_saltfree,323.19,66.385,5,5,0,0,0,0,0.000293,1e-05,T,test-only
chabab2020_t4,Chabab2020_IJHE45_T4,h2,solubility_molality,323.19,66.385,5,5,0,0,0,0,0.01626873821,0.0005554097731,T,test-only
chabab2020_t4,Chabab2020_IJHE45_T4,h2,xc_saltfree,323.19,100.979,5,5,0,0,0,0,0.00044,1e-05,T,test-only
chabab2020_t4,Chabab2020_IJHE45_T4,h2,solubility_molality,323.19,100.979,5,5,0,0,0,0,0.02443446259,0.0005555731474,T,test-only
chabab2020_t4,Chabab2020_IJHE45_T4,h2,xc_saltfree,323.2,149.9,5,5,0,0,0,0,0.000662,2e-05,T,test-only
chabab2020_t4,Chabab2020_IJHE45_T4,h2,solubility_molality,323.2,149.9,5,5,0,0,0,0,0.03677092636,0.001111640025,T,test-only
chabab2020_t4,Chabab2020_IJHE45_T4,h2,xc_saltfree,323.19,193.702,5,5,0,0,0,0,0.000838,3.5e-05,T,test-only
chabab2020_t4,Chabab2020_IJHE45_T4,h2,solubility_molality,323.19,193.702,5,5,0,0,0,0,0.04655508174,0.001946055449,T,test-only
chabab2021_t2,Chabab2021_JCED66_T2,co2,xc_saltfree,303.55,36.721,6,6,0,0,0,0,0.00572,0.0001,T,test-only
chabab2021_t2,Chabab2021_JCED66_T2,co2,solubility_molality,303.55,36.721,6,6,0,0,0,0,0.3193348439,0.005614894185,T,test-only
chabab2021_t2,Chabab2021_JCED66_T2,co2,xc_saltfree,303.55,71.333,6,6,0,0,0,0,0.0089,8e-05,T,test-only
chabab2021_t2,Chabab2021_JCED66_T2,co2,solubility_molality,303.55,71.333,6,6,0,0,0,0,0.4984613783,0.004520786717,T,test-only
chabab2021_t2,Chabab2021_JCED66_T2,co2,xc_saltfree,303.55,151.857,6,6,0,0,0,0,0.00936,0.0001,R,test-only
chabab2021_t2,Chabab2021_JCED66_T2,co2,solubility_molality,303.55,151.857,6,6,0,0,0,0,0.5244679724,0.005656232641,R,test-only
chabab2021_t2,Chabab2021_JCED66_T2,co2,xc_saltfree,303.55,246.777,6,6,0,0,0,0,0.01012,0.0001,T,test-only
chabab2021_t2,Chabab2021_JCED66_T2,co2,solubility_molality,303.55,246.777,6,6,0,0,0,0,0.5674883449,0.005664921345,T,test-only
chabab2021_t2,Chabab2021_JCED66_T2,co2,xc_saltfree,303.55,360.196,6,6,0,0,0,0,0.01077,0.0001,T,test-only
chabab2021_t2,Chabab2021_JCED66_T2,co2,solubility_molality,303.55,360.196,6,6,0,0,0,0,0.6043345285,0.005672368366,T,test-only
chabab2021_t2,Chabab2021_JCED66_T2,co2,xc_saltfree,323.1,35.818,6,6,0,0,0,0,0.00418,0.0001,T,fit-eligible
chabab2021_t2,Chabab2021_JCED66_T2,co2,solubility_molality,323.1,35.818,6,6,0,0,0,0,0.2329991952,0.005597541148,T,fit-eligible
chabab2021_t2,Chabab2021_JCED66_T2,co2,xc_saltfree,323.1,89.744,6,6,0,0,0,0,0.0076,7e-05,T,fit-eligible
chabab2021_t2,Chabab2021_JCED66_T2,co2,solubility_molality,323.1,89.744,6,6,0,0,0,0,0.4250948272,0.003945331612,T,fit-eligible
chabab2021_t2,Chabab2021_JCED66_T2,co2,xc_saltfree,323.1,143.618,6,6,0,0,0,0,0.00866,9e-05,T,fit-eligible
chabab2021_t2,Chabab2021_JCED66_T2,co2,solubility_molality,323.1,143.618,6,6,0,0,0,0,0.4849023016,0.005083422804,T,fit-eligible
chabab2021_t2,Chabab2021_JCED66_T2,co2,xc_saltfree,323.1,245.798,6,6,0,0,0,0,0.00939,0.0001,T,fit-eligible
chabab2021_t2,Chabab2021_JCED66_T2,co2,solubility_molality,323.1,245.798,6,6,0,0,0,0,0.5261648936,0.005656575237,T,fit-eligible
chabab2021_t2,Chabab2021_JCED66_T2,co2,xc_saltfree,323.1,394.477,6,6,0,0,0,0,0.01046,0.0001,T,fit-eligible
chabab2021_t2,Chabab2021_JCED66_T2,co2,solubility_molality,323.1,394.477,6,6,0,0,0,0,0.5867556953,0.005668814879,T,fit-eligible
chabab2021_t2,Chabab2021_JCED66_T2,co2,xc_saltfree,373.29,46.76,6,6,0,0,0,0,0.00333,0.0001,T,fit-eligible
chabab2021_t2,Chabab2021_JCED66_T2,co2,solubility_molality,373.29,46.76,6,6,0,0,0,0,0.1854606728,0.005587997605,T,fit-eligible
chabab2021_t2,Chabab2021_JCED66_T2,co2,xc_saltfree,373.39,120.603,6,6,0,0,0,0,0.00654,6e-05,T,fit-eligible
chabab2021_t2,Chabab2021_JCED66_T2,co2,solubility_molality,373.39,120.603,6,6,0,0,0,0,0.3654149793,0.003374500234,T,fit-eligible
chabab2021_t2,Chabab2021_JCED66_T2,co2,xc_saltfree,373.39,205.905,6,6,0,0,0,0,0.00846,8e-05,T,fit-eligible
chabab2021_t2,Chabab2021_JCED66_T2,co2,solubility_molality,373.39,205.905,6,6,0,0,0,0,0.473608085,0.004516775371,T,fit-eligible
chabab2021_t2,Chabab2021_JCED66_T2,co2,xc_saltfree,373.39,350.185,6,6,0,0,0,0,0.00978,0.0001,T,fit-eligible
chabab2021_t2,Chabab2021_JCED66_T2,co2,solubility_molality,373.39,350.185,6,6,0,0,0,0,0.5482342256,0.00566103182,T,fit-eligible
chabab2021_t3,Chabab2021_JCED66_T3_tech1,o2,xc_saltfree,324,43.54,0.5,0.5,0,0,0,0,0.00064,2e-05,T,test-only
chabab2021_t3,Chabab2021_JCED66_T3_tech1,o2,solubility_molality,324,43.54,0.5,0.5,0,0,0,0,0.03554814926,0.001111591083,T,test-only
chabab2021_t3,Chabab2021_JCED66_T3_tech1,o2,xc_saltfree,323.95,99.31,0.5,0.5,0,0,0,0,0.0014,0.0001,T,test-only
chabab2021_t3,Chabab2021_JCED66_T3_tech1,o2,solubility_molality,323.95,99.31,0.5,0.5,0,0,0,0,0.07782075815,0.005566418568,T,test-only
chabab2021_t3,Chabab2021_JCED66_T3_tech1,o2,xc_saltfree,323.94,136.33,0.5,0.5,0,0,0,0,0.0018,0.0001,T,test-only
chabab2021_t3,Chabab2021_JCED66_T3_tech1,o2,solubility_molality,323.94,136.33,0.5,0.5,0,0,0,0,0.1000953547,0.005570880627,T,test-only
chabab2021_t3,Chabab2021_JCED66_T3_tech1,o2,xc_saltfree,323.93,170.18,0.5,0.5,0,0,0,0,0.0021,0.0001,T,test-only
chabab2021_t3,Chabab2021_JCED66_T3_tech1,o2,solubility_molality,323.93,170.18,0.5,0.5,0,0,0,0,0.116813021,0.005574230693,T,test-only
chabab2021_t3,Chabab2021_JCED66_T3_tech1,o2,xc_saltfree,323.93,200.71,0.5,0.5,0,0,0,0,0.0024,0.0001,T,test-only
chabab2021_t3,Chabab2021_JCED66_T3_tech1,o2,solubility_molality,323.93,200.71,0.5,0.5,0,0,0,0,0.1335407419,0.005577583781,T,test-only
chabab2021_t3,Chabab2021_JCED66_T3_tech1,o2,xc_saltfree,323.16,31.21,1,1,0,0,0,0,0.00038,1e-05,T,test-only
chabab2021_t3,Chabab2021_JCED66_T3_tech1,o2,solubility_molality,323.16,31.21,1,1,0,0,0,0,0.02110122379,0.0005555064553,T,test-only
chabab2021_t3,Chabab2021_JCED66_T3_tech1,o2,xc_saltfree,323.17,73.479,1,1,0,0,0,0,0.00085,2e-05,T,test-only
chabab2021_t3,Chabab2021_JCED66_T3_tech1,o2,solubility_molality,323.17,73.479,1,1,0,0,0,0,0.04722230876,0.001112058397,T,test-only
chabab2021_t3,Chabab2021_JCED66_T3_tech1,o2,xc_saltfree,323.14,48.79,1,1,0,0,0,0,0.00059,1e-05,T,test-only
chabab2021_t3,Chabab2021_JCED66_T3_tech1,o2,solubility_molality,323.14,48.79,1,1,0,0,0,0,0.03276931058,0.0005557399303,T,test-only
chabab2021_t3,Chabab2021_JCED66_T3_tech1,o2,xc_saltfree,323.14,112.857,1,1,0,0,0,0,0.00125,4e-05,T,test-only
chabab2021_t3,Chabab2021_JCED66_T3_tech1,o2,solubility_molality,323.14,112.857,1,1,0,0,0,0,0.06947238431,0.002225898671,T,test-only
chabab2021_t3,Chabab2021_JCED66_T3_tech1,o2,xc_saltfree,323.17,152.399,1,1,0,0,0,0,0.0016,5e-05,T,test-only
chabab2021_t3,Chabab2021_JCED66_T3_tech1,o2,solubility_molality,323.17,152.399,1,1,0,0,0,0,0.08895582542,0.002784324464,T,test-only
chabab2021_t3,Chabab2021_JCED66_T3_tech1,o2,xc_saltfree,323.18,30.72,4,4,0,0,0,0,0.00018,1e-05,T,test-only
chabab2021_t3,Chabab2021_JCED66_T3_tech1,o2,solubility_molality,323.18,30.72,4,4,0,0,0,0,0.009993317108,0.000555284235,T,test-only
chabab2021_t3,Chabab2021_JCED66_T3_tech1,o2,xc_saltfree,323.16,72.104,4,4,0,0,0,0,0.00042,1e-05,T,test-only
chabab2021_t3,Chabab2021_JCED66_T3_tech1,o2,solubility_molality,323.16,72.104,4,4,0,0,0,0,0.02332333853,0.0005555509154,T,test-only
chabab2021_t3,Chabab2021_JCED66_T3_tech1,o2,xc_saltfree,323.13,150.404,4,4,0,0,0,0,0.0008,3e-05,T,test-only
chabab2021_t3,Chabab2021_JCED66_T3_tech1,o2,solubility_molality,323.13,150.404,4,4,0,0,0,0,0.04444230189,0.001667920657,T,test-only
chabab2021_t3,Chabab2021_JCED66_T3_tech1,o2,xc_saltfree,323.16,196.893,4,4,0,0,0,0,0.00098,3e-05,T,test-only
chabab2021_t3,Chabab2021_JCED66_T3_tech1,o2,solubility_molality,323.16,196.893,4,4,0,0,0,0,0.05445162896,0.001668521752,T,test-only
chabab2021_t3,Chabab2021_JCED66_T3_tech1,o2,xc_saltfree,372.92,30.516,1,1,0,0,0,0,0.00029,1e-05,U,test-only
chabab2021_t3,Chabab2021_JCED66_T3_tech1,o2,solubility_molality,372.92,30.516,1,1,0,0,0,0,0.01610211578,0.0005554064396,U,test-only
chabab2021_t3,Chabab2021_JCED66_T3_tech1,o2,xc_saltfree,373.11,72.294,1,1,0,0,0,0,0.0007,1e-05,U,test-only
chabab2021_t3,Chabab2021_JCED66_T3_tech1,o2,solubility_molality,373.11,72.294,1,1,0,0,0,0,0.03888312273,0.0005558622854,U,test-only
chabab2021_t3,Chabab2021_JCED66_T3_tech1,o2,xc_saltfree,373.07,111.25,1,1,0,0,0,0,0.00106,2e-05,U,test-only
chabab2021_t3,Chabab2021_JCED66_T3_tech1,o2,solubility_molality,373.07,111.25,1,1,0,0,0,0,0.05890137662,0.001112526006,U,test-only
chabab2021_t3,Chabab2021_JCED66_T3_tech1,o2,xc_saltfree,373.1,151.719,1,1,0,0,0,0,0.00139,2e-05,U,test-only
chabab2021_t3,Chabab2021_JCED66_T3_tech1,o2,solubility_molality,373.1,151.719,1,1,0,0,0,0,0.07726412187,0.001113261417,U,test-only
chabab2021_t3,Chabab2021_JCED66_T3_tech1,o2,xc_saltfree,373.09,202.617,1,1,0,0,0,0,0.00175,4e-05,U,test-only
chabab2021_t3,Chabab2021_JCED66_T3_tech1,o2,solubility_molality,373.09,202.617,1,1,0,0,0,0,0.09731005395,0.00222812903,U,test-only
chabab2021_t3,Chabab2021_JCED66_T3_tech1,o2,xc_saltfree,333.3,31.964,2,2,0,0,0,0,0.00029,1e-05,T,test-only
chabab2021_t3,Chabab2021_JCED66_T3_tech1,o2,solubility_molality,333.3,31.964,2,2,0,0,0,0,0.01610211578,0.0005554064396,T,test-only
chabab2021_t3,Chabab2021_JCED66_T3_tech1,o2,xc_saltfree,333.53,66.156,2,2,0,0,0,0,0.00057,1e-05,T,test-only
chabab2021_t3,Chabab2021_JCED66_T3_tech1,o2,solubility_molality,333.53,66.156,2,2,0,0,0,0,0.03165785296,0.0005557176882,T,test-only
chabab2021_t3,Chabab2021_JCED66_T3_tech1,o2,xc_saltfree,333.53,102.178,2,2,0,0,0,0,0.00083,6e-05,T,test-only
chabab2021_t3,Chabab2021_JCED66_T3_tech1,o2,solubility_molality,333.53,102.178,2,2,0,0,0,0,0.04611027263,0.003336041635,T,test-only
chabab2021_t3,Chabab2021_JCED66_T3_tech1,o2,xc_saltfree,333.52,152.95,2,2,0,0,0,0,0.00118,4e-05,T,test-only
chabab2021_t3,Chabab2021_JCED66_T3_tech1,o2,solubility_molality,333.52,152.95,2,2,0,0,0,0,0.06557733463,0.002225586688,T,test-only
chabab2021_t3,Chabab2021_JCED66_T3_tech1,o2,xc_saltfree,333.53,202.64,2,2,0,0,0,0,0.00146,8e-05,T,test-only
chabab2021_t3,Chabab2021_JCED66_T3_tech1,o2,solubility_molality,333.53,202.64,2,2,0,0,0,0,0.08116080997,0.004453670028,T,test-only
chabab2021_t3,Chabab2021_JCED66_T3_tech2,o2,xc_saltfree,303.74,104.249,1,1,0,0,0,0,0.00141,5e-05,T,test-only
chabab2021_t3,Chabab2021_JCED66_T3_tech2,o2,solubility_molality,303.74,104.249,1,1,0,0,0,0,0.07837740558,0.002783265027,T,test-only
chabab2021_t3,Chabab2021_JCED66_T3_tech2,o2,xc_saltfree,303.74,168.653,1,1,0,0,0,0,0.00206,5.3e-05,T,test-only
chabab2021_t3,Chabab2021_JCED66_T3_tech2,o2,solubility_molality,303.74,168.653,1,1,0,0,0,0,0.1145834181,0.002954105437,T,test-only
chabab2021_t3,Chabab2021_JCED66_T3_tech2,o2,xc_saltfree,303.55,259.464,1,1,0,0,0,0,0.0029,5.5e-05,T,test-only
chabab2021_t3,Chabab2021_JCED66_T3_tech2,o2,solubility_molality,303.55,259.464,1,1,0,0,0,0,0.1614426454,0.003070748444,T,test-only
chabab2021_t3,Chabab2021_JCED66_T3_tech2,o2,xc_saltfree,303.55,354.577,1,1,0,0,0,0,0.0035,5.8e-05,T,test-only
chabab2021_t3,Chabab2021_JCED66_T3_tech2,o2,solubility_molality,303.55,354.577,1,1,0,0,0,0,0.1949618893,0.003242144529,T,test-only
chabab2021_t3,Chabab2021_JCED66_T3_tech2,o2,xc_saltfree,323.2,118.555,1,1,0,0,0,0,0.00131,5e-05,T,test-only
chabab2021_t3,Chabab2021_JCED66_T3_tech2,o2,solubility_molality,323.2,118.555,1,1,0,0,0,0,0.07281143291,0.002782707672,T,test-only
chabab2021_t3,Chabab2021_JCED66_T3_tech2,o2,xc_saltfree,323.2,205.567,1,1,0,0,0,0,0.00201,5.4e-05,T,test-only
chabab2021_t3,Chabab2021_JCED66_T3_tech2,o2,solubility_molality,323.2,205.567,1,1,0,0,0,0,0.1117966658,0.003009541692,T,test-only
chabab2021_t3,Chabab2021_JCED66_T3_tech2,o2,xc_saltfree,323.2,279.341,1,1,0,0,0,0,0.00256,5.5e-05,T,test-only
chabab2021_t3,Chabab2021_JCED66_T3_tech2,o2,solubility_molality,323.2,279.341,1,1,0,0,0,0,0.1424663075,0.003068655333,T,test-only
chabab2021_t3,Chabab2021_JCED66_T3_tech2,o2,xc_saltfree,323.2,356.287,1,1,0,0,0,0,0.00304,5.6e-05,T,test-only
chabab2021_t3,Chabab2021_JCED66_T3_tech2,o2,solubility_molality,323.2,356.287,1,1,0,0,0,0,0.1692601936,0.003127458408,T,test-only
chabab2021_t3,Chabab2021_JCED66_T3_tech2,o2,xc_saltfree,373.1,291.304,1,1,0,0,0,0,0.00245,5.4e-05,T,test-only
chabab2021_t3,Chabab2021_JCED66_T3_tech2,o2,solubility_molality,373.1,291.304,1,1,0,0,0,0,0.1363296736,0.003012197179,T,test-only
chabab2021_t3,Chabab2021_JCED66_T3_tech2,o2,xc_saltfree,373.1,215.461,1,1,0,0,0,0,0.00197,5.4e-05,T,test-only
chabab2021_t3,Chabab2021_JCED66_T3_tech2,o2,solubility_molality,373.1,215.461,1,1,0,0,0,0,0.109567465,0.003009300458,T,test-only
chabab2021_t3,Chabab2021_JCED66_T3_tech2,o2,xc_saltfree,373.19,123.554,1,1,0,0,0,0,0.00129,5.3e-05,T,test-only
chabab2021_t3,Chabab2021_JCED66_T3_tech2,o2,solubility_molality,373.19,123.554,1,1,0,0,0,0,0.07169837213,0.002949551994,T,test-only
chabab2021_t3,Chabab2021_JCED66_T3_tech2,o2,xc_saltfree,373.19,355.839,1,1,0,0,0,0,0.00286,5.5e-05,T,test-only
chabab2021_t3,Chabab2021_JCED66_T3_tech2,o2,solubility_molality,373.19,355.839,1,1,0,0,0,0,0.1592094633,0.003070502085,T,test-only
chabab2021_t3,Chabab2021_JCED66_T3_tech2,o2,xc_saltfree,303.26,135.379,4,4,0,0,0,0,0.00078,5e-05,T,test-only
chabab2021_t3,Chabab2021_JCED66_T3_tech2,o2,solubility_molality,303.26,135.379,4,4,0,0,0,0,0.04333037704,0.002779756482,T,test-only
chabab2021_t3,Chabab2021_JCED66_T3_tech2,o2,xc_saltfree,303.26,208.808,4,4,0,0,0,0,0.00112,5.3e-05,T,test-only
chabab2021_t3,Chabab2021_JCED66_T3_tech2,o2,solubility_molality,303.26,208.808,4,4,0,0,0,0,0.06223915512,0.002948548107,T,test-only
chabab2021_t3,Chabab2021_JCED66_T3_tech2,o2,xc_saltfree,303.26,279.272,4,4,0,0,0,0,0.00134,5.3e-05,T,test-only
chabab2021_t3,Chabab2021_JCED66_T3_tech2,o2,solubility_molality,303.26,279.272,4,4,0,0,0,0,0.07448110767,0.002949847352,T,test-only
chabab2021_t3,Chabab2021_JCED66_T3_tech2,o2,xc_saltfree,303.64,323.123,4,4,0,0,0,0,0.00153,5.4e-05,T,test-only
chabab2021_t3,Chabab2021_JCED66_T3_tech2,o2,solubility_molality,303.64,323.123,4,4,0,0,0,0,0.08505804445,0.0030066488,T,test-only
chabab2021_t3,Chabab2021_JCED66_T3_tech2,o2,xc_saltfree,323.1,138.274,4,4,0,0,0,0,0.00075,5e-05,T,test-only
chabab2021_t3,Chabab2021_JCED66_T3_tech2,o2,solubility_molality,323.1,138.274,4,4,0,0,0,0,0.04166257323,0.002779589574,T,test-only
chabab2021_t3,Chabab2021_JCED66_T3_tech2,o2,xc_saltfree,323.01,210.325,4,4,0,0,0,0,0.00102,5.3e-05,T,test-only
chabab2021_t3,Chabab2021_JCED66_T3_tech2,o2,solubility_molality,323.01,210.325,4,4,0,0,0,0,0.05667641371,0.002947957825,T,test-only
chabab2021_t3,Chabab2021_JCED66_T3_tech2,o2,xc_saltfree,323.01,284.305,4,4,0,0,0,0,0.00125,5.4e-05,T,test-only
chabab2021_t3,Chabab2021_JCED66_T3_tech2,o2,solubility_molality,323.01,284.305,4,4,0,0,0,0,0.06947238431,0.003004963206,T,test-only
chabab2021_t3,Chabab2021_JCED66_T3_tech2,o2,xc_saltfree,323.01,360.63,4,4,0,0,0,0,0.0015,5.4e-05,T,test-only
chabab2021_t3,Chabab2021_JCED66_T3_tech2,o2,solubility_molality,323.01,360.63,4,4,0,0,0,0,0.08338773419,0.003006468133,T,test-only
dossantos2021_t7,dosSantos2021_ChemGeol582_T7,co2,solubility_molality,303.15,15.5,6,6,0,0,0,0,0.148,0.003,T,test-only
dossantos2021_t7,dosSantos2021_ChemGeol582_T7,co2,solubility_molality,303.15,30.2,6,6,0,0,0,0,0.27,0.006,T,test-only
dossantos2021_t7,dosSantos2021_ChemGeol582_T7,co2,solubility_molality,303.15,50.2,6,6,0,0,0,0,0.401,0.009,T,test-only
dossantos2021_t7,dosSantos2021_ChemGeol582_T7,co2,solubility_molality,303.15,100.2,6,6,0,0,0,0,0.5,0.011,T,test-only
dossantos2021_t7,dosSantos2021_ChemGeol582_T7,co2,solubility_molality,303.15,150.6,6,6,0,0,0,0,0.525,0.012,R,test-only
dossantos2021_t7,dosSantos2021_ChemGeol582_T7,co2,solubility_molality,303.15,201.8,6,6,0,0,0,0,0.543,0.012,T,test-only
dossantos2021_t7,dosSantos2021_ChemGeol582_T7,co2,solubility_molality,303.15,15.3,5,3,0,0,0,1,0.14,0.003,T,test-only
dossantos2021_t7,dosSantos2021_ChemGeol582_T7,co2,solubility_molality,303.15,30.4,5,3,0,0,0,1,0.259,0.006,T,test-only
dossantos2021_t7,dosSantos2021_ChemGeol582_T7,co2,solubility_molality,303.15,50.3,5,3,0,0,0,1,0.375,0.009,T,test-only
dossantos2021_t7,dosSantos2021_ChemGeol582_T7,co2,solubility_molality,303.15,100.2,5,3,0,0,0,1,0.466,0.011,T,test-only
dossantos2021_t7,dosSantos2021_ChemGeol582_T7,co2,solubility_molality,303.15,150.3,5,3,0,0,0,1,0.483,0.011,T,test-only
dossantos2021_t7,dosSantos2021_ChemGeol582_T7,co2,solubility_molality,303.15,201.2,5,3,0,0,0,1,0.514,0.012,T,test-only
dossantos2021_t7,dosSantos2021_ChemGeol582_T7,co2,solubility_molality,323.15,15.6,5,3,0,0,0,1,0.102,0.002,T,test-only
dossantos2021_t7,dosSantos2021_ChemGeol582_T7,co2,solubility_molality,323.15,30.4,5,3,0,0,0,1,0.186,0.004,T,test-only
dossantos2021_t7,dosSantos2021_ChemGeol582_T7,co2,solubility_molality,323.15,50.3,5,3,0,0,0,1,0.284,0.006,T,test-only
dossantos2021_t7,dosSantos2021_ChemGeol582_T7,co2,solubility_molality,323.15,100.4,5,3,0,0,0,1,0.416,0.009,T,test-only
dossantos2021_t7,dosSantos2021_ChemGeol582_T7,co2,solubility_molality,323.15,150.8,5,3,0,0,0,1,0.454,0.01,T,test-only
dossantos2021_t7,dosSantos2021_ChemGeol582_T7,co2,solubility_molality,323.15,200.7,5,3,0,0,0,1,0.495,0.011,T,test-only
dossantos2021_t7,dosSantos2021_ChemGeol582_T7,co2,solubility_molality,373.15,15.4,5,3,0,0,0,1,0.063,0.001,T,test-only
dossantos2021_t7,dosSantos2021_ChemGeol582_T7,co2,solubility_molality,373.15,30.7,5,3,0,0,0,1,0.123,0.003,T,test-only
dossantos2021_t7,dosSantos2021_ChemGeol582_T7,co2,solubility_molality,373.15,50.3,5,3,0,0,0,1,0.191,0.004,T,test-only
dossantos2021_t7,dosSantos2021_ChemGeol582_T7,co2,solubility_molality,373.15,101.6,5,3,0,0,0,1,0.33,0.008,T,test-only
dossantos2021_t7,dosSantos2021_ChemGeol582_T7,co2,solubility_molality,373.15,151,5,3,0,0,0,1,0.421,0.01,T,test-only
dossantos2021_t7,dosSantos2021_ChemGeol582_T7,co2,solubility_molality,373.15,201.2,5,3,0,0,0,1,0.476,0.011,T,test-only
dossantos2021_t7,dosSantos2021_ChemGeol582_T7,co2,solubility_molality,423.15,15.4,5,3,0,0,0,1,0.044,0.001,T,test-only
dossantos2021_t7,dosSantos2021_ChemGeol582_T7,co2,solubility_molality,423.15,30.3,5,3,0,0,0,1,0.096,0.002,T,test-only
dossantos2021_t7,dosSantos2021_ChemGeol582_T7,co2,solubility_molality,423.15,50.4,5,3,0,0,0,1,0.164,0.004,T,test-only
dossantos2021_t7,dosSantos2021_ChemGeol582_T7,co2,solubility_molality,423.15,100.1,5,3,0,0,0,1,0.299,0.007,T,test-only
dossantos2021_t7,dosSantos2021_ChemGeol582_T7,co2,solubility_molality,423.15,150.2,5,3,0,0,0,1,0.405,0.009,T,test-only
dossantos2021_t7,dosSantos2021_ChemGeol582_T7,co2,solubility_molality,423.15,200.5,5,3,0,0,0,1,0.482,0.011,T,test-only
hou2013_t2,Hou2013_JSCF78_T2,co2,xc_saltfree,323.15,27.82,2.5,2.5,0,0,0,0,0.00492,4.38e-05,T,test-only
hou2013_t2,Hou2013_JSCF78_T2,co2,solubility_molality,323.15,27.82,2.5,2.5,0,0,0,0,0.2744518034,0.002455370869,T,test-only
hou2013_t2,Hou2013_JSCF78_T2,co2,xc_saltfree,323.15,57.39,2.5,2.5,0,0,0,0,0.00875,7.45e-05,T,test-only
hou2013_t2,Hou2013_JSCF78_T2,co2,solubility_molality,323.15,57.39,2.5,2.5,0,0,0,0,0.4899861859,0.004208708583,T,test-only
hou2013_t2,Hou2013_JSCF78_T2,co2,xc_saltfree,323.15,87.3,2.5,2.5,0,0,0,0,0.01146,0.00021,T,test-only
hou2013_t2,Hou2013_JSCF78_T2,co2,solubility_molality,323.15,87.3,2.5,2.5,0,0,0,0,0.6435011894,0.01192860847,T,test-only
hou2013_t2,Hou2013_JSCF78_T2,co2,xc_saltfree,323.15,117.73,2.5,2.5,0,0,0,0,0.01238,0.000354,T,test-only
hou2013_t2,Hou2013_JSCF78_T2,co2,solubility_molality,323.15,117.73,2.5,2.5,0,0,0,0,0.6958085357,0.02014570607,T,test-only
hou2013_t2,Hou2013_JSCF78_T2,co2,xc_saltfree,323.15,150.2,2.5,2.5,0,0,0,0,0.01293,5.97e-05,T,test-only
hou2013_t2,Hou2013_JSCF78_T2,co2,solubility_molality,323.15,150.2,2.5,2.5,0,0,0,0,0.727125802,0.00340124103,T,test-only
hou2013_t2,Hou2013_JSCF78_T2,co2,xc_saltfree,323.15,182.11,2.5,2.5,0,0,0,0,0.01335,5.59e-05,T,test-only
hou2013_t2,Hou2013_JSCF78_T2,co2,solubility_molality,323.15,182.11,2.5,2.5,0,0,0,0,0.7510643167,0.003187458587,T,test-only
hou2013_t2,Hou2013_JSCF78_T2,co2,xc_saltfree,373.15,26.13,2.5,2.5,0,0,0,0,0.00261,3.33e-05,T,test-only
hou2013_t2,Hou2013_JSCF78_T2,co2,solubility_molality,373.15,26.13,2.5,2.5,0,0,0,0,0.145256134,0.001858117604,T,test-only
hou2013_t2,Hou2013_JSCF78_T2,co2,xc_saltfree,373.15,57.42,2.5,2.5,0,0,0,0,0.00545,0.000179,T,test-only
hou2013_t2,Hou2013_JSCF78_T2,co2,solubility_molality,373.15,57.42,2.5,2.5,0,0,0,0,0.3041787452,0.01004520423,T,test-only
hou2013_t2,Hou2013_JSCF78_T2,co2,xc_saltfree,373.15,87.89,2.5,2.5,0,0,0,0,0.00745,0.000163,T,test-only
hou2013_t2,Hou2013_JSCF78_T2,co2,solubility_molality,373.15,87.89,2.5,2.5,0,0,0,0,0.4166418228,0.009184209896,T,test-only
hou2013_t2,Hou2013_JSCF78_T2,co2,xc_saltfree,373.15,118.67,2.5,2.5,0,0,0,0,0.00911,0.000237,T,test-only
hou2013_t2,Hou2013_JSCF78_T2,co2,solubility_molality,373.15,118.67,2.5,2.5,0,0,0,0,0.5103309584,0.01339850795,T,test-only
hou2013_t2,Hou2013_JSCF78_T2,co2,xc_saltfree,373.15,149.21,2.5,2.5,0,0,0,0,0.01039,0.000249,T,test-only
hou2013_t2,Hou2013_JSCF78_T2,co2,solubility_molality,373.15,149.21,2.5,2.5,0,0,0,0,0.5827878056,0.01411335222,T,test-only
hou2013_t2,Hou2013_JSCF78_T2,co2,xc_saltfree,373.15,180.13,2.5,2.5,0,0,0,0,0.01139,0.000144,T,test-only
hou2013_t2,Hou2013_JSCF78_T2,co2,solubility_molality,373.15,180.13,2.5,2.5,0,0,0,0,0.6395252682,0.008178458935,T,test-only
hou2013_t2,Hou2013_JSCF78_T2,co2,xc_saltfree,423.15,26.43,2.5,2.5,0,0,0,0,0.00193,3.24e-05,T,test-only
hou2013_t2,Hou2013_JSCF78_T2,co2,solubility_molality,423.15,26.43,2.5,2.5,0,0,0,0,0.1073384429,0.001805435552,T,test-only
hou2013_t2,Hou2013_JSCF78_T2,co2,xc_saltfree,423.15,57.66,2.5,2.5,0,0,0,0,0.0044,0.000117,T,test-only
hou2013_t2,Hou2013_JSCF78_T2,co2,solubility_molality,423.15,57.66,2.5,2.5,0,0,0,0,0.2453165069,0.006552017812,T,test-only
hou2013_t2,Hou2013_JSCF78_T2,co2,xc_saltfree,423.15,86,2.5,2.5,0,0,0,0,0.0064,4.19e-05,T,test-only
hou2013_t2,Hou2013_JSCF78_T2,co2,solubility_molality,423.15,86,2.5,2.5,0,0,0,0,0.3575422548,0.002355861966,T,test-only
hou2013_t2,Hou2013_JSCF78_T2,co2,xc_saltfree,423.15,116.04,2.5,2.5,0,0,0,0,0.00824,2.32e-05,T,test-only
hou2013_t2,Hou2013_JSCF78_T2,co2,solubility_molality,423.15,116.04,2.5,2.5,0,0,0,0,0.4611897081,0.001309283793,T,test-only
hou2013_t2,Hou2013_JSCF78_T2,co2,xc_saltfree,423.15,148.81,2.5,2.5,0,0,0,0,0.01014,0.000107,T,test-only
hou2013_t2,Hou2013_JSCF78_T2,co2,solubility_molality,423.15,148.81,2.5,2.5,0,0,0,0,0.568621352,0.006061710784,T,test-only
hou2013_t2,Hou2013_JSCF78_T2,co2,xc_saltfree,423.15,177.94,2.5,2.5,0,0,0,0,0.01137,0.000126,T,test-only
hou2013_t2,Hou2013_JSCF78_T2,co2,solubility_molality,423.15,177.94,2.5,2.5,0,0,0,0,0.6383893941,0.007155862033,T,test-only
hou2013_t2,Hou2013_JSCF78_T2,co2,xc_saltfree,323.15,29.83,4,4,0,0,0,0,0.00403,3.54e-05,T,test-only
hou2013_t2,Hou2013_JSCF78_T2,co2,solubility_molality,323.15,29.83,4,4,0,0,0,0,0.224604148,0.001980932747,T,test-only
hou2013_t2,Hou2013_JSCF78_T2,co2,xc_saltfree,323.15,59.54,4,4,0,0,0,0,0.00697,3.74e-05,T,test-only
hou2013_t2,Hou2013_JSCF78_T2,co2,solubility_molality,323.15,59.54,4,4,0,0,0,0,0.3896093697,0.002105260528,T,test-only
hou2013_t2,Hou2013_JSCF78_T2,co2,xc_saltfree,323.15,89.53,4,4,0,0,0,0,0.00875,2.23e-05,T,test-only
hou2013_t2,Hou2013_JSCF78_T2,co2,solubility_molality,323.15,89.53,4,4,0,0,0,0,0.4899861859,0.001259787938,T,test-only
hou2013_t2,Hou2013_JSCF78_T2,co2,xc_saltfree,323.15,120.17,4,4,0,0,0,0,0.00956,3.91e-05,T,test-only
hou2013_t2,Hou2013_JSCF78_T2,co2,solubility_molality,323.15,120.17,4,4,0,0,0,0,0.535782722,0.002212480226,T,test-only
hou2013_t2,Hou2013_JSCF78_T2,co2,xc_saltfree,323.15,149.59,4,4,0,0,0,0,0.00997,9.14e-05,T,test-only
hou2013_t2,Hou2013_JSCF78_T2,co2,solubility_molality,323.15,149.59,4,4,0,0,0,0,0.5589922503,0.005176169264,T,test-only
hou2013_t2,Hou2013_JSCF78_T2,co2,xc_saltfree,323.15,179.54,4,4,0,0,0,0,0.01025,7.23e-05,T,test-only
hou2013_t2,Hou2013_JSCF78_T2,co2,solubility_molality,323.15,179.54,4,4,0,0,0,0,0.5748537099,0.004096814123,T,test-only
hou2013_t2,Hou2013_JSCF78_T2,co2,xc_saltfree,373.15,29.51,4,4,0,0,0,0,0.00251,3.48e-05,T,test-only
hou2013_t2,Hou2013_JSCF78_T2,co2,solubility_molality,373.15,29.51,4,4,0,0,0,0,0.1396767607,0.001941427274,T,test-only
hou2013_t2,Hou2013_JSCF78_T2,co2,xc_saltfree,373.15,60.68,4,4,0,0,0,0,0.00466,4.55e-05,T,test-only
hou2013_t2,Hou2013_JSCF78_T2,co2,solubility_molality,373.15,60.68,4,4,0,0,0,0,0.2598803498,0.002549338268,T,test-only
hou2013_t2,Hou2013_JSCF78_T2,co2,xc_saltfree,373.15,89.16,4,4,0,0,0,0,0.0062,7.85e-05,T,test-only
hou2013_t2,Hou2013_JSCF78_T2,co2,solubility_molality,373.15,89.16,4,4,0,0,0,0,0.3462993534,0.004411950746,T,test-only
hou2013_t2,Hou2013_JSCF78_T2,co2,xc_saltfree,373.15,120.03,4,4,0,0,0,0,0.00752,0.000103,T,test-only
hou2013_t2,Hou2013_JSCF78_T2,co2,solubility_molality,373.15,120.03,4,4,0,0,0,0,0.4205862402,0.005804337814,T,test-only
hou2013_t2,Hou2013_JSCF78_T2,co2,xc_saltfree,373.15,149.24,4,4,0,0,0,0,0.00857,0.000157,T,test-only
hou2013_t2,Hou2013_JSCF78_T2,co2,solubility_molality,373.15,149.24,4,4,0,0,0,0,0.4798193402,0.00886613875,T,test-only
hou2013_t2,Hou2013_JSCF78_T2,co2,xc_saltfree,373.15,181.62,4,4,0,0,0,0,0.00924,0.000117,T,test-only
hou2013_t2,Hou2013_JSCF78_T2,co2,solubility_molality,373.15,181.62,4,4,0,0,0,0,0.5176813153,0.006616189204,T,test-only
hou2013_t2,Hou2013_JSCF78_T2,co2,xc_saltfree,423.15,30.93,4,4,0,0,0,0,0.00195,1.4e-05,T,test-only
hou2013_t2,Hou2013_JSCF78_T2,co2,solubility_molality,423.15,30.93,4,4,0,0,0,0,0.1084529316,0.0007801577395,T,test-only
hou2013_t2,Hou2013_JSCF78_T2,co2,xc_saltfree,423.15,58.16,4,4,0,0,0,0,0.00375,3.79e-05,T,test-only
hou2013_t2,Hou2013_JSCF78_T2,co2,solubility_molality,423.15,58.16,4,4,0,0,0,0,0.2089401571,0.00211963716,T,test-only
hou2013_t2,Hou2013_JSCF78_T2,co2,xc_saltfree,423.15,88.57,4,4,0,0,0,0,0.00555,3.53e-05,T,test-only
hou2013_t2,Hou2013_JSCF78_T2,co2,solubility_molality,423.15,88.57,4,4,0,0,0,0,0.3097911555,0.001981380045,T,test-only
hou2013_t2,Hou2013_JSCF78_T2,co2,xc_saltfree,423.15,119.22,4,4,0,0,0,0,0.00709,2.9e-05,T,test-only
hou2013_t2,Hou2013_JSCF78_T2,co2,solubility_molality,423.15,119.22,4,4,0,0,0,0,0.3963650327,0.001632815867,T,test-only
hou2013_t2,Hou2013_JSCF78_T2,co2,xc_saltfree,423.15,149.79,4,4,0,0,0,0,0.00844,0.000113,T,test-only
hou2013_t2,Hou2013_JSCF78_T2,co2,solubility_molality,423.15,149.79,4,4,0,0,0,0,0.472478914,0.006379687845,T,test-only
hou2013_t2,Hou2013_JSCF78_T2,co2,xc_saltfree,423.15,180.79,4,4,0,0,0,0,0.00965,0.000106,T,test-only
hou2013_t2,Hou2013_JSCF78_T2,co2,solubility_molality,423.15,180.79,4,4,0,0,0,0,0.5408758503,0.00599911845,T,test-only
hou2013_t3,Hou2013_JSCF78_T3,co2,xc_saltfree,323.15,29.2,0,2.5,2.5,0,0,0,0.00638,0.000198,T,test-only
hou2013_t3,Hou2013_JSCF78_T3,co2,solubility_molality,323.15,29.2,0,2.5,2.5,0,0,0,0.356417761,0.01113226471,T,test-only
hou2013_t3,Hou2013_JSCF78_T3,co2,xc_saltfree,323.15,58.95,0,2.5,2.5,0,0,0,0.01139,0.000343,T,test-only
hou2013_t3,Hou2013_JSCF78_T3,co2,solubility_molality,323.15,58.95,0,2.5,2.5,0,0,0,0.6395252682,0.01948063482,T,test-only
hou2013_t3,Hou2013_JSCF78_T3,co2,xc_saltfree,323.15,88.8,0,2.5,2.5,0,0,0,0.01411,0.00022,T,test-only
hou2013_t3,Hou2013_JSCF78_T3,co2,solubility_molality,323.15,88.8,0,2.5,2.5,0,0,0,0.7944334751,0.01256390782,T,test-only
hou2013_t3,Hou2013_JSCF78_T3,co2,xc_saltfree,323.15,117.74,0,2.5,2.5,0,0,0,0.01545,9.78e-05,T,test-only
hou2013_t3,Hou2013_JSCF78_T3,co2,solubility_molality,323.15,117.74,0,2.5,2.5,0,0,0,0.8710632489,0.00560044176,T,test-only
hou2013_t3,Hou2013_JSCF78_T3,co2,xc_saltfree,323.15,150.62,0,2.5,2.5,0,0,0,0.01616,0.000106,T,test-only
hou2013_t3,Hou2013_JSCF78_T3,co2,solubility_molality,323.15,150.62,0,2.5,2.5,0,0,0,0.9117501937,0.006078772602,T,test-only
hou2013_t3,Hou2013_JSCF78_T3,co2,xc_saltfree,323.15,180.78,0,2.5,2.5,0,0,0,0.01671,0.000109,T,test-only
hou2013_t3,Hou2013_JSCF78_T3,co2,solubility_molality,323.15,180.78,0,2.5,2.5,0,0,0,0.9433086372,0.006257808035,T,test-only
hou2013_t3,Hou2013_JSCF78_T3,co2,xc_saltfree,373.15,29.45,0,2.5,2.5,0,0,0,0.00331,3.47e-05,T,test-only
hou2013_t3,Hou2013_JSCF78_T3,co2,solubility_molality,373.15,29.45,0,2.5,2.5,0,0,0,0.1843430957,0.001938957351,T,test-only
hou2013_t3,Hou2013_JSCF78_T3,co2,xc_saltfree,373.15,60.8,0,2.5,2.5,0,0,0,0.00629,7.76e-05,T,test-only
hou2013_t3,Hou2013_JSCF78_T3,co2,solubility_molality,373.15,60.8,0,2.5,2.5,0,0,0,0.351358099,0.004362157923,T,test-only
hou2013_t3,Hou2013_JSCF78_T3,co2,xc_saltfree,373.15,90.71,0,2.5,2.5,0,0,0,0.00862,8.07e-05,T,test-only
hou2013_t3,Hou2013_JSCF78_T3,co2,solubility_molality,373.15,90.71,0,2.5,2.5,0,0,0,0.4826430937,0.004557767967,T,test-only
hou2013_t3,Hou2013_JSCF78_T3,co2,xc_saltfree,373.15,120.32,0,2.5,2.5,0,0,0,0.01035,4.35e-05,T,test-only
hou2013_t3,Hou2013_JSCF78_T3,co2,solubility_molality,373.15,120.32,0,2.5,2.5,0,0,0,0.5805206921,0.002465386324,T,test-only
hou2013_t3,Hou2013_JSCF78_T3,co2,xc_saltfree,373.15,148.74,0,2.5,2.5,0,0,0,0.01163,7.29e-05,T,test-only
hou2013_t3,Hou2013_JSCF78_T3,co2,solubility_molality,373.15,148.74,0,2.5,2.5,0,0,0,0.6531593429,0.00414235583,T,test-only
hou2013_t3,Hou2013_JSCF78_T3,co2,xc_saltfree,373.15,178.83,0,2.5,2.5,0,0,0,0.01273,0.000143,T,test-only
hou2013_t3,Hou2013_JSCF78_T3,co2,solubility_molality,373.15,178.83,0,2.5,2.5,0,0,0,0.7157336679,0.008143725757,T,test-only
hou2013_t3,Hou2013_JSCF78_T3,co2,xc_saltfree,423.15,27.45,0,2.5,2.5,0,0,0,0.00217,2.27e-05,T,test-only
hou2013_t3,Hou2013_JSCF78_T3,co2,solubility_molality,423.15,27.45,0,2.5,2.5,0,0,0,0.1207152562,0.001265527908,T,test-only
hou2013_t3,Hou2013_JSCF78_T3,co2,xc_saltfree,423.15,60.74,0,2.5,2.5,0,0,0,0.0051,3.68e-05,T,test-only
hou2013_t3,Hou2013_JSCF78_T3,co2,solubility_molality,423.15,60.74,0,2.5,2.5,0,0,0,0.2845441942,0.00206370654,T,test-only
hou2013_t3,Hou2013_JSCF78_T3,co2,xc_saltfree,423.15,88.89,0,2.5,2.5,0,0,0,0.00753,0.000173,T,test-only
hou2013_t3,Hou2013_JSCF78_T3,co2,solubility_molality,423.15,88.89,0,2.5,2.5,0,0,0,0.4211497738,0.009749229878,T,test-only
hou2013_t3,Hou2013_JSCF78_T3,co2,xc_saltfree,423.15,119.57,0,2.5,2.5,0,0,0,0.00939,4.8e-05,T,test-only
hou2013_t3,Hou2013_JSCF78_T3,co2,solubility_molality,423.15,119.57,0,2.5,2.5,0,0,0,0.5261648936,0.002715156114,T,test-only
hou2013_t3,Hou2013_JSCF78_T3,co2,xc_saltfree,423.15,149.58,0,2.5,2.5,0,0,0,0.01135,0.000183,T,test-only
hou2013_t3,Hou2013_JSCF78_T3,co2,solubility_molality,423.15,149.58,0,2.5,2.5,0,0,0,0.6372535659,0.01039261722,T,test-only
hou2013_t3,Hou2013_JSCF78_T3,co2,xc_saltfree,423.15,178.58,0,2.5,2.5,0,0,0,0.01282,7.86e-05,T,test-only
hou2013_t3,Hou2013_JSCF78_T3,co2,solubility_molality,423.15,178.58,0,2.5,2.5,0,0,0,0.720859557,0.004477017927,T,test-only
hou2013_t3,Hou2013_JSCF78_T3,co2,xc_saltfree,323.15,30.27,0,4,4,0,0,0,0.00552,5.51e-05,T,test-only
hou2013_t3,Hou2013_JSCF78_T3,co2,solubility_molality,323.15,30.27,0,4,4,0,0,0,0.3081073139,0.00309256243,T,test-only
hou2013_t3,Hou2013_JSCF78_T3,co2,xc_saltfree,323.15,59.59,0,4,4,0,0,0,0.00939,7.34e-05,T,test-only
hou2013_t3,Hou2013_JSCF78_T3,co2,solubility_molality,323.15,59.59,0,4,4,0,0,0,0.5261648936,0.004151926224,T,test-only
hou2013_t3,Hou2013_JSCF78_T3,co2,xc_saltfree,323.15,89.98,0,4,4,0,0,0,0.01167,4.92e-05,T,test-only
hou2013_t3,Hou2013_JSCF78_T3,co2,solubility_molality,323.15,89.98,0,4,4,0,0,0,0.6554323325,0.002795890316,T,test-only
hou2013_t3,Hou2013_JSCF78_T3,co2,xc_saltfree,323.15,120.84,0,4,4,0,0,0,0.0127,4.26e-05,T,test-only
hou2013_t3,Hou2013_JSCF78_T3,co2,solubility_molality,323.15,120.84,0,4,4,0,0,0,0.7140252459,0.002425885556,T,test-only
hou2013_t3,Hou2013_JSCF78_T3,co2,xc_saltfree,323.15,150.36,0,4,4,0,0,0,0.01312,9.52e-05,T,test-only
hou2013_t3,Hou2013_JSCF78_T3,co2,solubility_molality,323.15,150.36,0,4,4,0,0,0,0.7379526062,0.005425843168,T,test-only
hou2013_t3,Hou2013_JSCF78_T3,co2,xc_saltfree,323.15,181.84,0,4,4,0,0,0,0.01353,6.87e-05,T,test-only
hou2013_t3,Hou2013_JSCF78_T3,co2,solubility_molality,323.15,181.84,0,4,4,0,0,0,0.7613299202,0.00391875359,T,test-only
hou2013_t3,Hou2013_JSCF78_T3,co2,xc_saltfree,373.15,30.25,0,4,4,0,0,0,0.00301,4.87e-05,T,test-only
hou2013_t3,Hou2013_JSCF78_T3,co2,solubility_molality,373.15,30.25,0,4,4,0,0,0,0.1675848198,0.002719608189,T,test-only
hou2013_t3,Hou2013_JSCF78_T3,co2,xc_saltfree,373.15,60.23,0,4,4,0,0,0,0.00558,5.83e-05,T,test-only
hou2013_t3,Hou2013_JSCF78_T3,co2,solubility_molality,373.15,60.23,0,4,4,0,0,0,0.3114750987,0.003272561656,T,test-only
hou2013_t3,Hou2013_JSCF78_T3,co2,xc_saltfree,373.15,89.78,0,4,4,0,0,0,0.00757,7.79e-05,T,test-only
hou2013_t3,Hou2013_JSCF78_T3,co2,solubility_molality,373.15,89.78,0,4,4,0,0,0,0.4234040219,0.004390325025,T,test-only
hou2013_t3,Hou2013_JSCF78_T3,co2,xc_saltfree,373.15,120.32,0,4,4,0,0,0,0.00908,4.37e-05,T,test-only
hou2013_t3,Hou2013_JSCF78_T3,co2,solubility_molality,373.15,120.32,0,4,4,0,0,0,0.5086349961,0.002470376985,T,test-only
hou2013_t3,Hou2013_JSCF78_T3,co2,xc_saltfree,373.15,151.03,0,4,4,0,0,0,0.01041,4.34e-05,T,test-only
hou2013_t3,Hou2013_JSCF78_T3,co2,solubility_molality,373.15,151.03,0,4,4,0,0,0,0.5839214311,0.002460017049,T,test-only
hou2013_t3,Hou2013_JSCF78_T3,co2,xc_saltfree,373.15,182.15,0,4,4,0,0,0,0.01121,7.28e-05,T,test-only
hou2013_t3,Hou2013_JSCF78_T3,co2,solubility_molality,373.15,182.15,0,4,4,0,0,0,0.6293040555,0.004133160133,T,test-only
hou2013_t3,Hou2013_JSCF78_T3,co2,xc_saltfree,423.15,29.08,0,4,4,0,0,0,0.00198,3.43e-05,T,test-only
hou2013_t3,Hou2013_JSCF78_T3,co2,solubility_molality,423.15,29.08,0,4,4,0,0,0,0.1101247484,0.001911501374,T,test-only
hou2013_t3,Hou2013_JSCF78_T3,co2,xc_saltfree,423.15,59.57,0,4,4,0,0,0,0.00417,9.12e-05,T,test-only
hou2013_t3,Hou2013_JSCF78_T3,co2,solubility_molality,423.15,59.57,0,4,4,0,0,0,0.2324394467,0.005104855001,T,test-only
hou2013_t3,Hou2013_JSCF78_T3,co2,xc_saltfree,423.15,89.84,0,4,4,0,0,0,0.00612,4.42e-05,T,test-only
hou2013_t3,Hou2013_JSCF78_T3,co2,solubility_molality,423.15,89.84,0,4,4,0,0,0,0.3418034598,0.002483781284,T,test-only
hou2013_t3,Hou2013_JSCF78_T3,co2,xc_saltfree,423.15,120.35,0,4,4,0,0,0,0.00785,7.95e-05,T,test-only
hou2013_t3,Hou2013_JSCF78_T3,co2,solubility_molality,423.15,120.35,0,4,4,0,0,0,0.4391888477,0.00448302787,T,test-only
hou2013_t3,Hou2013_JSCF78_T3,co2,xc_saltfree,423.15,149.91,0,4,4,0,0,0,0.00942,5.34e-05,T,test-only
hou2013_t3,Hou2013_JSCF78_T3,co2,solubility_molality,423.15,149.91,0,4,4,0,0,0,0.5278619175,0.003020794139,T,test-only
hou2013_t3,Hou2013_JSCF78_T3,co2,xc_saltfree,423.15,181.2,0,4,4,0,0,0,0.01084,4.28e-05,T,test-only
hou2013_t3,Hou2013_JSCF78_T3,co2,solubility_molality,423.15,181.2,0,4,4,0,0,0,0.6083054673,0.002428117286,T,test-only
n2_osullivan1970,OSULLIVAN(1970),n2,solubility_molality,324.65,101.325,0,0,0,0,0,0,0.04438670459,,T,test-only
n2_osullivan1970,OSULLIVAN(1970),n2,xc_saltfree,324.65,101.325,0,0,0,0,0,0,0.000799,,T,test-only
n2_osullivan1970,OSULLIVAN(1970),n2,solubility_molality,324.65,202.65,0,0,0,0,0,0,0.08082678673,,T,test-only
n2_osullivan1970,OSULLIVAN(1970),n2,xc_saltfree,324.65,202.65,0,0,0,0,0,0,0.001454,,T,test-only
n2_osullivan1970,OSULLIVAN(1970),n2,solubility_molality,324.65,303.975,0,0,0,0,0,0,0.1121867943,,T,test-only
n2_osullivan1970,OSULLIVAN(1970),n2,xc_saltfree,324.65,303.975,0,0,0,0,0,0,0.002017,,T,test-only
n2_osullivan1970,OSULLIVAN(1970),n2,solubility_molality,324.65,405.3,0,0,0,0,0,0,0.1385610202,,T,test-only
n2_osullivan1970,OSULLIVAN(1970),n2,xc_saltfree,324.65,405.3,0,0,0,0,0,0,0.00249,,T,test-only
n2_osullivan1970,OSULLIVAN(1970),n2,solubility_molality,324.65,506.625,0,0,0,0,0,0,0.1625593035,,T,test-only
n2_osullivan1970,OSULLIVAN(1970),n2,xc_saltfree,324.65,506.625,0,0,0,0,0,0,0.00292,,T,test-only
n2_osullivan1970,OSULLIVAN(1970),n2,solubility_molality,324.65,607.95,0,0,0,0,0,0,0.1865782947,,T,test-only
n2_osullivan1970,OSULLIVAN(1970),n2,xc_saltfree,324.65,607.95,0,0,0,0,0,0,0.00335,,T,test-only
n2_osullivan1970,OSULLIVAN(1970),n2,solubility_molality,324.65,101.325,1,1,0,0,0,0,0.03352938492,,T,test-only
n2_osullivan1970,OSULLIVAN(1970),n2,xc_saltfree,324.65,101.325,1,1,0,0,0,0,0.0006036766119,,T,test-only
n2_osullivan1970,OSULLIVAN(1970),n2,solubility_molality,324.65,202.65,1,1,0,0,0,0,0.06086857071,,T,test-only
n2_osullivan1970,OSULLIVAN(1970),n2,xc_saltfree,324.65,202.65,1,1,0,0,0,0,0.001095363208,,T,test-only
n2_osullivan1970,OSULLIVAN(1970),n2,solubility_molality,324.65,303.975,1,1,0,0,0,0,0.08471995306,,T,test-only
n2_osullivan1970,OSULLIVAN(1970),n2,xc_saltfree,324.65,303.975,1,1,0,0,0,0,0.001523927776,,T,test-only
n2_osullivan1970,OSULLIVAN(1970),n2,solubility_molality,324.65,405.3,1,1,0,0,0,0,0.1053015501,,T,test-only
n2_osullivan1970,OSULLIVAN(1970),n2,xc_saltfree,324.65,405.3,1,1,0,0,0,0,0.001893444974,,T,test-only
n2_osullivan1970,OSULLIVAN(1970),n2,solubility_molality,324.65,506.625,1,1,0,0,0,0,0.1255008019,,T,test-only
n2_osullivan1970,OSULLIVAN(1970),n2,xc_saltfree,324.65,506.625,1,1,0,0,0,0,0.002255831803,,T,test-only
n2_osullivan1970,OSULLIVAN(1970),n2,solubility_molality,324.65,607.95,1,1,0,0,0,0,0.143328963,,T,test-only
n2_osullivan1970,OSULLIVAN(1970),n2,xc_saltfree,324.65,607.95,1,1,0,0,0,0,0.002575461272,,T,test-only
n2_osullivan1970,OSULLIVAN(1970),n2,solubility_molality,324.65,202.65,4,4,0,0,0,0,0.02976910208,,T,test-only
n2_osullivan1970,OSULLIVAN(1970),n2,xc_saltfree,324.65,202.65,4,4,0,0,0,0,0.0005360112472,,T,test-only
n2_osullivan1970,OSULLIVAN(1970),n2,solubility_molality,324.65,303.975,4,4,0,0,0,0,0.0416850841,,T,test-only
n2_osullivan1970,OSULLIVAN(1970),n2,xc_saltfree,324.65,303.975,4,4,0,0,0,0,0.0007504049315,,T,test-only
n2_osullivan1970,OSULLIVAN(1970),n2,solubility_molality,324.65,405.3,4,4,0,0,0,0,0.0522943204,,T,test-only
n2_osullivan1970,OSULLIVAN(1970),n2,xc_saltfree,324.65,405.3,4,4,0,0,0,0,0.0009412101133,,T,test-only
n2_osullivan1970,OSULLIVAN(1970),n2,solubility_molality,324.65,506.625,4,4,0,0,0,0,0.06159541151,,T,test-only
n2_osullivan1970,OSULLIVAN(1970),n2,xc_saltfree,324.65,506.625,4,4,0,0,0,0,0.001108428608,,T,test-only
n2_osullivan1970,OSULLIVAN(1970),n2,solubility_molality,324.65,607.95,4,4,0,0,0,0,0.07024326174,,T,test-only
n2_osullivan1970,OSULLIVAN(1970),n2,xc_saltfree,324.65,607.95,4,4,0,0,0,0,0.001263852683,,T,test-only
n2_osullivan1970,OSULLIVAN(1970),n2,solubility_molality,375.65,102.33825,0,0,0,0,0,0,0.04316359215,,T,test-only
n2_osullivan1970,OSULLIVAN(1970),n2,xc_saltfree,375.65,102.33825,0,0,0,0,0,0,0.000777,,T,test-only
n2_osullivan1970,OSULLIVAN(1970),n2,solubility_molality,375.65,203.66325,0,0,0,0,0,0,0.08043709802,,T,test-only
n2_osullivan1970,OSULLIVAN(1970),n2,xc_saltfree,375.65,203.66325,0,0,0,0,0,0,0.001447,,T,test-only
n2_osullivan1970,OSULLIVAN(1970),n2,solubility_molality,375.65,306.0015,0,0,0,0,0,0,0.1115180059,,T,test-only
n2_osullivan1970,OSULLIVAN(1970),n2,xc_saltfree,375.65,306.0015,0,0,0,0,0,0,0.002005,,T,test-only
n2_osullivan1970,OSULLIVAN(1970),n2,solubility_molality,375.65,408.33975,0,0,0,0,0,0,0.1402346477,,T,test-only
n2_osullivan1970,OSULLIVAN(1970),n2,xc_saltfree,375.65,408.33975,0,0,0,0,0,0,0.00252,,T,test-only
n2_osullivan1970,OSULLIVAN(1970),n2,solubility_molality,375.65,509.66475,0,0,0,0,0,0,0.1659095469,,T,test-only
n2_osullivan1970,OSULLIVAN(1970),n2,xc_saltfree,375.65,509.66475,0,0,0,0,0,0,0.00298,,T,test-only
n2_osullivan1970,OSULLIVAN(1970),n2,solubility_molality,375.65,612.003,0,0,0,0,0,0,0.1876959615,,T,test-only
n2_osullivan1970,OSULLIVAN(1970),n2,xc_saltfree,375.65,612.003,0,0,0,0,0,0,0.00337,,T,test-only
n2_osullivan1970,OSULLIVAN(1970),n2,solubility_molality,375.65,102.33825,1,1,0,0,0,0,0.03409514572,,T,test-only
n2_osullivan1970,OSULLIVAN(1970),n2,xc_saltfree,375.65,102.33825,1,1,0,0,0,0,0.0006138565454,,T,test-only
n2_osullivan1970,OSULLIVAN(1970),n2,solubility_molality,375.65,203.66325,1,1,0,0,0,0,0.06296396712,,T,test-only
n2_osullivan1970,OSULLIVAN(1970),n2,xc_saltfree,375.65,203.66325,1,1,0,0,0,0,0.001133028288,,T,test-only
n2_osullivan1970,OSULLIVAN(1970),n2,solubility_molality,375.65,306.0015,1,1,0,0,0,0,0.08704384656,,T,test-only
n2_osullivan1970,OSULLIVAN(1970),n2,xc_saltfree,375.65,306.0015,1,1,0,0,0,0,0.00156566412,,T,test-only
n2_osullivan1970,OSULLIVAN(1970),n2,solubility_molality,375.65,408.33975,1,1,0,0,0,0,0.1087049087,,T,test-only
n2_osullivan1970,OSULLIVAN(1970),n2,xc_saltfree,375.65,408.33975,1,1,0,0,0,0,0.001954521732,,T,test-only
n2_osullivan1970,OSULLIVAN(1970),n2,solubility_molality,375.65,509.66475,1,1,0,0,0,0,0.1275442254,,T,test-only
n2_osullivan1970,OSULLIVAN(1970),n2,xc_saltfree,375.65,509.66475,1,1,0,0,0,0,0.002292477404,,T,test-only
n2_osullivan1970,OSULLIVAN(1970),n2,solubility_molality,375.65,612.003,1,1,0,0,0,0,0.147304924,,T,test-only
n2_osullivan1970,OSULLIVAN(1970),n2,xc_saltfree,375.65,612.003,1,1,0,0,0,0,0.002646715757,,T,test-only
n2_osullivan1970,OSULLIVAN(1970),n2,solubility_molality,375.65,203.66325,4,4,0,0,0,0,0.03113919734,,T,test-only
n2_osullivan1970,OSULLIVAN(1970),n2,xc_saltfree,375.65,203.66325,4,4,0,0,0,0,0.0005606668354,,T,test-only
n2_osullivan1970,OSULLIVAN(1970),n2,solubility_molality,375.65,306.0015,4,4,0,0,0,0,0.04353248828,,T,test-only
n2_osullivan1970,OSULLIVAN(1970),n2,xc_saltfree,375.65,306.0015,4,4,0,0,0,0,0.0007836353994,,T,test-only
n2_osullivan1970,OSULLIVAN(1970),n2,solubility_molality,375.65,408.33975,4,4,0,0,0,0,0.05354622117,,T,test-only
n2_osullivan1970,OSULLIVAN(1970),n2,xc_saltfree,375.65,408.33975,4,4,0,0,0,0,0.0009637205142,,T,test-only
n2_osullivan1970,OSULLIVAN(1970),n2,solubility_molality,375.65,509.66475,4,4,0,0,0,0,0.06237063356,,T,test-only
n2_osullivan1970,OSULLIVAN(1970),n2,xc_saltfree,375.65,509.66475,4,4,0,0,0,0,0.001122363313,,T,test-only
n2_osullivan1970,OSULLIVAN(1970),n2,solubility_molality,375.65,612.003,4,4,0,0,0,0,0.07179417623,,T,test-only
n2_osullivan1970,OSULLIVAN(1970),n2,xc_saltfree,375.65,612.003,4,4,0,0,0,0,0.001291721485,,T,test-only
n2_osullivan1970,OSULLIVAN(1970),n2,solubility_molality,398.15,104.36475,0,0,0,0,0,0,0.04488708429,,T,test-only
n2_osullivan1970,OSULLIVAN(1970),n2,xc_saltfree,398.15,104.36475,0,0,0,0,0,0,0.000808,,T,test-only
n2_osullivan1970,OSULLIVAN(1970),n2,solubility_molality,398.15,206.703,0,0,0,0,0,0,0.08294233508,,T,test-only
n2_osullivan1970,OSULLIVAN(1970),n2,xc_saltfree,398.15,206.703,0,0,0,0,0,0,0.001492,,T,test-only
n2_osullivan1970,OSULLIVAN(1970),n2,solubility_molality,398.15,309.04125,0,0,0,0,0,0,0.1138588356,,T,test-only
n2_osullivan1970,OSULLIVAN(1970),n2,xc_saltfree,398.15,309.04125,0,0,0,0,0,0,0.002047,,T,test-only
n2_osullivan1970,OSULLIVAN(1970),n2,solubility_molality,398.15,410.36625,0,0,0,0,0,0,0.1430242504,,T,test-only
n2_osullivan1970,OSULLIVAN(1970),n2,xc_saltfree,398.15,410.36625,0,0,0,0,0,0,0.00257,,T,test-only
n2_osullivan1970,OSULLIVAN(1970),n2,solubility_molality,398.15,513.71775,0,0,0,0,0,0,0.1703771654,,T,test-only
n2_osullivan1970,OSULLIVAN(1970),n2,xc_saltfree,398.15,513.71775,0,0,0,0,0,0,0.00306,,T,test-only
n2_osullivan1970,OSULLIVAN(1970),n2,solubility_molality,398.15,616.056,0,0,0,0,0,0,0.1955208854,,T,test-only
n2_osullivan1970,OSULLIVAN(1970),n2,xc_saltfree,398.15,616.056,0,0,0,0,0,0,0.00351,,T,test-only
n2_osullivan1970,OSULLIVAN(1970),n2,solubility_molality,398.15,104.36475,1,1,0,0,0,0,0.03573591606,,T,test-only
n2_osullivan1970,OSULLIVAN(1970),n2,xc_saltfree,398.15,104.36475,1,1,0,0,0,0,0.0006433783317,,T,test-only
n2_osullivan1970,OSULLIVAN(1970),n2,solubility_molality,398.15,206.703,1,1,0,0,0,0,0.06234099521,,T,test-only
n2_osullivan1970,OSULLIVAN(1970),n2,xc_saltfree,398.15,206.703,1,1,0,0,0,0,0.001121830567,,T,test-only
n2_osullivan1970,OSULLIVAN(1970),n2,solubility_molality,398.15,309.04125,1,1,0,0,0,0,0.0867604347,,T,test-only
n2_osullivan1970,OSULLIVAN(1970),n2,xc_saltfree,398.15,309.04125,1,1,0,0,0,0,0.001560574325,,T,test-only
n2_osullivan1970,OSULLIVAN(1970),n2,solubility_molality,398.15,410.36625,1,1,0,0,0,0,0.1066061226,,T,test-only
n2_osullivan1970,OSULLIVAN(1970),n2,xc_saltfree,398.15,410.36625,1,1,0,0,0,0,0.001916857747,,T,test-only
n2_osullivan1970,OSULLIVAN(1970),n2,solubility_molality,398.15,513.71775,1,1,0,0,0,0,0.1263522104,,T,test-only
n2_osullivan1970,OSULLIVAN(1970),n2,xc_saltfree,398.15,513.71775,1,1,0,0,0,0,0.002271100809,,T,test-only
n2_osullivan1970,OSULLIVAN(1970),n2,solubility_molality,398.15,616.056,1,1,0,0,0,0,0.1444648949,,T,test-only
n2_osullivan1970,OSULLIVAN(1970),n2,xc_saltfree,398.15,616.056,1,1,0,0,0,0,0.002595819715,,T,test-only
n2_osullivan1970,OSULLIVAN(1970),n2,solubility_molality,398.15,206.703,4,4,0,0,0,0,0.03376042484,,T,test-only
n2_osullivan1970,OSULLIVAN(1970),n2,xc_saltfree,398.15,206.703,4,4,0,0,0,0,0.0006078338198,,T,test-only
n2_osullivan1970,OSULLIVAN(1970),n2,solubility_molality,398.15,309.04125,4,4,0,0,0,0,0.0440688529,,T,test-only
n2_osullivan1970,OSULLIVAN(1970),n2,xc_saltfree,398.15,309.04125,4,4,0,0,0,0,0.0007932829268,,T,test-only
n2_osullivan1970,OSULLIVAN(1970),n2,solubility_molality,398.15,410.36625,4,4,0,0,0,0,0.05485779272,,T,test-only
n2_osullivan1970,OSULLIVAN(1970),n2,xc_saltfree,398.15,410.36625,4,4,0,0,0,0,0.0009873027659,,T,test-only
n2_osullivan1970,OSULLIVAN(1970),n2,solubility_molality,398.15,513.71775,4,4,0,0,0,0,0.06201283626,,T,test-only
n2_osullivan1970,OSULLIVAN(1970),n2,xc_saltfree,398.15,513.71775,4,4,0,0,0,0,0.001115931914,,T,test-only
n2_osullivan1970,OSULLIVAN(1970),n2,solubility_molality,398.15,616.056,4,4,0,0,0,0,0.07310655156,,T,test-only
n2_osullivan1970,OSULLIVAN(1970),n2,xc_saltfree,398.15,616.056,4,4,0,0,0,0,0.001315302696,,T,test-only
c2h6_water,CULBERSONHORN(1950),c2h6,solubility_molality,310.93,4.1,0,0,0,0,0,0,0.004957345942,0.0002478894336,T,test-only
c2h6_water,CULBERSONHORN(1950),c2h6,xc_saltfree,310.93,4.1,0,0,0,0,0,0,8.93e-05,4.465e-06,T,test-only
c2h6_water,CULBERSONHORN(1950),c2h6,solubility_molality,310.93,7.6,0,0,0,0,0,0,0.01132603126,0.0005664171122,T,test-only
c2h6_water,CULBERSONHORN(1950),c2h6,xc_saltfree,310.93,7.6,0,0,0,0,0,0,0.000204,1.02e-05,T,test-only
c2h6_water,CULBERSONHORN(1950),c2h6,solubility_molality,310.93,13.8,0,0,0,0,0,0,0.01726849381,0.0008636932989,T,test-only
c2h6_water,CULBERSONHORN(1950),c2h6,xc_saltfree,310.93,13.8,0,0,0,0,0,0,0.000311,1.555e-05,T,test-only
c2h6_water,CULBERSONHORN(1950),c2h6,solubility_molality,310.93,23.4,0,0,0,0,0,0,0.02893496979,0.001447502638,T,test-only
c2h6_water,CULBERSONHORN(1950),c2h6,xc_saltfree,310.93,23.4,0,0,0,0,0,0,0.000521,2.605e-05,T,test-only
c2h6_water,CULBERSONHORN(1950),c2h6,solubility_molality,310.93,39.2,0,0,0,0,0,0,0.03593720886,0.001798023764,T,test-only
c2h6_water,CULBERSONHORN(1950),c2h6,xc_saltfree,310.93,39.2,0,0,0,0,0,0,0.000647,3.235e-05,T,test-only
c2h6_water,CULBERSONHORN(1950),c2h6,solubility_molality,310.93,52.9,0,0,0,0,0,0,0.03938340329,0.001970567297,T,test-only
c2h6_water,CULBERSONHORN(1950),c2h6,xc_saltfree,310.93,52.9,0,0,0,0,0,0,0.000709,3.545e-05,T,test-only
c2h6_water,CULBERSONHORN(1950),c2h6,solubility_molality,310.93,74.5,0,0,0,0,0,0,0.0444978993,0.002226678535,T,test-only
c2h6_water,CULBERSONHORN(1950),c2h6,xc_saltfree,310.93,74.5,0,0,0,0,0,0,0.000801,4.005e-05,T,test-only
c2h6_water,CULBERSONHORN(1950),c2h6,solubility_molality,344.26,7.8,0,0,0,0,0,0,0.004507650948,0.00022540085,T,test-only
c2h6_water,CULBERSONHORN(1950),c2h6,xc_saltfree,344.26,7.8,0,0,0,0,0,0,8.12e-05,4.06e-06,T,test-only
c2h6_water,CULBERSONHORN(1950),c2h6,solubility_molality,344.26,13.5,0,0,0,0,0,0,0.00854961564,0.0004275466242,T,test-only
c2h6_water,CULBERSONHORN(1950),c2h6,xc_saltfree,344.26,13.5,0,0,0,0,0,0,0.000154,7.7e-06,T,test-only
c2h6_water,CULBERSONHORN(1950),c2h6,solubility_molality,344.26,21.7,0,0,0,0,0,0,0.01715740807,0.0008581355675,T,test-only
c2h6_water,CULBERSONHORN(1950),c2h6,xc_saltfree,344.26,21.7,0,0,0,0,0,0,0.000309,1.545e-05,T,test-only
c2h6_water,CULBERSONHORN(1950),c2h6,solubility_molality,344.26,35.3,0,0,0,0,0,0,0.02315667375,0.001158316706,T,test-only
c2h6_water,CULBERSONHORN(1950),c2h6,xc_saltfree,344.26,35.3,0,0,0,0,0,0,0.000417,2.085e-05,T,test-only
c2h6_water,CULBERSONHORN(1950),c2h6,solubility_molality,344.26,54.1,0,0,0,0,0,0,0.03165785296,0.001583795411,T,test-only
c2h6_water,CULBERSONHORN(1950),c2h6,xc_saltfree,344.26,54.1,0,0,0,0,0,0,0.00057,2.85e-05,T,test-only
c2h6_water,CULBERSONHORN(1950),c2h6,solubility_molality,344.26,83.8,0,0,0,0,0,0,0.03771583646,0.001887073146,T,test-only
c2h6_water,CULBERSONHORN(1950),c2h6,xc_saltfree,344.26,83.8,0,0,0,0,0,0,0.000679,3.395e-05,T,test-only
c2h6_water,CULBERSONHORN(1950),c2h6,solubility_molality,377.59,8.5,0,0,0,0,0,0,0.003874759226,0.0001937514851,T,test-only
c2h6_water,CULBERSONHORN(1950),c2h6,xc_saltfree,377.59,8.5,0,0,0,0,0,0,6.98e-05,3.49e-06,T,test-only
c2h6_water,CULBERSONHORN(1950),c2h6,solubility_molality,377.59,14.6,0,0,0,0,0,0,0.007217034773,0.0003608986555,T,test-only
c2h6_water,CULBERSONHORN(1950),c2h6,xc_saltfree,377.59,14.6,0,0,0,0,0,0,0.00013,6.5e-06,T,test-only
c2h6_water,CULBERSONHORN(1950),c2h6,solubility_molality,377.59,22.2,0,0,0,0,0,0,0.01421379811,0.0007108718886,T,test-only
c2h6_water,CULBERSONHORN(1950),c2h6,xc_saltfree,377.59,22.2,0,0,0,0,0,0,0.000256,1.28e-05,T,test-only
c2h6_water,CULBERSONHORN(1950),c2h6,solubility_molality,377.59,37.8,0,0,0,0,0,0,0.02171228761,0.001086039022,T,test-only
c2h6_water,CULBERSONHORN(1950),c2h6,xc_saltfree,377.59,37.8,0,0,0,0,0,0,0.000391,1.955e-05,T,test-only
c2h6_water,CULBERSONHORN(1950),c2h6,solubility_molality,377.59,51.8,0,0,0,0,0,0,0.03110214083,0.00155597839,T,test-only
c2h6_water,CULBERSONHORN(1950),c2h6,xc_saltfree,377.59,51.8,0,0,0,0,0,0,0.00056,2.8e-05,T,test-only
c2h6_water,CULBERSONHORN(1950),c2h6,solubility_molality,377.59,77.2,0,0,0,0,0,0,0.03671534442,0.001836981466,T,test-only
c2h6_water,CULBERSONHORN(1950),c2h6,xc_saltfree,377.59,77.2,0,0,0,0,0,0,0.000661,3.305e-05,T,test-only
c2h6_water,CULBERSONHORN(1950),c2h6,solubility_molality,410.93,7.8,0,0,0,0,0,0,0.002636775912,0.0001318450583,T,test-only
c2h6_water,CULBERSONHORN(1950),c2h6,xc_saltfree,410.93,7.8,0,0,0,0,0,0,4.75e-05,2.375e-06,T,test-only
c2h6_water,CULBERSONHORN(1950),c2h6,solubility_molality,410.93,14.5,0,0,0,0,0,0,0.008771718671,0.0004386552411,T,test-only
c2h6_water,CULBERSONHORN(1950),c2h6,xc_saltfree,410.93,14.5,0,0,0,0,0,0,0.000158,7.9e-06,T,test-only
c2h6_water,CULBERSONHORN(1950),c2h6,solubility_molality,410.93,22.1,0,0,0,0,0,0,0.01510240219,0.0007553255581,T,test-only
c2h6_water,CULBERSONHORN(1950),c2h6,xc_saltfree,410.93,22.1,0,0,0,0,0,0,0.000272,1.36e-05,T,test-only
c2h6_water,CULBERSONHORN(1950),c2h6,solubility_molality,410.93,38.4,0,0,0,0,0,0,0.02576787016,0.0012889916,T,test-only
c2h6_water,CULBERSONHORN(1950),c2h6,xc_saltfree,410.93,38.4,0,0,0,0,0,0,0.000464,2.32e-05,T,test-only
c2h6_water,CULBERSONHORN(1950),c2h6,solubility_molality,410.93,54.1,0,0,0,0,0,0,0.03332505607,0.001667253155,T,test-only
c2h6_water,CULBERSONHORN(1950),c2h6,xc_saltfree,410.93,54.1,0,0,0,0,0,0,0.0006,3e-05,T,test-only
c2h6_water,CULBERSONHORN(1950),c2h6,solubility_molality,410.93,83.8,0,0,0,0,0,0,0.04805636508,0.002404898491,T,test-only
c2h6_water,CULBERSONHORN(1950),c2h6,xc_saltfree,410.93,83.8,0,0,0,0,0,0,0.000865,4.325e-05,T,test-only
c2h6_water,CULBERSONHORN(1950),c2h6,solubility_molality,444.26,15.6,0,0,0,0,0,0,0.007772269026,0.0003886678648,T,test-only
c2h6_water,CULBERSONHORN(1950),c2h6,xc_saltfree,444.26,15.6,0,0,0,0,0,0,0.00014,7e-06,T,test-only
c2h6_water,CULBERSONHORN(1950),c2h6,solubility_molality,444.26,23,0,0,0,0,0,0,0.01449148383,0.0007247633547,T,test-only
c2h6_water,CULBERSONHORN(1950),c2h6,xc_saltfree,444.26,23,0,0,0,0,0,0,0.000261,1.305e-05,T,test-only
c2h6_water,CULBERSONHORN(1950),c2h6,solubility_molality,444.26,36.5,0,0,0,0,0,0,0.02793479404,0.001397442616,T,test-only
c2h6_water,CULBERSONHORN(1950),c2h6,xc_saltfree,444.26,36.5,0,0,0,0,0,0,0.000503,2.515e-05,T,test-only
c2h6_water,CULBERSONHORN(1950),c2h6,solubility_molality,444.26,51.2,0,0,0,0,0,0,0.03727116888,0.001864809731,T,test-only
c2h6_water,CULBERSONHORN(1950),c2h6,xc_saltfree,444.26,51.2,0,0,0,0,0,0,0.000671,3.355e-05,T,test-only
c2h6_water,CULBERSONHORN(1950),c2h6,solubility_molality,444.26,78.6,0,0,0,0,0,0,0.05389546061,0.002697389498,T,test-only
c2h6_water,CULBERSONHORN(1950),c2h6,xc_saltfree,444.26,78.6,0,0,0,0,0,0,0.00097,4.85e-05,T,test-only
c2h6_water,CULBERSONMCKETTA(1950),c2h6,solubility_molality,310.93,132.7,0,0,0,0,0,0,0.04560987089,0.002282367368,T,test-only
c2h6_water,CULBERSONMCKETTA(1950),c2h6,xc_saltfree,310.93,132.7,0,0,0,0,0,0,0.000821,4.105e-05,T,test-only
c2h6_water,CULBERSONMCKETTA(1950),c2h6,solubility_molality,310.93,214.8,0,0,0,0,0,0,0.0494465146,0.00247452806,T,test-only
c2h6_water,CULBERSONMCKETTA(1950),c2h6,xc_saltfree,310.93,214.8,0,0,0,0,0,0,0.00089,4.45e-05,T,test-only
c2h6_water,CULBERSONMCKETTA(1950),c2h6,solubility_molality,310.93,347.2,0,0,0,0,0,0,0.05656517024,0.002831140613,T,test-only
c2h6_water,CULBERSONMCKETTA(1950),c2h6,xc_saltfree,310.93,347.2,0,0,0,0,0,0,0.001018,5.09e-05,T,test-only
c2h6_water,CULBERSONMCKETTA(1950),c2h6,solubility_molality,310.93,399.9,0,0,0,0,0,0,0.05923513643,0.002964917424,T,test-only
c2h6_water,CULBERSONMCKETTA(1950),c2h6,xc_saltfree,310.93,399.9,0,0,0,0,0,0,0.001066,5.33e-05,T,test-only
c2h6_water,CULBERSONMCKETTA(1950),c2h6,solubility_molality,310.93,436.4,0,0,0,0,0,0,0.06140467291,0.003073630006,T,test-only
c2h6_water,CULBERSONMCKETTA(1950),c2h6,xc_saltfree,310.93,436.4,0,0,0,0,0,0,0.001105,5.525e-05,T,test-only
c2h6_water,CULBERSONMCKETTA(1950),c2h6,solubility_molality,310.93,524.3,0,0,0,0,0,0,0.05890137662,0.002948193917,T,test-only
c2h6_water,CULBERSONMCKETTA(1950),c2h6,xc_saltfree,310.93,524.3,0,0,0,0,0,0,0.00106,5.3e-05,T,test-only
c2h6_water,CULBERSONMCKETTA(1950),c2h6,solubility_molality,310.93,651.9,0,0,0,0,0,0,0.06279549052,0.003143326485,T,test-only
c2h6_water,CULBERSONMCKETTA(1950),c2h6,xc_saltfree,310.93,651.9,0,0,0,0,0,0,0.00113,5.65e-05,T,test-only
c2h6_water,CULBERSONMCKETTA(1950),c2h6,solubility_molality,344.26,136.9,0,0,0,0,0,0,0.04377514164,0.002190483183,T,test-only
c2h6_water,CULBERSONMCKETTA(1950),c2h6,xc_saltfree,344.26,136.9,0,0,0,0,0,0,0.000788,3.94e-05,T,test-only
c2h6_water,CULBERSONMCKETTA(1950),c2h6,solubility_molality,344.26,225.8,0,0,0,0,0,0,0.04972455286,0.00248845481,T,test-only
c2h6_water,CULBERSONMCKETTA(1950),c2h6,xc_saltfree,344.26,225.8,0,0,0,0,0,0,0.000895,4.475e-05,T,test-only
c2h6_water,CULBERSONMCKETTA(1950),c2h6,solubility_molality,344.26,336.8,0,0,0,0,0,0,0.0561758216,0.002811633642,T,test-only
c2h6_water,CULBERSONMCKETTA(1950),c2h6,xc_saltfree,344.26,336.8,0,0,0,0,0,0,0.001011,5.055e-05,T,test-only
c2h6_water,CULBERSONMCKETTA(1950),c2h6,solubility_molality,344.26,447.1,0,0,0,0,0,0,0.05990266807,0.002998365642,T,test-only
c2h6_water,CULBERSONMCKETTA(1950),c2h6,xc_saltfree,344.26,447.1,0,0,0,0,0,0,0.001078,5.39e-05,T,test-only
c2h6_water,CULBERSONMCKETTA(1950),c2h6,solubility_molality,344.26,506.8,0,0,0,0,0,0,0.06112651774,0.003059691548,T,test-only
c2h6_water,CULBERSONMCKETTA(1950),c2h6,xc_saltfree,344.26,506.8,0,0,0,0,0,0,0.0011,5.5e-05,T,test-only
c2h6_water,CULBERSONMCKETTA(1950),c2h6,solubility_molality,344.26,574.3,0,0,0,0,0,0,0.06546605552,0.003277163274,T,test-only
c2h6_water,CULBERSONMCKETTA(1950),c2h6,xc_saltfree,344.26,574.3,0,0,0,0,0,0,0.001178,5.89e-05,T,test-only
c2h6_water,CULBERSONMCKETTA(1950),c2h6,solubility_molality,344.26,665.3,0,0,0,0,0,0,0.06479839021,0.003243701666,T,test-only
c2h6_water,CULBERSONMCKETTA(1950),c2h6,xc_saltfree,344.26,665.3,0,0,0,0,0,0,0.001166,5.83e-05,T,test-only
c2h6_water,CULBERSONMCKETTA(1950),c2h6,solubility_molality,377.59,135.5,0,0,0,0,0,0,0.052449475,0.002624951705,T,test-only
c2h6_water,CULBERSONMCKETTA(1950),c2h6,xc_saltfree,377.59,135.5,0,0,0,0,0,0,0.000944,4.72e-05,T,test-only
c2h6_water,CULBERSONMCKETTA(1950),c2h6,solubility_molality,377.59,140,0,0,0,0,0,0,0.05356176494,0.002680672415,T,test-only
c2h6_water,CULBERSONMCKETTA(1950),c2h6,xc_saltfree,377.59,140,0,0,0,0,0,0,0.000964,4.82e-05,T,test-only
c2h6_water,CULBERSONMCKETTA(1950),c2h6,solubility_molality,377.59,174.8,0,0,0,0,0,0,0.05790012126,0.002898025806,T,test-only
c2h6_water,CULBERSONMCKETTA(1950),c2h6,xc_saltfree,377.59,174.8,0,0,0,0,0,0,0.001042,5.21e-05,T,test-only
c2h6_water,CULBERSONMCKETTA(1950),c2h6,solubility_molality,377.59,238.2,0,0,0,0,0,0,0.06290675894,0.003148902505,T,test-only
c2h6_water,CULBERSONMCKETTA(1950),c2h6,xc_saltfree,377.59,238.2,0,0,0,0,0,0,0.001132,5.66e-05,T,test-only
c2h6_water,CULBERSONMCKETTA(1950),c2h6,solubility_molality,377.59,366.8,0,0,0,0,0,0,0.0694167369,0.003475177341,T,test-only
c2h6_water,CULBERSONMCKETTA(1950),c2h6,xc_saltfree,377.59,366.8,0,0,0,0,0,0,0.001249,6.245e-05,T,test-only
c2h6_water,CULBERSONMCKETTA(1950),c2h6,solubility_molality,377.59,483.3,0,0,0,0,0,0,0.07386888194,0.003698359216,T,test-only
c2h6_water,CULBERSONMCKETTA(1950),c2h6,xc_saltfree,377.59,483.3,0,0,0,0,0,0,0.001329,6.645e-05,T,test-only
c2h6_water,CULBERSONMCKETTA(1950),c2h6,solubility_molality,377.59,584.7,0,0,0,0,0,0,0.0797134049,0.003991393904,T,test-only
c2h6_water,CULBERSONMCKETTA(1950),c2h6,xc_saltfree,377.59,584.7,0,0,0,0,0,0,0.001434,7.17e-05,T,test-only
c2h6_water,CULBERSONMCKETTA(1950),c2h6,solubility_molality,377.59,685,0,0,0,0,0,0,0.08416719982,0.004214741109,T,test-only
c2h6_water,CULBERSONMCKETTA(1950),c2h6,xc_saltfree,377.59,685,0,0,0,0,0,0,0.001514,7.57e-05,T,test-only
c2h6_water,CULBERSONMCKETTA(1950),c2h6,solubility_molality,410.93,50.7,0,0,0,0,0,0,0.03665976258,0.0018341987,T,test-only
c2h6_water,CULBERSONMCKETTA(1950),c2h6,xc_saltfree,410.93,50.7,0,0,0,0,0,0,0.00066,3.3e-05,T,test-only
c2h6_water,CULBERSONMCKETTA(1950),c2h6,solubility_molality,410.93,67.5,0,0,0,0,0,0,0.04460909446,0.002232247217,T,test-only
c2h6_water,CULBERSONMCKETTA(1950),c2h6,xc_saltfree,410.93,67.5,0,0,0,0,0,0,0.000803,4.015e-05,T,test-only
c2h6_water,CULBERSONMCKETTA(1950),c2h6,solubility_molality,410.93,101.4,0,0,0,0,0,0,0.05917950952,0.002962130145,T,test-only
c2h6_water,CULBERSONMCKETTA(1950),c2h6,xc_saltfree,410.93,101.4,0,0,0,0,0,0,0.001065,5.325e-05,T,test-only
c2h6_water,CULBERSONMCKETTA(1950),c2h6,solubility_molality,410.93,145.1,0,0,0,0,0,0,0.06713528898,0.003360824325,T,test-only
c2h6_water,CULBERSONMCKETTA(1950),c2h6,xc_saltfree,410.93,145.1,0,0,0,0,0,0,0.001208,6.04e-05,T,test-only
c2h6_water,CULBERSONMCKETTA(1950),c2h6,solubility_molality,410.93,184.8,0,0,0,0,0,0,0.07693014545,0.003851838216,T,test-only
c2h6_water,CULBERSONMCKETTA(1950),c2h6,xc_saltfree,410.93,184.8,0,0,0,0,0,0,0.001384,6.92e-05,T,test-only
c2h6_water,CULBERSONMCKETTA(1950),c2h6,solubility_molality,410.93,247.2,0,0,0,0,0,0,0.08505804445,0.004259419134,T,test-only
c2h6_water,CULBERSONMCKETTA(1950),c2h6,xc_saltfree,410.93,247.2,0,0,0,0,0,0,0.00153,7.65e-05,T,test-only
c2h6_water,CULBERSONMCKETTA(1950),c2h6,solubility_molality,410.93,347.8,0,0,0,0,0,0,0.0946921256,0.004742683069,T,test-only
c2h6_water,CULBERSONMCKETTA(1950),c2h6,xc_saltfree,410.93,347.8,0,0,0,0,0,0,0.001703,8.515e-05,T,test-only
c2h6_water,CULBERSONMCKETTA(1950),c2h6,solubility_molality,410.93,445.7,0,0,0,0,0,0,0.1038280953,0.005201115248,T,test-only
c2h6_water,CULBERSONMCKETTA(1950),c2h6,xc_saltfree,410.93,445.7,0,0,0,0,0,0,0.001867,9.335e-05,T,test-only
c2h6_water,CULBERSONMCKETTA(1950),c2h6,solubility_molality,410.93,555.4,0,0,0,0,0,0,0.1057225136,0.005296193742,T,test-only
c2h6_water,CULBERSONMCKETTA(1950),c2h6,xc_saltfree,410.93,555.4,0,0,0,0,0,0,0.001901,9.505e-05,T,test-only
c2h6_water,CULBERSONMCKETTA(1950),c2h6,solubility_molality,410.93,674,0,0,0,0,0,0,0.1115180059,0.005587102435,T,test-only
c2h6_water,CULBERSONMCKETTA(1950),c2h6,xc_saltfree,410.93,674,0,0,0,0,0,0,0.002005,0.00010025,T,test-only
c2h6_water,CULBERSONMCKETTA(1950),c2h6,solubility_molality,444.26,50.8,0,0,0,0,0,0,0.04277443131,0.00214036965,T,test-only
c2h6_water,CULBERSONMCKETTA(1950),c2h6,xc_saltfree,444.26,50.8,0,0,0,0,0,0,0.00077,3.85e-05,T,test-only
c2h6_water,CULBERSONMCKETTA(1950),c2h6,solubility_molality,444.26,68.4,0,0,0,0,0,0,0.05773324887,0.002889664805,T,test-only
c2h6_water,CULBERSONMCKETTA(1950),c2h6,xc_saltfree,444.26,68.4,0,0,0,0,0,0,0.001039,5.195e-05,T,test-only
c2h6_water,CULBERSONMCKETTA(1950),c2h6,solubility_molality,444.26,94.5,0,0,0,0,0,0,0.07286708712,0.003648137064,T,test-only
c2h6_water,CULBERSONMCKETTA(1950),c2h6,xc_saltfree,444.26,94.5,0,0,0,0,0,0,0.001311,6.555e-05,T,test-only
c2h6_water,CULBERSONMCKETTA(1950),c2h6,solubility_molality,444.26,136.9,0,0,0,0,0,0,0.09290984734,0.004653267978,T,test-only
c2h6_water,CULBERSONMCKETTA(1950),c2h6,xc_saltfree,444.26,136.9,0,0,0,0,0,0,0.001671,8.355e-05,T,test-only
c2h6_water,CULBERSONMCKETTA(1950),c2h6,solubility_molality,444.26,179.6,0,0,0,0,0,0,0.109567465,0.005489186947,T,test-only
c2h6_water,CULBERSONMCKETTA(1950),c2h6,xc_saltfree,444.26,179.6,0,0,0,0,0,0,0.00197,9.85e-05,T,test-only
c2h6_water,CULBERSONMCKETTA(1950),c2h6,solubility_molality,444.26,251,0,0,0,0,0,0,0.1293578686,0.006482966325,T,test-only
c2h6_water,CULBERSONMCKETTA(1950),c2h6,xc_saltfree,444.26,251,0,0,0,0,0,0,0.002325,0.00011625,T,test-only
c2h6_water,CULBERSONMCKETTA(1950),c2h6,solubility_molality,444.26,295.4,0,0,0,0,0,0,0.1380031668,0.006917313277,T,test-only
c2h6_water,CULBERSONMCKETTA(1950),c2h6,xc_saltfree,444.26,295.4,0,0,0,0,0,0,0.00248,0.000124,T,test-only
c2h6_water,CULBERSONMCKETTA(1950),c2h6,solubility_molality,444.26,347.2,0,0,0,0,0,0,0.1399557028,0.007015428942,T,test-only
c2h6_water,CULBERSONMCKETTA(1950),c2h6,xc_saltfree,444.26,347.2,0,0,0,0,0,0,0.002515,0.00012575,T,test-only
c2h6_water,CULBERSONMCKETTA(1950),c2h6,solubility_molality,444.26,362,0,0,0,0,0,0,0.1466511522,0.007351929944,T,test-only
c2h6_water,CULBERSONMCKETTA(1950),c2h6,xc_saltfree,444.26,362,0,0,0,0,0,0,0.002635,0.00013175,T,test-only
c2h6_water,CULBERSONMCKETTA(1950),c2h6,solubility_molality,444.26,457.1,0,0,0,0,0,0,0.1553018259,0.007786816514,T,test-only
c2h6_water,CULBERSONMCKETTA(1950),c2h6,xc_saltfree,444.26,457.1,0,0,0,0,0,0,0.00279,0.0001395,T,test-only
c2h6_water,CULBERSONMCKETTA(1950),c2h6,solubility_molality,444.26,573.6,0,0,0,0,0,0,0.1703771654,0.008545005989,T,test-only
c2h6_water,CULBERSONMCKETTA(1950),c2h6,xc_saltfree,444.26,573.6,0,0,0,0,0,0,0.00306,0.000153,T,test-only
c2h6_water,CULBERSONMCKETTA(1950),c2h6,solubility_molality,444.26,643.6,0,0,0,0,0,0,0.1781972233,0.008938464251,T,test-only
c2h6_water,CULBERSONMCKETTA(1950),c2h6,xc_saltfree,444.26,643.6,0,0,0,0,0,0,0.0032,0.00016,T,test-only
c2h6_water,CULBERSONMCKETTA(1950),c2h6,solubility_molality,444.26,678.1,0,0,0,0,0,0,0.183784324,0.009219641014,T,test-only
c2h6_water,CULBERSONMCKETTA(1950),c2h6,xc_saltfree,444.26,678.1,0,0,0,0,0,0,0.0033,0.000165,T,test-only
c2h6_water,MOHAMMADI(2004eth),c2h6,solubility_molality,283.12,4.73,0,0,0,0,0,0,0.01249220864,,T,test-only
c2h6_water,MOHAMMADI(2004eth),c2h6,xc_saltfree,283.12,4.73,0,0,0,0,0,0,0.000225,,T,test-only
c2h6_water,MOHAMMADI(2004eth),c2h6,solubility_molality,283.1,8.122,0,0,0,0,0,0,0.02041240433,,T,test-only
c2h6_water,MOHAMMADI(2004eth),c2h6,xc_saltfree,283.1,8.122,0,0,0,0,0,0,0.0003676,,T,test-only
c2h6_water,MOHAMMADI(2004eth),c2h6,solubility_molality,283.1,12.232,0,0,0,0,0,0,0.02943507117,,T,test-only
c2h6_water,MOHAMMADI(2004eth),c2h6,xc_saltfree,283.1,12.232,0,0,0,0,0,0,0.00053,,T,test-only
c2h6_water,MOHAMMADI(2004eth),c2h6,solubility_molality,288.08,4.844,0,0,0,0,0,0,0.01127050023,,T,test-only
c2h6_water,MOHAMMADI(2004eth),c2h6,xc_saltfree,288.08,4.844,0,0,0,0,0,0,0.000203,,T,test-only
c2h6_water,MOHAMMADI(2004eth),c2h6,solubility_molality,288.08,10.426,0,0,0,0,0,0,0.02347333768,,T,test-only
c2h6_water,MOHAMMADI(2004eth),c2h6,xc_saltfree,288.08,10.426,0,0,0,0,0,0,0.0004227,,T,test-only
c2h6_water,MOHAMMADI(2004eth),c2h6,solubility_molality,288.06,20.801,0,0,0,0,0,0,0.04116781069,,T,test-only
c2h6_water,MOHAMMADI(2004eth),c2h6,xc_saltfree,288.06,20.801,0,0,0,0,0,0,0.0007411,,T,test-only
c2h6_water,MOHAMMADI(2004eth),c2h6,solubility_molality,293.33,3.82,0,0,0,0,0,0,0.008127624777,,T,test-only
c2h6_water,MOHAMMADI(2004eth),c2h6,xc_saltfree,293.33,3.82,0,0,0,0,0,0,0.0001464,,T,test-only
c2h6_water,MOHAMMADI(2004eth),c2h6,solubility_molality,293.31,10.1,0,0,0,0,0,0,0.02049017341,,T,test-only
c2h6_water,MOHAMMADI(2004eth),c2h6,xc_saltfree,293.31,10.1,0,0,0,0,0,0,0.000369,,T,test-only
c2h6_water,MOHAMMADI(2004eth),c2h6,solubility_molality,293.3,18.52,0,0,0,0,0,0,0.0337307573,,T,test-only
c2h6_water,MOHAMMADI(2004eth),c2h6,xc_saltfree,293.3,18.52,0,0,0,0,0,0,0.0006073,,T,test-only
c2h6_water,MOHAMMADI(2004eth),c2h6,solubility_molality,293.3,29.63,0,0,0,0,0,0,0.04803968371,,T,test-only
c2h6_water,MOHAMMADI(2004eth),c2h6,xc_saltfree,293.3,29.63,0,0,0,0,0,0,0.0008647,,T,test-only
c2h6_water,MOHAMMADI(2004eth),c2h6,solubility_molality,293.31,36.32,0,0,0,0,0,0,0.0538732141,,T,test-only
c2h6_water,MOHAMMADI(2004eth),c2h6,xc_saltfree,293.31,36.32,0,0,0,0,0,0,0.0009696,,T,test-only
c2h6_water,MOHAMMADI(2004eth),c2h6,solubility_molality,298.3,4.486,0,0,0,0,0,0,0.009304773196,,T,test-only
c2h6_water,MOHAMMADI(2004eth),c2h6,xc_saltfree,298.3,4.486,0,0,0,0,0,0,0.0001676,,T,test-only
c2h6_water,MOHAMMADI(2004eth),c2h6,solubility_molality,298.37,8.992,0,0,0,0,0,0,0.0165020113,,T,test-only
c2h6_water,MOHAMMADI(2004eth),c2h6,xc_saltfree,298.37,8.992,0,0,0,0,0,0,0.0002972,,T,test-only
c2h6_water,MOHAMMADI(2004eth),c2h6,solubility_molality,298.35,13.77,0,0,0,0,0,0,0.02497892961,,T,test-only
c2h6_water,MOHAMMADI(2004eth),c2h6,xc_saltfree,298.35,13.77,0,0,0,0,0,0,0.0004498,,T,test-only
c2h6_water,MOHAMMADI(2004eth),c2h6,solubility_molality,298.42,20.21,0,0,0,0,0,0,0.03370296936,,T,test-only
c2h6_water,MOHAMMADI(2004eth),c2h6,xc_saltfree,298.42,20.21,0,0,0,0,0,0,0.0006068,,T,test-only
c2h6_water,MOHAMMADI(2004eth),c2h6,solubility_molality,298.32,27.539,0,0,0,0,0,0,0.04276887191,,T,test-only
c2h6_water,MOHAMMADI(2004eth),c2h6,xc_saltfree,298.32,27.539,0,0,0,0,0,0,0.0007699,,T,test-only
c2h6_water,MOHAMMADI(2004eth),c2h6,solubility_molality,298.31,41.297,0,0,0,0,0,0,0.05329481129,,T,test-only
c2h6_water,MOHAMMADI(2004eth),c2h6,xc_saltfree,298.31,41.297,0,0,0,0,0,0,0.0009592,,T,test-only
c2h6_water,MOHAMMADI(2004eth),c2h6,solubility_molality,303.19,3.73,0,0,0,0,0,0,0.007444679473,,T,test-only
c2h6_water,MOHAMMADI(2004eth),c2h6,xc_saltfree,303.19,3.73,0,0,0,0,0,0,0.0001341,,T,test-only
c2h6_water,MOHAMMADI(2004eth),c2h6,solubility_molality,303.21,7.19,0,0,0,0,0,0,0.01330300844,,T,test-only
c2h6_water,MOHAMMADI(2004eth),c2h6,xc_saltfree,303.21,7.19,0,0,0,0,0,0,0.0002396,,T,test-only
c2h6_water,MOHAMMADI(2004eth),c2h6,solubility_molality,303.21,10.93,0,0,0,0,0,0,0.01921256608,,T,test-only
c2h6_water,MOHAMMADI(2004eth),c2h6,xc_saltfree,303.21,10.93,0,0,0,0,0,0,0.000346,,T,test-only
c2h6_water,MOHAMMADI(2004eth),c2h6,solubility_molality,303.22,15.98,0,0,0,0,0,0,0.02620679749,,T,test-only
c2h6_water,MOHAMMADI(2004eth),c2h6,xc_saltfree,303.22,15.98,0,0,0,0,0,0,0.0004719,,T,test-only
c2h6_water,MOHAMMADI(2004eth),c2h6,solubility_molality,303.23,22.99,0,0,0,0,0,0,0.03496457007,,T,test-only
c2h6_water,MOHAMMADI(2004eth),c2h6,xc_saltfree,303.23,22.99,0,0,0,0,0,0,0.0006295,,T,test-only
c2h6_water,MOHAMMADI(2004eth),c2h6,solubility_molality,303.22,29.32,0,0,0,0,0,0,0.04119004702,,T,test-only
c2h6_water,MOHAMMADI(2004eth),c2h6,xc_saltfree,303.22,29.32,0,0,0,0,0,0,0.0007415,,T,test-only
c2h6_water,MOHAMMADI(2004eth),c2h6,solubility_molality,303.22,39.77,0,0,0,0,0,0,0.04904058375,,T,test-only
c2h6_water,MOHAMMADI(2004eth),c2h6,xc_saltfree,303.22,39.77,0,0,0,0,0,0,0.0008827,,T,test-only
c2h6_water,MOHAMMADI(2004eth),c2h6,solubility_molality,313.17,4.39,0,0,0,0,0,0,0.007422470152,,T,test-only
c2h6_water,MOHAMMADI(2004eth),c2h6,xc_saltfree,313.17,4.39,0,0,0,0,0,0,0.0001337,,T,test-only
c2h6_water,MOHAMMADI(2004eth),c2h6,solubility_molality,313.19,9.65,0,0,0,0,0,0,0.01456368257,,T,test-only
c2h6_water,MOHAMMADI(2004eth),c2h6,xc_saltfree,313.19,9.65,0,0,0,0,0,0,0.0002623,,T,test-only
c2h6_water,MOHAMMADI(2004eth),c2h6,solubility_molality,313.19,14.97,0,0,0,0,0,0,0.02132898237,,T,test-only
c2h6_water,MOHAMMADI(2004eth),c2h6,xc_saltfree,313.19,14.97,0,0,0,0,0,0,0.0003841,,T,test-only
c2h6_water,MOHAMMADI(2004eth),c2h6,solubility_molality,313.19,19.87,0,0,0,0,0,0,0.02665128794,,T,test-only
c2h6_water,MOHAMMADI(2004eth),c2h6,xc_saltfree,313.19,19.87,0,0,0,0,0,0,0.0004799,,T,test-only
c2h6_water,MOHAMMADI(2004eth),c2h6,solubility_molality,313.19,24.92,0,0,0,0,0,0,0.03238029535,,T,test-only
c2h6_water,MOHAMMADI(2004eth),c2h6,xc_saltfree,313.19,24.92,0,0,0,0,0,0,0.000583,,T,test-only
c2h6_water,MOHAMMADI(2004eth),c2h6,solubility_molality,313.19,30.88,0,0,0,0,0,0,0.03825500545,,T,test-only
c2h6_water,MOHAMMADI(2004eth),c2h6,xc_saltfree,313.19,30.88,0,0,0,0,0,0,0.0006887,,T,test-only
c2h6_water,MOHAMMADI(2004eth),c2h6,solubility_molality,313.18,46.69,0,0,0,0,0,0,0.04835107097,,T,test-only
c2h6_water,MOHAMMADI(2004eth),c2h6,xc_saltfree,313.18,46.69,0,0,0,0,0,0,0.0008703,,T,test-only
c2h6_water,MOHAMMADI(2004eth),c2h6,solubility_molality,323.17,3.97,0,0,0,0,0,0,0.005457015591,,T,test-only
c2h6_water,MOHAMMADI(2004eth),c2h6,xc_saltfree,323.17,3.97,0,0,0,0,0,0,9.83e-05,,T,test-only
c2h6_water,MOHAMMADI(2004eth),c2h6,solubility_molality,323.19,9.47,0,0,0,0,0,0,0.01238669533,,T,test-only
c2h6_water,MOHAMMADI(2004eth),c2h6,xc_saltfree,323.19,9.47,0,0,0,0,0,0,0.0002231,,T,test-only
c2h6_water,MOHAMMADI(2004eth),c2h6,solubility_molality,323.19,19.89,0,0,0,0,0,0,0.02407889805,,T,test-only
c2h6_water,MOHAMMADI(2004eth),c2h6,xc_saltfree,323.19,19.89,0,0,0,0,0,0,0.0004336,,T,test-only
c2h6_water,MOHAMMADI(2004eth),c2h6,solubility_molality,323.2,30.3,0,0,0,0,0,0,0.03264149069,,T,test-only
c2h6_water,MOHAMMADI(2004eth),c2h6,xc_saltfree,323.2,30.3,0,0,0,0,0,0,0.0005877,,T,test-only
c2h6_water,MOHAMMADI(2004eth),c2h6,solubility_molality,323.18,39.63,0,0,0,0,0,0,0.04043402181,,T,test-only
c2h6_water,MOHAMMADI(2004eth),c2h6,xc_saltfree,323.18,39.63,0,0,0,0,0,0,0.0007279,,T,test-only
c2h6_water,MOHAMMADI(2004eth),c2h6,solubility_molality,323.2,48.38,0,0,0,0,0,0,0.04529851436,,T,test-only
c2h6_water,MOHAMMADI(2004eth),c2h6,xc_saltfree,323.2,48.38,0,0,0,0,0,0,0.0008154,,T,test-only
c2h6_water,MOHAMMADI(2004eth),c2h6,solubility_molality,343.08,4.4,0,0,0,0,0,0,0.004740825221,,T,test-only
c2h6_water,MOHAMMADI(2004eth),c2h6,xc_saltfree,343.08,4.4,0,0,0,0,0,0,8.54e-05,,T,test-only
c2h6_water,MOHAMMADI(2004eth),c2h6,solubility_molality,343.06,15.03,0,0,0,0,0,0,0.01510240219,,T,test-only
c2h6_water,MOHAMMADI(2004eth),c2h6,xc_saltfree,343.06,15.03,0,0,0,0,0,0,0.000272,,T,test-only
c2h6_water,MOHAMMADI(2004eth),c2h6,solubility_molality,343.06,28.95,0,0,0,0,0,0,0.02775143239,,T,test-only
c2h6_water,MOHAMMADI(2004eth),c2h6,xc_saltfree,343.06,28.95,0,0,0,0,0,0,0.0004997,,T,test-only
c2h6_water,MOHAMMADI(2004eth),c2h6,solubility_molality,343.06,49.52,0,0,0,0,0,0,0.04097324357,,T,test-only
c2h6_water,MOHAMMADI(2004eth),c2h6,xc_saltfree,343.06,49.52,0,0,0,0,0,0,0.0007376,,T,test-only
c3h8_water,KOBAYASHI(1951),c3h8,solubility_molality,288.71,6.895,0,0,0,0,0,0,0.01428599613,,T,test-only
c3h8_water,KOBAYASHI(1951),c3h8,xc_saltfree,288.71,6.895,0,0,0,0,0,0,0.0002573,,T,test-only
c3h8_water,KOBAYASHI(1951),c3h8,solubility_molality,288.71,13.79,0,0,0,0,0,0,0.01482471036,,T,lle-regime
c3h8_water,KOBAYASHI(1951),c3h8,xc_saltfree,288.71,13.79,0,0,0,0,0,0,0.000267,,T,lle-regime
c3h8_water,KOBAYASHI(1951),c3h8,solubility_molality,288.71,20.684,0,0,0,0,0,0,0.01487469468,,T,lle-regime
c3h8_water,KOBAYASHI(1951),c3h8,xc_saltfree,288.71,20.684,0,0,0,0,0,0,0.0002679,,T,lle-regime
c3h8_water,KOBAYASHI(1951),c3h8,solubility_molality,288.71,27.579,0,0,0,0,0,0,0.01491912527,,T,lle-regime
c3h8_water,KOBAYASHI(1951),c3h8,xc_saltfree,288.71,27.579,0,0,0,0,0,0,0.0002687,,T,lle-regime
c3h8_water,KOBAYASHI(1951),c3h8,solubility_molality,288.71,34.474,0,0,0,0,0,0,0.01496910976,,T,lle-regime
c3h8_water,KOBAYASHI(1951),c3h8,xc_saltfree,288.71,34.474,0,0,0,0,0,0,0.0002696,,T,lle-regime
c3h8_water,KOBAYASHI(1951),c3h8,solubility_molality,288.71,41.369,0,0,0,0,0,0,0.01500798666,,T,lle-regime
c3h8_water,KOBAYASHI(1951),c3h8,xc_saltfree,288.71,41.369,0,0,0,0,0,0,0.0002703,,T,lle-regime
c3h8_water,KOBAYASHI(1951),c3h8,solubility_molality,288.71,43.92,0,0,0,0,0,0,0.0150246482,,T,lle-regime
c3h8_water,KOBAYASHI(1951),c3h8,xc_saltfree,288.71,43.92,0,0,0,0,0,0,0.0002706,,T,lle-regime
c3h8_water,KOBAYASHI(1951),c3h8,solubility_molality,288.71,48.263,0,0,0,0,0,0,0.01505241746,,T,lle-regime
c3h8_water,KOBAYASHI(1951),c3h8,xc_saltfree,288.71,48.263,0,0,0,0,0,0,0.0002711,,T,lle-regime
c3h8_water,KOBAYASHI(1951),c3h8,solubility_molality,288.71,55.158,0,0,0,0,0,0,0.0150857406,,T,lle-regime
c3h8_water,KOBAYASHI(1951),c3h8,xc_saltfree,288.71,55.158,0,0,0,0,0,0,0.0002717,,T,lle-regime
c3h8_water,KOBAYASHI(1951),c3h8,solubility_molality,288.71,62.053,0,0,0,0,0,0,0.01511350992,,T,lle-regime
c3h8_water,KOBAYASHI(1951),c3h8,xc_saltfree,288.71,62.053,0,0,0,0,0,0,0.0002722,,T,lle-regime
c3h8_water,KOBAYASHI(1951),c3h8,solubility_molality,288.71,68.948,0,0,0,0,0,0,0.01514683314,,T,lle-regime
c3h8_water,KOBAYASHI(1951),c3h8,xc_saltfree,288.71,68.948,0,0,0,0,0,0,0.0002728,,T,lle-regime
c3h8_water,KOBAYASHI(1951),c3h8,solubility_molality,288.71,103.421,0,0,0,0,0,0,0.01525791083,,T,lle-regime
c3h8_water,KOBAYASHI(1951),c3h8,xc_saltfree,288.71,103.421,0,0,0,0,0,0,0.0002748,,T,lle-regime
c3h8_water,KOBAYASHI(1951),c3h8,solubility_molality,288.71,137.895,0,0,0,0,0,0,0.01532455765,,T,lle-regime
c3h8_water,KOBAYASHI(1951),c3h8,xc_saltfree,288.71,137.895,0,0,0,0,0,0,0.000276,,T,lle-regime
c3h8_water,KOBAYASHI(1951),c3h8,solubility_molality,288.71,172.369,0,0,0,0,0,0,0.01536898896,,T,lle-regime
c3h8_water,KOBAYASHI(1951),c3h8,xc_saltfree,288.71,172.369,0,0,0,0,0,0,0.0002768,,T,lle-regime
c3h8_water,KOBAYASHI(1951),c3h8,solubility_molality,288.71,206.843,0,0,0,0,0,0,0.01540786641,,T,lle-regime
c3h8_water,KOBAYASHI(1951),c3h8,xc_saltfree,288.71,206.843,0,0,0,0,0,0,0.0002775,,T,lle-regime
c3h8_water,KOBAYASHI(1951),c3h8,solubility_molality,310.93,6.895,0,0,0,0,0,0,0.007067123428,,T,test-only
c3h8_water,KOBAYASHI(1951),c3h8,xc_saltfree,310.93,6.895,0,0,0,0,0,0,0.0001273,,T,test-only
c3h8_water,KOBAYASHI(1951),c3h8,solubility_molality,310.93,13.79,0,0,0,0,0,0,0.01135379682,,T,lle-regime
c3h8_water,KOBAYASHI(1951),c3h8,xc_saltfree,310.93,13.79,0,0,0,0,0,0,0.0002045,,T,lle-regime
c3h8_water,KOBAYASHI(1951),c3h8,solubility_molality,310.93,20.684,0,0,0,0,0,0,0.01143709366,,T,lle-regime
c3h8_water,KOBAYASHI(1951),c3h8,xc_saltfree,310.93,20.684,0,0,0,0,0,0,0.000206,,T,lle-regime
c3h8_water,KOBAYASHI(1951),c3h8,solubility_molality,310.93,27.579,0,0,0,0,0,0,0.0115259439,,T,lle-regime
c3h8_water,KOBAYASHI(1951),c3h8,xc_saltfree,310.93,27.579,0,0,0,0,0,0,0.0002076,,T,lle-regime
c3h8_water,KOBAYASHI(1951),c3h8,solubility_molality,310.93,34.474,0,0,0,0,0,0,0.01160924126,,T,lle-regime
c3h8_water,KOBAYASHI(1951),c3h8,xc_saltfree,310.93,34.474,0,0,0,0,0,0,0.0002091,,T,lle-regime
c3h8_water,KOBAYASHI(1951),c3h8,solubility_molality,310.93,41.369,0,0,0,0,0,0,0.01169253887,,T,lle-regime
c3h8_water,KOBAYASHI(1951),c3h8,xc_saltfree,310.93,41.369,0,0,0,0,0,0,0.0002106,,T,lle-regime
c3h8_water,KOBAYASHI(1951),c3h8,solubility_molality,310.93,43.92,0,0,0,0,0,0,0.01172585799,,T,lle-regime
c3h8_water,KOBAYASHI(1951),c3h8,xc_saltfree,310.93,43.92,0,0,0,0,0,0,0.0002112,,T,lle-regime
c3h8_water,KOBAYASHI(1951),c3h8,solubility_molality,310.93,48.263,0,0,0,0,0,0,0.01178138993,,T,lle-regime
c3h8_water,KOBAYASHI(1951),c3h8,xc_saltfree,310.93,48.263,0,0,0,0,0,0,0.0002122,,T,lle-regime
c3h8_water,KOBAYASHI(1951),c3h8,solubility_molality,310.93,55.158,0,0,0,0,0,0,0.01186468806,,T,lle-regime
c3h8_water,KOBAYASHI(1951),c3h8,xc_saltfree,310.93,55.158,0,0,0,0,0,0,0.0002137,,T,lle-regime
c3h8_water,KOBAYASHI(1951),c3h8,solubility_molality,310.93,62.053,0,0,0,0,0,0,0.01194798643,,T,lle-regime
c3h8_water,KOBAYASHI(1951),c3h8,xc_saltfree,310.93,62.053,0,0,0,0,0,0,0.0002152,,T,lle-regime
c3h8_water,KOBAYASHI(1951),c3h8,solubility_molality,310.93,68.948,0,0,0,0,0,0,0.01202573181,,T,lle-regime
c3h8_water,KOBAYASHI(1951),c3h8,xc_saltfree,310.93,68.948,0,0,0,0,0,0,0.0002166,,T,lle-regime
c3h8_water,KOBAYASHI(1951),c3h8,solubility_molality,310.93,103.421,0,0,0,0,0,0,0.01233116218,,T,lle-regime
c3h8_water,KOBAYASHI(1951),c3h8,xc_saltfree,310.93,103.421,0,0,0,0,0,0,0.0002221,,T,lle-regime
c3h8_water,KOBAYASHI(1951),c3h8,solubility_molality,310.93,137.895,0,0,0,0,0,0,0.01256995554,,T,lle-regime
c3h8_water,KOBAYASHI(1951),c3h8,xc_saltfree,310.93,137.895,0,0,0,0,0,0,0.0002264,,T,lle-regime
c3h8_water,KOBAYASHI(1951),c3h8,solubility_molality,310.93,172.369,0,0,0,0,0,0,0.01269768306,,T,lle-regime
c3h8_water,KOBAYASHI(1951),c3h8,xc_saltfree,310.93,172.369,0,0,0,0,0,0,0.0002287,,T,lle-regime
c3h8_water,KOBAYASHI(1951),c3h8,solubility_molality,310.93,206.843,0,0,0,0,0,0,0.01278098393,,T,lle-regime
c3h8_water,KOBAYASHI(1951),c3h8,xc_saltfree,310.93,206.843,0,0,0,0,0,0,0.0002302,,T,lle-regime
c3h8_water,KOBAYASHI(1951),c3h8,solubility_molality,327.59,6.895,0,0,0,0,0,0,0.004862964907,,T,test-only
c3h8_water,KOBAYASHI(1951),c3h8,xc_saltfree,327.59,6.895,0,0,0,0,0,0,8.76e-05,,T,test-only
c3h8_water,KOBAYASHI(1951),c3h8,solubility_molality,327.59,13.79,0,0,0,0,0,0,0.008899428719,,T,test-only
c3h8_water,KOBAYASHI(1951),c3h8,xc_saltfree,327.59,13.79,0,0,0,0,0,0,0.0001603,,T,test-only
c3h8_water,KOBAYASHI(1951),c3h8,solubility_molality,327.59,20.684,0,0,0,0,0,0,0.01112056699,,T,lle-regime
c3h8_water,KOBAYASHI(1951),c3h8,xc_saltfree,327.59,20.684,0,0,0,0,0,0,0.0002003,,T,lle-regime
c3h8_water,KOBAYASHI(1951),c3h8,solubility_molality,327.59,27.579,0,0,0,0,0,0,0.01134269059,,T,lle-regime
c3h8_water,KOBAYASHI(1951),c3h8,xc_saltfree,327.59,27.579,0,0,0,0,0,0,0.0002043,,T,lle-regime
c3h8_water,KOBAYASHI(1951),c3h8,solubility_molality,327.59,34.474,0,0,0,0,0,0,0.01152039076,,T,lle-regime
c3h8_water,KOBAYASHI(1951),c3h8,xc_saltfree,327.59,34.474,0,0,0,0,0,0,0.0002075,,T,lle-regime
c3h8_water,KOBAYASHI(1951),c3h8,solubility_molality,327.59,41.369,0,0,0,0,0,0,0.0116036881,,T,lle-regime
c3h8_water,KOBAYASHI(1951),c3h8,xc_saltfree,327.59,41.369,0,0,0,0,0,0,0.000209,,T,lle-regime
c3h8_water,KOBAYASHI(1951),c3h8,solubility_molality,327.59,43.92,0,0,0,0,0,0,0.01170364524,,T,lle-regime
c3h8_water,KOBAYASHI(1951),c3h8,xc_saltfree,327.59,43.92,0,0,0,0,0,0,0.0002108,,T,lle-regime
c3h8_water,KOBAYASHI(1951),c3h8,solubility_molality,327.59,48.263,0,0,0,0,0,0,0.01179249633,,T,lle-regime
c3h8_water,KOBAYASHI(1951),c3h8,xc_saltfree,327.59,48.263,0,0,0,0,0,0,0.0002124,,T,lle-regime
c3h8_water,KOBAYASHI(1951),c3h8,solubility_molality,327.59,55.158,0,0,0,0,0,0,0.01190911383,,T,lle-regime
c3h8_water,KOBAYASHI(1951),c3h8,xc_saltfree,327.59,55.158,0,0,0,0,0,0,0.0002145,,T,lle-regime
c3h8_water,KOBAYASHI(1951),c3h8,solubility_molality,327.59,62.053,0,0,0,0,0,0,0.01201462531,,T,lle-regime
c3h8_water,KOBAYASHI(1951),c3h8,xc_saltfree,327.59,62.053,0,0,0,0,0,0,0.0002164,,T,lle-regime
c3h8_water,KOBAYASHI(1951),c3h8,solubility_molality,327.59,68.948,0,0,0,0,0,0,0.01211458393,,T,lle-regime
c3h8_water,KOBAYASHI(1951),c3h8,xc_saltfree,327.59,68.948,0,0,0,0,0,0,0.0002182,,T,lle-regime
c3h8_water,KOBAYASHI(1951),c3h8,solubility_molality,327.59,103.421,0,0,0,0,0,0,0.01237003538,,T,lle-regime
c3h8_water,KOBAYASHI(1951),c3h8,xc_saltfree,327.59,103.421,0,0,0,0,0,0,0.0002228,,T,lle-regime
c3h8_water,KOBAYASHI(1951),c3h8,solubility_molality,327.59,137.895,0,0,0,0,0,0,0.01263659591,,T,lle-regime
c3h8_water,KOBAYASHI(1951),c3h8,xc_saltfree,327.59,137.895,0,0,0,0,0,0,0.0002276,,T,lle-regime
c3h8_water,KOBAYASHI(1951),c3h8,solubility_molality,327.59,172.369,0,0,0,0,0,0,0.01280875095,,T,lle-regime
c3h8_water,KOBAYASHI(1951),c3h8,xc_saltfree,327.59,172.369,0,0,0,0,0,0,0.0002307,,T,lle-regime
c3h8_water,KOBAYASHI(1951),c3h8,solubility_molality,327.59,206.843,0,0,0,0,0,0,0.01307531569,,T,lle-regime
c3h8_water,KOBAYASHI(1951),c3h8,xc_saltfree,327.59,206.843,0,0,0,0,0,0,0.0002355,,T,lle-regime
c3h8_water,KOBAYASHI(1951),c3h8,solubility_molality,344.26,13.79,0,0,0,0,0,0,0.007233691639,,T,test-only
c3h8_water,KOBAYASHI(1951),c3h8,xc_saltfree,344.26,13.79,0,0,0,0,0,0,0.0001303,,T,test-only
c3h8_water,KOBAYASHI(1951),c3h8,solubility_molality,344.26,20.684,0,0,0,0,0,0,0.009893366126,,T,test-only
c3h8_water,KOBAYASHI(1951),c3h8,xc_saltfree,344.26,20.684,0,0,0,0,0,0,0.0001782,,T,test-only
c3h8_water,KOBAYASHI(1951),c3h8,solubility_molality,344.26,27.579,0,0,0,0,0,0,0.01187024127,,T,lle-regime
c3h8_water,KOBAYASHI(1951),c3h8,xc_saltfree,344.26,27.579,0,0,0,0,0,0,0.0002138,,T,lle-regime
c3h8_water,KOBAYASHI(1951),c3h8,solubility_molality,344.26,34.474,0,0,0,0,0,0,0.01227007584,,T,lle-regime
c3h8_water,KOBAYASHI(1951),c3h8,xc_saltfree,344.26,34.474,0,0,0,0,0,0,0.000221,,T,lle-regime
c3h8_water,KOBAYASHI(1951),c3h8,solubility_molality,344.26,41.369,0,0,0,0,0,0,0.01255329547,,T,lle-regime
c3h8_water,KOBAYASHI(1951),c3h8,xc_saltfree,344.26,41.369,0,0,0,0,0,0,0.0002261,,T,lle-regime
c3h8_water,KOBAYASHI(1951),c3h8,solubility_molality,344.26,43.92,0,0,0,0,0,0,0.01260882907,,T,lle-regime
c3h8_water,KOBAYASHI(1951),c3h8,xc_saltfree,344.26,43.92,0,0,0,0,0,0,0.0002271,,T,lle-regime
c3h8_water,KOBAYASHI(1951),c3h8,solubility_molality,344.26,48.263,0,0,0,0,0,0,0.01274211016,,T,lle-regime
c3h8_water,KOBAYASHI(1951),c3h8,xc_saltfree,344.26,48.263,0,0,0,0,0,0,0.0002295,,T,lle-regime
c3h8_water,KOBAYASHI(1951),c3h8,solubility_molality,344.26,55.158,0,0,0,0,0,0,0.01287539189,,T,lle-regime
c3h8_water,KOBAYASHI(1951),c3h8,xc_saltfree,344.26,55.158,0,0,0,0,0,0,0.0002319,,T,lle-regime
c3h8_water,KOBAYASHI(1951),c3h8,solubility_molality,344.26,62.053,0,0,0,0,0,0,0.01299756738,,T,lle-regime
c3h8_water,KOBAYASHI(1951),c3h8,xc_saltfree,344.26,62.053,0,0,0,0,0,0,0.0002341,,T,lle-regime
c3h8_water,KOBAYASHI(1951),c3h8,solubility_molality,344.26,68.948,0,0,0,0,0,0,0.01309197608,,T,lle-regime
c3h8_water,KOBAYASHI(1951),c3h8,xc_saltfree,344.26,68.948,0,0,0,0,0,0,0.0002358,,T,lle-regime
c3h8_water,KOBAYASHI(1951),c3h8,solubility_molality,344.26,103.421,0,0,0,0,0,0,0.01340852523,,T,lle-regime
c3h8_water,KOBAYASHI(1951),c3h8,xc_saltfree,344.26,103.421,0,0,0,0,0,0,0.0002415,,T,lle-regime
c3h8_water,KOBAYASHI(1951),c3h8,solubility_molality,344.26,137.895,0,0,0,0,0,0,0.01366954215,,T,lle-regime
c3h8_water,KOBAYASHI(1951),c3h8,xc_saltfree,344.26,137.895,0,0,0,0,0,0,0.0002462,,T,lle-regime
c3h8_water,KOBAYASHI(1951),c3h8,solubility_molality,344.26,172.369,0,0,0,0,0,0,0.01391945428,,T,lle-regime
c3h8_water,KOBAYASHI(1951),c3h8,xc_saltfree,344.26,172.369,0,0,0,0,0,0,0.0002507,,T,lle-regime
c3h8_water,KOBAYASHI(1951),c3h8,solubility_molality,344.26,206.843,0,0,0,0,0,0,0.01411383193,,T,lle-regime
c3h8_water,KOBAYASHI(1951),c3h8,xc_saltfree,344.26,206.843,0,0,0,0,0,0,0.0002542,,T,lle-regime
c3h8_water,KOBAYASHI(1951),c3h8,solubility_molality,360.93,13.79,0,0,0,0,0,0,0.006645155102,,T,test-only
c3h8_water,KOBAYASHI(1951),c3h8,xc_saltfree,360.93,13.79,0,0,0,0,0,0,0.0001197,,T,test-only
c3h8_water,KOBAYASHI(1951),c3h8,solubility_molality,360.93,20.684,0,0,0,0,0,0,0.009438038427,,T,test-only
c3h8_water,KOBAYASHI(1951),c3h8,xc_saltfree,360.93,20.684,0,0,0,0,0,0,0.00017,,T,test-only
c3h8_water,KOBAYASHI(1951),c3h8,solubility_molality,360.93,27.579,0,0,0,0,0,0,0.01169809206,,T,test-only
c3h8_water,KOBAYASHI(1951),c3h8,xc_saltfree,360.93,27.579,0,0,0,0,0,0,0.0002107,,T,test-only
c3h8_water,KOBAYASHI(1951),c3h8,solubility_molality,360.93,34.474,0,0,0,0,0,0,0.01332522247,,T,test-only
c3h8_water,KOBAYASHI(1951),c3h8,xc_saltfree,360.93,34.474,0,0,0,0,0,0,0.00024,,T,test-only
c3h8_water,KOBAYASHI(1951),c3h8,solubility_molality,360.93,41.369,0,0,0,0,0,0,0.01404718801,,T,lle-regime
c3h8_water,KOBAYASHI(1951),c3h8,xc_saltfree,360.93,41.369,0,0,0,0,0,0,0.000253,,T,lle-regime
c3h8_water,KOBAYASHI(1951),c3h8,solubility_molality,360.93,43.92,0,0,0,0,0,0,0.0141582613,,T,lle-regime
c3h8_water,KOBAYASHI(1951),c3h8,xc_saltfree,360.93,43.92,0,0,0,0,0,0,0.000255,,T,lle-regime
c3h8_water,KOBAYASHI(1951),c3h8,solubility_molality,360.93,48.263,0,0,0,0,0,0,0.01431376465,,T,lle-regime
c3h8_water,KOBAYASHI(1951),c3h8,xc_saltfree,360.93,48.263,0,0,0,0,0,0,0.0002578,,T,lle-regime
c3h8_water,KOBAYASHI(1951),c3h8,solubility_molality,360.93,55.158,0,0,0,0,0,0,0.01444705393,,T,lle-regime
c3h8_water,KOBAYASHI(1951),c3h8,xc_saltfree,360.93,55.158,0,0,0,0,0,0,0.0002602,,T,lle-regime
c3h8_water,KOBAYASHI(1951),c3h8,solubility_molality,360.93,62.053,0,0,0,0,0,0,0.01456368257,,T,lle-regime
c3h8_water,KOBAYASHI(1951),c3h8,xc_saltfree,360.93,62.053,0,0,0,0,0,0,0.0002623,,T,lle-regime
c3h8_water,KOBAYASHI(1951),c3h8,solubility_molality,360.93,68.948,0,0,0,0,0,0,0.01466920415,,T,lle-regime
c3h8_water,KOBAYASHI(1951),c3h8,xc_saltfree,360.93,68.948,0,0,0,0,0,0,0.0002642,,T,lle-regime
c3h8_water,KOBAYASHI(1951),c3h8,solubility_molality,360.93,103.421,0,0,0,0,0,0,0.01507463288,,T,lle-regime
c3h8_water,KOBAYASHI(1951),c3h8,xc_saltfree,360.93,103.421,0,0,0,0,0,0,0.0002715,,T,lle-regime
c3h8_water,KOBAYASHI(1951),c3h8,solubility_molality,360.93,137.895,0,0,0,0,0,0,0.01545229785,,T,lle-regime
c3h8_water,KOBAYASHI(1951),c3h8,xc_saltfree,360.93,137.895,0,0,0,0,0,0,0.0002783,,T,lle-regime
c3h8_water,KOBAYASHI(1951),c3h8,solubility_molality,360.93,172.369,0,0,0,0,0,0,0.01574110394,,T,lle-regime
c3h8_water,KOBAYASHI(1951),c3h8,xc_saltfree,360.93,172.369,0,0,0,0,0,0,0.0002835,,T,lle-regime
c3h8_water,KOBAYASHI(1951),c3h8,solubility_molality,360.93,206.843,0,0,0,0,0,0,0.01597437259,,T,lle-regime
c3h8_water,KOBAYASHI(1951),c3h8,xc_saltfree,360.93,206.843,0,0,0,0,0,0,0.0002877,,T,lle-regime
c3h8_water,KOBAYASHI(1951),c3h8,solubility_molality,369.65,20.684,0,0,0,0,0,0,0.009415827511,,T,test-only
c3h8_water,KOBAYASHI(1951),c3h8,xc_saltfree,369.65,20.684,0,0,0,0,0,0,0.0001696,,T,test-only
c3h8_water,KOBAYASHI(1951),c3h8,solubility_molality,369.65,27.579,0,0,0,0,0,0,0.01183692199,,T,test-only
c3h8_water,KOBAYASHI(1951),c3h8,xc_saltfree,369.65,27.579,0,0,0,0,0,0,0.0002132,,T,test-only
c3h8_water,KOBAYASHI(1951),c3h8,solubility_molality,369.65,34.474,0,0,0,0,0,0,0.01370286364,,T,test-only
c3h8_water,KOBAYASHI(1951),c3h8,xc_saltfree,369.65,34.474,0,0,0,0,0,0,0.0002468,,T,test-only
c3h8_water,KOBAYASHI(1951),c3h8,solubility_molality,369.65,41.369,0,0,0,0,0,0,0.0148802485,,T,test-only
c3h8_water,KOBAYASHI(1951),c3h8,xc_saltfree,369.65,41.369,0,0,0,0,0,0,0.000268,,T,test-only
c3h8_water,KOBAYASHI(1951),c3h8,solubility_molality,369.65,43.92,0,0,0,0,0,0,0.01511906379,,T,lle-regime
c3h8_water,KOBAYASHI(1951),c3h8,xc_saltfree,369.65,43.92,0,0,0,0,0,0,0.0002723,,T,lle-regime
c3h8_water,KOBAYASHI(1951),c3h8,solubility_molality,369.65,48.263,0,0,0,0,0,0,0.01536343504,,T,lle-regime
c3h8_water,KOBAYASHI(1951),c3h8,xc_saltfree,369.65,48.263,0,0,0,0,0,0,0.0002767,,T,lle-regime
c3h8_water,KOBAYASHI(1951),c3h8,solubility_molality,369.65,55.158,0,0,0,0,0,0,0.01563002432,,T,lle-regime
c3h8_water,KOBAYASHI(1951),c3h8,xc_saltfree,369.65,55.158,0,0,0,0,0,0,0.0002815,,T,lle-regime
c3h8_water,KOBAYASHI(1951),c3h8,solubility_molality,369.65,62.053,0,0,0,0,0,0,0.01580219792,,T,lle-regime
c3h8_water,KOBAYASHI(1951),c3h8,xc_saltfree,369.65,62.053,0,0,0,0,0,0,0.0002846,,T,lle-regime
c3h8_water,KOBAYASHI(1951),c3h8,solubility_molality,369.65,68.948,0,0,0,0,0,0,0.01590772421,,T,lle-regime
c3h8_water,KOBAYASHI(1951),c3h8,xc_saltfree,369.65,68.948,0,0,0,0,0,0,0.0002865,,T,lle-regime
c3h8_water,KOBAYASHI(1951),c3h8,solubility_molality,369.65,103.421,0,0,0,0,0,0,0.01641869926,,T,lle-regime
c3h8_water,KOBAYASHI(1951),c3h8,xc_saltfree,369.65,103.421,0,0,0,0,0,0,0.0002957,,T,lle-regime
c3h8_water,KOBAYASHI(1951),c3h8,solubility_molality,369.65,137.895,0,0,0,0,0,0,0.01689635835,,T,lle-regime
c3h8_water,KOBAYASHI(1951),c3h8,xc_saltfree,369.65,137.895,0,0,0,0,0,0,0.0003043,,T,lle-regime
c3h8_water,KOBAYASHI(1951),c3h8,solubility_molality,369.65,172.369,0,0,0,0,0,0,0.01730181961,,T,lle-regime
c3h8_water,KOBAYASHI(1951),c3h8,xc_saltfree,369.65,172.369,0,0,0,0,0,0,0.0003116,,T,lle-regime
c3h8_water,KOBAYASHI(1951),c3h8,solubility_molality,369.65,206.843,0,0,0,0,0,0,0.01754621008,,T,lle-regime
c3h8_water,KOBAYASHI(1951),c3h8,xc_saltfree,369.65,206.843,0,0,0,0,0,0,0.000316,,T,lle-regime
c3h8_water,KOBAYASHI(1951),c3h8,solubility_molality,377.59,20.684,0,0,0,0,0,0,0.009482460313,,T,test-only
c3h8_water,KOBAYASHI(1951),c3h8,xc_saltfree,377.59,20.684,0,0,0,0,0,0,0.0001708,,T,test-only
c3h8_water,KOBAYASHI(1951),c3h8,solubility_molality,377.59,27.579,0,0,0,0,0,0,0.01206460458,,T,test-only
c3h8_water,KOBAYASHI(1951),c3h8,xc_saltfree,377.59,27.579,0,0,0,0,0,0,0.0002173,,T,test-only
c3h8_water,KOBAYASHI(1951),c3h8,solubility_molality,377.59,34.474,0,0,0,0,0,0,0.0141582613,,T,test-only
c3h8_water,KOBAYASHI(1951),c3h8,xc_saltfree,377.59,34.474,0,0,0,0,0,0,0.000255,,T,test-only
c3h8_water,KOBAYASHI(1951),c3h8,solubility_molality,377.59,41.369,0,0,0,0,0,0,0.01553560699,,T,test-only
c3h8_water,KOBAYASHI(1951),c3h8,xc_saltfree,377.59,41.369,0,0,0,0,0,0,0.0002798,,T,test-only
c3h8_water,KOBAYASHI(1951),c3h8,solubility_molality,377.59,43.92,0,0,0,0,0,0,0.01597992663,,T,test-only
c3h8_water,KOBAYASHI(1951),c3h8,xc_saltfree,377.59,43.92,0,0,0,0,0,0,0.0002878,,T,test-only
c3h8_water,KOBAYASHI(1951),c3h8,solubility_molality,377.59,48.263,0,0,0,0,0,0,0.01639092863,,T,test-only
c3h8_water,KOBAYASHI(1951),c3h8,xc_saltfree,377.59,48.263,0,0,0,0,0,0,0.0002952,,T,test-only
c3h8_water,KOBAYASHI(1951),c3h8,solubility_molality,377.59,55.158,0,0,0,0,0,0,0.01695190064,,T,test-only
c3h8_water,KOBAYASHI(1951),c3h8,xc_saltfree,377.59,55.158,0,0,0,0,0,0,0.0003053,,T,test-only
c3h8_water,KOBAYASHI(1951),c3h8,solubility_molality,377.59,62.053,0,0,0,0,0,0,0.01729626531,,T,test-only
c3h8_water,KOBAYASHI(1951),c3h8,xc_saltfree,377.59,62.053,0,0,0,0,0,0,0.0003115,,T,test-only
c3h8_water,KOBAYASHI(1951),c3h8,solubility_molality,377.59,68.948,0,0,0,0,0,0,0.01751843833,,T,test-only
c3h8_water,KOBAYASHI(1951),c3h8,xc_saltfree,377.59,68.948,0,0,0,0,0,0,0.0003155,,T,test-only
c3h8_water,KOBAYASHI(1951),c3h8,solubility_molality,377.59,103.421,0,0,0,0,0,0,0.01808498758,,T,test-only
c3h8_water,KOBAYASHI(1951),c3h8,xc_saltfree,377.59,103.421,0,0,0,0,0,0,0.0003257,,T,test-only
c3h8_water,KOBAYASHI(1951),c3h8,solubility_molality,377.59,137.895,0,0,0,0,0,0,0.01864043925,,T,test-only
c3h8_water,KOBAYASHI(1951),c3h8,xc_saltfree,377.59,137.895,0,0,0,0,0,0,0.0003357,,T,test-only
c3h8_water,KOBAYASHI(1951),c3h8,solubility_molality,377.59,172.369,0,0,0,0,0,0,0.0191292459,,T,test-only
c3h8_water,KOBAYASHI(1951),c3h8,xc_saltfree,377.59,172.369,0,0,0,0,0,0,0.0003445,,T,test-only
c3h8_water,KOBAYASHI(1951),c3h8,solubility_molality,377.59,206.843,0,0,0,0,0,0,0.01957362306,,T,test-only
c3h8_water,KOBAYASHI(1951),c3h8,xc_saltfree,377.59,206.843,0,0,0,0,0,0,0.0003525,,T,test-only
c3h8_water,KOBAYASHI(1951),c3h8,solubility_molality,394.26,20.684,0,0,0,0,0,0,0.009815626722,,T,test-only
c3h8_water,KOBAYASHI(1951),c3h8,xc_saltfree,394.26,20.684,0,0,0,0,0,0,0.0001768,,T,test-only
c3h8_water,KOBAYASHI(1951),c3h8,solubility_molality,394.26,27.579,0,0,0,0,0,0,0.01280875095,,T,test-only
c3h8_water,KOBAYASHI(1951),c3h8,xc_saltfree,394.26,27.579,0,0,0,0,0,0,0.0002307,,T,test-only
c3h8_water,KOBAYASHI(1951),c3h8,solubility_molality,394.26,34.474,0,0,0,0,0,0,0.01530789593,,T,test-only
c3h8_water,KOBAYASHI(1951),c3h8,xc_saltfree,394.26,34.474,0,0,0,0,0,0,0.0002757,,T,test-only
c3h8_water,KOBAYASHI(1951),c3h8,solubility_molality,394.26,41.369,0,0,0,0,0,0,0.01725183092,,T,test-only
c3h8_water,KOBAYASHI(1951),c3h8,xc_saltfree,394.26,41.369,0,0,0,0,0,0,0.0003107,,T,test-only
c3h8_water,KOBAYASHI(1951),c3h8,solubility_molality,394.26,43.92,0,0,0,0,0,0,0.01789058212,,T,test-only
c3h8_water,KOBAYASHI(1951),c3h8,xc_saltfree,394.26,43.92,0,0,0,0,0,0,0.0003222,,T,test-only
c3h8_water,KOBAYASHI(1951),c3h8,solubility_molality,394.26,48.263,0,0,0,0,0,0,0.01874042173,,T,test-only
c3h8_water,KOBAYASHI(1951),c3h8,xc_saltfree,394.26,48.263,0,0,0,0,0,0,0.0003375,,T,test-only
c3h8_water,KOBAYASHI(1951),c3h8,solubility_molality,394.26,55.158,0,0,0,0,0,0,0.0197791499,,T,test-only
c3h8_water,KOBAYASHI(1951),c3h8,xc_saltfree,394.26,55.158,0,0,0,0,0,0,0.0003562,,T,test-only
c3h8_water,KOBAYASHI(1951),c3h8,solubility_molality,394.26,62.053,0,0,0,0,0,0,0.02051794814,,T,test-only
c3h8_water,KOBAYASHI(1951),c3h8,xc_saltfree,394.26,62.053,0,0,0,0,0,0,0.0003695,,T,test-only
c3h8_water,KOBAYASHI(1951),c3h8,solubility_molality,394.26,68.948,0,0,0,0,0,0,0.02102900804,,T,test-only
c3h8_water,KOBAYASHI(1951),c3h8,xc_saltfree,394.26,68.948,0,0,0,0,0,0,0.0003787,,T,test-only
c3h8_water,KOBAYASHI(1951),c3h8,solubility_molality,394.26,103.421,0,0,0,0,0,0,0.02218448251,,T,test-only
c3h8_water,KOBAYASHI(1951),c3h8,xc_saltfree,394.26,103.421,0,0,0,0,0,0,0.0003995,,T,test-only
c3h8_water,KOBAYASHI(1951),c3h8,solubility_molality,394.26,137.895,0,0,0,0,0,0,0.02301223176,,T,test-only
c3h8_water,KOBAYASHI(1951),c3h8,xc_saltfree,394.26,137.895,0,0,0,0,0,0,0.0004144,,T,test-only
c3h8_water,KOBAYASHI(1951),c3h8,solubility_molality,394.26,172.369,0,0,0,0,0,0,0.02384000569,,T,test-only
c3h8_water,KOBAYASHI(1951),c3h8,xc_saltfree,394.26,172.369,0,0,0,0,0,0,0.0004293,,T,test-only
c3h8_water,KOBAYASHI(1951),c3h8,solubility_molality,394.26,206.843,0,0,0,0,0,0,0.02466780429,,T,test-only
c3h8_water,KOBAYASHI(1951),c3h8,xc_saltfree,394.26,206.843,0,0,0,0,0,0,0.0004442,,T,test-only
c3h8_water,KOBAYASHI(1951),c3h8,solubility_molality,410.93,27.579,0,0,0,0,0,0,0.01376950673,,T,test-only
c3h8_water,KOBAYASHI(1951),c3h8,xc_saltfree,410.93,27.579,0,0,0,0,0,0,0.000248,,T,test-only
c3h8_water,KOBAYASHI(1951),c3h8,solubility_molality,410.93,34.474,0,0,0,0,0,0,0.01665752778,,T,test-only
c3h8_water,KOBAYASHI(1951),c3h8,xc_saltfree,410.93,34.474,0,0,0,0,0,0,0.0003,,T,test-only
c3h8_water,KOBAYASHI(1951),c3h8,solubility_molality,410.93,41.369,0,0,0,0,0,0,0.0191736833,,T,test-only
c3h8_water,KOBAYASHI(1951),c3h8,xc_saltfree,410.93,41.369,0,0,0,0,0,0,0.0003453,,T,test-only
c3h8_water,KOBAYASHI(1951),c3h8,solubility_molality,410.93,43.92,0,0,0,0,0,0,0.02000134279,,T,test-only
c3h8_water,KOBAYASHI(1951),c3h8,xc_saltfree,410.93,43.92,0,0,0,0,0,0,0.0003602,,T,test-only
c3h8_water,KOBAYASHI(1951),c3h8,solubility_molality,410.93,48.263,0,0,0,0,0,0,0.02124010075,,T,test-only
c3h8_water,KOBAYASHI(1951),c3h8,xc_saltfree,410.93,48.263,0,0,0,0,0,0,0.0003825,,T,test-only
c3h8_water,KOBAYASHI(1951),c3h8,solubility_molality,410.93,55.158,0,0,0,0,0,0,0.02269557309,,T,test-only
c3h8_water,KOBAYASHI(1951),c3h8,xc_saltfree,410.93,55.158,0,0,0,0,0,0,0.0004087,,T,test-only
c3h8_water,KOBAYASHI(1951),c3h8,solubility_molality,410.93,62.053,0,0,0,0,0,0,0.02380667203,,T,test-only
c3h8_water,KOBAYASHI(1951),c3h8,xc_saltfree,410.93,62.053,0,0,0,0,0,0,0.0004287,,T,test-only
c3h8_water,KOBAYASHI(1951),c3h8,solubility_molality,410.93,68.948,0,0,0,0,0,0,0.02467891585,,T,test-only
c3h8_water,KOBAYASHI(1951),c3h8,xc_saltfree,410.93,68.948,0,0,0,0,0,0,0.0004444,,T,test-only
c3h8_water,KOBAYASHI(1951),c3h8,solubility_molality,410.93,103.421,0,0,0,0,0,0,0.02736248745,,T,test-only
c3h8_water,KOBAYASHI(1951),c3h8,xc_saltfree,410.93,103.421,0,0,0,0,0,0,0.0004927,,T,test-only
c3h8_water,KOBAYASHI(1951),c3h8,solubility_molality,410.93,137.895,0,0,0,0,0,0,0.02913500926,,T,test-only
c3h8_water,KOBAYASHI(1951),c3h8,xc_saltfree,410.93,137.895,0,0,0,0,0,0,0.0005246,,T,test-only
c3h8_water,KOBAYASHI(1951),c3h8,solubility_molality,410.93,172.369,0,0,0,0,0,0,0.03055755374,,T,test-only
c3h8_water,KOBAYASHI(1951),c3h8,xc_saltfree,410.93,172.369,0,0,0,0,0,0,0.0005502,,T,test-only
c3h8_water,KOBAYASHI(1951),c3h8,solubility_molality,410.93,206.843,0,0,0,0,0,0,0.0319523849,,T,test-only
c3h8_water,KOBAYASHI(1951),c3h8,xc_saltfree,410.93,206.843,0,0,0,0,0,0,0.0005753,,T,test-only
c3h8_water,KOBAYASHI(1951),c3h8,solubility_molality,427.59,6.895,0,0,0,0,0,0,0.001221212438,,T,test-only
c3h8_water,KOBAYASHI(1951),c3h8,xc_saltfree,427.59,6.895,0,0,0,0,0,0,2.2e-05,,T,test-only
c3h8_water,KOBAYASHI(1951),c3h8,solubility_molality,427.59,34.474,0,0,0,0,0,0,0.01819607702,,T,test-only
c3h8_water,KOBAYASHI(1951),c3h8,xc_saltfree,427.59,34.474,0,0,0,0,0,0,0.0003277,,T,test-only
c3h8_water,KOBAYASHI(1951),c3h8,solubility_molality,427.59,41.369,0,0,0,0,0,0,0.02111788899,,T,test-only
c3h8_water,KOBAYASHI(1951),c3h8,xc_saltfree,427.59,41.369,0,0,0,0,0,0,0.0003803,,T,test-only
c3h8_water,KOBAYASHI(1951),c3h8,solubility_molality,427.59,43.92,0,0,0,0,0,0,0.02225114596,,T,test-only
c3h8_water,KOBAYASHI(1951),c3h8,xc_saltfree,427.59,43.92,0,0,0,0,0,0,0.0004007,,T,test-only
c3h8_water,KOBAYASHI(1951),c3h8,solubility_molality,427.59,48.263,0,0,0,0,0,0,0.02382333885,,T,test-only
c3h8_water,KOBAYASHI(1951),c3h8,xc_saltfree,427.59,48.263,0,0,0,0,0,0,0.000429,,T,test-only
c3h8_water,KOBAYASHI(1951),c3h8,solubility_molality,427.59,55.158,0,0,0,0,0,0,0.02569564228,,T,test-only
c3h8_water,KOBAYASHI(1951),c3h8,xc_saltfree,427.59,55.158,0,0,0,0,0,0,0.0004627,,T,test-only
c3h8_water,KOBAYASHI(1951),c3h8,solubility_molality,427.59,62.053,0,0,0,0,0,0,0.02713467938,,T,test-only
c3h8_water,KOBAYASHI(1951),c3h8,xc_saltfree,427.59,62.053,0,0,0,0,0,0,0.0004886,,T,test-only
c3h8_water,KOBAYASHI(1951),c3h8,solubility_molality,427.59,68.948,0,0,0,0,0,0,0.02850711242,,T,test-only
c3h8_water,KOBAYASHI(1951),c3h8,xc_saltfree,427.59,68.948,0,0,0,0,0,0,0.0005133,,T,test-only
c3h8_water,KOBAYASHI(1951),c3h8,solubility_molality,427.59,103.421,0,0,0,0,0,0,0.03421427199,,T,test-only
c3h8_water,KOBAYASHI(1951),c3h8,xc_saltfree,427.59,103.421,0,0,0,0,0,0,0.000616,,T,test-only
c3h8_water,KOBAYASHI(1951),c3h8,solubility_molality,427.59,137.895,0,0,0,0,0,0,0.0380938095,,T,test-only
c3h8_water,KOBAYASHI(1951),c3h8,xc_saltfree,427.59,137.895,0,0,0,0,0,0,0.0006858,,T,test-only
c3h8_water,KOBAYASHI(1951),c3h8,solubility_molality,427.59,172.369,0,0,0,0,0,0,0.04072864683,,T,test-only
c3h8_water,KOBAYASHI(1951),c3h8,xc_saltfree,427.59,172.369,0,0,0,0,0,0,0.0007332,,T,test-only
c3h8_water,KOBAYASHI(1951),c3h8,solubility_molality,427.59,206.843,0,0,0,0,0,0,0.04279110952,,T,test-only
c3h8_water,KOBAYASHI(1951),c3h8,xc_saltfree,427.59,206.843,0,0,0,0,0,0,0.0007703,,T,test-only
c3h8_water,CHAPOY(2004),c3h8,solubility_molality,288.13,4.88,0,0,0,0,0,0,0.009621279164,,T,test-only
c3h8_water,CHAPOY(2004),c3h8,xc_saltfree,288.13,4.88,0,0,0,0,0,0,0.0001733,,T,test-only
c3h8_water,CHAPOY(2004),c3h8,solubility_molality,288.13,6.97,0,0,0,0,0,0,0.01303088806,,T,test-only
c3h8_water,CHAPOY(2004),c3h8,xc_saltfree,288.13,6.97,0,0,0,0,0,0,0.0002347,,T,test-only
c3h8_water,CHAPOY(2004),c3h8,solubility_molality,288.13,5.96,0,0,0,0,0,0,0.01154815651,,T,test-only
c3h8_water,CHAPOY(2004),c3h8,xc_saltfree,288.13,5.96,0,0,0,0,0,0,0.000208,,T,test-only
c3h8_water,CHAPOY(2004),c3h8,solubility_molality,288.13,3.9,0,0,0,0,0,0,0.007899974476,,T,test-only
c3h8_water,CHAPOY(2004),c3h8,xc_saltfree,288.13,3.9,0,0,0,0,0,0,0.0001423,,T,test-only
c3h8_water,CHAPOY(2004),c3h8,solubility_molality,293.13,3.99,0,0,0,0,0,0,0.006822825194,,T,test-only
c3h8_water,CHAPOY(2004),c3h8,xc_saltfree,293.13,3.99,0,0,0,0,0,0,0.0001229,,T,test-only
c3h8_water,CHAPOY(2004),c3h8,solubility_molality,293.13,8,0,0,0,0,0,0,0.01248665529,,T,test-only
c3h8_water,CHAPOY(2004),c3h8,xc_saltfree,293.13,8,0,0,0,0,0,0,0.0002249,,T,test-only
c3h8_water,CHAPOY(2004),c3h8,solubility_molality,293.13,6.99,0,0,0,0,0,0,0.01123162857,,T,test-only
c3h8_water,CHAPOY(2004),c3h8,xc_saltfree,293.13,6.99,0,0,0,0,0,0,0.0002023,,T,test-only
c3h8_water,CHAPOY(2004),c3h8,solubility_molality,293.13,5.99,0,0,0,0,0,0,0.00974899312,,T,test-only
c3h8_water,CHAPOY(2004),c3h8,xc_saltfree,293.13,5.99,0,0,0,0,0,0,0.0001756,,T,test-only
c3h8_water,CHAPOY(2004),c3h8,solubility_molality,293.13,5,0,0,0,0,0,0,0.008383039533,,T,test-only
c3h8_water,CHAPOY(2004),c3h8,xc_saltfree,293.13,5,0,0,0,0,0,0,0.000151,,T,test-only
c3h8_water,CHAPOY(2004),c3h8,solubility_molality,298.12,4.01,0,0,0,0,0,0,0.005756821698,,T,test-only
c3h8_water,CHAPOY(2004),c3h8,xc_saltfree,298.12,4.01,0,0,0,0,0,0,0.0001037,,T,test-only
c3h8_water,CHAPOY(2004),c3h8,solubility_molality,298.12,4.93,0,0,0,0,0,0,0.006906108442,,T,test-only
c3h8_water,CHAPOY(2004),c3h8,xc_saltfree,298.12,4.93,0,0,0,0,0,0,0.0001244,,T,test-only
c3h8_water,CHAPOY(2004),c3h8,solubility_molality,298.12,5.8,0,0,0,0,0,0,0.007983260955,,T,test-only
c3h8_water,CHAPOY(2004),c3h8,xc_saltfree,298.12,5.8,0,0,0,0,0,0,0.0001438,,T,test-only
c3h8_water,CHAPOY(2004),c3h8,solubility_molality,298.12,6.75,0,0,0,0,0,0,0.009160403252,,T,test-only
c3h8_water,CHAPOY(2004),c3h8,xc_saltfree,298.12,6.75,0,0,0,0,0,0,0.000165,,T,test-only
c3h8_water,CHAPOY(2004),c3h8,solubility_molality,298.12,8.12,0,0,0,0,0,0,0.01075961993,,T,test-only
c3h8_water,CHAPOY(2004),c3h8,xc_saltfree,298.12,8.12,0,0,0,0,0,0,0.0001938,,T,test-only
c3h8_water,CHAPOY(2004),c3h8,solubility_molality,298.12,9.2,0,0,0,0,0,0,0.0119035606,,T,test-only
c3h8_water,CHAPOY(2004),c3h8,xc_saltfree,298.12,9.2,0,0,0,0,0,0,0.0002144,,T,test-only
c3h8_water,CHAPOY(2004),c3h8,solubility_molality,308.13,6.1,0,0,0,0,0,0,0.006428621214,,T,test-only
c3h8_water,CHAPOY(2004),c3h8,xc_saltfree,308.13,6.1,0,0,0,0,0,0,0.0001158,,T,test-only
c3h8_water,CHAPOY(2004),c3h8,solubility_molality,308.13,8.48,0,0,0,0,0,0,0.008466327462,,T,test-only
c3h8_water,CHAPOY(2004),c3h8,xc_saltfree,308.13,8.48,0,0,0,0,0,0,0.0001525,,T,test-only
c3h8_water,CHAPOY(2004),c3h8,solubility_molality,308.13,10.03,0,0,0,0,0,0,0.009743440327,,T,test-only
c3h8_water,CHAPOY(2004),c3h8,xc_saltfree,308.13,10.03,0,0,0,0,0,0,0.0001755,,T,test-only
c3h8_water,CHAPOY(2004),c3h8,solubility_molality,308.13,11.91,0,0,0,0,0,0,0.01114277927,,T,test-only
c3h8_water,CHAPOY(2004),c3h8,xc_saltfree,308.13,11.91,0,0,0,0,0,0,0.0002007,,T,test-only
c3h8_water,CHAPOY(2004),c3h8,solubility_molality,323.13,6.5,0,0,0,0,0,0,0.004979553291,,T,test-only
c3h8_water,CHAPOY(2004),c3h8,xc_saltfree,323.13,6.5,0,0,0,0,0,0,8.97e-05,,T,test-only
c3h8_water,CHAPOY(2004),c3h8,solubility_molality,323.13,8.98,0,0,0,0,0,0,0.006656259449,,T,test-only
c3h8_water,CHAPOY(2004),c3h8,xc_saltfree,323.13,8.98,0,0,0,0,0,0,0.0001199,,T,test-only
c3h8_water,CHAPOY(2004),c3h8,solubility_molality,323.13,11.56,0,0,0,0,0,0,0.008244226874,,T,test-only
c3h8_water,CHAPOY(2004),c3h8,xc_saltfree,323.13,11.56,0,0,0,0,0,0,0.0001485,,T,test-only
c3h8_water,CHAPOY(2004),c3h8,solubility_molality,323.13,13.96,0,0,0,0,0,0,0.009593515338,,T,test-only
c3h8_water,CHAPOY(2004),c3h8,xc_saltfree,323.13,13.96,0,0,0,0,0,0,0.0001728,,T,test-only
c3h8_water,CHAPOY(2004),c3h8,solubility_molality,323.13,16.65,0,0,0,0,0,0,0.01086512705,,T,test-only
c3h8_water,CHAPOY(2004),c3h8,xc_saltfree,323.13,16.65,0,0,0,0,0,0,0.0001957,,T,test-only
c3h8_water,CHAPOY(2004),c3h8,solubility_molality,338.15,9.97,0,0,0,0,0,0,0.006073287213,,T,test-only
c3h8_water,CHAPOY(2004),c3h8,xc_saltfree,338.15,9.97,0,0,0,0,0,0,0.0001094,,T,test-only
c3h8_water,CHAPOY(2004),c3h8,solubility_molality,338.15,13.02,0,0,0,0,0,0,0.007605697584,,T,test-only
c3h8_water,CHAPOY(2004),c3h8,xc_saltfree,338.15,13.02,0,0,0,0,0,0,0.000137,,T,test-only
c3h8_water,CHAPOY(2004),c3h8,solubility_molality,338.15,16.32,0,0,0,0,0,0,0.008999376122,,T,test-only
c3h8_water,CHAPOY(2004),c3h8,xc_saltfree,338.15,16.32,0,0,0,0,0,0,0.0001621,,T,test-only
c3h8_water,CHAPOY(2004),c3h8,solubility_molality,338.15,20.08,0,0,0,0,0,0,0.01054305394,,T,test-only
c3h8_water,CHAPOY(2004),c3h8,xc_saltfree,338.15,20.08,0,0,0,0,0,0,0.0001899,,T,test-only
c3h8_water,CHAPOY(2004),c3h8,solubility_molality,338.15,22.92,0,0,0,0,0,0,0.01155926282,,T,test-only
c3h8_water,CHAPOY(2004),c3h8,xc_saltfree,338.15,22.92,0,0,0,0,0,0,0.0002082,,T,test-only
c3h8_water,CHAPOY(2004),c3h8,solubility_molality,353.18,14.31,0,0,0,0,0,0,0.007311423812,,T,test-only
c3h8_water,CHAPOY(2004),c3h8,xc_saltfree,353.18,14.31,0,0,0,0,0,0,0.0001317,,T,test-only
c3h8_water,CHAPOY(2004),c3h8,solubility_molality,353.18,20.61,0,0,0,0,0,0,0.009687912459,,T,test-only
c3h8_water,CHAPOY(2004),c3h8,xc_saltfree,353.18,20.61,0,0,0,0,0,0,0.0001745,,T,test-only
c3h8_water,CHAPOY(2004),c3h8,solubility_molality,353.18,24.83,0,0,0,0,0,0,0.0111372262,,T,test-only
c3h8_water,CHAPOY(2004),c3h8,xc_saltfree,353.18,24.83,0,0,0,0,0,0,0.0002006,,T,test-only
c3h8_water,CHAPOY(2004),c3h8,solubility_molality,353.18,30.82,0,0,0,0,0,0,0.0126032757,,T,test-only
c3h8_water,CHAPOY(2004),c3h8,xc_saltfree,353.18,30.82,0,0,0,0,0,0,0.000227,,T,test-only
c3h8_water,CHAPOY(2004),c3h8,solubility_molality,368.16,14.33,0,0,0,0,0,0,0.006678468158,,T,test-only
c3h8_water,CHAPOY(2004),c3h8,xc_saltfree,368.16,14.33,0,0,0,0,0,0,0.0001203,,T,test-only
c3h8_water,CHAPOY(2004),c3h8,solubility_molality,368.16,19.4,0,0,0,0,0,0,0.008805034279,,T,test-only
c3h8_water,CHAPOY(2004),c3h8,xc_saltfree,368.16,19.4,0,0,0,0,0,0,0.0001586,,T,test-only
c3h8_water,CHAPOY(2004),c3h8,solubility_molality,368.16,24.95,0,0,0,0,0,0,0.01104282415,,T,test-only
c3h8_water,CHAPOY(2004),c3h8,xc_saltfree,368.16,24.95,0,0,0,0,0,0,0.0001989,,T,test-only
c3h8_water,CHAPOY(2004),c3h8,solubility_molality,368.16,29.97,0,0,0,0,0,0,0.01241446195,,T,test-only
c3h8_water,CHAPOY(2004),c3h8,xc_saltfree,368.16,29.97,0,0,0,0,0,0,0.0002236,,T,test-only
c3h8_water,CHAPOY(2004),c3h8,solubility_molality,368.16,35.03,0,0,0,0,0,0,0.01378061393,,T,test-only
c3h8_water,CHAPOY(2004),c3h8,xc_saltfree,368.16,35.03,0,0,0,0,0,0,0.0002482,,T,test-only
c3h8_water,CHAPOY(2004),c3h8,solubility_molality,368.16,39.15,0,0,0,0,0,0,0.01444150019,,T,test-only
c3h8_water,CHAPOY(2004),c3h8,xc_saltfree,368.16,39.15,0,0,0,0,0,0,0.0002601,,T,test-only
c3h8_nacl_umano1958,UMANO(1958),c3h8,solubility_molality,273.2,0.104871375,0,0,0,0,0,0,0.0002447921986,,T,test-only
c3h8_nacl_umano1958,UMANO(1958),c3h8,xc_saltfree,273.2,0.104871375,0,0,0,0,0,0,4.409980552e-06,,T,test-only
c3h8_nacl_umano1958,UMANO(1958),c3h8,solubility_molality,273.2,0.304886925,0,0,0,0,0,0,0.0008767557318,,T,test-only
c3h8_nacl_umano1958,UMANO(1958),c3h8,xc_saltfree,273.2,0.304886925,0,0,0,0,0,0,1.579475052e-05,,T,test-only
c3h8_nacl_umano1958,UMANO(1958),c3h8,solubility_molality,273.2,0.50480115,0,0,0,0,0,0,0.001763891541,,T,test-only
c3h8_nacl_umano1958,UMANO(1958),c3h8,xc_saltfree,273.2,0.50480115,0,0,0,0,0,0,3.177599025e-05,,T,test-only
c3h8_nacl_umano1958,UMANO(1958),c3h8,solubility_molality,273.2,0.7048167,0,0,0,0,0,0,0.002601846877,,T,test-only
c3h8_nacl_umano1958,UMANO(1958),c3h8,xc_saltfree,273.2,0.7048167,0,0,0,0,0,0,4.687080302e-05,,T,test-only
c3h8_nacl_umano1958,UMANO(1958),c3h8,solubility_molality,273.2,1.01142615,0,0,0,0,0,0,0.00377118757,,T,test-only
c3h8_nacl_umano1958,UMANO(1958),c3h8,xc_saltfree,273.2,1.01142615,0,0,0,0,0,0,6.793438461e-05,,T,test-only
c3h8_nacl_umano1958,UMANO(1958),c3h8,solubility_molality,273.2,0.1102416,0.522,0.522,0,0,0,0,0.0002939171637,,T,test-only
c3h8_nacl_umano1958,UMANO(1958),c3h8,xc_saltfree,273.2,0.1102416,0.522,0.522,0,0,0,0,5.294971963e-06,,T,test-only
c3h8_nacl_umano1958,UMANO(1958),c3h8,solubility_molality,273.2,0.309750525,0.522,0.522,0,0,0,0,0.0008583269314,,T,test-only
c3h8_nacl_umano1958,UMANO(1958),c3h8,xc_saltfree,273.2,0.309750525,0.522,0.522,0,0,0,0,1.54627609e-05,,T,test-only
c3h8_nacl_umano1958,UMANO(1958),c3h8,solubility_molality,273.2,0.509360775,0.522,0.522,0,0,0,0,0.001484462079,,T,test-only
c3h8_nacl_umano1958,UMANO(1958),c3h8,xc_saltfree,273.2,0.509360775,0.522,0.522,0,0,0,0,2.674228483e-05,,T,test-only
c3h8_nacl_umano1958,UMANO(1958),c3h8,solubility_molality,273.2,0.709984275,0.522,0.522,0,0,0,0,0.002023671017,,T,test-only
c3h8_nacl_umano1958,UMANO(1958),c3h8,xc_saltfree,273.2,0.709984275,0.522,0.522,0,0,0,0,3.645567094e-05,,T,test-only
c3h8_nacl_umano1958,UMANO(1958),c3h8,solubility_molality,273.2,1.017201675,0.522,0.522,0,0,0,0,0.002866067028,,T,test-only
c3h8_nacl_umano1958,UMANO(1958),c3h8,xc_saltfree,273.2,1.017201675,0.522,0.522,0,0,0,0,5.163033417e-05,,T,test-only
c3h8_nacl_umano1958,UMANO(1958),c3h8,solubility_molality,273.2,0.1151052,1.048,1.048,0,0,0,0,0.0002672731148,,T,test-only
c3h8_nacl_umano1958,UMANO(1958),c3h8,xc_saltfree,273.2,0.1151052,1.048,1.048,0,0,0,0,4.814976816e-06,,T,test-only
c3h8_nacl_umano1958,UMANO(1958),c3h8,solubility_molality,273.2,0.31349955,1.048,1.048,0,0,0,0,0.000752250312,,T,test-only
c3h8_nacl_umano1958,UMANO(1958),c3h8,xc_saltfree,273.2,0.31349955,1.048,1.048,0,0,0,0,1.355181635e-05,,T,test-only
c3h8_nacl_umano1958,UMANO(1958),c3h8,solubility_molality,273.2,0.5135151,1.048,1.048,0,0,0,0,0.001174003402,,T,test-only
c3h8_nacl_umano1958,UMANO(1958),c3h8,xc_saltfree,273.2,0.5135151,1.048,1.048,0,0,0,0,2.114955269e-05,,T,test-only
c3h8_nacl_umano1958,UMANO(1958),c3h8,solubility_molality,273.2,0.71434125,1.048,1.048,0,0,0,0,0.001701333535,,T,test-only
c3h8_nacl_umano1958,UMANO(1958),c3h8,xc_saltfree,273.2,0.71434125,1.048,1.048,0,0,0,0,3.064906061e-05,,T,test-only
c3h8_nacl_umano1958,UMANO(1958),c3h8,solubility_molality,273.2,1.020646725,1.048,1.048,0,0,0,0,0.00224065349,,T,test-only
c3h8_nacl_umano1958,UMANO(1958),c3h8,xc_saltfree,273.2,1.020646725,1.048,1.048,0,0,0,0,4.036437065e-05,,T,test-only
c3h8_nacl_umano1958,UMANO(1958),c3h8,solubility_molality,273.2,0.11490255,2.213,2.213,0,0,0,0,0.0001695782691,,T,test-only
c3h8_nacl_umano1958,UMANO(1958),c3h8,xc_saltfree,273.2,0.11490255,2.213,2.213,0,0,0,0,3.054990667e-06,,T,test-only
c3h8_nacl_umano1958,UMANO(1958),c3h8,solubility_molality,273.2,0.314816775,2.213,2.213,0,0,0,0,0.00044834163,,T,test-only
c3h8_nacl_umano1958,UMANO(1958),c3h8,xc_saltfree,273.2,0.314816775,2.213,2.213,0,0,0,0,8.076934763e-06,,T,test-only
c3h8_nacl_umano1958,UMANO(1958),c3h8,solubility_molality,273.2,0.51412305,2.213,2.213,0,0,0,0,0.0007711231799,,T,test-only
c3h8_nacl_umano1958,UMANO(1958),c3h8,xc_saltfree,273.2,0.51412305,2.213,2.213,0,0,0,0,1.389180702e-05,,T,test-only
c3h8_nacl_umano1958,UMANO(1958),c3h8,solubility_molality,273.2,0.714645225,2.213,2.213,0,0,0,0,0.001021854781,,T,test-only
c3h8_nacl_umano1958,UMANO(1958),c3h8,xc_saltfree,273.2,0.714645225,2.213,2.213,0,0,0,0,1.840866111e-05,,T,test-only
c3h8_nacl_umano1958,UMANO(1958),c3h8,solubility_molality,273.2,1.02074805,2.213,2.213,0,0,0,0,0.001433671861,,T,test-only
c3h8_nacl_umano1958,UMANO(1958),c3h8,xc_saltfree,273.2,1.02074805,2.213,2.213,0,0,0,0,2.582733293e-05,,T,test-only
c3h8_nacl_umano1958,UMANO(1958),c3h8,solubility_molality,273.2,0.112572075,3.347,3.347,0,0,0,0,9.414230586e-05,,T,test-only
c3h8_nacl_umano1958,UMANO(1958),c3h8,xc_saltfree,273.2,0.112572075,3.347,3.347,0,0,0,0,1.695997124e-06,,T,test-only
c3h8_nacl_umano1958,UMANO(1958),c3h8,solubility_molality,273.2,0.312587625,3.347,3.347,0,0,0,0,0.0002597794761,,T,test-only
c3h8_nacl_umano1958,UMANO(1958),c3h8,xc_saltfree,273.2,0.312587625,3.347,3.347,0,0,0,0,4.679978098e-06,,T,test-only
c3h8_nacl_umano1958,UMANO(1958),c3h8,solubility_molality,273.2,0.512603175,3.347,3.347,0,0,0,0,0.0004165352967,,T,test-only
c3h8_nacl_umano1958,UMANO(1958),c3h8,xc_saltfree,273.2,0.512603175,3.347,3.347,0,0,0,0,7.50394369e-06,,T,test-only
c3h8_nacl_umano1958,UMANO(1958),c3h8,solubility_molality,273.2,0.7125174,3.347,3.347,0,0,0,0,0.0005672962063,,T,test-only
c3h8_nacl_umano1958,UMANO(1958),c3h8,xc_saltfree,273.2,0.7125174,3.347,3.347,0,0,0,0,1.021989555e-05,,T,test-only
c3h8_nacl_umano1958,UMANO(1958),c3h8,solubility_molality,273.2,1.019228175,3.347,3.347,0,0,0,0,0.0008176392485,,T,test-only
c3h8_nacl_umano1958,UMANO(1958),c3h8,xc_saltfree,273.2,1.019228175,3.347,3.347,0,0,0,0,1.472978303e-05,,T,test-only
c3h8_nacl_umano1958,UMANO(1958),c3h8,solubility_molality,273.2,1.02520635,5.315,5.315,0,0,0,0,0.0003909459081,,T,test-only
c3h8_nacl_umano1958,UMANO(1958),c3h8,xc_saltfree,273.2,1.02520635,5.315,5.315,0,0,0,0,7.042950397e-06,,T,test-only
c3h8_nacl_umano1958,UMANO(1958),c3h8,solubility_molality,278.2,0.1061886,0,0,0,0,0,0,0.0002639426087,,U,test-only
c3h8_nacl_umano1958,UMANO(1958),c3h8,xc_saltfree,278.2,0.1061886,0,0,0,0,0,0,4.75497739e-06,,U,test-only
c3h8_nacl_umano1958,UMANO(1958),c3h8,solubility_molality,278.2,0.30620415,0,0,0,0,0,0,0.0008359015236,,T,test-only
c3h8_nacl_umano1958,UMANO(1958),c3h8,xc_saltfree,278.2,0.30620415,0,0,0,0,0,0,1.505877323e-05,,T,test-only
c3h8_nacl_umano1958,UMANO(1958),c3h8,solubility_molality,278.2,0.5074356,0,0,0,0,0,0,0.001424512969,,T,test-only
c3h8_nacl_umano1958,UMANO(1958),c3h8,xc_saltfree,278.2,0.5074356,0,0,0,0,0,0,2.566234143e-05,,T,test-only
c3h8_nacl_umano1958,UMANO(1958),c3h8,solubility_molality,278.2,0.706133925,0,0,0,0,0,0,0.001949622765,,T,test-only
c3h8_nacl_umano1958,UMANO(1958),c3h8,xc_saltfree,278.2,0.706133925,0,0,0,0,0,0,3.512176642e-05,,T,test-only
c3h8_nacl_umano1958,UMANO(1958),c3h8,solubility_molality,278.2,1.0140606,0,0,0,0,0,0,0.002919577159,,T,test-only
c3h8_nacl_umano1958,UMANO(1958),c3h8,xc_saltfree,278.2,1.0140606,0,0,0,0,0,0,5.25942337e-05,,T,test-only
c3h8_nacl_umano1958,UMANO(1958),c3h8,solubility_molality,278.2,0.101831625,0.522,0.522,0,0,0,0,0.0002385197455,,T,test-only
c3h8_nacl_umano1958,UMANO(1958),c3h8,xc_saltfree,278.2,0.101831625,0.522,0.522,0,0,0,0,4.296981536e-06,,T,test-only
c3h8_nacl_umano1958,UMANO(1958),c3h8,solubility_molality,278.2,0.29850345,0.522,0.522,0,0,0,0,0.0006656571533,,T,test-only
c3h8_nacl_umano1958,UMANO(1958),c3h8,xc_saltfree,278.2,0.29850345,0.522,0.522,0,0,0,0,1.199185619e-05,,T,test-only
c3h8_nacl_umano1958,UMANO(1958),c3h8,solubility_molality,278.2,0.5017614,0.522,0.522,0,0,0,0,0.001167730948,,T,test-only
c3h8_nacl_umano1958,UMANO(1958),c3h8,xc_saltfree,278.2,0.5017614,0.522,0.522,0,0,0,0,2.103655745e-05,,T,test-only
c3h8_nacl_umano1958,UMANO(1958),c3h8,solubility_molality,278.2,0.702080925,0.522,0.522,0,0,0,0,0.001648600521,,T,test-only
c3h8_nacl_umano1958,UMANO(1958),c3h8,xc_saltfree,278.2,0.702080925,0.522,0.522,0,0,0,0,2.969911794e-05,,T,test-only
c3h8_nacl_umano1958,UMANO(1958),c3h8,solubility_molality,278.2,1.00980495,0.522,0.522,0,0,0,0,0.002351170784,,T,test-only
c3h8_nacl_umano1958,UMANO(1958),c3h8,xc_saltfree,278.2,1.00980495,0.522,0.522,0,0,0,0,4.235520596e-05,,T,test-only
c3h8_nacl_umano1958,UMANO(1958),c3h8,solubility_molality,278.2,0.102642225,1.048,1.048,0,0,0,0,0.0001851761394,,T,test-only
c3h8_nacl_umano1958,UMANO(1958),c3h8,xc_saltfree,278.2,0.102642225,1.048,1.048,0,0,0,0,3.335988871e-06,,T,test-only
c3h8_nacl_umano1958,UMANO(1958),c3h8,solubility_molality,278.2,0.302657775,1.048,1.048,0,0,0,0,0.000593662713,,T,test-only
c3h8_nacl_umano1958,UMANO(1958),c3h8,xc_saltfree,278.2,0.302657775,1.048,1.048,0,0,0,0,1.069488562e-05,,T,test-only
c3h8_nacl_umano1958,UMANO(1958),c3h8,solubility_molality,278.2,0.502572,1.048,1.048,0,0,0,0,0.0009583531313,,T,test-only
c3h8_nacl_umano1958,UMANO(1958),c3h8,xc_saltfree,278.2,0.502572,1.048,1.048,0,0,0,0,1.726470192e-05,,T,test-only
c3h8_nacl_umano1958,UMANO(1958),c3h8,solubility_molality,278.2,0.703702125,1.048,1.048,0,0,0,0,0.001401810019,,T,test-only
c3h8_nacl_umano1958,UMANO(1958),c3h8,xc_saltfree,278.2,0.703702125,1.048,1.048,0,0,0,0,2.525336225e-05,,T,test-only
c3h8_nacl_umano1958,UMANO(1958),c3h8,solubility_molality,278.2,1.010311575,1.048,1.048,0,0,0,0,0.001900719833,,T,test-only
c3h8_nacl_umano1958,UMANO(1958),c3h8,xc_saltfree,278.2,1.010311575,1.048,1.048,0,0,0,0,3.424082753e-05,,T,test-only
c3h8_nacl_umano1958,UMANO(1958),c3h8,solubility_molality,278.2,0.11003895,2.213,2.213,0,0,0,0,0.0001447104902,,T,test-only
c3h8_nacl_umano1958,UMANO(1958),c3h8,xc_saltfree,278.2,0.11003895,2.213,2.213,0,0,0,0,2.606993204e-06,,T,test-only
c3h8_nacl_umano1958,UMANO(1958),c3h8,solubility_molality,278.2,0.309750525,2.213,2.213,0,0,0,0,0.0003715734643,,T,test-only
c3h8_nacl_umano1958,UMANO(1958),c3h8,xc_saltfree,278.2,0.309750525,2.213,2.213,0,0,0,0,6.693955191e-06,,T,test-only
c3h8_nacl_umano1958,UMANO(1958),c3h8,solubility_molality,278.2,0.50966475,2.213,2.213,0,0,0,0,0.0005775097584,,T,test-only
c3h8_nacl_umano1958,UMANO(1958),c3h8,xc_saltfree,278.2,0.50966475,2.213,2.213,0,0,0,0,1.040389176e-05,,T,test-only
c3h8_nacl_umano1958,UMANO(1958),c3h8,solubility_molality,278.2,0.7096803,2.213,2.213,0,0,0,0,0.0008664311629,,T,test-only
c3h8_nacl_umano1958,UMANO(1958),c3h8,xc_saltfree,278.2,0.7096803,2.213,2.213,0,0,0,0,1.560875636e-05,,T,test-only
c3h8_nacl_umano1958,UMANO(1958),c3h8,solubility_molality,278.2,1.021254675,2.213,2.213,0,0,0,0,0.001212581764,,T,test-only
c3h8_nacl_umano1958,UMANO(1958),c3h8,xc_saltfree,278.2,1.021254675,2.213,2.213,0,0,0,0,2.184452281e-05,,T,test-only
c3h8_nacl_umano1958,UMANO(1958),c3h8,solubility_molality,278.2,0.117435675,3.347,3.347,0,0,0,0,8.792536114e-05,,U,test-only
c3h8_nacl_umano1958,UMANO(1958),c3h8,xc_saltfree,278.2,0.117435675,3.347,3.347,0,0,0,0,1.583997491e-06,,U,test-only
c3h8_nacl_umano1958,UMANO(1958),c3h8,solubility_molality,278.2,0.31714725,3.347,3.347,0,0,0,0,0.0001934468962,,T,test-only
c3h8_nacl_umano1958,UMANO(1958),c3h8,xc_saltfree,278.2,0.31714725,3.347,3.347,0,0,0,0,3.484987855e-06,,T,test-only
c3h8_nacl_umano1958,UMANO(1958),c3h8,solubility_molality,278.2,0.513616425,3.347,3.347,0,0,0,0,0.0002824269176,,T,test-only
c3h8_nacl_umano1958,UMANO(1958),c3h8,xc_saltfree,278.2,0.513616425,3.347,3.347,0,0,0,0,5.087974112e-06,,T,test-only
c3h8_nacl_umano1958,UMANO(1958),c3h8,solubility_molality,278.2,0.713631975,3.347,3.347,0,0,0,0,0.0004941915974,,T,test-only
c3h8_nacl_umano1958,UMANO(1958),c3h8,xc_saltfree,278.2,0.713631975,3.347,3.347,0,0,0,0,8.902920737e-06,,T,test-only
c3h8_nacl_umano1958,UMANO(1958),c3h8,solubility_molality,278.2,1.020038775,3.347,3.347,0,0,0,0,0.0006783685849,,T,test-only
c3h8_nacl_umano1958,UMANO(1958),c3h8,xc_saltfree,278.2,1.020038775,3.347,3.347,0,0,0,0,1.222085065e-05,,T,test-only
c3h8_nacl_umano1958,UMANO(1958),c3h8,solubility_molality,278.2,1.017404325,5.315,5.315,0,0,0,0,0.0002815942911,,T,test-only
c3h8_nacl_umano1958,UMANO(1958),c3h8,xc_saltfree,278.2,1.017404325,5.315,5.315,0,0,0,0,5.072974265e-06,,T,test-only
c3h8_nacl_umano1958,UMANO(1958),c3h8,solubility_molality,283.2,0.11044425,0,0,0,0,0,0,0.0001708549631,,T,test-only
c3h8_nacl_umano1958,UMANO(1958),c3h8,xc_saltfree,283.2,0.11044425,0,0,0,0,0,0,3.077990526e-06,,T,test-only
c3h8_nacl_umano1958,UMANO(1958),c3h8,solubility_molality,283.2,0.3104598,0,0,0,0,0,0,0.0006649355436,,T,test-only
c3h8_nacl_umano1958,UMANO(1958),c3h8,xc_saltfree,283.2,0.3104598,0,0,0,0,0,0,1.197885651e-05,,T,test-only
c3h8_nacl_umano1958,UMANO(1958),c3h8,solubility_molality,283.2,0.51047535,0,0,0,0,0,0,0.00113753436,,T,test-only
c3h8_nacl_umano1958,UMANO(1958),c3h8,xc_saltfree,283.2,0.51047535,0,0,0,0,0,0,2.049258005e-05,,T,test-only
c3h8_nacl_umano1958,UMANO(1958),c3h8,solubility_molality,283.2,0.710389575,0,0,0,0,0,0,0.00169228566,,T,test-only
c3h8_nacl_umano1958,UMANO(1958),c3h8,xc_saltfree,283.2,0.710389575,0,0,0,0,0,0,3.048607057e-05,,T,test-only
c3h8_nacl_umano1958,UMANO(1958),c3h8,solubility_molality,283.2,1.016999025,0,0,0,0,0,0,0.002342677993,,T,test-only
c3h8_nacl_umano1958,UMANO(1958),c3h8,xc_saltfree,283.2,1.016999025,0,0,0,0,0,0,4.22022189e-05,,T,test-only
c3h8_nacl_umano1958,UMANO(1958),c3h8,solubility_molality,283.2,0.115611825,0.522,0.522,0,0,0,0,0.0001914485925,,T,test-only
c3h8_nacl_umano1958,UMANO(1958),c3h8,xc_saltfree,283.2,0.115611825,0.522,0.522,0,0,0,0,3.448988104e-06,,T,test-only
c3h8_nacl_umano1958,UMANO(1958),c3h8,solubility_molality,283.2,0.31471545,0.522,0.522,0,0,0,0,0.0005986029637,,T,test-only
c3h8_nacl_umano1958,UMANO(1958),c3h8,xc_saltfree,283.2,0.31471545,0.522,0.522,0,0,0,0,1.078388371e-05,,T,test-only
c3h8_nacl_umano1958,UMANO(1958),c3h8,solubility_molality,283.2,0.513819075,0.522,0.522,0,0,0,0,0.0009883831947,,T,test-only
c3h8_nacl_umano1958,UMANO(1958),c3h8,xc_saltfree,283.2,0.513819075,0.522,0.522,0,0,0,0,1.780568295e-05,,T,test-only
c3h8_nacl_umano1958,UMANO(1958),c3h8,solubility_molality,283.2,0.71069355,0.522,0.522,0,0,0,0,0.001385046472,,T,test-only
c3h8_nacl_umano1958,UMANO(1958),c3h8,xc_saltfree,283.2,0.71069355,0.522,0.522,0,0,0,0,2.495137741e-05,,T,test-only
c3h8_nacl_umano1958,UMANO(1958),c3h8,solubility_molality,283.2,1.016593725,0.522,0.522,0,0,0,0,0.002024670169,,T,test-only
c3h8_nacl_umano1958,UMANO(1958),c3h8,xc_saltfree,283.2,1.016593725,0.522,0.522,0,0,0,0,3.647366962e-05,,T,test-only
c3h8_nacl_umano1958,UMANO(1958),c3h8,solubility_molality,283.2,0.10395945,1.048,1.048,0,0,0,0,0.000163305816,,T,test-only
c3h8_nacl_umano1958,UMANO(1958),c3h8,xc_saltfree,283.2,0.10395945,1.048,1.048,0,0,0,0,2.941991345e-06,,T,test-only
c3h8_nacl_umano1958,UMANO(1958),c3h8,solubility_molality,283.2,0.303975,1.048,1.048,0,0,0,0,0.0004803144886,,T,test-only
c3h8_nacl_umano1958,UMANO(1958),c3h8,xc_saltfree,283.2,0.303975,1.048,1.048,0,0,0,0,8.652925126e-06,,T,test-only
c3h8_nacl_umano1958,UMANO(1958),c3h8,solubility_molality,283.2,0.51128595,1.048,1.048,0,0,0,0,0.0007621308134,,T,test-only
c3h8_nacl_umano1958,UMANO(1958),c3h8,xc_saltfree,283.2,0.51128595,1.048,1.048,0,0,0,0,1.372981149e-05,,T,test-only
c3h8_nacl_umano1958,UMANO(1958),c3h8,solubility_molality,283.2,0.71150415,1.048,1.048,0,0,0,0,0.001111889463,,T,test-only
c3h8_nacl_umano1958,UMANO(1958),c3h8,xc_saltfree,283.2,0.71150415,1.048,1.048,0,0,0,0,2.003059877e-05,,T,test-only
c3h8_nacl_umano1958,UMANO(1958),c3h8,solubility_molality,283.2,1.017606975,1.048,1.048,0,0,0,0,0.001593591662,,T,test-only
c3h8_nacl_umano1958,UMANO(1958),c3h8,xc_saltfree,283.2,1.017606975,1.048,1.048,0,0,0,0,2.870817582e-05,,T,test-only
c3h8_nacl_umano1958,UMANO(1958),c3h8,solubility_molality,283.2,0.118651575,2.213,2.213,0,0,0,0,0.0001202867788,,T,test-only
c3h8_nacl_umano1958,UMANO(1958),c3h8,xc_saltfree,283.2,0.118651575,2.213,2.213,0,0,0,0,2.166995304e-06,,T,test-only
c3h8_nacl_umano1958,UMANO(1958),c3h8,solubility_molality,283.2,0.318667125,2.213,2.213,0,0,0,0,0.0003560866109,,T,test-only
c3h8_nacl_umano1958,UMANO(1958),c3h8,xc_saltfree,283.2,0.318667125,2.213,2.213,0,0,0,0,6.414958848e-06,,T,test-only
c3h8_nacl_umano1958,UMANO(1958),c3h8,solubility_molality,283.2,0.518682675,2.213,2.213,0,0,0,0,0.0005254428463,,T,test-only
c3h8_nacl_umano1958,UMANO(1958),c3h8,xc_saltfree,283.2,0.518682675,2.213,2.213,0,0,0,0,9.465910396e-06,,T,test-only
c3h8_nacl_umano1958,UMANO(1958),c3h8,solubility_molality,283.2,0.714847875,2.213,2.213,0,0,0,0,0.0007368744754,,T,test-only
c3h8_nacl_umano1958,UMANO(1958),c3h8,xc_saltfree,283.2,0.714847875,2.213,2.213,0,0,0,0,1.327482378e-05,,T,test-only
c3h8_nacl_umano1958,UMANO(1958),c3h8,solubility_molality,283.2,1.020444075,2.213,2.213,0,0,0,0,0.001030125538,,T,test-only
c3h8_nacl_umano1958,UMANO(1958),c3h8,xc_saltfree,283.2,1.020444075,2.213,2.213,0,0,0,0,1.855765561e-05,,T,test-only
c3h8_nacl_umano1958,UMANO(1958),c3h8,solubility_molality,283.2,0.1045674,3.347,3.347,0,0,0,0,7.582452229e-05,,T,test-only
c3h8_nacl_umano1958,UMANO(1958),c3h8,xc_saltfree,283.2,0.1045674,3.347,3.347,0,0,0,0,1.365998134e-06,,T,test-only
c3h8_nacl_umano1958,UMANO(1958),c3h8,solubility_molality,283.2,0.30458295,3.347,3.347,0,0,0,0,0.0002012180771,,T,test-only
c3h8_nacl_umano1958,UMANO(1958),c3h8,xc_saltfree,283.2,0.30458295,3.347,3.347,0,0,0,0,3.624986859e-06,,T,test-only
c3h8_nacl_umano1958,UMANO(1958),c3h8,solubility_molality,283.2,0.5029773,3.347,3.347,0,0,0,0,0.0003059624941,,T,test-only
c3h8_nacl_umano1958,UMANO(1958),c3h8,xc_saltfree,283.2,0.5029773,3.347,3.347,0,0,0,0,5.511969618e-06,,T,test-only
c3h8_nacl_umano1958,UMANO(1958),c3h8,solubility_molality,283.2,0.710186925,3.347,3.347,0,0,0,0,0.0004497848493,,T,test-only
c3h8_nacl_umano1958,UMANO(1958),c3h8,xc_saltfree,283.2,0.710186925,3.347,3.347,0,0,0,0,8.102934342e-06,,T,test-only
c3h8_nacl_umano1958,UMANO(1958),c3h8,solubility_molality,283.2,1.024091775,3.347,3.347,0,0,0,0,0.0006339618368,,T,test-only
c3h8_nacl_umano1958,UMANO(1958),c3h8,xc_saltfree,283.2,1.024091775,3.347,3.347,0,0,0,0,1.142086956e-05,,T,test-only
c3h8_nacl_umano1958,UMANO(1958),c3h8,solubility_molality,283.2,1.0144659,5.315,5.315,0,0,0,0,0.0002525633795,,T,test-only
c3h8_nacl_umano1958,UMANO(1958),c3h8,xc_saltfree,283.2,1.0144659,5.315,5.315,0,0,0,0,4.549979298e-06,,T,test-only
c3h8_nacl_umano1958,UMANO(1958),c3h8,solubility_molality,288.2,0.107505825,0,0,0,0,0,0,0.0001490956566,,U,test-only
c3h8_nacl_umano1958,UMANO(1958),c3h8,xc_saltfree,288.2,0.107505825,0,0,0,0,0,0,2.685992785e-06,,U,test-only
c3h8_nacl_umano1958,UMANO(1958),c3h8,solubility_molality,288.2,0.307318725,0,0,0,0,0,0,0.0005038500651,,T,test-only
c3h8_nacl_umano1958,UMANO(1958),c3h8,xc_saltfree,288.2,0.307318725,0,0,0,0,0,0,9.076917609e-06,,T,test-only
c3h8_nacl_umano1958,UMANO(1958),c3h8,solubility_molality,288.2,0.507334275,0,0,0,0,0,0,0.0009264912896,,T,test-only
c3h8_nacl_umano1958,UMANO(1958),c3h8,xc_saltfree,288.2,0.507334275,0,0,0,0,0,0,1.669072142e-05,,T,test-only
c3h8_nacl_umano1958,UMANO(1958),c3h8,solubility_molality,288.2,0.70664055,0,0,0,0,0,0,0.001324042702,,T,test-only
c3h8_nacl_umano1958,UMANO(1958),c3h8,xc_saltfree,288.2,0.70664055,0,0,0,0,0,0,2.385243105e-05,,T,test-only
c3h8_nacl_umano1958,UMANO(1958),c3h8,solubility_molality,288.2,1.01325,0,0,0,0,0,0,0.001937355401,,T,test-only
c3h8_nacl_umano1958,UMANO(1958),c3h8,xc_saltfree,288.2,1.01325,0,0,0,0,0,0,3.490078189e-05,,T,test-only
c3h8_nacl_umano1958,UMANO(1958),c3h8,solubility_molality,288.2,0.1183476,0.522,0.522,0,0,0,0,0.0001899498648,,U,test-only
c3h8_nacl_umano1958,UMANO(1958),c3h8,xc_saltfree,288.2,0.1183476,0.522,0.522,0,0,0,0,3.42198829e-06,,U,test-only
c3h8_nacl_umano1958,UMANO(1958),c3h8,solubility_molality,288.2,0.318059175,0.522,0.522,0,0,0,0,0.0005096784507,,T,test-only
c3h8_nacl_umano1958,UMANO(1958),c3h8,xc_saltfree,288.2,0.318059175,0.522,0.522,0,0,0,0,9.181915692e-06,,T,test-only
c3h8_nacl_umano1958,UMANO(1958),c3h8,solubility_molality,288.2,0.5179734,0.522,0.522,0,0,0,0,0.0008281858511,,T,test-only
c3h8_nacl_umano1958,UMANO(1958),c3h8,xc_saltfree,288.2,0.5179734,0.522,0.522,0,0,0,0,1.49197774e-05,,T,test-only
c3h8_nacl_umano1958,UMANO(1958),c3h8,solubility_molality,288.2,0.71798895,0.522,0.522,0,0,0,0,0.001216522863,,T,test-only
c3h8_nacl_umano1958,UMANO(1958),c3h8,xc_saltfree,288.2,0.71798895,0.522,0.522,0,0,0,0,2.19155197e-05,,T,test-only
c3h8_nacl_umano1958,UMANO(1958),c3h8,solubility_molality,288.2,1.0245984,0.522,0.522,0,0,0,0,0.001715099627,,T,test-only
c3h8_nacl_umano1958,UMANO(1958),c3h8,xc_saltfree,288.2,1.0245984,0.522,0.522,0,0,0,0,3.089704534e-05,,T,test-only
c3h8_nacl_umano1958,UMANO(1958),c3h8,solubility_molality,288.2,0.10314885,1.048,1.048,0,0,0,0,0.0001294456706,,T,test-only
c3h8_nacl_umano1958,UMANO(1958),c3h8,xc_saltfree,288.2,0.10314885,1.048,1.048,0,0,0,0,2.331994562e-06,,T,test-only
c3h8_nacl_umano1958,UMANO(1958),c3h8,solubility_molality,288.2,0.303063075,1.048,1.048,0,0,0,0,0.0004041569157,,T,test-only
c3h8_nacl_umano1958,UMANO(1958),c3h8,xc_saltfree,288.2,0.303063075,1.048,1.048,0,0,0,0,7.280946987e-06,,T,test-only
c3h8_nacl_umano1958,UMANO(1958),c3h8,solubility_molality,288.2,0.503078625,1.048,1.048,0,0,0,0,0.000683364344,,T,test-only
c3h8_nacl_umano1958,UMANO(1958),c3h8,xc_saltfree,288.2,0.503078625,1.048,1.048,0,0,0,0,1.231084844e-05,,T,test-only
c3h8_nacl_umano1958,UMANO(1958),c3h8,solubility_molality,288.2,0.703094175,1.048,1.048,0,0,0,0,0.0009057866433,,T,test-only
c3h8_nacl_umano1958,UMANO(1958),c3h8,xc_saltfree,288.2,0.703094175,1.048,1.048,0,0,0,0,1.631773373e-05,,T,test-only
c3h8_nacl_umano1958,UMANO(1958),c3h8,solubility_molality,288.2,1.009703625,1.048,1.048,0,0,0,0,0.001361399878,,T,test-only
c3h8_nacl_umano1958,UMANO(1958),c3h8,xc_saltfree,288.2,1.009703625,1.048,1.048,0,0,0,0,2.452539849e-05,,T,test-only
c3h8_nacl_umano1958,UMANO(1958),c3h8,solubility_molality,288.2,0.11814495,2.213,2.213,0,0,0,0,8.298511042e-05,,T,test-only
c3h8_nacl_umano1958,UMANO(1958),c3h8,xc_saltfree,288.2,0.11814495,2.213,2.213,0,0,0,0,1.494997765e-06,,T,test-only
c3h8_nacl_umano1958,UMANO(1958),c3h8,solubility_molality,288.2,0.31755255,2.213,2.213,0,0,0,0,0.0002798180211,,T,test-only
c3h8_nacl_umano1958,UMANO(1958),c3h8,xc_saltfree,288.2,0.31755255,2.213,2.213,0,0,0,0,5.040974588e-06,,T,test-only
c3h8_nacl_umano1958,UMANO(1958),c3h8,solubility_molality,288.2,0.5159469,2.213,2.213,0,0,0,0,0.0004298018127,,T,test-only
c3h8_nacl_umano1958,UMANO(1958),c3h8,xc_saltfree,288.2,0.5159469,2.213,2.213,0,0,0,0,7.742940046e-06,,T,test-only
c3h8_nacl_umano1958,UMANO(1958),c3h8,solubility_molality,288.2,0.713429325,2.213,2.213,0,0,0,0,0.0006368482755,,T,test-only
c3h8_nacl_umano1958,UMANO(1958),c3h8,xc_saltfree,288.2,0.713429325,2.213,2.213,0,0,0,0,1.147286837e-05,,T,test-only
c3h8_nacl_umano1958,UMANO(1958),c3h8,solubility_molality,288.2,1.020038775,2.213,2.213,0,0,0,0,0.0008310722897,,T,test-only
c3h8_nacl_umano1958,UMANO(1958),c3h8,xc_saltfree,288.2,1.020038775,2.213,2.213,0,0,0,0,1.497177584e-05,,T,test-only
c3h8_nacl_umano1958,UMANO(1958),c3h8,solubility_molality,288.2,0.1074045,3.347,3.347,0,0,0,0,6.444529311e-05,,T,test-only
c3h8_nacl_umano1958,UMANO(1958),c3h8,xc_saltfree,288.2,0.1074045,3.347,3.347,0,0,0,0,1.160998652e-06,,T,test-only
c3h8_nacl_umano1958,UMANO(1958),c3h8,solubility_molality,288.2,0.307318725,3.347,3.347,0,0,0,0,0.0001729642837,,T,test-only
c3h8_nacl_umano1958,UMANO(1958),c3h8,xc_saltfree,288.2,0.307318725,3.347,3.347,0,0,0,0,3.115990291e-06,,T,test-only
c3h8_nacl_umano1958,UMANO(1958),c3h8,solubility_molality,288.2,0.506523675,3.347,3.347,0,0,0,0,0.0002629434569,,T,test-only
c3h8_nacl_umano1958,UMANO(1958),c3h8,xc_saltfree,288.2,0.506523675,3.347,3.347,0,0,0,0,4.736977561e-06,,T,test-only
c3h8_nacl_umano1958,UMANO(1958),c3h8,solubility_molality,288.2,0.707349825,3.347,3.347,0,0,0,0,0.0003887255707,,T,test-only
c3h8_nacl_umano1958,UMANO(1958),c3h8,xc_saltfree,288.2,0.707349825,3.347,3.347,0,0,0,0,7.002950958e-06,,T,test-only
c3h8_nacl_umano1958,UMANO(1958),c3h8,solubility_molality,288.2,1.013959275,3.347,3.347,0,0,0,0,0.0005415402925,,T,test-only
c3h8_nacl_umano1958,UMANO(1958),c3h8,xc_saltfree,288.2,1.013959275,3.347,3.347,0,0,0,0,9.755904821e-06,,T,test-only
c3h8_nacl_umano1958,UMANO(1958),c3h8,solubility_molality,288.2,1.018620225,5.315,5.315,0,0,0,0,0.000228250685,,T,test-only
c3h8_nacl_umano1958,UMANO(1958),c3h8,xc_saltfree,288.2,1.018620225,5.315,5.315,0,0,0,0,4.111983092e-06,,T,test-only
c3h8_nacl_umano1958,UMANO(1958),c3h8,solubility_molality,293.2,0.105276675,0,0,0,0,0,0,7.26605415e-05,,U,test-only
c3h8_nacl_umano1958,UMANO(1958),c3h8,xc_saltfree,293.2,0.105276675,0,0,0,0,0,0,1.308998287e-06,,U,test-only
c3h8_nacl_umano1958,UMANO(1958),c3h8,solubility_molality,293.2,0.305292225,0,0,0,0,0,0,0.0004450666323,,T,test-only
c3h8_nacl_umano1958,UMANO(1958),c3h8,xc_saltfree,293.2,0.305292225,0,0,0,0,0,0,8.017935712e-06,,T,test-only
c3h8_nacl_umano1958,UMANO(1958),c3h8,solubility_molality,293.2,0.504699825,0,0,0,0,0,0,0.0007720113148,,T,test-only
c3h8_nacl_umano1958,UMANO(1958),c3h8,xc_saltfree,293.2,0.504699825,0,0,0,0,0,0,1.390780657e-05,,T,test-only
c3h8_nacl_umano1958,UMANO(1958),c3h8,solubility_molality,293.2,0.704715375,0,0,0,0,0,0,0.00110700472,,T,test-only
c3h8_nacl_umano1958,UMANO(1958),c3h8,xc_saltfree,293.2,0.704715375,0,0,0,0,0,0,1.994260228e-05,,T,test-only
c3h8_nacl_umano1958,UMANO(1958),c3h8,solubility_molality,293.2,1.011324825,0,0,0,0,0,0,0.00170682887,,T,test-only
c3h8_nacl_umano1958,UMANO(1958),c3h8,xc_saltfree,293.2,1.011324825,0,0,0,0,0,0,3.074805453e-05,,T,test-only
c3h8_nacl_umano1958,UMANO(1958),c3h8,solubility_molality,293.2,0.105884625,0.522,0.522,0,0,0,0,0.0001498727747,,T,test-only
c3h8_nacl_umano1958,UMANO(1958),c3h8,xc_saltfree,293.2,0.105884625,0.522,0.522,0,0,0,0,2.69999271e-06,,T,test-only
c3h8_nacl_umano1958,UMANO(1958),c3h8,solubility_molality,293.2,0.3051909,0.522,0.522,0,0,0,0,0.0004133158075,,T,test-only
c3h8_nacl_umano1958,UMANO(1958),c3h8,xc_saltfree,293.2,0.3051909,0.522,0.522,0,0,0,0,7.445944557e-06,,T,test-only
c3h8_nacl_umano1958,UMANO(1958),c3h8,solubility_molality,293.2,0.505105125,0.522,0.522,0,0,0,0,0.0006895812888,,T,test-only
c3h8_nacl_umano1958,UMANO(1958),c3h8,xc_saltfree,293.2,0.505105125,0.522,0.522,0,0,0,0,1.242284567e-05,,T,test-only
c3h8_nacl_umano1958,UMANO(1958),c3h8,solubility_molality,293.2,0.70501935,0.522,0.522,0,0,0,0,0.001007422588,,T,test-only
c3h8_nacl_umano1958,UMANO(1958),c3h8,xc_saltfree,293.2,0.70501935,0.522,0.522,0,0,0,0,1.814867062e-05,,T,test-only
c3h8_nacl_umano1958,UMANO(1958),c3h8,solubility_molality,293.2,1.012540725,0.522,0.522,0,0,0,0,0.001370336736,,T,test-only
c3h8_nacl_umano1958,UMANO(1958),c3h8,xc_saltfree,293.2,1.012540725,0.522,0.522,0,0,0,0,2.468639057e-05,,T,test-only
c3h8_nacl_umano1958,UMANO(1958),c3h8,solubility_molality,293.2,0.09747465,1.048,1.048,0,0,0,0,9.203298533e-05,,T,test-only
c3h8_nacl_umano1958,UMANO(1958),c3h8,xc_saltfree,293.2,0.09747465,1.048,1.048,0,0,0,0,1.657997251e-06,,T,test-only
c3h8_nacl_umano1958,UMANO(1958),c3h8,solubility_molality,293.2,0.295767675,1.048,1.048,0,0,0,0,0.0003382128948,,T,test-only
c3h8_nacl_umano1958,UMANO(1958),c3h8,xc_saltfree,293.2,0.295767675,1.048,1.048,0,0,0,0,6.092962876e-06,,T,test-only
c3h8_nacl_umano1958,UMANO(1958),c3h8,solubility_molality,293.2,0.494769975,1.048,1.048,0,0,0,0,0.0005400415647,,T,test-only
c3h8_nacl_umano1958,UMANO(1958),c3h8,xc_saltfree,293.2,0.494769975,1.048,1.048,0,0,0,0,9.728905347e-06,,T,test-only
c3h8_nacl_umano1958,UMANO(1958),c3h8,solubility_molality,293.2,0.6926577,1.048,1.048,0,0,0,0,0.0007891079128,,T,test-only
c3h8_nacl_umano1958,UMANO(1958),c3h8,xc_saltfree,293.2,0.6926577,1.048,1.048,0,0,0,0,1.421579791e-05,,T,test-only
c3h8_nacl_umano1958,UMANO(1958),c3h8,solubility_molality,293.2,0.99845655,1.048,1.048,0,0,0,0,0.001093571679,,T,test-only
c3h8_nacl_umano1958,UMANO(1958),c3h8,xc_saltfree,293.2,0.99845655,1.048,1.048,0,0,0,0,1.970061188e-05,,T,test-only
c3h8_nacl_umano1958,UMANO(1958),c3h8,solubility_molality,293.2,0.106289925,2.213,2.213,0,0,0,0,6.450080154e-05,,T,test-only
c3h8_nacl_umano1958,UMANO(1958),c3h8,xc_saltfree,293.2,0.106289925,2.213,2.213,0,0,0,0,1.16199865e-06,,T,test-only
c3h8_nacl_umano1958,UMANO(1958),c3h8,solubility_molality,293.2,0.306305475,2.213,2.213,0,0,0,0,0.0002433489793,,T,test-only
c3h8_nacl_umano1958,UMANO(1958),c3h8,xc_saltfree,293.2,0.306305475,2.213,2.213,0,0,0,0,4.383980781e-06,,T,test-only
c3h8_nacl_umano1958,UMANO(1958),c3h8,solubility_molality,293.2,0.506321025,2.213,2.213,0,0,0,0,0.0003846179465,,T,test-only
c3h8_nacl_umano1958,UMANO(1958),c3h8,xc_saltfree,293.2,0.506321025,2.213,2.213,0,0,0,0,6.928951989e-06,,T,test-only
c3h8_nacl_umano1958,UMANO(1958),c3h8,solubility_molality,293.2,0.70623525,2.213,2.213,0,0,0,0,0.0005656864617,,T,test-only
c3h8_nacl_umano1958,UMANO(1958),c3h8,xc_saltfree,293.2,0.70623525,2.213,2.213,0,0,0,0,1.019089614e-05,,T,test-only
c3h8_nacl_umano1958,UMANO(1958),c3h8,solubility_molality,293.2,1.013351325,2.213,2.213,0,0,0,0,0.0008254659378,,T,test-only
c3h8_nacl_umano1958,UMANO(1958),c3h8,xc_saltfree,293.2,1.013351325,2.213,2.213,0,0,0,0,1.487077886e-05,,T,test-only
c3h8_nacl_umano1958,UMANO(1958),c3h8,solubility_molality,293.2,0.11368665,3.347,3.347,0,0,0,0,4.790377946e-05,,T,test-only
c3h8_nacl_umano1958,UMANO(1958),c3h8,xc_saltfree,293.2,0.11368665,3.347,3.347,0,0,0,0,8.629992552e-07,,T,test-only
c3h8_nacl_umano1958,UMANO(1958),c3h8,solubility_molality,293.2,0.3137022,3.347,3.347,0,0,0,0,0.0001788481778,,T,test-only
c3h8_nacl_umano1958,UMANO(1958),c3h8,xc_saltfree,293.2,0.3137022,3.347,3.347,0,0,0,0,3.221989619e-06,,T,test-only
c3h8_nacl_umano1958,UMANO(1958),c3h8,solubility_molality,293.2,0.513616425,3.347,3.347,0,0,0,0,0.0002522858374,,T,test-only
c3h8_nacl_umano1958,UMANO(1958),c3h8,xc_saltfree,293.2,0.513616425,3.347,3.347,0,0,0,0,4.544979343e-06,,T,test-only
c3h8_nacl_umano1958,UMANO(1958),c3h8,solubility_molality,293.2,0.71393595,3.347,3.347,0,0,0,0,0.0003628031316,,T,test-only
c3h8_nacl_umano1958,UMANO(1958),c3h8,xc_saltfree,293.2,0.71393595,3.347,3.347,0,0,0,0,6.535957281e-06,,T,test-only
c3h8_nacl_umano1958,UMANO(1958),c3h8,solubility_molality,293.2,1.0205454,3.347,3.347,0,0,0,0,0.0004982992215,,T,test-only
c3h8_nacl_umano1958,UMANO(1958),c3h8,xc_saltfree,293.2,1.0205454,3.347,3.347,0,0,0,0,8.976919414e-06,,T,test-only
c3h8_nacl_umano1958,UMANO(1958),c3h8,solubility_molality,293.2,1.00372545,5.315,5.315,0,0,0,0,0.0002092668002,,T,test-only
c3h8_nacl_umano1958,UMANO(1958),c3h8,xc_saltfree,293.2,1.00372545,5.315,5.315,0,0,0,0,3.769985787e-06,,T,test-only
c3h8_nacl_umano1958,UMANO(1958),c3h8,solubility_molality,298.2,0.1130787,0.522,0.522,0,0,0,0,0.0001339418538,,T,test-only
c3h8_nacl_umano1958,UMANO(1958),c3h8,xc_saltfree,298.2,0.1130787,0.522,0.522,0,0,0,0,2.412994177e-06,,T,test-only
c3h8_nacl_umano1958,UMANO(1958),c3h8,solubility_molality,298.2,0.31309425,0.522,0.522,0,0,0,0,0.0003847289634,,T,test-only
c3h8_nacl_umano1958,UMANO(1958),c3h8,xc_saltfree,298.2,0.31309425,0.522,0.522,0,0,0,0,6.930951962e-06,,T,test-only
c3h8_nacl_umano1958,UMANO(1958),c3h8,solubility_molality,298.2,0.51412305,0.522,0.522,0,0,0,0,0.0006462847094,,T,test-only
c3h8_nacl_umano1958,UMANO(1958),c3h8,xc_saltfree,298.2,0.51412305,0.522,0.522,0,0,0,0,1.164286444e-05,,T,test-only
c3h8_nacl_umano1958,UMANO(1958),c3h8,solubility_molality,298.2,0.714239925,0.522,0.522,0,0,0,0,0.0009131692652,,T,test-only
c3h8_nacl_umano1958,UMANO(1958),c3h8,xc_saltfree,298.2,0.714239925,0.522,0.522,0,0,0,0,1.645072937e-05,,T,test-only
c3h8_nacl_umano1958,UMANO(1958),c3h8,solubility_molality,298.2,1.0193295,0.522,0.522,0,0,0,0,0.001338696928,,T,test-only
c3h8_nacl_umano1958,UMANO(1958),c3h8,xc_saltfree,298.2,1.0193295,0.522,0.522,0,0,0,0,2.411641838e-05,,T,test-only
h2_nacl_brines,CHABAB(2024),h2,solubility_molality,298,100.7,1,1,0,0,0,0,0.05951,,T,test-only
h2_nacl_brines,CHABAB(2024),h2,solubility_molality,298,150,1,1,0,0,0,0,0.08918,,T,test-only
h2_nacl_brines,CHABAB(2024),h2,solubility_molality,298,200,1,1,0,0,0,0,0.11891,,T,test-only
h2_nacl_brines,CHABAB(2024),h2,solubility_molality,298,100,2,2,0,0,0,0,0.04929,,T,test-only
h2_nacl_brines,CHABAB(2024),h2,solubility_molality,298,150,2,2,0,0,0,0,0.07356,,T,test-only
h2_nacl_brines,CHABAB(2024),h2,solubility_molality,298,200,2,2,0,0,0,0,0.09564,,T,test-only
h2_nacl_brines,CHABAB(2024),h2,solubility_molality,298,100,4,4,0,0,0,0,0.03303,,T,test-only
h2_nacl_brines,CHABAB(2024),h2,solubility_molality,298,150,4,4,0,0,0,0,0.05205,,T,test-only
h2_nacl_brines,CHABAB(2024),h2,solubility_molality,298,200,4,4,0,0,0,0,0.06777,,T,test-only
h2_nacl_brines,TORIN(2022),h2,solubility_molality,323,120.1,2.5,2.5,0,0,0,0,0.0611,,T,test-only
h2_nacl_brines,TORIN(2022),h2,solubility_molality,323,262.3,2.5,2.5,0,0,0,0,0.1231,,T,test-only
h2_nacl_brines,TORIN(2022),h2,solubility_molality,323,394.7,2.5,2.5,0,0,0,0,0.19,,T,test-only
h2_nacl_brines,CHABAB(2024),h2,solubility_molality,323,101,1,1,0,0,0,0,0.05696,,T,test-only
h2_nacl_brines,CHABAB(2024),h2,solubility_molality,323,150.1,1,1,0,0,0,0,0.08423,,T,test-only
h2_nacl_brines,CHABAB(2024),h2,solubility_molality,323,175,1,1,0,0,0,0,0.09836,,T,test-only
h2_nacl_brines,CHABAB(2024),h2,solubility_molality,323,200,1,1,0,0,0,0,0.11384,,T,test-only
h2_nacl_brines,CHABAB(2024),h2,solubility_molality,323,100,2,2,0,0,0,0,0.04907,,T,test-only
h2_nacl_brines,CHABAB(2024),h2,solubility_molality,323,150,2,2,0,0,0,0,0.07236,,T,test-only
h2_nacl_brines,CHABAB(2024),h2,solubility_molality,323,200,2,2,0,0,0,0,0.09594,,T,test-only
h2_nacl_brines,CHABAB(2024),h2,solubility_molality,323,100,4,4,0,0,0,0,0.03432,,T,test-only
h2_nacl_brines,CHABAB(2024),h2,solubility_molality,323,150,4,4,0,0,0,0,0.05325,,T,test-only
h2_nacl_brines,CHABAB(2024),h2,solubility_molality,323,200,4,4,0,0,0,0,0.07189,,T,test-only
h2_nacl_brines,TORIN(2022),h2,solubility_molality,373,116.4,2.5,2.5,0,0,0,0,0.0638,,T,test-only
h2_nacl_brines,TORIN(2022),h2,solubility_molality,373,191.8,2.5,2.5,0,0,0,0,0.1029,,T,test-only
h2_nacl_brines,TORIN(2022),h2,solubility_molality,373,229.4,2.5,2.5,0,0,0,0,0.1306,,T,test-only
h2_nacl_brines,TORIN(2022),h2,solubility_molality,373,277.6,2.5,2.5,0,0,0,0,0.1599,,T,test-only
h2_nacl_brines,TORIN(2022),h2,solubility_molality,373,458.1,2.5,2.5,0,0,0,0,0.2365,,T,test-only
h2_nacl_brines,CHABAB(2024),h2,solubility_molality,373,100.1,1,1,0,0,0,0,0.06656,,T,test-only
h2_nacl_brines,CHABAB(2024),h2,solubility_molality,373,126,1,1,0,0,0,0,0.08262,,T,test-only
h2_nacl_brines,CHABAB(2024),h2,solubility_molality,373,150.5,1,1,0,0,0,0,0.09879,,T,test-only
h2_nacl_brines,CHABAB(2024),h2,solubility_molality,373,175.5,1,1,0,0,0,0,0.11357,,T,test-only
h2_nacl_brines,CHABAB(2024),h2,solubility_molality,373,200.5,1,1,0,0,0,0,0.11357,,T,test-only
h2_nacl_brines,CHABAB(2024),h2,solubility_molality,373,100,2,2,0,0,0,0,0.05527,,T,test-only
h2_nacl_brines,CHABAB(2024),h2,solubility_molality,373,150,2,2,0,0,0,0,0.0845,,T,test-only
h2_nacl_brines,CHABAB(2024),h2,solubility_molality,373,200,2,2,0,0,0,0,0.11414,,T,test-only
h2_nacl_brines,CHABAB(2024),h2,solubility_molality,373,100,4,4,0,0,0,0,0.04336,,T,test-only
h2_nacl_brines,CHABAB(2024),h2,solubility_molality,373,150,4,4,0,0,0,0,0.06369,,T,test-only
h2_nacl_brines,CHABAB(2024),h2,solubility_molality,373,200,4,4,0,0,0,0,0.08762,,T,test-only
h2_nacl_brines,TORIN(2022),h2,solubility_molality,423,149.4,2.5,2.5,0,0,0,0,0.0959,,T,test-only
h2_nacl_brines,TORIN(2022),h2,solubility_molality,423,387.3,2.5,2.5,0,0,0,0,0.2541,,T,test-only
h2_water_binaries,WIEBE(1934),h2,solubility_molality,273,25.3,0,0,0,0,0,0,0.02360111538,,T,test-only
h2_water_binaries,WIEBE(1934),h2,xc_saltfree,273,25.3,0,0,0,0,0,0,0.000425,,T,test-only
h2_water_binaries,WIEBE(1934),h2,solubility_molality,273,50.7,0,0,0,0,0,0,0.04727791174,,T,test-only
h2_water_binaries,WIEBE(1934),h2,xc_saltfree,273,50.7,0,0,0,0,0,0,0.000851,,T,test-only
h2_water_binaries,WIEBE(1934),h2,solubility_molality,273,101.3,0,0,0,0,0,0,0.09385666844,,T,test-only
h2_water_binaries,WIEBE(1934),h2,xc_saltfree,273,101.3,0,0,0,0,0,0,0.001688,,T,test-only
h2_water_binaries,WIEBE(1934),h2,solubility_molality,273,202.7,0,0,0,0,0,0,0.1840078313,,T,test-only
h2_water_binaries,WIEBE(1934),h2,xc_saltfree,273,202.7,0,0,0,0,0,0,0.003304,,T,test-only
h2_water_binaries,WIEBE(1934),h2,solubility_molality,273,405.3,0,0,0,0,0,0,0.3523137427,,T,test-only
h2_water_binaries,WIEBE(1934),h2,xc_saltfree,273,405.3,0,0,0,0,0,0,0.006307,,T,test-only
h2_water_binaries,WIEBE(1934),h2,solubility_molality,273,608,0,0,0,0,0,0,0.511405121,,T,test-only
h2_water_binaries,WIEBE(1934),h2,xc_saltfree,273,608,0,0,0,0,0,0,0.009129,,T,test-only
h2_water_binaries,WIEBE(1934),h2,solubility_molality,273,810.6,0,0,0,0,0,0,0.6596378483,,T,test-only
h2_water_binaries,WIEBE(1934),h2,xc_saltfree,273,810.6,0,0,0,0,0,0,0.011744,,T,test-only
h2_water_binaries,WIEBE(1934),h2,solubility_molality,273,1013.3,0,0,0,0,0,0,0.7907787573,,T,test-only
h2_water_binaries,WIEBE(1934),h2,xc_saltfree,273,1013.3,0,0,0,0,0,0,0.014046,,T,test-only
h2_water_binaries,CHABAB(2024),h2,solubility_molality,298,100,0,0,0,0,0,0,0.0755942799,,R,test-only
h2_water_binaries,CHABAB(2024),h2,xc_saltfree,298,100,0,0,0,0,0,0,0.00136,,R,test-only
h2_water_binaries,CHABAB(2024),h2,solubility_molality,298,150,0,0,0,0,0,0,0.1110721559,,T,test-only
h2_water_binaries,CHABAB(2024),h2,xc_saltfree,298,150,0,0,0,0,0,0,0.001997,,T,test-only
h2_water_binaries,CHABAB(2024),h2,solubility_molality,298,200,0,0,0,0,0,0,0.1471533758,,R,test-only
h2_water_binaries,CHABAB(2024),h2,xc_saltfree,298,200,0,0,0,0,0,0,0.002644,,R,test-only
h2_water_binaries,WIEBE(1934),h2,solubility_molality,298,25.3,0,0,0,0,0,0,0.01915701927,,T,test-only
h2_water_binaries,WIEBE(1934),h2,xc_saltfree,298,25.3,0,0,0,0,0,0,0.000345,,T,test-only
h2_water_binaries,WIEBE(1934),h2,solubility_molality,298,50.7,0,0,0,0,0,0,0.03804934182,,T,test-only
h2_water_binaries,WIEBE(1934),h2,xc_saltfree,298,50.7,0,0,0,0,0,0,0.000685,,T,test-only
h2_water_binaries,WIEBE(1934),h2,solubility_molality,298,101.3,0,0,0,0,0,0,0.07592824027,,R,test-only
h2_water_binaries,WIEBE(1934),h2,xc_saltfree,298,101.3,0,0,0,0,0,0,0.001366,,R,test-only
h2_water_binaries,WIEBE(1934),h2,solubility_molality,298,202.7,0,0,0,0,0,0,0.1489949401,,R,test-only
h2_water_binaries,WIEBE(1934),h2,xc_saltfree,298,202.7,0,0,0,0,0,0,0.002677,,R,test-only
h2_water_binaries,WIEBE(1934),h2,solubility_molality,298,405.3,0,0,0,0,0,0,0.2886382603,,T,test-only
h2_water_binaries,WIEBE(1934),h2,xc_saltfree,298,405.3,0,0,0,0,0,0,0.005173,,T,test-only
h2_water_binaries,WIEBE(1934),h2,solubility_molality,298,608,0,0,0,0,0,0,0.4214878994,,T,test-only
h2_water_binaries,WIEBE(1934),h2,xc_saltfree,298,608,0,0,0,0,0,0,0.007536,,T,test-only
h2_water_binaries,WIEBE(1934),h2,solubility_molality,298,810.6,0,0,0,0,0,0,0.5477813467,,T,test-only
h2_water_binaries,WIEBE(1934),h2,xc_saltfree,298,810.6,0,0,0,0,0,0,0.009772,,T,test-only
h2_water_binaries,WIEBE(1934),h2,solubility_molality,298,1013.3,0,0,0,0,0,0,0.6669705913,,T,test-only
h2_water_binaries,WIEBE(1934),h2,xc_saltfree,298,1013.3,0,0,0,0,0,0,0.011873,,T,test-only
h2_water_binaries,GILLESPIE(1980),h2,solubility_molality,311,3.4,0,0,0,0,0,0,0.002497991987,,T,test-only
h2_water_binaries,GILLESPIE(1980),h2,xc_saltfree,311,3.4,0,0,0,0,0,0,4.5e-05,,T,test-only
h2_water_binaries,GILLESPIE(1980),h2,solubility_molality,311,13.8,0,0,0,0,0,0,0.01004884559,,T,test-only
h2_water_binaries,GILLESPIE(1980),h2,xc_saltfree,311,13.8,0,0,0,0,0,0,0.000181,,T,test-only
h2_water_binaries,GILLESPIE(1980),h2,solubility_molality,311,31,0,0,0,0,0,0,0.02276779317,,T,test-only
h2_water_binaries,GILLESPIE(1980),h2,xc_saltfree,311,31,0,0,0,0,0,0,0.00041,,T,test-only
h2_water_binaries,GILLESPIE(1980),h2,solubility_molality,311,65.5,0,0,0,0,0,0,0.04788955182,,T,test-only
h2_water_binaries,GILLESPIE(1980),h2,xc_saltfree,311,65.5,0,0,0,0,0,0,0.000862,,T,test-only
h2_water_binaries,GILLESPIE(1980),h2,solubility_molality,311,103.4,0,0,0,0,0,0,0.07392453827,,T,test-only
h2_water_binaries,GILLESPIE(1980),h2,xc_saltfree,311,103.4,0,0,0,0,0,0,0.00133,,T,test-only
h2_water_binaries,GILLESPIE(1980),h2,solubility_molality,311,137.9,0,0,0,0,0,0,0.09775568333,,T,test-only
h2_water_binaries,GILLESPIE(1980),h2,xc_saltfree,311,137.9,0,0,0,0,0,0,0.001758,,T,test-only
h2_water_binaries,CHABAB(2024),h2,solubility_molality,323,101.3,0,0,0,0,0,0,0.06886026891,,R,test-only
h2_water_binaries,CHABAB(2024),h2,xc_saltfree,323,101.3,0,0,0,0,0,0,0.001239,,R,test-only
h2_water_binaries,CHABAB(2024),h2,solubility_molality,323,130,0,0,0,0,0,0,0.08856602273,,T,test-only
h2_water_binaries,CHABAB(2024),h2,xc_saltfree,323,130,0,0,0,0,0,0,0.001593,,T,test-only
h2_water_binaries,CHABAB(2024),h2,solubility_molality,323,165,0,0,0,0,0,0,0.1118523981,,T,test-only
h2_water_binaries,CHABAB(2024),h2,xc_saltfree,323,165,0,0,0,0,0,0,0.002011,,T,test-only
h2_water_binaries,CHABAB(2024),h2,solubility_molality,323,200.1,0,0,0,0,0,0,0.1366085821,,R,test-only
h2_water_binaries,CHABAB(2024),h2,xc_saltfree,323,200.1,0,0,0,0,0,0,0.002455,,R,test-only
h2_water_binaries,KLING(1991),h2,solubility_molality,323,31.8,0,0,0,0,0,0,0.02232336489,,T,test-only
h2_water_binaries,KLING(1991),h2,xc_saltfree,323,31.8,0,0,0,0,0,0,0.000402,,T,test-only
h2_water_binaries,KLING(1991),h2,solubility_molality,323,60.3,0,0,0,0,0,0,0.04238527592,,T,test-only
h2_water_binaries,KLING(1991),h2,xc_saltfree,323,60.3,0,0,0,0,0,0,0.000763,,T,test-only
h2_water_binaries,KLING(1991),h2,solubility_molality,323,119.3,0,0,0,0,0,0,0.08411152298,,R,test-only
h2_water_binaries,KLING(1991),h2,xc_saltfree,323,119.3,0,0,0,0,0,0,0.001513,,R,test-only
h2_water_binaries,WIEBE(1934),h2,solubility_molality,323,25.3,0,0,0,0,0,0,0.01787947328,,T,test-only
h2_water_binaries,WIEBE(1934),h2,xc_saltfree,323,25.3,0,0,0,0,0,0,0.000322,,T,test-only
h2_water_binaries,WIEBE(1934),h2,solubility_molality,323,50.7,0,0,0,0,0,0,0.03554814926,,T,test-only
h2_water_binaries,WIEBE(1934),h2,xc_saltfree,323,50.7,0,0,0,0,0,0,0.00064,,T,test-only
h2_water_binaries,WIEBE(1934),h2,solubility_molality,323,101.3,0,0,0,0,0,0,0.0708636058,,R,test-only
h2_water_binaries,WIEBE(1934),h2,xc_saltfree,323,101.3,0,0,0,0,0,0,0.001275,,R,test-only
h2_water_binaries,WIEBE(1934),h2,solubility_molality,323,202.7,0,0,0,0,0,0,0.1392304591,,R,test-only
h2_water_binaries,WIEBE(1934),h2,xc_saltfree,323,202.7,0,0,0,0,0,0,0.002502,,R,test-only
h2_water_binaries,WIEBE(1934),h2,solubility_molality,323,405.3,0,0,0,0,0,0,0.2710884844,,T,test-only
h2_water_binaries,WIEBE(1934),h2,xc_saltfree,323,405.3,0,0,0,0,0,0,0.00486,,T,test-only
h2_water_binaries,WIEBE(1934),h2,solubility_molality,323,608,0,0,0,0,0,0,0.3962524249,,T,test-only
h2_water_binaries,WIEBE(1934),h2,xc_saltfree,323,608,0,0,0,0,0,0,0.007088,,T,test-only
h2_water_binaries,WIEBE(1934),h2,solubility_molality,323,810.6,0,0,0,0,0,0,0.5165503656,,T,test-only
h2_water_binaries,WIEBE(1934),h2,xc_saltfree,323,810.6,0,0,0,0,0,0,0.00922,,T,test-only
h2_water_binaries,WIEBE(1934),h2,solubility_molality,323,1013.3,0,0,0,0,0,0,0.6330514014,,T,test-only
h2_water_binaries,WIEBE(1934),h2,xc_saltfree,323,1013.3,0,0,0,0,0,0,0.011276,,T,test-only
h2_water_binaries,TORIN(2022),h2,solubility_molality,323,158,0,0,0,0,0,0,0.1121310613,,T,test-only
h2_water_binaries,TORIN(2022),h2,xc_saltfree,323,158,0,0,0,0,0,0,0.002016,,T,test-only
h2_water_binaries,TORIN(2022),h2,solubility_molality,323,329.7,0,0,0,0,0,0,0.2263948792,,T,test-only
h2_water_binaries,TORIN(2022),h2,xc_saltfree,323,329.7,0,0,0,0,0,0,0.004062,,T,test-only
h2_water_binaries,PRAY(1957),h2,solubility_molality,323,13.8,0,0,0,0,0,0,0.01449148383,,T,test-only
h2_water_binaries,PRAY(1957),h2,xc_saltfree,323,13.8,0,0,0,0,0,0,0.000261,,T,test-only
h2_water_binaries,PRAY(1957),h2,solubility_molality,323,20.7,0,0,0,0,0,0,0.01804610638,,T,test-only
h2_water_binaries,PRAY(1957),h2,xc_saltfree,323,20.7,0,0,0,0,0,0,0.000325,,T,test-only
h2_water_binaries,PRAY(1957),h2,solubility_molality,323,24.1,0,0,0,0,0,0,0.01982358834,,T,test-only
h2_water_binaries,PRAY(1957),h2,xc_saltfree,323,24.1,0,0,0,0,0,0,0.000357,,T,test-only
h2_water_binaries,WIEBE(1934),h2,solubility_molality,348,25.3,0,0,0,0,0,0,0.01821274048,,T,test-only
h2_water_binaries,WIEBE(1934),h2,xc_saltfree,348,25.3,0,0,0,0,0,0,0.000328,,T,test-only
h2_water_binaries,WIEBE(1934),h2,solubility_molality,348,50.7,0,0,0,0,0,0,0.03632627391,,T,test-only
h2_water_binaries,WIEBE(1934),h2,xc_saltfree,348,50.7,0,0,0,0,0,0,0.000654,,T,test-only
h2_water_binaries,WIEBE(1934),h2,solubility_molality,348,101.3,0,0,0,0,0,0,0.07231055004,,T,test-only
h2_water_binaries,WIEBE(1934),h2,xc_saltfree,348,101.3,0,0,0,0,0,0,0.001301,,T,test-only
h2_water_binaries,WIEBE(1934),h2,solubility_molality,348,202.7,0,0,0,0,0,0,0.1425221013,,T,test-only
h2_water_binaries,WIEBE(1934),h2,xc_saltfree,348,202.7,0,0,0,0,0,0,0.002561,,T,test-only
h2_water_binaries,WIEBE(1934),h2,solubility_molality,348,405.3,0,0,0,0,0,0,0.2773109434,,T,test-only
h2_water_binaries,WIEBE(1934),h2,xc_saltfree,348,405.3,0,0,0,0,0,0,0.004971,,T,test-only
h2_water_binaries,WIEBE(1934),h2,solubility_molality,348,608,0,0,0,0,0,0,0.4053188018,,T,test-only
h2_water_binaries,WIEBE(1934),h2,xc_saltfree,348,608,0,0,0,0,0,0,0.007249,,T,test-only
h2_water_binaries,WIEBE(1934),h2,solubility_molality,348,810.6,0,0,0,0,0,0,0.5276922105,,T,test-only
h2_water_binaries,WIEBE(1934),h2,xc_saltfree,348,810.6,0,0,0,0,0,0,0.009417,,T,test-only
h2_water_binaries,WIEBE(1934),h2,solubility_molality,348,1013.3,0,0,0,0,0,0,0.6457165898,,T,test-only
h2_water_binaries,WIEBE(1934),h2,xc_saltfree,348,1013.3,0,0,0,0,0,0,0.011499,,T,test-only
h2_water_binaries,GILLESPIE(1980),h2,solubility_molality,366,3.4,0,0,0,0,0,0,0.002053888091,,T,test-only
h2_water_binaries,GILLESPIE(1980),h2,xc_saltfree,366,3.4,0,0,0,0,0,0,3.7e-05,,T,test-only
h2_water_binaries,GILLESPIE(1980),h2,solubility_molality,366,13.8,0,0,0,0,0,0,0.009993317108,,T,test-only
h2_water_binaries,GILLESPIE(1980),h2,xc_saltfree,366,13.8,0,0,0,0,0,0,0.00018,,T,test-only
h2_water_binaries,GILLESPIE(1980),h2,solubility_molality,366,31,0,0,0,0,0,0,0.02365667108,,T,test-only
h2_water_binaries,GILLESPIE(1980),h2,xc_saltfree,366,31,0,0,0,0,0,0,0.000426,,T,test-only
h2_water_binaries,GILLESPIE(1980),h2,solubility_molality,366,65.5,0,0,0,0,0,0,0.04961333722,,T,test-only
h2_water_binaries,GILLESPIE(1980),h2,xc_saltfree,366,65.5,0,0,0,0,0,0,0.000893,,T,test-only
h2_water_binaries,GILLESPIE(1980),h2,solubility_molality,366,137.9,0,0,0,0,0,0,0.1024909366,,T,test-only
h2_water_binaries,GILLESPIE(1980),h2,xc_saltfree,366,137.9,0,0,0,0,0,0,0.001843,,T,test-only
h2_water_binaries,DEVANEY(1978),h2,solubility_molality,366,13.8,0,0,0,0,0,0,0.01110390779,,T,test-only
h2_water_binaries,DEVANEY(1978),h2,xc_saltfree,366,13.8,0,0,0,0,0,0,0.0002,,T,test-only
h2_water_binaries,DEVANEY(1978),h2,solubility_molality,366,27.6,0,0,0,0,0,0,0.02054572289,,T,test-only
h2_water_binaries,DEVANEY(1978),h2,xc_saltfree,366,27.6,0,0,0,0,0,0,0.00037,,T,test-only
h2_water_binaries,DEVANEY(1978),h2,solubility_molality,366,55.2,0,0,0,0,0,0,0.04166257323,,T,test-only
h2_water_binaries,DEVANEY(1978),h2,xc_saltfree,366,55.2,0,0,0,0,0,0,0.00075,,T,test-only
h2_water_binaries,DEVANEY(1978),h2,solubility_molality,366,110.3,0,0,0,0,0,0,0.08338773419,,T,test-only
h2_water_binaries,DEVANEY(1978),h2,xc_saltfree,366,110.3,0,0,0,0,0,0,0.0015,,T,test-only
h2_water_binaries,CHABAB(2024),h2,solubility_molality,373,100,0,0,0,0,0,0,0.07832174033,,T,test-only
h2_water_binaries,CHABAB(2024),h2,xc_saltfree,373,100,0,0,0,0,0,0,0.001409,,T,test-only
h2_water_binaries,CHABAB(2024),h2,solubility_molality,373,175.1,0,0,0,0,0,0,0.1353814055,,T,test-only
h2_water_binaries,CHABAB(2024),h2,xc_saltfree,373,175.1,0,0,0,0,0,0,0.002433,,T,test-only
h2_water_binaries,KLING(1991),h2,solubility_molality,373,57,0,0,0,0,0,0,0.04555427125,,T,test-only
h2_water_binaries,KLING(1991),h2,xc_saltfree,373,57,0,0,0,0,0,0,0.00082,,T,test-only
h2_water_binaries,KLING(1991),h2,solubility_molality,373,120.9,0,0,0,0,0,0,0.09747716413,,T,test-only
h2_water_binaries,KLING(1991),h2,xc_saltfree,373,120.9,0,0,0,0,0,0,0.001753,,T,test-only
h2_water_binaries,KLING(1991),h2,solubility_molality,373,153.7,0,0,0,0,0,0,0.1241719789,,T,test-only
h2_water_binaries,KLING(1991),h2,xc_saltfree,373,153.7,0,0,0,0,0,0,0.002232,,T,test-only
h2_water_binaries,WIEBE(1934),h2,solubility_molality,373,25.3,0,0,0,0,0,0,0.02026797661,,T,test-only
h2_water_binaries,WIEBE(1934),h2,xc_saltfree,373,25.3,0,0,0,0,0,0,0.000365,,T,test-only
h2_water_binaries,WIEBE(1934),h2,solubility_molality,373,50.7,0,0,0,0,0,0,0.04005045806,,T,test-only
h2_water_binaries,WIEBE(1934),h2,xc_saltfree,373,50.7,0,0,0,0,0,0,0.000721,,T,test-only
h2_water_binaries,WIEBE(1934),h2,solubility_molality,373,101.3,0,0,0,0,0,0,0.07937939905,,T,test-only
h2_water_binaries,WIEBE(1934),h2,xc_saltfree,373,101.3,0,0,0,0,0,0,0.001428,,T,test-only
h2_water_binaries,WIEBE(1934),h2,solubility_molality,373,202.7,0,0,0,0,0,0,0.1559158469,,T,test-only
h2_water_binaries,WIEBE(1934),h2,xc_saltfree,373,202.7,0,0,0,0,0,0,0.002801,,T,test-only
h2_water_binaries,WIEBE(1934),h2,solubility_molality,373,405.3,0,0,0,0,0,0,0.3009240644,,T,test-only
h2_water_binaries,WIEBE(1934),h2,xc_saltfree,373,405.3,0,0,0,0,0,0,0.005392,,T,test-only
h2_water_binaries,WIEBE(1934),h2,solubility_molality,373,608,0,0,0,0,0,0,0.439245238,,T,test-only
h2_water_binaries,WIEBE(1934),h2,xc_saltfree,373,608,0,0,0,0,0,0,0.007851,,T,test-only
h2_water_binaries,WIEBE(1934),h2,solubility_molality,373,810.6,0,0,0,0,0,0,0.570490914,,T,test-only
h2_water_binaries,WIEBE(1934),h2,xc_saltfree,373,810.6,0,0,0,0,0,0,0.010173,,T,test-only
h2_water_binaries,WIEBE(1934),h2,solubility_molality,373,1013.3,0,0,0,0,0,0,0.6935891812,,T,test-only
h2_water_binaries,WIEBE(1934),h2,xc_saltfree,373,1013.3,0,0,0,0,0,0,0.012341,,T,test-only
h2_water_binaries,JUNG(1968),h2,solubility_molality,373,21,0,0,0,0,0,0,0.01671306959,,T,test-only
h2_water_binaries,JUNG(1968),h2,xc_saltfree,373,21,0,0,0,0,0,0,0.000301,,T,test-only
h2_water_binaries,JUNG(1968),h2,solubility_molality,373,31,0,0,0,0,0,0,0.02487892467,,T,test-only
h2_water_binaries,JUNG(1968),h2,xc_saltfree,373,31,0,0,0,0,0,0,0.000448,,T,test-only
h2_water_binaries,JUNG(1968),h2,solubility_molality,373,42,0,0,0,0,0,0,0.03299160744,,T,test-only
h2_water_binaries,JUNG(1968),h2,xc_saltfree,373,42,0,0,0,0,0,0,0.000594,,T,test-only
h2_water_binaries,JUNG(1968),h2,solubility_molality,373,62,0,0,0,0,0,0,0.04872362817,,T,test-only
h2_water_binaries,JUNG(1968),h2,xc_saltfree,373,62,0,0,0,0,0,0,0.000877,,T,test-only
h2_water_binaries,JUNG(1968),h2,solubility_molality,373,82,0,0,0,0,0,0,0.06390819475,,T,test-only
h2_water_binaries,JUNG(1968),h2,xc_saltfree,373,82,0,0,0,0,0,0,0.00115,,T,test-only
h2_water_binaries,IPATEV(1934),h2,solubility_molality,373,42,0,0,0,0,0,0,0.0287127054,,T,test-only
h2_water_binaries,IPATEV(1934),h2,xc_saltfree,373,42,0,0,0,0,0,0,0.000517,,T,test-only
h2_water_binaries,IPATEV(1934),h2,solubility_molality,373,62,0,0,0,0,0,0,0.04227408966,,T,test-only
h2_water_binaries,IPATEV(1934),h2,xc_saltfree,373,62,0,0,0,0,0,0,0.000761,,T,test-only
h2_water_binaries,IPATEV(1934),h2,solubility_molality,373,82,0,0,0,0,0,0,0.05667641371,,T,test-only
h2_water_binaries,IPATEV(1934),h2,xc_saltfree,373,82,0,0,0,0,0,0,0.00102,,T,test-only
h2_water_binaries,IPATEV(1934),h2,solubility_molality,373,102,0,0,0,0,0,0,0.07336798002,,T,test-only
h2_water_binaries,IPATEV(1934),h2,xc_saltfree,373,102,0,0,0,0,0,0,0.00132,,T,test-only
h2_water_binaries,JUNG(1968),h2,solubility_molality,398,23,0,0,0,0,0,0,0.01910147257,,T,test-only
h2_water_binaries,JUNG(1968),h2,xc_saltfree,398,23,0,0,0,0,0,0,0.000344,,T,test-only
h2_water_binaries,JUNG(1968),h2,solubility_molality,398,33,0,0,0,0,0,0,0.02799035841,,T,test-only
h2_water_binaries,JUNG(1968),h2,xc_saltfree,398,33,0,0,0,0,0,0,0.000504,,T,test-only
h2_water_binaries,JUNG(1968),h2,solubility_molality,398,43,0,0,0,0,0,0,0.03632627391,,T,test-only
h2_water_binaries,JUNG(1968),h2,xc_saltfree,398,43,0,0,0,0,0,0,0.000654,,T,test-only
h2_water_binaries,JUNG(1968),h2,solubility_molality,398,63,0,0,0,0,0,0,0.05178212242,,T,test-only
h2_water_binaries,JUNG(1968),h2,xc_saltfree,398,63,0,0,0,0,0,0,0.000932,,T,test-only
h2_water_binaries,JUNG(1968),h2,solubility_molality,398,83,0,0,0,0,0,0,0.06724657478,,T,test-only
h2_water_binaries,JUNG(1968),h2,xc_saltfree,398,83,0,0,0,0,0,0,0.00121,,T,test-only
h2_water_binaries,IPATEV(1934),h2,solubility_molality,398,52,0,0,0,0,0,0,0.03988369287,,T,test-only
h2_water_binaries,IPATEV(1934),h2,xc_saltfree,398,52,0,0,0,0,0,0,0.000718,,T,test-only
h2_water_binaries,IPATEV(1934),h2,solubility_molality,398,82,0,0,0,0,0,0,0.06279549052,,T,test-only
h2_water_binaries,IPATEV(1934),h2,xc_saltfree,398,82,0,0,0,0,0,0,0.00113,,T,test-only
h2_water_binaries,IPATEV(1934),h2,solubility_molality,398,102,0,0,0,0,0,0,0.07949073389,,T,test-only
h2_water_binaries,IPATEV(1934),h2,xc_saltfree,398,102,0,0,0,0,0,0,0.00143,,T,test-only
h2_water_binaries,GILLESPIE(1980),h2,solubility_molality,423,65.5,0,0,0,0,0,0,0.06435328891,,T,test-only
h2_water_binaries,GILLESPIE(1980),h2,xc_saltfree,423,65.5,0,0,0,0,0,0,0.001158,,T,test-only
h2_water_binaries,KLING(1991),h2,solubility_molality,423,51.8,0,0,0,0,0,0,0.05000259389,,T,test-only
h2_water_binaries,KLING(1991),h2,xc_saltfree,423,51.8,0,0,0,0,0,0,0.0009,,T,test-only
h2_water_binaries,KLING(1991),h2,solubility_molality,423,75.9,0,0,0,0,0,0,0.07520466455,,T,test-only
h2_water_binaries,KLING(1991),h2,xc_saltfree,423,75.9,0,0,0,0,0,0,0.001353,,T,test-only
h2_water_binaries,KLING(1991),h2,solubility_molality,423,87.1,0,0,0,0,0,0,0.08867739437,,T,test-only
h2_water_binaries,KLING(1991),h2,xc_saltfree,423,87.1,0,0,0,0,0,0,0.001595,,T,test-only
h2_water_binaries,JUNG(1968),h2,solubility_molality,423,21,0,0,0,0,0,0,0.01810165097,,T,test-only
h2_water_binaries,JUNG(1968),h2,xc_saltfree,423,21,0,0,0,0,0,0,0.000326,,T,test-only
h2_water_binaries,JUNG(1968),h2,solubility_molality,423,30,0,0,0,0,0,0,0.02749028305,,T,test-only
h2_water_binaries,JUNG(1968),h2,xc_saltfree,423,30,0,0,0,0,0,0,0.000495,,T,test-only
h2_water_binaries,JUNG(1968),h2,solubility_molality,423,40,0,0,0,0,0,0,0.03638185508,,T,test-only
h2_water_binaries,JUNG(1968),h2,xc_saltfree,423,40,0,0,0,0,0,0,0.000655,,T,test-only
h2_water_binaries,JUNG(1968),h2,solubility_molality,423,55,0,0,0,0,0,0,0.04861241654,,T,test-only
h2_water_binaries,JUNG(1968),h2,xc_saltfree,423,55,0,0,0,0,0,0,0.000875,,T,test-only
h2_water_binaries,JUNG(1968),h2,solubility_molality,423,76,0,0,0,0,0,0,0.06390819475,,T,test-only
h2_water_binaries,JUNG(1968),h2,xc_saltfree,423,76,0,0,0,0,0,0,0.00115,,T,test-only
h2_water_binaries,IPATEV(1934),h2,solubility_molality,423,31,0,0,0,0,0,0,0.02426779115,,T,test-only
h2_water_binaries,IPATEV(1934),h2,xc_saltfree,423,31,0,0,0,0,0,0,0.000437,,T,test-only
h2_water_binaries,IPATEV(1934),h2,solubility_molality,423,42,0,0,0,0,0,0,0.03321390608,,T,test-only
h2_water_binaries,IPATEV(1934),h2,xc_saltfree,423,42,0,0,0,0,0,0,0.000598,,T,test-only
h2_water_binaries,IPATEV(1934),h2,solubility_molality,423,52,0,0,0,0,0,0,0.04327478197,,T,test-only
h2_water_binaries,IPATEV(1934),h2,xc_saltfree,423,52,0,0,0,0,0,0,0.000779,,T,test-only
h2_water_binaries,IPATEV(1934),h2,solubility_molality,423,62,0,0,0,0,0,0,0.05239386167,,T,test-only
h2_water_binaries,IPATEV(1934),h2,xc_saltfree,423,62,0,0,0,0,0,0,0.000943,,T,test-only
h2_water_binaries,IPATEV(1934),h2,solubility_molality,423,82,0,0,0,0,0,0,0.07448110767,,T,test-only
h2_water_binaries,IPATEV(1934),h2,xc_saltfree,423,82,0,0,0,0,0,0,0.00134,,T,test-only
h2_water_binaries,TORIN(2022),h2,solubility_molality,423,112.4,0,0,0,0,0,0,0.1138588356,,T,test-only
h2_water_binaries,TORIN(2022),h2,xc_saltfree,423,112.4,0,0,0,0,0,0,0.002047,,T,test-only
h2_water_binaries,TORIN(2022),h2,solubility_molality,423,192.3,0,0,0,0,0,0,0.1963594005,,T,test-only
h2_water_binaries,TORIN(2022),h2,xc_saltfree,423,192.3,0,0,0,0,0,0,0.003525,,T,test-only
h2_water_binaries,TORIN(2022),h2,solubility_molality,423,248.8,0,0,0,0,0,0,0.2525414627,,T,test-only
h2_water_binaries,TORIN(2022),h2,xc_saltfree,423,248.8,0,0,0,0,0,0,0.004529,,T,test-only
h2_water_binaries,JUNG(1968),h2,solubility_molality,448,22,0,0,0,0,0,0,0.01821274048,,T,test-only
h2_water_binaries,JUNG(1968),h2,xc_saltfree,448,22,0,0,0,0,0,0,0.000328,,T,test-only
h2_water_binaries,JUNG(1968),h2,solubility_molality,448,29,0,0,0,0,0,0,0.0268235299,,T,test-only
h2_water_binaries,JUNG(1968),h2,xc_saltfree,448,29,0,0,0,0,0,0,0.000483,,T,test-only
h2_water_binaries,JUNG(1968),h2,solubility_molality,448,39,0,0,0,0,0,0,0.03660418086,,T,test-only
h2_water_binaries,JUNG(1968),h2,xc_saltfree,448,39,0,0,0,0,0,0,0.000659,,T,test-only
h2_water_binaries,JUNG(1968),h2,solubility_molality,448,60,0,0,0,0,0,0,0.05311684362,,T,test-only
h2_water_binaries,JUNG(1968),h2,xc_saltfree,448,60,0,0,0,0,0,0,0.000956,,T,test-only
h2_water_binaries,JUNG(1968),h2,solubility_molality,448,80,0,0,0,0,0,0,0.06891591521,,T,test-only
h2_water_binaries,JUNG(1968),h2,xc_saltfree,448,80,0,0,0,0,0,0,0.00124,,T,test-only
h2_water_binaries,IPATEV(1934),h2,solubility_molality,448,52,0,0,0,0,0,0,0.04144020695,,T,test-only
h2_water_binaries,IPATEV(1934),h2,xc_saltfree,448,52,0,0,0,0,0,0,0.000746,,T,test-only
h2_water_binaries,IPATEV(1934),h2,solubility_molality,448,62,0,0,0,0,0,0,0.05239386167,,T,test-only
h2_water_binaries,IPATEV(1934),h2,xc_saltfree,448,62,0,0,0,0,0,0,0.000943,,T,test-only
h2_water_binaries,JUNG(1968),h2,solubility_molality,473,26,0,0,0,0,0,0,0.01832383043,,T,test-only
h2_water_binaries,JUNG(1968),h2,xc_saltfree,473,26,0,0,0,0,0,0,0.00033,,T,test-only
h2_water_binaries,JUNG(1968),h2,solubility_molality,473,36,0,0,0,0,0,0,0.03188014093,,R,test-only
h2_water_binaries,JUNG(1968),h2,xc_saltfree,473,36,0,0,0,0,0,0,0.000574,,R,test-only
h2_water_binaries,JUNG(1968),h2,solubility_molality,473,46,0,0,0,0,0,0,0.04688869325,,T,test-only
h2_water_binaries,JUNG(1968),h2,xc_saltfree,473,46,0,0,0,0,0,0,0.000844,,T,test-only
h2_water_binaries,JUNG(1968),h2,solubility_molality,473,76,0,0,0,0,0,0,0.06780301045,,T,test-only
h2_water_binaries,JUNG(1968),h2,xc_saltfree,473,76,0,0,0,0,0,0,0.00122,,T,test-only
h2_water_binaries,IPATEV(1934),h2,solubility_molality,473,36,0,0,0,0,0,0,0.03188014093,,R,test-only
h2_water_binaries,IPATEV(1934),h2,xc_saltfree,473,36,0,0,0,0,0,0,0.000574,,R,test-only
h2_water_binaries,IPATEV(1934),h2,solubility_molality,473,52,0,0,0,0,0,0,0.04171816507,,T,test-only
h2_water_binaries,IPATEV(1934),h2,xc_saltfree,473,52,0,0,0,0,0,0,0.000751,,T,test-only
h2_water_binaries,IPATEV(1934),h2,solubility_molality,473,82,0,0,0,0,0,0,0.06891591521,,T,test-only
h2_water_binaries,IPATEV(1934),h2,xc_saltfree,473,82,0,0,0,0,0,0,0.00124,,T,test-only
h2_water_binaries,IPATEV(1934),h2,solubility_molality,473,102,0,0,0,0,0,0,0.07782075815,,T,test-only
h2_water_binaries,IPATEV(1934),h2,xc_saltfree,473,102,0,0,0,0,0,0,0.0014,,T,test-only
h2_water_binaries,IPATEV(1934),h2,solubility_molality,473,118,0,0,0,0,0,0,0.09006957752,,T,test-only
h2_water_binaries,IPATEV(1934),h2,xc_saltfree,473,118,0,0,0,0,0,0,0.00162,,T,test-only
h2_water_binaries,GILLESPIE(1980),h2,solubility_molality,478,31,0,0,0,0,0,0,0.02382333885,,T,test-only
h2_water_binaries,GILLESPIE(1980),h2,xc_saltfree,478,31,0,0,0,0,0,0,0.000429,,T,test-only
h2_water_binaries,GILLESPIE(1980),h2,solubility_molality,478,65.5,0,0,0,0,0,0,0.0813278231,,T,test-only
h2_water_binaries,GILLESPIE(1980),h2,xc_saltfree,478,65.5,0,0,0,0,0,0,0.001463,,T,test-only
h2_water_binaries,GILLESPIE(1980),h2,solubility_molality,478,103.4,0,0,0,0,0,0,0.1430242504,,T,test-only
h2_water_binaries,GILLESPIE(1980),h2,xc_saltfree,478,103.4,0,0,0,0,0,0,0.00257,,T,test-only
h2_water_binaries,DEVANEY(1978),h2,solubility_molality,478,27.6,0,0,0,0,0,0,0.01943475444,,T,test-only
h2_water_binaries,DEVANEY(1978),h2,xc_saltfree,478,27.6,0,0,0,0,0,0,0.00035,,T,test-only
h2_water_binaries,DEVANEY(1978),h2,solubility_molality,478,55.2,0,0,0,0,0,0,0.05834511919,,T,test-only
h2_water_binaries,DEVANEY(1978),h2,xc_saltfree,478,55.2,0,0,0,0,0,0,0.00105,,T,test-only
h2_water_binaries,DEVANEY(1978),h2,solubility_molality,478,110.3,0,0,0,0,0,0,0.1508366263,,T,test-only
h2_water_binaries,DEVANEY(1978),h2,xc_saltfree,478,110.3,0,0,0,0,0,0,0.00271,,T,test-only
h2_water_binaries,JUNG(1968),h2,solubility_molality,498,33,0,0,0,0,0,0,0.01787947328,,T,test-only
h2_water_binaries,JUNG(1968),h2,xc_saltfree,498,33,0,0,0,0,0,0,0.000322,,T,test-only
h2_water_binaries,JUNG(1968),h2,solubility_molality,498,41,0,0,0,0,0,0,0.03282488463,,T,test-only
h2_water_binaries,JUNG(1968),h2,xc_saltfree,498,41,0,0,0,0,0,0,0.000591,,T,test-only
h2_water_binaries,JUNG(1968),h2,solubility_molality,498,51,0,0,0,0,0,0,0.04499828101,,T,test-only
h2_water_binaries,JUNG(1968),h2,xc_saltfree,498,51,0,0,0,0,0,0,0.00081,,T,test-only
h2_water_binaries,JUNG(1968),h2,solubility_molality,498,71,0,0,0,0,0,0,0.06724657478,,T,test-only
h2_water_binaries,JUNG(1968),h2,xc_saltfree,498,71,0,0,0,0,0,0,0.00121,,T,test-only
h2_water_binaries,IPATEV(1934),h2,solubility_molality,498,62,0,0,0,0,0,0,0.05517466446,,T,test-only
h2_water_binaries,IPATEV(1934),h2,xc_saltfree,498,62,0,0,0,0,0,0,0.000993,,T,test-only
h2_water_binaries,IPATEV(1934),h2,solubility_molality,498,92,0,0,0,0,0,0,0.08060410679,,T,test-only
h2_water_binaries,IPATEV(1934),h2,xc_saltfree,498,92,0,0,0,0,0,0,0.00145,,T,test-only
h2_water_binaries,JUNG(1968),h2,solubility_molality,523,44,0,0,0,0,0,0,0.01499132512,,T,test-only
h2_water_binaries,JUNG(1968),h2,xc_saltfree,523,44,0,0,0,0,0,0,0.00027,,T,test-only
h2_water_binaries,JUNG(1968),h2,solubility_molality,523,52,0,0,0,0,0,0,0.03610395036,,T,test-only
h2_water_binaries,JUNG(1968),h2,xc_saltfree,523,52,0,0,0,0,0,0,0.00065,,T,test-only
h2_water_binaries,JUNG(1968),h2,solubility_molality,523,60,0,0,0,0,0,0,0.04961333722,,T,test-only
h2_water_binaries,JUNG(1968),h2,xc_saltfree,523,60,0,0,0,0,0,0,0.000893,,T,test-only
h2_water_binaries,JUNG(1968),h2,solubility_molality,523,70,0,0,0,0,0,0,0.06557733463,,T,test-only
h2_water_binaries,JUNG(1968),h2,xc_saltfree,523,70,0,0,0,0,0,0,0.00118,,T,test-only
h2_water_binaries,DOHRN(1986),h2,solubility_molality,523,200,0,0,0,0,0,0,0.1112393488,,T,test-only
h2_water_binaries,DOHRN(1986),h2,xc_saltfree,523,200,0,0,0,0,0,0,0.002,,T,test-only
h2_water_binaries,PRAY(1957),h2,solubility_molality,533,6.9,0,0,0,0,0,0,0.01715740807,,T,test-only
h2_water_binaries,PRAY(1957),h2,xc_saltfree,533,6.9,0,0,0,0,0,0,0.000309,,T,test-only
h2_water_binaries,PRAY(1957),h2,solubility_molality,533,13.8,0,0,0,0,0,0,0.04005045806,,T,test-only
h2_water_binaries,PRAY(1957),h2,xc_saltfree,533,13.8,0,0,0,0,0,0,0.000721,,T,test-only
h2_water_binaries,PRAY(1957),h2,solubility_molality,533,20.7,0,0,0,0,0,0,0.05500780844,,T,test-only
h2_water_binaries,PRAY(1957),h2,xc_saltfree,533,20.7,0,0,0,0,0,0,0.00099,,T,test-only
h2_water_binaries,JUNG(1968),h2,solubility_molality,548,63,0,0,0,0,0,0,0.01671306959,,T,test-only
h2_water_binaries,JUNG(1968),h2,xc_saltfree,548,63,0,0,0,0,0,0,0.000301,,T,test-only
h2_water_binaries,JUNG(1968),h2,solubility_molality,548,72,0,0,0,0,0,0,0.04711110315,,T,test-only
h2_water_binaries,JUNG(1968),h2,xc_saltfree,548,72,0,0,0,0,0,0,0.000848,,T,test-only
h2_water_binaries,JUNG(1968),h2,solubility_molality,548,80,0,0,0,0,0,0,0.06613373687,,T,test-only
h2_water_binaries,JUNG(1968),h2,xc_saltfree,548,80,0,0,0,0,0,0,0.00119,,T,test-only
h2_water_binaries,DEVANEY(1978),h2,solubility_molality,573,110.3,0,0,0,0,0,0,0.07837740558,,T,test-only
h2_water_binaries,DEVANEY(1978),h2,xc_saltfree,573,110.3,0,0,0,0,0,0,0.00141,,T,test-only
h2_water_binaries,JUNG(1968),h2,solubility_molality,573,89,0,0,0,0,0,0,0.01587995409,,T,test-only
h2_water_binaries,JUNG(1968),h2,xc_saltfree,573,89,0,0,0,0,0,0,0.000286,,T,test-only
h2_water_binaries,JUNG(1968),h2,solubility_molality,573,93,0,0,0,0,0,0,0.04021722426,,T,test-only
h2_water_binaries,JUNG(1968),h2,xc_saltfree,573,93,0,0,0,0,0,0,0.000724,,T,test-only
h2_water_binaries,JUNG(1968),h2,solubility_molality,573,100,0,0,0,0,0,0,0.06947238431,,T,test-only
h2_water_binaries,JUNG(1968),h2,xc_saltfree,573,100,0,0,0,0,0,0,0.00125,,T,test-only
h2_water_binaries,GILLESPIE(1980),h2,solubility_molality,589,137.9,0,0,0,0,0,0,0.1659095469,,T,test-only
h2_water_binaries,GILLESPIE(1980),h2,xc_saltfree,589,137.9,0,0,0,0,0,0,0.00298,,T,test-only
h2_water_binaries,DEVANEY(1978),h2,solubility_molality,589,110.3,0,0,0,0,0,0,0.1257332203,,T,test-only
h2_water_binaries,DEVANEY(1978),h2,xc_saltfree,589,110.3,0,0,0,0,0,0,0.00226,,T,test-only
h2_water_binaries,PRAY(1957),h2,solubility_molality,589,6.9,0,0,0,0,0,0,0.02860157387,,T,test-only
h2_water_binaries,PRAY(1957),h2,xc_saltfree,589,6.9,0,0,0,0,0,0,0.000515,,T,test-only
h2_water_binaries,PRAY(1957),h2,solubility_molality,589,13.8,0,0,0,0,0,0,0.05806699465,,T,test-only
h2_water_binaries,PRAY(1957),h2,xc_saltfree,589,13.8,0,0,0,0,0,0,0.001045,,T,test-only
h2_water_binaries,PRAY(1957),h2,solubility_molality,589,20.7,0,0,0,0,0,0,0.08845465153,,T,test-only
h2_water_binaries,PRAY(1957),h2,xc_saltfree,589,20.7,0,0,0,0,0,0,0.001591,,T,test-only
