dataset_id,source,gas,property,T_K,P_bar,m_Na,m_Cl,m_K,m_Ca,m_Mg,m_SO4,value,uncertainty,quality,tag,flags,data_origin
yh2o_c2h6_mohammadi2004,MOHAMMADI(2004),c2h6,y_h2o,282.93,5.06,0,0,0,0,0,0,0.002442,0.0001221,T,test-only,,table
yh2o_c2h6_mohammadi2004,MOHAMMADI(2004),c2h6,y_h2o,288.11,18.59,0,0,0,0,0,0,0.001031,5.155e-05,T,test-only,,table
yh2o_c2h6_mohammadi2004,MOHAMMADI(2004),c2h6,y_h2o,292.95,10.49,0,0,0,0,0,0,0.002204,0.0001102,T,test-only,,table
yh2o_c2h6_mohammadi2004,MOHAMMADI(2004),c2h6,y_h2o,293.1,19.26,0,0,0,0,0,0,0.001305,6.525e-05,T,test-only,,table
yh2o_c2h6_mohammadi2004,MOHAMMADI(2004),c2h6,y_h2o,293.1,29.9,0,0,0,0,0,0,0.000832,4.16e-05,T,test-only,,table
yh2o_c2h6_song1994,SONG(1994),c2h6,y_h2o,288.65,34.21,0,0,0,0,0,0,0.000525,3.15e-05,T,test-only,,table
yh2o_c2h6_song1994,SONG(1994),c2h6,y_h2o,294.45,38.76,0,0,0,0,0,0,0.00065,3.9e-05,T,test-only,,table
yh2o_c2h6_song1994,SONG(1994),c2h6,y_h2o,299.85,43.45,0,0,0,0,0,0,0.000716,4.296e-05,T,test-only,,table
yh2o_c2h6_song1994,SONG(1994),c2h6,y_h2o,303.75,47.14,0,0,0,0,0,0,0.000736,4.416e-05,T,test-only,,table
yh2o_c3h8_song1994,SONG(1994),c3h8,y_h2o,281.95,6.21,0,0,0,0,0,0,0.002,0.00012,T,test-only,,table
yh2o_c3h8_song1994,SONG(1994),c3h8,y_h2o,285.25,6.79,0,0,0,0,0,0,0.002028,0.00012168,T,test-only,,table
yh2o_c3h8_song1994,SONG(1994),c3h8,y_h2o,292.65,8.19,0,0,0,0,0,0,0.002668,0.00016008,T,test-only,,table
yh2o_c3h8_song1994,SONG(1994),c3h8,y_h2o,299.65,8.97,0,0,0,0,0,0,0.003494,0.00020964,T,test-only,,table
yh2o_ch4_binary,CHAPOY(2003),ch4,y_h2o,283.08,10.06,0,0,0,0,0,0,0.00124,,T,fit-eligible,,table
yh2o_ch4_binary,CHAPOY(2003),ch4,y_h2o,283.08,60.3,0,0,0,0,0,0,0.000292,,U,fit-eligible,,table
yh2o_ch4_binary,CHAPOY(2003),ch4,y_h2o,288.11,10.44,0,0,0,0,0,0,0.00178,,T,fit-eligible,,table
yh2o_ch4_binary,CHAPOY(2003),ch4,y_h2o,288.11,60.23,0,0,0,0,0,0,0.000382,,T,fit-eligible,,table
yh2o_ch4_binary,CHAPOY(2003),ch4,y_h2o,288.11,100.3,0,0,0,0,0,0,0.000273,,T,fit-eligible,,table
yh2o_ch4_binary,CHAPOY(2003),ch4,y_h2o,293.11,9.92,0,0,0,0,0,0,0.00236,,R,fit-eligible,,table
yh2o_ch4_binary,CHAPOY(2003),ch4,y_h2o,293.11,57.7,0,0,0,0,0,0,0.000483,,T,fit-eligible,,table
yh2o_ch4_binary,CHAPOY(2003),ch4,y_h2o,293.11,95.2,0,0,0,0,0,0,0.000338,,T,fit-eligible,,table
yh2o_ch4_binary,CHAPOY(2003),ch4,y_h2o,293.11,176.8,0,0,0,0,0,0,0.000267,,T,fit-eligible,,table
yh2o_ch4_binary,CHAPOY(2003),ch4,y_h2o,298.11,10.1,0,0,0,0,0,0,0.0033,,R,fit-eligible,,table
yh2o_ch4_binary,CHAPOY(2003),ch4,y_h2o,298.11,63.9,0,0,0,0,0,0,0.000631,,U,fit-eligible,,table
yh2o_ch4_binary,CHAPOY(2003),ch4,y_h2o,298.11,100.7,0,0,0,0,0,0,0.000471,,T,fit-eligible,,table
yh2o_ch4_binary,CHAPOY(2003),ch4,y_h2o,298.11,175.2,0,0,0,0,0,0,0.000355,,T,fit-eligible,,table
yh2o_ch4_binary,CHAPOY(2003),ch4,y_h2o,298.11,251.5,0,0,0,0,0,0,0.000313,,T,fit-eligible,,table
yh2o_ch4_binary,CHAPOY(2003),ch4,y_h2o,298.11,344.2,0,0,0,0,0,0,0.000265,,T,fit-eligible,,table
yh2o_ch4_binary,CHAPOY(2003),ch4,y_h2o,303.11,11,0,0,0,0,0,0,0.00444,,T,fit-eligible,,table
yh2o_ch4_binary,CHAPOY(2003),ch4,y_h2o,303.11,60.6,0,0,0,0,0,0,0.000889,,T,fit-eligible,,table
yh2o_ch4_binary,CHAPOY(2003),ch4,y_h2o,303.11,98.4,0,0,0,0,0,0,0.000625,,T,fit-eligible,,table
yh2o_ch4_binary,CHAPOY(2003),ch4,y_h2o,303.11,175,0,0,0,0,0,0,0.000456,,T,fit-eligible,,table
yh2o_ch4_binary,CHAPOY(2003),ch4,y_h2o,303.11,250.6,0,0,0,0,0,0,0.000371,,T,fit-eligible,,table
yh2o_ch4_binary,CHAPOY(2003),ch4,y_h2o,303.11,345.6,0,0,0,0,0,0,0.000331,,T,fit-eligible,,table
yh2o_ch4_binary,CHAPOY(2003),ch4,y_h2o,308.11,11,0,0,0,0,0,0,0.00582,,T,fit-eligible,,table
yh2o_ch4_binary,CHAPOY(2003),ch4,y_h2o,308.11,59.9,0,0,0,0,0,0,0.001114,,T,fit-eligible,,table
yh2o_ch4_binary,CHAPOY(2003),ch4,y_h2o,308.11,98.4,0,0,0,0,0,0,0.000807,,T,fit-eligible,,table
yh2o_ch4_binary,CHAPOY(2003),ch4,y_h2o,308.11,174.9,0,0,0,0,0,0,0.000577,,T,fit-eligible,,table
yh2o_ch4_binary,CHAPOY(2003),ch4,y_h2o,308.11,250.9,0,0,0,0,0,0,0.000495,,T,fit-eligible,,table
yh2o_ch4_binary,CHAPOY(2003),ch4,y_h2o,308.11,345.8,0,0,0,0,0,0,0.000447,,T,fit-eligible,,table
yh2o_ch4_binary,CHAPOY(2003),ch4,y_h2o,313.12,11,0,0,0,0,0,0,0.00746,,T,fit-eligible,,table
yh2o_ch4_binary,CHAPOY(2003),ch4,y_h2o,313.12,60.56,0,0,0,0,0,0,0.00152,,T,fit-eligible,,table
yh2o_ch4_binary,CHAPOY(2003),ch4,y_h2o,313.12,99.8,0,0,0,0,0,0,0.001045,,T,fit-eligible,,table
yh2o_ch4_binary,CHAPOY(2003),ch4,y_h2o,313.12,174.7,0,0,0,0,0,0,0.000715,,T,fit-eligible,,table
yh2o_ch4_binary,CHAPOY(2003),ch4,y_h2o,313.12,251.7,0,0,0,0,0,0,0.000626,,T,fit-eligible,,table
yh2o_ch4_binary,CHAPOY(2003),ch4,y_h2o,313.12,346.1,0,0,0,0,0,0,0.000575,,T,fit-eligible,,table
yh2o_ch4_binary,CHAPOY(2003),ch4,y_h2o,318.12,10.03,0,0,0,0,0,0,0.00989,,T,fit-eligible,,table
yh2o_ch4_binary,CHAPOY(2003),ch4,y_h2o,318.12,60.17,0,0,0,0,0,0,0.001985,,T,fit-eligible,,table
yh2o_ch4_binary,CHAPOY(2003),ch4,y_h2o,318.12,100.1,0,0,0,0,0,0,0.001326,,T,fit-eligible,,table
yh2o_ch4_binary,CHAPOY(2003),ch4,y_h2o,318.12,175,0,0,0,0,0,0,0.00089,,T,fit-eligible,,table
yh2o_ch4_binary,CHAPOY(2003),ch4,y_h2o,318.12,251.2,0,0,0,0,0,0,0.000763,,T,fit-eligible,,table
yh2o_ch4_binary,CHAPOY(2003),ch4,y_h2o,318.12,346.1,0,0,0,0,0,0,0.000691,,T,fit-eligible,,table
yh2o_ch4_binary,CHAPOY(2005),ch4,y_h2o,277.8,4.91,0,0,0,0,0,0,0.00173,,T,fit-eligible,,table
yh2o_ch4_binary,CHAPOY(2005),ch4,y_h2o,277.8,10.81,0,0,0,0,0,0,0.00083,,T,fit-eligible,,table
yh2o_ch4_binary,CHAPOY(2005),ch4,y_h2o,277.8,21.96,0,0,0,0,0,0,0.000436,,T,fit-eligible,,table
yh2o_ch4_binary,CHAPOY(2005),ch4,y_h2o,277.8,31.36,0,0,0,0,0,0,0.000321,,T,fit-eligible,,table
yh2o_ch4_binary,CHAPOY(2005),ch4,y_h2o,282.9,4.93,0,0,0,0,0,0,0.00264,,T,fit-eligible,,table
yh2o_ch4_binary,CHAPOY(2005),ch4,y_h2o,282.9,6.88,0,0,0,0,0,0,0.00183,,T,fit-eligible,,table
yh2o_ch4_binary,CHAPOY(2005),ch4,y_h2o,283,10.81,0,0,0,0,0,0,0.00122,,T,fit-eligible,,table
yh2o_ch4_binary,CHAPOY(2005),ch4,y_h2o,282.9,14.58,0,0,0,0,0,0,0.000926,,T,fit-eligible,,table
yh2o_ch4_binary,CHAPOY(2005),ch4,y_h2o,283,28.22,0,0,0,0,0,0,0.00053,,T,fit-eligible,,table
yh2o_ch4_binary,CHAPOY(2005),ch4,y_h2o,283,43.74,0,0,0,0,0,0,0.000313,,T,fit-eligible,,table
yh2o_ch4_binary,CHAPOY(2005),ch4,y_h2o,287.7,9.93,0,0,0,0,0,0,0.00185,,T,fit-eligible,,table
yh2o_ch4_binary,CHAPOY(2005),ch4,y_h2o,287.7,19.85,0,0,0,0,0,0,0.000933,,T,fit-eligible,,table
yh2o_ch4_binary,CHAPOY(2005),ch4,y_h2o,287.7,23.93,0,0,0,0,0,0,0.000775,,T,fit-eligible,,table
yh2o_ch4_binary,CHAPOY(2005),ch4,y_h2o,292.7,9.76,0,0,0,0,0,0,0.00252,,R,fit-eligible,,table
yh2o_ch4_binary,CHAPOY(2005),ch4,y_h2o,292.7,26.9,0,0,0,0,0,0,0.000926,,T,fit-eligible,,table
yh2o_ch4_binary,CHAPOY(2005),ch4,y_h2o,292.7,27.35,0,0,0,0,0,0,0.000908,,T,fit-eligible,,table
yh2o_ch4_binary,CHAPOY(2005),ch4,y_h2o,292.7,36.67,0,0,0,0,0,0,0.000703,,T,fit-eligible,,table
yh2o_ch4_binary,CHAPOY(2005),ch4,y_h2o,297.6,10.08,0,0,0,0,0,0,0.0031,,R,fit-eligible,,table
yh2o_ch4_binary,CHAPOY(2005),ch4,y_h2o,297.5,23.42,0,0,0,0,0,0,0.00144,,T,fit-eligible,,table
yh2o_ch4_binary,CHAPOY(2005),ch4,y_h2o,297.9,36.75,0,0,0,0,0,0,0.001,,T,fit-eligible,,table
yh2o_ch4_binary,CHAPOY(2005),ch4,y_h2o,297.6,38.65,0,0,0,0,0,0,0.000876,,T,fit-eligible,,table
yh2o_ch4_binary,FROST(2013),ch4,y_h2o,283.89,47.8,0,0,0,0,0,0,0.000441,,U,fit-eligible,,table
yh2o_ch4_binary,FROST(2013),ch4,y_h2o,283.89,50.1,0,0,0,0,0,0,0.000298,,T,fit-eligible,,table
yh2o_ch4_binary,FROST(2013),ch4,y_h2o,283.89,58.7,0,0,0,0,0,0,0.000262,,T,fit-eligible,,table
yh2o_ch4_binary,FROST(2013),ch4,y_h2o,283.89,64.7,0,0,0,0,0,0,0.000238,,T,fit-eligible,,table
yh2o_ch4_binary,FROST(2013),ch4,y_h2o,283.89,74.1,0,0,0,0,0,0,0.000225,,T,fit-eligible,,table
yh2o_ch4_binary,FROST(2013),ch4,y_h2o,298.31,51.1,0,0,0,0,0,0,0.000985,,T,fit-eligible,,table
yh2o_ch4_binary,FROST(2013),ch4,y_h2o,298.31,64.1,0,0,0,0,0,0,0.000837,,T,fit-eligible,,table
yh2o_ch4_binary,FROST(2013),ch4,y_h2o,298.31,84.5,0,0,0,0,0,0,0.000687,,T,fit-eligible,,table
yh2o_ch4_binary,FROST(2013),ch4,y_h2o,298.31,114.6,0,0,0,0,0,0,0.000552,,T,fit-eligible,,table
yh2o_ch4_binary,FROST(2013),ch4,y_h2o,298.31,154.8,0,0,0,0,0,0,0.000445,,T,fit-eligible,,table
yh2o_ch4_binary,FROST(2013),ch4,y_h2o,298.31,194.9,0,0,0,0,0,0,0.000378,,T,fit-eligible,,table
yh2o_ch4_binary,FROST(2013),ch4,y_h2o,313.11,54.8,0,0,0,0,0,0,0.00169,,T,fit-eligible,,table
yh2o_ch4_binary,FROST(2013),ch4,y_h2o,313.11,67.8,0,0,0,0,0,0,0.00136,,R,fit-eligible,,table
yh2o_ch4_binary,FROST(2013),ch4,y_h2o,313.11,81.5,0,0,0,0,0,0,0.00118,,R,fit-eligible,,table
yh2o_ch4_binary,FROST(2013),ch4,y_h2o,313.11,124.6,0,0,0,0,0,0,0.000855,,T,fit-eligible,,table
yh2o_ch4_binary,FROST(2013),ch4,y_h2o,313.11,167.8,0,0,0,0,0,0,0.000682,,T,fit-eligible,,table
yh2o_ch4_binary,FROST(2013),ch4,y_h2o,323.56,49.8,0,0,0,0,0,0,0.00387,,T,fit-eligible,,table
yh2o_ch4_binary,FROST(2013),ch4,y_h2o,323.56,64.9,0,0,0,0,0,0,0.00335,,T,fit-eligible,,table
yh2o_ch4_binary,FROST(2013),ch4,y_h2o,323.56,84.8,0,0,0,0,0,0,0.00265,,T,fit-eligible,,table
yh2o_ch4_binary,FROST(2013),ch4,y_h2o,323.56,114.9,0,0,0,0,0,0,0.00224,,T,fit-eligible,,table
yh2o_ch4_binary,FROST(2013),ch4,y_h2o,323.56,184.8,0,0,0,0,0,0,0.00173,,T,fit-eligible,,table
yh2o_ch4_binary,OLDS(1942),ch4,y_h2o,310.93,83.1,0,0,0,0,0,0,0.001278,,R,fit-eligible,,table
yh2o_ch4_binary,OLDS(1942),ch4,y_h2o,310.93,86.2,0,0,0,0,0,0,0.001467,,U,fit-eligible,,table
yh2o_ch4_binary,OLDS(1942),ch4,y_h2o,310.93,137.2,0,0,0,0,0,0,0.000671,,T,fit-eligible,,table
yh2o_ch4_binary,OLDS(1942),ch4,y_h2o,310.93,208.6,0,0,0,0,0,0,0.00063,,R,fit-eligible,,table
yh2o_ch4_binary,OLDS(1942),ch4,y_h2o,310.93,279.2,0,0,0,0,0,0,0.000423,,T,fit-eligible,,table
yh2o_ch4_binary,OLDS(1942),ch4,y_h2o,310.93,346.6,0,0,0,0,0,0,0.000506,,T,fit-eligible,,table
yh2o_ch4_binary,OLDS(1942),ch4,y_h2o,310.93,417.1,0,0,0,0,0,0,0.000484,,T,fit-eligible,,table
yh2o_ch4_binary,OLDS(1942),ch4,y_h2o,310.93,485.2,0,0,0,0,0,0,0.000423,,T,fit-eligible,,table
yh2o_ch4_binary,OLDS(1942),ch4,y_h2o,310.93,553.6,0,0,0,0,0,0,0.000427,,T,fit-eligible,,table
yh2o_ch4_binary,OLDS(1942),ch4,y_h2o,310.93,623.5,0,0,0,0,0,0,0.000408,,T,fit-eligible,,table
yh2o_ch4_binary,OLDS(1942),ch4,y_h2o,344.26,26.7,0,0,0,0,0,0,0.01335,,T,fit-eligible,,table
yh2o_ch4_binary,OLDS(1942),ch4,y_h2o,344.26,62.9,0,0,0,0,0,0,0.006417,,T,fit-eligible,,table
yh2o_ch4_binary,OLDS(1942),ch4,y_h2o,344.26,96.5,0,0,0,0,0,0,0.004503,,T,fit-eligible,,table
yh2o_ch4_binary,OLDS(1942),ch4,y_h2o,344.26,144,0,0,0,0,0,0,0.003394,,T,fit-eligible,,table
yh2o_ch4_binary,OLDS(1942),ch4,y_h2o,344.26,210.6,0,0,0,0,0,0,0.002721,,T,fit-eligible,,table
yh2o_ch4_binary,OLDS(1942),ch4,y_h2o,344.26,282.1,0,0,0,0,0,0,0.002301,,T,fit-eligible,,table
yh2o_ch4_binary,OLDS(1942),ch4,y_h2o,344.26,351.5,0,0,0,0,0,0,0.002128,,T,fit-eligible,,table
yh2o_ch4_binary,OLDS(1942),ch4,y_h2o,344.26,417.9,0,0,0,0,0,0,0.00189,,T,fit-eligible,,table
yh2o_ch4_binary,OLDS(1942),ch4,y_h2o,344.26,681.5,0,0,0,0,0,0,0.001692,,T,fit-eligible,,table
yh2o_ch4_binary,OLDS(1942),ch4,y_h2o,377.59,29.9,0,0,0,0,0,0,0.042871,,T,fit-eligible,,table
yh2o_ch4_binary,OLDS(1942),ch4,y_h2o,377.59,65.9,0,0,0,0,0,0,0.02069,,T,fit-eligible,,table
yh2o_ch4_binary,OLDS(1942),ch4,y_h2o,377.59,93.2,0,0,0,0,0,0,0.01545,,T,fit-eligible,,table
yh2o_ch4_binary,OLDS(1942),ch4,y_h2o,377.59,138.1,0,0,0,0,0,0,0.0112,,T,fit-eligible,,table
yh2o_ch4_binary,OLDS(1942),ch4,y_h2o,377.59,209.2,0,0,0,0,0,0,0.008459,,T,fit-eligible,,table
yh2o_ch4_binary,OLDS(1942),ch4,y_h2o,377.59,279,0,0,0,0,0,0,0.007123,,T,fit-eligible,,table
yh2o_ch4_binary,OLDS(1942),ch4,y_h2o,377.59,354.1,0,0,0,0,0,0,0.006253,,T,fit-eligible,,table
yh2o_ch4_binary,OLDS(1942),ch4,y_h2o,377.59,417.8,0,0,0,0,0,0,0.005788,,T,fit-eligible,,table
yh2o_ch4_binary,OLDS(1942),ch4,y_h2o,377.59,482.6,0,0,0,0,0,0,0.005336,,T,fit-eligible,,table
yh2o_ch4_binary,OLDS(1942),ch4,y_h2o,377.59,547.3,0,0,0,0,0,0,0.005238,,T,fit-eligible,,table
yh2o_ch4_binary,OLDS(1942),ch4,y_h2o,377.59,558.8,0,0,0,0,0,0,0.004943,,T,fit-eligible,,table
yh2o_ch4_binary,OLDS(1942),ch4,y_h2o,377.59,622.5,0,0,0,0,0,0,0.004882,,T,fit-eligible,,table
yh2o_ch4_binary,OLDS(1942),ch4,y_h2o,377.59,623.3,0,0,0,0,0,0,0.00462,,T,fit-eligible,,table
yh2o_ch4_binary,OLDS(1942),ch4,y_h2o,377.59,683.9,0,0,0,0,0,0,0.004722,,T,fit-eligible,,table
yh2o_ch4_binary,OLDS(1942),ch4,y_h2o,410.93,34.1,0,0,0,0,0,0,0.11088,,T,fit-eligible,,table
yh2o_ch4_binary,OLDS(1942),ch4,y_h2o,410.93,65.5,0,0,0,0,0,0,0.058989,,T,fit-eligible,,table
yh2o_ch4_binary,OLDS(1942),ch4,y_h2o,410.93,98.7,0,0,0,0,0,0,0.04145,,T,fit-eligible,,table
yh2o_ch4_binary,OLDS(1942),ch4,y_h2o,410.93,140.7,0,0,0,0,0,0,0.03152,,T,fit-eligible,,table
yh2o_ch4_binary,OLDS(1942),ch4,y_h2o,410.93,281.6,0,0,0,0,0,0,0.01898,,T,fit-eligible,,table
yh2o_ch4_binary,OLDS(1942),ch4,y_h2o,410.93,355.9,0,0,0,0,0,0,0.01671,,T,fit-eligible,,table
yh2o_ch4_binary,OLDS(1942),ch4,y_h2o,410.93,421.1,0,0,0,0,0,0,0.01545,,T,fit-eligible,,table
yh2o_ch4_binary,OLDS(1942),ch4,y_h2o,410.93,483.4,0,0,0,0,0,0,0.01437,,T,fit-eligible,,table
yh2o_ch4_binary,OLDS(1942),ch4,y_h2o,410.93,554.6,0,0,0,0,0,0,0.01345,,T,fit-eligible,,table
yh2o_ch4_binary,OLDS(1942),ch4,y_h2o,410.93,622,0,0,0,0,0,0,0.01253,,T,fit-eligible,,table
yh2o_ch4_binary,OLDS(1942),ch4,y_h2o,410.93,688.6,0,0,0,0,0,0,0.01206,,T,fit-eligible,,table
yh2o_ch4_binary,OLDS(1942),ch4,y_h2o,444.26,34.4,0,0,0,0,0,0,0.25334,,T,fit-eligible,,table
yh2o_ch4_binary,OLDS(1942),ch4,y_h2o,444.26,87.4,0,0,0,0,0,0,0.10935,,T,fit-eligible,,table
yh2o_ch4_binary,OLDS(1942),ch4,y_h2o,444.26,142.4,0,0,0,0,0,0,0.07106,,T,fit-eligible,,table
yh2o_ch4_binary,OLDS(1942),ch4,y_h2o,444.26,211.8,0,0,0,0,0,0,0.05362,,T,fit-eligible,,table
yh2o_ch4_binary,OLDS(1942),ch4,y_h2o,444.26,281.6,0,0,0,0,0,0,0.04384,,T,fit-eligible,,table
yh2o_ch4_binary,OLDS(1942),ch4,y_h2o,444.26,345.8,0,0,0,0,0,0,0.03835,,T,fit-eligible,,table
yh2o_ch4_binary,OLDS(1942),ch4,y_h2o,444.26,418.7,0,0,0,0,0,0,0.03457,,T,fit-eligible,,table
yh2o_ch4_binary,OLDS(1942),ch4,y_h2o,444.26,487.6,0,0,0,0,0,0,0.03154,,T,fit-eligible,,table
yh2o_ch4_binary,OLDS(1942),ch4,y_h2o,444.26,557.6,0,0,0,0,0,0,0.02971,,T,fit-eligible,,table
yh2o_ch4_binary,OLDS(1942),ch4,y_h2o,444.26,624.5,0,0,0,0,0,0,0.02765,,T,fit-eligible,,table
yh2o_ch4_binary,OLDS(1942),ch4,y_h2o,444.26,688.8,0,0,0,0,0,0,0.02616,,T,fit-eligible,,table
yh2o_ch4_binary,OLDS(1942),ch4,y_h2o,477.59,33.6,0,0,0,0,0,0,0.55557,,T,fit-eligible,,table
yh2o_ch4_binary,OLDS(1942),ch4,y_h2o,477.59,64.1,0,0,0,0,0,0,0.30267,,T,fit-eligible,,table
yh2o_ch4_binary,OLDS(1942),ch4,y_h2o,477.59,88.3,0,0,0,0,0,0,0.22827,,T,fit-eligible,,table
yh2o_ch4_binary,OLDS(1942),ch4,y_h2o,477.59,140.5,0,0,0,0,0,0,0.15418,,T,fit-eligible,,table
yh2o_ch4_binary,OLDS(1942),ch4,y_h2o,477.59,207.9,0,0,0,0,0,0,0.1136,,R,fit-eligible,,table
yh2o_ch4_binary,OLDS(1942),ch4,y_h2o,477.59,348,0,0,0,0,0,0,0.07961,,T,fit-eligible,,table
yh2o_ch4_binary,OLDS(1942),ch4,y_h2o,477.59,414.3,0,0,0,0,0,0,0.07024,,R,fit-eligible,,table
yh2o_ch4_binary,OLDS(1942),ch4,y_h2o,477.59,485.3,0,0,0,0,0,0,0.065198,,T,fit-eligible,,table
yh2o_ch4_binary,OLDS(1942),ch4,y_h2o,477.59,556.7,0,0,0,0,0,0,0.06082,,T,fit-eligible,,table
yh2o_ch4_binary,OLDS(1942),ch4,y_h2o,477.59,625.8,0,0,0,0,0,0,0.0563,,R,fit-eligible,,table
yh2o_ch4_binary,OLDS(1942),ch4,y_h2o,477.59,686.7,0,0,0,0,0,0,0.05328,,T,fit-eligible,,table
yh2o_ch4_binary,OLDS(1942),ch4,y_h2o,510.93,53.2,0,0,0,0,0,0,0.65459,,T,fit-eligible,,table
yh2o_ch4_binary,OLDS(1942),ch4,y_h2o,510.93,95.1,0,0,0,0,0,0,0.40033,,T,fit-eligible,,table
yh2o_ch4_binary,OLDS(1942),ch4,y_h2o,510.93,144.4,0,0,0,0,0,0,0.2851,,T,fit-eligible,,table
yh2o_ch4_binary,OLDS(1942),ch4,y_h2o,510.93,210.1,0,0,0,0,0,0,0.21287,,T,fit-eligible,,table
yh2o_ch4_binary,OLDS(1942),ch4,y_h2o,510.93,276.9,0,0,0,0,0,0,0.17565,,T,fit-eligible,,table
yh2o_ch4_binary,OLDS(1942),ch4,y_h2o,510.93,356,0,0,0,0,0,0,0.14889,,T,fit-eligible,,table
yh2o_ch4_binary,OLDS(1942),ch4,y_h2o,510.93,416.9,0,0,0,0,0,0,0.13388,,T,fit-eligible,,table
yh2o_ch4_binary,OLDS(1942),ch4,y_h2o,510.93,485.3,0,0,0,0,0,0,0.123981,,T,fit-eligible,,table
yh2o_ch4_binary,OLDS(1942),ch4,y_h2o,510.93,539.4,0,0,0,0,0,0,0.11189,,T,fit-eligible,,table
yh2o_ch4_binary,OLDS(1942),ch4,y_h2o,510.93,625,0,0,0,0,0,0,0.10641,,T,fit-eligible,,table
yh2o_ch4_binary,QIN(2008),ch4,y_h2o,324.2,301,0,0,0,0,0,0,0.001,,T,fit-eligible,calculated-not-measured,calculated
yh2o_ch4_binary,QIN(2008),ch4,y_h2o,324.4,495,0,0,0,0,0,0,0.0008,,T,fit-eligible,calculated-not-measured,calculated
yh2o_ch4_binary,QIN(2008),ch4,y_h2o,375.7,109,0,0,0,0,0,0,0.0131,,T,fit-eligible,calculated-not-measured,calculated
yh2o_ch4_binary,QIN(2008),ch4,y_h2o,376.1,206,0,0,0,0,0,0,0.0084,,T,fit-eligible,calculated-not-measured,calculated
yh2o_ch4_binary,QIN(2008),ch4,y_h2o,375.6,302,0,0,0,0,0,0,0.0066,,T,fit-eligible,calculated-not-measured,calculated
yh2o_ch4_binary,QIN(2008),ch4,y_h2o,375.8,402,0,0,0,0,0,0,0.0057,,T,fit-eligible,calculated-not-measured,calculated
yh2o_ch4_binary,QIN(2008),ch4,y_h2o,375.8,499,0,0,0,0,0,0,0.0052,,T,fit-eligible,calculated-not-measured,calculated
yh2o_ch4_binary,YARRISON(2006),ch4,y_h2o,310.9,34.5,0,0,0,0,0,0,0.002209,,T,fit-eligible,,table
yh2o_ch4_binary,YARRISON(2006),ch4,y_h2o,310.9,68.9,0,0,0,0,0,0,0.001248,,R,fit-eligible,,table
yh2o_ch4_binary,YARRISON(2006),ch4,y_h2o,310.9,206.8,0,0,0,0,0,0,0.0007,,R,fit-eligible,,table
yh2o_ch4_binary,YARRISON(2006),ch4,y_h2o,310.9,413.7,0,0,0,0,0,0,0.000564,,T,fit-eligible,,table
yh2o_ch4_binary,YARRISON(2006),ch4,y_h2o,313.9,620.5,0,0,0,0,0,0,0.00049,,T,fit-eligible,,table
yh2o_ch4_binary,YARRISON(2006),ch4,y_h2o,313.9,758.4,0,0,0,0,0,0,0.000472,,T,fit-eligible,,table
yh2o_ch4_binary,YARRISON(2006),ch4,y_h2o,313.9,896.3,0,0,0,0,0,0,0.000467,,T,fit-eligible,,table
yh2o_ch4_binary,YARRISON(2006),ch4,y_h2o,366.5,34.5,0,0,0,0,0,0,0.02354,,T,fit-eligible,,table
yh2o_ch4_binary,YARRISON(2006),ch4,y_h2o,366.5,68.9,0,0,0,0,0,0,0.01325,,T,fit-eligible,,table
yh2o_ch4_binary,YARRISON(2006),ch4,y_h2o,366.5,206.8,0,0,0,0,0,0,0.00656,,T,fit-eligible,,table
yh2o_ch4_binary,YARRISON(2006),ch4,y_h2o,366.5,413.7,0,0,0,0,0,0,0.00396,,T,fit-eligible,,table
yh2o_ch4_binary,YARRISON(2006),ch4,y_h2o,366.5,620.5,0,0,0,0,0,0,0.00344,,T,fit-eligible,,table
yh2o_ch4_binary,YARRISON(2006),ch4,y_h2o,366.5,758.4,0,0,0,0,0,0,0.00313,,T,fit-eligible,,table
yh2o_ch4_binary,YARRISON(2006),ch4,y_h2o,366.5,896.3,0,0,0,0,0,0,0.00288,,T,fit-eligible,,table
yh2o_ch4_binary,YARRISON(2006),ch4,y_h2o,422.04,34.5,0,0,0,0,0,0,0.1246,,T,fit-eligible,,table
yh2o_ch4_binary,YARRISON(2006),ch4,y_h2o,422.04,68.9,0,0,0,0,0,0,0.0746,,T,fit-eligible,,table
yh2o_ch4_binary,YARRISON(2006),ch4,y_h2o,422.04,206.8,0,0,0,0,0,0,0.0316,,T,fit-eligible,,table
yh2o_ch4_binary,YARRISON(2006),ch4,y_h2o,422.04,413.7,0,0,0,0,0,0,0.0204,,T,fit-eligible,,table
yh2o_ch4_binary,YARRISON(2006),ch4,y_h2o,422.04,620.5,0,0,0,0,0,0,0.0165,,T,fit-eligible,,table
yh2o_ch4_binary,YARRISON(2006),ch4,y_h2o,422.04,758.4,0,0,0,0,0,0,0.0143,,T,fit-eligible,,table
yh2o_ch4_binary,YARRISON(2006),ch4,y_h2o,422.04,896.3,0,0,0,0,0,0,0.0137,,T,fit-eligible,,table
yh2o_ch4_binary,YARRISON(2006),ch4,y_h2o,466.5,34.5,0,0,0,0,0,0,0.415,,T,fit-eligible,,table
yh2o_ch4_binary,YARRISON(2006),ch4,y_h2o,466.5,68.9,0,0,0,0,0,0,0.224,,T,fit-eligible,,table
yh2o_ch4_binary,YARRISON(2006),ch4,y_h2o,466.5,206.8,0,0,0,0,0,0,0.084,,T,fit-eligible,,table
yh2o_ch4_binary,YARRISON(2006),ch4,y_h2o,466.5,413.7,0,0,0,0,0,0,0.06,,T,fit-eligible,,table
yh2o_ch4_binary,YARRISON(2006),ch4,y_h2o,466.5,620.5,0,0,0,0,0,0,0.046,,T,fit-eligible,,table
yh2o_ch4_binary,YARRISON(2006),ch4,y_h2o,466.5,758.4,0,0,0,0,0,0,0.04,,T,fit-eligible,,table
yh2o_ch4_binary,YARRISON(2006),ch4,y_h2o,466.5,965.3,0,0,0,0,0,0,0.035,,T,fit-eligible,,table
yh2o_ch4_binary,YARRISON(2006),ch4,y_h2o,466.5,1103.2,0,0,0,0,0,0,0.033,,T,fit-eligible,,table
yh2o_ch4_binary,YARRISON(2006),ch4,y_h2o,477.5,34.5,0,0,0,0,0,0,0.546,,T,fit-eligible,,table
yh2o_ch4_binary,YARRISON(2006),ch4,y_h2o,477.5,68.9,0,0,0,0,0,0,0.295,,T,fit-eligible,,table
yh2o_ch4_binary,YARRISON(2006),ch4,y_h2o,477.5,206.8,0,0,0,0,0,0,0.113,,R,fit-eligible,,table
yh2o_ch4_binary,YARRISON(2006),ch4,y_h2o,477.5,413.7,0,0,0,0,0,0,0.07,,R,fit-eligible,,table
yh2o_ch4_binary,YARRISON(2006),ch4,y_h2o,477.5,620.5,0,0,0,0,0,0,0.057,,R,fit-eligible,,table
yh2o_ch4_binary,YARRISON(2006),ch4,y_h2o,477.5,758.4,0,0,0,0,0,0,0.051,,T,fit-eligible,,table
yh2o_ch4_binary,YARRISON(2006),ch4,y_h2o,477.5,965.3,0,0,0,0,0,0,0.0494,,T,fit-eligible,,table
yh2o_ch4_binary,YARRISON(2006),ch4,y_h2o,477.5,1103.2,0,0,0,0,0,0,0.0455,,T,fit-eligible,,table
yh2o_ch4_binary,YOKOYAMA(1988),ch4,y_h2o,298.15,30,0,0,0,0,0,0,0.001183,,T,fit-eligible,,table
yh2o_ch4_binary,YOKOYAMA(1988),ch4,y_h2o,298.15,50,0,0,0,0,0,0,0.000742,,T,fit-eligible,,table
yh2o_ch4_binary,YOKOYAMA(1988),ch4,y_h2o,298.15,80,0,0,0,0,0,0,0.000431,,T,fit-eligible,,table
yh2o_ch4_binary,YOKOYAMA(1988),ch4,y_h2o,323.15,30,0,0,0,0,0,0,0.004468,,T,fit-eligible,,table
yh2o_ch4_binary,YOKOYAMA(1988),ch4,y_h2o,323.15,50,0,0,0,0,0,0,0.002788,,T,fit-eligible,,table
yh2o_ch4_binary,YOKOYAMA(1988),ch4,y_h2o,323.15,80,0,0,0,0,0,0,0.002106,,T,fit-eligible,,table
yh2o_ch4_mohammadi2004,MOHAMMADI(2004),ch4,y_h2o,282.98,11.47,0,0,0,0,0,0,0.001143,5.715e-05,T,test-only,,table
yh2o_ch4_mohammadi2004,MOHAMMADI(2004),ch4,y_h2o,283.08,10.05,0,0,0,0,0,0,0.00124,6.2e-05,T,test-only,,table
yh2o_ch4_mohammadi2004,MOHAMMADI(2004),ch4,y_h2o,283.15,10.03,0,0,0,0,0,0,0.00126,6.3e-05,T,test-only,,table
yh2o_ch4_mohammadi2004,MOHAMMADI(2004),ch4,y_h2o,288.11,10,0,0,0,0,0,0,0.00178,8.9e-05,T,test-only,,table
yh2o_ch4_mohammadi2004,MOHAMMADI(2004),ch4,y_h2o,288.15,10.05,0,0,0,0,0,0,0.00177,8.85e-05,T,test-only,,table
yh2o_ch4_mohammadi2004,MOHAMMADI(2004),ch4,y_h2o,293.01,5.1,0,0,0,0,0,0,0.00464,0.000232,T,test-only,,table
yh2o_ch4_mohammadi2004,MOHAMMADI(2004),ch4,y_h2o,293.01,9.92,0,0,0,0,0,0,0.00241,0.0001205,T,test-only,,table
yh2o_ch4_mohammadi2004,MOHAMMADI(2004),ch4,y_h2o,293.01,20.51,0,0,0,0,0,0,0.00117,5.85e-05,T,test-only,,table
yh2o_ch4_mohammadi2004,MOHAMMADI(2004),ch4,y_h2o,293.11,9.9,0,0,0,0,0,0,0.0024,0.00012,T,test-only,,table
yh2o_ch4_mohammadi2004,MOHAMMADI(2004),ch4,y_h2o,297.97,5.63,0,0,0,0,0,0,0.00569,0.0002845,T,test-only,,table
yh2o_ch4_mohammadi2004,MOHAMMADI(2004),ch4,y_h2o,298,16.97,0,0,0,0,0,0,0.001959,9.795e-05,T,test-only,,table
yh2o_ch4_mohammadi2004,MOHAMMADI(2004),ch4,y_h2o,298.01,6.08,0,0,0,0,0,0,0.005193,0.00025965,T,test-only,,table
yh2o_ch4_mohammadi2004,MOHAMMADI(2004),ch4,y_h2o,298.01,28.46,0,0,0,0,0,0,0.001218,6.09e-05,T,test-only,,table
yh2o_ch4_mohammadi2004,MOHAMMADI(2004),ch4,y_h2o,298.11,10.1,0,0,0,0,0,0,0.00327,0.0001635,T,test-only,,table
yh2o_ch4_mohammadi2004,MOHAMMADI(2004),ch4,y_h2o,303.11,10.3,0,0,0,0,0,0,0.0044,0.00022,T,test-only,,table
yh2o_ch4_mohammadi2004,MOHAMMADI(2004),ch4,y_h2o,308.11,9.9,0,0,0,0,0,0,0.00582,0.000291,T,test-only,,table
yh2o_ch4_mohammadi2004,MOHAMMADI(2004),ch4,y_h2o,313.12,10.9,0,0,0,0,0,0,0.00734,0.000367,T,test-only,,table
yh2o_ch4_tabasinejad2011,TABASINEJAD(2011),ch4,y_h2o,422.7,36.7,0,0,0,0,0,0,0.1387,0.0107,T,test-only,,table
yh2o_ch4_tabasinejad2011,TABASINEJAD(2011),ch4,y_h2o,422.7,71.8,0,0,0,0,0,0,0.0756,0.0035,T,test-only,,table
yh2o_ch4_tabasinejad2011,TABASINEJAD(2011),ch4,y_h2o,422.7,142.4,0,0,0,0,0,0,0.0416,0.0013,T,test-only,,table
yh2o_ch4_tabasinejad2011,TABASINEJAD(2011),ch4,y_h2o,422.7,212.6,0,0,0,0,0,0,0.0313,0.0008,T,test-only,,table
yh2o_ch4_tabasinejad2011,TABASINEJAD(2011),ch4,y_h2o,422.7,279.1,0,0,0,0,0,0,0.0263,0.0006,T,test-only,,table
yh2o_ch4_tabasinejad2011,TABASINEJAD(2011),ch4,y_h2o,422.7,353.2,0,0,0,0,0,0,0.0226,0.0005,T,test-only,,table
yh2o_ch4_tabasinejad2011,TABASINEJAD(2011),ch4,y_h2o,422.7,416.2,0,0,0,0,0,0,0.0208,0.0004,T,test-only,,table
yh2o_ch4_tabasinejad2011,TABASINEJAD(2011),ch4,y_h2o,422.7,686.6,0,0,0,0,0,0,0.0167,0.0003,T,test-only,,table
yh2o_ch4_tabasinejad2011,TABASINEJAD(2011),ch4,y_h2o,422.7,1070.3,0,0,0,0,0,0,0.0126,0.0003,T,test-only,,table
yh2o_ch4_tabasinejad2011,TABASINEJAD(2011),ch4,y_h2o,444.1,38.7,0,0,0,0,0,0,0.2304,0.0161,T,test-only,,table
yh2o_ch4_tabasinejad2011,TABASINEJAD(2011),ch4,y_h2o,444.1,73.1,0,0,0,0,0,0,0.1304,0.0052,T,test-only,,table
yh2o_ch4_tabasinejad2011,TABASINEJAD(2011),ch4,y_h2o,444.1,146,0,0,0,0,0,0,0.073,0.0017,T,test-only,,table
yh2o_ch4_tabasinejad2011,TABASINEJAD(2011),ch4,y_h2o,444.1,198.3,0,0,0,0,0,0,0.0565,0.0011,T,test-only,,table
yh2o_ch4_tabasinejad2011,TABASINEJAD(2011),ch4,y_h2o,444.1,278.6,0,0,0,0,0,0,0.0437,0.0008,T,test-only,,table
yh2o_ch4_tabasinejad2011,TABASINEJAD(2011),ch4,y_h2o,444.1,345.3,0,0,0,0,0,0,0.0381,0.0006,T,test-only,,table
yh2o_ch4_tabasinejad2011,TABASINEJAD(2011),ch4,y_h2o,444.1,403.6,0,0,0,0,0,0,0.0347,0.0005,T,test-only,,table
yh2o_ch4_tabasinejad2011,TABASINEJAD(2011),ch4,y_h2o,444.1,692.9,0,0,0,0,0,0,0.0269,0.0003,T,test-only,,table
yh2o_ch4_tabasinejad2011,TABASINEJAD(2011),ch4,y_h2o,444.1,962.4,0,0,0,0,0,0,0.0244,0.0003,T,test-only,,table
yh2o_ch4_tabasinejad2011,TABASINEJAD(2011),ch4,y_h2o,444.1,1333.9,0,0,0,0,0,0,0.0219,0.0002,T,test-only,,table
yh2o_ch4_tabasinejad2011,TABASINEJAD(2011),ch4,y_h2o,461.6,41,0,0,0,0,0,0,0.3357,0.0221,T,test-only,,table
yh2o_ch4_tabasinejad2011,TABASINEJAD(2011),ch4,y_h2o,461.6,76.5,0,0,0,0,0,0,0.1921,0.0074,T,test-only,,table
yh2o_ch4_tabasinejad2011,TABASINEJAD(2011),ch4,y_h2o,461.6,146.6,0,0,0,0,0,0,0.1107,0.0025,T,test-only,,table
yh2o_ch4_tabasinejad2011,TABASINEJAD(2011),ch4,y_h2o,461.6,216.2,0,0,0,0,0,0,0.0815,0.0014,T,test-only,,table
yh2o_ch4_tabasinejad2011,TABASINEJAD(2011),ch4,y_h2o,461.6,292.9,0,0,0,0,0,0,0.0644,0.0009,T,test-only,,table
yh2o_ch4_tabasinejad2011,TABASINEJAD(2011),ch4,y_h2o,461.6,366.2,0,0,0,0,0,0,0.0549,0.0007,T,test-only,,table
yh2o_ch4_tabasinejad2011,TABASINEJAD(2011),ch4,y_h2o,461.6,423.3,0,0,0,0,0,0,0.0509,0.0006,T,test-only,,table
yh2o_ch4_tabasinejad2011,TABASINEJAD(2011),ch4,y_h2o,461.6,683.7,0,0,0,0,0,0,0.0402,0.0004,T,test-only,,table
yh2o_ch4_tabasinejad2011,TABASINEJAD(2011),ch4,y_h2o,461.6,1021.5,0,0,0,0,0,0,0.0357,0.0003,T,test-only,,table
yh2o_ch4_tabasinejad2011,TABASINEJAD(2011),ch4,y_h2o,461.6,1211.3,0,0,0,0,0,0,0.033,0.0003,T,test-only,,table
yh2o_ch4_tabasinejad2011,TABASINEJAD(2011),ch4,y_h2o,483.15,74,0,0,0,0,0,0,0.3037,0.0117,T,test-only,,table
yh2o_ch4_tabasinejad2011,TABASINEJAD(2011),ch4,y_h2o,483.15,77.8,0,0,0,0,0,0,0.2943,0.0108,T,test-only,,table
yh2o_ch4_tabasinejad2011,TABASINEJAD(2011),ch4,y_h2o,483.15,148.5,0,0,0,0,0,0,0.1721,0.0036,T,test-only,,table
yh2o_ch4_tabasinejad2011,TABASINEJAD(2011),ch4,y_h2o,483.15,211.7,0,0,0,0,0,0,0.1341,0.0021,T,test-only,,table
yh2o_ch4_tabasinejad2011,TABASINEJAD(2011),ch4,y_h2o,483.15,294.7,0,0,0,0,0,0,0.104,0.0013,T,test-only,,table
yh2o_ch4_tabasinejad2011,TABASINEJAD(2011),ch4,y_h2o,483.15,370.6,0,0,0,0,0,0,0.0913,0.001,T,test-only,,table
yh2o_ch4_tabasinejad2011,TABASINEJAD(2011),ch4,y_h2o,483.15,456.6,0,0,0,0,0,0,0.0767,0.0007,T,test-only,,table
yh2o_ch4_tabasinejad2011,TABASINEJAD(2011),ch4,y_h2o,483.15,733,0,0,0,0,0,0,0.0568,0.0005,T,test-only,,table
yh2o_ch4_tabasinejad2011,TABASINEJAD(2011),ch4,y_h2o,483.15,1040.8,0,0,0,0,0,0,0.0528,0.0004,T,test-only,,table
yh2o_co2_binary,BAMBERGE,co2,y_h2o,323.2,40.5,0,0,0,0,0,0,0.0046,,T,fit-eligible,,table
yh2o_co2_binary,BAMBERGE,co2,y_h2o,323.2,50.6,0,0,0,0,0,0,0.0036,,T,fit-eligible,,table
yh2o_co2_binary,BAMBERGE,co2,y_h2o,323.2,60.6,0,0,0,0,0,0,0.0037,,T,fit-eligible,,table
yh2o_co2_binary,BAMBERGE,co2,y_h2o,323.2,70.8,0,0,0,0,0,0,0.0034,,T,fit-eligible,,table
yh2o_co2_binary,BAMBERGE,co2,y_h2o,323.2,80.8,0,0,0,0,0,0,0.0034,,T,fit-eligible,,table
yh2o_co2_binary,BAMBERGE,co2,y_h2o,323.2,90.9,0,0,0,0,0,0,0.0041,,T,fit-eligible,,table
yh2o_co2_binary,BAMBERGE,co2,y_h2o,323.2,101,0,0,0,0,0,0,0.0045,,R,fit-eligible,,table
yh2o_co2_binary,BAMBERGE,co2,y_h2o,323.2,111,0,0,0,0,0,0,0.005,,T,fit-eligible,,table
yh2o_co2_binary,BAMBERGE,co2,y_h2o,323.2,121,0,0,0,0,0,0,0.0055,,R,fit-eligible,,table
yh2o_co2_binary,BAMBERGE,co2,y_h2o,323.2,141,0,0,0,0,0,0,0.0061,,T,fit-eligible,,table
yh2o_co2_binary,BAMBERGE,co2,y_h2o,333.2,40.5,0,0,0,0,0,0,0.0066,,T,fit-eligible,,table
yh2o_co2_binary,BAMBERGE,co2,y_h2o,333.2,50.6,0,0,0,0,0,0,0.0055,,R,fit-eligible,,table
yh2o_co2_binary,BAMBERGE,co2,y_h2o,333.2,60.6,0,0,0,0,0,0,0.0055,,T,fit-eligible,,table
yh2o_co2_binary,BAMBERGE,co2,y_h2o,333.2,70.8,0,0,0,0,0,0,0.0051,,T,fit-eligible,,table
yh2o_co2_binary,BAMBERGE,co2,y_h2o,333.2,80.8,0,0,0,0,0,0,0.005,,T,fit-eligible,,table
yh2o_co2_binary,BAMBERGE,co2,y_h2o,333.2,90.9,0,0,0,0,0,0,0.0047,,T,fit-eligible,,table
yh2o_co2_binary,BAMBERGE,co2,y_h2o,333.2,101,0,0,0,0,0,0,0.0049,,T,fit-eligible,,table
yh2o_co2_binary,BAMBERGE,co2,y_h2o,333.2,111,0,0,0,0,0,0,0.0053,,T,fit-eligible,,table
yh2o_co2_binary,BAMBERGE,co2,y_h2o,333.2,121,0,0,0,0,0,0,0.0058,,T,fit-eligible,,table
yh2o_co2_binary,BAMBERGE,co2,y_h2o,333.2,141,0,0,0,0,0,0,0.0078,,T,fit-eligible,,table
yh2o_co2_binary,BAMBERGE,co2,y_h2o,353.1,40.5,0,0,0,0,0,0,0.0143,,T,fit-eligible,,table
yh2o_co2_binary,BAMBERGE,co2,y_h2o,353.1,60.6,0,0,0,0,0,0,0.0109,,T,fit-eligible,,table
yh2o_co2_binary,BAMBERGE,co2,y_h2o,353.1,70.8,0,0,0,0,0,0,0.0104,,T,fit-eligible,,table
yh2o_co2_binary,BAMBERGE,co2,y_h2o,353.1,80.8,0,0,0,0,0,0,0.0097,,T,fit-eligible,,table
yh2o_co2_binary,BAMBERGE,co2,y_h2o,353.1,90.9,0,0,0,0,0,0,0.0092,,T,fit-eligible,,table
yh2o_co2_binary,BAMBERGE,co2,y_h2o,353.1,101,0,0,0,0,0,0,0.0093,,T,fit-eligible,,table
yh2o_co2_binary,BAMBERGE,co2,y_h2o,353.1,111,0,0,0,0,0,0,0.009,,T,fit-eligible,,table
yh2o_co2_binary,BAMBERGE,co2,y_h2o,353.1,121,0,0,0,0,0,0,0.0096,,T,fit-eligible,,table
yh2o_co2_binary,BAMBERGE,co2,y_h2o,353.1,131,0,0,0,0,0,0,0.01,,T,fit-eligible,,table
yh2o_co2_binary,Briones,co2,y_h2o,323.15,68.2,0,0,0,0,0,0,0.00339,,T,fit-eligible,,table
yh2o_co2_binary,Briones,co2,y_h2o,323.15,75.3,0,0,0,0,0,0,0.00345,,T,fit-eligible,,table
yh2o_co2_binary,Briones,co2,y_h2o,323.15,87.2,0,0,0,0,0,0,0.00364,,T,fit-eligible,,table
yh2o_co2_binary,Briones,co2,y_h2o,323.15,101.3,0,0,0,0,0,0,0.00436,,R,fit-eligible,,table
yh2o_co2_binary,Briones,co2,y_h2o,323.15,122.1,0,0,0,0,0,0,0.00543,,R,fit-eligible,,table
yh2o_co2_binary,Briones,co2,y_h2o,323.15,147.5,0,0,0,0,0,0,0.00608,,T,fit-eligible,,table
yh2o_co2_binary,Briones,co2,y_h2o,323.15,176.8,0,0,0,0,0,0,0.00643,,T,fit-eligible,,table
yh2o_co2_binary,DOHRN,co2,y_h2o,323.15,101,0,0,0,0,0,0,0.00547,,R,fit-eligible,,table
yh2o_co2_binary,DOHRN,co2,y_h2o,323.15,201,0,0,0,0,0,0,0.00682,,T,fit-eligible,,table
yh2o_co2_binary,DOHRN,co2,y_h2o,323.15,301,0,0,0,0,0,0,0.00782,,T,fit-eligible,,table
yh2o_co2_binary,DSOUZA,co2,y_h2o,323.15,101.3,0,0,0,0,0,0,0.0055,,R,fit-eligible,,table
yh2o_co2_binary,DSOUZA,co2,y_h2o,323.15,152,0,0,0,0,0,0,0.0079,,T,fit-eligible,,table
yh2o_co2_binary,DSOUZA,co2,y_h2o,348.15,101.3,0,0,0,0,0,0,0.0074,,T,fit-eligible,,table
yh2o_co2_binary,DSOUZA,co2,y_h2o,348.15,152,0,0,0,0,0,0,0.009,,T,fit-eligible,,table
yh2o_co2_binary,HOU,co2,y_h2o,298.15,16.66,0,0,0,0,0,0,0.00268,,U,fit-eligible,,table
yh2o_co2_binary,HOU,co2,y_h2o,298.15,32.6,0,0,0,0,0,0,0.0016,,U,fit-eligible,,table
yh2o_co2_binary,HOU,co2,y_h2o,298.15,63.9,0,0,0,0,0,0,0.00194,,U,fit-eligible,,table
yh2o_co2_binary,HOU,co2,y_h2o,323.15,10.9,0,0,0,0,0,0,0.02811,,T,fit-eligible,,table
yh2o_co2_binary,HOU,co2,y_h2o,323.15,29.8,0,0,0,0,0,0,0.00507,,U,fit-eligible,,table
yh2o_co2_binary,HOU,co2,y_h2o,323.15,74.1,0,0,0,0,0,0,0.0035,,U,fit-eligible,,table
yh2o_co2_binary,HOU,co2,y_h2o,323.15,100.2,0,0,0,0,0,0,0.00403,,U,fit-eligible,,table
yh2o_co2_binary,HOU,co2,y_h2o,323.15,129.7,0,0,0,0,0,0,0.00533,,U,fit-eligible,,table
yh2o_co2_binary,HOU,co2,y_h2o,323.15,175.3,0,0,0,0,0,0,0.00614,,U,fit-eligible,,table
yh2o_co2_binary,HOU,co2,y_h2o,348.15,11,0,0,0,0,0,0,0.03132,,T,fit-eligible,,table
yh2o_co2_binary,HOU,co2,y_h2o,348.15,29.2,0,0,0,0,0,0,0.01422,,T,fit-eligible,,table
yh2o_co2_binary,HOU,co2,y_h2o,348.15,71.2,0,0,0,0,0,0,0.00845,,U,fit-eligible,,table
yh2o_co2_binary,HOU,co2,y_h2o,348.15,101.7,0,0,0,0,0,0,0.00805,,U,fit-eligible,,table
yh2o_co2_binary,HOU,co2,y_h2o,348.15,132.8,0,0,0,0,0,0,0.00836,,U,fit-eligible,,table
yh2o_co2_binary,HOU,co2,y_h2o,348.15,169.2,0,0,0,0,0,0,0.00996,,U,fit-eligible,,table
yh2o_co2_binary,HOU,co2,y_h2o,373.15,11.07,0,0,0,0,0,0,0.08802,,T,fit-eligible,,table
yh2o_co2_binary,HOU,co2,y_h2o,373.15,24.26,0,0,0,0,0,0,0.04691,,T,fit-eligible,,table
yh2o_co2_binary,HOU,co2,y_h2o,373.15,70.9,0,0,0,0,0,0,0.02102,,T,fit-eligible,,table
yh2o_co2_binary,HOU,co2,y_h2o,373.15,102.4,0,0,0,0,0,0,0.01747,,T,fit-eligible,,table
yh2o_co2_binary,HOU,co2,y_h2o,373.15,133.5,0,0,0,0,0,0,0.01675,,T,fit-eligible,,table
yh2o_co2_binary,HOU,co2,y_h2o,373.15,170.7,0,0,0,0,0,0,0.01712,,T,fit-eligible,,table
yh2o_co2_binary,HOU,co2,y_h2o,423.15,14.28,0,0,0,0,0,0,0.3464,,T,fit-eligible,,table
yh2o_co2_binary,HOU,co2,y_h2o,423.15,29.87,0,0,0,0,0,0,0.18927,,T,fit-eligible,,table
yh2o_co2_binary,HOU,co2,y_h2o,423.15,72,0,0,0,0,0,0,0.09452,,T,fit-eligible,,table
yh2o_co2_binary,HOU,co2,y_h2o,423.15,100.1,0,0,0,0,0,0,0.07499,,T,fit-eligible,,table
yh2o_co2_binary,HOU,co2,y_h2o,423.15,134.2,0,0,0,0,0,0,0.06368,,T,fit-eligible,,table
yh2o_co2_binary,HOU,co2,y_h2o,423.15,173.5,0,0,0,0,0,0,0.05661,,T,fit-eligible,,table
yh2o_co2_binary,HOU,co2,y_h2o,448.15,13.27,0,0,0,0,0,0,0.70431,,T,fit-eligible,,table
yh2o_co2_binary,HOU,co2,y_h2o,448.15,36.6,0,0,0,0,0,0,0.29,,T,fit-eligible,,table
yh2o_co2_binary,HOU,co2,y_h2o,448.15,75.7,0,0,0,0,0,0,0.15731,,T,fit-eligible,,table
yh2o_co2_binary,HOU,co2,y_h2o,448.15,105,0,0,0,0,0,0,0.11921,,T,fit-eligible,,table
yh2o_co2_binary,HOU,co2,y_h2o,448.15,134.4,0,0,0,0,0,0,0.10667,,T,fit-eligible,,table
yh2o_co2_binary,HOU,co2,y_h2o,448.15,174.6,0,0,0,0,0,0,0.10175,,T,fit-eligible,,table
yh2o_co2_binary,MULLER,co2,y_h2o,373.15,6,0,0,0,0,0,0,0.155,,T,fit-eligible,,table
yh2o_co2_binary,MULLER,co2,y_h2o,373.15,9.2,0,0,0,0,0,0,0.107,,T,fit-eligible,,table
yh2o_co2_binary,MULLER,co2,y_h2o,373.15,11.9,0,0,0,0,0,0,0.077,,T,fit-eligible,,table
yh2o_co2_binary,MULLER,co2,y_h2o,373.15,14.52,0,0,0,0,0,0,0.069,,T,fit-eligible,,table
yh2o_co2_binary,MULLER,co2,y_h2o,373.15,18.16,0,0,0,0,0,0,0.054,,T,fit-eligible,,table
yh2o_co2_binary,MULLER,co2,y_h2o,373.15,23.07,0,0,0,0,0,0,0.045,,T,fit-eligible,,table
yh2o_co2_binary,MULLER,co2,y_h2o,393.15,5.99,0,0,0,0,0,0,0.337,,T,fit-eligible,,table
yh2o_co2_binary,MULLER,co2,y_h2o,393.15,9.39,0,0,0,0,0,0,0.205,,T,fit-eligible,,table
yh2o_co2_binary,MULLER,co2,y_h2o,393.15,12.65,0,0,0,0,0,0,0.16,,T,fit-eligible,,table
yh2o_co2_binary,MULLER,co2,y_h2o,393.15,16.3,0,0,0,0,0,0,0.122,,T,fit-eligible,,table
yh2o_co2_binary,MULLER,co2,y_h2o,393.15,19.95,0,0,0,0,0,0,0.102,,T,fit-eligible,,table
yh2o_co2_binary,MULLER,co2,y_h2o,393.15,24.1,0,0,0,0,0,0,0.083,,T,fit-eligible,,table
yh2o_co2_binary,MULLER,co2,y_h2o,393.15,28.5,0,0,0,0,0,0,0.074,,T,fit-eligible,,table
yh2o_co2_binary,MULLER,co2,y_h2o,413.15,6.5,0,0,0,0,0,0,0.569,,T,fit-eligible,,table
yh2o_co2_binary,MULLER,co2,y_h2o,413.15,9.26,0,0,0,0,0,0,0.406,,T,fit-eligible,,table
yh2o_co2_binary,MULLER,co2,y_h2o,413.15,11.93,0,0,0,0,0,0,0.317,,T,fit-eligible,,table
yh2o_co2_binary,MULLER,co2,y_h2o,413.15,16.03,0,0,0,0,0,0,0.242,,T,fit-eligible,,table
yh2o_co2_binary,MULLER,co2,y_h2o,413.15,20.1,0,0,0,0,0,0,0.2,,T,fit-eligible,,table
yh2o_co2_binary,MULLER,co2,y_h2o,413.15,24.9,0,0,0,0,0,0,0.161,,T,fit-eligible,,table
yh2o_co2_binary,MULLER,co2,y_h2o,413.15,32.5,0,0,0,0,0,0,0.128,,T,fit-eligible,,table
yh2o_co2_binary,MULLER,co2,y_h2o,433.15,8.78,0,0,0,0,0,0,0.732,,T,fit-eligible,,table
yh2o_co2_binary,MULLER,co2,y_h2o,433.15,11.44,0,0,0,0,0,0,0.579,,T,fit-eligible,,table
yh2o_co2_binary,MULLER,co2,y_h2o,433.15,14.17,0,0,0,0,0,0,0.476,,T,fit-eligible,,table
yh2o_co2_binary,MULLER,co2,y_h2o,433.15,17.77,0,0,0,0,0,0,0.388,,T,fit-eligible,,table
yh2o_co2_binary,MULLER,co2,y_h2o,433.15,21.83,0,0,0,0,0,0,0.323,,T,fit-eligible,,table
yh2o_co2_binary,MULLER,co2,y_h2o,433.15,25.88,0,0,0,0,0,0,0.275,,T,fit-eligible,,table
yh2o_co2_binary,MULLER,co2,y_h2o,433.15,34.8,0,0,0,0,0,0,0.211,,T,fit-eligible,,table
yh2o_co2_binary,MULLER,co2,y_h2o,453.15,14.4,0,0,0,0,0,0,0.728,,T,fit-eligible,,table
yh2o_co2_binary,MULLER,co2,y_h2o,453.15,21,0,0,0,0,0,0,0.522,,T,fit-eligible,,table
yh2o_co2_binary,MULLER,co2,y_h2o,453.15,26.15,0,0,0,0,0,0,0.431,,T,fit-eligible,,table
yh2o_co2_binary,MULLER,co2,y_h2o,453.15,32.8,0,0,0,0,0,0,0.359,,T,fit-eligible,,table
yh2o_co2_binary,MULLER,co2,y_h2o,453.15,40.7,0,0,0,0,0,0,0.3,,T,fit-eligible,,table
yh2o_co2_binary,MULLER,co2,y_h2o,453.15,49.1,0,0,0,0,0,0,0.257,,T,fit-eligible,,table
yh2o_co2_binary,MULLER,co2,y_h2o,453.15,62.7,0,0,0,0,0,0,0.207,,T,fit-eligible,,table
yh2o_co2_binary,MULLER,co2,y_h2o,473.15,20,0,0,0,0,0,0,0.767,,T,fit-eligible,,table
yh2o_co2_binary,MULLER,co2,y_h2o,473.15,24.94,0,0,0,0,0,0,0.629,,T,fit-eligible,,table
yh2o_co2_binary,MULLER,co2,y_h2o,473.15,31,0,0,0,0,0,0,0.514,,T,fit-eligible,,table
yh2o_co2_binary,MULLER,co2,y_h2o,473.15,37.6,0,0,0,0,0,0,0.426,,T,fit-eligible,,table
yh2o_co2_binary,MULLER,co2,y_h2o,473.15,45.7,0,0,0,0,0,0,0.365,,T,fit-eligible,,table
yh2o_co2_binary,MULLER,co2,y_h2o,473.15,60.4,0,0,0,0,0,0,0.292,,T,fit-eligible,,table
yh2o_co2_binary,MULLER,co2,y_h2o,473.15,78,0,0,0,0,0,0,0.244,,T,fit-eligible,,table
yh2o_co2_binary,Meyer,co2,y_h2o,283.15,5,0,0,0,0,0,0,0.0026064,,R,fit-eligible,,table
yh2o_co2_binary,Meyer,co2,y_h2o,283.15,10,0,0,0,0,0,0,0.0013886,,R,fit-eligible,,table
yh2o_co2_binary,Meyer,co2,y_h2o,283.15,15,0,0,0,0,0,0,0.0009925,,R,fit-eligible,,table
yh2o_co2_binary,Meyer,co2,y_h2o,283.15,20.028,0,0,0,0,0,0,0.0008016,,R,fit-eligible,,table
yh2o_co2_binary,Meyer,co2,y_h2o,283.15,25,0,0,0,0,0,0,0.0006944,,R,fit-eligible,,table
yh2o_co2_binary,Meyer,co2,y_h2o,283.15,30.182,0,0,0,0,0,0,0.0006293,,R,fit-eligible,,table
yh2o_co2_binary,Meyer,co2,y_h2o,283.15,35,0,0,0,0,0,0,0.0005916,,R,fit-eligible,,table
yh2o_co2_binary,Meyer,co2,y_h2o,283.15,39.937,0,0,0,0,0,0,0.0005812,,R,fit-eligible,,table
yh2o_co2_binary,Meyer,co2,y_h2o,294.83,5,0,0,0,0,0,0,0.0054788,,R,fit-eligible,,table
yh2o_co2_binary,Meyer,co2,y_h2o,294.83,10,0,0,0,0,0,0,0.0028883,,R,fit-eligible,,table
yh2o_co2_binary,Meyer,co2,y_h2o,294.83,15,0,0,0,0,0,0,0.0020413,,R,fit-eligible,,table
yh2o_co2_binary,Meyer,co2,y_h2o,294.83,20,0,0,0,0,0,0,0.0016239,,R,fit-eligible,,table
yh2o_co2_binary,Meyer,co2,y_h2o,294.83,25,0,0,0,0,0,0,0.0013849,,R,fit-eligible,,table
yh2o_co2_binary,Meyer,co2,y_h2o,294.83,30,0,0,0,0,0,0,0.0012332,,R,fit-eligible,,table
yh2o_co2_binary,Meyer,co2,y_h2o,294.84,35,0,0,0,0,0,0,0.0011338,,R,fit-eligible,,table
yh2o_co2_binary,Meyer,co2,y_h2o,294.84,40.112,0,0,0,0,0,0,0.0010738,,R,fit-eligible,,table
yh2o_co2_binary,Meyer,co2,y_h2o,294.84,45,0,0,0,0,0,0,0.0010445,,R,fit-eligible,,table
yh2o_co2_binary,Meyer,co2,y_h2o,294.84,49.854,0,0,0,0,0,0,0.0010244,,R,fit-eligible,,table
yh2o_co2_binary,Meyer,co2,y_h2o,303.14,5,0,0,0,0,0,0,0.0088966,,R,fit-eligible,,table
yh2o_co2_binary,Meyer,co2,y_h2o,303.15,10,0,0,0,0,0,0,0.0046867,,R,fit-eligible,,table
yh2o_co2_binary,Meyer,co2,y_h2o,303.14,15,0,0,0,0,0,0,0.0032833,,R,fit-eligible,,table
yh2o_co2_binary,Meyer,co2,y_h2o,303.15,20,0,0,0,0,0,0,0.0026054,,R,fit-eligible,,table
yh2o_co2_binary,Meyer,co2,y_h2o,303.14,25,0,0,0,0,0,0,0.0022033,,R,fit-eligible,,table
yh2o_co2_binary,Meyer,co2,y_h2o,303.15,30,0,0,0,0,0,0,0.0019371,,R,fit-eligible,,table
yh2o_co2_binary,Meyer,co2,y_h2o,303.14,35,0,0,0,0,0,0,0.0017714,,R,fit-eligible,,table
yh2o_co2_binary,Meyer,co2,y_h2o,303.15,40,0,0,0,0,0,0,0.001665,,R,fit-eligible,,table
yh2o_co2_binary,Meyer,co2,y_h2o,303.14,45,0,0,0,0,0,0,0.0015719,,R,fit-eligible,,table
yh2o_co2_binary,Meyer,co2,y_h2o,303.15,50.055,0,0,0,0,0,0,0.0015022,,R,fit-eligible,,table
yh2o_co2_binary,Meyer,co2,y_h2o,313.17,5,0,0,0,0,0,0,0.01534,,R,fit-eligible,,table
yh2o_co2_binary,Meyer,co2,y_h2o,313.17,10,0,0,0,0,0,0,0.0080707,,R,fit-eligible,,table
yh2o_co2_binary,Meyer,co2,y_h2o,313.17,15,0,0,0,0,0,0,0.0056219,,R,fit-eligible,,table
yh2o_co2_binary,Meyer,co2,y_h2o,313.17,20,0,0,0,0,0,0,0.0044139,,R,fit-eligible,,table
yh2o_co2_binary,Meyer,co2,y_h2o,313.17,25,0,0,0,0,0,0,0.0037211,,R,fit-eligible,,table
yh2o_co2_binary,Meyer,co2,y_h2o,313.17,30,0,0,0,0,0,0,0.0032649,,R,fit-eligible,,table
yh2o_co2_binary,Meyer,co2,y_h2o,313.17,35,0,0,0,0,0,0,0.002937,,R,fit-eligible,,table
yh2o_co2_binary,Meyer,co2,y_h2o,313.17,40,0,0,0,0,0,0,0.002732,,R,fit-eligible,,table
yh2o_co2_binary,Meyer,co2,y_h2o,313.16,45,0,0,0,0,0,0,0.0025664,,R,fit-eligible,,table
yh2o_co2_binary,Meyer,co2,y_h2o,313.17,50,0,0,0,0,0,0,0.0024569,,R,fit-eligible,,table
yh2o_co2_binary,Meyer,co2,y_h2o,333.19,5,0,0,0,0,0,0,0.041504,,R,fit-eligible,,table
yh2o_co2_binary,Meyer,co2,y_h2o,333.18,10,0,0,0,0,0,0,0.021461,,R,fit-eligible,,table
yh2o_co2_binary,Meyer,co2,y_h2o,333.18,15,0,0,0,0,0,0,0.014798,,R,fit-eligible,,table
yh2o_co2_binary,Meyer,co2,y_h2o,333.18,20,0,0,0,0,0,0,0.011514,,R,fit-eligible,,table
yh2o_co2_binary,Meyer,co2,y_h2o,333.18,25,0,0,0,0,0,0,0.0095623,,R,fit-eligible,,table
yh2o_co2_binary,Meyer,co2,y_h2o,333.18,30,0,0,0,0,0,0,0.0082871,,R,fit-eligible,,table
yh2o_co2_binary,Meyer,co2,y_h2o,333.18,35,0,0,0,0,0,0,0.0073862,,R,fit-eligible,,table
yh2o_co2_binary,Meyer,co2,y_h2o,333.18,40,0,0,0,0,0,0,0.0067515,,R,fit-eligible,,table
yh2o_co2_binary,Meyer,co2,y_h2o,333.17,45,0,0,0,0,0,0,0.0062355,,R,fit-eligible,,table
yh2o_co2_binary,Meyer,co2,y_h2o,333.18,50,0,0,0,0,0,0,0.0058609,,R,fit-eligible,,table
yh2o_co2_binary,Meyer,co2,y_h2o,353.15,5,0,0,0,0,0,0,0.097482,,R,fit-eligible,,table
yh2o_co2_binary,Meyer,co2,y_h2o,353.15,10,0,0,0,0,0,0,0.050406,,R,fit-eligible,,table
yh2o_co2_binary,Meyer,co2,y_h2o,353.14,15,0,0,0,0,0,0,0.034562,,R,fit-eligible,,table
yh2o_co2_binary,Meyer,co2,y_h2o,353.15,20,0,0,0,0,0,0,0.026675,,R,fit-eligible,,table
yh2o_co2_binary,Meyer,co2,y_h2o,353.14,25,0,0,0,0,0,0,0.021942,,R,fit-eligible,,table
yh2o_co2_binary,Meyer,co2,y_h2o,353.14,30,0,0,0,0,0,0,0.018871,,R,fit-eligible,,table
yh2o_co2_binary,Meyer,co2,y_h2o,353.15,35,0,0,0,0,0,0,0.016681,,R,fit-eligible,,table
yh2o_co2_binary,Meyer,co2,y_h2o,353.14,40,0,0,0,0,0,0,0.015051,,R,fit-eligible,,table
yh2o_co2_binary,Meyer,co2,y_h2o,353.15,45,0,0,0,0,0,0,0.013793,,R,fit-eligible,,table
yh2o_co2_binary,Meyer,co2,y_h2o,353.15,50,0,0,0,0,0,0,0.012819,,R,fit-eligible,,table
yh2o_co2_binary,SAKO,co2,y_h2o,348.3,103.4,0,0,0,0,0,0,0.0063,,T,fit-eligible,,table
yh2o_co2_binary,SAKO,co2,y_h2o,348.3,153.1,0,0,0,0,0,0,0.0075,,T,fit-eligible,,table
yh2o_co2_binary,SAKO,co2,y_h2o,348.2,209.4,0,0,0,0,0,0,0.0084,,T,fit-eligible,,table
yh2o_co2_binary,SAKO,co2,y_h2o,421.4,101.8,0,0,0,0,0,0,0.0607,,T,fit-eligible,,table
yh2o_co2_binary,SAKO,co2,y_h2o,420.9,126.5,0,0,0,0,0,0,0.0523,,T,fit-eligible,,table
yh2o_co2_binary,SAKO,co2,y_h2o,421.4,148.1,0,0,0,0,0,0,0.0507,,T,fit-eligible,,table
yh2o_co2_binary,SAKO,co2,y_h2o,420.9,174.5,0,0,0,0,0,0,0.0464,,T,fit-eligible,,table
yh2o_co2_binary,SAKO,co2,y_h2o,421.4,197.2,0,0,0,0,0,0,0.0474,,T,fit-eligible,,table
yh2o_co2_binary,TAKENOUCHI,co2,y_h2o,383.15,100,0,0,0,0,0,0,0.044,,T,fit-eligible,smoothed-values,table
yh2o_co2_binary,TAKENOUCHI,co2,y_h2o,383.15,200,0,0,0,0,0,0,0.042,,T,fit-eligible,smoothed-values,table
yh2o_co2_binary,TAKENOUCHI,co2,y_h2o,383.15,300,0,0,0,0,0,0,0.052,,T,fit-eligible,smoothed-values,table
yh2o_co2_binary,TAKENOUCHI,co2,y_h2o,383.15,400,0,0,0,0,0,0,0.068,,T,fit-eligible,smoothed-values,table
yh2o_co2_binary,TAKENOUCHI,co2,y_h2o,383.15,500,0,0,0,0,0,0,0.086,,T,fit-eligible,smoothed-values,table
yh2o_co2_binary,TAKENOUCHI,co2,y_h2o,383.15,600,0,0,0,0,0,0,0.107,,T,fit-eligible,smoothed-values,table
yh2o_co2_binary,TAKENOUCHI,co2,y_h2o,383.15,700,0,0,0,0,0,0,0.128,,T,fit-eligible,smoothed-values,table
yh2o_co2_binary,TAKENOUCHI,co2,y_h2o,383.15,800,0,0,0,0,0,0,0.146,,T,fit-eligible,smoothed-values,table
yh2o_co2_binary,TAKENOUCHI,co2,y_h2o,383.15,900,0,0,0,0,0,0,0.16,,T,fit-eligible,smoothed-values,table
yh2o_co2_binary,TAKENOUCHI,co2,y_h2o,383.15,1000,0,0,0,0,0,0,0.17,,T,fit-eligible,smoothed-values,table
yh2o_co2_binary,TAKENOUCHI,co2,y_h2o,383.15,1100,0,0,0,0,0,0,0.178,,T,fit-eligible,smoothed-values,table
yh2o_co2_binary,TAKENOUCHI,co2,y_h2o,383.15,1200,0,0,0,0,0,0,0.184,,T,fit-eligible,smoothed-values,table
yh2o_co2_binary,TAKENOUCHI,co2,y_h2o,383.15,1300,0,0,0,0,0,0,0.19,,T,fit-eligible,smoothed-values,table
yh2o_co2_binary,TAKENOUCHI,co2,y_h2o,383.15,1400,0,0,0,0,0,0,0.196,,T,fit-eligible,smoothed-values,table
yh2o_co2_binary,TAKENOUCHI,co2,y_h2o,383.15,1500,0,0,0,0,0,0,0.2,,T,fit-eligible,smoothed-values,table
yh2o_co2_binary,TAKENOUCHI,co2,y_h2o,423.15,100,0,0,0,0,0,0,0.12,,T,fit-eligible,smoothed-values,table
yh2o_co2_binary,TAKENOUCHI,co2,y_h2o,423.15,200,0,0,0,0,0,0,0.09,,T,fit-eligible,smoothed-values,table
yh2o_co2_binary,TAKENOUCHI,co2,y_h2o,423.15,300,0,0,0,0,0,0,0.1,,T,fit-eligible,smoothed-values,table
yh2o_co2_binary,TAKENOUCHI,co2,y_h2o,423.15,400,0,0,0,0,0,0,0.118,,T,fit-eligible,smoothed-values,table
yh2o_co2_binary,TAKENOUCHI,co2,y_h2o,423.15,500,0,0,0,0,0,0,0.138,,T,fit-eligible,smoothed-values,table
yh2o_co2_binary,TAKENOUCHI,co2,y_h2o,423.15,600,0,0,0,0,0,0,0.16,,T,fit-eligible,smoothed-values,table
yh2o_co2_binary,TAKENOUCHI,co2,y_h2o,423.15,700,0,0,0,0,0,0,0.176,,T,fit-eligible,smoothed-values,table
yh2o_co2_binary,TAKENOUCHI,co2,y_h2o,423.15,800,0,0,0,0,0,0,0.192,,T,fit-eligible,smoothed-values,table
yh2o_co2_binary,TAKENOUCHI,co2,y_h2o,423.15,900,0,0,0,0,0,0,0.206,,T,fit-eligible,smoothed-values,table
yh2o_co2_binary,TAKENOUCHI,co2,y_h2o,423.15,1000,0,0,0,0,0,0,0.22,,T,fit-eligible,smoothed-values,table
yh2o_co2_binary,TAKENOUCHI,co2,y_h2o,423.15,1100,0,0,0,0,0,0,0.23,,T,fit-eligible,smoothed-values,table
yh2o_co2_binary,TAKENOUCHI,co2,y_h2o,423.15,1200,0,0,0,0,0,0,0.236,,T,fit-eligible,smoothed-values,table
yh2o_co2_binary,TAKENOUCHI,co2,y_h2o,423.15,1300,0,0,0,0,0,0,0.242,,T,fit-eligible,smoothed-values,table
yh2o_co2_binary,TAKENOUCHI,co2,y_h2o,423.15,1400,0,0,0,0,0,0,0.246,,T,fit-eligible,smoothed-values,table
yh2o_co2_binary,TAKENOUCHI,co2,y_h2o,423.15,1500,0,0,0,0,0,0,0.248,,T,fit-eligible,smoothed-values,table
yh2o_co2_binary,TAKENOUCHI,co2,y_h2o,473.15,100,0,0,0,0,0,0,0.285,,T,fit-eligible,smoothed-values,table
yh2o_co2_binary,TAKENOUCHI,co2,y_h2o,473.15,200,0,0,0,0,0,0,0.18,,T,fit-eligible,smoothed-values,table
yh2o_co2_binary,TAKENOUCHI,co2,y_h2o,473.15,300,0,0,0,0,0,0,0.175,,T,fit-eligible,smoothed-values,table
yh2o_co2_binary,TAKENOUCHI,co2,y_h2o,473.15,400,0,0,0,0,0,0,0.184,,T,fit-eligible,smoothed-values,table
yh2o_co2_binary,TAKENOUCHI,co2,y_h2o,473.15,500,0,0,0,0,0,0,0.2,,T,fit-eligible,smoothed-values,table
yh2o_co2_binary,TAKENOUCHI,co2,y_h2o,473.15,600,0,0,0,0,0,0,0.22,,T,fit-eligible,smoothed-values,table
yh2o_co2_binary,TAKENOUCHI,co2,y_h2o,473.15,700,0,0,0,0,0,0,0.24,,T,fit-eligible,smoothed-values,table
yh2o_co2_binary,TAKENOUCHI,co2,y_h2o,473.15,800,0,0,0,0,0,0,0.255,,T,fit-eligible,smoothed-values,table
yh2o_co2_binary,TAKENOUCHI,co2,y_h2o,473.15,900,0,0,0,0,0,0,0.268,,T,fit-eligible,smoothed-values,table
yh2o_co2_binary,TAKENOUCHI,co2,y_h2o,473.15,1000,0,0,0,0,0,0,0.28,,T,fit-eligible,smoothed-values,table
yh2o_co2_binary,TAKENOUCHI,co2,y_h2o,473.15,1100,0,0,0,0,0,0,0.284,,T,fit-eligible,smoothed-values,table
yh2o_co2_binary,TAKENOUCHI,co2,y_h2o,473.15,1200,0,0,0,0,0,0,0.294,,T,fit-eligible,smoothed-values,table
yh2o_co2_binary,TAKENOUCHI,co2,y_h2o,473.15,1300,0,0,0,0,0,0,0.3,,T,fit-eligible,smoothed-values,table
yh2o_co2_binary,TAKENOUCHI,co2,y_h2o,473.15,1400,0,0,0,0,0,0,0.306,,T,fit-eligible,smoothed-values,table
yh2o_co2_binary,TAKENOUCHI,co2,y_h2o,473.15,1500,0,0,0,0,0,0,0.31,,T,fit-eligible,smoothed-values,table
yh2o_co2_binary,TAKENOUCHI,co2,y_h2o,523.15,100,0,0,0,0,0,0,0.59,,T,fit-eligible,smoothed-values,table
yh2o_co2_binary,TAKENOUCHI,co2,y_h2o,523.15,200,0,0,0,0,0,0,0.364,,R,fit-eligible,smoothed-values,table
yh2o_co2_binary,TAKENOUCHI,co2,y_h2o,523.15,300,0,0,0,0,0,0,0.32,,T,fit-eligible,smoothed-values,table
yh2o_co2_binary,TAKENOUCHI,co2,y_h2o,523.15,400,0,0,0,0,0,0,0.324,,T,fit-eligible,smoothed-values,table
yh2o_co2_binary,TAKENOUCHI,co2,y_h2o,523.15,500,0,0,0,0,0,0,0.34,,T,fit-eligible,smoothed-values,table
yh2o_co2_binary,TAKENOUCHI,co2,y_h2o,523.15,600,0,0,0,0,0,0,0.364,,T,fit-eligible,smoothed-values,table
yh2o_co2_binary,TAKENOUCHI,co2,y_h2o,523.15,700,0,0,0,0,0,0,0.387,,T,fit-eligible,smoothed-values,table
yh2o_co2_binary,TAKENOUCHI,co2,y_h2o,523.15,800,0,0,0,0,0,0,0.407,,T,fit-eligible,smoothed-values,table
yh2o_co2_binary,TAKENOUCHI,co2,y_h2o,523.15,900,0,0,0,0,0,0,0.42,,T,fit-eligible,smoothed-values,table
yh2o_co2_binary,TAKENOUCHI,co2,y_h2o,523.15,1000,0,0,0,0,0,0,0.433,,T,fit-eligible,smoothed-values,table
yh2o_co2_binary,TAKENOUCHI,co2,y_h2o,523.15,1100,0,0,0,0,0,0,0.445,,T,fit-eligible,smoothed-values,table
yh2o_co2_binary,TAKENOUCHI,co2,y_h2o,523.15,1200,0,0,0,0,0,0,0.452,,T,fit-eligible,smoothed-values,table
yh2o_co2_binary,TAKENOUCHI,co2,y_h2o,523.15,1300,0,0,0,0,0,0,0.458,,T,fit-eligible,smoothed-values,table
yh2o_co2_binary,TAKENOUCHI,co2,y_h2o,523.15,1400,0,0,0,0,0,0,0.46,,T,fit-eligible,smoothed-values,table
yh2o_co2_binary,TAKENOUCHI,co2,y_h2o,523.15,1500,0,0,0,0,0,0,0.46,,T,fit-eligible,smoothed-values,table
yh2o_co2_binary,TAKENOUCHI,co2,y_h2o,533.15,200,0,0,0,0,0,0,0.428,,R,fit-eligible,smoothed-values,table
yh2o_co2_binary,TAKENOUCHI,co2,y_h2o,533.15,250,0,0,0,0,0,0,0.38,,T,fit-eligible,smoothed-values,table
yh2o_co2_binary,TAKENOUCHI,co2,y_h2o,533.15,300,0,0,0,0,0,0,0.36,,T,fit-eligible,smoothed-values,table
yh2o_co2_binary,TAKENOUCHI,co2,y_h2o,533.15,400,0,0,0,0,0,0,0.358,,T,fit-eligible,smoothed-values,table
yh2o_co2_binary,TAKENOUCHI,co2,y_h2o,533.15,500,0,0,0,0,0,0,0.376,,T,fit-eligible,smoothed-values,table
yh2o_co2_binary,TAKENOUCHI,co2,y_h2o,533.15,600,0,0,0,0,0,0,0.396,,T,fit-eligible,smoothed-values,table
yh2o_co2_binary,TAKENOUCHI,co2,y_h2o,533.15,700,0,0,0,0,0,0,0.42,,T,fit-eligible,smoothed-values,table
yh2o_co2_binary,TAKENOUCHI,co2,y_h2o,533.15,800,0,0,0,0,0,0,0.44,,T,fit-eligible,smoothed-values,table
yh2o_co2_binary,TAKENOUCHI,co2,y_h2o,533.15,900,0,0,0,0,0,0,0.452,,T,fit-eligible,smoothed-values,table
yh2o_co2_binary,TAKENOUCHI,co2,y_h2o,533.15,1000,0,0,0,0,0,0,0.464,,T,fit-eligible,smoothed-values,table
yh2o_co2_binary,TAKENOUCHI,co2,y_h2o,533.15,1100,0,0,0,0,0,0,0.476,,T,fit-eligible,smoothed-values,table
yh2o_co2_binary,TAKENOUCHI,co2,y_h2o,533.15,1200,0,0,0,0,0,0,0.49,,T,fit-eligible,smoothed-values,table
yh2o_co2_binary,TAKENOUCHI,co2,y_h2o,533.15,1300,0,0,0,0,0,0,0.496,,T,fit-eligible,smoothed-values,table
yh2o_co2_binary,TAKENOUCHI,co2,y_h2o,533.15,1400,0,0,0,0,0,0,0.498,,T,fit-eligible,smoothed-values,table
yh2o_co2_binary,TAKENOUCHI,co2,y_h2o,533.15,1500,0,0,0,0,0,0,0.5,,T,fit-eligible,smoothed-values,table
yh2o_co2_binary,TAKENOUCHI,co2,y_h2o,548.15,100,0,0,0,0,0,0,0.744,,T,fit-eligible,smoothed-values,table
yh2o_co2_binary,TAKENOUCHI,co2,y_h2o,548.15,150,0,0,0,0,0,0,0.574,,T,fit-eligible,smoothed-values,table
yh2o_co2_binary,TAKENOUCHI,co2,y_h2o,548.15,200,0,0,0,0,0,0,0.5,,R,fit-eligible,smoothed-values,table
yh2o_co2_binary,TAKENOUCHI,co2,y_h2o,548.15,250,0,0,0,0,0,0,0.46,,T,fit-eligible,smoothed-values,table
yh2o_co2_binary,TAKENOUCHI,co2,y_h2o,548.15,300,0,0,0,0,0,0,0.442,,R,fit-eligible,smoothed-values,table
yh2o_co2_binary,TAKENOUCHI,co2,y_h2o,548.15,400,0,0,0,0,0,0,0.442,,T,fit-eligible,smoothed-values,table
yh2o_co2_binary,TAKENOUCHI,co2,y_h2o,548.15,500,0,0,0,0,0,0,0.47,,T,fit-eligible,smoothed-values,table
yh2o_co2_binary,TAKENOUCHI,co2,y_h2o,548.15,600,0,0,0,0,0,0,0.504,,T,fit-eligible,smoothed-values,table
yh2o_co2_binary,TAKENOUCHI,co2,y_h2o,548.15,700,0,0,0,0,0,0,0.54,,T,fit-eligible,smoothed-values,table
yh2o_co2_binary,TAKENOUCHI,co2,y_h2o,548.15,800,0,0,0,0,0,0,0.58,,T,fit-eligible,smoothed-values,table
yh2o_co2_binary,TAKENOUCHI,co2,y_h2o,548.15,885,0,0,0,0,0,0,0.73,,T,fit-eligible,smoothed-values,table
yh2o_co2_binary,TAKENOUCHI,co2,y_h2o,573.15,100,0,0,0,0,0,0,0.92,,T,fit-eligible,smoothed-values,table
yh2o_co2_binary,TAKENOUCHI,co2,y_h2o,573.15,150,0,0,0,0,0,0,0.71,,T,fit-eligible,smoothed-values,table
yh2o_co2_binary,TAKENOUCHI,co2,y_h2o,573.15,200,0,0,0,0,0,0,0.61,,R,fit-eligible,smoothed-values,table
yh2o_co2_binary,TAKENOUCHI,co2,y_h2o,573.15,250,0,0,0,0,0,0,0.566,,T,fit-eligible,smoothed-values,table
yh2o_co2_binary,TAKENOUCHI,co2,y_h2o,573.15,300,0,0,0,0,0,0,0.546,,R,fit-eligible,smoothed-values,table
yh2o_co2_binary,TAKENOUCHI,co2,y_h2o,573.15,350,0,0,0,0,0,0,0.544,,T,fit-eligible,smoothed-values,table
yh2o_co2_binary,TAKENOUCHI,co2,y_h2o,573.15,400,0,0,0,0,0,0,0.552,,R,fit-eligible,smoothed-values,table
yh2o_co2_binary,TAKENOUCHI,co2,y_h2o,573.15,450,0,0,0,0,0,0,0.578,,T,fit-eligible,smoothed-values,table
yh2o_co2_binary,TAKENOUCHI,co2,y_h2o,573.15,500,0,0,0,0,0,0,0.62,,T,fit-eligible,smoothed-values,table
yh2o_co2_binary,TAKENOUCHI,co2,y_h2o,573.15,550,0,0,0,0,0,0,0.68,,T,fit-eligible,smoothed-values,table
yh2o_co2_binary,TAKENOUCHI,co2,y_h2o,573.15,575,0,0,0,0,0,0,0.764,,T,fit-eligible,smoothed-values,table
yh2o_co2_binary,TAKENOUCHI,co2,y_h2o,598.15,150,0,0,0,0,0,0,0.894,,T,fit-eligible,smoothed-values,table
yh2o_co2_binary,TAKENOUCHI,co2,y_h2o,598.15,200,0,0,0,0,0,0,0.754,,T,fit-eligible,smoothed-values,table
yh2o_co2_binary,TAKENOUCHI,co2,y_h2o,598.15,250,0,0,0,0,0,0,0.679,,T,fit-eligible,smoothed-values,table
yh2o_co2_binary,TAKENOUCHI,co2,y_h2o,598.15,300,0,0,0,0,0,0,0.658,,T,fit-eligible,smoothed-values,table
yh2o_co2_binary,TAKENOUCHI,co2,y_h2o,598.15,350,0,0,0,0,0,0,0.666,,T,fit-eligible,smoothed-values,table
yh2o_co2_binary,TAKENOUCHI,co2,y_h2o,598.15,400,0,0,0,0,0,0,0.714,,T,fit-eligible,smoothed-values,table
yh2o_co2_binary,TAKENOUCHI,co2,y_h2o,598.15,435,0,0,0,0,0,0,0.82,,T,fit-eligible,smoothed-values,table
yh2o_co2_binary,TAKENOUCHI,co2,y_h2o,623.15,200,0,0,0,0,0,0,0.91,,R,fit-eligible,smoothed-values,table
yh2o_co2_binary,TAKENOUCHI,co2,y_h2o,623.15,250,0,0,0,0,0,0,0.838,,R,fit-eligible,smoothed-values,table
yh2o_co2_binary,TAKENOUCHI,co2,y_h2o,623.15,300,0,0,0,0,0,0,0.834,,R,fit-eligible,smoothed-values,table
yh2o_co2_binary,TAKENOUCHI,co2,y_h2o,623.15,325,0,0,0,0,0,0,0.895,,R,fit-eligible,smoothed-values,table
yh2o_co2_binary,TODHEIDE,co2,y_h2o,323.15,200,0,0,0,0,0,0,0.01,,U,fit-eligible,smoothed-values,table
yh2o_co2_binary,TODHEIDE,co2,y_h2o,323.15,500,0,0,0,0,0,0,0.01,,U,fit-eligible,smoothed-values,table
yh2o_co2_binary,TODHEIDE,co2,y_h2o,323.15,1000,0,0,0,0,0,0,0.01,,U,fit-eligible,smoothed-values,table
yh2o_co2_binary,TODHEIDE,co2,y_h2o,323.15,1500,0,0,0,0,0,0,0.01,,U,fit-eligible,smoothed-values,table
yh2o_co2_binary,TODHEIDE,co2,y_h2o,323.15,2000,0,0,0,0,0,0,0.01,,U,fit-eligible,smoothed-values,table
yh2o_co2_binary,TODHEIDE,co2,y_h2o,323.15,2500,0,0,0,0,0,0,0.01,,U,fit-eligible,smoothed-values,table
yh2o_co2_binary,TODHEIDE,co2,y_h2o,323.15,3000,0,0,0,0,0,0,0.01,,U,fit-eligible,smoothed-values,table
yh2o_co2_binary,TODHEIDE,co2,y_h2o,323.15,3500,0,0,0,0,0,0,0.01,,U,fit-eligible,smoothed-values,table
yh2o_co2_binary,TODHEIDE,co2,y_h2o,373.15,200,0,0,0,0,0,0,0.029,,T,fit-eligible,smoothed-values,table
yh2o_co2_binary,TODHEIDE,co2,y_h2o,373.15,500,0,0,0,0,0,0,0.03,,T,fit-eligible,smoothed-values,table
yh2o_co2_binary,TODHEIDE,co2,y_h2o,373.15,1000,0,0,0,0,0,0,0.03,,T,fit-eligible,smoothed-values,table
yh2o_co2_binary,TODHEIDE,co2,y_h2o,373.15,1500,0,0,0,0,0,0,0.029,,T,fit-eligible,smoothed-values,table
yh2o_co2_binary,TODHEIDE,co2,y_h2o,373.15,2000,0,0,0,0,0,0,0.029,,T,fit-eligible,smoothed-values,table
yh2o_co2_binary,TODHEIDE,co2,y_h2o,373.15,2500,0,0,0,0,0,0,0.029,,T,fit-eligible,smoothed-values,table
yh2o_co2_binary,TODHEIDE,co2,y_h2o,373.15,3000,0,0,0,0,0,0,0.028,,T,fit-eligible,smoothed-values,table
yh2o_co2_binary,TODHEIDE,co2,y_h2o,373.15,3500,0,0,0,0,0,0,0.028,,T,fit-eligible,smoothed-values,table
yh2o_co2_binary,TODHEIDE,co2,y_h2o,423.15,200,0,0,0,0,0,0,0.06,,T,fit-eligible,smoothed-values,table
yh2o_co2_binary,TODHEIDE,co2,y_h2o,423.15,500,0,0,0,0,0,0,0.063,,T,fit-eligible,smoothed-values,table
yh2o_co2_binary,TODHEIDE,co2,y_h2o,423.15,1000,0,0,0,0,0,0,0.065,,T,fit-eligible,smoothed-values,table
yh2o_co2_binary,TODHEIDE,co2,y_h2o,423.15,1500,0,0,0,0,0,0,0.068,,T,fit-eligible,smoothed-values,table
yh2o_co2_binary,TODHEIDE,co2,y_h2o,423.15,2000,0,0,0,0,0,0,0.068,,T,fit-eligible,smoothed-values,table
yh2o_co2_binary,TODHEIDE,co2,y_h2o,423.15,2500,0,0,0,0,0,0,0.067,,T,fit-eligible,smoothed-values,table
yh2o_co2_binary,TODHEIDE,co2,y_h2o,423.15,3000,0,0,0,0,0,0,0.065,,T,fit-eligible,smoothed-values,table
yh2o_co2_binary,TODHEIDE,co2,y_h2o,423.15,3500,0,0,0,0,0,0,0.063,,T,fit-eligible,smoothed-values,table
yh2o_co2_binary,TODHEIDE,co2,y_h2o,473.15,200,0,0,0,0,0,0,0.155,,T,fit-eligible,smoothed-values,table
yh2o_co2_binary,TODHEIDE,co2,y_h2o,473.15,500,0,0,0,0,0,0,0.14,,T,fit-eligible,smoothed-values,table
yh2o_co2_binary,TODHEIDE,co2,y_h2o,473.15,1000,0,0,0,0,0,0,0.145,,T,fit-eligible,smoothed-values,table
yh2o_co2_binary,TODHEIDE,co2,y_h2o,473.15,1500,0,0,0,0,0,0,0.15,,T,fit-eligible,smoothed-values,table
yh2o_co2_binary,TODHEIDE,co2,y_h2o,473.15,2000,0,0,0,0,0,0,0.145,,T,fit-eligible,smoothed-values,table
yh2o_co2_binary,TODHEIDE,co2,y_h2o,473.15,2500,0,0,0,0,0,0,0.14,,T,fit-eligible,smoothed-values,table
yh2o_co2_binary,TODHEIDE,co2,y_h2o,473.15,3000,0,0,0,0,0,0,0.133,,T,fit-eligible,smoothed-values,table
yh2o_co2_binary,TODHEIDE,co2,y_h2o,473.15,3500,0,0,0,0,0,0,0.125,,T,fit-eligible,smoothed-values,table
yh2o_co2_binary,TODHEIDE,co2,y_h2o,523.15,200,0,0,0,0,0,0,0.335,,R,fit-eligible,smoothed-values,table
yh2o_co2_binary,TODHEIDE,co2,y_h2o,523.15,500,0,0,0,0,0,0,0.28,,T,fit-eligible,smoothed-values,table
yh2o_co2_binary,TODHEIDE,co2,y_h2o,523.15,1000,0,0,0,0,0,0,0.305,,T,fit-eligible,smoothed-values,table
yh2o_co2_binary,TODHEIDE,co2,y_h2o,523.15,1500,0,0,0,0,0,0,0.315,,T,fit-eligible,smoothed-values,table
yh2o_co2_binary,TODHEIDE,co2,y_h2o,523.15,2000,0,0,0,0,0,0,0.325,,T,fit-eligible,smoothed-values,table
yh2o_co2_binary,TODHEIDE,co2,y_h2o,523.15,2500,0,0,0,0,0,0,0.325,,T,fit-eligible,smoothed-values,table
yh2o_co2_binary,TODHEIDE,co2,y_h2o,523.15,3000,0,0,0,0,0,0,0.307,,T,fit-eligible,smoothed-values,table
yh2o_co2_binary,TODHEIDE,co2,y_h2o,523.15,3500,0,0,0,0,0,0,0.295,,T,fit-eligible,smoothed-values,table
yh2o_co2_binary,TODHEIDE,co2,y_h2o,533.15,200,0,0,0,0,0,0,0.399,,R,fit-eligible,smoothed-values,table
yh2o_co2_binary,TODHEIDE,co2,y_h2o,533.15,500,0,0,0,0,0,0,0.318,,T,fit-eligible,smoothed-values,table
yh2o_co2_binary,TODHEIDE,co2,y_h2o,533.15,1000,0,0,0,0,0,0,0.368,,T,fit-eligible,smoothed-values,table
yh2o_co2_binary,TODHEIDE,co2,y_h2o,533.15,1500,0,0,0,0,0,0,0.415,,T,fit-eligible,smoothed-values,table
yh2o_co2_binary,TODHEIDE,co2,y_h2o,533.15,2000,0,0,0,0,0,0,0.425,,T,fit-eligible,smoothed-values,table
yh2o_co2_binary,TODHEIDE,co2,y_h2o,533.15,2500,0,0,0,0,0,0,0.405,,T,fit-eligible,smoothed-values,table
yh2o_co2_binary,TODHEIDE,co2,y_h2o,533.15,3000,0,0,0,0,0,0,0.385,,T,fit-eligible,smoothed-values,table
yh2o_co2_binary,TODHEIDE,co2,y_h2o,533.15,3500,0,0,0,0,0,0,0.37,,T,fit-eligible,smoothed-values,table
yh2o_co2_binary,TODHEIDE,co2,y_h2o,538.15,200,0,0,0,0,0,0,0.423,,T,fit-eligible,smoothed-values,table
yh2o_co2_binary,TODHEIDE,co2,y_h2o,538.15,500,0,0,0,0,0,0,0.343,,T,fit-eligible,smoothed-values,table
yh2o_co2_binary,TODHEIDE,co2,y_h2o,538.15,1000,0,0,0,0,0,0,0.4,,T,fit-eligible,smoothed-values,table
yh2o_co2_binary,TODHEIDE,co2,y_h2o,538.15,1500,0,0,0,0,0,0,0.454,,T,fit-eligible,smoothed-values,table
yh2o_co2_binary,TODHEIDE,co2,y_h2o,538.15,2000,0,0,0,0,0,0,0.492,,T,fit-eligible,smoothed-values,table
yh2o_co2_binary,TODHEIDE,co2,y_h2o,538.15,2500,0,0,0,0,0,0,0.507,,T,fit-eligible,smoothed-values,table
yh2o_co2_binary,TODHEIDE,co2,y_h2o,538.15,3000,0,0,0,0,0,0,0.45,,T,fit-eligible,smoothed-values,table
yh2o_co2_binary,TODHEIDE,co2,y_h2o,538.15,3500,0,0,0,0,0,0,0.43,,T,fit-eligible,smoothed-values,table
yh2o_co2_binary,TODHEIDE,co2,y_h2o,541.15,200,0,0,0,0,0,0,0.441,,T,fit-eligible,smoothed-values,table
yh2o_co2_binary,TODHEIDE,co2,y_h2o,541.15,300,0,0,0,0,0,0,0.38,,T,fit-eligible,smoothed-values,table
yh2o_co2_binary,TODHEIDE,co2,y_h2o,541.15,400,0,0,0,0,0,0,0.356,,T,fit-eligible,smoothed-values,table
yh2o_co2_binary,TODHEIDE,co2,y_h2o,541.15,500,0,0,0,0,0,0,0.358,,T,fit-eligible,smoothed-values,table
yh2o_co2_binary,TODHEIDE,co2,y_h2o,541.15,600,0,0,0,0,0,0,0.362,,T,fit-eligible,smoothed-values,table
yh2o_co2_binary,TODHEIDE,co2,y_h2o,541.15,700,0,0,0,0,0,0,0.378,,T,fit-eligible,smoothed-values,table
yh2o_co2_binary,TODHEIDE,co2,y_h2o,541.15,800,0,0,0,0,0,0,0.397,,T,fit-eligible,smoothed-values,table
yh2o_co2_binary,TODHEIDE,co2,y_h2o,541.15,900,0,0,0,0,0,0,0.414,,T,fit-eligible,smoothed-values,table
yh2o_co2_binary,TODHEIDE,co2,y_h2o,541.15,1000,0,0,0,0,0,0,0.431,,T,fit-eligible,smoothed-values,table
yh2o_co2_binary,TODHEIDE,co2,y_h2o,541.15,1100,0,0,0,0,0,0,0.444,,T,fit-eligible,smoothed-values,table
yh2o_co2_binary,TODHEIDE,co2,y_h2o,541.15,1200,0,0,0,0,0,0,0.453,,T,fit-eligible,smoothed-values,table
yh2o_co2_binary,TODHEIDE,co2,y_h2o,541.15,1300,0,0,0,0,0,0,0.47,,T,fit-eligible,smoothed-values,table
yh2o_co2_binary,TODHEIDE,co2,y_h2o,541.15,1400,0,0,0,0,0,0,0.482,,T,fit-eligible,smoothed-values,table
yh2o_co2_binary,TODHEIDE,co2,y_h2o,541.15,1500,0,0,0,0,0,0,0.503,,T,fit-eligible,smoothed-values,table
yh2o_co2_binary,TODHEIDE,co2,y_h2o,541.15,1620,0,0,0,0,0,0,0.615,,T,fit-eligible,smoothed-values,table
yh2o_co2_binary,TODHEIDE,co2,y_h2o,543.15,200,0,0,0,0,0,0,0.453,,T,fit-eligible,smoothed-values,table
yh2o_co2_binary,TODHEIDE,co2,y_h2o,543.15,300,0,0,0,0,0,0,0.386,,T,fit-eligible,smoothed-values,table
yh2o_co2_binary,TODHEIDE,co2,y_h2o,543.15,400,0,0,0,0,0,0,0.365,,T,fit-eligible,smoothed-values,table
yh2o_co2_binary,TODHEIDE,co2,y_h2o,543.15,500,0,0,0,0,0,0,0.369,,T,fit-eligible,smoothed-values,table
yh2o_co2_binary,TODHEIDE,co2,y_h2o,543.15,600,0,0,0,0,0,0,0.372,,T,fit-eligible,smoothed-values,table
yh2o_co2_binary,TODHEIDE,co2,y_h2o,543.15,700,0,0,0,0,0,0,0.393,,T,fit-eligible,smoothed-values,table
yh2o_co2_binary,TODHEIDE,co2,y_h2o,543.15,800,0,0,0,0,0,0,0.415,,T,fit-eligible,smoothed-values,table
yh2o_co2_binary,TODHEIDE,co2,y_h2o,543.15,900,0,0,0,0,0,0,0.435,,T,fit-eligible,smoothed-values,table
yh2o_co2_binary,TODHEIDE,co2,y_h2o,543.15,1000,0,0,0,0,0,0,0.455,,T,fit-eligible,smoothed-values,table
yh2o_co2_binary,TODHEIDE,co2,y_h2o,543.15,1100,0,0,0,0,0,0,0.475,,T,fit-eligible,smoothed-values,table
yh2o_co2_binary,TODHEIDE,co2,y_h2o,543.15,1200,0,0,0,0,0,0,0.497,,T,fit-eligible,smoothed-values,table
yh2o_co2_binary,TODHEIDE,co2,y_h2o,543.15,1300,0,0,0,0,0,0,0.534,,T,fit-eligible,smoothed-values,table
yh2o_co2_binary,TODHEIDE,co2,y_h2o,543.15,1370,0,0,0,0,0,0,0.633,,T,fit-eligible,smoothed-values,table
yh2o_co2_binary,TODHEIDE,co2,y_h2o,548.15,200,0,0,0,0,0,0,0.481,,R,fit-eligible,smoothed-values,table
yh2o_co2_binary,TODHEIDE,co2,y_h2o,548.15,300,0,0,0,0,0,0,0.409,,R,fit-eligible,smoothed-values,table
yh2o_co2_binary,TODHEIDE,co2,y_h2o,548.15,400,0,0,0,0,0,0,0.388,,T,fit-eligible,smoothed-values,table
yh2o_co2_binary,TODHEIDE,co2,y_h2o,548.15,500,0,0,0,0,0,0,0.389,,T,fit-eligible,smoothed-values,table
yh2o_co2_binary,TODHEIDE,co2,y_h2o,548.15,600,0,0,0,0,0,0,0.405,,T,fit-eligible,smoothed-values,table
yh2o_co2_binary,TODHEIDE,co2,y_h2o,548.15,700,0,0,0,0,0,0,0.428,,T,fit-eligible,smoothed-values,table
yh2o_co2_binary,TODHEIDE,co2,y_h2o,548.15,800,0,0,0,0,0,0,0.459,,T,fit-eligible,smoothed-values,table
yh2o_co2_binary,TODHEIDE,co2,y_h2o,548.15,900,0,0,0,0,0,0,0.493,,T,fit-eligible,smoothed-values,table
yh2o_co2_binary,TODHEIDE,co2,y_h2o,548.15,1000,0,0,0,0,0,0,0.545,,T,fit-eligible,smoothed-values,table
yh2o_co2_binary,TODHEIDE,co2,y_h2o,548.15,1080,0,0,0,0,0,0,0.653,,T,fit-eligible,smoothed-values,table
yh2o_co2_binary,TODHEIDE,co2,y_h2o,573.15,200,0,0,0,0,0,0,0.648,,R,fit-eligible,smoothed-values,table
yh2o_co2_binary,TODHEIDE,co2,y_h2o,573.15,300,0,0,0,0,0,0,0.546,,R,fit-eligible,smoothed-values,table
yh2o_co2_binary,TODHEIDE,co2,y_h2o,573.15,400,0,0,0,0,0,0,0.52,,R,fit-eligible,smoothed-values,table
yh2o_co2_binary,TODHEIDE,co2,y_h2o,573.15,500,0,0,0,0,0,0,0.54,,T,fit-eligible,smoothed-values,table
yh2o_co2_binary,TODHEIDE,co2,y_h2o,573.15,600,0,0,0,0,0,0,0.665,,T,fit-eligible,smoothed-values,table
yh2o_co2_binary,TODHEIDE,co2,y_h2o,573.15,608,0,0,0,0,0,0,0.733,,T,fit-eligible,smoothed-values,table
yh2o_co2_binary,TODHEIDE,co2,y_h2o,623.15,200,0,0,0,0,0,0,0.945,,R,fit-eligible,smoothed-values,table
yh2o_co2_binary,TODHEIDE,co2,y_h2o,623.15,250,0,0,0,0,0,0,0.88,,R,fit-eligible,smoothed-values,table
yh2o_co2_binary,TODHEIDE,co2,y_h2o,623.15,300,0,0,0,0,0,0,0.838,,R,fit-eligible,smoothed-values,table
yh2o_co2_binary,TODHEIDE,co2,y_h2o,623.15,325,0,0,0,0,0,0,0.84,,R,fit-eligible,smoothed-values,table
yh2o_co2_binary,TODHEIDE,co2,y_h2o,623.15,333,0,0,0,0,0,0,0.875,,T,fit-eligible,smoothed-values,table
yh2o_co2_binary,Valtz,co2,y_h2o,278.22,5.01,0,0,0,0,0,0,0.0015,,T,fit-eligible,,table
yh2o_co2_binary,Valtz,co2,y_h2o,278.22,7.55,0,0,0,0,0,0,0.0011,,T,fit-eligible,,table
yh2o_co2_binary,Valtz,co2,y_h2o,278.22,10.16,0,0,0,0,0,0,0.0007,,T,fit-eligible,,table
yh2o_co2_binary,Valtz,co2,y_h2o,288.26,4.96,0,0,0,0,0,0,0.0031,,T,fit-eligible,,table
yh2o_co2_binary,Valtz,co2,y_h2o,288.26,11.03,0,0,0,0,0,0,0.0014,,T,fit-eligible,,table
yh2o_co2_binary,Valtz,co2,y_h2o,288.26,19.41,0,0,0,0,0,0,0.0009,,T,fit-eligible,,table
yh2o_co2_binary,Valtz,co2,y_h2o,298.28,5.04,0,0,0,0,0,0,0.0065,,T,fit-eligible,,table
yh2o_co2_binary,Valtz,co2,y_h2o,298.28,10.07,0,0,0,0,0,0,0.0038,,T,fit-eligible,,table
yh2o_co2_binary,Valtz,co2,y_h2o,298.28,14.96,0,0,0,0,0,0,0.0028,,T,fit-eligible,,table
yh2o_co2_binary,Valtz,co2,y_h2o,298.28,24.83,0,0,0,0,0,0,0.0014,,T,fit-eligible,,table
yh2o_co2_binary,Valtz,co2,y_h2o,298.28,34.91,0,0,0,0,0,0,0.0013,,T,fit-eligible,,table
yh2o_co2_binary,Valtz,co2,y_h2o,304,6.8,0,0,0,0,0,0,0.0068,,T,fit-eligible,source-caution,table
yh2o_co2_binary,Valtz,co2,y_h2o,304,25,0,0,0,0,0,0,0.0023,,R,fit-eligible,source-caution,table
yh2o_co2_binary,Valtz,co2,y_h2o,304,51,0,0,0,0,0,0,0.0016,,R,fit-eligible,source-caution,table
yh2o_co2_binary,Valtz,co2,y_h2o,304,102,0,0,0,0,0,0,0.0041,,T,fit-eligible,source-caution,table
yh2o_co2_binary,Valtz,co2,y_h2o,304,204,0,0,0,0,0,0,0.0046,,T,fit-eligible,source-caution,table
yh2o_co2_binary,Valtz,co2,y_h2o,308.21,5.82,0,0,0,0,0,0,0.0096,,T,fit-eligible,,table
yh2o_co2_binary,Valtz,co2,y_h2o,308.21,8.19,0,0,0,0,0,0,0.0079,,T,fit-eligible,,table
yh2o_co2_binary,Valtz,co2,y_h2o,308.21,18.89,0,0,0,0,0,0,0.0034,,T,fit-eligible,,table
yh2o_co2_binary,Valtz,co2,y_h2o,308.21,30.29,0,0,0,0,0,0,0.0023,,T,fit-eligible,,table
yh2o_co2_binary,Valtz,co2,y_h2o,308.21,40.05,0,0,0,0,0,0,0.002,,T,fit-eligible,,table
yh2o_co2_binary,Valtz,co2,y_h2o,308.21,49.85,0,0,0,0,0,0,0.0017,,T,fit-eligible,,table
yh2o_co2_binary,Valtz,co2,y_h2o,308.21,59.49,0,0,0,0,0,0,0.0016,,T,fit-eligible,,table
yh2o_co2_binary,Valtz,co2,y_h2o,308.21,70.56,0,0,0,0,0,0,0.0017,,T,fit-eligible,,table
yh2o_co2_binary,Valtz,co2,y_h2o,308.21,79.63,0,0,0,0,0,0,0.0025,,T,fit-eligible,,table
yh2o_co2_binary,Valtz,co2,y_h2o,318.22,4.64,0,0,0,0,0,0,0.025,,T,fit-eligible,,table
yh2o_co2_binary,Valtz,co2,y_h2o,318.22,10.45,0,0,0,0,0,0,0.0125,,T,fit-eligible,,table
yh2o_co2_binary,Valtz,co2,y_h2o,318.22,18.63,0,0,0,0,0,0,0.0065,,T,fit-eligible,,table
yh2o_co2_binary,Valtz,co2,y_h2o,318.22,30.01,0,0,0,0,0,0,0.0044,,T,fit-eligible,,table
yh2o_co2_binary,Valtz,co2,y_h2o,318.22,39.77,0,0,0,0,0,0,0.0038,,T,fit-eligible,,table
yh2o_co2_binary,Valtz,co2,y_h2o,318.22,49.56,0,0,0,0,0,0,0.0035,,T,fit-eligible,,table
yh2o_co2_binary,Valtz,co2,y_h2o,318.22,59.92,0,0,0,0,0,0,0.0033,,T,fit-eligible,,table
yh2o_co2_binary,Valtz,co2,y_h2o,318.22,69.3,0,0,0,0,0,0,0.0029,,T,fit-eligible,,table
yh2o_co2_binary,king,co2,y_h2o,288.15,51.7,0,0,0,0,0,0,0.00222,,T,fit-eligible,,table
yh2o_co2_binary,king,co2,y_h2o,288.15,76,0,0,0,0,0,0,0.00235,,T,fit-eligible,,table
yh2o_co2_binary,king,co2,y_h2o,288.15,101.3,0,0,0,0,0,0,0.00241,,T,fit-eligible,,table
yh2o_co2_binary,king,co2,y_h2o,288.15,126.7,0,0,0,0,0,0,0.00255,,T,fit-eligible,,table
yh2o_co2_binary,king,co2,y_h2o,288.15,152,0,0,0,0,0,0,0.00262,,T,fit-eligible,,table
yh2o_co2_binary,king,co2,y_h2o,288.15,177.3,0,0,0,0,0,0,0.00272,,T,fit-eligible,,table
yh2o_co2_binary,king,co2,y_h2o,288.15,202.7,0,0,0,0,0,0,0.0028,,T,fit-eligible,,table
yh2o_co2_binary,king,co2,y_h2o,293.15,58.8,0,0,0,0,0,0,0.00261,,T,fit-eligible,,table
yh2o_co2_binary,king,co2,y_h2o,293.15,76,0,0,0,0,0,0,0.00276,,T,fit-eligible,,table
yh2o_co2_binary,king,co2,y_h2o,293.15,101.3,0,0,0,0,0,0,0.00293,,T,fit-eligible,,table
yh2o_co2_binary,king,co2,y_h2o,293.15,152,0,0,0,0,0,0,0.0032,,T,fit-eligible,,table
yh2o_co2_binary,king,co2,y_h2o,293.15,177.3,0,0,0,0,0,0,0.00322,,T,fit-eligible,,table
yh2o_co2_binary,king,co2,y_h2o,293.15,202.7,0,0,0,0,0,0,0.00334,,T,fit-eligible,,table
yh2o_co2_binary,king,co2,y_h2o,298.15,76,0,0,0,0,0,0,0.00309,,T,fit-eligible,,table
yh2o_co2_binary,king,co2,y_h2o,298.15,101.3,0,0,0,0,0,0,0.00327,,T,fit-eligible,,table
yh2o_co2_binary,king,co2,y_h2o,298.15,152,0,0,0,0,0,0,0.00354,,T,fit-eligible,,table
yh2o_co2_binary,king,co2,y_h2o,298.15,177.3,0,0,0,0,0,0,0.00369,,T,fit-eligible,,table
yh2o_co2_binary,king,co2,y_h2o,298.15,202.7,0,0,0,0,0,0,0.00378,,T,fit-eligible,,table
yh2o_co2_binary,king,co2,y_h2o,308.15,101.3,0,0,0,0,0,0,0.00407,,T,fit-eligible,,table
yh2o_co2_binary,king,co2,y_h2o,308.15,126.7,0,0,0,0,0,0,0.00435,,T,fit-eligible,,table
yh2o_co2_binary,king,co2,y_h2o,308.15,152,0,0,0,0,0,0,0.00457,,T,fit-eligible,,table
yh2o_co2_binary,king,co2,y_h2o,308.15,202.7,0,0,0,0,0,0,0.00498,,T,fit-eligible,,table
yh2o_co2_binary,king,co2,y_h2o,313.15,101.3,0,0,0,0,0,0,0.00428,,T,fit-eligible,,table
yh2o_co2_binary,king,co2,y_h2o,313.15,126.7,0,0,0,0,0,0,0.00467,,T,fit-eligible,,table
yh2o_co2_binary,king,co2,y_h2o,313.15,152,0,0,0,0,0,0,0.00507,,T,fit-eligible,,table
yh2o_co2_binary,king,co2,y_h2o,313.15,202.7,0,0,0,0,0,0,0.0058,,T,fit-eligible,,table
yh2o_co2_jooss2026,JOOSS(2026),co2,y_h2o,308.13,40,0,0,0,0,0,0,0.0022,0.0001852,T,test-only,,table
yh2o_co2_jooss2026,JOOSS(2026),co2,y_h2o,308.13,60,0,0,0,0,0,0,0.00205,0.0002016,T,test-only,,table
yh2o_co2_jooss2026,JOOSS(2026),co2,y_h2o,308.13,70,0,0,0,0,0,0,0.00209,0.00019615,T,test-only,,table
yh2o_co2_jooss2026,JOOSS(2026),co2,y_h2o,308.13,90,0,0,0,0,0,0,0.0038,0.0001016,T,test-only,,table
yh2o_co2_jooss2026,JOOSS(2026),co2,y_h2o,308.13,190,0,0,0,0,0,0,0.00467,8.27e-05,T,test-only,,table
yh2o_co2_jooss2026,JOOSS(2026),co2,y_h2o,308.14,10,0,0,0,0,0,0,0.00636,7.535e-05,T,test-only,,table
yh2o_co2_jooss2026,JOOSS(2026),co2,y_h2o,308.14,20,0,0,0,0,0,0,0.00345,0.0001131,T,test-only,,table
yh2o_co2_jooss2026,JOOSS(2026),co2,y_h2o,308.15,80,0,0,0,0,0,0,0.00291,0.00013545,T,test-only,,table
yh2o_co2_jooss2026,JOOSS(2026),co2,y_h2o,308.15,300,0,0,0,0,0,0,0.00492,7.8e-05,T,test-only,,table
yh2o_co2_jooss2026,JOOSS(2026),co2,y_h2o,323.15,10,0,0,0,0,0,0,0.01363,0.0003659,T,test-only,,table
yh2o_co2_jooss2026,JOOSS(2026),co2,y_h2o,323.16,420,0,0,0,0,0,0,0.00724,7.815e-05,T,test-only,,table
yh2o_co2_jooss2026,JOOSS(2026),co2,y_h2o,323.33,35,0,0,0,0,0,0,0.00468,8.545e-05,T,test-only,,table
yh2o_co2_jooss2026,JOOSS(2026),co2,y_h2o,323.34,60,0,0,0,0,0,0,0.00348,0.00011325,T,test-only,,table
yh2o_co2_jooss2026,JOOSS(2026),co2,y_h2o,323.34,73,0,0,0,0,0,0,0.00345,0.00011435,T,test-only,,table
yh2o_co2_jooss2026,JOOSS(2026),co2,y_h2o,323.34,78,0,0,0,0,0,0,0.00333,0.00011795,T,test-only,,table
yh2o_co2_jooss2026,JOOSS(2026),co2,y_h2o,323.34,84,0,0,0,0,0,0,0.00347,0.00011175,T,test-only,,table
yh2o_co2_jooss2026,JOOSS(2026),co2,y_h2o,323.34,175,0,0,0,0,0,0,0.00637,0.0001425,T,test-only,,table
yh2o_co2_jooss2026,JOOSS(2026),co2,y_h2o,323.35,120,0,0,0,0,0,0,0.00527,7.605e-05,T,test-only,,table
yh2o_co2_jooss2026,JOOSS(2026),co2,y_h2o,338.14,270,0,0,0,0,0,0,0.00968,7.8e-05,T,test-only,,table
yh2o_co2_jooss2026,JOOSS(2026),co2,y_h2o,338.14,420,0,0,0,0,0,0,0.01028,7.59e-05,T,test-only,,table
yh2o_co2_jooss2026,JOOSS(2026),co2,y_h2o,338.14,520,0,0,0,0,0,0,0.01048,7.57e-05,T,test-only,,table
yh2o_co2_jooss2026,JOOSS(2026),co2,y_h2o,338.15,10,0,0,0,0,0,0,0.02622,9.685e-05,T,test-only,,table
yh2o_co2_jooss2026,JOOSS(2026),co2,y_h2o,338.15,20,0,0,0,0,0,0,0.01399,8.525e-05,T,test-only,,table
yh2o_co2_jooss2026,JOOSS(2026),co2,y_h2o,338.15,60,0,0,0,0,0,0,0.00644,7.725e-05,T,test-only,,table
yh2o_co2_jooss2026,JOOSS(2026),co2,y_h2o,338.15,90,0,0,0,0,0,0,0.00579,7.77e-05,T,test-only,,table
yh2o_co2_jooss2026,JOOSS(2026),co2,y_h2o,338.15,170,0,0,0,0,0,0,0.00833,7.52e-05,T,test-only,,table
yh2o_co2_jooss2026,JOOSS(2026),co2,y_h2o,338.16,110,0,0,0,0,0,0,0.00615,7.475e-05,T,test-only,,table
yh2o_co2_jooss2026,JOOSS(2026),co2,y_h2o,358.15,60,0,0,0,0,0,0,0.01358,4.105e-05,T,test-only,,table
yh2o_co2_jooss2026,JOOSS(2026),co2,y_h2o,358.16,10,0,0,0,0,0,0,0.06055,0.00013255,T,test-only,,table
yh2o_co2_jooss2026,JOOSS(2026),co2,y_h2o,358.16,20,0,0,0,0,0,0,0.03178,0.00010155,T,test-only,,table
yh2o_co2_jooss2026,JOOSS(2026),co2,y_h2o,358.16,100,0,0,0,0,0,0,0.01115,3.43e-05,T,test-only,,table
yh2o_co2_jooss2026,JOOSS(2026),co2,y_h2o,358.16,140,0,0,0,0,0,0,0.01141,2.905e-05,T,test-only,,table
yh2o_co2_jooss2026,JOOSS(2026),co2,y_h2o,358.16,190,0,0,0,0,0,0,0.01297,4.325e-05,T,test-only,,table
yh2o_co2_jooss2026,JOOSS(2026),co2,y_h2o,358.16,270,0,0,0,0,0,0,0.0146,3.885e-05,T,test-only,,table
yh2o_co2_jooss2026,JOOSS(2026),co2,y_h2o,358.16,700,0,0,0,0,0,0,0.01653,5.605e-05,T,test-only,,table
yh2o_co2_jooss2026,JOOSS(2026),co2,y_h2o,358.17,420,0,0,0,0,0,0,0.0157,5.01e-05,T,test-only,,table
yh2o_co2_jooss2026,JOOSS(2026),co2,y_h2o,368.17,10,0,0,0,0,0,0,0.08852,0.000268,T,test-only,,table
yh2o_co2_jooss2026,JOOSS(2026),co2,y_h2o,368.17,20,0,0,0,0,0,0,0.04633,0.00013645,T,test-only,,table
yh2o_co2_jooss2026,JOOSS(2026),co2,y_h2o,368.17,40,0,0,0,0,0,0,0.02552,0.00010735,T,test-only,,table
yh2o_co2_jooss2026,JOOSS(2026),co2,y_h2o,368.17,100,0,0,0,0,0,0,0.01486,0.00010355,T,test-only,,table
yh2o_co2_jooss2026,JOOSS(2026),co2,y_h2o,368.17,130,0,0,0,0,0,0,0.01436,9.52e-05,T,test-only,,table
yh2o_co2_jooss2026,JOOSS(2026),co2,y_h2o,368.17,180,0,0,0,0,0,0,0.01541,8.78e-05,T,test-only,,table
yh2o_co2_jooss2026,JOOSS(2026),co2,y_h2o,368.18,270,0,0,0,0,0,0,0.01686,8.46e-05,T,test-only,,table
yh2o_co2_jooss2026,JOOSS(2026),co2,y_h2o,368.2,420,0,0,0,0,0,0,0.01922,0.0001237,T,test-only,,table
yh2o_co2_jooss2026,JOOSS(2026),co2,y_h2o,368.2,700,0,0,0,0,0,0,0.02049,0.00011365,T,test-only,,table
yh2o_co2_jooss2026,JOOSS(2026),co2,y_h2o,393.15,80,0,0,0,0,0,0,0.03551,0.00014865,T,test-only,,table
yh2o_co2_jooss2026,JOOSS(2026),co2,y_h2o,393.16,40,0,0,0,0,0,0,0.05873,0.00010575,T,test-only,,table
yh2o_co2_jooss2026,JOOSS(2026),co2,y_h2o,393.16,160,0,0,0,0,0,0,0.0273,0.00011105,T,test-only,,table
yh2o_co2_jooss2026,JOOSS(2026),co2,y_h2o,393.16,220,0,0,0,0,0,0,0.02791,9.58e-05,T,test-only,,table
yh2o_co2_jooss2026,JOOSS(2026),co2,y_h2o,393.16,270,0,0,0,0,0,0,0.02908,8.42e-05,T,test-only,,table
yh2o_co2_jooss2026,JOOSS(2026),co2,y_h2o,393.17,20,0,0,0,0,0,0,0.10842,0.00012695,T,test-only,,table
yh2o_co2_jooss2026,JOOSS(2026),co2,y_h2o,393.17,110,0,0,0,0,0,0,0.0301,0.0001366,T,test-only,,table
yh2o_co2_jooss2026,JOOSS(2026),co2,y_h2o,393.21,420,0,0,0,0,0,0,0.03115,0.00012095,T,test-only,,table
yh2o_co2_jooss2026,JOOSS(2026),co2,y_h2o,393.22,700,0,0,0,0,0,0,0.03347,0.0001303,T,test-only,,table
yh2o_co2_kcl_hou2013,HOU(2013b),co2,y_h2o,323.15,29.2,0,2.5,2.5,0,0,0,0.00391,3.65e-05,T,test-only,,table
yh2o_co2_kcl_hou2013,HOU(2013b),co2,y_h2o,323.15,30.27,0,4,4,0,0,0,0.0034,9.28e-05,T,test-only,,table
yh2o_co2_kcl_hou2013,HOU(2013b),co2,y_h2o,323.15,58.95,0,2.5,2.5,0,0,0,0.00241,3.96e-05,T,test-only,,table
yh2o_co2_kcl_hou2013,HOU(2013b),co2,y_h2o,323.15,59.59,0,4,4,0,0,0,0.00199,7.21e-05,T,test-only,,table
yh2o_co2_kcl_hou2013,HOU(2013b),co2,y_h2o,323.15,88.8,0,2.5,2.5,0,0,0,0.00222,2.02e-05,T,test-only,,table
yh2o_co2_kcl_hou2013,HOU(2013b),co2,y_h2o,323.15,89.98,0,4,4,0,0,0,0.00177,2.59e-05,T,test-only,,table
yh2o_co2_kcl_hou2013,HOU(2013b),co2,y_h2o,323.15,117.74,0,2.5,2.5,0,0,0,0.00272,3.16e-05,T,test-only,,table
yh2o_co2_kcl_hou2013,HOU(2013b),co2,y_h2o,323.15,120.84,0,4,4,0,0,0,0.00247,5.13e-05,T,test-only,,table
yh2o_co2_kcl_hou2013,HOU(2013b),co2,y_h2o,323.15,150.36,0,4,4,0,0,0,0.00362,4.51e-05,T,test-only,,table
yh2o_co2_kcl_hou2013,HOU(2013b),co2,y_h2o,323.15,150.62,0,2.5,2.5,0,0,0,0.0038,1.73e-05,T,test-only,,table
yh2o_co2_kcl_hou2013,HOU(2013b),co2,y_h2o,323.15,180.78,0,2.5,2.5,0,0,0,0.00413,3.12e-05,T,test-only,,table
yh2o_co2_kcl_hou2013,HOU(2013b),co2,y_h2o,323.15,181.84,0,4,4,0,0,0,0.00402,4.21e-05,T,test-only,,table
yh2o_co2_kcl_hou2013,HOU(2013b),co2,y_h2o,373.15,29.45,0,2.5,2.5,0,0,0,0.03088,0.000165,T,test-only,,table
yh2o_co2_kcl_hou2013,HOU(2013b),co2,y_h2o,373.15,30.25,0,4,4,0,0,0,0.01649,0.000126,T,test-only,,table
yh2o_co2_kcl_hou2013,HOU(2013b),co2,y_h2o,373.15,60.23,0,4,4,0,0,0,0.00944,0.000114,T,test-only,,table
yh2o_co2_kcl_hou2013,HOU(2013b),co2,y_h2o,373.15,60.8,0,2.5,2.5,0,0,0,0.01244,0.000149,T,test-only,,table
yh2o_co2_kcl_hou2013,HOU(2013b),co2,y_h2o,373.15,89.78,0,4,4,0,0,0,0.00844,8.59e-05,T,test-only,,table
yh2o_co2_kcl_hou2013,HOU(2013b),co2,y_h2o,373.15,90.71,0,2.5,2.5,0,0,0,0.01166,0.000158,T,test-only,,table
yh2o_co2_kcl_hou2013,HOU(2013b),co2,y_h2o,373.15,120.32,0,4,4,0,0,0,0.00767,9.25e-05,T,test-only,,table
yh2o_co2_kcl_hou2013,HOU(2013b),co2,y_h2o,373.15,120.32,0,2.5,2.5,0,0,0,0.0107,0.000185,T,test-only,,table
yh2o_co2_kcl_hou2013,HOU(2013b),co2,y_h2o,373.15,148.74,0,2.5,2.5,0,0,0,0.0122,0.000126,T,test-only,,table
yh2o_co2_kcl_hou2013,HOU(2013b),co2,y_h2o,373.15,151.03,0,4,4,0,0,0,0.00938,0.000187,T,test-only,,table
yh2o_co2_kcl_hou2013,HOU(2013b),co2,y_h2o,373.15,178.83,0,2.5,2.5,0,0,0,0.01266,9.63e-05,T,test-only,,table
yh2o_co2_kcl_hou2013,HOU(2013b),co2,y_h2o,373.15,182.15,0,4,4,0,0,0,0.01038,0.000102,T,test-only,,table
yh2o_co2_kcl_hou2013,HOU(2013b),co2,y_h2o,423.15,27.45,0,2.5,2.5,0,0,0,0.18882,0.000425,T,test-only,,table
yh2o_co2_kcl_hou2013,HOU(2013b),co2,y_h2o,423.15,29.08,0,4,4,0,0,0,0.16007,0.000979,T,test-only,,table
yh2o_co2_kcl_hou2013,HOU(2013b),co2,y_h2o,423.15,59.57,0,4,4,0,0,0,0.08999,0.00064,T,test-only,,table
yh2o_co2_kcl_hou2013,HOU(2013b),co2,y_h2o,423.15,60.74,0,2.5,2.5,0,0,0,0.10112,0.000285,T,test-only,,table
yh2o_co2_kcl_hou2013,HOU(2013b),co2,y_h2o,423.15,88.89,0,2.5,2.5,0,0,0,0.07575,0.000164,T,test-only,,table
yh2o_co2_kcl_hou2013,HOU(2013b),co2,y_h2o,423.15,89.84,0,4,4,0,0,0,0.0648,0.000549,T,test-only,,table
yh2o_co2_kcl_hou2013,HOU(2013b),co2,y_h2o,423.15,119.57,0,2.5,2.5,0,0,0,0.06225,0.000372,T,test-only,,table
yh2o_co2_kcl_hou2013,HOU(2013b),co2,y_h2o,423.15,120.35,0,4,4,0,0,0,0.05495,0.000548,T,test-only,,table
yh2o_co2_kcl_hou2013,HOU(2013b),co2,y_h2o,423.15,149.58,0,2.5,2.5,0,0,0,0.05455,0.000289,T,test-only,,table
yh2o_co2_kcl_hou2013,HOU(2013b),co2,y_h2o,423.15,149.91,0,4,4,0,0,0,0.04767,0.000216,T,test-only,,table
yh2o_co2_kcl_hou2013,HOU(2013b),co2,y_h2o,423.15,178.58,0,2.5,2.5,0,0,0,0.05094,0.000329,T,test-only,,table
yh2o_co2_kcl_hou2013,HOU(2013b),co2,y_h2o,423.15,181.2,0,4,4,0,0,0,0.04322,9.41e-05,T,test-only,,table
yh2o_co2_nacl_hou2013,HOU(2013b),co2,y_h2o,323.15,27.82,2.5,2.5,0,0,0,0,0.00363,3.06e-05,U,test-only,,table
yh2o_co2_nacl_hou2013,HOU(2013b),co2,y_h2o,323.15,29.83,4,4,0,0,0,0,0.00294,2.16e-05,U,test-only,,table
yh2o_co2_nacl_hou2013,HOU(2013b),co2,y_h2o,323.15,57.39,2.5,2.5,0,0,0,0,0.00233,2.67e-05,U,test-only,,table
yh2o_co2_nacl_hou2013,HOU(2013b),co2,y_h2o,323.15,59.54,4,4,0,0,0,0,0.00191,1.9e-05,U,test-only,,table
yh2o_co2_nacl_hou2013,HOU(2013b),co2,y_h2o,323.15,87.3,2.5,2.5,0,0,0,0,0.00218,1.87e-05,U,test-only,,table
yh2o_co2_nacl_hou2013,HOU(2013b),co2,y_h2o,323.15,89.53,4,4,0,0,0,0,0.00164,2.26e-05,U,test-only,,table
yh2o_co2_nacl_hou2013,HOU(2013b),co2,y_h2o,323.15,117.73,2.5,2.5,0,0,0,0,0.00266,1.56e-05,U,test-only,,table
yh2o_co2_nacl_hou2013,HOU(2013b),co2,y_h2o,323.15,120.17,4,4,0,0,0,0,0.0024,1.37e-05,U,test-only,,table
yh2o_co2_nacl_hou2013,HOU(2013b),co2,y_h2o,323.15,149.59,4,4,0,0,0,0,0.00349,1.63e-05,U,test-only,,table
yh2o_co2_nacl_hou2013,HOU(2013b),co2,y_h2o,323.15,150.2,2.5,2.5,0,0,0,0,0.00374,1.79e-05,U,test-only,,table
yh2o_co2_nacl_hou2013,HOU(2013b),co2,y_h2o,323.15,179.54,4,4,0,0,0,0,0.00391,3.07e-05,U,test-only,,table
yh2o_co2_nacl_hou2013,HOU(2013b),co2,y_h2o,323.15,182.11,2.5,2.5,0,0,0,0,0.00409,1.7e-05,U,test-only,,table
yh2o_co2_nacl_hou2013,HOU(2013b),co2,y_h2o,373.15,26.13,2.5,2.5,0,0,0,0,0.02903,6.96e-05,T,test-only,,table
yh2o_co2_nacl_hou2013,HOU(2013b),co2,y_h2o,373.15,29.51,4,4,0,0,0,0,0.01419,0.000203,T,test-only,,table
yh2o_co2_nacl_hou2013,HOU(2013b),co2,y_h2o,373.15,57.42,2.5,2.5,0,0,0,0,0.01172,0.000284,T,test-only,,table
yh2o_co2_nacl_hou2013,HOU(2013b),co2,y_h2o,373.15,60.68,4,4,0,0,0,0,0.00902,6.27e-05,T,test-only,,table
yh2o_co2_nacl_hou2013,HOU(2013b),co2,y_h2o,373.15,87.89,2.5,2.5,0,0,0,0,0.01064,9.23e-05,T,test-only,,table
yh2o_co2_nacl_hou2013,HOU(2013b),co2,y_h2o,373.15,89.16,4,4,0,0,0,0,0.00811,4.94e-05,T,test-only,,table
yh2o_co2_nacl_hou2013,HOU(2013b),co2,y_h2o,373.15,118.67,2.5,2.5,0,0,0,0,0.00955,7.16e-05,T,test-only,,table
yh2o_co2_nacl_hou2013,HOU(2013b),co2,y_h2o,373.15,120.03,4,4,0,0,0,0,0.00742,6.86e-05,T,test-only,,table
yh2o_co2_nacl_hou2013,HOU(2013b),co2,y_h2o,373.15,149.21,2.5,2.5,0,0,0,0,0.01083,5.49e-05,T,test-only,,table
yh2o_co2_nacl_hou2013,HOU(2013b),co2,y_h2o,373.15,149.24,4,4,0,0,0,0,0.00847,7.87e-05,T,test-only,,table
yh2o_co2_nacl_hou2013,HOU(2013b),co2,y_h2o,373.15,180.13,2.5,2.5,0,0,0,0,0.01156,0.000127,T,test-only,,table
yh2o_co2_nacl_hou2013,HOU(2013b),co2,y_h2o,373.15,181.62,4,4,0,0,0,0,0.00945,0.000138,T,test-only,,table
yh2o_co2_nacl_hou2013,HOU(2013b),co2,y_h2o,423.15,26.43,2.5,2.5,0,0,0,0,0.18559,0.000812,T,test-only,,table
yh2o_co2_nacl_hou2013,HOU(2013b),co2,y_h2o,423.15,30.93,4,4,0,0,0,0,0.15439,0.00113,T,test-only,,table
yh2o_co2_nacl_hou2013,HOU(2013b),co2,y_h2o,423.15,57.66,2.5,2.5,0,0,0,0,0.10155,0.000208,T,test-only,,table
yh2o_co2_nacl_hou2013,HOU(2013b),co2,y_h2o,423.15,58.16,4,4,0,0,0,0,0.08669,0.000603,T,test-only,,table
yh2o_co2_nacl_hou2013,HOU(2013b),co2,y_h2o,423.15,86,2.5,2.5,0,0,0,0,0.07567,0.000547,T,test-only,,table
yh2o_co2_nacl_hou2013,HOU(2013b),co2,y_h2o,423.15,88.57,4,4,0,0,0,0,0.06268,0.000199,T,test-only,,table
yh2o_co2_nacl_hou2013,HOU(2013b),co2,y_h2o,423.15,116.04,2.5,2.5,0,0,0,0,0.06231,0.000198,T,test-only,,table
yh2o_co2_nacl_hou2013,HOU(2013b),co2,y_h2o,423.15,119.22,4,4,0,0,0,0,0.0531,0.000234,T,test-only,,table
yh2o_co2_nacl_hou2013,HOU(2013b),co2,y_h2o,423.15,148.81,2.5,2.5,0,0,0,0,0.05364,0.000419,T,test-only,,table
yh2o_co2_nacl_hou2013,HOU(2013b),co2,y_h2o,423.15,149.79,4,4,0,0,0,0,0.04672,0.000181,T,test-only,,table
yh2o_co2_nacl_hou2013,HOU(2013b),co2,y_h2o,423.15,177.94,2.5,2.5,0,0,0,0,0.05022,0.000265,T,test-only,,table
yh2o_co2_nacl_hou2013,HOU(2013b),co2,y_h2o,423.15,180.79,4,4,0,0,0,0,0.04304,0.000146,T,test-only,,table
yh2o_co2_nacl_jooss2026,JOOSS(2026),co2,y_h2o,323.15,10,2.535814096,2.535814096,0,0,0,0,0.01262,8.185e-05,T,test-only,,table
yh2o_co2_nacl_jooss2026,JOOSS(2026),co2,y_h2o,323.15,60,2.547791626,2.547791626,0,0,0,0,0.00308,0.0001274,T,test-only,,table
yh2o_co2_nacl_jooss2026,JOOSS(2026),co2,y_h2o,323.15,420,2.547791626,2.547791626,0,0,0,0,0.00634,7.75e-05,T,test-only,,table
yh2o_co2_nacl_jooss2026,JOOSS(2026),co2,y_h2o,323.16,28,2.547791626,2.547791626,0,0,0,0,0.00495,7.82e-05,T,test-only,,table
yh2o_co2_nacl_jooss2026,JOOSS(2026),co2,y_h2o,323.16,35,2.547791626,2.547791626,0,0,0,0,0.00424,9.125e-05,T,test-only,,table
yh2o_co2_nacl_jooss2026,JOOSS(2026),co2,y_h2o,323.16,73,2.547791626,2.547791626,0,0,0,0,0.00291,0.0001349,T,test-only,,table
yh2o_co2_nacl_jooss2026,JOOSS(2026),co2,y_h2o,323.16,84,2.547791626,2.547791626,0,0,0,0,0.00305,0.0001284,T,test-only,,table
yh2o_co2_nacl_jooss2026,JOOSS(2026),co2,y_h2o,323.16,120,2.547791626,2.547791626,0,0,0,0,0.0046,8.4e-05,T,test-only,,table
yh2o_co2_nacl_jooss2026,JOOSS(2026),co2,y_h2o,323.16,175,2.547791626,2.547791626,0,0,0,0,0.00536,7.78e-05,T,test-only,,table
yh2o_co2_nacl_jooss2026,JOOSS(2026),co2,y_h2o,358.12,60,2.564902382,2.564902382,0,0,0,0,0.01185,7.87e-05,T,test-only,,table
yh2o_co2_nacl_jooss2026,JOOSS(2026),co2,y_h2o,358.12,100,2.571746685,2.571746685,0,0,0,0,0.00952,7.68e-05,T,test-only,,table
yh2o_co2_nacl_jooss2026,JOOSS(2026),co2,y_h2o,358.12,140,2.58543529,2.58543529,0,0,0,0,0.00966,7.885e-05,T,test-only,,table
yh2o_co2_nacl_jooss2026,JOOSS(2026),co2,y_h2o,358.12,190,2.600834971,2.600834971,0,0,0,0,0.01112,7.755e-05,T,test-only,,table
yh2o_co2_nacl_jooss2026,JOOSS(2026),co2,y_h2o,358.13,60,1.329505771,1.329505771,0,0,0,0,0.01298,7.75e-05,T,test-only,,table
yh2o_co2_nacl_jooss2026,JOOSS(2026),co2,y_h2o,358.13,700,2.559769155,2.559769155,0,0,0,0,0.0147,0.0001243,T,test-only,,table
yh2o_co2_nacl_jooss2026,JOOSS(2026),co2,y_h2o,358.14,10,1.329505771,1.329505771,0,0,0,0,0.05822,0.0001362,T,test-only,,table
yh2o_co2_nacl_jooss2026,JOOSS(2026),co2,y_h2o,358.14,20,1.329505771,1.329505771,0,0,0,0,0.03068,9.91e-05,T,test-only,,table
yh2o_co2_nacl_jooss2026,JOOSS(2026),co2,y_h2o,358.14,100,1.331216847,1.331216847,0,0,0,0,0.01043,7.545e-05,T,test-only,,table
yh2o_co2_nacl_jooss2026,JOOSS(2026),co2,y_h2o,358.14,140,1.331216847,1.331216847,0,0,0,0,0.0107,8.02e-05,T,test-only,,table
yh2o_co2_nacl_jooss2026,JOOSS(2026),co2,y_h2o,358.14,190,1.334638998,1.334638998,0,0,0,0,0.01217,7.8e-05,T,test-only,,table
yh2o_co2_nacl_jooss2026,JOOSS(2026),co2,y_h2o,358.14,270,1.341483301,1.341483301,0,0,0,0,0.0136,7.96e-05,T,test-only,,table
yh2o_co2_nacl_jooss2026,JOOSS(2026),co2,y_h2o,358.14,420,1.350038679,1.350038679,0,0,0,0,0.01477,8.585e-05,T,test-only,,table
yh2o_co2_nacl_jooss2026,JOOSS(2026),co2,y_h2o,358.15,270,2.633345408,2.633345408,0,0,0,0,0.01256,8.095e-05,T,test-only,,table
yh2o_co2_nacl_jooss2026,JOOSS(2026),co2,y_h2o,358.15,420,2.657300467,2.657300467,0,0,0,0,0.01368,8.9e-05,T,test-only,,table
yh2o_co2_nacl_jooss2026,JOOSS(2026),co2,y_h2o,358.15,700,1.360305133,1.360305133,0,0,0,0,0.01576,0.0001593,T,test-only,,table
yh2o_co2_nacl_jooss2026,JOOSS(2026),co2,y_h2o,358.2,10,2.559769155,2.559769155,0,0,0,0,0.05479,0.0001169,T,test-only,,table
yh2o_co2_nacl_jooss2026,JOOSS(2026),co2,y_h2o,358.2,20,2.559769155,2.559769155,0,0,0,0,0.02857,9.165e-05,T,test-only,,table
yh2o_co2_nacl_jooss2026,JOOSS(2026),co2,y_h2o,393.15,215,2.626501105,2.626501105,0,0,0,0,0.02459,9.775e-05,T,test-only,,table
yh2o_co2_nacl_jooss2026,JOOSS(2026),co2,y_h2o,393.17,80,2.493037205,2.493037205,0,0,0,0,0.03192,0.0001033,T,test-only,,table
yh2o_co2_nacl_jooss2026,JOOSS(2026),co2,y_h2o,393.17,160,2.503303659,2.503303659,0,0,0,0,0.02456,0.00010035,T,test-only,,table
yh2o_co2_nacl_jooss2026,JOOSS(2026),co2,y_h2o,393.18,20,2.486192903,2.486192903,0,0,0,0,0.0986,0.0001313,T,test-only,,table
yh2o_co2_nacl_jooss2026,JOOSS(2026),co2,y_h2o,393.18,40,2.487903979,2.487903979,0,0,0,0,0.0535,0.00012305,T,test-only,,table
yh2o_co2_nacl_jooss2026,JOOSS(2026),co2,y_h2o,393.18,110,2.496459357,2.496459357,0,0,0,0,0.02696,8.295e-05,T,test-only,,table
yh2o_co2_nacl_jooss2026,JOOSS(2026),co2,y_h2o,393.18,270,2.515281189,2.515281189,0,0,0,0,0.02606,8.565e-05,T,test-only,,table
yh2o_co2_nacl_jooss2026,JOOSS(2026),co2,y_h2o,393.18,420,2.549502702,2.549502702,0,0,0,0,0.02759,9.92e-05,T,test-only,,table
yh2o_co2_nacl_jooss2026,JOOSS(2026),co2,y_h2o,393.19,700,2.600834971,2.600834971,0,0,0,0,0.02924,0.0001269,T,test-only,,table
yh2o_co2_tabasinejad2011,TABASINEJAD(2011),co2,y_h2o,422.98,39.1,0,0,0,0,0,0,0.1385,0.0098,T,test-only,,table
yh2o_co2_tabasinejad2011,TABASINEJAD(2011),co2,y_h2o,422.98,72.9,0,0,0,0,0,0,0.0822,0.0032,T,test-only,,table
yh2o_co2_tabasinejad2011,TABASINEJAD(2011),co2,y_h2o,422.98,143.9,0,0,0,0,0,0,0.0557,0.0011,T,test-only,,table
yh2o_co2_tabasinejad2011,TABASINEJAD(2011),co2,y_h2o,422.98,219.8,0,0,0,0,0,0,0.0459,0.0006,T,test-only,,table
yh2o_co2_tabasinejad2011,TABASINEJAD(2011),co2,y_h2o,422.98,284.9,0,0,0,0,0,0,0.0447,0.0005,T,test-only,,table
yh2o_co2_tabasinejad2011,TABASINEJAD(2011),co2,y_h2o,422.98,360.3,0,0,0,0,0,0,0.0447,0.0004,T,test-only,,table
yh2o_co2_tabasinejad2011,TABASINEJAD(2011),co2,y_h2o,422.98,429.1,0,0,0,0,0,0,0.0458,0.0004,T,test-only,,table
yh2o_co2_tabasinejad2011,TABASINEJAD(2011),co2,y_h2o,422.98,731.9,0,0,0,0,0,0,0.0482,0.0003,T,test-only,,table
yh2o_co2_tabasinejad2011,TABASINEJAD(2011),co2,y_h2o,422.98,1033.2,0,0,0,0,0,0,0.0507,0.0003,T,test-only,,table
yh2o_co2_tabasinejad2011,TABASINEJAD(2011),co2,y_h2o,422.98,1242.6,0,0,0,0,0,0,0.0518,0.0003,T,test-only,,table
yh2o_co2_tabasinejad2011,TABASINEJAD(2011),co2,y_h2o,445.74,38.5,0,0,0,0,0,0,0.25,0.017,T,test-only,,table
yh2o_co2_tabasinejad2011,TABASINEJAD(2011),co2,y_h2o,445.74,73.9,0,0,0,0,0,0,0.1429,0.0051,T,test-only,,table
yh2o_co2_tabasinejad2011,TABASINEJAD(2011),co2,y_h2o,445.74,166.4,0,0,0,0,0,0,0.0878,0.0014,T,test-only,,table
yh2o_co2_tabasinejad2011,TABASINEJAD(2011),co2,y_h2o,445.74,223.5,0,0,0,0,0,0,0.0745,0.0009,T,test-only,,table
yh2o_co2_tabasinejad2011,TABASINEJAD(2011),co2,y_h2o,445.74,287.8,0,0,0,0,0,0,0.0707,0.0007,T,test-only,,table
yh2o_co2_tabasinejad2011,TABASINEJAD(2011),co2,y_h2o,445.74,360.5,0,0,0,0,0,0,0.0704,0.0006,T,test-only,,table
yh2o_co2_tabasinejad2011,TABASINEJAD(2011),co2,y_h2o,445.74,428.9,0,0,0,0,0,0,0.071,0.0005,T,test-only,,table
yh2o_co2_tabasinejad2011,TABASINEJAD(2011),co2,y_h2o,445.74,706.5,0,0,0,0,0,0,0.0737,0.0004,T,test-only,,table
yh2o_co2_tabasinejad2011,TABASINEJAD(2011),co2,y_h2o,445.74,1104.1,0,0,0,0,0,0,0.0752,0.0004,T,test-only,,table
yh2o_co2_tabasinejad2011,TABASINEJAD(2011),co2,y_h2o,445.74,1242.6,0,0,0,0,0,0,0.0757,0.0004,T,test-only,,table
yh2o_co2_tabasinejad2011,TABASINEJAD(2011),co2,y_h2o,461.62,38.9,0,0,0,0,0,0,0.346,0.024,T,test-only,,table
yh2o_co2_tabasinejad2011,TABASINEJAD(2011),co2,y_h2o,461.62,71.3,0,0,0,0,0,0,0.2118,0.008,T,test-only,,table
yh2o_co2_tabasinejad2011,TABASINEJAD(2011),co2,y_h2o,461.62,148.6,0,0,0,0,0,0,0.1299,0.0022,T,test-only,,table
yh2o_co2_tabasinejad2011,TABASINEJAD(2011),co2,y_h2o,461.62,211.3,0,0,0,0,0,0,0.1056,0.0013,T,test-only,,table
yh2o_co2_tabasinejad2011,TABASINEJAD(2011),co2,y_h2o,461.62,285.8,0,0,0,0,0,0,0.0987,0.0009,T,test-only,,table
yh2o_co2_tabasinejad2011,TABASINEJAD(2011),co2,y_h2o,461.62,356,0,0,0,0,0,0,0.0965,0.0008,T,test-only,,table
yh2o_co2_tabasinejad2011,TABASINEJAD(2011),co2,y_h2o,461.62,434.8,0,0,0,0,0,0,0.0946,0.0007,T,test-only,,table
yh2o_co2_tabasinejad2011,TABASINEJAD(2011),co2,y_h2o,461.62,732.1,0,0,0,0,0,0,0.0967,0.0005,T,test-only,,table
yh2o_co2_tabasinejad2011,TABASINEJAD(2011),co2,y_h2o,461.62,965.7,0,0,0,0,0,0,0.0983,0.0005,T,test-only,,table
yh2o_co2_tabasinejad2011,TABASINEJAD(2011),co2,y_h2o,461.62,1241.4,0,0,0,0,0,0,0.1003,0.0004,T,test-only,,table
yh2o_co2_tabasinejad2011,TABASINEJAD(2011),co2,y_h2o,478.35,40.5,0,0,0,0,0,0,0.4704,0.0324,T,test-only,,table
yh2o_co2_tabasinejad2011,TABASINEJAD(2011),co2,y_h2o,478.35,72,0,0,0,0,0,0,0.2996,0.011,T,test-only,,table
yh2o_co2_tabasinejad2011,TABASINEJAD(2011),co2,y_h2o,478.35,154.2,0,0,0,0,0,0,0.1745,0.0029,T,test-only,,table
yh2o_co2_tabasinejad2011,TABASINEJAD(2011),co2,y_h2o,478.35,217.9,0,0,0,0,0,0,0.1476,0.0017,T,test-only,,table
yh2o_co2_tabasinejad2011,TABASINEJAD(2011),co2,y_h2o,478.35,302.1,0,0,0,0,0,0,0.1298,0.0012,T,test-only,,table
yh2o_co2_tabasinejad2011,TABASINEJAD(2011),co2,y_h2o,478.35,367,0,0,0,0,0,0,0.1308,0.001,T,test-only,,table
yh2o_co2_tabasinejad2011,TABASINEJAD(2011),co2,y_h2o,478.35,422.7,0,0,0,0,0,0,0.1291,0.0009,T,test-only,,table
yh2o_co2_tabasinejad2011,TABASINEJAD(2011),co2,y_h2o,478.35,710.9,0,0,0,0,0,0,0.13,0.0007,T,test-only,,table
yh2o_co2_tabasinejad2011,TABASINEJAD(2011),co2,y_h2o,478.35,993.9,0,0,0,0,0,0,0.1332,0.0006,T,test-only,,table
yh2o_co2_tabasinejad2011,TABASINEJAD(2011),co2,y_h2o,478.35,1291.9,0,0,0,0,0,0,0.1324,0.0005,T,test-only,,table
yh2o_h2_torres2026,TORRES(2026),h2,y_h2o,273.15,8.8,0,0,0,0,0,0,0.0007459,2.085e-05,T,test-only,,table
yh2o_h2_torres2026,TORRES(2026),h2,y_h2o,273.15,47.4,0,0,0,0,0,0,0.0001432,4.3e-06,T,test-only,,table
yh2o_h2_torres2026,TORRES(2026),h2,y_h2o,273.15,97,0,0,0,0,0,0,7.63e-05,2.35e-06,T,test-only,,table
yh2o_h2_torres2026,TORRES(2026),h2,y_h2o,273.15,152.3,0,0,0,0,0,0,5.28e-05,1.65e-06,T,test-only,,table
yh2o_h2_torres2026,TORRES(2026),h2,y_h2o,273.15,249.5,0,0,0,0,0,0,3.83e-05,1.2e-06,T,test-only,,table
yh2o_h2_torres2026,TORRES(2026),h2,y_h2o,283.15,55.2,0,0,0,0,0,0,0.000262,3.75e-06,T,test-only,,table
yh2o_h2_torres2026,TORRES(2026),h2,y_h2o,283.15,124.1,0,0,0,0,0,0,0.0001343,2e-06,T,test-only,,table
yh2o_h2_torres2026,TORRES(2026),h2,y_h2o,283.15,158.6,0,0,0,0,0,0,0.0001107,1.65e-06,T,test-only,,table
yh2o_h2_torres2026,TORRES(2026),h2,y_h2o,283.15,248.3,0,0,0,0,0,0,8.89e-05,1.35e-06,T,test-only,,table
yh2o_n2_mohammadi2005,MOHAMMADI(2005),n2,y_h2o,282.86,6.07,0,0,0,0,0,0,0.00204,8.16e-05,T,test-only,,table
yh2o_n2_mohammadi2005,MOHAMMADI(2005),n2,y_h2o,282.99,17.99,0,0,0,0,0,0,0.000714,2.856e-05,T,test-only,,table
yh2o_n2_mohammadi2005,MOHAMMADI(2005),n2,y_h2o,282.99,30.36,0,0,0,0,0,0,0.000446,1.784e-05,T,test-only,,table
yh2o_n2_mohammadi2005,MOHAMMADI(2005),n2,y_h2o,283.03,44.08,0,0,0,0,0,0,0.000317,1.268e-05,T,test-only,,table
yh2o_n2_mohammadi2005,MOHAMMADI(2005),n2,y_h2o,293.1,5.58,0,0,0,0,0,0,0.00425,0.00017,T,test-only,,table
yh2o_n2_mohammadi2005,MOHAMMADI(2005),n2,y_h2o,293.1,29.91,0,0,0,0,0,0,0.000844,3.376e-05,T,test-only,,table
yh2o_n2_mohammadi2005,MOHAMMADI(2005),n2,y_h2o,293.1,48.1,0,0,0,0,0,0,0.000558,2.232e-05,T,test-only,,table
yh2o_n2_mohammadi2005,MOHAMMADI(2005),n2,y_h2o,293.19,18.28,0,0,0,0,0,0,0.00136,5.44e-05,T,test-only,,table
yh2o_n2_mohammadi2005,MOHAMMADI(2005),n2,y_h2o,304.02,5.78,0,0,0,0,0,0,0.00793,0.0003172,T,test-only,,table
yh2o_n2_mohammadi2005,MOHAMMADI(2005),n2,y_h2o,304.36,12.57,0,0,0,0,0,0,0.0037,0.000148,T,test-only,,table
yh2o_n2_mohammadi2005,MOHAMMADI(2005),n2,y_h2o,304.51,25.39,0,0,0,0,0,0,0.00188,7.52e-05,T,test-only,,table
yh2o_n2_mohammadi2005,MOHAMMADI(2005),n2,y_h2o,304.61,46.38,0,0,0,0,0,0,0.00112,4.48e-05,T,test-only,,table
yh2o_n2_mohammadi2005,MOHAMMADI(2005),n2,y_h2o,313.15,12.46,0,0,0,0,0,0,0.00609,0.0002436,T,test-only,,table
yh2o_n2_mohammadi2005,MOHAMMADI(2005),n2,y_h2o,313.16,47.81,0,0,0,0,0,0,0.00175,7e-05,T,test-only,,table
yh2o_n2_mohammadi2005,MOHAMMADI(2005),n2,y_h2o,313.26,28.36,0,0,0,0,0,0,0.00278,0.0001112,T,test-only,,table
yh2o_n2_mohammadi2005,MOHAMMADI(2005),n2,y_h2o,313.3,4.98,0,0,0,0,0,0,0.0153,0.000612,T,test-only,,table
yh2o_n2_mohammadi2005,MOHAMMADI(2005),n2,y_h2o,322.88,4.99,0,0,0,0,0,0,0.024,0.00096,T,test-only,,table
yh2o_n2_mohammadi2005,MOHAMMADI(2005),n2,y_h2o,322.93,33.97,0,0,0,0,0,0,0.00396,0.0001584,T,test-only,,table
yh2o_n2_mohammadi2005,MOHAMMADI(2005),n2,y_h2o,322.93,48.41,0,0,0,0,0,0,0.00292,0.0001168,T,test-only,,table
yh2o_n2_mohammadi2005,MOHAMMADI(2005),n2,y_h2o,323.1,14.2,0,0,0,0,0,0,0.00872,0.0003488,T,test-only,,table
yh2o_n2_mohammadi2005,MOHAMMADI(2005),n2,y_h2o,332.45,14.48,0,0,0,0,0,0,0.0134,0.000536,T,test-only,,table
yh2o_n2_mohammadi2005,MOHAMMADI(2005),n2,y_h2o,332.52,4.61,0,0,0,0,0,0,0.0427,0.001708,T,test-only,,table
yh2o_n2_mohammadi2005,MOHAMMADI(2005),n2,y_h2o,332.52,24.54,0,0,0,0,0,0,0.00855,0.000342,T,test-only,,table
yh2o_n2_mohammadi2005,MOHAMMADI(2005),n2,y_h2o,332.52,43.58,0,0,0,0,0,0,0.00488,0.0001952,T,test-only,,table
yh2o_n2_mohammadi2005,MOHAMMADI(2005),n2,y_h2o,342.31,4.25,0,0,0,0,0,0,0.0719,0.002876,T,test-only,,table
yh2o_n2_mohammadi2005,MOHAMMADI(2005),n2,y_h2o,342.31,4.62,0,0,0,0,0,0,0.0658,0.002632,T,test-only,,table
yh2o_n2_mohammadi2005,MOHAMMADI(2005),n2,y_h2o,342.31,49.62,0,0,0,0,0,0,0.00666,0.0002664,T,test-only,,table
yh2o_n2_mohammadi2005,MOHAMMADI(2005),n2,y_h2o,342.39,14.66,0,0,0,0,0,0,0.0219,0.000876,T,test-only,,table
yh2o_n2_mohammadi2005,MOHAMMADI(2005),n2,y_h2o,342.42,28.99,0,0,0,0,0,0,0.0103,0.000412,T,test-only,,table
yh2o_n2_mohammadi2005,MOHAMMADI(2005),n2,y_h2o,351.87,5.4,0,0,0,0,0,0,0.0849,0.003396,T,test-only,,table
yh2o_n2_mohammadi2005,MOHAMMADI(2005),n2,y_h2o,351.92,29.57,0,0,0,0,0,0,0.0162,0.000648,T,test-only,,table
yh2o_n2_mohammadi2005,MOHAMMADI(2005),n2,y_h2o,351.95,47.97,0,0,0,0,0,0,0.0111,0.000444,T,test-only,,table
yh2o_n2_mohammadi2005,MOHAMMADI(2005),n2,y_h2o,352.12,14.8,0,0,0,0,0,0,0.0335,0.00134,T,test-only,,table
yh2o_n2_mohammadi2005,MOHAMMADI(2005),n2,y_h2o,363,5.55,0,0,0,0,0,0,0.126,0.00504,T,test-only,,table
yh2o_n2_mohammadi2005,MOHAMMADI(2005),n2,y_h2o,363.08,48.74,0,0,0,0,0,0,0.0161,0.000644,T,test-only,,table
yh2o_n2_tabasinejad2011,TABASINEJAD(2011),n2,y_h2o,422.44,38.1,0,0,0,0,0,0,0.1312,0.0102,T,test-only,,table
yh2o_n2_tabasinejad2011,TABASINEJAD(2011),n2,y_h2o,422.44,73.5,0,0,0,0,0,0,0.0709,0.0035,T,test-only,,table
yh2o_n2_tabasinejad2011,TABASINEJAD(2011),n2,y_h2o,422.44,140.1,0,0,0,0,0,0,0.0397,0.0014,T,test-only,,table
yh2o_n2_tabasinejad2011,TABASINEJAD(2011),n2,y_h2o,422.44,210.7,0,0,0,0,0,0,0.029,0.0009,T,test-only,,table
yh2o_n2_tabasinejad2011,TABASINEJAD(2011),n2,y_h2o,422.44,280.7,0,0,0,0,0,0,0.0235,0.0007,T,test-only,,table
yh2o_n2_tabasinejad2011,TABASINEJAD(2011),n2,y_h2o,422.44,342.3,0,0,0,0,0,0,0.0195,0.0006,T,test-only,,table
yh2o_n2_tabasinejad2011,TABASINEJAD(2011),n2,y_h2o,422.44,352.8,0,0,0,0,0,0,0.019,0.0006,T,test-only,,table
yh2o_n2_tabasinejad2011,TABASINEJAD(2011),n2,y_h2o,422.44,414.1,0,0,0,0,0,0,0.0173,0.0005,T,test-only,,table
yh2o_n2_tabasinejad2011,TABASINEJAD(2011),n2,y_h2o,422.44,702.6,0,0,0,0,0,0,0.0132,0.0003,T,test-only,,table
yh2o_n2_tabasinejad2011,TABASINEJAD(2011),n2,y_h2o,422.44,1062.9,0,0,0,0,0,0,0.0092,0.0003,T,test-only,,table
yh2o_n2_tabasinejad2011,TABASINEJAD(2011),n2,y_h2o,445.6,40.5,0,0,0,0,0,0,0.2289,0.0159,T,test-only,,table
yh2o_n2_tabasinejad2011,TABASINEJAD(2011),n2,y_h2o,445.6,74.2,0,0,0,0,0,0,0.13,0.0055,T,test-only,,table
yh2o_n2_tabasinejad2011,TABASINEJAD(2011),n2,y_h2o,445.6,143.5,0,0,0,0,0,0,0.0744,0.002,T,test-only,,table
yh2o_n2_tabasinejad2011,TABASINEJAD(2011),n2,y_h2o,445.6,208.8,0,0,0,0,0,0,0.0574,0.0012,T,test-only,,table
yh2o_n2_tabasinejad2011,TABASINEJAD(2011),n2,y_h2o,445.6,283.8,0,0,0,0,0,0,0.0457,0.0008,T,test-only,,table
yh2o_n2_tabasinejad2011,TABASINEJAD(2011),n2,y_h2o,445.6,370.2,0,0,0,0,0,0,0.038,0.0006,T,test-only,,table
yh2o_n2_tabasinejad2011,TABASINEJAD(2011),n2,y_h2o,445.6,422.8,0,0,0,0,0,0,0.0348,0.0006,T,test-only,,table
yh2o_n2_tabasinejad2011,TABASINEJAD(2011),n2,y_h2o,445.6,729.8,0,0,0,0,0,0,0.0264,0.0004,T,test-only,,table
yh2o_n2_tabasinejad2011,TABASINEJAD(2011),n2,y_h2o,445.6,1028.6,0,0,0,0,0,0,0.0214,0.0003,T,test-only,,table
yh2o_n2_tabasinejad2011,TABASINEJAD(2011),n2,y_h2o,445.6,1349,0,0,0,0,0,0,0.0181,0.0003,T,test-only,,table
yh2o_n2_tabasinejad2011,TABASINEJAD(2011),n2,y_h2o,461.6,38.7,0,0,0,0,0,0,0.3385,0.0243,T,test-only,,table
yh2o_n2_tabasinejad2011,TABASINEJAD(2011),n2,y_h2o,461.6,75,0,0,0,0,0,0,0.1877,0.0077,T,test-only,,table
yh2o_n2_tabasinejad2011,TABASINEJAD(2011),n2,y_h2o,461.6,142.9,0,0,0,0,0,0,0.1097,0.0027,T,test-only,,table
yh2o_n2_tabasinejad2011,TABASINEJAD(2011),n2,y_h2o,461.6,211.5,0,0,0,0,0,0,0.0805,0.0015,T,test-only,,table
yh2o_n2_tabasinejad2011,TABASINEJAD(2011),n2,y_h2o,461.6,282.2,0,0,0,0,0,0,0.069,0.0011,T,test-only,,table
yh2o_n2_tabasinejad2011,TABASINEJAD(2011),n2,y_h2o,461.6,347.8,0,0,0,0,0,0,0.058,0.0008,T,test-only,,table
yh2o_n2_tabasinejad2011,TABASINEJAD(2011),n2,y_h2o,461.6,418.2,0,0,0,0,0,0,0.0508,0.0007,T,test-only,,table
yh2o_n2_tabasinejad2011,TABASINEJAD(2011),n2,y_h2o,461.6,722.3,0,0,0,0,0,0,0.0379,0.0004,T,test-only,,table
yh2o_n2_tabasinejad2011,TABASINEJAD(2011),n2,y_h2o,461.6,1016.4,0,0,0,0,0,0,0.0289,0.0003,T,test-only,,table
yh2o_n2_tabasinejad2011,TABASINEJAD(2011),n2,y_h2o,461.6,1337.3,0,0,0,0,0,0,0.026,0.0003,T,test-only,,table
yh2o_n2_tabasinejad2011,TABASINEJAD(2011),n2,y_h2o,483.15,41.3,0,0,0,0,0,0,0.5115,0.0318,T,test-only,,table
yh2o_n2_tabasinejad2011,TABASINEJAD(2011),n2,y_h2o,483.15,73.3,0,0,0,0,0,0,0.3116,0.0124,T,test-only,,table
yh2o_n2_tabasinejad2011,TABASINEJAD(2011),n2,y_h2o,483.15,153.3,0,0,0,0,0,0,0.1687,0.0037,T,test-only,,table
yh2o_n2_tabasinejad2011,TABASINEJAD(2011),n2,y_h2o,483.15,212.4,0,0,0,0,0,0,0.1293,0.0022,T,test-only,,table
yh2o_n2_tabasinejad2011,TABASINEJAD(2011),n2,y_h2o,483.15,284.5,0,0,0,0,0,0,0.1029,0.0014,T,test-only,,table
yh2o_n2_tabasinejad2011,TABASINEJAD(2011),n2,y_h2o,483.15,353.9,0,0,0,0,0,0,0.0891,0.0011,T,test-only,,table
yh2o_n2_tabasinejad2011,TABASINEJAD(2011),n2,y_h2o,483.15,417.8,0,0,0,0,0,0,0.0801,0.0009,T,test-only,,table
yh2o_n2_tabasinejad2011,TABASINEJAD(2011),n2,y_h2o,483.15,731.4,0,0,0,0,0,0,0.056,0.0005,T,test-only,,table
yh2o_n2_tabasinejad2011,TABASINEJAD(2011),n2,y_h2o,483.15,1096,0,0,0,0,0,0,0.0433,0.0004,T,test-only,,table
zirrahi2016_10.1002_aic.15512_t1,ZIRRAHI(2016),ch4,y_h2o,373.15,11.8,0.0,0.0,0.0,0.0,0.0,0.0,0.086,,T,test-only,,table
zirrahi2016_10.1002_aic.15512_t1,ZIRRAHI(2016),ch4,y_h2o,373.15,22.0,0.0,0.0,0.0,0.0,0.0,0.0,0.046,,T,test-only,,table
zirrahi2016_10.1002_aic.15512_t1,ZIRRAHI(2016),ch4,y_h2o,373.15,32.0,0.0,0.0,0.0,0.0,0.0,0.0,0.033,,T,test-only,,table
zirrahi2016_10.1002_aic.15512_t1,ZIRRAHI(2016),ch4,y_h2o,373.15,42.7,0.0,0.0,0.0,0.0,0.0,0.0,0.026,,T,test-only,,table
zirrahi2016_10.1002_aic.15512_t1,ZIRRAHI(2016),ch4,y_h2o,373.15,43.4,0.0,0.0,0.0,0.0,0.0,0.0,0.025,,T,test-only,,table
zirrahi2016_10.1002_aic.15512_t1,ZIRRAHI(2016),ch4,y_h2o,373.15,53.4,0.0,0.0,0.0,0.0,0.0,0.0,0.022,,T,test-only,,table
zirrahi2016_10.1002_aic.15512_t1,ZIRRAHI(2016),ch4,y_h2o,413.15,11.4,0.0,0.0,0.0,0.0,0.0,0.0,0.325,,T,test-only,,table
zirrahi2016_10.1002_aic.15512_t1,ZIRRAHI(2016),ch4,y_h2o,413.15,12.7,0.0,0.0,0.0,0.0,0.0,0.0,0.263,,T,test-only,,table
zirrahi2016_10.1002_aic.15512_t1,ZIRRAHI(2016),ch4,y_h2o,413.15,21.7,0.0,0.0,0.0,0.0,0.0,0.0,0.167,,T,test-only,,table
zirrahi2016_10.1002_aic.15512_t1,ZIRRAHI(2016),ch4,y_h2o,413.15,32.0,0.0,0.0,0.0,0.0,0.0,0.0,0.118,,T,test-only,,table
zirrahi2016_10.1002_aic.15512_t1,ZIRRAHI(2016),ch4,y_h2o,413.15,42.4,0.0,0.0,0.0,0.0,0.0,0.0,0.092,,T,test-only,,table
zirrahi2016_10.1002_aic.15512_t1,ZIRRAHI(2016),ch4,y_h2o,413.15,52.7,0.0,0.0,0.0,0.0,0.0,0.0,0.074,,T,test-only,,table
zirrahi2016_10.1002_aic.15512_t1,ZIRRAHI(2016),ch4,y_h2o,453.15,14.8,0.0,0.0,0.0,0.0,0.0,0.0,0.657,,T,test-only,,table
zirrahi2016_10.1002_aic.15512_t1,ZIRRAHI(2016),ch4,y_h2o,453.15,25.2,0.0,0.0,0.0,0.0,0.0,0.0,0.447,,T,test-only,,table
zirrahi2016_10.1002_aic.15512_t1,ZIRRAHI(2016),ch4,y_h2o,453.15,35.5,0.0,0.0,0.0,0.0,0.0,0.0,0.294,,T,test-only,,table
zirrahi2016_10.1002_aic.15512_t1,ZIRRAHI(2016),ch4,y_h2o,453.15,45.8,0.0,0.0,0.0,0.0,0.0,0.0,0.239,,T,test-only,,table
zirrahi2016_10.1002_aic.15512_t1,ZIRRAHI(2016),ch4,y_h2o,453.15,56.2,0.0,0.0,0.0,0.0,0.0,0.0,0.195,,T,test-only,,table
zirrahi2016_10.1002_aic.15512_t1,ZIRRAHI(2016),ch4,y_h2o,493.15,28.6,0.0,0.0,0.0,0.0,0.0,0.0,0.79,,T,test-only,,table
zirrahi2016_10.1002_aic.15512_t1,ZIRRAHI(2016),ch4,y_h2o,493.15,39.2,0.0,0.0,0.0,0.0,0.0,0.0,0.597,,T,test-only,,table
zirrahi2016_10.1002_aic.15512_t1,ZIRRAHI(2016),ch4,y_h2o,493.15,49.3,0.0,0.0,0.0,0.0,0.0,0.0,0.493,,T,test-only,,table
zirrahi2016_10.1002_aic.15512_t1,ZIRRAHI(2016),ch4,y_h2o,493.15,59.6,0.0,0.0,0.0,0.0,0.0,0.0,0.435,,T,test-only,,table
zirrahi2016_10.1002_aic.15512_t1,ZIRRAHI(2016),c2h6,y_h2o,373.15,11.9,0.0,0.0,0.0,0.0,0.0,0.0,0.081,,T,test-only,,table
zirrahi2016_10.1002_aic.15512_t1,ZIRRAHI(2016),c2h6,y_h2o,373.15,22.0,0.0,0.0,0.0,0.0,0.0,0.0,0.045,,T,test-only,,table
zirrahi2016_10.1002_aic.15512_t1,ZIRRAHI(2016),c2h6,y_h2o,373.15,32.2,0.0,0.0,0.0,0.0,0.0,0.0,0.029,,T,test-only,,table
zirrahi2016_10.1002_aic.15512_t1,ZIRRAHI(2016),c2h6,y_h2o,413.15,12.0,0.0,0.0,0.0,0.0,0.0,0.0,0.277,,T,test-only,,table
zirrahi2016_10.1002_aic.15512_t1,ZIRRAHI(2016),c2h6,y_h2o,413.15,21.7,0.0,0.0,0.0,0.0,0.0,0.0,0.163,,T,test-only,,table
zirrahi2016_10.1002_aic.15512_t1,ZIRRAHI(2016),c2h6,y_h2o,413.15,32.7,0.0,0.0,0.0,0.0,0.0,0.0,0.107,,T,test-only,,table
zirrahi2016_10.1002_aic.15512_t1,ZIRRAHI(2016),c2h6,y_h2o,413.15,43.4,0.0,0.0,0.0,0.0,0.0,0.0,0.082,,T,test-only,,table
zirrahi2016_10.1002_aic.15512_t1,ZIRRAHI(2016),c2h6,y_h2o,413.15,45.8,0.0,0.0,0.0,0.0,0.0,0.0,0.077,,T,test-only,,table
zirrahi2016_10.1002_aic.15512_t1,ZIRRAHI(2016),c2h6,y_h2o,413.15,55.2,0.0,0.0,0.0,0.0,0.0,0.0,0.066,,T,test-only,,table
zirrahi2016_10.1002_aic.15512_t1,ZIRRAHI(2016),c2h6,y_h2o,413.15,56.2,0.0,0.0,0.0,0.0,0.0,0.0,0.059,,T,test-only,,table
zirrahi2016_10.1002_aic.15512_t1,ZIRRAHI(2016),c2h6,y_h2o,453.15,15.2,0.0,0.0,0.0,0.0,0.0,0.0,0.646,,T,test-only,,table
zirrahi2016_10.1002_aic.15512_t1,ZIRRAHI(2016),c2h6,y_h2o,453.15,25.2,0.0,0.0,0.0,0.0,0.0,0.0,0.424,,T,test-only,,table
zirrahi2016_10.1002_aic.15512_t1,ZIRRAHI(2016),c2h6,y_h2o,453.15,35.0,0.0,0.0,0.0,0.0,0.0,0.0,0.296,,T,test-only,,table
zirrahi2016_10.1002_aic.15512_t1,ZIRRAHI(2016),c2h6,y_h2o,453.15,47.5,0.0,0.0,0.0,0.0,0.0,0.0,0.22,,T,test-only,,table
zirrahi2016_10.1002_aic.15512_t1,ZIRRAHI(2016),c2h6,y_h2o,453.15,56.9,0.0,0.0,0.0,0.0,0.0,0.0,0.175,,T,test-only,,table
zirrahi2016_10.1002_aic.15512_t1,ZIRRAHI(2016),c2h6,y_h2o,493.15,28.6,0.0,0.0,0.0,0.0,0.0,0.0,0.77,,T,test-only,,table
zirrahi2016_10.1002_aic.15512_t1,ZIRRAHI(2016),c2h6,y_h2o,493.15,38.6,0.0,0.0,0.0,0.0,0.0,0.0,0.599,,T,test-only,,table
zirrahi2016_10.1002_aic.15512_t1,ZIRRAHI(2016),c2h6,y_h2o,493.15,48.5,0.0,0.0,0.0,0.0,0.0,0.0,0.495,,T,test-only,,table
zirrahi2016_10.1002_aic.15512_t1,ZIRRAHI(2016),c2h6,y_h2o,493.15,57.2,0.0,0.0,0.0,0.0,0.0,0.0,0.432,,T,test-only,,table
zirrahi2016_10.1002_aic.15512_t1,ZIRRAHI(2016),c3h8,y_h2o,383.15,15.2,0.0,0.0,0.0,0.0,0.0,0.0,0.086,,T,test-only,,table
zirrahi2016_10.1002_aic.15512_t1,ZIRRAHI(2016),c3h8,y_h2o,383.15,27.2,0.0,0.0,0.0,0.0,0.0,0.0,0.049,,T,test-only,,table
zirrahi2016_10.1002_aic.15512_t1,ZIRRAHI(2016),c3h8,y_h2o,383.15,39.6,0.0,0.0,0.0,0.0,0.0,0.0,0.029,,T,test-only,,table
zirrahi2016_10.1002_aic.15512_t1,ZIRRAHI(2016),c3h8,y_h2o,383.15,46.5,0.0,0.0,0.0,0.0,0.0,0.0,0.022,,T,test-only,,table
zirrahi2016_10.1002_aic.15512_t1,ZIRRAHI(2016),c3h8,y_h2o,383.15,53.4,0.0,0.0,0.0,0.0,0.0,0.0,0.016,,T,test-only,,table
zirrahi2016_10.1002_aic.15512_t1,ZIRRAHI(2016),c3h8,y_h2o,413.15,15.2,0.0,0.0,0.0,0.0,0.0,0.0,0.231,,T,test-only,,table
zirrahi2016_10.1002_aic.15512_t1,ZIRRAHI(2016),c3h8,y_h2o,413.15,25.7,0.0,0.0,0.0,0.0,0.0,0.0,0.132,,T,test-only,,table
zirrahi2016_10.1002_aic.15512_t1,ZIRRAHI(2016),c3h8,y_h2o,413.15,39.6,0.0,0.0,0.0,0.0,0.0,0.0,0.086,,T,test-only,,table
zirrahi2016_10.1002_aic.15512_t1,ZIRRAHI(2016),c3h8,y_h2o,413.15,46.4,0.0,0.0,0.0,0.0,0.0,0.0,0.07,,T,test-only,,table
zirrahi2016_10.1002_aic.15512_t1,ZIRRAHI(2016),c3h8,y_h2o,413.15,53.1,0.0,0.0,0.0,0.0,0.0,0.0,0.057,,T,test-only,,table
zirrahi2016_10.1002_aic.15512_t1,ZIRRAHI(2016),c3h8,y_h2o,413.15,60.7,0.0,0.0,0.0,0.0,0.0,0.0,0.052,,T,test-only,,table
zirrahi2016_10.1002_aic.15512_t1,ZIRRAHI(2016),c3h8,y_h2o,453.15,14.8,0.0,0.0,0.0,0.0,0.0,0.0,0.643,,T,test-only,,table
zirrahi2016_10.1002_aic.15512_t1,ZIRRAHI(2016),c3h8,y_h2o,453.15,27.4,0.0,0.0,0.0,0.0,0.0,0.0,0.375,,T,test-only,,table
zirrahi2016_10.1002_aic.15512_t1,ZIRRAHI(2016),c3h8,y_h2o,453.15,39.6,0.0,0.0,0.0,0.0,0.0,0.0,0.254,,T,test-only,,table
zirrahi2016_10.1002_aic.15512_t1,ZIRRAHI(2016),c3h8,y_h2o,453.15,46.5,0.0,0.0,0.0,0.0,0.0,0.0,0.217,,T,test-only,,table
zirrahi2016_10.1002_aic.15512_t1,ZIRRAHI(2016),c3h8,y_h2o,453.15,53.4,0.0,0.0,0.0,0.0,0.0,0.0,0.182,,T,test-only,,table
zirrahi2016_10.1002_aic.15512_t1,ZIRRAHI(2016),c3h8,y_h2o,453.15,60.3,0.0,0.0,0.0,0.0,0.0,0.0,0.179,,T,test-only,,table
zirrahi2016_10.1002_aic.15512_t1,ZIRRAHI(2016),c3h8,y_h2o,493.15,28.8,0.0,0.0,0.0,0.0,0.0,0.0,0.771,,T,test-only,,table
zirrahi2016_10.1002_aic.15512_t1,ZIRRAHI(2016),c3h8,y_h2o,493.15,41.0,0.0,0.0,0.0,0.0,0.0,0.0,0.56,,T,test-only,,table
zirrahi2016_10.1002_aic.15512_t1,ZIRRAHI(2016),c3h8,y_h2o,493.15,46.5,0.0,0.0,0.0,0.0,0.0,0.0,0.5,,T,test-only,,table
zirrahi2016_10.1002_aic.15512_t1,ZIRRAHI(2016),c3h8,y_h2o,493.15,53.4,0.0,0.0,0.0,0.0,0.0,0.0,0.444,,T,test-only,,table
zirrahi2016_10.1002_aic.15512_t1,ZIRRAHI(2016),c3h8,y_h2o,493.15,60.5,0.0,0.0,0.0,0.0,0.0,0.0,0.407,,T,test-only,,table
brunner1994_10.1016_0378-3812(94)80013-8_t2,BRUNNER(1994),co2,y_h2o,473.15,201.0,0.0,0.0,0.0,0.0,0.0,0.0,0.18,,T,lle-regime,source-caution,table
brunner1994_10.1016_0378-3812(94)80013-8_t2,BRUNNER(1994),co2,y_h2o,573.15,101.0,0.0,0.0,0.0,0.0,0.0,0.0,0.921,,T,lle-regime,source-caution,table
brunner1994_10.1016_0378-3812(94)80013-8_t2,BRUNNER(1994),co2,y_h2o,573.15,201.0,0.0,0.0,0.0,0.0,0.0,0.0,0.61,,T,lle-regime,source-caution,table
brunner1994_10.1016_0378-3812(94)80013-8_t2,BRUNNER(1994),co2,y_h2o,573.15,301.0,0.0,0.0,0.0,0.0,0.0,0.0,0.546,,T,lle-regime,source-caution,table
folas2007_10.1016_j.fluid.2006.12.018_t1,FOLAS(2007),n2,y_h2o,258.15,5.0,0.0,0.0,0.0,0.0,0.0,0.0,0.0004075,,T,test-only,condensed-phase-uncertain;source-caution;subfreezing,table
folas2007_10.1016_j.fluid.2006.12.018_t1,FOLAS(2007),n2,y_h2o,263.15,5.0,0.0,0.0,0.0,0.0,0.0,0.0,0.000629,,T,test-only,condensed-phase-uncertain;source-caution;subfreezing,table
folas2007_10.1016_j.fluid.2006.12.018_t1,FOLAS(2007),n2,y_h2o,268.15,5.0,0.0,0.0,0.0,0.0,0.0,0.0,0.0009038,,T,test-only,condensed-phase-uncertain;source-caution;subfreezing,table
folas2007_10.1016_j.fluid.2006.12.018_t1,FOLAS(2007),n2,y_h2o,278.15,5.0,0.0,0.0,0.0,0.0,0.0,0.0,0.0018393,,T,test-only,condensed-phase-uncertain;source-caution,table
folas2007_10.1016_j.fluid.2006.12.018_t1,FOLAS(2007),n2,y_h2o,283.15,5.0,0.0,0.0,0.0,0.0,0.0,0.0,0.0025568,,T,test-only,condensed-phase-uncertain;source-caution,table
folas2007_10.1016_j.fluid.2006.12.018_t1,FOLAS(2007),n2,y_h2o,288.15,5.0,0.0,0.0,0.0,0.0,0.0,0.0,0.0034773,,T,test-only,condensed-phase-uncertain;source-caution,table
folas2007_10.1016_j.fluid.2006.12.018_t1,FOLAS(2007),n2,y_h2o,293.15,5.0,0.0,0.0,0.0,0.0,0.0,0.0,0.0047236,,T,test-only,condensed-phase-uncertain;source-caution,table
folas2007_10.1016_j.fluid.2006.12.018_t1,FOLAS(2007),n2,y_h2o,258.15,25.0,0.0,0.0,0.0,0.0,0.0,0.0,8.59e-05,,T,test-only,condensed-phase-uncertain;source-caution;subfreezing,table
folas2007_10.1016_j.fluid.2006.12.018_t1,FOLAS(2007),n2,y_h2o,263.15,25.0,0.0,0.0,0.0,0.0,0.0,0.0,0.0001385,,T,test-only,condensed-phase-uncertain;source-caution;subfreezing,table
folas2007_10.1016_j.fluid.2006.12.018_t1,FOLAS(2007),n2,y_h2o,268.15,25.0,0.0,0.0,0.0,0.0,0.0,0.0,0.000181,,T,test-only,condensed-phase-uncertain;source-caution;subfreezing,table
folas2007_10.1016_j.fluid.2006.12.018_t1,FOLAS(2007),n2,y_h2o,273.15,25.0,0.0,0.0,0.0,0.0,0.0,0.0,0.000296,,T,test-only,condensed-phase-uncertain;source-caution,table
folas2007_10.1016_j.fluid.2006.12.018_t1,FOLAS(2007),n2,y_h2o,278.15,25.0,0.0,0.0,0.0,0.0,0.0,0.0,0.0004284,,T,test-only,condensed-phase-uncertain;source-caution,table
folas2007_10.1016_j.fluid.2006.12.018_t1,FOLAS(2007),n2,y_h2o,283.15,25.0,0.0,0.0,0.0,0.0,0.0,0.0,0.0005228,,T,test-only,condensed-phase-uncertain;source-caution,table
folas2007_10.1016_j.fluid.2006.12.018_t1,FOLAS(2007),n2,y_h2o,288.15,25.0,0.0,0.0,0.0,0.0,0.0,0.0,0.0007218,,T,test-only,condensed-phase-uncertain;source-caution,table
folas2007_10.1016_j.fluid.2006.12.018_t1,FOLAS(2007),n2,y_h2o,293.15,25.0,0.0,0.0,0.0,0.0,0.0,0.0,0.0009852,,T,test-only,condensed-phase-uncertain;source-caution,table
folas2007_10.1016_j.fluid.2006.12.018_t1,FOLAS(2007),n2,y_h2o,258.15,50.0,0.0,0.0,0.0,0.0,0.0,0.0,4.36e-05,,T,test-only,condensed-phase-uncertain;source-caution;subfreezing,table
folas2007_10.1016_j.fluid.2006.12.018_t1,FOLAS(2007),n2,y_h2o,263.15,50.0,0.0,0.0,0.0,0.0,0.0,0.0,6.53e-05,,T,test-only,condensed-phase-uncertain;source-caution;subfreezing,table
folas2007_10.1016_j.fluid.2006.12.018_t1,FOLAS(2007),n2,y_h2o,268.15,50.0,0.0,0.0,0.0,0.0,0.0,0.0,9.35e-05,,T,test-only,condensed-phase-uncertain;source-caution;subfreezing,table
folas2007_10.1016_j.fluid.2006.12.018_t1,FOLAS(2007),n2,y_h2o,273.15,50.0,0.0,0.0,0.0,0.0,0.0,0.0,0.0001424,,T,test-only,condensed-phase-uncertain;source-caution,table
folas2007_10.1016_j.fluid.2006.12.018_t1,FOLAS(2007),n2,y_h2o,278.15,50.0,0.0,0.0,0.0,0.0,0.0,0.0,0.0002228,,T,test-only,condensed-phase-uncertain;source-caution,table
folas2007_10.1016_j.fluid.2006.12.018_t1,FOLAS(2007),n2,y_h2o,283.15,50.0,0.0,0.0,0.0,0.0,0.0,0.0,0.0003161,,T,test-only,condensed-phase-uncertain;source-caution,table
folas2007_10.1016_j.fluid.2006.12.018_t1,FOLAS(2007),n2,y_h2o,288.15,50.0,0.0,0.0,0.0,0.0,0.0,0.0,0.0003912,,T,test-only,condensed-phase-uncertain;source-caution,table
folas2007_10.1016_j.fluid.2006.12.018_t1,FOLAS(2007),n2,y_h2o,293.15,50.0,0.0,0.0,0.0,0.0,0.0,0.0,0.0005303,,T,test-only,condensed-phase-uncertain;source-caution,table
folas2007_10.1016_j.fluid.2006.12.018_t1,FOLAS(2007),n2,y_h2o,258.15,75.0,0.0,0.0,0.0,0.0,0.0,0.0,3.2e-05,,T,test-only,condensed-phase-uncertain;source-caution;subfreezing,table
folas2007_10.1016_j.fluid.2006.12.018_t1,FOLAS(2007),n2,y_h2o,283.15,75.0,0.0,0.0,0.0,0.0,0.0,0.0,0.0002279,,T,test-only,condensed-phase-uncertain;source-caution,table
folas2007_10.1016_j.fluid.2006.12.018_t1,FOLAS(2007),n2,y_h2o,293.15,75.0,0.0,0.0,0.0,0.0,0.0,0.0,0.0003901,,T,test-only,condensed-phase-uncertain;source-caution,table
folas2007_10.1016_j.fluid.2006.12.018_t1,FOLAS(2007),n2,y_h2o,273.15,100.0,0.0,0.0,0.0,0.0,0.0,0.0,0.0001011,,T,test-only,condensed-phase-uncertain;source-caution,table
folas2007_10.1016_j.fluid.2006.12.018_t1,FOLAS(2007),n2,y_h2o,283.15,100.0,0.0,0.0,0.0,0.0,0.0,0.0,0.0001823,,T,test-only,condensed-phase-uncertain;source-caution,table
folas2007_10.1016_j.fluid.2006.12.018_t1,FOLAS(2007),n2,y_h2o,293.15,100.0,0.0,0.0,0.0,0.0,0.0,0.0,0.0003095,,T,test-only,condensed-phase-uncertain;source-caution,table
folas2007_10.1016_j.fluid.2006.12.018_t1,FOLAS(2007),n2,y_h2o,263.15,200.0,0.0,0.0,0.0,0.0,0.0,0.0,3.01e-05,,T,test-only,condensed-phase-uncertain;source-caution;subfreezing,table
folas2007_10.1016_j.fluid.2006.12.018_t1,FOLAS(2007),n2,y_h2o,273.15,200.0,0.0,0.0,0.0,0.0,0.0,0.0,5.95e-05,,T,test-only,condensed-phase-uncertain;source-caution,table
folas2007_10.1016_j.fluid.2006.12.018_t1,FOLAS(2007),n2,y_h2o,283.15,200.0,0.0,0.0,0.0,0.0,0.0,0.0,0.000105,,T,test-only,condensed-phase-uncertain;source-caution,table
folas2007_10.1016_j.fluid.2006.12.018_t2,FOLAS(2007),ch4,y_h2o,253.15,15.0,0.0,0.0,0.0,0.0,0.0,0.0,8.78e-05,,T,test-only,condensed-phase-uncertain;source-caution;subfreezing,table
folas2007_10.1016_j.fluid.2006.12.018_t2,FOLAS(2007),ch4,y_h2o,263.15,15.0,0.0,0.0,0.0,0.0,0.0,0.0,0.0002031,,T,test-only,condensed-phase-uncertain;source-caution;subfreezing,table
folas2007_10.1016_j.fluid.2006.12.018_t2,FOLAS(2007),ch4,y_h2o,273.15,15.0,0.0,0.0,0.0,0.0,0.0,0.0,0.0004157,,T,test-only,condensed-phase-uncertain;source-caution,table
folas2007_10.1016_j.fluid.2006.12.018_t2,FOLAS(2007),ch4,y_h2o,283.15,15.0,0.0,0.0,0.0,0.0,0.0,0.0,0.000853,,T,test-only,condensed-phase-uncertain;source-caution,table
folas2007_10.1016_j.fluid.2006.12.018_t2,FOLAS(2007),ch4,y_h2o,293.15,15.0,0.0,0.0,0.0,0.0,0.0,0.0,0.0015029,,T,test-only,condensed-phase-uncertain;source-caution,table
folas2007_10.1016_j.fluid.2006.12.018_t2,FOLAS(2007),ch4,y_h2o,253.15,40.0,0.0,0.0,0.0,0.0,0.0,0.0,3.56e-05,,T,test-only,condensed-phase-uncertain;source-caution;subfreezing,table
folas2007_10.1016_j.fluid.2006.12.018_t2,FOLAS(2007),ch4,y_h2o,263.15,40.0,0.0,0.0,0.0,0.0,0.0,0.0,7.73e-05,,T,test-only,condensed-phase-uncertain;source-caution;subfreezing,table
folas2007_10.1016_j.fluid.2006.12.018_t2,FOLAS(2007),ch4,y_h2o,273.15,40.0,0.0,0.0,0.0,0.0,0.0,0.0,0.0001565,,T,test-only,condensed-phase-uncertain;source-caution,table
folas2007_10.1016_j.fluid.2006.12.018_t2,FOLAS(2007),ch4,y_h2o,283.15,40.0,0.0,0.0,0.0,0.0,0.0,0.0,0.0003139,,T,test-only,condensed-phase-uncertain;source-caution,table
folas2007_10.1016_j.fluid.2006.12.018_t2,FOLAS(2007),ch4,y_h2o,293.15,40.0,0.0,0.0,0.0,0.0,0.0,0.0,0.0005935,,T,test-only,condensed-phase-uncertain;source-caution,table
folas2007_10.1016_j.fluid.2006.12.018_t2,FOLAS(2007),ch4,y_h2o,263.15,60.0,0.0,0.0,0.0,0.0,0.0,0.0,5.52e-05,,T,test-only,condensed-phase-uncertain;source-caution;subfreezing,table
folas2007_10.1016_j.fluid.2006.12.018_t2,FOLAS(2007),ch4,y_h2o,273.15,60.0,0.0,0.0,0.0,0.0,0.0,0.0,0.0001347,,T,test-only,condensed-phase-uncertain;source-caution,table
folas2007_10.1016_j.fluid.2006.12.018_t2,FOLAS(2007),ch4,y_h2o,283.15,60.0,0.0,0.0,0.0,0.0,0.0,0.0,0.0002402,,T,test-only,condensed-phase-uncertain;source-caution,table
folas2007_10.1016_j.fluid.2006.12.018_t2,FOLAS(2007),ch4,y_h2o,293.15,60.0,0.0,0.0,0.0,0.0,0.0,0.0,0.0004281,,T,test-only,condensed-phase-uncertain;source-caution,table
folas2007_10.1016_j.fluid.2006.12.018_t2,FOLAS(2007),ch4,y_h2o,273.15,100.0,0.0,0.0,0.0,0.0,0.0,0.0,9.68e-05,,T,test-only,condensed-phase-uncertain;source-caution,table
folas2007_10.1016_j.fluid.2006.12.018_t2,FOLAS(2007),ch4,y_h2o,283.15,100.0,0.0,0.0,0.0,0.0,0.0,0.0,0.0001738,,T,test-only,condensed-phase-uncertain;source-caution,table
folas2007_10.1016_j.fluid.2006.12.018_t2,FOLAS(2007),ch4,y_h2o,293.15,100.0,0.0,0.0,0.0,0.0,0.0,0.0,0.0002544,,T,test-only,condensed-phase-uncertain;source-caution,table
folas2007_10.1016_j.fluid.2006.12.018_t2,FOLAS(2007),ch4,y_h2o,283.15,140.0,0.0,0.0,0.0,0.0,0.0,0.0,0.0001373,,T,test-only,condensed-phase-uncertain;source-caution,table
folas2007_10.1016_j.fluid.2006.12.018_t2,FOLAS(2007),ch4,y_h2o,283.15,180.0,0.0,0.0,0.0,0.0,0.0,0.0,0.0001504,,T,test-only,condensed-phase-uncertain;source-caution,table
folas2007_10.1016_j.fluid.2006.12.018_t2,FOLAS(2007),ch4,y_h2o,293.15,180.0,0.0,0.0,0.0,0.0,0.0,0.0,0.0002544,,T,test-only,condensed-phase-uncertain;source-caution,table
wang2013_10.1016_j.fluid.2012.11.012_t3,WANG(2013),co2,y_h2o,313.15,91.1925,0.0,0.0,0.0,0.0,0.0,0.0,0.0032,,T,test-only,,table
wang2013_10.1016_j.fluid.2012.11.012_t3,WANG(2013),co2,y_h2o,323.15,91.1925,0.0,0.0,0.0,0.0,0.0,0.0,0.0049,,T,test-only,,table
wang2013_10.1016_j.fluid.2012.11.012_t3,WANG(2013),co2,y_h2o,348.15,91.1925,0.0,0.0,0.0,0.0,0.0,0.0,0.0085,,T,test-only,,table
wang2013_10.1016_j.fluid.2012.11.012_t3,WANG(2013),co2,y_h2o,373.15,91.1925,0.0,0.0,0.0,0.0,0.0,0.0,0.0161,,T,test-only,,table
burgass2021_10.1016_j.fluid.2020.112873_t4,BURGASS(2021),n2,y_h2o,283.1,7.0,0.0,0.0,0.0,0.0,0.0,0.0,0.00181,,T,test-only,,table
burgass2021_10.1016_j.fluid.2020.112873_t4,BURGASS(2021),n2,y_h2o,283.1,11.3,0.0,0.0,0.0,0.0,0.0,0.0,0.001165,,T,test-only,,table
burgass2021_10.1016_j.fluid.2020.112873_t4,BURGASS(2021),n2,y_h2o,283.1,54.3,0.0,0.0,0.0,0.0,0.0,0.0,0.00028,,T,test-only,,table
burgass2021_10.1016_j.fluid.2020.112873_t4,BURGASS(2021),n2,y_h2o,283.1,76.2,0.0,0.0,0.0,0.0,0.0,0.0,0.000218,,T,test-only,,table
burgass2021_10.1016_j.fluid.2020.112873_t4,BURGASS(2021),n2,y_h2o,283.1,172.0,0.0,0.0,0.0,0.0,0.0,0.0,0.000136,,T,test-only,,table
burgass2021_10.1016_j.fluid.2020.112873_t4,BURGASS(2021),n2,y_h2o,274.1,3.6,0.0,0.0,0.0,0.0,0.0,0.0,0.00186,,T,test-only,,table
burgass2021_10.1016_j.fluid.2020.112873_t4,BURGASS(2021),n2,y_h2o,274.1,7.0,0.0,0.0,0.0,0.0,0.0,0.0,0.000965,,T,test-only,,table
burgass2021_10.1016_j.fluid.2020.112873_t4,BURGASS(2021),n2,y_h2o,274.1,10.9,0.0,0.0,0.0,0.0,0.0,0.0,0.00065,,T,test-only,,table
burgass2021_10.1016_j.fluid.2020.112873_t4,BURGASS(2021),n2,y_h2o,274.1,50.5,0.0,0.0,0.0,0.0,0.0,0.0,0.00017,,T,test-only,,table
burgass2021_10.1016_j.fluid.2020.112873_t5,BURGASS(2021),ch4,y_h2o,283.1,105.7,0.0,0.0,0.0,0.0,0.0,0.0,0.000176,,T,test-only,hydrate-regime,table
burgass2021_10.1016_j.fluid.2020.112873_t5,BURGASS(2021),ch4,y_h2o,283.1,200.4,0.0,0.0,0.0,0.0,0.0,0.0,0.000124,,T,test-only,hydrate-regime,table
burgass2021_10.1016_j.fluid.2020.112873_t5,BURGASS(2021),ch4,y_h2o,283.1,248.8,0.0,0.0,0.0,0.0,0.0,0.0,0.000113,,T,test-only,hydrate-regime,table
burgass2021_10.1016_j.fluid.2020.112873_t5,BURGASS(2021),ch4,y_h2o,283.1,447.4,0.0,0.0,0.0,0.0,0.0,0.0,9.3e-05,,T,test-only,hydrate-regime,table
burgass2021_10.1016_j.fluid.2020.112873_t5,BURGASS(2021),ch4,y_h2o,283.1,568.4,0.0,0.0,0.0,0.0,0.0,0.0,9.1e-05,,T,test-only,hydrate-regime,table
caumon2016_10.1016_j.ijggc.2016.01.034_t2,CAUMON(2016),co2,y_h2o,373.15,4.9,0.0,0.0,0.0,0.0,0.0,0.0,0.212,,U,test-only,,table
caumon2016_10.1016_j.ijggc.2016.01.034_t2,CAUMON(2016),co2,y_h2o,373.15,11.7,0.0,0.0,0.0,0.0,0.0,0.0,0.1,,U,test-only,,table
caumon2016_10.1016_j.ijggc.2016.01.034_t2,CAUMON(2016),co2,y_h2o,373.15,22.2,0.0,0.0,0.0,0.0,0.0,0.0,0.075,,U,test-only,,table
caumon2016_10.1016_j.ijggc.2016.01.034_t2,CAUMON(2016),co2,y_h2o,373.15,26.5,0.0,0.0,0.0,0.0,0.0,0.0,0.063,,U,test-only,,table
caumon2016_10.1016_j.ijggc.2016.01.034_t2,CAUMON(2016),co2,y_h2o,373.15,31.7,0.0,0.0,0.0,0.0,0.0,0.0,0.053,,U,test-only,,table
caumon2016_10.1016_j.ijggc.2016.01.034_t2,CAUMON(2016),co2,y_h2o,373.15,36.1,0.0,0.0,0.0,0.0,0.0,0.0,0.044,,U,test-only,,table
caumon2016_10.1016_j.ijggc.2016.01.034_t2,CAUMON(2016),co2,y_h2o,373.15,42.6,0.0,0.0,0.0,0.0,0.0,0.0,0.042,,U,test-only,,table
caumon2016_10.1016_j.ijggc.2016.01.034_t2,CAUMON(2016),co2,y_h2o,373.15,50.5,0.0,0.0,0.0,0.0,0.0,0.0,0.037,,U,test-only,,table
caumon2016_10.1016_j.ijggc.2016.01.034_t2,CAUMON(2016),co2,y_h2o,373.15,60.8,0.0,0.0,0.0,0.0,0.0,0.0,0.029,,U,test-only,,table
caumon2016_10.1016_j.ijggc.2016.01.034_t2,CAUMON(2016),co2,y_h2o,373.15,71.5,0.0,0.0,0.0,0.0,0.0,0.0,0.028,,U,test-only,,table
caumon2016_10.1016_j.ijggc.2016.01.034_t2,CAUMON(2016),co2,y_h2o,373.15,74.7,0.0,0.0,0.0,0.0,0.0,0.0,0.026,,U,test-only,,table
caumon2016_10.1016_j.ijggc.2016.01.034_t2,CAUMON(2016),co2,y_h2o,373.15,77.9,0.0,0.0,0.0,0.0,0.0,0.0,0.027,,U,test-only,,table
caumon2016_10.1016_j.ijggc.2016.01.034_t2,CAUMON(2016),co2,y_h2o,373.15,81.5,0.0,0.0,0.0,0.0,0.0,0.0,0.027,,U,test-only,,table
caumon2016_10.1016_j.ijggc.2016.01.034_t2,CAUMON(2016),co2,y_h2o,373.15,93.9,0.0,0.0,0.0,0.0,0.0,0.0,0.022,,U,test-only,,table
caumon2016_10.1016_j.ijggc.2016.01.034_t2,CAUMON(2016),co2,y_h2o,373.15,105.1,0.0,0.0,0.0,0.0,0.0,0.0,0.022,,U,test-only,,table
caumon2016_10.1016_j.ijggc.2016.01.034_t2,CAUMON(2016),co2,y_h2o,373.15,105.3,0.0,0.0,0.0,0.0,0.0,0.0,0.021,,U,test-only,,table
caumon2016_10.1016_j.ijggc.2016.01.034_t2,CAUMON(2016),co2,y_h2o,373.15,125.7,0.0,0.0,0.0,0.0,0.0,0.0,0.024,,U,test-only,,table
caumon2016_10.1016_j.ijggc.2016.01.034_t2,CAUMON(2016),co2,y_h2o,373.15,141.3,0.0,0.0,0.0,0.0,0.0,0.0,0.026,,U,test-only,,table
caumon2016_10.1016_j.ijggc.2016.01.034_t2,CAUMON(2016),co2,y_h2o,373.15,160.3,0.0,0.0,0.0,0.0,0.0,0.0,0.023,,U,test-only,,table
caumon2016_10.1016_j.ijggc.2016.01.034_t2,CAUMON(2016),co2,y_h2o,373.15,181.4,0.0,0.0,0.0,0.0,0.0,0.0,0.029,,U,test-only,,table
caumon2016_10.1016_j.ijggc.2016.01.034_t2,CAUMON(2016),co2,y_h2o,373.15,201.0,0.0,0.0,0.0,0.0,0.0,0.0,0.029,,U,test-only,,table
chapoy2012_10.1016_j.jct.2011.10.026_t1,CHAPOY(2012),co2,y_h2o,253.15,137.9,0.0,0.0,0.0,0.0,0.0,0.0,0.000638,,T,test-only,hydrate-regime;subfreezing,table
chapoy2012_10.1016_j.jct.2011.10.026_t1,CHAPOY(2012),co2,y_h2o,255.15,137.9,0.0,0.0,0.0,0.0,0.0,0.0,0.000694,,T,test-only,hydrate-regime;subfreezing,table
chapoy2012_10.1016_j.jct.2011.10.026_t1,CHAPOY(2012),co2,y_h2o,257.15,137.9,0.0,0.0,0.0,0.0,0.0,0.0,0.000793,,T,test-only,hydrate-regime;subfreezing,table
chapoy2012_10.1016_j.jct.2011.10.026_t1,CHAPOY(2012),co2,y_h2o,259.15,137.9,0.0,0.0,0.0,0.0,0.0,0.0,0.000828,,T,test-only,hydrate-regime;subfreezing,table
chapoy2012_10.1016_j.jct.2011.10.026_t1,CHAPOY(2012),co2,y_h2o,261.15,137.9,0.0,0.0,0.0,0.0,0.0,0.0,0.000902,,T,test-only,hydrate-regime;subfreezing,table
chapoy2012_10.1016_j.jct.2011.10.026_t1,CHAPOY(2012),co2,y_h2o,263.15,137.9,0.0,0.0,0.0,0.0,0.0,0.0,0.000982,,T,test-only,hydrate-regime;subfreezing,table
chapoy2012_10.1016_j.jct.2011.10.026_t1,CHAPOY(2012),co2,y_h2o,265.15,137.9,0.0,0.0,0.0,0.0,0.0,0.0,0.001054,,T,test-only,hydrate-regime;subfreezing,table
chapoy2012_10.1016_j.jct.2011.10.026_t1,CHAPOY(2012),co2,y_h2o,267.15,137.9,0.0,0.0,0.0,0.0,0.0,0.0,0.001162,,T,test-only,hydrate-regime;subfreezing,table
chapoy2012_10.1016_j.jct.2011.10.026_t1,CHAPOY(2012),co2,y_h2o,269.15,137.9,0.0,0.0,0.0,0.0,0.0,0.0,0.001262,,T,test-only,hydrate-regime;subfreezing,table
chapoy2012_10.1016_j.jct.2011.10.026_t1,CHAPOY(2012),co2,y_h2o,271.15,137.9,0.0,0.0,0.0,0.0,0.0,0.0,0.00136,,T,test-only,hydrate-regime;subfreezing,table
chapoy2012_10.1016_j.jct.2011.10.026_t1,CHAPOY(2012),co2,y_h2o,273.15,137.9,0.0,0.0,0.0,0.0,0.0,0.0,0.001446,,T,test-only,hydrate-regime,table
chapoy2012_10.1016_j.jct.2011.10.026_t1,CHAPOY(2012),co2,y_h2o,275.15,137.9,0.0,0.0,0.0,0.0,0.0,0.0,0.001583,,T,test-only,hydrate-regime,table
chapoy2012_10.1016_j.jct.2011.10.026_t1,CHAPOY(2012),co2,y_h2o,277.15,137.9,0.0,0.0,0.0,0.0,0.0,0.0,0.001725,,T,test-only,hydrate-regime,table
blanco1999_10.1016_s0378-3812(99)00164-8_t2,BLANCO(1999),n2,y_h2o,253.17,9.81,0.0,0.0,0.0,0.0,0.0,0.0,8e-05,,T,test-only,source-caution;subfreezing,table
blanco1999_10.1016_s0378-3812(99)00164-8_t2,BLANCO(1999),n2,y_h2o,259.64,19.74,0.0,0.0,0.0,0.0,0.0,0.0,8e-05,,T,test-only,source-caution;subfreezing,table
blanco1999_10.1016_s0378-3812(99)00164-8_t2,BLANCO(1999),n2,y_h2o,263.39,29.49,0.0,0.0,0.0,0.0,0.0,0.0,8e-05,,T,test-only,source-caution;subfreezing,table
blanco1999_10.1016_s0378-3812(99)00164-8_t2,BLANCO(1999),n2,y_h2o,266.3,39.63,0.0,0.0,0.0,0.0,0.0,0.0,8e-05,,T,test-only,source-caution;subfreezing,table
blanco1999_10.1016_s0378-3812(99)00164-8_t2,BLANCO(1999),n2,y_h2o,268.34,49.15,0.0,0.0,0.0,0.0,0.0,0.0,8e-05,,T,test-only,source-caution;subfreezing,table
blanco1999_10.1016_s0378-3812(99)00164-8_t2,BLANCO(1999),n2,y_h2o,270.23,59.94,0.0,0.0,0.0,0.0,0.0,0.0,8e-05,,T,test-only,source-caution;subfreezing,table
blanco1999_10.1016_s0378-3812(99)00164-8_t2,BLANCO(1999),n2,y_h2o,271.71,69.8,0.0,0.0,0.0,0.0,0.0,0.0,8e-05,,T,test-only,source-caution;subfreezing,table
blanco1999_10.1016_s0378-3812(99)00164-8_t2,BLANCO(1999),n2,y_h2o,273.04,80.04,0.0,0.0,0.0,0.0,0.0,0.0,8e-05,,T,test-only,source-caution;subfreezing,table
blanco1999_10.1016_s0378-3812(99)00164-8_t2,BLANCO(1999),n2,y_h2o,274.1,89.11,0.0,0.0,0.0,0.0,0.0,0.0,8e-05,,T,test-only,source-caution,table
blanco1999_10.1016_s0378-3812(99)00164-8_t2,BLANCO(1999),n2,y_h2o,275.2,99.71,0.0,0.0,0.0,0.0,0.0,0.0,8e-05,,T,test-only,source-caution,table
blanco1999_10.1016_s0378-3812(99)00164-8_t2,BLANCO(1999),n2,y_h2o,276.13,109.61,0.0,0.0,0.0,0.0,0.0,0.0,8e-05,,T,test-only,source-caution,table
blanco1999_10.1016_s0378-3812(99)00164-8_t2,BLANCO(1999),n2,y_h2o,249.8,4.72,0.0,0.0,0.0,0.0,0.0,0.0,0.0001,,T,test-only,source-caution;subfreezing,table
blanco1999_10.1016_s0378-3812(99)00164-8_t2,BLANCO(1999),n2,y_h2o,255.63,9.94,0.0,0.0,0.0,0.0,0.0,0.0,0.0001,,T,test-only,source-caution;subfreezing,table
blanco1999_10.1016_s0378-3812(99)00164-8_t2,BLANCO(1999),n2,y_h2o,259.77,14.93,0.0,0.0,0.0,0.0,0.0,0.0,0.0001,,T,test-only,source-caution;subfreezing,table
blanco1999_10.1016_s0378-3812(99)00164-8_t2,BLANCO(1999),n2,y_h2o,262.52,19.72,0.0,0.0,0.0,0.0,0.0,0.0,0.0001,,T,test-only,source-caution;subfreezing,table
blanco1999_10.1016_s0378-3812(99)00164-8_t2,BLANCO(1999),n2,y_h2o,264.67,24.8,0.0,0.0,0.0,0.0,0.0,0.0,0.0001,,T,test-only,source-caution;subfreezing,table
blanco1999_10.1016_s0378-3812(99)00164-8_t2,BLANCO(1999),n2,y_h2o,266.64,30.07,0.0,0.0,0.0,0.0,0.0,0.0,0.0001,,T,test-only,source-caution;subfreezing,table
blanco1999_10.1016_s0378-3812(99)00164-8_t2,BLANCO(1999),n2,y_h2o,268.2,34.89,0.0,0.0,0.0,0.0,0.0,0.0,0.0001,,T,test-only,source-caution;subfreezing,table
blanco1999_10.1016_s0378-3812(99)00164-8_t2,BLANCO(1999),n2,y_h2o,269.81,39.75,0.0,0.0,0.0,0.0,0.0,0.0,0.0001,,T,test-only,source-caution;subfreezing,table
blanco1999_10.1016_s0378-3812(99)00164-8_t2,BLANCO(1999),n2,y_h2o,272.08,49.52,0.0,0.0,0.0,0.0,0.0,0.0,0.0001,,T,test-only,source-caution;subfreezing,table
blanco1999_10.1016_s0378-3812(99)00164-8_t2,BLANCO(1999),n2,y_h2o,274.32,59.75,0.0,0.0,0.0,0.0,0.0,0.0,0.0001,,T,test-only,source-caution,table
blanco1999_10.1016_s0378-3812(99)00164-8_t2,BLANCO(1999),n2,y_h2o,275.78,69.61,0.0,0.0,0.0,0.0,0.0,0.0,0.0001,,T,test-only,source-caution,table
blanco1999_10.1016_s0378-3812(99)00164-8_t2,BLANCO(1999),n2,y_h2o,277.09,79.65,0.0,0.0,0.0,0.0,0.0,0.0,0.0001,,T,test-only,source-caution,table
blanco1999_10.1016_s0378-3812(99)00164-8_t2,BLANCO(1999),n2,y_h2o,278.43,89.77,0.0,0.0,0.0,0.0,0.0,0.0,0.0001,,T,test-only,source-caution,table
blanco1999_10.1016_s0378-3812(99)00164-8_t2,BLANCO(1999),n2,y_h2o,279.55,100.57,0.0,0.0,0.0,0.0,0.0,0.0,0.0001,,T,test-only,source-caution,table
blanco1999_10.1016_s0378-3812(99)00164-8_t2,BLANCO(1999),n2,y_h2o,252.61,4.21,0.0,0.0,0.0,0.0,0.0,0.0,0.00014,,T,test-only,source-caution;subfreezing,table
blanco1999_10.1016_s0378-3812(99)00164-8_t2,BLANCO(1999),n2,y_h2o,260.02,9.39,0.0,0.0,0.0,0.0,0.0,0.0,0.00014,,T,test-only,source-caution;subfreezing,table
blanco1999_10.1016_s0378-3812(99)00164-8_t2,BLANCO(1999),n2,y_h2o,264.25,15.05,0.0,0.0,0.0,0.0,0.0,0.0,0.00014,,T,test-only,source-caution;subfreezing,table
blanco1999_10.1016_s0378-3812(99)00164-8_t2,BLANCO(1999),n2,y_h2o,267.26,20.19,0.0,0.0,0.0,0.0,0.0,0.0,0.00014,,T,test-only,source-caution;subfreezing,table
blanco1999_10.1016_s0378-3812(99)00164-8_t2,BLANCO(1999),n2,y_h2o,269.5,25.31,0.0,0.0,0.0,0.0,0.0,0.0,0.00014,,T,test-only,source-caution;subfreezing,table
blanco1999_10.1016_s0378-3812(99)00164-8_t2,BLANCO(1999),n2,y_h2o,271.48,30.06,0.0,0.0,0.0,0.0,0.0,0.0,0.00014,,T,test-only,source-caution;subfreezing,table
blanco1999_10.1016_s0378-3812(99)00164-8_t2,BLANCO(1999),n2,y_h2o,272.85,35.09,0.0,0.0,0.0,0.0,0.0,0.0,0.00014,,T,test-only,source-caution;subfreezing,table
blanco1999_10.1016_s0378-3812(99)00164-8_t2,BLANCO(1999),n2,y_h2o,274.06,39.89,0.0,0.0,0.0,0.0,0.0,0.0,0.00014,,T,test-only,source-caution,table
blanco1999_10.1016_s0378-3812(99)00164-8_t2,BLANCO(1999),n2,y_h2o,275.47,45.56,0.0,0.0,0.0,0.0,0.0,0.0,0.00014,,T,test-only,source-caution,table
blanco1999_10.1016_s0378-3812(99)00164-8_t2,BLANCO(1999),n2,y_h2o,276.72,49.99,0.0,0.0,0.0,0.0,0.0,0.0,0.00014,,T,test-only,source-caution,table
blanco1999_10.1016_s0378-3812(99)00164-8_t2,BLANCO(1999),n2,y_h2o,277.9,54.47,0.0,0.0,0.0,0.0,0.0,0.0,0.00014,,T,test-only,source-caution,table
blanco1999_10.1016_s0378-3812(99)00164-8_t2,BLANCO(1999),n2,y_h2o,278.7,60.0,0.0,0.0,0.0,0.0,0.0,0.0,0.00014,,T,test-only,source-caution,table
blanco1999_10.1016_s0378-3812(99)00164-8_t2,BLANCO(1999),n2,y_h2o,279.74,64.46,0.0,0.0,0.0,0.0,0.0,0.0,0.00014,,T,test-only,source-caution,table
blanco1999_10.1016_s0378-3812(99)00164-8_t2,BLANCO(1999),n2,y_h2o,280.63,69.76,0.0,0.0,0.0,0.0,0.0,0.0,0.00014,,T,test-only,source-caution,table
blanco1999_10.1016_s0378-3812(99)00164-8_t2,BLANCO(1999),n2,y_h2o,281.5,74.86,0.0,0.0,0.0,0.0,0.0,0.0,0.00014,,T,test-only,source-caution,table
blanco1999_10.1016_s0378-3812(99)00164-8_t2,BLANCO(1999),n2,y_h2o,282.53,84.91,0.0,0.0,0.0,0.0,0.0,0.0,0.00014,,T,test-only,source-caution,table
blanco1999_10.1016_s0378-3812(99)00164-8_t2,BLANCO(1999),n2,y_h2o,283.93,99.22,0.0,0.0,0.0,0.0,0.0,0.0,0.00014,,T,test-only,source-caution,table
blanco1999_10.1016_s0378-3812(99)00164-8_t2,BLANCO(1999),n2,y_h2o,257.44,4.37,0.0,0.0,0.0,0.0,0.0,0.0,0.00026,,T,test-only,source-caution;subfreezing,table
blanco1999_10.1016_s0378-3812(99)00164-8_t2,BLANCO(1999),n2,y_h2o,265.12,9.88,0.0,0.0,0.0,0.0,0.0,0.0,0.00026,,T,test-only,source-caution;subfreezing,table
blanco1999_10.1016_s0378-3812(99)00164-8_t2,BLANCO(1999),n2,y_h2o,269.29,14.91,0.0,0.0,0.0,0.0,0.0,0.0,0.00026,,T,test-only,source-caution;subfreezing,table
blanco1999_10.1016_s0378-3812(99)00164-8_t2,BLANCO(1999),n2,y_h2o,272.39,19.59,0.0,0.0,0.0,0.0,0.0,0.0,0.00026,,T,test-only,source-caution;subfreezing,table
blanco1999_10.1016_s0378-3812(99)00164-8_t2,BLANCO(1999),n2,y_h2o,275.07,24.71,0.0,0.0,0.0,0.0,0.0,0.0,0.00026,,T,test-only,source-caution,table
blanco1999_10.1016_s0378-3812(99)00164-8_t2,BLANCO(1999),n2,y_h2o,277.4,29.53,0.0,0.0,0.0,0.0,0.0,0.0,0.00026,,T,test-only,source-caution,table
blanco1999_10.1016_s0378-3812(99)00164-8_t2,BLANCO(1999),n2,y_h2o,279.27,34.55,0.0,0.0,0.0,0.0,0.0,0.0,0.00026,,T,test-only,source-caution,table
blanco1999_10.1016_s0378-3812(99)00164-8_t2,BLANCO(1999),n2,y_h2o,280.92,39.44,0.0,0.0,0.0,0.0,0.0,0.0,0.00026,,T,test-only,source-caution,table
blanco1999_10.1016_s0378-3812(99)00164-8_t2,BLANCO(1999),n2,y_h2o,282.34,44.44,0.0,0.0,0.0,0.0,0.0,0.0,0.00026,,T,test-only,source-caution,table
blanco1999_10.1016_s0378-3812(99)00164-8_t2,BLANCO(1999),n2,y_h2o,283.24,49.21,0.0,0.0,0.0,0.0,0.0,0.0,0.00026,,T,test-only,source-caution,table
blanco1999_10.1016_s0378-3812(99)00164-8_t3,BLANCO(1999),c3h8,y_h2o,256.21,1.01,0.0,0.0,0.0,0.0,0.0,0.0,0.00127,,T,test-only,source-caution;subfreezing,table
blanco1999_10.1016_s0378-3812(99)00164-8_t3,BLANCO(1999),c3h8,y_h2o,258.05,1.21,0.0,0.0,0.0,0.0,0.0,0.0,0.00127,,T,test-only,source-caution;subfreezing,table
blanco1999_10.1016_s0378-3812(99)00164-8_t3,BLANCO(1999),c3h8,y_h2o,259.66,1.41,0.0,0.0,0.0,0.0,0.0,0.0,0.00127,,T,test-only,source-caution;subfreezing,table
blanco1999_10.1016_s0378-3812(99)00164-8_t3,BLANCO(1999),c3h8,y_h2o,261.1,1.61,0.0,0.0,0.0,0.0,0.0,0.0,0.00127,,T,test-only,source-caution;subfreezing,table
blanco1999_10.1016_s0378-3812(99)00164-8_t3,BLANCO(1999),c3h8,y_h2o,262.4,1.81,0.0,0.0,0.0,0.0,0.0,0.0,0.00127,,T,test-only,source-caution;subfreezing,table
blanco1999_10.1016_s0378-3812(99)00164-8_t3,BLANCO(1999),c3h8,y_h2o,263.5,2.01,0.0,0.0,0.0,0.0,0.0,0.0,0.00127,,T,test-only,source-caution;subfreezing,table
blanco1999_10.1016_s0378-3812(99)00164-8_t3,BLANCO(1999),c3h8,y_h2o,265.61,2.41,0.0,0.0,0.0,0.0,0.0,0.0,0.00127,,T,test-only,source-caution;subfreezing,table
blanco1999_10.1016_s0378-3812(99)00164-8_t3,BLANCO(1999),c3h8,y_h2o,266.52,2.61,0.0,0.0,0.0,0.0,0.0,0.0,0.00127,,T,test-only,source-caution;subfreezing,table
blanco1999_10.1016_s0378-3812(99)00164-8_t3,BLANCO(1999),c3h8,y_h2o,267.33,2.8,0.0,0.0,0.0,0.0,0.0,0.0,0.00127,,T,test-only,source-caution;subfreezing,table
blanco1999_10.1016_s0378-3812(99)00164-8_t3,BLANCO(1999),c3h8,y_h2o,268.12,3.0,0.0,0.0,0.0,0.0,0.0,0.0,0.00127,,T,test-only,source-caution;subfreezing,table
blanco1999_10.1016_s0378-3812(99)00164-8_t3,BLANCO(1999),c3h8,y_h2o,268.89,3.21,0.0,0.0,0.0,0.0,0.0,0.0,0.00127,,T,test-only,source-caution;subfreezing,table
blanco1999_10.1016_s0378-3812(99)00164-8_t3,BLANCO(1999),c3h8,y_h2o,269.57,3.4,0.0,0.0,0.0,0.0,0.0,0.0,0.00127,,T,test-only,source-caution;subfreezing,table
blanco1999_10.1016_s0378-3812(99)00164-8_t3,BLANCO(1999),c3h8,y_h2o,270.26,3.61,0.0,0.0,0.0,0.0,0.0,0.0,0.00127,,T,test-only,source-caution;subfreezing,table
blanco1999_10.1016_s0378-3812(99)00164-8_t3,BLANCO(1999),c3h8,y_h2o,270.88,3.8,0.0,0.0,0.0,0.0,0.0,0.0,0.00127,,T,test-only,source-caution;subfreezing,table
blanco1999_10.1016_s0378-3812(99)00164-8_t3,BLANCO(1999),c3h8,y_h2o,271.31,4.0,0.0,0.0,0.0,0.0,0.0,0.0,0.00127,,T,test-only,source-caution;subfreezing,table
blanco1999_10.1016_s0378-3812(99)00164-8_t3,BLANCO(1999),c3h8,y_h2o,272.07,4.2,0.0,0.0,0.0,0.0,0.0,0.0,0.00127,,T,test-only,source-caution;subfreezing,table
blanco1999_10.1016_s0378-3812(99)00164-8_t3,BLANCO(1999),c3h8,y_h2o,272.7,4.4,0.0,0.0,0.0,0.0,0.0,0.0,0.00127,,T,test-only,source-caution;subfreezing,table
blanco1999_10.1016_s0378-3812(99)00164-8_t3,BLANCO(1999),c3h8,y_h2o,273.33,4.6,0.0,0.0,0.0,0.0,0.0,0.0,0.00127,,T,test-only,source-caution,table
blanco1999_10.1016_s0378-3812(99)00164-8_t3,BLANCO(1999),c3h8,y_h2o,273.63,4.66,0.0,0.0,0.0,0.0,0.0,0.0,0.00127,,T,test-only,source-caution,table
blanco1999_10.1016_s0378-3812(99)00164-8_t3,BLANCO(1999),c3h8,y_h2o,257.45,1.01,0.0,0.0,0.0,0.0,0.0,0.0,0.00147,,T,test-only,source-caution;subfreezing,table
blanco1999_10.1016_s0378-3812(99)00164-8_t3,BLANCO(1999),c3h8,y_h2o,259.22,1.19,0.0,0.0,0.0,0.0,0.0,0.0,0.00147,,T,test-only,source-caution;subfreezing,table
blanco1999_10.1016_s0378-3812(99)00164-8_t3,BLANCO(1999),c3h8,y_h2o,260.9,1.41,0.0,0.0,0.0,0.0,0.0,0.0,0.00147,,T,test-only,source-caution;subfreezing,table
blanco1999_10.1016_s0378-3812(99)00164-8_t3,BLANCO(1999),c3h8,y_h2o,262.46,1.61,0.0,0.0,0.0,0.0,0.0,0.0,0.00147,,T,test-only,source-caution;subfreezing,table
blanco1999_10.1016_s0378-3812(99)00164-8_t3,BLANCO(1999),c3h8,y_h2o,263.78,1.8,0.0,0.0,0.0,0.0,0.0,0.0,0.00147,,T,test-only,source-caution;subfreezing,table
blanco1999_10.1016_s0378-3812(99)00164-8_t3,BLANCO(1999),c3h8,y_h2o,264.99,2.01,0.0,0.0,0.0,0.0,0.0,0.0,0.00147,,T,test-only,source-caution;subfreezing,table
blanco1999_10.1016_s0378-3812(99)00164-8_t3,BLANCO(1999),c3h8,y_h2o,265.99,2.21,0.0,0.0,0.0,0.0,0.0,0.0,0.00147,,T,test-only,source-caution;subfreezing,table
blanco1999_10.1016_s0378-3812(99)00164-8_t3,BLANCO(1999),c3h8,y_h2o,266.99,2.41,0.0,0.0,0.0,0.0,0.0,0.0,0.00147,,T,test-only,source-caution;subfreezing,table
blanco1999_10.1016_s0378-3812(99)00164-8_t3,BLANCO(1999),c3h8,y_h2o,267.95,2.6,0.0,0.0,0.0,0.0,0.0,0.0,0.00147,,T,test-only,source-caution;subfreezing,table
blanco1999_10.1016_s0378-3812(99)00164-8_t3,BLANCO(1999),c3h8,y_h2o,268.82,2.81,0.0,0.0,0.0,0.0,0.0,0.0,0.00147,,T,test-only,source-caution;subfreezing,table
blanco1999_10.1016_s0378-3812(99)00164-8_t3,BLANCO(1999),c3h8,y_h2o,269.62,3.01,0.0,0.0,0.0,0.0,0.0,0.0,0.00147,,T,test-only,source-caution;subfreezing,table
blanco1999_10.1016_s0378-3812(99)00164-8_t3,BLANCO(1999),c3h8,y_h2o,270.53,3.21,0.0,0.0,0.0,0.0,0.0,0.0,0.00147,,T,test-only,source-caution;subfreezing,table
blanco1999_10.1016_s0378-3812(99)00164-8_t3,BLANCO(1999),c3h8,y_h2o,271.74,3.61,0.0,0.0,0.0,0.0,0.0,0.0,0.00147,,T,test-only,source-caution;subfreezing,table
blanco1999_10.1016_s0378-3812(99)00164-8_t3,BLANCO(1999),c3h8,y_h2o,272.44,3.8,0.0,0.0,0.0,0.0,0.0,0.0,0.00147,,T,test-only,source-caution;subfreezing,table
blanco1999_10.1016_s0378-3812(99)00164-8_t3,BLANCO(1999),c3h8,y_h2o,273.22,4.01,0.0,0.0,0.0,0.0,0.0,0.0,0.00147,,T,test-only,source-caution,table
blanco1999_10.1016_s0378-3812(99)00164-8_t3,BLANCO(1999),c3h8,y_h2o,273.94,4.21,0.0,0.0,0.0,0.0,0.0,0.0,0.00147,,T,test-only,source-caution,table
blanco1999_10.1016_s0378-3812(99)00164-8_t3,BLANCO(1999),c3h8,y_h2o,274.61,4.41,0.0,0.0,0.0,0.0,0.0,0.0,0.00147,,T,test-only,source-caution,table
blanco1999_10.1016_s0378-3812(99)00164-8_t3,BLANCO(1999),c3h8,y_h2o,275.22,4.6,0.0,0.0,0.0,0.0,0.0,0.0,0.00147,,T,test-only,source-caution,table
blanco1999_10.1016_s0378-3812(99)00164-8_t3,BLANCO(1999),c3h8,y_h2o,275.45,4.68,0.0,0.0,0.0,0.0,0.0,0.0,0.00147,,T,test-only,source-caution,table
blanco1999_10.1016_s0378-3812(99)00164-8_t3,BLANCO(1999),c3h8,y_h2o,257.54,1.04,0.0,0.0,0.0,0.0,0.0,0.0,0.00178,,T,test-only,source-caution;subfreezing,table
blanco1999_10.1016_s0378-3812(99)00164-8_t3,BLANCO(1999),c3h8,y_h2o,258.63,1.15,0.0,0.0,0.0,0.0,0.0,0.0,0.00178,,T,test-only,source-caution;subfreezing,table
blanco1999_10.1016_s0378-3812(99)00164-8_t3,BLANCO(1999),c3h8,y_h2o,260.71,1.36,0.0,0.0,0.0,0.0,0.0,0.0,0.00178,,T,test-only,source-caution;subfreezing,table
blanco1999_10.1016_s0378-3812(99)00164-8_t3,BLANCO(1999),c3h8,y_h2o,262.43,1.57,0.0,0.0,0.0,0.0,0.0,0.0,0.00178,,T,test-only,source-caution;subfreezing,table
blanco1999_10.1016_s0378-3812(99)00164-8_t3,BLANCO(1999),c3h8,y_h2o,263.96,1.78,0.0,0.0,0.0,0.0,0.0,0.0,0.00178,,T,test-only,source-caution;subfreezing,table
blanco1999_10.1016_s0378-3812(99)00164-8_t3,BLANCO(1999),c3h8,y_h2o,265.43,2.01,0.0,0.0,0.0,0.0,0.0,0.0,0.00178,,T,test-only,source-caution;subfreezing,table
blanco1999_10.1016_s0378-3812(99)00164-8_t3,BLANCO(1999),c3h8,y_h2o,266.45,2.16,0.0,0.0,0.0,0.0,0.0,0.0,0.00178,,T,test-only,source-caution;subfreezing,table
blanco1999_10.1016_s0378-3812(99)00164-8_t3,BLANCO(1999),c3h8,y_h2o,268.65,2.56,0.0,0.0,0.0,0.0,0.0,0.0,0.00178,,T,test-only,source-caution;subfreezing,table
blanco1999_10.1016_s0378-3812(99)00164-8_t3,BLANCO(1999),c3h8,y_h2o,269.62,2.77,0.0,0.0,0.0,0.0,0.0,0.0,0.00178,,T,test-only,source-caution;subfreezing,table
blanco1999_10.1016_s0378-3812(99)00164-8_t3,BLANCO(1999),c3h8,y_h2o,270.57,2.96,0.0,0.0,0.0,0.0,0.0,0.0,0.00178,,T,test-only,source-caution;subfreezing,table
blanco1999_10.1016_s0378-3812(99)00164-8_t3,BLANCO(1999),c3h8,y_h2o,271.49,3.16,0.0,0.0,0.0,0.0,0.0,0.0,0.00178,,T,test-only,source-caution;subfreezing,table
blanco1999_10.1016_s0378-3812(99)00164-8_t3,BLANCO(1999),c3h8,y_h2o,272.43,3.39,0.0,0.0,0.0,0.0,0.0,0.0,0.00178,,T,test-only,source-caution;subfreezing,table
blanco1999_10.1016_s0378-3812(99)00164-8_t3,BLANCO(1999),c3h8,y_h2o,273.35,3.58,0.0,0.0,0.0,0.0,0.0,0.0,0.00178,,T,test-only,source-caution,table
blanco1999_10.1016_s0378-3812(99)00164-8_t3,BLANCO(1999),c3h8,y_h2o,274.14,3.8,0.0,0.0,0.0,0.0,0.0,0.0,0.00178,,T,test-only,source-caution,table
blanco1999_10.1016_s0378-3812(99)00164-8_t3,BLANCO(1999),c3h8,y_h2o,274.91,4.0,0.0,0.0,0.0,0.0,0.0,0.0,0.00178,,T,test-only,source-caution,table
blanco1999_10.1016_s0378-3812(99)00164-8_t3,BLANCO(1999),c3h8,y_h2o,275.52,4.2,0.0,0.0,0.0,0.0,0.0,0.0,0.00178,,T,test-only,source-caution,table
blanco1999_10.1016_s0378-3812(99)00164-8_t3,BLANCO(1999),c3h8,y_h2o,276.26,4.4,0.0,0.0,0.0,0.0,0.0,0.0,0.00178,,T,test-only,source-caution,table
blanco1999_10.1016_s0378-3812(99)00164-8_t3,BLANCO(1999),c3h8,y_h2o,276.9,4.6,0.0,0.0,0.0,0.0,0.0,0.0,0.00178,,T,test-only,source-caution,table
blanco1999_10.1016_s0378-3812(99)00164-8_t3,BLANCO(1999),c3h8,y_h2o,277.53,4.8,0.0,0.0,0.0,0.0,0.0,0.0,0.00178,,T,test-only,source-caution,table
blanco1999_10.1016_s0378-3812(99)00164-8_t3,BLANCO(1999),c3h8,y_h2o,278.12,4.99,0.0,0.0,0.0,0.0,0.0,0.0,0.00178,,T,test-only,source-caution,table
blanco1999_10.1016_s0378-3812(99)00164-8_t3,BLANCO(1999),c3h8,y_h2o,259.91,1.02,0.0,0.0,0.0,0.0,0.0,0.0,0.00215,,T,test-only,source-caution;subfreezing,table
blanco1999_10.1016_s0378-3812(99)00164-8_t3,BLANCO(1999),c3h8,y_h2o,261.91,1.21,0.0,0.0,0.0,0.0,0.0,0.0,0.00215,,T,test-only,source-caution;subfreezing,table
blanco1999_10.1016_s0378-3812(99)00164-8_t3,BLANCO(1999),c3h8,y_h2o,263.72,1.4,0.0,0.0,0.0,0.0,0.0,0.0,0.00215,,T,test-only,source-caution;subfreezing,table
blanco1999_10.1016_s0378-3812(99)00164-8_t3,BLANCO(1999),c3h8,y_h2o,265.34,1.6,0.0,0.0,0.0,0.0,0.0,0.0,0.00215,,T,test-only,source-caution;subfreezing,table
blanco1999_10.1016_s0378-3812(99)00164-8_t3,BLANCO(1999),c3h8,y_h2o,266.82,1.8,0.0,0.0,0.0,0.0,0.0,0.0,0.00215,,T,test-only,source-caution;subfreezing,table
blanco1999_10.1016_s0378-3812(99)00164-8_t3,BLANCO(1999),c3h8,y_h2o,268.16,2.0,0.0,0.0,0.0,0.0,0.0,0.0,0.00215,,T,test-only,source-caution;subfreezing,table
blanco1999_10.1016_s0378-3812(99)00164-8_t3,BLANCO(1999),c3h8,y_h2o,269.44,2.2,0.0,0.0,0.0,0.0,0.0,0.0,0.00215,,T,test-only,source-caution;subfreezing,table
blanco1999_10.1016_s0378-3812(99)00164-8_t3,BLANCO(1999),c3h8,y_h2o,270.6,2.4,0.0,0.0,0.0,0.0,0.0,0.0,0.00215,,T,test-only,source-caution;subfreezing,table
blanco1999_10.1016_s0378-3812(99)00164-8_t3,BLANCO(1999),c3h8,y_h2o,271.72,2.6,0.0,0.0,0.0,0.0,0.0,0.0,0.00215,,T,test-only,source-caution;subfreezing,table
blanco1999_10.1016_s0378-3812(99)00164-8_t3,BLANCO(1999),c3h8,y_h2o,272.72,2.8,0.0,0.0,0.0,0.0,0.0,0.0,0.00215,,T,test-only,source-caution;subfreezing,table
blanco1999_10.1016_s0378-3812(99)00164-8_t3,BLANCO(1999),c3h8,y_h2o,273.67,3.0,0.0,0.0,0.0,0.0,0.0,0.0,0.00215,,T,test-only,source-caution,table
blanco1999_10.1016_s0378-3812(99)00164-8_t3,BLANCO(1999),c3h8,y_h2o,274.59,3.2,0.0,0.0,0.0,0.0,0.0,0.0,0.00215,,T,test-only,source-caution,table
blanco1999_10.1016_s0378-3812(99)00164-8_t3,BLANCO(1999),c3h8,y_h2o,275.38,3.4,0.0,0.0,0.0,0.0,0.0,0.0,0.00215,,T,test-only,source-caution,table
blanco1999_10.1016_s0378-3812(99)00164-8_t3,BLANCO(1999),c3h8,y_h2o,276.23,3.6,0.0,0.0,0.0,0.0,0.0,0.0,0.00215,,T,test-only,source-caution,table
blanco1999_10.1016_s0378-3812(99)00164-8_t3,BLANCO(1999),c3h8,y_h2o,277.02,3.81,0.0,0.0,0.0,0.0,0.0,0.0,0.00215,,T,test-only,source-caution,table
blanco1999_10.1016_s0378-3812(99)00164-8_t3,BLANCO(1999),c3h8,y_h2o,277.69,4.0,0.0,0.0,0.0,0.0,0.0,0.0,0.00215,,T,test-only,source-caution,table
blanco1999_10.1016_s0378-3812(99)00164-8_t3,BLANCO(1999),c3h8,y_h2o,278.49,4.21,0.0,0.0,0.0,0.0,0.0,0.0,0.00215,,T,test-only,source-caution,table
blanco1999_10.1016_s0378-3812(99)00164-8_t3,BLANCO(1999),c3h8,y_h2o,279.06,4.4,0.0,0.0,0.0,0.0,0.0,0.0,0.00215,,T,test-only,source-caution,table
blanco1999_10.1016_s0378-3812(99)00164-8_t3,BLANCO(1999),c3h8,y_h2o,279.71,4.6,0.0,0.0,0.0,0.0,0.0,0.0,0.00215,,T,test-only,source-caution,table
blanco1999_10.1016_s0378-3812(99)00164-8_t3,BLANCO(1999),c3h8,y_h2o,280.46,4.8,0.0,0.0,0.0,0.0,0.0,0.0,0.00215,,T,test-only,source-caution,table
blanco1999_10.1016_s0378-3812(99)00164-8_t3,BLANCO(1999),c3h8,y_h2o,280.87,4.99,0.0,0.0,0.0,0.0,0.0,0.0,0.00215,,T,test-only,source-caution,table
blanco1999_10.1016_s0378-3812(99)00164-8_t3,BLANCO(1999),c3h8,y_h2o,262.29,1.01,0.0,0.0,0.0,0.0,0.0,0.0,0.00278,,T,test-only,source-caution;subfreezing,table
blanco1999_10.1016_s0378-3812(99)00164-8_t3,BLANCO(1999),c3h8,y_h2o,264.44,1.21,0.0,0.0,0.0,0.0,0.0,0.0,0.00278,,T,test-only,source-caution;subfreezing,table
blanco1999_10.1016_s0378-3812(99)00164-8_t3,BLANCO(1999),c3h8,y_h2o,266.3,1.4,0.0,0.0,0.0,0.0,0.0,0.0,0.00278,,T,test-only,source-caution;subfreezing,table
blanco1999_10.1016_s0378-3812(99)00164-8_t3,BLANCO(1999),c3h8,y_h2o,268.07,1.6,0.0,0.0,0.0,0.0,0.0,0.0,0.00278,,T,test-only,source-caution;subfreezing,table
blanco1999_10.1016_s0378-3812(99)00164-8_t3,BLANCO(1999),c3h8,y_h2o,269.61,1.81,0.0,0.0,0.0,0.0,0.0,0.0,0.00278,,T,test-only,source-caution;subfreezing,table
blanco1999_10.1016_s0378-3812(99)00164-8_t3,BLANCO(1999),c3h8,y_h2o,271.05,2.0,0.0,0.0,0.0,0.0,0.0,0.0,0.00278,,T,test-only,source-caution;subfreezing,table
blanco1999_10.1016_s0378-3812(99)00164-8_t3,BLANCO(1999),c3h8,y_h2o,272.29,2.21,0.0,0.0,0.0,0.0,0.0,0.0,0.00278,,T,test-only,source-caution;subfreezing,table
blanco1999_10.1016_s0378-3812(99)00164-8_t3,BLANCO(1999),c3h8,y_h2o,273.4,2.4,0.0,0.0,0.0,0.0,0.0,0.0,0.00278,,T,test-only,source-caution,table
blanco1999_10.1016_s0378-3812(99)00164-8_t3,BLANCO(1999),c3h8,y_h2o,274.68,2.61,0.0,0.0,0.0,0.0,0.0,0.0,0.00278,,T,test-only,source-caution,table
blanco1999_10.1016_s0378-3812(99)00164-8_t3,BLANCO(1999),c3h8,y_h2o,275.65,2.8,0.0,0.0,0.0,0.0,0.0,0.0,0.00278,,T,test-only,source-caution,table
blanco1999_10.1016_s0378-3812(99)00164-8_t3,BLANCO(1999),c3h8,y_h2o,276.65,3.0,0.0,0.0,0.0,0.0,0.0,0.0,0.00278,,T,test-only,source-caution,table
blanco1999_10.1016_s0378-3812(99)00164-8_t3,BLANCO(1999),c3h8,y_h2o,277.48,3.2,0.0,0.0,0.0,0.0,0.0,0.0,0.00278,,T,test-only,source-caution,table
blanco1999_10.1016_s0378-3812(99)00164-8_t3,BLANCO(1999),c3h8,y_h2o,278.43,3.4,0.0,0.0,0.0,0.0,0.0,0.0,0.00278,,T,test-only,source-caution,table
blanco1999_10.1016_s0378-3812(99)00164-8_t3,BLANCO(1999),c3h8,y_h2o,279.19,3.61,0.0,0.0,0.0,0.0,0.0,0.0,0.00278,,T,test-only,source-caution,table
blanco1999_10.1016_s0378-3812(99)00164-8_t3,BLANCO(1999),c3h8,y_h2o,280.06,3.81,0.0,0.0,0.0,0.0,0.0,0.0,0.00278,,T,test-only,source-caution,table
blanco1999_10.1016_s0378-3812(99)00164-8_t3,BLANCO(1999),c3h8,y_h2o,280.84,4.01,0.0,0.0,0.0,0.0,0.0,0.0,0.00278,,T,test-only,source-caution,table
blanco1999_10.1016_s0378-3812(99)00164-8_t3,BLANCO(1999),c3h8,y_h2o,281.47,4.2,0.0,0.0,0.0,0.0,0.0,0.0,0.00278,,T,test-only,source-caution,table
blanco1999_10.1016_s0378-3812(99)00164-8_t3,BLANCO(1999),c3h8,y_h2o,282.16,4.41,0.0,0.0,0.0,0.0,0.0,0.0,0.00278,,T,test-only,source-caution,table
blanco1999_10.1016_s0378-3812(99)00164-8_t3,BLANCO(1999),c3h8,y_h2o,282.83,4.61,0.0,0.0,0.0,0.0,0.0,0.0,0.00278,,T,test-only,source-caution,table
blanco1999_10.1016_s0378-3812(99)00164-8_t3,BLANCO(1999),c3h8,y_h2o,283.55,4.81,0.0,0.0,0.0,0.0,0.0,0.0,0.00278,,T,test-only,source-caution,table
blanco1999_10.1016_s0378-3812(99)00164-8_t3,BLANCO(1999),c3h8,y_h2o,283.84,4.93,0.0,0.0,0.0,0.0,0.0,0.0,0.00278,,T,test-only,source-caution,table
jackson1995_10.1021_ac00110a007_t3,JACKSON(1995),co2,y_h2o,323.15,344.8,0.0,0.0,0.0,0.0,0.0,0.0,0.0075,,T,test-only,,table
jackson1995_10.1021_ac00110a007_t3,JACKSON(1995),co2,y_h2o,348.15,344.8,0.0,0.0,0.0,0.0,0.0,0.0,0.0133,,T,test-only,,table
loring2017_10.1021_acs.jced.6b00999_t1,LORING(2017),ch4,y_h2o,323.2,90.0,0.0,0.0,0.0,0.0,0.0,0.0,0.002,,T,test-only,,table
loring2017_10.1021_acs.jced.6b00999_t1,LORING(2017),co2,y_h2o,323.2,90.0,0.0,0.0,0.0,0.0,0.0,0.0,0.00374,,T,test-only,,table
song2014_10.1021_es404618y_t1_group1,SONG(2014),co2,y_h2o,304.15,68.9,0.0,0.0,0.0,0.0,0.0,0.0,0.00204,,T,test-only,,table
song2014_10.1021_es404618y_t1_group1,SONG(2014),co2,y_h2o,304.15,69.4,0.0,0.0,0.0,0.0,0.0,0.0,0.00283,,T,test-only,,table
song2014_10.1021_es404618y_t1_group1,SONG(2014),co2,y_h2o,304.15,127.5,0.0,0.0,0.0,0.0,0.0,0.0,0.00396,,T,test-only,,table
song2014_10.1021_es404618y_t1_group1,SONG(2014),co2,y_h2o,308.15,75.1,0.0,0.0,0.0,0.0,0.0,0.0,0.00204,,T,test-only,,table
song2014_10.1021_es404618y_t1_group1,SONG(2014),co2,y_h2o,308.15,77.4,0.0,0.0,0.0,0.0,0.0,0.0,0.00283,,T,test-only,,table
song2014_10.1021_es404618y_t1_group1,SONG(2014),co2,y_h2o,308.15,79.7,0.0,0.0,0.0,0.0,0.0,0.0,0.00339,,T,test-only,,table
song2014_10.1021_es404618y_t1_group1,SONG(2014),co2,y_h2o,308.15,96.2,0.0,0.0,0.0,0.0,0.0,0.0,0.00396,,T,test-only,,table
song2014_10.1021_es404618y_t1_group1,SONG(2014),co2,y_h2o,313.15,82.2,0.0,0.0,0.0,0.0,0.0,0.0,0.00283,,T,test-only,,table
song2014_10.1021_es404618y_t1_group1,SONG(2014),co2,y_h2o,313.15,84.5,0.0,0.0,0.0,0.0,0.0,0.0,0.00339,,T,test-only,,table
song2014_10.1021_es404618y_t1_group1,SONG(2014),co2,y_h2o,313.15,91.3,0.0,0.0,0.0,0.0,0.0,0.0,0.00396,,T,test-only,,table
song2014_10.1021_es404618y_t1_group1,SONG(2014),co2,y_h2o,323.15,83.4,0.0,0.0,0.0,0.0,0.0,0.0,0.00339,,T,test-only,,table
song2014_10.1021_es404618y_t1_group1,SONG(2014),co2,y_h2o,323.15,95.6,0.0,0.0,0.0,0.0,0.0,0.0,0.00396,,T,test-only,,table
reamer1943_10.1021_ie50403a012_t1,REAMER(1943),c2h6,y_h2o,310.928,63.8661,0.0,0.0,0.0,0.0,0.0,0.0,0.00133,,T,test-only,,table
reamer1943_10.1021_ie50403a012_t1,REAMER(1943),c2h6,y_h2o,310.928,621.2314,0.0,0.0,0.0,0.0,0.0,0.0,0.000647,,T,test-only,,table
reamer1943_10.1021_ie50403a012_t1,REAMER(1943),c2h6,y_h2o,310.928,552.2701,0.0,0.0,0.0,0.0,0.0,0.0,0.000656,,T,test-only,,table
reamer1943_10.1021_ie50403a012_t1,REAMER(1943),c2h6,y_h2o,310.928,481.454,0.0,0.0,0.0,0.0,0.0,0.0,0.00062,,T,test-only,,table
reamer1943_10.1021_ie50403a012_t1,REAMER(1943),c2h6,y_h2o,310.928,356.6244,0.0,0.0,0.0,0.0,0.0,0.0,0.000623,,T,test-only,,table
reamer1943_10.1021_ie50403a012_t1,REAMER(1943),c2h6,y_h2o,310.928,213.1169,0.0,0.0,0.0,0.0,0.0,0.0,0.000723,,T,test-only,,table
reamer1943_10.1021_ie50403a012_t1,REAMER(1943),c2h6,y_h2o,310.928,136.33,0.0,0.0,0.0,0.0,0.0,0.0,0.000802,,T,test-only,,table
reamer1943_10.1021_ie50403a012_t1,REAMER(1943),c2h6,y_h2o,344.261,619.9766,0.0,0.0,0.0,0.0,0.0,0.0,0.00196,,T,test-only,,table
reamer1943_10.1021_ie50403a012_t1,REAMER(1943),c2h6,y_h2o,344.261,482.7157,0.0,0.0,0.0,0.0,0.0,0.0,0.00219,,T,test-only,,table
reamer1943_10.1021_ie50403a012_t1,REAMER(1943),c2h6,y_h2o,344.261,414.8851,0.0,0.0,0.0,0.0,0.0,0.0,0.002034,,T,test-only,,table
reamer1943_10.1021_ie50403a012_t1,REAMER(1943),c2h6,y_h2o,344.261,22.1184,0.0,0.0,0.0,0.0,0.0,0.0,0.01557,,T,test-only,,table
reamer1943_10.1021_ie50403a012_t1,REAMER(1943),c2h6,y_h2o,377.594,488.4798,0.0,0.0,0.0,0.0,0.0,0.0,0.005639,,T,test-only,,table
reamer1943_10.1021_ie50403a012_t1,REAMER(1943),c2h6,y_h2o,377.594,421.0352,0.0,0.0,0.0,0.0,0.0,0.0,0.006346,,T,test-only,,table
reamer1943_10.1021_ie50403a012_t1,REAMER(1943),c2h6,y_h2o,377.594,283.8847,0.0,0.0,0.0,0.0,0.0,0.0,0.007224,,T,test-only,,table
reamer1943_10.1021_ie50403a012_t1,REAMER(1943),c2h6,y_h2o,410.928,682.0363,0.0,0.0,0.0,0.0,0.0,0.0,0.01268,,T,test-only,,table
reamer1943_10.1021_ie50403a012_t1,REAMER(1943),c2h6,y_h2o,410.928,619.5008,0.0,0.0,0.0,0.0,0.0,0.0,0.013196,,T,test-only,,table
reamer1943_10.1021_ie50403a012_t1,REAMER(1943),c2h6,y_h2o,410.928,560.1025,0.0,0.0,0.0,0.0,0.0,0.0,0.014404,,T,test-only,,table
reamer1943_10.1021_ie50403a012_t1,REAMER(1943),c2h6,y_h2o,410.928,492.196,0.0,0.0,0.0,0.0,0.0,0.0,0.01499,,T,test-only,,table
reamer1943_10.1021_ie50403a012_t1,REAMER(1943),c2h6,y_h2o,410.928,420.3596,0.0,0.0,0.0,0.0,0.0,0.0,0.016006,,T,test-only,,table
reamer1943_10.1021_ie50403a012_t1,REAMER(1943),c2h6,y_h2o,410.928,347.9784,0.0,0.0,0.0,0.0,0.0,0.0,0.016235,,T,test-only,,table
reamer1943_10.1021_ie50403a012_t1,REAMER(1943),c2h6,y_h2o,410.928,210.2763,0.0,0.0,0.0,0.0,0.0,0.0,0.0218,,T,test-only,,table
reamer1943_10.1021_ie50403a012_t1,REAMER(1943),c2h6,y_h2o,410.928,71.2711,0.0,0.0,0.0,0.0,0.0,0.0,0.051982,,T,test-only,,table
reamer1943_10.1021_ie50403a012_t1,REAMER(1943),c2h6,y_h2o,444.261,682.3259,0.0,0.0,0.0,0.0,0.0,0.0,0.02796,,T,test-only,,table
reamer1943_10.1021_ie50403a012_t1,REAMER(1943),c2h6,y_h2o,444.261,620.7419,0.0,0.0,0.0,0.0,0.0,0.0,0.02963,,T,test-only,,table
reamer1943_10.1021_ie50403a012_t1,REAMER(1943),c2h6,y_h2o,444.261,351.4809,0.0,0.0,0.0,0.0,0.0,0.0,0.03917,,T,test-only,,table
reamer1943_10.1021_ie50403a012_t1,REAMER(1943),c2h6,y_h2o,444.261,279.017,0.0,0.0,0.0,0.0,0.0,0.0,0.04362,,T,test-only,,table
reamer1943_10.1021_ie50403a012_t1,REAMER(1943),c2h6,y_h2o,444.261,206.7393,0.0,0.0,0.0,0.0,0.0,0.0,0.05281,,T,test-only,,table
reamer1943_10.1021_ie50403a012_t1,REAMER(1943),c2h6,y_h2o,444.261,79.2966,0.0,0.0,0.0,0.0,0.0,0.0,0.11576,,T,test-only,,table
reamer1943_10.1021_ie50403a012_t1,REAMER(1943),c2h6,y_h2o,477.594,341.0009,0.0,0.0,0.0,0.0,0.0,0.0,0.08184,,T,test-only,,table
reamer1943_10.1021_ie50403a012_t1,REAMER(1943),c2h6,y_h2o,477.594,275.0457,0.0,0.0,0.0,0.0,0.0,0.0,0.09373,,T,test-only,,table
reamer1943_10.1021_ie50403a012_t1,REAMER(1943),c2h6,y_h2o,477.594,678.6923,0.0,0.0,0.0,0.0,0.0,0.0,0.05626,,T,test-only,,table
reamer1943_10.1021_ie50403a012_t1,REAMER(1943),c2h6,y_h2o,477.594,623.486,0.0,0.0,0.0,0.0,0.0,0.0,0.05985,,T,test-only,,table
reamer1943_10.1021_ie50403a012_t1,REAMER(1943),c2h6,y_h2o,477.594,550.1672,0.0,0.0,0.0,0.0,0.0,0.0,0.06426,,T,test-only,,table
reamer1943_10.1021_ie50403a012_t1,REAMER(1943),c2h6,y_h2o,477.594,472.677,0.0,0.0,0.0,0.0,0.0,0.0,0.06911,,T,test-only,,table
reamer1943_10.1021_ie50403a012_t1,REAMER(1943),c2h6,y_h2o,477.594,412.4513,0.0,0.0,0.0,0.0,0.0,0.0,0.07448,,T,test-only,,table
reamer1943_10.1021_ie50403a012_t1,REAMER(1943),c2h6,y_h2o,510.928,665.5302,0.0,0.0,0.0,0.0,0.0,0.0,0.11079,,T,test-only,,table
reamer1943_10.1021_ie50403a012_t1,REAMER(1943),c2h6,y_h2o,510.928,586.3164,0.0,0.0,0.0,0.0,0.0,0.0,0.11771,,T,test-only,,table
reamer1943_10.1021_ie50403a012_t1,REAMER(1943),c2h6,y_h2o,510.928,483.1019,0.0,0.0,0.0,0.0,0.0,0.0,0.13181,,T,test-only,,table
reamer1943_10.1021_ie50403a012_t1,REAMER(1943),c2h6,y_h2o,510.928,379.4047,0.0,0.0,0.0,0.0,0.0,0.0,0.14871,,T,test-only,,table
reamer1943_10.1021_ie50403a012_t1,REAMER(1943),c2h6,y_h2o,510.928,274.6596,0.0,0.0,0.0,0.0,0.0,0.0,0.17995,,T,test-only,,table
kobayashi1953_10.1021_ie50518a051_t1_group1,KOBAYASHI(1953),c3h8,y_h2o,290.372,7.8462,0.0,0.0,0.0,0.0,0.0,0.0,0.002322,,T,lle-regime,,table
kobayashi1953_10.1021_ie50518a051_t1_group1,KOBAYASHI(1953),c3h8,y_h2o,290.983,7.9014,0.0,0.0,0.0,0.0,0.0,0.0,0.00237,,T,lle-regime,,table
kobayashi1953_10.1021_ie50518a051_t1_group1,KOBAYASHI(1953),c3h8,y_h2o,301.539,10.4662,0.0,0.0,0.0,0.0,0.0,0.0,0.003582,,T,lle-regime,,table
kobayashi1953_10.1021_ie50518a051_t1_group1,KOBAYASHI(1953),c3h8,y_h2o,303.706,11.0109,0.0,0.0,0.0,0.0,0.0,0.0,0.003708,,T,lle-regime,,table
kobayashi1953_10.1021_ie50518a051_t1_group1,KOBAYASHI(1953),c3h8,y_h2o,312.317,13.4448,0.0,0.0,0.0,0.0,0.0,0.0,0.004855,,T,lle-regime,,table
kobayashi1953_10.1021_ie50518a051_t1_group1,KOBAYASHI(1953),c3h8,y_h2o,317.372,15.1685,0.0,0.0,0.0,0.0,0.0,0.0,0.00552,,T,lle-regime,,table
kobayashi1953_10.1021_ie50518a051_t1_group1,KOBAYASHI(1953),c3h8,y_h2o,317.483,15.1685,0.0,0.0,0.0,0.0,0.0,0.0,0.00549,,T,lle-regime,,table
kobayashi1953_10.1021_ie50518a051_t1_group1,KOBAYASHI(1953),c3h8,y_h2o,326.317,18.6158,0.0,0.0,0.0,0.0,0.0,0.0,0.00696,,T,lle-regime,,table
kobayashi1953_10.1021_ie50518a051_t1_group1,KOBAYASHI(1953),c3h8,y_h2o,326.594,18.6848,0.0,0.0,0.0,0.0,0.0,0.0,0.00696,,T,lle-regime,,table
kobayashi1953_10.1021_ie50518a051_t1_group1,KOBAYASHI(1953),c3h8,y_h2o,335.428,22.6148,0.0,0.0,0.0,0.0,0.0,0.0,0.00854,,T,lle-regime,,table
kobayashi1953_10.1021_ie50518a051_t1_group1,KOBAYASHI(1953),c3h8,y_h2o,335.428,22.6148,0.0,0.0,0.0,0.0,0.0,0.0,0.00863,,T,lle-regime,,table
kobayashi1953_10.1021_ie50518a051_t1_group1,KOBAYASHI(1953),c3h8,y_h2o,349.817,30.1301,0.0,0.0,0.0,0.0,0.0,0.0,0.01097,,T,lle-regime,,table
kobayashi1953_10.1021_ie50518a051_t1_group1,KOBAYASHI(1953),c3h8,y_h2o,354.817,33.6464,0.0,0.0,0.0,0.0,0.0,0.0,0.01175,,T,lle-regime,,table
kobayashi1953_10.1021_ie50518a051_t1_group1,KOBAYASHI(1953),c3h8,y_h2o,354.928,33.5775,0.0,0.0,0.0,0.0,0.0,0.0,0.01177,,T,lle-regime,,table
kobayashi1953_10.1021_ie50518a051_t1_group1,KOBAYASHI(1953),c3h8,y_h2o,359.594,36.4733,0.0,0.0,0.0,0.0,0.0,0.0,0.01263,,T,lle-regime,,table
kobayashi1953_10.1021_ie50518a051_t1_group1,KOBAYASHI(1953),c3h8,y_h2o,360.15,36.887,0.0,0.0,0.0,0.0,0.0,0.0,0.01278,,T,lle-regime,,table
kobayashi1953_10.1021_ie50518a051_t1_group1,KOBAYASHI(1953),c3h8,y_h2o,361.094,37.2317,0.0,0.0,0.0,0.0,0.0,0.0,0.01282,,T,lle-regime,,table
kobayashi1953_10.1021_ie50518a051_t1_group1,KOBAYASHI(1953),c3h8,y_h2o,362.483,38.6796,0.0,0.0,0.0,0.0,0.0,0.0,0.01282,,T,lle-regime,,table
kobayashi1953_10.1021_ie50518a051_t1_group1,KOBAYASHI(1953),c3h8,y_h2o,362.594,38.7485,0.0,0.0,0.0,0.0,0.0,0.0,0.0127,,T,lle-regime,,table
kobayashi1953_10.1021_ie50518a051_t1_group1,KOBAYASHI(1953),c3h8,y_h2o,367.372,42.2649,0.0,0.0,0.0,0.0,0.0,0.0,0.01212,,T,lle-regime,,table
kobayashi1953_10.1021_ie50518a051_t1_group1,KOBAYASHI(1953),c3h8,y_h2o,367.428,42.1959,0.0,0.0,0.0,0.0,0.0,0.0,0.01208,,T,lle-regime,,table
kobayashi1953_10.1021_ie50518a051_t1_group2,KOBAYASHI(1953),c3h8,y_h2o,287.817,7.3843,0.0,0.0,0.0,0.0,0.0,0.0,0.0001368,,T,lle-regime,,table
kobayashi1953_10.1021_ie50518a051_t1_group2,KOBAYASHI(1953),c3h8,y_h2o,298.983,9.825,0.0,0.0,0.0,0.0,0.0,0.0,0.000334,,T,lle-regime,,table
kobayashi1953_10.1021_ie50518a051_t1_group2,KOBAYASHI(1953),c3h8,y_h2o,299.094,9.825,0.0,0.0,0.0,0.0,0.0,0.0,0.0003403,,T,lle-regime,,table
kobayashi1953_10.1021_ie50518a051_t1_group2,KOBAYASHI(1953),c3h8,y_h2o,311.983,13.4448,0.0,0.0,0.0,0.0,0.0,0.0,0.000614,,T,lle-regime,,table
kobayashi1953_10.1021_ie50518a051_t1_group2,KOBAYASHI(1953),c3h8,y_h2o,311.983,13.4861,0.0,0.0,0.0,0.0,0.0,0.0,0.000626,,T,lle-regime,,table
kobayashi1953_10.1021_ie50518a051_t1_group2,KOBAYASHI(1953),c3h8,y_h2o,326.761,18.7537,0.0,0.0,0.0,0.0,0.0,0.0,0.001368,,T,lle-regime,,table
kobayashi1953_10.1021_ie50518a051_t1_group2,KOBAYASHI(1953),c3h8,y_h2o,326.928,18.6848,0.0,0.0,0.0,0.0,0.0,0.0,0.001378,,T,lle-regime,,table
kobayashi1953_10.1021_ie50518a051_t1_group2,KOBAYASHI(1953),c3h8,y_h2o,335.706,22.7527,0.0,0.0,0.0,0.0,0.0,0.0,0.001995,,T,lle-regime,,table
kobayashi1953_10.1021_ie50518a051_t1_group2,KOBAYASHI(1953),c3h8,y_h2o,349.817,30.199,0.0,0.0,0.0,0.0,0.0,0.0,0.003555,,T,lle-regime,,table
kobayashi1953_10.1021_ie50518a051_t1_group2,KOBAYASHI(1953),c3h8,y_h2o,350.372,30.5438,0.0,0.0,0.0,0.0,0.0,0.0,0.003682,,T,lle-regime,,table
kobayashi1953_10.1021_ie50518a051_t1_group2,KOBAYASHI(1953),c3h8,y_h2o,360.15,36.887,0.0,0.0,0.0,0.0,0.0,0.0,0.00542,,T,lle-regime,,table
kobayashi1953_10.1021_ie50518a051_t1_group2,KOBAYASHI(1953),c3h8,y_h2o,361.706,37.9901,0.0,0.0,0.0,0.0,0.0,0.0,0.00605,,T,lle-regime,,table
kobayashi1953_10.1021_ie50518a051_t1_group2,KOBAYASHI(1953),c3h8,y_h2o,361.817,37.8522,0.0,0.0,0.0,0.0,0.0,0.0,0.00544,,T,lle-regime,,table
kobayashi1953_10.1021_ie50518a051_t1_group2,KOBAYASHI(1953),c3h8,y_h2o,364.039,39.438,0.0,0.0,0.0,0.0,0.0,0.0,0.00659,,T,lle-regime,,table
kobayashi1953_10.1021_ie50518a051_t1_group2,KOBAYASHI(1953),c3h8,y_h2o,367.428,42.127,0.0,0.0,0.0,0.0,0.0,0.0,0.00764,,T,lle-regime,,table
kobayashi1953_10.1021_ie50518a051_t1_group2,KOBAYASHI(1953),c3h8,y_h2o,367.65,42.1959,0.0,0.0,0.0,0.0,0.0,0.0,0.00769,,T,lle-regime,,table
kobayashi1953_10.1021_ie50518a051_t1_group2,KOBAYASHI(1953),c3h8,y_h2o,369.483,43.6438,0.0,0.0,0.0,0.0,0.0,0.0,0.01001,,T,lle-regime,,table
kobayashi1953_10.1021_ie50518a051_t1_group2,KOBAYASHI(1953),c3h8,y_h2o,369.872,43.9886,0.0,0.0,0.0,0.0,0.0,0.0,0.00995,,T,lle-regime,,table
kobayashi1953_10.1021_ie50518a051_t2,KOBAYASHI(1953),c3h8,y_h2o,310.928,7.0327,0.0,0.0,0.0,0.0,0.0,0.0,0.00954,,T,test-only,,table
kobayashi1953_10.1021_ie50518a051_t2,KOBAYASHI(1953),c3h8,y_h2o,310.928,9.7216,0.0,0.0,0.0,0.0,0.0,0.0,0.00696,,T,test-only,,table
kobayashi1953_10.1021_ie50518a051_t2,KOBAYASHI(1953),c3h8,y_h2o,310.928,56.3991,0.0,0.0,0.0,0.0,0.0,0.0,0.000587,,T,lle-regime,,table
kobayashi1953_10.1021_ie50518a051_t2,KOBAYASHI(1953),c3h8,y_h2o,310.928,69.9818,0.0,0.0,0.0,0.0,0.0,0.0,0.000673,,T,lle-regime,,table
kobayashi1953_10.1021_ie50518a051_t2,KOBAYASHI(1953),c3h8,y_h2o,310.928,139.1362,0.0,0.0,0.0,0.0,0.0,0.0,0.00054,,T,lle-regime,,table
kobayashi1953_10.1021_ie50518a051_t2,KOBAYASHI(1953),c3h8,y_h2o,310.928,139.4809,0.0,0.0,0.0,0.0,0.0,0.0,0.000643,,T,lle-regime,,table
kobayashi1953_10.1021_ie50518a051_t2,KOBAYASHI(1953),c3h8,y_h2o,310.928,192.9153,0.0,0.0,0.0,0.0,0.0,0.0,0.000591,,T,lle-regime,,table
kobayashi1953_10.1021_ie50518a051_t2,KOBAYASHI(1953),c3h8,y_h2o,310.928,192.9153,0.0,0.0,0.0,0.0,0.0,0.0,0.000623,,T,lle-regime,,table
kobayashi1953_10.1021_ie50518a051_t2,KOBAYASHI(1953),c3h8,y_h2o,338.706,10.0663,0.0,0.0,0.0,0.0,0.0,0.0,0.02649,,T,test-only,,table
kobayashi1953_10.1021_ie50518a051_t2,KOBAYASHI(1953),c3h8,y_h2o,338.706,14.9616,0.0,0.0,0.0,0.0,0.0,0.0,0.01702,,T,test-only,,table
kobayashi1953_10.1021_ie50518a051_t2,KOBAYASHI(1953),c3h8,y_h2o,338.706,19.9258,0.0,0.0,0.0,0.0,0.0,0.0,0.012,,T,test-only,,table
kobayashi1953_10.1021_ie50518a051_t2,KOBAYASHI(1953),c3h8,y_h2o,338.706,59.0191,0.0,0.0,0.0,0.0,0.0,0.0,0.002328,,T,lle-regime,,table
kobayashi1953_10.1021_ie50518a051_t2,KOBAYASHI(1953),c3h8,y_h2o,338.706,107.834,0.0,0.0,0.0,0.0,0.0,0.0,0.002224,,T,lle-regime,,table
kobayashi1953_10.1021_ie50518a051_t2,KOBAYASHI(1953),c3h8,y_h2o,338.706,171.2658,0.0,0.0,0.0,0.0,0.0,0.0,0.00206,,T,lle-regime,,table
kobayashi1953_10.1021_ie50518a051_t2,KOBAYASHI(1953),c3h8,y_h2o,338.706,193.26,0.0,0.0,0.0,0.0,0.0,0.0,0.002046,,T,lle-regime,,table
kobayashi1953_10.1021_ie50518a051_t2,KOBAYASHI(1953),c3h8,y_h2o,360.928,13.1,0.0,0.0,0.0,0.0,0.0,0.0,0.04967,,T,test-only,,table
kobayashi1953_10.1021_ie50518a051_t2,KOBAYASHI(1953),c3h8,y_h2o,360.928,21.3048,0.0,0.0,0.0,0.0,0.0,0.0,0.0291,,T,test-only,,table
kobayashi1953_10.1021_ie50518a051_t2,KOBAYASHI(1953),c3h8,y_h2o,360.928,32.0606,0.0,0.0,0.0,0.0,0.0,0.0,0.01722,,T,test-only,,table
kobayashi1953_10.1021_ie50518a051_t2,KOBAYASHI(1953),c3h8,y_h2o,360.928,92.5276,0.0,0.0,0.0,0.0,0.0,0.0,0.00502,,T,lle-regime,,table
kobayashi1953_10.1021_ie50518a051_t2,KOBAYASHI(1953),c3h8,y_h2o,360.928,138.102,0.0,0.0,0.0,0.0,0.0,0.0,0.00475,,T,lle-regime,,table
kobayashi1953_10.1021_ie50518a051_t2,KOBAYASHI(1953),c3h8,y_h2o,360.928,193.26,0.0,0.0,0.0,0.0,0.0,0.0,0.00463,,T,lle-regime,,table
kobayashi1953_10.1021_ie50518a051_t2,KOBAYASHI(1953),c3h8,y_h2o,369.65,14.2721,0.0,0.0,0.0,0.0,0.0,0.0,0.0637,,T,test-only,,table
kobayashi1953_10.1021_ie50518a051_t2,KOBAYASHI(1953),c3h8,y_h2o,369.65,30.6817,0.0,0.0,0.0,0.0,0.0,0.0,0.02639,,T,test-only,,table
kobayashi1953_10.1021_ie50518a051_t2,KOBAYASHI(1953),c3h8,y_h2o,369.65,41.5754,0.0,0.0,0.0,0.0,0.0,0.0,0.01568,,T,test-only,,table
kobayashi1953_10.1021_ie50518a051_t2,KOBAYASHI(1953),c3h8,y_h2o,369.65,43.9196,0.0,0.0,0.0,0.0,0.0,0.0,0.00998,,T,test-only,,table
kobayashi1953_10.1021_ie50518a051_t2,KOBAYASHI(1953),c3h8,y_h2o,369.65,47.9875,0.0,0.0,0.0,0.0,0.0,0.0,0.00813,,T,test-only,,table
kobayashi1953_10.1021_ie50518a051_t2,KOBAYASHI(1953),c3h8,y_h2o,369.65,52.0554,0.0,0.0,0.0,0.0,0.0,0.0,0.00779,,T,test-only,,table
kobayashi1953_10.1021_ie50518a051_t2,KOBAYASHI(1953),c3h8,y_h2o,369.65,83.9092,0.0,0.0,0.0,0.0,0.0,0.0,0.00726,,T,test-only,,table
kobayashi1953_10.1021_ie50518a051_t2,KOBAYASHI(1953),c3h8,y_h2o,369.65,139.4809,0.0,0.0,0.0,0.0,0.0,0.0,0.00674,,T,test-only,,table
kobayashi1953_10.1021_ie50518a051_t2,KOBAYASHI(1953),c3h8,y_h2o,369.65,193.26,0.0,0.0,0.0,0.0,0.0,0.0,0.0064,,T,test-only,,table
kobayashi1953_10.1021_ie50518a051_t2,KOBAYASHI(1953),c3h8,y_h2o,383.15,17.3748,0.0,0.0,0.0,0.0,0.0,0.0,0.08094,,T,test-only,,table
kobayashi1953_10.1021_ie50518a051_t2,KOBAYASHI(1953),c3h8,y_h2o,383.15,30.7506,0.0,0.0,0.0,0.0,0.0,0.0,0.04325,,T,test-only,,table
kobayashi1953_10.1021_ie50518a051_t2,KOBAYASHI(1953),c3h8,y_h2o,383.15,43.437,0.0,0.0,0.0,0.0,0.0,0.0,0.02659,,T,test-only,,table
kobayashi1953_10.1021_ie50518a051_t2,KOBAYASHI(1953),c3h8,y_h2o,383.15,49.5044,0.0,0.0,0.0,0.0,0.0,0.0,0.02028,,T,test-only,,table
kobayashi1953_10.1021_ie50518a051_t2,KOBAYASHI(1953),c3h8,y_h2o,383.15,56.7439,0.0,0.0,0.0,0.0,0.0,0.0,0.01366,,T,test-only,,table
kobayashi1953_10.1021_ie50518a051_t2,KOBAYASHI(1953),c3h8,y_h2o,383.15,105.4898,0.0,0.0,0.0,0.0,0.0,0.0,0.0133,,T,test-only,,table
kobayashi1953_10.1021_ie50518a051_t2,KOBAYASHI(1953),c3h8,y_h2o,383.15,139.4809,0.0,0.0,0.0,0.0,0.0,0.0,0.00959,,T,test-only,,table
kobayashi1953_10.1021_ie50518a051_t2,KOBAYASHI(1953),c3h8,y_h2o,383.15,186.4342,0.0,0.0,0.0,0.0,0.0,0.0,0.00919,,T,test-only,,table
kobayashi1953_10.1021_ie50518a051_t2,KOBAYASHI(1953),c3h8,y_h2o,399.817,30.268,0.0,0.0,0.0,0.0,0.0,0.0,0.07856,,T,test-only,,table
kobayashi1953_10.1021_ie50518a051_t2,KOBAYASHI(1953),c3h8,y_h2o,399.817,46.5396,0.0,0.0,0.0,0.0,0.0,0.0,0.0466,,T,test-only,,table
kobayashi1953_10.1021_ie50518a051_t2,KOBAYASHI(1953),c3h8,y_h2o,399.817,55.9854,0.0,0.0,0.0,0.0,0.0,0.0,0.03599,,T,test-only,,table
kobayashi1953_10.1021_ie50518a051_t2,KOBAYASHI(1953),c3h8,y_h2o,399.817,68.6718,0.0,0.0,0.0,0.0,0.0,0.0,0.02499,,T,test-only,,table
kobayashi1953_10.1021_ie50518a051_t2,KOBAYASHI(1953),c3h8,y_h2o,399.817,97.285,0.0,0.0,0.0,0.0,0.0,0.0,0.01843,,T,test-only,,table
kobayashi1953_10.1021_ie50518a051_t2,KOBAYASHI(1953),c3h8,y_h2o,399.817,139.4809,0.0,0.0,0.0,0.0,0.0,0.0,0.01646,,T,test-only,,table
kobayashi1953_10.1021_ie50518a051_t2,KOBAYASHI(1953),c3h8,y_h2o,399.817,139.4809,0.0,0.0,0.0,0.0,0.0,0.0,0.01649,,T,test-only,,table
kobayashi1953_10.1021_ie50518a051_t2,KOBAYASHI(1953),c3h8,y_h2o,399.817,189.9506,0.0,0.0,0.0,0.0,0.0,0.0,0.0149,,T,test-only,,table
kobayashi1953_10.1021_ie50518a051_t2,KOBAYASHI(1953),c3h8,y_h2o,422.039,42.8854,0.0,0.0,0.0,0.0,0.0,0.0,0.10146,,T,test-only,,table
kobayashi1953_10.1021_ie50518a051_t2,KOBAYASHI(1953),c3h8,y_h2o,422.039,63.9833,0.0,0.0,0.0,0.0,0.0,0.0,0.0635,,T,test-only,,table
kobayashi1953_10.1021_ie50518a051_t2,KOBAYASHI(1953),c3h8,y_h2o,422.039,83.9092,0.0,0.0,0.0,0.0,0.0,0.0,0.04496,,T,test-only,,table
kobayashi1953_10.1021_ie50518a051_t2,KOBAYASHI(1953),c3h8,y_h2o,422.039,99.3535,0.0,0.0,0.0,0.0,0.0,0.0,0.03875,,T,test-only,,table
kobayashi1953_10.1021_ie50518a051_t2,KOBAYASHI(1953),c3h8,y_h2o,422.039,139.4809,0.0,0.0,0.0,0.0,0.0,0.0,0.03105,,T,test-only,,table
kobayashi1953_10.1021_ie50518a051_t2,KOBAYASHI(1953),c3h8,y_h2o,422.039,193.26,0.0,0.0,0.0,0.0,0.0,0.0,0.02684,,T,test-only,,table
rigby1968_10.1021_j100847a064_t1,RIGBY(1968),n2,y_h2o,298.15,22.4941,0.0,0.0,0.0,0.0,0.0,0.0,0.001529,,T,test-only,,table
rigby1968_10.1021_j100847a064_t1,RIGBY(1968),n2,y_h2o,298.15,30.9041,0.0,0.0,0.0,0.0,0.0,0.0,0.001149,,T,test-only,,table
rigby1968_10.1021_j100847a064_t1,RIGBY(1968),n2,y_h2o,298.15,38.696,0.0,0.0,0.0,0.0,0.0,0.0,0.000941,,T,test-only,,table
rigby1968_10.1021_j100847a064_t1,RIGBY(1968),n2,y_h2o,323.15,21.0857,0.0,0.0,0.0,0.0,0.0,0.0,0.00626,,T,test-only,,table
rigby1968_10.1021_j100847a064_t1,RIGBY(1968),n2,y_h2o,323.15,37.4193,0.0,0.0,0.0,0.0,0.0,0.0,0.00368,,T,test-only,,table
rigby1968_10.1021_j100847a064_t1,RIGBY(1968),n2,y_h2o,323.15,59.8223,0.0,0.0,0.0,0.0,0.0,0.0,0.00242,,T,test-only,,table
rigby1968_10.1021_j100847a064_t1,RIGBY(1968),n2,y_h2o,323.15,76.9969,0.0,0.0,0.0,0.0,0.0,0.0,0.001956,,T,test-only,,table
rigby1968_10.1021_j100847a064_t1,RIGBY(1968),n2,y_h2o,348.15,42.212,0.0,0.0,0.0,0.0,0.0,0.0,0.01009,,T,test-only,,table
rigby1968_10.1021_j100847a064_t1,RIGBY(1968),n2,y_h2o,348.15,61.1496,0.0,0.0,0.0,0.0,0.0,0.0,0.00721,,T,test-only,,table
rigby1968_10.1021_j100847a064_t1,RIGBY(1968),n2,y_h2o,348.15,89.7233,0.0,0.0,0.0,0.0,0.0,0.0,0.00523,,T,test-only,,table
rigby1968_10.1021_j100847a064_t1,RIGBY(1968),n2,y_h2o,373.15,57.1676,0.0,0.0,0.0,0.0,0.0,0.0,0.01994,,T,test-only,,table
rigby1968_10.1021_j100847a064_t1,RIGBY(1968),n2,y_h2o,373.15,79.4793,0.0,0.0,0.0,0.0,0.0,0.0,0.01503,,T,test-only,,table
rigby1968_10.1021_j100847a064_t1,RIGBY(1968),n2,y_h2o,373.15,101.5175,0.0,0.0,0.0,0.0,0.0,0.0,0.01218,,T,test-only,,table
rigby1968_10.1021_j100847a064_t1,RIGBY(1968),ar,y_h2o,298.15,20.3663,0.0,0.0,0.0,0.0,0.0,0.0,0.00166,,T,test-only,gas-out-of-scope,table
rigby1968_10.1021_j100847a064_t1,RIGBY(1968),ar,y_h2o,298.15,32.8698,0.0,0.0,0.0,0.0,0.0,0.0,0.001067,,T,test-only,gas-out-of-scope,table
rigby1968_10.1021_j100847a064_t1,RIGBY(1968),ar,y_h2o,298.15,46.0522,0.0,0.0,0.0,0.0,0.0,0.0,0.000784,,T,test-only,gas-out-of-scope,table
rigby1968_10.1021_j100847a064_t1,RIGBY(1968),ar,y_h2o,323.15,20.4778,0.0,0.0,0.0,0.0,0.0,0.0,0.00631,,T,test-only,gas-out-of-scope,table
rigby1968_10.1021_j100847a064_t1,RIGBY(1968),ar,y_h2o,323.15,40.53,0.0,0.0,0.0,0.0,0.0,0.0,0.003328,,T,test-only,gas-out-of-scope,table
rigby1968_10.1021_j100847a064_t1,RIGBY(1968),ar,y_h2o,323.15,61.6664,0.0,0.0,0.0,0.0,0.0,0.0,0.002275,,T,test-only,gas-out-of-scope,table
rigby1968_10.1021_j100847a064_t1,RIGBY(1968),ar,y_h2o,348.15,31.9883,0.0,0.0,0.0,0.0,0.0,0.0,0.01292,,T,test-only,gas-out-of-scope,table
rigby1968_10.1021_j100847a064_t1,RIGBY(1968),ar,y_h2o,348.15,46.5791,0.0,0.0,0.0,0.0,0.0,0.0,0.00908,,T,test-only,gas-out-of-scope,table
rigby1968_10.1021_j100847a064_t1,RIGBY(1968),ar,y_h2o,348.15,62.2541,0.0,0.0,0.0,0.0,0.0,0.0,0.00694,,T,test-only,gas-out-of-scope,table
rigby1968_10.1021_j100847a064_t1,RIGBY(1968),ar,y_h2o,373.15,56.2354,0.0,0.0,0.0,0.0,0.0,0.0,0.01971,,T,test-only,gas-out-of-scope,table
rigby1968_10.1021_j100847a064_t1,RIGBY(1968),ar,y_h2o,373.15,70.3196,0.0,0.0,0.0,0.0,0.0,0.0,0.01606,,T,test-only,gas-out-of-scope,table
rigby1968_10.1021_j100847a064_t1,RIGBY(1968),ar,y_h2o,373.15,92.7124,0.0,0.0,0.0,0.0,0.0,0.0,0.01258,,T,test-only,gas-out-of-scope,table
rigby1968_10.1021_j100847a064_t1,RIGBY(1968),ch4,y_h2o,298.15,23.5378,0.0,0.0,0.0,0.0,0.0,0.0,0.001483,,T,test-only,,table
rigby1968_10.1021_j100847a064_t1,RIGBY(1968),ch4,y_h2o,298.15,30.509,0.0,0.0,0.0,0.0,0.0,0.0,0.001175,,T,test-only,,table
rigby1968_10.1021_j100847a064_t1,RIGBY(1968),ch4,y_h2o,298.15,40.5503,0.0,0.0,0.0,0.0,0.0,0.0,0.000915,,T,test-only,,table
rigby1968_10.1021_j100847a064_t1,RIGBY(1968),ch4,y_h2o,323.15,30.1442,0.0,0.0,0.0,0.0,0.0,0.0,0.004474,,T,test-only,,table
rigby1968_10.1021_j100847a064_t1,RIGBY(1968),ch4,y_h2o,323.15,48.3827,0.0,0.0,0.0,0.0,0.0,0.0,0.002921,,T,test-only,,table
rigby1968_10.1021_j100847a064_t1,RIGBY(1968),ch4,y_h2o,323.15,68.1715,0.0,0.0,0.0,0.0,0.0,0.0,0.002185,,T,test-only,,table
rigby1968_10.1021_j100847a064_t1,RIGBY(1968),ch4,y_h2o,348.15,31.2081,0.0,0.0,0.0,0.0,0.0,0.0,0.01335,,T,test-only,,table
rigby1968_10.1021_j100847a064_t1,RIGBY(1968),ch4,y_h2o,348.15,54.7256,0.0,0.0,0.0,0.0,0.0,0.0,0.00803,,T,test-only,,table
rigby1968_10.1021_j100847a064_t1,RIGBY(1968),ch4,y_h2o,348.15,67.2697,0.0,0.0,0.0,0.0,0.0,0.0,0.00671,,T,test-only,,table
rigby1968_10.1021_j100847a064_t1,RIGBY(1968),ch4,y_h2o,373.15,57.4107,0.0,0.0,0.0,0.0,0.0,0.0,0.01992,,T,test-only,,table
rigby1968_10.1021_j100847a064_t1,RIGBY(1968),ch4,y_h2o,373.15,71.8901,0.0,0.0,0.0,0.0,0.0,0.0,0.01643,,T,test-only,,table
rigby1968_10.1021_j100847a064_t1,RIGBY(1968),ch4,y_h2o,373.15,93.4723,0.0,0.0,0.0,0.0,0.0,0.0,0.01309,,T,test-only,,table
king1971_10.1021_ja00737a004_t1,KING(1971),co2,y_h2o,298.15,22.6968,0.0,0.0,0.0,0.0,0.0,0.0,0.00195,,T,test-only,,table
king1971_10.1021_ja00737a004_t1,KING(1971),co2,y_h2o,298.15,29.7895,0.0,0.0,0.0,0.0,0.0,0.0,0.00163,,T,test-only,,table
king1971_10.1021_ja00737a004_t1,KING(1971),co2,y_h2o,298.15,29.9922,0.0,0.0,0.0,0.0,0.0,0.0,0.00167,,T,test-only,,table
king1971_10.1021_ja00737a004_t1,KING(1971),co2,y_h2o,298.15,37.2876,0.0,0.0,0.0,0.0,0.0,0.0,0.00145,,T,test-only,,table
king1971_10.1021_ja00737a004_t1,KING(1971),co2,y_h2o,298.15,37.3889,0.0,0.0,0.0,0.0,0.0,0.0,0.00149,,T,test-only,,table
king1971_10.1021_ja00737a004_t1,KING(1971),co2,y_h2o,323.15,17.3266,0.0,0.0,0.0,0.0,0.0,0.0,0.00841,,T,test-only,,table
king1971_10.1021_ja00737a004_t1,KING(1971),co2,y_h2o,323.15,25.5339,0.0,0.0,0.0,0.0,0.0,0.0,0.00595,,T,test-only,,table
king1971_10.1021_ja00737a004_t1,KING(1971),co2,y_h2o,323.15,25.8379,0.0,0.0,0.0,0.0,0.0,0.0,0.00598,,T,test-only,,table
king1971_10.1021_ja00737a004_t1,KING(1971),co2,y_h2o,323.15,36.3757,0.0,0.0,0.0,0.0,0.0,0.0,0.00466,,T,test-only,,table
king1971_10.1021_ja00737a004_t1,KING(1971),co2,y_h2o,323.15,36.3757,0.0,0.0,0.0,0.0,0.0,0.0,0.00463,,T,test-only,,table
king1971_10.1021_ja00737a004_t1,KING(1971),co2,y_h2o,323.15,46.3055,0.0,0.0,0.0,0.0,0.0,0.0,0.00396,,T,test-only,,table
king1971_10.1021_ja00737a004_t1,KING(1971),co2,y_h2o,348.15,23.3047,0.0,0.0,0.0,0.0,0.0,0.0,0.02,,T,test-only,,table
king1971_10.1021_ja00737a004_t1,KING(1971),co2,y_h2o,348.15,37.3889,0.0,0.0,0.0,0.0,0.0,0.0,0.0125,,T,test-only,,table
king1971_10.1021_ja00737a004_t1,KING(1971),co2,y_h2o,348.15,37.4902,0.0,0.0,0.0,0.0,0.0,0.0,0.0126,,T,test-only,,table
king1971_10.1021_ja00737a004_t1,KING(1971),co2,y_h2o,348.15,51.2705,0.0,0.0,0.0,0.0,0.0,0.0,0.0104,,T,test-only,,table
king1971_10.1021_ja00737a004_t1,KING(1971),co2,y_h2o,348.15,51.4731,0.0,0.0,0.0,0.0,0.0,0.0,0.0102,,T,test-only,,table
king1971_10.1021_ja00737a004_t1,KING(1971),co2,y_h2o,373.15,36.781,0.0,0.0,0.0,0.0,0.0,0.0,0.0328,,T,test-only,,table
king1971_10.1021_ja00737a004_t1,KING(1971),co2,y_h2o,373.15,37.1863,0.0,0.0,0.0,0.0,0.0,0.0,0.0323,,T,test-only,,table
king1971_10.1021_ja00737a004_t1,KING(1971),co2,y_h2o,373.15,44.7857,0.0,0.0,0.0,0.0,0.0,0.0,0.0277,,T,test-only,,table
king1971_10.1021_ja00737a004_t1,KING(1971),co2,y_h2o,373.15,44.7857,0.0,0.0,0.0,0.0,0.0,0.0,0.0274,,T,test-only,,table
king1971_10.1021_ja00737a004_t1,KING(1971),co2,y_h2o,373.15,51.4731,0.0,0.0,0.0,0.0,0.0,0.0,0.0248,,T,test-only,,table
king1971_10.1021_ja00737a004_t1,KING(1971),co2,y_h2o,373.15,51.4731,0.0,0.0,0.0,0.0,0.0,0.0,0.0251,,T,test-only,,table
king1971_10.1021_ja00737a004_t1,KING(1971),n2o,y_h2o,298.15,24.318,0.0,0.0,0.0,0.0,0.0,0.0,0.00172,,T,test-only,gas-out-of-scope,table
king1971_10.1021_ja00737a004_t1,KING(1971),n2o,y_h2o,298.15,29.6882,0.0,0.0,0.0,0.0,0.0,0.0,0.00158,,T,test-only,gas-out-of-scope,table
king1971_10.1021_ja00737a004_t1,KING(1971),n2o,y_h2o,298.15,31.9174,0.0,0.0,0.0,0.0,0.0,0.0,0.00144,,T,test-only,gas-out-of-scope,table
king1971_10.1021_ja00737a004_t1,KING(1971),n2o,y_h2o,298.15,32.0187,0.0,0.0,0.0,0.0,0.0,0.0,0.00144,,T,test-only,gas-out-of-scope,table
king1971_10.1021_ja00737a004_t1,KING(1971),n2o,y_h2o,298.15,36.9836,0.0,0.0,0.0,0.0,0.0,0.0,0.00127,,T,test-only,gas-out-of-scope,table
king1971_10.1021_ja00737a004_t1,KING(1971),n2o,y_h2o,298.15,37.1863,0.0,0.0,0.0,0.0,0.0,0.0,0.00151,,T,test-only,gas-out-of-scope,table
king1971_10.1021_ja00737a004_t1,KING(1971),n2o,y_h2o,298.15,37.1863,0.0,0.0,0.0,0.0,0.0,0.0,0.00137,,T,test-only,gas-out-of-scope,table
king1971_10.1021_ja00737a004_t1,KING(1971),n2o,y_h2o,298.15,43.8737,0.0,0.0,0.0,0.0,0.0,0.0,0.00124,,T,test-only,gas-out-of-scope,table
king1971_10.1021_ja00737a004_t1,KING(1971),n2o,y_h2o,323.15,23.3047,0.0,0.0,0.0,0.0,0.0,0.0,0.00659,,T,test-only,gas-out-of-scope,table
king1971_10.1021_ja00737a004_t1,KING(1971),n2o,y_h2o,323.15,29.7895,0.0,0.0,0.0,0.0,0.0,0.0,0.00537,,T,test-only,gas-out-of-scope,table
king1971_10.1021_ja00737a004_t1,KING(1971),n2o,y_h2o,323.15,29.9922,0.0,0.0,0.0,0.0,0.0,0.0,0.0052,,T,test-only,gas-out-of-scope,table
king1971_10.1021_ja00737a004_t1,KING(1971),n2o,y_h2o,323.15,30.4988,0.0,0.0,0.0,0.0,0.0,0.0,0.0051,,T,test-only,gas-out-of-scope,table
king1971_10.1021_ja00737a004_t1,KING(1971),n2o,y_h2o,323.15,36.9836,0.0,0.0,0.0,0.0,0.0,0.0,0.00462,,T,test-only,gas-out-of-scope,table
king1971_10.1021_ja00737a004_t1,KING(1971),n2o,y_h2o,323.15,38.9088,0.0,0.0,0.0,0.0,0.0,0.0,0.00481,,T,test-only,gas-out-of-scope,table
king1971_10.1021_ja00737a004_t1,KING(1971),n2o,y_h2o,348.15,24.014,0.0,0.0,0.0,0.0,0.0,0.0,0.0189,,T,test-only,gas-out-of-scope,table
king1971_10.1021_ja00737a004_t1,KING(1971),n2o,y_h2o,348.15,24.2167,0.0,0.0,0.0,0.0,0.0,0.0,0.019,,T,test-only,gas-out-of-scope,table
king1971_10.1021_ja00737a004_t1,KING(1971),n2o,y_h2o,348.15,24.318,0.0,0.0,0.0,0.0,0.0,0.0,0.018,,T,test-only,gas-out-of-scope,table
king1971_10.1021_ja00737a004_t1,KING(1971),n2o,y_h2o,348.15,24.622,0.0,0.0,0.0,0.0,0.0,0.0,0.0177,,T,test-only,gas-out-of-scope,table
king1971_10.1021_ja00737a004_t1,KING(1971),n2o,y_h2o,348.15,29.6882,0.0,0.0,0.0,0.0,0.0,0.0,0.0158,,T,test-only,gas-out-of-scope,table
king1971_10.1021_ja00737a004_t1,KING(1971),n2o,y_h2o,348.15,29.7895,0.0,0.0,0.0,0.0,0.0,0.0,0.0158,,T,test-only,gas-out-of-scope,table
king1971_10.1021_ja00737a004_t1,KING(1971),n2o,y_h2o,348.15,31.2081,0.0,0.0,0.0,0.0,0.0,0.0,0.0149,,T,test-only,gas-out-of-scope,table
king1971_10.1021_ja00737a004_t1,KING(1971),n2o,y_h2o,348.15,36.3757,0.0,0.0,0.0,0.0,0.0,0.0,0.0135,,T,test-only,gas-out-of-scope,table
king1971_10.1021_ja00737a004_t1,KING(1971),n2o,y_h2o,348.15,36.477,0.0,0.0,0.0,0.0,0.0,0.0,0.0134,,T,test-only,gas-out-of-scope,table
king1971_10.1021_ja00737a004_t1,KING(1971),n2o,y_h2o,348.15,36.8823,0.0,0.0,0.0,0.0,0.0,0.0,0.0129,,T,test-only,gas-out-of-scope,table
king1971_10.1021_ja00737a004_t1,KING(1971),n2o,y_h2o,348.15,37.0849,0.0,0.0,0.0,0.0,0.0,0.0,0.013,,T,test-only,gas-out-of-scope,table
king1971_10.1021_ja00737a004_t1,KING(1971),n2o,y_h2o,348.15,37.6929,0.0,0.0,0.0,0.0,0.0,0.0,0.0132,,T,test-only,gas-out-of-scope,table
king1971_10.1021_ja00737a004_t1,KING(1971),n2o,y_h2o,373.15,22.1902,0.0,0.0,0.0,0.0,0.0,0.0,0.0507,,T,test-only,gas-out-of-scope,table
king1971_10.1021_ja00737a004_t1,KING(1971),n2o,y_h2o,373.15,29.5869,0.0,0.0,0.0,0.0,0.0,0.0,0.0404,,T,test-only,gas-out-of-scope,table
king1971_10.1021_ja00737a004_t1,KING(1971),n2o,y_h2o,373.15,29.6882,0.0,0.0,0.0,0.0,0.0,0.0,0.0407,,T,test-only,gas-out-of-scope,table
king1971_10.1021_ja00737a004_t1,KING(1971),n2o,y_h2o,373.15,29.7895,0.0,0.0,0.0,0.0,0.0,0.0,0.0392,,T,test-only,gas-out-of-scope,table
king1971_10.1021_ja00737a004_t1,KING(1971),n2o,y_h2o,373.15,29.7895,0.0,0.0,0.0,0.0,0.0,0.0,0.0377,,T,test-only,gas-out-of-scope,table
king1971_10.1021_ja00737a004_t1,KING(1971),n2o,y_h2o,373.15,35.3624,0.0,0.0,0.0,0.0,0.0,0.0,0.035,,T,test-only,gas-out-of-scope,table
king1971_10.1021_ja00737a004_t1,KING(1971),n2o,y_h2o,373.15,36.3757,0.0,0.0,0.0,0.0,0.0,0.0,0.0326,,T,test-only,gas-out-of-scope,table
king1971_10.1021_ja00737a004_t1,KING(1971),n2o,y_h2o,373.15,36.477,0.0,0.0,0.0,0.0,0.0,0.0,0.0329,,T,test-only,gas-out-of-scope,table
king1971_10.1021_ja00737a004_t1,KING(1971),n2o,y_h2o,373.15,43.5697,0.0,0.0,0.0,0.0,0.0,0.0,0.0282,,T,test-only,gas-out-of-scope,table
king1971_10.1021_ja00737a004_t1,KING(1971),n2o,y_h2o,373.15,43.5697,0.0,0.0,0.0,0.0,0.0,0.0,0.0288,,T,test-only,gas-out-of-scope,table
king1971_10.1021_ja00737a004_t1,KING(1971),n2o,y_h2o,373.15,49.9532,0.0,0.0,0.0,0.0,0.0,0.0,0.0251,,T,test-only,gas-out-of-scope,table
king1971_10.1021_ja00737a004_t1,KING(1971),n2o,y_h2o,373.15,49.9532,0.0,0.0,0.0,0.0,0.0,0.0,0.0252,,T,test-only,gas-out-of-scope,table
king1971_10.1021_ja00737a004_t1,KING(1971),c2h6,y_h2o,298.15,24.4193,0.0,0.0,0.0,0.0,0.0,0.0,0.00142,,T,test-only,,table
king1971_10.1021_ja00737a004_t1,KING(1971),c2h6,y_h2o,298.15,29.6882,0.0,0.0,0.0,0.0,0.0,0.0,0.00111,,T,test-only,,table
king1971_10.1021_ja00737a004_t1,KING(1971),c2h6,y_h2o,298.15,35.9704,0.0,0.0,0.0,0.0,0.0,0.0,0.0009,,T,test-only,,table
king1971_10.1021_ja00737a004_t1,KING(1971),c2h6,y_h2o,298.15,36.0717,0.0,0.0,0.0,0.0,0.0,0.0,0.00093,,T,test-only,,table
king1971_10.1021_ja00737a004_t1,KING(1971),c2h6,y_h2o,323.15,22.7981,0.0,0.0,0.0,0.0,0.0,0.0,0.00563,,T,test-only,,table
king1971_10.1021_ja00737a004_t1,KING(1971),c2h6,y_h2o,323.15,29.6882,0.0,0.0,0.0,0.0,0.0,0.0,0.00432,,T,test-only,,table
king1971_10.1021_ja00737a004_t1,KING(1971),c2h6,y_h2o,323.15,29.6882,0.0,0.0,0.0,0.0,0.0,0.0,0.00437,,T,test-only,,table
king1971_10.1021_ja00737a004_t1,KING(1971),c2h6,y_h2o,323.15,35.7677,0.0,0.0,0.0,0.0,0.0,0.0,0.00354,,T,test-only,,table
king1971_10.1021_ja00737a004_t1,KING(1971),c2h6,y_h2o,323.15,36.2743,0.0,0.0,0.0,0.0,0.0,0.0,0.00354,,T,test-only,,table
king1971_10.1021_ja00737a004_t1,KING(1971),c2h6,y_h2o,348.15,23.3047,0.0,0.0,0.0,0.0,0.0,0.0,0.0175,,T,test-only,,table
king1971_10.1021_ja00737a004_t1,KING(1971),c2h6,y_h2o,348.15,23.71,0.0,0.0,0.0,0.0,0.0,0.0,0.0169,,T,test-only,,table
king1971_10.1021_ja00737a004_t1,KING(1971),c2h6,y_h2o,348.15,30.2962,0.0,0.0,0.0,0.0,0.0,0.0,0.0132,,T,test-only,,table
king1971_10.1021_ja00737a004_t1,KING(1971),c2h6,y_h2o,348.15,36.2743,0.0,0.0,0.0,0.0,0.0,0.0,0.0109,,T,test-only,,table
king1971_10.1021_ja00737a004_t1,KING(1971),c2h6,y_h2o,373.15,25.9392,0.0,0.0,0.0,0.0,0.0,0.0,0.0414,,T,test-only,,table
king1971_10.1021_ja00737a004_t1,KING(1971),c2h6,y_h2o,373.15,29.2829,0.0,0.0,0.0,0.0,0.0,0.0,0.0367,,T,test-only,,table
king1971_10.1021_ja00737a004_t1,KING(1971),c2h6,y_h2o,373.15,29.8909,0.0,0.0,0.0,0.0,0.0,0.0,0.036,,T,test-only,,table
king1971_10.1021_ja00737a004_t1,KING(1971),c2h6,y_h2o,373.15,36.3757,0.0,0.0,0.0,0.0,0.0,0.0,0.0296,,T,test-only,,table
saddington1934_10.1021_ja01317a024_t2,SADDINGTON(1934),n2,y_h2o,323.15,101.325,0.0,0.0,0.0,0.0,0.0,0.0,0.001833675563,,T,test-only,,table
saddington1934_10.1021_ja01317a024_t2,SADDINGTON(1934),n2,y_h2o,353.15,101.325,0.0,0.0,0.0,0.0,0.0,0.0,0.006252585039,,T,test-only,,table
saddington1934_10.1021_ja01317a024_t2,SADDINGTON(1934),n2,y_h2o,373.15,101.325,0.0,0.0,0.0,0.0,0.0,0.0,0.01124385154,,T,test-only,,table
saddington1934_10.1021_ja01317a024_t2,SADDINGTON(1934),n2,y_h2o,423.15,101.325,0.0,0.0,0.0,0.0,0.0,0.0,0.05203997085,,T,test-only,,table
saddington1934_10.1021_ja01317a024_t2,SADDINGTON(1934),n2,y_h2o,463.15,101.325,0.0,0.0,0.0,0.0,0.0,0.0,0.1230958029,,T,test-only,,table
saddington1934_10.1021_ja01317a024_t2,SADDINGTON(1934),n2,y_h2o,503.15,101.325,0.0,0.0,0.0,0.0,0.0,0.0,0.274623137,,T,test-only,,table
saddington1934_10.1021_ja01317a024_t2,SADDINGTON(1934),n2,y_h2o,323.15,202.65,0.0,0.0,0.0,0.0,0.0,0.0,0.001321109784,,T,test-only,,table
saddington1934_10.1021_ja01317a024_t2,SADDINGTON(1934),n2,y_h2o,358.15,202.65,0.0,0.0,0.0,0.0,0.0,0.0,0.004502195962,,T,test-only,,table
saddington1934_10.1021_ja01317a024_t2,SADDINGTON(1934),n2,y_h2o,423.15,202.65,0.0,0.0,0.0,0.0,0.0,0.0,0.0312144292,,T,test-only,,table
saddington1934_10.1021_ja01317a024_t2,SADDINGTON(1934),n2,y_h2o,463.15,202.65,0.0,0.0,0.0,0.0,0.0,0.0,0.08503907454,,T,test-only,,table
saddington1934_10.1021_ja01317a024_t2,SADDINGTON(1934),n2,y_h2o,498.15,202.65,0.0,0.0,0.0,0.0,0.0,0.0,0.1722100122,,T,test-only,,table
saddington1934_10.1021_ja01317a024_t2,SADDINGTON(1934),n2,y_h2o,323.15,303.975,0.0,0.0,0.0,0.0,0.0,0.0,0.001134675699,,T,test-only,,table
saddington1934_10.1021_ja01317a024_t2,SADDINGTON(1934),n2,y_h2o,348.15,303.975,0.0,0.0,0.0,0.0,0.0,0.0,0.004068132328,,T,test-only,,table
saddington1934_10.1021_ja01317a024_t2,SADDINGTON(1934),n2,y_h2o,373.15,303.975,0.0,0.0,0.0,0.0,0.0,0.0,0.005772607884,,T,test-only,,table
saddington1934_10.1021_ja01317a024_t2,SADDINGTON(1934),n2,y_h2o,388.15,303.975,0.0,0.0,0.0,0.0,0.0,0.0,0.009746799803,,T,test-only,,table
saddington1934_10.1021_ja01317a024_t2,SADDINGTON(1934),n2,y_h2o,418.15,303.975,0.0,0.0,0.0,0.0,0.0,0.0,0.0238966266,,T,test-only,,table
saddington1934_10.1021_ja01317a024_t2,SADDINGTON(1934),n2,y_h2o,438.15,303.975,0.0,0.0,0.0,0.0,0.0,0.0,0.03970328753,,T,test-only,,table
saddington1934_10.1021_ja01317a024_t2,SADDINGTON(1934),n2,y_h2o,503.15,303.975,0.0,0.0,0.0,0.0,0.0,0.0,0.1379372911,,T,test-only,,table
wiebe1941_10.1021_ja01847a030_t1,WIEBE(1941),co2,y_h2o,298.15,25.3313,0.0,0.0,0.0,0.0,0.0,0.0,0.001639606479,,T,test-only,stp-assumed,table
wiebe1941_10.1021_ja01847a030_t1,WIEBE(1941),co2,y_h2o,298.15,50.6625,0.0,0.0,0.0,0.0,0.0,0.0,0.001292260608,,T,test-only,stp-assumed,table
wiebe1941_10.1021_ja01847a030_t1,WIEBE(1941),co2,y_h2o,298.15,101.325,0.0,0.0,0.0,0.0,0.0,0.0,0.003310924751,,T,test-only,stp-assumed,table
wiebe1941_10.1021_ja01847a030_t1,WIEBE(1941),co2,y_h2o,298.15,151.9875,0.0,0.0,0.0,0.0,0.0,0.0,0.003582757617,,T,test-only,stp-assumed,table
wiebe1941_10.1021_ja01847a030_t1,WIEBE(1941),co2,y_h2o,298.15,202.65,0.0,0.0,0.0,0.0,0.0,0.0,0.003755664979,,T,test-only,stp-assumed,table
wiebe1941_10.1021_ja01847a030_t1,WIEBE(1941),co2,y_h2o,298.15,455.9625,0.0,0.0,0.0,0.0,0.0,0.0,0.00399022901,,T,test-only,stp-assumed,table
wiebe1941_10.1021_ja01847a030_t1,WIEBE(1941),co2,y_h2o,298.15,481.2937,0.0,0.0,0.0,0.0,0.0,0.0,0.003977886289,,T,test-only,stp-assumed,table
wiebe1941_10.1021_ja01847a030_t1,WIEBE(1941),co2,y_h2o,298.15,506.625,0.0,0.0,0.0,0.0,0.0,0.0,0.003953199928,,T,test-only,stp-assumed,table
wiebe1941_10.1021_ja01847a030_t1,WIEBE(1941),co2,y_h2o,304.19,25.3313,0.0,0.0,0.0,0.0,0.0,0.0,0.002271651745,,T,test-only,stp-assumed,table
wiebe1941_10.1021_ja01847a030_t1,WIEBE(1941),co2,y_h2o,304.19,50.6625,0.0,0.0,0.0,0.0,0.0,0.0,0.001602402407,,T,test-only,stp-assumed,table
wiebe1941_10.1021_ja01847a030_t1,WIEBE(1941),co2,y_h2o,304.19,101.325,0.0,0.0,0.0,0.0,0.0,0.0,0.003632165845,,T,test-only,stp-assumed,table
wiebe1941_10.1021_ja01847a030_t1,WIEBE(1941),co2,y_h2o,304.19,202.65,0.0,0.0,0.0,0.0,0.0,0.0,0.00418767096,,T,test-only,stp-assumed,table
wiebe1941_10.1021_ja01847a030_t1,WIEBE(1941),co2,y_h2o,304.19,405.3,0.0,0.0,0.0,0.0,0.0,0.0,0.004742556999,,T,test-only,stp-assumed,table
wiebe1941_10.1021_ja01847a030_t1,WIEBE(1941),co2,y_h2o,304.19,506.625,0.0,0.0,0.0,0.0,0.0,0.0,0.004779527415,,T,test-only,stp-assumed,table
wiebe1941_10.1021_ja01847a030_t1,WIEBE(1941),co2,y_h2o,304.19,531.9562,0.0,0.0,0.0,0.0,0.0,0.0,0.004730232917,,T,test-only,stp-assumed,table
wiebe1941_10.1021_ja01847a030_t1,WIEBE(1941),co2,y_h2o,304.19,557.2875,0.0,0.0,0.0,0.0,0.0,0.0,0.004754880776,,T,test-only,stp-assumed,table
wiebe1941_10.1021_ja01847a030_t1,WIEBE(1941),co2,y_h2o,323.15,25.3313,0.0,0.0,0.0,0.0,0.0,0.0,0.006157793633,,T,test-only,stp-assumed,table
wiebe1941_10.1021_ja01847a030_t1,WIEBE(1941),co2,y_h2o,323.15,50.6625,0.0,0.0,0.0,0.0,0.0,0.0,0.003817403067,,T,test-only,stp-assumed,table
wiebe1941_10.1021_ja01847a030_t1,WIEBE(1941),co2,y_h2o,323.15,60.795,0.0,0.0,0.0,0.0,0.0,0.0,0.003558051666,,T,test-only,stp-assumed,table
wiebe1941_10.1021_ja01847a030_t1,WIEBE(1941),co2,y_h2o,323.15,75.9938,0.0,0.0,0.0,0.0,0.0,0.0,0.00348392646,,T,test-only,stp-assumed,table
wiebe1941_10.1021_ja01847a030_t1,WIEBE(1941),co2,y_h2o,323.15,101.325,0.0,0.0,0.0,0.0,0.0,0.0,0.004471356661,,T,test-only,stp-assumed,table
wiebe1941_10.1021_ja01847a030_t1,WIEBE(1941),co2,y_h2o,323.15,151.9875,0.0,0.0,0.0,0.0,0.0,0.0,0.006059472659,,T,test-only,stp-assumed,table
wiebe1941_10.1021_ja01847a030_t1,WIEBE(1941),co2,y_h2o,323.15,202.65,0.0,0.0,0.0,0.0,0.0,0.0,0.006722761962,,T,test-only,stp-assumed,table
wiebe1941_10.1021_ja01847a030_t1,WIEBE(1941),co2,y_h2o,323.15,405.3,0.0,0.0,0.0,0.0,0.0,0.0,0.007532247649,,T,test-only,stp-assumed,table
wiebe1941_10.1021_ja01847a030_t1,WIEBE(1941),co2,y_h2o,323.15,607.95,0.0,0.0,0.0,0.0,0.0,0.0,0.007863020729,,T,test-only,stp-assumed,table
wiebe1941_10.1021_ja01847a030_t1,WIEBE(1941),co2,y_h2o,323.15,709.275,0.0,0.0,0.0,0.0,0.0,0.0,0.007948740725,,T,test-only,stp-assumed,table
wiebe1941_10.1021_ja01847a030_t1,WIEBE(1941),co2,y_h2o,348.15,25.3313,0.0,0.0,0.0,0.0,0.0,0.0,0.01052565196,,T,test-only,stp-assumed,table
wiebe1941_10.1021_ja01847a030_t1,WIEBE(1941),co2,y_h2o,348.15,101.325,0.0,0.0,0.0,0.0,0.0,0.0,0.008218050021,,T,test-only,stp-assumed,table
wiebe1941_10.1021_ja01847a030_t1,WIEBE(1941),co2,y_h2o,348.15,111.4575,0.0,0.0,0.0,0.0,0.0,0.0,0.008046688298,,T,test-only,stp-assumed,table
wiebe1941_10.1021_ja01847a030_t1,WIEBE(1941),co2,y_h2o,348.15,126.6562,0.0,0.0,0.0,0.0,0.0,0.0,0.008474981621,,T,test-only,stp-assumed,table
wiebe1941_10.1021_ja01847a030_t1,WIEBE(1941),co2,y_h2o,348.15,151.9875,0.0,0.0,0.0,0.0,0.0,0.0,0.009464757758,,T,test-only,stp-assumed,table
wiebe1941_10.1021_ja01847a030_t1,WIEBE(1941),co2,y_h2o,348.15,202.65,0.0,0.0,0.0,0.0,0.0,0.0,0.01119516056,,T,test-only,stp-assumed,table
wiebe1941_10.1021_ja01847a030_t1,WIEBE(1941),co2,y_h2o,348.15,405.3,0.0,0.0,0.0,0.0,0.0,0.0,0.01301649663,,T,test-only,stp-assumed,table
wiebe1941_10.1021_ja01847a030_t1,WIEBE(1941),co2,y_h2o,348.15,607.95,0.0,0.0,0.0,0.0,0.0,0.0,0.01374315374,,T,test-only,stp-assumed,table
wiebe1941_10.1021_ja01847a030_t1,WIEBE(1941),co2,y_h2o,348.15,709.275,0.0,0.0,0.0,0.0,0.0,0.0,0.0138036602,,T,test-only,stp-assumed,table
zawisza1981_10.1021_je00026a012_t1,ZAWISZA(1981),co2,y_h2o,373.15,9.62,0.0,0.0,0.0,0.0,0.0,0.0,0.121,,T,test-only,,table
zawisza1981_10.1021_je00026a012_t1,ZAWISZA(1981),co2,y_h2o,398.15,25.35,0.0,0.0,0.0,0.0,0.0,0.0,0.121,,T,test-only,,table
zawisza1981_10.1021_je00026a012_t1,ZAWISZA(1981),co2,y_h2o,373.15,5.07,0.0,0.0,0.0,0.0,0.0,0.0,0.2173,,T,test-only,,table
zawisza1981_10.1021_je00026a012_t1,ZAWISZA(1981),co2,y_h2o,398.15,12.42,0.0,0.0,0.0,0.0,0.0,0.0,0.2173,,T,test-only,,table
zawisza1981_10.1021_je00026a012_t1,ZAWISZA(1981),co2,y_h2o,423.15,28.03,0.0,0.0,0.0,0.0,0.0,0.0,0.2173,,T,test-only,,table
zawisza1981_10.1021_je00026a012_t1,ZAWISZA(1981),co2,y_h2o,398.15,4.66,0.0,0.0,0.0,0.0,0.0,0.0,0.5008,,T,test-only,,table
zawisza1981_10.1021_je00026a012_t1,ZAWISZA(1981),co2,y_h2o,423.15,9.42,0.0,0.0,0.0,0.0,0.0,0.0,0.5008,,T,test-only,,table
zawisza1981_10.1021_je00026a012_t1,ZAWISZA(1981),co2,y_h2o,448.15,18.14,0.0,0.0,0.0,0.0,0.0,0.0,0.5008,,T,test-only,,table
zawisza1981_10.1021_je00026a012_t1,ZAWISZA(1981),co2,y_h2o,473.15,33.5,0.0,0.0,0.0,0.0,0.0,0.0,0.5008,,T,test-only,,table
zawisza1981_10.1021_je00026a012_t1,ZAWISZA(1981),co2,y_h2o,423.15,6.68,0.0,0.0,0.0,0.0,0.0,0.0,0.7032,,T,test-only,,table
zawisza1981_10.1021_je00026a012_t1,ZAWISZA(1981),co2,y_h2o,448.15,13.07,0.0,0.0,0.0,0.0,0.0,0.0,0.7032,,T,test-only,,table
zawisza1981_10.1021_je00026a012_t1,ZAWISZA(1981),co2,y_h2o,473.15,22.64,0.0,0.0,0.0,0.0,0.0,0.0,0.7032,,T,test-only,,table
zawisza1981_10.1021_je00026a012_t1,ZAWISZA(1981),co2,y_h2o,448.15,9.33,0.0,0.0,0.0,0.0,0.0,0.0,0.9347,,T,test-only,,table
zawisza1981_10.1021_je00026a012_t1,ZAWISZA(1981),co2,y_h2o,473.15,16.51,0.0,0.0,0.0,0.0,0.0,0.0,0.9347,,T,test-only,,table
chapoy2003b_10.1021_je0202230_t4,CHAPOY(2003b),c2h6,y_h2o,278.08,4.55,0.0,0.0,0.0,0.0,0.0,0.0,0.00205,,T,test-only,,table
chapoy2003b_10.1021_je0202230_t4,CHAPOY(2003b),c2h6,y_h2o,278.08,7.56,0.0,0.0,0.0,0.0,0.0,0.0,0.00127,,T,test-only,,table
chapoy2003b_10.1021_je0202230_t4,CHAPOY(2003b),c2h6,y_h2o,278.08,9.9,0.0,0.0,0.0,0.0,0.0,0.0,0.000898,,T,test-only,hydrate-regime,table
chapoy2003b_10.1021_je0202230_t4,CHAPOY(2003b),c2h6,y_h2o,278.08,12.3,0.0,0.0,0.0,0.0,0.0,0.0,0.000673,,T,test-only,hydrate-regime,table
chapoy2003b_10.1021_je0202230_t4,CHAPOY(2003b),c2h6,y_h2o,278.08,15.1,0.0,0.0,0.0,0.0,0.0,0.0,0.000476,,T,test-only,hydrate-regime,table
chapoy2003b_10.1021_je0202230_t4,CHAPOY(2003b),c2h6,y_h2o,278.08,15.8,0.0,0.0,0.0,0.0,0.0,0.0,0.000453,,T,test-only,hydrate-regime,table
chapoy2003b_10.1021_je0202230_t4,CHAPOY(2003b),c2h6,y_h2o,278.08,21.1,0.0,0.0,0.0,0.0,0.0,0.0,0.000304,,T,test-only,hydrate-regime,table
chapoy2003b_10.1021_je0202230_t4,CHAPOY(2003b),c2h6,y_h2o,278.08,27.1,0.0,0.0,0.0,0.0,0.0,0.0,0.000215,,T,test-only,hydrate-regime,table
chapoy2003b_10.1021_je0202230_t4,CHAPOY(2003b),c2h6,y_h2o,283.11,3.23,0.0,0.0,0.0,0.0,0.0,0.0,0.00421,,T,test-only,,table
chapoy2003b_10.1021_je0202230_t4,CHAPOY(2003b),c2h6,y_h2o,283.11,3.88,0.0,0.0,0.0,0.0,0.0,0.0,0.00351,,T,test-only,,table
chapoy2003b_10.1021_je0202230_t4,CHAPOY(2003b),c2h6,y_h2o,283.11,4.15,0.0,0.0,0.0,0.0,0.0,0.0,0.00328,,T,test-only,,table
chapoy2003b_10.1021_je0202230_t4,CHAPOY(2003b),c2h6,y_h2o,283.11,6.21,0.0,0.0,0.0,0.0,0.0,0.0,0.00212,,T,test-only,,table
chapoy2003b_10.1021_je0202230_t4,CHAPOY(2003b),c2h6,y_h2o,283.11,7.74,0.0,0.0,0.0,0.0,0.0,0.0,0.00171,,T,test-only,,table
chapoy2003b_10.1021_je0202230_t4,CHAPOY(2003b),c2h6,y_h2o,283.11,9.62,0.0,0.0,0.0,0.0,0.0,0.0,0.00134,,T,test-only,,table
chapoy2003b_10.1021_je0202230_t4,CHAPOY(2003b),c2h6,y_h2o,283.11,10.5,0.0,0.0,0.0,0.0,0.0,0.0,0.00117,,T,test-only,,table
chapoy2003b_10.1021_je0202230_t4,CHAPOY(2003b),c2h6,y_h2o,283.11,14.5,0.0,0.0,0.0,0.0,0.0,0.0,0.000816,,T,test-only,,table
chapoy2003b_10.1021_je0202230_t4,CHAPOY(2003b),c2h6,y_h2o,283.11,18.2,0.0,0.0,0.0,0.0,0.0,0.0,0.000575,,T,test-only,,table
chapoy2003b_10.1021_je0202230_t4,CHAPOY(2003b),c2h6,y_h2o,283.11,21.1,0.0,0.0,0.0,0.0,0.0,0.0,0.000501,,T,test-only,hydrate-regime,table
chapoy2003b_10.1021_je0202230_t4,CHAPOY(2003b),c2h6,y_h2o,283.11,23.5,0.0,0.0,0.0,0.0,0.0,0.0,0.000436,,T,test-only,hydrate-regime,table
chapoy2003b_10.1021_je0202230_t4,CHAPOY(2003b),c2h6,y_h2o,283.11,27.8,0.0,0.0,0.0,0.0,0.0,0.0,0.000352,,T,test-only,hydrate-regime,table
chapoy2003b_10.1021_je0202230_t4,CHAPOY(2003b),c2h6,y_h2o,283.11,29.9,0.0,0.0,0.0,0.0,0.0,0.0,0.000304,,T,test-only,hydrate-regime,table
chapoy2003b_10.1021_je0202230_t4,CHAPOY(2003b),c2h6,y_h2o,288.11,8.98,0.0,0.0,0.0,0.0,0.0,0.0,0.00232,,T,test-only,,table
chapoy2003b_10.1021_je0202230_t4,CHAPOY(2003b),c2h6,y_h2o,288.11,13.9,0.0,0.0,0.0,0.0,0.0,0.0,0.00141,,T,test-only,,table
chapoy2003b_10.1021_je0202230_t4,CHAPOY(2003b),c2h6,y_h2o,288.11,19.1,0.0,0.0,0.0,0.0,0.0,0.0,0.000934,,T,test-only,,table
chapoy2003b_10.1021_je0202230_t4,CHAPOY(2003b),c2h6,y_h2o,288.11,24.9,0.0,0.0,0.0,0.0,0.0,0.0,0.000644,,T,test-only,,table
chapoy2003b_10.1021_je0202230_t4,CHAPOY(2003b),c2h6,y_h2o,288.11,28.5,0.0,0.0,0.0,0.0,0.0,0.0,0.000541,,T,test-only,,table
chapoy2003b_10.1021_je0202230_t4,CHAPOY(2003b),c2h6,y_h2o,288.11,31.9,0.0,0.0,0.0,0.0,0.0,0.0,0.000461,,T,test-only,,table
chapoy2003b_10.1021_je0202230_t4,CHAPOY(2003b),c2h6,y_h2o,288.11,33.6,0.0,0.0,0.0,0.0,0.0,0.0,0.000427,,T,test-only,,table
chapoy2003b_10.1021_je0202230_t4,CHAPOY(2003b),c2h6,y_h2o,293.11,4.01,0.0,0.0,0.0,0.0,0.0,0.0,0.00679,,T,test-only,,table
chapoy2003b_10.1021_je0202230_t4,CHAPOY(2003b),c2h6,y_h2o,293.11,5.27,0.0,0.0,0.0,0.0,0.0,0.0,0.0052,,T,test-only,,table
chapoy2003b_10.1021_je0202230_t4,CHAPOY(2003b),c2h6,y_h2o,293.11,7.74,0.0,0.0,0.0,0.0,0.0,0.0,0.00348,,T,test-only,,table
chapoy2003b_10.1021_je0202230_t4,CHAPOY(2003b),c2h6,y_h2o,293.11,12.2,0.0,0.0,0.0,0.0,0.0,0.0,0.00206,,T,test-only,,table
chapoy2003b_10.1021_je0202230_t4,CHAPOY(2003b),c2h6,y_h2o,293.11,15.0,0.0,0.0,0.0,0.0,0.0,0.0,0.00167,,T,test-only,,table
chapoy2003b_10.1021_je0202230_t4,CHAPOY(2003b),c2h6,y_h2o,293.11,25.6,0.0,0.0,0.0,0.0,0.0,0.0,0.000895,,T,test-only,,table
chapoy2003b_10.1021_je0202230_t4,CHAPOY(2003b),c2h6,y_h2o,293.11,32.4,0.0,0.0,0.0,0.0,0.0,0.0,0.00066,,T,test-only,,table
chapoy2003b_10.1021_je0202230_t4,CHAPOY(2003b),c2h6,y_h2o,293.11,33.2,0.0,0.0,0.0,0.0,0.0,0.0,0.000626,,T,test-only,,table
chapoy2003b_10.1021_je0202230_t4,CHAPOY(2003b),c2h6,y_h2o,293.11,34.8,0.0,0.0,0.0,0.0,0.0,0.0,0.000595,,T,test-only,,table
chapoy2003b_10.1021_je0202230_t4,CHAPOY(2003b),c2h6,y_h2o,293.11,37.5,0.0,0.0,0.0,0.0,0.0,0.0,0.000525,,T,test-only,,table
chapoy2003b_10.1021_je0202230_t4,CHAPOY(2003b),c2h6,y_h2o,298.11,10.8,0.0,0.0,0.0,0.0,0.0,0.0,0.00386,,T,test-only,,table
chapoy2003b_10.1021_je0202230_t4,CHAPOY(2003b),c2h6,y_h2o,298.11,14.3,0.0,0.0,0.0,0.0,0.0,0.0,0.00285,,T,test-only,,table
chapoy2003b_10.1021_je0202230_t4,CHAPOY(2003b),c2h6,y_h2o,298.11,21.9,0.0,0.0,0.0,0.0,0.0,0.0,0.00178,,T,test-only,,table
chapoy2003b_10.1021_je0202230_t4,CHAPOY(2003b),c2h6,y_h2o,298.11,27.3,0.0,0.0,0.0,0.0,0.0,0.0,0.00137,,T,test-only,,table
chapoy2003b_10.1021_je0202230_t4,CHAPOY(2003b),c2h6,y_h2o,298.11,35.3,0.0,0.0,0.0,0.0,0.0,0.0,0.000982,,T,test-only,,table
chapoy2003b_10.1021_je0202230_t4,CHAPOY(2003b),c2h6,y_h2o,298.11,39.9,0.0,0.0,0.0,0.0,0.0,0.0,0.000794,,T,test-only,,table
chapoy2003b_10.1021_je0202230_t4,CHAPOY(2003b),c2h6,y_h2o,298.11,40.1,0.0,0.0,0.0,0.0,0.0,0.0,0.000768,,T,test-only,,table
chapoy2003b_10.1021_je0202230_t4,CHAPOY(2003b),c2h6,y_h2o,298.11,41.2,0.0,0.0,0.0,0.0,0.0,0.0,0.000749,,T,test-only,,table
chapoy2003b_10.1021_je0202230_t4,CHAPOY(2003b),c2h6,y_h2o,303.11,6.49,0.0,0.0,0.0,0.0,0.0,0.0,0.00854,,T,test-only,,table
chapoy2003b_10.1021_je0202230_t4,CHAPOY(2003b),c2h6,y_h2o,303.11,9.66,0.0,0.0,0.0,0.0,0.0,0.0,0.00574,,T,test-only,,table
chapoy2003b_10.1021_je0202230_t4,CHAPOY(2003b),c2h6,y_h2o,303.11,17.6,0.0,0.0,0.0,0.0,0.0,0.0,0.00307,,T,test-only,,table
chapoy2003b_10.1021_je0202230_t4,CHAPOY(2003b),c2h6,y_h2o,303.11,24.8,0.0,0.0,0.0,0.0,0.0,0.0,0.00198,,T,test-only,,table
chapoy2003b_10.1021_je0202230_t4,CHAPOY(2003b),c2h6,y_h2o,303.11,33.7,0.0,0.0,0.0,0.0,0.0,0.0,0.00141,,T,test-only,,table
chapoy2003b_10.1021_je0202230_t4,CHAPOY(2003b),c2h6,y_h2o,303.11,43.8,0.0,0.0,0.0,0.0,0.0,0.0,0.00099,,T,test-only,,table
chapoy2003b_10.1021_je0202230_t4,CHAPOY(2003b),c2h6,y_h2o,303.11,44.8,0.0,0.0,0.0,0.0,0.0,0.0,0.000943,,T,test-only,,table
chapoy2003b_10.1021_je0202230_t4,CHAPOY(2003b),c2h6,y_h2o,303.11,46.3,0.0,0.0,0.0,0.0,0.0,0.0,0.000911,,T,test-only,,table
anthony1967_10.1021_je60032a007_t1,ANTHONY(1967),c2h6,y_h2o,310.872,37.2041,0.0,0.0,0.0,0.0,0.0,0.0,0.001796,,T,test-only,,table
anthony1967_10.1021_je60032a007_t1,ANTHONY(1967),c2h4,y_h2o,310.983,70.1335,0.0,0.0,0.0,0.0,0.0,0.0,0.001519,,T,test-only,gas-out-of-scope,table
anthony1967_10.1021_je60032a007_t2,ANTHONY(1967),c2h6,y_h2o,310.983,35.0392,0.0,0.0,0.0,0.0,0.0,0.0,0.001956,,T,test-only,,table
anthony1967_10.1021_je60032a007_t2,ANTHONY(1967),c2h6,y_h2o,310.872,34.2463,0.0,0.0,0.0,0.0,0.0,0.0,0.001817,,T,test-only,,table
anthony1967_10.1021_je60032a007_t2,ANTHONY(1967),c2h6,y_h2o,310.872,63.2042,0.0,0.0,0.0,0.0,0.0,0.0,0.000666,,T,test-only,,table
anthony1967_10.1021_je60032a007_t2,ANTHONY(1967),c2h6,y_h2o,310.872,69.2027,0.0,0.0,0.0,0.0,0.0,0.0,0.000602,,T,test-only,,table
anthony1967_10.1021_je60032a007_t2,ANTHONY(1967),c2h6,y_h2o,310.872,104.2625,0.0,0.0,0.0,0.0,0.0,0.0,0.000543,,T,test-only,,table
anthony1967_10.1021_je60032a007_t2,ANTHONY(1967),c2h6,y_h2o,310.872,137.9296,0.0,0.0,0.0,0.0,0.0,0.0,0.000516,,T,test-only,,table
anthony1967_10.1021_je60032a007_t2,ANTHONY(1967),c2h6,y_h2o,310.872,207.8562,0.0,0.0,0.0,0.0,0.0,0.0,0.0005,,T,test-only,,table
anthony1967_10.1021_je60032a007_t2,ANTHONY(1967),c2h6,y_h2o,310.872,277.0107,0.0,0.0,0.0,0.0,0.0,0.0,0.000531,,T,test-only,,table
anthony1967_10.1021_je60032a007_t2,ANTHONY(1967),c2h6,y_h2o,310.872,346.6477,0.0,0.0,0.0,0.0,0.0,0.0,0.000462,,T,test-only,,table
anthony1967_10.1021_je60032a007_t2,ANTHONY(1967),c2h6,y_h2o,344.317,34.7978,0.0,0.0,0.0,0.0,0.0,0.0,0.009899,,T,test-only,,table
anthony1967_10.1021_je60032a007_t2,ANTHONY(1967),c2h6,y_h2o,344.261,68.8579,0.0,0.0,0.0,0.0,0.0,0.0,0.004699,,T,test-only,,table
anthony1967_10.1021_je60032a007_t2,ANTHONY(1967),c2h6,y_h2o,344.317,103.5386,0.0,0.0,0.0,0.0,0.0,0.0,0.003019,,T,test-only,,table
anthony1967_10.1021_je60032a007_t2,ANTHONY(1967),c2h6,y_h2o,344.317,140.0808,0.0,0.0,0.0,0.0,0.0,0.0,0.002717,,T,test-only,,table
anthony1967_10.1021_je60032a007_t2,ANTHONY(1967),c2h6,y_h2o,344.372,207.7873,0.0,0.0,0.0,0.0,0.0,0.0,0.002368,,T,test-only,,table
anthony1967_10.1021_je60032a007_t2,ANTHONY(1967),c2h6,y_h2o,344.317,277.7001,0.0,0.0,0.0,0.0,0.0,0.0,0.002241,,T,test-only,,table
anthony1967_10.1021_je60032a007_t2,ANTHONY(1967),c2h6,y_h2o,344.317,345.4067,0.0,0.0,0.0,0.0,0.0,0.0,0.002032,,T,test-only,,table
anthony1967_10.1021_je60032a007_t2,ANTHONY(1967),c2h6,y_h2o,377.594,104.0557,0.0,0.0,0.0,0.0,0.0,0.0,0.01216,,T,test-only,,table
anthony1967_10.1021_je60032a007_t2,ANTHONY(1967),c2h6,y_h2o,377.65,138.2192,0.0,0.0,0.0,0.0,0.0,0.0,0.01048,,T,test-only,,table
anthony1967_10.1021_je60032a007_t2,ANTHONY(1967),c2h6,y_h2o,377.65,207.5115,0.0,0.0,0.0,0.0,0.0,0.0,0.008363,,T,test-only,,table
anthony1967_10.1021_je60032a007_t2,ANTHONY(1967),c2h6,y_h2o,377.706,278.5275,0.0,0.0,0.0,0.0,0.0,0.0,0.007226,,T,test-only,,table
sabirzyanov2002_10.1023_a:1015294905132_t1,SABIRZYANOV(2002),co2,y_h2o,313.0,83.1,0.0,0.0,0.0,0.0,0.0,0.0,0.00053,,T,test-only,,table
sabirzyanov2002_10.1023_a:1015294905132_t1,SABIRZYANOV(2002),co2,y_h2o,313.0,91.2,0.0,0.0,0.0,0.0,0.0,0.0,0.00105,,T,test-only,,table
sabirzyanov2002_10.1023_a:1015294905132_t1,SABIRZYANOV(2002),co2,y_h2o,313.0,102.6,0.0,0.0,0.0,0.0,0.0,0.0,0.00414,,T,test-only,,table
sabirzyanov2002_10.1023_a:1015294905132_t1,SABIRZYANOV(2002),co2,y_h2o,313.0,123.6,0.0,0.0,0.0,0.0,0.0,0.0,0.0045,,T,test-only,,table
sabirzyanov2002_10.1023_a:1015294905132_t1,SABIRZYANOV(2002),co2,y_h2o,313.0,154.0,0.0,0.0,0.0,0.0,0.0,0.0,0.00575,,T,test-only,,table
sabirzyanov2002_10.1023_a:1015294905132_t1,SABIRZYANOV(2002),co2,y_h2o,313.0,179.6,0.0,0.0,0.0,0.0,0.0,0.0,0.00607,,T,test-only,,table
sabirzyanov2002_10.1023_a:1015294905132_t1,SABIRZYANOV(2002),co2,y_h2o,313.0,205.4,0.0,0.0,0.0,0.0,0.0,0.0,0.00596,,T,test-only,,table
sabirzyanov2002_10.1023_a:1015294905132_t2,SABIRZYANOV(2002),co2,y_h2o,323.0,85.1,0.0,0.0,0.0,0.0,0.0,0.0,0.00251,,T,test-only,,table
sabirzyanov2002_10.1023_a:1015294905132_t2,SABIRZYANOV(2002),co2,y_h2o,323.0,91.2,0.0,0.0,0.0,0.0,0.0,0.0,0.00525,,T,test-only,,table
sabirzyanov2002_10.1023_a:1015294905132_t2,SABIRZYANOV(2002),co2,y_h2o,323.0,103.4,0.0,0.0,0.0,0.0,0.0,0.0,0.00717,,T,test-only,,table
sabirzyanov2002_10.1023_a:1015294905132_t2,SABIRZYANOV(2002),co2,y_h2o,323.0,141.9,0.0,0.0,0.0,0.0,0.0,0.0,0.00851,,T,test-only,,table
sabirzyanov2002_10.1023_a:1015294905132_t2,SABIRZYANOV(2002),co2,y_h2o,323.0,164.1,0.0,0.0,0.0,0.0,0.0,0.0,0.00908,,T,test-only,,table
sabirzyanov2002_10.1023_a:1015294905132_t2,SABIRZYANOV(2002),co2,y_h2o,323.0,184.4,0.0,0.0,0.0,0.0,0.0,0.0,0.00927,,T,test-only,,table
sabirzyanov2002_10.1023_a:1015294905132_t2,SABIRZYANOV(2002),co2,y_h2o,323.0,202.6,0.0,0.0,0.0,0.0,0.0,0.0,0.0102,,T,test-only,,table
adeniyi2020_10.11575_prism_38486_t3.3,ADENIYI(2020),co2,y_h2o,237.86,499.26,0.0,0.0,0.0,0.0,0.0,0.0,0.000365,,T,test-only,hydrate-regime;subfreezing,table
adeniyi2020_10.11575_prism_38486_t3.3,ADENIYI(2020),co2,y_h2o,238.1,399.7,0.0,0.0,0.0,0.0,0.0,0.0,0.000362,,T,test-only,hydrate-regime;subfreezing,table
adeniyi2020_10.11575_prism_38486_t3.3,ADENIYI(2020),co2,y_h2o,238.2,299.84,0.0,0.0,0.0,0.0,0.0,0.0,0.000351,,T,test-only,hydrate-regime;subfreezing,table
adeniyi2020_10.11575_prism_38486_t3.3,ADENIYI(2020),co2,y_h2o,238.16,199.61,0.0,0.0,0.0,0.0,0.0,0.0,0.00034,,T,test-only,hydrate-regime;subfreezing,table
adeniyi2020_10.11575_prism_38486_t3.3,ADENIYI(2020),co2,y_h2o,238.07,98.91,0.0,0.0,0.0,0.0,0.0,0.0,0.000337,,T,test-only,hydrate-regime;subfreezing,table
adeniyi2020_10.11575_prism_38486_t3.3,ADENIYI(2020),co2,y_h2o,238.08,78.93,0.0,0.0,0.0,0.0,0.0,0.0,0.000341,,T,test-only,hydrate-regime;subfreezing,table
adeniyi2020_10.11575_prism_38486_t3.3,ADENIYI(2020),co2,y_h2o,244.58,500.91,0.0,0.0,0.0,0.0,0.0,0.0,0.000505,,T,test-only,hydrate-regime;subfreezing,table
adeniyi2020_10.11575_prism_38486_t3.3,ADENIYI(2020),co2,y_h2o,243.36,401.12,0.0,0.0,0.0,0.0,0.0,0.0,0.00045,,T,test-only,hydrate-regime;subfreezing,table
adeniyi2020_10.11575_prism_38486_t3.3,ADENIYI(2020),co2,y_h2o,243.08,299.5,0.0,0.0,0.0,0.0,0.0,0.0,0.000427,,T,test-only,hydrate-regime;subfreezing,table
adeniyi2020_10.11575_prism_38486_t3.3,ADENIYI(2020),co2,y_h2o,242.1,201.8,0.0,0.0,0.0,0.0,0.0,0.0,0.00044,,T,test-only,hydrate-regime;subfreezing,table
adeniyi2020_10.11575_prism_38486_t3.3,ADENIYI(2020),co2,y_h2o,241.8,99.23,0.0,0.0,0.0,0.0,0.0,0.0,0.000403,,T,test-only,hydrate-regime;subfreezing,table
adeniyi2020_10.11575_prism_38486_t3.3,ADENIYI(2020),co2,y_h2o,242.0,81.36,0.0,0.0,0.0,0.0,0.0,0.0,0.000404,,T,test-only,hydrate-regime;subfreezing,table
adeniyi2020_10.11575_prism_38486_t3.3,ADENIYI(2020),co2,y_h2o,248.08,500.31,0.0,0.0,0.0,0.0,0.0,0.0,0.00061,,T,test-only,hydrate-regime;subfreezing,table
adeniyi2020_10.11575_prism_38486_t3.3,ADENIYI(2020),co2,y_h2o,248.43,401.13,0.0,0.0,0.0,0.0,0.0,0.0,0.000576,,T,test-only,hydrate-regime;subfreezing,table
adeniyi2020_10.11575_prism_38486_t3.3,ADENIYI(2020),co2,y_h2o,248.24,300.66,0.0,0.0,0.0,0.0,0.0,0.0,0.000549,,T,test-only,hydrate-regime;subfreezing,table
adeniyi2020_10.11575_prism_38486_t3.3,ADENIYI(2020),co2,y_h2o,248.06,200.65,0.0,0.0,0.0,0.0,0.0,0.0,0.000531,,T,test-only,hydrate-regime;subfreezing,table
adeniyi2020_10.11575_prism_38486_t3.3,ADENIYI(2020),co2,y_h2o,247.97,98.84,0.0,0.0,0.0,0.0,0.0,0.0,0.00054,,T,test-only,hydrate-regime;subfreezing,table
adeniyi2020_10.11575_prism_38486_t3.3,ADENIYI(2020),co2,y_h2o,248.02,81.17,0.0,0.0,0.0,0.0,0.0,0.0,0.000515,,T,test-only,hydrate-regime;subfreezing,table
adeniyi2020_10.11575_prism_38486_t3.3,ADENIYI(2020),co2,y_h2o,253.32,500.97,0.0,0.0,0.0,0.0,0.0,0.0,0.000756,,T,test-only,hydrate-regime;subfreezing,table
adeniyi2020_10.11575_prism_38486_t3.3,ADENIYI(2020),co2,y_h2o,253.39,401.04,0.0,0.0,0.0,0.0,0.0,0.0,0.000713,,T,test-only,hydrate-regime;subfreezing,table
adeniyi2020_10.11575_prism_38486_t3.3,ADENIYI(2020),co2,y_h2o,253.17,300.57,0.0,0.0,0.0,0.0,0.0,0.0,0.00068,,T,test-only,hydrate-regime;subfreezing,table
adeniyi2020_10.11575_prism_38486_t3.3,ADENIYI(2020),co2,y_h2o,253.06,200.32,0.0,0.0,0.0,0.0,0.0,0.0,0.000655,,T,test-only,hydrate-regime;subfreezing,table
adeniyi2020_10.11575_prism_38486_t3.3,ADENIYI(2020),co2,y_h2o,253.07,99.18,0.0,0.0,0.0,0.0,0.0,0.0,0.000655,,T,test-only,hydrate-regime;subfreezing,table
adeniyi2020_10.11575_prism_38486_t3.3,ADENIYI(2020),co2,y_h2o,253.11,81.23,0.0,0.0,0.0,0.0,0.0,0.0,0.000624,,T,test-only,hydrate-regime;subfreezing,table
adeniyi2020_10.11575_prism_38486_t3.3,ADENIYI(2020),co2,y_h2o,258.29,500.23,0.0,0.0,0.0,0.0,0.0,0.0,0.000961,,T,test-only,hydrate-regime;subfreezing,table
adeniyi2020_10.11575_prism_38486_t3.3,ADENIYI(2020),co2,y_h2o,258.17,401.3,0.0,0.0,0.0,0.0,0.0,0.0,0.000874,,T,test-only,hydrate-regime;subfreezing,table
adeniyi2020_10.11575_prism_38486_t3.3,ADENIYI(2020),co2,y_h2o,258.17,300.64,0.0,0.0,0.0,0.0,0.0,0.0,0.000842,,T,test-only,hydrate-regime;subfreezing,table
adeniyi2020_10.11575_prism_38486_t3.3,ADENIYI(2020),co2,y_h2o,258.18,200.47,0.0,0.0,0.0,0.0,0.0,0.0,0.000798,,T,test-only,hydrate-regime;subfreezing,table
adeniyi2020_10.11575_prism_38486_t3.3,ADENIYI(2020),co2,y_h2o,258.13,99.16,0.0,0.0,0.0,0.0,0.0,0.0,0.00081,,T,test-only,hydrate-regime;subfreezing,table
adeniyi2020_10.11575_prism_38486_t3.3,ADENIYI(2020),co2,y_h2o,258.06,80.04,0.0,0.0,0.0,0.0,0.0,0.0,0.000774,,T,test-only,hydrate-regime;subfreezing,table
adeniyi2020_10.11575_prism_38486_t3.3,ADENIYI(2020),co2,y_h2o,263.2,500.11,0.0,0.0,0.0,0.0,0.0,0.0,0.001102,,T,test-only,hydrate-regime;subfreezing,table
adeniyi2020_10.11575_prism_38486_t3.3,ADENIYI(2020),co2,y_h2o,262.22,401.07,0.0,0.0,0.0,0.0,0.0,0.0,0.001042,,T,test-only,hydrate-regime;subfreezing,table
adeniyi2020_10.11575_prism_38486_t3.3,ADENIYI(2020),co2,y_h2o,263.18,300.72,0.0,0.0,0.0,0.0,0.0,0.0,0.001029,,T,test-only,hydrate-regime;subfreezing,table
adeniyi2020_10.11575_prism_38486_t3.3,ADENIYI(2020),co2,y_h2o,263.14,201.19,0.0,0.0,0.0,0.0,0.0,0.0,0.001027,,T,test-only,hydrate-regime;subfreezing,table
adeniyi2020_10.11575_prism_38486_t3.3,ADENIYI(2020),co2,y_h2o,263.17,99.12,0.0,0.0,0.0,0.0,0.0,0.0,0.001008,,T,test-only,hydrate-regime;subfreezing,table
adeniyi2020_10.11575_prism_38486_t3.3,ADENIYI(2020),co2,y_h2o,263.18,79.0,0.0,0.0,0.0,0.0,0.0,0.0,0.000991,,T,test-only,hydrate-regime;subfreezing,table
adeniyi2020_10.11575_prism_38486_t3.3,ADENIYI(2020),co2,y_h2o,268.19,499.68,0.0,0.0,0.0,0.0,0.0,0.0,0.001344,,T,test-only,hydrate-regime;subfreezing,table
adeniyi2020_10.11575_prism_38486_t3.3,ADENIYI(2020),co2,y_h2o,268.2,400.05,0.0,0.0,0.0,0.0,0.0,0.0,0.001312,,T,test-only,hydrate-regime;subfreezing,table
adeniyi2020_10.11575_prism_38486_t3.3,ADENIYI(2020),co2,y_h2o,268.19,299.4,0.0,0.0,0.0,0.0,0.0,0.0,0.001285,,T,test-only,hydrate-regime;subfreezing,table
adeniyi2020_10.11575_prism_38486_t3.3,ADENIYI(2020),co2,y_h2o,268.19,199.31,0.0,0.0,0.0,0.0,0.0,0.0,0.00126,,T,test-only,hydrate-regime;subfreezing,table
adeniyi2020_10.11575_prism_38486_t3.3,ADENIYI(2020),co2,y_h2o,268.18,99.12,0.0,0.0,0.0,0.0,0.0,0.0,0.001241,,T,test-only,hydrate-regime;subfreezing,table
adeniyi2020_10.11575_prism_38486_t3.3,ADENIYI(2020),co2,y_h2o,268.18,78.99,0.0,0.0,0.0,0.0,0.0,0.0,0.001245,,T,test-only,hydrate-regime;subfreezing,table
adeniyi2020_10.11575_prism_38486_t3.3,ADENIYI(2020),co2,y_h2o,273.2,500.29,0.0,0.0,0.0,0.0,0.0,0.0,0.001756,,T,test-only,hydrate-regime,table
adeniyi2020_10.11575_prism_38486_t3.3,ADENIYI(2020),co2,y_h2o,273.2,400.78,0.0,0.0,0.0,0.0,0.0,0.0,0.001689,,T,test-only,hydrate-regime,table
adeniyi2020_10.11575_prism_38486_t3.3,ADENIYI(2020),co2,y_h2o,273.19,300.2,0.0,0.0,0.0,0.0,0.0,0.0,0.001637,,T,test-only,hydrate-regime,table
adeniyi2020_10.11575_prism_38486_t3.3,ADENIYI(2020),co2,y_h2o,273.19,199.93,0.0,0.0,0.0,0.0,0.0,0.0,0.001572,,T,test-only,hydrate-regime,table
adeniyi2020_10.11575_prism_38486_t3.3,ADENIYI(2020),co2,y_h2o,273.18,99.88,0.0,0.0,0.0,0.0,0.0,0.0,0.001511,,T,test-only,hydrate-regime,table
adeniyi2020_10.11575_prism_38486_t3.3,ADENIYI(2020),co2,y_h2o,273.18,79.69,0.0,0.0,0.0,0.0,0.0,0.0,0.001492,,T,test-only,hydrate-regime,table
adeniyi2020_10.11575_prism_38486_t3.3,ADENIYI(2020),co2,y_h2o,278.21,500.28,0.0,0.0,0.0,0.0,0.0,0.0,0.002107,,T,test-only,hydrate-regime,table
adeniyi2020_10.11575_prism_38486_t3.3,ADENIYI(2020),co2,y_h2o,278.21,400.84,0.0,0.0,0.0,0.0,0.0,0.0,0.002064,,T,test-only,hydrate-regime,table
adeniyi2020_10.11575_prism_38486_t3.3,ADENIYI(2020),co2,y_h2o,278.21,300.2,0.0,0.0,0.0,0.0,0.0,0.0,0.002005,,T,test-only,hydrate-regime,table
adeniyi2020_10.11575_prism_38486_t3.3,ADENIYI(2020),co2,y_h2o,278.2,200.07,0.0,0.0,0.0,0.0,0.0,0.0,0.001904,,T,test-only,hydrate-regime,table
adeniyi2020_10.11575_prism_38486_t3.3,ADENIYI(2020),co2,y_h2o,278.19,99.84,0.0,0.0,0.0,0.0,0.0,0.0,0.001834,,T,test-only,hydrate-regime,table
adeniyi2020_10.11575_prism_38486_t3.3,ADENIYI(2020),co2,y_h2o,278.19,79.76,0.0,0.0,0.0,0.0,0.0,0.0,0.001789,,T,test-only,hydrate-regime,table
adeniyi2020_10.11575_prism_38486_t5.2,ADENIYI(2020),h2s,y_h2o,298.28,205.52,0.0,0.0,0.0,0.0,0.0,0.0,0.006563,,T,test-only,gas-out-of-scope;hydrate-regime,table
adeniyi2020_10.11575_prism_38486_t5.2,ADENIYI(2020),h2s,y_h2o,298.26,136.7,0.0,0.0,0.0,0.0,0.0,0.0,0.00633,,T,test-only,gas-out-of-scope;hydrate-regime,table
adeniyi2020_10.11575_prism_38486_t5.2,ADENIYI(2020),h2s,y_h2o,298.23,67.92,0.0,0.0,0.0,0.0,0.0,0.0,0.006478,,T,test-only,gas-out-of-scope;hydrate-regime,table
adeniyi2020_10.11575_prism_38486_t5.2,ADENIYI(2020),h2s,y_h2o,298.28,41.83,0.0,0.0,0.0,0.0,0.0,0.0,0.006409,,T,test-only,gas-out-of-scope;hydrate-regime,table
adeniyi2020_10.11575_prism_38486_t5.2,ADENIYI(2020),h2s,y_h2o,288.12,205.39,0.0,0.0,0.0,0.0,0.0,0.0,0.004876,,T,test-only,gas-out-of-scope;hydrate-regime,table
adeniyi2020_10.11575_prism_38486_t5.2,ADENIYI(2020),h2s,y_h2o,288.25,136.61,0.0,0.0,0.0,0.0,0.0,0.0,0.004884,,T,test-only,gas-out-of-scope;hydrate-regime,table
adeniyi2020_10.11575_prism_38486_t5.2,ADENIYI(2020),h2s,y_h2o,288.1,67.91,0.0,0.0,0.0,0.0,0.0,0.0,0.004886,,T,test-only,gas-out-of-scope;hydrate-regime,table
adeniyi2020_10.11575_prism_38486_t5.2,ADENIYI(2020),h2s,y_h2o,288.23,41.85,0.0,0.0,0.0,0.0,0.0,0.0,0.004861,,T,test-only,gas-out-of-scope;hydrate-regime,table
adeniyi2020_10.11575_prism_38486_t5.2,ADENIYI(2020),h2s,y_h2o,278.1,205.73,0.0,0.0,0.0,0.0,0.0,0.0,0.003453,,T,test-only,gas-out-of-scope;hydrate-regime,table
adeniyi2020_10.11575_prism_38486_t5.2,ADENIYI(2020),h2s,y_h2o,277.98,136.66,0.0,0.0,0.0,0.0,0.0,0.0,0.003365,,T,test-only,gas-out-of-scope;hydrate-regime,table
adeniyi2020_10.11575_prism_38486_t5.2,ADENIYI(2020),h2s,y_h2o,277.82,67.86,0.0,0.0,0.0,0.0,0.0,0.0,0.003462,,T,test-only,gas-out-of-scope;hydrate-regime,table
adeniyi2020_10.11575_prism_38486_t5.2,ADENIYI(2020),h2s,y_h2o,278.0,41.79,0.0,0.0,0.0,0.0,0.0,0.0,0.003416,,T,test-only,gas-out-of-scope;hydrate-regime,table
adeniyi2020_10.11575_prism_38486_t5.2,ADENIYI(2020),h2s,y_h2o,268.11,205.45,0.0,0.0,0.0,0.0,0.0,0.0,0.002283,,T,test-only,gas-out-of-scope;hydrate-regime;subfreezing,table
adeniyi2020_10.11575_prism_38486_t5.2,ADENIYI(2020),h2s,y_h2o,268.06,136.65,0.0,0.0,0.0,0.0,0.0,0.0,0.002301,,T,test-only,gas-out-of-scope;hydrate-regime;subfreezing,table
adeniyi2020_10.11575_prism_38486_t5.2,ADENIYI(2020),h2s,y_h2o,267.56,67.97,0.0,0.0,0.0,0.0,0.0,0.0,0.002229,,T,test-only,gas-out-of-scope;hydrate-regime;subfreezing,table
adeniyi2020_10.11575_prism_38486_t5.2,ADENIYI(2020),h2s,y_h2o,268.35,42.39,0.0,0.0,0.0,0.0,0.0,0.0,0.002191,,T,test-only,gas-out-of-scope;hydrate-regime;subfreezing,table
adeniyi2020_10.11575_prism_38486_t5.2,ADENIYI(2020),h2s,y_h2o,257.53,205.69,0.0,0.0,0.0,0.0,0.0,0.0,0.001564,,T,test-only,gas-out-of-scope;hydrate-regime;subfreezing,table
adeniyi2020_10.11575_prism_38486_t5.2,ADENIYI(2020),h2s,y_h2o,257.54,136.75,0.0,0.0,0.0,0.0,0.0,0.0,0.001491,,T,test-only,gas-out-of-scope;hydrate-regime;subfreezing,table
adeniyi2020_10.11575_prism_38486_t5.2,ADENIYI(2020),h2s,y_h2o,257.56,67.96,0.0,0.0,0.0,0.0,0.0,0.0,0.001504,,T,test-only,gas-out-of-scope;hydrate-regime;subfreezing,table
adeniyi2020_10.11575_prism_38486_t5.2,ADENIYI(2020),h2s,y_h2o,257.64,42.52,0.0,0.0,0.0,0.0,0.0,0.0,0.001491,,T,test-only,gas-out-of-scope;hydrate-regime;subfreezing,table
adeniyi2020_10.11575_prism_38486_t5.2,ADENIYI(2020),h2s,y_h2o,248.14,205.63,0.0,0.0,0.0,0.0,0.0,0.0,0.001084,,T,test-only,gas-out-of-scope;hydrate-regime;subfreezing,table
adeniyi2020_10.11575_prism_38486_t5.2,ADENIYI(2020),h2s,y_h2o,247.65,136.79,0.0,0.0,0.0,0.0,0.0,0.0,0.001004,,T,test-only,gas-out-of-scope;hydrate-regime;subfreezing,table
adeniyi2020_10.11575_prism_38486_t5.2,ADENIYI(2020),h2s,y_h2o,248.49,68.13,0.0,0.0,0.0,0.0,0.0,0.0,0.000939,,T,test-only,gas-out-of-scope;hydrate-regime;subfreezing,table
adeniyi2020_10.11575_prism_38486_t5.2,ADENIYI(2020),h2s,y_h2o,248.24,42.84,0.0,0.0,0.0,0.0,0.0,0.0,0.000973,,T,test-only,gas-out-of-scope;hydrate-regime;subfreezing,table
song1987_10.2118_15905-pa_t1,SONG(1987),co2,y_h2o,251.75,6.9,0.0,0.0,0.0,0.0,0.0,0.0,0.00018,,T,test-only,hydrate-regime;subfreezing,table
song1987_10.2118_15905-pa_t1,SONG(1987),co2,y_h2o,254.15,6.9,0.0,0.0,0.0,0.0,0.0,0.0,0.000219,,T,test-only,hydrate-regime;subfreezing,table
song1987_10.2118_15905-pa_t1,SONG(1987),co2,y_h2o,265.15,6.9,0.0,0.0,0.0,0.0,0.0,0.0,0.000557,,T,test-only,subfreezing,table
song1987_10.2118_15905-pa_t1,SONG(1987),co2,y_h2o,294.25,6.9,0.0,0.0,0.0,0.0,0.0,0.0,0.0043276,,T,test-only,,table
song1987_10.2118_15905-pa_t1,SONG(1987),co2,y_h2o,255.15,13.8,0.0,0.0,0.0,0.0,0.0,0.0,0.0001142,,T,test-only,hydrate-regime;subfreezing,table
song1987_10.2118_15905-pa_t1,SONG(1987),co2,y_h2o,257.95,13.8,0.0,0.0,0.0,0.0,0.0,0.0,0.0001471,,T,test-only,hydrate-regime;subfreezing,table
song1987_10.2118_15905-pa_t1,SONG(1987),co2,y_h2o,262.15,13.8,0.0,0.0,0.0,0.0,0.0,0.0,0.0002201,,T,test-only,hydrate-regime;subfreezing,table
song1987_10.2118_15905-pa_t1,SONG(1987),co2,y_h2o,271.15,13.8,0.0,0.0,0.0,0.0,0.0,0.0,0.0004885,,T,test-only,hydrate-regime;subfreezing,table
song1987_10.2118_15905-pa_t1,SONG(1987),co2,y_h2o,275.15,13.8,0.0,0.0,0.0,0.0,0.0,0.0,0.0006836,,T,test-only,,table
song1987_10.2118_15905-pa_t1,SONG(1987),co2,y_h2o,268.84,20.7,0.0,0.0,0.0,0.0,0.0,0.0,0.0002321,,T,test-only,hydrate-regime;subfreezing,table
song1987_10.2118_15905-pa_t1,SONG(1987),co2,y_h2o,260.65,20.7,0.0,0.0,0.0,0.0,0.0,0.0,0.0001194,,T,test-only,hydrate-regime;subfreezing,table
song1987_10.2118_15905-pa_t1,SONG(1987),co2,y_h2o,257.15,20.7,0.0,0.0,0.0,0.0,0.0,0.0,8.9e-05,,T,test-only,hydrate-regime;subfreezing,table
song1987_10.2118_15905-pa_t1,SONG(1987),co2,y_h2o,252.65,20.7,0.0,0.0,0.0,0.0,0.0,0.0,0.0002013,,T,test-only,hydrate-regime;subfreezing,table
song1987_10.2118_15905-pa_t1,SONG(1987),co2,y_h2o,245.15,20.7,0.0,0.0,0.0,0.0,0.0,0.0,0.0001361,,T,test-only,hydrate-regime;subfreezing,table
song1987_10.2118_15905-pa_t1,SONG(1987),co2,y_h2o,255.37,34.5,0.0,0.0,0.0,0.0,0.0,0.0,0.0002616,,T,test-only,hydrate-regime;subfreezing,table
song1987_10.2118_15905-pa_t1,SONG(1987),co2,y_h2o,260.15,34.5,0.0,0.0,0.0,0.0,0.0,0.0,0.0003222,,T,test-only,hydrate-regime;subfreezing,table
song1987_10.2118_15905-pa_t1,SONG(1987),co2,y_h2o,269.65,34.5,0.0,0.0,0.0,0.0,0.0,0.0,0.0004585,,T,test-only,hydrate-regime;subfreezing,table
song1987_10.2118_15905-pa_t1,SONG(1987),co2,y_h2o,274.15,34.5,0.0,0.0,0.0,0.0,0.0,0.0,0.000241,,T,test-only,hydrate-regime,table
song1987_10.2118_15905-pa_t1,SONG(1987),co2,y_h2o,278.65,34.5,0.0,0.0,0.0,0.0,0.0,0.0,0.0003794,,T,test-only,hydrate-regime,table
song1987_10.2118_15905-pa_t1,SONG(1987),co2,y_h2o,285.15,34.5,0.0,0.0,0.0,0.0,0.0,0.0,0.000603,,T,test-only,,table
song1987_10.2118_15905-pa_t1,SONG(1987),co2,y_h2o,293.15,34.5,0.0,0.0,0.0,0.0,0.0,0.0,0.001001,,T,test-only,,table
song1987_10.2118_15905-pa_t1,SONG(1987),co2,y_h2o,255.39,48.3,0.0,0.0,0.0,0.0,0.0,0.0,0.0003313,,T,test-only,hydrate-regime;subfreezing,table
song1987_10.2118_15905-pa_t1,SONG(1987),co2,y_h2o,263.15,48.3,0.0,0.0,0.0,0.0,0.0,0.0,0.0004705,,T,test-only,hydrate-regime;subfreezing,table
song1987_10.2118_15905-pa_t1,SONG(1987),co2,y_h2o,269.65,48.3,0.0,0.0,0.0,0.0,0.0,0.0,0.0005402,,T,test-only,hydrate-regime;subfreezing,table
song1987_10.2118_15905-pa_t1,SONG(1987),co2,y_h2o,276.15,48.3,0.0,0.0,0.0,0.0,0.0,0.0,0.0007182,,T,test-only,hydrate-regime,table
song1987_10.2118_15905-pa_t1,SONG(1987),co2,y_h2o,290.15,48.3,0.0,0.0,0.0,0.0,0.0,0.0,0.0008229,,T,test-only,,table
song1987_10.2118_15905-pa_t1,SONG(1987),co2,y_h2o,298.15,48.3,0.0,0.0,0.0,0.0,0.0,0.0,0.0012787,,T,test-only,,table
song1987_10.2118_15905-pa_t1,SONG(1987),co2,y_h2o,288.71,52.4,0.0,0.0,0.0,0.0,0.0,0.0,0.00064,,T,test-only,,table
song1987_10.2118_15905-pa_t1,SONG(1987),co2,y_h2o,288.71,52.4,0.0,0.0,0.0,0.0,0.0,0.0,0.00112,,T,lle-regime,,table
song1987_10.2118_15905-pa_t1,SONG(1987),co2,y_h2o,293.35,57.9,0.0,0.0,0.0,0.0,0.0,0.0,0.0008999,,T,test-only,,table
song1987_10.2118_15905-pa_t1,SONG(1987),co2,y_h2o,293.35,57.9,0.0,0.0,0.0,0.0,0.0,0.0,0.0015,,T,lle-regime,,table
song1987_10.2118_15905-pa_t1,SONG(1987),co2,y_h2o,257.15,62.1,0.0,0.0,0.0,0.0,0.0,0.0,0.000517,,T,test-only,hydrate-regime;subfreezing,table
song1987_10.2118_15905-pa_t1,SONG(1987),co2,y_h2o,263.71,62.1,0.0,0.0,0.0,0.0,0.0,0.0,0.0006647,,T,test-only,hydrate-regime;subfreezing,table
song1987_10.2118_15905-pa_t1,SONG(1987),co2,y_h2o,280.15,62.1,0.0,0.0,0.0,0.0,0.0,0.0,0.001096,,T,test-only,hydrate-regime,table
song1987_10.2118_15905-pa_t1,SONG(1987),co2,y_h2o,299.82,66.9,0.0,0.0,0.0,0.0,0.0,0.0,0.00127,,T,test-only,,table
song1987_10.2118_15905-pa_t1,SONG(1987),co2,y_h2o,299.82,66.9,0.0,0.0,0.0,0.0,0.0,0.0,0.0019541,,T,lle-regime,,table
song1987_10.2118_15905-pa_t1,SONG(1987),co2,y_h2o,302.65,71.7,0.0,0.0,0.0,0.0,0.0,0.0,0.0014981,,T,test-only,,table
song1987_10.2118_15905-pa_t1,SONG(1987),co2,y_h2o,302.65,71.7,0.0,0.0,0.0,0.0,0.0,0.0,0.002194,,T,lle-regime,,table
song1987_10.2118_15905-pa_t1,SONG(1987),co2,y_h2o,304.21,73.9,0.0,0.0,0.0,0.0,0.0,0.0,0.0021079,,T,test-only,,table
song1987_10.2118_15905-pa_t1,SONG(1987),co2,y_h2o,256.15,82.8,0.0,0.0,0.0,0.0,0.0,0.0,0.001089,,T,test-only,hydrate-regime;subfreezing,table
song1987_10.2118_15905-pa_t1,SONG(1987),co2,y_h2o,265.93,82.8,0.0,0.0,0.0,0.0,0.0,0.0,0.0015741,,T,test-only,hydrate-regime;subfreezing,table
song1987_10.2118_15905-pa_t1,SONG(1987),co2,y_h2o,270.15,82.8,0.0,0.0,0.0,0.0,0.0,0.0,0.0018695,,T,test-only,hydrate-regime;subfreezing,table
song1987_10.2118_15905-pa_t1,SONG(1987),co2,y_h2o,286.93,82.8,0.0,0.0,0.0,0.0,0.0,0.0,0.0027852,,T,lle-regime,,table
song1987_10.2118_15905-pa_t1,SONG(1987),co2,y_h2o,298.15,82.8,0.0,0.0,0.0,0.0,0.0,0.0,0.0030152,,T,lle-regime,,table
song1987_10.2118_15905-pa_t1,SONG(1987),co2,y_h2o,256.15,103.4,0.0,0.0,0.0,0.0,0.0,0.0,0.0012738,,T,test-only,hydrate-regime;subfreezing,table
song1987_10.2118_15905-pa_t1,SONG(1987),co2,y_h2o,264.15,103.4,0.0,0.0,0.0,0.0,0.0,0.0,0.0016509,,T,test-only,hydrate-regime;subfreezing,table
song1987_10.2118_15905-pa_t1,SONG(1987),co2,y_h2o,276.15,103.4,0.0,0.0,0.0,0.0,0.0,0.0,0.0024687,,T,test-only,hydrate-regime,table
song1987_10.2118_15905-pa_t1,SONG(1987),co2,y_h2o,298.15,103.4,0.0,0.0,0.0,0.0,0.0,0.0,0.0033739,,T,lle-regime,,table
song1987_10.2118_15905-pa_t1,SONG(1987),co2,y_h2o,255.35,137.9,0.0,0.0,0.0,0.0,0.0,0.0,0.0015091,,T,test-only,hydrate-regime;subfreezing,table
song1987_10.2118_15905-pa_t1,SONG(1987),co2,y_h2o,260.09,137.9,0.0,0.0,0.0,0.0,0.0,0.0,0.0018057,,T,test-only,hydrate-regime;subfreezing,table
song1987_10.2118_15905-pa_t1,SONG(1987),co2,y_h2o,267.71,137.9,0.0,0.0,0.0,0.0,0.0,0.0,0.0022043,,T,test-only,hydrate-regime;subfreezing,table
song1987_10.2118_15905-pa_t1,SONG(1987),co2,y_h2o,275.87,137.9,0.0,0.0,0.0,0.0,0.0,0.0,0.0027441,,T,test-only,hydrate-regime,table
song1987_10.2118_15905-pa_t1,SONG(1987),co2,y_h2o,286.32,137.9,0.0,0.0,0.0,0.0,0.0,0.0,0.0033627,,T,lle-regime,,table
adeniyi2020b_10.3390_en13236295_t2,ADENIYI(2020b),c3h8,y_h2o,242.95,10.81,0.0,0.0,0.0,0.0,0.0,0.0,1e-05,,T,test-only,hydrate-regime;subfreezing,table
adeniyi2020b_10.3390_en13236295_t2,ADENIYI(2020b),c3h8,y_h2o,241.95,24.84,0.0,0.0,0.0,0.0,0.0,0.0,1e-05,,T,test-only,hydrate-regime;subfreezing,table
adeniyi2020b_10.3390_en13236295_t2,ADENIYI(2020b),c3h8,y_h2o,242.86,99.8,0.0,0.0,0.0,0.0,0.0,0.0,1e-05,,T,test-only,hydrate-regime;subfreezing,table
adeniyi2020b_10.3390_en13236295_t2,ADENIYI(2020b),c3h8,y_h2o,243.05,200.62,0.0,0.0,0.0,0.0,0.0,0.0,7e-06,,T,test-only,hydrate-regime;subfreezing,table
adeniyi2020b_10.3390_en13236295_t2,ADENIYI(2020b),c3h8,y_h2o,242.88,300.25,0.0,0.0,0.0,0.0,0.0,0.0,8e-06,,T,test-only,hydrate-regime;subfreezing,table
adeniyi2020b_10.3390_en13236295_t2,ADENIYI(2020b),c3h8,y_h2o,243.04,399.84,0.0,0.0,0.0,0.0,0.0,0.0,9e-06,,T,test-only,hydrate-regime;subfreezing,table
adeniyi2020b_10.3390_en13236295_t2,ADENIYI(2020b),c3h8,y_h2o,253.43,17.31,0.0,0.0,0.0,0.0,0.0,0.0,3e-05,,T,test-only,hydrate-regime;subfreezing,table
adeniyi2020b_10.3390_en13236295_t2,ADENIYI(2020b),c3h8,y_h2o,253.96,23.19,0.0,0.0,0.0,0.0,0.0,0.0,3.4e-05,,T,test-only,hydrate-regime;subfreezing,table
adeniyi2020b_10.3390_en13236295_t2,ADENIYI(2020b),c3h8,y_h2o,253.02,100.86,0.0,0.0,0.0,0.0,0.0,0.0,2.6e-05,,T,test-only,hydrate-regime;subfreezing,table
adeniyi2020b_10.3390_en13236295_t2,ADENIYI(2020b),c3h8,y_h2o,253.03,201.04,0.0,0.0,0.0,0.0,0.0,0.0,3.2e-05,,T,test-only,hydrate-regime;subfreezing,table
adeniyi2020b_10.3390_en13236295_t2,ADENIYI(2020b),c3h8,y_h2o,253.03,301.48,0.0,0.0,0.0,0.0,0.0,0.0,3.3e-05,,T,test-only,hydrate-regime;subfreezing,table
adeniyi2020b_10.3390_en13236295_t2,ADENIYI(2020b),c3h8,y_h2o,253.03,401.32,0.0,0.0,0.0,0.0,0.0,0.0,3.6e-05,,T,test-only,hydrate-regime;subfreezing,table
adeniyi2020b_10.3390_en13236295_t2,ADENIYI(2020b),c3h8,y_h2o,263.08,24.96,0.0,0.0,0.0,0.0,0.0,0.0,5.3e-05,,T,test-only,hydrate-regime;subfreezing,table
adeniyi2020b_10.3390_en13236295_t2,ADENIYI(2020b),c3h8,y_h2o,263.07,101.06,0.0,0.0,0.0,0.0,0.0,0.0,4.5e-05,,T,test-only,hydrate-regime;subfreezing,table
adeniyi2020b_10.3390_en13236295_t2,ADENIYI(2020b),c3h8,y_h2o,263.07,201.42,0.0,0.0,0.0,0.0,0.0,0.0,4.9e-05,,T,test-only,hydrate-regime;subfreezing,table
adeniyi2020b_10.3390_en13236295_t2,ADENIYI(2020b),c3h8,y_h2o,263.07,301.19,0.0,0.0,0.0,0.0,0.0,0.0,5.2e-05,,T,test-only,hydrate-regime;subfreezing,table
adeniyi2020b_10.3390_en13236295_t2,ADENIYI(2020b),c3h8,y_h2o,263.08,400.64,0.0,0.0,0.0,0.0,0.0,0.0,5.3e-05,,T,test-only,hydrate-regime;subfreezing,table
adeniyi2020b_10.3390_en13236295_t2,ADENIYI(2020b),c3h8,y_h2o,273.1,25.45,0.0,0.0,0.0,0.0,0.0,0.0,8.8e-05,,T,test-only,hydrate-regime;subfreezing,table
adeniyi2020b_10.3390_en13236295_t2,ADENIYI(2020b),c3h8,y_h2o,273.12,100.88,0.0,0.0,0.0,0.0,0.0,0.0,8.4e-05,,T,test-only,hydrate-regime;subfreezing,table
adeniyi2020b_10.3390_en13236295_t2,ADENIYI(2020b),c3h8,y_h2o,273.12,201.32,0.0,0.0,0.0,0.0,0.0,0.0,8.4e-05,,T,test-only,hydrate-regime;subfreezing,table
adeniyi2020b_10.3390_en13236295_t2,ADENIYI(2020b),c3h8,y_h2o,273.12,301.07,0.0,0.0,0.0,0.0,0.0,0.0,8.3e-05,,T,test-only,hydrate-regime;subfreezing,table
adeniyi2020b_10.3390_en13236295_t2,ADENIYI(2020b),c3h8,y_h2o,273.12,400.77,0.0,0.0,0.0,0.0,0.0,0.0,8.2e-05,,T,test-only,hydrate-regime;subfreezing,table
adeniyi2020b_10.3390_en13236295_t2,ADENIYI(2020b),c3h8,y_h2o,276.1,25.53,0.0,0.0,0.0,0.0,0.0,0.0,0.00011,,T,test-only,hydrate-regime,table
adeniyi2020b_10.3390_en13236295_t2,ADENIYI(2020b),c3h8,y_h2o,276.12,100.05,0.0,0.0,0.0,0.0,0.0,0.0,0.000105,,T,test-only,hydrate-regime,table
adeniyi2020b_10.3390_en13236295_t2,ADENIYI(2020b),c3h8,y_h2o,276.11,200.04,0.0,0.0,0.0,0.0,0.0,0.0,0.0001,,T,test-only,hydrate-regime,table
adeniyi2020b_10.3390_en13236295_t2,ADENIYI(2020b),c3h8,y_h2o,276.11,300.37,0.0,0.0,0.0,0.0,0.0,0.0,9.8e-05,,T,test-only,hydrate-regime,table
adeniyi2020b_10.3390_en13236295_t2,ADENIYI(2020b),c3h8,y_h2o,276.11,400.1,0.0,0.0,0.0,0.0,0.0,0.0,9.4e-05,,T,test-only,hydrate-regime,table
yarrison2006b_Yarrison_2007_t11,YARRISON(2006b),ch4,y_h2o,310.9,34.5,0.0,0.0,0.0,0.0,0.0,0.0,0.00221,,T,test-only,source-caution,table
yarrison2006b_Yarrison_2007_t11,YARRISON(2006b),ch4,y_h2o,310.9,68.9,0.0,0.0,0.0,0.0,0.0,0.0,0.00125,,T,test-only,source-caution,table
yarrison2006b_Yarrison_2007_t11,YARRISON(2006b),ch4,y_h2o,310.9,206.8,0.0,0.0,0.0,0.0,0.0,0.0,0.000699,,T,test-only,source-caution,table
yarrison2006b_Yarrison_2007_t11,YARRISON(2006b),ch4,y_h2o,310.9,413.7,0.0,0.0,0.0,0.0,0.0,0.0,0.0005636,,T,test-only,source-caution,table
yarrison2006b_Yarrison_2007_t11,YARRISON(2006b),ch4,y_h2o,313.9,620.5,0.0,0.0,0.0,0.0,0.0,0.0,0.00049,,T,test-only,source-caution,table
yarrison2006b_Yarrison_2007_t11,YARRISON(2006b),ch4,y_h2o,366.5,34.5,0.0,0.0,0.0,0.0,0.0,0.0,0.0235,,T,test-only,source-caution,table
yarrison2006b_Yarrison_2007_t11,YARRISON(2006b),ch4,y_h2o,366.5,68.9,0.0,0.0,0.0,0.0,0.0,0.0,0.0133,,T,test-only,source-caution,table
yarrison2006b_Yarrison_2007_t11,YARRISON(2006b),ch4,y_h2o,366.5,206.8,0.0,0.0,0.0,0.0,0.0,0.0,0.00656,,T,test-only,source-caution,table
yarrison2006b_Yarrison_2007_t11,YARRISON(2006b),ch4,y_h2o,366.5,413.7,0.0,0.0,0.0,0.0,0.0,0.0,0.00397,,T,test-only,source-caution,table
yarrison2006b_Yarrison_2007_t11,YARRISON(2006b),ch4,y_h2o,366.5,620.5,0.0,0.0,0.0,0.0,0.0,0.0,0.00345,,T,test-only,source-caution,table
yarrison2006b_Yarrison_2007_t11,YARRISON(2006b),ch4,y_h2o,366.5,758.4,0.0,0.0,0.0,0.0,0.0,0.0,0.00314,,T,test-only,source-caution,table
yarrison2006b_Yarrison_2007_t11,YARRISON(2006b),ch4,y_h2o,366.5,896.3,0.0,0.0,0.0,0.0,0.0,0.0,0.00289,,T,test-only,source-caution,table
yarrison2006b_Yarrison_2007_t11,YARRISON(2006b),ch4,y_h2o,422.04,34.5,0.0,0.0,0.0,0.0,0.0,0.0,0.125,,T,test-only,source-caution,table
yarrison2006b_Yarrison_2007_t11,YARRISON(2006b),ch4,y_h2o,422.04,68.9,0.0,0.0,0.0,0.0,0.0,0.0,0.0747,,T,test-only,source-caution,table
yarrison2006b_Yarrison_2007_t11,YARRISON(2006b),ch4,y_h2o,422.04,206.8,0.0,0.0,0.0,0.0,0.0,0.0,0.0317,,T,test-only,source-caution,table
yarrison2006b_Yarrison_2007_t11,YARRISON(2006b),ch4,y_h2o,422.04,413.7,0.0,0.0,0.0,0.0,0.0,0.0,0.0205,,T,test-only,source-caution,table
yarrison2006b_Yarrison_2007_t11,YARRISON(2006b),ch4,y_h2o,422.04,620.5,0.0,0.0,0.0,0.0,0.0,0.0,0.0166,,T,test-only,source-caution,table
yarrison2006b_Yarrison_2007_t11,YARRISON(2006b),ch4,y_h2o,466.5,34.5,0.0,0.0,0.0,0.0,0.0,0.0,0.416,,T,test-only,source-caution,table
yarrison2006b_Yarrison_2007_t11,YARRISON(2006b),ch4,y_h2o,466.5,206.8,0.0,0.0,0.0,0.0,0.0,0.0,0.0835,,T,test-only,source-caution,table
yarrison2006b_Yarrison_2007_t11,YARRISON(2006b),ch4,y_h2o,466.5,413.7,0.0,0.0,0.0,0.0,0.0,0.0,0.0602,,T,test-only,source-caution,table
yarrison2006b_Yarrison_2007_t11,YARRISON(2006b),ch4,y_h2o,466.5,620.5,0.0,0.0,0.0,0.0,0.0,0.0,0.0455,,T,test-only,source-caution,table
yarrison2006b_Yarrison_2007_t11,YARRISON(2006b),ch4,y_h2o,466.5,758.4,0.0,0.0,0.0,0.0,0.0,0.0,0.0401,,T,test-only,source-caution,table
yarrison2006b_Yarrison_2007_t11,YARRISON(2006b),ch4,y_h2o,466.5,965.3,0.0,0.0,0.0,0.0,0.0,0.0,0.0353,,T,test-only,source-caution,table
yarrison2006b_Yarrison_2007_t11,YARRISON(2006b),ch4,y_h2o,466.5,1103.2,0.0,0.0,0.0,0.0,0.0,0.0,0.0334,,T,test-only,source-caution,table
yarrison2006b_Yarrison_2007_t11,YARRISON(2006b),ch4,y_h2o,477.5,34.5,0.0,0.0,0.0,0.0,0.0,0.0,0.547,,T,test-only,source-caution,table
yarrison2006b_Yarrison_2007_t11,YARRISON(2006b),ch4,y_h2o,477.5,206.8,0.0,0.0,0.0,0.0,0.0,0.0,0.114,,T,test-only,source-caution,table
yarrison2006b_Yarrison_2007_t11,YARRISON(2006b),ch4,y_h2o,477.5,413.7,0.0,0.0,0.0,0.0,0.0,0.0,0.0701,,T,test-only,source-caution,table
yarrison2006b_Yarrison_2007_t11,YARRISON(2006b),ch4,y_h2o,477.5,620.5,0.0,0.0,0.0,0.0,0.0,0.0,0.0573,,T,test-only,source-caution,table
yarrison2006b_Yarrison_2007_t11,YARRISON(2006b),ch4,y_h2o,477.5,758.4,0.0,0.0,0.0,0.0,0.0,0.0,0.0515,,T,test-only,source-caution,table
yarrison2006b_Yarrison_2007_t11,YARRISON(2006b),ch4,y_h2o,477.5,965.3,0.0,0.0,0.0,0.0,0.0,0.0,0.0492,,T,test-only,source-caution,table
yarrison2006b_Yarrison_2007_t12,YARRISON(2006b),c2h6,y_h2o,314.8,35.9,0.0,0.0,0.0,0.0,0.0,0.0,0.00219,,T,test-only,,table
yarrison2006b_Yarrison_2007_t12,YARRISON(2006b),c2h6,y_h2o,314.8,68.9,0.0,0.0,0.0,0.0,0.0,0.0,0.00128,,T,test-only,,table
yarrison2006b_Yarrison_2007_t12,YARRISON(2006b),c2h6,y_h2o,314.8,206.8,0.0,0.0,0.0,0.0,0.0,0.0,0.000837,,T,test-only,,table
yarrison2006b_Yarrison_2007_t12,YARRISON(2006b),c2h6,y_h2o,314.8,413.7,0.0,0.0,0.0,0.0,0.0,0.0,0.000733,,T,test-only,,table
yarrison2006b_Yarrison_2007_t12,YARRISON(2006b),c2h6,y_h2o,314.8,620.5,0.0,0.0,0.0,0.0,0.0,0.0,0.000582,,T,test-only,,table
yarrison2006b_Yarrison_2007_t12,YARRISON(2006b),c2h6,y_h2o,314.8,758.4,0.0,0.0,0.0,0.0,0.0,0.0,0.000493,,T,test-only,,table
yarrison2006b_Yarrison_2007_t12,YARRISON(2006b),c2h6,y_h2o,314.8,896.3,0.0,0.0,0.0,0.0,0.0,0.0,0.000449,,T,test-only,,table
yarrison2006b_Yarrison_2007_t12,YARRISON(2006b),c2h6,y_h2o,366.5,34.5,0.0,0.0,0.0,0.0,0.0,0.0,0.0225,,T,test-only,,table
yarrison2006b_Yarrison_2007_t12,YARRISON(2006b),c2h6,y_h2o,366.5,68.9,0.0,0.0,0.0,0.0,0.0,0.0,0.0124,,T,test-only,,table
yarrison2006b_Yarrison_2007_t12,YARRISON(2006b),c2h6,y_h2o,366.5,206.8,0.0,0.0,0.0,0.0,0.0,0.0,0.00643,,T,test-only,,table
yarrison2006b_Yarrison_2007_t12,YARRISON(2006b),c2h6,y_h2o,366.5,413.7,0.0,0.0,0.0,0.0,0.0,0.0,0.00406,,T,test-only,,table
yarrison2006b_Yarrison_2007_t12,YARRISON(2006b),c2h6,y_h2o,366.5,620.5,0.0,0.0,0.0,0.0,0.0,0.0,0.00329,,T,test-only,,table
yarrison2006b_Yarrison_2007_t12,YARRISON(2006b),c2h6,y_h2o,366.5,758.4,0.0,0.0,0.0,0.0,0.0,0.0,0.00302,,T,test-only,,table
yarrison2006b_Yarrison_2007_t12,YARRISON(2006b),c2h6,y_h2o,366.5,896.3,0.0,0.0,0.0,0.0,0.0,0.0,0.00287,,T,test-only,,table
yarrison2006b_Yarrison_2007_t12,YARRISON(2006b),c2h6,y_h2o,422,34.5,0.0,0.0,0.0,0.0,0.0,0.0,0.121,,T,test-only,,table
yarrison2006b_Yarrison_2007_t12,YARRISON(2006b),c2h6,y_h2o,422,68.9,0.0,0.0,0.0,0.0,0.0,0.0,0.0696,,T,test-only,,table
yarrison2006b_Yarrison_2007_t12,YARRISON(2006b),c2h6,y_h2o,422,206.8,0.0,0.0,0.0,0.0,0.0,0.0,0.0279,,T,test-only,,table
yarrison2006b_Yarrison_2007_t12,YARRISON(2006b),c2h6,y_h2o,422,413.7,0.0,0.0,0.0,0.0,0.0,0.0,0.01819,,T,test-only,,table
yarrison2006b_Yarrison_2007_t12,YARRISON(2006b),c2h6,y_h2o,422,620.5,0.0,0.0,0.0,0.0,0.0,0.0,0.01583,,T,test-only,,table
yarrison2006b_Yarrison_2007_t12,YARRISON(2006b),c2h6,y_h2o,422,758.4,0.0,0.0,0.0,0.0,0.0,0.0,0.01498,,T,test-only,,table
yarrison2006b_Yarrison_2007_t12,YARRISON(2006b),c2h6,y_h2o,422,896.3,0.0,0.0,0.0,0.0,0.0,0.0,0.01382,,T,test-only,,table
yarrison2006b_Yarrison_2007_t12,YARRISON(2006b),c2h6,y_h2o,466.5,34.5,0.0,0.0,0.0,0.0,0.0,0.0,0.415,,T,test-only,,table
yarrison2006b_Yarrison_2007_t12,YARRISON(2006b),c2h6,y_h2o,466.5,68.9,0.0,0.0,0.0,0.0,0.0,0.0,0.216,,T,test-only,,table
yarrison2006b_Yarrison_2007_t12,YARRISON(2006b),c2h6,y_h2o,466.5,206.8,0.0,0.0,0.0,0.0,0.0,0.0,0.0919,,T,test-only,,table
yarrison2006b_Yarrison_2007_t12,YARRISON(2006b),c2h6,y_h2o,466.5,413.7,0.0,0.0,0.0,0.0,0.0,0.0,0.0658,,T,test-only,,table
yarrison2006b_Yarrison_2007_t12,YARRISON(2006b),c2h6,y_h2o,466.5,620.5,0.0,0.0,0.0,0.0,0.0,0.0,0.051,,T,test-only,,table
yarrison2006b_Yarrison_2007_t12,YARRISON(2006b),c2h6,y_h2o,466.5,758.4,0.0,0.0,0.0,0.0,0.0,0.0,0.0455,,T,test-only,,table
yarrison2006b_Yarrison_2007_t12,YARRISON(2006b),c2h6,y_h2o,466.5,965.3,0.0,0.0,0.0,0.0,0.0,0.0,0.0401,,T,test-only,,table
yarrison2006b_Yarrison_2007_t12,YARRISON(2006b),c2h6,y_h2o,466.5,1103.2,0.0,0.0,0.0,0.0,0.0,0.0,0.0372,,T,test-only,,table
