family,row_id,audit_verdict,status,cause
dh_sol,0,correct,verified,
dh_sol,1,correct,verified,
dh_sol,2,correct,verified,
dh_sol,3,correct,verified,
dh_sol,4,correct,verified,
dh_sol,5,correct,verified,
dh_sol,6,correct,verified,
dh_sol,7,correct,verified,
dh_sol,8,correct,verified,
dh_sol,9,correct,verified,
dh_sol,10,correct,verified,
dh_sol,11,correct,verified,
dh_sol,12,correct,verified,
dh_sol,13,correct,verified,
dh_sol,14,correct,verified,
dh_sol,15,correct,verified,
dh_sol,16,correct,verified,
dh_sol,17,correct,verified,
dh_sol,18,correct,verified,
dh_sol,19,correct,verified,
dh_sol,20,correct,verified,
dh_sol,21,correct,verified,
dh_sol,22,correct,verified,
dh_sol,23,correct,verified,
dh_sol,24,correct,verified,
dh_sol,25,correct,verified,
dh_sol,26,correct,verified,
dh_sol,27,correct,verified,
dh_sol,28,correct,verified,
dh_sol,29,correct,verified,
dh_sol,30,correct,verified,
dh_sol,31,correct,verified,
dh_sol,32,correct,verified,
dh_sol,33,correct,verified,
dh_sol,34,correct,verified,
dh_sol,35,correct,verified,
dh_sol,36,correct,verified,
dh_sol,37,correct,verified,
dh_sol,38,correct,verified,
dh_sol,39,correct,verified,
dh_sol,40,correct,verified,
dh_sol,41,correct,verified,
dh_sol,42,correct,verified,
dh_sol,43,correct,verified,
dh_sol,44,correct,verified,
dh_sol,45,correct,verified,
dh_sol,46,correct,verified,
dh_sol,47,correct,verified,
dh_sol,48,correct,verified,
dh_sol,49,correct,verified,
dh_sol,50,correct,verified,
dh_sol,51,correct,verified,
dh_sol,52,correct,verified,
dh_sol,53,correct,verified,
dh_sol,54,correct,verified,
dh_sol,55,correct,verified,
dh_sol,56,correct,verified,
dh_sol,57,correct,verified,
dh_sol,58,correct,verified,
dh_sol,59,correct,verified,
dh_sol,60,correct,verified,
dh_sol,61,correct,verified,
dh_sol,62,correct,verified,
dh_sol,63,correct,verified,
dh_sol,64,correct,verified,
dh_sol,65,correct,verified,
dh_sol,66,correct,verified,
dh_sol,67,correct,verified,
dh_sol,68,correct,verified,
dh_sol,69,correct,verified,
dh_sol,70,correct,verified,
dh_sol,71,correct,verified,
dh_sol,72,correct,verified,
dh_sol,73,correct,verified,
dh_sol,74,correct,verified,
dh_sol,75,correct,verified,
dh_sol,76,correct,verified,
dh_sol,77,correct,verified,
dh_sol,78,correct,verified,
dh_sol,79,correct,verified,
dh_sol,80,correct,verified,
dh_sol,81,correct,verified,
dh_sol,82,correct,verified,
dh_sol,83,correct,verified,
dh_sol,84,correct,verified,
dh_sol,85,correct,verified,
dh_sol,86,correct,verified,
dh_sol,87,correct,verified,
dh_sol,88,correct,verified,
dh_sol,89,correct,verified,
dh_sol,90,correct,verified,
dh_sol,91,correct,verified,
dh_sol,92,correct,verified,
dh_sol,93,correct,verified,
dh_sol,94,correct,verified,
dh_sol,95,correct,verified,
dh_sol,96,correct,verified,
dh_sol,97,correct,verified,
dh_sol,98,correct,verified,
dh_sol,99,correct,verified,
dh_sol,100,correct,verified,
dh_sol,101,correct,verified,
dh_sol,102,correct,verified,
dh_sol,103,correct,verified,
dh_sol,104,correct,verified,
dh_sol,105,correct,verified,
dh_sol,106,correct,verified,
dh_sol,107,correct,verified,
dh_sol,108,correct,verified,
dh_sol,109,correct,verified,
dh_sol,110,correct,verified,
dh_sol,111,correct,verified,
dh_sol,112,correct,verified,
dh_sol,113,correct,verified,
dh_sol,114,correct,verified,
dh_sol,115,correct,verified,
dh_sol,116,correct,verified,
dh_sol,117,correct,verified,
dh_sol,118,correct,verified,
dh_sol,119,correct,verified,
dh_sol,120,correct,verified,
dh_sol,121,correct,verified,
dh_sol,122,correct,verified,
dh_sol,123,correct,verified,
dh_sol,124,correct,verified,
dh_sol,125,correct,verified,
dh_sol,126,correct,verified,
dh_sol,127,correct,verified,
dh_sol,128,correct,verified,
dh_sol,129,correct,verified,
dh_sol,130,correct,verified,
dh_sol,131,correct,verified,
dh_sol,132,correct,verified,
dh_sol,133,correct,verified,
dh_sol,134,correct,verified,
dh_sol,135,correct,verified,
dh_sol,136,correct,verified,
dh_sol,137,correct,verified,
dh_sol,138,correct,verified,
dh_sol,139,correct,verified,
dh_sol,140,correct,verified,
dh_sol,141,correct,verified,
dh_sol,142,correct,verified,
dh_sol,143,correct,verified,
dh_sol,144,correct,verified,
dh_sol,145,correct,verified,
dh_sol,146,correct,verified,
dh_sol,147,correct,verified,
dh_sol,148,correct,verified,
dh_sol,149,correct,verified,
dh_sol,150,correct,verified,
dh_sol,151,correct,verified,
dh_sol,152,correct,verified,
dh_sol,153,correct,verified,
dh_sol,154,correct,verified,
dh_sol,155,correct,verified,
dh_sol,156,correct,verified,
dh_sol,157,correct,verified,
dh_sol,158,correct,verified,
dh_sol,159,correct,verified,
dh_sol,160,correct,verified,
dh_sol,161,correct,verified,
dh_sol,162,correct,verified,
dh_sol,163,correct,verified,
dh_sol,164,correct,verified,
dh_sol,165,correct,verified,
dh_sol,166,correct,verified,
dh_sol,167,correct,verified,
dh_sol,168,correct,verified,
dh_sol,169,correct,verified,
dh_sol,170,correct,verified,
dh_sol,171,correct,verified,
dh_sol,172,correct,verified,
dh_sol,173,correct,verified,
dh_sol,174,correct,verified,
dh_sol,175,correct,verified,
dh_sol,176,correct,verified,
dh_sol,177,correct,verified,
dh_sol,178,correct,verified,
dh_sol,179,correct,verified,
dh_sol,180,correct,verified,
dh_sol,181,correct,verified,
dh_sol,182,correct,verified,
dh_sol,183,correct,verified,
dh_sol,184,correct,verified,
dh_sol,185,correct,verified,
dh_sol,186,correct,verified,
dh_sol,187,correct,verified,
dh_sol,188,correct,verified,
dh_sol,189,correct,verified,
dh_sol,190,correct,verified,
dh_sol,191,correct,verified,
dh_sol,192,correct,verified,
dh_sol,193,correct,verified,
dh_sol,194,correct,verified,
dh_sol,195,correct,verified,
dh_sol,196,correct,verified,
dh_sol,197,correct,verified,
dh_sol,198,correct,verified,
dh_sol,199,correct,verified,
dh_sol,200,correct,verified,
dh_sol,201,correct,verified,
dh_sol,202,correct,verified,
dh_sol,203,correct,verified,
dh_sol,204,correct,verified,
dh_sol,205,correct,verified,
dh_sol,206,correct,verified,
dh_sol,207,correct,verified,
dh_sol,208,correct,verified,
dh_sol,209,correct,verified,
dh_sol,210,correct,verified,
dh_sol,211,correct,verified,
dh_sol,212,correct,verified,
dh_sol,213,correct,verified,
dh_sol,214,correct,verified,
dh_sol,215,correct,verified,
dh_sol,216,correct,verified,
dh_sol,217,correct,verified,
dh_sol,218,correct,verified,
dh_sol,219,correct,verified,
dh_sol,220,correct,verified,
dh_sol,221,correct,verified,
dh_sol,222,correct,verified,
dh_sol,223,correct,verified,
dh_sol,224,correct,verified,
dh_sol,225,correct,verified,
dh_sol,226,correct,verified,
dh_sol,227,correct,verified,
dh_sol,228,correct,verified,
dh_sol,229,correct,verified,
dh_sol,230,correct,verified,
dh_sol,231,correct,verified,
dh_sol,232,correct,verified,
dh_sol,233,correct,verified,
dh_sol,234,correct,verified,
dh_sol,235,correct,verified,
dh_sol,236,correct,verified,
dh_sol,237,correct,verified,
eps_r,0,unverifiable,not-verifiable,
eps_r,1,unverifiable,not-verifiable,
eps_r,2,unverifiable,not-verifiable,
eps_r,3,unverifiable,not-verifiable,
eps_r,4,unverifiable,not-verifiable,
eps_r,5,unverifiable,not-verifiable,
eps_r,6,unverifiable,not-verifiable,
eps_r,7,unverifiable,not-verifiable,
eps_r,8,major,residual-difference,transcription
eps_r,9,unverifiable,not-verifiable,
eps_r,10,unverifiable,not-verifiable,
eps_r,11,unverifiable,not-verifiable,
eps_r,12,major,residual-difference,transcription
phi_osm,0,correct,verified,
phi_osm,1,correct,verified,
phi_osm,2,correct,verified,
phi_osm,3,correct,verified,
phi_osm,4,correct,verified,
phi_osm,5,correct,verified,
phi_osm,6,correct,verified,
phi_osm,7,correct,verified,
phi_osm,8,correct,verified,
phi_osm,9,correct,verified,
phi_osm,10,correct,verified,
phi_osm,11,correct,verified,
phi_osm,12,correct,verified,
phi_osm,13,correct,verified,
phi_osm,14,correct,verified,
phi_osm,15,correct,verified,
phi_osm,16,correct,verified,
phi_osm,17,correct,verified,
phi_osm,18,correct,verified,
phi_osm,19,correct,verified,
phi_osm,20,correct,verified,
phi_osm,21,correct,verified,
phi_osm,22,correct,verified,
phi_osm,23,correct,verified,
phi_osm,24,correct,verified,
phi_osm,25,correct,verified,
phi_osm,26,correct,verified,
phi_osm,27,correct,verified,
phi_osm,28,correct,verified,
phi_osm,29,correct,verified,
phi_osm,30,correct,verified,
phi_osm,31,correct,verified,
phi_osm,32,correct,verified,
phi_osm,33,correct,verified,
phi_osm,34,correct,verified,
phi_osm,35,correct,verified,
phi_osm,36,correct,verified,
phi_osm,37,correct,verified,
phi_osm,38,correct,verified,
phi_osm,39,correct,verified,
phi_osm,40,correct,verified,
phi_osm,41,correct,verified,
phi_osm,42,correct,verified,
phi_osm,43,correct,verified,
phi_osm,44,correct,verified,
phi_osm,45,correct,verified,
phi_osm,46,correct,verified,
phi_osm,47,correct,verified,
phi_osm,48,correct,verified,
phi_osm,49,correct,verified,
phi_osm,50,correct,verified,
phi_osm,51,correct,verified,
phi_osm,52,correct,verified,
phi_osm,53,correct,verified,
phi_osm,54,correct,verified,
phi_osm,55,correct,verified,
phi_osm,56,correct,verified,
phi_osm,57,correct,verified,
phi_osm,58,correct,verified,
phi_osm,59,correct,verified,
phi_osm,60,correct,verified,
phi_osm,61,correct,verified,
phi_osm,62,correct,verified,
phi_osm,63,correct,verified,
phi_osm,64,correct,verified,
phi_osm,65,correct,verified,
phi_osm,66,correct,verified,
phi_osm,67,correct,verified,
phi_osm,68,correct,verified,
phi_osm,69,correct,verified,
phi_osm,70,correct,verified,
phi_osm,71,correct,verified,
phi_osm,72,correct,verified,
phi_osm,73,correct,verified,
phi_osm,74,correct,verified,
phi_osm,75,correct,verified,
phi_osm,76,correct,verified,
phi_osm,77,correct,verified,
phi_osm,78,correct,verified,
phi_osm,79,correct,verified,
phi_osm,80,major,corrected,meaning
phi_osm,81,major,corrected,meaning
phi_osm,82,correct,verified,
phi_osm,83,major,corrected,meaning
phi_osm,84,major,corrected,meaning
phi_osm,85,correct,verified,
phi_osm,86,major,corrected,meaning
phi_osm,87,major,corrected,meaning
phi_osm,88,major,corrected,meaning
phi_osm,89,correct,verified,
phi_osm,90,major,corrected,meaning
phi_osm,91,major,corrected,meaning
phi_osm,92,major,corrected,meaning
phi_osm,93,major,corrected,meaning
phi_osm,94,major,corrected,meaning
phi_osm,95,major,corrected,meaning
phi_osm,96,correct,verified,
phi_osm,97,correct,verified,
phi_osm,98,major,corrected,meaning
phi_osm,99,major,corrected,meaning
phi_osm,100,major,corrected,meaning
phi_osm,101,correct,verified,
phi_osm,102,correct,verified,
phi_osm,103,correct,verified,
phi_osm,104,correct,verified,
phi_osm,105,correct,verified,
phi_osm,106,correct,verified,
phi_osm,107,correct,verified,
phi_osm,108,correct,verified,
phi_osm,109,correct,verified,
phi_osm,110,correct,verified,
phi_osm,111,correct,verified,
phi_osm,112,correct,verified,
phi_osm,113,correct,verified,
phi_osm,114,correct,verified,
phi_osm,115,correct,verified,
phi_osm,116,correct,verified,
phi_osm,117,correct,verified,
phi_osm,118,correct,verified,
phi_osm,119,correct,verified,
phi_osm,120,correct,verified,
phi_osm,121,correct,verified,
phi_osm,122,correct,verified,
phi_osm,123,correct,verified,
phi_osm,124,correct,verified,
phi_osm,125,correct,verified,
phi_osm,126,correct,verified,
phi_osm,127,correct,verified,
phi_osm,128,correct,verified,
phi_osm,129,correct,verified,
phi_osm,130,correct,verified,
phi_osm,131,correct,verified,
phi_osm,132,correct,verified,
phi_osm,133,correct,verified,
phi_osm,134,correct,verified,
phi_osm,135,correct,verified,
phi_osm,136,correct,verified,
phi_osm,137,correct,verified,
phi_osm,138,correct,verified,
phi_osm,139,correct,verified,
phi_osm,140,correct,verified,
phi_osm,141,correct,verified,
phi_osm,142,correct,verified,
phi_osm,143,correct,verified,
phi_osm,144,correct,verified,
phi_osm,145,correct,verified,
phi_osm,146,correct,verified,
phi_osm,147,correct,verified,
phi_osm,148,correct,verified,
phi_osm,149,correct,verified,
phi_osm,150,correct,verified,
phi_osm,151,correct,verified,
phi_osm,152,correct,verified,
phi_osm,153,correct,verified,
phi_osm,154,correct,verified,
phi_osm,155,correct,verified,
phi_osm,156,correct,verified,
phi_osm,157,correct,verified,
phi_osm,158,correct,verified,
phi_osm,159,correct,verified,
phi_osm,160,correct,verified,
phi_osm,161,correct,verified,
phi_osm,162,correct,verified,
phi_osm,163,correct,verified,
phi_osm,164,correct,verified,
phi_osm,165,correct,verified,
phi_osm,166,correct,verified,
phi_osm,167,correct,verified,
phi_osm,168,correct,verified,
phi_osm,169,correct,verified,
phi_osm,170,correct,verified,
phi_osm,171,correct,verified,
phi_osm,172,correct,verified,
phi_osm,173,correct,verified,
phi_osm,174,correct,verified,
phi_osm,175,correct,verified,
phi_osm,176,correct,verified,
phi_osm,177,correct,verified,
phi_osm,178,correct,verified,
phi_osm,179,correct,verified,
phi_osm,180,correct,verified,
phi_osm,181,correct,verified,
phi_osm,182,correct,verified,
phi_osm,183,correct,verified,
phi_osm,184,correct,verified,
phi_osm,185,correct,verified,
phi_osm,186,correct,verified,
phi_osm,187,correct,verified,
phi_osm,188,correct,verified,
phi_osm,189,correct,verified,
phi_osm,190,correct,verified,
phi_osm,191,correct,verified,
phi_osm,192,correct,verified,
phi_osm,193,correct,verified,
phi_osm,194,correct,verified,
phi_osm,195,correct,verified,
phi_osm,196,correct,verified,
phi_osm,197,correct,verified,
phi_osm,198,correct,verified,
phi_osm,199,correct,verified,
phi_osm,200,correct,verified,
phi_osm,201,correct,verified,
phi_osm,202,correct,verified,
phi_osm,203,correct,verified,
phi_osm,204,correct,verified,
phi_osm,205,correct,verified,
phi_osm,206,correct,verified,
phi_osm,207,correct,verified,
phi_osm,208,correct,verified,
phi_osm,209,correct,verified,
phi_osm,210,correct,verified,
phi_osm,211,correct,verified,
phi_osm,212,correct,verified,
phi_osm,213,correct,verified,
phi_osm,214,correct,verified,
phi_osm,215,correct,verified,
phi_osm,216,correct,verified,
phi_osm,217,correct,verified,
phi_osm,218,correct,verified,
phi_osm,219,correct,verified,
phi_osm,220,correct,verified,
phi_osm,221,correct,verified,
phi_osm,222,correct,verified,
phi_osm,223,correct,verified,
phi_osm,224,correct,verified,
phi_osm,225,correct,verified,
phi_osm,226,correct,verified,
phi_osm,227,correct,verified,
phi_osm,228,correct,verified,
phi_osm,229,correct,verified,
phi_osm,230,correct,verified,
phi_osm,231,correct,verified,
phi_osm,232,correct,verified,
phi_osm,233,correct,verified,
phi_osm,234,correct,verified,
phi_osm,235,correct,verified,
phi_osm,236,correct,verified,
phi_osm,237,correct,verified,
phi_osm,238,correct,verified,
phi_osm,239,correct,verified,
phi_osm,240,correct,verified,
phi_osm,241,correct,verified,
phi_osm,242,correct,verified,
phi_osm,243,correct,verified,
phi_osm,244,correct,verified,
phi_osm,245,correct,verified,
phi_osm,246,correct,verified,
phi_osm,247,correct,verified,
phi_osm,248,correct,verified,
phi_osm,249,correct,verified,
phi_osm,250,correct,verified,
phi_osm,251,correct,verified,
phi_osm,252,correct,verified,
phi_osm,253,correct,verified,
phi_osm,254,correct,verified,
phi_osm,255,correct,verified,
phi_osm,256,correct,verified,
phi_osm,257,correct,verified,
phi_osm,258,correct,verified,
phi_osm,259,correct,verified,
phi_osm,260,correct,verified,
phi_osm,261,correct,verified,
phi_osm,262,correct,verified,
phi_osm,263,correct,verified,
phi_osm,264,correct,verified,
phi_osm,265,correct,verified,
phi_osm,266,correct,verified,
phi_osm,267,correct,verified,
phi_osm,268,correct,verified,
phi_osm,269,correct,verified,
phi_osm,270,correct,verified,
phi_osm,271,correct,verified,
phi_osm,272,correct,verified,
phi_osm,273,correct,verified,
phi_osm,274,correct,verified,
phi_osm,275,correct,verified,
phi_osm,276,correct,verified,
phi_osm,277,correct,verified,
phi_osm,278,correct,verified,
phi_osm,279,correct,verified,
phi_osm,280,correct,verified,
phi_osm,281,correct,verified,
phi_osm,282,correct,verified,
phi_osm,283,correct,verified,
phi_osm,284,correct,verified,
phi_osm,285,correct,verified,
phi_osm,286,correct,verified,
phi_osm,287,correct,verified,
phi_osm,288,correct,verified,
phi_osm,289,correct,verified,
phi_osm,290,correct,verified,
phi_osm,291,correct,verified,
phi_osm,292,correct,verified,
phi_osm,293,correct,verified,
phi_osm,294,correct,verified,
phi_osm,295,correct,verified,
phi_osm,296,correct,verified,
phi_osm,297,correct,verified,
phi_osm,298,correct,verified,
phi_osm,299,correct,verified,
phi_osm,300,correct,verified,
phi_osm,301,correct,verified,
phi_osm,302,correct,verified,
phi_osm,303,correct,verified,
phi_osm,304,correct,verified,
phi_osm,305,correct,verified,
phi_osm,306,correct,verified,
phi_osm,307,correct,verified,
phi_osm,308,correct,verified,
phi_osm,309,correct,verified,
phi_osm,310,correct,verified,
phi_osm,311,correct,verified,
phi_osm,312,correct,verified,
phi_osm,313,correct,verified,
phi_osm,314,correct,verified,
phi_osm,315,correct,verified,
phi_osm,316,correct,verified,
phi_osm,317,correct,verified,
phi_osm,318,correct,verified,
phi_osm,319,correct,verified,
phi_osm,320,correct,verified,
phi_osm,321,correct,verified,
phi_osm,322,correct,verified,
phi_osm,323,correct,verified,
phi_osm,324,correct,verified,
phi_osm,325,correct,verified,
phi_osm,326,correct,verified,
phi_osm,327,correct,verified,
phi_osm,328,correct,verified,
phi_osm,329,correct,verified,
phi_osm,330,correct,verified,
phi_osm,331,correct,verified,
phi_osm,332,correct,verified,
phi_osm,333,correct,verified,
phi_osm,334,correct,verified,
phi_osm,335,correct,verified,
phi_osm,336,correct,verified,
phi_osm,337,correct,verified,
phi_osm,338,correct,verified,
phi_osm,339,correct,verified,
phi_osm,340,correct,verified,
phi_osm,341,correct,verified,
phi_osm,342,correct,verified,
phi_osm,343,correct,verified,
phi_osm,344,correct,verified,
phi_osm,345,correct,verified,
phi_osm,346,correct,verified,
phi_osm,347,correct,verified,
phi_osm,348,correct,verified,
phi_osm,349,correct,verified,
phi_osm,350,correct,verified,
phi_osm,351,correct,verified,
phi_osm,352,correct,verified,
phi_osm,353,correct,verified,
phi_osm,354,correct,verified,
phi_osm,355,correct,verified,
phi_osm,356,correct,verified,
phi_osm,357,correct,verified,
phi_osm,358,correct,verified,
phi_osm,359,correct,verified,
phi_osm,360,correct,verified,
phi_osm,361,correct,verified,
phi_osm,362,correct,verified,
phi_osm,363,correct,verified,
phi_osm,364,correct,verified,
phi_osm,365,correct,verified,
phi_osm,366,correct,verified,
phi_osm,367,correct,verified,
phi_osm,368,correct,verified,
phi_osm,369,correct,verified,
phi_osm,370,correct,verified,
phi_osm,371,correct,verified,
phi_osm,372,correct,verified,
phi_osm,373,correct,verified,
phi_osm,374,correct,verified,
phi_osm,375,correct,verified,
phi_osm,376,correct,verified,
phi_osm,377,correct,verified,
phi_osm,378,correct,verified,
phi_osm,379,correct,verified,
phi_osm,380,correct,verified,
phi_osm,381,correct,verified,
phi_osm,382,correct,verified,
phi_osm,383,correct,verified,
phi_osm,384,correct,verified,
phi_osm,385,correct,verified,
phi_osm,386,correct,verified,
phi_osm,387,correct,verified,
phi_osm,388,correct,verified,
phi_osm,389,correct,verified,
phi_osm,390,correct,verified,
phi_osm,391,correct,verified,
phi_osm,392,correct,verified,
phi_osm,393,correct,verified,
phi_osm,394,correct,verified,
phi_osm,395,correct,verified,
phi_osm,396,correct,verified,
phi_osm,397,correct,verified,
phi_osm,398,correct,verified,
phi_osm,399,correct,verified,
phi_osm,400,correct,verified,
phi_osm,401,correct,verified,
phi_osm,402,correct,verified,
phi_osm,403,correct,verified,
phi_osm,404,correct,verified,
phi_osm,405,correct,verified,
phi_osm,406,correct,verified,
phi_osm,407,correct,verified,
phi_osm,408,correct,verified,
phi_osm,409,correct,verified,
phi_osm,410,correct,verified,
phi_osm,411,correct,verified,
phi_osm,412,correct,verified,
phi_osm,413,correct,verified,
phi_osm,414,correct,verified,
phi_osm,415,correct,verified,
phi_osm,416,correct,verified,
phi_osm,417,correct,verified,
phi_osm,418,correct,verified,
phi_osm,419,correct,verified,
phi_osm,420,correct,verified,
phi_osm,421,correct,verified,
phi_osm,422,correct,verified,
phi_osm,423,correct,verified,
phi_osm,424,correct,verified,
phi_osm,425,correct,verified,
phi_osm,426,correct,verified,
phi_osm,427,correct,verified,
phi_osm,428,correct,verified,
phi_osm,429,correct,verified,
phi_osm,430,correct,verified,
phi_osm,431,correct,verified,
phi_osm,432,correct,verified,
phi_osm,433,correct,verified,
phi_osm,434,correct,verified,
phi_osm,435,correct,verified,
phi_osm,436,correct,verified,
phi_osm,437,correct,verified,
phi_osm,438,correct,verified,
phi_osm,439,correct,verified,
phi_osm,440,correct,verified,
phi_osm,441,correct,verified,
phi_osm,442,correct,verified,
phi_osm,443,correct,verified,
phi_osm,444,correct,verified,
phi_osm,445,correct,verified,
phi_osm,446,correct,verified,
phi_osm,447,correct,verified,
phi_osm,448,correct,verified,
phi_osm,449,correct,verified,
phi_osm,450,correct,verified,
phi_osm,451,correct,verified,
phi_osm,452,correct,verified,
phi_osm,453,correct,verified,
phi_osm,454,correct,verified,
phi_osm,455,correct,verified,
phi_osm,456,correct,verified,
phi_osm,457,correct,verified,
phi_osm,458,correct,verified,
phi_osm,459,correct,verified,
phi_osm,460,correct,verified,
phi_osm,461,correct,verified,
phi_osm,462,correct,verified,
phi_osm,463,correct,verified,
phi_osm,464,correct,verified,
phi_osm,465,correct,verified,
phi_osm,466,correct,verified,
phi_osm,467,correct,verified,
phi_osm,468,correct,verified,
phi_osm,469,correct,verified,
phi_osm,470,correct,verified,
phi_osm,471,correct,verified,
phi_osm,472,correct,verified,
phi_osm,473,correct,verified,
phi_osm,474,correct,verified,
phi_osm,475,correct,verified,
phi_osm,476,correct,verified,
phi_osm,477,correct,verified,
phi_osm,478,correct,verified,
phi_osm,479,correct,verified,
phi_osm,480,correct,verified,
phi_osm,481,correct,verified,
phi_osm,482,correct,verified,
phi_osm,483,correct,verified,
phi_osm,484,correct,verified,
phi_osm,485,correct,verified,
phi_osm,486,correct,verified,
phi_osm,487,correct,verified,
phi_osm,488,correct,verified,
phi_osm,489,correct,verified,
phi_osm,490,correct,verified,
phi_osm,491,correct,verified,
phi_osm,492,correct,verified,
phi_osm,493,correct,verified,
phi_osm,494,correct,verified,
phi_osm,495,correct,verified,
phi_osm,496,correct,verified,
phi_osm,497,correct,verified,
phi_osm,498,correct,verified,
phi_osm,499,correct,verified,
phi_osm,500,correct,verified,
phi_osm,501,correct,verified,
phi_osm,502,correct,verified,
phi_osm,503,correct,verified,
phi_osm,504,correct,verified,
phi_osm,505,correct,verified,
phi_osm,506,correct,verified,
phi_osm,507,correct,verified,
phi_osm,508,correct,verified,
phi_osm,509,correct,verified,
phi_osm,510,correct,verified,
phi_osm,511,correct,verified,
phi_osm,512,correct,verified,
phi_osm,513,correct,verified,
phi_osm,514,correct,verified,
phi_osm,515,correct,verified,
phi_osm,516,correct,verified,
phi_osm,517,correct,verified,
phi_osm,518,correct,verified,
phi_osm,519,correct,verified,
phi_osm,520,correct,verified,
phi_osm,521,correct,verified,
phi_osm,522,correct,verified,
phi_osm,523,correct,verified,
phi_osm,524,correct,verified,
phi_osm,525,correct,verified,
phi_osm,526,correct,verified,
phi_osm,527,correct,verified,
phi_osm,528,correct,verified,
phi_osm,529,correct,verified,
phi_osm,530,correct,verified,
phi_osm,531,correct,verified,
phi_osm,532,correct,verified,
phi_osm,533,correct,verified,
phi_osm,534,correct,verified,
phi_osm,535,correct,verified,
phi_osm,536,correct,verified,
phi_osm,537,correct,verified,
phi_osm,538,correct,verified,
phi_osm,539,correct,verified,
phi_osm,540,correct,verified,
phi_osm,541,correct,verified,
phi_osm,542,correct,verified,
phi_osm,543,correct,verified,
phi_osm,544,correct,verified,
phi_osm,545,correct,verified,
phi_osm,546,correct,verified,
phi_osm,547,correct,verified,
phi_osm,548,correct,verified,
phi_osm,549,correct,verified,
phi_osm,550,correct,verified,
phi_osm,551,correct,verified,
phi_osm,552,correct,verified,
phi_osm,553,correct,verified,
phi_osm,554,correct,verified,
phi_osm,555,correct,verified,
phi_osm,556,correct,verified,
phi_osm,557,correct,verified,
phi_osm,558,correct,verified,
phi_osm,559,correct,verified,
phi_osm,560,correct,verified,
phi_osm,561,correct,verified,
phi_osm,562,correct,verified,
phi_osm,563,correct,verified,
phi_osm,564,correct,verified,
phi_osm,565,correct,verified,
phi_osm,566,correct,verified,
phi_osm,567,correct,verified,
phi_osm,568,correct,verified,
phi_osm,569,correct,verified,
phi_osm,570,correct,verified,
phi_osm,571,correct,verified,
phi_osm,572,correct,verified,
phi_osm,573,correct,verified,
phi_osm,574,correct,verified,
phi_osm,575,correct,verified,
phi_osm,576,correct,verified,
phi_osm,577,correct,verified,
phi_osm,578,correct,verified,
phi_osm,579,correct,verified,
phi_osm,580,correct,verified,
phi_osm,581,correct,verified,
phi_osm,582,correct,verified,
phi_osm,583,correct,verified,
phi_osm,584,correct,verified,
phi_osm,585,correct,verified,
phi_osm,586,correct,verified,
phi_osm,587,correct,verified,
phi_osm,588,correct,verified,
phi_osm,589,correct,verified,
phi_osm,590,correct,verified,
phi_osm,591,correct,verified,
phi_osm,592,correct,verified,
phi_osm,593,correct,verified,
phi_osm,594,correct,verified,
phi_osm,595,correct,verified,
phi_osm,596,correct,verified,
phi_osm,597,correct,verified,
phi_osm,598,correct,verified,
phi_osm,599,correct,verified,
phi_osm,600,correct,verified,
phi_osm,601,correct,verified,
phi_osm,602,correct,verified,
phi_osm,603,correct,verified,
phi_osm,604,correct,verified,
phi_osm,605,correct,verified,
phi_osm,606,correct,verified,
phi_osm,607,correct,verified,
phi_osm,608,correct,verified,
phi_osm,609,correct,verified,
phi_osm,610,correct,verified,
phi_osm,611,correct,verified,
phi_osm,612,correct,verified,
phi_osm,613,correct,verified,
phi_osm,614,correct,verified,
phi_osm,615,correct,verified,
phi_osm,616,correct,verified,
phi_osm,617,correct,verified,
phi_osm,618,correct,verified,
phi_osm,619,correct,verified,
phi_osm,620,correct,verified,
phi_osm,621,correct,verified,
phi_osm,622,correct,verified,
phi_osm,623,correct,verified,
phi_osm,624,correct,verified,
phi_osm,625,correct,verified,
phi_osm,626,correct,verified,
phi_osm,627,correct,verified,
phi_osm,628,correct,verified,
phi_osm,629,correct,verified,
phi_osm,630,correct,verified,
phi_osm,631,correct,verified,
phi_osm,632,correct,verified,
phi_osm,633,correct,verified,
phi_osm,634,correct,verified,
phi_osm,635,correct,verified,
phi_osm,636,correct,verified,
phi_osm,637,correct,verified,
phi_osm,638,correct,verified,
phi_osm,639,correct,verified,
phi_osm,640,correct,verified,
phi_osm,641,correct,verified,
phi_osm,642,correct,verified,
phi_osm,643,correct,verified,
phi_osm,644,correct,verified,
phi_osm,645,correct,verified,
phi_osm,646,correct,verified,
phi_osm,647,correct,verified,
phi_osm,648,correct,verified,
phi_osm,649,correct,verified,
phi_osm,650,correct,verified,
phi_osm,651,correct,verified,
phi_osm,652,correct,verified,
phi_osm,653,correct,verified,
phi_osm,654,correct,verified,
phi_osm,655,correct,verified,
phi_osm,656,correct,verified,
phi_osm,657,correct,verified,
phi_osm,658,correct,verified,
phi_osm,659,correct,verified,
phi_osm,660,correct,verified,
phi_osm,661,correct,verified,
phi_osm,662,correct,verified,
phi_osm,663,correct,verified,
phi_osm,664,correct,verified,
phi_osm,665,correct,verified,
phi_osm,666,correct,verified,
phi_osm,667,correct,verified,
phi_osm,668,correct,verified,
phi_osm,669,correct,verified,
phi_osm,670,correct,verified,
phi_osm,671,correct,verified,
phi_osm,672,correct,verified,
phi_osm,673,correct,verified,
phi_osm,674,correct,verified,
phi_osm,675,correct,verified,
phi_osm,676,correct,verified,
phi_osm,677,correct,verified,
phi_osm,678,correct,verified,
phi_osm,679,correct,verified,
phi_osm,680,correct,verified,
phi_osm,681,correct,verified,
phi_osm,682,correct,verified,
phi_osm,683,correct,verified,
phi_osm,684,correct,verified,
phi_osm,685,correct,verified,
phi_osm,686,correct,verified,
phi_osm,687,correct,verified,
phi_osm,688,correct,verified,
phi_osm,689,correct,verified,
phi_osm,690,correct,verified,
phi_osm,691,correct,verified,
phi_osm,692,correct,verified,
phi_osm,693,correct,verified,
phi_osm,694,correct,verified,
phi_osm,695,correct,verified,
phi_osm,696,correct,verified,
phi_osm,697,correct,verified,
phi_osm,698,correct,verified,
phi_osm,699,correct,verified,
phi_osm,700,correct,verified,
phi_osm,701,correct,verified,
phi_osm,702,correct,verified,
phi_osm,703,correct,verified,
phi_osm,704,correct,verified,
phi_osm,705,correct,verified,
phi_osm,706,correct,verified,
phi_osm,707,correct,verified,
phi_osm,708,correct,verified,
phi_osm,709,correct,verified,
phi_osm,710,correct,verified,
phi_osm,711,correct,verified,
phi_osm,712,correct,verified,
phi_osm,713,correct,verified,
phi_osm,714,correct,verified,
phi_osm,715,correct,verified,
phi_osm,716,correct,verified,
psat_ratio,0,correct,corrected,
psat_ratio,1,correct,corrected,
psat_ratio,2,correct,corrected,
psat_ratio,3,correct,corrected,
psat_ratio,4,correct,corrected,
psat_ratio,5,correct,corrected,
psat_ratio,6,correct,corrected,
psat_ratio,7,correct,corrected,
psat_ratio,8,correct,corrected,
psat_ratio,9,correct,corrected,
psat_ratio,10,correct,corrected,
psat_ratio,11,correct,corrected,
psat_ratio,12,correct,corrected,
psat_ratio,13,correct,corrected,
psat_ratio,14,correct,corrected,
psat_ratio,15,correct,corrected,
psat_ratio,16,correct,corrected,
psat_ratio,17,correct,corrected,
psat_ratio,18,correct,corrected,
psat_ratio,19,correct,corrected,
psat_ratio,20,correct,corrected,
psat_ratio,21,correct,verified,
psat_ratio,22,correct,verified,
psat_ratio,23,correct,verified,
psat_ratio,24,correct,verified,
psat_ratio,25,correct,verified,
psat_ratio,26,correct,verified,
psat_ratio,27,correct,verified,
psat_ratio,28,correct,verified,
psat_ratio,29,correct,verified,
psat_ratio,30,correct,verified,
psat_ratio,31,correct,verified,
psat_ratio,32,correct,verified,
psat_ratio,33,correct,verified,
psat_ratio,34,correct,verified,
psat_ratio,35,correct,verified,
psat_ratio,36,correct,verified,
psat_ratio,37,correct,verified,
psat_ratio,38,correct,verified,
psat_ratio,39,correct,verified,
psat_ratio,40,correct,verified,
psat_ratio,41,correct,verified,
psat_ratio,42,correct,verified,
psat_ratio,43,correct,verified,
psat_ratio,44,correct,verified,
psat_ratio,45,correct,verified,
psat_ratio,46,correct,verified,
psat_ratio,47,correct,verified,
psat_ratio,48,correct,verified,
psat_ratio,49,correct,verified,
psat_ratio,50,correct,verified,
psat_ratio,51,correct,verified,
psat_ratio,52,correct,verified,
psat_ratio,53,correct,verified,
psat_ratio,54,correct,verified,
psat_ratio,55,correct,verified,
psat_ratio,56,correct,verified,
psat_ratio,57,correct,verified,
psat_ratio,58,correct,verified,
psat_ratio,59,correct,verified,
psat_ratio,60,correct,verified,
psat_ratio,61,correct,verified,
psat_ratio,62,correct,verified,
psat_ratio,63,correct,verified,
psat_ratio,64,correct,verified,
psat_ratio,65,correct,verified,
psat_ratio,66,correct,verified,
psat_ratio,67,correct,verified,
psat_ratio,68,correct,verified,
psat_ratio,69,correct,verified,
psat_ratio,70,correct,verified,
psat_ratio,71,correct,verified,
psat_ratio,72,correct,verified,
psat_ratio,73,correct,verified,
psat_ratio,74,correct,verified,
psat_ratio,75,correct,verified,
psat_ratio,76,correct,verified,
psat_ratio,77,correct,verified,
psat_ratio,78,correct,verified,
psat_ratio,79,correct,verified,
psat_ratio,80,correct,verified,
psat_ratio,81,correct,verified,
psat_ratio,82,correct,verified,
psat_ratio,83,correct,verified,
psat_ratio,84,correct,verified,
psat_ratio,85,correct,verified,
psat_ratio,86,correct,verified,
psat_ratio,87,correct,verified,
psat_ratio,88,correct,verified,
psat_ratio,89,correct,verified,
psat_ratio,90,correct,verified,
psat_ratio,91,correct,verified,
psat_ratio,92,correct,verified,
psat_ratio,93,correct,verified,
psat_ratio,94,correct,verified,
psat_ratio,95,correct,verified,
psat_ratio,96,correct,verified,
psat_ratio,97,correct,verified,
psat_ratio,98,correct,verified,
psat_ratio,99,correct,verified,
psat_ratio,100,correct,verified,
psat_ratio,101,correct,verified,
psat_ratio,102,correct,verified,
psat_ratio,103,correct,verified,
psat_ratio,104,correct,verified,
psat_ratio,105,correct,verified,
psat_ratio,106,correct,verified,
psat_ratio,107,correct,verified,
psat_ratio,108,correct,verified,
psat_ratio,109,correct,verified,
psat_ratio,110,correct,verified,
psat_ratio,111,correct,verified,
psat_ratio,112,correct,verified,
psat_ratio,113,correct,verified,
psat_ratio,114,correct,verified,
psat_ratio,115,correct,verified,
psat_ratio,116,correct,verified,
psat_ratio,117,correct,verified,
psat_ratio,118,correct,verified,
psat_ratio,119,correct,verified,
psat_ratio,120,correct,verified,
psat_ratio,121,correct,verified,
psat_ratio,122,correct,verified,
psat_ratio,123,correct,verified,
psat_ratio,124,correct,verified,
psat_ratio,125,correct,verified,
psat_ratio,126,correct,verified,
psat_ratio,127,correct,verified,
psat_ratio,128,correct,verified,
psat_ratio,129,correct,verified,
psat_ratio,130,correct,verified,
psat_ratio,131,correct,verified,
psat_ratio,132,correct,verified,
psat_ratio,133,correct,verified,
psat_ratio,134,correct,verified,
psat_ratio,135,correct,verified,
psat_ratio,136,correct,verified,
psat_ratio,137,correct,verified,
psat_ratio,138,correct,verified,
psat_ratio,139,correct,verified,
psat_ratio,140,correct,verified,
psat_ratio,141,correct,verified,
psat_ratio,142,correct,verified,
psat_ratio,143,correct,verified,
psat_ratio,144,correct,verified,
psat_ratio,145,correct,verified,
psat_ratio,146,correct,verified,
psat_ratio,147,correct,verified,
psat_ratio,148,correct,verified,
psat_ratio,149,correct,verified,
psat_ratio,150,correct,verified,
psat_ratio,151,correct,verified,
psat_ratio,152,correct,verified,
psat_ratio,153,correct,verified,
psat_ratio,154,correct,verified,
psat_ratio,155,correct,verified,
psat_ratio,156,correct,verified,
psat_ratio,157,correct,verified,
psat_ratio,158,correct,verified,
psat_ratio,159,correct,verified,
psat_ratio,160,correct,verified,
psat_ratio,161,correct,verified,
psat_ratio,162,correct,verified,
psat_ratio,163,correct,verified,
psat_ratio,164,correct,verified,
psat_ratio,165,correct,verified,
psat_ratio,166,correct,verified,
psat_ratio,167,correct,verified,
psat_ratio,168,correct,verified,
psat_ratio,169,correct,verified,
psat_ratio,170,correct,verified,
psat_ratio,171,correct,verified,
psat_ratio,172,correct,verified,
psat_ratio,173,correct,verified,
psat_ratio,174,correct,verified,
psat_ratio,175,correct,verified,
psat_ratio,176,correct,verified,
psat_ratio,177,correct,verified,
psat_ratio,178,correct,verified,
psat_ratio,179,correct,verified,
psat_ratio,180,correct,verified,
psat_ratio,181,correct,verified,
psat_ratio,182,correct,verified,
psat_ratio,183,correct,verified,
psat_ratio,184,correct,verified,
psat_ratio,185,correct,verified,
psat_ratio,186,correct,verified,
psat_ratio,187,correct,verified,
psat_ratio,188,correct,verified,
psat_ratio,189,correct,verified,
psat_ratio,190,correct,verified,
psat_ratio,191,correct,verified,
psat_ratio,192,correct,verified,
psat_ratio,193,correct,verified,
psat_ratio,194,correct,verified,
psat_ratio,195,correct,verified,
psat_ratio,196,correct,verified,
psat_ratio,197,correct,verified,
psat_ratio,198,correct,verified,
psat_ratio,199,correct,verified,
psat_ratio,200,correct,verified,
psat_ratio,201,correct,verified,
psat_ratio,202,correct,verified,
psat_ratio,203,correct,verified,
psat_ratio,204,correct,verified,
psat_ratio,205,correct,verified,
psat_ratio,206,correct,verified,
psat_ratio,207,correct,verified,
psat_ratio,208,correct,verified,
psat_ratio,209,correct,verified,
psat_ratio,210,correct,verified,
psat_ratio,211,correct,verified,
psat_ratio,212,correct,verified,
psat_ratio,213,correct,verified,
psat_ratio,214,correct,verified,
psat_ratio,215,correct,verified,
psat_ratio,216,correct,verified,
psat_ratio,217,correct,verified,
psat_ratio,218,correct,verified,
psat_ratio,219,correct,verified,
psat_ratio,220,correct,verified,
psat_ratio,221,correct,verified,
psat_ratio,222,correct,verified,
psat_ratio,223,correct,verified,
psat_ratio,224,correct,verified,
psat_ratio,225,correct,verified,
psat_ratio,226,correct,verified,
psat_ratio,227,correct,verified,
psat_ratio,228,correct,verified,
psat_ratio,229,correct,verified,
psat_ratio,230,correct,verified,
psat_ratio,231,correct,verified,
psat_ratio,232,correct,verified,
psat_ratio,233,correct,verified,
psat_ratio,234,correct,verified,
psat_ratio,235,correct,verified,
psat_ratio,236,correct,verified,
psat_ratio,237,correct,verified,
psat_ratio,238,correct,verified,
psat_ratio,239,correct,verified,
psat_ratio,240,correct,verified,
psat_ratio,241,correct,verified,
psat_ratio,242,correct,verified,
psat_ratio,243,correct,verified,
psat_ratio,244,correct,verified,
psat_ratio,245,correct,verified,
psat_ratio,246,correct,verified,
psat_ratio,247,correct,verified,
psat_ratio,248,correct,verified,
psat_ratio,249,correct,verified,
psat_ratio,250,correct,verified,
psat_ratio,251,correct,verified,
psat_ratio,252,correct,verified,
psat_ratio,253,correct,verified,
psat_ratio,254,correct,verified,
psat_ratio,255,correct,verified,
psat_ratio,256,correct,verified,
psat_ratio,257,correct,verified,
psat_ratio,258,correct,verified,
psat_ratio,259,correct,verified,
psat_ratio,260,correct,verified,
psat_ratio,261,correct,verified,
psat_ratio,262,correct,verified,
psat_ratio,263,correct,verified,
psat_ratio,264,correct,verified,
psat_ratio,265,correct,verified,
psat_ratio,266,correct,verified,
psat_ratio,267,correct,verified,
psat_ratio,268,correct,verified,
psat_ratio,269,correct,verified,
psat_ratio,270,correct,verified,
psat_ratio,271,correct,verified,
psat_ratio,272,correct,verified,
psat_ratio,273,correct,verified,
psat_ratio,274,correct,verified,
psat_ratio,275,correct,verified,
psat_ratio,276,correct,verified,
psat_ratio,277,correct,verified,
psat_ratio,278,correct,verified,
psat_ratio,279,correct,verified,
psat_ratio,280,correct,verified,
psat_ratio,281,correct,verified,
psat_ratio,282,correct,verified,
psat_ratio,283,correct,verified,
psat_ratio,284,correct,verified,
psat_ratio,285,correct,verified,
psat_ratio,286,correct,verified,
psat_ratio,287,correct,verified,
psat_ratio,288,correct,verified,
psat_ratio,289,correct,verified,
psat_ratio,290,correct,verified,
psat_ratio,291,correct,verified,
psat_ratio,292,correct,verified,
psat_ratio,293,correct,verified,
psat_ratio,294,correct,verified,
psat_ratio,295,correct,verified,
psat_ratio,296,correct,verified,
psat_ratio,297,correct,verified,
psat_ratio,298,correct,verified,
psat_ratio,299,correct,verified,
psat_ratio,300,correct,verified,
psat_ratio,301,correct,verified,
psat_ratio,302,correct,verified,
psat_ratio,303,correct,verified,
psat_ratio,304,correct,verified,
psat_ratio,305,correct,verified,
psat_ratio,306,correct,verified,
psat_ratio,307,correct,verified,
psat_ratio,308,correct,verified,
psat_ratio,309,correct,verified,
psat_ratio,310,correct,verified,
psat_ratio,311,correct,verified,
psat_ratio,312,correct,verified,
psat_ratio,313,correct,verified,
psat_ratio,314,correct,verified,
psat_ratio,315,correct,verified,
psat_ratio,316,correct,verified,
psat_ratio,317,correct,verified,
psat_ratio,318,correct,verified,
psat_ratio,319,correct,verified,
psat_ratio,320,correct,verified,
psat_ratio,321,correct,verified,
psat_ratio,322,correct,verified,
psat_ratio,323,correct,verified,
psat_ratio,324,correct,verified,
psat_ratio,325,correct,verified,
psat_ratio,326,correct,verified,
psat_ratio,327,correct,verified,
psat_ratio,328,correct,verified,
psat_ratio,329,correct,verified,
psat_ratio,330,correct,verified,
psat_ratio,331,correct,verified,
psat_ratio,332,correct,verified,
psat_ratio,333,correct,verified,
psat_ratio,334,correct,verified,
psat_ratio,335,correct,verified,
psat_ratio,336,correct,verified,
psat_ratio,337,correct,verified,
psat_ratio,338,correct,verified,
psat_ratio,339,correct,verified,
psat_ratio,340,correct,verified,
psat_ratio,341,correct,verified,
psat_ratio,342,correct,verified,
psat_ratio,343,correct,verified,
psat_ratio,344,correct,verified,
psat_ratio,345,correct,verified,
psat_ratio,346,correct,verified,
psat_ratio,347,correct,verified,
psat_ratio,348,correct,verified,
psat_ratio,349,correct,verified,
psat_ratio,350,correct,verified,
psat_ratio,351,correct,verified,
psat_ratio,352,correct,verified,
psat_ratio,353,correct,verified,
psat_ratio,354,correct,verified,
psat_ratio,355,correct,verified,
psat_ratio,356,correct,verified,
psat_ratio,357,correct,verified,
psat_ratio,358,correct,verified,
psat_ratio,359,correct,verified,
psat_ratio,360,correct,verified,
psat_ratio,361,correct,verified,
psat_ratio,362,correct,verified,
psat_ratio,363,correct,verified,
psat_ratio,364,correct,verified,
psat_ratio,365,correct,verified,
psat_ratio,366,correct,verified,
psat_ratio,367,correct,verified,
psat_ratio,368,correct,verified,
psat_ratio,369,correct,verified,
psat_ratio,370,correct,verified,
psat_ratio,371,correct,verified,
psat_ratio,372,correct,verified,
psat_ratio,373,correct,verified,
psat_ratio,374,correct,verified,
psat_ratio,375,correct,verified,
psat_ratio,376,correct,verified,
psat_ratio,377,correct,verified,
psat_ratio,378,correct,verified,
psat_ratio,379,correct,verified,
psat_ratio,380,correct,verified,
psat_ratio,381,correct,verified,
psat_ratio,382,correct,verified,
psat_ratio,383,correct,verified,
psat_ratio,384,correct,verified,
psat_ratio,385,correct,verified,
psat_ratio,386,correct,verified,
psat_ratio,387,correct,verified,
psat_ratio,388,correct,verified,
psat_ratio,389,correct,verified,
psat_ratio,390,correct,verified,
psat_ratio,391,correct,verified,
psat_ratio,392,correct,verified,
psat_ratio,393,correct,verified,
psat_ratio,394,correct,verified,
psat_ratio,395,correct,verified,
psat_ratio,396,correct,verified,
psat_ratio,397,correct,verified,
psat_ratio,398,correct,verified,
psat_ratio,399,correct,verified,
psat_ratio,400,correct,verified,
psat_ratio,401,correct,verified,
psat_ratio,402,correct,verified,
psat_ratio,403,correct,verified,
psat_ratio,404,correct,verified,
psat_ratio,405,correct,verified,
psat_ratio,406,correct,verified,
psat_ratio,407,correct,verified,
psat_ratio,408,correct,verified,
psat_ratio,409,correct,verified,
psat_ratio,410,correct,verified,
psat_ratio,411,correct,verified,
psat_ratio,412,correct,verified,
psat_ratio,413,correct,verified,
psat_ratio,414,correct,verified,
psat_ratio,415,correct,verified,
psat_ratio,416,correct,verified,
psat_ratio,417,correct,verified,
psat_ratio,418,correct,verified,
psat_ratio,419,correct,verified,
psat_ratio,420,correct,verified,
psat_ratio,421,correct,verified,
psat_ratio,422,correct,verified,
psat_ratio,423,correct,verified,
psat_ratio,424,correct,verified,
psat_ratio,425,correct,verified,
psat_ratio,426,correct,verified,
psat_ratio,427,correct,verified,
psat_ratio,428,correct,verified,
psat_ratio,429,correct,verified,
psat_ratio,430,correct,verified,
psat_ratio,431,correct,verified,
psat_ratio,432,correct,verified,
psat_ratio,433,correct,verified,
psat_ratio,434,correct,verified,
psat_ratio,435,correct,verified,
psat_ratio,436,correct,verified,
psat_ratio,437,correct,verified,
psat_ratio,438,correct,verified,
psat_ratio,439,correct,verified,
psat_ratio,440,correct,verified,
psat_ratio,441,correct,verified,
psat_ratio,442,correct,verified,
psat_ratio,443,correct,verified,
psat_ratio,444,correct,verified,
psat_ratio,445,correct,verified,
psat_ratio,446,correct,verified,
psat_ratio,447,correct,verified,
psat_ratio,448,correct,verified,
psat_ratio,449,correct,verified,
psat_ratio,450,correct,verified,
psat_ratio,451,correct,verified,
psat_ratio,452,correct,verified,
psat_ratio,453,correct,verified,
psat_ratio,454,correct,verified,
psat_ratio,455,correct,verified,
psat_ratio,456,correct,verified,
psat_ratio,457,correct,verified,
psat_ratio,458,correct,verified,
psat_ratio,459,correct,verified,
psat_ratio,460,correct,verified,
psat_ratio,461,correct,verified,
psat_ratio,462,correct,verified,
psat_ratio,463,correct,verified,
psat_ratio,464,correct,verified,
psat_ratio,465,correct,verified,
psat_ratio,466,correct,verified,
psat_ratio,467,correct,verified,
psat_ratio,468,correct,verified,
psat_ratio,469,correct,verified,
psat_ratio,470,correct,verified,
psat_ratio,471,correct,verified,
psat_ratio,472,correct,verified,
psat_ratio,473,correct,verified,
psat_ratio,474,correct,verified,
psat_ratio,475,correct,verified,
psat_ratio,476,correct,verified,
psat_ratio,477,correct,verified,
psat_ratio,478,correct,verified,
psat_ratio,479,correct,verified,
psat_ratio,480,correct,verified,
psat_ratio,481,correct,verified,
psat_ratio,482,correct,verified,
psat_ratio,483,correct,verified,
psat_ratio,484,correct,verified,
psat_ratio,485,correct,verified,
psat_ratio,486,correct,verified,
psat_ratio,487,correct,verified,
psat_ratio,488,correct,verified,
psat_ratio,489,correct,verified,
psat_ratio,490,correct,verified,
psat_ratio,491,correct,verified,
psat_ratio,492,correct,verified,
psat_ratio,493,correct,verified,
psat_ratio,494,correct,verified,
psat_ratio,495,correct,verified,
psat_ratio,496,correct,verified,
psat_ratio,497,correct,verified,
psat_ratio,498,correct,verified,
psat_ratio,499,correct,verified,
psat_ratio,500,correct,verified,
psat_ratio,501,correct,verified,
psat_ratio,502,correct,verified,
psat_ratio,503,correct,verified,
psat_ratio,504,correct,verified,
psat_ratio,505,correct,verified,
psat_ratio,506,correct,verified,
psat_ratio,507,correct,verified,
psat_ratio,508,correct,verified,
psat_ratio,509,correct,verified,
psat_ratio,510,correct,verified,
psat_ratio,511,correct,verified,
psat_ratio,512,correct,verified,
psat_ratio,513,correct,verified,
psat_ratio,514,correct,verified,
psat_ratio,515,correct,verified,
psat_ratio,516,correct,verified,
psat_ratio,517,correct,verified,
psat_ratio,518,correct,verified,
psat_ratio,519,correct,verified,
psat_ratio,520,correct,verified,
psat_ratio,521,correct,verified,
psat_ratio,522,correct,verified,
psat_ratio,523,correct,verified,
psat_ratio,524,correct,verified,
psat_ratio,525,correct,verified,
psat_ratio,526,correct,verified,
psat_ratio,527,correct,verified,
psat_ratio,528,correct,verified,
psat_ratio,529,correct,verified,
psat_ratio,530,correct,verified,
psat_ratio,531,correct,verified,
psat_ratio,532,correct,verified,
psat_ratio,533,correct,verified,
psat_ratio,534,correct,verified,
psat_ratio,535,correct,verified,
psat_ratio,536,correct,verified,
psat_ratio,537,correct,verified,
psat_ratio,538,correct,verified,
psat_ratio,539,correct,verified,
psat_ratio,540,correct,verified,
psat_ratio,541,correct,verified,
psat_ratio,542,correct,verified,
psat_ratio,543,correct,verified,
psat_ratio,544,correct,verified,
psat_ratio,545,correct,verified,
psat_ratio,546,correct,verified,
psat_ratio,547,correct,verified,
psat_ratio,548,correct,verified,
psat_ratio,549,correct,verified,
psat_ratio,550,correct,verified,
psat_ratio,551,correct,verified,
psat_ratio,552,correct,verified,
psat_ratio,553,correct,verified,
psat_ratio,554,correct,verified,
psat_ratio,555,correct,verified,
psat_ratio,556,correct,verified,
psat_ratio,557,correct,verified,
psat_ratio,558,correct,verified,
psat_ratio,559,correct,verified,
psat_ratio,560,correct,verified,
psat_ratio,561,correct,verified,
psat_ratio,562,correct,verified,
psat_ratio,563,correct,verified,
psat_ratio,564,correct,verified,
psat_ratio,565,correct,verified,
psat_ratio,566,correct,verified,
psat_ratio,567,correct,verified,
psat_ratio,568,correct,verified,
psat_ratio,569,correct,verified,
psat_ratio,570,correct,verified,
psat_ratio,571,correct,verified,
psat_ratio,572,correct,verified,
psat_ratio,573,correct,verified,
psat_ratio,574,correct,verified,
psat_ratio,575,correct,verified,
psat_ratio,576,correct,verified,
psat_ratio,577,correct,verified,
psat_ratio,578,correct,verified,
psat_ratio,579,correct,verified,
psat_ratio,580,correct,verified,
psat_ratio,581,correct,verified,
psat_ratio,582,correct,verified,
psat_ratio,583,correct,verified,
psat_ratio,584,correct,verified,
psat_ratio,585,correct,verified,
psat_ratio,586,correct,verified,
psat_ratio,587,correct,verified,
psat_ratio,588,correct,verified,
psat_ratio,589,major,corrected,conversion
psat_ratio,590,correct,verified,
psat_ratio,591,correct,verified,
psat_ratio,592,correct,verified,
psat_ratio,593,correct,verified,
psat_ratio,594,correct,verified,
psat_ratio,595,correct,verified,
psat_ratio,596,correct,verified,
psat_ratio,597,correct,verified,
psat_ratio,598,correct,verified,
psat_ratio,599,correct,verified,
psat_ratio,600,correct,verified,
psat_ratio,601,correct,verified,
psat_ratio,602,correct,verified,
psat_ratio,603,correct,verified,
psat_ratio,604,correct,verified,
psat_ratio,605,correct,verified,
psat_ratio,606,correct,verified,
psat_ratio,607,correct,verified,
psat_ratio,608,correct,verified,
psat_ratio,609,correct,verified,
psat_ratio,610,correct,verified,
psat_ratio,611,correct,verified,
psat_ratio,612,correct,verified,
psat_ratio,613,correct,verified,
psat_ratio,614,correct,verified,
psat_ratio,615,correct,verified,
psat_ratio,616,correct,verified,
psat_ratio,617,correct,verified,
psat_ratio,618,correct,verified,
psat_ratio,619,correct,verified,
psat_ratio,620,correct,verified,
psat_ratio,621,correct,verified,
psat_ratio,622,correct,verified,
psat_ratio,623,correct,verified,
psat_ratio,624,correct,verified,
psat_ratio,625,correct,verified,
psat_ratio,626,correct,verified,
psat_ratio,627,correct,verified,
psat_ratio,628,correct,verified,
psat_ratio,629,correct,verified,
psat_ratio,630,correct,verified,
psat_ratio,631,correct,verified,
psat_ratio,632,correct,verified,
psat_ratio,633,correct,verified,
psat_ratio,634,correct,verified,
psat_ratio,635,correct,verified,
psat_ratio,636,correct,verified,
psat_ratio,637,correct,verified,
psat_ratio,638,correct,verified,
psat_ratio,639,correct,verified,
psat_ratio,640,correct,verified,
psat_ratio,641,correct,verified,
psat_ratio,642,correct,verified,
psat_ratio,643,correct,verified,
psat_ratio,644,correct,verified,
psat_ratio,645,correct,verified,
psat_ratio,646,correct,verified,
psat_ratio,647,correct,verified,
psat_ratio,648,correct,verified,
psat_ratio,649,correct,verified,
psat_ratio,650,correct,verified,
psat_ratio,651,correct,verified,
psat_ratio,652,correct,verified,
psat_ratio,653,correct,verified,
psat_ratio,654,correct,verified,
psat_ratio,655,correct,verified,
psat_ratio,656,correct,verified,
psat_ratio,657,correct,verified,
psat_ratio,658,correct,verified,
psat_ratio,659,correct,verified,
psat_ratio,660,correct,verified,
psat_ratio,661,correct,verified,
psat_ratio,662,correct,verified,
psat_ratio,663,correct,verified,
psat_ratio,664,correct,verified,
psat_ratio,665,correct,verified,
psat_ratio,666,correct,verified,
psat_ratio,667,correct,verified,
psat_ratio,668,correct,verified,
psat_ratio,669,correct,verified,
psat_ratio,670,correct,verified,
psat_ratio,671,correct,verified,
psat_ratio,672,correct,verified,
psat_ratio,673,correct,verified,
psat_ratio,674,correct,verified,
psat_ratio,675,correct,verified,
psat_ratio,676,correct,verified,
psat_ratio,677,correct,verified,
psat_ratio,678,correct,verified,
psat_ratio,679,correct,verified,
psat_ratio,680,correct,verified,
psat_ratio,681,correct,verified,
psat_ratio,682,correct,verified,
psat_ratio,683,correct,verified,
psat_ratio,684,correct,verified,
psat_ratio,685,correct,verified,
psat_ratio,686,correct,verified,
psat_ratio,687,correct,verified,
psat_ratio,688,correct,verified,
psat_ratio,689,correct,verified,
psat_ratio,690,correct,verified,
psat_ratio,691,correct,verified,
psat_ratio,692,correct,verified,
psat_ratio,693,correct,verified,
psat_ratio,694,correct,verified,
psat_ratio,695,correct,verified,
psat_ratio,696,correct,verified,
psat_ratio,697,correct,verified,
psat_ratio,698,correct,verified,
psat_ratio,699,correct,verified,
psat_ratio,700,correct,verified,
psat_ratio,701,correct,verified,
psat_ratio,702,correct,verified,
psat_ratio,703,correct,verified,
psat_ratio,704,correct,verified,
psat_ratio,705,correct,verified,
psat_ratio,706,correct,verified,
psat_ratio,707,correct,verified,
psat_ratio,708,correct,verified,
psat_ratio,709,correct,verified,
psat_ratio,710,correct,verified,
psat_ratio,711,correct,verified,
psat_ratio,712,correct,verified,
psat_ratio,713,correct,verified,
psat_ratio,714,correct,verified,
psat_ratio,715,correct,verified,
psat_ratio,716,correct,verified,
psat_ratio,717,correct,verified,
psat_ratio,718,correct,verified,
psat_ratio,719,correct,verified,
psat_ratio,720,correct,verified,
psat_ratio,721,correct,verified,
psat_ratio,722,correct,verified,
psat_ratio,723,correct,verified,
psat_ratio,724,correct,verified,
psat_ratio,725,correct,verified,
psat_ratio,726,correct,verified,
psat_ratio,727,correct,verified,
psat_ratio,728,correct,verified,
psat_ratio,729,correct,verified,
psat_ratio,730,correct,verified,
psat_ratio,731,correct,verified,
psat_ratio,732,correct,verified,
psat_ratio,733,correct,verified,
psat_ratio,734,correct,verified,
psat_ratio,735,correct,verified,
psat_ratio,736,correct,verified,
psat_ratio,737,correct,verified,
psat_ratio,738,correct,verified,
psat_ratio,739,correct,verified,
psat_ratio,740,correct,verified,
psat_ratio,741,correct,verified,
psat_ratio,742,correct,verified,
psat_ratio,743,correct,verified,
psat_ratio,744,correct,verified,
psat_ratio,745,correct,verified,
psat_ratio,746,correct,verified,
psat_ratio,747,correct,verified,
psat_ratio,748,correct,verified,
psat_ratio,749,correct,verified,
psat_ratio,750,correct,verified,
psat_ratio,751,correct,verified,
psat_ratio,752,correct,verified,
psat_ratio,753,correct,verified,
psat_ratio,754,correct,verified,
psat_ratio,755,correct,verified,
psat_ratio,756,correct,verified,
psat_ratio,757,correct,verified,
psat_ratio,758,correct,verified,
psat_ratio,759,correct,verified,
psat_ratio,760,correct,verified,
psat_ratio,761,correct,verified,
psat_ratio,762,correct,verified,
psat_ratio,763,correct,verified,
psat_ratio,764,correct,verified,
psat_ratio,765,correct,verified,
psat_ratio,766,correct,verified,
psat_ratio,767,correct,verified,
psat_ratio,768,correct,verified,
psat_ratio,769,correct,verified,
psat_ratio,770,correct,verified,
psat_ratio,771,correct,verified,
psat_ratio,772,correct,verified,
psat_ratio,773,correct,verified,
psat_ratio,774,correct,verified,
psat_ratio,775,correct,verified,
psat_ratio,776,correct,verified,
psat_ratio,777,correct,verified,
psat_ratio,778,correct,verified,
psat_ratio,779,correct,verified,
psat_ratio,780,correct,verified,
psat_ratio,781,correct,verified,
psat_ratio,782,correct,verified,
psat_ratio,783,correct,verified,
psat_ratio,784,correct,verified,
psat_ratio,785,correct,verified,
psat_ratio,786,correct,verified,
psat_ratio,787,correct,verified,
psat_ratio,788,correct,verified,
psat_ratio,789,correct,verified,
psat_ratio,790,correct,verified,
psat_ratio,791,correct,verified,
psat_ratio,792,correct,verified,
psat_ratio,793,correct,verified,
psat_ratio,794,correct,verified,
psat_ratio,795,correct,verified,
psat_ratio,796,correct,verified,
psat_ratio,797,correct,verified,
psat_ratio,798,correct,verified,
psat_ratio,799,correct,verified,
psat_ratio,800,correct,verified,
psat_ratio,801,correct,verified,
psat_ratio,802,correct,verified,
psat_ratio,803,correct,verified,
psat_ratio,804,correct,verified,
psat_ratio,805,correct,verified,
psat_ratio,806,correct,verified,
psat_ratio,807,correct,verified,
psat_ratio,808,correct,verified,
psat_ratio,809,correct,verified,
psat_ratio,810,correct,verified,
psat_ratio,811,correct,verified,
psat_ratio,812,correct,verified,
psat_ratio,813,correct,verified,
psat_ratio,814,correct,verified,
psat_ratio,815,correct,verified,
psat_ratio,816,correct,verified,
psat_ratio,817,correct,verified,
psat_ratio,818,correct,verified,
psat_ratio,819,correct,verified,
psat_ratio,820,correct,verified,
psat_ratio,821,correct,verified,
psat_ratio,822,correct,verified,
psat_ratio,823,correct,verified,
psat_ratio,824,correct,verified,
psat_ratio,825,correct,verified,
psat_ratio,826,correct,verified,
psat_ratio,827,correct,verified,
psat_ratio,828,correct,verified,
psat_ratio,829,correct,verified,
psat_ratio,830,correct,verified,
psat_ratio,831,correct,verified,
psat_ratio,832,correct,verified,
psat_ratio,833,correct,verified,
psat_ratio,834,correct,verified,
psat_ratio,835,correct,verified,
psat_ratio,836,correct,verified,
psat_ratio,837,correct,verified,
psat_ratio,838,correct,verified,
psat_ratio,839,correct,verified,
psat_ratio,840,correct,verified,
psat_ratio,841,correct,verified,
psat_ratio,842,correct,verified,
psat_ratio,843,correct,verified,
psat_ratio,844,correct,verified,
psat_ratio,845,correct,verified,
psat_ratio,846,correct,verified,
psat_ratio,847,correct,verified,
psat_ratio,848,correct,verified,
psat_ratio,849,correct,verified,
psat_ratio,850,correct,verified,
psat_ratio,851,correct,verified,
psat_ratio,852,correct,verified,
psat_ratio,853,correct,verified,
psat_ratio,854,correct,verified,
psat_ratio,855,correct,verified,
psat_ratio,856,correct,verified,
psat_ratio,857,correct,verified,
psat_ratio,858,correct,verified,
psat_ratio,859,correct,verified,
psat_ratio,860,correct,verified,
psat_ratio,861,correct,verified,
psat_ratio,862,correct,verified,
psat_ratio,863,correct,verified,
psat_ratio,864,correct,verified,
psat_ratio,865,correct,verified,
psat_ratio,866,correct,verified,
psat_ratio,867,correct,verified,
psat_ratio,868,correct,verified,
psat_ratio,869,correct,verified,
psat_ratio,870,correct,verified,
psat_ratio,871,correct,verified,
psat_ratio,872,correct,verified,
psat_ratio,873,correct,verified,
psat_ratio,874,correct,verified,
psat_ratio,875,correct,verified,
psat_ratio,876,correct,verified,
psat_ratio,877,correct,verified,
psat_ratio,878,correct,verified,
psat_ratio,879,correct,verified,
psat_ratio,880,correct,verified,
psat_ratio,881,correct,verified,
psat_ratio,882,correct,verified,
psat_ratio,883,correct,verified,
psat_ratio,884,correct,verified,
psat_ratio,885,correct,verified,
psat_ratio,886,correct,verified,
psat_ratio,887,correct,verified,
psat_ratio,888,correct,verified,
psat_ratio,889,correct,verified,
psat_ratio,890,correct,verified,
psat_ratio,891,correct,verified,
psat_ratio,892,correct,verified,
psat_ratio,893,correct,verified,
psat_ratio,894,correct,verified,
psat_ratio,895,correct,verified,
psat_ratio,896,correct,verified,
psat_ratio,897,correct,verified,
psat_ratio,898,correct,verified,
psat_ratio,899,correct,verified,
psat_ratio,900,correct,verified,
psat_ratio,901,correct,verified,
psat_ratio,902,correct,verified,
psat_ratio,903,correct,verified,
psat_ratio,904,correct,verified,
psat_ratio,905,correct,verified,
psat_ratio,906,correct,verified,
psat_ratio,907,correct,verified,
psat_ratio,908,correct,verified,
psat_ratio,909,correct,verified,
psat_ratio,910,correct,verified,
psat_ratio,911,correct,verified,
psat_ratio,912,correct,verified,
psat_ratio,913,correct,verified,
psat_ratio,914,correct,verified,
psat_ratio,915,correct,verified,
psat_ratio,916,correct,verified,
psat_ratio,917,correct,verified,
psat_ratio,918,correct,verified,
psat_ratio,919,correct,verified,
psat_ratio,920,correct,verified,
psat_ratio,921,correct,verified,
psat_ratio,922,correct,verified,
psat_ratio,923,correct,verified,
psat_ratio,924,correct,verified,
psat_ratio,925,correct,verified,
psat_ratio,926,correct,verified,
psat_ratio,927,correct,verified,
psat_ratio,928,correct,verified,
psat_ratio,929,correct,verified,
psat_ratio,930,correct,verified,
psat_ratio,931,correct,verified,
psat_ratio,932,correct,verified,
psat_ratio,933,correct,verified,
psat_ratio,934,correct,verified,
psat_ratio,935,correct,verified,
psat_ratio,936,correct,verified,
psat_ratio,937,correct,verified,
psat_ratio,938,correct,verified,
psat_ratio,939,correct,verified,
psat_ratio,940,correct,verified,
psat_ratio,941,correct,verified,
psat_ratio,942,correct,verified,
psat_ratio,943,correct,verified,
psat_ratio,944,correct,verified,
psat_ratio,945,correct,verified,
psat_ratio,946,correct,verified,
psat_ratio,947,correct,verified,
psat_ratio,948,correct,verified,
psat_ratio,949,correct,verified,
psat_ratio,950,correct,verified,
psat_ratio,951,correct,verified,
psat_ratio,952,correct,verified,
psat_ratio,953,correct,verified,
psat_ratio,954,correct,verified,
psat_ratio,955,correct,verified,
psat_ratio,956,correct,verified,
psat_ratio,957,correct,verified,
psat_ratio,958,correct,verified,
psat_ratio,959,correct,verified,
psat_ratio,960,correct,verified,
psat_ratio,961,correct,verified,
psat_ratio,962,correct,verified,
psat_ratio,963,correct,verified,
psat_ratio,964,correct,verified,
psat_ratio,965,correct,verified,
psat_ratio,966,correct,verified,
psat_ratio,967,correct,verified,
psat_ratio,968,correct,verified,
psat_ratio,969,correct,verified,
psat_ratio,970,correct,verified,
psat_ratio,971,correct,verified,
psat_ratio,972,correct,verified,
psat_ratio,973,correct,verified,
psat_ratio,974,correct,verified,
psat_ratio,975,correct,verified,
psat_ratio,976,correct,verified,
psat_ratio,977,correct,verified,
psat_ratio,978,correct,verified,
psat_ratio,979,correct,verified,
psat_ratio,980,correct,verified,
psat_ratio,981,correct,verified,
psat_ratio,982,correct,verified,
psat_ratio,983,correct,verified,
psat_ratio,984,correct,verified,
psat_ratio,985,correct,verified,
psat_ratio,986,correct,verified,
psat_ratio,987,correct,verified,
psat_ratio,988,correct,verified,
psat_ratio,989,correct,verified,
psat_ratio,990,correct,verified,
psat_ratio,991,correct,verified,
psat_ratio,992,correct,verified,
psat_ratio,993,correct,verified,
psat_ratio,994,correct,verified,
psat_ratio,995,correct,verified,
psat_ratio,996,correct,verified,
psat_ratio,997,correct,verified,
psat_ratio,998,correct,verified,
psat_ratio,999,correct,verified,
psat_ratio,1000,correct,verified,
psat_ratio,1001,correct,verified,
psat_ratio,1002,correct,verified,
psat_ratio,1003,correct,verified,
psat_ratio,1004,correct,verified,
psat_ratio,1005,correct,verified,
psat_ratio,1006,correct,verified,
psat_ratio,1007,correct,verified,
psat_ratio,1008,correct,verified,
psat_ratio,1009,correct,verified,
psat_ratio,1010,correct,verified,
psat_ratio,1011,correct,verified,
psat_ratio,1012,correct,verified,
psat_ratio,1013,correct,verified,
psat_ratio,1014,correct,verified,
psat_ratio,1015,correct,verified,
psat_ratio,1016,correct,verified,
psat_ratio,1017,correct,verified,
psat_ratio,1018,correct,verified,
psat_ratio,1019,correct,verified,
psat_ratio,1020,correct,verified,
psat_ratio,1021,correct,verified,
psat_ratio,1022,correct,verified,
psat_ratio,1023,correct,verified,
psat_ratio,1024,correct,verified,
psat_ratio,1025,correct,verified,
psat_ratio,1026,correct,verified,
psat_ratio,1027,correct,verified,
psat_ratio,1028,correct,verified,
psat_ratio,1029,correct,verified,
psat_ratio,1030,correct,verified,
psat_ratio,1031,correct,verified,
psat_ratio,1032,correct,verified,
psat_ratio,1033,correct,verified,
psat_ratio,1034,correct,verified,
psat_ratio,1035,correct,verified,
psat_ratio,1036,correct,verified,
psat_ratio,1037,correct,verified,
psat_ratio,1038,correct,verified,
psat_ratio,1039,correct,verified,
psat_ratio,1040,correct,verified,
psat_ratio,1041,correct,verified,
psat_ratio,1042,correct,verified,
psat_ratio,1043,correct,verified,
psat_ratio,1044,correct,verified,
psat_ratio,1045,correct,verified,
psat_ratio,1046,correct,verified,
psat_ratio,1047,correct,verified,
psat_ratio,1048,correct,verified,
psat_ratio,1049,correct,verified,
psat_ratio,1050,correct,verified,
psat_ratio,1051,correct,verified,
psat_ratio,1052,correct,verified,
psat_ratio,1053,correct,verified,
psat_ratio,1054,correct,verified,
psat_ratio,1055,correct,verified,
psat_ratio,1056,correct,verified,
psat_ratio,1057,correct,verified,
psat_ratio,1058,correct,verified,
psat_ratio,1059,correct,verified,
psat_ratio,1060,correct,verified,
psat_ratio,1061,correct,verified,
psat_ratio,1062,correct,verified,
psat_ratio,1063,correct,verified,
psat_ratio,1064,correct,verified,
psat_ratio,1065,correct,verified,
psat_ratio,1066,correct,verified,
psat_ratio,1067,correct,verified,
psat_ratio,1068,correct,verified,
psat_ratio,1069,correct,verified,
psat_ratio,1070,correct,verified,
psat_ratio,1071,correct,verified,
psat_ratio,1072,correct,verified,
psat_ratio,1073,correct,verified,
psat_ratio,1074,correct,verified,
psat_ratio,1075,correct,verified,
psat_ratio,1076,correct,verified,
psat_ratio,1077,correct,verified,
psat_ratio,1078,correct,verified,
psat_ratio,1079,correct,verified,
psat_ratio,1080,correct,verified,
psat_ratio,1081,correct,verified,
psat_ratio,1082,correct,verified,
psat_ratio,1083,correct,verified,
psat_ratio,1084,correct,verified,
psat_ratio,1085,correct,verified,
psat_ratio,1086,correct,verified,
psat_ratio,1087,correct,verified,
psat_ratio,1088,correct,verified,
psat_ratio,1089,correct,verified,
psat_ratio,1090,correct,verified,
psat_ratio,1091,correct,verified,
psat_ratio,1092,correct,verified,
psat_ratio,1093,correct,verified,
psat_ratio,1094,correct,verified,
psat_ratio,1095,correct,verified,
psat_ratio,1096,correct,verified,
psat_ratio,1097,correct,verified,
psat_ratio,1098,correct,verified,
psat_ratio,1099,correct,verified,
psat_ratio,1100,correct,verified,
psat_ratio,1101,correct,verified,
psat_ratio,1102,correct,verified,
psat_ratio,1103,correct,verified,
psat_ratio,1104,correct,verified,
psat_ratio,1105,correct,verified,
psat_ratio,1106,correct,verified,
psat_ratio,1107,correct,verified,
psat_ratio,1108,correct,verified,
psat_ratio,1109,correct,verified,
psat_ratio,1110,correct,verified,
psat_ratio,1111,correct,verified,
psat_ratio,1112,correct,verified,
psat_ratio,1113,correct,verified,
psat_ratio,1114,correct,verified,
psat_ratio,1115,correct,verified,
psat_ratio,1116,correct,verified,
psat_ratio,1117,correct,verified,
psat_ratio,1118,correct,verified,
psat_ratio,1119,correct,verified,
psat_ratio,1120,correct,verified,
psat_ratio,1121,correct,verified,
psat_ratio,1122,correct,verified,
psat_ratio,1123,correct,verified,
psat_ratio,1124,correct,verified,
psat_ratio,1125,correct,verified,
psat_ratio,1126,correct,verified,
psat_ratio,1127,correct,verified,
psat_ratio,1128,correct,verified,
psat_ratio,1129,correct,verified,
psat_ratio,1130,correct,verified,
psat_ratio,1131,correct,verified,
psat_ratio,1132,correct,verified,
psat_ratio,1133,correct,verified,
psat_ratio,1134,correct,verified,
psat_ratio,1135,correct,verified,
psat_ratio,1136,correct,verified,
psat_ratio,1137,correct,verified,
psat_ratio,1138,correct,verified,
psat_ratio,1139,correct,verified,
psat_ratio,1140,correct,verified,
psat_ratio,1141,correct,verified,
psat_ratio,1142,correct,verified,
psat_ratio,1143,correct,verified,
psat_ratio,1144,correct,verified,
psat_ratio,1145,correct,verified,
psat_ratio,1146,correct,verified,
psat_ratio,1147,correct,verified,
psat_ratio,1148,correct,verified,
psat_ratio,1149,correct,verified,
psat_ratio,1150,correct,verified,
psat_ratio,1151,correct,verified,
psat_ratio,1152,correct,verified,
psat_ratio,1153,correct,verified,
psat_ratio,1154,correct,verified,
psat_ratio,1155,correct,verified,
psat_ratio,1156,correct,verified,
psat_ratio,1157,correct,verified,
psat_ratio,1158,correct,verified,
psat_ratio,1159,correct,verified,
psat_ratio,1160,correct,verified,
psat_ratio,1161,correct,verified,
psat_ratio,1162,correct,verified,
psat_ratio,1163,correct,verified,
psat_ratio,1164,correct,verified,
psat_ratio,1165,correct,verified,
psat_ratio,1166,correct,verified,
psat_ratio,1167,correct,verified,
psat_ratio,1168,correct,verified,
psat_ratio,1169,correct,verified,
psat_ratio,1170,correct,verified,
psat_ratio,1171,correct,verified,
psat_ratio,1172,correct,verified,
psat_ratio,1173,correct,verified,
psat_ratio,1174,correct,verified,
psat_ratio,1175,correct,verified,
psat_ratio,1176,correct,verified,
psat_ratio,1177,correct,verified,
psat_ratio,1178,correct,verified,
psat_ratio,1179,correct,verified,
psat_ratio,1180,correct,verified,
psat_ratio,1181,correct,verified,
psat_ratio,1182,correct,verified,
psat_ratio,1183,correct,verified,
psat_ratio,1184,correct,verified,
psat_ratio,1185,correct,verified,
psat_ratio,1186,correct,verified,
psat_ratio,1187,correct,verified,
psat_ratio,1188,correct,verified,
psat_ratio,1189,correct,verified,
psat_ratio,1190,correct,verified,
psat_ratio,1191,correct,verified,
psat_ratio,1192,correct,verified,
psat_ratio,1193,correct,verified,
psat_ratio,1194,correct,verified,
psat_ratio,1195,correct,verified,
psat_ratio,1196,correct,verified,
psat_ratio,1197,correct,verified,
psat_ratio,1198,correct,verified,
psat_ratio,1199,correct,verified,
psat_ratio,1200,correct,verified,
psat_ratio,1201,correct,verified,
psat_ratio,1202,correct,verified,
psat_ratio,1203,correct,verified,
psat_ratio,1204,correct,verified,
psat_ratio,1205,correct,verified,
psat_ratio,1206,correct,verified,
psat_ratio,1207,correct,verified,
psat_ratio,1208,correct,verified,
psat_ratio,1209,correct,verified,
psat_ratio,1210,correct,verified,
psat_ratio,1211,correct,verified,
psat_ratio,1212,correct,verified,
psat_ratio,1213,correct,verified,
psat_ratio,1214,correct,verified,
psat_ratio,1215,correct,verified,
psat_ratio,1216,correct,verified,
psat_ratio,1217,correct,verified,
psat_ratio,1218,correct,verified,
psat_ratio,1219,correct,verified,
psat_ratio,1220,correct,verified,
psat_ratio,1221,correct,verified,
psat_ratio,1222,correct,verified,
psat_ratio,1223,correct,verified,
psat_ratio,1224,correct,verified,
psat_ratio,1225,correct,verified,
psat_ratio,1226,correct,verified,
psat_ratio,1227,correct,verified,
psat_ratio,1228,correct,verified,
psat_ratio,1229,correct,verified,
psat_ratio,1230,correct,verified,
psat_ratio,1231,correct,verified,
psat_ratio,1232,correct,verified,
psat_ratio,1233,correct,verified,
psat_ratio,1234,correct,verified,
psat_ratio,1235,correct,verified,
psat_ratio,1236,correct,verified,
psat_ratio,1237,correct,verified,
psat_ratio,1238,correct,verified,
psat_ratio,1239,correct,verified,
psat_ratio,1240,correct,verified,
psat_ratio,1241,correct,verified,
psat_ratio,1242,correct,verified,
psat_ratio,1243,correct,verified,
psat_ratio,1244,correct,verified,
psat_ratio,1245,correct,verified,
psat_ratio,1246,correct,verified,
psat_ratio,1247,correct,verified,
psat_ratio,1248,correct,verified,
psat_ratio,1249,correct,verified,
psat_ratio,1250,correct,verified,
psat_ratio,1251,correct,verified,
psat_ratio,1252,correct,verified,
psat_ratio,1253,correct,verified,
psat_ratio,1254,correct,verified,
psat_ratio,1255,correct,verified,
psat_ratio,1256,correct,verified,
psat_ratio,1257,correct,verified,
psat_ratio,1258,correct,verified,
psat_ratio,1259,correct,verified,
psat_ratio,1260,correct,verified,
psat_ratio,1261,correct,verified,
psat_ratio,1262,correct,verified,
psat_ratio,1263,correct,verified,
psat_ratio,1264,correct,verified,
psat_ratio,1265,correct,verified,
psat_ratio,1266,correct,verified,
psat_ratio,1267,correct,verified,
psat_ratio,1268,correct,verified,
psat_ratio,1269,correct,verified,
psat_ratio,1270,correct,verified,
psat_ratio,1271,correct,verified,
psat_ratio,1272,correct,verified,
psat_ratio,1273,correct,verified,
psat_ratio,1274,correct,verified,
psat_ratio,1275,correct,verified,
psat_ratio,1276,correct,verified,
psat_ratio,1277,correct,verified,
psat_ratio,1278,correct,verified,
psat_ratio,1279,correct,verified,
psat_ratio,1280,correct,verified,
psat_ratio,1281,correct,verified,
psat_ratio,1282,correct,verified,
psat_ratio,1283,correct,verified,
psat_ratio,1284,correct,verified,
psat_ratio,1285,correct,verified,
psat_ratio,1286,correct,verified,
psat_ratio,1287,correct,verified,
psat_ratio,1288,correct,verified,
psat_ratio,1289,correct,verified,
psat_ratio,1290,correct,verified,
psat_ratio,1291,correct,verified,
psat_ratio,1292,correct,verified,
psat_ratio,1293,correct,verified,
psat_ratio,1294,correct,verified,
psat_ratio,1295,correct,verified,
psat_ratio,1296,correct,verified,
psat_ratio,1297,correct,verified,
psat_ratio,1298,correct,verified,
psat_ratio,1299,correct,verified,
psat_ratio,1300,correct,verified,
psat_ratio,1301,correct,verified,
psat_ratio,1302,correct,verified,
psat_ratio,1303,correct,verified,
psat_ratio,1304,correct,verified,
psat_ratio,1305,correct,verified,
psat_ratio,1306,correct,verified,
psat_ratio,1307,correct,verified,
psat_ratio,1308,correct,verified,
psat_ratio,1309,correct,verified,
psat_ratio,1310,correct,verified,
psat_ratio,1311,correct,verified,
psat_ratio,1312,correct,verified,
psat_ratio,1313,correct,verified,
psat_ratio,1314,correct,verified,
psat_ratio,1315,correct,verified,
psat_ratio,1316,correct,verified,
psat_ratio,1317,correct,verified,
psat_ratio,1318,correct,verified,
psat_ratio,1319,correct,verified,
psat_ratio,1320,correct,verified,
psat_ratio,1321,correct,verified,
psat_ratio,1322,correct,verified,
psat_ratio,1323,correct,verified,
psat_ratio,1324,correct,verified,
psat_ratio,1325,correct,verified,
psat_ratio,1326,correct,verified,
psat_ratio,1327,correct,verified,
psat_ratio,1328,correct,verified,
psat_ratio,1329,correct,verified,
psat_ratio,1330,correct,verified,
psat_ratio,1331,correct,verified,
psat_ratio,1332,correct,verified,
psat_ratio,1333,correct,verified,
psat_ratio,1334,correct,verified,
psat_ratio,1335,correct,verified,
psat_ratio,1336,correct,verified,
psat_ratio,1337,correct,verified,
psat_ratio,1338,correct,verified,
psat_ratio,1339,correct,verified,
psat_ratio,1340,correct,verified,
psat_ratio,1341,correct,verified,
psat_ratio,1342,correct,verified,
psat_ratio,1343,correct,verified,
psat_ratio,1344,correct,verified,
psat_ratio,1345,correct,verified,
psat_ratio,1346,correct,verified,
psat_ratio,1347,correct,verified,
psat_ratio,1348,correct,verified,
psat_ratio,1349,correct,verified,
psat_ratio,1350,correct,verified,
psat_ratio,1351,correct,verified,
psat_ratio,1352,correct,verified,
psat_ratio,1353,correct,verified,
psat_ratio,1354,correct,verified,
psat_ratio,1355,correct,verified,
psat_ratio,1356,correct,verified,
psat_ratio,1357,correct,verified,
psat_ratio,1358,correct,verified,
psat_ratio,1359,correct,verified,
psat_ratio,1360,correct,verified,
psat_ratio,1361,correct,verified,
psat_ratio,1362,correct,verified,
psat_ratio,1363,correct,verified,
psat_ratio,1364,correct,verified,
psat_ratio,1365,correct,verified,
psat_ratio,1366,correct,verified,
psat_ratio,1367,correct,verified,
psat_ratio,1368,correct,verified,
psat_ratio,1369,correct,verified,
psat_ratio,1370,correct,verified,
psat_ratio,1371,correct,verified,
psat_ratio,1372,correct,verified,
psat_ratio,1373,correct,verified,
psat_ratio,1374,correct,verified,
psat_ratio,1375,correct,verified,
psat_ratio,1376,correct,verified,
psat_ratio,1377,correct,verified,
psat_ratio,1378,correct,verified,
psat_ratio,1379,correct,verified,
psat_ratio,1380,correct,verified,
psat_ratio,1381,correct,verified,
psat_ratio,1382,correct,verified,
psat_ratio,1383,correct,verified,
psat_ratio,1384,correct,verified,
psat_ratio,1385,correct,verified,
psat_ratio,1386,correct,verified,
psat_ratio,1387,correct,verified,
psat_ratio,1388,correct,verified,
psat_ratio,1389,correct,verified,
psat_ratio,1390,correct,verified,
psat_ratio,1391,correct,verified,
psat_ratio,1392,correct,verified,
psat_ratio,1393,correct,verified,
psat_ratio,1394,correct,verified,
psat_ratio,1395,correct,verified,
psat_ratio,1396,correct,verified,
psat_ratio,1397,correct,verified,
psat_ratio,1398,correct,verified,
psat_ratio,1399,correct,verified,
psat_ratio,1400,correct,verified,
psat_ratio,1401,correct,verified,
rho,0,minor,corrected,state
rho,1,minor,corrected,state
rho,2,minor,corrected,state
rho,3,minor,corrected,state
rho,4,minor,corrected,state
rho,5,minor,corrected,state
rho,6,minor,corrected,state
rho,7,minor,corrected,state
rho,8,minor,corrected,state
rho,9,minor,corrected,state
rho,10,minor,corrected,state
rho,11,minor,corrected,state
rho,12,minor,corrected,state
rho,13,minor,corrected,state
rho,14,minor,corrected,state
rho,15,minor,corrected,state
rho,16,minor,corrected,state
rho,17,minor,corrected,state
rho,18,minor,corrected,state
rho,19,minor,corrected,state
rho,20,minor,corrected,state
rho,21,minor,corrected,state
rho,22,minor,corrected,state
rho,23,minor,corrected,state
rho,24,minor,corrected,state
rho,25,minor,corrected,state
rho,26,minor,corrected,state
rho,27,minor,corrected,state
rho,28,minor,corrected,state
rho,29,minor,corrected,state
rho,30,minor,corrected,state
rho,31,minor,corrected,state
rho,32,minor,corrected,state
rho,33,minor,corrected,state
rho,34,minor,corrected,state
rho,35,minor,corrected,state
rho,36,minor,corrected,state
rho,37,minor,corrected,state
rho,38,minor,corrected,state
rho,39,minor,corrected,state
rho,40,minor,corrected,state
rho,41,minor,corrected,state
rho,42,minor,corrected,state
rho,43,minor,corrected,state
rho,44,minor,corrected,state
rho,45,minor,corrected,state
rho,46,minor,corrected,state
rho,47,minor,corrected,state
rho,48,minor,corrected,state
rho,49,minor,corrected,state
rho,50,minor,corrected,state
rho,51,minor,corrected,state
rho,52,minor,corrected,state
rho,53,minor,corrected,state
rho,54,minor,corrected,state
rho,55,minor,corrected,state
rho,56,minor,corrected,state
rho,57,minor,corrected,state
rho,58,minor,corrected,state
rho,59,minor,corrected,state
rho,60,minor,corrected,state
rho,61,minor,corrected,state
rho,62,minor,corrected,state
rho,63,minor,corrected,state
rho,64,minor,corrected,state
rho,65,minor,corrected,state
rho,66,minor,corrected,state
rho,67,minor,corrected,state
rho,68,minor,corrected,state
rho,69,minor,corrected,state
rho,70,minor,corrected,state
rho,71,minor,corrected,state
rho,72,minor,corrected,state
rho,73,minor,corrected,state
rho,74,minor,corrected,state
rho,75,minor,corrected,state
rho,76,minor,corrected,state
rho,77,minor,corrected,state
rho,78,minor,corrected,state
rho,79,minor,corrected,state
rho,80,minor,corrected,state
rho,81,minor,corrected,state
rho,82,minor,corrected,state
rho,83,minor,corrected,state
rho,84,minor,corrected,state
rho,85,minor,corrected,state
rho,86,minor,corrected,state
rho,87,minor,corrected,state
rho,88,minor,corrected,state
rho,89,minor,corrected,state
rho,90,minor,corrected,state
rho,91,minor,corrected,state
rho,92,minor,corrected,state
rho,93,minor,corrected,state
rho,94,minor,corrected,state
rho,95,minor,corrected,state
rho,96,minor,corrected,state
rho,97,minor,corrected,state
rho,98,minor,corrected,state
rho,99,minor,corrected,state
rho,100,minor,corrected,state
rho,101,minor,corrected,state
rho,102,minor,corrected,state
rho,103,minor,corrected,state
rho,104,minor,corrected,state
rho,105,minor,corrected,state
rho,106,minor,corrected,state
rho,107,minor,corrected,state
rho,108,minor,corrected,state
rho,109,minor,corrected,state
rho,110,minor,corrected,state
rho,111,minor,corrected,state
rho,112,minor,corrected,state
rho,113,minor,corrected,state
rho,114,minor,corrected,state
rho,115,minor,corrected,state
rho,116,minor,corrected,state
rho,117,minor,corrected,state
rho,118,minor,corrected,state
rho,119,minor,corrected,state
rho,120,minor,corrected,state
rho,121,minor,corrected,state
rho,122,minor,corrected,state
rho,123,minor,corrected,state
rho,124,minor,corrected,state
rho,125,minor,corrected,state
rho,126,minor,corrected,state
rho,127,minor,corrected,state
rho,128,minor,corrected,state
rho,129,minor,corrected,state
rho,130,minor,corrected,state
rho,131,minor,corrected,state
rho,132,minor,corrected,state
rho,133,minor,corrected,state
rho,134,minor,corrected,state
rho,135,minor,corrected,state
rho,136,minor,corrected,state
rho,137,minor,corrected,state
rho,138,minor,corrected,state
rho,139,minor,corrected,state
rho,140,minor,corrected,state
rho,141,minor,corrected,state
rho,142,minor,corrected,state
rho,143,minor,corrected,state
rho,144,minor,corrected,state
rho,145,minor,corrected,state
rho,146,minor,corrected,state
rho,147,minor,corrected,state
rho,148,minor,corrected,state
rho,149,minor,corrected,state
rho,150,minor,corrected,state
rho,151,minor,corrected,state
rho,152,minor,corrected,state
rho,153,minor,corrected,state
rho,154,minor,corrected,state
rho,155,minor,corrected,state
rho,156,minor,corrected,state
rho,157,minor,corrected,state
rho,158,minor,corrected,state
rho,159,minor,corrected,state
rho,160,minor,corrected,state
rho,161,minor,corrected,state
rho,162,minor,corrected,state
rho,163,minor,corrected,state
rho,164,minor,corrected,state
rho,165,minor,corrected,state
rho,166,minor,corrected,state
rho,167,minor,corrected,state
rho,168,minor,corrected,state
rho,169,minor,corrected,state
rho,170,minor,corrected,state
rho,171,minor,corrected,state
rho,172,minor,corrected,state
rho,173,minor,corrected,state
rho,174,minor,corrected,state
rho,175,minor,corrected,state
rho,176,minor,corrected,state
rho,177,minor,corrected,state
rho,178,minor,corrected,state
rho,179,minor,corrected,state
rho,180,minor,corrected,state
rho,181,minor,corrected,state
rho,182,minor,corrected,state
rho,183,minor,corrected,state
rho,184,minor,corrected,state
rho,185,minor,corrected,state
rho,186,minor,corrected,state
rho,187,minor,corrected,state
rho,188,minor,corrected,state
rho,189,minor,corrected,state
rho,190,minor,corrected,state
rho,191,minor,corrected,state
rho,192,minor,corrected,state
rho,193,minor,corrected,state
rho,194,minor,corrected,state
rho,195,minor,corrected,state
rho,196,minor,corrected,state
rho,197,minor,corrected,state
rho,198,minor,corrected,state
rho,199,minor,corrected,state
rho,200,minor,corrected,state
rho,201,minor,corrected,state
rho,202,minor,corrected,state
rho,203,minor,corrected,state
rho,204,minor,corrected,state
rho,205,minor,corrected,state
rho,206,minor,corrected,state
rho,207,minor,corrected,state
rho,208,minor,corrected,state
rho,209,minor,corrected,state
rho,210,minor,corrected,state
rho,211,minor,corrected,state
rho,212,minor,corrected,state
rho,213,minor,corrected,state
rho,214,minor,corrected,state
rho,215,minor,corrected,state
rho,216,minor,corrected,state
rho,217,minor,corrected,state
rho,218,minor,corrected,state
rho,219,minor,corrected,state
rho,220,minor,corrected,state
rho,221,minor,corrected,state
rho,222,minor,corrected,state
rho,223,minor,corrected,state
rho,224,minor,corrected,state
rho,225,minor,corrected,state
rho,226,minor,corrected,state
rho,227,minor,corrected,state
rho,228,minor,corrected,state
rho,229,minor,corrected,state
rho,230,minor,corrected,state
rho,231,minor,corrected,state
rho,232,minor,corrected,state
rho,233,minor,corrected,state
rho,234,minor,corrected,state
rho,235,minor,corrected,state
rho,236,minor,corrected,state
rho,237,minor,corrected,state
rho,238,minor,corrected,state
rho,239,minor,corrected,state
rho,240,minor,corrected,state
rho,241,minor,corrected,state
rho,242,minor,corrected,state
rho,243,minor,corrected,state
rho,244,minor,corrected,state
rho,245,minor,corrected,state
rho,246,minor,corrected,state
rho,247,minor,corrected,state
rho,248,minor,corrected,state
rho,249,minor,corrected,state
rho,250,minor,corrected,state
rho,251,minor,corrected,state
rho,252,minor,corrected,state
rho,253,minor,corrected,state
rho,254,minor,corrected,state
rho,255,minor,corrected,state
rho,256,minor,corrected,state
rho,257,minor,corrected,state
rho,258,minor,corrected,state
rho,259,minor,corrected,state
rho,260,minor,corrected,state
rho,261,minor,corrected,state
rho,262,minor,corrected,state
rho,263,minor,corrected,state
rho,264,minor,corrected,state
rho,265,minor,corrected,state
rho,266,minor,corrected,state
rho,267,minor,corrected,state
rho,268,minor,corrected,state
rho,269,minor,corrected,state
rho,270,minor,corrected,state
rho,271,minor,corrected,state
rho,272,minor,corrected,state
rho,273,minor,corrected,state
rho,274,minor,corrected,state
rho,275,minor,corrected,state
rho,276,minor,corrected,state
rho,277,minor,corrected,state
rho,278,minor,corrected,state
rho,279,minor,corrected,state
rho,280,minor,corrected,state
rho,281,minor,corrected,state
rho,282,minor,corrected,state
rho,283,minor,corrected,state
rho,284,minor,corrected,state
rho,285,minor,corrected,state
rho,286,minor,corrected,state
rho,287,minor,corrected,state
rho,288,minor,corrected,state
rho,289,minor,corrected,state
rho,290,minor,corrected,state
rho,291,minor,corrected,state
rho,292,minor,corrected,state
rho,293,minor,corrected,state
rho,294,minor,corrected,state
rho,295,minor,corrected,state
rho,296,minor,corrected,state
rho,297,minor,corrected,state
rho,298,minor,corrected,state
rho,299,minor,corrected,state
rho,300,minor,corrected,state
rho,301,minor,corrected,state
rho,302,minor,corrected,state
rho,303,minor,corrected,state
rho,304,minor,corrected,state
rho,305,minor,corrected,state
rho,306,minor,corrected,state
rho,307,minor,corrected,state
rho,308,minor,corrected,state
rho,309,minor,corrected,state
rho,310,minor,corrected,state
rho,311,minor,corrected,state
rho,312,minor,corrected,state
rho,313,minor,corrected,state
rho,314,minor,corrected,state
rho,315,minor,corrected,state
rho,316,minor,corrected,state
rho,317,minor,corrected,state
rho,318,minor,corrected,state
rho,319,minor,corrected,state
rho,320,minor,corrected,state
rho,321,minor,corrected,state
rho,322,minor,corrected,state
rho,323,minor,corrected,state
rho,324,minor,corrected,state
rho,325,minor,corrected,state
rho,326,minor,corrected,state
rho,327,minor,corrected,state
rho,328,minor,corrected,state
rho,329,minor,corrected,state
rho,330,minor,corrected,state
rho,331,minor,corrected,state
rho,332,minor,corrected,state
rho,333,minor,corrected,state
rho,334,minor,corrected,state
rho,335,minor,corrected,state
rho,336,minor,corrected,state
rho,337,minor,corrected,state
rho,338,minor,corrected,state
rho,339,minor,corrected,state
rho,340,minor,corrected,state
rho,341,minor,corrected,state
rho,342,minor,corrected,state
rho,343,minor,corrected,state
rho,344,minor,corrected,state
rho,345,minor,corrected,state
rho,346,minor,corrected,state
rho,347,minor,corrected,state
rho,348,minor,corrected,state
rho,349,minor,corrected,state
rho,350,minor,corrected,state
rho,351,minor,corrected,state
rho,352,minor,corrected,state
rho,353,minor,corrected,state
rho,354,minor,corrected,state
rho,355,minor,corrected,state
rho,356,minor,corrected,state
rho,357,minor,corrected,state
rho,358,minor,corrected,state
rho,359,minor,corrected,state
rho,360,minor,corrected,state
rho,361,minor,corrected,state
rho,362,minor,corrected,state
rho,363,minor,corrected,state
rho,364,minor,corrected,state
rho,365,minor,corrected,state
rho,366,minor,corrected,state
rho,367,minor,corrected,state
rho,368,minor,corrected,state
rho,369,minor,corrected,state
rho,370,minor,corrected,state
rho,371,minor,corrected,state
rho,372,minor,corrected,state
rho,373,minor,corrected,state
rho,374,minor,corrected,state
rho,375,minor,corrected,state
rho,376,minor,corrected,state
rho,377,minor,corrected,state
rho,378,minor,corrected,state
rho,379,minor,corrected,state
rho,380,minor,corrected,state
rho,381,minor,corrected,state
rho,382,minor,corrected,state
rho,383,minor,corrected,state
rho,384,minor,corrected,state
rho,385,minor,corrected,state
rho,386,minor,corrected,state
rho,387,minor,corrected,state
rho,388,minor,corrected,state
rho,389,minor,corrected,state
rho,390,minor,corrected,state
rho,391,minor,corrected,state
rho,392,minor,corrected,state
rho,393,minor,corrected,state
rho,394,minor,corrected,state
rho,395,minor,corrected,state
rho,396,minor,corrected,state
rho,397,minor,corrected,state
rho,398,minor,corrected,state
rho,399,minor,corrected,state
rho,400,major,corrected,transcription
rho,401,major,corrected,transcription
rho,402,minor,corrected,state
rho,403,minor,corrected,state
rho,404,minor,corrected,state
rho,405,minor,corrected,state
rho,406,minor,corrected,state
rho,407,minor,corrected,state
rho,408,major,corrected,transcription
rho,409,major,corrected,transcription
rho,410,minor,corrected,state
rho,411,minor,corrected,state
rho,412,minor,corrected,state
rho,413,minor,corrected,state
rho,414,minor,corrected,state
rho,415,minor,corrected,state
rho,416,minor,corrected,state
rho,417,minor,corrected,state
rho,418,minor,corrected,state
rho,419,minor,corrected,state
rho,420,minor,corrected,state
rho,421,minor,corrected,state
rho,422,minor,corrected,state
rho,423,minor,corrected,state
rho,424,major,corrected,transcription
rho,425,major,corrected,transcription
rho,426,minor,corrected,state
rho,427,minor,corrected,state
rho,428,minor,corrected,state
rho,429,minor,corrected,state
rho,430,minor,corrected,state
rho,431,minor,corrected,state
rho,432,major,corrected,transcription
rho,433,major,corrected,transcription
rho,434,minor,corrected,state
rho,435,minor,corrected,state
rho,436,minor,corrected,state
rho,437,minor,corrected,state
rho,438,minor,corrected,state
rho,439,minor,corrected,state
rho,440,minor,corrected,state
rho,441,minor,corrected,state
rho,442,minor,corrected,state
rho,443,minor,corrected,state
rho,444,minor,corrected,state
rho,445,minor,corrected,state
rho,446,minor,corrected,state
rho,447,minor,corrected,state
rho,448,minor,corrected,state
rho,449,minor,corrected,state
rho,450,minor,corrected,state
rho,451,minor,corrected,state
rho,452,minor,corrected,state
rho,453,minor,corrected,state
rho,454,minor,corrected,state
rho,455,minor,corrected,state
rho,456,minor,corrected,state
rho,457,minor,corrected,state
rho,458,minor,corrected,state
rho,459,minor,corrected,state
rho,460,minor,corrected,state
rho,461,minor,corrected,state
rho,462,minor,corrected,state
rho,463,minor,corrected,state
rho,464,minor,corrected,state
rho,465,minor,corrected,state
rho,466,minor,corrected,state
rho,467,minor,corrected,state
rho,468,minor,corrected,state
rho,469,minor,corrected,state
rho,470,minor,corrected,state
rho,471,minor,corrected,state
rho,472,minor,corrected,state
rho,473,minor,corrected,state
rho,474,minor,corrected,state
rho,475,minor,corrected,state
rho,476,minor,corrected,state
rho,477,minor,corrected,state
rho,478,minor,corrected,state
rho,479,minor,corrected,state
rho,480,minor,corrected,state
rho,481,minor,corrected,state
rho,482,minor,corrected,state
rho,483,minor,corrected,state
rho,484,minor,corrected,state
rho,485,minor,corrected,state
rho,486,minor,corrected,state
rho,487,minor,corrected,state
rho,488,minor,corrected,state
rho,489,minor,corrected,state
rho,490,minor,corrected,state
rho,491,minor,corrected,state
rho,492,minor,corrected,state
rho,493,minor,corrected,state
rho,494,minor,corrected,state
rho,495,minor,corrected,state
rho,496,minor,corrected,state
rho,497,minor,corrected,state
rho,498,minor,corrected,state
rho,499,minor,corrected,state
rho,500,minor,corrected,state
rho,501,minor,corrected,state
rho,502,minor,corrected,state
rho,503,minor,corrected,state
rho,504,minor,corrected,state
rho,505,minor,corrected,state
rho,506,minor,corrected,state
rho,507,minor,corrected,state
rho,508,minor,corrected,state
rho,509,minor,corrected,state
rho,510,minor,corrected,state
rho,511,minor,corrected,state
rho,512,minor,corrected,state
rho,513,minor,corrected,state
rho,514,minor,corrected,state
rho,515,minor,corrected,state
rho,516,minor,corrected,state
rho,517,minor,corrected,state
rho,518,minor,corrected,state
rho,519,minor,corrected,state
rho,520,minor,corrected,state
rho,521,minor,corrected,state
rho,522,minor,corrected,state
rho,523,minor,corrected,state
rho,524,minor,corrected,state
rho,525,minor,corrected,state
rho,526,minor,corrected,state
rho,527,minor,corrected,state
rho,528,minor,corrected,state
rho,529,minor,corrected,state
rho,530,minor,corrected,state
rho,531,minor,corrected,state
rho,532,minor,corrected,state
rho,533,minor,corrected,state
rho,534,minor,corrected,state
rho,535,minor,corrected,state
rho,536,minor,corrected,state
rho,537,minor,corrected,state
rho,538,minor,corrected,state
rho,539,minor,corrected,state
rho,540,minor,corrected,state
rho,541,minor,corrected,state
rho,542,minor,corrected,state
rho,543,minor,corrected,state
rho,544,minor,corrected,state
rho,545,minor,corrected,state
rho,546,minor,corrected,state
rho,547,minor,corrected,state
rho,548,minor,corrected,state
rho,549,minor,corrected,state
rho,550,minor,corrected,state
rho,551,minor,corrected,state
rho,552,minor,corrected,state
rho,553,minor,corrected,state
rho,554,minor,corrected,state
rho,555,minor,corrected,state
rho,556,minor,corrected,state
rho,557,minor,corrected,state
rho,558,minor,corrected,state
rho,559,minor,corrected,state
rho,560,minor,corrected,state
rho,561,minor,corrected,state
rho,562,minor,corrected,state
rho,563,minor,corrected,state
rho,564,minor,corrected,state
rho,565,minor,corrected,state
rho,566,minor,corrected,state
rho,567,minor,corrected,state
rho,568,minor,corrected,state
rho,569,minor,corrected,state
rho,570,minor,corrected,state
rho,571,minor,corrected,state
rho,572,minor,corrected,state
rho,573,minor,corrected,state
rho,574,minor,corrected,state
rho,575,minor,corrected,state
rho,576,minor,corrected,state
rho,577,minor,corrected,state
rho,578,minor,corrected,state
rho,579,minor,corrected,state
rho,580,minor,corrected,state
rho,581,minor,corrected,state
rho,582,minor,corrected,state
rho,583,minor,corrected,state
rho,584,minor,corrected,state
rho,585,minor,corrected,state
rho,586,minor,corrected,state
rho,587,minor,corrected,state
rho,588,minor,corrected,state
rho,589,minor,corrected,state
rho,590,minor,corrected,state
rho,591,minor,corrected,state
rho,592,minor,corrected,state
rho,593,minor,corrected,state
rho,594,minor,corrected,state
rho,595,minor,corrected,state
rho,596,minor,corrected,state
rho,597,minor,corrected,state
rho,598,minor,corrected,state
rho,599,minor,corrected,state
rho,600,minor,corrected,state
rho,601,minor,corrected,state
rho,602,minor,corrected,state
rho,603,minor,corrected,state
rho,604,minor,corrected,state
rho,605,minor,corrected,state
rho,606,minor,corrected,state
rho,607,minor,corrected,state
rho,608,minor,corrected,state
rho,609,minor,corrected,state
rho,610,minor,corrected,state
rho,611,minor,corrected,state
rho,612,minor,corrected,state
rho,613,minor,corrected,state
rho,614,minor,corrected,state
rho,615,minor,corrected,state
rho,616,minor,corrected,state
rho,617,minor,corrected,state
rho,618,minor,corrected,state
rho,619,minor,corrected,state
rho,620,minor,corrected,state
rho,621,minor,corrected,state
rho,622,minor,corrected,state
rho,623,minor,corrected,state
rho,624,minor,corrected,state
rho,625,minor,corrected,state
rho,626,minor,corrected,state
rho,627,minor,corrected,state
rho,628,minor,corrected,state
rho,629,minor,corrected,state
rho,630,minor,corrected,state
rho,631,minor,corrected,state
rho,632,minor,corrected,state
rho,633,minor,corrected,state
rho,634,minor,corrected,state
rho,635,minor,corrected,state
rho,636,minor,corrected,state
rho,637,minor,corrected,state
rho,638,minor,corrected,state
rho,639,minor,corrected,state
rho,640,minor,corrected,state
rho,641,minor,corrected,state
rho,642,minor,corrected,state
rho,643,minor,corrected,state
rho,644,minor,corrected,state
rho,645,minor,corrected,state
rho,646,minor,corrected,state
rho,647,minor,corrected,state
rho,648,minor,corrected,state
rho,649,minor,corrected,state
rho,650,minor,corrected,state
rho,651,minor,corrected,state
rho,652,minor,corrected,state
rho,653,minor,corrected,state
rho,654,minor,corrected,state
rho,655,minor,corrected,state
rho,656,minor,corrected,state
rho,657,minor,corrected,state
rho,658,minor,corrected,state
rho,659,minor,corrected,state
rho,660,minor,corrected,state
rho,661,minor,corrected,state
rho,662,minor,corrected,state
rho,663,minor,corrected,state
rho,664,minor,corrected,state
rho,665,minor,corrected,state
rho,666,minor,corrected,state
rho,667,minor,corrected,state
rho,668,minor,corrected,state
rho,669,minor,corrected,state
rho,670,minor,corrected,state
rho,671,minor,corrected,state
rho,672,minor,corrected,state
rho,673,minor,corrected,state
rho,674,minor,corrected,state
rho,675,minor,corrected,state
rho,676,minor,corrected,state
rho,677,minor,corrected,state
rho,678,minor,corrected,state
rho,679,minor,corrected,state
rho,680,minor,corrected,state
rho,681,minor,corrected,state
rho,682,minor,corrected,state
rho,683,minor,corrected,state
rho,684,minor,corrected,state
rho,685,minor,corrected,state
rho,686,minor,corrected,state
rho,687,minor,corrected,state
rho,688,minor,corrected,state
rho,689,minor,corrected,state
rho,690,minor,corrected,state
rho,691,minor,corrected,state
rho,692,minor,corrected,state
rho,693,minor,corrected,state
rho,694,minor,corrected,state
rho,695,minor,corrected,state
rho,696,minor,corrected,state
rho,697,minor,corrected,state
rho,698,minor,corrected,state
rho,699,minor,corrected,state
rho,700,minor,corrected,state
rho,701,minor,corrected,state
rho,702,minor,corrected,state
rho,703,minor,corrected,state
rho,704,minor,corrected,state
rho,705,minor,corrected,state
rho,706,minor,corrected,state
rho,707,minor,corrected,state
rho,708,minor,corrected,state
rho,709,minor,corrected,state
rho,710,minor,corrected,state
rho,711,minor,corrected,state
rho,712,minor,corrected,state
rho,713,minor,corrected,state
rho,714,minor,corrected,state
rho,715,minor,corrected,state
rho,716,minor,corrected,state
rho,717,minor,corrected,state
rho,718,minor,corrected,state
rho,719,minor,corrected,state
rho,720,minor,corrected,state
rho,721,minor,corrected,state
rho,722,minor,corrected,state
rho,723,minor,corrected,state
rho,724,minor,corrected,state
rho,725,minor,corrected,state
rho,726,minor,corrected,state
rho,727,minor,corrected,state
rho,728,minor,corrected,state
rho,729,minor,corrected,state
rho,730,minor,corrected,state
rho,731,minor,corrected,state
rho,732,minor,corrected,state
rho,733,minor,corrected,state
rho,734,minor,corrected,state
rho,735,minor,corrected,state
rho,736,minor,corrected,state
rho,737,minor,corrected,state
rho,738,minor,corrected,state
rho,739,minor,corrected,state
rho,740,minor,corrected,state
rho,741,minor,corrected,state
rho,742,minor,corrected,state
rho,743,minor,corrected,state
rho,744,minor,corrected,state
rho,745,minor,corrected,state
rho,746,minor,corrected,state
rho,747,minor,corrected,state
rho,748,minor,corrected,state
rho,749,minor,corrected,state
rho,750,minor,corrected,state
rho,751,minor,corrected,state
rho,752,minor,corrected,state
rho,753,minor,corrected,state
rho,754,minor,corrected,state
rho,755,minor,corrected,state
rho,756,minor,corrected,state
rho,757,minor,corrected,state
rho,758,minor,corrected,state
rho,759,minor,corrected,state
rho,760,minor,corrected,state
rho,761,minor,corrected,state
rho,762,minor,corrected,state
rho,763,minor,corrected,state
rho,764,minor,corrected,state
rho,765,minor,corrected,state
rho,766,minor,corrected,state
rho,767,minor,corrected,state
rho,768,minor,corrected,state
rho,769,minor,corrected,state
rho,770,minor,corrected,state
rho,771,minor,corrected,state
rho,772,minor,corrected,state
rho,773,minor,corrected,state
rho,774,minor,corrected,state
rho,775,minor,corrected,state
rho,776,minor,corrected,state
rho,777,minor,corrected,state
rho,778,minor,corrected,state
rho,779,minor,corrected,transcription
rho,780,minor,corrected,transcription
rho,781,minor,corrected,transcription
rho,782,minor,corrected,transcription
rho,783,minor,corrected,transcription
rho,784,minor,corrected,transcription
rho,785,minor,corrected,transcription
rho,786,minor,corrected,transcription
rho,787,minor,corrected,transcription
rho,788,minor,corrected,transcription
rho,789,minor,corrected,transcription
rho,790,minor,corrected,transcription
rho,791,minor,corrected,transcription
rho,792,minor,corrected,transcription
rho,793,minor,corrected,transcription
rho,794,minor,corrected,transcription
rho,795,minor,corrected,transcription
rho,796,minor,corrected,transcription
rho,797,minor,corrected,transcription
rho,798,minor,corrected,transcription
rho,799,minor,corrected,transcription
rho,800,minor,corrected,transcription
rho,801,minor,corrected,transcription
rho,802,minor,corrected,transcription
rho,803,minor,corrected,transcription
rho,804,minor,corrected,transcription
rho,805,minor,corrected,transcription
rho,806,minor,corrected,transcription
rho,807,minor,corrected,transcription
rho,808,minor,corrected,transcription
rho,809,minor,corrected,transcription
rho,810,minor,corrected,transcription
rho,811,minor,corrected,transcription
rho,812,minor,corrected,transcription
rho,813,minor,corrected,transcription
rho,814,minor,corrected,transcription
rho,815,minor,corrected,transcription
rho,816,minor,corrected,transcription
rho,817,minor,corrected,transcription
rho,818,minor,corrected,transcription
rho,819,minor,corrected,transcription
rho,820,minor,corrected,transcription
rho,821,minor,corrected,transcription
rho,822,minor,corrected,transcription
rho,823,minor,corrected,transcription
rho,824,minor,corrected,transcription
rho,825,minor,corrected,transcription
rho,826,minor,corrected,transcription
rho,827,minor,corrected,transcription
rho,828,minor,corrected,transcription
rho,829,minor,corrected,transcription
rho,830,minor,corrected,transcription
rho,831,minor,corrected,transcription
rho,832,minor,corrected,transcription
rho,833,minor,corrected,transcription
rho,834,minor,corrected,transcription
rho,835,minor,corrected,transcription
rho,836,minor,corrected,transcription
rho,837,minor,corrected,transcription
rho,838,minor,corrected,transcription
rho,839,minor,corrected,transcription
rho,840,minor,corrected,transcription
rho,841,minor,corrected,transcription
rho,842,minor,corrected,transcription
rho,843,minor,corrected,transcription
rho,844,minor,corrected,transcription
rho,845,minor,corrected,transcription
rho,846,minor,corrected,transcription
rho,847,minor,corrected,transcription
rho,848,minor,corrected,transcription
rho,849,minor,corrected,transcription
rho,850,minor,corrected,transcription
rho,851,minor,corrected,transcription
rho,852,minor,corrected,transcription
rho,853,minor,corrected,transcription
rho,854,minor,corrected,transcription
rho,855,minor,corrected,transcription
rho,856,minor,corrected,transcription
rho,857,minor,corrected,transcription
rho,858,minor,corrected,transcription
rho,859,minor,corrected,transcription
rho,860,minor,corrected,transcription
rho,861,minor,corrected,transcription
rho,862,minor,corrected,transcription
rho,863,minor,corrected,transcription
rho,864,minor,corrected,transcription
rho,865,minor,corrected,transcription
rho,866,minor,corrected,transcription
rho,867,minor,corrected,transcription
rho,868,minor,corrected,transcription
rho,869,minor,corrected,transcription
rho,870,minor,corrected,transcription
rho,871,minor,corrected,transcription
rho,872,minor,corrected,transcription
rho,873,minor,corrected,transcription
rho,874,minor,corrected,transcription
rho,875,minor,corrected,transcription
rho,876,minor,corrected,transcription
rho,877,minor,corrected,transcription
rho,878,minor,corrected,transcription
rho,879,minor,corrected,transcription
rho,880,minor,corrected,transcription
rho,881,minor,corrected,transcription
rho,882,minor,corrected,transcription
rho,883,minor,corrected,transcription
rho,884,minor,corrected,transcription
rho,885,minor,corrected,transcription
rho,886,minor,corrected,transcription
rho,887,minor,corrected,transcription
rho,888,minor,corrected,transcription
rho,889,minor,corrected,transcription
rho,890,minor,corrected,transcription
rho,891,minor,corrected,transcription
rho,892,minor,corrected,transcription
rho,893,minor,corrected,transcription
rho,894,minor,corrected,transcription
rho,895,minor,corrected,transcription
rho,896,minor,corrected,transcription
rho,897,minor,corrected,transcription
rho,898,minor,corrected,transcription
rho,899,minor,corrected,transcription
rho,900,minor,corrected,transcription
rho,901,minor,corrected,transcription
rho,902,minor,corrected,transcription
rho,903,minor,corrected,transcription
rho,904,minor,corrected,transcription
rho,905,correct,verified,
rho,906,correct,verified,
rho,907,correct,verified,
rho,908,correct,verified,
rho,909,correct,verified,
rho,910,correct,verified,
rho,911,correct,verified,
rho,912,correct,verified,
rho,913,correct,verified,
rho,914,correct,verified,
rho,915,correct,verified,
rho,916,correct,verified,
rho,917,correct,verified,
rho,918,correct,verified,
rho,919,correct,verified,
rho,920,correct,verified,
rho,921,correct,verified,
rho,922,correct,verified,
rho,923,correct,verified,
rho,924,correct,verified,
rho,925,correct,verified,
rho,926,correct,verified,
rho,927,correct,verified,
rho,928,correct,verified,
rho,929,correct,verified,
rho,930,correct,verified,
rho,931,correct,verified,
rho,932,correct,verified,
rho,933,correct,verified,
rho,934,correct,verified,
rho,935,correct,verified,
rho,936,correct,verified,
rho,937,correct,verified,
rho,938,correct,verified,
rho,939,correct,verified,
rho,940,correct,verified,
rho,941,correct,verified,
rho,942,correct,verified,
rho,943,correct,verified,
rho,944,correct,verified,
rho,945,correct,verified,
rho,946,correct,verified,
rho,947,correct,verified,
rho,948,correct,verified,
rho,949,correct,verified,
rho,950,correct,verified,
rho,951,correct,verified,
rho,952,correct,verified,
rho,953,correct,verified,
rho,954,correct,verified,
rho,955,correct,verified,
rho,956,correct,verified,
rho,957,correct,verified,
rho,958,correct,verified,
rho,959,correct,verified,
rho,960,correct,verified,
rho,961,correct,verified,
rho,962,correct,verified,
rho,963,correct,verified,
rho,964,correct,verified,
rho,965,correct,verified,
rho,966,correct,verified,
rho,967,correct,verified,
rho,968,correct,verified,
rho,969,correct,verified,
rho,970,correct,verified,
rho,971,correct,verified,
rho,972,correct,verified,
rho,973,correct,verified,
rho,974,correct,verified,
rho,975,correct,verified,
rho,976,correct,verified,
rho,977,correct,verified,
rho,978,correct,verified,
rho,979,correct,verified,
rho,980,correct,verified,
rho,981,correct,verified,
rho,982,correct,verified,
rho,983,correct,verified,
rho,984,correct,verified,
rho,985,correct,verified,
rho,986,correct,verified,
rho,987,correct,verified,
rho,988,correct,verified,
rho,989,correct,verified,
rho,990,correct,verified,
rho,991,correct,verified,
rho,992,correct,verified,
rho,993,correct,verified,
rho,994,correct,verified,
rho,995,correct,verified,
rho,996,correct,verified,
rho,997,correct,verified,
rho,998,correct,verified,
rho,999,correct,verified,
rho,1000,correct,verified,
rho,1001,correct,verified,
rho,1002,correct,verified,
rho,1003,correct,verified,
rho,1004,correct,verified,
rho,1005,correct,verified,
rho,1006,correct,verified,
rho,1007,correct,verified,
rho,1008,correct,verified,
rho,1009,correct,verified,
rho,1010,correct,verified,
rho,1011,correct,verified,
rho,1012,correct,verified,
rho,1013,correct,verified,
rho,1014,correct,verified,
rho,1015,correct,verified,
rho,1016,correct,verified,
rho,1017,correct,verified,
rho,1018,correct,verified,
rho,1019,correct,verified,
rho,1020,correct,verified,
rho,1021,correct,verified,
rho,1022,correct,verified,
rho,1023,correct,verified,
rho,1024,correct,verified,
rho,1025,correct,verified,
rho,1026,correct,verified,
rho,1027,correct,verified,
rho,1028,correct,verified,
rho,1029,correct,verified,
rho,1030,correct,verified,
rho,1031,correct,verified,
rho,1032,correct,verified,
rho,1033,correct,verified,
rho,1034,correct,verified,
rho,1035,correct,verified,
rho,1036,correct,verified,
rho,1037,correct,verified,
rho,1038,correct,verified,
rho,1039,correct,verified,
rho,1040,correct,verified,
rho,1041,correct,verified,
rho,1042,correct,verified,
rho,1043,correct,verified,
rho,1044,correct,verified,
rho,1045,correct,verified,
rho,1046,correct,verified,
rho,1047,correct,verified,
rho,1048,correct,verified,
rho,1049,correct,verified,
rho,1050,correct,verified,
rho,1051,correct,verified,
rho,1052,correct,verified,
rho,1053,correct,verified,
rho,1054,correct,verified,
rho,1055,correct,verified,
rho,1056,correct,verified,
rho,1057,correct,verified,
rho,1058,correct,verified,
rho,1059,correct,verified,
rho,1060,correct,verified,
rho,1061,correct,verified,
rho,1062,correct,verified,
rho,1063,correct,verified,
rho,1064,correct,verified,
rho,1065,correct,verified,
rho,1066,correct,verified,
rho,1067,correct,verified,
rho,1068,correct,verified,
rho,1069,correct,verified,
rho,1070,correct,verified,
rho,1071,correct,verified,
rho,1072,correct,verified,
rho,1073,correct,verified,
rho,1074,correct,verified,
rho,1075,correct,verified,
rho,1076,correct,verified,
rho,1077,correct,verified,
rho,1078,correct,verified,
rho,1079,correct,verified,
rho,1080,correct,verified,
rho,1081,correct,verified,
rho,1082,correct,verified,
rho,1083,correct,verified,
rho,1084,correct,verified,
rho,1085,correct,verified,
rho,1086,correct,verified,
rho,1087,correct,verified,
rho,1088,correct,verified,
rho,1089,correct,verified,
rho,1090,correct,verified,
rho,1091,correct,verified,
rho,1092,correct,verified,
rho,1093,correct,verified,
rho,1094,correct,verified,
rho,1095,correct,verified,
rho,1096,correct,verified,
rho,1097,correct,verified,
rho,1098,correct,verified,
rho,1099,correct,verified,
rho,1100,correct,verified,
rho,1101,correct,verified,
rho,1102,correct,verified,
rho,1103,correct,verified,
rho,1104,correct,verified,
rho,1105,correct,verified,
rho,1106,correct,verified,
rho,1107,correct,verified,
rho,1108,correct,verified,
rho,1109,correct,verified,
rho,1110,correct,verified,
rho,1111,correct,verified,
rho,1112,correct,verified,
rho,1113,correct,verified,
rho,1114,correct,verified,
rho,1115,correct,verified,
rho,1116,correct,verified,
rho,1117,correct,verified,
rho,1118,correct,verified,
rho,1119,correct,verified,
rho,1120,correct,verified,
rho,1121,correct,verified,
rho,1122,correct,verified,
rho,1123,correct,verified,
rho,1124,correct,verified,
rho,1125,correct,verified,
rho,1126,correct,verified,
rho,1127,correct,verified,
rho,1128,correct,verified,
rho,1129,correct,verified,
rho,1130,correct,verified,
rho,1131,correct,verified,
rho,1132,correct,verified,
rho,1133,correct,verified,
rho,1134,correct,verified,
rho,1135,correct,verified,
rho,1136,correct,verified,
rho,1137,correct,verified,
rho,1138,correct,verified,
rho,1139,correct,verified,
rho,1140,correct,verified,
rho,1141,correct,verified,
rho,1142,correct,verified,
rho,1143,correct,verified,
rho,1144,correct,verified,
rho,1145,correct,verified,
rho,1146,correct,verified,
rho,1147,correct,verified,
rho,1148,correct,verified,
rho,1149,correct,verified,
rho,1150,correct,verified,
rho,1151,correct,verified,
rho,1152,correct,verified,
rho,1153,correct,verified,
rho,1154,correct,verified,
rho,1155,correct,verified,
rho,1156,correct,verified,
rho,1157,correct,verified,
rho,1158,correct,verified,
rho,1159,correct,verified,
rho,1160,correct,verified,
rho,1161,correct,verified,
rho,1162,correct,verified,
rho,1163,correct,verified,
rho,1164,correct,verified,
rho,1165,correct,verified,
rho,1166,correct,verified,
rho,1167,correct,verified,
rho,1168,correct,verified,
rho,1169,correct,verified,
rho,1170,correct,verified,
rho,1171,correct,verified,
rho,1172,correct,verified,
rho,1173,correct,verified,
rho,1174,correct,verified,
rho,1175,correct,verified,
rho,1176,correct,verified,
rho,1177,correct,verified,
rho,1178,correct,verified,
rho,1179,correct,verified,
rho,1180,correct,verified,
rho,1181,correct,verified,
rho,1182,correct,verified,
rho,1183,correct,verified,
rho,1184,correct,verified,
rho,1185,correct,verified,
rho,1186,correct,verified,
rho,1187,correct,verified,
rho,1188,correct,verified,
rho,1189,correct,verified,
rho,1190,correct,verified,
rho,1191,correct,verified,
rho,1192,correct,verified,
rho,1193,correct,verified,
rho,1194,correct,verified,
rho,1195,correct,verified,
rho,1196,correct,verified,
rho,1197,correct,verified,
rho,1198,correct,verified,
rho,1199,correct,verified,
rho,1200,correct,verified,
rho,1201,correct,verified,
rho,1202,correct,verified,
rho,1203,correct,verified,
rho,1204,correct,verified,
rho,1205,correct,verified,
rho,1206,correct,verified,
rho,1207,correct,verified,
rho,1208,correct,verified,
rho,1209,correct,verified,
rho,1210,correct,verified,
rho,1211,correct,verified,
rho,1212,correct,verified,
rho,1213,correct,verified,
rho,1214,correct,verified,
rho,1215,correct,verified,
rho,1216,correct,verified,
rho,1217,correct,verified,
rho,1218,correct,verified,
rho,1219,correct,verified,
rho,1220,correct,verified,
rho,1221,correct,verified,
rho,1222,correct,verified,
rho,1223,correct,verified,
rho,1224,correct,verified,
rho,1225,correct,verified,
rho,1226,correct,verified,
rho,1227,correct,verified,
rho,1228,correct,verified,
rho,1229,correct,verified,
rho,1230,correct,verified,
rho,1231,correct,verified,
rho,1232,correct,verified,
rho,1233,correct,verified,
rho,1234,correct,verified,
rho,1235,correct,verified,
rho,1236,correct,verified,
rho,1237,correct,verified,
rho,1238,correct,verified,
rho,1239,correct,verified,
rho,1240,correct,verified,
rho,1241,correct,verified,
rho,1242,correct,verified,
rho,1243,correct,verified,
rho,1244,correct,verified,
rho,1245,correct,verified,
rho,1246,correct,verified,
rho,1247,correct,verified,
rho,1248,correct,verified,
rho,1249,correct,verified,
rho,1250,correct,verified,
rho,1251,correct,verified,
rho,1252,correct,verified,
rho,1253,correct,verified,
rho,1254,correct,verified,
rho,1255,correct,verified,
rho,1256,correct,verified,
rho,1257,correct,verified,
rho,1258,correct,verified,
rho,1259,correct,verified,
rho,1260,correct,verified,
rho,1261,correct,verified,
rho,1262,correct,verified,
rho,1263,correct,verified,
rho,1264,correct,verified,
rho,1265,correct,verified,
rho,1266,correct,verified,
rho,1267,correct,verified,
rho,1268,correct,verified,
rho,1269,correct,verified,
rho,1270,correct,verified,
rho,1271,correct,verified,
rho,1272,correct,verified,
rho,1273,correct,verified,
rho,1274,correct,verified,
rho,1275,correct,verified,
rho,1276,correct,verified,
rho,1277,correct,verified,
rho,1278,correct,verified,
rho,1279,correct,verified,
rho,1280,correct,verified,
rho,1281,correct,verified,
rho,1282,correct,verified,
rho,1283,correct,verified,
rho,1284,correct,verified,
rho,1285,correct,verified,
rho,1286,correct,verified,
rho,1287,correct,verified,
rho,1288,correct,verified,
rho,1289,correct,verified,
rho,1290,correct,verified,
rho,1291,correct,verified,
rho,1292,correct,verified,
rho,1293,correct,verified,
rho,1294,correct,verified,
rho,1295,correct,verified,
rho,1296,correct,verified,
rho,1297,correct,verified,
rho,1298,correct,verified,
rho,1299,correct,verified,
rho,1300,correct,verified,
rho,1301,correct,verified,
rho,1302,correct,verified,
rho,1303,correct,verified,
rho,1304,correct,verified,
rho,1305,correct,verified,
rho,1306,correct,verified,
rho,1307,correct,verified,
rho,1308,correct,verified,
rho,1309,correct,verified,
rho,1310,correct,verified,
rho,1311,correct,verified,
rho,1312,correct,verified,
rho,1313,correct,verified,
rho,1314,correct,verified,
rho,1315,correct,verified,
rho,1316,correct,verified,
rho,1317,correct,verified,
rho,1318,correct,verified,
rho,1319,correct,verified,
rho,1320,correct,verified,
rho,1321,correct,verified,
rho,1322,correct,verified,
rho,1323,correct,verified,
rho,1324,correct,verified,
rho,1325,correct,verified,
rho,1326,correct,verified,
rho,1327,correct,verified,
rho,1328,correct,verified,
rho,1329,correct,verified,
rho,1330,correct,verified,
rho,1331,correct,verified,
rho,1332,correct,verified,
rho,1333,correct,verified,
rho,1334,correct,verified,
rho,1335,correct,verified,
rho,1336,correct,verified,
rho,1337,correct,verified,
rho,1338,correct,verified,
rho,1339,correct,verified,
rho,1340,correct,verified,
rho,1341,correct,verified,
rho,1342,correct,verified,
rho,1343,correct,verified,
rho,1344,correct,verified,
rho,1345,correct,verified,
rho,1346,correct,verified,
rho,1347,correct,verified,
rho,1348,correct,verified,
rho,1349,correct,verified,
rho,1350,correct,verified,
rho,1351,correct,verified,
rho,1352,correct,verified,
rho,1353,correct,verified,
rho,1354,correct,verified,
rho,1355,correct,verified,
rho,1356,correct,verified,
rho,1357,correct,verified,
rho,1358,correct,verified,
rho,1359,correct,verified,
rho,1360,correct,verified,
rho,1361,correct,verified,
rho,1362,correct,verified,
rho,1363,correct,verified,
rho,1364,correct,verified,
rho,1365,correct,verified,
rho,1366,correct,verified,
rho,1367,correct,verified,
rho,1368,correct,verified,
rho,1369,correct,verified,
rho,1370,correct,verified,
rho,1371,correct,verified,
rho,1372,correct,verified,
rho,1373,correct,verified,
rho,1374,correct,verified,
rho,1375,correct,verified,
rho,1376,correct,verified,
rho,1377,correct,verified,
rho,1378,correct,verified,
rho,1379,correct,verified,
rho,1380,correct,verified,
rho,1381,correct,verified,
rho,1382,correct,verified,
rho,1383,correct,verified,
rho,1384,correct,verified,
rho,1385,correct,verified,
rho,1386,correct,verified,
rho,1387,correct,verified,
rho,1388,correct,verified,
rho,1389,correct,verified,
rho,1390,correct,verified,
rho,1391,correct,verified,
rho,1392,correct,verified,
rho,1393,correct,verified,
rho,1394,correct,verified,
rho,1395,correct,verified,
rho,1396,correct,verified,
rho,1397,correct,verified,
rho,1398,correct,verified,
rho,1399,correct,verified,
rho,1400,correct,verified,
rho,1401,correct,verified,
rho,1402,correct,verified,
rho,1403,correct,verified,
rho,1404,correct,verified,
rho,1405,correct,verified,
rho,1406,correct,verified,
rho,1407,correct,verified,
rho,1408,correct,verified,
rho,1409,correct,verified,
rho,1410,correct,verified,
rho,1411,correct,verified,
rho,1412,correct,verified,
rho,1413,correct,verified,
rho,1414,correct,verified,
rho,1415,correct,verified,
rho,1416,correct,verified,
rho,1417,correct,verified,
rho,1418,correct,verified,
rho,1419,correct,verified,
rho,1420,correct,verified,
rho,1421,correct,verified,
rho,1422,correct,verified,
rho,1423,correct,verified,
rho,1424,correct,verified,
rho,1425,correct,verified,
rho,1426,correct,verified,
rho,1427,correct,verified,
rho,1428,correct,verified,
rho,1429,correct,verified,
rho,1430,correct,verified,
rho,1431,correct,verified,
rho,1432,correct,verified,
rho,1433,correct,verified,
rho,1434,correct,verified,
rho,1435,correct,verified,
rho,1436,correct,verified,
rho,1437,correct,verified,
rho,1438,correct,verified,
rho,1439,correct,verified,
rho,1440,correct,verified,
rho,1441,correct,verified,
rho,1442,correct,verified,
rho,1443,correct,verified,
rho,1444,correct,verified,
rho,1445,correct,verified,
rho,1446,correct,verified,
rho,1447,correct,verified,
rho,1448,correct,verified,
rho,1449,correct,verified,
rho,1450,correct,verified,
rho,1451,correct,verified,
rho,1452,correct,verified,
rho,1453,correct,verified,
rho,1454,correct,verified,
rho,1455,correct,verified,
rho,1456,correct,verified,
rho,1457,correct,verified,
rho,1458,correct,verified,
rho,1459,correct,verified,
rho,1460,correct,verified,
rho,1461,correct,verified,
rho,1462,correct,verified,
rho,1463,correct,verified,
rho,1464,correct,verified,
rho,1465,correct,verified,
rho,1466,correct,verified,
rho,1467,correct,verified,
rho,1468,correct,verified,
rho,1469,correct,verified,
rho,1470,correct,verified,
rho,1471,correct,verified,
rho,1472,correct,verified,
rho,1473,correct,verified,
rho,1474,correct,verified,
rho,1475,correct,verified,
rho,1476,correct,verified,
rho,1477,correct,verified,
rho,1478,correct,verified,
rho,1479,correct,verified,
rho,1480,correct,verified,
rho,1481,correct,verified,
rho,1482,correct,verified,
rho,1483,correct,verified,
rho,1484,correct,verified,
rho,1485,correct,verified,
rho,1486,correct,verified,
rho,1487,correct,verified,
rho,1488,correct,verified,
rho,1489,correct,verified,
rho,1490,correct,verified,
rho,1491,correct,verified,
rho,1492,correct,verified,
rho,1493,correct,verified,
rho,1494,correct,verified,
rho,1495,correct,verified,
rho,1496,correct,verified,
rho,1497,correct,verified,
rho,1498,correct,verified,
rho,1499,correct,verified,
rho,1500,correct,verified,
rho,1501,correct,verified,
rho,1502,correct,verified,
rho,1503,correct,verified,
rho,1504,correct,verified,
rho,1505,correct,verified,
rho,1506,correct,verified,
rho,1507,correct,verified,
rho,1508,correct,verified,
rho,1509,correct,verified,
rho,1510,correct,verified,
rho,1511,correct,verified,
rho,1512,correct,verified,
rho,1513,correct,verified,
rho,1514,correct,verified,
rho,1515,correct,verified,
rho,1516,correct,verified,
rho,1517,correct,verified,
rho,1518,correct,verified,
rho,1519,correct,verified,
rho,1520,correct,verified,
rho,1521,correct,verified,
rho,1522,correct,verified,
rho,1523,correct,verified,
rho,1524,correct,verified,
rho,1525,correct,verified,
rho,1526,correct,verified,
rho,1527,correct,verified,
rho,1528,correct,verified,
rho,1529,correct,verified,
rho,1530,correct,verified,
rho,1531,correct,verified,
rho,1532,correct,verified,
rho,1533,correct,verified,
rho,1534,correct,verified,
rho,1535,correct,verified,
rho,1536,correct,verified,
rho,1537,correct,verified,
rho,1538,correct,verified,
rho,1539,correct,verified,
rho,1540,correct,verified,
rho,1541,correct,verified,
rho,1542,correct,verified,
rho,1543,correct,verified,
rho,1544,correct,verified,
rho,1545,correct,verified,
rho,1546,correct,verified,
rho,1547,correct,verified,
rho,1548,correct,verified,
rho,1549,correct,verified,
rho,1550,correct,verified,
rho,1551,correct,verified,
rho,1552,correct,verified,
rho,1553,correct,verified,
rho,1554,correct,verified,
rho,1555,correct,verified,
rho,1556,correct,verified,
rho,1557,correct,verified,
rho,1558,correct,verified,
rho,1559,correct,verified,
rho,1560,correct,verified,
rho,1561,correct,verified,
rho,1562,correct,verified,
rho,1563,correct,verified,
rho,1564,correct,verified,
rho,1565,correct,verified,
rho,1566,correct,verified,
rho,1567,correct,verified,
rho,1568,correct,verified,
rho,1569,correct,verified,
rho,1570,correct,verified,
rho,1571,correct,verified,
rho,1572,correct,verified,
rho,1573,correct,verified,
rho,1574,correct,verified,
rho,1575,correct,verified,
rho,1576,correct,verified,
rho,1577,correct,verified,
rho,1578,correct,verified,
rho,1579,correct,verified,
rho,1580,correct,verified,
rho,1581,correct,verified,
rho,1582,correct,verified,
rho,1583,correct,verified,
rho,1584,correct,verified,
rho,1585,correct,verified,
rho,1586,correct,verified,
rho,1587,correct,verified,
rho,1588,correct,verified,
rho,1589,correct,verified,
rho,1590,correct,verified,
rho,1591,correct,verified,
rho,1592,correct,verified,
rho,1593,correct,verified,
rho,1594,correct,verified,
rho,1595,correct,verified,
rho,1596,correct,verified,
rho,1597,correct,verified,
rho,1598,correct,verified,
rho,1599,correct,verified,
rho,1600,correct,verified,
rho,1601,correct,verified,
rho,1602,correct,verified,
rho,1603,correct,verified,
rho,1604,correct,verified,
rho,1605,correct,verified,
rho,1606,correct,verified,
rho,1607,correct,verified,
rho,1608,correct,verified,
rho,1609,correct,verified,
rho,1610,correct,verified,
rho,1611,correct,verified,
rho,1612,correct,verified,
rho,1613,correct,verified,
rho,1614,correct,verified,
rho,1615,correct,verified,
rho,1616,correct,verified,
rho,1617,correct,verified,
rho,1618,correct,verified,
rho,1619,correct,verified,
rho,1620,correct,verified,
rho,1621,correct,verified,
rho,1622,correct,verified,
rho,1623,correct,verified,
rho,1624,correct,verified,
rho,1625,correct,verified,
rho,1626,correct,verified,
rho,1627,correct,verified,
rho,1628,correct,verified,
rho,1629,correct,verified,
rho,1630,correct,verified,
rho,1631,correct,verified,
rho,1632,correct,verified,
rho,1633,correct,verified,
rho,1634,correct,verified,
rho,1635,correct,verified,
rho,1636,correct,verified,
rho,1637,correct,verified,
rho,1638,correct,verified,
rho,1639,correct,verified,
rho,1640,correct,verified,
rho,1641,correct,verified,
rho,1642,correct,verified,
rho,1643,correct,verified,
rho,1644,correct,verified,
rho,1645,correct,verified,
rho,1646,correct,verified,
rho,1647,correct,verified,
rho,1648,correct,verified,
rho,1649,correct,verified,
rho,1650,correct,verified,
rho,1651,correct,verified,
rho,1652,correct,verified,
rho,1653,correct,verified,
rho,1654,correct,verified,
rho,1655,correct,verified,
rho,1656,correct,verified,
rho,1657,correct,verified,
rho,1658,correct,verified,
rho,1659,correct,verified,
rho,1660,correct,verified,
rho,1661,correct,verified,
rho,1662,correct,verified,
rho,1663,correct,verified,
rho,1664,correct,verified,
rho,1665,correct,verified,
rho,1666,correct,verified,
rho,1667,correct,verified,
rho,1668,correct,verified,
rho,1669,correct,verified,
rho,1670,correct,verified,
rho,1671,correct,verified,
rho,1672,correct,verified,
rho,1673,correct,verified,
rho,1674,correct,verified,
rho,1675,correct,verified,
rho,1676,correct,verified,
rho,1677,correct,verified,
rho,1678,correct,verified,
rho,1679,correct,verified,
rho,1680,correct,verified,
rho,1681,correct,verified,
rho,1682,correct,verified,
rho,1683,correct,verified,
rho,1684,correct,verified,
rho,1685,correct,verified,
rho,1686,correct,verified,
rho,1687,correct,verified,
rho,1688,correct,verified,
rho,1689,correct,verified,
rho,1690,correct,verified,
rho,1691,correct,verified,
rho,1692,correct,verified,
rho,1693,correct,verified,
rho,1694,correct,verified,
rho,1695,correct,verified,
rho,1696,correct,verified,
rho,1697,correct,verified,
rho,1698,correct,verified,
rho,1699,correct,verified,
rho,1700,correct,verified,
rho,1701,correct,verified,
rho,1702,correct,verified,
rho,1703,correct,verified,
rho,1704,correct,verified,
rho,1705,correct,verified,
rho,1706,correct,verified,
rho,1707,correct,verified,
rho,1708,correct,verified,
rho,1709,correct,verified,
rho,1710,correct,verified,
rho,1711,correct,verified,
rho,1712,correct,verified,
rho,1713,correct,verified,
rho,1714,correct,verified,
rho,1715,correct,verified,
rho,1716,correct,verified,
rho,1717,correct,verified,
rho,1718,correct,verified,
rho,1719,correct,verified,
rho,1720,correct,verified,
rho,1721,correct,verified,
rho,1722,correct,verified,
rho,1723,correct,verified,
rho,1724,correct,verified,
rho,1725,correct,verified,
rho,1726,correct,verified,
rho,1727,correct,verified,
rho,1728,correct,verified,
rho,1729,correct,verified,
rho,1730,correct,verified,
rho,1731,correct,verified,
rho,1732,correct,verified,
rho,1733,correct,verified,
rho,1734,correct,verified,
rho,1735,correct,verified,
rho,1736,correct,verified,
rho,1737,correct,verified,
rho,1738,correct,verified,
rho,1739,correct,verified,
rho,1740,correct,verified,
rho,1741,correct,verified,
rho,1742,correct,verified,
rho,1743,correct,verified,
rho,1744,correct,verified,
rho,1745,correct,verified,
rho,1746,correct,verified,
rho,1747,correct,verified,
rho,1748,correct,verified,
rho,1749,correct,verified,
rho,1750,correct,verified,
rho,1751,correct,verified,
rho,1752,correct,verified,
rho,1753,correct,verified,
rho,1754,correct,verified,
rho,1755,correct,verified,
rho,1756,correct,verified,
rho,1757,correct,verified,
rho,1758,correct,verified,
rho,1759,correct,verified,
rho,1760,correct,verified,
rho,1761,correct,verified,
rho,1762,correct,verified,
rho,1763,correct,verified,
rho,1764,correct,verified,
rho,1765,correct,verified,
rho,1766,correct,verified,
rho,1767,correct,verified,
rho,1768,correct,verified,
rho,1769,correct,verified,
rho,1770,correct,verified,
rho,1771,correct,verified,
rho,1772,correct,verified,
rho,1773,correct,verified,
rho,1774,correct,verified,
rho,1775,correct,verified,
rho,1776,correct,verified,
rho,1777,correct,verified,
rho,1778,correct,verified,
rho,1779,correct,verified,
rho,1780,correct,verified,
rho,1781,correct,verified,
rho,1782,correct,verified,
rho,1783,correct,verified,
rho,1784,correct,verified,
rho,1785,correct,verified,
rho,1786,correct,verified,
rho,1787,correct,verified,
rho,1788,correct,verified,
rho,1789,correct,verified,
rho,1790,correct,verified,
rho,1791,correct,verified,
rho,1792,correct,verified,
rho,1793,correct,verified,
rho,1794,correct,verified,
rho,1795,correct,verified,
rho,1796,correct,verified,
rho,1797,correct,verified,
rho,1798,correct,verified,
rho,1799,correct,verified,
rho,1800,correct,verified,
rho,1801,correct,verified,
rho,1802,correct,verified,
rho,1803,correct,verified,
rho,1804,correct,verified,
rho,1805,correct,verified,
rho,1806,correct,verified,
rho,1807,correct,verified,
rho,1808,correct,verified,
rho,1809,correct,verified,
rho,1810,correct,verified,
rho,1811,correct,verified,
rho,1812,correct,verified,
rho,1813,correct,verified,
rho,1814,correct,verified,
rho,1815,correct,verified,
rho,1816,correct,verified,
rho,1817,correct,verified,
rho,1818,correct,verified,
rho,1819,correct,verified,
rho,1820,correct,verified,
rho,1821,correct,verified,
rho,1822,correct,verified,
rho,1823,correct,verified,
rho,1824,correct,verified,
rho,1825,correct,verified,
rho,1826,correct,verified,
rho,1827,correct,verified,
rho,1828,correct,verified,
rho,1829,correct,verified,
rho,1830,correct,verified,
rho,1831,correct,verified,
rho,1832,correct,verified,
rho,1833,correct,verified,
rho,1834,correct,verified,
rho,1835,correct,verified,
rho,1836,correct,verified,
rho,1837,correct,verified,
rho,1838,correct,verified,
rho,1839,correct,verified,
rho,1840,correct,verified,
rho,1841,correct,verified,
rho,1842,correct,verified,
rho,1843,correct,verified,
rho,1844,correct,verified,
rho,1845,correct,verified,
rho,1846,correct,verified,
rho,1847,correct,verified,
rho,1848,correct,verified,
rho,1849,correct,verified,
rho,1850,correct,verified,
rho,1851,correct,verified,
rho,1852,correct,verified,
rho,1853,correct,verified,
rho,1854,correct,verified,
rho,1855,correct,verified,
rho,1856,correct,verified,
rho,1857,correct,verified,
rho,1858,correct,verified,
rho,1859,correct,verified,
rho,1860,correct,verified,
rho,1861,correct,verified,
rho,1862,correct,verified,
rho,1863,correct,verified,
rho,1864,correct,verified,
rho,1865,correct,verified,
rho,1866,correct,verified,
rho,1867,correct,verified,
rho,1868,correct,verified,
rho,1869,correct,verified,
rho,1870,correct,verified,
rho,1871,correct,verified,
rho,1872,correct,verified,
rho,1873,correct,verified,
rho,1874,correct,verified,
rho,1875,correct,verified,
rho,1876,correct,verified,
rho,1877,correct,verified,
rho,1878,correct,verified,
rho,1879,correct,verified,
rho,1880,correct,verified,
rho,1881,correct,verified,
rho,1882,correct,verified,
rho,1883,correct,verified,
rho,1884,correct,verified,
rho,1885,correct,verified,
rho,1886,correct,verified,
rho,1887,correct,verified,
rho,1888,correct,verified,
rho,1889,correct,verified,
rho,1890,correct,verified,
rho,1891,correct,verified,
rho,1892,correct,verified,
rho,1893,correct,verified,
rho,1894,correct,verified,
rho,1895,correct,verified,
rho,1896,correct,verified,
rho,1897,correct,verified,
rho,1898,correct,verified,
rho,1899,correct,verified,
rho,1900,correct,verified,
rho,1901,correct,verified,
rho,1902,correct,verified,
rho,1903,correct,verified,
rho,1904,correct,verified,
rho,1905,correct,verified,
rho,1906,correct,verified,
rho,1907,correct,verified,
rho,1908,correct,verified,
rho,1909,correct,verified,
rho,1910,correct,verified,
rho,1911,correct,verified,
rho,1912,correct,verified,
rho,1913,correct,verified,
rho,1914,correct,verified,
rho,1915,correct,verified,
rho,1916,correct,verified,
rho,1917,correct,verified,
rho,1918,correct,verified,
rho,1919,correct,verified,
rho,1920,correct,verified,
rho,1921,correct,verified,
rho,1922,correct,verified,
rho,1923,correct,verified,
rho,1924,correct,verified,
rho,1925,correct,verified,
rho,1926,correct,verified,
rho,1927,correct,verified,
rho,1928,correct,verified,
rho,1929,correct,verified,
rho,1930,correct,verified,
rho,1931,correct,verified,
rho,1932,correct,verified,
rho,1933,correct,verified,
rho,1934,correct,verified,
rho,1935,correct,verified,
rho,1936,correct,verified,
rho,1937,correct,verified,
rho,1938,correct,verified,
rho,1939,correct,verified,
rho,1940,correct,verified,
rho,1941,correct,verified,
rho,1942,correct,verified,
rho,1943,correct,verified,
rho,1944,correct,verified,
rho,1945,correct,verified,
rho,1946,correct,verified,
rho,1947,correct,verified,
rho,1948,correct,verified,
rho,1949,correct,verified,
rho,1950,correct,verified,
rho,1951,correct,verified,
rho,1952,correct,verified,
rho,1953,correct,verified,
rho,1954,correct,verified,
rho,1955,correct,verified,
rho,1956,correct,verified,
rho,1957,correct,verified,
rho,1958,correct,verified,
rho,1959,correct,verified,
rho,1960,correct,verified,
rho,1961,correct,verified,
rho,1962,correct,verified,
rho,1963,correct,verified,
rho,1964,correct,verified,
rho,1965,correct,verified,
rho,1966,correct,verified,
rho,1967,correct,verified,
rho,1968,correct,verified,
rho,1969,correct,verified,
rho,1970,correct,verified,
rho,1971,correct,verified,
rho,1972,correct,verified,
rho,1973,correct,verified,
rho,1974,correct,verified,
rho,1975,correct,verified,
rho,1976,correct,verified,
rho,1977,correct,verified,
rho,1978,correct,verified,
rho,1979,correct,verified,
rho,1980,correct,verified,
rho,1981,correct,verified,
rho,1982,correct,verified,
rho,1983,correct,verified,
rho,1984,correct,verified,
rho,1985,correct,verified,
rho,1986,correct,verified,
rho,1987,correct,verified,
rho,1988,correct,verified,
rho,1989,correct,verified,
rho,1990,correct,verified,
rho,1991,correct,verified,
rho,1992,correct,verified,
rho,1993,correct,verified,
rho,1994,correct,verified,
rho,1995,correct,verified,
rho,1996,correct,verified,
rho,1997,correct,verified,
rho,1998,correct,verified,
rho,1999,correct,verified,
rho,2000,correct,verified,
rho,2001,correct,verified,
rho,2002,correct,verified,
rho,2003,correct,verified,
rho,2004,correct,verified,
rho,2005,correct,verified,
rho,2006,correct,verified,
rho,2007,correct,verified,
rho,2008,correct,verified,
rho,2009,correct,verified,
rho,2010,correct,verified,
rho,2011,correct,verified,
rho,2012,correct,verified,
rho,2013,correct,verified,
rho,2014,correct,verified,
rho,2015,correct,verified,
rho,2016,correct,verified,
rho,2017,correct,verified,
rho,2018,correct,verified,
rho,2019,correct,verified,
rho,2020,correct,verified,
rho,2021,correct,verified,
rho,2022,correct,verified,
rho,2023,correct,verified,
rho,2024,correct,verified,
rho,2025,correct,verified,
rho,2026,correct,verified,
rho,2027,correct,verified,
rho,2028,correct,verified,
rho,2029,correct,verified,
rho,2030,correct,verified,
rho,2031,correct,verified,
rho,2032,correct,verified,
rho,2033,correct,verified,
rho,2034,correct,verified,
rho,2035,correct,verified,
rho,2036,correct,verified,
rho,2037,correct,verified,
rho,2038,correct,verified,
rho,2039,correct,verified,
rho,2040,correct,verified,
rho,2041,correct,verified,
rho,2042,correct,verified,
rho,2043,correct,verified,
rho,2044,correct,verified,
rho,2045,correct,verified,
rho,2046,correct,verified,
rho,2047,correct,verified,
rho,2048,correct,verified,
rho,2049,correct,verified,
rho,2050,correct,verified,
rho,2051,correct,verified,
rho,2052,correct,verified,
rho,2053,correct,verified,
rho,2054,correct,verified,
rho,2055,correct,verified,
rho,2056,correct,verified,
rho,2057,correct,verified,
rho,2058,correct,verified,
rho,2059,correct,verified,
rho,2060,correct,verified,
rho,2061,correct,verified,
rho,2062,correct,verified,
rho,2063,correct,verified,
rho,2064,correct,verified,
rho,2065,correct,verified,
rho,2066,correct,verified,
rho,2067,correct,verified,
rho,2068,correct,verified,
rho,2069,correct,verified,
rho,2070,correct,verified,
rho,2071,correct,verified,
rho,2072,correct,verified,
rho,2073,correct,verified,
rho,2074,correct,verified,
rho,2075,correct,verified,
rho,2076,correct,verified,
rho,2077,correct,verified,
rho,2078,correct,verified,
rho,2079,correct,verified,
rho,2080,correct,verified,
rho,2081,correct,verified,
rho,2082,correct,verified,
rho,2083,correct,verified,
rho,2084,correct,verified,
rho,2085,correct,verified,
rho,2086,correct,verified,
rho,2087,correct,verified,
rho,2088,correct,verified,
rho,2089,correct,verified,
rho,2090,correct,verified,
rho,2091,correct,verified,
rho,2092,correct,verified,
rho,2093,correct,verified,
rho,2094,correct,verified,
rho,2095,correct,verified,
rho,2096,correct,verified,
rho,2097,correct,verified,
rho,2098,correct,verified,
rho,2099,correct,verified,
rho,2100,correct,verified,
rho,2101,correct,verified,
rho,2102,correct,verified,
rho,2103,correct,verified,
rho,2104,correct,verified,
rho,2105,correct,verified,
rho,2106,correct,verified,
rho,2107,correct,verified,
rho,2108,correct,verified,
rho,2109,correct,verified,
rho,2110,correct,verified,
rho,2111,correct,verified,
rho,2112,correct,verified,
rho,2113,correct,verified,
rho,2114,correct,verified,
rho,2115,correct,verified,
rho,2116,correct,verified,
rho,2117,correct,verified,
rho,2118,correct,verified,
rho,2119,correct,verified,
rho,2120,correct,verified,
rho,2121,correct,verified,
rho,2122,correct,verified,
rho,2123,correct,verified,
rho,2124,correct,verified,
rho,2125,correct,verified,
rho,2126,correct,verified,
rho,2127,correct,verified,
rho,2128,correct,verified,
rho,2129,correct,verified,
rho,2130,correct,verified,
rho,2131,correct,verified,
rho,2132,correct,verified,
rho,2133,correct,verified,
rho,2134,correct,verified,
rho,2135,correct,verified,
rho,2136,correct,verified,
rho,2137,correct,verified,
rho,2138,correct,verified,
rho,2139,correct,verified,
rho,2140,correct,verified,
rho,2141,correct,verified,
rho,2142,correct,verified,
rho,2143,correct,verified,
rho,2144,correct,verified,
rho,2145,correct,verified,
rho,2146,correct,verified,
rho,2147,correct,verified,
rho,2148,correct,verified,
rho,2149,correct,verified,
rho,2150,correct,verified,
rho,2151,correct,verified,
rho,2152,correct,verified,
rho,2153,correct,verified,
rho,2154,correct,verified,
rho,2155,correct,verified,
rho,2156,correct,verified,
rho,2157,correct,verified,
rho,2158,correct,verified,
rho,2159,correct,verified,
rho,2160,correct,verified,
rho,2161,correct,verified,
rho,2162,correct,verified,
rho,2163,correct,verified,
rho,2164,correct,verified,
rho,2165,correct,verified,
rho,2166,correct,verified,
rho,2167,correct,verified,
rho,2168,correct,verified,
rho,2169,correct,verified,
rho,2170,correct,verified,
rho,2171,correct,verified,
rho,2172,correct,verified,
rho,2173,correct,verified,
rho,2174,correct,verified,
rho,2175,correct,verified,
rho,2176,correct,verified,
rho,2177,correct,verified,
rho,2178,correct,verified,
rho,2179,correct,verified,
rho,2180,correct,verified,
rho,2181,correct,verified,
rho,2182,correct,verified,
rho,2183,correct,verified,
rho,2184,correct,verified,
rho,2185,correct,verified,
rho,2186,correct,verified,
rho,2187,correct,verified,
rho,2188,correct,verified,
rho,2189,correct,verified,
rho,2190,correct,verified,
rho,2191,correct,verified,
rho,2192,correct,verified,
rho,2193,correct,verified,
rho,2194,correct,verified,
rho,2195,correct,verified,
rho,2196,correct,verified,
rho,2197,correct,verified,
rho,2198,correct,verified,
rho,2199,correct,verified,
rho,2200,correct,verified,
rho,2201,correct,verified,
rho,2202,correct,verified,
rho,2203,correct,verified,
rho,2204,correct,verified,
rho,2205,correct,verified,
rho,2206,correct,verified,
rho,2207,correct,verified,
rho,2208,correct,verified,
rho,2209,correct,verified,
rho,2210,correct,verified,
rho,2211,correct,verified,
rho,2212,correct,verified,
rho,2213,correct,verified,
rho,2214,correct,verified,
rho,2215,correct,verified,
rho,2216,correct,verified,
rho,2217,correct,verified,
rho,2218,correct,verified,
rho,2219,correct,verified,
rho,2220,correct,verified,
rho,2221,correct,verified,
rho,2222,correct,verified,
rho,2223,correct,verified,
rho,2224,correct,verified,
rho,2225,correct,verified,
rho,2226,correct,verified,
rho,2227,correct,verified,
rho,2228,correct,verified,
rho,2229,correct,verified,
rho,2230,correct,verified,
rho,2231,correct,verified,
rho,2232,correct,verified,
rho,2233,correct,verified,
rho,2234,correct,verified,
rho,2235,correct,verified,
rho,2236,correct,verified,
rho,2237,correct,verified,
rho,2238,correct,verified,
rho,2239,correct,verified,
rho,2240,correct,verified,
rho,2241,correct,verified,
rho,2242,correct,verified,
rho,2243,correct,verified,
rho,2244,correct,verified,
rho,2245,correct,verified,
rho,2246,correct,verified,
rho,2247,correct,verified,
rho,2248,correct,verified,
rho,2249,correct,verified,
rho,2250,correct,verified,
rho,2251,correct,verified,
rho,2252,correct,verified,
rho,2253,correct,verified,
rho,2254,correct,verified,
rho,2255,correct,verified,
rho,2256,correct,verified,
rho,2257,correct,verified,
rho,2258,correct,verified,
rho,2259,correct,verified,
rho,2260,correct,verified,
rho,2261,correct,verified,
rho,2262,correct,verified,
rho,2263,correct,verified,
rho,2264,correct,verified,
rho,2265,correct,verified,
rho,2266,correct,verified,
rho,2267,correct,verified,
rho,2268,correct,verified,
rho,2269,correct,verified,
rho,2270,correct,verified,
rho,2271,correct,verified,
rho,2272,correct,verified,
rho,2273,correct,verified,
rho,2274,correct,verified,
rho,2275,correct,verified,
rho,2276,correct,verified,
rho,2277,correct,verified,
rho,2278,correct,verified,
rho,2279,correct,verified,
rho,2280,correct,verified,
rho,2281,correct,verified,
rho,2282,correct,verified,
rho,2283,correct,verified,
rho,2284,correct,verified,
rho,2285,correct,verified,
rho,2286,correct,verified,
rho,2287,correct,verified,
rho,2288,correct,verified,
rho,2289,correct,verified,
rho,2290,correct,verified,
rho,2291,correct,verified,
rho,2292,correct,verified,
rho,2293,correct,verified,
rho,2294,correct,verified,
rho,2295,correct,verified,
rho,2296,correct,verified,
rho,2297,correct,verified,
rho,2298,correct,verified,
rho,2299,correct,verified,
rho,2300,correct,verified,
rho,2301,correct,verified,
rho,2302,correct,verified,
rho,2303,correct,verified,
rho,2304,correct,verified,
rho,2305,correct,verified,
rho,2306,correct,verified,
rho,2307,correct,verified,
rho,2308,correct,verified,
rho,2309,correct,verified,
rho,2310,correct,verified,
rho,2311,correct,verified,
rho,2312,correct,verified,
rho,2313,correct,verified,
rho,2314,correct,verified,
rho,2315,correct,verified,
rho,2316,correct,verified,
rho,2317,correct,verified,
rho,2318,correct,verified,
rho,2319,correct,verified,
rho,2320,correct,verified,
rho,2321,correct,verified,
rho,2322,correct,verified,
rho,2323,correct,verified,
rho,2324,correct,verified,
rho,2325,correct,verified,
rho,2326,correct,verified,
rho,2327,correct,verified,
rho,2328,correct,verified,
rho,2329,correct,verified,
rho,2330,correct,verified,
rho,2331,correct,verified,
rho,2332,correct,verified,
rho,2333,correct,verified,
rho,2334,correct,verified,
rho,2335,correct,verified,
rho,2336,correct,verified,
rho,2337,correct,verified,
rho,2338,correct,verified,
rho,2339,correct,verified,
rho,2340,correct,verified,
rho,2341,correct,verified,
rho,2342,correct,verified,
rho,2343,correct,verified,
rho,2344,correct,verified,
rho,2345,correct,verified,
rho,2346,correct,verified,
rho,2347,correct,verified,
rho,2348,correct,verified,
rho,2349,correct,verified,
rho,2350,correct,verified,
rho,2351,correct,verified,
rho,2352,correct,verified,
rho,2353,correct,verified,
rho,2354,correct,verified,
rho,2355,correct,verified,
rho,2356,correct,verified,
rho,2357,correct,verified,
rho,2358,correct,verified,
rho,2359,correct,verified,
rho,2360,correct,verified,
rho,2361,correct,verified,
rho,2362,correct,verified,
rho,2363,correct,verified,
rho,2364,correct,verified,
rho,2365,correct,verified,
rho,2366,correct,verified,
rho,2367,correct,verified,
rho,2368,correct,verified,
rho,2369,correct,verified,
rho,2370,correct,verified,
rho,2371,correct,verified,
rho,2372,correct,verified,
rho,2373,correct,verified,
rho,2374,correct,verified,
rho,2375,correct,verified,
rho,2376,correct,verified,
rho,2377,correct,verified,
rho,2378,correct,verified,
rho,2379,correct,verified,
rho,2380,correct,verified,
rho,2381,correct,verified,
rho,2382,correct,verified,
rho,2383,correct,verified,
rho,2384,correct,verified,
rho,2385,correct,verified,
rho,2386,correct,verified,
rho,2387,correct,verified,
rho,2388,correct,verified,
rho,2389,correct,verified,
rho,2390,correct,verified,
rho,2391,correct,verified,
rho,2392,correct,verified,
rho,2393,correct,verified,
rho,2394,correct,verified,
rho,2395,correct,verified,
rho,2396,correct,verified,
rho,2397,correct,verified,
rho,2398,correct,verified,
rho,2399,correct,verified,
rho,2400,correct,verified,
rho,2401,correct,verified,
rho,2402,correct,verified,
rho,2403,correct,verified,
rho,2404,correct,verified,
rho,2405,correct,verified,
rho,2406,correct,verified,
rho,2407,correct,verified,
rho,2408,correct,verified,
rho,2409,correct,verified,
rho,2410,correct,verified,
rho,2411,correct,verified,
rho,2412,correct,verified,
rho,2413,correct,verified,
rho,2414,correct,verified,
rho,2415,correct,verified,
rho,2416,correct,verified,
rho,2417,correct,verified,
rho,2418,correct,verified,
rho,2419,correct,verified,
rho,2420,correct,verified,
rho,2421,correct,verified,
rho,2422,correct,verified,
rho,2423,correct,verified,
rho,2424,correct,verified,
rho,2425,correct,verified,
rho,2426,correct,verified,
rho,2427,correct,verified,
rho,2428,correct,verified,
rho,2429,correct,verified,
rho,2430,correct,verified,
rho,2431,correct,verified,
rho,2432,correct,verified,
rho,2433,correct,verified,
rho,2434,correct,verified,
rho,2435,correct,verified,
rho,2436,correct,verified,
rho,2437,correct,verified,
rho,2438,correct,verified,
rho,2439,correct,verified,
rho,2440,correct,verified,
rho,2441,correct,verified,
rho,2442,correct,verified,
rho,2443,correct,verified,
rho,2444,correct,verified,
rho,2445,correct,verified,
rho,2446,correct,verified,
rho,2447,correct,verified,
rho,2448,correct,verified,
rho,2449,correct,verified,
rho,2450,correct,verified,
rho,2451,correct,verified,
rho,2452,correct,verified,
rho,2453,correct,verified,
rho,2454,correct,verified,
rho,2455,correct,verified,
rho,2456,correct,verified,
rho,2457,correct,verified,
rho,2458,correct,verified,
rho,2459,correct,verified,
rho,2460,correct,verified,
rho,2461,correct,verified,
rho,2462,correct,verified,
rho,2463,correct,verified,
rho,2464,correct,verified,
rho,2465,correct,verified,
rho,2466,correct,verified,
rho,2467,correct,verified,
rho,2468,correct,verified,
rho,2469,correct,verified,
rho,2470,correct,verified,
rho,2471,correct,verified,
rho,2472,correct,verified,
rho,2473,correct,verified,
rho,2474,correct,verified,
rho,2475,correct,verified,
rho,2476,correct,verified,
rho,2477,correct,verified,
rho,2478,correct,verified,
rho,2479,correct,verified,
rho,2480,correct,verified,
rho,2481,correct,verified,
rho,2482,correct,verified,
rho,2483,correct,verified,
rho,2484,correct,verified,
rho,2485,correct,verified,
rho,2486,correct,verified,
rho,2487,correct,verified,
rho,2488,correct,verified,
rho,2489,correct,verified,
rho,2490,correct,verified,
rho,2491,correct,verified,
rho,2492,correct,verified,
rho,2493,correct,verified,
rho,2494,correct,verified,
rho,2495,correct,verified,
rho,2496,correct,verified,
rho,2497,correct,verified,
rho,2498,correct,verified,
rho,2499,correct,verified,
rho,2500,correct,verified,
rho,2501,correct,verified,
rho,2502,correct,verified,
rho,2503,correct,verified,
rho,2504,correct,verified,
rho,2505,correct,verified,
rho,2506,correct,verified,
rho,2507,correct,verified,
rho,2508,correct,verified,
rho,2509,correct,verified,
rho,2510,correct,verified,
rho,2511,correct,verified,
rho,2512,correct,verified,
rho,2513,correct,verified,
rho,2514,correct,verified,
rho,2515,correct,verified,
rho,2516,correct,verified,
rho,2517,correct,verified,
rho,2518,correct,verified,
rho,2519,correct,verified,
rho,2520,correct,verified,
rho,2521,correct,verified,
rho,2522,correct,verified,
rho,2523,correct,verified,
rho,2524,correct,verified,
rho,2525,correct,verified,
rho,2526,correct,verified,
rho,2527,correct,verified,
rho,2528,correct,verified,
rho,2529,correct,verified,
rho,2530,correct,verified,
rho,2531,correct,verified,
rho,2532,correct,verified,
rho,2533,correct,verified,
rho,2534,correct,verified,
rho,2535,correct,verified,
rho,2536,correct,verified,
rho,2537,correct,verified,
rho,2538,correct,verified,
rho,2539,correct,verified,
rho,2540,correct,verified,
rho,2541,correct,verified,
rho,2542,correct,verified,
rho,2543,correct,verified,
rho,2544,correct,verified,
rho,2545,correct,verified,
rho,2546,correct,verified,
rho,2547,correct,verified,
rho,2548,correct,verified,
rho,2549,correct,verified,
rho,2550,correct,verified,
rho,2551,correct,verified,
rho,2552,correct,verified,
rho,2553,correct,verified,
rho,2554,correct,verified,
rho,2555,correct,verified,
rho,2556,correct,verified,
rho,2557,correct,verified,
rho,2558,correct,verified,
rho,2559,correct,verified,
rho,2560,correct,verified,
rho,2561,correct,verified,
rho,2562,correct,verified,
rho,2563,correct,verified,
rho,2564,correct,verified,
rho,2565,correct,verified,
rho,2566,correct,verified,
rho,2567,correct,verified,
rho,2568,correct,verified,
rho,2569,correct,verified,
rho,2570,correct,verified,
rho,2571,correct,verified,
rho,2572,correct,verified,
rho,2573,correct,verified,
rho,2574,correct,verified,
rho,2575,correct,verified,
rho,2576,correct,verified,
rho,2577,correct,verified,
rho,2578,correct,verified,
rho,2579,correct,verified,
rho,2580,correct,verified,
rho,2581,correct,verified,
rho,2582,correct,verified,
rho,2583,correct,verified,
rho,2584,correct,verified,
rho,2585,correct,verified,
rho,2586,correct,verified,
rho,2587,correct,verified,
rho,2588,correct,verified,
rho,2589,correct,verified,
rho,2590,correct,verified,
rho,2591,correct,verified,
rho,2592,correct,verified,
rho,2593,correct,verified,
rho,2594,correct,verified,
rho,2595,correct,verified,
rho,2596,correct,verified,
rho,2597,correct,verified,
rho,2598,correct,verified,
rho,2599,correct,verified,
rho,2600,correct,verified,
rho,2601,correct,verified,
rho,2602,correct,verified,
rho,2603,correct,verified,
rho,2604,correct,verified,
rho,2605,correct,verified,
rho,2606,correct,verified,
rho,2607,correct,verified,
rho,2608,correct,verified,
rho,2609,correct,verified,
rho,2610,correct,verified,
rho,2611,correct,verified,
rho,2612,correct,verified,
rho,2613,correct,verified,
rho,2614,correct,verified,
rho,2615,correct,verified,
rho,2616,correct,verified,
rho,2617,correct,verified,
rho,2618,correct,verified,
rho,2619,correct,verified,
rho,2620,correct,verified,
rho,2621,correct,verified,
rho,2622,correct,verified,
rho,2623,correct,verified,
rho,2624,correct,verified,
rho,2625,correct,verified,
rho,2626,correct,verified,
rho,2627,correct,verified,
rho,2628,correct,verified,
rho,2629,correct,verified,
rho,2630,correct,verified,
rho,2631,correct,verified,
rho,2632,correct,verified,
rho,2633,correct,verified,
rho,2634,correct,verified,
rho,2635,correct,verified,
rho,2636,correct,verified,
rho,2637,correct,verified,
rho,2638,correct,verified,
rho,2639,correct,verified,
rho,2640,correct,verified,
rho,2641,correct,verified,
rho,2642,correct,verified,
rho,2643,correct,verified,
rho,2644,correct,verified,
rho,2645,correct,verified,
rho,2646,correct,verified,
rho,2647,correct,verified,
rho,2648,correct,verified,
rho,2649,correct,verified,
rho,2650,correct,verified,
rho,2651,correct,verified,
rho,2652,correct,verified,
rho,2653,correct,verified,
rho,2654,correct,verified,
rho,2655,correct,verified,
rho,2656,correct,verified,
rho,2657,correct,verified,
rho,2658,correct,verified,
rho,2659,correct,verified,
rho,2660,correct,verified,
rho,2661,correct,verified,
rho,2662,correct,verified,
rho,2663,correct,verified,
rho,2664,correct,verified,
rho,2665,correct,verified,
rho,2666,correct,verified,
rho,2667,correct,verified,
rho,2668,correct,verified,
rho,2669,correct,verified,
rho,2670,correct,verified,
rho,2671,correct,verified,
rho,2672,correct,verified,
rho,2673,correct,verified,
rho,2674,correct,verified,
rho,2675,correct,verified,
rho,2676,correct,verified,
rho,2677,correct,verified,
rho,2678,correct,verified,
rho,2679,correct,verified,
rho,2680,correct,verified,
rho,2681,correct,verified,
rho,2682,correct,verified,
rho,2683,correct,verified,
rho,2684,correct,verified,
rho,2685,correct,verified,
rho,2686,correct,verified,
rho,2687,correct,verified,
rho,2688,correct,verified,
rho,2689,correct,verified,
rho,2690,correct,verified,
rho,2691,correct,verified,
rho,2692,correct,verified,
rho,2693,correct,verified,
rho,2694,correct,verified,
rho,2695,correct,verified,
rho,2696,correct,verified,
rho,2697,correct,verified,
rho,2698,correct,verified,
rho,2699,correct,verified,
rho,2700,correct,verified,
rho,2701,correct,verified,
rho,2702,correct,verified,
rho,2703,correct,verified,
rho,2704,correct,verified,
rho,2705,correct,verified,
rho,2706,correct,verified,
rho,2707,correct,verified,
rho,2708,correct,verified,
rho,2709,correct,verified,
rho,2710,correct,verified,
rho,2711,correct,verified,
rho,2712,correct,verified,
rho,2713,correct,verified,
rho,2714,correct,verified,
rho,2715,correct,verified,
rho,2716,correct,verified,
rho,2717,correct,verified,
rho,2718,correct,verified,
rho,2719,correct,verified,
rho,2720,correct,verified,
rho,2721,correct,verified,
rho,2722,correct,verified,
rho,2723,correct,verified,
rho,2724,correct,verified,
rho,2725,correct,verified,
rho,2726,correct,verified,
rho,2727,correct,verified,
rho,2728,correct,verified,
rho,2729,correct,verified,
rho,2730,correct,verified,
rho,2731,correct,verified,
rho,2732,correct,verified,
rho,2733,correct,verified,
rho,2734,correct,verified,
rho,2735,correct,verified,
rho,2736,correct,verified,
rho,2737,correct,verified,
rho,2738,correct,verified,
rho,2739,correct,verified,
rho,2740,correct,verified,
rho,2741,correct,verified,
rho,2742,correct,verified,
rho,2743,correct,verified,
rho,2744,correct,verified,
rho,2745,correct,verified,
rho,2746,correct,verified,
rho,2747,correct,verified,
rho,2748,correct,verified,
rho,2749,correct,verified,
rho,2750,correct,verified,
rho,2751,correct,verified,
rho,2752,correct,verified,
rho,2753,correct,verified,
rho,2754,correct,verified,
rho,2755,correct,verified,
rho,2756,correct,verified,
rho,2757,correct,verified,
rho,2758,correct,verified,
rho,2759,correct,verified,
rho,2760,correct,verified,
rho,2761,correct,verified,
rho,2762,correct,verified,
rho,2763,correct,verified,
rho,2764,correct,verified,
rho,2765,correct,verified,
rho,2766,correct,verified,
rho,2767,correct,verified,
rho,2768,correct,verified,
rho,2769,correct,verified,
rho,2770,correct,verified,
rho,2771,correct,verified,
rho,2772,correct,verified,
rho,2773,correct,verified,
rho,2774,correct,verified,
rho,2775,correct,verified,
rho,2776,correct,verified,
rho,2777,correct,verified,
rho,2778,correct,verified,
rho,2779,correct,verified,
rho,2780,correct,verified,
rho,2781,correct,verified,
rho,2782,correct,verified,
rho,2783,correct,verified,
rho,2784,correct,verified,
rho,2785,correct,verified,
rho,2786,correct,verified,
rho,2787,correct,verified,
rho,2788,correct,verified,
rho,2789,correct,verified,
rho,2790,correct,verified,
rho,2791,correct,verified,
rho,2792,correct,verified,
rho,2793,correct,verified,
rho,2794,correct,verified,
rho,2795,correct,verified,
rho,2796,correct,verified,
rho,2797,correct,verified,
rho,2798,correct,verified,
rho,2799,correct,verified,
rho,2800,correct,verified,
rho,2801,correct,verified,
rho,2802,correct,verified,
rho,2803,correct,verified,
rho,2804,correct,verified,
rho,2805,correct,verified,
rho,2806,correct,verified,
rho,2807,correct,verified,
rho,2808,correct,verified,
rho,2809,correct,verified,
rho,2810,correct,verified,
rho,2811,correct,verified,
rho,2812,correct,verified,
rho,2813,correct,verified,
rho,2814,correct,verified,
rho,2815,correct,verified,
rho,2816,correct,verified,
rho,2817,correct,verified,
rho,2818,correct,verified,
rho,2819,correct,verified,
rho,2820,correct,verified,
rho,2821,correct,verified,
rho,2822,correct,verified,
rho,2823,correct,verified,
rho,2824,correct,verified,
rho,2825,correct,verified,
rho,2826,correct,verified,
rho,2827,correct,verified,
rho,2828,correct,verified,
rho,2829,correct,verified,
rho,2830,correct,verified,
rho,2831,correct,verified,
rho,2832,correct,verified,
rho,2833,correct,verified,
rho,2834,correct,verified,
rho,2835,correct,verified,
rho,2836,correct,verified,
rho,2837,correct,verified,
rho,2838,correct,verified,
rho,2839,correct,verified,
rho,2840,correct,verified,
rho,2841,correct,verified,
rho,2842,correct,verified,
rho,2843,correct,verified,
rho,2844,correct,verified,
rho,2845,correct,verified,
rho,2846,correct,verified,
rho,2847,correct,verified,
rho,2848,correct,verified,
rho,2849,correct,verified,
rho,2850,correct,verified,
rho,2851,correct,verified,
rho,2852,correct,verified,
rho,2853,correct,verified,
rho,2854,correct,verified,
rho,2855,correct,verified,
rho,2856,correct,verified,
rho,2857,correct,verified,
rho,2858,correct,verified,
rho,2859,correct,verified,
rho,2860,correct,verified,
rho,2861,correct,verified,
rho,2862,correct,verified,
rho,2863,correct,verified,
rho,2864,correct,verified,
rho,2865,correct,verified,
rho,2866,correct,verified,
rho,2867,correct,verified,
rho,2868,correct,verified,
rho,2869,correct,verified,
rho,2870,correct,verified,
rho,2871,correct,verified,
rho,2872,correct,verified,
rho,2873,correct,verified,
rho,2874,correct,verified,
rho,2875,correct,verified,
rho,2876,correct,verified,
rho,2877,correct,verified,
rho,2878,correct,verified,
rho,2879,correct,verified,
rho,2880,correct,verified,
rho,2881,correct,verified,
rho,2882,correct,verified,
rho,2883,correct,verified,
rho,2884,correct,verified,
rho,2885,correct,verified,
rho,2886,correct,verified,
rho,2887,correct,verified,
rho,2888,correct,verified,
rho,2889,correct,verified,
rho,2890,correct,verified,
rho,2891,correct,verified,
rho,2892,correct,verified,
rho,2893,correct,verified,
rho,2894,correct,verified,
rho,2895,correct,verified,
rho,2896,correct,verified,
rho,2897,correct,verified,
rho,2898,correct,verified,
rho,2899,correct,verified,
rho,2900,correct,verified,
rho,2901,correct,verified,
rho,2902,correct,verified,
rho,2903,correct,verified,
rho,2904,correct,verified,
rho,2905,correct,verified,
rho,2906,correct,verified,
rho,2907,correct,verified,
rho,2908,correct,verified,
rho,2909,correct,verified,
rho,2910,correct,verified,
rho,2911,correct,verified,
rho,2912,correct,verified,
rho,2913,correct,verified,
rho,2914,correct,verified,
rho,2915,correct,verified,
rho,2916,correct,verified,
rho,2917,correct,verified,
rho,2918,correct,verified,
rho,2919,correct,verified,
rho,2920,correct,verified,
rho,2921,correct,verified,
rho,2922,correct,verified,
rho,2923,correct,verified,
rho,2924,correct,verified,
rho,2925,correct,verified,
rho,2926,correct,verified,
rho,2927,correct,verified,
rho,2928,correct,verified,
rho,2929,correct,verified,
rho,2930,correct,verified,
rho,2931,correct,verified,
rho,2932,correct,verified,
rho,2933,correct,verified,
rho,2934,correct,verified,
rho,2935,correct,verified,
rho,2936,correct,verified,
rho,2937,correct,verified,
rho,2938,correct,verified,
rho,2939,correct,verified,
rho,2940,correct,verified,
rho,2941,correct,verified,
rho,2942,correct,verified,
rho,2943,correct,verified,
rho,2944,correct,verified,
rho,2945,correct,verified,
rho,2946,correct,verified,
rho,2947,correct,verified,
rho,2948,correct,verified,
rho,2949,correct,verified,
rho,2950,correct,verified,
rho,2951,correct,verified,
rho,2952,correct,verified,
rho,2953,correct,verified,
rho,2954,correct,verified,
rho,2955,correct,verified,
rho,2956,correct,verified,
rho,2957,correct,verified,
rho,2958,correct,verified,
rho,2959,correct,verified,
rho,2960,correct,verified,
rho,2961,correct,verified,
rho,2962,correct,verified,
rho,2963,correct,verified,
rho,2964,correct,verified,
rho,2965,correct,verified,
rho,2966,correct,verified,
rho,2967,correct,verified,
rho,2968,correct,verified,
rho,2969,correct,verified,
rho,2970,correct,verified,
rho,2971,correct,verified,
rho,2972,correct,verified,
rho,2973,correct,verified,
rho,2974,correct,verified,
rho,2975,correct,verified,
rho,2976,correct,verified,
rho,2977,correct,verified,
rho,2978,correct,verified,
rho,2979,correct,verified,
rho,2980,correct,verified,
rho,2981,correct,verified,
rho,2982,correct,verified,
rho,2983,correct,verified,
rho,2984,correct,verified,
rho,2985,correct,verified,
rho,2986,correct,verified,
rho,2987,correct,verified,
rho,2988,correct,verified,
rho,2989,correct,verified,
rho,2990,correct,verified,
rho,2991,correct,verified,
rho,2992,correct,verified,
rho,2993,correct,verified,
rho,2994,correct,verified,
rho,2995,correct,verified,
rho,2996,correct,verified,
rho,2997,correct,verified,
rho,2998,correct,verified,
rho,2999,correct,verified,
rho,3000,correct,verified,
rho,3001,correct,verified,
rho,3002,correct,verified,
rho,3003,correct,verified,
rho,3004,correct,verified,
rho,3005,correct,verified,
rho,3006,correct,verified,
rho,3007,correct,verified,
rho,3008,correct,verified,
rho,3009,correct,verified,
rho,3010,correct,verified,
rho,3011,correct,verified,
rho,3012,correct,verified,
rho,3013,correct,verified,
rho,3014,correct,verified,
rho,3015,correct,verified,
rho,3016,correct,verified,
rho,3017,correct,verified,
rho,3018,correct,verified,
rho,3019,correct,verified,
rho,3020,correct,verified,
rho,3021,correct,verified,
rho,3022,correct,verified,
rho,3023,correct,verified,
rho,3024,correct,verified,
rho,3025,correct,verified,
rho,3026,correct,verified,
rho,3027,correct,verified,
rho,3028,correct,verified,
rho,3029,correct,verified,
rho,3030,correct,verified,
rho,3031,correct,verified,
rho,3032,correct,verified,
rho,3033,correct,verified,
rho,3034,correct,verified,
rho,3035,correct,verified,
rho,3036,correct,verified,
rho,3037,correct,verified,
rho,3038,correct,verified,
rho,3039,correct,verified,
rho,3040,correct,verified,
rho,3041,correct,verified,
rho,3042,correct,verified,
rho,3043,correct,verified,
rho,3044,correct,verified,
rho,3045,correct,verified,
rho,3046,correct,verified,
rho,3047,correct,verified,
rho,3048,correct,verified,
rho,3049,correct,verified,
rho,3050,correct,verified,
rho,3051,correct,verified,
rho,3052,correct,verified,
rho,3053,correct,verified,
rho,3054,correct,verified,
rho,3055,correct,verified,
rho,3056,correct,verified,
rho,3057,correct,verified,
rho,3058,correct,verified,
rho,3059,correct,verified,
rho,3060,correct,verified,
rho,3061,correct,verified,
rho,3062,correct,verified,
rho,3063,correct,verified,
rho,3064,correct,verified,
rho,3065,correct,verified,
rho,3066,correct,verified,
rho,3067,correct,verified,
rho,3068,correct,verified,
rho,3069,correct,verified,
rho,3070,correct,verified,
rho,3071,correct,verified,
rho,3072,correct,verified,
rho,3073,correct,verified,
rho,3074,correct,verified,
rho,3075,correct,verified,
rho,3076,correct,verified,
rho,3077,correct,verified,
rho,3078,correct,verified,
rho,3079,correct,verified,
rho,3080,correct,verified,
rho,3081,correct,verified,
rho,3082,correct,verified,
rho,3083,correct,verified,
rho,3084,correct,verified,
rho,3085,correct,verified,
rho,3086,correct,verified,
rho,3087,correct,verified,
rho,3088,correct,verified,
rho,3089,correct,verified,
rho,3090,correct,verified,
rho,3091,correct,verified,
rho,3092,correct,verified,
rho,3093,correct,verified,
rho,3094,correct,verified,
rho,3095,correct,verified,
rho,3096,correct,verified,
rho,3097,correct,verified,
rho,3098,correct,verified,
rho,3099,correct,verified,
rho,3100,correct,verified,
rho,3101,correct,verified,
rho,3102,correct,verified,
rho,3103,correct,verified,
rho,3104,correct,verified,
rho,3105,correct,verified,
rho,3106,correct,verified,
rho,3107,correct,verified,
rho,3108,correct,verified,
rho,3109,correct,verified,
rho,3110,correct,verified,
rho,3111,correct,verified,
rho,3112,correct,verified,
rho,3113,correct,verified,
rho,3114,correct,verified,
rho,3115,correct,verified,
rho,3116,correct,verified,
rho,3117,correct,verified,
rho,3118,correct,verified,
rho,3119,correct,verified,
rho,3120,correct,verified,
rho,3121,correct,verified,
rho,3122,correct,verified,
rho,3123,correct,verified,
rho,3124,correct,verified,
rho,3125,correct,verified,
rho,3126,correct,verified,
rho,3127,correct,verified,
rho,3128,correct,verified,
rho,3129,correct,verified,
rho,3130,correct,verified,
rho,3131,correct,verified,
rho,3132,correct,verified,
rho,3133,correct,verified,
rho,3134,correct,verified,
rho,3135,correct,verified,
rho,3136,correct,verified,
rho,3137,correct,verified,
rho,3138,correct,verified,
rho,3139,correct,verified,
rho,3140,correct,verified,
rho,3141,correct,verified,
rho,3142,correct,verified,
rho,3143,correct,verified,
rho,3144,correct,verified,
rho,3145,correct,verified,
rho,3146,correct,verified,
rho,3147,correct,verified,
rho,3148,correct,verified,
rho,3149,correct,verified,
rho,3150,correct,verified,
rho,3151,correct,verified,
rho,3152,correct,verified,
rho,3153,correct,verified,
rho,3154,correct,verified,
rho,3155,correct,verified,
rho,3156,correct,verified,
rho,3157,correct,verified,
rho,3158,correct,verified,
rho,3159,correct,verified,
rho,3160,correct,verified,
rho,3161,correct,verified,
rho,3162,correct,verified,
rho,3163,correct,verified,
rho,3164,correct,verified,
rho,3165,correct,verified,
rho,3166,correct,verified,
rho,3167,correct,verified,
rho,3168,correct,verified,
rho,3169,correct,verified,
rho,3170,correct,verified,
rho,3171,correct,verified,
rho,3172,correct,verified,
rho,3173,correct,verified,
rho,3174,correct,verified,
rho,3175,correct,verified,
rho,3176,correct,verified,
rho,3177,correct,verified,
rho,3178,correct,verified,
rho,3179,correct,verified,
rho,3180,correct,verified,
rho,3181,correct,verified,
rho,3182,correct,verified,
rho,3183,correct,verified,
rho,3184,correct,verified,
rho,3185,correct,verified,
rho,3186,correct,verified,
rho,3187,correct,verified,
rho,3188,correct,verified,
rho,3189,correct,verified,
rho,3190,correct,verified,
rho,3191,correct,verified,
rho,3192,correct,verified,
rho,3193,correct,verified,
rho,3194,correct,verified,
rho,3195,correct,verified,
rho,3196,correct,verified,
rho,3197,correct,verified,
rho,3198,correct,verified,
rho,3199,correct,verified,
rho,3200,correct,verified,
rho,3201,correct,verified,
rho,3202,correct,verified,
rho,3203,correct,verified,
rho,3204,correct,verified,
rho,3205,correct,verified,
rho,3206,correct,verified,
rho,3207,correct,verified,
rho,3208,correct,verified,
rho,3209,correct,verified,
rho,3210,correct,verified,
rho,3211,correct,verified,
rho,3212,correct,verified,
rho,3213,correct,verified,
rho,3214,correct,verified,
rho,3215,correct,verified,
rho,3216,correct,verified,
rho,3217,correct,verified,
rho,3218,correct,verified,
rho,3219,correct,verified,
rho,3220,correct,verified,
rho,3221,correct,verified,
rho,3222,correct,verified,
rho,3223,correct,verified,
rho,3224,correct,verified,
rho,3225,correct,verified,
rho,3226,correct,verified,
rho,3227,correct,verified,
rho,3228,correct,verified,
rho,3229,correct,verified,
rho,3230,correct,verified,
rho,3231,correct,verified,
rho,3232,correct,verified,
rho,3233,correct,verified,
rho,3234,correct,verified,
rho,3235,correct,verified,
rho,3236,correct,verified,
rho,3237,correct,verified,
rho,3238,correct,verified,
rho,3239,correct,verified,
rho,3240,correct,verified,
rho,3241,correct,verified,
rho,3242,correct,verified,
rho,3243,correct,verified,
rho,3244,correct,verified,
rho,3245,correct,verified,
rho,3246,correct,verified,
rho,3247,correct,verified,
rho,3248,correct,verified,
rho,3249,correct,verified,
rho,3250,correct,verified,
rho,3251,correct,verified,
rho,3252,correct,verified,
rho,3253,correct,verified,
rho,3254,correct,verified,
rho,3255,correct,verified,
rho,3256,correct,verified,
rho,3257,correct,verified,
rho,3258,correct,verified,
rho,3259,correct,verified,
rho,3260,correct,verified,
rho,3261,correct,verified,
rho,3262,correct,verified,
rho,3263,correct,verified,
rho,3264,correct,verified,
rho,3265,correct,verified,
rho,3266,correct,verified,
rho,3267,correct,verified,
rho,3268,correct,verified,
rho,3269,correct,verified,
rho,3270,correct,verified,
rho,3271,correct,verified,
rho,3272,correct,verified,
rho,3273,correct,verified,
rho,3274,correct,verified,
rho,3275,correct,verified,
rho,3276,correct,verified,
rho,3277,correct,verified,
rho,3278,correct,verified,
rho,3279,correct,verified,
rho,3280,correct,verified,
rho,3281,correct,verified,
rho,3282,correct,verified,
rho,3283,correct,verified,
rho,3284,correct,verified,
rho,3285,correct,verified,
rho,3286,correct,verified,
rho,3287,correct,verified,
rho,3288,correct,verified,
rho,3289,correct,verified,
rho,3290,correct,verified,
rho,3291,correct,verified,
rho,3292,correct,verified,
rho,3293,correct,verified,
rho,3294,correct,verified,
rho,3295,correct,verified,
rho,3296,correct,verified,
rho,3297,correct,verified,
rho,3298,correct,verified,
rho,3299,correct,verified,
rho,3300,correct,verified,
rho,3301,correct,verified,
rho,3302,correct,verified,
rho,3303,correct,verified,
rho,3304,correct,verified,
rho,3305,correct,verified,
rho,3306,correct,verified,
rho,3307,correct,verified,
rho,3308,correct,verified,
rho,3309,correct,verified,
rho,3310,correct,verified,
rho,3311,correct,verified,
rho,3312,correct,verified,
rho,3313,correct,verified,
rho,3314,correct,verified,
rho,3315,correct,verified,
rho,3316,correct,verified,
rho,3317,correct,verified,
rho,3318,correct,verified,
rho,3319,correct,verified,
rho,3320,correct,verified,
rho,3321,correct,verified,
rho,3322,correct,verified,
rho,3323,correct,verified,
rho,3324,correct,verified,
rho,3325,correct,verified,
rho,3326,correct,verified,
rho,3327,correct,verified,
rho,3328,correct,verified,
rho,3329,correct,verified,
rho,3330,correct,verified,
rho,3331,correct,verified,
rho,3332,correct,verified,
rho,3333,correct,verified,
rho,3334,correct,verified,
rho,3335,correct,verified,
rho,3336,correct,verified,
rho,3337,correct,verified,
rho,3338,correct,verified,
rho,3339,correct,verified,
rho,3340,correct,verified,
rho,3341,correct,verified,
rho,3342,correct,verified,
rho,3343,correct,verified,
rho,3344,correct,verified,
rho,3345,correct,verified,
rho,3346,correct,verified,
rho,3347,correct,verified,
rho,3348,correct,verified,
rho,3349,correct,verified,
rho,3350,correct,verified,
rho,3351,correct,verified,
rho,3352,correct,verified,
rho,3353,correct,verified,
rho,3354,correct,verified,
rho,3355,correct,verified,
rho,3356,correct,verified,
rho,3357,correct,verified,
rho,3358,correct,verified,
rho,3359,correct,verified,
rho,3360,correct,verified,
rho,3361,correct,verified,
rho,3362,correct,verified,
rho,3363,correct,verified,
rho,3364,correct,verified,
rho,3365,correct,verified,
rho,3366,correct,verified,
rho,3367,correct,verified,
rho,3368,correct,verified,
rho,3369,correct,verified,
rho,3370,correct,verified,
rho,3371,correct,verified,
rho,3372,correct,verified,
rho,3373,correct,verified,
rho,3374,correct,verified,
rho,3375,correct,verified,
rho,3376,correct,verified,
rho,3377,correct,verified,
rho,3378,correct,verified,
rho,3379,correct,verified,
rho,3380,correct,verified,
rho,3381,correct,verified,
rho,3382,correct,verified,
rho,3383,correct,verified,
rho,3384,correct,verified,
rho,3385,correct,verified,
rho,3386,correct,verified,
rho,3387,correct,verified,
rho,3388,correct,verified,
rho,3389,correct,verified,
rho,3390,correct,verified,
rho,3391,correct,verified,
rho,3392,correct,verified,
rho,3393,correct,verified,
rho,3394,correct,verified,
rho,3395,correct,verified,
rho,3396,correct,verified,
rho,3397,correct,verified,
rho,3398,correct,verified,
rho,3399,correct,verified,
rho,3400,correct,verified,
rho,3401,correct,verified,
rho,3402,correct,verified,
rho,3403,correct,verified,
rho,3404,correct,verified,
rho,3405,correct,verified,
rho,3406,correct,verified,
rho,3407,correct,verified,
rho,3408,correct,verified,
rho,3409,correct,verified,
rho,3410,correct,verified,
rho,3411,correct,verified,
rho,3412,correct,verified,
rho,3413,correct,verified,
rho,3414,correct,verified,
rho,3415,correct,verified,
rho,3416,correct,verified,
rho,3417,correct,verified,
rho,3418,correct,verified,
rho,3419,correct,verified,
rho,3420,correct,verified,
rho,3421,correct,verified,
rho,3422,correct,verified,
rho,3423,correct,verified,
rho,3424,correct,verified,
rho,3425,correct,verified,
rho,3426,correct,verified,
rho,3427,correct,verified,
rho,3428,correct,verified,
rho,3429,correct,verified,
rho,3430,correct,verified,
rho,3431,correct,verified,
rho,3432,correct,verified,
rho,3433,correct,verified,
rho,3434,correct,verified,
rho,3435,correct,verified,
rho,3436,correct,verified,
rho,3437,correct,verified,
rho,3438,correct,verified,
rho,3439,correct,verified,
rho,3440,correct,verified,
rho,3441,correct,verified,
rho,3442,correct,verified,
rho,3443,correct,verified,
rho,3444,correct,verified,
rho,3445,correct,verified,
rho,3446,correct,verified,
rho,3447,correct,verified,
rho,3448,correct,verified,
rho,3449,correct,verified,
rho,3450,correct,verified,
rho,3451,correct,verified,
rho,3452,correct,verified,
rho,3453,correct,verified,
rho,3454,correct,verified,
rho,3455,correct,verified,
rho,3456,correct,verified,
rho,3457,correct,verified,
rho,3458,correct,verified,
rho,3459,correct,verified,
rho,3460,correct,verified,
rho,3461,correct,verified,
rho,3462,correct,verified,
rho,3463,correct,verified,
rho,3464,correct,verified,
rho,3465,correct,verified,
rho,3466,correct,verified,
rho,3467,correct,verified,
rho,3468,correct,verified,
rho,3469,correct,verified,
rho,3470,correct,verified,
rho,3471,correct,verified,
rho,3472,correct,verified,
rho,3473,correct,verified,
rho,3474,correct,verified,
rho,3475,correct,verified,
rho,3476,correct,verified,
rho,3477,correct,verified,
rho,3478,correct,verified,
rho,3479,correct,verified,
rho,3480,correct,verified,
rho,3481,correct,verified,
rho,3482,correct,verified,
rho,3483,correct,verified,
rho,3484,correct,verified,
rho,3485,correct,verified,
rho,3486,correct,verified,
rho,3487,correct,verified,
rho,3488,correct,verified,
rho,3489,correct,verified,
rho,3490,correct,verified,
rho,3491,correct,verified,
rho,3492,correct,verified,
rho,3493,correct,verified,
rho,3494,correct,verified,
rho,3495,correct,verified,
rho,3496,correct,verified,
rho,3497,correct,verified,
rho,3498,correct,verified,
rho,3499,correct,verified,
rho,3500,correct,verified,
rho,3501,correct,verified,
rho,3502,correct,verified,
rho,3503,correct,verified,
rho,3504,correct,verified,
rho,3505,correct,verified,
rho,3506,correct,verified,
rho,3507,correct,verified,
rho,3508,correct,verified,
rho,3509,correct,verified,
rho,3510,correct,verified,
rho,3511,correct,verified,
rho,3512,correct,verified,
rho,3513,correct,verified,
rho,3514,correct,verified,
rho,3515,correct,verified,
rho,3516,correct,verified,
rho,3517,correct,verified,
rho,3518,correct,verified,
rho,3519,correct,verified,
rho,3520,correct,verified,
rho,3521,correct,verified,
rho,3522,correct,verified,
rho,3523,correct,verified,
rho,3524,correct,verified,
rho,3525,correct,verified,
rho,3526,correct,verified,
rho,3527,correct,verified,
rho,3528,correct,verified,
rho,3529,correct,verified,
rho,3530,correct,verified,
rho,3531,correct,verified,
rho,3532,correct,verified,
rho,3533,correct,verified,
rho,3534,correct,verified,
rho,3535,correct,verified,
rho,3536,correct,verified,
rho,3537,correct,verified,
rho,3538,correct,verified,
rho,3539,correct,verified,
rho,3540,correct,verified,
rho,3541,correct,verified,
rho,3542,correct,verified,
rho,3543,correct,verified,
rho,3544,correct,verified,
rho,3545,correct,verified,
rho,3546,correct,verified,
rho,3547,correct,verified,
rho,3548,correct,verified,
rho,3549,correct,verified,
rho,3550,correct,verified,
rho,3551,correct,verified,
rho,3552,correct,verified,
rho,3553,correct,verified,
rho,3554,correct,verified,
rho,3555,correct,verified,
rho,3556,correct,verified,
rho,3557,correct,verified,
rho,3558,correct,verified,
rho,3559,correct,verified,
rho,3560,correct,verified,
rho,3561,correct,verified,
rho,3562,correct,verified,
rho,3563,correct,verified,
rho,3564,correct,verified,
rho,3565,correct,verified,
rho,3566,correct,verified,
rho,3567,correct,verified,
rho,3568,correct,verified,
rho,3569,correct,verified,
rho,3570,correct,verified,
rho,3571,correct,verified,
rho,3572,correct,verified,
rho,3573,correct,verified,
rho,3574,correct,verified,
rho,3575,correct,verified,
rho,3576,correct,verified,
rho,3577,correct,verified,
rho,3578,correct,verified,
rho,3579,correct,verified,
rho,3580,correct,verified,
rho,3581,correct,verified,
rho,3582,correct,verified,
rho,3583,correct,verified,
rho,3584,correct,verified,
rho,3585,correct,verified,
rho,3586,correct,verified,
rho,3587,correct,verified,
rho,3588,correct,verified,
rho,3589,correct,verified,
rho,3590,correct,verified,
rho,3591,correct,verified,
rho,3592,correct,verified,
rho,3593,correct,verified,
rho,3594,correct,verified,
rho,3595,correct,verified,
rho,3596,correct,verified,
rho,3597,correct,verified,
rho,3598,correct,verified,
rho,3599,correct,verified,
rho,3600,correct,verified,
rho,3601,correct,verified,
rho,3602,correct,verified,
rho,3603,correct,verified,
rho,3604,correct,verified,
rho,3605,correct,verified,
rho,3606,correct,verified,
rho,3607,correct,verified,
rho,3608,correct,verified,
rho,3609,correct,verified,
rho,3610,correct,verified,
rho,3611,correct,verified,
rho,3612,correct,verified,
rho,3613,correct,verified,
rho,3614,correct,verified,
rho,3615,correct,verified,
rho,3616,correct,verified,
rho,3617,correct,verified,
rho,3618,correct,verified,
rho,3619,correct,verified,
rho,3620,correct,verified,
rho,3621,correct,verified,
rho,3622,correct,verified,
rho,3623,correct,verified,
rho,3624,correct,verified,
rho,3625,correct,verified,
rho,3626,correct,verified,
rho,3627,correct,verified,
rho,3628,correct,verified,
rho,3629,correct,verified,
rho,3630,correct,verified,
rho,3631,correct,verified,
rho,3632,correct,verified,
rho,3633,correct,verified,
rho,3634,correct,verified,
rho,3635,correct,verified,
rho,3636,correct,verified,
rho,3637,correct,verified,
rho,3638,correct,verified,
rho,3639,correct,verified,
rho,3640,correct,verified,
rho,3641,correct,verified,
rho,3642,correct,verified,
rho,3643,correct,verified,
rho,3644,correct,verified,
rho,3645,correct,verified,
rho,3646,correct,verified,
rho,3647,correct,verified,
rho,3648,correct,verified,
rho,3649,correct,verified,
rho,3650,correct,verified,
rho,3651,correct,verified,
rho,3652,correct,verified,
rho,3653,correct,verified,
rho,3654,correct,verified,
rho,3655,correct,verified,
rho,3656,correct,verified,
rho,3657,correct,verified,
rho,3658,correct,verified,
rho,3659,correct,verified,
rho,3660,correct,verified,
rho,3661,correct,verified,
rho,3662,correct,verified,
rho,3663,correct,verified,
rho,3664,correct,verified,
rho,3665,correct,verified,
rho,3666,correct,verified,
rho,3667,correct,verified,
rho,3668,correct,verified,
rho,3669,correct,verified,
rho,3670,correct,verified,
rho,3671,correct,verified,
rho,3672,correct,verified,
rho,3673,correct,verified,
rho,3674,correct,verified,
rho,3675,correct,verified,
rho,3676,correct,verified,
rho,3677,correct,verified,
rho,3678,correct,verified,
rho,3679,correct,verified,
rho,3680,correct,verified,
rho,3681,correct,verified,
rho,3682,correct,verified,
rho,3683,correct,verified,
rho,3684,correct,verified,
rho,3685,correct,verified,
rho,3686,correct,verified,
rho,3687,correct,verified,
rho,3688,correct,verified,
rho,3689,correct,verified,
rho,3690,correct,verified,
rho,3691,correct,verified,
rho,3692,correct,verified,
rho,3693,correct,verified,
rho,3694,correct,verified,
rho,3695,correct,verified,
rho,3696,correct,verified,
rho,3697,correct,verified,
rho,3698,correct,verified,
rho,3699,correct,verified,
rho,3700,correct,verified,
rho,3701,correct,verified,
rho,3702,correct,verified,
rho,3703,correct,verified,
rho,3704,correct,verified,
rho,3705,correct,verified,
rho,3706,correct,verified,
rho,3707,correct,verified,
rho,3708,correct,verified,
rho,3709,correct,verified,
rho,3710,correct,verified,
rho,3711,correct,verified,
rho,3712,correct,verified,
rho,3713,correct,verified,
rho,3714,correct,verified,
rho,3715,correct,verified,
rho,3716,correct,verified,
rho,3717,correct,verified,
rho,3718,correct,verified,
rho,3719,correct,verified,
rho,3720,correct,verified,
rho,3721,correct,verified,
rho,3722,correct,verified,
rho,3723,correct,verified,
rho,3724,correct,verified,
rho,3725,correct,verified,
rho,3726,correct,verified,
rho,3727,correct,verified,
rho,3728,correct,verified,
rho,3729,correct,verified,
rho,3730,correct,verified,
rho,3731,correct,verified,
rho,3732,correct,verified,
rho,3733,correct,verified,
rho,3734,correct,verified,
rho,3735,correct,verified,
rho,3736,correct,verified,
rho,3737,correct,verified,
rho,3738,correct,verified,
rho,3739,correct,verified,
rho,3740,correct,verified,
rho,3741,correct,verified,
rho,3742,correct,verified,
rho,3743,correct,verified,
rho,3744,correct,verified,
rho,3745,correct,verified,
rho,3746,correct,verified,
rho,3747,correct,verified,
rho,3748,correct,verified,
rho,3749,correct,verified,
rho,3750,correct,verified,
rho,3751,correct,verified,
rho,3752,correct,verified,
rho,3753,correct,verified,
rho,3754,correct,verified,
rho,3755,correct,verified,
rho,3756,correct,verified,
rho,3757,correct,verified,
rho,3758,correct,verified,
rho,3759,correct,verified,
rho,3760,correct,verified,
rho,3761,correct,verified,
rho,3762,correct,verified,
rho,3763,correct,verified,
rho,3764,correct,verified,
rho,3765,correct,verified,
rho,3766,correct,verified,
rho,3767,correct,verified,
rho,3768,correct,verified,
rho,3769,correct,verified,
rho,3770,correct,verified,
rho,3771,correct,verified,
rho,3772,correct,verified,
rho,3773,correct,verified,
rho,3774,correct,verified,
rho,3775,correct,verified,
rho,3776,correct,verified,
rho,3777,correct,verified,
rho,3778,correct,verified,
rho,3779,correct,verified,
rho,3780,correct,verified,
rho,3781,correct,verified,
rho,3782,correct,verified,
rho,3783,correct,verified,
rho,3784,correct,verified,
rho,3785,correct,verified,
rho,3786,correct,verified,
rho,3787,correct,verified,
rho,3788,correct,verified,
rho,3789,correct,verified,
rho,3790,correct,verified,
rho,3791,correct,verified,
rho,3792,correct,verified,
rho,3793,correct,verified,
rho,3794,correct,verified,
rho,3795,correct,verified,
rho,3796,correct,verified,
rho,3797,correct,verified,
rho,3798,correct,verified,
rho,3799,correct,verified,
rho,3800,correct,verified,
rho,3801,correct,verified,
rho,3802,correct,verified,
rho,3803,correct,verified,
rho,3804,correct,verified,
rho,3805,correct,verified,
rho,3806,correct,verified,
rho,3807,correct,verified,
rho,3808,correct,verified,
rho,3809,correct,verified,
rho,3810,correct,verified,
rho,3811,correct,verified,
rho,3812,correct,verified,
rho,3813,correct,verified,
rho,3814,correct,verified,
rho,3815,correct,verified,
rho,3816,correct,verified,
rho,3817,correct,verified,
rho,3818,correct,verified,
rho,3819,correct,verified,
rho,3820,correct,verified,
rho,3821,correct,verified,
rho,3822,correct,verified,
rho,3823,correct,verified,
rho,3824,correct,verified,
rho,3825,correct,verified,
rho,3826,correct,verified,
rho,3827,correct,verified,
rho,3828,correct,verified,
rho,3829,correct,verified,
rho,3830,correct,verified,
rho,3831,correct,verified,
rho,3832,correct,verified,
rho,3833,correct,verified,
rho,3834,correct,verified,
rho,3835,correct,verified,
rho,3836,correct,verified,
rho,3837,correct,verified,
rho,3838,correct,verified,
rho,3839,correct,verified,
rho,3840,correct,verified,
rho,3841,correct,verified,
rho,3842,correct,verified,
rho,3843,correct,verified,
rho,3844,correct,verified,
rho,3845,correct,verified,
rho,3846,correct,verified,
rho,3847,correct,verified,
rho,3848,correct,verified,
rho,3849,correct,verified,
rho,3850,correct,verified,
rho,3851,correct,verified,
rho,3852,correct,verified,
rho,3853,correct,verified,
rho,3854,correct,verified,
rho,3855,correct,verified,
rho,3856,correct,verified,
rho,3857,correct,verified,
rho,3858,correct,verified,
rho,3859,correct,verified,
rho,3860,correct,verified,
rho,3861,correct,verified,
rho,3862,correct,verified,
rho,3863,correct,verified,
rho,3864,correct,verified,
rho,3865,correct,verified,
rho,3866,correct,verified,
rho,3867,correct,verified,
rho,3868,correct,verified,
rho,3869,correct,verified,
rho,3870,correct,verified,
rho,3871,correct,verified,
rho,3872,correct,verified,
rho,3873,correct,verified,
rho,3874,correct,verified,
rho,3875,correct,verified,
rho,3876,correct,verified,
rho,3877,correct,verified,
rho,3878,correct,verified,
rho,3879,correct,verified,
rho,3880,correct,verified,
rho,3881,correct,verified,
rho,3882,correct,verified,
rho,3883,correct,verified,
rho,3884,correct,verified,
rho,3885,correct,verified,
rho,3886,correct,verified,
rho,3887,correct,verified,
rho,3888,correct,verified,
rho,3889,correct,verified,
rho,3890,correct,verified,
rho,3891,correct,verified,
rho,3892,correct,verified,
rho,3893,correct,verified,
rho,3894,correct,verified,
rho,3895,correct,verified,
rho,3896,correct,verified,
rho,3897,correct,verified,
rho,3898,correct,verified,
rho,3899,correct,verified,
rho,3900,correct,verified,
rho,3901,correct,verified,
rho,3902,correct,verified,
rho,3903,correct,verified,
rho,3904,correct,verified,
rho,3905,correct,verified,
rho,3906,correct,verified,
rho,3907,correct,verified,
rho,3908,correct,verified,
rho,3909,correct,verified,
rho,3910,correct,verified,
rho,3911,correct,verified,
rho,3912,correct,verified,
rho,3913,correct,verified,
rho,3914,correct,verified,
rho,3915,correct,verified,
rho,3916,correct,verified,
rho,3917,correct,verified,
rho,3918,correct,verified,
rho,3919,correct,verified,
rho,3920,correct,verified,
rho,3921,correct,verified,
rho,3922,correct,verified,
rho,3923,correct,verified,
rho,3924,correct,verified,
rho,3925,correct,verified,
rho,3926,correct,verified,
rho,3927,correct,verified,
rho,3928,correct,verified,
rho,3929,correct,verified,
rho,3930,correct,verified,
rho,3931,correct,verified,
rho,3932,correct,verified,
rho,3933,correct,verified,
rho,3934,correct,verified,
rho,3935,correct,verified,
rho,3936,correct,verified,
rho,3937,correct,verified,
rho,3938,correct,verified,
rho,3939,correct,verified,
rho,3940,correct,verified,
rho,3941,correct,verified,
rho,3942,correct,verified,
rho,3943,correct,verified,
rho,3944,correct,verified,
rho,3945,correct,verified,
rho,3946,correct,verified,
rho,3947,correct,verified,
rho,3948,correct,verified,
rho,3949,correct,verified,
rho,3950,correct,verified,
rho,3951,correct,verified,
rho,3952,correct,verified,
rho,3953,correct,verified,
rho,3954,correct,verified,
rho,3955,correct,verified,
rho,3956,correct,verified,
rho,3957,correct,verified,
rho,3958,correct,verified,
rho,3959,correct,verified,
rho,3960,correct,verified,
rho,3961,correct,verified,
rho,3962,correct,verified,
rho,3963,correct,verified,
rho,3964,correct,verified,
rho,3965,correct,verified,
rho,3966,correct,verified,
rho,3967,correct,verified,
rho,3968,correct,verified,
rho,3969,correct,verified,
rho,3970,correct,verified,
rho,3971,correct,verified,
rho,3972,correct,verified,
rho,3973,correct,verified,
rho,3974,correct,verified,
rho,3975,correct,verified,
rho,3976,correct,verified,
rho,3977,correct,verified,
rho,3978,correct,verified,
rho,3979,correct,verified,
rho,3980,correct,verified,
rho,3981,correct,verified,
rho,3982,correct,verified,
rho,3983,correct,verified,
rho,3984,correct,verified,
rho,3985,correct,verified,
rho,3986,correct,verified,
rho,3987,correct,verified,
rho,3988,correct,verified,
rho,3989,correct,verified,
rho,3990,correct,verified,
rho,3991,correct,verified,
rho,3992,correct,verified,
rho,3993,correct,verified,
rho,3994,correct,verified,
rho,3995,correct,verified,
rho,3996,correct,verified,
rho,3997,correct,verified,
rho,3998,correct,verified,
rho,3999,correct,verified,
rho,4000,correct,verified,
rho,4001,correct,verified,
rho,4002,correct,verified,
rho,4003,correct,verified,
rho,4004,correct,verified,
rho,4005,correct,verified,
rho,4006,correct,verified,
rho,4007,correct,verified,
rho,4008,correct,verified,
rho,4009,correct,verified,
rho,4010,correct,verified,
rho,4011,correct,verified,
rho,4012,correct,verified,
rho,4013,correct,verified,
rho,4014,correct,verified,
rho,4015,correct,verified,
rho,4016,correct,verified,
rho,4017,correct,verified,
rho,4018,correct,verified,
rho,4019,correct,verified,
rho,4020,correct,verified,
rho,4021,correct,verified,
rho,4022,correct,verified,
rho,4023,correct,verified,
rho,4024,correct,verified,
rho,4025,correct,verified,
rho,4026,correct,verified,
rho,4027,correct,verified,
rho,4028,correct,verified,
rho,4029,correct,verified,
rho,4030,correct,verified,
rho,4031,correct,verified,
rho,4032,correct,verified,
rho,4033,correct,verified,
rho,4034,correct,verified,
rho,4035,correct,verified,
rho,4036,correct,verified,
rho,4037,correct,verified,
rho,4038,correct,verified,
rho,4039,correct,verified,
rho,4040,correct,verified,
rho,4041,correct,verified,
rho,4042,correct,verified,
rho,4043,correct,verified,
rho,4044,correct,verified,
rho,4045,correct,verified,
rho,4046,correct,verified,
rho,4047,correct,verified,
rho,4048,correct,verified,
rho,4049,correct,verified,
rho,4050,correct,verified,
rho,4051,correct,verified,
rho,4052,correct,verified,
rho,4053,correct,verified,
rho,4054,correct,verified,
rho,4055,correct,verified,
rho,4056,correct,verified,
rho,4057,correct,verified,
rho,4058,correct,verified,
rho,4059,correct,verified,
rho,4060,correct,verified,
rho,4061,correct,verified,
rho,4062,correct,verified,
rho,4063,correct,verified,
rho,4064,correct,verified,
rho,4065,correct,verified,
rho,4066,correct,verified,
rho,4067,correct,verified,
rho,4068,correct,verified,
rho,4069,correct,verified,
rho,4070,correct,verified,
rho,4071,correct,verified,
rho,4072,correct,verified,
rho,4073,correct,verified,
rho,4074,correct,verified,
rho,4075,correct,verified,
rho,4076,correct,verified,
rho,4077,correct,verified,
rho,4078,correct,verified,
rho,4079,correct,verified,
rho,4080,correct,verified,
rho,4081,correct,verified,
rho,4082,correct,verified,
rho,4083,correct,verified,
rho,4084,correct,verified,
rho,4085,correct,verified,
rho,4086,correct,verified,
rho,4087,correct,verified,
rho,4088,correct,verified,
rho,4089,correct,verified,
rho,4090,correct,verified,
rho,4091,correct,verified,
rho,4092,correct,verified,
rho,4093,correct,verified,
rho,4094,correct,verified,
rho,4095,correct,verified,
rho,4096,correct,verified,
rho,4097,correct,verified,
rho,4098,correct,verified,
rho,4099,correct,verified,
rho,4100,correct,verified,
rho,4101,correct,verified,
rho,4102,correct,verified,
rho,4103,correct,verified,
rho,4104,correct,verified,
rho,4105,correct,verified,
rho,4106,correct,verified,
rho,4107,correct,verified,
rho,4108,correct,verified,
rho,4109,correct,verified,
rho,4110,correct,verified,
rho,4111,correct,verified,
rho,4112,correct,verified,
rho,4113,correct,verified,
rho,4114,correct,verified,
rho,4115,correct,verified,
rho,4116,correct,verified,
rho,4117,correct,verified,
rho,4118,correct,verified,
rho,4119,correct,verified,
rho,4120,correct,verified,
rho,4121,correct,verified,
rho,4122,correct,verified,
rho,4123,correct,verified,
rho,4124,correct,verified,
rho,4125,correct,verified,
rho,4126,correct,verified,
rho,4127,correct,verified,
rho,4128,correct,verified,
rho,4129,correct,verified,
rho,4130,correct,verified,
rho,4131,correct,verified,
rho,4132,correct,verified,
rho,4133,correct,verified,
rho,4134,correct,verified,
rho,4135,correct,verified,
rho,4136,correct,verified,
rho,4137,correct,verified,
rho,4138,correct,verified,
rho,4139,correct,verified,
rho,4140,correct,verified,
rho,4141,correct,verified,
rho,4142,correct,verified,
rho,4143,correct,verified,
rho,4144,correct,verified,
rho,4145,correct,verified,
rho,4146,correct,verified,
rho,4147,correct,verified,
rho,4148,correct,verified,
rho,4149,correct,verified,
rho,4150,correct,verified,
rho,4151,correct,verified,
rho,4152,correct,verified,
rho,4153,correct,verified,
rho,4154,correct,verified,
rho,4155,correct,verified,
rho,4156,correct,verified,
rho,4157,correct,verified,
rho,4158,correct,verified,
rho,4159,correct,verified,
rho,4160,correct,verified,
rho,4161,correct,verified,
rho,4162,correct,verified,
rho,4163,correct,verified,
rho,4164,correct,verified,
rho,4165,correct,verified,
rho,4166,correct,verified,
rho,4167,correct,verified,
rho,4168,correct,verified,
rho,4169,correct,verified,
rho,4170,correct,verified,
rho,4171,correct,verified,
rho,4172,correct,verified,
rho,4173,correct,verified,
rho,4174,correct,verified,
rho,4175,correct,verified,
rho,4176,correct,verified,
rho,4177,correct,verified,
rho,4178,correct,verified,
rho,4179,correct,verified,
rho,4180,correct,verified,
rho,4181,correct,verified,
rho,4182,correct,verified,
rho,4183,correct,verified,
rho,4184,correct,verified,
rho,4185,correct,verified,
rho,4186,correct,verified,
rho,4187,correct,verified,
rho,4188,correct,verified,
rho,4189,correct,verified,
rho,4190,correct,verified,
rho,4191,correct,verified,
rho,4192,correct,verified,
rho,4193,correct,verified,
rho,4194,correct,verified,
rho,4195,correct,verified,
rho,4196,correct,verified,
rho,4197,correct,verified,
rho,4198,correct,verified,
rho,4199,correct,verified,
rho,4200,correct,verified,
rho,4201,correct,verified,
rho,4202,correct,verified,
rho,4203,correct,verified,
rho,4204,correct,verified,
rho,4205,correct,verified,
rho,4206,correct,verified,
rho,4207,correct,verified,
rho,4208,correct,verified,
rho,4209,correct,verified,
rho,4210,correct,verified,
rho,4211,correct,verified,
rho,4212,correct,verified,
rho,4213,correct,verified,
rho,4214,correct,verified,
rho,4215,correct,verified,
rho,4216,correct,verified,
rho,4217,correct,verified,
rho,4218,correct,verified,
rho,4219,correct,verified,
rho,4220,correct,verified,
rho,4221,correct,verified,
rho,4222,correct,verified,
rho,4223,correct,verified,
rho,4224,correct,verified,
rho,4225,correct,verified,
rho,4226,correct,verified,
rho,4227,correct,verified,
rho,4228,correct,verified,
rho,4229,correct,verified,
rho,4230,correct,verified,
rho,4231,correct,verified,
rho,4232,correct,verified,
rho,4233,correct,verified,
rho,4234,correct,verified,
rho,4235,correct,verified,
rho,4236,correct,verified,
rho,4237,correct,verified,
rho,4238,correct,verified,
rho,4239,correct,verified,
rho,4240,correct,verified,
rho,4241,correct,verified,
rho,4242,correct,verified,
rho,4243,correct,verified,
rho,4244,correct,verified,
rho,4245,correct,verified,
rho,4246,correct,verified,
rho,4247,correct,verified,
rho,4248,correct,verified,
rho,4249,correct,verified,
rho,4250,correct,verified,
rho,4251,correct,verified,
rho,4252,correct,verified,
rho,4253,correct,verified,
rho,4254,correct,verified,
rho,4255,correct,verified,
rho,4256,correct,verified,
rho,4257,correct,verified,
rho,4258,correct,verified,
rho,4259,correct,verified,
rho,4260,correct,verified,
rho,4261,correct,verified,
rho,4262,correct,verified,
rho,4263,correct,verified,
rho,4264,correct,verified,
rho,4265,correct,verified,
rho,4266,correct,verified,
rho,4267,correct,verified,
rho,4268,correct,verified,
rho,4269,correct,verified,
rho,4270,correct,verified,
rho,4271,correct,verified,
rho,4272,correct,verified,
rho,4273,correct,verified,
rho,4274,correct,verified,
rho,4275,correct,verified,
rho,4276,correct,verified,
rho,4277,correct,verified,
rho,4278,correct,verified,
rho,4279,correct,verified,
rho,4280,correct,verified,
rho,4281,correct,verified,
rho,4282,correct,verified,
rho,4283,correct,verified,
rho,4284,correct,verified,
rho,4285,correct,verified,
rho,4286,correct,verified,
rho,4287,correct,verified,
rho,4288,correct,verified,
rho,4289,correct,verified,
rho,4290,correct,verified,
rho,4291,correct,verified,
rho,4292,correct,verified,
rho,4293,correct,verified,
rho,4294,correct,verified,
rho,4295,correct,verified,
rho,4296,correct,verified,
rho,4297,correct,verified,
rho,4298,correct,verified,
rho,4299,correct,verified,
rho,4300,correct,verified,
rho,4301,correct,verified,
rho,4302,correct,verified,
rho,4303,correct,verified,
rho,4304,correct,verified,
rho,4305,correct,verified,
rho,4306,correct,verified,
rho,4307,correct,verified,
rho,4308,correct,verified,
rho,4309,correct,verified,
rho,4310,correct,verified,
rho,4311,correct,verified,
rho,4312,correct,verified,
rho,4313,correct,verified,
rho,4314,correct,verified,
rho,4315,correct,verified,
rho,4316,correct,verified,
rho,4317,correct,verified,
rho,4318,correct,verified,
rho,4319,correct,verified,
rho,4320,correct,verified,
rho,4321,correct,verified,
rho,4322,correct,verified,
rho,4323,correct,verified,
rho,4324,correct,verified,
rho,4325,correct,verified,
rho,4326,correct,verified,
rho,4327,correct,verified,
rho,4328,correct,verified,
rho,4329,correct,verified,
rho,4330,correct,verified,
rho,4331,correct,verified,
rho,4332,correct,verified,
rho,4333,correct,verified,
rho,4334,correct,verified,
rho,4335,correct,verified,
rho,4336,correct,verified,
rho,4337,correct,verified,
rho,4338,correct,verified,
rho,4339,correct,verified,
rho,4340,correct,verified,
rho,4341,correct,verified,
rho,4342,correct,verified,
rho,4343,correct,verified,
rho,4344,correct,verified,
rho,4345,correct,verified,
rho,4346,correct,verified,
rho,4347,correct,verified,
rho,4348,correct,verified,
rho,4349,correct,verified,
rho,4350,correct,verified,
rho,4351,correct,verified,
rho,4352,correct,verified,
rho,4353,correct,verified,
rho,4354,correct,verified,
rho,4355,correct,verified,
rho,4356,correct,verified,
rho,4357,correct,verified,
rho,4358,correct,verified,
rho,4359,correct,verified,
rho,4360,correct,verified,
rho,4361,correct,verified,
rho,4362,correct,verified,
rho,4363,correct,verified,
rho,4364,correct,verified,
rho,4365,correct,verified,
rho,4366,correct,verified,
rho,4367,correct,verified,
rho,4368,correct,verified,
rho,4369,correct,verified,
rho,4370,correct,verified,
rho,4371,correct,verified,
rho,4372,correct,verified,
rho,4373,correct,verified,
rho,4374,correct,verified,
rho,4375,correct,verified,
rho,4376,correct,verified,
rho,4377,correct,verified,
rho,4378,correct,verified,
rho,4379,correct,verified,
rho,4380,correct,verified,
rho,4381,correct,verified,
rho,4382,correct,verified,
rho,4383,correct,verified,
rho,4384,correct,verified,
rho,4385,correct,verified,
rho,4386,correct,verified,
rho,4387,correct,verified,
rho,4388,correct,verified,
rho,4389,correct,verified,
rho,4390,correct,verified,
rho,4391,correct,verified,
rho,4392,correct,verified,
rho,4393,correct,verified,
rho,4394,correct,verified,
rho,4395,correct,verified,
rho,4396,correct,verified,
rho,4397,correct,verified,
rho,4398,correct,verified,
rho,4399,correct,verified,
rho,4400,correct,verified,
rho,4401,correct,verified,
rho,4402,correct,verified,
rho,4403,correct,verified,
rho,4404,correct,verified,
rho,4405,correct,verified,
rho,4406,correct,verified,
rho,4407,correct,verified,
rho,4408,correct,verified,
rho,4409,correct,verified,
rho,4410,correct,verified,
rho,4411,correct,verified,
rho,4412,correct,verified,
rho,4413,correct,verified,
rho,4414,correct,verified,
rho,4415,correct,verified,
rho,4416,correct,verified,
rho,4417,correct,verified,
rho,4418,correct,verified,
rho,4419,correct,verified,
rho,4420,correct,verified,
rho,4421,correct,verified,
rho,4422,correct,verified,
rho,4423,correct,verified,
rho,4424,correct,verified,
rho,4425,correct,verified,
rho,4426,correct,verified,
rho,4427,correct,verified,
rho,4428,correct,verified,
rho,4429,correct,verified,
rho,4430,correct,verified,
rho,4431,correct,verified,
rho,4432,correct,verified,
rho,4433,correct,verified,
rho,4434,correct,verified,
rho,4435,correct,verified,
rho,4436,correct,verified,
rho,4437,correct,verified,
rho,4438,correct,verified,
rho,4439,correct,verified,
rho,4440,correct,verified,
rho,4441,correct,verified,
rho,4442,correct,verified,
rho,4443,correct,verified,
rho,4444,correct,verified,
rho,4445,correct,verified,
rho,4446,correct,verified,
rho,4447,correct,verified,
rho,4448,correct,verified,
rho,4449,correct,verified,
rho,4450,correct,verified,
rho,4451,correct,verified,
rho,4452,correct,verified,
rho,4453,correct,verified,
rho,4454,correct,verified,
rho,4455,correct,verified,
rho,4456,correct,verified,
rho,4457,correct,verified,
rho,4458,correct,verified,
rho,4459,correct,verified,
rho,4460,correct,verified,
rho,4461,correct,verified,
rho,4462,correct,verified,
rho,4463,correct,verified,
rho,4464,correct,verified,
rho,4465,correct,verified,
rho,4466,correct,verified,
rho,4467,correct,verified,
rho,4468,correct,verified,
rho,4469,correct,verified,
rho,4470,correct,verified,
rho,4471,correct,verified,
rho,4472,correct,verified,
rho,4473,correct,verified,
rho,4474,correct,verified,
rho,4475,correct,verified,
rho,4476,correct,verified,
rho,4477,correct,verified,
rho,4478,correct,verified,
rho,4479,correct,verified,
rho,4480,correct,verified,
rho,4481,correct,verified,
rho,4482,correct,verified,
rho,4483,correct,verified,
rho,4484,correct,verified,
rho,4485,correct,verified,
rho,4486,correct,verified,
rho,4487,correct,verified,
rho,4488,correct,verified,
rho,4489,correct,verified,
rho,4490,correct,verified,
rho,4491,correct,verified,
rho,4492,correct,verified,
rho,4493,correct,verified,
rho,4494,correct,verified,
rho,4495,correct,verified,
rho,4496,correct,verified,
rho,4497,correct,verified,
rho,4498,correct,verified,
rho,4499,correct,verified,
rho,4500,correct,verified,
rho,4501,correct,verified,
rho,4502,correct,verified,
rho,4503,correct,verified,
rho,4504,correct,verified,
rho,4505,correct,verified,
rho,4506,correct,verified,
rho,4507,correct,verified,
rho,4508,correct,verified,
rho,4509,correct,verified,
rho,4510,correct,verified,
rho,4511,correct,verified,
rho,4512,correct,verified,
rho,4513,correct,verified,
rho,4514,correct,verified,
rho,4515,correct,verified,
rho,4516,correct,verified,
rho,4517,correct,verified,
rho,4518,correct,verified,
rho,4519,correct,verified,
rho,4520,correct,verified,
rho,4521,correct,verified,
rho,4522,correct,verified,
rho,4523,correct,verified,
rho,4524,correct,verified,
rho,4525,correct,verified,
rho,4526,correct,verified,
rho,4527,correct,verified,
rho,4528,correct,verified,
rho,4529,correct,verified,
rho,4530,correct,verified,
rho,4531,correct,verified,
rho,4532,correct,verified,
rho,4533,correct,verified,
rho,4534,correct,verified,
rho,4535,correct,verified,
rho,4536,correct,verified,
rho,4537,correct,verified,
rho,4538,correct,verified,
rho,4539,correct,verified,
rho,4540,correct,verified,
rho,4541,correct,verified,
rho,4542,correct,verified,
rho,4543,correct,verified,
rho,4544,correct,verified,
rho,4545,correct,verified,
rho,4546,correct,verified,
rho,4547,correct,verified,
rho,4548,correct,verified,
rho,4549,correct,verified,
rho,4550,correct,verified,
rho,4551,correct,verified,
rho,4552,correct,verified,
rho,4553,correct,verified,
rho,4554,correct,verified,
rho,4555,correct,verified,
rho,4556,correct,verified,
rho,4557,correct,verified,
rho,4558,correct,verified,
rho,4559,correct,verified,
rho,4560,correct,verified,
rho,4561,correct,verified,
rho,4562,correct,verified,
rho,4563,correct,verified,
rho,4564,correct,verified,
rho,4565,correct,verified,
rho,4566,correct,verified,
rho,4567,correct,verified,
rho,4568,correct,verified,
rho,4569,correct,verified,
rho,4570,correct,verified,
rho,4571,correct,verified,
rho,4572,correct,verified,
rho,4573,correct,verified,
rho,4574,correct,verified,
rho,4575,correct,verified,
rho,4576,correct,verified,
rho,4577,correct,verified,
rho,4578,correct,verified,
rho,4579,correct,verified,
rho,4580,correct,verified,
rho,4581,correct,verified,
rho,4582,correct,verified,
rho,4583,correct,verified,
rho,4584,correct,verified,
rho,4585,correct,verified,
rho,4586,correct,verified,
rho,4587,correct,verified,
rho,4588,correct,verified,
rho,4589,correct,verified,
rho,4590,correct,verified,
rho,4591,correct,verified,
rho,4592,correct,verified,
rho,4593,correct,verified,
rho,4594,correct,verified,
rho,4595,correct,verified,
rho,4596,correct,verified,
rho,4597,correct,verified,
rho,4598,correct,verified,
rho,4599,correct,verified,
rho,4600,correct,verified,
rho,4601,correct,verified,
rho,4602,correct,verified,
rho,4603,correct,verified,
rho,4604,correct,verified,
rho,4605,correct,verified,
rho,4606,correct,verified,
rho,4607,correct,verified,
rho,4608,correct,verified,
rho,4609,correct,verified,
rho,4610,correct,verified,
rho,4611,correct,verified,
rho,4612,correct,verified,
rho,4613,correct,verified,
rho,4614,correct,verified,
rho,4615,correct,verified,
rho,4616,correct,verified,
rho,4617,correct,verified,
rho,4618,correct,verified,
rho,4619,correct,verified,
rho,4620,correct,verified,
rho,4621,correct,verified,
rho,4622,correct,verified,
rho,4623,correct,verified,
rho,4624,correct,verified,
rho,4625,correct,verified,
rho,4626,correct,verified,
rho,4627,correct,verified,
rho,4628,correct,verified,
rho,4629,correct,verified,
rho,4630,correct,verified,
rho,4631,correct,verified,
rho,4632,correct,verified,
rho,4633,correct,verified,
rho,4634,correct,verified,
rho,4635,correct,verified,
rho,4636,correct,verified,
rho,4637,correct,verified,
rho,4638,correct,verified,
rho,4639,correct,verified,
rho,4640,correct,verified,
rho,4641,correct,verified,
rho,4642,correct,verified,
rho,4643,correct,verified,
rho,4644,correct,verified,
rho,4645,correct,verified,
rho,4646,correct,verified,
rho,4647,correct,verified,
rho,4648,correct,verified,
rho,4649,correct,verified,
rho,4650,correct,verified,
rho,4651,correct,verified,
rho,4652,correct,verified,
rho,4653,correct,verified,
rho,4654,correct,verified,
rho,4655,correct,verified,
rho,4656,correct,verified,
rho,4657,correct,verified,
rho,4658,correct,verified,
rho,4659,correct,verified,
rho,4660,correct,verified,
rho,4661,correct,verified,
rho,4662,correct,verified,
rho,4663,correct,verified,
rho,4664,correct,verified,
rho,4665,correct,verified,
rho,4666,correct,verified,
rho,4667,correct,verified,
rho,4668,correct,verified,
rho,4669,correct,verified,
rho,4670,correct,verified,
rho,4671,correct,verified,
rho,4672,correct,verified,
rho,4673,correct,verified,
rho,4674,correct,verified,
rho,4675,correct,verified,
rho,4676,correct,verified,
rho,4677,correct,verified,
rho,4678,correct,verified,
rho,4679,correct,verified,
rho,4680,correct,verified,
rho,4681,correct,verified,
rho,4682,correct,verified,
rho,4683,correct,verified,
rho,4684,correct,verified,
rho,4685,correct,verified,
rho,4686,correct,verified,
rho,4687,correct,verified,
rho,4688,correct,verified,
rho,4689,correct,verified,
rho,4690,correct,verified,
rho,4691,correct,verified,
rho,4692,correct,verified,
rho,4693,correct,verified,
rho,4694,correct,verified,
rho,4695,correct,verified,
rho,4696,correct,verified,
rho,4697,correct,verified,
rho,4698,correct,verified,
rho,4699,correct,verified,
rho,4700,correct,verified,
rho,4701,correct,verified,
rho,4702,correct,verified,
rho,4703,correct,verified,
rho,4704,correct,verified,
rho,4705,correct,verified,
rho,4706,correct,verified,
rho,4707,correct,verified,
rho,4708,correct,verified,
rho,4709,correct,verified,
rho,4710,correct,verified,
rho,4711,correct,verified,
rho,4712,correct,verified,
rho,4713,correct,verified,
rho,4714,correct,verified,
rho,4715,correct,verified,
rho,4716,correct,verified,
rho,4717,correct,verified,
rho,4718,correct,verified,
rho,4719,correct,verified,
rho,4720,correct,verified,
rho,4721,correct,verified,
rho,4722,correct,verified,
rho,4723,correct,verified,
rho,4724,correct,verified,
rho,4725,correct,verified,
rho,4726,correct,verified,
rho,4727,correct,verified,
rho,4728,correct,verified,
rho,4729,correct,verified,
rho,4730,correct,verified,
rho,4731,correct,verified,
rho,4732,correct,verified,
rho,4733,correct,verified,
rho,4734,correct,verified,
rho,4735,correct,verified,
rho,4736,correct,verified,
rho,4737,correct,verified,
rho,4738,correct,verified,
rho,4739,correct,verified,
rho,4740,correct,verified,
rho,4741,correct,verified,
rho,4742,correct,verified,
rho,4743,correct,verified,
rho,4744,correct,verified,
rho,4745,correct,verified,
rho,4746,correct,verified,
rho,4747,correct,verified,
rho,4748,correct,verified,
rho,4749,correct,verified,
rho,4750,correct,verified,
rho,4751,correct,verified,
rho,4752,correct,verified,
rho,4753,correct,verified,
rho,4754,correct,verified,
rho,4755,correct,verified,
rho,4756,correct,verified,
rho,4757,correct,verified,
rho,4758,correct,verified,
rho,4759,correct,verified,
rho,4760,correct,verified,
rho,4761,correct,verified,
rho,4762,correct,verified,
rho,4763,correct,verified,
rho,4764,correct,verified,
rho,4765,correct,verified,
rho,4766,correct,verified,
rho,4767,correct,verified,
rho,4768,correct,verified,
rho,4769,correct,verified,
rho,4770,correct,verified,
rho,4771,correct,verified,
rho,4772,correct,verified,
rho,4773,correct,verified,
rho,4774,correct,verified,
rho,4775,correct,verified,
rho,4776,correct,verified,
rho,4777,correct,verified,
rho,4778,correct,verified,
rho,4779,correct,verified,
rho,4780,correct,verified,
rho,4781,correct,verified,
rho,4782,correct,verified,
rho,4783,correct,verified,
rho,4784,correct,verified,
rho,4785,correct,verified,
rho,4786,correct,verified,
rho,4787,correct,verified,
rho,4788,correct,verified,
rho,4789,correct,verified,
rho,4790,correct,verified,
rho,4791,correct,verified,
rho,4792,correct,verified,
rho,4793,correct,verified,
rho,4794,correct,verified,
rho,4795,correct,verified,
rho,4796,correct,verified,
rho,4797,correct,verified,
rho,4798,correct,verified,
rho,4799,correct,verified,
rho,4800,correct,verified,
rho,4801,correct,verified,
rho,4802,correct,verified,
rho,4803,correct,verified,
rho,4804,correct,verified,
rho,4805,correct,verified,
rho,4806,correct,verified,
rho,4807,correct,verified,
rho,4808,correct,verified,
rho,4809,correct,verified,
rho,4810,correct,verified,
rho,4811,correct,verified,
rho,4812,correct,verified,
rho,4813,correct,verified,
rho,4814,correct,verified,
rho,4815,correct,verified,
rho,4816,correct,verified,
rho,4817,correct,verified,
rho,4818,correct,verified,
rho,4819,correct,verified,
rho,4820,correct,verified,
rho,4821,correct,verified,
rho,4822,correct,verified,
rho,4823,correct,verified,
rho,4824,correct,verified,
rho,4825,correct,verified,
rho,4826,correct,verified,
rho,4827,correct,verified,
rho,4828,correct,verified,
rho,4829,correct,verified,
rho,4830,correct,verified,
rho,4831,correct,verified,
rho,4832,correct,verified,
rho,4833,correct,verified,
rho,4834,correct,verified,
rho,4835,correct,verified,
rho,4836,correct,verified,
rho,4837,correct,verified,
rho,4838,correct,verified,
rho,4839,correct,verified,
rho,4840,correct,verified,
rho,4841,correct,verified,
rho,4842,correct,verified,
rho,4843,correct,verified,
rho,4844,correct,verified,
rho,4845,correct,verified,
rho,4846,correct,verified,
rho,4847,correct,verified,
rho,4848,correct,verified,
rho,4849,correct,verified,
rho,4850,correct,verified,
rho,4851,correct,verified,
rho,4852,correct,verified,
rho,4853,correct,verified,
rho,4854,correct,verified,
rho,4855,correct,verified,
rho,4856,correct,verified,
rho,4857,correct,verified,
rho,4858,correct,verified,
rho,4859,correct,verified,
rho,4860,correct,verified,
rho,4861,correct,verified,
rho,4862,correct,verified,
rho,4863,correct,verified,
rho,4864,correct,verified,
rho,4865,correct,verified,
rho,4866,correct,verified,
rho,4867,correct,verified,
rho,4868,correct,verified,
rho,4869,correct,verified,
rho,4870,correct,verified,
rho,4871,correct,verified,
rho,4872,correct,verified,
rho,4873,correct,verified,
rho,4874,correct,verified,
rho,4875,correct,verified,
rho,4876,correct,verified,
rho,4877,correct,verified,
rho,4878,correct,verified,
rho,4879,correct,verified,
rho,4880,correct,verified,
rho,4881,correct,verified,
rho,4882,correct,verified,
rho,4883,correct,verified,
rho,4884,correct,verified,
rho,4885,correct,verified,
rho,4886,correct,verified,
rho,4887,correct,verified,
rho,4888,correct,verified,
rho,4889,correct,verified,
rho,4890,correct,verified,
rho,4891,correct,verified,
rho,4892,correct,verified,
rho,4893,correct,verified,
rho,4894,correct,verified,
rho,4895,correct,verified,
rho,4896,correct,verified,
rho,4897,correct,verified,
rho,4898,correct,verified,
rho,4899,correct,verified,
rho,4900,correct,verified,
rho,4901,correct,verified,
rho,4902,correct,verified,
rho,4903,correct,verified,
rho,4904,correct,verified,
rho,4905,correct,verified,
rho,4906,correct,verified,
rho,4907,correct,verified,
rho,4908,correct,verified,
rho,4909,correct,verified,
rho,4910,correct,verified,
rho,4911,correct,verified,
rho,4912,correct,verified,
rho,4913,correct,verified,
rho,4914,correct,verified,
rho,4915,correct,verified,
rho,4916,correct,verified,
rho,4917,correct,verified,
rho,4918,correct,verified,
rho,4919,correct,verified,
rho,4920,correct,verified,
rho,4921,correct,verified,
rho,4922,correct,verified,
rho,4923,correct,verified,
rho,4924,correct,verified,
rho,4925,correct,verified,
rho,4926,correct,verified,
rho,4927,correct,verified,
rho,4928,correct,verified,
rho,4929,correct,verified,
rho,4930,correct,verified,
rho,4931,correct,verified,
rho,4932,correct,verified,
rho,4933,correct,verified,
rho,4934,correct,verified,
rho,4935,correct,verified,
rho,4936,correct,verified,
rho,4937,correct,verified,
rho,4938,correct,verified,
rho,4939,correct,verified,
rho,4940,correct,verified,
rho,4941,correct,verified,
rho,4942,correct,verified,
rho,4943,correct,verified,
rho,4944,correct,verified,
rho,4945,correct,verified,
rho,4946,correct,verified,
rho,4947,correct,verified,
rho,4948,correct,verified,
rho,4949,correct,verified,
rho,4950,correct,verified,
rho,4951,correct,verified,
rho,4952,correct,verified,
rho,4953,correct,verified,
rho,4954,correct,verified,
rho,4955,correct,verified,
rho,4956,correct,verified,
rho,4957,correct,verified,
rho,4958,correct,verified,
rho,4959,correct,verified,
rho,4960,correct,verified,
rho,4961,correct,verified,
rho,4962,correct,verified,
rho,4963,correct,verified,
rho,4964,correct,verified,
rho,4965,correct,verified,
rho,4966,correct,verified,
rho,4967,correct,verified,
rho,4968,correct,verified,
rho,4969,correct,verified,
rho,4970,correct,verified,
rho,4971,correct,verified,
rho,4972,correct,verified,
rho,4973,correct,verified,
rho,4974,correct,verified,
rho,4975,correct,verified,
rho,4976,correct,verified,
rho,4977,correct,verified,
rho,4978,correct,verified,
rho,4979,correct,verified,
rho,4980,correct,verified,
rho,4981,correct,verified,
rho,4982,correct,verified,
rho,4983,correct,verified,
rho,4984,correct,verified,
rho,4985,correct,verified,
rho,4986,correct,verified,
rho,4987,correct,verified,
rho,4988,correct,verified,
rho,4989,correct,verified,
rho,4990,correct,verified,
rho,4991,correct,verified,
rho,4992,correct,verified,
rho,4993,correct,verified,
rho,4994,correct,verified,
rho,4995,correct,verified,
rho,4996,correct,verified,
rho,4997,correct,verified,
rho,4998,correct,verified,
rho,4999,correct,verified,
rho,5000,correct,verified,
rho,5001,correct,verified,
rho,5002,correct,verified,
rho,5003,correct,verified,
rho,5004,correct,verified,
rho,5005,correct,verified,
rho,5006,correct,verified,
rho,5007,correct,verified,
rho,5008,correct,verified,
rho,5009,correct,verified,
rho,5010,correct,verified,
rho,5011,correct,verified,
rho,5012,correct,verified,
rho,5013,correct,verified,
rho,5014,correct,verified,
rho,5015,correct,verified,
rho,5016,correct,verified,
rho,5017,correct,verified,
rho,5018,correct,verified,
rho,5019,correct,verified,
rho,5020,correct,verified,
rho,5021,correct,verified,
rho,5022,correct,verified,
rho,5023,correct,verified,
rho,5024,correct,verified,
rho,5025,correct,verified,
rho,5026,correct,verified,
rho,5027,correct,verified,
rho,5028,correct,verified,
rho,5029,correct,verified,
rho,5030,correct,verified,
rho,5031,correct,verified,
rho,5032,correct,verified,
rho,5033,correct,verified,
rho,5034,correct,verified,
rho,5035,correct,verified,
rho,5036,correct,verified,
rho,5037,correct,verified,
rho,5038,correct,verified,
rho,5039,correct,verified,
rho,5040,correct,verified,
rho,5041,correct,verified,
rho,5042,correct,verified,
rho,5043,correct,verified,
rho,5044,correct,verified,
rho,5045,correct,verified,
rho,5046,correct,verified,
rho,5047,correct,verified,
rho,5048,correct,verified,
rho,5049,correct,verified,
rho,5050,correct,verified,
rho,5051,correct,verified,
rho,5052,correct,verified,
rho,5053,correct,verified,
rho,5054,correct,verified,
rho,5055,correct,verified,
rho,5056,correct,verified,
rho,5057,correct,verified,
rho,5058,correct,verified,
rho,5059,correct,verified,
rho,5060,correct,verified,
rho,5061,correct,verified,
rho,5062,correct,verified,
rho,5063,correct,verified,
rho,5064,correct,verified,
rho,5065,correct,verified,
rho,5066,correct,verified,
rho,5067,correct,verified,
rho,5068,correct,verified,
rho,5069,correct,verified,
rho,5070,correct,verified,
rho,5071,correct,verified,
rho,5072,correct,verified,
rho,5073,correct,verified,
rho,5074,correct,verified,
rho,5075,correct,verified,
rho,5076,correct,verified,
rho,5077,correct,verified,
rho,5078,correct,verified,
rho,5079,correct,verified,
rho,5080,correct,verified,
rho,5081,correct,verified,
rho,5082,correct,verified,
rho,5083,correct,verified,
rho,5084,correct,verified,
rho,5085,correct,verified,
rho,5086,correct,verified,
rho,5087,correct,verified,
rho,5088,correct,verified,
rho,5089,correct,verified,
rho,5090,correct,verified,
rho,5091,correct,verified,
rho,5092,correct,verified,
rho,5093,correct,verified,
rho,5094,correct,verified,
rho,5095,correct,verified,
rho,5096,correct,verified,
rho,5097,correct,verified,
rho,5098,correct,verified,
rho,5099,correct,verified,
rho,5100,correct,verified,
rho,5101,correct,verified,
rho,5102,correct,verified,
rho,5103,correct,verified,
rho,5104,correct,verified,
rho,5105,correct,verified,
rho,5106,correct,verified,
rho,5107,correct,verified,
rho,5108,correct,verified,
rho,5109,correct,verified,
rho,5110,correct,verified,
rho,5111,correct,verified,
rho,5112,correct,verified,
rho,5113,correct,verified,
rho,5114,correct,verified,
rho,5115,correct,verified,
rho,5116,correct,verified,
rho,5117,correct,verified,
rho,5118,correct,verified,
rho,5119,correct,verified,
rho,5120,correct,verified,
rho,5121,correct,verified,
rho,5122,correct,verified,
rho,5123,correct,verified,
rho,5124,correct,verified,
rho,5125,correct,verified,
rho,5126,correct,verified,
rho,5127,correct,verified,
rho,5128,correct,verified,
rho,5129,correct,verified,
rho,5130,correct,verified,
rho,5131,correct,verified,
rho,5132,correct,verified,
rho,5133,correct,verified,
rho,5134,correct,verified,
rho,5135,correct,verified,
rho,5136,correct,verified,
rho,5137,correct,verified,
rho,5138,correct,verified,
rho,5139,correct,verified,
rho,5140,correct,verified,
rho,5141,correct,verified,
rho,5142,correct,verified,
rho,5143,correct,verified,
rho,5144,correct,verified,
rho,5145,correct,verified,
rho,5146,correct,verified,
rho,5147,correct,verified,
rho,5148,correct,verified,
rho,5149,correct,verified,
rho,5150,correct,verified,
rho,5151,correct,verified,
rho,5152,correct,verified,
rho,5153,correct,verified,
rho,5154,correct,verified,
rho,5155,correct,verified,
rho,5156,correct,verified,
rho,5157,correct,verified,
rho,5158,correct,verified,
rho,5159,correct,verified,
rho,5160,correct,verified,
rho,5161,correct,verified,
rho,5162,correct,verified,
rho,5163,correct,verified,
rho,5164,correct,verified,
rho,5165,correct,verified,
rho,5166,correct,verified,
rho,5167,correct,verified,
rho,5168,correct,verified,
rho,5169,correct,verified,
rho,5170,correct,verified,
rho,5171,correct,verified,
rho,5172,correct,verified,
rho,5173,correct,verified,
rho,5174,correct,verified,
rho,5175,correct,verified,
rho,5176,correct,verified,
rho,5177,correct,verified,
rho,5178,correct,verified,
rho,5179,correct,verified,
rho,5180,correct,verified,
rho,5181,correct,verified,
rho,5182,correct,verified,
rho,5183,correct,verified,
rho,5184,correct,verified,
rho,5185,correct,verified,
rho,5186,correct,verified,
rho,5187,correct,verified,
rho,5188,correct,verified,
rho,5189,correct,verified,
rho,5190,correct,verified,
rho,5191,correct,verified,
rho,5192,correct,verified,
rho,5193,correct,verified,
rho,5194,correct,verified,
rho,5195,correct,verified,
rho,5196,correct,verified,
rho,5197,correct,verified,
rho,5198,correct,verified,
rho,5199,correct,verified,
rho,5200,correct,verified,
rho,5201,correct,verified,
rho,5202,correct,verified,
rho,5203,correct,verified,
rho,5204,correct,verified,
rho,5205,correct,verified,
rho,5206,correct,verified,
rho,5207,correct,verified,
rho,5208,correct,verified,
rho,5209,correct,verified,
rho,5210,correct,verified,
rho,5211,correct,verified,
rho,5212,correct,verified,
rho,5213,correct,verified,
rho,5214,correct,verified,
rho,5215,correct,verified,
rho,5216,correct,verified,
rho,5217,correct,verified,
rho,5218,correct,verified,
rho,5219,correct,verified,
rho,5220,correct,verified,
rho,5221,correct,verified,
rho,5222,correct,verified,
rho,5223,correct,verified,
rho,5224,correct,verified,
rho,5225,correct,verified,
rho,5226,correct,verified,
rho,5227,correct,verified,
rho,5228,correct,verified,
rho,5229,correct,verified,
rho,5230,correct,verified,
rho,5231,correct,verified,
rho,5232,correct,verified,
rho,5233,correct,verified,
rho,5234,correct,verified,
rho,5235,correct,verified,
rho,5236,correct,verified,
rho,5237,correct,verified,
rho,5238,correct,verified,
rho,5239,correct,verified,
rho,5240,correct,verified,
rho,5241,correct,verified,
rho,5242,correct,verified,
rho,5243,correct,verified,
rho,5244,correct,verified,
rho,5245,correct,verified,
rho,5246,correct,verified,
rho,5247,correct,verified,
rho,5248,correct,verified,
rho,5249,correct,verified,
rho,5250,correct,verified,
rho,5251,correct,verified,
rho,5252,correct,verified,
rho,5253,correct,verified,
rho,5254,correct,verified,
rho,5255,correct,verified,
rho,5256,correct,verified,
rho,5257,correct,verified,
rho,5258,correct,verified,
rho,5259,correct,verified,
rho,5260,correct,verified,
rho,5261,correct,verified,
rho,5262,correct,verified,
rho,5263,correct,verified,
rho,5264,correct,verified,
rho,5265,correct,verified,
rho,5266,correct,verified,
rho,5267,correct,verified,
rho,5268,correct,verified,
rho,5269,correct,verified,
rho,5270,correct,verified,
rho,5271,correct,verified,
rho,5272,correct,verified,
rho,5273,correct,verified,
rho,5274,correct,verified,
rho,5275,correct,verified,
rho,5276,correct,verified,
rho,5277,correct,verified,
rho,5278,correct,verified,
rho,5279,correct,verified,
rho,5280,correct,verified,
rho,5281,correct,verified,
rho,5282,correct,verified,
rho,5283,correct,verified,
rho,5284,correct,verified,
rho,5285,correct,verified,
rho,5286,correct,verified,
rho,5287,correct,verified,
rho,5288,correct,verified,
rho,5289,correct,verified,
rho,5290,correct,verified,
rho,5291,correct,verified,
rho,5292,correct,verified,
rho,5293,correct,verified,
rho,5294,correct,verified,
rho,5295,correct,verified,
rho,5296,correct,verified,
rho,5297,correct,verified,
rho,5298,correct,verified,
rho,5299,correct,verified,
rho,5300,correct,verified,
rho,5301,correct,verified,
rho,5302,correct,verified,
rho,5303,correct,verified,
rho,5304,correct,verified,
rho,5305,correct,verified,
rho,5306,correct,verified,
rho,5307,correct,verified,
rho,5308,correct,verified,
rho,5309,correct,verified,
rho,5310,correct,verified,
rho,5311,correct,verified,
rho,5312,correct,verified,
rho,5313,correct,verified,
rho,5314,correct,verified,
rho,5315,correct,verified,
rho,5316,correct,verified,
rho,5317,correct,verified,
rho,5318,correct,verified,
rho,5319,correct,verified,
rho,5320,correct,verified,
rho,5321,correct,verified,
rho,5322,correct,verified,
rho,5323,correct,verified,
rho,5324,correct,verified,
rho,5325,correct,verified,
rho,5326,correct,verified,
rho,5327,correct,verified,
rho,5328,correct,verified,
rho,5329,correct,verified,
rho,5330,correct,verified,
rho,5331,correct,verified,
rho,5332,correct,verified,
rho,5333,correct,verified,
rho,5334,correct,verified,
rho,5335,correct,verified,
rho,5336,correct,verified,
rho,5337,correct,verified,
rho,5338,correct,verified,
rho,5339,correct,verified,
rho,5340,correct,verified,
rho,5341,correct,verified,
rho,5342,correct,verified,
rho,5343,correct,verified,
rho,5344,correct,verified,
rho,5345,correct,verified,
rho,5346,correct,verified,
rho,5347,correct,verified,
rho,5348,correct,verified,
rho,5349,correct,verified,
rho,5350,correct,verified,
rho,5351,correct,verified,
rho,5352,correct,verified,
rho,5353,correct,verified,
rho,5354,correct,verified,
rho,5355,correct,verified,
rho,5356,correct,verified,
rho,5357,correct,verified,
rho,5358,correct,verified,
rho,5359,correct,verified,
rho,5360,correct,verified,
rho,5361,correct,verified,
rho,5362,correct,verified,
rho,5363,correct,verified,
rho,5364,correct,verified,
rho,5365,correct,verified,
rho,5366,correct,verified,
rho,5367,correct,verified,
rho,5368,correct,verified,
rho,5369,correct,verified,
rho,5370,correct,verified,
rho,5371,correct,verified,
rho,5372,correct,verified,
rho,5373,correct,verified,
rho,5374,correct,verified,
rho,5375,correct,verified,
rho,5376,correct,verified,
rho,5377,correct,verified,
rho,5378,correct,verified,
rho,5379,correct,verified,
rho,5380,correct,verified,
rho,5381,correct,verified,
rho,5382,correct,verified,
rho,5383,correct,verified,
rho,5384,correct,verified,
rho,5385,correct,verified,
rho,5386,correct,verified,
rho,5387,correct,verified,
rho,5388,correct,verified,
rho,5389,correct,verified,
rho,5390,correct,verified,
rho,5391,correct,verified,
rho,5392,correct,verified,
rho,5393,correct,verified,
rho,5394,correct,verified,
rho,5395,correct,verified,
rho,5396,correct,verified,
rho,5397,correct,verified,
rho,5398,correct,verified,
rho,5399,correct,verified,
rho,5400,correct,verified,
rho,5401,correct,verified,
rho,5402,correct,verified,
rho,5403,correct,verified,
rho,5404,correct,verified,
rho,5405,correct,verified,
rho,5406,correct,verified,
rho,5407,correct,verified,
rho,5408,correct,verified,
rho,5409,correct,verified,
rho,5410,correct,verified,
rho,5411,correct,verified,
rho,5412,correct,verified,
rho,5413,correct,verified,
rho,5414,correct,verified,
rho,5415,correct,verified,
rho,5416,correct,verified,
rho,5417,correct,verified,
rho,5418,correct,verified,
rho,5419,correct,verified,
rho,5420,correct,verified,
rho,5421,correct,verified,
rho,5422,correct,verified,
rho,5423,correct,verified,
rho,5424,correct,verified,
rho,5425,correct,verified,
rho,5426,correct,verified,
rho,5427,correct,verified,
rho,5428,correct,verified,
rho,5429,correct,verified,
rho,5430,correct,verified,
rho,5431,correct,verified,
rho,5432,correct,verified,
rho,5433,correct,verified,
rho,5434,correct,verified,
rho,5435,correct,verified,
rho,5436,correct,verified,
rho,5437,correct,verified,
rho,5438,correct,verified,
rho,5439,correct,verified,
rho,5440,correct,verified,
rho,5441,correct,verified,
rho,5442,correct,verified,
rho,5443,correct,verified,
rho,5444,correct,verified,
rho,5445,correct,verified,
rho,5446,correct,verified,
rho,5447,correct,verified,
rho,5448,correct,verified,
rho,5449,correct,verified,
rho,5450,correct,verified,
rho,5451,correct,verified,
rho,5452,correct,verified,
rho,5453,correct,verified,
rho,5454,correct,verified,
rho,5455,correct,verified,
rho,5456,correct,verified,
rho,5457,correct,verified,
rho,5458,correct,verified,
rho,5459,correct,verified,
rho,5460,correct,verified,
rho,5461,correct,verified,
rho,5462,correct,verified,
rho,5463,correct,verified,
rho,5464,correct,verified,
rho,5465,correct,verified,
rho,5466,correct,verified,
rho,5467,correct,verified,
rho,5468,correct,verified,
rho,5469,correct,verified,
rho,5470,correct,verified,
rho,5471,correct,verified,
rho,5472,correct,verified,
rho,5473,correct,verified,
rho,5474,correct,verified,
rho,5475,correct,verified,
rho,5476,correct,verified,
rho,5477,correct,verified,
rho,5478,correct,verified,
rho,5479,correct,verified,
rho,5480,correct,verified,
rho,5481,correct,verified,
rho,5482,correct,verified,
rho,5483,correct,verified,
rho,5484,correct,verified,
rho,5485,correct,verified,
rho,5486,correct,verified,
rho,5487,correct,verified,
rho,5488,correct,verified,
rho,5489,correct,verified,
rho,5490,correct,verified,
rho,5491,correct,verified,
rho,5492,correct,verified,
rho,5493,correct,verified,
rho,5494,correct,verified,
rho,5495,correct,verified,
rho,5496,correct,verified,
rho,5497,correct,verified,
rho,5498,correct,verified,
rho,5499,correct,verified,
rho,5500,correct,verified,
rho,5501,correct,verified,
rho,5502,correct,verified,
rho,5503,correct,verified,
rho,5504,correct,verified,
rho,5505,correct,verified,
rho,5506,correct,verified,
rho,5507,correct,verified,
rho,5508,correct,verified,
rho,5509,correct,verified,
rho,5510,correct,verified,
rho,5511,correct,verified,
rho,5512,correct,verified,
rho,5513,correct,verified,
rho,5514,correct,verified,
rho,5515,correct,verified,
rho,5516,correct,verified,
rho,5517,correct,verified,
rho,5518,correct,verified,
rho,5519,correct,verified,
rho,5520,correct,verified,
rho,5521,correct,verified,
rho,5522,correct,verified,
rho,5523,correct,verified,
rho,5524,correct,verified,
rho,5525,correct,verified,
rho,5526,correct,verified,
rho,5527,correct,verified,
rho,5528,correct,verified,
rho,5529,correct,verified,
rho,5530,correct,verified,
rho,5531,correct,verified,
rho,5532,correct,verified,
rho,5533,correct,verified,
rho,5534,correct,verified,
rho,5535,correct,verified,
rho,5536,correct,verified,
rho,5537,correct,verified,
rho,5538,correct,verified,
rho,5539,correct,verified,
rho,5540,correct,verified,
rho,5541,correct,verified,
rho,5542,correct,verified,
rho,5543,correct,verified,
rho,5544,correct,verified,
rho,5545,correct,verified,
rho,5546,correct,verified,
rho,5547,correct,verified,
rho,5548,correct,verified,
rho,5549,correct,verified,
rho,5550,correct,verified,
rho,5551,correct,verified,
rho,5552,correct,verified,
rho,5553,correct,verified,
rho,5554,correct,verified,
rho,5555,correct,verified,
rho,5556,correct,verified,
rho,5557,correct,verified,
rho,5558,correct,verified,
rho,5559,correct,verified,
rho,5560,correct,verified,
rho,5561,correct,verified,
rho,5562,correct,verified,
rho,5563,correct,verified,
rho,5564,correct,verified,
rho,5565,correct,verified,
rho,5566,correct,verified,
rho,5567,correct,verified,
rho,5568,correct,verified,
rho,5569,correct,verified,
rho,5570,correct,verified,
rho,5571,correct,verified,
rho,5572,correct,verified,
rho,5573,correct,verified,
rho,5574,correct,verified,
rho,5575,correct,verified,
rho,5576,correct,verified,
rho,5577,correct,verified,
rho,5578,correct,verified,
rho,5579,correct,verified,
rho,5580,correct,verified,
rho,5581,correct,verified,
rho,5582,correct,verified,
rho,5583,correct,verified,
rho,5584,correct,verified,
rho,5585,correct,verified,
rho,5586,correct,verified,
rho,5587,correct,verified,
rho,5588,correct,verified,
rho,5589,correct,verified,
rho,5590,correct,verified,
rho,5591,correct,verified,
rho,5592,correct,verified,
rho,5593,correct,verified,
rho,5594,correct,verified,
rho,5595,correct,verified,
rho,5596,correct,verified,
rho,5597,correct,verified,
rho,5598,correct,verified,
rho,5599,correct,verified,
rho,5600,correct,verified,
rho,5601,correct,verified,
rho,5602,correct,verified,
rho,5603,correct,verified,
rho,5604,correct,verified,
rho,5605,correct,verified,
rho,5606,correct,verified,
rho,5607,correct,verified,
rho,5608,correct,verified,
rho,5609,correct,verified,
rho,5610,correct,verified,
rho,5611,correct,verified,
rho,5612,correct,verified,
rho,5613,correct,verified,
rho,5614,correct,verified,
rho,5615,correct,verified,
rho,5616,correct,verified,
rho,5617,correct,verified,
rho,5618,correct,verified,
rho,5619,correct,verified,
rho,5620,correct,verified,
rho,5621,correct,verified,
rho,5622,correct,verified,
rho,5623,correct,verified,
rho,5624,correct,verified,
rho,5625,correct,verified,
rho,5626,correct,verified,
rho,5627,correct,verified,
rho,5628,correct,verified,
rho,5629,correct,verified,
rho,5630,correct,verified,
rho,5631,correct,verified,
rho,5632,correct,verified,
rho,5633,correct,verified,
rho,5634,correct,verified,
rho,5635,correct,verified,
rho,5636,correct,verified,
rho,5637,correct,verified,
rho,5638,correct,verified,
rho,5639,correct,verified,
rho,5640,correct,verified,
rho,5641,correct,verified,
rho,5642,correct,verified,
rho,5643,correct,verified,
rho,5644,correct,verified,
rho,5645,correct,verified,
rho,5646,correct,verified,
rho,5647,correct,verified,
rho,5648,correct,verified,
rho,5649,correct,verified,
rho,5650,correct,verified,
rho,5651,correct,verified,
rho,5652,correct,verified,
rho,5653,correct,verified,
rho,5654,correct,verified,
rho,5655,correct,verified,
rho,5656,correct,verified,
rho,5657,correct,verified,
rho,5658,correct,verified,
rho,5659,correct,verified,
rho,5660,correct,verified,
rho,5661,correct,verified,
rho,5662,correct,verified,
rho,5663,correct,verified,
rho,5664,correct,verified,
rho,5665,correct,verified,
rho,5666,correct,verified,
rho,5667,correct,verified,
rho,5668,correct,verified,
rho,5669,correct,verified,
rho,5670,correct,verified,
rho,5671,correct,verified,
rho,5672,correct,verified,
rho,5673,correct,verified,
rho,5674,correct,verified,
rho,5675,correct,verified,
rho,5676,correct,verified,
rho,5677,correct,verified,
rho,5678,correct,verified,
rho,5679,correct,verified,
rho,5680,correct,verified,
rho,5681,correct,verified,
rho,5682,correct,verified,
rho,5683,correct,verified,
rho,5684,correct,verified,
rho,5685,correct,verified,
rho,5686,correct,verified,
rho,5687,correct,verified,
rho,5688,correct,verified,
rho,5689,correct,verified,
rho,5690,correct,verified,
rho,5691,correct,verified,
rho,5692,correct,verified,
rho,5693,correct,verified,
rho,5694,correct,verified,
rho,5695,correct,verified,
rho,5696,correct,verified,
rho,5697,correct,verified,
rho,5698,correct,verified,
rho,5699,correct,verified,
rho,5700,correct,verified,
rho,5701,correct,verified,
rho,5702,correct,verified,
rho,5703,correct,verified,
rho,5704,correct,verified,
rho,5705,correct,verified,
rho,5706,correct,verified,
rho,5707,correct,verified,
rho,5708,correct,verified,
rho,5709,correct,verified,
rho,5710,correct,verified,
rho,5711,correct,verified,
rho,5712,correct,verified,
rho,5713,correct,verified,
rho,5714,correct,verified,
rho,5715,correct,verified,
rho,5716,correct,verified,
rho,5717,correct,verified,
rho,5718,correct,verified,
rho,5719,correct,verified,
rho,5720,correct,verified,
rho,5721,correct,verified,
rho,5722,correct,verified,
rho,5723,correct,verified,
rho,5724,correct,verified,
rho,5725,correct,verified,
rho,5726,correct,verified,
rho,5727,correct,verified,
rho,5728,correct,verified,
rho,5729,correct,verified,
rho,5730,correct,verified,
rho,5731,correct,verified,
rho,5732,correct,verified,
rho,5733,correct,verified,
rho,5734,correct,verified,
rho,5735,correct,verified,
rho,5736,correct,verified,
rho,5737,correct,verified,
rho,5738,correct,verified,
rho,5739,correct,verified,
rho,5740,correct,verified,
rho,5741,correct,verified,
rho,5742,correct,verified,
rho,5743,correct,verified,
rho,5744,correct,verified,
rho,5745,correct,verified,
rho,5746,correct,verified,
rho,5747,correct,verified,
rho,5748,correct,verified,
rho,5749,correct,verified,
rho,5750,correct,verified,
rho,5751,correct,verified,
rho,5752,correct,verified,
rho,5753,correct,verified,
rho,5754,correct,verified,
rho,5755,correct,verified,
rho,5756,correct,verified,
rho,5757,correct,verified,
rho,5758,correct,verified,
rho,5759,correct,verified,
rho,5760,correct,verified,
rho,5761,correct,verified,
rho,5762,correct,verified,
rho,5763,correct,verified,
rho,5764,correct,verified,
rho,5765,correct,verified,
rho,5766,correct,verified,
rho,5767,correct,verified,
rho,5768,correct,verified,
rho,5769,correct,verified,
rho,5770,correct,verified,
rho,5771,correct,verified,
rho,5772,correct,verified,
rho,5773,correct,verified,
rho,5774,correct,verified,
rho,5775,correct,verified,
rho,5776,correct,verified,
rho,5777,correct,verified,
rho,5778,correct,verified,
rho,5779,correct,verified,
rho,5780,correct,verified,
rho,5781,correct,verified,
rho,5782,correct,verified,
rho,5783,correct,verified,
rho,5784,correct,verified,
rho,5785,correct,verified,
rho,5786,correct,verified,
rho,5787,correct,verified,
rho,5788,correct,verified,
rho,5789,correct,verified,
rho,5790,correct,verified,
rho,5791,correct,verified,
rho,5792,correct,verified,
rho,5793,correct,verified,
rho,5794,correct,verified,
rho,5795,correct,verified,
rho,5796,correct,verified,
rho,5797,correct,verified,
rho,5798,correct,verified,
rho,5799,correct,verified,
rho,5800,correct,verified,
rho,5801,correct,verified,
rho,5802,correct,verified,
rho,5803,correct,verified,
rho,5804,correct,verified,
rho,5805,correct,verified,
rho,5806,correct,verified,
rho,5807,correct,verified,
rho,5808,correct,verified,
rho,5809,correct,verified,
rho,5810,correct,verified,
rho,5811,correct,verified,
rho,5812,correct,verified,
rho,5813,correct,verified,
rho,5814,correct,verified,
rho,5815,correct,verified,
rho,5816,correct,verified,
rho,5817,correct,verified,
rho,5818,correct,verified,
rho,5819,correct,verified,
rho,5820,correct,verified,
rho,5821,correct,verified,
rho,5822,correct,verified,
rho,5823,correct,verified,
rho,5824,correct,verified,
rho,5825,correct,verified,
rho,5826,correct,verified,
rho,5827,correct,verified,
rho,5828,correct,verified,
rho,5829,correct,verified,
rho,5830,correct,verified,
rho,5831,correct,verified,
rho,5832,correct,verified,
rho,5833,correct,verified,
rho,5834,correct,verified,
rho,5835,correct,verified,
rho,5836,correct,verified,
rho,5837,correct,verified,
rho,5838,correct,verified,
rho,5839,correct,verified,
rho,5840,correct,verified,
rho,5841,correct,verified,
rho,5842,correct,verified,
rho,5843,correct,verified,
rho,5844,correct,verified,
rho,5845,correct,verified,
rho,5846,correct,verified,
rho,5847,correct,verified,
rho,5848,correct,verified,
rho,5849,correct,verified,
rho,5850,correct,verified,
rho,5851,correct,verified,
rho,5852,correct,verified,
rho,5853,correct,verified,
rho,5854,correct,verified,
rho,5855,correct,verified,
rho,5856,correct,verified,
rho,5857,correct,verified,
rho,5858,correct,verified,
rho,5859,correct,verified,
rho,5860,correct,verified,
rho,5861,correct,verified,
rho,5862,correct,verified,
rho,5863,correct,verified,
rho,5864,correct,verified,
rho,5865,correct,verified,
rho,5866,correct,verified,
rho,5867,correct,verified,
rho,5868,correct,verified,
rho,5869,correct,verified,
rho,5870,correct,verified,
rho,5871,correct,verified,
rho,5872,correct,verified,
rho,5873,correct,verified,
rho,5874,correct,verified,
rho,5875,correct,verified,
rho,5876,correct,verified,
rho,5877,correct,verified,
rho,5878,correct,verified,
rho,5879,correct,verified,
rho,5880,correct,verified,
rho,5881,correct,verified,
rho,5882,correct,verified,
rho,5883,correct,verified,
rho,5884,correct,verified,
rho,5885,correct,verified,
rho,5886,correct,verified,
rho,5887,correct,verified,
rho,5888,correct,verified,
rho,5889,correct,verified,
rho,5890,correct,verified,
rho,5891,correct,verified,
rho,5892,correct,verified,
rho,5893,correct,verified,
rho,5894,correct,verified,
rho,5895,correct,verified,
rho,5896,correct,verified,
rho,5897,correct,verified,
rho,5898,correct,verified,
rho,5899,correct,verified,
rho,5900,correct,verified,
rho,5901,correct,verified,
rho,5902,correct,verified,
rho,5903,correct,verified,
rho,5904,correct,verified,
rho,5905,correct,verified,
rho,5906,correct,verified,
rho,5907,correct,verified,
rho,5908,correct,verified,
rho,5909,correct,verified,
rho,5910,correct,verified,
rho,5911,correct,verified,
rho,5912,correct,verified,
rho,5913,correct,verified,
rho,5914,correct,verified,
rho,5915,correct,verified,
rho,5916,correct,verified,
rho,5917,correct,verified,
rho,5918,correct,verified,
rho,5919,correct,verified,
rho,5920,correct,verified,
rho,5921,correct,verified,
rho,5922,correct,verified,
rho,5923,correct,verified,
rho,5924,correct,verified,
rho,5925,correct,verified,
rho,5926,correct,verified,
rho,5927,correct,verified,
rho,5928,correct,verified,
rho,5929,correct,verified,
rho,5930,correct,verified,
rho,5931,correct,verified,
rho,5932,correct,verified,
rho,5933,correct,verified,
rho,5934,correct,verified,
rho,5935,correct,verified,
rho,5936,correct,verified,
rho,5937,correct,verified,
rho,5938,correct,verified,
rho,5939,correct,verified,
rho,5940,correct,verified,
rho,5941,correct,verified,
rho,5942,correct,verified,
rho,5943,correct,verified,
rho,5944,correct,verified,
rho,5945,correct,verified,
rho,5946,correct,verified,
rho,5947,correct,verified,
rho,5948,correct,verified,
rho,5949,correct,verified,
rho,5950,correct,verified,
rho,5951,correct,verified,
rho,5952,correct,verified,
rho,5953,correct,verified,
rho,5954,correct,verified,
rho,5955,correct,verified,
rho,5956,correct,verified,
rho,5957,correct,verified,
rho,5958,correct,verified,
rho,5959,correct,verified,
rho,5960,correct,verified,
rho,5961,correct,verified,
rho,5962,correct,verified,
rho,5963,correct,verified,
rho,5964,correct,verified,
rho,5965,correct,verified,
rho,5966,correct,verified,
rho,5967,correct,verified,
rho,5968,correct,verified,
rho,5969,correct,verified,
rho,5970,correct,verified,
rho,5971,correct,verified,
rho,5972,correct,verified,
rho,5973,correct,verified,
rho,5974,correct,verified,
rho,5975,correct,verified,
rho,5976,correct,verified,
rho,5977,correct,verified,
rho,5978,correct,verified,
rho,5979,correct,verified,
rho,5980,correct,verified,
rho,5981,correct,verified,
rho,5982,correct,verified,
rho,5983,correct,verified,
rho,5984,correct,verified,
rho,5985,correct,verified,
rho,5986,correct,verified,
rho,5987,correct,verified,
rho,5988,correct,verified,
rho,5989,correct,verified,
rho,5990,correct,verified,
rho,5991,correct,verified,
rho,5992,correct,verified,
rho,5993,correct,verified,
rho,5994,correct,verified,
rho,5995,correct,verified,
rho,5996,correct,verified,
rho,5997,correct,verified,
rho,5998,correct,verified,
rho,5999,correct,verified,
rho,6000,correct,verified,
rho,6001,correct,verified,
rho,6002,correct,verified,
rho,6003,correct,verified,
rho,6004,correct,verified,
rho,6005,correct,verified,
rho,6006,correct,verified,
rho,6007,correct,verified,
rho,6008,correct,verified,
rho,6009,correct,verified,
rho,6010,correct,verified,
rho,6011,correct,verified,
rho,6012,correct,verified,
rho,6013,correct,verified,
rho,6014,correct,verified,
rho,6015,correct,verified,
rho,6016,correct,verified,
rho,6017,correct,verified,
rho,6018,correct,verified,
rho,6019,correct,verified,
rho,6020,correct,verified,
rho,6021,correct,verified,
rho,6022,correct,verified,
rho,6023,correct,verified,
rho,6024,correct,verified,
rho,6025,correct,verified,
rho,6026,correct,verified,
rho,6027,correct,verified,
rho,6028,correct,verified,
rho,6029,correct,verified,
rho,6030,correct,verified,
rho,6031,correct,verified,
rho,6032,correct,verified,
rho,6033,correct,verified,
rho,6034,correct,verified,
rho,6035,correct,verified,
rho,6036,correct,verified,
rho,6037,correct,verified,
rho,6038,correct,verified,
rho,6039,correct,verified,
rho,6040,correct,verified,
rho,6041,correct,verified,
rho,6042,correct,verified,
rho,6043,correct,verified,
rho,6044,correct,verified,
rho,6045,correct,verified,
rho,6046,correct,verified,
rho,6047,correct,verified,
rho,6048,correct,verified,
rho,6049,correct,verified,
rho,6050,correct,verified,
rho,6051,correct,verified,
rho,6052,correct,verified,
rho,6053,correct,verified,
rho,6054,correct,verified,
rho,6055,correct,verified,
rho,6056,correct,verified,
rho,6057,correct,verified,
rho,6058,correct,verified,
rho,6059,correct,verified,
rho,6060,correct,verified,
rho,6061,correct,verified,
rho,6062,correct,verified,
rho,6063,correct,verified,
rho,6064,correct,verified,
rho,6065,correct,verified,
rho,6066,correct,verified,
rho,6067,correct,verified,
rho,6068,correct,verified,
rho,6069,correct,verified,
rho,6070,correct,verified,
rho,6071,correct,verified,
rho,6072,correct,verified,
rho,6073,correct,verified,
rho,6074,correct,verified,
rho,6075,correct,verified,
rho,6076,correct,verified,
rho,6077,correct,verified,
rho,6078,correct,verified,
rho,6079,correct,verified,
rho,6080,correct,verified,
rho,6081,correct,verified,
rho,6082,correct,verified,
rho,6083,correct,verified,
rho,6084,correct,verified,
rho,6085,correct,verified,
rho,6086,correct,verified,
rho,6087,correct,verified,
rho,6088,correct,verified,
rho,6089,correct,verified,
rho,6090,correct,verified,
rho,6091,correct,verified,
rho,6092,correct,verified,
rho,6093,correct,verified,
rho,6094,correct,verified,
rho,6095,correct,verified,
rho,6096,correct,verified,
rho,6097,correct,verified,
rho,6098,correct,verified,
rho,6099,correct,verified,
rho,6100,correct,verified,
rho,6101,correct,verified,
rho,6102,correct,verified,
rho,6103,correct,verified,
rho,6104,correct,verified,
rho,6105,correct,verified,
rho,6106,correct,verified,
rho,6107,correct,verified,
rho,6108,correct,verified,
rho,6109,correct,verified,
rho,6110,correct,verified,
rho,6111,correct,verified,
rho,6112,correct,verified,
rho,6113,correct,verified,
rho,6114,correct,verified,
rho,6115,correct,verified,
rho,6116,correct,verified,
rho,6117,correct,verified,
rho,6118,correct,verified,
rho,6119,correct,verified,
rho,6120,correct,verified,
rho,6121,correct,verified,
rho,6122,correct,verified,
rho,6123,correct,verified,
rho,6124,correct,verified,
rho,6125,correct,verified,
rho,6126,correct,verified,
rho,6127,correct,verified,
rho,6128,correct,verified,
rho,6129,correct,verified,
rho,6130,correct,verified,
rho,6131,correct,verified,
rho,6132,correct,verified,
rho,6133,correct,verified,
rho,6134,correct,verified,
rho,6135,correct,verified,
rho,6136,correct,verified,
rho,6137,correct,verified,
rho,6138,correct,verified,
rho,6139,correct,verified,
rho,6140,correct,verified,
rho,6141,correct,verified,
rho,6142,correct,verified,
rho,6143,correct,verified,
rho,6144,correct,verified,
rho,6145,correct,verified,
rho,6146,correct,verified,
rho,6147,correct,verified,
rho,6148,correct,verified,
rho,6149,correct,verified,
rho,6150,correct,verified,
rho,6151,correct,verified,
rho,6152,correct,verified,
rho,6153,correct,verified,
rho,6154,correct,verified,
rho,6155,correct,verified,
rho,6156,correct,verified,
rho,6157,correct,verified,
rho,6158,correct,verified,
rho,6159,correct,verified,
rho,6160,correct,verified,
rho,6161,correct,verified,
rho,6162,correct,verified,
rho,6163,correct,verified,
rho,6164,correct,verified,
rho,6165,correct,verified,
rho,6166,correct,verified,
rho,6167,correct,verified,
rho,6168,correct,verified,
rho,6169,correct,verified,
rho,6170,correct,verified,
rho,6171,correct,verified,
rho,6172,correct,verified,
rho,6173,correct,verified,
rho,6174,correct,verified,
rho,6175,correct,verified,
rho,6176,correct,verified,
rho,6177,correct,verified,
rho,6178,correct,verified,
rho,6179,correct,verified,
rho_gas,0,correct,verified,
rho_gas,1,correct,verified,
rho_gas,2,correct,verified,
rho_gas,3,correct,verified,
rho_gas,4,correct,verified,
rho_gas,5,correct,verified,
rho_gas,6,correct,verified,
rho_gas,7,correct,verified,
rho_gas,8,correct,verified,
rho_gas,9,correct,verified,
rho_gas,10,correct,verified,
rho_gas,11,correct,verified,
rho_gas,12,correct,verified,
rho_gas,13,correct,verified,
rho_gas,14,correct,verified,
rho_gas,15,correct,verified,
rho_gas,16,correct,verified,
rho_gas,17,correct,verified,
rho_gas,18,correct,verified,
rho_gas,19,correct,verified,
rho_gas,20,correct,verified,
rho_gas,21,correct,verified,
rho_gas,22,correct,verified,
rho_gas,23,correct,verified,
rho_gas,24,correct,verified,
rho_gas,25,correct,verified,
rho_gas,26,correct,verified,
rho_gas,27,correct,verified,
rho_gas,28,correct,verified,
rho_gas,29,correct,verified,
rho_gas,30,correct,verified,
rho_gas,31,correct,verified,
rho_gas,32,correct,verified,
rho_gas,33,correct,verified,
rho_gas,34,correct,verified,
rho_gas,35,correct,verified,
rho_gas,36,correct,verified,
rho_gas,37,correct,verified,
rho_gas,38,correct,verified,
rho_gas,39,correct,verified,
rho_gas,40,correct,verified,
rho_gas,41,correct,verified,
rho_gas,42,correct,verified,
rho_gas,43,correct,verified,
rho_gas,44,correct,verified,
rho_gas,45,correct,verified,
rho_gas,46,correct,verified,
rho_gas,47,correct,verified,
rho_gas,48,correct,verified,
rho_gas,49,correct,verified,
rho_gas,50,correct,verified,
rho_gas,51,correct,verified,
rho_gas,52,correct,verified,
rho_gas,53,correct,verified,
rho_gas,54,correct,verified,
rho_gas,55,correct,verified,
rho_gas,56,correct,verified,
rho_gas,57,correct,verified,
rho_gas,58,correct,verified,
rho_gas,59,correct,verified,
rho_gas,60,correct,verified,
rho_gas,61,correct,verified,
rho_gas,62,correct,verified,
rho_gas,63,correct,verified,
rho_gas,64,correct,verified,
rho_gas,65,correct,verified,
rho_gas,66,correct,verified,
rho_gas,67,correct,verified,
rho_gas,68,correct,verified,
rho_gas,69,correct,verified,
rho_gas,70,correct,verified,
rho_gas,71,correct,verified,
rho_gas,72,correct,verified,
rho_gas,73,correct,verified,
rho_gas,74,correct,verified,
rho_gas,75,correct,verified,
rho_gas,76,correct,verified,
rho_gas,77,correct,verified,
rho_gas,78,correct,verified,
rho_gas,79,correct,verified,
rho_gas,80,correct,verified,
rho_gas,81,correct,verified,
rho_gas,82,correct,verified,
rho_gas,83,correct,verified,
rho_gas,84,correct,verified,
rho_gas,85,correct,verified,
rho_gas,86,correct,verified,
rho_gas,87,correct,verified,
rho_gas,88,correct,verified,
rho_gas,89,correct,verified,
rho_gas,90,correct,verified,
rho_gas,91,correct,verified,
rho_gas,92,correct,verified,
rho_gas,93,correct,verified,
rho_gas,94,correct,verified,
rho_gas,95,correct,verified,
rho_gas,96,correct,verified,
rho_gas,97,correct,verified,
rho_gas,98,correct,verified,
rho_gas,99,correct,verified,
rho_gas,100,correct,verified,
rho_gas,101,correct,verified,
rho_gas,102,correct,verified,
rho_gas,103,correct,verified,
rho_gas,104,correct,verified,
rho_gas,105,correct,verified,
rho_gas,106,correct,verified,
rho_gas,107,correct,verified,
rho_gas,108,correct,verified,
rho_gas,109,correct,verified,
rho_gas,110,correct,verified,
rho_gas,111,correct,verified,
rho_gas,112,correct,verified,
rho_gas,113,correct,verified,
rho_gas,114,correct,verified,
rho_gas,115,correct,verified,
rho_gas,116,correct,verified,
rho_gas,117,correct,verified,
rho_gas,118,correct,verified,
rho_gas,119,correct,verified,
rho_gas,120,correct,verified,
rho_gas,121,correct,verified,
rho_gas,122,correct,verified,
rho_gas,123,correct,verified,
rho_gas,124,correct,verified,
rho_gas,125,correct,verified,
rho_gas,126,correct,verified,
rho_gas,127,correct,verified,
rho_gas,128,correct,verified,
rho_gas,129,correct,verified,
rho_gas,130,correct,verified,
rho_gas,131,correct,verified,
rho_gas,132,correct,verified,
rho_gas,133,correct,verified,
rho_gas,134,correct,verified,
rho_gas,135,correct,verified,
rho_gas,136,correct,verified,
rho_gas,137,correct,verified,
rho_gas,138,correct,verified,
rho_gas,139,correct,verified,
rho_gas,140,correct,verified,
rho_gas,141,correct,verified,
rho_gas,142,correct,verified,
rho_gas,143,correct,verified,
rho_gas,144,correct,verified,
rho_gas,145,correct,verified,
rho_gas,146,correct,verified,
rho_gas,147,correct,verified,
rho_gas,148,correct,verified,
rho_gas,149,correct,verified,
rho_gas,150,correct,verified,
rho_gas,151,correct,verified,
rho_gas,152,correct,verified,
rho_gas,153,correct,verified,
rho_gas,154,correct,verified,
rho_gas,155,correct,verified,
rho_gas,156,correct,verified,
rho_gas,157,correct,verified,
rho_gas,158,correct,verified,
rho_gas,159,correct,verified,
rho_gas,160,correct,verified,
rho_gas,161,correct,verified,
rho_gas,162,correct,verified,
rho_gas,163,correct,verified,
rho_gas,164,correct,verified,
rho_gas,165,correct,verified,
rho_gas,166,correct,verified,
rho_gas,167,correct,verified,
rho_gas,168,correct,verified,
rho_gas,169,correct,verified,
rho_gas,170,correct,verified,
rho_gas,171,correct,verified,
rho_gas,172,correct,verified,
rho_gas,173,correct,verified,
rho_gas,174,correct,verified,
rho_gas,175,correct,verified,
rho_gas,176,correct,verified,
rho_gas,177,correct,verified,
rho_gas,178,correct,verified,
rho_gas,179,correct,verified,
rho_gas,180,correct,verified,
rho_gas,181,correct,verified,
rho_gas,182,correct,verified,
rho_gas,183,correct,verified,
rho_gas,184,correct,verified,
rho_gas,185,correct,verified,
rho_gas,186,correct,verified,
rho_gas,187,correct,verified,
rho_gas,188,correct,verified,
rho_gas,189,correct,verified,
rho_gas,190,correct,verified,
rho_gas,191,correct,verified,
rho_gas,192,correct,verified,
rho_gas,193,correct,verified,
rho_gas,194,correct,verified,
rho_gas,195,correct,verified,
rho_gas,196,correct,verified,
rho_gas,197,correct,verified,
rho_gas,198,correct,verified,
rho_gas,199,correct,verified,
rho_gas,200,correct,verified,
rho_gas,201,correct,verified,
rho_gas,202,correct,verified,
rho_gas,203,correct,verified,
rho_gas,204,correct,verified,
rho_gas,205,correct,verified,
rho_gas,206,correct,verified,
rho_gas,207,correct,verified,
rho_gas,208,correct,verified,
rho_gas,209,correct,verified,
rho_gas,210,correct,verified,
rho_gas,211,correct,verified,
rho_gas,212,correct,verified,
rho_gas,213,correct,verified,
rho_gas,214,correct,verified,
rho_gas,215,correct,verified,
rho_gas,216,correct,verified,
rho_gas,217,correct,verified,
rho_gas,218,correct,verified,
rho_gas,219,correct,verified,
rho_gas,220,correct,verified,
rho_gas,221,correct,verified,
rho_gas,222,correct,verified,
rho_gas,223,correct,verified,
rho_gas,224,correct,verified,
rho_gas,225,correct,verified,
rho_gas,226,correct,verified,
rho_gas,227,correct,verified,
rho_gas,228,correct,verified,
rho_gas,229,correct,verified,
rho_gas,230,correct,verified,
rho_gas,231,correct,verified,
rho_gas,232,correct,verified,
rho_gas,233,correct,verified,
rho_gas,234,correct,verified,
rho_gas,235,correct,verified,
rho_gas,236,correct,verified,
rho_gas,237,correct,verified,
rho_gas,238,correct,verified,
rho_gas,239,correct,verified,
rho_gas,240,correct,verified,
rho_gas,241,correct,verified,
rho_gas,242,correct,verified,
rho_gas,243,correct,verified,
rho_gas,244,correct,verified,
rho_gas,245,correct,verified,
rho_gas,246,correct,verified,
rho_gas,247,correct,verified,
rho_gas,248,correct,verified,
rho_gas,249,correct,verified,
rho_gas,250,correct,verified,
rho_gas,251,correct,verified,
rho_gas,252,correct,verified,
rho_gas,253,correct,verified,
rho_gas,254,correct,verified,
rho_gas,255,correct,verified,
rho_gas,256,correct,verified,
rho_gas,257,correct,verified,
rho_gas,258,correct,verified,
rho_gas,259,correct,verified,
rho_gas,260,correct,verified,
rho_gas,261,correct,verified,
rho_gas,262,correct,verified,
rho_gas,263,correct,verified,
rho_gas,264,correct,verified,
rho_gas,265,correct,verified,
rho_gas,266,correct,verified,
rho_gas,267,correct,verified,
rho_gas,268,correct,verified,
rho_gas,269,correct,verified,
rho_gas,270,correct,verified,
rho_gas,271,correct,verified,
rho_gas,272,correct,verified,
rho_gas,273,correct,verified,
rho_gas,274,correct,verified,
rho_gas,275,correct,verified,
rho_gas,276,correct,verified,
rho_gas,277,correct,verified,
rho_gas,278,correct,verified,
rho_gas,279,correct,verified,
rho_gas,280,correct,verified,
rho_gas,281,correct,verified,
rho_gas,282,correct,verified,
rho_gas,283,correct,verified,
rho_gas,284,correct,verified,
rho_gas,285,correct,verified,
rho_gas,286,correct,verified,
rho_gas,287,correct,verified,
rho_gas,288,correct,verified,
rho_gas,289,correct,verified,
rho_gas,290,correct,verified,
rho_gas,291,correct,verified,
rho_gas,292,correct,verified,
rho_gas,293,correct,verified,
rho_gas,294,correct,verified,
rho_gas,295,correct,verified,
rho_gas,296,correct,verified,
rho_gas,297,correct,verified,
rho_gas,298,correct,verified,
rho_gas,299,correct,verified,
rho_gas,300,correct,verified,
rho_gas,301,correct,verified,
rho_gas,302,correct,verified,
rho_gas,303,correct,verified,
rho_gas,304,correct,verified,
rho_gas,305,correct,verified,
rho_gas,306,correct,verified,
rho_gas,307,correct,verified,
rho_gas,308,correct,verified,
rho_gas,309,correct,verified,
rho_gas,310,correct,verified,
rho_gas,311,correct,verified,
rho_gas,312,correct,verified,
rho_gas,313,correct,verified,
rho_gas,314,correct,verified,
rho_gas,315,correct,verified,
rho_gas,316,correct,verified,
rho_gas,317,correct,verified,
rho_gas,318,correct,verified,
rho_gas,319,correct,verified,
rho_gas,320,correct,verified,
rho_gas,321,correct,verified,
rho_gas,322,correct,verified,
rho_gas,323,correct,verified,
rho_gas,324,correct,verified,
rho_gas,325,correct,verified,
rho_gas,326,correct,verified,
rho_gas,327,correct,verified,
rho_gas,328,correct,verified,
rho_gas,329,correct,verified,
rho_gas,330,correct,verified,
rho_gas,331,correct,verified,
rho_gas,332,correct,verified,
rho_gas,333,correct,verified,
rho_gas,334,correct,verified,
rho_gas,335,correct,verified,
rho_gas,336,correct,verified,
rho_gas,337,correct,verified,
rho_gas,338,correct,verified,
rho_gas,339,correct,verified,
rho_gas,340,correct,verified,
rho_gas,341,correct,verified,
rho_gas,342,correct,verified,
rho_gas,343,correct,verified,
rho_gas,344,correct,verified,
rho_gas,345,correct,verified,
rho_gas,346,correct,verified,
rho_gas,347,correct,verified,
rho_gas,348,correct,verified,
rho_gas,349,correct,verified,
rho_gas,350,correct,verified,
rho_gas,351,correct,verified,
rho_gas,352,correct,verified,
rho_gas,353,correct,verified,
rho_gas,354,correct,verified,
rho_gas,355,correct,verified,
rho_gas,356,correct,verified,
rho_gas,357,correct,verified,
rho_gas,358,correct,verified,
rho_gas,359,correct,verified,
rho_gas,360,correct,verified,
rho_gas,361,correct,verified,
rho_gas,362,correct,verified,
rho_gas,363,correct,verified,
rho_gas,364,correct,verified,
rho_gas,365,correct,verified,
rho_gas,366,correct,verified,
rho_gas,367,correct,verified,
rho_gas,368,correct,verified,
rho_gas,369,correct,verified,
rho_gas,370,correct,verified,
rho_gas,371,correct,verified,
rho_gas,372,correct,verified,
rho_gas,373,correct,verified,
rho_gas,374,correct,verified,
rho_gas,375,correct,verified,
rho_gas,376,correct,verified,
rho_gas,377,correct,verified,
rho_gas,378,correct,verified,
rho_gas,379,correct,verified,
rho_gas,380,correct,verified,
rho_gas,381,correct,verified,
rho_gas,382,correct,verified,
rho_gas,383,correct,verified,
rho_gas,384,correct,verified,
rho_gas,385,correct,verified,
rho_gas,386,correct,verified,
rho_gas,387,correct,verified,
rho_gas,388,correct,verified,
rho_gas,389,correct,verified,
rho_gas,390,correct,verified,
rho_gas,391,correct,verified,
rho_gas,392,correct,verified,
rho_gas,393,correct,verified,
rho_gas,394,correct,verified,
rho_gas,395,correct,verified,
rho_gas,396,correct,verified,
rho_gas,397,correct,verified,
rho_gas,398,correct,verified,
rho_gas,399,correct,verified,
rho_gas,400,correct,verified,
rho_gas,401,correct,verified,
rho_gas,402,correct,verified,
rho_gas,403,correct,verified,
rho_gas,404,correct,verified,
rho_gas,405,correct,verified,
rho_gas,406,correct,verified,
rho_gas,407,correct,verified,
rho_gas,408,correct,verified,
rho_gas,409,correct,verified,
rho_gas,410,correct,verified,
rho_gas,411,correct,verified,
rho_gas,412,correct,verified,
rho_gas,413,correct,verified,
rho_gas,414,correct,verified,
rho_gas,415,correct,verified,
rho_gas,416,correct,verified,
rho_gas,417,correct,verified,
rho_gas,418,correct,verified,
rho_gas,419,correct,verified,
rho_gas,420,correct,verified,
rho_gas,421,correct,verified,
rho_gas,422,correct,verified,
rho_gas,423,correct,verified,
rho_gas,424,correct,verified,
rho_gas,425,correct,verified,
rho_gas,426,correct,verified,
rho_gas,427,correct,verified,
rho_gas,428,correct,verified,
rho_gas,429,correct,verified,
rho_gas,430,correct,verified,
rho_gas,431,correct,verified,
rho_gas,432,correct,verified,
rho_gas,433,correct,verified,
rho_gas,434,correct,verified,
rho_gas,435,correct,verified,
rho_gas,436,correct,verified,
rho_gas,437,correct,verified,
rho_gas,438,correct,verified,
rho_gas,439,correct,verified,
rho_gas,440,correct,verified,
rho_gas,441,correct,verified,
rho_gas,442,correct,verified,
rho_gas,443,correct,verified,
rho_gas,444,correct,verified,
rho_gas,445,correct,verified,
rho_gas,446,correct,verified,
rho_gas,447,correct,verified,
rho_gas,448,correct,verified,
rho_gas,449,correct,verified,
rho_gas,450,correct,verified,
rho_gas,451,correct,verified,
rho_gas,452,correct,verified,
rho_gas,453,correct,verified,
rho_gas,454,correct,verified,
rho_gas,455,correct,verified,
rho_gas,456,correct,verified,
rho_gas,457,correct,verified,
rho_gas,458,correct,verified,
rho_gas,459,correct,verified,
rho_gas,460,correct,verified,
rho_gas,461,correct,verified,
rho_gas,462,correct,verified,
rho_gas,463,correct,verified,
rho_gas,464,correct,verified,
rho_gas,465,correct,verified,
rho_gas,466,correct,verified,
rho_gas,467,correct,verified,
rho_gas,468,correct,verified,
rho_gas,469,correct,verified,
rho_gas,470,correct,verified,
rho_gas,471,correct,verified,
rho_gas,472,correct,verified,
rho_gas,473,correct,verified,
rho_gas,474,correct,verified,
rho_gas,475,correct,verified,
rho_gas,476,correct,verified,
rho_gas,477,correct,verified,
rho_gas,478,correct,verified,
rho_gas,479,correct,verified,
rho_gas,480,correct,verified,
rho_gas,481,correct,verified,
rho_gas,482,correct,verified,
rho_gas,483,correct,verified,
rho_gas,484,correct,verified,
rho_gas,485,correct,verified,
rho_gas,486,correct,verified,
rho_gas,487,correct,verified,
rho_gas,488,correct,verified,
rho_gas,489,correct,verified,
rho_gas,490,correct,verified,
rho_gas,491,correct,verified,
rho_gas,492,correct,verified,
rho_gas,493,correct,verified,
rho_gas,494,correct,verified,
rho_gas,495,correct,verified,
rho_gas,496,correct,verified,
rho_gas,497,correct,verified,
rho_gas,498,correct,verified,
rho_gas,499,correct,verified,
rho_gas,500,correct,verified,
rho_gas,501,correct,verified,
rho_gas,502,correct,verified,
rho_gas,503,correct,verified,
rho_gas,504,correct,verified,
rho_gas,505,correct,verified,
rho_gas,506,correct,verified,
rho_gas,507,correct,verified,
rho_gas,508,correct,verified,
rho_gas,509,correct,verified,
rho_gas,510,correct,verified,
rho_gas,511,correct,verified,
rho_gas,512,correct,verified,
rho_gas,513,correct,verified,
rho_gas,514,correct,verified,
rho_gas,515,correct,verified,
rho_gas,516,correct,verified,
rho_gas,517,correct,verified,
rho_gas,518,correct,verified,
rho_gas,519,correct,verified,
rho_gas,520,correct,verified,
rho_gas,521,correct,verified,
rho_gas,522,correct,verified,
rho_gas,523,correct,verified,
rho_gas,524,correct,verified,
rho_gas,525,correct,verified,
rho_gas,526,correct,verified,
rho_gas,527,correct,verified,
rho_gas,528,correct,verified,
rho_gas,529,correct,verified,
rho_gas,530,correct,verified,
rho_gas,531,correct,verified,
rho_gas,532,correct,verified,
rho_gas,533,correct,verified,
rho_gas,534,correct,verified,
rho_gas,535,correct,verified,
rho_gas,536,correct,verified,
rho_gas,537,correct,verified,
rho_gas,538,correct,verified,
rho_gas,539,correct,verified,
rho_gas,540,correct,verified,
rho_gas,541,correct,verified,
rho_gas,542,correct,verified,
rho_gas,543,correct,verified,
rho_gas,544,correct,verified,
rho_gas,545,correct,verified,
rho_gas,546,correct,verified,
rho_gas,547,correct,verified,
rho_gas,548,correct,verified,
rho_gas,549,correct,verified,
rho_gas,550,correct,verified,
rho_gas,551,correct,verified,
rho_gas,552,correct,verified,
rho_gas,553,correct,verified,
rho_gas,554,correct,verified,
rho_gas,555,correct,verified,
rho_gas,556,correct,verified,
rho_gas,557,correct,verified,
rho_gas,558,correct,verified,
rho_gas,559,correct,verified,
rho_gas,560,correct,verified,
rho_gas,561,correct,verified,
rho_gas,562,correct,verified,
rho_gas,563,correct,verified,
rho_gas,564,correct,verified,
rho_gas,565,correct,verified,
rho_gas,566,correct,verified,
rho_gas,567,correct,verified,
rho_gas,568,correct,verified,
rho_gas,569,correct,verified,
rho_gas,570,correct,verified,
rho_gas,571,correct,verified,
rho_gas,572,correct,verified,
rho_gas,573,correct,verified,
rho_gas,574,correct,verified,
rho_gas,575,correct,verified,
rho_gas,576,correct,verified,
rho_gas,577,correct,verified,
rho_gas,578,correct,verified,
rho_gas,579,correct,verified,
rho_gas,580,correct,verified,
rho_gas,581,correct,verified,
rho_gas,582,correct,verified,
rho_gas,583,correct,verified,
rho_gas,584,correct,verified,
rho_gas,585,correct,verified,
rho_gas,586,correct,verified,
rho_gas,587,correct,verified,
rho_gas,588,correct,verified,
rho_gas,589,correct,verified,
rho_gas,590,correct,verified,
rho_gas,591,correct,verified,
rho_gas,592,correct,verified,
rho_gas,593,correct,verified,
rho_gas,594,correct,verified,
rho_gas,595,correct,verified,
rho_gas,596,correct,verified,
rho_gas,597,correct,verified,
rho_gas,598,correct,verified,
rho_gas,599,correct,verified,
rho_gas,600,correct,verified,
rho_gas,601,correct,verified,
rho_gas,602,correct,verified,
rho_gas,603,correct,verified,
rho_gas,604,correct,verified,
rho_gas,605,correct,verified,
rho_gas,606,correct,verified,
rho_gas,607,correct,verified,
rho_gas,608,correct,verified,
rho_gas,609,correct,verified,
rho_gas,610,correct,verified,
rho_gas,611,correct,verified,
rho_gas,612,correct,verified,
rho_gas,613,correct,verified,
rho_gas,614,correct,verified,
rho_gas,615,correct,verified,
rho_gas,616,correct,verified,
rho_gas,617,correct,verified,
rho_gas,618,correct,verified,
rho_gas,619,correct,verified,
rho_gas,620,correct,verified,
rho_gas,621,correct,verified,
rho_gas,622,correct,verified,
rho_gas,623,correct,verified,
rho_gas,624,correct,verified,
rho_gas,625,correct,verified,
rho_gas,626,correct,verified,
rho_gas,627,correct,verified,
rho_gas,628,correct,verified,
rho_gas,629,correct,verified,
rho_gas,630,correct,verified,
rho_gas,631,correct,verified,
rho_gas,632,correct,verified,
rho_gas,633,correct,verified,
rho_gas,634,correct,verified,
rho_gas,635,correct,verified,
rho_gas,636,correct,verified,
rho_gas,637,correct,verified,
rho_gas,638,correct,verified,
rho_gas,639,correct,verified,
rho_gas,640,correct,verified,
rho_gas,641,correct,verified,
rho_gas,642,correct,verified,
rho_gas,643,correct,verified,
rho_gas,644,correct,verified,
rho_gas,645,correct,verified,
rho_gas,646,correct,verified,
rho_gas,647,correct,verified,
rho_gas,648,correct,verified,
rho_gas,649,correct,verified,
rho_gas,650,correct,verified,
rho_gas,651,correct,verified,
rho_gas,652,correct,verified,
rho_gas,653,correct,verified,
rho_gas,654,correct,verified,
rho_gas,655,correct,verified,
rho_gas,656,correct,verified,
rho_gas,657,correct,verified,
rho_gas,658,correct,verified,
rho_gas,659,correct,verified,
rho_gas,660,correct,verified,
rho_gas,661,correct,verified,
rho_gas,662,correct,verified,
rho_gas,663,correct,verified,
rho_gas,664,correct,verified,
rho_gas,665,correct,verified,
rho_gas,666,correct,verified,
rho_gas,667,correct,verified,
rho_gas,668,correct,verified,
rho_gas,669,correct,verified,
rho_gas,670,correct,verified,
rho_gas,671,correct,verified,
rho_gas,672,correct,verified,
rho_gas,673,correct,verified,
rho_gas,674,correct,verified,
rho_gas,675,correct,verified,
rho_gas,676,correct,verified,
rho_gas,677,correct,verified,
rho_gas,678,correct,verified,
rho_gas,679,correct,verified,
rho_gas,680,correct,verified,
rho_gas,681,correct,verified,
rho_gas,682,correct,verified,
rho_gas,683,correct,verified,
rho_gas,684,correct,verified,
rho_gas,685,correct,verified,
rho_gas,686,correct,verified,
rho_gas,687,correct,verified,
rho_gas,688,correct,verified,
rho_gas,689,correct,verified,
rho_gas,690,correct,verified,
rho_gas,691,correct,verified,
rho_gas,692,correct,verified,
rho_gas,693,correct,verified,
rho_gas,694,correct,verified,
rho_gas,695,correct,verified,
rho_gas,696,correct,verified,
rho_gas,697,correct,verified,
rho_gas,698,correct,verified,
rho_gas,699,correct,verified,
rho_gas,700,correct,verified,
rho_gas,701,correct,verified,
rho_gas,702,correct,verified,
rho_gas,703,correct,verified,
rho_gas,704,correct,verified,
rho_gas,705,correct,verified,
rho_gas,706,correct,verified,
rho_gas,707,correct,verified,
rho_gas,708,correct,verified,
rho_gas,709,correct,verified,
rho_gas,710,correct,verified,
rho_gas,711,correct,verified,
rho_gas,712,correct,verified,
rho_gas,713,correct,verified,
rho_gas,714,correct,verified,
rho_gas,715,correct,verified,
rho_gas,716,correct,verified,
rho_gas,717,correct,verified,
rho_gas,718,correct,verified,
rho_gas,719,correct,verified,
rho_gas,720,correct,verified,
rho_gas,721,correct,verified,
rho_gas,722,correct,verified,
rho_gas,723,correct,verified,
rho_gas,724,correct,verified,
rho_gas,725,correct,verified,
rho_gas,726,correct,verified,
rho_gas,727,correct,verified,
rho_gas,728,correct,verified,
rho_gas,729,correct,verified,
rho_gas,730,correct,verified,
rho_gas,731,correct,verified,
rho_gas,732,correct,verified,
rho_gas,733,correct,verified,
rho_gas,734,correct,verified,
rho_gas,735,correct,verified,
rho_gas,736,correct,verified,
rho_gas,737,correct,verified,
rho_gas,738,correct,verified,
rho_gas,739,correct,verified,
rho_gas,740,correct,verified,
rho_gas,741,correct,verified,
rho_gas,742,correct,verified,
rho_gas,743,correct,verified,
rho_gas,744,correct,verified,
rho_gas,745,correct,verified,
rho_gas,746,correct,verified,
rho_gas,747,correct,verified,
rho_gas,748,correct,verified,
rho_gas,749,correct,verified,
rho_gas,750,correct,verified,
rho_gas,751,correct,verified,
rho_gas,752,correct,verified,
rho_gas,753,correct,verified,
rho_gas,754,correct,verified,
rho_gas,755,correct,verified,
rho_gas,756,correct,verified,
rho_gas,757,correct,verified,
rho_gas,758,correct,verified,
rho_gas,759,correct,verified,
rho_gas,760,correct,verified,
rho_gas,761,correct,verified,
rho_gas,762,correct,verified,
rho_gas,763,correct,verified,
rho_gas,764,correct,verified,
rho_gas,765,correct,verified,
rho_gas,766,correct,verified,
rho_gas,767,correct,verified,
rho_gas,768,correct,verified,
rho_gas,769,correct,verified,
rho_gas,770,correct,verified,
rho_gas,771,correct,verified,
rho_gas,772,correct,verified,
rho_gas,773,correct,verified,
rho_gas,774,correct,verified,
rho_gas,775,correct,verified,
rho_gas,776,correct,verified,
rho_gas,777,correct,verified,
rho_gas,778,correct,verified,
rho_gas,779,correct,verified,
rho_gas,780,correct,verified,
rho_gas,781,correct,verified,
rho_gas,782,correct,verified,
rho_gas,783,correct,verified,
rho_gas,784,correct,verified,
rho_gas,785,correct,verified,
rho_gas,786,correct,verified,
rho_gas,787,correct,verified,
rho_gas,788,correct,verified,
rho_gas,789,correct,verified,
rho_gas,790,correct,verified,
rho_gas,791,correct,verified,
rho_gas,792,correct,verified,
rho_gas,793,correct,verified,
rho_gas,794,correct,verified,
rho_gas,795,correct,verified,
rho_gas,796,correct,verified,
rho_gas,797,correct,verified,
rho_gas,798,correct,verified,
rho_gas,799,correct,verified,
rho_gas,800,correct,verified,
rho_gas,801,correct,verified,
rho_gas,802,correct,verified,
rho_gas,803,correct,verified,
rho_gas,804,correct,verified,
rho_gas,805,correct,verified,
rho_gas,806,correct,verified,
rho_gas,807,correct,verified,
rho_gas,808,correct,verified,
rho_gas,809,correct,verified,
rho_gas,810,correct,verified,
rho_gas,811,correct,verified,
rho_gas,812,correct,verified,
rho_gas,813,correct,verified,
rho_gas,814,correct,verified,
rho_gas,815,correct,verified,
rho_gas,816,correct,verified,
rho_gas,817,correct,verified,
rho_gas,818,correct,verified,
rho_gas,819,correct,verified,
rho_gas,820,correct,verified,
rho_gas,821,correct,verified,
rho_gas,822,correct,verified,
rho_gas,823,correct,verified,
rho_gas,824,correct,verified,
rho_gas,825,correct,verified,
rho_gas,826,correct,verified,
rho_gas,827,correct,verified,
rho_gas,828,correct,verified,
rho_gas,829,correct,verified,
rho_gas,830,correct,verified,
rho_gas,831,correct,verified,
rho_gas,832,correct,verified,
rho_gas,833,correct,verified,
rho_gas,834,correct,verified,
rho_gas,835,correct,verified,
rho_gas,836,correct,verified,
rho_gas,837,correct,verified,
rho_gas,838,correct,verified,
rho_gas,839,correct,verified,
rho_gas,840,correct,verified,
rho_gas,841,correct,verified,
rho_gas,842,correct,verified,
rho_gas,843,correct,verified,
rho_gas,844,correct,verified,
rho_gas,845,correct,verified,
rho_gas,846,correct,verified,
rho_gas,847,correct,verified,
rho_gas,848,correct,verified,
rho_gas,849,correct,verified,
rho_gas,850,correct,verified,
rho_gas,851,correct,verified,
rho_gas,852,correct,verified,
rho_gas,853,correct,verified,
rho_gas,854,correct,verified,
rho_gas,855,correct,verified,
rho_gas,856,correct,verified,
rho_gas,857,correct,verified,
rho_gas,858,correct,verified,
rho_gas,859,correct,verified,
rho_gas,860,correct,verified,
rho_gas,861,correct,verified,
rho_gas,862,correct,verified,
rho_gas,863,correct,verified,
rho_gas,864,correct,verified,
rho_gas,865,correct,verified,
rho_gas,866,correct,verified,
rho_gas,867,correct,verified,
rho_gas,868,correct,verified,
rho_gas,869,correct,verified,
rho_gas,870,correct,verified,
rho_gas,871,correct,verified,
rho_gas,872,correct,verified,
rho_gas,873,correct,verified,
rho_gas,874,correct,verified,
rho_gas,875,correct,verified,
rho_gas,876,correct,verified,
rho_gas,877,correct,verified,
rho_gas,878,correct,verified,
rho_gas,879,correct,verified,
rho_gas,880,correct,verified,
rho_gas,881,correct,verified,
rho_gas,882,correct,verified,
rho_gas,883,correct,verified,
rho_gas,884,correct,verified,
rho_gas,885,correct,verified,
rho_gas,886,correct,verified,
rho_gas,887,correct,verified,
rho_gas,888,correct,verified,
rho_gas,889,correct,verified,
rho_gas,890,correct,verified,
rho_gas,891,correct,verified,
rho_gas,892,correct,verified,
rho_gas,893,correct,verified,
rho_gas,894,correct,verified,
rho_gas,895,correct,verified,
rho_gas,896,correct,verified,
rho_gas,897,correct,verified,
rho_gas,898,correct,verified,
rho_gas,899,correct,verified,
rho_gas,900,correct,verified,
rho_gas,901,correct,verified,
rho_gas,902,correct,verified,
rho_gas,903,correct,verified,
rho_gas,904,correct,verified,
rho_gas,905,correct,verified,
rho_gas,906,correct,verified,
rho_gas,907,correct,verified,
rho_gas,908,correct,verified,
rho_gas,909,correct,verified,
rho_gas,910,correct,verified,
rho_gas,911,correct,verified,
rho_gas,912,correct,verified,
rho_gas,913,correct,verified,
rho_gas,914,correct,verified,
rho_gas,915,correct,verified,
rho_gas,916,correct,verified,
rho_gas,917,correct,verified,
rho_gas,918,correct,verified,
rho_gas,919,correct,verified,
rho_gas,920,correct,verified,
rho_gas,921,correct,verified,
rho_gas,922,correct,verified,
rho_gas,923,correct,verified,
rho_gas,924,correct,verified,
rho_gas,925,correct,verified,
rho_gas,926,correct,verified,
rho_gas,927,correct,verified,
rho_gas,928,correct,verified,
rho_gas,929,correct,verified,
rho_gas,930,correct,verified,
rho_gas,931,correct,verified,
rho_gas,932,correct,verified,
rho_gas,933,correct,verified,
rho_gas,934,correct,verified,
rho_gas,935,correct,verified,
rho_gas,936,correct,verified,
rho_gas,937,correct,verified,
rho_gas,938,correct,verified,
rho_gas,939,correct,verified,
rho_gas,940,correct,verified,
rho_gas,941,correct,verified,
rho_gas,942,correct,verified,
rho_gas,943,correct,verified,
rho_gas,944,correct,verified,
rho_gas,945,correct,verified,
rho_gas,946,correct,verified,
rho_gas,947,correct,verified,
rho_gas,948,correct,verified,
rho_gas,949,correct,verified,
rho_gas,950,correct,verified,
solubility,0,minor,corrected,state
solubility,1,minor,corrected,conversion
solubility,2,minor,corrected,state
solubility,3,minor,corrected,conversion
solubility,4,minor,corrected,state
solubility,5,minor,corrected,conversion
solubility,6,minor,corrected,state
solubility,7,minor,corrected,conversion
solubility,8,minor,corrected,state
solubility,9,minor,corrected,conversion
solubility,10,minor,corrected,state
solubility,11,minor,corrected,conversion
solubility,12,minor,corrected,state
solubility,13,minor,corrected,conversion
solubility,14,minor,corrected,state
solubility,15,minor,corrected,conversion
solubility,16,minor,corrected,state
solubility,17,minor,corrected,conversion
solubility,18,minor,corrected,state
solubility,19,minor,corrected,conversion
solubility,20,minor,corrected,state
solubility,21,minor,corrected,conversion
solubility,22,minor,corrected,state
solubility,23,minor,corrected,conversion
solubility,24,correct,corrected,
solubility,25,correct,corrected,
solubility,26,correct,corrected,
solubility,27,correct,corrected,
solubility,28,correct,corrected,
solubility,29,correct,corrected,
solubility,30,correct,corrected,
solubility,31,correct,corrected,
solubility,32,correct,corrected,
solubility,33,correct,corrected,
solubility,34,correct,corrected,
solubility,35,correct,corrected,
solubility,36,correct,corrected,
solubility,37,correct,corrected,
solubility,38,correct,corrected,
solubility,39,correct,corrected,
solubility,40,correct,corrected,
solubility,41,correct,corrected,
solubility,42,correct,corrected,
solubility,43,correct,corrected,
solubility,44,correct,corrected,
solubility,45,correct,corrected,
solubility,46,correct,corrected,
solubility,47,correct,corrected,
solubility,48,correct,corrected,
solubility,49,correct,corrected,
solubility,50,minor,corrected,state
solubility,51,minor,corrected,conversion
solubility,52,minor,corrected,state
solubility,53,minor,corrected,conversion
solubility,54,minor,corrected,state
solubility,55,minor,corrected,conversion
solubility,56,minor,corrected,state
solubility,57,minor,corrected,conversion
solubility,58,minor,corrected,state
solubility,59,minor,corrected,conversion
solubility,60,minor,corrected,state
solubility,61,minor,corrected,conversion
solubility,62,minor,corrected,state
solubility,63,minor,corrected,conversion
solubility,64,minor,corrected,state
solubility,65,minor,corrected,conversion
solubility,66,minor,corrected,state
solubility,67,minor,corrected,conversion
solubility,68,minor,corrected,state
solubility,69,minor,corrected,conversion
solubility,70,minor,corrected,state
solubility,71,minor,corrected,conversion
solubility,72,minor,corrected,state
solubility,73,minor,corrected,conversion
solubility,74,correct,corrected,
solubility,75,correct,corrected,
solubility,76,correct,corrected,
solubility,77,correct,corrected,
solubility,78,correct,corrected,
solubility,79,correct,corrected,
solubility,80,correct,corrected,
solubility,81,correct,corrected,
solubility,82,correct,corrected,
solubility,83,correct,corrected,
solubility,84,correct,corrected,
solubility,85,correct,corrected,
solubility,86,correct,corrected,
solubility,87,correct,corrected,
solubility,88,correct,corrected,
solubility,89,correct,corrected,
solubility,90,correct,corrected,
solubility,91,correct,corrected,
solubility,92,correct,corrected,
solubility,93,correct,corrected,
solubility,94,minor,corrected,state
solubility,95,minor,corrected,conversion
solubility,96,minor,corrected,state
solubility,97,minor,corrected,conversion
solubility,98,minor,corrected,state
solubility,99,minor,corrected,conversion
solubility,100,minor,corrected,state
solubility,101,minor,corrected,conversion
solubility,102,minor,corrected,state
solubility,103,minor,corrected,conversion
solubility,104,minor,corrected,state
solubility,105,minor,corrected,conversion
solubility,106,minor,corrected,state
solubility,107,minor,corrected,conversion
solubility,108,minor,corrected,state
solubility,109,minor,corrected,conversion
solubility,110,minor,corrected,state
solubility,111,minor,corrected,conversion
solubility,112,minor,corrected,state
solubility,113,minor,corrected,conversion
solubility,114,minor,corrected,state
solubility,115,minor,corrected,conversion
solubility,116,minor,corrected,state
solubility,117,minor,corrected,conversion
solubility,118,minor,corrected,state
solubility,119,minor,corrected,conversion
solubility,120,minor,corrected,state
solubility,121,minor,corrected,conversion
solubility,122,minor,corrected,state
solubility,123,minor,corrected,conversion
solubility,124,minor,corrected,state
solubility,125,minor,corrected,conversion
solubility,126,minor,corrected,state
solubility,127,minor,corrected,conversion
solubility,128,minor,corrected,state
solubility,129,minor,corrected,conversion
solubility,130,minor,corrected,state
solubility,131,minor,corrected,conversion
solubility,132,minor,corrected,state
solubility,133,minor,corrected,conversion
solubility,134,minor,corrected,state
solubility,135,minor,corrected,conversion
solubility,136,minor,corrected,state
solubility,137,minor,corrected,conversion
solubility,138,minor,corrected,state
solubility,139,minor,corrected,conversion
solubility,140,minor,corrected,state
solubility,141,minor,corrected,conversion
solubility,142,correct,corrected,
solubility,143,correct,corrected,
solubility,144,correct,corrected,
solubility,145,correct,corrected,
solubility,146,correct,corrected,
solubility,147,correct,corrected,
solubility,148,correct,corrected,
solubility,149,correct,corrected,
solubility,150,correct,corrected,
solubility,151,correct,corrected,
solubility,152,correct,corrected,
solubility,153,correct,corrected,
solubility,154,correct,corrected,
solubility,155,correct,corrected,
solubility,156,correct,corrected,
solubility,157,correct,corrected,
solubility,158,correct,corrected,
solubility,159,correct,corrected,
solubility,160,correct,corrected,
solubility,161,correct,corrected,
solubility,162,correct,corrected,
solubility,163,correct,corrected,
solubility,164,correct,corrected,
solubility,165,correct,corrected,
solubility,166,correct,corrected,
solubility,167,correct,corrected,
solubility,168,correct,corrected,
solubility,169,correct,corrected,
solubility,170,correct,corrected,
solubility,171,correct,corrected,
solubility,172,correct,corrected,
solubility,173,correct,corrected,
solubility,174,correct,corrected,
solubility,175,correct,corrected,
solubility,176,correct,corrected,
solubility,177,correct,corrected,
solubility,178,correct,corrected,
solubility,179,correct,corrected,
solubility,180,correct,corrected,
solubility,181,correct,corrected,
solubility,182,correct,corrected,
solubility,183,correct,corrected,
solubility,184,correct,corrected,
solubility,185,correct,corrected,
solubility,186,correct,corrected,
solubility,187,correct,corrected,
solubility,188,correct,corrected,
solubility,189,correct,corrected,
solubility,190,unverifiable,not-verifiable,
solubility,191,unverifiable,not-verifiable,
solubility,192,unverifiable,not-verifiable,
solubility,193,unverifiable,not-verifiable,
solubility,194,unverifiable,not-verifiable,
solubility,195,unverifiable,not-verifiable,
solubility,196,unverifiable,not-verifiable,
solubility,197,unverifiable,not-verifiable,
solubility,198,unverifiable,not-verifiable,
solubility,199,unverifiable,not-verifiable,
solubility,200,unverifiable,not-verifiable,
solubility,201,unverifiable,not-verifiable,
solubility,202,unverifiable,not-verifiable,
solubility,203,unverifiable,not-verifiable,
solubility,204,unverifiable,not-verifiable,
solubility,205,unverifiable,not-verifiable,
solubility,206,unverifiable,not-verifiable,
solubility,207,unverifiable,not-verifiable,
solubility,208,unverifiable,not-verifiable,
solubility,209,unverifiable,not-verifiable,
solubility,210,unverifiable,not-verifiable,
solubility,211,unverifiable,not-verifiable,
solubility,212,unverifiable,not-verifiable,
solubility,213,unverifiable,not-verifiable,
solubility,214,unverifiable,not-verifiable,
solubility,215,unverifiable,not-verifiable,
solubility,216,unverifiable,not-verifiable,
solubility,217,unverifiable,not-verifiable,
solubility,218,unverifiable,not-verifiable,
solubility,219,unverifiable,not-verifiable,
solubility,220,unverifiable,not-verifiable,
solubility,221,unverifiable,not-verifiable,
solubility,222,unverifiable,not-verifiable,
solubility,223,unverifiable,not-verifiable,
solubility,224,unverifiable,not-verifiable,
solubility,225,unverifiable,not-verifiable,
solubility,226,unverifiable,not-verifiable,
solubility,227,unverifiable,not-verifiable,
solubility,228,correct,verified,
solubility,229,correct,verified,
solubility,230,correct,verified,
solubility,231,correct,verified,
solubility,232,correct,verified,
solubility,233,correct,verified,
solubility,234,correct,verified,
solubility,235,correct,verified,
solubility,236,correct,verified,
solubility,237,correct,verified,
solubility,238,correct,verified,
solubility,239,correct,verified,
solubility,240,correct,verified,
solubility,241,correct,verified,
solubility,242,correct,verified,
solubility,243,correct,verified,
solubility,244,correct,verified,
solubility,245,correct,verified,
solubility,246,correct,verified,
solubility,247,correct,verified,
solubility,248,minor,residual-difference,transcription
solubility,249,minor,residual-difference,transcription
solubility,250,minor,residual-difference,transcription
solubility,251,minor,residual-difference,transcription
solubility,252,correct,verified,
solubility,253,correct,verified,
solubility,254,correct,verified,
solubility,255,correct,verified,
solubility,256,correct,verified,
solubility,257,correct,verified,
solubility,258,correct,verified,
solubility,259,correct,verified,
solubility,260,correct,verified,
solubility,261,correct,verified,
solubility,262,correct,verified,
solubility,263,correct,verified,
solubility,264,correct,verified,
solubility,265,correct,verified,
solubility,266,correct,verified,
solubility,267,correct,verified,
solubility,268,correct,verified,
solubility,269,correct,verified,
solubility,270,correct,verified,
solubility,271,correct,verified,
solubility,272,unverifiable,not-verifiable,
solubility,273,unverifiable,not-verifiable,
solubility,274,unverifiable,not-verifiable,
solubility,275,unverifiable,not-verifiable,
solubility,276,unverifiable,not-verifiable,
solubility,277,unverifiable,not-verifiable,
solubility,278,unverifiable,not-verifiable,
solubility,279,unverifiable,not-verifiable,
solubility,280,unverifiable,not-verifiable,
solubility,281,unverifiable,not-verifiable,
solubility,282,unverifiable,not-verifiable,
solubility,283,unverifiable,not-verifiable,
solubility,284,unverifiable,not-verifiable,
solubility,285,unverifiable,not-verifiable,
solubility,286,unverifiable,not-verifiable,
solubility,287,unverifiable,not-verifiable,
solubility,288,unverifiable,not-verifiable,
solubility,289,unverifiable,not-verifiable,
solubility,290,unverifiable,not-verifiable,
solubility,291,unverifiable,not-verifiable,
solubility,292,unverifiable,not-verifiable,
solubility,293,unverifiable,not-verifiable,
solubility,294,unverifiable,not-verifiable,
solubility,295,unverifiable,not-verifiable,
solubility,296,unverifiable,not-verifiable,
solubility,297,unverifiable,not-verifiable,
solubility,298,unverifiable,not-verifiable,
solubility,299,unverifiable,not-verifiable,
solubility,300,unverifiable,not-verifiable,
solubility,301,unverifiable,not-verifiable,
solubility,302,unverifiable,not-verifiable,
solubility,303,unverifiable,not-verifiable,
solubility,304,unverifiable,not-verifiable,
solubility,305,unverifiable,not-verifiable,
solubility,306,unverifiable,not-verifiable,
solubility,307,unverifiable,not-verifiable,
solubility,308,correct,verified,
solubility,309,correct,verified,
solubility,310,correct,verified,
solubility,311,correct,verified,
solubility,312,correct,verified,
solubility,313,correct,verified,
solubility,314,correct,verified,
solubility,315,correct,verified,
solubility,316,correct,verified,
solubility,317,correct,verified,
solubility,318,correct,verified,
solubility,319,correct,verified,
solubility,320,correct,verified,
solubility,321,correct,verified,
solubility,322,major,corrected,transcription
solubility,323,major,corrected,transcription
solubility,324,correct,verified,
solubility,325,correct,verified,
solubility,326,unverifiable,not-verifiable,
solubility,327,unverifiable,not-verifiable,
solubility,328,unverifiable,not-verifiable,
solubility,329,unverifiable,not-verifiable,
solubility,330,unverifiable,not-verifiable,
solubility,331,unverifiable,not-verifiable,
solubility,332,unverifiable,not-verifiable,
solubility,333,unverifiable,not-verifiable,
solubility,334,unverifiable,not-verifiable,
solubility,335,unverifiable,not-verifiable,
solubility,336,unverifiable,not-verifiable,
solubility,337,unverifiable,not-verifiable,
solubility,338,unverifiable,not-verifiable,
solubility,339,unverifiable,not-verifiable,
solubility,340,unverifiable,not-verifiable,
solubility,341,unverifiable,not-verifiable,
solubility,342,unverifiable,not-verifiable,
solubility,343,unverifiable,not-verifiable,
solubility,344,unverifiable,not-verifiable,
solubility,345,unverifiable,not-verifiable,
solubility,346,unverifiable,not-verifiable,
solubility,347,unverifiable,not-verifiable,
solubility,348,unverifiable,not-verifiable,
solubility,349,unverifiable,not-verifiable,
solubility,350,unverifiable,not-verifiable,
solubility,351,unverifiable,not-verifiable,
solubility,352,unverifiable,not-verifiable,
solubility,353,unverifiable,not-verifiable,
solubility,354,unverifiable,not-verifiable,
solubility,355,unverifiable,not-verifiable,
solubility,356,unverifiable,not-verifiable,
solubility,357,unverifiable,not-verifiable,
solubility,358,unverifiable,not-verifiable,
solubility,359,unverifiable,not-verifiable,
solubility,360,unverifiable,not-verifiable,
solubility,361,unverifiable,not-verifiable,
solubility,362,minor,corrected,conversion
solubility,363,minor,corrected,conversion
solubility,364,minor,corrected,conversion
solubility,365,minor,corrected,conversion
solubility,366,minor,corrected,conversion
solubility,367,minor,corrected,conversion
solubility,368,major,corrected,conversion
solubility,369,major,corrected,conversion
solubility,370,major,corrected,conversion
solubility,371,major,corrected,conversion
solubility,372,major,corrected,conversion
solubility,373,major,corrected,conversion
solubility,374,major,corrected,conversion
solubility,375,major,corrected,conversion
solubility,376,major,corrected,conversion
solubility,377,major,corrected,conversion
solubility,378,major,corrected,conversion
solubility,379,major,corrected,conversion
solubility,380,minor,corrected,transcription
solubility,381,minor,corrected,transcription
solubility,382,minor,corrected,transcription
solubility,383,minor,corrected,transcription
solubility,384,minor,corrected,transcription
solubility,385,minor,corrected,transcription
solubility,386,minor,corrected,transcription
solubility,387,minor,corrected,transcription
solubility,388,minor,corrected,transcription
solubility,389,minor,corrected,transcription
solubility,390,minor,corrected,transcription
solubility,391,minor,corrected,transcription
solubility,392,minor,corrected,transcription
solubility,393,minor,corrected,transcription
solubility,394,minor,corrected,transcription
solubility,395,minor,corrected,transcription
solubility,396,minor,corrected,transcription
solubility,397,minor,corrected,transcription
solubility,398,minor,corrected,transcription
solubility,399,minor,corrected,transcription
solubility,400,minor,corrected,transcription
solubility,401,minor,corrected,transcription
solubility,402,minor,corrected,transcription
solubility,403,minor,corrected,transcription
solubility,404,correct,verified,
solubility,405,correct,verified,
solubility,406,correct,verified,
solubility,407,correct,verified,
solubility,408,correct,verified,
solubility,409,correct,verified,
solubility,410,correct,verified,
solubility,411,correct,verified,
solubility,412,correct,verified,
solubility,413,correct,verified,
solubility,414,correct,verified,
solubility,415,correct,verified,
solubility,416,correct,verified,
solubility,417,correct,verified,
solubility,418,correct,verified,
solubility,419,correct,verified,
solubility,420,correct,verified,
solubility,421,correct,verified,
solubility,422,correct,verified,
solubility,423,correct,verified,
solubility,424,correct,verified,
solubility,425,correct,verified,
solubility,426,correct,verified,
solubility,427,correct,verified,
solubility,428,correct,verified,
solubility,429,correct,verified,
solubility,430,correct,verified,
solubility,431,correct,verified,
solubility,432,correct,verified,
solubility,433,correct,verified,
solubility,434,correct,verified,
solubility,435,correct,verified,
solubility,436,correct,verified,
solubility,437,correct,verified,
solubility,438,correct,verified,
solubility,439,correct,verified,
solubility,440,correct,verified,
solubility,441,correct,verified,
solubility,442,minor,corrected,state
solubility,443,minor,corrected,state
solubility,444,minor,corrected,state
solubility,445,minor,corrected,state
solubility,446,minor,corrected,state
solubility,447,minor,corrected,state
solubility,448,minor,corrected,state
solubility,449,minor,corrected,state
solubility,450,minor,corrected,state
solubility,451,minor,corrected,state
solubility,452,minor,corrected,state
solubility,453,minor,corrected,state
solubility,454,minor,corrected,state
solubility,455,minor,corrected,state
solubility,456,minor,corrected,state
solubility,457,minor,corrected,state
solubility,458,minor,corrected,state
solubility,459,minor,corrected,state
solubility,460,minor,corrected,state
solubility,461,minor,corrected,state
solubility,462,minor,corrected,state
solubility,463,minor,corrected,state
solubility,464,minor,corrected,state
solubility,465,minor,corrected,state
solubility,466,minor,corrected,conversion
solubility,467,minor,corrected,conversion
solubility,468,minor,corrected,conversion
solubility,469,minor,corrected,conversion
solubility,470,minor,corrected,conversion
solubility,471,minor,corrected,conversion
solubility,472,major,corrected,conversion
solubility,473,major,corrected,conversion
solubility,474,major,corrected,conversion
solubility,475,major,corrected,conversion
solubility,476,major,corrected,conversion
solubility,477,major,corrected,conversion
solubility,478,major,corrected,conversion
solubility,479,major,corrected,conversion
solubility,480,major,corrected,conversion
solubility,481,major,corrected,conversion
solubility,482,major,corrected,conversion
solubility,483,major,corrected,conversion
solubility,484,minor,corrected,state
solubility,485,minor,corrected,conversion
solubility,486,minor,corrected,state
solubility,487,minor,corrected,conversion
solubility,488,minor,corrected,state
solubility,489,minor,corrected,conversion
solubility,490,minor,corrected,state
solubility,491,minor,corrected,conversion
solubility,492,minor,corrected,state
solubility,493,minor,corrected,conversion
solubility,494,minor,corrected,state
solubility,495,minor,corrected,conversion
solubility,496,minor,corrected,state
solubility,497,minor,corrected,conversion
solubility,498,minor,corrected,state
solubility,499,minor,corrected,conversion
solubility,500,minor,corrected,state
solubility,501,minor,corrected,conversion
solubility,502,minor,corrected,state
solubility,503,minor,corrected,conversion
solubility,504,minor,corrected,state
solubility,505,minor,corrected,conversion
solubility,506,minor,corrected,state
solubility,507,minor,corrected,conversion
solubility,508,minor,corrected,transcription
solubility,509,minor,corrected,transcription
solubility,510,minor,corrected,transcription
solubility,511,minor,corrected,transcription
solubility,512,minor,corrected,transcription
solubility,513,minor,corrected,transcription
solubility,514,minor,corrected,transcription
solubility,515,minor,corrected,transcription
solubility,516,minor,corrected,transcription
solubility,517,minor,corrected,transcription
solubility,518,minor,corrected,transcription
solubility,519,minor,corrected,transcription
solubility,520,minor,corrected,transcription
solubility,521,minor,corrected,transcription
solubility,522,minor,corrected,transcription
solubility,523,minor,corrected,transcription
solubility,524,minor,corrected,transcription
solubility,525,minor,corrected,transcription
solubility,526,minor,corrected,transcription
solubility,527,minor,corrected,transcription
solubility,528,minor,corrected,transcription
solubility,529,minor,corrected,transcription
solubility,530,minor,corrected,transcription
solubility,531,minor,corrected,transcription
solubility,532,minor,corrected,transcription
solubility,533,minor,corrected,transcription
solubility,534,minor,corrected,transcription
solubility,535,minor,corrected,transcription
solubility,536,minor,corrected,transcription
solubility,537,minor,corrected,transcription
solubility,538,minor,corrected,transcription
solubility,539,minor,corrected,transcription
solubility,540,minor,corrected,transcription
solubility,541,minor,corrected,transcription
solubility,542,minor,corrected,transcription
solubility,543,minor,corrected,transcription
solubility,544,minor,corrected,transcription
solubility,545,minor,corrected,transcription
solubility,546,minor,corrected,transcription
solubility,547,minor,corrected,transcription
solubility,548,minor,corrected,transcription
solubility,549,minor,corrected,transcription
solubility,550,minor,corrected,transcription
solubility,551,minor,corrected,transcription
solubility,552,minor,corrected,transcription
solubility,553,minor,corrected,transcription
solubility,554,minor,corrected,transcription
solubility,555,minor,corrected,transcription
solubility,556,minor,corrected,transcription
solubility,557,minor,corrected,transcription
solubility,558,minor,corrected,transcription
solubility,559,minor,corrected,transcription
solubility,560,minor,corrected,transcription
solubility,561,minor,corrected,transcription
solubility,562,minor,corrected,transcription
solubility,563,minor,corrected,transcription
solubility,564,minor,corrected,transcription
solubility,565,minor,corrected,transcription
solubility,566,minor,corrected,transcription
solubility,567,minor,corrected,transcription
solubility,568,minor,corrected,transcription
solubility,569,minor,corrected,transcription
solubility,570,minor,corrected,transcription
solubility,571,minor,corrected,transcription
solubility,572,minor,corrected,transcription
solubility,573,minor,corrected,transcription
solubility,574,minor,corrected,transcription
solubility,575,minor,corrected,transcription
solubility,576,minor,corrected,transcription
solubility,577,minor,corrected,transcription
solubility,578,minor,corrected,transcription
solubility,579,minor,corrected,transcription
solubility,580,minor,corrected,transcription
solubility,581,minor,corrected,transcription
solubility,582,minor,corrected,transcription
solubility,583,minor,corrected,transcription
solubility,584,correct,corrected,
solubility,585,correct,corrected,
solubility,586,correct,corrected,
solubility,587,correct,corrected,
solubility,588,correct,corrected,
solubility,589,correct,corrected,
solubility,590,correct,corrected,
solubility,591,correct,corrected,
solubility,592,correct,corrected,
solubility,593,correct,corrected,
solubility,594,correct,corrected,
solubility,595,correct,corrected,
solubility,596,correct,corrected,
solubility,597,correct,corrected,
solubility,598,correct,corrected,
solubility,599,correct,corrected,
solubility,600,correct,corrected,
solubility,601,correct,corrected,
solubility,602,correct,corrected,
solubility,603,correct,corrected,
solubility,604,minor,corrected,transcription
solubility,605,minor,corrected,transcription
solubility,606,minor,corrected,transcription
solubility,607,minor,corrected,transcription
solubility,608,minor,corrected,transcription
solubility,609,minor,corrected,transcription
solubility,610,minor,corrected,transcription
solubility,611,minor,corrected,transcription
solubility,612,minor,corrected,transcription
solubility,613,minor,corrected,transcription
solubility,614,minor,corrected,transcription
solubility,615,minor,corrected,transcription
solubility,616,minor,corrected,transcription
solubility,617,minor,corrected,transcription
solubility,618,minor,corrected,transcription
solubility,619,minor,corrected,transcription
solubility,620,minor,corrected,transcription
solubility,621,minor,corrected,transcription
solubility,622,minor,corrected,transcription
solubility,623,minor,corrected,transcription
solubility,624,minor,corrected,transcription
solubility,625,minor,corrected,transcription
solubility,626,minor,corrected,transcription
solubility,627,minor,corrected,transcription
solubility,628,minor,corrected,transcription
solubility,629,minor,corrected,transcription
solubility,630,minor,corrected,transcription
solubility,631,minor,corrected,transcription
solubility,632,minor,corrected,transcription
solubility,633,minor,corrected,transcription
solubility,634,minor,corrected,transcription
solubility,635,minor,corrected,transcription
solubility,636,minor,corrected,transcription
solubility,637,minor,corrected,transcription
solubility,638,minor,corrected,transcription
solubility,639,minor,corrected,transcription
solubility,640,minor,corrected,transcription
solubility,641,minor,corrected,transcription
solubility,642,minor,corrected,transcription
solubility,643,minor,corrected,transcription
solubility,644,minor,corrected,transcription
solubility,645,minor,corrected,transcription
solubility,646,minor,corrected,transcription
solubility,647,minor,corrected,transcription
solubility,648,minor,corrected,transcription
solubility,649,minor,corrected,transcription
solubility,650,minor,corrected,transcription
solubility,651,minor,corrected,transcription
solubility,652,minor,corrected,transcription
solubility,653,minor,corrected,transcription
solubility,654,minor,corrected,transcription
solubility,655,minor,corrected,transcription
solubility,656,minor,corrected,transcription
solubility,657,minor,corrected,transcription
solubility,658,minor,corrected,transcription
solubility,659,minor,corrected,transcription
solubility,660,minor,corrected,transcription
solubility,661,minor,corrected,transcription
solubility,662,minor,corrected,transcription
solubility,663,minor,corrected,transcription
solubility,664,minor,corrected,transcription
solubility,665,minor,corrected,transcription
solubility,666,major,corrected,transcription
solubility,667,major,corrected,transcription
solubility,668,major,corrected,transcription
solubility,669,major,corrected,transcription
solubility,670,major,corrected,transcription
solubility,671,major,corrected,transcription
solubility,672,major,corrected,transcription
solubility,673,major,corrected,transcription
solubility,674,major,corrected,transcription
solubility,675,major,corrected,transcription
solubility,676,major,corrected,transcription
solubility,677,major,corrected,transcription
solubility,678,major,corrected,transcription
solubility,679,major,corrected,transcription
solubility,680,major,corrected,transcription
solubility,681,major,corrected,transcription
solubility,682,major,corrected,transcription
solubility,683,major,corrected,transcription
solubility,684,major,corrected,transcription
solubility,685,major,corrected,transcription
solubility,686,major,corrected,transcription
solubility,687,major,corrected,transcription
solubility,688,minor,corrected,T whole-K isotherm; nominal salt molality
solubility,689,minor,corrected,T whole-K isotherm; nominal salt molality
solubility,690,minor,corrected,T whole-K isotherm; nominal salt molality
solubility,691,minor,corrected,T whole-K isotherm; nominal salt molality
solubility,692,minor,corrected,T whole-K isotherm; nominal salt molality
solubility,693,minor,corrected,T whole-K isotherm; nominal salt molality
solubility,694,minor,corrected,T whole-K isotherm; nominal salt molality
solubility,695,minor,corrected,T whole-K isotherm; nominal salt molality
solubility,696,minor,corrected,T whole-K isotherm; nominal salt molality
solubility,697,minor,corrected,T whole-K isotherm; nominal salt molality
solubility,698,minor,corrected,T whole-K isotherm; nominal salt molality
solubility,699,minor,corrected,T whole-K isotherm; nominal salt molality
solubility,700,minor,corrected,T whole-K isotherm; nominal salt molality
solubility,701,minor,corrected,T whole-K isotherm; nominal salt molality
solubility,702,minor,corrected,T whole-K isotherm; nominal salt molality
solubility,703,minor,corrected,T whole-K isotherm; nominal salt molality
solubility,704,minor,corrected,T whole-K isotherm; nominal salt molality
solubility,705,minor,corrected,T whole-K isotherm; nominal salt molality
solubility,706,minor,corrected,T whole-K isotherm; nominal salt molality
solubility,707,minor,corrected,T whole-K isotherm; nominal salt molality
solubility,708,minor,corrected,T whole-K isotherm; nominal salt molality
solubility,709,minor,corrected,T whole-K isotherm; nominal salt molality
solubility,710,minor,corrected,T whole-K isotherm; nominal salt molality
solubility,711,minor,corrected,T whole-K isotherm; nominal salt molality
solubility,712,major,corrected,transcription
solubility,713,major,corrected,transcription
solubility,714,major,corrected,transcription
solubility,715,major,corrected,transcription
solubility,716,major,corrected,transcription
solubility,717,major,corrected,transcription
solubility,718,major,corrected,transcription
solubility,719,major,corrected,transcription
solubility,720,major,corrected,transcription
solubility,721,major,corrected,transcription
solubility,722,major,corrected,transcription
solubility,723,major,corrected,transcription
solubility,724,major,corrected,transcription
solubility,725,major,corrected,transcription
solubility,726,major,corrected,transcription
solubility,727,major,corrected,transcription
solubility,728,minor,corrected,conversion
solubility,729,minor,corrected,conversion
solubility,730,minor,corrected,conversion
solubility,731,minor,corrected,conversion
solubility,732,minor,corrected,conversion
solubility,733,minor,corrected,conversion
solubility,734,minor,corrected,conversion
solubility,735,minor,corrected,conversion
solubility,736,minor,corrected,conversion
solubility,737,minor,corrected,conversion
solubility,738,minor,corrected,conversion
solubility,739,minor,corrected,conversion
solubility,740,minor,corrected,conversion
solubility,741,minor,corrected,conversion
solubility,742,minor,corrected,conversion
solubility,743,minor,corrected,conversion
solubility,744,minor,corrected,conversion
solubility,745,minor,corrected,conversion
solubility,746,minor,corrected,conversion
solubility,747,minor,corrected,conversion
solubility,748,minor,corrected,conversion
solubility,749,minor,corrected,conversion
solubility,750,minor,corrected,conversion
solubility,751,minor,corrected,conversion
solubility,752,minor,corrected,conversion
solubility,753,minor,corrected,conversion
solubility,754,minor,corrected,conversion
solubility,755,minor,corrected,conversion
solubility,756,minor,corrected,conversion
solubility,757,minor,corrected,conversion
solubility,758,minor,corrected,conversion
solubility,759,minor,corrected,conversion
solubility,760,correct,corrected,
solubility,761,correct,corrected,
solubility,762,correct,corrected,
solubility,763,correct,corrected,
solubility,764,correct,corrected,
solubility,765,correct,corrected,
solubility,766,minor,corrected,conversion
solubility,767,minor,corrected,conversion
solubility,768,minor,corrected,conversion
solubility,769,minor,corrected,conversion
solubility,770,minor,corrected,conversion
solubility,771,minor,corrected,conversion
solubility,772,minor,corrected,conversion
solubility,773,minor,corrected,conversion
solubility,774,correct,corrected,
solubility,775,correct,corrected,
solubility,776,correct,corrected,
solubility,777,correct,corrected,
solubility,778,minor,corrected,conversion
solubility,779,minor,corrected,conversion
solubility,780,minor,corrected,conversion
solubility,781,minor,corrected,conversion
solubility,782,minor,corrected,conversion
solubility,783,minor,corrected,conversion
solubility,784,major,corrected,conversion
solubility,785,major,corrected,conversion
solubility,786,major,corrected,conversion
solubility,787,major,corrected,conversion
solubility,788,major,corrected,conversion
solubility,789,major,corrected,conversion
solubility,790,major,corrected,conversion
solubility,791,major,corrected,conversion
solubility,792,major,corrected,conversion
solubility,793,major,corrected,conversion
solubility,794,major,corrected,conversion
solubility,795,major,corrected,conversion
solubility,796,minor,corrected,state
solubility,797,minor,corrected,state
solubility,798,minor,corrected,state
solubility,799,minor,corrected,state
solubility,800,minor,corrected,state
solubility,801,minor,corrected,state
solubility,802,minor,corrected,state
solubility,803,minor,corrected,state
solubility,804,minor,corrected,state
solubility,805,minor,corrected,state
solubility,806,minor,corrected,state
solubility,807,minor,corrected,state
solubility,808,minor,corrected,state
solubility,809,minor,corrected,state
solubility,810,minor,corrected,state
solubility,811,minor,corrected,state
solubility,812,minor,corrected,state
solubility,813,minor,corrected,state
solubility,814,minor,corrected,state
solubility,815,minor,corrected,state
solubility,816,minor,corrected,state
solubility,817,minor,corrected,state
solubility,818,minor,corrected,state
solubility,819,minor,corrected,state
solubility,820,minor,corrected,state
solubility,821,minor,corrected,state
solubility,822,minor,corrected,state
solubility,823,minor,corrected,state
solubility,824,minor,corrected,state
solubility,825,minor,corrected,state
solubility,826,minor,corrected,state
solubility,827,minor,corrected,state
solubility,828,minor,corrected,state
solubility,829,minor,corrected,state
solubility,830,minor,corrected,state
solubility,831,minor,corrected,state
solubility,832,minor,corrected,state
solubility,833,minor,corrected,state
solubility,834,minor,corrected,state
solubility,835,minor,corrected,state
solubility,836,minor,corrected,state
solubility,837,minor,corrected,state
solubility,838,minor,corrected,state
solubility,839,minor,corrected,state
solubility,840,minor,corrected,state
solubility,841,minor,corrected,state
solubility,842,minor,corrected,state
solubility,843,minor,corrected,state
solubility,844,minor,corrected,state
solubility,845,minor,corrected,state
solubility,846,minor,corrected,state
solubility,847,minor,corrected,state
solubility,848,minor,corrected,state
solubility,849,minor,corrected,state
solubility,850,minor,corrected,state
solubility,851,minor,corrected,state
solubility,852,minor,corrected,state
solubility,853,minor,corrected,state
solubility,854,minor,corrected,state
solubility,855,minor,corrected,state
solubility,856,minor,corrected,state
solubility,857,minor,corrected,state
solubility,858,minor,corrected,state
solubility,859,minor,corrected,state
solubility,860,minor,corrected,state
solubility,861,minor,corrected,state
solubility,862,minor,corrected,state
solubility,863,minor,corrected,state
solubility,864,minor,corrected,state
solubility,865,minor,corrected,state
solubility,866,minor,corrected,state
solubility,867,minor,corrected,state
solubility,868,minor,corrected,state
solubility,869,minor,corrected,state
solubility,870,minor,corrected,state
solubility,871,minor,corrected,state
solubility,872,correct,corrected,
solubility,873,correct,corrected,
solubility,874,correct,corrected,
solubility,875,correct,corrected,
solubility,876,correct,corrected,
solubility,877,correct,corrected,
solubility,878,correct,corrected,
solubility,879,correct,corrected,
solubility,880,correct,corrected,
solubility,881,correct,corrected,
solubility,882,correct,corrected,
solubility,883,correct,corrected,
solubility,884,minor,corrected,conversion
solubility,885,minor,corrected,conversion
solubility,886,minor,corrected,conversion
solubility,887,minor,corrected,conversion
solubility,888,minor,corrected,conversion
solubility,889,minor,corrected,conversion
solubility,890,minor,corrected,conversion
solubility,891,minor,corrected,conversion
solubility,892,correct,corrected,
solubility,893,correct,corrected,
solubility,894,correct,corrected,
solubility,895,correct,corrected,
solubility,896,correct,corrected,
solubility,897,correct,corrected,
solubility,898,correct,corrected,
solubility,899,correct,corrected,
solubility,900,correct,corrected,
solubility,901,correct,corrected,
solubility,902,correct,corrected,
solubility,903,correct,corrected,
solubility,904,correct,corrected,
solubility,905,correct,corrected,
solubility,906,correct,corrected,
solubility,907,correct,corrected,
solubility,908,correct,corrected,
solubility,909,correct,corrected,
solubility,910,correct,corrected,
solubility,911,correct,corrected,
solubility,912,correct,corrected,
solubility,913,correct,corrected,
solubility,914,correct,corrected,
solubility,915,correct,corrected,
solubility,916,correct,corrected,
solubility,917,correct,corrected,
solubility,918,correct,corrected,
solubility,919,correct,corrected,
solubility,920,correct,corrected,
solubility,921,correct,corrected,
solubility,922,correct,corrected,
solubility,923,correct,corrected,
solubility,924,correct,corrected,
solubility,925,correct,corrected,
solubility,926,correct,corrected,
solubility,927,correct,corrected,
solubility,928,correct,corrected,
solubility,929,correct,corrected,
solubility,930,correct,corrected,
solubility,931,correct,corrected,
solubility,932,correct,corrected,
solubility,933,correct,corrected,
solubility,934,correct,corrected,
solubility,935,correct,corrected,
solubility,936,correct,corrected,
solubility,937,correct,corrected,
solubility,938,correct,corrected,
solubility,939,correct,corrected,
solubility,940,correct,corrected,
solubility,941,correct,corrected,
solubility,942,minor,corrected,state
solubility,943,minor,corrected,state
solubility,944,minor,corrected,state
solubility,945,minor,corrected,state
solubility,946,minor,corrected,state
solubility,947,minor,corrected,state
solubility,948,minor,corrected,state
solubility,949,minor,corrected,state
solubility,950,minor,corrected,state
solubility,951,minor,corrected,state
solubility,952,minor,corrected,state
solubility,953,minor,corrected,state
solubility,954,minor,corrected,state
solubility,955,minor,corrected,state
solubility,956,minor,corrected,state
solubility,957,minor,corrected,state
solubility,958,minor,corrected,state
solubility,959,minor,corrected,state
solubility,960,minor,corrected,state
solubility,961,minor,corrected,state
solubility,962,minor,corrected,state
solubility,963,minor,corrected,state
solubility,964,minor,corrected,state
solubility,965,minor,corrected,state
solubility,966,correct,corrected,
solubility,967,correct,corrected,
solubility,968,correct,corrected,
solubility,969,correct,corrected,
solubility,970,correct,corrected,
solubility,971,correct,corrected,
solubility,972,correct,corrected,
solubility,973,correct,corrected,
solubility,974,minor,corrected,conversion
solubility,975,minor,corrected,conversion
solubility,976,minor,corrected,conversion
solubility,977,minor,corrected,conversion
solubility,978,minor,corrected,conversion
solubility,979,minor,corrected,conversion
solubility,980,correct,corrected,
solubility,981,correct,corrected,
solubility,982,correct,corrected,
solubility,983,correct,corrected,
solubility,984,correct,corrected,
solubility,985,correct,corrected,
solubility,986,correct,corrected,
solubility,987,correct,corrected,
solubility,988,correct,corrected,
solubility,989,correct,corrected,
solubility,990,correct,corrected,
solubility,991,correct,corrected,
solubility,992,correct,corrected,
solubility,993,correct,corrected,
solubility,994,correct,corrected,
solubility,995,correct,corrected,
solubility,996,correct,corrected,
solubility,997,correct,corrected,
solubility,998,correct,corrected,
solubility,999,correct,corrected,
solubility,1000,minor,corrected,state
solubility,1001,minor,corrected,state
solubility,1002,minor,corrected,state
solubility,1003,minor,corrected,state
solubility,1004,minor,corrected,state
solubility,1005,minor,corrected,state
solubility,1006,minor,corrected,state
solubility,1007,minor,corrected,state
solubility,1008,minor,corrected,state
solubility,1009,minor,corrected,state
solubility,1010,minor,corrected,state
solubility,1011,minor,corrected,state
solubility,1012,minor,corrected,state
solubility,1013,minor,corrected,state
solubility,1014,minor,corrected,state
solubility,1015,minor,corrected,state
solubility,1016,minor,corrected,state
solubility,1017,minor,corrected,state
solubility,1018,minor,corrected,state
solubility,1019,minor,corrected,state
solubility,1020,minor,corrected,state
solubility,1021,minor,corrected,state
solubility,1022,minor,corrected,state
solubility,1023,minor,corrected,state
solubility,1024,minor,corrected,state
solubility,1025,minor,corrected,state
solubility,1026,minor,corrected,state
solubility,1027,minor,corrected,state
solubility,1028,correct,corrected,
solubility,1029,correct,corrected,
solubility,1030,correct,corrected,
solubility,1031,correct,corrected,
solubility,1032,correct,corrected,
solubility,1033,correct,corrected,
solubility,1034,correct,corrected,
solubility,1035,correct,corrected,
solubility,1036,major,corrected,transcription
solubility,1037,major,corrected,transcription
solubility,1038,unverifiable,corrected,
solubility,1039,unverifiable,corrected,
solubility,1040,unverifiable,corrected,
solubility,1041,unverifiable,corrected,
solubility,1042,unverifiable,corrected,
solubility,1043,unverifiable,corrected,
solubility,1044,minor,corrected,T whole-K isotherm; nominal salt molality
solubility,1045,minor,corrected,T whole-K isotherm; nominal salt molality
solubility,1046,minor,corrected,T whole-K isotherm; nominal salt molality
solubility,1047,minor,corrected,T whole-K isotherm; nominal salt molality
solubility,1048,minor,corrected,T whole-K isotherm; nominal salt molality
solubility,1049,minor,corrected,T whole-K isotherm; nominal salt molality
solubility,1050,minor,corrected,T whole-K isotherm; nominal salt molality
solubility,1051,minor,corrected,T whole-K isotherm; nominal salt molality
solubility,1052,minor,corrected,T whole-K isotherm; nominal salt molality
solubility,1053,minor,corrected,T whole-K isotherm; nominal salt molality
solubility,1054,minor,corrected,T whole-K isotherm; nominal salt molality
solubility,1055,minor,corrected,T whole-K isotherm; nominal salt molality
solubility,1056,minor,corrected,T whole-K isotherm; nominal salt molality
solubility,1057,minor,corrected,T whole-K isotherm; nominal salt molality
solubility,1058,minor,corrected,transcription
solubility,1059,minor,corrected,transcription
solubility,1060,minor,corrected,transcription
solubility,1061,minor,corrected,transcription
solubility,1062,minor,corrected,transcription
solubility,1063,minor,corrected,transcription
solubility,1064,minor,corrected,transcription
solubility,1065,minor,corrected,transcription
solubility,1066,minor,corrected,transcription
solubility,1067,minor,corrected,transcription
solubility,1068,minor,corrected,transcription
solubility,1069,minor,corrected,transcription
solubility,1070,minor,corrected,transcription
solubility,1071,minor,corrected,transcription
solubility,1072,minor,corrected,transcription
solubility,1073,minor,corrected,transcription
solubility,1074,minor,corrected,transcription
solubility,1075,minor,corrected,transcription
solubility,1076,minor,corrected,transcription
solubility,1077,minor,corrected,transcription
solubility,1078,minor,corrected,transcription
solubility,1079,minor,corrected,transcription
solubility,1080,minor,corrected,transcription
solubility,1081,minor,corrected,transcription
solubility,1082,unverifiable,corrected,
solubility,1083,unverifiable,corrected,
solubility,1084,unverifiable,corrected,
solubility,1085,unverifiable,corrected,
solubility,1086,unverifiable,corrected,
solubility,1087,unverifiable,corrected,
solubility,1088,unverifiable,corrected,
solubility,1089,unverifiable,corrected,
solubility,1090,unverifiable,corrected,
solubility,1091,unverifiable,corrected,
solubility,1092,unverifiable,corrected,
solubility,1093,unverifiable,corrected,
solubility,1094,minor,corrected,state
solubility,1095,minor,corrected,state
solubility,1096,minor,corrected,state
solubility,1097,minor,corrected,state
solubility,1098,minor,corrected,state
solubility,1099,minor,corrected,state
solubility,1100,minor,corrected,state
solubility,1101,minor,corrected,state
solubility,1102,minor,corrected,state
solubility,1103,minor,corrected,state
solubility,1104,minor,corrected,state
solubility,1105,minor,corrected,state
solubility,1106,minor,corrected,state
solubility,1107,minor,corrected,state
solubility,1108,minor,corrected,state
solubility,1109,minor,corrected,state
solubility,1110,minor,corrected,state
solubility,1111,minor,corrected,state
solubility,1112,minor,corrected,state
solubility,1113,minor,corrected,state
solubility,1114,minor,corrected,state
solubility,1115,minor,corrected,state
solubility,1116,minor,corrected,state
solubility,1117,minor,corrected,state
solubility,1118,correct,corrected,
solubility,1119,correct,corrected,
solubility,1120,correct,corrected,
solubility,1121,correct,corrected,
solubility,1122,minor,corrected,conversion
solubility,1123,minor,corrected,conversion
solubility,1124,minor,corrected,conversion
solubility,1125,minor,corrected,conversion
solubility,1126,minor,corrected,conversion
solubility,1127,minor,corrected,conversion
solubility,1128,major,corrected,conversion
solubility,1129,major,corrected,conversion
solubility,1130,major,corrected,conversion
solubility,1131,major,corrected,conversion
solubility,1132,major,corrected,conversion
solubility,1133,major,corrected,conversion
solubility,1134,major,corrected,conversion
solubility,1135,major,corrected,conversion
solubility,1136,major,corrected,conversion
solubility,1137,major,corrected,conversion
solubility,1138,major,corrected,conversion
solubility,1139,major,corrected,conversion
solubility,1140,minor,corrected,state
solubility,1141,minor,corrected,conversion
solubility,1142,minor,corrected,state
solubility,1143,minor,corrected,conversion
solubility,1144,minor,corrected,state
solubility,1145,minor,corrected,conversion
solubility,1146,minor,corrected,state
solubility,1147,minor,corrected,conversion
solubility,1148,minor,corrected,state
solubility,1149,minor,corrected,conversion
solubility,1150,minor,corrected,state
solubility,1151,minor,corrected,conversion
solubility,1152,minor,corrected,state
solubility,1153,minor,corrected,conversion
solubility,1154,minor,corrected,state
solubility,1155,minor,corrected,conversion
solubility,1156,minor,corrected,state
solubility,1157,minor,corrected,conversion
solubility,1158,minor,corrected,state
solubility,1159,minor,corrected,conversion
solubility,1160,minor,corrected,state
solubility,1161,minor,corrected,conversion
solubility,1162,minor,corrected,state
solubility,1163,minor,corrected,conversion
solubility,1164,unverifiable,not-verifiable,
solubility,1165,unverifiable,not-verifiable,
solubility,1166,unverifiable,not-verifiable,
solubility,1167,unverifiable,not-verifiable,
solubility,1168,unverifiable,not-verifiable,
solubility,1169,unverifiable,not-verifiable,
solubility,1170,unverifiable,not-verifiable,
solubility,1171,unverifiable,not-verifiable,
solubility,1172,unverifiable,not-verifiable,
solubility,1173,unverifiable,not-verifiable,
solubility,1174,unverifiable,not-verifiable,
solubility,1175,unverifiable,not-verifiable,
solubility,1176,unverifiable,not-verifiable,
solubility,1177,unverifiable,not-verifiable,
solubility,1178,unverifiable,not-verifiable,
solubility,1179,unverifiable,not-verifiable,
solubility,1180,unverifiable,not-verifiable,
solubility,1181,unverifiable,not-verifiable,
solubility,1182,unverifiable,not-verifiable,
solubility,1183,unverifiable,not-verifiable,
solubility,1184,unverifiable,not-verifiable,
solubility,1185,unverifiable,not-verifiable,
solubility,1186,unverifiable,not-verifiable,
solubility,1187,unverifiable,not-verifiable,
solubility,1188,unverifiable,not-verifiable,
solubility,1189,unverifiable,not-verifiable,
solubility,1190,unverifiable,not-verifiable,
solubility,1191,unverifiable,not-verifiable,
solubility,1192,unverifiable,not-verifiable,
solubility,1193,unverifiable,not-verifiable,
solubility,1194,unverifiable,not-verifiable,
solubility,1195,unverifiable,not-verifiable,
solubility,1196,unverifiable,not-verifiable,
solubility,1197,unverifiable,not-verifiable,
solubility,1198,unverifiable,not-verifiable,
solubility,1199,unverifiable,not-verifiable,
solubility,1200,minor,corrected,transcription
solubility,1201,minor,corrected,transcription
solubility,1202,minor,corrected,transcription
solubility,1203,minor,corrected,transcription
solubility,1204,minor,corrected,transcription
solubility,1205,minor,corrected,transcription
solubility,1206,minor,corrected,transcription
solubility,1207,minor,corrected,transcription
solubility,1208,minor,corrected,transcription
solubility,1209,minor,corrected,transcription
solubility,1210,correct,corrected,
solubility,1211,correct,corrected,
solubility,1212,correct,corrected,
solubility,1213,correct,corrected,
solubility,1214,correct,corrected,
solubility,1215,correct,corrected,
solubility,1216,correct,corrected,
solubility,1217,correct,corrected,
solubility,1218,correct,corrected,
solubility,1219,correct,corrected,
solubility,1220,correct,corrected,
solubility,1221,correct,corrected,
solubility,1222,unverifiable,not-verifiable,
solubility,1223,unverifiable,not-verifiable,
solubility,1224,unverifiable,not-verifiable,
solubility,1225,unverifiable,not-verifiable,
solubility,1226,unverifiable,not-verifiable,
solubility,1227,unverifiable,not-verifiable,
solubility,1228,unverifiable,not-verifiable,
solubility,1229,unverifiable,not-verifiable,
solubility,1230,unverifiable,not-verifiable,
solubility,1231,unverifiable,not-verifiable,
solubility,1232,unverifiable,not-verifiable,
solubility,1233,unverifiable,not-verifiable,
solubility,1234,unverifiable,not-verifiable,
solubility,1235,unverifiable,not-verifiable,
solubility,1236,unverifiable,not-verifiable,
solubility,1237,unverifiable,not-verifiable,
solubility,1238,unverifiable,not-verifiable,
solubility,1239,unverifiable,not-verifiable,
solubility,1240,unverifiable,not-verifiable,
solubility,1241,unverifiable,not-verifiable,
solubility,1242,unverifiable,not-verifiable,
solubility,1243,unverifiable,not-verifiable,
solubility,1244,unverifiable,not-verifiable,
solubility,1245,unverifiable,not-verifiable,
solubility,1246,unverifiable,not-verifiable,
solubility,1247,unverifiable,not-verifiable,
solubility,1248,unverifiable,not-verifiable,
solubility,1249,unverifiable,not-verifiable,
solubility,1250,unverifiable,not-verifiable,
solubility,1251,unverifiable,not-verifiable,
solubility,1252,unverifiable,not-verifiable,
solubility,1253,unverifiable,not-verifiable,
solubility,1254,unverifiable,not-verifiable,
solubility,1255,unverifiable,not-verifiable,
solubility,1256,unverifiable,not-verifiable,
solubility,1257,unverifiable,not-verifiable,
solubility,1258,unverifiable,not-verifiable,
solubility,1259,unverifiable,not-verifiable,
solubility,1260,unverifiable,not-verifiable,
solubility,1261,unverifiable,not-verifiable,
solubility,1262,unverifiable,not-verifiable,
solubility,1263,unverifiable,not-verifiable,
solubility,1264,unverifiable,not-verifiable,
solubility,1265,unverifiable,not-verifiable,
solubility,1266,unverifiable,not-verifiable,
solubility,1267,unverifiable,not-verifiable,
solubility,1268,unverifiable,not-verifiable,
solubility,1269,unverifiable,not-verifiable,
solubility,1270,unverifiable,not-verifiable,
solubility,1271,unverifiable,not-verifiable,
solubility,1272,unverifiable,not-verifiable,
solubility,1273,unverifiable,not-verifiable,
solubility,1274,unverifiable,not-verifiable,
solubility,1275,unverifiable,not-verifiable,
solubility,1276,unverifiable,not-verifiable,
solubility,1277,unverifiable,not-verifiable,
solubility,1278,unverifiable,not-verifiable,
solubility,1279,unverifiable,not-verifiable,
solubility,1280,unverifiable,not-verifiable,
solubility,1281,unverifiable,not-verifiable,
solubility,1282,unverifiable,not-verifiable,
solubility,1283,unverifiable,not-verifiable,
solubility,1284,unverifiable,not-verifiable,
solubility,1285,unverifiable,not-verifiable,
solubility,1286,unverifiable,not-verifiable,
solubility,1287,unverifiable,not-verifiable,
solubility,1288,unverifiable,not-verifiable,
solubility,1289,unverifiable,not-verifiable,
solubility,1290,minor,corrected,T whole-K isotherm; nominal salt molality
solubility,1291,minor,corrected,T whole-K isotherm; nominal salt molality
solubility,1292,minor,corrected,T whole-K isotherm; nominal salt molality
solubility,1293,minor,corrected,T whole-K isotherm; nominal salt molality
solubility,1294,minor,corrected,T whole-K isotherm; nominal salt molality
solubility,1295,minor,corrected,T whole-K isotherm; nominal salt molality
solubility,1296,minor,corrected,T whole-K isotherm; nominal salt molality
solubility,1297,minor,corrected,T whole-K isotherm; nominal salt molality
solubility,1298,minor,corrected,T whole-K isotherm; nominal salt molality
solubility,1299,minor,corrected,T whole-K isotherm; nominal salt molality
solubility,1300,minor,corrected,T whole-K isotherm; nominal salt molality
solubility,1301,minor,corrected,T whole-K isotherm; nominal salt molality
solubility,1302,minor,corrected,T whole-K isotherm; nominal salt molality
solubility,1303,minor,corrected,T whole-K isotherm; nominal salt molality
solubility,1304,minor,corrected,T whole-K isotherm; nominal salt molality
solubility,1305,minor,corrected,T whole-K isotherm; nominal salt molality
solubility,1306,minor,corrected,T whole-K isotherm; nominal salt molality
solubility,1307,minor,corrected,T whole-K isotherm; nominal salt molality
solubility,1308,minor,corrected,T whole-K isotherm; nominal salt molality
solubility,1309,minor,corrected,T whole-K isotherm; nominal salt molality
solubility,1310,minor,corrected,T whole-K isotherm; nominal salt molality
solubility,1311,minor,corrected,T whole-K isotherm; nominal salt molality
solubility,1312,minor,corrected,T whole-K isotherm; nominal salt molality
solubility,1313,minor,corrected,T whole-K isotherm; nominal salt molality
solubility,1314,minor,corrected,T whole-K isotherm; nominal salt molality
solubility,1315,minor,corrected,T whole-K isotherm; nominal salt molality
solubility,1316,minor,corrected,T whole-K isotherm; nominal salt molality
solubility,1317,minor,corrected,T whole-K isotherm; nominal salt molality
solubility,1318,correct,verified,
solubility,1319,correct,verified,
solubility,1320,correct,verified,
solubility,1321,correct,verified,
solubility,1322,correct,verified,
solubility,1323,correct,verified,
solubility,1324,correct,verified,
solubility,1325,correct,verified,
solubility,1326,correct,verified,
solubility,1327,correct,verified,
solubility,1328,correct,verified,
solubility,1329,correct,verified,
solubility,1330,correct,verified,
solubility,1331,correct,verified,
solubility,1332,correct,verified,
solubility,1333,correct,verified,
solubility,1334,correct,verified,
solubility,1335,correct,verified,
solubility,1336,correct,verified,
solubility,1337,correct,verified,
solubility,1338,correct,verified,
solubility,1339,correct,verified,
solubility,1340,correct,verified,
solubility,1341,correct,verified,
solubility,1342,correct,verified,
solubility,1343,correct,verified,
solubility,1344,correct,verified,
solubility,1345,correct,verified,
solubility,1346,correct,verified,
solubility,1347,correct,verified,
solubility,1348,correct,verified,
solubility,1349,correct,verified,
solubility,1350,correct,verified,
solubility,1351,correct,verified,
solubility,1352,correct,verified,
solubility,1353,correct,verified,
solubility,1354,unverifiable,corrected,
solubility,1355,unverifiable,corrected,
solubility,1356,unverifiable,corrected,
solubility,1357,unverifiable,corrected,
solubility,1358,unverifiable,corrected,
solubility,1359,unverifiable,corrected,
solubility,1360,unverifiable,corrected,
solubility,1361,unverifiable,corrected,
solubility,1362,unverifiable,corrected,
solubility,1363,unverifiable,corrected,
solubility,1364,correct,verified,
solubility,1365,correct,verified,
solubility,1366,correct,verified,
solubility,1367,correct,verified,
solubility,1368,correct,verified,
solubility,1369,correct,verified,
solubility,1370,correct,verified,
solubility,1371,correct,verified,
solubility,1372,correct,verified,
solubility,1373,correct,verified,
solubility,1374,correct,verified,
solubility,1375,correct,verified,
solubility,1376,correct,verified,
solubility,1377,correct,verified,
solubility,1378,correct,verified,
solubility,1379,correct,verified,
solubility,1380,correct,verified,
solubility,1381,correct,verified,
solubility,1382,correct,verified,
solubility,1383,correct,verified,
solubility,1384,correct,verified,
solubility,1385,correct,verified,
solubility,1386,correct,verified,
solubility,1387,correct,verified,
solubility,1388,correct,verified,
solubility,1389,correct,verified,
solubility,1390,correct,verified,
solubility,1391,correct,verified,
solubility,1392,correct,verified,
solubility,1393,correct,verified,
solubility,1394,correct,verified,
solubility,1395,correct,verified,
solubility,1396,correct,verified,
solubility,1397,correct,verified,
solubility,1398,correct,verified,
solubility,1399,correct,verified,
solubility,1400,major,corrected,transcription
solubility,1401,major,corrected,transcription
solubility,1402,major,corrected,transcription
solubility,1403,major,corrected,transcription
solubility,1404,major,corrected,transcription
solubility,1405,major,corrected,transcription
solubility,1406,unverifiable,corrected,
solubility,1407,unverifiable,corrected,
solubility,1408,major,corrected,transcription
solubility,1409,major,corrected,transcription
solubility,1410,unverifiable,corrected,
solubility,1411,unverifiable,corrected,
solubility,1412,minor,corrected,state
solubility,1413,minor,corrected,conversion
solubility,1414,minor,corrected,state
solubility,1415,minor,corrected,conversion
solubility,1416,minor,corrected,state
solubility,1417,minor,corrected,conversion
solubility,1418,minor,corrected,state
solubility,1419,minor,corrected,conversion
solubility,1420,minor,corrected,state
solubility,1421,minor,corrected,conversion
solubility,1422,minor,corrected,state
solubility,1423,minor,corrected,conversion
solubility,1424,minor,corrected,state
solubility,1425,minor,corrected,conversion
solubility,1426,minor,corrected,state
solubility,1427,minor,corrected,conversion
solubility,1428,minor,corrected,state
solubility,1429,minor,corrected,conversion
solubility,1430,minor,corrected,state
solubility,1431,minor,corrected,conversion
solubility,1432,minor,corrected,state
solubility,1433,minor,corrected,conversion
solubility,1434,minor,corrected,state
solubility,1435,minor,corrected,conversion
solubility,1436,minor,corrected,state
solubility,1437,minor,corrected,state
solubility,1438,minor,corrected,state
solubility,1439,minor,corrected,state
solubility,1440,minor,corrected,state
solubility,1441,minor,corrected,state
solubility,1442,minor,corrected,state
solubility,1443,minor,corrected,state
solubility,1444,minor,corrected,state
solubility,1445,minor,corrected,state
solubility,1446,minor,corrected,state
solubility,1447,minor,corrected,state
solubility,1448,minor,corrected,state
solubility,1449,minor,corrected,state
solubility,1450,minor,corrected,state
solubility,1451,minor,corrected,state
solubility,1452,minor,corrected,state
solubility,1453,minor,corrected,state
solubility,1454,minor,corrected,state
solubility,1455,minor,corrected,state
solubility,1456,minor,corrected,state
solubility,1457,minor,corrected,state
solubility,1458,minor,corrected,state
solubility,1459,minor,corrected,state
solubility,1460,unverifiable,not-verifiable,
solubility,1461,unverifiable,not-verifiable,
solubility,1462,unverifiable,not-verifiable,
solubility,1463,unverifiable,not-verifiable,
solubility,1464,unverifiable,not-verifiable,
solubility,1465,unverifiable,not-verifiable,
solubility,1466,major,residual-difference,transcription
solubility,1467,major,residual-difference,transcription
solubility,1468,unverifiable,not-verifiable,
solubility,1469,unverifiable,not-verifiable,
solubility,1470,unverifiable,not-verifiable,
solubility,1471,unverifiable,not-verifiable,
solubility,1472,unverifiable,not-verifiable,
solubility,1473,unverifiable,not-verifiable,
solubility,1474,unverifiable,not-verifiable,
solubility,1475,unverifiable,not-verifiable,
solubility,1476,unverifiable,not-verifiable,
solubility,1477,unverifiable,not-verifiable,
solubility,1478,unverifiable,not-verifiable,
solubility,1479,unverifiable,not-verifiable,
solubility,1480,unverifiable,not-verifiable,
solubility,1481,unverifiable,not-verifiable,
solubility,1482,unverifiable,not-verifiable,
solubility,1483,unverifiable,not-verifiable,
solubility,1484,unverifiable,not-verifiable,
solubility,1485,unverifiable,not-verifiable,
solubility,1486,unverifiable,not-verifiable,
solubility,1487,unverifiable,not-verifiable,
solubility,1488,unverifiable,not-verifiable,
solubility,1489,unverifiable,not-verifiable,
solubility,1490,unverifiable,not-verifiable,
solubility,1491,unverifiable,not-verifiable,
solubility,1492,unverifiable,not-verifiable,
solubility,1493,unverifiable,not-verifiable,
solubility,1494,unverifiable,not-verifiable,
solubility,1495,unverifiable,not-verifiable,
solubility,1496,unverifiable,not-verifiable,
solubility,1497,unverifiable,not-verifiable,
solubility,1498,minor,corrected,transcription
solubility,1499,minor,corrected,transcription
solubility,1500,minor,corrected,transcription
solubility,1501,minor,corrected,transcription
solubility,1502,minor,corrected,transcription
solubility,1503,minor,corrected,transcription
solubility,1504,minor,corrected,transcription
solubility,1505,minor,corrected,transcription
solubility,1506,minor,corrected,transcription
solubility,1507,minor,corrected,transcription
solubility,1508,minor,corrected,transcription
solubility,1509,minor,corrected,transcription
solubility,1510,minor,corrected,transcription
solubility,1511,minor,corrected,transcription
solubility,1512,minor,corrected,transcription
solubility,1513,minor,corrected,transcription
solubility,1514,minor,corrected,transcription
solubility,1515,minor,corrected,transcription
solubility,1516,minor,corrected,transcription
solubility,1517,minor,corrected,transcription
solubility,1518,minor,corrected,transcription
solubility,1519,minor,corrected,transcription
solubility,1520,minor,corrected,transcription
solubility,1521,minor,corrected,transcription
solubility,1522,minor,corrected,transcription
solubility,1523,minor,corrected,transcription
solubility,1524,minor,corrected,transcription
solubility,1525,minor,corrected,transcription
solubility,1526,minor,corrected,transcription
solubility,1527,minor,corrected,transcription
solubility,1528,minor,corrected,transcription
solubility,1529,minor,corrected,transcription
solubility,1530,minor,corrected,transcription
solubility,1531,minor,corrected,transcription
solubility,1532,minor,corrected,transcription
solubility,1533,minor,corrected,transcription
solubility,1534,minor,corrected,transcription
solubility,1535,minor,corrected,transcription
solubility,1536,minor,corrected,transcription
solubility,1537,minor,corrected,transcription
solubility,1538,major,corrected,conversion
solubility,1539,major,corrected,conversion
solubility,1540,major,corrected,conversion
solubility,1541,major,corrected,conversion
solubility,1542,major,corrected,conversion
solubility,1543,major,corrected,conversion
solubility,1544,major,corrected,conversion
solubility,1545,major,corrected,conversion
solubility,1546,correct,corrected,
solubility,1547,correct,corrected,
solubility,1548,correct,corrected,
solubility,1549,correct,corrected,
solubility,1550,correct,corrected,
solubility,1551,correct,corrected,
solubility,1552,correct,corrected,
solubility,1553,correct,corrected,
solubility,1554,correct,corrected,
solubility,1555,correct,corrected,
solubility,1556,correct,corrected,
solubility,1557,correct,corrected,
solubility,1558,correct,corrected,
solubility,1559,correct,corrected,
solubility,1560,correct,corrected,
solubility,1561,correct,corrected,
solubility,1562,correct,corrected,
solubility,1563,correct,corrected,
solubility,1564,correct,corrected,
solubility,1565,correct,corrected,
solubility,1566,correct,corrected,
solubility,1567,correct,corrected,
solubility,1568,minor,corrected,transcription
solubility,1569,minor,corrected,transcription
solubility,1570,minor,corrected,transcription
solubility,1571,minor,corrected,transcription
solubility,1572,minor,corrected,transcription
solubility,1573,minor,corrected,transcription
solubility,1574,minor,corrected,transcription
solubility,1575,minor,corrected,transcription
solubility,1576,minor,corrected,transcription
solubility,1577,minor,corrected,transcription
solubility,1578,minor,corrected,transcription
solubility,1579,minor,corrected,transcription
solubility,1580,minor,corrected,transcription
solubility,1581,minor,corrected,transcription
solubility,1582,minor,corrected,transcription
solubility,1583,minor,corrected,transcription
solubility,1584,minor,corrected,transcription
solubility,1585,minor,corrected,transcription
solubility,1586,minor,corrected,transcription
solubility,1587,minor,corrected,transcription
solubility,1588,minor,corrected,transcription
solubility,1589,minor,corrected,transcription
solubility,1590,minor,corrected,transcription
solubility,1591,minor,corrected,transcription
solubility,1592,minor,corrected,transcription
solubility,1593,minor,corrected,transcription
solubility,1594,minor,corrected,transcription
solubility,1595,minor,corrected,transcription
solubility,1596,minor,corrected,transcription
solubility,1597,minor,corrected,transcription
solubility,1598,minor,corrected,transcription
solubility,1599,minor,corrected,transcription
solubility,1600,minor,corrected,transcription
solubility,1601,minor,corrected,transcription
solubility,1602,minor,corrected,transcription
solubility,1603,minor,corrected,transcription
solubility,1604,minor,corrected,transcription
solubility,1605,minor,corrected,transcription
solubility,1606,minor,corrected,transcription
solubility,1607,minor,corrected,transcription
solubility,1608,minor,corrected,transcription
solubility,1609,minor,corrected,transcription
solubility,1610,minor,corrected,transcription
solubility,1611,minor,corrected,transcription
solubility,1612,minor,corrected,transcription
solubility,1613,minor,corrected,transcription
solubility,1614,minor,corrected,transcription
solubility,1615,minor,corrected,transcription
solubility,1616,minor,corrected,transcription
solubility,1617,minor,corrected,transcription
solubility,1618,minor,corrected,transcription
solubility,1619,minor,corrected,transcription
solubility,1620,minor,corrected,transcription
solubility,1621,minor,corrected,transcription
solubility,1622,minor,corrected,transcription
solubility,1623,minor,corrected,transcription
solubility,1624,minor,corrected,transcription
solubility,1625,minor,corrected,transcription
solubility,1626,minor,corrected,transcription
solubility,1627,minor,corrected,transcription
solubility,1628,minor,corrected,transcription
solubility,1629,minor,corrected,transcription
solubility,1630,minor,corrected,transcription
solubility,1631,minor,corrected,transcription
solubility,1632,minor,corrected,transcription
solubility,1633,minor,corrected,transcription
solubility,1634,minor,corrected,transcription
solubility,1635,minor,corrected,transcription
solubility,1636,minor,corrected,transcription
solubility,1637,minor,corrected,transcription
solubility,1638,minor,corrected,transcription
solubility,1639,minor,corrected,transcription
solubility,1640,minor,corrected,transcription
solubility,1641,minor,corrected,transcription
solubility,1642,minor,corrected,transcription
solubility,1643,minor,corrected,transcription
solubility,1644,minor,corrected,transcription
solubility,1645,minor,corrected,transcription
solubility,1646,minor,corrected,transcription
solubility,1647,minor,corrected,transcription
solubility,1648,minor,corrected,transcription
solubility,1649,minor,corrected,transcription
solubility,1650,minor,corrected,transcription
solubility,1651,minor,corrected,transcription
solubility,1652,minor,corrected,transcription
solubility,1653,minor,corrected,transcription
solubility,1654,minor,corrected,transcription
solubility,1655,minor,corrected,transcription
solubility,1656,minor,corrected,transcription
solubility,1657,minor,corrected,transcription
solubility,1658,unverifiable,not-verifiable,
solubility,1659,unverifiable,not-verifiable,
solubility,1660,unverifiable,not-verifiable,
solubility,1661,unverifiable,not-verifiable,
solubility,1662,unverifiable,not-verifiable,
solubility,1663,unverifiable,not-verifiable,
solubility,1664,unverifiable,not-verifiable,
solubility,1665,unverifiable,not-verifiable,
solubility,1666,unverifiable,not-verifiable,
solubility,1667,unverifiable,not-verifiable,
solubility,1668,unverifiable,not-verifiable,
solubility,1669,unverifiable,not-verifiable,
solubility,1670,unverifiable,not-verifiable,
solubility,1671,unverifiable,not-verifiable,
solubility,1672,unverifiable,not-verifiable,
solubility,1673,unverifiable,not-verifiable,
solubility,1674,unverifiable,not-verifiable,
solubility,1675,unverifiable,not-verifiable,
solubility,1676,unverifiable,not-verifiable,
solubility,1677,unverifiable,not-verifiable,
solubility,1678,unverifiable,not-verifiable,
solubility,1679,unverifiable,not-verifiable,
solubility,1680,unverifiable,not-verifiable,
solubility,1681,unverifiable,not-verifiable,
solubility,1682,unverifiable,not-verifiable,
solubility,1683,unverifiable,not-verifiable,
solubility,1684,unverifiable,not-verifiable,
solubility,1685,unverifiable,not-verifiable,
solubility,1686,unverifiable,not-verifiable,
solubility,1687,unverifiable,not-verifiable,
solubility,1688,unverifiable,not-verifiable,
solubility,1689,unverifiable,not-verifiable,
solubility,1690,unverifiable,not-verifiable,
solubility,1691,unverifiable,not-verifiable,
solubility,1692,unverifiable,not-verifiable,
solubility,1693,unverifiable,not-verifiable,
solubility,1694,unverifiable,not-verifiable,
solubility,1695,unverifiable,not-verifiable,
solubility,1696,unverifiable,not-verifiable,
solubility,1697,unverifiable,not-verifiable,
solubility,1698,unverifiable,not-verifiable,
solubility,1699,unverifiable,not-verifiable,
solubility,1700,unverifiable,not-verifiable,
solubility,1701,unverifiable,not-verifiable,
solubility,1702,unverifiable,not-verifiable,
solubility,1703,unverifiable,not-verifiable,
solubility,1704,unverifiable,not-verifiable,
solubility,1705,unverifiable,not-verifiable,
solubility,1706,unverifiable,not-verifiable,
solubility,1707,unverifiable,not-verifiable,
solubility,1708,unverifiable,not-verifiable,
solubility,1709,unverifiable,not-verifiable,
solubility,1710,unverifiable,not-verifiable,
solubility,1711,unverifiable,not-verifiable,
solubility,1712,unverifiable,not-verifiable,
solubility,1713,unverifiable,not-verifiable,
solubility,1714,unverifiable,not-verifiable,
solubility,1715,unverifiable,not-verifiable,
solubility,1716,unverifiable,not-verifiable,
solubility,1717,unverifiable,not-verifiable,
solubility,1718,unverifiable,not-verifiable,
solubility,1719,unverifiable,not-verifiable,
solubility,1720,unverifiable,not-verifiable,
solubility,1721,unverifiable,not-verifiable,
solubility,1722,unverifiable,not-verifiable,
solubility,1723,unverifiable,not-verifiable,
solubility,1724,unverifiable,not-verifiable,
solubility,1725,unverifiable,not-verifiable,
solubility,1726,unverifiable,not-verifiable,
solubility,1727,unverifiable,not-verifiable,
solubility,1728,unverifiable,not-verifiable,
solubility,1729,unverifiable,not-verifiable,
solubility,1730,unverifiable,not-verifiable,
solubility,1731,unverifiable,not-verifiable,
solubility,1732,unverifiable,not-verifiable,
solubility,1733,unverifiable,not-verifiable,
solubility,1734,unverifiable,not-verifiable,
solubility,1735,unverifiable,not-verifiable,
solubility,1736,minor,corrected,T whole-K isotherm; nominal salt molality
solubility,1737,minor,corrected,T whole-K isotherm; nominal salt molality
solubility,1738,minor,corrected,T whole-K isotherm; nominal salt molality
solubility,1739,minor,corrected,T whole-K isotherm; nominal salt molality
solubility,1740,minor,corrected,T whole-K isotherm; nominal salt molality
solubility,1741,minor,corrected,T whole-K isotherm; nominal salt molality
solubility,1742,minor,corrected,T whole-K isotherm; nominal salt molality
solubility,1743,minor,corrected,T whole-K isotherm; nominal salt molality
solubility,1744,minor,corrected,T whole-K isotherm; nominal salt molality
solubility,1745,minor,corrected,T whole-K isotherm; nominal salt molality
solubility,1746,minor,corrected,T whole-K isotherm; nominal salt molality
solubility,1747,minor,corrected,T whole-K isotherm; nominal salt molality
solubility,1748,minor,corrected,T whole-K isotherm; nominal salt molality
solubility,1749,minor,corrected,T whole-K isotherm; nominal salt molality
solubility,1750,minor,corrected,T whole-K isotherm; nominal salt molality
solubility,1751,minor,corrected,T whole-K isotherm; nominal salt molality
solubility,1752,minor,corrected,T whole-K isotherm; nominal salt molality
solubility,1753,minor,corrected,T whole-K isotherm; nominal salt molality
solubility,1754,minor,corrected,T whole-K isotherm; nominal salt molality
solubility,1755,minor,corrected,T whole-K isotherm; nominal salt molality
solubility,1756,minor,corrected,T whole-K isotherm; nominal salt molality
solubility,1757,minor,corrected,T whole-K isotherm; nominal salt molality
solubility,1758,minor,corrected,T whole-K isotherm; nominal salt molality
solubility,1759,minor,corrected,T whole-K isotherm; nominal salt molality
solubility,1760,minor,corrected,T whole-K isotherm; nominal salt molality
solubility,1761,minor,corrected,T whole-K isotherm; nominal salt molality
solubility,1762,minor,corrected,T whole-K isotherm; nominal salt molality
solubility,1763,minor,corrected,T whole-K isotherm; nominal salt molality
solubility,1764,minor,corrected,T whole-K isotherm; nominal salt molality
solubility,1765,minor,corrected,T whole-K isotherm; nominal salt molality
solubility,1766,unverifiable,corrected,
solubility,1767,unverifiable,corrected,
solubility,1768,unverifiable,corrected,
solubility,1769,unverifiable,corrected,
solubility,1770,unverifiable,corrected,
solubility,1771,unverifiable,corrected,
solubility,1772,unverifiable,corrected,
solubility,1773,unverifiable,corrected,
solubility,1774,unverifiable,corrected,
solubility,1775,unverifiable,corrected,
solubility,1776,minor,corrected,state
solubility,1777,minor,corrected,conversion
solubility,1778,minor,corrected,state
solubility,1779,minor,corrected,conversion
solubility,1780,minor,corrected,state
solubility,1781,minor,corrected,conversion
solubility,1782,minor,corrected,state
solubility,1783,minor,corrected,conversion
solubility,1784,minor,corrected,state
solubility,1785,minor,corrected,conversion
solubility,1786,minor,corrected,state
solubility,1787,minor,corrected,conversion
solubility,1788,minor,corrected,state
solubility,1789,minor,corrected,conversion
solubility,1790,minor,corrected,state
solubility,1791,minor,corrected,conversion
solubility,1792,minor,corrected,state
solubility,1793,minor,corrected,conversion
solubility,1794,minor,corrected,state
solubility,1795,minor,corrected,conversion
solubility,1796,minor,corrected,state
solubility,1797,minor,corrected,conversion
solubility,1798,minor,corrected,state
solubility,1799,minor,corrected,conversion
solubility,1800,minor,corrected,state
solubility,1801,minor,corrected,state
solubility,1802,minor,corrected,state
solubility,1803,minor,corrected,state
solubility,1804,minor,corrected,state
solubility,1805,minor,corrected,state
solubility,1806,minor,corrected,state
solubility,1807,minor,corrected,state
solubility,1808,minor,corrected,state
solubility,1809,minor,corrected,state
solubility,1810,minor,corrected,state
solubility,1811,minor,corrected,state
solubility,1812,correct,corrected,
solubility,1813,correct,corrected,
solubility,1814,correct,corrected,
solubility,1815,correct,corrected,
solubility,1816,correct,corrected,
solubility,1817,correct,corrected,
solubility,1818,correct,corrected,
solubility,1819,correct,corrected,
solubility,1820,correct,corrected,
solubility,1821,correct,corrected,
solubility,1822,minor,corrected,conversion
solubility,1823,minor,corrected,conversion
solubility,1824,minor,corrected,conversion
solubility,1825,minor,corrected,conversion
solubility,1826,minor,corrected,conversion
solubility,1827,minor,corrected,conversion
solubility,1828,correct,corrected,
solubility,1829,correct,corrected,
solubility,1830,unverifiable,not-verifiable,
solubility,1831,unverifiable,not-verifiable,
solubility,1832,unverifiable,not-verifiable,
solubility,1833,unverifiable,not-verifiable,
solubility,1834,unverifiable,not-verifiable,
solubility,1835,unverifiable,not-verifiable,
solubility,1836,unverifiable,not-verifiable,
solubility,1837,unverifiable,not-verifiable,
solubility,1838,unverifiable,not-verifiable,
solubility,1839,unverifiable,not-verifiable,
solubility,1840,unverifiable,not-verifiable,
solubility,1841,unverifiable,not-verifiable,
solubility,1842,unverifiable,not-verifiable,
solubility,1843,unverifiable,not-verifiable,
solubility,1844,unverifiable,not-verifiable,
solubility,1845,unverifiable,not-verifiable,
solubility,1846,unverifiable,not-verifiable,
solubility,1847,unverifiable,not-verifiable,
solubility,1848,unverifiable,not-verifiable,
solubility,1849,unverifiable,not-verifiable,
solubility,1850,unverifiable,not-verifiable,
solubility,1851,unverifiable,not-verifiable,
solubility,1852,unverifiable,not-verifiable,
solubility,1853,unverifiable,not-verifiable,
solubility,1854,unverifiable,not-verifiable,
solubility,1855,unverifiable,not-verifiable,
solubility,1856,unverifiable,not-verifiable,
solubility,1857,unverifiable,not-verifiable,
solubility,1858,unverifiable,not-verifiable,
solubility,1859,unverifiable,not-verifiable,
solubility,1860,unverifiable,not-verifiable,
solubility,1861,unverifiable,not-verifiable,
solubility,1862,unverifiable,not-verifiable,
solubility,1863,unverifiable,not-verifiable,
solubility,1864,unverifiable,not-verifiable,
solubility,1865,unverifiable,not-verifiable,
solubility,1866,unverifiable,not-verifiable,
solubility,1867,unverifiable,not-verifiable,
solubility,1868,minor,corrected,state
solubility,1869,minor,corrected,state
solubility,1870,minor,corrected,state
solubility,1871,minor,corrected,state
solubility,1872,minor,corrected,state
solubility,1873,minor,corrected,state
solubility,1874,minor,corrected,state
solubility,1875,minor,corrected,state
solubility,1876,minor,corrected,state
solubility,1877,minor,corrected,state
solubility,1878,minor,corrected,state
solubility,1879,minor,corrected,state
solubility,1880,minor,corrected,state
solubility,1881,minor,corrected,state
solubility,1882,minor,corrected,state
solubility,1883,minor,corrected,state
solubility,1884,minor,corrected,state
solubility,1885,minor,corrected,state
solubility,1886,minor,corrected,state
solubility,1887,minor,corrected,state
solubility,1888,minor,corrected,state
solubility,1889,minor,corrected,state
solubility,1890,minor,corrected,state
solubility,1891,minor,corrected,state
solubility,1892,minor,corrected,state
solubility,1893,minor,corrected,state
solubility,1894,minor,corrected,state
solubility,1895,minor,corrected,state
solubility,1896,minor,corrected,state
solubility,1897,minor,corrected,state
solubility,1898,minor,corrected,state
solubility,1899,minor,corrected,state
solubility,1900,minor,corrected,state
solubility,1901,minor,corrected,state
solubility,1902,minor,corrected,state
solubility,1903,minor,corrected,state
solubility,1904,major,corrected,transcription
solubility,1905,major,corrected,transcription
solubility,1906,minor,corrected,state
solubility,1907,minor,corrected,state
solubility,1908,minor,corrected,state
solubility,1909,minor,corrected,state
solubility,1910,minor,corrected,state
solubility,1911,minor,corrected,state
solubility,1912,minor,corrected,state
solubility,1913,minor,corrected,state
solubility,1914,minor,corrected,state
solubility,1915,minor,corrected,state
solubility,1916,minor,corrected,state
solubility,1917,minor,corrected,state
solubility,1918,minor,corrected,state
solubility,1919,minor,corrected,state
solubility,1920,minor,corrected,state
solubility,1921,minor,corrected,state
solubility,1922,minor,corrected,state
solubility,1923,minor,corrected,state
solubility,1924,minor,corrected,state
solubility,1925,minor,corrected,state
solubility,1926,minor,corrected,state
solubility,1927,minor,corrected,state
solubility,1928,correct,corrected,
solubility,1929,correct,corrected,
solubility,1930,correct,corrected,
solubility,1931,correct,corrected,
solubility,1932,correct,corrected,
solubility,1933,correct,corrected,
solubility,1934,correct,corrected,
solubility,1935,correct,corrected,
solubility,1936,correct,corrected,
solubility,1937,correct,corrected,
solubility,1938,correct,corrected,
solubility,1939,correct,corrected,
solubility,1940,correct,corrected,
solubility,1941,correct,corrected,
solubility,1942,correct,corrected,
solubility,1943,correct,corrected,
solubility,1944,correct,corrected,
solubility,1945,correct,corrected,
solubility,1946,correct,corrected,
solubility,1947,correct,corrected,
solubility,1948,correct,corrected,
solubility,1949,correct,corrected,
solubility,1950,correct,corrected,
solubility,1951,correct,corrected,
solubility,1952,correct,corrected,
solubility,1953,correct,corrected,
solubility,1954,correct,corrected,
solubility,1955,correct,corrected,
solubility,1956,correct,corrected,
solubility,1957,correct,corrected,
solubility,1958,correct,corrected,
solubility,1959,correct,corrected,
solubility,1960,correct,corrected,
solubility,1961,correct,corrected,
solubility,1962,correct,corrected,
solubility,1963,correct,corrected,
solubility,1964,correct,corrected,
solubility,1965,correct,corrected,
solubility,1966,minor,corrected,conversion
solubility,1967,minor,corrected,conversion
solubility,1968,minor,corrected,conversion
solubility,1969,minor,corrected,conversion
solubility,1970,minor,corrected,conversion
solubility,1971,minor,corrected,conversion
solubility,1972,correct,corrected,
solubility,1973,correct,corrected,
solubility,1974,correct,corrected,
solubility,1975,correct,corrected,
solubility,1976,correct,corrected,
solubility,1977,correct,corrected,
solubility,1978,correct,corrected,
solubility,1979,correct,corrected,
solubility,1980,correct,corrected,
solubility,1981,correct,corrected,
solubility,1982,correct,corrected,
solubility,1983,correct,corrected,
solubility,1984,correct,verified,
solubility,1985,correct,verified,
solubility,1986,correct,verified,
solubility,1987,correct,verified,
solubility,1988,correct,verified,
solubility,1989,correct,verified,
solubility,1990,correct,verified,
solubility,1991,correct,verified,
solubility,1992,correct,verified,
solubility,1993,correct,verified,
solubility,1994,correct,verified,
solubility,1995,correct,verified,
solubility,1996,correct,verified,
solubility,1997,correct,verified,
solubility,1998,correct,verified,
solubility,1999,correct,verified,
solubility,2000,correct,verified,
solubility,2001,correct,verified,
solubility,2002,unverifiable,not-verifiable,
solubility,2003,unverifiable,not-verifiable,
solubility,2004,unverifiable,not-verifiable,
solubility,2005,unverifiable,not-verifiable,
solubility,2006,unverifiable,not-verifiable,
solubility,2007,unverifiable,not-verifiable,
solubility,2008,unverifiable,not-verifiable,
solubility,2009,unverifiable,not-verifiable,
solubility,2010,unverifiable,not-verifiable,
solubility,2011,unverifiable,not-verifiable,
solubility,2012,unverifiable,not-verifiable,
solubility,2013,unverifiable,not-verifiable,
solubility,2014,unverifiable,not-verifiable,
solubility,2015,unverifiable,not-verifiable,
solubility,2016,unverifiable,not-verifiable,
solubility,2017,unverifiable,not-verifiable,
solubility,2018,unverifiable,not-verifiable,
solubility,2019,unverifiable,not-verifiable,
solubility,2020,unverifiable,not-verifiable,
solubility,2021,unverifiable,not-verifiable,
solubility,2022,unverifiable,not-verifiable,
solubility,2023,unverifiable,not-verifiable,
solubility,2024,unverifiable,not-verifiable,
solubility,2025,unverifiable,not-verifiable,
solubility,2026,unverifiable,not-verifiable,
solubility,2027,unverifiable,not-verifiable,
solubility,2028,unverifiable,not-verifiable,
solubility,2029,unverifiable,not-verifiable,
solubility,2030,unverifiable,not-verifiable,
solubility,2031,unverifiable,not-verifiable,
solubility,2032,unverifiable,not-verifiable,
solubility,2033,unverifiable,not-verifiable,
solubility,2034,unverifiable,not-verifiable,
solubility,2035,unverifiable,not-verifiable,
solubility,2036,unverifiable,not-verifiable,
solubility,2037,unverifiable,not-verifiable,
solubility,2038,correct,corrected,
solubility,2039,correct,corrected,
solubility,2040,correct,corrected,
solubility,2041,correct,corrected,
solubility,2042,correct,corrected,
solubility,2043,correct,corrected,
solubility,2044,correct,corrected,
solubility,2045,correct,corrected,
solubility,2046,correct,corrected,
solubility,2047,correct,corrected,
solubility,2048,correct,corrected,
solubility,2049,correct,corrected,
solubility,2050,correct,corrected,
solubility,2051,correct,corrected,
solubility,2052,correct,corrected,
solubility,2053,correct,corrected,
solubility,2054,correct,corrected,
solubility,2055,correct,corrected,
solubility,2056,correct,corrected,
solubility,2057,correct,corrected,
solubility,2058,correct,corrected,
solubility,2059,correct,corrected,
solubility,2060,correct,corrected,
solubility,2061,correct,corrected,
solubility,2062,correct,corrected,
solubility,2063,correct,corrected,
solubility,2064,correct,corrected,
solubility,2065,correct,corrected,
solubility,2066,correct,corrected,
solubility,2067,correct,corrected,
solubility,2068,correct,corrected,
solubility,2069,correct,corrected,
solubility,2070,correct,corrected,
solubility,2071,correct,corrected,
solubility,2072,correct,corrected,
solubility,2073,correct,corrected,
solubility,2074,unverifiable,not-verifiable,
solubility,2075,unverifiable,not-verifiable,
solubility,2076,unverifiable,not-verifiable,
solubility,2077,unverifiable,not-verifiable,
solubility,2078,unverifiable,not-verifiable,
solubility,2079,unverifiable,not-verifiable,
solubility,2080,minor,corrected,state
solubility,2081,minor,corrected,state
solubility,2082,minor,corrected,state
solubility,2083,minor,corrected,state
solubility,2084,minor,corrected,state
solubility,2085,minor,corrected,state
solubility,2086,minor,corrected,state
solubility,2087,minor,corrected,state
solubility,2088,minor,corrected,state
solubility,2089,minor,corrected,state
solubility,2090,minor,corrected,state
solubility,2091,minor,corrected,state
solubility,2092,minor,corrected,state
solubility,2093,minor,corrected,state
solubility,2094,minor,corrected,state
solubility,2095,minor,corrected,state
solubility,2096,minor,corrected,state
solubility,2097,minor,corrected,state
solubility,2098,minor,corrected,state
solubility,2099,minor,corrected,state
solubility,2100,minor,corrected,state
solubility,2101,minor,corrected,state
solubility,2102,minor,corrected,state
solubility,2103,minor,corrected,state
solubility,2104,correct,verified,
solubility,2105,correct,verified,
solubility,2106,correct,verified,
solubility,2107,correct,verified,
solubility,2108,correct,verified,
solubility,2109,correct,verified,
solubility,2110,correct,verified,
solubility,2111,correct,verified,
solubility,2112,correct,verified,
solubility,2113,correct,verified,
solubility,2114,correct,verified,
solubility,2115,correct,verified,
solubility,2116,correct,verified,
solubility,2117,correct,verified,
solubility,2118,correct,verified,
solubility,2119,correct,verified,
solubility,2120,correct,verified,
solubility,2121,correct,verified,
solubility,2122,correct,verified,
solubility,2123,correct,verified,
solubility,2124,correct,verified,
solubility,2125,correct,verified,
solubility,2126,correct,verified,
solubility,2127,correct,verified,
solubility,2128,correct,verified,
solubility,2129,correct,verified,
solubility,2130,correct,verified,
solubility,2131,correct,verified,
solubility,2132,correct,verified,
solubility,2133,correct,verified,
solubility,2134,correct,verified,
solubility,2135,correct,verified,
solubility,2136,correct,verified,
solubility,2137,correct,verified,
solubility,2138,correct,verified,
solubility,2139,correct,verified,
solubility,2140,correct,verified,
solubility,2141,correct,verified,
solubility,2142,correct,verified,
solubility,2143,correct,verified,
solubility,2144,correct,verified,
solubility,2145,correct,verified,
solubility,2146,correct,verified,
solubility,2147,correct,verified,
solubility,2148,correct,verified,
solubility,2149,correct,verified,
solubility,2150,correct,verified,
solubility,2151,correct,verified,
solubility,2152,correct,verified,
solubility,2153,correct,verified,
solubility,2154,minor,corrected,state
solubility,2155,minor,corrected,state
solubility,2156,minor,corrected,state
solubility,2157,minor,corrected,state
solubility,2158,minor,corrected,state
solubility,2159,minor,corrected,state
solubility,2160,minor,corrected,state
solubility,2161,minor,corrected,state
solubility,2162,minor,corrected,state
solubility,2163,minor,corrected,state
solubility,2164,minor,corrected,state
solubility,2165,minor,corrected,state
solubility,2166,minor,corrected,state
solubility,2167,minor,corrected,state
solubility,2168,minor,corrected,state
solubility,2169,minor,corrected,state
solubility,2170,minor,corrected,state
solubility,2171,minor,corrected,state
solubility,2172,minor,corrected,state
solubility,2173,minor,corrected,state
solubility,2174,unverifiable,not-verifiable,
solubility,2175,unverifiable,not-verifiable,
solubility,2176,unverifiable,not-verifiable,
solubility,2177,unverifiable,not-verifiable,
solubility,2178,unverifiable,not-verifiable,
solubility,2179,unverifiable,not-verifiable,
solubility,2180,unverifiable,not-verifiable,
solubility,2181,unverifiable,not-verifiable,
solubility,2182,unverifiable,not-verifiable,
solubility,2183,unverifiable,not-verifiable,
solubility,2184,unverifiable,not-verifiable,
solubility,2185,unverifiable,not-verifiable,
solubility,2186,unverifiable,not-verifiable,
solubility,2187,unverifiable,not-verifiable,
solubility,2188,unverifiable,not-verifiable,
solubility,2189,unverifiable,not-verifiable,
solubility,2190,unverifiable,not-verifiable,
solubility,2191,unverifiable,not-verifiable,
solubility,2192,unverifiable,not-verifiable,
solubility,2193,unverifiable,not-verifiable,
solubility,2194,unverifiable,not-verifiable,
solubility,2195,unverifiable,not-verifiable,
solubility,2196,unverifiable,not-verifiable,
solubility,2197,unverifiable,not-verifiable,
solubility,2198,unverifiable,not-verifiable,
solubility,2199,unverifiable,not-verifiable,
solubility,2200,unverifiable,not-verifiable,
solubility,2201,unverifiable,not-verifiable,
solubility,2202,unverifiable,not-verifiable,
solubility,2203,unverifiable,not-verifiable,
solubility,2204,unverifiable,not-verifiable,
solubility,2205,unverifiable,not-verifiable,
solubility,2206,unverifiable,not-verifiable,
solubility,2207,unverifiable,not-verifiable,
solubility,2208,unverifiable,not-verifiable,
solubility,2209,unverifiable,not-verifiable,
solubility,2210,correct,corrected,
solubility,2211,correct,corrected,
solubility,2212,correct,corrected,
solubility,2213,correct,corrected,
solubility,2214,correct,corrected,
solubility,2215,correct,corrected,
solubility,2216,correct,corrected,
solubility,2217,correct,corrected,
solubility,2218,minor,corrected,conversion
solubility,2219,minor,corrected,conversion
solubility,2220,minor,corrected,conversion
solubility,2221,minor,corrected,conversion
solubility,2222,minor,corrected,conversion
solubility,2223,minor,corrected,conversion
solubility,2224,correct,corrected,
solubility,2225,correct,corrected,
solubility,2226,correct,corrected,
solubility,2227,correct,corrected,
solubility,2228,correct,corrected,
solubility,2229,correct,corrected,
solubility,2230,correct,corrected,
solubility,2231,correct,corrected,
solubility,2232,correct,corrected,
solubility,2233,correct,corrected,
solubility,2234,correct,corrected,
solubility,2235,correct,corrected,
solubility,2236,correct,corrected,
solubility,2237,correct,corrected,
solubility,2238,correct,corrected,
solubility,2239,correct,corrected,
solubility,2240,correct,corrected,
solubility,2241,correct,corrected,
solubility,2242,correct,corrected,
solubility,2243,correct,corrected,
solubility,2244,correct,corrected,
solubility,2245,correct,corrected,
solubility,2246,correct,corrected,
solubility,2247,correct,corrected,
solubility,2248,correct,verified,
solubility,2249,correct,verified,
solubility,2250,correct,verified,
solubility,2251,correct,verified,
solubility,2252,correct,verified,
solubility,2253,correct,verified,
solubility,2254,correct,verified,
solubility,2255,correct,verified,
solubility,2256,correct,verified,
solubility,2257,correct,verified,
solubility,2258,correct,verified,
solubility,2259,correct,verified,
solubility,2260,correct,verified,
solubility,2261,correct,verified,
solubility,2262,correct,verified,
solubility,2263,correct,verified,
solubility,2264,correct,verified,
solubility,2265,correct,verified,
solubility,2266,correct,corrected,
solubility,2267,correct,corrected,
solubility,2268,correct,corrected,
solubility,2269,correct,corrected,
solubility,2270,correct,corrected,
solubility,2271,correct,corrected,
solubility,2272,correct,corrected,
solubility,2273,correct,corrected,
solubility,2274,minor,corrected,transcription
solubility,2275,minor,corrected,transcription
solubility,2276,minor,corrected,transcription
solubility,2277,minor,corrected,transcription
solubility,2278,minor,corrected,transcription
solubility,2279,minor,corrected,transcription
solubility,2280,minor,corrected,transcription
solubility,2281,minor,corrected,transcription
solubility,2282,minor,corrected,transcription
solubility,2283,minor,corrected,transcription
solubility,2284,minor,corrected,transcription
solubility,2285,minor,corrected,transcription
solubility,2286,minor,corrected,transcription
solubility,2287,minor,corrected,transcription
solubility,2288,minor,corrected,transcription
solubility,2289,minor,corrected,transcription
solubility,2290,minor,corrected,transcription
solubility,2291,minor,corrected,transcription
solubility,2292,minor,corrected,transcription
solubility,2293,minor,corrected,transcription
solubility,2294,minor,corrected,transcription
solubility,2295,minor,corrected,transcription
solubility,2296,minor,corrected,transcription
solubility,2297,minor,corrected,transcription
solubility,2298,minor,corrected,state
solubility,2299,minor,corrected,conversion
solubility,2300,minor,corrected,state
solubility,2301,minor,corrected,conversion
solubility,2302,minor,corrected,state
solubility,2303,minor,corrected,conversion
solubility,2304,minor,corrected,state
solubility,2305,minor,corrected,conversion
solubility,2306,minor,corrected,state
solubility,2307,minor,corrected,conversion
solubility,2308,minor,corrected,state
solubility,2309,minor,corrected,conversion
solubility,2310,minor,corrected,state
solubility,2311,minor,corrected,conversion
solubility,2312,minor,corrected,state
solubility,2313,minor,corrected,conversion
solubility,2314,minor,corrected,state
solubility,2315,minor,corrected,conversion
solubility,2316,minor,corrected,state
solubility,2317,minor,corrected,conversion
solubility,2318,minor,corrected,state
solubility,2319,minor,corrected,conversion
solubility,2320,minor,corrected,state
solubility,2321,minor,corrected,conversion
solubility,2322,minor,corrected,state
solubility,2323,minor,corrected,state
solubility,2324,minor,corrected,state
solubility,2325,minor,corrected,state
solubility,2326,minor,corrected,state
solubility,2327,minor,corrected,state
solubility,2328,minor,corrected,state
solubility,2329,minor,corrected,state
solubility,2330,minor,corrected,state
solubility,2331,minor,corrected,state
solubility,2332,minor,corrected,state
solubility,2333,minor,corrected,state
solubility,2334,minor,corrected,state
solubility,2335,minor,corrected,state
solubility,2336,minor,corrected,state
solubility,2337,minor,corrected,state
solubility,2338,minor,corrected,state
solubility,2339,minor,corrected,state
solubility,2340,major,corrected,conversion
solubility,2341,major,corrected,conversion
solubility,2342,major,corrected,conversion
solubility,2343,major,corrected,conversion
solubility,2344,major,corrected,conversion
solubility,2345,major,corrected,conversion
solubility,2346,major,corrected,conversion
solubility,2347,major,corrected,conversion
solubility,2348,major,corrected,conversion
solubility,2349,major,corrected,conversion
solubility,2350,correct,corrected,
solubility,2351,correct,corrected,
solubility,2352,correct,corrected,
solubility,2353,correct,corrected,
solubility,2354,correct,corrected,
solubility,2355,correct,corrected,
solubility,2356,correct,corrected,
solubility,2357,correct,corrected,
solubility,2358,correct,corrected,
solubility,2359,correct,corrected,
solubility,2360,correct,corrected,
solubility,2361,correct,corrected,
solubility,2362,correct,corrected,
solubility,2363,correct,corrected,
solubility,2364,correct,corrected,
solubility,2365,correct,corrected,
solubility,2366,correct,corrected,
solubility,2367,correct,corrected,
solubility,2368,correct,corrected,
solubility,2369,correct,corrected,
solubility,2370,correct,corrected,
solubility,2371,correct,corrected,
solubility,2372,correct,corrected,
solubility,2373,correct,corrected,
solubility,2374,correct,verified,
solubility,2375,correct,verified,
solubility,2376,correct,verified,
solubility,2377,correct,verified,
solubility,2378,correct,verified,
solubility,2379,correct,verified,
solubility,2380,correct,verified,
solubility,2381,correct,verified,
solubility,2382,correct,verified,
solubility,2383,correct,verified,
solubility,2384,correct,verified,
solubility,2385,correct,verified,
solubility,2386,correct,verified,
solubility,2387,correct,verified,
solubility,2388,correct,verified,
solubility,2389,correct,verified,
solubility,2390,correct,verified,
solubility,2391,correct,verified,
solubility,2392,correct,verified,
solubility,2393,correct,verified,
solubility,2394,correct,verified,
solubility,2395,correct,verified,
solubility,2396,correct,verified,
solubility,2397,correct,verified,
solubility,2398,correct,verified,
solubility,2399,correct,verified,
solubility,2400,correct,verified,
solubility,2401,correct,verified,
solubility,2402,correct,verified,
solubility,2403,correct,verified,
solubility,2404,correct,verified,
solubility,2405,correct,verified,
solubility,2406,correct,verified,
solubility,2407,correct,verified,
solubility,2408,correct,verified,
solubility,2409,correct,verified,
solubility,2410,correct,verified,
solubility,2411,correct,verified,
solubility,2412,correct,verified,
solubility,2413,correct,verified,
solubility,2414,correct,verified,
solubility,2415,correct,verified,
solubility,2416,correct,verified,
solubility,2417,correct,verified,
solubility,2418,correct,verified,
solubility,2419,correct,verified,
solubility,2420,correct,verified,
solubility,2421,correct,verified,
solubility,2422,minor,corrected,T whole-K isotherm; nominal salt molality
solubility,2423,minor,corrected,T whole-K isotherm; nominal salt molality
solubility,2424,minor,corrected,T whole-K isotherm; nominal salt molality
solubility,2425,minor,corrected,T whole-K isotherm; nominal salt molality
solubility,2426,minor,corrected,T whole-K isotherm; nominal salt molality
solubility,2427,minor,corrected,T whole-K isotherm; nominal salt molality
solubility,2428,minor,corrected,T whole-K isotherm; nominal salt molality
solubility,2429,minor,corrected,T whole-K isotherm; nominal salt molality
solubility,2430,minor,corrected,T whole-K isotherm; nominal salt molality
solubility,2431,minor,corrected,T whole-K isotherm; nominal salt molality
solubility,2432,minor,corrected,T whole-K isotherm; nominal salt molality
solubility,2433,minor,corrected,T whole-K isotherm; nominal salt molality
solubility,2434,minor,corrected,T whole-K isotherm; nominal salt molality
solubility,2435,minor,corrected,T whole-K isotherm; nominal salt molality
solubility,2436,minor,corrected,T whole-K isotherm; nominal salt molality
solubility,2437,minor,corrected,T whole-K isotherm; nominal salt molality
solubility,2438,minor,corrected,T whole-K isotherm; nominal salt molality
solubility,2439,minor,corrected,T whole-K isotherm; nominal salt molality
solubility,2440,minor,corrected,T whole-K isotherm; nominal salt molality
solubility,2441,minor,corrected,T whole-K isotherm; nominal salt molality
solubility,2442,minor,corrected,T whole-K isotherm; nominal salt molality
solubility,2443,minor,corrected,T whole-K isotherm; nominal salt molality
solubility,2444,minor,corrected,T whole-K isotherm; nominal salt molality
solubility,2445,minor,corrected,T whole-K isotherm; nominal salt molality
solubility,2446,minor,corrected,T whole-K isotherm; nominal salt molality
solubility,2447,minor,corrected,T whole-K isotherm; nominal salt molality
solubility,2448,minor,corrected,T whole-K isotherm; nominal salt molality
solubility,2449,minor,corrected,T whole-K isotherm; nominal salt molality
solubility,2450,minor,corrected,state
solubility,2451,minor,corrected,conversion
solubility,2452,minor,corrected,state
solubility,2453,minor,corrected,conversion
solubility,2454,minor,corrected,state
solubility,2455,minor,corrected,conversion
solubility,2456,minor,corrected,state
solubility,2457,minor,corrected,conversion
solubility,2458,minor,corrected,state
solubility,2459,minor,corrected,conversion
solubility,2460,minor,corrected,state
solubility,2461,minor,corrected,conversion
solubility,2462,minor,corrected,state
solubility,2463,minor,corrected,conversion
solubility,2464,minor,corrected,state
solubility,2465,minor,corrected,conversion
solubility,2466,minor,corrected,state
solubility,2467,minor,corrected,conversion
solubility,2468,minor,corrected,state
solubility,2469,minor,corrected,conversion
solubility,2470,minor,corrected,state
solubility,2471,minor,corrected,conversion
solubility,2472,minor,corrected,state
solubility,2473,minor,corrected,conversion
solubility,2474,minor,corrected,state
solubility,2475,minor,corrected,state
solubility,2476,minor,corrected,state
solubility,2477,minor,corrected,state
solubility,2478,minor,corrected,state
solubility,2479,minor,corrected,state
solubility,2480,minor,corrected,state
solubility,2481,minor,corrected,state
solubility,2482,minor,corrected,state
solubility,2483,minor,corrected,state
solubility,2484,minor,corrected,state
solubility,2485,minor,corrected,state
solubility,2486,minor,corrected,state
solubility,2487,minor,corrected,state
solubility,2488,minor,corrected,state
solubility,2489,minor,corrected,state
solubility,2490,minor,corrected,state
solubility,2491,minor,corrected,state
solubility,2492,minor,corrected,state
solubility,2493,minor,corrected,state
solubility,2494,minor,corrected,state
solubility,2495,minor,corrected,state
solubility,2496,minor,corrected,state
solubility,2497,minor,corrected,state
solubility,2498,minor,corrected,state
solubility,2499,minor,corrected,state
solubility,2500,minor,corrected,state
solubility,2501,minor,corrected,state
solubility,2502,minor,corrected,state
solubility,2503,minor,corrected,state
solubility,2504,minor,corrected,state
solubility,2505,minor,corrected,state
solubility,2506,minor,corrected,state
solubility,2507,minor,corrected,state
solubility,2508,minor,corrected,state
solubility,2509,minor,corrected,state
solubility,2510,minor,corrected,state
solubility,2511,minor,corrected,state
solubility,2512,minor,corrected,state
solubility,2513,minor,corrected,state
solubility,2514,correct,corrected,
solubility,2515,correct,corrected,
solubility,2516,correct,corrected,
solubility,2517,correct,corrected,
solubility,2518,correct,corrected,
solubility,2519,correct,corrected,
solubility,2520,correct,corrected,
solubility,2521,correct,corrected,
solubility,2522,correct,corrected,
solubility,2523,correct,corrected,
solubility,2524,correct,corrected,
solubility,2525,correct,corrected,
solubility,2526,correct,corrected,
solubility,2527,correct,corrected,
solubility,2528,correct,corrected,
solubility,2529,correct,corrected,
solubility,2530,correct,corrected,
solubility,2531,correct,corrected,
solubility,2532,correct,corrected,
solubility,2533,correct,corrected,
solubility,2534,correct,corrected,
solubility,2535,correct,corrected,
solubility,2536,correct,corrected,
solubility,2537,correct,corrected,
solubility,2538,minor,corrected,T whole-K isotherm; nominal salt molality
solubility,2539,minor,corrected,T whole-K isotherm; nominal salt molality
solubility,2540,minor,corrected,T whole-K isotherm; nominal salt molality
solubility,2541,minor,corrected,T whole-K isotherm; nominal salt molality
solubility,2542,minor,corrected,T whole-K isotherm; nominal salt molality
solubility,2543,minor,corrected,T whole-K isotherm; nominal salt molality
solubility,2544,minor,corrected,T whole-K isotherm; nominal salt molality
solubility,2545,minor,corrected,T whole-K isotherm; nominal salt molality
solubility,2546,minor,corrected,T whole-K isotherm; nominal salt molality
solubility,2547,minor,corrected,T whole-K isotherm; nominal salt molality
solubility,2548,minor,corrected,T whole-K isotherm; nominal salt molality
solubility,2549,minor,corrected,T whole-K isotherm; nominal salt molality
solubility,2550,minor,corrected,T whole-K isotherm; nominal salt molality
solubility,2551,minor,corrected,T whole-K isotherm; nominal salt molality
solubility,2552,minor,corrected,T whole-K isotherm; nominal salt molality
solubility,2553,minor,corrected,T whole-K isotherm; nominal salt molality
solubility,2554,minor,corrected,T whole-K isotherm; nominal salt molality
solubility,2555,minor,corrected,T whole-K isotherm; nominal salt molality
solubility,2556,minor,corrected,T whole-K isotherm; nominal salt molality
solubility,2557,minor,corrected,T whole-K isotherm; nominal salt molality
solubility,2558,minor,corrected,T whole-K isotherm; nominal salt molality
solubility,2559,minor,corrected,T whole-K isotherm; nominal salt molality
solubility,2560,minor,corrected,T whole-K isotherm; nominal salt molality
solubility,2561,minor,corrected,T whole-K isotherm; nominal salt molality
solubility,2562,minor,corrected,T whole-K isotherm; nominal salt molality
solubility,2563,minor,corrected,T whole-K isotherm; nominal salt molality
solubility,2564,minor,corrected,T whole-K isotherm; nominal salt molality
solubility,2565,minor,corrected,T whole-K isotherm; nominal salt molality
solubility,2566,minor,corrected,state
solubility,2567,minor,corrected,state
solubility,2568,minor,corrected,state
solubility,2569,minor,corrected,state
solubility,2570,minor,corrected,state
solubility,2571,minor,corrected,state
solubility,2572,minor,corrected,state
solubility,2573,minor,corrected,state
solubility,2574,minor,corrected,state
solubility,2575,minor,corrected,state
solubility,2576,minor,corrected,state
solubility,2577,minor,corrected,state
solubility,2578,minor,corrected,state
solubility,2579,minor,corrected,state
solubility,2580,minor,corrected,state
solubility,2581,minor,corrected,state
solubility,2582,minor,corrected,state
solubility,2583,minor,corrected,state
solubility,2584,minor,corrected,state
solubility,2585,minor,corrected,state
solubility,2586,minor,corrected,state
solubility,2587,minor,corrected,state
solubility,2588,minor,corrected,state
solubility,2589,minor,corrected,state
solubility,2590,major,corrected,state
solubility,2591,major,corrected,state
solubility,2592,major,corrected,state
solubility,2593,major,corrected,state
solubility,2594,major,corrected,state
solubility,2595,major,corrected,state
solubility,2596,major,corrected,state
solubility,2597,major,corrected,state
solubility,2598,major,corrected,state
solubility,2599,major,corrected,state
solubility,2600,major,corrected,state
solubility,2601,major,corrected,state
solubility,2602,minor,corrected,state
solubility,2603,minor,corrected,state
solubility,2604,minor,corrected,state
solubility,2605,minor,corrected,state
solubility,2606,minor,corrected,state
solubility,2607,minor,corrected,state
solubility,2608,minor,corrected,state
solubility,2609,minor,corrected,state
solubility,2610,minor,corrected,state
solubility,2611,minor,corrected,state
solubility,2612,minor,corrected,state
solubility,2613,minor,corrected,state
solubility,2614,minor,corrected,state
solubility,2615,minor,corrected,state
solubility,2616,minor,corrected,state
solubility,2617,minor,corrected,state
solubility,2618,minor,corrected,state
solubility,2619,minor,corrected,state
solubility,2620,minor,corrected,state
solubility,2621,minor,corrected,state
solubility,2622,minor,corrected,state
solubility,2623,minor,corrected,state
solubility,2624,minor,corrected,state
solubility,2625,minor,corrected,state
solubility,2626,minor,corrected,state
solubility,2627,minor,corrected,state
solubility,2628,minor,corrected,state
solubility,2629,minor,corrected,state
solubility,2630,minor,corrected,state
solubility,2631,minor,corrected,state
solubility,2632,minor,corrected,state
solubility,2633,minor,corrected,state
solubility,2634,minor,corrected,state
solubility,2635,minor,corrected,state
solubility,2636,minor,corrected,state
solubility,2637,minor,corrected,state
solubility,2638,minor,corrected,state
solubility,2639,minor,corrected,state
solubility,2640,minor,corrected,state
solubility,2641,minor,corrected,state
solubility,2642,minor,corrected,state
solubility,2643,minor,corrected,state
solubility,2644,minor,corrected,state
solubility,2645,minor,corrected,state
solubility,2646,minor,corrected,state
solubility,2647,minor,corrected,state
solubility,2648,minor,corrected,state
solubility,2649,minor,corrected,state
solubility,2650,correct,corrected,
solubility,2651,correct,corrected,
solubility,2652,correct,corrected,
solubility,2653,correct,corrected,
solubility,2654,correct,corrected,
solubility,2655,correct,corrected,
solubility,2656,minor,corrected,conversion
solubility,2657,minor,corrected,conversion
solubility,2658,minor,corrected,conversion
solubility,2659,minor,corrected,conversion
solubility,2660,correct,corrected,
solubility,2661,correct,corrected,
solubility,2662,correct,corrected,
solubility,2663,correct,corrected,
solubility,2664,correct,corrected,
solubility,2665,correct,corrected,
solubility,2666,correct,corrected,
solubility,2667,correct,corrected,
solubility,2668,correct,corrected,
solubility,2669,correct,corrected,
solubility,2670,correct,corrected,
solubility,2671,correct,corrected,
solubility,2672,correct,corrected,
solubility,2673,correct,corrected,
solubility,2674,correct,corrected,
solubility,2675,correct,corrected,
solubility,2676,correct,corrected,
solubility,2677,correct,corrected,
solubility,2678,minor,corrected,conversion
solubility,2679,minor,corrected,conversion
solubility,2680,minor,corrected,conversion
solubility,2681,minor,corrected,conversion
solubility,2682,minor,corrected,conversion
solubility,2683,minor,corrected,conversion
solubility,2684,correct,corrected,
solubility,2685,correct,corrected,
solubility,2686,correct,corrected,
solubility,2687,correct,corrected,
solubility,2688,correct,corrected,
solubility,2689,correct,corrected,
solubility,2690,correct,corrected,
solubility,2691,correct,corrected,
solubility,2692,correct,corrected,
solubility,2693,correct,corrected,
solubility,2694,correct,corrected,
solubility,2695,correct,corrected,
solubility,2696,correct,corrected,
solubility,2697,correct,corrected,
solubility,2698,correct,corrected,
solubility,2699,correct,corrected,
solubility,2700,correct,corrected,
solubility,2701,correct,corrected,
solubility,2702,correct,corrected,
solubility,2703,correct,corrected,
solubility,2704,correct,corrected,
solubility,2705,correct,corrected,
solubility,2706,correct,corrected,
solubility,2707,correct,corrected,
solubility,2708,correct,corrected,
solubility,2709,correct,corrected,
solubility,2710,correct,corrected,
solubility,2711,correct,corrected,
solubility,2712,correct,corrected,
solubility,2713,correct,corrected,
solubility,2714,correct,corrected,
solubility,2715,correct,corrected,
solubility,2716,correct,corrected,
solubility,2717,correct,corrected,
solubility,2718,correct,corrected,
solubility,2719,correct,corrected,
solubility,2720,minor,corrected,state
solubility,2721,minor,corrected,state
solubility,2722,minor,corrected,state
solubility,2723,minor,corrected,state
solubility,2724,minor,corrected,state
solubility,2725,minor,corrected,state
solubility,2726,minor,corrected,state
solubility,2727,minor,corrected,state
solubility,2728,minor,corrected,state
solubility,2729,minor,corrected,state
solubility,2730,minor,corrected,state
solubility,2731,minor,corrected,state
solubility,2732,minor,corrected,state
solubility,2733,minor,corrected,state
solubility,2734,minor,corrected,state
solubility,2735,minor,corrected,state
solubility,2736,minor,corrected,state
solubility,2737,minor,corrected,state
solubility,2738,minor,corrected,state
solubility,2739,minor,corrected,state
solubility,2740,minor,corrected,state
solubility,2741,minor,corrected,state
solubility,2742,minor,corrected,state
solubility,2743,minor,corrected,state
solubility,2744,correct,verified,
solubility,2745,correct,verified,
solubility,2746,correct,verified,
solubility,2747,correct,verified,
solubility,2748,correct,verified,
solubility,2749,correct,verified,
solubility,2750,correct,verified,
solubility,2751,correct,verified,
solubility,2752,correct,verified,
solubility,2753,correct,verified,
solubility,2754,correct,verified,
solubility,2755,correct,verified,
solubility,2756,correct,verified,
solubility,2757,correct,verified,
solubility,2758,correct,verified,
solubility,2759,correct,verified,
solubility,2760,correct,verified,
solubility,2761,correct,verified,
solubility,2762,correct,corrected,
solubility,2763,correct,corrected,
solubility,2764,correct,corrected,
solubility,2765,correct,corrected,
solubility,2766,correct,corrected,
solubility,2767,correct,corrected,
solubility,2768,correct,corrected,
solubility,2769,correct,corrected,
solubility,2770,correct,corrected,
solubility,2771,correct,corrected,
solubility,2772,correct,corrected,
solubility,2773,correct,corrected,
solubility,2774,correct,corrected,
solubility,2775,correct,corrected,
solubility,2776,correct,corrected,
solubility,2777,correct,corrected,
solubility,2778,correct,corrected,
solubility,2779,correct,corrected,
solubility,2780,correct,corrected,
solubility,2781,correct,corrected,
solubility,2782,correct,corrected,
solubility,2783,correct,corrected,
solubility,2784,correct,verified,
solubility,2785,correct,verified,
solubility,2786,correct,verified,
solubility,2787,correct,verified,
solubility,2788,correct,verified,
solubility,2789,correct,verified,
solubility,2790,correct,verified,
solubility,2791,correct,verified,
solubility,2792,correct,verified,
solubility,2793,correct,verified,
solubility,2794,correct,verified,
solubility,2795,correct,verified,
solubility,2796,correct,verified,
solubility,2797,correct,verified,
solubility,2798,correct,verified,
solubility,2799,correct,verified,
solubility,2800,correct,verified,
solubility,2801,correct,verified,
solubility,2802,correct,verified,
solubility,2803,correct,verified,
solubility,2804,minor,corrected,state
solubility,2805,minor,corrected,state
solubility,2806,minor,corrected,state
solubility,2807,minor,corrected,state
solubility,2808,minor,corrected,state
solubility,2809,minor,corrected,state
solubility,2810,minor,corrected,state
solubility,2811,minor,corrected,state
solubility,2812,minor,corrected,state
solubility,2813,minor,corrected,state
solubility,2814,minor,corrected,state
solubility,2815,minor,corrected,state
solubility,2816,minor,corrected,state
solubility,2817,minor,corrected,state
solubility,2818,minor,corrected,state
solubility,2819,minor,corrected,state
solubility,2820,minor,corrected,state
solubility,2821,minor,corrected,state
solubility,2822,correct,corrected,
solubility,2823,correct,corrected,
solubility,2824,correct,corrected,
solubility,2825,correct,corrected,
solubility,2826,correct,corrected,
solubility,2827,correct,corrected,
solubility,2828,correct,corrected,
solubility,2829,correct,corrected,
solubility,2830,minor,corrected,transcription
solubility,2831,minor,corrected,transcription
solubility,2832,minor,corrected,transcription
solubility,2833,minor,corrected,transcription
solubility,2834,minor,corrected,transcription
solubility,2835,minor,corrected,transcription
solubility,2836,minor,corrected,transcription
solubility,2837,minor,corrected,transcription
solubility,2838,minor,corrected,transcription
solubility,2839,minor,corrected,transcription
solubility,2840,minor,corrected,transcription
solubility,2841,minor,corrected,transcription
solubility,2842,minor,corrected,transcription
solubility,2843,minor,corrected,transcription
solubility,2844,minor,corrected,transcription
solubility,2845,minor,corrected,transcription
solubility,2846,minor,corrected,transcription
solubility,2847,minor,corrected,transcription
solubility,2848,minor,corrected,transcription
solubility,2849,minor,corrected,transcription
solubility,2850,minor,corrected,transcription
solubility,2851,minor,corrected,transcription
solubility,2852,minor,corrected,transcription
solubility,2853,minor,corrected,transcription
solubility,2854,minor,corrected,state
solubility,2855,minor,corrected,conversion
solubility,2856,minor,corrected,state
solubility,2857,minor,corrected,conversion
solubility,2858,minor,corrected,state
solubility,2859,minor,corrected,conversion
solubility,2860,minor,corrected,state
solubility,2861,minor,corrected,conversion
solubility,2862,minor,corrected,state
solubility,2863,minor,corrected,conversion
solubility,2864,minor,corrected,state
solubility,2865,minor,corrected,conversion
solubility,2866,minor,corrected,state
solubility,2867,minor,corrected,conversion
solubility,2868,minor,corrected,state
solubility,2869,minor,corrected,conversion
solubility,2870,minor,corrected,state
solubility,2871,minor,corrected,conversion
solubility,2872,minor,corrected,state
solubility,2873,minor,corrected,conversion
solubility,2874,minor,corrected,state
solubility,2875,minor,corrected,conversion
solubility,2876,minor,corrected,state
solubility,2877,minor,corrected,conversion
solubility,2878,minor,corrected,state
solubility,2879,minor,corrected,state
solubility,2880,correct,corrected,
solubility,2881,correct,corrected,
solubility,2882,correct,corrected,
solubility,2883,correct,corrected,
solubility,2884,correct,corrected,
solubility,2885,correct,corrected,
solubility,2886,minor,corrected,state
solubility,2887,minor,corrected,state
solubility,2888,correct,corrected,
solubility,2889,correct,corrected,
solubility,2890,minor,corrected,state
solubility,2891,minor,corrected,state
solubility,2892,correct,corrected,
solubility,2893,correct,corrected,
solubility,2894,major,corrected,conversion
solubility,2895,major,corrected,conversion
solubility,2896,major,corrected,conversion
solubility,2897,major,corrected,conversion
solubility,2898,major,corrected,conversion
solubility,2899,major,corrected,conversion
solubility,2900,major,corrected,conversion
solubility,2901,major,corrected,conversion
solubility,2902,major,corrected,conversion
solubility,2903,major,corrected,conversion
solubility,2904,correct,corrected,
solubility,2905,correct,corrected,
solubility,2906,correct,corrected,
solubility,2907,correct,corrected,
solubility,2908,correct,corrected,
solubility,2909,correct,corrected,
solubility,2910,correct,corrected,
solubility,2911,correct,corrected,
solubility,2912,correct,corrected,
solubility,2913,correct,corrected,
solubility,2914,correct,corrected,
solubility,2915,correct,corrected,
solubility,2916,correct,corrected,
solubility,2917,correct,corrected,
solubility,2918,correct,corrected,
solubility,2919,correct,corrected,
solubility,2920,correct,corrected,
solubility,2921,correct,corrected,
solubility,2922,correct,corrected,
solubility,2923,correct,corrected,
solubility,2924,minor,corrected,T whole-K isotherm; nominal salt molality
solubility,2925,minor,corrected,T whole-K isotherm; nominal salt molality
solubility,2926,minor,corrected,T whole-K isotherm; nominal salt molality
solubility,2927,minor,corrected,T whole-K isotherm; nominal salt molality
solubility,2928,minor,corrected,T whole-K isotherm; nominal salt molality
solubility,2929,minor,corrected,T whole-K isotherm; nominal salt molality
solubility,2930,minor,corrected,T whole-K isotherm; nominal salt molality
solubility,2931,minor,corrected,T whole-K isotherm; nominal salt molality
solubility,2932,minor,corrected,T whole-K isotherm; nominal salt molality
solubility,2933,minor,corrected,T whole-K isotherm; nominal salt molality
solubility,2934,minor,corrected,T whole-K isotherm; nominal salt molality
solubility,2935,minor,corrected,T whole-K isotherm; nominal salt molality
solubility,2936,minor,corrected,T whole-K isotherm; nominal salt molality
solubility,2937,minor,corrected,T whole-K isotherm; nominal salt molality
solubility,2938,minor,corrected,T whole-K isotherm; nominal salt molality
solubility,2939,minor,corrected,T whole-K isotherm; nominal salt molality
solubility,2940,minor,corrected,T whole-K isotherm; nominal salt molality
solubility,2941,minor,corrected,T whole-K isotherm; nominal salt molality
solubility,2942,minor,corrected,T whole-K isotherm; nominal salt molality
solubility,2943,minor,corrected,T whole-K isotherm; nominal salt molality
solubility,2944,minor,corrected,T whole-K isotherm; nominal salt molality
solubility,2945,minor,corrected,T whole-K isotherm; nominal salt molality
solubility,2946,minor,corrected,T whole-K isotherm; nominal salt molality
solubility,2947,minor,corrected,T whole-K isotherm; nominal salt molality
solubility,2948,minor,corrected,T whole-K isotherm; nominal salt molality
solubility,2949,minor,corrected,T whole-K isotherm; nominal salt molality
solubility,2950,minor,corrected,T whole-K isotherm; nominal salt molality
solubility,2951,minor,corrected,T whole-K isotherm; nominal salt molality
solubility,2952,minor,corrected,state
solubility,2953,minor,corrected,conversion
solubility,2954,minor,corrected,state
solubility,2955,minor,corrected,conversion
solubility,2956,minor,corrected,state
solubility,2957,minor,corrected,conversion
solubility,2958,minor,corrected,state
solubility,2959,minor,corrected,conversion
solubility,2960,minor,corrected,state
solubility,2961,minor,corrected,conversion
solubility,2962,minor,corrected,state
solubility,2963,minor,corrected,conversion
solubility,2964,minor,corrected,state
solubility,2965,minor,corrected,conversion
solubility,2966,minor,corrected,state
solubility,2967,minor,corrected,conversion
solubility,2968,minor,corrected,state
solubility,2969,minor,corrected,conversion
solubility,2970,minor,corrected,state
solubility,2971,minor,corrected,conversion
solubility,2972,minor,corrected,state
solubility,2973,minor,corrected,conversion
solubility,2974,minor,corrected,state
solubility,2975,minor,corrected,conversion
solubility,2976,minor,corrected,state
solubility,2977,minor,corrected,conversion
solubility,2978,minor,corrected,state
solubility,2979,minor,corrected,conversion
solubility,2980,minor,corrected,state
solubility,2981,minor,corrected,conversion
solubility,2982,minor,corrected,state
solubility,2983,minor,corrected,conversion
solubility,2984,minor,corrected,state
solubility,2985,minor,corrected,conversion
solubility,2986,minor,corrected,state
solubility,2987,minor,corrected,conversion
solubility,2988,minor,corrected,state
solubility,2989,minor,corrected,conversion
solubility,2990,minor,corrected,state
solubility,2991,minor,corrected,conversion
solubility,2992,minor,corrected,state
solubility,2993,minor,corrected,conversion
solubility,2994,minor,corrected,state
solubility,2995,minor,corrected,conversion
solubility,2996,minor,corrected,state
solubility,2997,minor,corrected,conversion
solubility,2998,minor,corrected,state
solubility,2999,minor,corrected,conversion
solubility,3000,major,corrected,conversion
solubility,3001,major,corrected,conversion
solubility,3002,major,corrected,conversion
solubility,3003,major,corrected,conversion
solubility,3004,major,corrected,conversion
solubility,3005,major,corrected,conversion
solubility,3006,major,corrected,conversion
solubility,3007,major,corrected,conversion
solubility,3008,minor,corrected,state
solubility,3009,minor,corrected,state
solubility,3010,minor,corrected,state
solubility,3011,minor,corrected,state
solubility,3012,minor,corrected,state
solubility,3013,minor,corrected,state
solubility,3014,minor,corrected,state
solubility,3015,minor,corrected,state
solubility,3016,minor,corrected,state
solubility,3017,minor,corrected,state
solubility,3018,minor,corrected,state
solubility,3019,minor,corrected,state
solubility,3020,minor,corrected,state
solubility,3021,minor,corrected,state
solubility,3022,minor,corrected,state
solubility,3023,minor,corrected,state
solubility,3024,minor,corrected,state
solubility,3025,minor,corrected,state
solubility,3026,minor,corrected,state
solubility,3027,minor,corrected,state
solubility,3028,minor,corrected,state
solubility,3029,minor,corrected,state
solubility,3030,minor,corrected,state
solubility,3031,minor,corrected,state
solubility,3032,minor,corrected,state
solubility,3033,minor,corrected,state
solubility,3034,minor,corrected,state
solubility,3035,minor,corrected,state
solubility,3036,major,corrected,transcription
solubility,3037,minor,corrected,state
solubility,3038,minor,corrected,conversion
solubility,3039,minor,corrected,conversion
solubility,3040,minor,corrected,conversion
solubility,3041,minor,corrected,conversion
solubility,3042,minor,corrected,conversion
solubility,3043,minor,corrected,conversion
solubility,3044,minor,corrected,conversion
solubility,3045,minor,corrected,conversion
solubility,3046,minor,corrected,conversion
solubility,3047,minor,corrected,conversion
solubility,3048,minor,corrected,conversion
solubility,3049,minor,corrected,conversion
solubility,3050,minor,corrected,conversion
solubility,3051,minor,corrected,conversion
solubility,3052,minor,corrected,conversion
solubility,3053,minor,corrected,conversion
solubility,3054,minor,corrected,conversion
solubility,3055,minor,corrected,conversion
solubility,3056,minor,corrected,conversion
solubility,3057,minor,corrected,conversion
solubility,3058,minor,corrected,conversion
solubility,3059,minor,corrected,conversion
solubility,3060,minor,corrected,conversion
solubility,3061,minor,corrected,conversion
solubility,3062,minor,corrected,state
solubility,3063,minor,corrected,state
solubility,3064,minor,corrected,state
solubility,3065,minor,corrected,state
solubility,3066,minor,corrected,state
solubility,3067,minor,corrected,state
solubility,3068,minor,corrected,state
solubility,3069,minor,corrected,state
solubility,3070,minor,corrected,state
solubility,3071,minor,corrected,state
solubility,3072,minor,corrected,state
solubility,3073,minor,corrected,state
solubility,3074,minor,corrected,state
solubility,3075,minor,corrected,state
solubility,3076,minor,corrected,state
solubility,3077,minor,corrected,state
solubility,3078,minor,corrected,state
solubility,3079,minor,corrected,state
solubility,3080,minor,corrected,state
solubility,3081,minor,corrected,state
solubility,3082,minor,corrected,state
solubility,3083,minor,corrected,state
solubility,3084,minor,corrected,state
solubility,3085,minor,corrected,state
solubility,3086,minor,corrected,state
solubility,3087,minor,corrected,state
solubility,3088,minor,corrected,state
solubility,3089,minor,corrected,conversion
solubility,3090,minor,corrected,conversion
solubility,3091,minor,corrected,conversion
solubility,3092,minor,corrected,conversion
solubility,3093,minor,corrected,conversion
solubility,3094,minor,corrected,conversion
solubility,3095,minor,corrected,conversion
solubility,3096,minor,corrected,conversion
solubility,3097,minor,corrected,conversion
solubility,3098,minor,corrected,conversion
solubility,3099,minor,corrected,conversion
solubility,3100,minor,corrected,conversion
solubility,3101,minor,corrected,conversion
solubility,3102,minor,corrected,conversion
solubility,3103,minor,corrected,conversion
solubility,3104,minor,corrected,conversion
solubility,3105,minor,corrected,conversion
solubility,3106,minor,corrected,conversion
solubility,3107,minor,corrected,conversion
solubility,3108,minor,corrected,conversion
solubility,3109,minor,corrected,state
solubility,3110,minor,corrected,state
solubility,3111,minor,corrected,state
solubility,3112,minor,corrected,state
solubility,3113,minor,corrected,state
solubility,3114,minor,corrected,state
solubility,3115,minor,corrected,state
solubility,3116,minor,corrected,state
solubility,3117,minor,corrected,state
solubility,3118,minor,corrected,state
solubility,3119,minor,corrected,state
solubility,3120,minor,corrected,state
solubility,3121,minor,corrected,state
solubility,3122,minor,corrected,state
solubility,3123,minor,corrected,state
solubility,3124,minor,corrected,state
solubility,3125,minor,corrected,state
solubility,3126,minor,corrected,state
solubility,3127,minor,corrected,state
solubility,3128,minor,corrected,state
solubility,3129,minor,corrected,state
solubility,3130,minor,corrected,state
solubility,3131,minor,corrected,state
solubility,3132,minor,corrected,state
solubility,3133,major,corrected,transcription
solubility,3134,minor,corrected,conversion
solubility,3135,major,corrected,transcription
solubility,3136,major,corrected,transcription
solubility,3137,minor,corrected,conversion
solubility,3138,minor,corrected,conversion
solubility,3139,minor,corrected,conversion
solubility,3140,minor,corrected,conversion
solubility,3141,minor,corrected,conversion
solubility,3142,minor,corrected,conversion
solubility,3143,minor,corrected,conversion
solubility,3144,major,corrected,transcription
solubility,3145,minor,corrected,conversion
solubility,3146,minor,corrected,conversion
solubility,3147,minor,corrected,conversion
solubility,3148,minor,corrected,conversion
solubility,3149,minor,corrected,conversion
solubility,3150,minor,corrected,conversion
solubility,3151,minor,corrected,conversion
solubility,3152,minor,corrected,conversion
solubility,3153,minor,corrected,conversion
solubility,3154,minor,corrected,conversion
solubility,3155,minor,corrected,conversion
solubility,3156,minor,corrected,conversion
solubility,3157,minor,corrected,conversion
solubility,3158,minor,corrected,conversion
solubility,3159,minor,corrected,conversion
solubility,3160,minor,corrected,conversion
solubility,3161,minor,corrected,state
solubility,3162,minor,corrected,state
solubility,3163,minor,corrected,state
solubility,3164,minor,corrected,state
solubility,3165,minor,corrected,state
solubility,3166,minor,corrected,state
solubility,3167,minor,corrected,state
solubility,3168,minor,corrected,state
solubility,3169,minor,corrected,state
solubility,3170,minor,corrected,state
solubility,3171,minor,corrected,state
solubility,3172,minor,corrected,state
solubility,3173,minor,corrected,state
solubility,3174,minor,corrected,state
solubility,3175,minor,corrected,state
solubility,3176,minor,corrected,state
solubility,3177,minor,corrected,state
solubility,3178,minor,corrected,state
solubility,3179,minor,corrected,state
solubility,3180,minor,corrected,state
solubility,3181,minor,corrected,state
solubility,3182,minor,corrected,state
solubility,3183,minor,corrected,state
solubility,3184,minor,corrected,state
solubility,3185,minor,corrected,state
solubility,3186,minor,corrected,state
solubility,3187,minor,corrected,state
solubility,3188,minor,corrected,state
solubility,3189,minor,corrected,state
solubility,3190,minor,corrected,state
solubility,3191,minor,corrected,conversion
solubility,3192,minor,corrected,conversion
solubility,3193,minor,corrected,conversion
solubility,3194,minor,corrected,conversion
solubility,3195,minor,corrected,conversion
solubility,3196,minor,corrected,conversion
solubility,3197,minor,corrected,conversion
solubility,3198,minor,corrected,conversion
solubility,3199,minor,corrected,conversion
solubility,3200,minor,corrected,conversion
solubility,3201,minor,corrected,conversion
solubility,3202,minor,corrected,conversion
solubility,3203,minor,corrected,conversion
solubility,3204,minor,corrected,conversion
solubility,3205,minor,corrected,conversion
solubility,3206,minor,corrected,conversion
solubility,3207,minor,corrected,conversion
solubility,3208,minor,corrected,conversion
solubility,3209,minor,corrected,conversion
solubility,3210,minor,corrected,conversion
solubility,3211,minor,corrected,conversion
solubility,3212,minor,corrected,conversion
solubility,3213,minor,corrected,conversion
solubility,3214,minor,corrected,conversion
solubility,3215,correct,verified,
solubility,3216,correct,verified,
solubility,3217,correct,verified,
solubility,3218,correct,verified,
solubility,3219,correct,verified,
solubility,3220,correct,verified,
solubility,3221,correct,verified,
solubility,3222,correct,verified,
solubility,3223,correct,verified,
solubility,3224,correct,verified,
solubility,3225,correct,verified,
solubility,3226,major,corrected,state
solubility,3227,major,corrected,state
solubility,3228,major,corrected,state
solubility,3229,major,corrected,state
solubility,3230,major,corrected,state
solubility,3231,major,corrected,state
solubility,3232,minor,corrected,conversion
solubility,3233,minor,corrected,conversion
solubility,3234,minor,corrected,conversion
solubility,3235,minor,corrected,conversion
solubility,3236,minor,corrected,conversion
solubility,3237,minor,corrected,conversion
solubility,3238,minor,corrected,conversion
solubility,3239,minor,corrected,conversion
solubility,3240,minor,corrected,conversion
solubility,3241,minor,corrected,conversion
solubility,3242,minor,corrected,conversion
solubility,3243,major,corrected,transcription
solubility,3244,minor,corrected,conversion
solubility,3245,minor,corrected,conversion
solubility,3246,minor,corrected,conversion
solubility,3247,minor,corrected,conversion
solubility,3248,minor,corrected,conversion
solubility,3249,minor,corrected,conversion
solubility,3250,minor,corrected,conversion
solubility,3251,minor,corrected,conversion
solubility,3252,minor,corrected,conversion
solubility,3253,minor,corrected,conversion
solubility,3254,minor,corrected,conversion
solubility,3255,minor,corrected,conversion
solubility,3256,major,corrected,state
solubility,3257,major,corrected,state
solubility,3258,major,corrected,state
solubility,3259,major,corrected,state
solubility,3260,major,corrected,state
solubility,3261,major,corrected,state
solubility,3262,minor,corrected,conversion
solubility,3263,minor,corrected,conversion
solubility,3264,minor,corrected,conversion
solubility,3265,minor,corrected,conversion
solubility,3266,minor,corrected,conversion
solubility,3267,minor,corrected,conversion
solubility,3268,minor,corrected,conversion
solubility,3269,minor,corrected,conversion
solubility,3270,minor,corrected,conversion
solubility,3271,minor,corrected,conversion
solubility,3272,minor,corrected,conversion
solubility,3273,minor,corrected,conversion
solubility,3274,minor,corrected,conversion
solubility,3275,minor,corrected,conversion
solubility,3276,minor,corrected,conversion
solubility,3277,minor,corrected,conversion
solubility,3278,minor,corrected,conversion
solubility,3279,minor,corrected,conversion
solubility,3280,minor,corrected,conversion
solubility,3281,minor,corrected,conversion
solubility,3282,minor,corrected,conversion
solubility,3283,minor,corrected,conversion
solubility,3284,minor,corrected,conversion
solubility,3285,minor,corrected,conversion
solubility,3286,minor,corrected,state
solubility,3287,minor,corrected,state
solubility,3288,minor,corrected,state
solubility,3289,minor,corrected,state
solubility,3290,minor,corrected,state
solubility,3291,minor,corrected,state
solubility,3292,minor,corrected,state
solubility,3293,minor,corrected,state
solubility,3294,minor,corrected,state
solubility,3295,minor,corrected,state
solubility,3296,minor,corrected,state
solubility,3297,minor,corrected,state
solubility,3298,minor,corrected,state
solubility,3299,minor,corrected,state
solubility,3300,minor,corrected,state
solubility,3301,minor,corrected,state
solubility,3302,minor,corrected,state
solubility,3303,minor,corrected,state
solubility,3304,minor,corrected,state
solubility,3305,minor,corrected,state
solubility,3306,minor,corrected,state
solubility,3307,minor,corrected,state
solubility,3308,minor,corrected,state
solubility,3309,minor,corrected,state
solubility,3310,minor,corrected,state
solubility,3311,minor,corrected,state
solubility,3312,minor,corrected,state
solubility,3313,minor,corrected,state
solubility,3314,minor,corrected,conversion
solubility,3315,minor,corrected,conversion
solubility,3316,minor,corrected,conversion
solubility,3317,minor,corrected,conversion
solubility,3318,minor,corrected,conversion
solubility,3319,minor,corrected,conversion
solubility,3320,minor,corrected,conversion
solubility,3321,minor,corrected,conversion
solubility,3322,minor,corrected,conversion
solubility,3323,minor,corrected,conversion
solubility,3324,minor,corrected,conversion
solubility,3325,minor,corrected,conversion
solubility,3326,minor,corrected,conversion
solubility,3327,minor,corrected,conversion
solubility,3328,minor,corrected,conversion
solubility,3329,minor,corrected,conversion
solubility,3330,minor,corrected,conversion
solubility,3331,minor,corrected,conversion
solubility,3332,minor,corrected,conversion
solubility,3333,minor,corrected,conversion
solubility,3334,minor,corrected,conversion
solubility,3335,minor,corrected,conversion
solubility,3336,minor,corrected,conversion
solubility,3337,minor,corrected,conversion
solubility,3338,minor,corrected,state
solubility,3339,minor,corrected,state
solubility,3340,minor,corrected,state
solubility,3341,minor,corrected,state
solubility,3342,minor,corrected,state
solubility,3343,minor,corrected,state
solubility,3344,minor,corrected,state
solubility,3345,minor,corrected,state
solubility,3346,minor,corrected,state
solubility,3347,minor,corrected,state
solubility,3348,minor,corrected,state
solubility,3349,minor,corrected,state
solubility,3350,minor,corrected,state
solubility,3351,minor,corrected,state
solubility,3352,minor,corrected,state
solubility,3353,minor,corrected,state
solubility,3354,minor,corrected,state
solubility,3355,minor,corrected,state
solubility,3356,minor,corrected,state
solubility,3357,minor,corrected,state
solubility,3358,minor,corrected,state
solubility,3359,minor,corrected,state
solubility,3360,minor,corrected,state
solubility,3361,minor,corrected,state
solubility,3362,minor,corrected,state
solubility,3363,minor,corrected,state
solubility,3364,minor,corrected,state
solubility,3365,minor,corrected,state
solubility,3366,correct,verified,
solubility,3367,correct,verified,
solubility,3368,correct,verified,
solubility,3369,correct,verified,
solubility,3370,correct,verified,
solubility,3371,correct,verified,
solubility,3372,correct,verified,
solubility,3373,correct,verified,
solubility,3374,correct,verified,
solubility,3375,correct,verified,
solubility,3376,minor,corrected,state
solubility,3377,minor,corrected,state
solubility,3378,minor,corrected,state
solubility,3379,minor,corrected,state
solubility,3380,minor,corrected,state
solubility,3381,minor,corrected,state
solubility,3382,correct,verified,
solubility,3383,correct,verified,
solubility,3384,correct,verified,
solubility,3385,correct,verified,
solubility,3386,correct,verified,
solubility,3387,correct,verified,
solubility,3388,correct,verified,
solubility,3389,correct,verified,
solubility,3390,correct,verified,
solubility,3391,correct,verified,
solubility,3392,correct,verified,
solubility,3393,minor,corrected,conversion
solubility,3394,minor,corrected,conversion
solubility,3395,minor,corrected,conversion
solubility,3396,minor,corrected,conversion
solubility,3397,minor,corrected,conversion
solubility,3398,minor,corrected,conversion
solubility,3399,minor,corrected,conversion
solubility,3400,minor,corrected,conversion
solubility,3401,minor,corrected,conversion
solubility,3402,minor,corrected,conversion
solubility,3403,minor,corrected,conversion
solubility,3404,minor,corrected,conversion
solubility,3405,minor,corrected,conversion
solubility,3406,minor,corrected,conversion
solubility,3407,minor,corrected,conversion
solubility,3408,minor,corrected,conversion
solubility,3409,minor,corrected,conversion
solubility,3410,minor,corrected,conversion
solubility,3411,minor,corrected,conversion
solubility,3412,minor,corrected,conversion
solubility,3413,minor,corrected,conversion
solubility,3414,minor,corrected,conversion
solubility,3415,minor,corrected,conversion
solubility,3416,minor,corrected,conversion
solubility,3417,minor,corrected,state
solubility,3418,minor,corrected,state
solubility,3419,minor,corrected,state
solubility,3420,minor,corrected,state
solubility,3421,minor,corrected,state
solubility,3422,minor,corrected,state
solubility,3423,minor,corrected,conversion
solubility,3424,minor,corrected,conversion
solubility,3425,minor,corrected,conversion
solubility,3426,minor,corrected,conversion
solubility,3427,minor,corrected,conversion
solubility,3428,minor,corrected,conversion
solubility,3429,minor,corrected,conversion
solubility,3430,minor,corrected,conversion
solubility,3431,minor,corrected,conversion
solubility,3432,minor,corrected,conversion
solubility,3433,minor,corrected,conversion
solubility,3434,minor,corrected,conversion
solubility,3435,minor,corrected,conversion
solubility,3436,minor,corrected,conversion
solubility,3437,minor,corrected,conversion
solubility,3438,minor,corrected,conversion
solubility,3439,minor,corrected,conversion
solubility,3440,minor,corrected,conversion
solubility,3441,minor,corrected,conversion
solubility,3442,minor,corrected,conversion
solubility,3443,minor,corrected,conversion
solubility,3444,minor,corrected,conversion
solubility,3445,minor,corrected,conversion
solubility,3446,minor,corrected,conversion
solubility,3447,minor,corrected,conversion
solubility,3448,minor,corrected,conversion
solubility,3449,minor,corrected,conversion
solubility,3450,minor,corrected,conversion
solubility,3451,minor,corrected,conversion
solubility,3452,minor,corrected,conversion
solubility,3453,minor,corrected,conversion
solubility,3454,minor,corrected,conversion
solubility,3455,minor,corrected,conversion
solubility,3456,minor,corrected,conversion
solubility,3457,minor,corrected,conversion
solubility,3458,minor,corrected,conversion
solubility,3459,minor,corrected,conversion
solubility,3460,minor,corrected,conversion
solubility,3461,minor,corrected,conversion
solubility,3462,minor,corrected,conversion
solubility,3463,minor,corrected,conversion
solubility,3464,minor,corrected,conversion
solubility,3465,minor,corrected,conversion
solubility,3466,minor,corrected,conversion
solubility,3467,minor,corrected,conversion
solubility,3468,minor,corrected,conversion
solubility,3469,minor,corrected,conversion
solubility,3470,minor,corrected,conversion
solubility,3471,minor,corrected,conversion
solubility,3472,minor,corrected,conversion
solubility,3473,minor,corrected,conversion
solubility,3474,minor,corrected,conversion
solubility,3475,minor,corrected,conversion
solubility,3476,minor,corrected,conversion
solubility,3477,minor,corrected,conversion
solubility,3478,minor,corrected,conversion
solubility,3479,minor,corrected,conversion
solubility,3480,minor,corrected,conversion
solubility,3481,minor,corrected,conversion
solubility,3482,minor,corrected,conversion
solubility,3483,minor,corrected,conversion
solubility,3484,minor,corrected,conversion
solubility,3485,minor,corrected,conversion
solubility,3486,minor,corrected,conversion
solubility,3487,minor,corrected,conversion
solubility,3488,minor,corrected,conversion
solubility,3489,minor,corrected,conversion
solubility,3490,minor,corrected,conversion
solubility,3491,minor,corrected,conversion
solubility,3492,minor,corrected,conversion
solubility,3493,minor,corrected,conversion
solubility,3494,minor,corrected,conversion
solubility,3495,minor,corrected,conversion
solubility,3496,minor,corrected,conversion
solubility,3497,minor,corrected,conversion
solubility,3498,minor,corrected,conversion
solubility,3499,minor,corrected,conversion
solubility,3500,minor,corrected,conversion
solubility,3501,minor,corrected,conversion
solubility,3502,minor,corrected,conversion
solubility,3503,minor,corrected,conversion
solubility,3504,minor,corrected,conversion
solubility,3505,minor,corrected,conversion
solubility,3506,minor,corrected,conversion
solubility,3507,minor,corrected,conversion
solubility,3508,minor,corrected,conversion
solubility,3509,minor,corrected,conversion
solubility,3510,minor,corrected,conversion
solubility,3511,minor,corrected,conversion
solubility,3512,minor,corrected,conversion
solubility,3513,minor,corrected,conversion
solubility,3514,minor,corrected,conversion
solubility,3515,minor,corrected,conversion
solubility,3516,minor,corrected,conversion
solubility,3517,minor,corrected,conversion
solubility,3518,minor,corrected,conversion
solubility,3519,minor,corrected,conversion
solubility,3520,minor,corrected,conversion
solubility,3521,minor,corrected,conversion
solubility,3522,minor,corrected,conversion
solubility,3523,minor,corrected,conversion
solubility,3524,minor,corrected,conversion
solubility,3525,minor,corrected,conversion
solubility,3526,minor,corrected,conversion
solubility,3527,minor,corrected,conversion
solubility,3528,minor,corrected,conversion
solubility,3529,minor,corrected,conversion
solubility,3530,minor,corrected,conversion
solubility,3531,minor,corrected,conversion
solubility,3532,minor,corrected,conversion
solubility,3533,minor,corrected,conversion
solubility,3534,minor,corrected,conversion
solubility,3535,minor,corrected,conversion
solubility,3536,minor,corrected,conversion
solubility,3537,minor,corrected,conversion
solubility,3538,minor,corrected,conversion
solubility,3539,minor,corrected,conversion
solubility,3540,minor,corrected,conversion
solubility,3541,minor,corrected,conversion
solubility,3542,minor,corrected,conversion
solubility,3543,minor,corrected,conversion
solubility,3544,minor,corrected,conversion
solubility,3545,minor,corrected,conversion
solubility,3546,minor,corrected,conversion
solubility,3547,minor,corrected,conversion
solubility,3548,minor,corrected,conversion
solubility,3549,minor,corrected,conversion
solubility,3550,minor,corrected,conversion
solubility,3551,minor,corrected,conversion
solubility,3552,minor,corrected,conversion
solubility,3553,minor,corrected,conversion
solubility,3554,minor,corrected,conversion
solubility,3555,minor,corrected,conversion
solubility,3556,minor,corrected,conversion
solubility,3557,minor,corrected,conversion
solubility,3558,minor,corrected,conversion
solubility,3559,minor,corrected,conversion
solubility,3560,minor,corrected,conversion
solubility,3561,minor,corrected,conversion
solubility,3562,minor,corrected,conversion
solubility,3563,minor,corrected,conversion
solubility,3564,minor,corrected,conversion
solubility,3565,minor,corrected,conversion
solubility,3566,minor,corrected,conversion
solubility,3567,minor,corrected,conversion
solubility,3568,minor,corrected,conversion
solubility,3569,minor,corrected,conversion
solubility,3570,minor,corrected,conversion
solubility,3571,minor,corrected,conversion
solubility,3572,minor,corrected,conversion
solubility,3573,minor,corrected,conversion
solubility,3574,minor,corrected,conversion
solubility,3575,minor,corrected,conversion
solubility,3576,minor,corrected,conversion
solubility,3577,minor,corrected,conversion
solubility,3578,minor,corrected,conversion
solubility,3579,minor,corrected,conversion
solubility,3580,minor,corrected,conversion
solubility,3581,minor,corrected,conversion
solubility,3582,minor,corrected,conversion
solubility,3583,minor,corrected,conversion
solubility,3584,minor,corrected,conversion
solubility,3585,minor,corrected,conversion
solubility,3586,minor,corrected,conversion
solubility,3587,minor,corrected,conversion
solubility,3588,minor,corrected,conversion
solubility,3589,minor,corrected,conversion
solubility,3590,minor,corrected,conversion
solubility,3591,minor,corrected,conversion
solubility,3592,minor,corrected,conversion
solubility,3593,minor,corrected,conversion
solubility,3594,minor,corrected,conversion
solubility,3595,minor,corrected,conversion
solubility,3596,minor,corrected,conversion
solubility,3597,minor,corrected,conversion
solubility,3598,minor,corrected,conversion
solubility,3599,minor,corrected,conversion
solubility,3600,minor,corrected,conversion
solubility,3601,minor,corrected,conversion
solubility,3602,minor,corrected,conversion
solubility,3603,minor,corrected,conversion
solubility,3604,minor,corrected,conversion
solubility,3605,minor,corrected,conversion
solubility,3606,minor,corrected,conversion
solubility,3607,correct,verified,
solubility,3608,correct,verified,
solubility,3609,correct,verified,
solubility,3610,correct,verified,
solubility,3611,major,corrected,conversion
solubility,3612,major,corrected,conversion
solubility,3613,minor,corrected,conversion
solubility,3614,minor,corrected,conversion
solubility,3615,minor,corrected,conversion
solubility,3616,minor,corrected,conversion
solubility,3617,minor,corrected,conversion
solubility,3618,minor,corrected,conversion
solubility,3619,minor,corrected,conversion
solubility,3620,minor,corrected,conversion
solubility,3621,minor,corrected,conversion
solubility,3622,minor,corrected,conversion
solubility,3623,minor,corrected,conversion
solubility,3624,minor,corrected,conversion
solubility,3625,minor,corrected,conversion
solubility,3626,minor,corrected,conversion
solubility,3627,minor,corrected,conversion
solubility,3628,minor,corrected,conversion
solubility,3629,minor,corrected,conversion
solubility,3630,minor,corrected,conversion
solubility,3631,minor,corrected,conversion
solubility,3632,minor,corrected,conversion
solubility,3633,minor,corrected,conversion
solubility,3634,minor,corrected,conversion
solubility,3635,minor,corrected,conversion
solubility,3636,minor,corrected,conversion
solubility,3637,minor,corrected,conversion
solubility,3638,minor,corrected,conversion
solubility,3639,minor,corrected,conversion
solubility,3640,minor,corrected,conversion
solubility,3641,minor,corrected,conversion
solubility,3642,minor,corrected,conversion
solubility,3643,minor,corrected,conversion
solubility,3644,minor,corrected,conversion
solubility,3645,minor,corrected,conversion
solubility,3646,minor,corrected,conversion
solubility,3647,minor,corrected,conversion
solubility,3648,minor,corrected,conversion
solubility,3649,minor,corrected,conversion
solubility,3650,minor,corrected,conversion
solubility,3651,minor,corrected,conversion
solubility,3652,minor,corrected,conversion
solubility,3653,minor,corrected,conversion
solubility,3654,minor,corrected,conversion
solubility,3655,minor,corrected,conversion
solubility,3656,minor,corrected,conversion
solubility,3657,minor,corrected,conversion
solubility,3658,minor,corrected,conversion
solubility,3659,minor,corrected,conversion
solubility,3660,minor,corrected,conversion
solubility,3661,minor,corrected,conversion
solubility,3662,minor,corrected,conversion
solubility,3663,minor,corrected,conversion
solubility,3664,minor,corrected,conversion
solubility,3665,minor,corrected,conversion
solubility,3666,minor,corrected,conversion
solubility,3667,minor,corrected,transcription
solubility,3668,minor,corrected,transcription
solubility,3669,minor,corrected,transcription
solubility,3670,minor,corrected,transcription
solubility,3671,correct,verified,
solubility,3672,correct,verified,
solubility,3673,correct,verified,
solubility,3674,correct,verified,
solubility,3675,correct,verified,
solubility,3676,correct,verified,
solubility,3677,correct,verified,
solubility,3678,correct,verified,
solubility,3679,correct,verified,
solubility,3680,correct,verified,
solubility,3681,correct,verified,
solubility,3682,correct,verified,
solubility,3683,correct,verified,
solubility,3684,correct,verified,
solubility,3685,correct,verified,
solubility,3686,correct,verified,
solubility,3687,correct,verified,
solubility,3688,correct,verified,
solubility,3689,correct,verified,
solubility,3690,correct,verified,
solubility,3691,correct,verified,
solubility,3692,correct,verified,
solubility,3693,correct,verified,
solubility,3694,correct,verified,
solubility,3695,correct,verified,
solubility,3696,correct,verified,
solubility,3697,correct,verified,
solubility,3698,correct,verified,
solubility,3699,correct,verified,
solubility,3700,correct,verified,
solubility,3701,correct,verified,
solubility,3702,correct,verified,
solubility,3703,minor,corrected,conversion
solubility,3704,minor,corrected,conversion
solubility,3705,minor,corrected,conversion
solubility,3706,minor,corrected,conversion
solubility,3707,minor,corrected,conversion
solubility,3708,minor,corrected,conversion
solubility,3709,minor,corrected,conversion
solubility,3710,minor,corrected,conversion
solubility,3711,minor,corrected,conversion
solubility,3712,minor,corrected,conversion
solubility,3713,minor,corrected,conversion
solubility,3714,minor,corrected,conversion
solubility,3715,minor,corrected,conversion
solubility,3716,minor,corrected,conversion
solubility,3717,minor,corrected,conversion
solubility,3718,minor,corrected,conversion
solubility,3719,minor,corrected,conversion
solubility,3720,minor,corrected,conversion
solubility,3721,minor,corrected,conversion
solubility,3722,minor,corrected,conversion
solubility,3723,minor,corrected,conversion
solubility,3724,minor,corrected,conversion
solubility,3725,minor,corrected,conversion
solubility,3726,minor,corrected,conversion
solubility,3727,minor,corrected,conversion
solubility,3728,minor,corrected,conversion
solubility,3729,minor,corrected,conversion
solubility,3730,minor,corrected,conversion
solubility,3731,minor,corrected,conversion
solubility,3732,minor,corrected,conversion
solubility,3733,minor,corrected,conversion
solubility,3734,minor,corrected,conversion
solubility,3735,minor,corrected,conversion
solubility,3736,minor,corrected,conversion
solubility,3737,minor,corrected,conversion
solubility,3738,minor,corrected,conversion
solubility,3739,minor,corrected,conversion
solubility,3740,minor,corrected,conversion
solubility,3741,minor,corrected,conversion
solubility,3742,minor,corrected,conversion
solubility,3743,minor,corrected,conversion
solubility,3744,minor,corrected,conversion
solubility,3745,minor,corrected,conversion
solubility,3746,minor,corrected,conversion
solubility,3747,minor,corrected,conversion
solubility,3748,minor,corrected,conversion
solubility,3749,minor,corrected,conversion
solubility,3750,minor,corrected,conversion
solubility,3751,minor,corrected,conversion
solubility,3752,minor,corrected,conversion
solubility,3753,minor,corrected,conversion
solubility,3754,minor,corrected,conversion
solubility,3755,minor,corrected,conversion
solubility,3756,minor,corrected,conversion
solubility,3757,minor,corrected,conversion
solubility,3758,minor,corrected,conversion
solubility,3759,minor,corrected,conversion
solubility,3760,minor,corrected,conversion
solubility,3761,minor,corrected,conversion
solubility,3762,minor,corrected,conversion
solubility,3763,minor,corrected,conversion
solubility,3764,minor,corrected,conversion
solubility,3765,minor,corrected,conversion
solubility,3766,minor,corrected,conversion
solubility,3767,minor,corrected,conversion
solubility,3768,minor,corrected,conversion
solubility,3769,minor,corrected,conversion
solubility,3770,minor,corrected,conversion
solubility,3771,minor,corrected,conversion
solubility,3772,minor,corrected,conversion
solubility,3773,minor,corrected,conversion
solubility,3774,minor,corrected,conversion
solubility,3775,minor,corrected,conversion
solubility,3776,minor,corrected,conversion
solubility,3777,minor,corrected,conversion
solubility,3778,minor,corrected,conversion
solubility,3779,minor,corrected,conversion
solubility,3780,minor,corrected,conversion
solubility,3781,minor,corrected,conversion
solubility,3782,minor,corrected,conversion
solubility,3783,minor,corrected,conversion
solubility,3784,minor,corrected,conversion
solubility,3785,minor,corrected,conversion
solubility,3786,minor,corrected,conversion
solubility,3787,minor,corrected,conversion
solubility,3788,minor,corrected,conversion
solubility,3789,minor,corrected,conversion
solubility,3790,minor,corrected,conversion
solubility,3791,minor,corrected,conversion
solubility,3792,minor,corrected,conversion
solubility,3793,minor,corrected,conversion
solubility,3794,minor,corrected,conversion
solubility,3795,minor,corrected,conversion
solubility,3796,minor,corrected,conversion
solubility,3797,minor,corrected,conversion
solubility,3798,minor,corrected,conversion
solubility,3799,major,residual-difference,conversion
solubility,3800,major,residual-difference,conversion
solubility,3801,major,residual-difference,conversion
solubility,3802,major,residual-difference,conversion
solubility,3803,major,residual-difference,conversion
solubility,3804,major,residual-difference,conversion
solubility,3805,major,residual-difference,conversion
solubility,3806,major,residual-difference,conversion
solubility,3807,major,residual-difference,conversion
solubility,3808,major,residual-difference,conversion
solubility,3809,major,residual-difference,conversion
solubility,3810,major,residual-difference,conversion
solubility,3811,major,residual-difference,conversion
solubility,3812,major,residual-difference,conversion
solubility,3813,major,residual-difference,conversion
solubility,3814,major,residual-difference,conversion
solubility,3815,major,residual-difference,conversion
solubility,3816,major,residual-difference,conversion
solubility,3817,major,residual-difference,conversion
solubility,3818,major,residual-difference,conversion
solubility,3819,major,residual-difference,conversion
solubility,3820,major,residual-difference,conversion
solubility,3821,major,residual-difference,conversion
solubility,3822,major,residual-difference,conversion
solubility,3823,minor,residual-difference,conversion
solubility,3824,minor,residual-difference,conversion
solubility,3825,minor,residual-difference,conversion
solubility,3826,minor,residual-difference,conversion
solubility,3827,minor,residual-difference,conversion
solubility,3828,minor,residual-difference,conversion
solubility,3829,minor,residual-difference,conversion
solubility,3830,minor,residual-difference,conversion
solubility,3831,major,corrected,conversion
solubility,3832,major,corrected,conversion
solubility,3833,major,corrected,conversion
solubility,3834,major,corrected,conversion
solubility,3835,major,corrected,conversion
solubility,3836,major,corrected,conversion
solubility,3837,major,corrected,conversion
solubility,3838,major,corrected,conversion
solubility,3839,major,corrected,conversion
solubility,3840,major,corrected,conversion
solubility,3841,major,corrected,conversion
solubility,3842,major,corrected,conversion
solubility,3843,minor,corrected,transcription
solubility,3844,minor,corrected,transcription
solubility,3845,minor,corrected,transcription
solubility,3846,minor,corrected,transcription
solubility,3847,minor,corrected,transcription
solubility,3848,minor,corrected,transcription
solubility,3849,minor,corrected,transcription
solubility,3850,minor,corrected,transcription
solubility,3851,minor,corrected,transcription
solubility,3852,minor,corrected,transcription
solubility,3853,correct,corrected,
solubility,3854,correct,corrected,
solubility,3855,correct,corrected,
solubility,3856,correct,corrected,
solubility,3857,correct,corrected,
solubility,3858,correct,corrected,
solubility,3859,correct,corrected,
solubility,3860,correct,corrected,
solubility,3861,correct,corrected,
solubility,3862,correct,corrected,
solubility,3863,correct,corrected,
solubility,3864,correct,corrected,
solubility,3865,correct,corrected,
solubility,3866,correct,corrected,
solubility,3867,correct,corrected,
solubility,3868,correct,corrected,
solubility,3869,minor,corrected,transcription
solubility,3870,minor,corrected,transcription
solubility,3871,correct,corrected,
solubility,3872,correct,corrected,
solubility,3873,minor,corrected,transcription
solubility,3874,minor,corrected,transcription
solubility,3875,minor,corrected,transcription
solubility,3876,minor,corrected,transcription
solubility,3877,minor,corrected,transcription
solubility,3878,minor,corrected,transcription
solubility,3879,minor,corrected,transcription
solubility,3880,minor,corrected,transcription
solubility,3881,correct,corrected,
solubility,3882,correct,corrected,
solubility,3883,minor,corrected,transcription
solubility,3884,minor,corrected,transcription
solubility,3885,minor,corrected,transcription
solubility,3886,minor,corrected,transcription
solubility,3887,minor,corrected,transcription
solubility,3888,minor,corrected,transcription
solubility,3889,correct,verified,
solubility,3890,correct,verified,
solubility,3891,correct,verified,
solubility,3892,correct,verified,
solubility,3893,correct,verified,
solubility,3894,correct,verified,
solubility,3895,correct,verified,
solubility,3896,correct,verified,
solubility,3897,correct,verified,
solubility,3898,correct,verified,
solubility,3899,correct,verified,
solubility,3900,correct,verified,
solubility,3901,correct,verified,
solubility,3902,correct,verified,
solubility,3903,correct,verified,
solubility,3904,correct,verified,
solubility,3905,minor,corrected,conversion
solubility,3906,minor,corrected,conversion
solubility,3907,minor,corrected,conversion
solubility,3908,minor,corrected,conversion
solubility,3909,minor,corrected,conversion
solubility,3910,minor,corrected,conversion
solubility,3911,minor,corrected,conversion
solubility,3912,minor,corrected,conversion
solubility,3913,minor,corrected,conversion
solubility,3914,minor,corrected,conversion
solubility,3915,minor,corrected,conversion
solubility,3916,minor,corrected,conversion
solubility,3917,minor,corrected,conversion
solubility,3918,minor,corrected,conversion
solubility,3919,minor,corrected,conversion
solubility,3920,minor,corrected,conversion
solubility,3921,minor,corrected,conversion
solubility,3922,minor,corrected,conversion
solubility,3923,minor,corrected,conversion
solubility,3924,minor,corrected,conversion
solubility,3925,minor,corrected,conversion
solubility,3926,minor,corrected,conversion
solubility,3927,minor,corrected,conversion
solubility,3928,minor,corrected,conversion
solubility,3929,minor,corrected,conversion
solubility,3930,minor,corrected,conversion
solubility,3931,minor,corrected,conversion
solubility,3932,minor,corrected,conversion
solubility,3933,minor,corrected,conversion
solubility,3934,minor,corrected,conversion
solubility,3935,minor,corrected,conversion
solubility,3936,minor,corrected,conversion
solubility,3937,minor,corrected,conversion
solubility,3938,minor,corrected,conversion
solubility,3939,minor,corrected,conversion
solubility,3940,minor,corrected,conversion
solubility,3941,minor,corrected,conversion
solubility,3942,minor,corrected,conversion
solubility,3943,minor,corrected,conversion
solubility,3944,minor,corrected,conversion
solubility,3945,minor,corrected,conversion
solubility,3946,minor,corrected,conversion
solubility,3947,minor,corrected,conversion
solubility,3948,minor,corrected,conversion
solubility,3949,minor,corrected,conversion
solubility,3950,minor,corrected,conversion
solubility,3951,minor,corrected,conversion
solubility,3952,minor,corrected,conversion
solubility,3953,major,residual-difference,conversion
solubility,3954,major,residual-difference,conversion
solubility,3955,major,residual-difference,conversion
solubility,3956,major,residual-difference,conversion
solubility,3957,major,residual-difference,conversion
solubility,3958,major,residual-difference,conversion
solubility,3959,major,residual-difference,conversion
solubility,3960,major,residual-difference,conversion
solubility,3961,major,residual-difference,conversion
solubility,3962,major,residual-difference,conversion
solubility,3963,major,residual-difference,conversion
solubility,3964,major,residual-difference,conversion
solubility,3965,major,residual-difference,conversion
solubility,3966,major,residual-difference,conversion
solubility,3967,major,residual-difference,conversion
solubility,3968,major,residual-difference,conversion
solubility,3969,major,residual-difference,conversion
solubility,3970,major,residual-difference,conversion
solubility,3971,major,residual-difference,conversion
solubility,3972,major,residual-difference,conversion
solubility,3973,major,residual-difference,conversion
solubility,3974,major,residual-difference,conversion
solubility,3975,major,residual-difference,conversion
solubility,3976,major,residual-difference,conversion
solubility,3977,minor,residual-difference,conversion
solubility,3978,minor,residual-difference,conversion
solubility,3979,minor,residual-difference,conversion
solubility,3980,minor,residual-difference,conversion
solubility,3981,minor,residual-difference,conversion
solubility,3982,minor,residual-difference,conversion
solubility,3983,minor,residual-difference,conversion
solubility,3984,minor,residual-difference,conversion
solubility,3985,correct,verified,
solubility,3986,correct,verified,
solubility,3987,correct,verified,
solubility,3988,correct,verified,
solubility,3989,correct,verified,
solubility,3990,correct,verified,
solubility,3991,correct,verified,
solubility,3992,correct,verified,
solubility,3993,correct,verified,
solubility,3994,correct,verified,
solubility,3995,correct,verified,
solubility,3996,correct,verified,
solubility,3997,major,residual-difference,conversion
solubility,3998,major,residual-difference,conversion
solubility,3999,major,residual-difference,conversion
solubility,4000,major,residual-difference,conversion
solubility,4001,major,residual-difference,conversion
solubility,4002,major,residual-difference,conversion
solubility,4003,major,residual-difference,conversion
solubility,4004,major,residual-difference,conversion
solubility,4005,major,residual-difference,conversion
solubility,4006,major,residual-difference,conversion
solubility,4007,major,residual-difference,conversion
solubility,4008,major,residual-difference,conversion
solubility,4009,major,residual-difference,conversion
solubility,4010,major,residual-difference,conversion
solubility,4011,major,residual-difference,conversion
solubility,4012,major,residual-difference,conversion
solubility,4013,major,residual-difference,conversion
solubility,4014,major,residual-difference,conversion
solubility,4015,major,residual-difference,conversion
solubility,4016,major,residual-difference,conversion
solubility,4017,major,residual-difference,conversion
solubility,4018,major,residual-difference,conversion
solubility,4019,major,residual-difference,conversion
solubility,4020,major,residual-difference,conversion
solubility,4021,minor,residual-difference,conversion
solubility,4022,minor,residual-difference,conversion
solubility,4023,minor,residual-difference,conversion
solubility,4024,minor,residual-difference,conversion
solubility,4025,minor,residual-difference,conversion
solubility,4026,minor,residual-difference,conversion
solubility,4027,minor,residual-difference,conversion
solubility,4028,minor,residual-difference,conversion
solubility,4029,major,corrected,conversion
solubility,4030,major,corrected,conversion
solubility,4031,major,corrected,conversion
solubility,4032,major,corrected,conversion
solubility,4033,major,corrected,conversion
solubility,4034,major,corrected,conversion
solubility,4035,major,corrected,conversion
solubility,4036,major,corrected,conversion
solubility,4037,minor,corrected,transcription
solubility,4038,minor,corrected,transcription
solubility,4039,minor,corrected,transcription
solubility,4040,minor,corrected,transcription
solubility,4041,minor,corrected,transcription
solubility,4042,minor,corrected,transcription
solubility,4043,minor,corrected,transcription
solubility,4044,minor,corrected,transcription
solubility,4045,minor,corrected,transcription
solubility,4046,minor,corrected,transcription
solubility,4047,minor,corrected,transcription
solubility,4048,minor,corrected,transcription
solubility,4049,minor,corrected,transcription
solubility,4050,minor,corrected,transcription
solubility,4051,minor,corrected,transcription
solubility,4052,minor,corrected,transcription
solubility,4053,minor,corrected,transcription
solubility,4054,minor,corrected,transcription
solubility,4055,minor,corrected,transcription
solubility,4056,minor,corrected,transcription
solubility,4057,minor,corrected,transcription
solubility,4058,minor,corrected,transcription
solubility,4059,minor,corrected,transcription
solubility,4060,minor,corrected,transcription
solubility,4061,minor,corrected,transcription
solubility,4062,minor,corrected,transcription
solubility,4063,minor,corrected,transcription
solubility,4064,minor,corrected,transcription
solubility,4065,major,residual-difference,conversion
solubility,4066,major,residual-difference,conversion
solubility,4067,major,residual-difference,conversion
solubility,4068,major,residual-difference,conversion
solubility,4069,major,residual-difference,conversion
solubility,4070,major,residual-difference,conversion
solubility,4071,major,residual-difference,conversion
solubility,4072,major,residual-difference,conversion
solubility,4073,major,residual-difference,conversion
solubility,4074,major,residual-difference,conversion
solubility,4075,major,residual-difference,conversion
solubility,4076,major,residual-difference,conversion
solubility,4077,major,residual-difference,conversion
solubility,4078,major,residual-difference,conversion
solubility,4079,major,residual-difference,conversion
solubility,4080,major,residual-difference,conversion
solubility,4081,major,residual-difference,conversion
solubility,4082,major,residual-difference,conversion
solubility,4083,major,residual-difference,conversion
solubility,4084,major,residual-difference,conversion
solubility,4085,major,residual-difference,conversion
solubility,4086,major,residual-difference,conversion
solubility,4087,major,residual-difference,conversion
solubility,4088,major,residual-difference,conversion
solubility,4089,minor,residual-difference,conversion
solubility,4090,minor,residual-difference,conversion
solubility,4091,minor,residual-difference,conversion
solubility,4092,minor,residual-difference,conversion
solubility,4093,minor,residual-difference,conversion
solubility,4094,minor,residual-difference,conversion
solubility,4095,minor,residual-difference,conversion
solubility,4096,minor,residual-difference,conversion
solubility,4097,minor,corrected,transcription
solubility,4098,minor,corrected,transcription
solubility,4099,minor,corrected,transcription
solubility,4100,minor,corrected,transcription
solubility,4101,major,corrected,conversion
solubility,4102,major,corrected,conversion
solubility,4103,major,corrected,conversion
solubility,4104,major,corrected,conversion
solubility,4105,major,corrected,conversion
solubility,4106,major,corrected,conversion
solubility,4107,major,corrected,conversion
solubility,4108,major,corrected,conversion
solubility,4109,major,corrected,conversion
solubility,4110,major,corrected,conversion
solubility,4111,major,corrected,conversion
solubility,4112,major,corrected,conversion
solubility,4113,major,corrected,conversion
solubility,4114,major,corrected,conversion
solubility,4115,correct,corrected,
solubility,4116,correct,corrected,
solubility,4117,correct,corrected,
solubility,4118,correct,corrected,
solubility,4119,correct,corrected,
solubility,4120,correct,corrected,
solubility,4121,correct,corrected,
solubility,4122,correct,corrected,
solubility,4123,correct,corrected,
solubility,4124,correct,corrected,
solubility,4125,correct,corrected,
solubility,4126,correct,corrected,
solubility,4127,correct,corrected,
solubility,4128,correct,corrected,
solubility,4129,correct,corrected,
solubility,4130,correct,corrected,
solubility,4131,correct,corrected,
solubility,4132,correct,corrected,
solubility,4133,correct,corrected,
solubility,4134,correct,corrected,
solubility,4135,correct,corrected,
solubility,4136,correct,corrected,
solubility,4137,correct,corrected,
solubility,4138,correct,corrected,
solubility,4139,correct,corrected,
solubility,4140,correct,corrected,
solubility,4141,correct,corrected,
solubility,4142,correct,corrected,
solubility,4143,correct,corrected,
solubility,4144,correct,corrected,
solubility,4145,correct,corrected,
solubility,4146,correct,corrected,
solubility,4147,minor,corrected,transcription
solubility,4148,minor,corrected,transcription
solubility,4149,minor,corrected,transcription
solubility,4150,minor,corrected,transcription
solubility,4151,minor,corrected,transcription
solubility,4152,minor,corrected,transcription
solubility,4153,correct,verified,
solubility,4154,correct,verified,
solubility,4155,correct,verified,
solubility,4156,correct,verified,
solubility,4157,correct,verified,
solubility,4158,correct,verified,
solubility,4159,correct,verified,
solubility,4160,correct,verified,
solubility,4161,correct,verified,
solubility,4162,correct,verified,
solubility,4163,correct,verified,
solubility,4164,correct,verified,
solubility,4165,correct,verified,
solubility,4166,correct,verified,
solubility,4167,correct,verified,
solubility,4168,correct,verified,
solubility,4169,major,corrected,conversion
solubility,4170,major,corrected,conversion
solubility,4171,major,corrected,conversion
solubility,4172,major,corrected,conversion
solubility,4173,major,corrected,conversion
solubility,4174,major,corrected,conversion
solubility,4175,major,corrected,conversion
solubility,4176,major,corrected,conversion
solubility,4177,major,corrected,conversion
solubility,4178,major,corrected,conversion
solubility,4179,major,corrected,conversion
solubility,4180,major,corrected,conversion
solubility,4181,correct,corrected,
solubility,4182,correct,corrected,
solubility,4183,correct,corrected,
solubility,4184,correct,corrected,
solubility,4185,correct,corrected,
solubility,4186,correct,corrected,
solubility,4187,correct,corrected,
solubility,4188,correct,corrected,
solubility,4189,correct,corrected,
solubility,4190,correct,corrected,
solubility,4191,correct,corrected,
solubility,4192,correct,corrected,
solubility,4193,correct,corrected,
solubility,4194,correct,corrected,
solubility,4195,correct,corrected,
solubility,4196,correct,corrected,
solubility,4197,correct,corrected,
solubility,4198,correct,corrected,
solubility,4199,correct,corrected,
solubility,4200,correct,corrected,
solubility,4201,correct,corrected,
solubility,4202,correct,corrected,
solubility,4203,correct,corrected,
solubility,4204,correct,corrected,
solubility,4205,correct,corrected,
solubility,4206,correct,corrected,
solubility,4207,correct,corrected,
solubility,4208,correct,corrected,
solubility,4209,correct,corrected,
solubility,4210,correct,corrected,
solubility,4211,correct,corrected,
solubility,4212,correct,corrected,
solubility,4213,minor,corrected,transcription
solubility,4214,minor,corrected,transcription
solubility,4215,minor,corrected,transcription
solubility,4216,minor,corrected,transcription
solubility,4217,minor,corrected,transcription
solubility,4218,minor,corrected,transcription
solubility,4219,correct,verified,
solubility,4220,correct,verified,
solubility,4221,correct,verified,
solubility,4222,correct,verified,
solubility,4223,correct,verified,
solubility,4224,correct,verified,
solubility,4225,correct,verified,
solubility,4226,correct,verified,
solubility,4227,correct,verified,
solubility,4228,correct,verified,
solubility,4229,correct,verified,
solubility,4230,correct,verified,
solubility,4231,correct,verified,
solubility,4232,correct,verified,
solubility,4233,correct,verified,
solubility,4234,correct,verified,
solubility,4235,correct,corrected,
solubility,4236,correct,corrected,
solubility,4237,correct,corrected,
solubility,4238,correct,corrected,
solubility,4239,correct,corrected,
solubility,4240,correct,corrected,
solubility,4241,correct,corrected,
solubility,4242,correct,corrected,
solubility,4243,correct,corrected,
solubility,4244,correct,corrected,
solubility,4245,minor,corrected,temperature
solubility,4246,minor,corrected,temperature
solubility,4247,minor,corrected,temperature
solubility,4248,minor,corrected,temperature
solubility,4249,minor,corrected,temperature
solubility,4250,minor,corrected,temperature
solubility,4251,minor,corrected,temperature
solubility,4252,minor,corrected,temperature
solubility,4253,minor,corrected,temperature
solubility,4254,minor,corrected,temperature
solubility,4255,minor,corrected,temperature
solubility,4256,minor,corrected,temperature
solubility,4257,correct,corrected,
solubility,4258,correct,corrected,
solubility,4259,correct,corrected,
solubility,4260,correct,corrected,
solubility,4261,correct,corrected,
solubility,4262,correct,corrected,
solubility,4263,correct,corrected,
solubility,4264,correct,corrected,
solubility,4265,correct,corrected,
solubility,4266,correct,corrected,
solubility,4267,correct,corrected,
solubility,4268,correct,corrected,
solubility,4269,correct,corrected,
solubility,4270,correct,corrected,
solubility,4271,correct,corrected,
solubility,4272,correct,corrected,
solubility,4273,correct,corrected,
solubility,4274,correct,corrected,
solubility,4275,correct,verified,
solubility,4276,correct,verified,
solubility,4277,correct,verified,
solubility,4278,correct,verified,
solubility,4279,correct,verified,
solubility,4280,correct,verified,
solubility,4281,correct,verified,
solubility,4282,correct,verified,
solubility,4283,correct,verified,
solubility,4284,correct,verified,
solubility,4285,correct,verified,
solubility,4286,correct,verified,
solubility,4287,correct,verified,
solubility,4288,correct,verified,
solubility,4289,minor,corrected,state
solubility,4290,minor,corrected,state
solubility,4291,minor,corrected,state
solubility,4292,minor,corrected,state
solubility,4293,minor,corrected,state
solubility,4294,minor,corrected,state
solubility,4295,minor,corrected,state
solubility,4296,minor,corrected,state
solubility,4297,minor,corrected,state
solubility,4298,minor,corrected,state
solubility,4299,minor,corrected,state
solubility,4300,minor,corrected,state
solubility,4301,minor,corrected,state
solubility,4302,minor,corrected,state
solubility,4303,minor,corrected,state
solubility,4304,minor,corrected,state
solubility,4305,correct,corrected,
solubility,4306,correct,corrected,
solubility,4307,correct,corrected,
solubility,4308,correct,corrected,
solubility,4309,correct,corrected,
solubility,4310,correct,corrected,
solubility,4311,correct,corrected,
solubility,4312,correct,corrected,
solubility,4313,minor,corrected,state
solubility,4314,minor,corrected,state
solubility,4315,minor,corrected,state
solubility,4316,minor,corrected,state
solubility,4317,minor,corrected,state
solubility,4318,minor,corrected,state
solubility,4319,minor,corrected,state
solubility,4320,minor,corrected,state
solubility,4321,minor,corrected,state
solubility,4322,minor,corrected,state
solubility,4323,correct,corrected,
solubility,4324,correct,corrected,
solubility,4325,correct,corrected,
solubility,4326,correct,corrected,
solubility,4327,correct,corrected,
solubility,4328,correct,corrected,
solubility,4329,correct,corrected,
solubility,4330,correct,corrected,
solubility,4331,correct,corrected,
solubility,4332,correct,corrected,
solubility,4333,correct,corrected,
solubility,4334,correct,corrected,
solubility,4335,minor,corrected,conversion
solubility,4336,minor,corrected,conversion
solubility,4337,minor,corrected,conversion
solubility,4338,minor,corrected,conversion
solubility,4339,minor,corrected,conversion
solubility,4340,minor,corrected,conversion
solubility,4341,minor,corrected,conversion
solubility,4342,minor,corrected,conversion
solubility,4343,minor,corrected,conversion
solubility,4344,minor,corrected,conversion
solubility,4345,minor,corrected,conversion
solubility,4346,minor,corrected,conversion
solubility,4347,minor,corrected,state
solubility,4348,minor,corrected,state
solubility,4349,minor,corrected,state
solubility,4350,minor,corrected,state
solubility,4351,minor,corrected,state
solubility,4352,minor,corrected,state
solubility,4353,minor,corrected,state
solubility,4354,minor,corrected,state
solubility,4355,minor,corrected,state
solubility,4356,minor,corrected,state
solubility,4357,minor,corrected,temperature
solubility,4358,minor,corrected,temperature
solubility,4359,minor,corrected,temperature
solubility,4360,minor,corrected,temperature
solubility,4361,minor,corrected,temperature
solubility,4362,minor,corrected,temperature
solubility,4363,minor,corrected,temperature
solubility,4364,minor,corrected,temperature
solubility,4365,minor,corrected,temperature
solubility,4366,minor,corrected,temperature
solubility,4367,minor,corrected,temperature
solubility,4368,minor,corrected,temperature
solubility,4369,minor,corrected,temperature
solubility,4370,minor,corrected,temperature
solubility,4371,correct,corrected,
solubility,4372,correct,corrected,
solubility,4373,correct,corrected,
solubility,4374,correct,corrected,
solubility,4375,correct,corrected,
solubility,4376,correct,corrected,
solubility,4377,correct,corrected,
solubility,4378,correct,corrected,
solubility,4379,correct,corrected,
solubility,4380,correct,corrected,
solubility,4381,major,corrected,transcription
solubility,4382,major,corrected,transcription
solubility,4383,major,corrected,transcription
solubility,4384,major,corrected,transcription
solubility,4385,major,corrected,transcription
solubility,4386,major,corrected,transcription
solubility,4387,major,corrected,transcription
solubility,4388,major,corrected,transcription
solubility,4389,major,corrected,transcription
solubility,4390,major,corrected,transcription
solubility,4391,minor,corrected,temperature
solubility,4392,minor,corrected,temperature
solubility,4393,minor,corrected,temperature
solubility,4394,minor,corrected,temperature
solubility,4395,minor,corrected,temperature
solubility,4396,minor,corrected,temperature
solubility,4397,minor,corrected,temperature
solubility,4398,minor,corrected,temperature
solubility,4399,minor,corrected,temperature
solubility,4400,minor,corrected,temperature
solubility,4401,minor,corrected,temperature
solubility,4402,minor,corrected,temperature
solubility,4403,minor,corrected,temperature
solubility,4404,minor,corrected,temperature
solubility,4405,minor,corrected,temperature
solubility,4406,minor,corrected,temperature
solubility,4407,minor,corrected,temperature
solubility,4408,minor,corrected,temperature
solubility,4409,correct,corrected,
solubility,4410,correct,corrected,
solubility,4411,correct,corrected,
solubility,4412,correct,corrected,
solubility,4413,correct,corrected,
solubility,4414,correct,corrected,
solubility,4415,correct,corrected,
solubility,4416,correct,corrected,
solubility,4417,correct,corrected,
solubility,4418,correct,corrected,
solubility,4419,correct,corrected,
solubility,4420,correct,corrected,
solubility,4421,correct,corrected,
solubility,4422,correct,corrected,
solubility,4423,correct,corrected,
solubility,4424,correct,corrected,
solubility,4425,minor,corrected,temperature
solubility,4426,minor,corrected,temperature
solubility,4427,minor,corrected,temperature
solubility,4428,minor,corrected,temperature
solubility,4429,minor,corrected,temperature
solubility,4430,minor,corrected,temperature
solubility,4431,minor,corrected,temperature
solubility,4432,minor,corrected,temperature
solubility,4433,minor,corrected,temperature
solubility,4434,minor,corrected,temperature
solubility,4435,minor,corrected,temperature
solubility,4436,minor,corrected,temperature
solubility,4437,minor,corrected,temperature
solubility,4438,minor,corrected,temperature
solubility,4439,minor,corrected,temperature
solubility,4440,minor,corrected,temperature
solubility,4441,minor,corrected,temperature
solubility,4442,minor,corrected,temperature
solubility,4443,minor,corrected,temperature
solubility,4444,minor,corrected,temperature
solubility,4445,minor,corrected,transcription
solubility,4446,minor,corrected,transcription
solubility,4447,minor,corrected,transcription
solubility,4448,minor,corrected,transcription
solubility,4449,minor,corrected,transcription
solubility,4450,minor,corrected,transcription
solubility,4451,minor,corrected,transcription
solubility,4452,minor,corrected,transcription
solubility,4453,minor,corrected,transcription
solubility,4454,minor,corrected,transcription
solubility,4455,minor,corrected,transcription
solubility,4456,minor,corrected,transcription
solubility,4457,minor,corrected,transcription
solubility,4458,minor,corrected,transcription
solubility,4459,minor,corrected,conversion
solubility,4460,minor,corrected,conversion
solubility,4461,minor,corrected,conversion
solubility,4462,minor,corrected,conversion
solubility,4463,minor,corrected,conversion
solubility,4464,minor,corrected,conversion
solubility,4465,minor,corrected,conversion
solubility,4466,minor,corrected,conversion
solubility,4467,minor,corrected,conversion
solubility,4468,minor,corrected,conversion
solubility,4469,minor,corrected,conversion
solubility,4470,minor,corrected,conversion
solubility,4471,minor,corrected,conversion
solubility,4472,minor,corrected,conversion
solubility,4473,minor,corrected,conversion
solubility,4474,minor,corrected,conversion
solubility,4475,minor,corrected,conversion
solubility,4476,minor,corrected,conversion
solubility,4477,minor,corrected,conversion
solubility,4478,minor,corrected,conversion
solubility,4479,minor,corrected,conversion
solubility,4480,minor,corrected,conversion
solubility,4481,minor,corrected,conversion
solubility,4482,minor,corrected,conversion
solubility,4483,minor,corrected,conversion
solubility,4484,minor,corrected,conversion
solubility,4485,minor,corrected,conversion
solubility,4486,minor,corrected,conversion
solubility,4487,minor,corrected,conversion
solubility,4488,minor,corrected,conversion
solubility,4489,minor,corrected,conversion
solubility,4490,minor,corrected,conversion
solubility,4491,minor,corrected,state
solubility,4492,minor,corrected,state
solubility,4493,minor,corrected,state
solubility,4494,minor,corrected,state
solubility,4495,minor,corrected,state
solubility,4496,minor,corrected,state
solubility,4497,minor,corrected,state
solubility,4498,minor,corrected,state
solubility,4499,minor,corrected,state
solubility,4500,minor,corrected,state
solubility,4501,minor,corrected,state
solubility,4502,minor,corrected,state
solubility,4503,minor,corrected,state
solubility,4504,minor,corrected,state
solubility,4505,minor,corrected,conversion
solubility,4506,minor,corrected,conversion
solubility,4507,minor,corrected,conversion
solubility,4508,minor,corrected,conversion
solubility,4509,minor,corrected,conversion
solubility,4510,minor,corrected,conversion
solubility,4511,correct,corrected,
solubility,4512,correct,corrected,
solubility,4513,major,corrected,transcription
solubility,4514,major,corrected,transcription
solubility,4515,correct,corrected,
solubility,4516,correct,corrected,
solubility,4517,correct,corrected,
solubility,4518,correct,corrected,
solubility,4519,correct,corrected,
solubility,4520,correct,corrected,
solubility,4521,correct,corrected,
solubility,4522,correct,corrected,
solubility,4523,correct,corrected,
solubility,4524,correct,corrected,
solubility,4525,correct,corrected,
solubility,4526,correct,corrected,
solubility,4527,minor,corrected,conversion
solubility,4528,minor,corrected,conversion
solubility,4529,minor,corrected,conversion
solubility,4530,minor,corrected,conversion
solubility,4531,minor,corrected,conversion
solubility,4532,minor,corrected,conversion
solubility,4533,minor,corrected,conversion
solubility,4534,minor,corrected,conversion
solubility,4535,minor,corrected,conversion
solubility,4536,minor,corrected,conversion
solubility,4537,minor,corrected,conversion
solubility,4538,minor,corrected,conversion
solubility,4539,minor,corrected,conversion
solubility,4540,minor,corrected,conversion
solubility,4541,minor,corrected,conversion
solubility,4542,minor,corrected,conversion
solubility,4543,minor,corrected,conversion
solubility,4544,minor,corrected,conversion
solubility,4545,minor,corrected,conversion
solubility,4546,minor,corrected,conversion
solubility,4547,correct,corrected,
solubility,4548,correct,corrected,
solubility,4549,correct,corrected,
solubility,4550,correct,corrected,
solubility,4551,correct,corrected,
solubility,4552,correct,corrected,
solubility,4553,correct,corrected,
solubility,4554,correct,corrected,
solubility,4555,correct,corrected,
solubility,4556,correct,corrected,
solubility,4557,correct,corrected,
solubility,4558,correct,corrected,
solubility,4559,correct,corrected,
solubility,4560,correct,corrected,
solubility,4561,correct,corrected,
solubility,4562,correct,corrected,
solubility,4563,minor,corrected,conversion
solubility,4564,minor,corrected,conversion
solubility,4565,minor,corrected,conversion
solubility,4566,minor,corrected,conversion
solubility,4567,minor,corrected,conversion
solubility,4568,minor,corrected,conversion
solubility,4569,minor,corrected,conversion
solubility,4570,minor,corrected,conversion
solubility,4571,minor,corrected,conversion
solubility,4572,minor,corrected,conversion
solubility,4573,minor,corrected,conversion
solubility,4574,minor,corrected,conversion
solubility,4575,minor,corrected,state
solubility,4576,minor,corrected,state
solubility,4577,minor,corrected,state
solubility,4578,minor,corrected,state
solubility,4579,minor,corrected,state
solubility,4580,minor,corrected,state
solubility,4581,minor,corrected,state
solubility,4582,minor,corrected,state
solubility,4583,minor,corrected,conversion
solubility,4584,minor,corrected,conversion
solubility,4585,minor,corrected,conversion
solubility,4586,minor,corrected,conversion
solubility,4587,minor,corrected,conversion
solubility,4588,minor,corrected,conversion
solubility,4589,minor,corrected,conversion
solubility,4590,minor,corrected,conversion
solubility,4591,minor,corrected,conversion
solubility,4592,minor,corrected,conversion
solubility,4593,minor,corrected,conversion
solubility,4594,minor,corrected,conversion
solubility,4595,minor,corrected,conversion
solubility,4596,minor,corrected,conversion
solubility,4597,major,corrected,transcription
solubility,4598,major,corrected,transcription
solubility,4599,major,corrected,transcription
solubility,4600,major,corrected,transcription
solubility,4601,minor,corrected,state
solubility,4602,minor,corrected,state
solubility,4603,minor,corrected,state
solubility,4604,minor,corrected,state
solubility,4605,minor,corrected,state
solubility,4606,minor,corrected,state
solubility,4607,minor,corrected,state
solubility,4608,minor,corrected,state
solubility,4609,minor,corrected,state
solubility,4610,minor,corrected,state
solubility,4611,correct,corrected,
solubility,4612,correct,corrected,
solubility,4613,correct,corrected,
solubility,4614,correct,corrected,
solubility,4615,correct,corrected,
solubility,4616,correct,corrected,
solubility,4617,correct,corrected,
solubility,4618,correct,corrected,
solubility,4619,correct,corrected,
solubility,4620,correct,corrected,
solubility,4621,correct,corrected,
solubility,4622,correct,corrected,
solubility,4623,correct,corrected,
solubility,4624,correct,corrected,
solubility,4625,correct,corrected,
solubility,4626,correct,corrected,
solubility,4627,minor,corrected,transcription
solubility,4628,minor,corrected,transcription
solubility,4629,minor,corrected,transcription
solubility,4630,minor,corrected,transcription
solubility,4631,minor,corrected,transcription
solubility,4632,minor,corrected,transcription
solubility,4633,minor,corrected,transcription
solubility,4634,minor,corrected,transcription
solubility,4635,minor,corrected,transcription
solubility,4636,minor,corrected,transcription
solubility,4637,minor,corrected,transcription
solubility,4638,minor,corrected,transcription
solubility,4639,minor,corrected,conversion
solubility,4640,minor,corrected,conversion
solubility,4641,minor,corrected,conversion
solubility,4642,minor,corrected,conversion
solubility,4643,minor,corrected,conversion
solubility,4644,minor,corrected,conversion
solubility,4645,minor,corrected,conversion
solubility,4646,minor,corrected,conversion
solubility,4647,minor,corrected,conversion
solubility,4648,minor,corrected,conversion
solubility,4649,minor,corrected,conversion
solubility,4650,minor,corrected,conversion
solubility,4651,major,corrected,state
solubility,4652,major,corrected,state
solubility,4653,major,corrected,state
solubility,4654,major,corrected,state
solubility,4655,major,corrected,state
solubility,4656,major,corrected,state
solubility,4657,major,corrected,state
solubility,4658,major,corrected,state
solubility,4659,major,corrected,state
solubility,4660,major,corrected,state
solubility,4661,correct,corrected,
solubility,4662,correct,corrected,
solubility,4663,correct,corrected,
solubility,4664,correct,corrected,
solubility,4665,correct,corrected,
solubility,4666,correct,corrected,
solubility,4667,correct,corrected,
solubility,4668,correct,corrected,
solubility,4669,correct,corrected,
solubility,4670,correct,corrected,
solubility,4671,correct,corrected,
solubility,4672,correct,corrected,
solubility,4673,correct,corrected,
solubility,4674,correct,corrected,
solubility,4675,correct,corrected,
solubility,4676,correct,corrected,
solubility,4677,correct,corrected,
solubility,4678,correct,corrected,
solubility,4679,correct,corrected,
solubility,4680,correct,corrected,
solubility,4681,correct,corrected,
solubility,4682,correct,corrected,
solubility,4683,correct,corrected,
solubility,4684,correct,corrected,
solubility,4685,correct,corrected,
solubility,4686,correct,corrected,
solubility,4687,correct,corrected,
solubility,4688,correct,corrected,
solubility,4689,correct,corrected,
solubility,4690,correct,corrected,
solubility,4691,minor,corrected,conversion
solubility,4692,minor,corrected,conversion
solubility,4693,minor,corrected,conversion
solubility,4694,minor,corrected,conversion
solubility,4695,minor,corrected,conversion
solubility,4696,minor,corrected,conversion
solubility,4697,minor,corrected,conversion
solubility,4698,minor,corrected,conversion
solubility,4699,minor,corrected,conversion
solubility,4700,minor,corrected,conversion
solubility,4701,minor,corrected,conversion
solubility,4702,minor,corrected,conversion
solubility,4703,minor,corrected,conversion
solubility,4704,minor,corrected,conversion
solubility,4705,minor,corrected,conversion
solubility,4706,minor,corrected,conversion
solubility,4707,minor,corrected,conversion
solubility,4708,minor,corrected,conversion
solubility,4709,minor,corrected,conversion
solubility,4710,minor,corrected,conversion
solubility,4711,minor,corrected,conversion
solubility,4712,minor,corrected,conversion
solubility,4713,minor,corrected,conversion
solubility,4714,minor,corrected,conversion
solubility,4715,minor,corrected,conversion
solubility,4716,minor,corrected,conversion
solubility,4717,minor,corrected,conversion
solubility,4718,minor,corrected,conversion
solubility,4719,minor,corrected,conversion
solubility,4720,minor,corrected,conversion
solubility,4721,minor,residual-difference,transcription
solubility,4722,minor,residual-difference,transcription
solubility,4723,minor,corrected,state
solubility,4724,minor,corrected,state
solubility,4725,minor,corrected,state
solubility,4726,minor,corrected,state
solubility,4727,minor,corrected,state
solubility,4728,minor,corrected,state
solubility,4729,minor,corrected,state
solubility,4730,minor,corrected,state
solubility,4731,minor,corrected,transcription
solubility,4732,minor,corrected,transcription
solubility,4733,minor,corrected,transcription
solubility,4734,minor,corrected,transcription
solubility,4735,minor,corrected,transcription
solubility,4736,minor,corrected,transcription
solubility,4737,minor,corrected,transcription
solubility,4738,minor,corrected,transcription
solubility,4739,minor,corrected,transcription
solubility,4740,minor,corrected,transcription
solubility,4741,minor,corrected,transcription
solubility,4742,minor,corrected,transcription
solubility,4743,minor,corrected,transcription
solubility,4744,minor,corrected,transcription
solubility,4745,correct,corrected,
solubility,4746,correct,corrected,
solubility,4747,correct,corrected,
solubility,4748,correct,corrected,
solubility,4749,correct,corrected,
solubility,4750,correct,corrected,
solubility,4751,correct,corrected,
solubility,4752,correct,corrected,
solubility,4753,correct,corrected,
solubility,4754,correct,corrected,
solubility,4755,correct,corrected,
solubility,4756,correct,corrected,
solubility,4757,correct,corrected,
solubility,4758,correct,corrected,
solubility,4759,correct,corrected,
solubility,4760,correct,corrected,
solubility,4761,minor,corrected,transcription
solubility,4762,minor,corrected,transcription
solubility,4763,minor,corrected,transcription
solubility,4764,minor,corrected,transcription
solubility,4765,minor,corrected,transcription
solubility,4766,minor,corrected,transcription
solubility,4767,minor,corrected,transcription
solubility,4768,minor,corrected,transcription
solubility,4769,minor,corrected,transcription
solubility,4770,minor,corrected,transcription
solubility,4771,minor,corrected,transcription
solubility,4772,minor,corrected,transcription
solubility,4773,minor,corrected,transcription
solubility,4774,minor,corrected,transcription
solubility,4775,correct,corrected,
solubility,4776,correct,corrected,
solubility,4777,correct,corrected,
solubility,4778,correct,corrected,
solubility,4779,correct,corrected,
solubility,4780,correct,corrected,
solubility,4781,correct,corrected,
solubility,4782,correct,corrected,
solubility,4783,correct,corrected,
solubility,4784,correct,corrected,
solubility,4785,correct,corrected,
solubility,4786,correct,corrected,
solubility,4787,correct,corrected,
solubility,4788,correct,corrected,
solubility,4789,correct,corrected,
solubility,4790,correct,corrected,
solubility,4791,correct,corrected,
solubility,4792,correct,corrected,
solubility,4793,correct,corrected,
solubility,4794,correct,corrected,
solubility,4795,correct,corrected,
solubility,4796,correct,corrected,
solubility,4797,correct,corrected,
solubility,4798,correct,corrected,
solubility,4799,correct,corrected,
solubility,4800,correct,corrected,
solubility,4801,correct,corrected,
solubility,4802,correct,corrected,
solubility,4803,correct,corrected,
solubility,4804,correct,corrected,
solubility,4805,correct,verified,
solubility,4806,correct,verified,
solubility,4807,correct,verified,
solubility,4808,correct,verified,
solubility,4809,correct,verified,
solubility,4810,correct,verified,
solubility,4811,major,corrected,state
solubility,4812,major,corrected,state
solubility,4813,major,corrected,state
solubility,4814,major,corrected,state
solubility,4815,minor,corrected,conversion
solubility,4816,minor,corrected,conversion
solubility,4817,minor,corrected,conversion
solubility,4818,minor,corrected,conversion
solubility,4819,minor,corrected,conversion
solubility,4820,minor,corrected,conversion
solubility,4821,minor,corrected,conversion
solubility,4822,minor,corrected,conversion
solubility,4823,minor,corrected,conversion
solubility,4824,minor,corrected,conversion
solubility,4825,minor,corrected,conversion
solubility,4826,minor,corrected,conversion
solubility,4827,minor,corrected,conversion
solubility,4828,minor,corrected,conversion
solubility,4829,minor,corrected,conversion
solubility,4830,minor,corrected,conversion
solubility,4831,minor,corrected,conversion
solubility,4832,minor,corrected,conversion
solubility,4833,minor,corrected,conversion
solubility,4834,minor,corrected,conversion
solubility,4835,minor,corrected,conversion
solubility,4836,minor,corrected,conversion
solubility,4837,minor,corrected,conversion
solubility,4838,minor,corrected,conversion
solubility,4839,minor,corrected,conversion
solubility,4840,minor,corrected,conversion
solubility,4841,minor,corrected,conversion
solubility,4842,minor,corrected,conversion
solubility,4843,minor,corrected,conversion
solubility,4844,minor,corrected,conversion
solubility,4845,minor,corrected,conversion
solubility,4846,minor,corrected,conversion
solubility,4847,minor,corrected,conversion
solubility,4848,minor,corrected,conversion
solubility,4849,minor,corrected,conversion
solubility,4850,minor,corrected,conversion
solubility,4851,minor,corrected,conversion
solubility,4852,minor,corrected,conversion
solubility,4853,minor,corrected,conversion
solubility,4854,minor,corrected,conversion
solubility,4855,minor,corrected,conversion
solubility,4856,minor,corrected,conversion
solubility,4857,minor,corrected,state
solubility,4858,minor,corrected,state
solubility,4859,minor,corrected,state
solubility,4860,minor,corrected,state
solubility,4861,minor,corrected,state
solubility,4862,minor,corrected,state
solubility,4863,minor,corrected,state
solubility,4864,minor,corrected,state
solubility,4865,minor,corrected,transcription
solubility,4866,minor,corrected,transcription
solubility,4867,minor,corrected,transcription
solubility,4868,minor,corrected,transcription
solubility,4869,minor,corrected,transcription
solubility,4870,minor,corrected,transcription
solubility,4871,minor,corrected,transcription
solubility,4872,minor,corrected,transcription
solubility,4873,minor,corrected,transcription
solubility,4874,minor,corrected,transcription
solubility,4875,minor,corrected,transcription
solubility,4876,minor,corrected,transcription
solubility,4877,minor,corrected,transcription
solubility,4878,minor,corrected,transcription
solubility,4879,correct,corrected,
solubility,4880,correct,corrected,
solubility,4881,correct,corrected,
solubility,4882,correct,corrected,
solubility,4883,correct,corrected,
solubility,4884,correct,corrected,
solubility,4885,correct,corrected,
solubility,4886,correct,corrected,
solubility,4887,correct,corrected,
solubility,4888,correct,corrected,
solubility,4889,correct,corrected,
solubility,4890,correct,corrected,
solubility,4891,correct,corrected,
solubility,4892,correct,corrected,
solubility,4893,correct,corrected,
solubility,4894,correct,corrected,
solubility,4895,minor,corrected,conversion
solubility,4896,minor,corrected,conversion
solubility,4897,minor,corrected,conversion
solubility,4898,minor,corrected,conversion
solubility,4899,minor,corrected,conversion
solubility,4900,minor,corrected,conversion
solubility,4901,minor,corrected,conversion
solubility,4902,minor,corrected,conversion
solubility,4903,minor,corrected,conversion
solubility,4904,minor,corrected,conversion
solubility,4905,minor,corrected,conversion
solubility,4906,minor,corrected,conversion
solubility,4907,minor,corrected,transcription
solubility,4908,minor,corrected,transcription
solubility,4909,minor,corrected,transcription
solubility,4910,minor,corrected,transcription
solubility,4911,minor,corrected,transcription
solubility,4912,minor,corrected,transcription
solubility,4913,minor,corrected,transcription
solubility,4914,minor,corrected,transcription
solubility,4915,minor,corrected,transcription
solubility,4916,minor,corrected,transcription
solubility,4917,minor,corrected,transcription
solubility,4918,minor,corrected,transcription
solubility,4919,minor,corrected,transcription
solubility,4920,minor,corrected,transcription
solubility,4921,correct,corrected,
solubility,4922,correct,corrected,
solubility,4923,correct,corrected,
solubility,4924,correct,corrected,
solubility,4925,correct,corrected,
solubility,4926,correct,corrected,
solubility,4927,correct,corrected,
solubility,4928,correct,corrected,
solubility,4929,correct,corrected,
solubility,4930,correct,corrected,
solubility,4931,correct,corrected,
solubility,4932,correct,corrected,
solubility,4933,correct,corrected,
solubility,4934,correct,corrected,
solubility,4935,correct,corrected,
solubility,4936,correct,corrected,
solubility,4937,correct,corrected,
solubility,4938,correct,corrected,
solubility,4939,correct,corrected,
solubility,4940,correct,corrected,
solubility,4941,correct,corrected,
solubility,4942,correct,corrected,
solubility,4943,correct,corrected,
solubility,4944,correct,corrected,
solubility,4945,correct,corrected,
solubility,4946,correct,corrected,
solubility,4947,correct,corrected,
solubility,4948,correct,corrected,
solubility,4949,correct,corrected,
solubility,4950,correct,corrected,
solubility,4951,minor,corrected,conversion
solubility,4952,minor,corrected,conversion
solubility,4953,minor,corrected,conversion
solubility,4954,minor,corrected,conversion
solubility,4955,minor,corrected,conversion
solubility,4956,minor,corrected,conversion
solubility,4957,minor,corrected,conversion
solubility,4958,minor,corrected,conversion
solubility,4959,minor,corrected,conversion
solubility,4960,minor,corrected,conversion
solubility,4961,minor,corrected,conversion
solubility,4962,minor,corrected,conversion
solubility,4963,minor,corrected,conversion
solubility,4964,minor,corrected,conversion
solubility,4965,minor,corrected,conversion
solubility,4966,minor,corrected,conversion
solubility,4967,minor,corrected,conversion
solubility,4968,minor,corrected,conversion
solubility,4969,minor,corrected,conversion
solubility,4970,minor,corrected,conversion
solubility,4971,minor,corrected,conversion
solubility,4972,minor,corrected,conversion
solubility,4973,minor,corrected,conversion
solubility,4974,minor,corrected,conversion
solubility,4975,minor,corrected,conversion
solubility,4976,minor,corrected,conversion
solubility,4977,minor,corrected,conversion
solubility,4978,minor,corrected,conversion
solubility,4979,minor,corrected,conversion
solubility,4980,minor,corrected,conversion
solubility,4981,minor,corrected,transcription
solubility,4982,minor,corrected,transcription
solubility,4983,minor,corrected,transcription
solubility,4984,minor,corrected,transcription
solubility,4985,minor,corrected,transcription
solubility,4986,minor,corrected,transcription
solubility,4987,minor,corrected,transcription
solubility,4988,minor,corrected,transcription
solubility,4989,minor,corrected,transcription
solubility,4990,minor,corrected,transcription
solubility,4991,minor,corrected,transcription
solubility,4992,minor,corrected,transcription
solubility,4993,minor,corrected,transcription
solubility,4994,minor,corrected,transcription
solubility,4995,major,corrected,state
solubility,4996,major,corrected,state
solubility,4997,major,corrected,state
solubility,4998,major,corrected,state
solubility,4999,major,corrected,state
solubility,5000,major,corrected,state
solubility,5001,major,corrected,state
solubility,5002,major,corrected,state
solubility,5003,major,corrected,state
solubility,5004,major,corrected,state
solubility,5005,correct,corrected,
solubility,5006,correct,corrected,
solubility,5007,correct,corrected,
solubility,5008,correct,corrected,
solubility,5009,correct,corrected,
solubility,5010,correct,corrected,
solubility,5011,correct,corrected,
solubility,5012,correct,corrected,
solubility,5013,correct,corrected,
solubility,5014,correct,corrected,
solubility,5015,correct,corrected,
solubility,5016,correct,corrected,
solubility,5017,correct,corrected,
solubility,5018,correct,corrected,
solubility,5019,correct,corrected,
solubility,5020,correct,corrected,
solubility,5021,correct,corrected,
solubility,5022,correct,corrected,
solubility,5023,correct,corrected,
solubility,5024,correct,corrected,
solubility,5025,correct,corrected,
solubility,5026,correct,corrected,
solubility,5027,correct,corrected,
solubility,5028,correct,corrected,
solubility,5029,correct,corrected,
solubility,5030,correct,corrected,
solubility,5031,correct,corrected,
solubility,5032,correct,corrected,
solubility,5033,correct,corrected,
solubility,5034,correct,corrected,
solubility,5035,correct,corrected,
solubility,5036,correct,corrected,
solubility,5037,correct,corrected,
solubility,5038,correct,corrected,
solubility,5039,correct,corrected,
solubility,5040,correct,corrected,
solubility,5041,correct,corrected,
solubility,5042,correct,corrected,
solubility,5043,correct,corrected,
solubility,5044,correct,corrected,
solubility,5045,correct,corrected,
solubility,5046,correct,corrected,
solubility,5047,correct,corrected,
solubility,5048,correct,corrected,
solubility,5049,correct,corrected,
solubility,5050,correct,corrected,
solubility,5051,correct,corrected,
solubility,5052,correct,corrected,
solubility,5053,correct,corrected,
solubility,5054,correct,corrected,
solubility,5055,correct,corrected,
solubility,5056,correct,corrected,
solubility,5057,correct,corrected,
solubility,5058,correct,corrected,
solubility,5059,correct,corrected,
solubility,5060,correct,corrected,
solubility,5061,correct,corrected,
solubility,5062,correct,corrected,
solubility,5063,correct,corrected,
solubility,5064,correct,corrected,
solubility,5065,correct,corrected,
solubility,5066,correct,corrected,
solubility,5067,minor,corrected,conversion
solubility,5068,minor,corrected,conversion
solubility,5069,minor,corrected,conversion
solubility,5070,minor,corrected,conversion
solubility,5071,minor,corrected,conversion
solubility,5072,minor,corrected,conversion
solubility,5073,minor,corrected,conversion
solubility,5074,minor,corrected,conversion
solubility,5075,minor,corrected,conversion
solubility,5076,minor,corrected,conversion
solubility,5077,minor,corrected,conversion
solubility,5078,minor,corrected,conversion
solubility,5079,minor,corrected,conversion
solubility,5080,minor,corrected,conversion
solubility,5081,minor,corrected,conversion
solubility,5082,minor,corrected,conversion
solubility,5083,minor,corrected,conversion
solubility,5084,minor,corrected,conversion
solubility,5085,minor,corrected,conversion
solubility,5086,minor,corrected,conversion
solubility,5087,minor,corrected,conversion
solubility,5088,minor,corrected,conversion
solubility,5089,minor,corrected,conversion
solubility,5090,minor,corrected,conversion
solubility,5091,minor,corrected,conversion
solubility,5092,minor,corrected,conversion
solubility,5093,minor,corrected,conversion
solubility,5094,minor,corrected,conversion
solubility,5095,minor,corrected,conversion
solubility,5096,minor,corrected,conversion
solubility,5097,correct,corrected,
solubility,5098,correct,corrected,
solubility,5099,correct,corrected,
solubility,5100,correct,corrected,
solubility,5101,correct,corrected,
solubility,5102,correct,corrected,
solubility,5103,correct,corrected,
solubility,5104,correct,corrected,
solubility,5105,correct,corrected,
solubility,5106,correct,corrected,
solubility,5107,correct,corrected,
solubility,5108,correct,corrected,
solubility,5109,correct,corrected,
solubility,5110,correct,corrected,
solubility,5111,correct,corrected,
solubility,5112,correct,corrected,
solubility,5113,minor,corrected,conversion
solubility,5114,minor,corrected,conversion
solubility,5115,minor,corrected,conversion
solubility,5116,minor,corrected,conversion
solubility,5117,minor,corrected,conversion
solubility,5118,minor,corrected,conversion
solubility,5119,minor,corrected,conversion
solubility,5120,minor,corrected,conversion
solubility,5121,minor,corrected,conversion
solubility,5122,minor,corrected,conversion
solubility,5123,minor,corrected,conversion
solubility,5124,minor,corrected,conversion
solubility,5125,minor,corrected,conversion
solubility,5126,minor,corrected,conversion
solubility,5127,minor,corrected,conversion
solubility,5128,minor,corrected,conversion
solubility,5129,minor,corrected,conversion
solubility,5130,minor,corrected,conversion
solubility,5131,minor,corrected,conversion
solubility,5132,minor,corrected,conversion
solubility,5133,minor,corrected,conversion
solubility,5134,minor,corrected,conversion
solubility,5135,minor,corrected,conversion
solubility,5136,minor,corrected,conversion
solubility,5137,minor,corrected,conversion
solubility,5138,minor,corrected,conversion
solubility,5139,minor,corrected,conversion
solubility,5140,minor,corrected,conversion
solubility,5141,minor,corrected,conversion
solubility,5142,minor,corrected,conversion
solubility,5143,correct,corrected,
solubility,5144,correct,corrected,
solubility,5145,correct,corrected,
solubility,5146,correct,corrected,
solubility,5147,correct,corrected,
solubility,5148,correct,corrected,
solubility,5149,correct,corrected,
solubility,5150,correct,corrected,
solubility,5151,correct,corrected,
solubility,5152,correct,corrected,
solubility,5153,correct,corrected,
solubility,5154,correct,corrected,
solubility,5155,correct,corrected,
solubility,5156,correct,corrected,
solubility,5157,correct,corrected,
solubility,5158,correct,corrected,
solubility,5159,correct,corrected,
solubility,5160,correct,corrected,
solubility,5161,correct,corrected,
solubility,5162,correct,corrected,
solubility,5163,correct,corrected,
solubility,5164,correct,corrected,
solubility,5165,correct,corrected,
solubility,5166,correct,corrected,
solubility,5167,correct,corrected,
solubility,5168,correct,corrected,
solubility,5169,correct,corrected,
solubility,5170,correct,corrected,
solubility,5171,correct,corrected,
solubility,5172,correct,corrected,
solubility,5173,correct,corrected,
solubility,5174,correct,corrected,
solubility,5175,correct,corrected,
solubility,5176,correct,corrected,
solubility,5177,correct,corrected,
solubility,5178,correct,corrected,
solubility,5179,correct,corrected,
solubility,5180,correct,corrected,
solubility,5181,correct,corrected,
solubility,5182,correct,corrected,
solubility,5183,correct,corrected,
solubility,5184,correct,corrected,
solubility,5185,correct,corrected,
solubility,5186,correct,corrected,
solubility,5187,correct,corrected,
solubility,5188,correct,corrected,
solubility,5189,correct,corrected,
solubility,5190,correct,corrected,
solubility,5191,correct,corrected,
solubility,5192,correct,corrected,
solubility,5193,correct,corrected,
solubility,5194,correct,corrected,
solubility,5195,correct,corrected,
solubility,5196,correct,corrected,
solubility,5197,correct,corrected,
solubility,5198,correct,corrected,
solubility,5199,correct,corrected,
solubility,5200,correct,corrected,
solubility,5201,correct,corrected,
solubility,5202,correct,corrected,
solubility,5203,correct,corrected,
solubility,5204,correct,corrected,
solubility,5205,correct,corrected,
solubility,5206,correct,corrected,
solubility,5207,correct,corrected,
solubility,5208,correct,corrected,
solubility,5209,correct,corrected,
solubility,5210,correct,corrected,
solubility,5211,correct,corrected,
solubility,5212,correct,corrected,
solubility,5213,correct,corrected,
solubility,5214,correct,corrected,
solubility,5215,correct,corrected,
solubility,5216,correct,corrected,
solubility,5217,correct,corrected,
solubility,5218,correct,corrected,
solubility,5219,correct,corrected,
solubility,5220,correct,corrected,
solubility,5221,correct,corrected,
solubility,5222,correct,corrected,
solubility,5223,correct,corrected,
solubility,5224,correct,corrected,
solubility,5225,correct,corrected,
solubility,5226,correct,corrected,
solubility,5227,correct,corrected,
solubility,5228,correct,corrected,
solubility,5229,correct,corrected,
solubility,5230,correct,corrected,
solubility,5231,correct,corrected,
solubility,5232,correct,corrected,
solubility,5233,correct,corrected,
solubility,5234,correct,corrected,
solubility,5235,correct,corrected,
solubility,5236,correct,corrected,
solubility,5237,correct,corrected,
solubility,5238,correct,corrected,
solubility,5239,correct,corrected,
solubility,5240,correct,corrected,
solubility,5241,correct,corrected,
solubility,5242,correct,corrected,
solubility,5243,correct,corrected,
solubility,5244,correct,corrected,
solubility,5245,correct,corrected,
solubility,5246,correct,corrected,
solubility,5247,correct,corrected,
solubility,5248,correct,corrected,
solubility,5249,minor,corrected,conversion
solubility,5250,minor,corrected,conversion
solubility,5251,minor,corrected,conversion
solubility,5252,minor,corrected,conversion
solubility,5253,minor,corrected,conversion
solubility,5254,minor,corrected,conversion
solubility,5255,minor,corrected,conversion
solubility,5256,minor,corrected,conversion
solubility,5257,minor,corrected,conversion
solubility,5258,minor,corrected,conversion
solubility,5259,minor,corrected,conversion
solubility,5260,minor,corrected,conversion
solubility,5261,minor,corrected,conversion
solubility,5262,minor,corrected,conversion
solubility,5263,minor,corrected,conversion
solubility,5264,minor,corrected,conversion
solubility,5265,minor,corrected,conversion
solubility,5266,minor,corrected,conversion
solubility,5267,minor,corrected,conversion
solubility,5268,minor,corrected,conversion
solubility,5269,minor,corrected,conversion
solubility,5270,minor,corrected,conversion
solubility,5271,correct,corrected,
solubility,5272,correct,corrected,
solubility,5273,correct,corrected,
solubility,5274,correct,corrected,
solubility,5275,correct,corrected,
solubility,5276,correct,corrected,
solubility,5277,correct,corrected,
solubility,5278,correct,corrected,
solubility,5279,correct,corrected,
solubility,5280,correct,corrected,
solubility,5281,correct,corrected,
solubility,5282,correct,corrected,
solubility,5283,correct,corrected,
solubility,5284,correct,corrected,
solubility,5285,correct,corrected,
solubility,5286,correct,corrected,
solubility,5287,correct,corrected,
solubility,5288,correct,corrected,
solubility,5289,correct,corrected,
solubility,5290,correct,corrected,
solubility,5291,correct,corrected,
solubility,5292,correct,corrected,
solubility,5293,correct,corrected,
solubility,5294,correct,corrected,
solubility,5295,minor,corrected,conversion
solubility,5296,minor,corrected,conversion
solubility,5297,minor,corrected,conversion
solubility,5298,minor,corrected,conversion
solubility,5299,minor,corrected,conversion
solubility,5300,minor,corrected,conversion
solubility,5301,minor,corrected,conversion
solubility,5302,minor,corrected,conversion
solubility,5303,minor,corrected,conversion
solubility,5304,minor,corrected,conversion
solubility,5305,minor,corrected,conversion
solubility,5306,minor,corrected,conversion
solubility,5307,minor,corrected,conversion
solubility,5308,minor,corrected,conversion
solubility,5309,minor,corrected,conversion
solubility,5310,minor,corrected,conversion
solubility,5311,minor,corrected,conversion
solubility,5312,minor,corrected,conversion
solubility,5313,minor,corrected,conversion
solubility,5314,minor,corrected,conversion
solubility,5315,minor,corrected,conversion
solubility,5316,minor,corrected,conversion
solubility,5317,correct,corrected,
solubility,5318,correct,corrected,
solubility,5319,correct,corrected,
solubility,5320,correct,corrected,
solubility,5321,correct,corrected,
solubility,5322,correct,corrected,
solubility,5323,correct,corrected,
solubility,5324,correct,corrected,
solubility,5325,correct,corrected,
solubility,5326,correct,corrected,
solubility,5327,minor,corrected,conversion
solubility,5328,minor,corrected,conversion
solubility,5329,minor,corrected,conversion
solubility,5330,minor,corrected,conversion
solubility,5331,minor,corrected,conversion
solubility,5332,minor,corrected,conversion
solubility,5333,minor,corrected,conversion
solubility,5334,minor,corrected,conversion
solubility,5335,minor,corrected,conversion
solubility,5336,minor,corrected,conversion
solubility,5337,minor,corrected,conversion
solubility,5338,minor,corrected,conversion
solubility,5339,minor,corrected,conversion
solubility,5340,minor,corrected,conversion
solubility,5341,correct,corrected,
solubility,5342,correct,corrected,
solubility,5343,correct,corrected,
solubility,5344,correct,corrected,
solubility,5345,correct,corrected,
solubility,5346,correct,corrected,
solubility,5347,correct,corrected,
solubility,5348,correct,corrected,
solubility,5349,correct,corrected,
solubility,5350,correct,corrected,
solubility,5351,minor,corrected,conversion
solubility,5352,minor,corrected,conversion
solubility,5353,minor,corrected,conversion
solubility,5354,minor,corrected,conversion
solubility,5355,minor,corrected,conversion
solubility,5356,minor,corrected,conversion
solubility,5357,minor,corrected,conversion
solubility,5358,minor,corrected,conversion
solubility,5359,minor,corrected,state
solubility,5360,minor,corrected,state
solubility,5361,minor,corrected,state
solubility,5362,minor,corrected,state
solubility,5363,minor,corrected,state
solubility,5364,minor,corrected,state
solubility,5365,minor,corrected,state
solubility,5366,minor,corrected,state
solubility,5367,minor,corrected,state
solubility,5368,minor,corrected,state
solubility,5369,minor,corrected,state
solubility,5370,minor,corrected,state
solubility,5371,minor,corrected,state
solubility,5372,minor,corrected,state
solubility,5373,minor,corrected,state
solubility,5374,minor,corrected,state
solubility,5375,minor,corrected,state
solubility,5376,minor,corrected,state
solubility,5377,minor,corrected,state
solubility,5378,minor,corrected,state
solubility,5379,minor,corrected,temperature
solubility,5380,minor,corrected,temperature
solubility,5381,minor,corrected,temperature
solubility,5382,minor,corrected,temperature
solubility,5383,minor,corrected,temperature
solubility,5384,minor,corrected,temperature
solubility,5385,minor,corrected,temperature
solubility,5386,minor,corrected,temperature
solubility,5387,minor,corrected,temperature
solubility,5388,minor,corrected,temperature
solubility,5389,minor,corrected,temperature
solubility,5390,minor,corrected,temperature
solubility,5391,major,corrected,state
solubility,5392,major,corrected,state
solubility,5393,major,corrected,state
solubility,5394,major,corrected,state
solubility,5395,major,corrected,state
solubility,5396,major,corrected,state
solubility,5397,major,corrected,state
solubility,5398,major,corrected,state
solubility,5399,major,corrected,state
solubility,5400,major,corrected,state
solubility,5401,minor,corrected,temperature
solubility,5402,minor,corrected,temperature
solubility,5403,minor,corrected,temperature
solubility,5404,minor,corrected,temperature
solubility,5405,minor,corrected,temperature
solubility,5406,minor,corrected,temperature
solubility,5407,major,corrected,conversion
solubility,5408,major,corrected,conversion
solubility,5409,minor,corrected,conversion
solubility,5410,minor,corrected,conversion
solubility,5411,minor,corrected,conversion
solubility,5412,minor,corrected,conversion
solubility,5413,minor,corrected,state
solubility,5414,minor,corrected,state
solubility,5415,minor,corrected,state
solubility,5416,minor,corrected,state
solubility,5417,minor,corrected,state
solubility,5418,minor,corrected,state
solubility,5419,minor,corrected,state
solubility,5420,minor,corrected,state
solubility,5421,minor,corrected,state
solubility,5422,minor,corrected,state
solubility,5423,minor,corrected,state
solubility,5424,minor,corrected,state
solubility,5425,minor,corrected,state
solubility,5426,minor,corrected,state
solubility,5427,minor,corrected,state
solubility,5428,minor,corrected,state
solubility,5429,minor,corrected,state
solubility,5430,minor,corrected,state
solubility,5431,correct,verified,
solubility,5432,correct,verified,
solubility,5433,correct,verified,
solubility,5434,correct,verified,
solubility,5435,correct,verified,
solubility,5436,correct,verified,
solubility,5437,correct,verified,
solubility,5438,correct,verified,
solubility,5439,correct,verified,
solubility,5440,correct,verified,
solubility,5441,minor,corrected,state
solubility,5442,minor,corrected,state
solubility,5443,minor,corrected,state
solubility,5444,minor,corrected,state
solubility,5445,minor,corrected,state
solubility,5446,minor,corrected,state
solubility,5447,minor,corrected,state
solubility,5448,minor,corrected,state
solubility,5449,minor,corrected,state
solubility,5450,minor,corrected,state
solubility,5451,minor,corrected,state
solubility,5452,minor,corrected,state
solubility,5453,minor,corrected,state
solubility,5454,minor,corrected,state
solubility,5455,minor,corrected,state
solubility,5456,minor,corrected,state
solubility,5457,minor,corrected,state
solubility,5458,minor,corrected,state
solubility,5459,minor,corrected,state
solubility,5460,minor,corrected,state
solubility,5461,minor,corrected,state
solubility,5462,minor,corrected,state
solubility,5463,minor,corrected,state
solubility,5464,minor,corrected,state
solubility,5465,minor,corrected,temperature
solubility,5466,minor,corrected,temperature
solubility,5467,minor,corrected,temperature
solubility,5468,minor,corrected,temperature
solubility,5469,minor,corrected,temperature
solubility,5470,minor,corrected,temperature
solubility,5471,minor,corrected,temperature
solubility,5472,minor,corrected,temperature
solubility,5473,minor,corrected,temperature
solubility,5474,minor,corrected,temperature
solubility,5475,minor,corrected,temperature
solubility,5476,minor,corrected,temperature
solubility,5477,minor,corrected,temperature
solubility,5478,minor,corrected,temperature
solubility,5479,minor,corrected,temperature
solubility,5480,minor,corrected,temperature
solubility,5481,minor,corrected,temperature
solubility,5482,minor,corrected,temperature
solubility,5483,minor,corrected,temperature
solubility,5484,minor,corrected,temperature
solubility,5485,minor,corrected,state
solubility,5486,minor,corrected,state
solubility,5487,minor,corrected,state
solubility,5488,minor,corrected,state
solubility,5489,minor,corrected,state
solubility,5490,minor,corrected,state
solubility,5491,minor,corrected,state
solubility,5492,minor,corrected,state
solubility,5493,minor,corrected,state
solubility,5494,minor,corrected,state
solubility,5495,correct,verified,
solubility,5496,correct,verified,
solubility,5497,correct,verified,
solubility,5498,correct,verified,
solubility,5499,correct,verified,
solubility,5500,correct,verified,
solubility,5501,correct,verified,
solubility,5502,correct,verified,
solubility,5503,correct,verified,
solubility,5504,correct,verified,
solubility,5505,minor,corrected,state
solubility,5506,minor,corrected,state
solubility,5507,minor,corrected,state
solubility,5508,minor,corrected,state
solubility,5509,minor,corrected,state
solubility,5510,minor,corrected,state
solubility,5511,minor,corrected,state
solubility,5512,minor,corrected,state
solubility,5513,minor,corrected,state
solubility,5514,minor,corrected,state
solubility,5515,minor,corrected,temperature
solubility,5516,minor,corrected,temperature
solubility,5517,major,corrected,state
solubility,5518,major,corrected,state
solubility,5519,minor,corrected,temperature
solubility,5520,minor,corrected,temperature
solubility,5521,major,corrected,state
solubility,5522,major,corrected,state
solubility,5523,major,corrected,state
solubility,5524,major,corrected,state
solubility,5525,major,corrected,state
solubility,5526,major,corrected,state
solubility,5527,minor,corrected,temperature
solubility,5528,minor,corrected,temperature
solubility,5529,minor,corrected,temperature
solubility,5530,minor,corrected,temperature
solubility,5531,minor,corrected,temperature
solubility,5532,minor,corrected,temperature
solubility,5533,minor,corrected,temperature
solubility,5534,minor,corrected,temperature
solubility,5535,minor,corrected,state
solubility,5536,minor,corrected,state
solubility,5537,minor,corrected,state
solubility,5538,minor,corrected,state
solubility,5539,minor,corrected,state
solubility,5540,minor,corrected,state
solubility,5541,minor,corrected,state
solubility,5542,minor,corrected,state
solubility,5543,minor,corrected,state
solubility,5544,minor,corrected,state
solubility,5545,minor,corrected,state
solubility,5546,minor,corrected,state
solubility,5547,minor,corrected,state
solubility,5548,minor,corrected,state
solubility,5549,minor,corrected,state
solubility,5550,minor,corrected,state
solubility,5551,minor,corrected,state
solubility,5552,minor,corrected,state
solubility,5553,minor,corrected,state
solubility,5554,minor,corrected,state
solubility,5555,minor,corrected,state
solubility,5556,minor,corrected,state
solubility,5557,minor,corrected,state
solubility,5558,minor,corrected,state
solubility,5559,minor,corrected,temperature
solubility,5560,minor,corrected,temperature
solubility,5561,minor,corrected,temperature
solubility,5562,minor,corrected,temperature
solubility,5563,minor,corrected,temperature
solubility,5564,minor,corrected,temperature
solubility,5565,minor,corrected,temperature
solubility,5566,minor,corrected,temperature
solubility,5567,minor,corrected,temperature
solubility,5568,minor,corrected,temperature
solubility,5569,minor,corrected,temperature
solubility,5570,minor,corrected,temperature
solubility,5571,minor,corrected,temperature
solubility,5572,minor,corrected,temperature
solubility,5573,minor,corrected,temperature
solubility,5574,minor,corrected,temperature
solubility,5575,minor,corrected,temperature
solubility,5576,minor,corrected,temperature
solubility,5577,minor,corrected,temperature
solubility,5578,minor,corrected,temperature
solubility,5579,correct,verified,
solubility,5580,correct,verified,
solubility,5581,correct,verified,
solubility,5582,correct,verified,
solubility,5583,correct,verified,
solubility,5584,correct,verified,
solubility,5585,correct,verified,
solubility,5586,correct,verified,
solubility,5587,correct,verified,
solubility,5588,correct,verified,
solubility,5589,correct,verified,
solubility,5590,correct,verified,
solubility,5591,minor,corrected,state
solubility,5592,minor,corrected,state
solubility,5593,minor,corrected,state
solubility,5594,minor,corrected,state
solubility,5595,minor,corrected,state
solubility,5596,minor,corrected,state
solubility,5597,minor,corrected,state
solubility,5598,minor,corrected,state
solubility,5599,minor,corrected,state
solubility,5600,minor,corrected,state
solubility,5601,minor,corrected,state
solubility,5602,minor,corrected,state
solubility,5603,minor,corrected,state
solubility,5604,minor,corrected,state
solubility,5605,minor,corrected,state
solubility,5606,minor,corrected,state
solubility,5607,minor,corrected,state
solubility,5608,minor,corrected,state
solubility,5609,minor,corrected,state
solubility,5610,minor,corrected,state
solubility,5611,minor,corrected,state
solubility,5612,minor,corrected,state
solubility,5613,minor,corrected,state
solubility,5614,minor,corrected,state
solubility,5615,minor,corrected,state
solubility,5616,minor,corrected,state
solubility,5617,minor,corrected,state
solubility,5618,minor,corrected,state
solubility,5619,minor,corrected,state
solubility,5620,minor,corrected,state
solubility,5621,minor,corrected,state
solubility,5622,minor,corrected,state
solubility,5623,minor,corrected,state
solubility,5624,minor,corrected,state
solubility,5625,minor,corrected,state
solubility,5626,minor,corrected,state
solubility,5627,minor,corrected,state
solubility,5628,minor,corrected,state
solubility,5629,minor,corrected,state
solubility,5630,minor,corrected,state
solubility,5631,minor,corrected,conversion
solubility,5632,minor,corrected,conversion
solubility,5633,minor,corrected,conversion
solubility,5634,minor,corrected,conversion
solubility,5635,minor,corrected,conversion
solubility,5636,minor,corrected,conversion
solubility,5637,minor,corrected,conversion
solubility,5638,minor,corrected,conversion
solubility,5639,minor,corrected,conversion
solubility,5640,minor,corrected,conversion
solubility,5641,minor,corrected,conversion
solubility,5642,minor,corrected,conversion
solubility,5643,minor,corrected,state
solubility,5644,minor,corrected,state
solubility,5645,minor,corrected,state
solubility,5646,minor,corrected,state
solubility,5647,minor,corrected,state
solubility,5648,minor,corrected,state
solubility,5649,minor,corrected,state
solubility,5650,minor,corrected,state
solubility,5651,minor,corrected,state
solubility,5652,minor,corrected,state
solubility,5653,minor,corrected,state
solubility,5654,minor,corrected,state
solubility,5655,minor,corrected,state
solubility,5656,minor,corrected,state
solubility,5657,minor,corrected,state
solubility,5658,minor,corrected,state
solubility,5659,minor,corrected,state
solubility,5660,minor,corrected,state
solubility,5661,minor,corrected,state
solubility,5662,minor,corrected,state
solubility,5663,minor,corrected,state
solubility,5664,minor,corrected,state
solubility,5665,minor,corrected,state
solubility,5666,minor,corrected,state
solubility,5667,minor,corrected,state
solubility,5668,minor,corrected,state
solubility,5669,minor,corrected,state
solubility,5670,minor,corrected,state
solubility,5671,minor,corrected,state
solubility,5672,minor,corrected,state
solubility,5673,minor,corrected,state
solubility,5674,minor,corrected,state
solubility,5675,minor,corrected,state
solubility,5676,minor,corrected,state
solubility,5677,minor,corrected,state
solubility,5678,minor,corrected,state
solubility,5679,minor,corrected,state
solubility,5680,minor,corrected,state
solubility,5681,minor,corrected,state
solubility,5682,minor,corrected,state
solubility,5683,minor,corrected,state
solubility,5684,minor,corrected,state
solubility,5685,minor,corrected,state
solubility,5686,minor,corrected,state
solubility,5687,minor,corrected,state
solubility,5688,minor,corrected,state
solubility,5689,minor,corrected,state
solubility,5690,minor,corrected,state
solubility,5691,minor,corrected,state
solubility,5692,minor,corrected,state
solubility,5693,minor,corrected,state
solubility,5694,minor,corrected,state
solubility,5695,minor,corrected,temperature
solubility,5696,minor,corrected,temperature
solubility,5697,minor,corrected,temperature
solubility,5698,minor,corrected,temperature
solubility,5699,minor,corrected,temperature
solubility,5700,minor,corrected,temperature
solubility,5701,minor,corrected,temperature
solubility,5702,minor,corrected,temperature
solubility,5703,minor,corrected,temperature
solubility,5704,minor,corrected,temperature
solubility,5705,minor,corrected,temperature
solubility,5706,minor,corrected,temperature
solubility,5707,minor,corrected,temperature
solubility,5708,minor,corrected,temperature
solubility,5709,minor,corrected,temperature
solubility,5710,minor,corrected,temperature
solubility,5711,minor,corrected,temperature
solubility,5712,minor,corrected,temperature
solubility,5713,minor,corrected,temperature
solubility,5714,minor,corrected,temperature
solubility,5715,minor,corrected,state
solubility,5716,minor,corrected,state
solubility,5717,minor,corrected,state
solubility,5718,minor,corrected,state
solubility,5719,minor,corrected,state
solubility,5720,minor,corrected,state
solubility,5721,minor,corrected,state
solubility,5722,minor,corrected,state
solubility,5723,correct,verified,
solubility,5724,correct,verified,
solubility,5725,minor,corrected,state
solubility,5726,minor,corrected,state
solubility,5727,correct,verified,
solubility,5728,correct,verified,
solubility,5729,correct,verified,
solubility,5730,major,residual-difference,conversion
solubility,5731,minor,corrected,state
solubility,5732,minor,corrected,state
solubility,5733,minor,corrected,state
solubility,5734,minor,corrected,state
solubility,5735,minor,corrected,state
solubility,5736,minor,corrected,state
solubility,5737,minor,corrected,state
solubility,5738,minor,corrected,state
solubility,5739,minor,corrected,state
solubility,5740,minor,corrected,state
solubility,5741,minor,corrected,state
solubility,5742,minor,corrected,state
solubility,5743,major,corrected,transcription
solubility,5744,major,corrected,transcription
solubility,5745,minor,corrected,conversion
solubility,5746,minor,corrected,conversion
solubility,5747,minor,corrected,conversion
solubility,5748,minor,corrected,conversion
solubility,5749,minor,corrected,conversion
solubility,5750,minor,corrected,conversion
solubility,5751,minor,corrected,conversion
solubility,5752,minor,corrected,conversion
solubility,5753,minor,corrected,conversion
solubility,5754,minor,corrected,conversion
solubility,5755,minor,corrected,conversion
solubility,5756,minor,corrected,conversion
solubility,5757,minor,corrected,conversion
solubility,5758,minor,corrected,conversion
solubility,5759,minor,corrected,state
solubility,5760,minor,corrected,state
solubility,5761,minor,corrected,state
solubility,5762,minor,corrected,state
solubility,5763,minor,corrected,state
solubility,5764,minor,corrected,state
solubility,5765,minor,corrected,state
solubility,5766,minor,corrected,state
solubility,5767,minor,corrected,temperature
solubility,5768,minor,corrected,temperature
solubility,5769,minor,corrected,temperature
solubility,5770,minor,corrected,temperature
solubility,5771,minor,corrected,temperature
solubility,5772,minor,corrected,temperature
solubility,5773,minor,corrected,temperature
solubility,5774,minor,corrected,temperature
solubility,5775,minor,corrected,temperature
solubility,5776,minor,corrected,temperature
solubility,5777,minor,corrected,temperature
solubility,5778,minor,corrected,temperature
solubility,5779,minor,corrected,temperature
solubility,5780,minor,corrected,temperature
solubility,5781,minor,corrected,temperature
solubility,5782,minor,corrected,temperature
solubility,5783,minor,corrected,temperature
solubility,5784,minor,corrected,temperature
solubility,5785,minor,corrected,temperature
solubility,5786,minor,corrected,temperature
solubility,5787,minor,corrected,temperature
solubility,5788,minor,corrected,temperature
solubility,5789,minor,corrected,temperature
solubility,5790,minor,corrected,temperature
solubility,5791,minor,corrected,conversion
solubility,5792,minor,corrected,conversion
solubility,5793,minor,corrected,conversion
solubility,5794,minor,corrected,conversion
solubility,5795,minor,corrected,conversion
solubility,5796,minor,corrected,conversion
solubility,5797,minor,corrected,conversion
solubility,5798,minor,corrected,conversion
solubility,5799,minor,corrected,conversion
solubility,5800,minor,corrected,conversion
solubility,5801,minor,corrected,conversion
solubility,5802,minor,corrected,conversion
solubility,5803,major,corrected,transcription
solubility,5804,major,corrected,transcription
solubility,5805,minor,corrected,conversion
solubility,5806,minor,corrected,conversion
solubility,5807,minor,corrected,conversion
solubility,5808,minor,corrected,conversion
solubility,5809,minor,corrected,state
solubility,5810,minor,corrected,state
solubility,5811,minor,corrected,state
solubility,5812,minor,corrected,state
solubility,5813,minor,corrected,state
solubility,5814,minor,corrected,state
solubility,5815,minor,corrected,state
solubility,5816,minor,corrected,state
solubility,5817,minor,corrected,state
solubility,5818,minor,corrected,state
solubility,5819,minor,corrected,conversion
solubility,5820,minor,corrected,conversion
solubility,5821,minor,corrected,conversion
solubility,5822,minor,corrected,conversion
solubility,5823,minor,corrected,conversion
solubility,5824,minor,corrected,conversion
solubility,5825,minor,corrected,conversion
solubility,5826,minor,corrected,conversion
solubility,5827,minor,corrected,conversion
solubility,5828,minor,corrected,conversion
solubility,5829,minor,corrected,conversion
solubility,5830,minor,corrected,conversion
solubility,5831,minor,corrected,conversion
solubility,5832,minor,corrected,conversion
solubility,5833,minor,corrected,conversion
solubility,5834,minor,corrected,conversion
solubility,5835,minor,corrected,state
solubility,5836,minor,corrected,state
solubility,5837,minor,corrected,state
solubility,5838,minor,corrected,state
solubility,5839,minor,corrected,state
solubility,5840,minor,corrected,state
solubility,5841,minor,corrected,state
solubility,5842,minor,corrected,state
solubility,5843,minor,corrected,state
solubility,5844,minor,corrected,state
solubility,5845,minor,corrected,state
solubility,5846,minor,corrected,state
solubility,5847,minor,corrected,state
solubility,5848,minor,corrected,state
solubility,5849,correct,corrected,
solubility,5850,correct,corrected,
solubility,5851,correct,corrected,
solubility,5852,correct,corrected,
solubility,5853,correct,corrected,
solubility,5854,correct,corrected,
solubility,5855,correct,corrected,
solubility,5856,correct,corrected,
solubility,5857,correct,corrected,
solubility,5858,correct,corrected,
solubility,5859,correct,corrected,
solubility,5860,correct,corrected,
solubility,5861,correct,corrected,
solubility,5862,correct,corrected,
solubility,5863,correct,corrected,
solubility,5864,correct,corrected,
solubility,5865,correct,corrected,
solubility,5866,correct,corrected,
solubility,5867,correct,corrected,
solubility,5868,correct,corrected,
solubility,5869,correct,corrected,
solubility,5870,correct,corrected,
solubility,5871,correct,corrected,
solubility,5872,correct,corrected,
solubility,5873,minor,corrected,conversion
solubility,5874,minor,corrected,conversion
solubility,5875,minor,corrected,conversion
solubility,5876,minor,corrected,conversion
solubility,5877,minor,corrected,conversion
solubility,5878,minor,corrected,conversion
solubility,5879,minor,corrected,conversion
solubility,5880,minor,corrected,conversion
solubility,5881,correct,verified,
solubility,5882,major,residual-difference,conversion
solubility,5883,minor,corrected,state
solubility,5884,major,corrected,conversion
solubility,5885,minor,corrected,state
solubility,5886,minor,corrected,state
solubility,5887,minor,corrected,state
solubility,5888,minor,corrected,state
solubility,5889,minor,corrected,state
solubility,5890,minor,corrected,state
solubility,5891,minor,corrected,state
solubility,5892,minor,corrected,state
solubility,5893,minor,corrected,state
solubility,5894,minor,corrected,state
solubility,5895,minor,corrected,state
solubility,5896,minor,corrected,state
solubility,5897,minor,corrected,state
solubility,5898,minor,corrected,state
solubility,5899,minor,corrected,conversion
solubility,5900,minor,corrected,conversion
solubility,5901,minor,corrected,conversion
solubility,5902,minor,corrected,conversion
solubility,5903,minor,corrected,conversion
solubility,5904,minor,corrected,conversion
solubility,5905,minor,corrected,conversion
solubility,5906,minor,corrected,conversion
solubility,5907,minor,corrected,conversion
solubility,5908,minor,corrected,conversion
solubility,5909,minor,corrected,conversion
solubility,5910,minor,corrected,conversion
solubility,5911,minor,corrected,conversion
solubility,5912,minor,corrected,conversion
solubility,5913,minor,corrected,state
solubility,5914,minor,corrected,state
solubility,5915,minor,corrected,state
solubility,5916,minor,corrected,state
solubility,5917,minor,corrected,state
solubility,5918,minor,corrected,state
solubility,5919,minor,corrected,state
solubility,5920,minor,corrected,state
solubility,5921,correct,verified,
solubility,5922,correct,verified,
solubility,5923,correct,verified,
solubility,5924,correct,verified,
solubility,5925,correct,verified,
solubility,5926,correct,verified,
solubility,5927,correct,verified,
solubility,5928,correct,verified,
solubility,5929,correct,verified,
solubility,5930,correct,verified,
solubility,5931,minor,corrected,state
solubility,5932,minor,corrected,state
solubility,5933,minor,corrected,state
solubility,5934,minor,corrected,state
solubility,5935,minor,corrected,state
solubility,5936,minor,corrected,state
solubility,5937,minor,corrected,state
solubility,5938,minor,corrected,state
solubility,5939,minor,corrected,state
solubility,5940,minor,corrected,state
solubility,5941,minor,corrected,state
solubility,5942,minor,corrected,state
solubility,5943,minor,corrected,state
solubility,5944,minor,corrected,state
solubility,5945,minor,corrected,state
solubility,5946,minor,corrected,state
solubility,5947,minor,corrected,state
solubility,5948,minor,corrected,state
solubility,5949,minor,corrected,state
solubility,5950,minor,corrected,state
solubility,5951,minor,corrected,temperature
solubility,5952,minor,corrected,temperature
solubility,5953,minor,corrected,temperature
solubility,5954,minor,corrected,temperature
solubility,5955,minor,corrected,temperature
solubility,5956,minor,corrected,temperature
solubility,5957,minor,corrected,temperature
solubility,5958,minor,corrected,temperature
solubility,5959,minor,corrected,temperature
solubility,5960,minor,corrected,temperature
solubility,5961,minor,corrected,temperature
solubility,5962,minor,corrected,temperature
solubility,5963,minor,corrected,temperature
solubility,5964,minor,corrected,temperature
solubility,5965,minor,corrected,temperature
solubility,5966,minor,corrected,temperature
solubility,5967,minor,corrected,temperature
solubility,5968,minor,corrected,temperature
solubility,5969,minor,corrected,temperature
solubility,5970,minor,corrected,temperature
solubility,5971,minor,corrected,conversion
solubility,5972,minor,corrected,conversion
solubility,5973,minor,corrected,conversion
solubility,5974,minor,corrected,conversion
solubility,5975,minor,corrected,conversion
solubility,5976,minor,corrected,conversion
solubility,5977,minor,corrected,conversion
solubility,5978,minor,corrected,conversion
solubility,5979,minor,corrected,conversion
solubility,5980,minor,corrected,conversion
solubility,5981,minor,corrected,conversion
solubility,5982,minor,corrected,conversion
solubility,5983,minor,corrected,state
solubility,5984,minor,corrected,state
solubility,5985,minor,corrected,state
solubility,5986,minor,corrected,state
solubility,5987,minor,corrected,state
solubility,5988,minor,corrected,state
solubility,5989,minor,corrected,state
solubility,5990,minor,corrected,state
solubility,5991,minor,corrected,state
solubility,5992,minor,corrected,state
solubility,5993,minor,corrected,conversion
solubility,5994,minor,corrected,conversion
solubility,5995,minor,corrected,conversion
solubility,5996,minor,corrected,conversion
solubility,5997,minor,corrected,conversion
solubility,5998,minor,corrected,conversion
solubility,5999,minor,corrected,conversion
solubility,6000,minor,corrected,conversion
solubility,6001,minor,corrected,conversion
solubility,6002,minor,corrected,conversion
solubility,6003,minor,corrected,conversion
solubility,6004,minor,corrected,conversion
solubility,6005,minor,corrected,conversion
solubility,6006,minor,corrected,conversion
solubility,6007,minor,corrected,conversion
solubility,6008,minor,corrected,conversion
solubility,6009,correct,verified,
solubility,6010,correct,verified,
solubility,6011,correct,verified,
solubility,6012,correct,verified,
solubility,6013,correct,verified,
solubility,6014,correct,verified,
solubility,6015,correct,verified,
solubility,6016,correct,verified,
solubility,6017,correct,verified,
solubility,6018,correct,verified,
solubility,6019,major,corrected,state
solubility,6020,major,corrected,state
solubility,6021,major,corrected,state
solubility,6022,major,corrected,state
solubility,6023,major,corrected,state
solubility,6024,major,corrected,state
solubility,6025,major,corrected,state
solubility,6026,major,corrected,state
solubility,6027,major,corrected,state
solubility,6028,major,corrected,state
solubility,6029,major,corrected,state
solubility,6030,major,corrected,state
solubility,6031,major,corrected,state
solubility,6032,major,corrected,state
solubility,6033,minor,corrected,state
solubility,6034,minor,corrected,state
solubility,6035,minor,corrected,state
solubility,6036,minor,corrected,state
solubility,6037,minor,corrected,state
solubility,6038,minor,corrected,state
solubility,6039,minor,corrected,state
solubility,6040,minor,corrected,state
solubility,6041,minor,corrected,state
solubility,6042,minor,corrected,state
solubility,6043,minor,corrected,state
solubility,6044,minor,corrected,state
solubility,6045,correct,verified,
solubility,6046,correct,verified,
solubility,6047,correct,verified,
solubility,6048,correct,verified,
solubility,6049,correct,verified,
solubility,6050,correct,verified,
solubility,6051,correct,verified,
solubility,6052,correct,verified,
solubility,6053,correct,verified,
solubility,6054,correct,verified,
solubility,6055,correct,verified,
solubility,6056,correct,verified,
solubility,6057,correct,verified,
solubility,6058,correct,verified,
solubility,6059,correct,verified,
solubility,6060,correct,verified,
solubility,6061,minor,corrected,state
solubility,6062,minor,corrected,state
solubility,6063,minor,corrected,state
solubility,6064,minor,corrected,state
solubility,6065,minor,corrected,state
solubility,6066,minor,corrected,state
solubility,6067,minor,corrected,conversion
solubility,6068,minor,corrected,conversion
solubility,6069,minor,corrected,conversion
solubility,6070,minor,corrected,conversion
solubility,6071,minor,corrected,conversion
solubility,6072,minor,corrected,conversion
solubility,6073,minor,corrected,conversion
solubility,6074,minor,corrected,conversion
solubility,6075,minor,corrected,conversion
solubility,6076,minor,corrected,conversion
solubility,6077,minor,corrected,conversion
solubility,6078,minor,corrected,conversion
solubility,6079,minor,corrected,temperature
solubility,6080,minor,corrected,temperature
solubility,6081,minor,corrected,temperature
solubility,6082,minor,corrected,temperature
solubility,6083,minor,corrected,temperature
solubility,6084,minor,corrected,temperature
solubility,6085,minor,corrected,temperature
solubility,6086,minor,corrected,temperature
solubility,6087,minor,corrected,temperature
solubility,6088,minor,corrected,temperature
solubility,6089,minor,corrected,temperature
solubility,6090,minor,corrected,temperature
solubility,6091,minor,corrected,temperature
solubility,6092,minor,corrected,temperature
solubility,6093,minor,corrected,temperature
solubility,6094,minor,corrected,temperature
solubility,6095,minor,corrected,temperature
solubility,6096,minor,corrected,temperature
solubility,6097,minor,corrected,temperature
solubility,6098,minor,corrected,temperature
solubility,6099,correct,verified,
solubility,6100,correct,verified,
solubility,6101,correct,verified,
solubility,6102,correct,verified,
solubility,6103,correct,verified,
solubility,6104,correct,verified,
solubility,6105,correct,verified,
solubility,6106,correct,verified,
solubility,6107,correct,verified,
solubility,6108,correct,verified,
solubility,6109,correct,verified,
solubility,6110,correct,verified,
solubility,6111,correct,verified,
solubility,6112,correct,verified,
solubility,6113,correct,verified,
solubility,6114,correct,verified,
solubility,6115,correct,verified,
solubility,6116,correct,verified,
solubility,6117,correct,verified,
solubility,6118,correct,verified,
solubility,6119,correct,verified,
solubility,6120,correct,verified,
solubility,6121,correct,verified,
solubility,6122,correct,verified,
solubility,6123,major,corrected,conversion
solubility,6124,major,corrected,conversion
solubility,6125,major,corrected,conversion
solubility,6126,major,corrected,conversion
solubility,6127,major,corrected,conversion
solubility,6128,major,corrected,conversion
solubility,6129,major,corrected,conversion
solubility,6130,major,corrected,conversion
solubility,6131,minor,corrected,conversion
solubility,6132,minor,corrected,conversion
solubility,6133,minor,corrected,conversion
solubility,6134,minor,corrected,conversion
solubility,6135,minor,corrected,conversion
solubility,6136,minor,corrected,conversion
solubility,6137,minor,corrected,conversion
solubility,6138,minor,corrected,conversion
solubility,6139,minor,corrected,conversion
solubility,6140,minor,corrected,conversion
solubility,6141,minor,corrected,conversion
solubility,6142,minor,corrected,conversion
solubility,6143,minor,corrected,conversion
solubility,6144,minor,corrected,conversion
solubility,6145,minor,corrected,state
solubility,6146,minor,corrected,state
solubility,6147,minor,corrected,state
solubility,6148,minor,corrected,state
solubility,6149,minor,corrected,state
solubility,6150,minor,corrected,state
solubility,6151,minor,corrected,state
solubility,6152,minor,corrected,state
solubility,6153,minor,corrected,state
solubility,6154,minor,corrected,state
solubility,6155,minor,corrected,state
solubility,6156,minor,corrected,state
solubility,6157,minor,corrected,conversion
solubility,6158,minor,corrected,conversion
solubility,6159,minor,corrected,conversion
solubility,6160,minor,corrected,conversion
solubility,6161,minor,corrected,conversion
solubility,6162,minor,corrected,conversion
solubility,6163,minor,corrected,conversion
solubility,6164,minor,corrected,conversion
solubility,6165,minor,corrected,conversion
solubility,6166,minor,corrected,conversion
solubility,6167,minor,corrected,conversion
solubility,6168,minor,corrected,conversion
solubility,6169,minor,corrected,state
solubility,6170,minor,corrected,state
solubility,6171,minor,corrected,state
solubility,6172,minor,corrected,state
solubility,6173,minor,corrected,state
solubility,6174,minor,corrected,state
solubility,6175,minor,corrected,state
solubility,6176,minor,corrected,state
solubility,6177,minor,corrected,state
solubility,6178,minor,corrected,state
solubility,6179,minor,corrected,state
solubility,6180,minor,corrected,state
solubility,6181,minor,corrected,state
solubility,6182,minor,corrected,state
solubility,6183,minor,corrected,state
solubility,6184,minor,corrected,state
solubility,6185,minor,corrected,state
solubility,6186,minor,corrected,state
solubility,6187,minor,corrected,temperature
solubility,6188,minor,corrected,temperature
solubility,6189,minor,corrected,temperature
solubility,6190,minor,corrected,temperature
solubility,6191,minor,corrected,temperature
solubility,6192,minor,corrected,temperature
solubility,6193,minor,corrected,temperature
solubility,6194,minor,corrected,temperature
solubility,6195,minor,corrected,temperature
solubility,6196,minor,corrected,temperature
solubility,6197,minor,corrected,temperature
solubility,6198,minor,corrected,temperature
solubility,6199,minor,corrected,temperature
solubility,6200,minor,corrected,temperature
solubility,6201,minor,corrected,temperature
solubility,6202,minor,corrected,temperature
solubility,6203,minor,corrected,temperature
solubility,6204,minor,corrected,temperature
solubility,6205,minor,corrected,temperature
solubility,6206,minor,corrected,temperature
solubility,6207,minor,corrected,conversion
solubility,6208,minor,corrected,conversion
solubility,6209,minor,corrected,conversion
solubility,6210,minor,corrected,conversion
solubility,6211,minor,corrected,conversion
solubility,6212,minor,corrected,conversion
solubility,6213,minor,corrected,conversion
solubility,6214,minor,corrected,conversion
solubility,6215,minor,corrected,conversion
solubility,6216,minor,corrected,conversion
solubility,6217,minor,corrected,conversion
solubility,6218,minor,corrected,conversion
solubility,6219,minor,corrected,conversion
solubility,6220,minor,corrected,conversion
solubility,6221,minor,corrected,conversion
solubility,6222,minor,corrected,conversion
solubility,6223,minor,corrected,conversion
solubility,6224,minor,corrected,conversion
solubility,6225,minor,corrected,conversion
solubility,6226,minor,corrected,conversion
solubility,6227,minor,corrected,conversion
solubility,6228,minor,corrected,conversion
solubility,6229,minor,corrected,conversion
solubility,6230,minor,corrected,conversion
solubility,6231,minor,corrected,state
solubility,6232,minor,corrected,state
solubility,6233,minor,corrected,state
solubility,6234,minor,corrected,state
solubility,6235,minor,corrected,state
solubility,6236,minor,corrected,state
solubility,6237,minor,corrected,state
solubility,6238,minor,corrected,state
solubility,6239,minor,corrected,state
solubility,6240,minor,corrected,state
solubility,6241,minor,corrected,state
solubility,6242,minor,corrected,state
solubility,6243,minor,corrected,state
solubility,6244,minor,corrected,state
solubility,6245,minor,corrected,state
solubility,6246,minor,corrected,state
solubility,6247,minor,corrected,state
solubility,6248,minor,corrected,state
solubility,6249,minor,corrected,state
solubility,6250,minor,corrected,state
solubility,6251,minor,corrected,state
solubility,6252,minor,corrected,state
solubility,6253,minor,corrected,state
solubility,6254,minor,corrected,state
solubility,6255,minor,corrected,state
solubility,6256,minor,corrected,state
solubility,6257,minor,corrected,temperature
solubility,6258,minor,corrected,temperature
solubility,6259,minor,corrected,temperature
solubility,6260,minor,corrected,temperature
solubility,6261,minor,corrected,temperature
solubility,6262,minor,corrected,temperature
solubility,6263,minor,corrected,temperature
solubility,6264,minor,corrected,temperature
solubility,6265,minor,corrected,temperature
solubility,6266,minor,corrected,temperature
solubility,6267,minor,corrected,temperature
solubility,6268,minor,corrected,temperature
solubility,6269,minor,corrected,temperature
solubility,6270,minor,corrected,temperature
solubility,6271,minor,corrected,temperature
solubility,6272,minor,corrected,temperature
solubility,6273,minor,corrected,temperature
solubility,6274,minor,corrected,temperature
solubility,6275,minor,corrected,temperature
solubility,6276,minor,corrected,temperature
solubility,6277,minor,corrected,state
solubility,6278,minor,corrected,state
solubility,6279,minor,corrected,state
solubility,6280,minor,corrected,state
solubility,6281,minor,corrected,state
solubility,6282,minor,corrected,state
solubility,6283,minor,corrected,state
solubility,6284,minor,corrected,state
solubility,6285,minor,corrected,state
solubility,6286,minor,corrected,state
solubility,6287,minor,corrected,state
solubility,6288,minor,corrected,state
solubility,6289,minor,corrected,state
solubility,6290,minor,corrected,state
solubility,6291,correct,verified,
solubility,6292,correct,verified,
solubility,6293,correct,verified,
solubility,6294,correct,verified,
solubility,6295,correct,verified,
solubility,6296,correct,verified,
solubility,6297,correct,verified,
solubility,6298,correct,verified,
solubility,6299,correct,verified,
solubility,6300,correct,verified,
solubility,6301,correct,verified,
solubility,6302,correct,verified,
solubility,6303,correct,verified,
solubility,6304,correct,verified,
solubility,6305,correct,verified,
solubility,6306,correct,verified,
solubility,6307,correct,verified,
solubility,6308,correct,verified,
solubility,6309,correct,verified,
solubility,6310,correct,verified,
solubility,6311,correct,verified,
solubility,6312,correct,verified,
solubility,6313,minor,corrected,temperature
solubility,6314,minor,corrected,temperature
solubility,6315,minor,corrected,temperature
solubility,6316,minor,corrected,temperature
solubility,6317,minor,corrected,temperature
solubility,6318,minor,corrected,temperature
solubility,6319,minor,corrected,temperature
solubility,6320,minor,corrected,temperature
solubility,6321,minor,corrected,temperature
solubility,6322,minor,corrected,temperature
solubility,6323,minor,corrected,temperature
solubility,6324,minor,corrected,temperature
solubility,6325,minor,corrected,temperature
solubility,6326,minor,corrected,temperature
solubility,6327,minor,corrected,temperature
solubility,6328,minor,corrected,temperature
solubility,6329,minor,corrected,temperature
solubility,6330,minor,corrected,temperature
solubility,6331,minor,corrected,temperature
solubility,6332,minor,corrected,temperature
solubility,6333,minor,corrected,temperature
solubility,6334,minor,corrected,temperature
solubility,6335,minor,corrected,temperature
solubility,6336,minor,corrected,temperature
solubility,6337,minor,corrected,temperature
solubility,6338,minor,corrected,temperature
solubility,6339,minor,corrected,temperature
solubility,6340,minor,corrected,temperature
solubility,6341,minor,corrected,temperature
solubility,6342,minor,corrected,temperature
solubility,6343,minor,corrected,temperature
solubility,6344,minor,corrected,temperature
solubility,6345,minor,corrected,temperature
solubility,6346,minor,corrected,temperature
solubility,6347,minor,corrected,temperature
solubility,6348,minor,corrected,temperature
solubility,6349,minor,corrected,temperature
solubility,6350,minor,corrected,temperature
solubility,6351,minor,corrected,temperature
solubility,6352,minor,corrected,temperature
solubility,6353,minor,corrected,temperature
solubility,6354,minor,corrected,temperature
solubility,6355,minor,corrected,temperature
solubility,6356,minor,corrected,temperature
solubility,6357,minor,corrected,state
solubility,6358,minor,corrected,state
solubility,6359,minor,corrected,state
solubility,6360,minor,corrected,state
solubility,6361,minor,corrected,state
solubility,6362,minor,corrected,state
solubility,6363,minor,corrected,state
solubility,6364,minor,corrected,state
solubility,6365,minor,corrected,state
solubility,6366,minor,corrected,state
solubility,6367,minor,corrected,state
solubility,6368,minor,corrected,state
solubility,6369,correct,verified,
solubility,6370,correct,verified,
solubility,6371,correct,verified,
solubility,6372,correct,verified,
solubility,6373,correct,verified,
solubility,6374,correct,verified,
solubility,6375,correct,verified,
solubility,6376,correct,verified,
solubility,6377,correct,verified,
solubility,6378,correct,verified,
solubility,6379,correct,verified,
solubility,6380,correct,verified,
solubility,6381,minor,corrected,conversion
solubility,6382,minor,corrected,conversion
solubility,6383,minor,corrected,conversion
solubility,6384,minor,corrected,conversion
solubility,6385,minor,corrected,conversion
solubility,6386,minor,corrected,conversion
solubility,6387,minor,corrected,conversion
solubility,6388,minor,corrected,conversion
solubility,6389,minor,corrected,conversion
solubility,6390,minor,corrected,conversion
solubility,6391,minor,corrected,conversion
solubility,6392,minor,corrected,conversion
solubility,6393,correct,corrected,
solubility,6394,correct,corrected,
solubility,6395,correct,corrected,
solubility,6396,correct,corrected,
solubility,6397,correct,corrected,
solubility,6398,correct,corrected,
solubility,6399,correct,corrected,
solubility,6400,correct,corrected,
solubility,6401,correct,corrected,
solubility,6402,correct,corrected,
solubility,6403,correct,corrected,
solubility,6404,correct,corrected,
solubility,6405,correct,corrected,
solubility,6406,correct,corrected,
solubility,6407,correct,corrected,
solubility,6408,correct,corrected,
solubility,6409,correct,corrected,
solubility,6410,correct,corrected,
solubility,6411,correct,corrected,
solubility,6412,correct,corrected,
solubility,6413,correct,corrected,
solubility,6414,correct,corrected,
solubility,6415,correct,corrected,
solubility,6416,correct,corrected,
solubility,6417,minor,corrected,temperature
solubility,6418,minor,corrected,temperature
solubility,6419,minor,corrected,temperature
solubility,6420,minor,corrected,temperature
solubility,6421,minor,corrected,temperature
solubility,6422,minor,corrected,temperature
solubility,6423,minor,corrected,temperature
solubility,6424,minor,corrected,temperature
solubility,6425,minor,corrected,temperature
solubility,6426,minor,corrected,temperature
solubility,6427,minor,corrected,temperature
solubility,6428,minor,corrected,temperature
solubility,6429,minor,corrected,temperature
solubility,6430,minor,corrected,temperature
solubility,6431,minor,corrected,temperature
solubility,6432,minor,corrected,temperature
solubility,6433,minor,corrected,temperature
solubility,6434,minor,corrected,temperature
solubility,6435,minor,corrected,temperature
solubility,6436,minor,corrected,temperature
solubility,6437,minor,corrected,conversion
solubility,6438,minor,corrected,conversion
solubility,6439,minor,corrected,conversion
solubility,6440,minor,corrected,conversion
solubility,6441,minor,corrected,conversion
solubility,6442,minor,corrected,conversion
solubility,6443,minor,corrected,conversion
solubility,6444,minor,corrected,conversion
solubility,6445,minor,corrected,conversion
solubility,6446,minor,corrected,conversion
solubility,6447,minor,corrected,conversion
solubility,6448,minor,corrected,conversion
solubility,6449,unverifiable,not-verifiable,
solubility,6450,unverifiable,not-verifiable,
solubility,6451,unverifiable,not-verifiable,
solubility,6452,unverifiable,not-verifiable,
solubility,6453,unverifiable,not-verifiable,
solubility,6454,unverifiable,not-verifiable,
solubility,6455,unverifiable,not-verifiable,
solubility,6456,unverifiable,not-verifiable,
solubility,6457,unverifiable,not-verifiable,
solubility,6458,unverifiable,not-verifiable,
solubility,6459,unverifiable,not-verifiable,
solubility,6460,unverifiable,not-verifiable,
solubility,6461,unverifiable,not-verifiable,
solubility,6462,unverifiable,not-verifiable,
solubility,6463,unverifiable,not-verifiable,
solubility,6464,unverifiable,not-verifiable,
solubility,6465,unverifiable,not-verifiable,
solubility,6466,unverifiable,not-verifiable,
solubility,6467,unverifiable,not-verifiable,
solubility,6468,unverifiable,not-verifiable,
solubility,6469,unverifiable,not-verifiable,
solubility,6470,unverifiable,not-verifiable,
solubility,6471,unverifiable,not-verifiable,
solubility,6472,unverifiable,not-verifiable,
solubility,6473,minor,corrected,temperature
solubility,6474,minor,corrected,temperature
solubility,6475,minor,corrected,temperature
solubility,6476,minor,corrected,temperature
solubility,6477,minor,corrected,temperature
solubility,6478,minor,corrected,temperature
solubility,6479,minor,corrected,temperature
solubility,6480,minor,corrected,temperature
solubility,6481,minor,corrected,temperature
solubility,6482,minor,corrected,temperature
solubility,6483,minor,corrected,temperature
solubility,6484,minor,corrected,temperature
solubility,6485,minor,corrected,temperature
solubility,6486,minor,corrected,temperature
solubility,6487,minor,corrected,temperature
solubility,6488,minor,corrected,temperature
solubility,6489,minor,corrected,temperature
solubility,6490,minor,corrected,temperature
solubility,6491,minor,corrected,temperature
solubility,6492,minor,corrected,temperature
solubility,6493,minor,corrected,temperature
solubility,6494,minor,corrected,temperature
solubility,6495,minor,corrected,temperature
solubility,6496,minor,corrected,temperature
solubility,6497,minor,corrected,temperature
solubility,6498,minor,corrected,temperature
solubility,6499,minor,corrected,temperature
solubility,6500,minor,corrected,temperature
solubility,6501,minor,corrected,temperature
solubility,6502,minor,corrected,temperature
solubility,6503,minor,corrected,temperature
solubility,6504,minor,corrected,temperature
solubility,6505,minor,corrected,temperature
solubility,6506,minor,corrected,temperature
solubility,6507,minor,corrected,temperature
solubility,6508,minor,corrected,temperature
solubility,6509,minor,corrected,temperature
solubility,6510,minor,corrected,temperature
solubility,6511,correct,corrected,
solubility,6512,correct,corrected,
solubility,6513,correct,corrected,
solubility,6514,correct,corrected,
solubility,6515,correct,verified,
solubility,6516,correct,verified,
solubility,6517,correct,verified,
solubility,6518,correct,verified,
solubility,6519,correct,verified,
solubility,6520,correct,verified,
solubility,6521,correct,verified,
solubility,6522,correct,verified,
solubility,6523,correct,verified,
solubility,6524,correct,verified,
solubility,6525,correct,verified,
solubility,6526,correct,verified,
solubility,6527,correct,verified,
solubility,6528,correct,verified,
solubility,6529,correct,verified,
solubility,6530,correct,verified,
solubility,6531,correct,verified,
solubility,6532,correct,verified,
solubility,6533,correct,verified,
solubility,6534,correct,verified,
solubility,6535,minor,corrected,conversion
solubility,6536,minor,corrected,conversion
solubility,6537,minor,corrected,conversion
solubility,6538,minor,corrected,conversion
solubility,6539,minor,corrected,conversion
solubility,6540,minor,corrected,conversion
solubility,6541,minor,corrected,conversion
solubility,6542,minor,corrected,conversion
solubility,6543,minor,corrected,conversion
solubility,6544,minor,corrected,conversion
solubility,6545,minor,corrected,conversion
solubility,6546,minor,corrected,conversion
solubility,6547,minor,corrected,temperature
solubility,6548,minor,corrected,temperature
solubility,6549,minor,corrected,temperature
solubility,6550,minor,corrected,temperature
solubility,6551,minor,corrected,temperature
solubility,6552,minor,corrected,temperature
solubility,6553,minor,corrected,temperature
solubility,6554,minor,corrected,temperature
solubility,6555,minor,corrected,temperature
solubility,6556,minor,corrected,temperature
solubility,6557,minor,corrected,temperature
solubility,6558,minor,corrected,temperature
solubility,6559,minor,corrected,temperature
solubility,6560,minor,corrected,temperature
solubility,6561,minor,corrected,temperature
solubility,6562,minor,corrected,temperature
solubility,6563,minor,corrected,temperature
solubility,6564,minor,corrected,temperature
solubility,6565,minor,corrected,temperature
solubility,6566,minor,corrected,temperature
solubility,6567,minor,corrected,conversion
solubility,6568,minor,corrected,conversion
solubility,6569,minor,corrected,conversion
solubility,6570,minor,corrected,conversion
solubility,6571,minor,corrected,conversion
solubility,6572,minor,corrected,conversion
solubility,6573,minor,corrected,conversion
solubility,6574,minor,corrected,conversion
solubility,6575,minor,corrected,conversion
solubility,6576,minor,corrected,conversion
solubility,6577,minor,corrected,conversion
solubility,6578,minor,corrected,conversion
solubility,6579,unverifiable,not-verifiable,
solubility,6580,unverifiable,not-verifiable,
solubility,6581,unverifiable,not-verifiable,
solubility,6582,unverifiable,not-verifiable,
solubility,6583,unverifiable,not-verifiable,
solubility,6584,unverifiable,not-verifiable,
solubility,6585,unverifiable,not-verifiable,
solubility,6586,unverifiable,not-verifiable,
solubility,6587,unverifiable,not-verifiable,
solubility,6588,unverifiable,not-verifiable,
solubility,6589,unverifiable,not-verifiable,
solubility,6590,unverifiable,not-verifiable,
solubility,6591,unverifiable,not-verifiable,
solubility,6592,unverifiable,not-verifiable,
solubility,6593,unverifiable,not-verifiable,
solubility,6594,unverifiable,not-verifiable,
solubility,6595,unverifiable,not-verifiable,
solubility,6596,unverifiable,not-verifiable,
solubility,6597,unverifiable,not-verifiable,
solubility,6598,unverifiable,not-verifiable,
solubility,6599,unverifiable,not-verifiable,
solubility,6600,unverifiable,not-verifiable,
solubility,6601,unverifiable,not-verifiable,
solubility,6602,unverifiable,not-verifiable,
solubility,6603,minor,corrected,temperature
solubility,6604,minor,corrected,temperature
solubility,6605,minor,corrected,temperature
solubility,6606,minor,corrected,temperature
solubility,6607,minor,corrected,temperature
solubility,6608,minor,corrected,temperature
solubility,6609,minor,corrected,temperature
solubility,6610,minor,corrected,temperature
solubility,6611,minor,corrected,temperature
solubility,6612,minor,corrected,temperature
solubility,6613,minor,corrected,temperature
solubility,6614,minor,corrected,temperature
solubility,6615,minor,corrected,temperature
solubility,6616,minor,corrected,temperature
solubility,6617,minor,corrected,temperature
solubility,6618,minor,corrected,temperature
solubility,6619,minor,corrected,temperature
solubility,6620,minor,corrected,temperature
solubility,6621,minor,corrected,temperature
solubility,6622,minor,corrected,temperature
solubility,6623,correct,verified,
solubility,6624,correct,verified,
solubility,6625,correct,verified,
solubility,6626,correct,verified,
solubility,6627,correct,verified,
solubility,6628,correct,verified,
solubility,6629,correct,verified,
solubility,6630,correct,verified,
solubility,6631,correct,verified,
solubility,6632,correct,verified,
solubility,6633,correct,verified,
solubility,6634,correct,verified,
solubility,6635,correct,verified,
solubility,6636,correct,verified,
solubility,6637,correct,verified,
solubility,6638,correct,verified,
solubility,6639,minor,corrected,temperature
solubility,6640,minor,corrected,temperature
solubility,6641,minor,corrected,temperature
solubility,6642,minor,corrected,temperature
solubility,6643,minor,corrected,temperature
solubility,6644,minor,corrected,temperature
solubility,6645,minor,corrected,temperature
solubility,6646,minor,corrected,temperature
solubility,6647,minor,corrected,temperature
solubility,6648,minor,corrected,temperature
solubility,6649,minor,corrected,temperature
solubility,6650,minor,corrected,temperature
solubility,6651,minor,corrected,temperature
solubility,6652,minor,corrected,temperature
solubility,6653,correct,verified,
solubility,6654,correct,verified,
solubility,6655,correct,verified,
solubility,6656,correct,verified,
solubility,6657,correct,verified,
solubility,6658,correct,verified,
solubility,6659,correct,verified,
solubility,6660,correct,verified,
solubility,6661,correct,verified,
solubility,6662,correct,verified,
solubility,6663,correct,verified,
solubility,6664,correct,verified,
solubility,6665,correct,verified,
solubility,6666,correct,verified,
solubility,6667,correct,verified,
solubility,6668,correct,verified,
solubility,6669,correct,verified,
solubility,6670,correct,verified,
solubility,6671,correct,verified,
solubility,6672,correct,verified,
solubility,6673,minor,corrected,conversion
solubility,6674,minor,corrected,conversion
solubility,6675,minor,corrected,conversion
solubility,6676,minor,corrected,conversion
solubility,6677,minor,corrected,conversion
solubility,6678,minor,corrected,conversion
solubility,6679,minor,corrected,conversion
solubility,6680,minor,corrected,conversion
solubility,6681,minor,corrected,conversion
solubility,6682,minor,corrected,conversion
solubility,6683,minor,corrected,conversion
solubility,6684,minor,corrected,conversion
solubility,6685,minor,corrected,temperature
solubility,6686,minor,corrected,temperature
solubility,6687,minor,corrected,temperature
solubility,6688,minor,corrected,temperature
solubility,6689,minor,corrected,temperature
solubility,6690,minor,corrected,temperature
solubility,6691,minor,corrected,temperature
solubility,6692,minor,corrected,temperature
solubility,6693,minor,corrected,temperature
solubility,6694,minor,corrected,temperature
solubility,6695,minor,corrected,temperature
solubility,6696,minor,corrected,temperature
solubility,6697,minor,corrected,temperature
solubility,6698,minor,corrected,temperature
solubility,6699,minor,corrected,temperature
solubility,6700,minor,corrected,temperature
solubility,6701,minor,corrected,temperature
solubility,6702,minor,corrected,temperature
solubility,6703,minor,corrected,temperature
solubility,6704,minor,corrected,temperature
solubility,6705,minor,corrected,temperature
solubility,6706,minor,corrected,temperature
solubility,6707,minor,corrected,temperature
solubility,6708,minor,corrected,temperature
solubility,6709,minor,corrected,temperature
solubility,6710,minor,corrected,temperature
solubility,6711,minor,corrected,temperature
solubility,6712,minor,corrected,temperature
solubility,6713,minor,corrected,temperature
solubility,6714,minor,corrected,temperature
solubility,6715,minor,corrected,temperature
solubility,6716,minor,corrected,temperature
solubility,6717,minor,corrected,temperature
solubility,6718,minor,corrected,temperature
solubility,6719,minor,corrected,temperature
solubility,6720,minor,corrected,temperature
solubility,6721,minor,corrected,temperature
solubility,6722,minor,corrected,temperature
solubility,6723,minor,corrected,temperature
solubility,6724,minor,corrected,temperature
solubility,6725,minor,corrected,temperature
solubility,6726,minor,corrected,temperature
solubility,6727,minor,corrected,temperature
solubility,6728,minor,corrected,temperature
solubility,6729,minor,corrected,temperature
solubility,6730,minor,corrected,temperature
solubility,6731,minor,corrected,conversion
solubility,6732,minor,corrected,conversion
solubility,6733,minor,corrected,conversion
solubility,6734,minor,corrected,conversion
solubility,6735,minor,corrected,conversion
solubility,6736,minor,corrected,conversion
solubility,6737,minor,corrected,conversion
solubility,6738,minor,corrected,conversion
solubility,6739,minor,corrected,conversion
solubility,6740,minor,corrected,conversion
solubility,6741,minor,corrected,conversion
solubility,6742,minor,corrected,conversion
solubility,6743,unverifiable,not-verifiable,
solubility,6744,unverifiable,not-verifiable,
solubility,6745,unverifiable,not-verifiable,
solubility,6746,unverifiable,not-verifiable,
solubility,6747,unverifiable,not-verifiable,
solubility,6748,unverifiable,not-verifiable,
solubility,6749,unverifiable,not-verifiable,
solubility,6750,unverifiable,not-verifiable,
solubility,6751,unverifiable,not-verifiable,
solubility,6752,unverifiable,not-verifiable,
solubility,6753,unverifiable,not-verifiable,
solubility,6754,unverifiable,not-verifiable,
solubility,6755,unverifiable,not-verifiable,
solubility,6756,unverifiable,not-verifiable,
solubility,6757,unverifiable,not-verifiable,
solubility,6758,unverifiable,not-verifiable,
solubility,6759,unverifiable,not-verifiable,
solubility,6760,unverifiable,not-verifiable,
solubility,6761,unverifiable,not-verifiable,
solubility,6762,unverifiable,not-verifiable,
solubility,6763,unverifiable,not-verifiable,
solubility,6764,unverifiable,not-verifiable,
solubility,6765,minor,corrected,temperature
solubility,6766,minor,corrected,temperature
solubility,6767,minor,corrected,temperature
solubility,6768,minor,corrected,temperature
solubility,6769,minor,corrected,temperature
solubility,6770,minor,corrected,temperature
solubility,6771,minor,corrected,temperature
solubility,6772,minor,corrected,temperature
solubility,6773,minor,corrected,temperature
solubility,6774,minor,corrected,temperature
solubility,6775,minor,corrected,temperature
solubility,6776,minor,corrected,temperature
solubility,6777,minor,corrected,temperature
solubility,6778,minor,corrected,temperature
solubility,6779,minor,corrected,temperature
solubility,6780,minor,corrected,temperature
solubility,6781,minor,corrected,temperature
solubility,6782,minor,corrected,temperature
solubility,6783,minor,corrected,conversion
solubility,6784,minor,corrected,conversion
solubility,6785,minor,corrected,conversion
solubility,6786,minor,corrected,conversion
solubility,6787,minor,corrected,conversion
solubility,6788,minor,corrected,conversion
solubility,6789,minor,corrected,conversion
solubility,6790,minor,corrected,conversion
solubility,6791,minor,corrected,conversion
solubility,6792,minor,corrected,conversion
solubility,6793,minor,corrected,conversion
solubility,6794,minor,corrected,conversion
solubility,6795,minor,corrected,temperature
solubility,6796,minor,corrected,temperature
solubility,6797,minor,corrected,temperature
solubility,6798,minor,corrected,temperature
solubility,6799,minor,corrected,temperature
solubility,6800,minor,corrected,temperature
solubility,6801,minor,corrected,temperature
solubility,6802,minor,corrected,temperature
solubility,6803,minor,corrected,temperature
solubility,6804,minor,corrected,temperature
solubility,6805,minor,corrected,temperature
solubility,6806,minor,corrected,temperature
solubility,6807,minor,corrected,temperature
solubility,6808,minor,corrected,temperature
solubility,6809,minor,corrected,temperature
solubility,6810,minor,corrected,temperature
solubility,6811,minor,corrected,temperature
solubility,6812,minor,corrected,temperature
solubility,6813,minor,corrected,temperature
solubility,6814,minor,corrected,temperature
solubility,6815,minor,corrected,temperature
solubility,6816,minor,corrected,temperature
solubility,6817,minor,corrected,temperature
solubility,6818,minor,corrected,temperature
solubility,6819,minor,corrected,temperature
solubility,6820,minor,corrected,temperature
solubility,6821,minor,corrected,temperature
solubility,6822,minor,corrected,temperature
solubility,6823,minor,corrected,temperature
solubility,6824,minor,corrected,temperature
solubility,6825,minor,corrected,temperature
solubility,6826,minor,corrected,temperature
solubility,6827,minor,corrected,temperature
solubility,6828,minor,corrected,temperature
solubility,6829,minor,corrected,temperature
solubility,6830,minor,corrected,temperature
solubility,6831,minor,corrected,temperature
solubility,6832,minor,corrected,temperature
solubility,6833,minor,corrected,temperature
solubility,6834,minor,corrected,temperature
solubility,6835,minor,corrected,temperature
solubility,6836,minor,corrected,temperature
solubility,6837,minor,corrected,temperature
solubility,6838,minor,corrected,temperature
solubility,6839,minor,corrected,temperature
solubility,6840,minor,corrected,temperature
solubility,6841,minor,corrected,temperature
solubility,6842,minor,corrected,temperature
solubility,6843,minor,corrected,temperature
solubility,6844,minor,corrected,temperature
solubility,6845,minor,corrected,conversion
solubility,6846,minor,corrected,conversion
solubility,6847,minor,corrected,conversion
solubility,6848,minor,corrected,conversion
solubility,6849,minor,corrected,conversion
solubility,6850,minor,corrected,conversion
solubility,6851,minor,corrected,conversion
solubility,6852,minor,corrected,conversion
solubility,6853,minor,corrected,conversion
solubility,6854,minor,corrected,conversion
solubility,6855,unverifiable,not-verifiable,
solubility,6856,unverifiable,not-verifiable,
solubility,6857,unverifiable,not-verifiable,
solubility,6858,unverifiable,not-verifiable,
solubility,6859,unverifiable,not-verifiable,
solubility,6860,unverifiable,not-verifiable,
solubility,6861,unverifiable,not-verifiable,
solubility,6862,unverifiable,not-verifiable,
solubility,6863,unverifiable,not-verifiable,
solubility,6864,unverifiable,not-verifiable,
solubility,6865,unverifiable,not-verifiable,
solubility,6866,unverifiable,not-verifiable,
solubility,6867,unverifiable,not-verifiable,
solubility,6868,unverifiable,not-verifiable,
solubility,6869,unverifiable,not-verifiable,
solubility,6870,unverifiable,not-verifiable,
solubility,6871,unverifiable,not-verifiable,
solubility,6872,unverifiable,not-verifiable,
solubility,6873,unverifiable,not-verifiable,
solubility,6874,unverifiable,not-verifiable,
solubility,6875,unverifiable,not-verifiable,
solubility,6876,unverifiable,not-verifiable,
solubility,6877,minor,corrected,temperature
solubility,6878,minor,corrected,temperature
solubility,6879,minor,corrected,temperature
solubility,6880,minor,corrected,temperature
solubility,6881,minor,corrected,temperature
solubility,6882,minor,corrected,temperature
solubility,6883,minor,corrected,temperature
solubility,6884,minor,corrected,temperature
solubility,6885,minor,corrected,temperature
solubility,6886,minor,corrected,temperature
solubility,6887,minor,corrected,temperature
solubility,6888,minor,corrected,temperature
solubility,6889,minor,corrected,temperature
solubility,6890,minor,corrected,temperature
solubility,6891,minor,corrected,temperature
solubility,6892,minor,corrected,temperature
solubility,6893,minor,corrected,temperature
solubility,6894,minor,corrected,temperature
solubility,6895,minor,corrected,temperature
solubility,6896,minor,corrected,temperature
solubility,6897,minor,corrected,temperature
solubility,6898,minor,corrected,temperature
solubility,6899,minor,corrected,temperature
solubility,6900,minor,corrected,temperature
solubility,6901,minor,corrected,temperature
solubility,6902,minor,corrected,temperature
solubility,6903,minor,corrected,temperature
solubility,6904,minor,corrected,temperature
solubility,6905,minor,corrected,temperature
solubility,6906,minor,corrected,temperature
solubility,6907,minor,corrected,temperature
solubility,6908,minor,corrected,temperature
solubility,6909,minor,corrected,temperature
solubility,6910,minor,corrected,temperature
solubility,6911,minor,corrected,conversion
solubility,6912,minor,corrected,conversion
solubility,6913,minor,corrected,conversion
solubility,6914,minor,corrected,conversion
solubility,6915,minor,corrected,conversion
solubility,6916,minor,corrected,conversion
solubility,6917,minor,corrected,conversion
solubility,6918,minor,corrected,conversion
solubility,6919,minor,corrected,conversion
solubility,6920,minor,corrected,conversion
solubility,6921,unverifiable,not-verifiable,
solubility,6922,unverifiable,not-verifiable,
solubility,6923,unverifiable,not-verifiable,
solubility,6924,unverifiable,not-verifiable,
solubility,6925,unverifiable,not-verifiable,
solubility,6926,unverifiable,not-verifiable,
solubility,6927,unverifiable,not-verifiable,
solubility,6928,unverifiable,not-verifiable,
solubility,6929,unverifiable,not-verifiable,
solubility,6930,unverifiable,not-verifiable,
solubility,6931,unverifiable,not-verifiable,
solubility,6932,unverifiable,not-verifiable,
solubility,6933,unverifiable,not-verifiable,
solubility,6934,unverifiable,not-verifiable,
solubility,6935,unverifiable,not-verifiable,
solubility,6936,unverifiable,not-verifiable,
solubility,6937,unverifiable,not-verifiable,
solubility,6938,unverifiable,not-verifiable,
solubility,6939,unverifiable,not-verifiable,
solubility,6940,unverifiable,not-verifiable,
solubility,6941,minor,corrected,temperature
solubility,6942,minor,corrected,temperature
solubility,6943,minor,corrected,temperature
solubility,6944,minor,corrected,temperature
solubility,6945,minor,corrected,temperature
solubility,6946,minor,corrected,temperature
solubility,6947,minor,corrected,temperature
solubility,6948,minor,corrected,temperature
solubility,6949,minor,corrected,temperature
solubility,6950,minor,corrected,temperature
solubility,6951,minor,corrected,temperature
solubility,6952,minor,corrected,temperature
solubility,6953,minor,corrected,temperature
solubility,6954,minor,corrected,temperature
solubility,6955,minor,corrected,temperature
solubility,6956,minor,corrected,temperature
solubility,6957,minor,corrected,conversion
solubility,6958,minor,corrected,conversion
solubility,6959,minor,corrected,conversion
solubility,6960,minor,corrected,conversion
solubility,6961,minor,corrected,conversion
solubility,6962,minor,corrected,conversion
solubility,6963,minor,corrected,conversion
solubility,6964,minor,corrected,conversion
solubility,6965,minor,corrected,conversion
solubility,6966,minor,corrected,conversion
solubility,6967,unverifiable,not-verifiable,
solubility,6968,unverifiable,not-verifiable,
solubility,6969,unverifiable,not-verifiable,
solubility,6970,unverifiable,not-verifiable,
solubility,6971,unverifiable,not-verifiable,
solubility,6972,unverifiable,not-verifiable,
solubility,6973,unverifiable,not-verifiable,
solubility,6974,unverifiable,not-verifiable,
solubility,6975,unverifiable,not-verifiable,
solubility,6976,unverifiable,not-verifiable,
solubility,6977,unverifiable,not-verifiable,
solubility,6978,unverifiable,not-verifiable,
solubility,6979,unverifiable,not-verifiable,
solubility,6980,unverifiable,not-verifiable,
solubility,6981,unverifiable,not-verifiable,
solubility,6982,unverifiable,not-verifiable,
solubility,6983,unverifiable,not-verifiable,
solubility,6984,unverifiable,not-verifiable,
solubility,6985,minor,corrected,temperature
solubility,6986,minor,corrected,temperature
solubility,6987,minor,corrected,temperature
solubility,6988,minor,corrected,temperature
solubility,6989,minor,corrected,temperature
solubility,6990,minor,corrected,temperature
solubility,6991,minor,corrected,temperature
solubility,6992,minor,corrected,temperature
solubility,6993,minor,corrected,temperature
solubility,6994,minor,corrected,temperature
solubility,6995,minor,corrected,temperature
solubility,6996,minor,corrected,temperature
solubility,6997,minor,corrected,temperature
solubility,6998,minor,corrected,temperature
solubility,6999,minor,corrected,temperature
solubility,7000,minor,corrected,temperature
solubility,7001,minor,corrected,temperature
solubility,7002,minor,corrected,temperature
solubility,7003,minor,corrected,temperature
solubility,7004,minor,corrected,temperature
solubility,7005,unverifiable,not-verifiable,
solubility,7006,unverifiable,not-verifiable,
solubility,7007,unverifiable,not-verifiable,
solubility,7008,unverifiable,not-verifiable,
solubility,7009,unverifiable,not-verifiable,
solubility,7010,unverifiable,not-verifiable,
solubility,7011,unverifiable,not-verifiable,
solubility,7012,unverifiable,not-verifiable,
solubility,7013,unverifiable,not-verifiable,
solubility,7014,unverifiable,not-verifiable,
solubility,7015,unverifiable,not-verifiable,
solubility,7016,unverifiable,not-verifiable,
solubility,7017,correct,verified,
solubility,7018,correct,verified,
solubility,7019,correct,verified,
solubility,7020,correct,verified,
solubility,7021,correct,verified,
solubility,7022,correct,verified,
solubility,7023,correct,verified,
solubility,7024,correct,verified,
solubility,7025,correct,verified,
solubility,7026,correct,verified,
solubility,7027,correct,verified,
solubility,7028,correct,verified,
solubility,7029,correct,verified,
solubility,7030,correct,verified,
solubility,7031,correct,verified,
solubility,7032,correct,verified,
solubility,7033,correct,verified,
solubility,7034,correct,verified,
solubility,7035,correct,verified,
solubility,7036,correct,verified,
solubility,7037,correct,verified,
solubility,7038,correct,verified,
solubility,7039,correct,verified,
solubility,7040,correct,verified,
solubility,7041,correct,verified,
solubility,7042,correct,verified,
solubility,7043,correct,verified,
solubility,7044,correct,verified,
solubility,7045,correct,verified,
solubility,7046,correct,verified,
solubility,7047,correct,verified,
solubility,7048,correct,verified,
solubility,7049,correct,verified,
solubility,7050,correct,verified,
solubility,7051,correct,verified,
solubility,7052,correct,verified,
solubility,7053,correct,verified,
solubility,7054,correct,verified,
solubility,7055,correct,verified,
solubility,7056,correct,verified,
solubility,7057,correct,verified,
solubility,7058,correct,verified,
solubility,7059,correct,verified,
solubility,7060,correct,verified,
solubility,7061,correct,verified,
solubility,7062,correct,verified,
solubility,7063,correct,verified,
solubility,7064,correct,verified,
solubility,7065,correct,verified,
solubility,7066,correct,verified,
solubility,7067,correct,verified,
solubility,7068,correct,verified,
solubility,7069,correct,verified,
solubility,7070,correct,verified,
solubility,7071,correct,verified,
solubility,7072,correct,verified,
solubility,7073,correct,verified,
solubility,7074,correct,verified,
solubility,7075,correct,verified,
solubility,7076,correct,verified,
solubility,7077,correct,verified,
solubility,7078,correct,verified,
solubility,7079,correct,verified,
solubility,7080,correct,verified,
solubility,7081,correct,verified,
solubility,7082,correct,verified,
solubility,7083,correct,verified,
solubility,7084,correct,verified,
solubility,7085,correct,verified,
solubility,7086,correct,verified,
solubility,7087,correct,verified,
solubility,7088,correct,verified,
solubility,7089,correct,verified,
solubility,7090,correct,verified,
solubility,7091,correct,verified,
solubility,7092,correct,verified,
solubility,7093,correct,verified,
solubility,7094,correct,verified,
solubility,7095,correct,verified,
solubility,7096,correct,verified,
solubility,7097,correct,verified,
solubility,7098,correct,verified,
solubility,7099,correct,verified,
solubility,7100,correct,verified,
solubility,7101,correct,verified,
solubility,7102,correct,verified,
solubility,7103,correct,verified,
solubility,7104,correct,verified,
solubility,7105,correct,verified,
solubility,7106,correct,verified,
solubility,7107,correct,verified,
solubility,7108,correct,verified,
solubility,7109,correct,verified,
solubility,7110,correct,verified,
solubility,7111,correct,verified,
solubility,7112,correct,verified,
solubility,7113,correct,verified,
solubility,7114,correct,verified,
solubility,7115,correct,verified,
solubility,7116,correct,verified,
solubility,7117,correct,verified,
solubility,7118,correct,verified,
solubility,7119,correct,verified,
solubility,7120,correct,verified,
solubility,7121,correct,verified,
solubility,7122,correct,verified,
solubility,7123,correct,verified,
solubility,7124,correct,verified,
solubility,7125,correct,verified,
solubility,7126,correct,verified,
solubility,7127,correct,verified,
solubility,7128,correct,verified,
solubility,7129,correct,verified,
solubility,7130,correct,verified,
solubility,7131,correct,verified,
solubility,7132,correct,verified,
solubility,7133,correct,verified,
solubility,7134,correct,verified,
solubility,7135,correct,verified,
solubility,7136,correct,verified,
solubility,7137,correct,verified,
solubility,7138,correct,verified,
solubility,7139,correct,verified,
solubility,7140,correct,verified,
solubility,7141,correct,verified,
solubility,7142,correct,verified,
solubility,7143,correct,verified,
solubility,7144,correct,verified,
solubility,7145,correct,verified,
solubility,7146,correct,verified,
solubility,7147,correct,verified,
solubility,7148,correct,verified,
solubility,7149,correct,verified,
solubility,7150,correct,verified,
solubility,7151,correct,verified,
solubility,7152,correct,verified,
solubility,7153,correct,verified,
solubility,7154,correct,verified,
solubility,7155,correct,verified,
solubility,7156,correct,verified,
solubility,7157,correct,verified,
solubility,7158,correct,verified,
solubility,7159,correct,verified,
solubility,7160,correct,verified,
solubility,7161,correct,verified,
solubility,7162,correct,verified,
solubility,7163,correct,verified,
solubility,7164,correct,verified,
solubility,7165,correct,verified,
solubility,7166,correct,verified,
solubility,7167,correct,verified,
solubility,7168,correct,verified,
solubility,7169,correct,verified,
solubility,7170,correct,verified,
solubility,7171,correct,verified,
solubility,7172,correct,verified,
solubility,7173,correct,verified,
solubility,7174,correct,verified,
solubility,7175,correct,verified,
solubility,7176,correct,verified,
solubility,7177,correct,verified,
solubility,7178,correct,verified,
solubility,7179,correct,verified,
solubility,7180,correct,verified,
solubility,7181,correct,verified,
solubility,7182,correct,verified,
solubility,7183,correct,verified,
solubility,7184,correct,verified,
solubility,7185,correct,verified,
solubility,7186,correct,verified,
solubility,7187,correct,verified,
solubility,7188,correct,verified,
solubility,7189,correct,verified,
solubility,7190,correct,verified,
solubility,7191,correct,verified,
solubility,7192,correct,verified,
solubility,7193,correct,verified,
solubility,7194,correct,verified,
solubility,7195,correct,verified,
solubility,7196,correct,verified,
solubility,7197,correct,verified,
solubility,7198,correct,verified,
solubility,7199,correct,verified,
solubility,7200,correct,verified,
solubility,7201,correct,verified,
solubility,7202,correct,verified,
solubility,7203,correct,verified,
solubility,7204,correct,verified,
solubility,7205,correct,verified,
solubility,7206,correct,verified,
solubility,7207,correct,verified,
solubility,7208,correct,verified,
solubility,7209,correct,verified,
solubility,7210,correct,verified,
solubility,7211,correct,verified,
solubility,7212,correct,verified,
solubility,7213,correct,verified,
solubility,7214,correct,verified,
solubility,7215,correct,verified,
solubility,7216,correct,verified,
solubility,7217,correct,verified,
solubility,7218,correct,verified,
solubility,7219,correct,verified,
solubility,7220,correct,verified,
solubility,7221,correct,verified,
solubility,7222,correct,verified,
solubility,7223,correct,verified,
solubility,7224,correct,verified,
solubility,7225,correct,verified,
solubility,7226,correct,verified,
solubility,7227,correct,verified,
solubility,7228,correct,verified,
solubility,7229,correct,verified,
solubility,7230,correct,verified,
solubility,7231,correct,verified,
solubility,7232,correct,verified,
solubility,7233,correct,verified,
solubility,7234,correct,verified,
solubility,7235,correct,verified,
solubility,7236,correct,verified,
solubility,7237,correct,verified,
solubility,7238,correct,verified,
solubility,7239,correct,verified,
solubility,7240,correct,verified,
solubility,7241,correct,verified,
solubility,7242,correct,verified,
solubility,7243,correct,verified,
solubility,7244,correct,verified,
solubility,7245,correct,verified,
solubility,7246,correct,verified,
solubility,7247,correct,verified,
solubility,7248,correct,verified,
solubility,7249,correct,verified,
solubility,7250,correct,verified,
solubility,7251,correct,verified,
solubility,7252,correct,verified,
solubility,7253,correct,verified,
solubility,7254,correct,verified,
solubility,7255,correct,verified,
solubility,7256,correct,verified,
solubility,7257,correct,verified,
solubility,7258,correct,verified,
solubility,7259,correct,verified,
solubility,7260,correct,verified,
solubility,7261,correct,verified,
solubility,7262,correct,verified,
solubility,7263,correct,verified,
solubility,7264,correct,verified,
solubility,7265,correct,verified,
solubility,7266,correct,verified,
solubility,7267,correct,verified,
solubility,7268,correct,verified,
solubility,7269,correct,verified,
solubility,7270,correct,verified,
solubility,7271,correct,verified,
solubility,7272,correct,verified,
solubility,7273,correct,verified,
solubility,7274,correct,verified,
solubility,7275,correct,verified,
solubility,7276,correct,verified,
solubility,7277,correct,verified,
solubility,7278,correct,verified,
solubility,7279,correct,verified,
solubility,7280,correct,verified,
solubility,7281,correct,verified,
solubility,7282,correct,verified,
solubility,7283,correct,verified,
solubility,7284,correct,verified,
solubility,7285,correct,verified,
solubility,7286,correct,verified,
solubility,7287,correct,verified,
solubility,7288,correct,verified,
solubility,7289,correct,verified,
solubility,7290,correct,verified,
solubility,7291,correct,verified,
solubility,7292,correct,verified,
solubility,7293,correct,verified,
solubility,7294,correct,verified,
solubility,7295,correct,verified,
solubility,7296,correct,verified,
solubility,7297,correct,verified,
solubility,7298,correct,verified,
solubility,7299,correct,verified,
solubility,7300,correct,verified,
solubility,7301,correct,verified,
solubility,7302,correct,verified,
solubility,7303,correct,verified,
solubility,7304,correct,verified,
solubility,7305,correct,verified,
solubility,7306,correct,verified,
solubility,7307,correct,verified,
solubility,7308,correct,verified,
solubility,7309,correct,verified,
solubility,7310,correct,verified,
solubility,7311,correct,verified,
solubility,7312,correct,verified,
solubility,7313,correct,verified,
solubility,7314,correct,verified,
solubility,7315,correct,verified,
solubility,7316,correct,verified,
solubility,7317,correct,verified,
solubility,7318,correct,verified,
solubility,7319,correct,verified,
solubility,7320,correct,verified,
solubility,7321,correct,verified,
solubility,7322,correct,verified,
solubility,7323,correct,verified,
solubility,7324,correct,verified,
solubility,7325,correct,verified,
solubility,7326,correct,verified,
solubility,7327,correct,verified,
solubility,7328,correct,verified,
solubility,7329,correct,verified,
solubility,7330,correct,verified,
solubility,7331,correct,verified,
solubility,7332,correct,verified,
solubility,7333,correct,verified,
solubility,7334,correct,verified,
solubility,7335,correct,verified,
solubility,7336,correct,verified,
solubility,7337,correct,verified,
solubility,7338,correct,verified,
solubility,7339,correct,verified,
solubility,7340,correct,verified,
solubility,7341,correct,verified,
solubility,7342,correct,verified,
solubility,7343,correct,verified,
solubility,7344,correct,verified,
solubility,7345,correct,verified,
solubility,7346,correct,verified,
solubility,7347,correct,verified,
solubility,7348,correct,verified,
solubility,7349,correct,verified,
solubility,7350,correct,verified,
solubility,7351,correct,verified,
solubility,7352,correct,verified,
solubility,7353,correct,verified,
solubility,7354,correct,verified,
solubility,7355,correct,verified,
solubility,7356,correct,verified,
solubility,7357,correct,verified,
solubility,7358,correct,verified,
solubility,7359,correct,verified,
solubility,7360,correct,verified,
solubility,7361,correct,verified,
solubility,7362,correct,verified,
solubility,7363,correct,verified,
solubility,7364,correct,verified,
solubility,7365,correct,verified,
solubility,7366,correct,verified,
solubility,7367,correct,verified,
solubility,7368,correct,verified,
solubility,7369,correct,verified,
solubility,7370,correct,verified,
solubility,7371,correct,verified,
solubility,7372,correct,verified,
solubility,7373,correct,verified,
solubility,7374,correct,verified,
solubility,7375,correct,verified,
solubility,7376,correct,verified,
solubility,7377,correct,verified,
solubility,7378,correct,verified,
solubility,7379,correct,verified,
solubility,7380,correct,verified,
solubility,7381,correct,verified,
solubility,7382,correct,verified,
solubility,7383,correct,verified,
solubility,7384,correct,verified,
solubility,7385,correct,verified,
solubility,7386,correct,verified,
solubility,7387,correct,verified,
solubility,7388,correct,verified,
solubility,7389,correct,verified,
solubility,7390,correct,verified,
solubility,7391,correct,verified,
solubility,7392,correct,verified,
solubility,7393,correct,verified,
solubility,7394,correct,verified,
solubility,7395,correct,verified,
solubility,7396,correct,verified,
solubility,7397,correct,verified,
solubility,7398,correct,verified,
solubility,7399,correct,verified,
solubility,7400,correct,verified,
solubility,7401,correct,verified,
solubility,7402,correct,verified,
solubility,7403,correct,verified,
solubility,7404,correct,verified,
solubility,7405,correct,verified,
solubility,7406,correct,verified,
solubility,7407,correct,verified,
solubility,7408,correct,verified,
solubility,7409,correct,verified,
solubility,7410,correct,verified,
solubility,7411,correct,verified,
solubility,7412,correct,verified,
solubility,7413,correct,verified,
solubility,7414,correct,verified,
solubility,7415,correct,verified,
solubility,7416,correct,verified,
solubility,7417,correct,verified,
solubility,7418,correct,verified,
solubility,7419,correct,verified,
solubility,7420,correct,verified,
solubility,7421,correct,verified,
solubility,7422,correct,verified,
solubility,7423,correct,verified,
solubility,7424,correct,verified,
solubility,7425,correct,verified,
solubility,7426,correct,verified,
solubility,7427,correct,verified,
solubility,7428,correct,verified,
solubility,7429,correct,verified,
solubility,7430,correct,verified,
solubility,7431,correct,verified,
solubility,7432,correct,verified,
solubility,7433,correct,verified,
solubility,7434,correct,verified,
solubility,7435,correct,verified,
solubility,7436,correct,verified,
solubility,7437,correct,verified,
solubility,7438,correct,verified,
solubility,7439,correct,verified,
solubility,7440,correct,verified,
solubility,7441,correct,verified,
solubility,7442,correct,verified,
solubility,7443,correct,verified,
solubility,7444,correct,verified,
solubility,7445,correct,verified,
solubility,7446,correct,verified,
solubility,7447,correct,verified,
solubility,7448,correct,verified,
solubility,7449,correct,verified,
solubility,7450,correct,verified,
solubility,7451,correct,verified,
solubility,7452,correct,verified,
solubility,7453,correct,verified,
solubility,7454,correct,verified,
solubility,7455,correct,verified,
solubility,7456,correct,verified,
solubility,7457,correct,verified,
solubility,7458,correct,verified,
solubility,7459,correct,verified,
solubility,7460,correct,verified,
solubility,7461,correct,verified,
solubility,7462,correct,verified,
solubility,7463,correct,verified,
solubility,7464,correct,verified,
solubility,7465,correct,verified,
solubility,7466,correct,verified,
solubility,7467,correct,verified,
solubility,7468,correct,verified,
solubility,7469,correct,verified,
solubility,7470,correct,verified,
solubility,7471,correct,verified,
solubility,7472,correct,verified,
solubility,7473,correct,verified,
solubility,7474,correct,verified,
solubility,7475,correct,verified,
solubility,7476,correct,verified,
solubility,7477,correct,verified,
solubility,7478,correct,verified,
solubility,7479,correct,verified,
solubility,7480,correct,verified,
solubility,7481,correct,verified,
solubility,7482,correct,verified,
solubility,7483,correct,verified,
solubility,7484,correct,verified,
solubility,7485,correct,verified,
solubility,7486,correct,verified,
solubility,7487,correct,verified,
solubility,7488,correct,verified,
solubility,7489,correct,verified,
solubility,7490,correct,verified,
solubility,7491,correct,verified,
solubility,7492,correct,verified,
solubility,7493,correct,verified,
solubility,7494,correct,verified,
solubility,7495,correct,verified,
solubility,7496,correct,verified,
solubility,7497,correct,verified,
solubility,7498,correct,verified,
solubility,7499,correct,verified,
solubility,7500,correct,verified,
solubility,7501,correct,verified,
solubility,7502,correct,verified,
solubility,7503,correct,verified,
solubility,7504,correct,verified,
solubility,7505,correct,verified,
solubility,7506,correct,verified,
solubility,7507,correct,verified,
solubility,7508,correct,verified,
solubility,7509,correct,verified,
solubility,7510,correct,verified,
solubility,7511,correct,verified,
solubility,7512,correct,verified,
solubility,7513,correct,verified,
solubility,7514,correct,verified,
solubility,7515,correct,verified,
solubility,7516,correct,verified,
solubility,7517,correct,verified,
solubility,7518,correct,verified,
solubility,7519,correct,verified,
solubility,7520,correct,verified,
solubility,7521,correct,verified,
solubility,7522,correct,verified,
solubility,7523,correct,verified,
solubility,7524,correct,verified,
solubility,7525,unverifiable,not-verifiable,
solubility,7526,unverifiable,not-verifiable,
solubility,7527,unverifiable,not-verifiable,
solubility,7528,unverifiable,not-verifiable,
solubility,7529,unverifiable,not-verifiable,
solubility,7530,unverifiable,not-verifiable,
solubility,7531,unverifiable,not-verifiable,
solubility,7532,unverifiable,not-verifiable,
solubility,7533,unverifiable,not-verifiable,
solubility,7534,unverifiable,not-verifiable,
solubility,7535,unverifiable,not-verifiable,
solubility,7536,unverifiable,not-verifiable,
solubility,7537,unverifiable,not-verifiable,
solubility,7538,unverifiable,not-verifiable,
solubility,7539,unverifiable,not-verifiable,
solubility,7540,unverifiable,not-verifiable,
solubility,7541,unverifiable,not-verifiable,
solubility,7542,unverifiable,not-verifiable,
solubility,7543,unverifiable,not-verifiable,
solubility,7544,unverifiable,not-verifiable,
solubility,7545,unverifiable,not-verifiable,
solubility,7546,unverifiable,not-verifiable,
solubility,7547,unverifiable,not-verifiable,
solubility,7548,unverifiable,not-verifiable,
solubility,7549,unverifiable,not-verifiable,
solubility,7550,unverifiable,not-verifiable,
solubility,7551,unverifiable,not-verifiable,
solubility,7552,unverifiable,not-verifiable,
solubility,7553,unverifiable,not-verifiable,
solubility,7554,unverifiable,not-verifiable,
solubility,7555,unverifiable,not-verifiable,
solubility,7556,unverifiable,not-verifiable,
solubility,7557,unverifiable,not-verifiable,
solubility,7558,unverifiable,not-verifiable,
solubility,7559,unverifiable,not-verifiable,
solubility,7560,unverifiable,not-verifiable,
solubility,7561,unverifiable,not-verifiable,
solubility,7562,unverifiable,not-verifiable,
solubility,7563,unverifiable,not-verifiable,
solubility,7564,unverifiable,not-verifiable,
solubility,7565,unverifiable,not-verifiable,
solubility,7566,unverifiable,not-verifiable,
solubility,7567,unverifiable,not-verifiable,
solubility,7568,unverifiable,not-verifiable,
solubility,7569,unverifiable,not-verifiable,
solubility,7570,unverifiable,not-verifiable,
solubility,7571,unverifiable,not-verifiable,
solubility,7572,unverifiable,not-verifiable,
solubility,7573,unverifiable,not-verifiable,
solubility,7574,unverifiable,not-verifiable,
solubility,7575,unverifiable,not-verifiable,
solubility,7576,unverifiable,not-verifiable,
solubility,7577,unverifiable,not-verifiable,
solubility,7578,unverifiable,not-verifiable,
solubility,7579,unverifiable,not-verifiable,
solubility,7580,unverifiable,not-verifiable,
solubility,7581,unverifiable,not-verifiable,
solubility,7582,unverifiable,not-verifiable,
solubility,7583,unverifiable,not-verifiable,
solubility,7584,unverifiable,not-verifiable,
solubility,7585,unverifiable,not-verifiable,
solubility,7586,unverifiable,not-verifiable,
solubility,7587,unverifiable,not-verifiable,
solubility,7588,unverifiable,not-verifiable,
solubility,7589,unverifiable,not-verifiable,
solubility,7590,unverifiable,not-verifiable,
solubility,7591,unverifiable,not-verifiable,
solubility,7592,unverifiable,not-verifiable,
solubility,7593,unverifiable,not-verifiable,
solubility,7594,unverifiable,not-verifiable,
solubility,7595,unverifiable,not-verifiable,
solubility,7596,unverifiable,not-verifiable,
solubility,7597,unverifiable,not-verifiable,
solubility,7598,unverifiable,not-verifiable,
solubility,7599,unverifiable,not-verifiable,
solubility,7600,unverifiable,not-verifiable,
solubility,7601,unverifiable,not-verifiable,
solubility,7602,unverifiable,not-verifiable,
solubility,7603,unverifiable,not-verifiable,
solubility,7604,unverifiable,not-verifiable,
solubility,7605,unverifiable,not-verifiable,
solubility,7606,unverifiable,not-verifiable,
solubility,7607,unverifiable,not-verifiable,
solubility,7608,unverifiable,not-verifiable,
solubility,7609,unverifiable,not-verifiable,
solubility,7610,unverifiable,not-verifiable,
solubility,7611,unverifiable,not-verifiable,
solubility,7612,unverifiable,not-verifiable,
solubility,7613,unverifiable,not-verifiable,
solubility,7614,unverifiable,not-verifiable,
solubility,7615,unverifiable,not-verifiable,
solubility,7616,unverifiable,not-verifiable,
solubility,7617,unverifiable,not-verifiable,
solubility,7618,unverifiable,not-verifiable,
solubility,7619,unverifiable,not-verifiable,
solubility,7620,unverifiable,not-verifiable,
solubility,7621,unverifiable,not-verifiable,
solubility,7622,unverifiable,not-verifiable,
solubility,7623,unverifiable,not-verifiable,
solubility,7624,unverifiable,not-verifiable,
solubility,7625,unverifiable,not-verifiable,
solubility,7626,unverifiable,not-verifiable,
solubility,7627,unverifiable,not-verifiable,
solubility,7628,unverifiable,not-verifiable,
solubility,7629,unverifiable,not-verifiable,
solubility,7630,unverifiable,not-verifiable,
solubility,7631,unverifiable,not-verifiable,
solubility,7632,unverifiable,not-verifiable,
solubility,7633,unverifiable,not-verifiable,
solubility,7634,unverifiable,not-verifiable,
solubility,7635,unverifiable,not-verifiable,
solubility,7636,unverifiable,not-verifiable,
solubility,7637,unverifiable,not-verifiable,
solubility,7638,unverifiable,not-verifiable,
solubility,7639,unverifiable,not-verifiable,
solubility,7640,unverifiable,not-verifiable,
solubility,7641,unverifiable,not-verifiable,
solubility,7642,unverifiable,not-verifiable,
solubility,7643,unverifiable,not-verifiable,
solubility,7644,unverifiable,not-verifiable,
solubility,7645,unverifiable,not-verifiable,
solubility,7646,unverifiable,not-verifiable,
solubility,7647,unverifiable,not-verifiable,
solubility,7648,unverifiable,not-verifiable,
solubility,7649,unverifiable,not-verifiable,
solubility,7650,unverifiable,not-verifiable,
solubility,7651,unverifiable,not-verifiable,
solubility,7652,unverifiable,not-verifiable,
solubility,7653,unverifiable,not-verifiable,
solubility,7654,unverifiable,not-verifiable,
solubility,7655,unverifiable,not-verifiable,
solubility,7656,unverifiable,not-verifiable,
solubility,7657,unverifiable,not-verifiable,
solubility,7658,unverifiable,not-verifiable,
solubility,7659,unverifiable,not-verifiable,
solubility,7660,unverifiable,not-verifiable,
solubility,7661,unverifiable,not-verifiable,
solubility,7662,unverifiable,not-verifiable,
solubility,7663,unverifiable,not-verifiable,
solubility,7664,unverifiable,not-verifiable,
solubility,7665,unverifiable,not-verifiable,
solubility,7666,unverifiable,not-verifiable,
solubility,7667,unverifiable,not-verifiable,
solubility,7668,unverifiable,not-verifiable,
solubility,7669,unverifiable,not-verifiable,
solubility,7670,unverifiable,not-verifiable,
solubility,7671,unverifiable,not-verifiable,
solubility,7672,unverifiable,not-verifiable,
solubility,7673,unverifiable,not-verifiable,
solubility,7674,unverifiable,not-verifiable,
solubility,7675,correct,verified,
solubility,7676,correct,verified,
solubility,7677,correct,verified,
solubility,7678,correct,verified,
solubility,7679,correct,verified,
solubility,7680,correct,verified,
solubility,7681,correct,verified,
solubility,7682,correct,verified,
solubility,7683,correct,verified,
solubility,7684,correct,verified,
solubility,7685,correct,verified,
solubility,7686,correct,verified,
solubility,7687,correct,verified,
solubility,7688,correct,verified,
solubility,7689,correct,verified,
solubility,7690,correct,verified,
solubility,7691,correct,verified,
solubility,7692,correct,verified,
solubility,7693,correct,verified,
solubility,7694,correct,verified,
solubility,7695,correct,verified,
solubility,7696,correct,verified,
solubility,7697,correct,verified,
solubility,7698,correct,verified,
solubility,7699,correct,verified,
solubility,7700,correct,verified,
solubility,7701,correct,verified,
solubility,7702,correct,verified,
solubility,7703,correct,verified,
solubility,7704,correct,verified,
solubility,7705,correct,verified,
solubility,7706,correct,verified,
solubility,7707,correct,verified,
solubility,7708,correct,verified,
solubility,7709,correct,verified,
solubility,7710,correct,verified,
solubility,7711,correct,verified,
solubility,7712,correct,verified,
solubility,7713,correct,verified,
solubility,7714,correct,verified,
solubility,7715,correct,verified,
solubility,7716,correct,verified,
solubility,7717,correct,verified,
solubility,7718,correct,verified,
solubility,7719,correct,verified,
solubility,7720,correct,verified,
solubility,7721,correct,verified,
solubility,7722,correct,verified,
solubility,7723,correct,verified,
solubility,7724,correct,verified,
solubility,7725,correct,verified,
solubility,7726,correct,verified,
solubility,7727,correct,verified,
solubility,7728,correct,verified,
solubility,7729,correct,verified,
solubility,7730,correct,verified,
solubility,7731,correct,verified,
solubility,7732,correct,verified,
solubility,7733,correct,verified,
solubility,7734,correct,verified,
solubility,7735,correct,verified,
solubility,7736,correct,verified,
solubility,7737,correct,verified,
solubility,7738,correct,verified,
solubility,7739,correct,verified,
solubility,7740,correct,verified,
solubility,7741,correct,verified,
solubility,7742,correct,verified,
solubility,7743,correct,verified,
solubility,7744,correct,verified,
solubility,7745,correct,verified,
solubility,7746,correct,verified,
solubility,7747,correct,verified,
solubility,7748,correct,verified,
solubility,7749,correct,verified,
solubility,7750,correct,verified,
solubility,7751,correct,verified,
solubility,7752,correct,verified,
solubility,7753,correct,verified,
solubility,7754,correct,verified,
solubility,7755,correct,verified,
solubility,7756,correct,verified,
solubility,7757,correct,corrected,
solubility,7758,correct,corrected,
solubility,7759,correct,corrected,
solubility,7760,correct,corrected,
solubility,7761,correct,corrected,
solubility,7762,correct,corrected,
solubility,7763,correct,corrected,
solubility,7764,correct,corrected,
solubility,7765,correct,corrected,
solubility,7766,correct,corrected,
solubility,7767,correct,corrected,
solubility,7768,correct,corrected,
solubility,7769,correct,corrected,
solubility,7770,correct,corrected,
solubility,7771,correct,corrected,
solubility,7772,correct,corrected,
solubility,7773,correct,corrected,
solubility,7774,correct,corrected,
solubility,7775,correct,corrected,
solubility,7776,correct,corrected,
solubility,7777,correct,corrected,
solubility,7778,correct,corrected,
solubility,7779,correct,corrected,
solubility,7780,correct,corrected,
solubility,7781,correct,corrected,
solubility,7782,correct,corrected,
solubility,7783,correct,corrected,
solubility,7784,correct,corrected,
solubility,7785,correct,corrected,
solubility,7786,correct,corrected,
solubility,7787,correct,corrected,
solubility,7788,correct,corrected,
solubility,7789,correct,corrected,
solubility,7790,correct,corrected,
solubility,7791,correct,corrected,
solubility,7792,correct,corrected,
solubility,7793,correct,corrected,
solubility,7794,correct,corrected,
solubility,7795,correct,corrected,
solubility,7796,correct,corrected,
solubility,7797,correct,corrected,
solubility,7798,correct,corrected,
solubility,7799,correct,corrected,
solubility,7800,correct,corrected,
solubility,7801,correct,corrected,
solubility,7802,correct,corrected,
solubility,7803,correct,corrected,
solubility,7804,correct,corrected,
solubility,7805,correct,corrected,
solubility,7806,correct,corrected,
solubility,7807,correct,corrected,
solubility,7808,correct,corrected,
solubility,7809,correct,corrected,
solubility,7810,correct,corrected,
solubility,7811,correct,corrected,
solubility,7812,correct,corrected,
solubility,7813,correct,corrected,
solubility,7814,correct,corrected,
solubility,7815,correct,corrected,
solubility,7816,correct,corrected,
solubility,7817,correct,corrected,
solubility,7818,correct,corrected,
solubility,7819,correct,corrected,
solubility,7820,correct,corrected,
solubility,7821,correct,corrected,
solubility,7822,correct,corrected,
solubility,7823,correct,corrected,
solubility,7824,correct,corrected,
solubility,7825,correct,corrected,
solubility,7826,correct,corrected,
solubility,7827,correct,corrected,
solubility,7828,correct,corrected,
solubility,7829,correct,corrected,
solubility,7830,correct,corrected,
solubility,7831,correct,corrected,
solubility,7832,correct,corrected,
solubility,7833,correct,corrected,
solubility,7834,correct,corrected,
solubility,7835,correct,corrected,
solubility,7836,correct,corrected,
solubility,7837,correct,corrected,
solubility,7838,correct,corrected,
solubility,7839,correct,corrected,
solubility,7840,correct,corrected,
solubility,7841,correct,corrected,
solubility,7842,correct,corrected,
solubility,7843,correct,corrected,
solubility,7844,correct,corrected,
solubility,7845,correct,corrected,
solubility,7846,correct,corrected,
solubility,7847,correct,corrected,
solubility,7848,correct,corrected,
solubility,7849,correct,corrected,
solubility,7850,correct,corrected,
solubility,7851,correct,corrected,
solubility,7852,correct,corrected,
solubility,7853,correct,corrected,
solubility,7854,correct,corrected,
solubility,7855,correct,corrected,
solubility,7856,correct,corrected,
solubility,7857,correct,corrected,
solubility,7858,correct,corrected,
solubility,7859,correct,corrected,
solubility,7860,correct,corrected,
solubility,7861,correct,corrected,
solubility,7862,correct,corrected,
solubility,7863,correct,corrected,
solubility,7864,correct,corrected,
solubility,7865,correct,corrected,
solubility,7866,correct,corrected,
solubility,7867,correct,corrected,
solubility,7868,correct,corrected,
solubility,7869,correct,corrected,
solubility,7870,correct,corrected,
solubility,7871,correct,corrected,
solubility,7872,correct,corrected,
solubility,7873,correct,corrected,
solubility,7874,correct,corrected,
solubility,7875,correct,corrected,
solubility,7876,correct,corrected,
solubility,7877,correct,corrected,
solubility,7878,correct,corrected,
solubility,7879,correct,corrected,
solubility,7880,correct,corrected,
solubility,7881,correct,corrected,
solubility,7882,correct,corrected,
solubility,7883,correct,corrected,
solubility,7884,correct,corrected,
solubility,7885,correct,corrected,
solubility,7886,correct,corrected,
solubility,7887,correct,corrected,
solubility,7888,correct,corrected,
solubility,7889,correct,corrected,
solubility,7890,correct,corrected,
solubility,7891,correct,corrected,
solubility,7892,correct,corrected,
solubility,7893,correct,corrected,
solubility,7894,correct,corrected,
solubility,7895,correct,corrected,
solubility,7896,correct,corrected,
solubility,7897,correct,corrected,
solubility,7898,correct,corrected,
solubility,7899,correct,corrected,
solubility,7900,correct,corrected,
solubility,7901,correct,corrected,
solubility,7902,correct,corrected,
solubility,7903,correct,corrected,
solubility,7904,correct,corrected,
solubility,7905,correct,corrected,
solubility,7906,correct,corrected,
solubility,7907,correct,corrected,
solubility,7908,correct,corrected,
solubility,7909,correct,corrected,
solubility,7910,correct,corrected,
solubility,7911,correct,corrected,
solubility,7912,correct,corrected,
solubility,7913,correct,corrected,
solubility,7914,correct,corrected,
solubility,7915,correct,corrected,
solubility,7916,correct,corrected,
solubility,7917,correct,corrected,
solubility,7918,correct,corrected,
solubility,7919,correct,corrected,
solubility,7920,correct,corrected,
solubility,7921,correct,corrected,
solubility,7922,correct,corrected,
solubility,7923,correct,corrected,
solubility,7924,correct,corrected,
solubility,7925,correct,corrected,
solubility,7926,correct,corrected,
solubility,7927,correct,corrected,
solubility,7928,correct,corrected,
solubility,7929,correct,corrected,
solubility,7930,correct,corrected,
solubility,7931,correct,corrected,
solubility,7932,correct,corrected,
solubility,7933,correct,corrected,
solubility,7934,correct,corrected,
solubility,7935,correct,corrected,
solubility,7936,correct,corrected,
solubility,7937,correct,corrected,
solubility,7938,correct,corrected,
solubility,7939,correct,corrected,
solubility,7940,correct,corrected,
solubility,7941,correct,corrected,
solubility,7942,correct,corrected,
solubility,7943,correct,corrected,
solubility,7944,correct,corrected,
solubility,7945,correct,corrected,
solubility,7946,correct,corrected,
solubility,7947,correct,corrected,
solubility,7948,correct,corrected,
solubility,7949,correct,corrected,
solubility,7950,correct,corrected,
solubility,7951,correct,corrected,
solubility,7952,correct,corrected,
solubility,7953,correct,corrected,
solubility,7954,correct,corrected,
solubility,7955,correct,corrected,
solubility,7956,correct,corrected,
solubility,7957,correct,corrected,
solubility,7958,correct,corrected,
solubility,7959,correct,corrected,
solubility,7960,correct,corrected,
solubility,7961,correct,corrected,
solubility,7962,correct,corrected,
solubility,7963,correct,corrected,
solubility,7964,correct,corrected,
solubility,7965,correct,corrected,
solubility,7966,correct,corrected,
solubility,7967,correct,corrected,
solubility,7968,correct,corrected,
solubility,7969,correct,corrected,
solubility,7970,correct,corrected,
solubility,7971,correct,corrected,
solubility,7972,correct,corrected,
solubility,7973,correct,corrected,
solubility,7974,correct,corrected,
solubility,7975,correct,corrected,
solubility,7976,correct,corrected,
solubility,7977,correct,corrected,
solubility,7978,correct,corrected,
solubility,7979,correct,corrected,
solubility,7980,correct,corrected,
solubility,7981,correct,corrected,
solubility,7982,correct,corrected,
solubility,7983,correct,corrected,
solubility,7984,correct,corrected,
solubility,7985,correct,corrected,
solubility,7986,correct,corrected,
solubility,7987,correct,corrected,
solubility,7988,correct,corrected,
solubility,7989,correct,corrected,
solubility,7990,correct,corrected,
solubility,7991,correct,corrected,
solubility,7992,correct,corrected,
solubility,7993,correct,corrected,
solubility,7994,correct,corrected,
solubility,7995,correct,corrected,
solubility,7996,correct,corrected,
solubility,7997,correct,corrected,
solubility,7998,correct,corrected,
solubility,7999,correct,corrected,
solubility,8000,correct,corrected,
solubility,8001,correct,corrected,
solubility,8002,correct,corrected,
solubility,8003,correct,corrected,
solubility,8004,correct,corrected,
solubility,8005,correct,corrected,
solubility,8006,correct,corrected,
solubility,8007,correct,corrected,
solubility,8008,correct,corrected,
solubility,8009,correct,corrected,
solubility,8010,correct,corrected,
solubility,8011,correct,corrected,
solubility,8012,correct,corrected,
solubility,8013,correct,corrected,
solubility,8014,correct,corrected,
solubility,8015,correct,corrected,
solubility,8016,correct,corrected,
solubility,8017,correct,corrected,
solubility,8018,correct,corrected,
solubility,8019,correct,corrected,
solubility,8020,correct,corrected,
solubility,8021,correct,corrected,
solubility,8022,correct,corrected,
solubility,8023,correct,corrected,
solubility,8024,correct,corrected,
solubility,8025,correct,corrected,
solubility,8026,correct,corrected,
solubility,8027,correct,corrected,
solubility,8028,correct,corrected,
solubility,8029,correct,verified,
solubility,8030,correct,verified,
solubility,8031,correct,verified,
solubility,8032,correct,verified,
solubility,8033,correct,verified,
solubility,8034,correct,verified,
solubility,8035,correct,verified,
solubility,8036,correct,verified,
solubility,8037,correct,verified,
solubility,8038,correct,verified,
solubility,8039,correct,verified,
solubility,8040,correct,verified,
solubility,8041,correct,verified,
solubility,8042,correct,verified,
solubility,8043,correct,verified,
solubility,8044,correct,verified,
solubility,8045,correct,verified,
solubility,8046,correct,verified,
solubility,8047,correct,verified,
solubility,8048,correct,verified,
solubility,8049,correct,verified,
solubility,8050,correct,verified,
solubility,8051,correct,verified,
solubility,8052,correct,verified,
solubility,8053,correct,verified,
solubility,8054,correct,verified,
solubility,8055,correct,verified,
solubility,8056,correct,verified,
solubility,8057,correct,verified,
solubility,8058,correct,verified,
solubility,8059,correct,verified,
solubility,8060,correct,verified,
solubility,8061,correct,verified,
solubility,8062,correct,verified,
solubility,8063,correct,verified,
solubility,8064,correct,verified,
solubility,8065,correct,verified,
solubility,8066,correct,verified,
solubility,8067,correct,verified,
solubility,8068,correct,verified,
solubility,8069,correct,verified,
solubility,8070,correct,verified,
solubility,8071,correct,verified,
solubility,8072,correct,verified,
solubility,8073,correct,verified,
solubility,8074,correct,verified,
solubility,8075,correct,verified,
solubility,8076,correct,verified,
solubility,8077,correct,verified,
solubility,8078,correct,verified,
solubility,8079,correct,verified,
solubility,8080,correct,verified,
solubility,8081,correct,verified,
solubility,8082,correct,verified,
solubility,8083,correct,verified,
solubility,8084,correct,verified,
solubility,8085,correct,verified,
solubility,8086,correct,verified,
solubility,8087,correct,verified,
solubility,8088,correct,verified,
solubility,8089,correct,verified,
solubility,8090,correct,verified,
solubility,8091,correct,verified,
solubility,8092,correct,verified,
solubility,8093,correct,verified,
solubility,8094,correct,verified,
solubility,8095,correct,verified,
solubility,8096,correct,verified,
solubility,8097,correct,verified,
solubility,8098,correct,verified,
solubility,8099,correct,verified,
solubility,8100,correct,verified,
solubility,8101,correct,verified,
solubility,8102,correct,verified,
solubility,8103,correct,verified,
solubility,8104,correct,verified,
solubility,8105,correct,verified,
solubility,8106,correct,verified,
solubility,8107,minor,corrected,temperature
solubility,8108,minor,corrected,temperature
solubility,8109,minor,corrected,temperature
solubility,8110,minor,corrected,temperature
solubility,8111,minor,corrected,temperature
solubility,8112,minor,corrected,temperature
solubility,8113,minor,corrected,temperature
solubility,8114,minor,corrected,temperature
solubility,8115,minor,corrected,temperature
solubility,8116,minor,corrected,temperature
solubility,8117,minor,corrected,temperature
solubility,8118,minor,corrected,temperature
solubility,8119,minor,corrected,temperature
solubility,8120,minor,corrected,temperature
solubility,8121,minor,corrected,temperature
solubility,8122,minor,corrected,temperature
solubility,8123,minor,corrected,temperature
solubility,8124,minor,corrected,temperature
solubility,8125,minor,corrected,temperature
solubility,8126,minor,corrected,temperature
solubility,8127,minor,corrected,temperature
solubility,8128,minor,corrected,temperature
solubility,8129,minor,corrected,temperature
solubility,8130,minor,corrected,temperature
solubility,8131,minor,corrected,temperature
solubility,8132,minor,corrected,temperature
solubility,8133,minor,corrected,temperature
solubility,8134,minor,corrected,temperature
solubility,8135,minor,corrected,temperature
solubility,8136,minor,corrected,temperature
solubility,8137,minor,corrected,temperature
solubility,8138,minor,corrected,temperature
solubility,8139,minor,corrected,temperature
solubility,8140,minor,corrected,temperature
solubility,8141,minor,corrected,temperature
solubility,8142,minor,corrected,temperature
solubility,8143,minor,corrected,temperature
solubility,8144,minor,corrected,temperature
solubility,8145,minor,corrected,temperature
solubility,8146,minor,corrected,temperature
solubility,8147,minor,corrected,temperature
solubility,8148,minor,corrected,temperature
solubility,8149,minor,corrected,temperature
solubility,8150,minor,corrected,temperature
solubility,8151,minor,corrected,temperature
solubility,8152,minor,corrected,temperature
solubility,8153,minor,corrected,temperature
solubility,8154,minor,corrected,temperature
solubility,8155,minor,corrected,temperature
solubility,8156,minor,corrected,temperature
solubility,8157,major,corrected,transcription
solubility,8158,major,corrected,transcription
solubility,8159,minor,corrected,temperature
solubility,8160,minor,corrected,temperature
solubility,8161,minor,corrected,temperature
solubility,8162,minor,corrected,temperature
solubility,8163,minor,corrected,temperature
solubility,8164,minor,corrected,temperature
solubility,8165,minor,corrected,temperature
solubility,8166,minor,corrected,temperature
solubility,8167,minor,corrected,temperature
solubility,8168,minor,corrected,temperature
solubility,8169,minor,corrected,temperature
solubility,8170,minor,corrected,temperature
solubility,8171,minor,corrected,temperature
solubility,8172,minor,corrected,temperature
solubility,8173,minor,corrected,temperature
solubility,8174,minor,corrected,temperature
solubility,8175,minor,corrected,temperature
solubility,8176,minor,corrected,temperature
solubility,8177,minor,corrected,temperature
solubility,8178,minor,corrected,temperature
solubility,8179,minor,corrected,temperature
solubility,8180,minor,corrected,temperature
solubility,8181,minor,corrected,temperature
solubility,8182,minor,corrected,temperature
solubility,8183,minor,corrected,temperature
solubility,8184,minor,corrected,temperature
solubility,8185,minor,corrected,temperature
solubility,8186,minor,corrected,temperature
solubility,8187,minor,corrected,temperature
solubility,8188,minor,corrected,temperature
solubility,8189,minor,corrected,temperature
solubility,8190,minor,corrected,temperature
solubility,8191,minor,corrected,temperature
solubility,8192,minor,corrected,temperature
solubility,8193,minor,corrected,temperature
solubility,8194,minor,corrected,temperature
solubility,8195,minor,corrected,temperature
solubility,8196,minor,corrected,temperature
solubility,8197,minor,corrected,temperature
solubility,8198,minor,corrected,temperature
solubility,8199,minor,corrected,temperature
solubility,8200,minor,corrected,temperature
solubility,8201,minor,corrected,temperature
solubility,8202,minor,corrected,temperature
solubility,8203,minor,corrected,temperature
solubility,8204,minor,corrected,temperature
solubility,8205,minor,corrected,temperature
solubility,8206,minor,corrected,temperature
solubility,8207,minor,corrected,temperature
solubility,8208,minor,corrected,temperature
solubility,8209,minor,corrected,temperature
solubility,8210,minor,corrected,temperature
solubility,8211,minor,corrected,temperature
solubility,8212,minor,corrected,temperature
solubility,8213,minor,corrected,temperature
solubility,8214,minor,corrected,temperature
solubility,8215,minor,corrected,temperature
solubility,8216,minor,corrected,temperature
solubility,8217,minor,corrected,temperature
solubility,8218,minor,corrected,temperature
solubility,8219,minor,corrected,temperature
solubility,8220,minor,corrected,temperature
solubility,8221,minor,corrected,temperature
solubility,8222,minor,corrected,temperature
solubility,8223,minor,corrected,temperature
solubility,8224,minor,corrected,temperature
solubility,8225,minor,corrected,temperature
solubility,8226,minor,corrected,temperature
solubility,8227,minor,corrected,temperature
solubility,8228,minor,corrected,temperature
solubility,8229,minor,corrected,temperature
solubility,8230,minor,corrected,temperature
solubility,8231,minor,corrected,temperature
solubility,8232,minor,corrected,temperature
solubility,8233,minor,corrected,temperature
solubility,8234,minor,corrected,temperature
solubility,8235,minor,corrected,temperature
solubility,8236,minor,corrected,temperature
solubility,8237,minor,corrected,temperature
solubility,8238,minor,corrected,temperature
solubility,8239,minor,corrected,temperature
solubility,8240,minor,corrected,temperature
solubility,8241,minor,corrected,temperature
solubility,8242,minor,corrected,temperature
solubility,8243,minor,corrected,temperature
solubility,8244,minor,corrected,temperature
solubility,8245,minor,corrected,temperature
solubility,8246,minor,corrected,temperature
solubility,8247,minor,corrected,temperature
solubility,8248,minor,corrected,temperature
solubility,8249,minor,corrected,temperature
solubility,8250,minor,corrected,temperature
solubility,8251,minor,corrected,temperature
solubility,8252,minor,corrected,temperature
solubility,8253,minor,corrected,temperature
solubility,8254,minor,corrected,temperature
solubility,8255,minor,corrected,temperature
solubility,8256,minor,corrected,temperature
solubility,8257,minor,corrected,temperature
solubility,8258,minor,corrected,temperature
solubility,8259,minor,corrected,temperature
solubility,8260,minor,corrected,temperature
solubility,8261,minor,corrected,temperature
solubility,8262,minor,corrected,temperature
solubility,8263,minor,corrected,temperature+pressure
solubility,8264,minor,corrected,temperature+pressure
solubility,8265,minor,corrected,temperature
solubility,8266,minor,corrected,temperature
solubility,8267,minor,corrected,temperature
solubility,8268,minor,corrected,temperature
solubility,8269,minor,corrected,temperature
solubility,8270,minor,corrected,temperature
solubility,8271,minor,corrected,temperature
solubility,8272,minor,corrected,temperature
solubility,8273,minor,corrected,temperature
solubility,8274,minor,corrected,temperature
solubility,8275,minor,corrected,temperature
solubility,8276,minor,corrected,temperature
solubility,8277,minor,corrected,temperature
solubility,8278,minor,corrected,temperature
solubility,8279,minor,corrected,temperature
solubility,8280,minor,corrected,temperature
solubility,8281,minor,corrected,temperature
solubility,8282,minor,corrected,temperature
solubility,8283,minor,corrected,temperature
solubility,8284,minor,corrected,temperature
solubility,8285,minor,corrected,temperature
solubility,8286,minor,corrected,temperature
solubility,8287,minor,corrected,temperature
solubility,8288,minor,corrected,temperature
solubility,8289,minor,corrected,temperature
solubility,8290,minor,corrected,temperature
solubility,8291,minor,corrected,temperature
solubility,8292,minor,corrected,temperature
solubility,8293,minor,corrected,temperature
solubility,8294,minor,corrected,temperature
solubility,8295,minor,corrected,temperature
solubility,8296,minor,corrected,temperature
solubility,8297,minor,corrected,temperature
solubility,8298,minor,corrected,temperature
solubility,8299,minor,corrected,temperature
solubility,8300,minor,corrected,temperature
solubility,8301,minor,corrected,temperature
solubility,8302,minor,corrected,temperature
solubility,8303,minor,corrected,temperature
solubility,8304,minor,corrected,temperature
solubility,8305,minor,corrected,temperature
solubility,8306,minor,corrected,temperature
solubility,8307,minor,corrected,temperature
solubility,8308,minor,corrected,temperature
solubility,8309,minor,corrected,temperature
solubility,8310,minor,corrected,temperature
solubility,8311,minor,corrected,temperature
solubility,8312,minor,corrected,temperature
solubility,8313,minor,corrected,temperature
solubility,8314,minor,corrected,temperature
solubility,8315,minor,corrected,temperature
solubility,8316,minor,corrected,temperature
solubility,8317,minor,corrected,temperature
solubility,8318,minor,corrected,temperature
solubility,8319,minor,corrected,temperature
solubility,8320,minor,corrected,temperature
solubility,8321,minor,corrected,temperature
solubility,8322,minor,corrected,temperature
solubility,8323,minor,corrected,temperature
solubility,8324,minor,corrected,temperature
solubility,8325,minor,corrected,temperature
solubility,8326,minor,corrected,temperature
solubility,8327,minor,corrected,temperature
solubility,8328,minor,corrected,temperature
solubility,8329,minor,corrected,temperature
solubility,8330,minor,corrected,temperature
solubility,8331,minor,corrected,temperature
solubility,8332,minor,corrected,temperature
solubility,8333,minor,corrected,temperature
solubility,8334,minor,corrected,temperature
solubility,8335,minor,corrected,temperature
solubility,8336,minor,corrected,temperature
solubility,8337,minor,corrected,temperature
solubility,8338,minor,corrected,temperature
solubility,8339,minor,corrected,temperature
solubility,8340,minor,corrected,temperature
solubility,8341,minor,corrected,temperature
solubility,8342,minor,corrected,temperature
solubility,8343,minor,corrected,temperature
solubility,8344,minor,corrected,temperature
solubility,8345,minor,corrected,temperature
solubility,8346,minor,corrected,temperature
solubility,8347,minor,corrected,temperature
solubility,8348,minor,corrected,temperature
solubility,8349,minor,corrected,temperature
solubility,8350,minor,corrected,temperature
solubility,8351,minor,corrected,temperature
solubility,8352,minor,corrected,temperature
solubility,8353,minor,corrected,temperature
solubility,8354,minor,corrected,temperature
solubility,8355,minor,corrected,temperature
solubility,8356,minor,corrected,temperature
solubility,8357,minor,corrected,temperature
solubility,8358,minor,corrected,temperature
solubility,8359,minor,corrected,temperature
solubility,8360,minor,corrected,temperature
solubility,8361,minor,corrected,temperature
solubility,8362,minor,corrected,temperature
solubility,8363,minor,corrected,temperature
solubility,8364,minor,corrected,temperature
solubility,8365,minor,corrected,temperature
solubility,8366,minor,corrected,temperature
solubility,8367,minor,corrected,temperature
solubility,8368,minor,corrected,temperature
solubility,8369,minor,corrected,temperature
solubility,8370,minor,corrected,temperature
solubility,8371,minor,corrected,temperature
solubility,8372,minor,corrected,temperature
solubility,8373,minor,corrected,temperature
solubility,8374,minor,corrected,temperature
solubility,8375,minor,corrected,temperature
solubility,8376,minor,corrected,temperature
solubility,8377,minor,corrected,state
solubility,8378,minor,residual-difference,transcription
solubility,8379,minor,corrected,state
solubility,8380,minor,corrected,state
solubility,8381,minor,corrected,state
solubility,8382,minor,corrected,state
solubility,8383,minor,corrected,state
solubility,8384,minor,corrected,state
solubility,8385,minor,corrected,state
solubility,8386,minor,corrected,state
solubility,8387,minor,corrected,state
solubility,8388,minor,corrected,state
solubility,8389,minor,corrected,state
solubility,8390,minor,corrected,state
solubility,8391,minor,corrected,state
solubility,8392,minor,corrected,state
solubility,8393,minor,corrected,state
solubility,8394,minor,residual-difference,transcription
solubility,8395,minor,corrected,state
solubility,8396,minor,corrected,state
solubility,8397,minor,corrected,state
solubility,8398,minor,corrected,state
solubility,8399,minor,corrected,state
solubility,8400,minor,corrected,state
solubility,8401,minor,corrected,state
solubility,8402,minor,corrected,state
solubility,8403,minor,corrected,state
solubility,8404,minor,corrected,state
solubility,8405,minor,corrected,state
solubility,8406,minor,corrected,state
solubility,8407,minor,corrected,state
solubility,8408,major,corrected,transcription
solubility,8409,minor,corrected,state
solubility,8410,minor,corrected,state
solubility,8411,minor,corrected,state
solubility,8412,minor,corrected,state
solubility,8413,minor,corrected,state
solubility,8414,minor,corrected,state
solubility,8415,minor,corrected,state
solubility,8416,minor,corrected,state
solubility,8417,minor,corrected,conversion
solubility,8418,minor,corrected,conversion
solubility,8419,minor,corrected,conversion
solubility,8420,minor,corrected,conversion
solubility,8421,minor,corrected,conversion
solubility,8422,minor,corrected,conversion
solubility,8423,minor,corrected,conversion
solubility,8424,minor,corrected,conversion
solubility,8425,minor,corrected,conversion
solubility,8426,minor,corrected,conversion
solubility,8427,minor,corrected,conversion
solubility,8428,minor,corrected,conversion
solubility,8429,minor,corrected,conversion
solubility,8430,minor,corrected,conversion
solubility,8431,minor,corrected,conversion
solubility,8432,minor,corrected,conversion
solubility,8433,minor,corrected,state
solubility,8434,minor,corrected,state
solubility,8435,minor,corrected,state
solubility,8436,minor,corrected,state
solubility,8437,minor,corrected,state
solubility,8438,minor,corrected,state
solubility,8439,minor,corrected,conversion
solubility,8440,minor,corrected,conversion
solubility,8441,minor,corrected,conversion
solubility,8442,minor,corrected,conversion
solubility,8443,minor,corrected,conversion
solubility,8444,minor,corrected,conversion
solubility,8445,minor,corrected,conversion
solubility,8446,minor,corrected,conversion
solubility,8447,minor,corrected,conversion
solubility,8448,minor,corrected,conversion
solubility,8449,minor,corrected,conversion
solubility,8450,minor,corrected,conversion
solubility,8451,minor,corrected,conversion
solubility,8452,minor,corrected,conversion
solubility,8453,minor,corrected,conversion
solubility,8454,minor,corrected,conversion
solubility,8455,minor,corrected,state
solubility,8456,minor,corrected,state
solubility,8457,minor,corrected,state
solubility,8458,minor,corrected,state
solubility,8459,minor,corrected,state
solubility,8460,minor,corrected,state
solubility,8461,minor,corrected,state
solubility,8462,minor,corrected,state
solubility,8463,minor,corrected,state
solubility,8464,minor,corrected,state
solubility,8465,minor,corrected,state
solubility,8466,minor,corrected,state
solubility,8467,minor,corrected,state
solubility,8468,minor,corrected,state
solubility,8469,minor,corrected,state
solubility,8470,minor,corrected,state
solubility,8471,minor,corrected,state
solubility,8472,minor,corrected,state
solubility,8473,minor,corrected,state
solubility,8474,minor,corrected,state
solubility,8475,minor,corrected,state
solubility,8476,minor,corrected,state
solubility,8477,minor,corrected,state
solubility,8478,minor,corrected,state
solubility,8479,minor,corrected,state
solubility,8480,minor,corrected,state
solubility,8481,minor,corrected,conversion
solubility,8482,minor,corrected,conversion
solubility,8483,minor,corrected,conversion
solubility,8484,minor,corrected,conversion
solubility,8485,minor,corrected,conversion
solubility,8486,minor,corrected,conversion
solubility,8487,minor,corrected,conversion
solubility,8488,minor,corrected,conversion
solubility,8489,minor,corrected,conversion
solubility,8490,minor,corrected,conversion
solubility,8491,minor,corrected,conversion
solubility,8492,minor,corrected,conversion
solubility,8493,minor,corrected,conversion
solubility,8494,minor,corrected,conversion
solubility,8495,minor,corrected,conversion
solubility,8496,minor,corrected,conversion
solubility,8497,minor,corrected,state
solubility,8498,minor,corrected,state
solubility,8499,minor,corrected,state
solubility,8500,minor,corrected,state
solubility,8501,major,corrected,state
solubility,8502,major,corrected,state
solubility,8503,major,corrected,state
solubility,8504,major,corrected,state
solubility,8505,major,corrected,state
solubility,8506,major,corrected,state
solubility,8507,minor,corrected,conversion
solubility,8508,minor,corrected,conversion
solubility,8509,minor,corrected,conversion
solubility,8510,minor,corrected,conversion
solubility,8511,minor,corrected,conversion
solubility,8512,minor,corrected,conversion
solubility,8513,minor,corrected,conversion
solubility,8514,minor,corrected,conversion
solubility,8515,minor,corrected,conversion
solubility,8516,minor,corrected,conversion
solubility,8517,minor,corrected,conversion
solubility,8518,minor,corrected,conversion
solubility,8519,minor,corrected,conversion
solubility,8520,minor,corrected,conversion
solubility,8521,minor,corrected,conversion
solubility,8522,minor,corrected,conversion
solubility,8523,minor,corrected,conversion
solubility,8524,minor,corrected,conversion
solubility,8525,minor,corrected,state
solubility,8526,minor,corrected,state
solubility,8527,minor,corrected,state
solubility,8528,minor,corrected,state
solubility,8529,minor,corrected,state
solubility,8530,minor,corrected,state
solubility,8531,minor,corrected,state
solubility,8532,minor,corrected,state
solubility,8533,unverifiable,not-verifiable,
solubility,8534,unverifiable,not-verifiable,
solubility,8535,unverifiable,not-verifiable,
solubility,8536,unverifiable,not-verifiable,
solubility,8537,unverifiable,not-verifiable,
solubility,8538,unverifiable,not-verifiable,
solubility,8539,unverifiable,not-verifiable,
solubility,8540,unverifiable,not-verifiable,
solubility,8541,minor,corrected,state
solubility,8542,minor,corrected,state
solubility,8543,minor,corrected,state
solubility,8544,minor,corrected,state
solubility,8545,minor,corrected,state
solubility,8546,minor,corrected,state
solubility,8547,minor,corrected,state
solubility,8548,minor,corrected,state
solubility,8549,minor,corrected,state
solubility,8550,minor,corrected,state
solubility,8551,minor,corrected,conversion
solubility,8552,minor,corrected,conversion
solubility,8553,minor,corrected,conversion
solubility,8554,minor,corrected,conversion
solubility,8555,minor,corrected,conversion
solubility,8556,minor,corrected,conversion
solubility,8557,minor,corrected,conversion
solubility,8558,minor,corrected,conversion
solubility,8559,minor,corrected,conversion
solubility,8560,minor,corrected,conversion
solubility,8561,minor,corrected,conversion
solubility,8562,minor,corrected,conversion
solubility,8563,minor,corrected,conversion
solubility,8564,minor,corrected,conversion
solubility,8565,minor,corrected,conversion
solubility,8566,minor,corrected,conversion
solubility,8567,minor,residual-difference,conversion
solubility,8568,minor,residual-difference,conversion
solubility,8569,minor,residual-difference,conversion
solubility,8570,minor,residual-difference,conversion
solubility,8571,minor,residual-difference,conversion
solubility,8572,minor,residual-difference,conversion
solubility,8573,minor,residual-difference,conversion
solubility,8574,minor,residual-difference,conversion
solubility,8575,minor,residual-difference,conversion
solubility,8576,minor,residual-difference,conversion
solubility,8577,unverifiable,not-verifiable,
solubility,8578,unverifiable,not-verifiable,
solubility,8579,unverifiable,not-verifiable,
solubility,8580,unverifiable,not-verifiable,
solubility,8581,unverifiable,not-verifiable,
solubility,8582,unverifiable,not-verifiable,
solubility,8583,unverifiable,not-verifiable,
solubility,8584,unverifiable,not-verifiable,
solubility,8585,minor,residual-difference,conversion
solubility,8586,minor,residual-difference,conversion
solubility,8587,minor,residual-difference,conversion
solubility,8588,minor,residual-difference,conversion
solubility,8589,minor,residual-difference,conversion
solubility,8590,minor,residual-difference,conversion
solubility,8591,minor,residual-difference,conversion
solubility,8592,minor,residual-difference,conversion
solubility,8593,minor,residual-difference,conversion
solubility,8594,minor,residual-difference,conversion
solubility,8595,unverifiable,not-verifiable,
solubility,8596,unverifiable,not-verifiable,
solubility,8597,unverifiable,not-verifiable,
solubility,8598,unverifiable,not-verifiable,
solubility,8599,unverifiable,not-verifiable,
solubility,8600,unverifiable,not-verifiable,
solubility,8601,correct,verified,
solubility,8602,correct,verified,
solubility,8603,minor,corrected,state
solubility,8604,minor,corrected,state
solubility,8605,minor,corrected,state
solubility,8606,minor,corrected,state
solubility,8607,minor,corrected,state
solubility,8608,minor,corrected,state
solubility,8609,minor,residual-difference,conversion
solubility,8610,minor,residual-difference,conversion
solubility,8611,minor,residual-difference,conversion
solubility,8612,minor,residual-difference,conversion
solubility,8613,minor,residual-difference,conversion
solubility,8614,minor,residual-difference,conversion
solubility,8615,minor,residual-difference,conversion
solubility,8616,minor,residual-difference,conversion
solubility,8617,minor,residual-difference,conversion
solubility,8618,minor,residual-difference,conversion
solubility,8619,unverifiable,not-verifiable,
solubility,8620,unverifiable,not-verifiable,
solubility,8621,unverifiable,not-verifiable,
solubility,8622,unverifiable,not-verifiable,
solubility,8623,unverifiable,not-verifiable,
solubility,8624,unverifiable,not-verifiable,
solubility,8625,unverifiable,not-verifiable,
solubility,8626,unverifiable,not-verifiable,
solubility,8627,unverifiable,not-verifiable,
solubility,8628,unverifiable,not-verifiable,
solubility,8629,minor,corrected,state
solubility,8630,minor,corrected,state
solubility,8631,minor,corrected,state
solubility,8632,minor,corrected,state
solubility,8633,minor,corrected,state
solubility,8634,minor,corrected,state
solubility,8635,minor,residual-difference,conversion
solubility,8636,minor,residual-difference,conversion
solubility,8637,minor,residual-difference,conversion
solubility,8638,minor,residual-difference,conversion
solubility,8639,minor,residual-difference,conversion
solubility,8640,minor,residual-difference,conversion
solubility,8641,minor,residual-difference,conversion
solubility,8642,minor,residual-difference,conversion
solubility,8643,minor,residual-difference,conversion
solubility,8644,minor,residual-difference,conversion
solubility,8645,unverifiable,not-verifiable,
solubility,8646,unverifiable,not-verifiable,
solubility,8647,unverifiable,not-verifiable,
solubility,8648,unverifiable,not-verifiable,
solubility,8649,minor,residual-difference,conversion
solubility,8650,minor,residual-difference,conversion
solubility,8651,minor,residual-difference,conversion
solubility,8652,minor,residual-difference,conversion
solubility,8653,major,residual-difference,transcription
solubility,8654,major,residual-difference,transcription
solubility,8655,minor,residual-difference,conversion
solubility,8656,minor,residual-difference,conversion
solubility,8657,unverifiable,not-verifiable,
solubility,8658,unverifiable,not-verifiable,
solubility,8659,unverifiable,not-verifiable,
solubility,8660,unverifiable,not-verifiable,
solubility,8661,unverifiable,not-verifiable,
solubility,8662,unverifiable,not-verifiable,
solubility,8663,unverifiable,not-verifiable,
solubility,8664,unverifiable,not-verifiable,
solubility,8665,unverifiable,not-verifiable,
solubility,8666,unverifiable,not-verifiable,
solubility,8667,minor,corrected,state
solubility,8668,minor,corrected,state
solubility,8669,minor,corrected,state
solubility,8670,minor,corrected,state
solubility,8671,minor,corrected,state
solubility,8672,minor,corrected,state
solubility,8673,unverifiable,not-verifiable,
solubility,8674,unverifiable,not-verifiable,
solubility,8675,unverifiable,not-verifiable,
solubility,8676,unverifiable,not-verifiable,
solubility,8677,unverifiable,not-verifiable,
solubility,8678,unverifiable,not-verifiable,
solubility,8679,minor,residual-difference,conversion
solubility,8680,minor,residual-difference,conversion
solubility,8681,minor,residual-difference,conversion
solubility,8682,minor,residual-difference,conversion
solubility,8683,minor,residual-difference,conversion
solubility,8684,minor,residual-difference,conversion
solubility,8685,minor,residual-difference,conversion
solubility,8686,minor,residual-difference,conversion
solubility,8687,unverifiable,not-verifiable,
solubility,8688,unverifiable,not-verifiable,
solubility,8689,unverifiable,not-verifiable,
solubility,8690,unverifiable,not-verifiable,
solubility,8691,minor,residual-difference,conversion
solubility,8692,minor,residual-difference,conversion
solubility,8693,minor,residual-difference,conversion
solubility,8694,minor,residual-difference,conversion
solubility,8695,minor,residual-difference,conversion
solubility,8696,minor,residual-difference,conversion
solubility,8697,minor,residual-difference,conversion
solubility,8698,minor,residual-difference,conversion
solubility,8699,major,corrected,conversion
solubility,8700,major,corrected,conversion
solubility,8701,major,corrected,conversion
solubility,8702,major,corrected,conversion
solubility,8703,major,corrected,conversion
solubility,8704,major,corrected,conversion
solubility,8705,minor,residual-difference,conversion
solubility,8706,minor,residual-difference,conversion
solubility,8707,minor,residual-difference,conversion
solubility,8708,minor,residual-difference,conversion
solubility,8709,minor,residual-difference,conversion
solubility,8710,minor,residual-difference,conversion
solubility,8711,unverifiable,not-verifiable,
solubility,8712,unverifiable,not-verifiable,
solubility,8713,minor,residual-difference,conversion
solubility,8714,minor,residual-difference,conversion
solubility,8715,major,residual-difference,transcription
solubility,8716,major,residual-difference,transcription
solubility,8717,minor,residual-difference,conversion
solubility,8718,minor,residual-difference,conversion
solubility,8719,minor,corrected,state
solubility,8720,minor,corrected,state
solubility,8721,unverifiable,not-verifiable,
solubility,8722,unverifiable,not-verifiable,
solubility,8723,major,corrected,conversion
solubility,8724,major,corrected,conversion
solubility,8725,major,corrected,conversion
solubility,8726,major,corrected,conversion
solubility,8727,major,corrected,conversion
solubility,8728,major,corrected,conversion
solubility,8729,correct,verified,
solubility,8730,correct,verified,
solubility,8731,correct,verified,
solubility,8732,correct,verified,
solubility,8733,correct,verified,
solubility,8734,correct,verified,
solubility,8735,correct,verified,
solubility,8736,correct,verified,
solubility,8737,correct,verified,
solubility,8738,correct,verified,
solubility,8739,correct,verified,
solubility,8740,correct,verified,
solubility,8741,correct,verified,
solubility,8742,correct,verified,
solubility,8743,correct,verified,
solubility,8744,correct,verified,
solubility,8745,correct,verified,
solubility,8746,correct,verified,
solubility,8747,correct,verified,
solubility,8748,correct,verified,
solubility,8749,correct,verified,
solubility,8750,correct,verified,
solubility,8751,correct,verified,
solubility,8752,correct,verified,
solubility,8753,correct,verified,
solubility,8754,correct,verified,
solubility,8755,correct,verified,
solubility,8756,correct,verified,
solubility,8757,correct,verified,
solubility,8758,correct,verified,
solubility,8759,correct,verified,
solubility,8760,correct,verified,
solubility,8761,correct,verified,
solubility,8762,correct,verified,
solubility,8763,correct,verified,
solubility,8764,correct,verified,
solubility,8765,correct,verified,
solubility,8766,correct,verified,
solubility,8767,correct,verified,
solubility,8768,correct,verified,
solubility,8769,correct,verified,
solubility,8770,correct,verified,
solubility,8771,correct,verified,
solubility,8772,correct,verified,
solubility,8773,correct,verified,
solubility,8774,correct,verified,
solubility,8775,correct,verified,
solubility,8776,correct,verified,
solubility,8777,correct,verified,
solubility,8778,correct,verified,
solubility,8779,correct,verified,
solubility,8780,correct,verified,
solubility,8781,correct,verified,
solubility,8782,correct,verified,
solubility,8783,correct,verified,
solubility,8784,correct,verified,
solubility,8785,correct,verified,
solubility,8786,correct,verified,
solubility,8787,correct,verified,
solubility,8788,correct,verified,
solubility,8789,correct,verified,
solubility,8790,correct,verified,
solubility,8791,correct,verified,
solubility,8792,correct,verified,
solubility,8793,correct,verified,
solubility,8794,correct,verified,
solubility,8795,correct,verified,
solubility,8796,correct,verified,
solubility,8797,correct,verified,
solubility,8798,correct,verified,
solubility,8799,correct,verified,
solubility,8800,correct,verified,
solubility,8801,correct,verified,
solubility,8802,correct,verified,
solubility,8803,correct,verified,
solubility,8804,correct,verified,
solubility,8805,correct,verified,
solubility,8806,correct,verified,
solubility,8807,correct,verified,
solubility,8808,correct,verified,
solubility,8809,correct,verified,
solubility,8810,correct,verified,
solubility,8811,correct,verified,
solubility,8812,correct,verified,
solubility,8813,correct,verified,
solubility,8814,correct,verified,
solubility,8815,correct,verified,
solubility,8816,correct,verified,
solubility,8817,correct,verified,
solubility,8818,correct,verified,
solubility,8819,correct,verified,
solubility,8820,correct,verified,
solubility,8821,correct,verified,
solubility,8822,correct,verified,
solubility,8823,correct,verified,
solubility,8824,correct,verified,
solubility,8825,correct,verified,
solubility,8826,correct,verified,
solubility,8827,correct,verified,
solubility,8828,correct,verified,
solubility,8829,correct,verified,
solubility,8830,correct,verified,
solubility,8831,correct,verified,
solubility,8832,correct,verified,
solubility,8833,correct,verified,
solubility,8834,correct,verified,
solubility,8835,correct,verified,
solubility,8836,correct,verified,
solubility,8837,correct,verified,
solubility,8838,correct,verified,
solubility,8839,correct,verified,
solubility,8840,correct,verified,
solubility,8841,correct,verified,
solubility,8842,correct,verified,
solubility,8843,correct,verified,
solubility,8844,correct,verified,
solubility,8845,correct,verified,
solubility,8846,correct,verified,
solubility,8847,correct,verified,
solubility,8848,correct,verified,
solubility,8849,correct,verified,
solubility,8850,correct,verified,
solubility,8851,correct,verified,
solubility,8852,correct,verified,
solubility,8853,correct,verified,
solubility,8854,correct,verified,
solubility,8855,correct,verified,
solubility,8856,correct,verified,
solubility,8857,correct,verified,
solubility,8858,correct,verified,
solubility,8859,correct,verified,
solubility,8860,correct,verified,
solubility,8861,correct,verified,
solubility,8862,correct,verified,
solubility,8863,correct,verified,
solubility,8864,correct,verified,
solubility,8865,correct,verified,
solubility,8866,correct,verified,
solubility,8867,correct,verified,
solubility,8868,correct,verified,
solubility,8869,correct,verified,
solubility,8870,correct,verified,
solubility,8871,correct,verified,
solubility,8872,correct,verified,
solubility,8873,correct,verified,
solubility,8874,correct,verified,
solubility,8875,correct,verified,
solubility,8876,correct,verified,
solubility,8877,correct,verified,
solubility,8878,correct,verified,
solubility,8879,correct,verified,
solubility,8880,correct,verified,
solubility,8881,correct,verified,
solubility,8882,correct,verified,
solubility,8883,correct,verified,
solubility,8884,correct,verified,
solubility,8885,correct,verified,
solubility,8886,correct,verified,
solubility,8887,correct,verified,
solubility,8888,correct,verified,
solubility,8889,correct,verified,
solubility,8890,correct,verified,
solubility,8891,correct,verified,
solubility,8892,correct,verified,
solubility,8893,correct,verified,
solubility,8894,correct,verified,
solubility,8895,correct,verified,
solubility,8896,correct,verified,
solubility,8897,correct,verified,
solubility,8898,correct,verified,
solubility,8899,correct,verified,
solubility,8900,correct,verified,
solubility,8901,correct,verified,
solubility,8902,correct,verified,
solubility,8903,correct,verified,
solubility,8904,correct,verified,
solubility,8905,correct,verified,
solubility,8906,correct,verified,
solubility,8907,correct,verified,
solubility,8908,correct,verified,
solubility,8909,correct,verified,
solubility,8910,correct,verified,
solubility,8911,correct,verified,
solubility,8912,correct,verified,
solubility,8913,correct,verified,
solubility,8914,correct,verified,
solubility,8915,correct,verified,
solubility,8916,correct,verified,
solubility,8917,correct,verified,
solubility,8918,correct,verified,
solubility,8919,correct,verified,
solubility,8920,correct,verified,
solubility,8921,correct,verified,
solubility,8922,correct,verified,
solubility,8923,correct,verified,
solubility,8924,correct,verified,
solubility,8925,correct,verified,
solubility,8926,correct,verified,
solubility,8927,correct,verified,
solubility,8928,correct,verified,
solubility,8929,correct,verified,
solubility,8930,correct,verified,
solubility,8931,correct,verified,
solubility,8932,correct,verified,
solubility,8933,correct,verified,
solubility,8934,correct,verified,
solubility,8935,correct,verified,
solubility,8936,correct,verified,
solubility,8937,correct,verified,
solubility,8938,correct,verified,
solubility,8939,correct,verified,
solubility,8940,correct,verified,
solubility,8941,correct,verified,
solubility,8942,correct,verified,
solubility,8943,correct,verified,
solubility,8944,correct,verified,
solubility,8945,correct,verified,
solubility,8946,correct,verified,
solubility,8947,correct,verified,
solubility,8948,correct,verified,
solubility,8949,correct,verified,
solubility,8950,correct,verified,
solubility,8951,correct,verified,
solubility,8952,correct,verified,
solubility,8953,correct,verified,
solubility,8954,correct,verified,
solubility,8955,correct,verified,
solubility,8956,correct,verified,
solubility,8957,correct,verified,
solubility,8958,correct,verified,
solubility,8959,correct,verified,
solubility,8960,correct,verified,
solubility,8961,correct,verified,
solubility,8962,correct,verified,
solubility,8963,correct,verified,
solubility,8964,correct,verified,
solubility,8965,correct,verified,
solubility,8966,correct,verified,
solubility,8967,correct,verified,
solubility,8968,correct,verified,
solubility,8969,correct,verified,
solubility,8970,correct,verified,
solubility,8971,correct,verified,
solubility,8972,correct,verified,
solubility,8973,correct,verified,
solubility,8974,correct,verified,
solubility,8975,correct,verified,
solubility,8976,correct,verified,
solubility,8977,correct,verified,
solubility,8978,correct,verified,
solubility,8979,correct,verified,
solubility,8980,correct,verified,
solubility,8981,correct,verified,
solubility,8982,correct,verified,
solubility,8983,correct,verified,
solubility,8984,correct,verified,
solubility,8985,correct,verified,
solubility,8986,correct,verified,
solubility,8987,correct,verified,
solubility,8988,correct,verified,
solubility,8989,correct,verified,
solubility,8990,correct,verified,
solubility,8991,correct,verified,
solubility,8992,correct,verified,
solubility,8993,correct,verified,
solubility,8994,correct,verified,
solubility,8995,correct,verified,
solubility,8996,correct,verified,
solubility,8997,correct,verified,
solubility,8998,correct,verified,
solubility,8999,correct,verified,
solubility,9000,correct,verified,
solubility,9001,correct,verified,
solubility,9002,correct,verified,
solubility,9003,correct,verified,
solubility,9004,correct,verified,
solubility,9005,correct,verified,
solubility,9006,correct,verified,
solubility,9007,correct,verified,
solubility,9008,correct,verified,
solubility,9009,correct,verified,
solubility,9010,correct,verified,
solubility,9011,correct,verified,
solubility,9012,correct,verified,
solubility,9013,correct,verified,
solubility,9014,correct,verified,
solubility,9015,correct,verified,
solubility,9016,correct,verified,
solubility,9017,correct,verified,
solubility,9018,correct,verified,
solubility,9019,correct,verified,
solubility,9020,correct,verified,
solubility,9021,correct,verified,
solubility,9022,correct,verified,
solubility,9023,correct,verified,
solubility,9024,correct,verified,
solubility,9025,correct,verified,
solubility,9026,correct,verified,
solubility,9027,correct,verified,
solubility,9028,correct,verified,
solubility,9029,correct,verified,
solubility,9030,correct,verified,
solubility,9031,correct,verified,
solubility,9032,correct,verified,
solubility,9033,correct,verified,
solubility,9034,correct,verified,
solubility,9035,correct,verified,
solubility,9036,correct,verified,
solubility,9037,correct,verified,
solubility,9038,correct,verified,
solubility,9039,correct,verified,
solubility,9040,correct,verified,
solubility,9041,correct,verified,
solubility,9042,correct,verified,
solubility,9043,correct,verified,
solubility,9044,correct,verified,
solubility,9045,correct,verified,
solubility,9046,correct,verified,
solubility,9047,correct,verified,
solubility,9048,correct,verified,
solubility,9049,correct,verified,
solubility,9050,correct,verified,
solubility,9051,correct,verified,
solubility,9052,correct,verified,
solubility,9053,correct,verified,
solubility,9054,correct,verified,
solubility,9055,correct,verified,
solubility,9056,correct,verified,
solubility,9057,correct,verified,
solubility,9058,correct,verified,
solubility,9059,correct,verified,
solubility,9060,correct,verified,
solubility,9061,correct,verified,
solubility,9062,correct,verified,
solubility,9063,correct,verified,
solubility,9064,correct,verified,
solubility,9065,correct,verified,
solubility,9066,correct,verified,
solubility,9067,correct,verified,
solubility,9068,correct,verified,
solubility,9069,correct,verified,
solubility,9070,correct,verified,
solubility,9071,correct,verified,
solubility,9072,correct,verified,
solubility,9073,correct,verified,
solubility,9074,correct,verified,
solubility,9075,correct,verified,
solubility,9076,correct,verified,
solubility,9077,correct,verified,
solubility,9078,correct,verified,
solubility,9079,correct,verified,
solubility,9080,correct,verified,
solubility,9081,correct,verified,
solubility,9082,correct,verified,
solubility,9083,correct,verified,
solubility,9084,correct,verified,
solubility,9085,correct,verified,
solubility,9086,correct,verified,
solubility,9087,correct,verified,
solubility,9088,correct,verified,
solubility,9089,correct,verified,
solubility,9090,correct,verified,
solubility,9091,correct,verified,
solubility,9092,correct,verified,
solubility,9093,correct,verified,
solubility,9094,correct,verified,
solubility,9095,correct,verified,
solubility,9096,correct,verified,
solubility,9097,correct,verified,
solubility,9098,correct,verified,
solubility,9099,correct,verified,
solubility,9100,correct,verified,
solubility,9101,correct,verified,
solubility,9102,correct,verified,
solubility,9103,correct,verified,
solubility,9104,correct,verified,
solubility,9105,correct,verified,
solubility,9106,correct,verified,
solubility,9107,correct,verified,
solubility,9108,correct,verified,
solubility,9109,correct,verified,
solubility,9110,correct,verified,
solubility,9111,correct,verified,
solubility,9112,correct,verified,
solubility,9113,correct,verified,
solubility,9114,correct,verified,
solubility,9115,correct,verified,
solubility,9116,correct,verified,
solubility,9117,correct,verified,
solubility,9118,correct,verified,
solubility,9119,correct,verified,
solubility,9120,correct,verified,
solubility,9121,correct,verified,
solubility,9122,correct,verified,
solubility,9123,correct,verified,
solubility,9124,correct,verified,
solubility,9125,correct,verified,
solubility,9126,correct,verified,
solubility,9127,correct,verified,
solubility,9128,correct,verified,
solubility,9129,correct,verified,
solubility,9130,correct,verified,
solubility,9131,correct,verified,
solubility,9132,correct,verified,
solubility,9133,correct,verified,
solubility,9134,correct,verified,
solubility,9135,correct,verified,
solubility,9136,correct,verified,
solubility,9137,correct,verified,
solubility,9138,correct,verified,
solubility,9139,correct,verified,
solubility,9140,correct,verified,
solubility,9141,correct,verified,
solubility,9142,correct,verified,
solubility,9143,correct,verified,
solubility,9144,correct,verified,
solubility,9145,correct,verified,
solubility,9146,correct,verified,
solubility,9147,correct,verified,
solubility,9148,correct,verified,
solubility,9149,correct,verified,
solubility,9150,correct,verified,
solubility,9151,correct,verified,
solubility,9152,correct,verified,
solubility,9153,correct,verified,
solubility,9154,correct,verified,
solubility,9155,correct,verified,
solubility,9156,correct,verified,
solubility,9157,correct,verified,
solubility,9158,correct,verified,
solubility,9159,correct,verified,
solubility,9160,correct,verified,
solubility,9161,correct,verified,
solubility,9162,correct,verified,
solubility,9163,correct,verified,
solubility,9164,correct,verified,
solubility,9165,correct,verified,
solubility,9166,correct,verified,
solubility,9167,correct,verified,
solubility,9168,correct,verified,
solubility,9169,correct,verified,
solubility,9170,correct,verified,
solubility,9171,correct,verified,
solubility,9172,correct,verified,
solubility,9173,correct,verified,
solubility,9174,correct,verified,
solubility,9175,correct,verified,
solubility,9176,correct,verified,
solubility,9177,correct,verified,
solubility,9178,correct,verified,
solubility,9179,correct,verified,
solubility,9180,correct,verified,
solubility,9181,correct,verified,
solubility,9182,correct,verified,
solubility,9183,correct,verified,
solubility,9184,correct,verified,
solubility,9185,correct,verified,
solubility,9186,correct,verified,
solubility,9187,correct,verified,
solubility,9188,correct,verified,
solubility,9189,correct,verified,
solubility,9190,correct,verified,
solubility,9191,correct,verified,
solubility,9192,correct,verified,
solubility,9193,correct,verified,
solubility,9194,correct,verified,
solubility,9195,correct,verified,
solubility,9196,correct,verified,
solubility,9197,correct,verified,
solubility,9198,correct,verified,
solubility,9199,correct,verified,
solubility,9200,correct,verified,
solubility,9201,correct,verified,
solubility,9202,correct,verified,
solubility,9203,correct,verified,
solubility,9204,correct,verified,
solubility,9205,correct,verified,
solubility,9206,correct,verified,
solubility,9207,correct,verified,
solubility,9208,correct,verified,
solubility,9209,correct,verified,
solubility,9210,correct,verified,
solubility,9211,correct,verified,
solubility,9212,correct,verified,
solubility,9213,correct,verified,
solubility,9214,correct,verified,
solubility,9215,correct,verified,
solubility,9216,correct,verified,
solubility,9217,correct,verified,
solubility,9218,correct,verified,
solubility,9219,correct,verified,
solubility,9220,correct,verified,
solubility,9221,correct,verified,
solubility,9222,correct,verified,
solubility,9223,correct,verified,
solubility,9224,correct,verified,
solubility,9225,correct,verified,
solubility,9226,correct,verified,
solubility,9227,correct,verified,
solubility,9228,correct,verified,
solubility,9229,correct,verified,
solubility,9230,correct,verified,
solubility,9231,correct,verified,
solubility,9232,correct,verified,
solubility,9233,correct,verified,
solubility,9234,correct,verified,
solubility,9235,correct,verified,
solubility,9236,correct,verified,
solubility,9237,correct,verified,
solubility,9238,correct,verified,
solubility,9239,correct,verified,
solubility,9240,correct,verified,
solubility,9241,correct,verified,
solubility,9242,correct,verified,
solubility,9243,correct,verified,
solubility,9244,correct,verified,
solubility,9245,correct,verified,
solubility,9246,correct,verified,
solubility,9247,correct,verified,
solubility,9248,correct,verified,
solubility,9249,correct,verified,
solubility,9250,correct,verified,
solubility,9251,correct,verified,
solubility,9252,correct,verified,
solubility,9253,correct,verified,
solubility,9254,correct,verified,
solubility,9255,correct,verified,
solubility,9256,correct,verified,
solubility,9257,correct,verified,
solubility,9258,correct,verified,
solubility,9259,correct,verified,
solubility,9260,correct,verified,
solubility,9261,correct,verified,
solubility,9262,correct,verified,
solubility,9263,correct,verified,
solubility,9264,correct,verified,
solubility,9265,correct,verified,
solubility,9266,correct,verified,
solubility,9267,correct,verified,
solubility,9268,correct,verified,
solubility,9269,correct,verified,
solubility,9270,correct,verified,
solubility,9271,correct,verified,
solubility,9272,correct,verified,
solubility,9273,correct,verified,
solubility,9274,correct,verified,
solubility,9275,correct,verified,
solubility,9276,correct,verified,
solubility,9277,correct,verified,
solubility,9278,correct,verified,
solubility,9279,correct,verified,
solubility,9280,correct,verified,
solubility,9281,correct,verified,
solubility,9282,correct,verified,
solubility,9283,correct,verified,
solubility,9284,correct,verified,
solubility,9285,correct,verified,
solubility,9286,correct,verified,
solubility,9287,correct,verified,
solubility,9288,correct,verified,
solubility,9289,correct,verified,
solubility,9290,correct,verified,
solubility,9291,correct,verified,
solubility,9292,correct,verified,
solubility,9293,correct,verified,
solubility,9294,correct,verified,
solubility,9295,correct,verified,
solubility,9296,correct,verified,
solubility,9297,correct,verified,
solubility,9298,correct,verified,
solubility,9299,correct,verified,
solubility,9300,correct,verified,
solubility,9301,correct,verified,
solubility,9302,correct,verified,
solubility,9303,correct,verified,
solubility,9304,correct,verified,
solubility,9305,correct,verified,
solubility,9306,correct,verified,
solubility,9307,correct,verified,
solubility,9308,correct,verified,
solubility,9309,correct,verified,
solubility,9310,correct,verified,
solubility,9311,correct,verified,
solubility,9312,correct,verified,
solubility,9313,correct,verified,
solubility,9314,correct,verified,
solubility,9315,correct,verified,
solubility,9316,correct,verified,
solubility,9317,correct,verified,
solubility,9318,correct,verified,
solubility,9319,correct,verified,
solubility,9320,correct,verified,
solubility,9321,correct,verified,
solubility,9322,correct,verified,
solubility,9323,correct,verified,
solubility,9324,correct,verified,
solubility,9325,correct,verified,
solubility,9326,correct,verified,
solubility,9327,correct,verified,
solubility,9328,correct,verified,
solubility,9329,correct,verified,
solubility,9330,correct,verified,
solubility,9331,correct,verified,
solubility,9332,correct,verified,
solubility,9333,correct,verified,
solubility,9334,correct,verified,
solubility,9335,correct,verified,
solubility,9336,correct,verified,
solubility,9337,correct,verified,
solubility,9338,correct,verified,
solubility,9339,correct,verified,
solubility,9340,correct,verified,
solubility,9341,correct,verified,
solubility,9342,correct,verified,
solubility,9343,correct,verified,
solubility,9344,correct,verified,
solubility,9345,correct,verified,
solubility,9346,correct,verified,
solubility,9347,correct,verified,
solubility,9348,correct,verified,
solubility,9349,correct,verified,
solubility,9350,correct,verified,
solubility,9351,correct,verified,
solubility,9352,correct,verified,
solubility,9353,correct,verified,
solubility,9354,correct,verified,
solubility,9355,correct,verified,
solubility,9356,correct,verified,
solubility,9357,correct,verified,
solubility,9358,correct,verified,
solubility,9359,correct,verified,
solubility,9360,correct,verified,
solubility,9361,correct,verified,
solubility,9362,correct,verified,
solubility,9363,correct,verified,
solubility,9364,correct,verified,
solubility,9365,correct,verified,
solubility,9366,correct,verified,
solubility,9367,correct,verified,
solubility,9368,correct,verified,
solubility,9369,correct,verified,
solubility,9370,correct,verified,
solubility,9371,correct,verified,
solubility,9372,correct,verified,
solubility,9373,correct,verified,
solubility,9374,correct,verified,
solubility,9375,correct,verified,
solubility,9376,correct,verified,
solubility,9377,correct,verified,
solubility,9378,correct,verified,
solubility,9379,correct,verified,
solubility,9380,correct,verified,
solubility,9381,correct,verified,
solubility,9382,correct,verified,
solubility,9383,correct,verified,
solubility,9384,correct,verified,
solubility,9385,correct,verified,
solubility,9386,correct,verified,
solubility,9387,correct,verified,
solubility,9388,correct,verified,
solubility,9389,correct,verified,
solubility,9390,correct,verified,
solubility,9391,correct,verified,
solubility,9392,correct,verified,
solubility,9393,correct,verified,
solubility,9394,correct,verified,
solubility,9395,correct,verified,
solubility,9396,correct,verified,
solubility,9397,correct,verified,
solubility,9398,correct,verified,
solubility,9399,correct,verified,
solubility,9400,correct,verified,
solubility,9401,correct,verified,
solubility,9402,correct,verified,
solubility,9403,correct,verified,
solubility,9404,correct,verified,
solubility,9405,correct,verified,
solubility,9406,correct,verified,
solubility,9407,correct,verified,
solubility,9408,correct,verified,
solubility,9409,correct,verified,
solubility,9410,correct,verified,
solubility,9411,correct,verified,
solubility,9412,correct,verified,
solubility,9413,correct,verified,
solubility,9414,correct,verified,
solubility,9415,correct,verified,
solubility,9416,correct,verified,
solubility,9417,correct,verified,
solubility,9418,correct,verified,
solubility,9419,correct,verified,
solubility,9420,correct,verified,
solubility,9421,correct,verified,
solubility,9422,correct,verified,
solubility,9423,correct,verified,
solubility,9424,correct,verified,
solubility,9425,correct,verified,
solubility,9426,correct,verified,
solubility,9427,correct,verified,
solubility,9428,correct,verified,
solubility,9429,correct,verified,
solubility,9430,correct,verified,
solubility,9431,correct,verified,
solubility,9432,correct,verified,
solubility,9433,correct,verified,
solubility,9434,correct,verified,
solubility,9435,correct,verified,
solubility,9436,correct,verified,
solubility,9437,correct,verified,
solubility,9438,correct,verified,
solubility,9439,correct,verified,
solubility,9440,correct,verified,
solubility,9441,correct,verified,
solubility,9442,correct,verified,
solubility,9443,correct,verified,
solubility,9444,correct,verified,
solubility,9445,correct,verified,
solubility,9446,correct,verified,
solubility,9447,correct,verified,
solubility,9448,correct,verified,
solubility,9449,correct,verified,
solubility,9450,correct,verified,
solubility,9451,correct,verified,
solubility,9452,correct,verified,
solubility,9453,correct,verified,
solubility,9454,correct,verified,
solubility,9455,correct,verified,
solubility,9456,correct,verified,
solubility,9457,correct,verified,
solubility,9458,correct,verified,
solubility,9459,correct,verified,
solubility,9460,correct,verified,
solubility,9461,correct,verified,
solubility,9462,correct,verified,
solubility,9463,correct,verified,
solubility,9464,correct,verified,
solubility,9465,correct,verified,
solubility,9466,correct,verified,
solubility,9467,correct,verified,
solubility,9468,correct,verified,
solubility,9469,correct,verified,
solubility,9470,correct,verified,
solubility,9471,correct,verified,
solubility,9472,correct,verified,
solubility,9473,correct,verified,
solubility,9474,correct,verified,
solubility,9475,correct,verified,
solubility,9476,correct,verified,
solubility,9477,correct,verified,
solubility,9478,correct,verified,
solubility,9479,correct,verified,
solubility,9480,correct,verified,
solubility,9481,correct,verified,
solubility,9482,correct,verified,
solubility,9483,correct,verified,
solubility,9484,correct,verified,
solubility,9485,correct,verified,
solubility,9486,correct,verified,
solubility,9487,correct,verified,
solubility,9488,correct,verified,
solubility,9489,correct,verified,
solubility,9490,correct,verified,
solubility,9491,correct,verified,
solubility,9492,correct,verified,
solubility,9493,correct,verified,
solubility,9494,correct,verified,
solubility,9495,correct,verified,
solubility,9496,correct,verified,
solubility,9497,correct,verified,
solubility,9498,correct,verified,
solubility,9499,correct,verified,
solubility,9500,correct,verified,
solubility,9501,correct,verified,
solubility,9502,correct,verified,
solubility,9503,correct,verified,
solubility,9504,correct,verified,
solubility,9505,correct,verified,
solubility,9506,correct,verified,
solubility,9507,correct,verified,
solubility,9508,correct,verified,
solubility,9509,correct,verified,
solubility,9510,correct,verified,
solubility,9511,correct,verified,
solubility,9512,correct,verified,
solubility,9513,correct,verified,
solubility,9514,correct,verified,
solubility,9515,correct,verified,
solubility,9516,correct,verified,
solubility,9517,correct,verified,
solubility,9518,correct,verified,
solubility,9519,correct,verified,
solubility,9520,correct,verified,
solubility,9521,correct,verified,
solubility,9522,correct,verified,
solubility,9523,correct,verified,
solubility,9524,correct,verified,
solubility,9525,correct,verified,
solubility,9526,correct,verified,
solubility,9527,correct,verified,
solubility,9528,correct,verified,
solubility,9529,correct,verified,
solubility,9530,correct,verified,
solubility,9531,correct,verified,
solubility,9532,correct,verified,
solubility,9533,correct,verified,
solubility,9534,correct,verified,
solubility,9535,correct,verified,
solubility,9536,correct,verified,
solubility,9537,correct,verified,
solubility,9538,correct,verified,
solubility,9539,correct,verified,
solubility,9540,correct,verified,
solubility,9541,correct,verified,
solubility,9542,correct,verified,
solubility,9543,correct,verified,
solubility,9544,correct,verified,
solubility,9545,correct,verified,
solubility,9546,correct,verified,
solubility,9547,correct,verified,
solubility,9548,correct,verified,
solubility,9549,correct,verified,
solubility,9550,correct,verified,
solubility,9551,correct,verified,
solubility,9552,correct,verified,
solubility,9553,correct,verified,
solubility,9554,correct,verified,
solubility,9555,correct,verified,
solubility,9556,correct,verified,
solubility,9557,correct,verified,
solubility,9558,correct,verified,
solubility,9559,correct,verified,
solubility,9560,correct,verified,
solubility,9561,correct,verified,
solubility,9562,correct,verified,
solubility,9563,correct,verified,
solubility,9564,correct,verified,
solubility,9565,correct,verified,
solubility,9566,correct,verified,
solubility,9567,correct,verified,
solubility,9568,correct,verified,
solubility,9569,correct,verified,
solubility,9570,correct,verified,
solubility,9571,correct,verified,
solubility,9572,correct,verified,
solubility,9573,correct,verified,
solubility,9574,correct,verified,
solubility,9575,correct,verified,
solubility,9576,correct,verified,
solubility,9577,correct,verified,
solubility,9578,correct,verified,
solubility,9579,correct,verified,
solubility,9580,correct,verified,
solubility,9581,correct,verified,
solubility,9582,correct,verified,
solubility,9583,correct,verified,
solubility,9584,correct,verified,
solubility,9585,correct,verified,
solubility,9586,correct,verified,
solubility,9587,correct,verified,
solubility,9588,correct,verified,
solubility,9589,correct,verified,
solubility,9590,correct,verified,
solubility,9591,correct,verified,
solubility,9592,correct,verified,
solubility,9593,correct,verified,
solubility,9594,correct,verified,
solubility,9595,correct,verified,
solubility,9596,correct,verified,
solubility,9597,correct,verified,
solubility,9598,correct,verified,
solubility,9599,correct,verified,
solubility,9600,correct,verified,
solubility,9601,correct,verified,
solubility,9602,correct,verified,
solubility,9603,correct,verified,
solubility,9604,correct,verified,
solubility,9605,correct,verified,
solubility,9606,correct,verified,
solubility,9607,correct,verified,
solubility,9608,correct,verified,
solubility,9609,correct,verified,
solubility,9610,correct,verified,
solubility,9611,correct,verified,
solubility,9612,correct,verified,
solubility,9613,correct,verified,
solubility,9614,correct,verified,
solubility,9615,correct,verified,
solubility,9616,correct,verified,
solubility,9617,correct,verified,
solubility,9618,correct,verified,
solubility,9619,correct,verified,
solubility,9620,correct,verified,
solubility,9621,correct,verified,
solubility,9622,correct,verified,
solubility,9623,correct,verified,
solubility,9624,correct,verified,
solubility,9625,correct,verified,
solubility,9626,correct,verified,
solubility,9627,correct,verified,
solubility,9628,correct,verified,
solubility,9629,correct,verified,
solubility,9630,correct,verified,
solubility,9631,correct,verified,
solubility,9632,correct,verified,
solubility,9633,correct,verified,
solubility,9634,correct,verified,
solubility,9635,correct,verified,
solubility,9636,correct,verified,
solubility,9637,correct,verified,
solubility,9638,correct,verified,
solubility,9639,correct,verified,
solubility,9640,correct,verified,
solubility,9641,correct,verified,
solubility,9642,correct,verified,
solubility,9643,correct,verified,
solubility,9644,correct,verified,
solubility,9645,correct,verified,
solubility,9646,correct,verified,
solubility,9647,correct,verified,
solubility,9648,correct,verified,
solubility,9649,correct,verified,
solubility,9650,correct,verified,
solubility,9651,correct,verified,
solubility,9652,correct,verified,
solubility,9653,correct,verified,
solubility,9654,correct,verified,
solubility,9655,correct,verified,
solubility,9656,correct,verified,
solubility,9657,correct,verified,
solubility,9658,correct,verified,
solubility,9659,correct,verified,
solubility,9660,correct,verified,
solubility,9661,correct,verified,
solubility,9662,correct,verified,
solubility,9663,correct,verified,
solubility,9664,correct,verified,
solubility,9665,correct,verified,
solubility,9666,correct,verified,
solubility,9667,correct,verified,
solubility,9668,correct,verified,
solubility,9669,correct,verified,
solubility,9670,correct,verified,
solubility,9671,correct,verified,
solubility,9672,correct,verified,
solubility,9673,correct,verified,
solubility,9674,correct,verified,
solubility,9675,correct,verified,
solubility,9676,correct,verified,
solubility,9677,correct,verified,
solubility,9678,correct,verified,
solubility,9679,correct,verified,
solubility,9680,correct,verified,
solubility,9681,correct,verified,
solubility,9682,correct,verified,
solubility,9683,correct,verified,
solubility,9684,correct,verified,
solubility,9685,correct,verified,
solubility,9686,correct,verified,
solubility,9687,correct,verified,
solubility,9688,correct,verified,
solubility,9689,correct,verified,
solubility,9690,correct,verified,
solubility,9691,correct,verified,
solubility,9692,correct,verified,
solubility,9693,correct,verified,
solubility,9694,correct,verified,
solubility,9695,correct,verified,
solubility,9696,correct,verified,
solubility,9697,correct,verified,
solubility,9698,correct,verified,
solubility,9699,correct,verified,
solubility,9700,correct,verified,
solubility,9701,correct,verified,
solubility,9702,correct,verified,
solubility,9703,correct,verified,
solubility,9704,correct,verified,
solubility,9705,correct,verified,
solubility,9706,correct,verified,
solubility,9707,correct,verified,
solubility,9708,correct,verified,
solubility,9709,correct,verified,
solubility,9710,correct,verified,
solubility,9711,correct,verified,
solubility,9712,correct,verified,
solubility,9713,correct,verified,
solubility,9714,correct,verified,
solubility,9715,correct,verified,
solubility,9716,correct,verified,
solubility,9717,correct,verified,
solubility,9718,correct,verified,
solubility,9719,correct,verified,
solubility,9720,correct,verified,
solubility,9721,correct,verified,
solubility,9722,correct,verified,
solubility,9723,correct,verified,
solubility,9724,correct,verified,
solubility,9725,correct,verified,
solubility,9726,correct,verified,
solubility,9727,correct,verified,
solubility,9728,correct,verified,
solubility,9729,correct,verified,
solubility,9730,correct,verified,
solubility,9731,correct,verified,
solubility,9732,correct,verified,
solubility,9733,correct,verified,
solubility,9734,correct,verified,
solubility,9735,correct,verified,
solubility,9736,correct,verified,
solubility,9737,correct,verified,
solubility,9738,correct,verified,
solubility,9739,correct,verified,
solubility,9740,correct,verified,
solubility,9741,correct,verified,
solubility,9742,correct,verified,
solubility,9743,correct,verified,
solubility,9744,correct,verified,
solubility,9745,correct,verified,
solubility,9746,correct,verified,
solubility,9747,correct,verified,
solubility,9748,correct,verified,
solubility,9749,correct,verified,
solubility,9750,correct,verified,
solubility,9751,correct,verified,
solubility,9752,correct,verified,
solubility,9753,correct,verified,
solubility,9754,correct,verified,
solubility,9755,correct,verified,
solubility,9756,correct,verified,
solubility,9757,correct,verified,
solubility,9758,correct,verified,
solubility,9759,correct,verified,
solubility,9760,correct,verified,
solubility,9761,correct,verified,
solubility,9762,correct,verified,
solubility,9763,correct,verified,
solubility,9764,correct,verified,
solubility,9765,correct,verified,
solubility,9766,correct,verified,
solubility,9767,correct,verified,
solubility,9768,correct,verified,
solubility,9769,correct,verified,
solubility,9770,correct,verified,
solubility,9771,correct,verified,
solubility,9772,correct,verified,
solubility,9773,correct,verified,
solubility,9774,correct,verified,
solubility,9775,correct,verified,
solubility,9776,correct,verified,
solubility,9777,correct,verified,
solubility,9778,correct,verified,
solubility,9779,correct,verified,
solubility,9780,correct,verified,
solubility,9781,correct,verified,
solubility,9782,correct,verified,
solubility,9783,correct,verified,
solubility,9784,correct,verified,
solubility,9785,correct,verified,
solubility,9786,correct,verified,
solubility,9787,correct,verified,
solubility,9788,correct,verified,
solubility,9789,correct,verified,
solubility,9790,correct,verified,
solubility,9791,correct,verified,
solubility,9792,correct,verified,
solubility,9793,correct,verified,
solubility,9794,correct,verified,
solubility,9795,correct,verified,
solubility,9796,correct,verified,
solubility,9797,correct,verified,
solubility,9798,correct,verified,
solubility,9799,correct,verified,
solubility,9800,correct,verified,
solubility,9801,correct,verified,
solubility,9802,correct,verified,
solubility,9803,correct,verified,
solubility,9804,correct,verified,
solubility,9805,correct,verified,
solubility,9806,correct,verified,
solubility,9807,correct,verified,
solubility,9808,correct,verified,
solubility,9809,correct,verified,
solubility,9810,correct,verified,
solubility,9811,correct,verified,
solubility,9812,correct,verified,
solubility,9813,correct,verified,
solubility,9814,correct,verified,
solubility,9815,correct,verified,
solubility,9816,correct,verified,
solubility,9817,correct,verified,
solubility,9818,correct,verified,
solubility,9819,correct,verified,
solubility,9820,correct,verified,
solubility,9821,correct,verified,
solubility,9822,correct,verified,
solubility,9823,correct,verified,
solubility,9824,correct,verified,
solubility,9825,correct,verified,
solubility,9826,correct,verified,
solubility,9827,correct,verified,
solubility,9828,correct,verified,
solubility,9829,correct,verified,
solubility,9830,correct,verified,
solubility,9831,correct,verified,
solubility,9832,correct,verified,
solubility,9833,correct,verified,
solubility,9834,correct,verified,
solubility,9835,correct,verified,
solubility,9836,correct,verified,
solubility,9837,correct,verified,
solubility,9838,correct,verified,
solubility,9839,correct,verified,
solubility,9840,correct,verified,
solubility,9841,correct,verified,
solubility,9842,correct,verified,
solubility,9843,correct,verified,
solubility,9844,correct,verified,
solubility,9845,correct,verified,
solubility,9846,correct,verified,
solubility,9847,correct,verified,
solubility,9848,correct,verified,
solubility,9849,correct,verified,
solubility,9850,correct,verified,
solubility,9851,correct,verified,
solubility,9852,correct,verified,
solubility,9853,correct,verified,
solubility,9854,correct,verified,
solubility,9855,correct,verified,
solubility,9856,correct,verified,
solubility,9857,correct,verified,
solubility,9858,correct,verified,
solubility,9859,correct,verified,
solubility,9860,correct,verified,
solubility,9861,correct,verified,
solubility,9862,correct,verified,
solubility,9863,correct,verified,
solubility,9864,correct,verified,
solubility,9865,correct,verified,
solubility,9866,correct,verified,
solubility,9867,correct,verified,
solubility,9868,correct,verified,
solubility,9869,correct,verified,
solubility,9870,correct,verified,
solubility,9871,correct,verified,
solubility,9872,correct,verified,
solubility,9873,correct,verified,
solubility,9874,correct,verified,
solubility,9875,correct,verified,
solubility,9876,correct,verified,
solubility,9877,correct,verified,
solubility,9878,correct,verified,
solubility,9879,correct,verified,
solubility,9880,correct,verified,
solubility,9881,correct,verified,
solubility,9882,correct,verified,
solubility,9883,correct,verified,
solubility,9884,correct,verified,
solubility,9885,correct,verified,
solubility,9886,correct,verified,
solubility,9887,correct,verified,
solubility,9888,correct,verified,
solubility,9889,correct,verified,
solubility,9890,correct,verified,
solubility,9891,correct,verified,
solubility,9892,correct,verified,
solubility,9893,correct,verified,
solubility,9894,correct,verified,
solubility,9895,correct,verified,
solubility,9896,correct,verified,
solubility,9897,correct,verified,
solubility,9898,correct,verified,
solubility,9899,correct,verified,
solubility,9900,correct,verified,
solubility,9901,correct,verified,
solubility,9902,correct,verified,
solubility,9903,correct,verified,
solubility,9904,correct,verified,
solubility,9905,correct,verified,
solubility,9906,correct,verified,
solubility,9907,correct,verified,
solubility,9908,correct,verified,
solubility,9909,correct,verified,
solubility,9910,correct,verified,
solubility,9911,correct,verified,
solubility,9912,correct,verified,
solubility,9913,correct,verified,
solubility,9914,correct,verified,
solubility,9915,correct,verified,
solubility,9916,correct,verified,
solubility,9917,correct,verified,
solubility,9918,correct,verified,
solubility,9919,unverifiable,not-verifiable,
solubility,9920,unverifiable,not-verifiable,
solubility,9921,correct,verified,
solubility,9922,correct,verified,
solubility,9923,correct,verified,
solubility,9924,correct,verified,
solubility,9925,correct,verified,
solubility,9926,correct,verified,
solubility,9927,correct,verified,
solubility,9928,correct,verified,
solubility,9929,correct,verified,
solubility,9930,correct,verified,
solubility,9931,correct,verified,
solubility,9932,correct,verified,
solubility,9933,correct,verified,
solubility,9934,correct,verified,
solubility,9935,correct,verified,
solubility,9936,correct,verified,
solubility,9937,correct,verified,
solubility,9938,correct,verified,
solubility,9939,correct,verified,
solubility,9940,correct,verified,
solubility,9941,correct,verified,
solubility,9942,correct,verified,
solubility,9943,correct,verified,
solubility,9944,correct,verified,
solubility,9945,correct,verified,
solubility,9946,correct,verified,
solubility,9947,correct,verified,
solubility,9948,correct,verified,
solubility,9949,correct,verified,
solubility,9950,correct,verified,
solubility,9951,correct,verified,
solubility,9952,correct,verified,
solubility,9953,correct,verified,
solubility,9954,correct,verified,
solubility,9955,correct,verified,
solubility,9956,correct,verified,
solubility,9957,correct,verified,
solubility,9958,correct,verified,
solubility,9959,correct,verified,
solubility,9960,correct,verified,
solubility,9961,correct,verified,
solubility,9962,correct,verified,
solubility,9963,correct,verified,
solubility,9964,correct,verified,
solubility,9965,correct,verified,
solubility,9966,correct,verified,
solubility,9967,correct,verified,
solubility,9968,correct,verified,
solubility,9969,correct,verified,
solubility,9970,correct,verified,
solubility,9971,correct,verified,
solubility,9972,correct,verified,
solubility,9973,correct,verified,
solubility,9974,correct,verified,
solubility,9975,correct,verified,
solubility,9976,correct,verified,
solubility,9977,correct,verified,
solubility,9978,correct,verified,
solubility,9979,correct,verified,
solubility,9980,correct,verified,
solubility,9981,correct,verified,
solubility,9982,correct,verified,
solubility,9983,correct,verified,
solubility,9984,correct,verified,
solubility,9985,correct,verified,
solubility,9986,correct,verified,
solubility,9987,correct,verified,
solubility,9988,correct,verified,
solubility,9989,correct,verified,
solubility,9990,correct,verified,
solubility,9991,correct,verified,
solubility,9992,correct,verified,
solubility,9993,correct,verified,
solubility,9994,correct,verified,
solubility,9995,correct,verified,
solubility,9996,correct,verified,
solubility,9997,correct,verified,
solubility,9998,correct,verified,
solubility,9999,correct,verified,
solubility,10000,correct,verified,
solubility,10001,correct,verified,
solubility,10002,correct,verified,
solubility,10003,correct,verified,
solubility,10004,correct,verified,
solubility,10005,correct,verified,
solubility,10006,correct,verified,
solubility,10007,correct,verified,
solubility,10008,correct,verified,
solubility,10009,correct,verified,
solubility,10010,correct,verified,
solubility,10011,correct,verified,
solubility,10012,correct,verified,
solubility,10013,correct,verified,
solubility,10014,correct,verified,
solubility,10015,correct,verified,
solubility,10016,correct,verified,
solubility,10017,correct,verified,
solubility,10018,correct,verified,
solubility,10019,correct,verified,
solubility,10020,correct,verified,
solubility,10021,correct,verified,
solubility,10022,correct,verified,
solubility,10023,correct,verified,
solubility,10024,correct,verified,
solubility,10025,correct,verified,
solubility,10026,correct,verified,
solubility,10027,correct,verified,
solubility,10028,correct,verified,
solubility,10029,correct,verified,
solubility,10030,correct,verified,
solubility,10031,correct,verified,
solubility,10032,correct,verified,
solubility,10033,correct,verified,
solubility,10034,correct,verified,
solubility,10035,correct,verified,
solubility,10036,correct,verified,
solubility,10037,correct,verified,
solubility,10038,correct,verified,
solubility,10039,correct,verified,
solubility,10040,correct,verified,
solubility,10041,correct,verified,
solubility,10042,correct,verified,
solubility,10043,correct,verified,
solubility,10044,correct,verified,
solubility,10045,correct,verified,
solubility,10046,correct,verified,
solubility,10047,correct,verified,
solubility,10048,correct,verified,
solubility,10049,correct,verified,
solubility,10050,correct,verified,
solubility,10051,correct,verified,
solubility,10052,correct,verified,
solubility,10053,correct,verified,
solubility,10054,correct,verified,
solubility,10055,correct,verified,
solubility,10056,correct,verified,
solubility,10057,correct,verified,
solubility,10058,correct,verified,
solubility,10059,correct,verified,
solubility,10060,correct,verified,
solubility,10061,correct,verified,
solubility,10062,correct,verified,
solubility,10063,correct,verified,
solubility,10064,correct,verified,
solubility,10065,correct,verified,
solubility,10066,correct,verified,
solubility,10067,correct,verified,
solubility,10068,correct,verified,
solubility,10069,correct,verified,
solubility,10070,correct,verified,
solubility,10071,correct,verified,
solubility,10072,correct,verified,
solubility,10073,correct,verified,
solubility,10074,correct,verified,
solubility,10075,correct,verified,
solubility,10076,correct,verified,
solubility,10077,correct,verified,
solubility,10078,correct,verified,
solubility,10079,correct,verified,
solubility,10080,correct,verified,
solubility,10081,correct,verified,
solubility,10082,correct,verified,
solubility,10083,correct,verified,
solubility,10084,correct,verified,
solubility,10085,correct,verified,
solubility,10086,correct,verified,
solubility,10087,correct,verified,
solubility,10088,correct,verified,
solubility,10089,correct,verified,
solubility,10090,correct,verified,
solubility,10091,correct,verified,
solubility,10092,correct,verified,
solubility,10093,correct,verified,
solubility,10094,correct,verified,
solubility,10095,correct,verified,
solubility,10096,correct,verified,
solubility,10097,correct,verified,
solubility,10098,correct,verified,
solubility,10099,correct,verified,
solubility,10100,correct,verified,
solubility,10101,correct,verified,
solubility,10102,correct,verified,
solubility,10103,correct,verified,
solubility,10104,correct,verified,
solubility,10105,correct,verified,
solubility,10106,correct,verified,
solubility,10107,correct,verified,
solubility,10108,correct,verified,
solubility,10109,correct,verified,
solubility,10110,correct,verified,
solubility,10111,correct,verified,
solubility,10112,correct,verified,
solubility,10113,correct,verified,
solubility,10114,correct,verified,
solubility,10115,correct,verified,
solubility,10116,correct,verified,
solubility,10117,correct,verified,
solubility,10118,correct,verified,
solubility,10119,correct,verified,
solubility,10120,correct,verified,
solubility,10121,correct,verified,
solubility,10122,correct,verified,
solubility,10123,correct,verified,
solubility,10124,correct,verified,
solubility,10125,correct,verified,
solubility,10126,correct,verified,
solubility,10127,correct,verified,
solubility,10128,correct,verified,
solubility,10129,correct,verified,
solubility,10130,correct,verified,
solubility,10131,correct,verified,
solubility,10132,correct,verified,
solubility,10133,correct,verified,
solubility,10134,correct,verified,
solubility,10135,correct,verified,
solubility,10136,correct,verified,
solubility,10137,correct,verified,
solubility,10138,correct,verified,
solubility,10139,correct,verified,
solubility,10140,correct,verified,
solubility,10141,correct,verified,
solubility,10142,correct,verified,
solubility,10143,correct,verified,
solubility,10144,correct,verified,
solubility,10145,correct,verified,
solubility,10146,correct,verified,
solubility,10147,correct,verified,
solubility,10148,correct,verified,
solubility,10149,correct,verified,
solubility,10150,correct,verified,
solubility,10151,correct,verified,
solubility,10152,correct,verified,
solubility,10153,correct,verified,
solubility,10154,correct,verified,
solubility,10155,correct,verified,
solubility,10156,correct,verified,
solubility,10157,correct,verified,
solubility,10158,correct,verified,
solubility,10159,correct,verified,
solubility,10160,correct,verified,
solubility,10161,correct,verified,
solubility,10162,correct,verified,
solubility,10163,correct,verified,
solubility,10164,correct,verified,
solubility,10165,correct,verified,
solubility,10166,correct,verified,
solubility,10167,correct,verified,
solubility,10168,correct,verified,
solubility,10169,correct,verified,
solubility,10170,correct,verified,
solubility,10171,correct,verified,
solubility,10172,correct,verified,
solubility,10173,correct,verified,
solubility,10174,correct,verified,
solubility,10175,correct,verified,
solubility,10176,correct,verified,
solubility,10177,correct,verified,
solubility,10178,correct,verified,
solubility,10179,correct,verified,
solubility,10180,correct,verified,
solubility,10181,correct,verified,
solubility,10182,correct,verified,
solubility,10183,correct,verified,
solubility,10184,correct,verified,
solubility,10185,correct,verified,
solubility,10186,correct,verified,
solubility,10187,correct,verified,
solubility,10188,correct,verified,
solubility,10189,correct,verified,
solubility,10190,correct,verified,
solubility,10191,correct,verified,
solubility,10192,correct,verified,
solubility,10193,correct,verified,
solubility,10194,correct,verified,
solubility,10195,correct,verified,
solubility,10196,correct,verified,
solubility,10197,correct,verified,
solubility,10198,correct,verified,
solubility,10199,correct,verified,
solubility,10200,correct,verified,
solubility,10201,correct,verified,
solubility,10202,correct,verified,
solubility,10203,correct,verified,
solubility,10204,correct,verified,
solubility,10205,correct,verified,
solubility,10206,correct,verified,
solubility,10207,correct,verified,
solubility,10208,correct,verified,
solubility,10209,correct,verified,
solubility,10210,correct,verified,
solubility,10211,correct,verified,
solubility,10212,correct,verified,
solubility,10213,correct,verified,
solubility,10214,correct,verified,
solubility,10215,correct,verified,
solubility,10216,correct,verified,
solubility,10217,correct,verified,
solubility,10218,correct,verified,
solubility,10219,correct,verified,
solubility,10220,correct,verified,
solubility,10221,correct,verified,
solubility,10222,correct,verified,
solubility,10223,correct,verified,
solubility,10224,correct,verified,
solubility,10225,correct,verified,
solubility,10226,correct,verified,
solubility,10227,correct,verified,
solubility,10228,correct,verified,
solubility,10229,correct,verified,
solubility,10230,correct,verified,
solubility,10231,correct,verified,
solubility,10232,correct,verified,
solubility,10233,correct,verified,
solubility,10234,correct,verified,
solubility,10235,correct,verified,
solubility,10236,correct,verified,
solubility,10237,correct,verified,
solubility,10238,correct,verified,
solubility,10239,correct,verified,
solubility,10240,correct,verified,
solubility,10241,correct,verified,
solubility,10242,correct,verified,
solubility,10243,correct,verified,
solubility,10244,correct,verified,
solubility,10245,correct,verified,
solubility,10246,correct,verified,
solubility,10247,correct,verified,
solubility,10248,correct,verified,
solubility,10249,correct,verified,
solubility,10250,correct,verified,
solubility,10251,correct,verified,
solubility,10252,correct,verified,
solubility,10253,correct,verified,
solubility,10254,correct,verified,
solubility,10255,correct,verified,
solubility,10256,correct,verified,
solubility,10257,correct,verified,
solubility,10258,correct,verified,
solubility,10259,correct,verified,
solubility,10260,correct,verified,
solubility,10261,correct,verified,
solubility,10262,correct,verified,
solubility,10263,correct,verified,
solubility,10264,correct,verified,
solubility,10265,correct,verified,
solubility,10266,correct,verified,
solubility,10267,correct,verified,
solubility,10268,correct,verified,
solubility,10269,correct,verified,
solubility,10270,correct,verified,
solubility,10271,correct,verified,
solubility,10272,correct,verified,
solubility,10273,correct,verified,
solubility,10274,correct,verified,
solubility,10275,correct,verified,
solubility,10276,correct,verified,
solubility,10277,correct,verified,
solubility,10278,correct,verified,
solubility,10279,correct,verified,
solubility,10280,correct,verified,
solubility,10281,correct,verified,
solubility,10282,correct,verified,
solubility,10283,correct,verified,
solubility,10284,correct,verified,
solubility,10285,correct,verified,
solubility,10286,correct,verified,
solubility,10287,correct,verified,
solubility,10288,correct,verified,
solubility,10289,correct,verified,
solubility,10290,correct,verified,
solubility,10291,correct,verified,
solubility,10292,correct,verified,
solubility,10293,correct,verified,
solubility,10294,correct,verified,
solubility,10295,correct,verified,
solubility,10296,correct,verified,
solubility,10297,correct,verified,
solubility,10298,correct,verified,
solubility,10299,correct,verified,
solubility,10300,correct,verified,
solubility,10301,correct,verified,
solubility,10302,correct,verified,
solubility,10303,correct,verified,
solubility,10304,correct,verified,
solubility,10305,correct,verified,
solubility,10306,correct,verified,
solubility,10307,correct,verified,
solubility,10308,correct,verified,
solubility,10309,correct,verified,
solubility,10310,correct,verified,
solubility,10311,correct,verified,
solubility,10312,correct,verified,
solubility,10313,correct,verified,
solubility,10314,correct,verified,
solubility,10315,correct,verified,
solubility,10316,correct,verified,
solubility,10317,correct,verified,
solubility,10318,correct,verified,
solubility,10319,correct,verified,
solubility,10320,correct,verified,
solubility,10321,correct,verified,
solubility,10322,correct,verified,
solubility,10323,correct,verified,
solubility,10324,correct,verified,
solubility,10325,correct,verified,
solubility,10326,correct,verified,
solubility,10327,correct,verified,
solubility,10328,correct,verified,
solubility,10329,correct,verified,
solubility,10330,correct,verified,
solubility,10331,correct,verified,
solubility,10332,correct,verified,
solubility,10333,correct,verified,
solubility,10334,correct,verified,
solubility,10335,correct,verified,
solubility,10336,correct,verified,
solubility,10337,correct,verified,
solubility,10338,correct,verified,
solubility,10339,correct,verified,
solubility,10340,correct,verified,
solubility,10341,correct,verified,
solubility,10342,correct,verified,
solubility,10343,correct,verified,
solubility,10344,correct,verified,
solubility,10345,correct,verified,
solubility,10346,correct,verified,
solubility,10347,correct,verified,
solubility,10348,correct,verified,
solubility,10349,correct,verified,
solubility,10350,correct,verified,
solubility,10351,correct,verified,
solubility,10352,correct,verified,
solubility,10353,correct,verified,
solubility,10354,correct,verified,
solubility,10355,correct,verified,
solubility,10356,correct,verified,
solubility,10357,correct,verified,
solubility,10358,correct,verified,
solubility,10359,correct,verified,
solubility,10360,correct,verified,
solubility,10361,correct,verified,
solubility,10362,correct,verified,
solubility,10363,correct,verified,
solubility,10364,correct,verified,
solubility,10365,correct,verified,
solubility,10366,correct,verified,
solubility,10367,correct,verified,
solubility,10368,correct,verified,
solubility,10369,correct,verified,
solubility,10370,correct,verified,
solubility,10371,correct,verified,
solubility,10372,correct,verified,
solubility,10373,correct,verified,
solubility,10374,correct,verified,
solubility,10375,correct,verified,
solubility,10376,correct,verified,
solubility,10377,correct,verified,
solubility,10378,correct,verified,
solubility,10379,correct,verified,
solubility,10380,correct,verified,
solubility,10381,correct,verified,
solubility,10382,correct,verified,
solubility,10383,correct,verified,
solubility,10384,correct,verified,
solubility,10385,correct,verified,
solubility,10386,correct,verified,
solubility,10387,correct,verified,
solubility,10388,correct,verified,
solubility,10389,correct,verified,
solubility,10390,correct,verified,
solubility,10391,correct,verified,
solubility,10392,correct,verified,
solubility,10393,correct,verified,
solubility,10394,correct,verified,
solubility,10395,correct,verified,
solubility,10396,correct,verified,
solubility,10397,correct,verified,
solubility,10398,correct,verified,
solubility,10399,correct,verified,
solubility,10400,correct,verified,
solubility,10401,correct,verified,
solubility,10402,correct,verified,
solubility,10403,correct,verified,
solubility,10404,correct,verified,
solubility,10405,correct,verified,
solubility,10406,correct,verified,
solubility,10407,correct,verified,
solubility,10408,correct,verified,
solubility,10409,correct,verified,
solubility,10410,correct,verified,
solubility,10411,correct,verified,
solubility,10412,correct,verified,
solubility,10413,correct,verified,
solubility,10414,correct,verified,
solubility,10415,correct,verified,
solubility,10416,correct,verified,
solubility,10417,correct,verified,
solubility,10418,correct,verified,
solubility,10419,correct,verified,
solubility,10420,correct,verified,
solubility,10421,correct,verified,
solubility,10422,correct,verified,
solubility,10423,correct,verified,
solubility,10424,correct,verified,
solubility,10425,correct,verified,
solubility,10426,correct,verified,
solubility,10427,correct,verified,
solubility,10428,correct,verified,
solubility,10429,correct,verified,
solubility,10430,correct,verified,
solubility,10431,correct,verified,
solubility,10432,correct,verified,
solubility,10433,correct,verified,
solubility,10434,correct,verified,
solubility,10435,correct,verified,
solubility,10436,correct,verified,
solubility,10437,correct,verified,
solubility,10438,correct,verified,
solubility,10439,correct,verified,
solubility,10440,correct,verified,
solubility,10441,correct,verified,
solubility,10442,correct,verified,
solubility,10443,correct,verified,
solubility,10444,correct,verified,
solubility,10445,correct,verified,
solubility,10446,correct,verified,
solubility,10447,correct,verified,
solubility,10448,correct,verified,
solubility,10449,correct,verified,
solubility,10450,correct,verified,
solubility,10451,correct,verified,
solubility,10452,correct,verified,
solubility,10453,correct,verified,
solubility,10454,correct,verified,
solubility,10455,correct,verified,
solubility,10456,correct,verified,
solubility,10457,correct,verified,
solubility,10458,correct,verified,
solubility,10459,correct,verified,
solubility,10460,correct,verified,
solubility,10461,correct,verified,
solubility,10462,correct,verified,
solubility,10463,correct,verified,
solubility,10464,correct,verified,
solubility,10465,correct,verified,
solubility,10466,correct,verified,
solubility,10467,correct,verified,
solubility,10468,correct,verified,
solubility,10469,correct,verified,
solubility,10470,correct,verified,
solubility,10471,correct,verified,
solubility,10472,correct,verified,
solubility,10473,correct,verified,
solubility,10474,correct,verified,
solubility,10475,correct,verified,
solubility,10476,correct,verified,
solubility,10477,correct,verified,
solubility,10478,correct,verified,
solubility,10479,correct,verified,
solubility,10480,correct,verified,
solubility,10481,correct,verified,
solubility,10482,correct,verified,
solubility,10483,correct,verified,
solubility,10484,correct,verified,
solubility,10485,correct,verified,
solubility,10486,correct,verified,
solubility,10487,correct,verified,
solubility,10488,correct,verified,
solubility,10489,correct,verified,
solubility,10490,correct,verified,
solubility,10491,correct,verified,
solubility,10492,correct,verified,
solubility,10493,correct,verified,
solubility,10494,correct,verified,
solubility,10495,correct,verified,
solubility,10496,correct,verified,
solubility,10497,correct,verified,
solubility,10498,correct,verified,
solubility,10499,correct,verified,
solubility,10500,correct,verified,
solubility,10501,correct,verified,
solubility,10502,correct,verified,
solubility,10503,correct,verified,
solubility,10504,correct,verified,
solubility,10505,correct,verified,
solubility,10506,correct,verified,
solubility,10507,correct,verified,
solubility,10508,correct,verified,
solubility,10509,correct,verified,
solubility,10510,correct,verified,
solubility,10511,correct,verified,
solubility,10512,correct,verified,
solubility,10513,correct,verified,
solubility,10514,correct,verified,
solubility,10515,correct,verified,
solubility,10516,correct,verified,
solubility,10517,correct,verified,
solubility,10518,correct,verified,
solubility,10519,correct,verified,
solubility,10520,correct,verified,
solubility,10521,correct,verified,
solubility,10522,correct,verified,
solubility,10523,correct,verified,
solubility,10524,correct,verified,
solubility,10525,correct,verified,
solubility,10526,correct,verified,
solubility,10527,correct,verified,
solubility,10528,correct,verified,
solubility,10529,correct,verified,
solubility,10530,correct,verified,
solubility,10531,correct,verified,
solubility,10532,correct,verified,
solubility,10533,correct,verified,
solubility,10534,correct,verified,
solubility,10535,correct,verified,
solubility,10536,correct,verified,
solubility,10537,correct,verified,
solubility,10538,correct,verified,
solubility,10539,correct,verified,
solubility,10540,correct,verified,
solubility,10541,correct,verified,
solubility,10542,correct,verified,
solubility,10543,correct,verified,
solubility,10544,correct,verified,
solubility,10545,correct,verified,
solubility,10546,correct,verified,
solubility,10547,correct,verified,
solubility,10548,correct,verified,
solubility,10549,correct,verified,
solubility,10550,correct,verified,
solubility,10551,correct,verified,
solubility,10552,correct,verified,
solubility,10553,correct,verified,
solubility,10554,correct,verified,
solubility,10555,correct,verified,
solubility,10556,correct,verified,
solubility,10557,correct,verified,
solubility,10558,correct,verified,
solubility,10559,correct,verified,
solubility,10560,correct,verified,
solubility,10561,correct,verified,
solubility,10562,correct,verified,
solubility,10563,correct,verified,
solubility,10564,correct,verified,
solubility,10565,correct,verified,
solubility,10566,correct,verified,
solubility,10567,correct,verified,
solubility,10568,correct,verified,
solubility,10569,correct,verified,
solubility,10570,correct,verified,
solubility,10571,correct,verified,
solubility,10572,correct,verified,
solubility,10573,correct,verified,
solubility,10574,correct,verified,
solubility,10575,correct,verified,
solubility,10576,correct,verified,
solubility,10577,correct,verified,
solubility,10578,correct,verified,
solubility,10579,correct,verified,
solubility,10580,correct,verified,
solubility,10581,correct,verified,
solubility,10582,correct,verified,
solubility,10583,correct,verified,
solubility,10584,correct,verified,
solubility,10585,correct,verified,
solubility,10586,correct,verified,
solubility,10587,correct,verified,
solubility,10588,correct,verified,
solubility,10589,correct,verified,
solubility,10590,correct,verified,
solubility,10591,correct,verified,
solubility,10592,correct,verified,
solubility,10593,correct,verified,
solubility,10594,correct,verified,
solubility,10595,correct,verified,
solubility,10596,correct,verified,
solubility,10597,correct,verified,
solubility,10598,correct,verified,
solubility,10599,correct,verified,
solubility,10600,correct,verified,
solubility,10601,correct,verified,
solubility,10602,correct,verified,
solubility,10603,correct,verified,
solubility,10604,correct,verified,
solubility,10605,correct,verified,
solubility,10606,correct,verified,
solubility,10607,correct,verified,
solubility,10608,correct,verified,
solubility,10609,correct,verified,
solubility,10610,correct,verified,
solubility,10611,correct,verified,
solubility,10612,correct,verified,
solubility,10613,correct,verified,
solubility,10614,correct,verified,
solubility,10615,correct,verified,
solubility,10616,correct,verified,
solubility,10617,correct,verified,
solubility,10618,correct,verified,
solubility,10619,correct,verified,
solubility,10620,correct,verified,
solubility,10621,correct,verified,
solubility,10622,correct,verified,
solubility,10623,correct,verified,
solubility,10624,correct,verified,
solubility,10625,correct,verified,
solubility,10626,correct,verified,
solubility,10627,correct,verified,
solubility,10628,correct,verified,
solubility,10629,correct,verified,
solubility,10630,correct,verified,
solubility,10631,correct,verified,
solubility,10632,correct,verified,
solubility,10633,correct,verified,
solubility,10634,correct,verified,
solubility,10635,correct,verified,
solubility,10636,correct,verified,
solubility,10637,correct,verified,
solubility,10638,correct,verified,
solubility,10639,correct,verified,
solubility,10640,correct,verified,
solubility,10641,correct,verified,
solubility,10642,correct,verified,
solubility,10643,correct,verified,
solubility,10644,correct,verified,
solubility,10645,correct,verified,
solubility,10646,correct,verified,
solubility,10647,correct,verified,
solubility,10648,correct,verified,
solubility,10649,correct,verified,
solubility,10650,correct,verified,
solubility,10651,correct,verified,
solubility,10652,correct,verified,
solubility,10653,correct,verified,
solubility,10654,correct,verified,
solubility,10655,correct,verified,
solubility,10656,correct,verified,
solubility,10657,correct,verified,
solubility,10658,correct,verified,
solubility,10659,correct,verified,
solubility,10660,correct,verified,
solubility,10661,correct,verified,
solubility,10662,correct,verified,
solubility,10663,correct,verified,
solubility,10664,correct,verified,
solubility,10665,correct,verified,
solubility,10666,correct,verified,
solubility,10667,correct,verified,
solubility,10668,correct,verified,
solubility,10669,correct,verified,
solubility,10670,correct,verified,
solubility,10671,correct,verified,
solubility,10672,correct,verified,
solubility,10673,correct,verified,
solubility,10674,correct,verified,
solubility,10675,correct,verified,
solubility,10676,correct,verified,
solubility,10677,correct,verified,
solubility,10678,correct,verified,
solubility,10679,correct,verified,
solubility,10680,correct,verified,
solubility,10681,correct,verified,
solubility,10682,correct,verified,
solubility,10683,correct,verified,
solubility,10684,correct,verified,
solubility,10685,correct,verified,
solubility,10686,correct,verified,
solubility,10687,correct,verified,
solubility,10688,correct,verified,
solubility,10689,correct,verified,
solubility,10690,correct,verified,
solubility,10691,correct,verified,
solubility,10692,correct,verified,
solubility,10693,correct,verified,
solubility,10694,correct,verified,
solubility,10695,correct,verified,
solubility,10696,correct,verified,
solubility,10697,correct,verified,
solubility,10698,correct,verified,
solubility,10699,correct,verified,
solubility,10700,correct,verified,
solubility,10701,correct,verified,
solubility,10702,correct,verified,
solubility,10703,correct,verified,
solubility,10704,correct,verified,
solubility,10705,correct,verified,
solubility,10706,correct,verified,
solubility,10707,correct,verified,
solubility,10708,correct,verified,
solubility,10709,correct,verified,
solubility,10710,correct,verified,
solubility,10711,correct,verified,
solubility,10712,correct,verified,
solubility,10713,correct,verified,
solubility,10714,correct,verified,
solubility,10715,correct,verified,
solubility,10716,correct,verified,
solubility,10717,correct,verified,
solubility,10718,correct,verified,
solubility,10719,correct,verified,
solubility,10720,correct,verified,
solubility,10721,correct,verified,
solubility,10722,correct,verified,
solubility,10723,correct,verified,
solubility,10724,correct,verified,
solubility,10725,correct,verified,
solubility,10726,correct,verified,
solubility,10727,correct,verified,
solubility,10728,correct,verified,
solubility,10729,correct,verified,
solubility,10730,correct,verified,
solubility,10731,correct,verified,
solubility,10732,correct,verified,
solubility,10733,correct,verified,
solubility,10734,correct,verified,
solubility,10735,correct,verified,
solubility,10736,correct,verified,
solubility,10737,correct,verified,
solubility,10738,correct,verified,
solubility,10739,correct,verified,
solubility,10740,correct,verified,
solubility,10741,correct,verified,
solubility,10742,correct,verified,
solubility,10743,correct,verified,
solubility,10744,correct,verified,
solubility,10745,correct,verified,
solubility,10746,correct,verified,
solubility,10747,correct,verified,
solubility,10748,correct,verified,
solubility,10749,correct,verified,
solubility,10750,correct,verified,
solubility,10751,correct,verified,
solubility,10752,correct,verified,
solubility,10753,correct,verified,
solubility,10754,correct,verified,
solubility,10755,correct,verified,
solubility,10756,correct,verified,
solubility,10757,correct,verified,
solubility,10758,correct,verified,
solubility,10759,correct,verified,
solubility,10760,correct,verified,
solubility,10761,correct,verified,
solubility,10762,correct,verified,
solubility,10763,correct,verified,
solubility,10764,correct,verified,
solubility,10765,correct,verified,
solubility,10766,correct,verified,
solubility,10767,correct,verified,
solubility,10768,correct,verified,
solubility,10769,correct,verified,
solubility,10770,correct,verified,
solubility,10771,correct,verified,
solubility,10772,correct,verified,
solubility,10773,correct,verified,
solubility,10774,correct,verified,
solubility,10775,correct,verified,
solubility,10776,correct,verified,
solubility,10777,correct,verified,
solubility,10778,correct,verified,
solubility,10779,correct,verified,
solubility,10780,correct,verified,
solubility,10781,correct,verified,
solubility,10782,correct,verified,
solubility,10783,correct,verified,
solubility,10784,correct,verified,
solubility,10785,correct,verified,
solubility,10786,correct,verified,
solubility,10787,correct,verified,
solubility,10788,correct,verified,
solubility,10789,correct,verified,
solubility,10790,correct,verified,
solubility,10791,correct,verified,
solubility,10792,correct,verified,
solubility,10793,correct,verified,
solubility,10794,correct,verified,
solubility,10795,correct,verified,
solubility,10796,correct,verified,
solubility,10797,correct,verified,
solubility,10798,correct,verified,
solubility,10799,correct,verified,
solubility,10800,correct,verified,
solubility,10801,correct,verified,
solubility,10802,correct,verified,
solubility,10803,correct,verified,
solubility,10804,correct,verified,
solubility,10805,correct,verified,
solubility,10806,correct,verified,
solubility,10807,correct,verified,
solubility,10808,correct,verified,
solubility,10809,correct,verified,
solubility,10810,correct,verified,
solubility,10811,correct,verified,
solubility,10812,correct,verified,
solubility,10813,correct,verified,
solubility,10814,correct,verified,
solubility,10815,correct,verified,
solubility,10816,correct,verified,
solubility,10817,correct,verified,
solubility,10818,correct,verified,
solubility,10819,major,corrected,state
solubility,10820,major,corrected,state
solubility,10821,major,corrected,state
solubility,10822,major,corrected,state
solubility,10823,major,corrected,state
solubility,10824,correct,verified,
solubility,10825,correct,verified,
solubility,10826,correct,verified,
solubility,10827,correct,verified,
solubility,10828,correct,verified,
solubility,10829,correct,verified,
solubility,10830,correct,verified,
solubility,10831,correct,verified,
solubility,10832,correct,verified,
solubility,10833,correct,verified,
solubility,10834,correct,verified,
solubility,10835,correct,verified,
solubility,10836,correct,verified,
solubility,10837,correct,verified,
solubility,10838,correct,verified,
solubility,10839,correct,verified,
solubility,10840,correct,verified,
solubility,10841,correct,verified,
solubility,10842,correct,verified,
solubility,10843,correct,verified,
solubility,10844,correct,verified,
solubility,10845,correct,verified,
solubility,10846,correct,verified,
solubility,10847,correct,verified,
solubility,10848,correct,verified,
solubility,10849,correct,verified,
solubility,10850,correct,verified,
solubility,10851,correct,verified,
solubility,10852,correct,verified,
solubility,10853,correct,verified,
solubility,10854,correct,verified,
solubility,10855,correct,verified,
solubility,10856,correct,verified,
solubility,10857,correct,verified,
solubility,10858,correct,verified,
solubility,10859,correct,verified,
solubility,10860,correct,verified,
solubility,10861,correct,verified,
solubility,10862,correct,verified,
solubility,10863,correct,verified,
solubility,10864,correct,verified,
solubility,10865,correct,verified,
solubility,10866,correct,verified,
solubility,10867,correct,verified,
solubility,10868,correct,verified,
solubility,10869,correct,verified,
solubility,10870,correct,verified,
solubility,10871,correct,verified,
solubility,10872,correct,verified,
solubility,10873,correct,verified,
solubility,10874,correct,verified,
solubility,10875,correct,verified,
solubility,10876,correct,verified,
solubility,10877,correct,verified,
solubility,10878,correct,verified,
solubility,10879,correct,verified,
solubility,10880,correct,verified,
solubility,10881,correct,verified,
solubility,10882,correct,verified,
solubility,10883,correct,verified,
solubility,10884,correct,verified,
solubility,10885,correct,verified,
solubility,10886,correct,verified,
solubility,10887,correct,verified,
solubility,10888,correct,verified,
solubility,10889,correct,verified,
solubility,10890,correct,verified,
solubility,10891,correct,verified,
solubility,10892,correct,verified,
solubility,10893,correct,verified,
solubility,10894,correct,verified,
solubility,10895,correct,verified,
solubility,10896,correct,verified,
solubility,10897,correct,verified,
solubility,10898,correct,verified,
solubility,10899,correct,verified,
solubility,10900,correct,verified,
solubility,10901,correct,verified,
solubility,10902,correct,verified,
solubility,10903,correct,verified,
solubility,10904,correct,verified,
solubility,10905,correct,verified,
solubility,10906,correct,verified,
solubility,10907,correct,verified,
solubility,10908,correct,verified,
solubility,10909,correct,verified,
solubility,10910,correct,verified,
solubility,10911,correct,verified,
solubility,10912,correct,verified,
solubility,10913,correct,verified,
solubility,10914,correct,verified,
solubility,10915,correct,verified,
solubility,10916,correct,verified,
solubility,10917,correct,verified,
solubility,10918,correct,verified,
solubility,10919,correct,verified,
solubility,10920,correct,verified,
solubility,10921,correct,verified,
solubility,10922,correct,verified,
solubility,10923,correct,verified,
solubility,10924,correct,verified,
solubility,10925,correct,verified,
solubility,10926,correct,verified,
solubility,10927,correct,verified,
solubility,10928,correct,verified,
solubility,10929,correct,verified,
solubility,10930,correct,verified,
solubility,10931,correct,verified,
solubility,10932,correct,verified,
solubility,10933,correct,verified,
solubility,10934,correct,verified,
solubility,10935,correct,verified,
solubility,10936,correct,verified,
solubility,10937,correct,verified,
solubility,10938,correct,verified,
solubility,10939,correct,verified,
solubility,10940,correct,verified,
solubility,10941,correct,verified,
solubility,10942,correct,verified,
solubility,10943,correct,verified,
solubility,10944,correct,verified,
solubility,10945,correct,verified,
solubility,10946,correct,verified,
solubility,10947,correct,verified,
solubility,10948,correct,verified,
solubility,10949,correct,verified,
solubility,10950,correct,verified,
solubility,10951,correct,verified,
solubility,10952,correct,verified,
solubility,10953,correct,verified,
solubility,10954,correct,verified,
solubility,10955,correct,verified,
solubility,10956,correct,verified,
solubility,10957,correct,verified,
solubility,10958,correct,verified,
solubility,10959,correct,verified,
solubility,10960,correct,verified,
solubility,10961,correct,verified,
solubility,10962,correct,verified,
solubility,10963,correct,verified,
solubility,10964,correct,verified,
solubility,10965,correct,verified,
solubility,10966,correct,verified,
solubility,10967,correct,verified,
solubility,10968,correct,verified,
solubility,10969,correct,verified,
solubility,10970,correct,verified,
solubility,10971,correct,verified,
solubility,10972,correct,verified,
solubility,10973,correct,verified,
solubility,10974,correct,verified,
solubility,10975,correct,verified,
solubility,10976,correct,verified,
solubility,10977,correct,verified,
solubility,10978,correct,verified,
solubility,10979,correct,verified,
solubility,10980,correct,verified,
solubility,10981,correct,verified,
solubility,10982,correct,verified,
solubility,10983,correct,verified,
solubility,10984,correct,verified,
solubility,10985,correct,verified,
solubility,10986,correct,verified,
solubility,10987,correct,verified,
solubility,10988,correct,verified,
solubility,10989,correct,verified,
solubility,10990,correct,verified,
solubility,10991,correct,verified,
solubility,10992,correct,verified,
solubility,10993,correct,verified,
solubility,10994,correct,verified,
solubility,10995,correct,verified,
solubility,10996,correct,verified,
solubility,10997,correct,verified,
solubility,10998,correct,verified,
solubility,10999,correct,verified,
solubility,11000,correct,verified,
solubility,11001,correct,verified,
solubility,11002,correct,verified,
solubility,11003,correct,verified,
solubility,11004,correct,verified,
solubility,11005,correct,verified,
solubility,11006,correct,verified,
solubility,11007,correct,verified,
solubility,11008,correct,verified,
solubility,11009,correct,verified,
solubility,11010,correct,verified,
solubility,11011,correct,verified,
solubility,11012,correct,verified,
solubility,11013,correct,verified,
solubility,11014,correct,verified,
solubility,11015,correct,verified,
solubility,11016,correct,verified,
solubility,11017,correct,verified,
solubility,11018,correct,verified,
solubility,11019,correct,verified,
solubility,11020,correct,verified,
solubility,11021,correct,verified,
solubility,11022,correct,verified,
solubility,11023,correct,verified,
solubility,11024,correct,verified,
solubility,11025,correct,verified,
solubility,11026,correct,verified,
solubility,11027,correct,verified,
solubility,11028,correct,verified,
solubility,11029,correct,verified,
solubility,11030,correct,verified,
solubility,11031,correct,verified,
solubility,11032,correct,verified,
solubility,11033,correct,verified,
solubility,11034,correct,verified,
solubility,11035,correct,verified,
solubility,11036,correct,verified,
solubility,11037,correct,verified,
solubility,11038,correct,verified,
solubility,11039,correct,verified,
solubility,11040,correct,verified,
solubility,11041,correct,verified,
solubility,11042,correct,verified,
solubility,11043,correct,verified,
solubility,11044,correct,verified,
solubility,11045,correct,verified,
solubility,11046,correct,verified,
solubility,11047,correct,verified,
solubility,11048,correct,verified,
solubility,11049,correct,verified,
solubility,11050,correct,verified,
solubility,11051,correct,verified,
solubility,11052,correct,verified,
solubility,11053,correct,verified,
solubility,11054,correct,verified,
solubility,11055,correct,verified,
solubility,11056,correct,verified,
solubility,11057,correct,verified,
solubility,11058,correct,verified,
solubility,11059,correct,verified,
solubility,11060,correct,verified,
solubility,11061,correct,verified,
solubility,11062,correct,verified,
solubility,11063,correct,verified,
solubility,11064,correct,verified,
solubility,11065,correct,verified,
solubility,11066,correct,verified,
solubility,11067,correct,verified,
solubility,11068,correct,verified,
solubility,11069,correct,verified,
solubility,11070,correct,verified,
solubility,11071,correct,verified,
solubility,11072,correct,verified,
solubility,11073,correct,verified,
solubility,11074,correct,verified,
solubility,11075,correct,verified,
solubility,11076,correct,verified,
solubility,11077,correct,verified,
solubility,11078,correct,verified,
solubility,11079,correct,verified,
solubility,11080,correct,verified,
solubility,11081,correct,verified,
solubility,11082,correct,verified,
solubility,11083,correct,verified,
solubility,11084,correct,verified,
solubility,11085,correct,verified,
solubility,11086,correct,verified,
solubility,11087,correct,verified,
solubility,11088,correct,verified,
solubility,11089,correct,verified,
solubility,11090,correct,verified,
solubility,11091,correct,verified,
solubility,11092,correct,verified,
solubility,11093,correct,verified,
solubility,11094,correct,verified,
solubility,11095,correct,verified,
solubility,11096,correct,verified,
solubility,11097,correct,verified,
solubility,11098,correct,verified,
solubility,11099,correct,verified,
solubility,11100,correct,verified,
solubility,11101,correct,verified,
solubility,11102,correct,verified,
solubility,11103,correct,verified,
solubility,11104,correct,verified,
solubility,11105,correct,verified,
solubility,11106,correct,verified,
solubility,11107,correct,verified,
solubility,11108,correct,verified,
solubility,11109,correct,verified,
solubility,11110,correct,verified,
solubility,11111,correct,verified,
solubility,11112,correct,verified,
solubility,11113,correct,verified,
solubility,11114,correct,verified,
solubility,11115,correct,verified,
solubility,11116,correct,verified,
solubility,11117,correct,verified,
solubility,11118,correct,verified,
solubility,11119,correct,verified,
solubility,11120,correct,verified,
solubility,11121,correct,verified,
solubility,11122,correct,verified,
solubility,11123,correct,verified,
solubility,11124,correct,verified,
solubility,11125,correct,verified,
solubility,11126,correct,verified,
solubility,11127,correct,verified,
solubility,11128,correct,verified,
solubility,11129,correct,verified,
solubility,11130,correct,verified,
solubility,11131,correct,verified,
solubility,11132,correct,verified,
solubility,11133,correct,verified,
solubility,11134,correct,verified,
solubility,11135,correct,verified,
solubility,11136,correct,verified,
solubility,11137,correct,verified,
solubility,11138,correct,verified,
solubility,11139,correct,verified,
solubility,11140,correct,verified,
solubility,11141,correct,verified,
solubility,11142,correct,verified,
solubility,11143,correct,verified,
solubility,11144,correct,verified,
solubility,11145,correct,verified,
solubility,11146,correct,verified,
solubility,11147,correct,verified,
solubility,11148,correct,verified,
solubility,11149,correct,verified,
solubility,11150,correct,verified,
solubility,11151,correct,verified,
solubility,11152,correct,verified,
solubility,11153,correct,verified,
solubility,11154,correct,verified,
solubility,11155,correct,verified,
solubility,11156,correct,verified,
solubility,11157,correct,verified,
solubility,11158,correct,verified,
solubility,11159,correct,verified,
solubility,11160,correct,verified,
solubility,11161,correct,verified,
solubility,11162,correct,verified,
solubility,11163,correct,verified,
solubility,11164,correct,verified,
solubility,11165,correct,verified,
solubility,11166,correct,verified,
solubility,11167,correct,verified,
solubility,11168,correct,verified,
solubility,11169,correct,verified,
solubility,11170,correct,verified,
solubility,11171,correct,verified,
solubility,11172,correct,verified,
solubility,11173,correct,verified,
solubility,11174,correct,verified,
solubility,11175,correct,verified,
solubility,11176,correct,verified,
solubility,11177,correct,verified,
solubility,11178,correct,verified,
solubility,11179,correct,verified,
solubility,11180,correct,verified,
solubility,11181,correct,verified,
solubility,11182,correct,verified,
solubility,11183,correct,verified,
solubility,11184,correct,verified,
solubility,11185,correct,verified,
solubility,11186,correct,verified,
solubility,11187,correct,verified,
solubility,11188,correct,verified,
solubility,11189,correct,verified,
solubility,11190,correct,verified,
solubility,11191,correct,verified,
solubility,11192,correct,verified,
solubility,11193,correct,verified,
solubility,11194,correct,verified,
solubility,11195,correct,verified,
solubility,11196,correct,verified,
solubility,11197,correct,verified,
solubility,11198,correct,verified,
solubility,11199,correct,verified,
solubility,11200,correct,verified,
solubility,11201,correct,verified,
solubility,11202,correct,verified,
solubility,11203,correct,verified,
solubility,11204,correct,verified,
solubility,11205,correct,verified,
solubility,11206,correct,verified,
solubility,11207,correct,verified,
solubility,11208,correct,verified,
solubility,11209,correct,verified,
solubility,11210,correct,verified,
solubility,11211,correct,verified,
solubility,11212,correct,verified,
solubility,11213,correct,verified,
solubility,11214,correct,verified,
solubility,11215,correct,verified,
solubility,11216,correct,verified,
solubility,11217,correct,verified,
solubility,11218,correct,verified,
solubility,11219,correct,verified,
solubility,11220,correct,verified,
solubility,11221,correct,verified,
solubility,11222,correct,verified,
solubility,11223,correct,verified,
solubility,11224,correct,verified,
solubility,11225,correct,verified,
solubility,11226,correct,verified,
solubility,11227,correct,verified,
solubility,11228,correct,verified,
solubility,11229,correct,verified,
solubility,11230,correct,verified,
solubility,11231,correct,verified,
solubility,11232,correct,verified,
solubility,11233,correct,verified,
solubility,11234,correct,verified,
solubility,11235,correct,verified,
solubility,11236,correct,verified,
solubility,11237,correct,verified,
solubility,11238,correct,verified,
solubility,11239,correct,verified,
solubility,11240,correct,verified,
solubility,11241,correct,verified,
solubility,11242,correct,verified,
solubility,11243,correct,verified,
solubility,11244,correct,verified,
solubility,11245,correct,verified,
solubility,11246,correct,verified,
solubility,11247,correct,verified,
solubility,11248,correct,verified,
solubility,11249,correct,verified,
solubility,11250,correct,verified,
solubility,11251,correct,verified,
solubility,11252,correct,verified,
solubility,11253,correct,verified,
solubility,11254,correct,verified,
solubility,11255,correct,verified,
solubility,11256,correct,verified,
solubility,11257,correct,verified,
solubility,11258,correct,verified,
solubility,11259,correct,verified,
solubility,11260,correct,verified,
solubility,11261,correct,verified,
solubility,11262,correct,verified,
solubility,11263,correct,verified,
solubility,11264,correct,verified,
solubility,11265,correct,verified,
solubility,11266,correct,verified,
solubility,11267,correct,verified,
solubility,11268,correct,verified,
solubility,11269,correct,verified,
solubility,11270,correct,verified,
solubility,11271,correct,verified,
solubility,11272,correct,verified,
solubility,11273,correct,verified,
solubility,11274,correct,verified,
solubility,11275,correct,verified,
solubility,11276,correct,verified,
solubility,11277,correct,verified,
solubility,11278,correct,verified,
solubility,11279,correct,verified,
solubility,11280,correct,verified,
solubility,11281,correct,verified,
solubility,11282,correct,verified,
solubility,11283,correct,verified,
solubility,11284,correct,verified,
solubility,11285,correct,verified,
solubility,11286,correct,verified,
solubility,11287,correct,verified,
solubility,11288,correct,verified,
solubility,11289,correct,verified,
solubility,11290,correct,verified,
solubility,11291,correct,verified,
solubility,11292,correct,verified,
solubility,11293,correct,verified,
solubility,11294,correct,verified,
solubility,11295,correct,verified,
solubility,11296,correct,verified,
solubility,11297,correct,verified,
solubility,11298,correct,verified,
solubility,11299,correct,verified,
solubility,11300,correct,verified,
solubility,11301,correct,verified,
solubility,11302,correct,verified,
solubility,11303,correct,verified,
solubility,11304,correct,verified,
solubility,11305,correct,verified,
solubility,11306,correct,verified,
solubility,11307,correct,verified,
solubility,11308,correct,verified,
solubility,11309,correct,verified,
solubility,11310,correct,verified,
solubility,11311,correct,verified,
solubility,11312,correct,verified,
solubility,11313,correct,verified,
solubility,11314,correct,verified,
solubility,11315,correct,verified,
solubility,11316,correct,verified,
solubility,11317,correct,verified,
solubility,11318,correct,verified,
solubility,11319,correct,verified,
solubility,11320,correct,verified,
solubility,11321,correct,verified,
solubility,11322,correct,verified,
solubility,11323,correct,verified,
solubility,11324,correct,verified,
solubility,11325,correct,verified,
solubility,11326,correct,verified,
solubility,11327,correct,verified,
solubility,11328,correct,verified,
solubility,11329,correct,verified,
solubility,11330,correct,verified,
solubility,11331,correct,verified,
solubility,11332,correct,verified,
solubility,11333,correct,verified,
solubility,11334,correct,verified,
solubility,11335,correct,verified,
solubility,11336,correct,verified,
solubility,11337,correct,verified,
solubility,11338,correct,verified,
solubility,11339,correct,verified,
solubility,11340,correct,verified,
solubility,11341,correct,verified,
solubility,11342,correct,verified,
solubility,11343,correct,verified,
solubility,11344,correct,verified,
solubility,11345,correct,verified,
solubility,11346,correct,verified,
solubility,11347,correct,verified,
solubility,11348,correct,verified,
solubility,11349,correct,verified,
solubility,11350,correct,verified,
solubility,11351,correct,verified,
solubility,11352,correct,verified,
solubility,11353,correct,verified,
solubility,11354,correct,verified,
solubility,11355,correct,verified,
solubility,11356,correct,verified,
solubility,11357,correct,verified,
solubility,11358,correct,verified,
solubility,11359,correct,verified,
solubility,11360,correct,verified,
solubility,11361,correct,verified,
solubility,11362,correct,verified,
solubility,11363,correct,verified,
solubility,11364,correct,verified,
solubility,11365,correct,verified,
solubility,11366,correct,verified,
solubility,11367,correct,verified,
solubility,11368,correct,verified,
solubility,11369,correct,verified,
solubility,11370,correct,verified,
solubility,11371,correct,verified,
solubility,11372,correct,verified,
solubility,11373,correct,verified,
solubility,11374,correct,verified,
solubility,11375,correct,verified,
solubility,11376,correct,verified,
solubility,11377,correct,verified,
solubility,11378,correct,verified,
solubility,11379,correct,verified,
solubility,11380,correct,verified,
solubility,11381,correct,verified,
solubility,11382,correct,verified,
solubility,11383,correct,verified,
solubility,11384,correct,verified,
solubility,11385,correct,verified,
solubility,11386,correct,verified,
solubility,11387,correct,verified,
solubility,11388,correct,verified,
solubility,11389,correct,verified,
solubility,11390,correct,verified,
solubility,11391,correct,verified,
solubility,11392,correct,verified,
solubility,11393,correct,verified,
solubility,11394,correct,verified,
solubility,11395,correct,verified,
solubility,11396,correct,verified,
solubility,11397,correct,verified,
solubility,11398,correct,verified,
solubility,11399,correct,verified,
solubility,11400,correct,verified,
solubility,11401,correct,verified,
solubility,11402,correct,verified,
solubility,11403,correct,verified,
solubility,11404,correct,verified,
solubility,11405,correct,verified,
solubility,11406,correct,verified,
solubility,11407,correct,verified,
solubility,11408,correct,verified,
solubility,11409,correct,verified,
solubility,11410,correct,verified,
solubility,11411,correct,verified,
solubility,11412,correct,verified,
solubility,11413,correct,verified,
solubility,11414,correct,verified,
solubility,11415,correct,verified,
solubility,11416,correct,verified,
solubility,11417,correct,verified,
solubility,11418,correct,verified,
solubility,11419,correct,verified,
solubility,11420,correct,verified,
solubility,11421,correct,verified,
solubility,11422,correct,verified,
solubility,11423,correct,verified,
solubility,11424,correct,verified,
solubility,11425,correct,verified,
solubility,11426,correct,verified,
solubility,11427,correct,verified,
solubility,11428,correct,verified,
solubility,11429,correct,verified,
solubility,11430,correct,verified,
solubility,11431,correct,verified,
solubility,11432,correct,verified,
solubility,11433,correct,verified,
solubility,11434,correct,verified,
solubility,11435,correct,verified,
solubility,11436,correct,verified,
solubility,11437,correct,verified,
solubility,11438,correct,verified,
solubility,11439,correct,verified,
solubility,11440,correct,verified,
solubility,11441,correct,verified,
solubility,11442,correct,verified,
solubility,11443,correct,verified,
solubility,11444,correct,verified,
solubility,11445,correct,verified,
solubility,11446,correct,verified,
solubility,11447,correct,verified,
solubility,11448,correct,verified,
solubility,11449,correct,verified,
solubility,11450,correct,verified,
solubility,11451,correct,verified,
solubility,11452,correct,verified,
solubility,11453,correct,verified,
solubility,11454,correct,verified,
solubility,11455,correct,verified,
solubility,11456,correct,verified,
solubility,11457,correct,verified,
solubility,11458,correct,verified,
solubility,11459,correct,verified,
solubility,11460,correct,verified,
solubility,11461,correct,verified,
solubility,11462,correct,verified,
solubility,11463,correct,verified,
solubility,11464,correct,verified,
solubility,11465,correct,verified,
solubility,11466,correct,verified,
solubility,11467,correct,verified,
solubility,11468,correct,verified,
solubility,11469,correct,verified,
solubility,11470,correct,verified,
solubility,11471,correct,verified,
solubility,11472,correct,verified,
solubility,11473,correct,verified,
solubility,11474,correct,verified,
solubility,11475,correct,verified,
solubility,11476,correct,verified,
solubility,11477,correct,verified,
solubility,11478,correct,verified,
solubility,11479,correct,verified,
solubility,11480,correct,verified,
solubility,11481,correct,verified,
solubility,11482,correct,verified,
solubility,11483,correct,verified,
solubility,11484,correct,verified,
solubility,11485,correct,verified,
solubility,11486,correct,verified,
solubility,11487,correct,verified,
solubility,11488,correct,verified,
solubility,11489,correct,verified,
solubility,11490,correct,verified,
solubility,11491,correct,verified,
solubility,11492,correct,verified,
solubility,11493,correct,verified,
solubility,11494,correct,verified,
solubility,11495,correct,verified,
solubility,11496,correct,verified,
solubility,11497,correct,verified,
solubility,11498,correct,verified,
solubility,11499,correct,verified,
solubility,11500,correct,verified,
solubility,11501,correct,verified,
solubility,11502,correct,verified,
solubility,11503,correct,verified,
solubility,11504,correct,verified,
solubility,11505,correct,verified,
solubility,11506,correct,verified,
solubility,11507,correct,verified,
solubility,11508,correct,verified,
solubility,11509,correct,verified,
solubility,11510,correct,verified,
solubility,11511,correct,verified,
solubility,11512,correct,verified,
solubility,11513,correct,verified,
solubility,11514,correct,verified,
solubility,11515,correct,verified,
solubility,11516,correct,verified,
solubility,11517,correct,verified,
solubility,11518,correct,verified,
solubility,11519,correct,verified,
solubility,11520,correct,verified,
solubility,11521,correct,verified,
solubility,11522,correct,verified,
solubility,11523,correct,verified,
solubility,11524,correct,verified,
solubility,11525,correct,verified,
solubility,11526,correct,verified,
solubility,11527,correct,verified,
solubility,11528,correct,verified,
solubility,11529,correct,verified,
solubility,11530,correct,verified,
solubility,11531,correct,verified,
solubility,11532,correct,verified,
solubility,11533,correct,verified,
solubility,11534,correct,verified,
solubility,11535,correct,verified,
solubility,11536,correct,verified,
solubility,11537,correct,verified,
solubility,11538,correct,verified,
solubility,11539,correct,verified,
solubility,11540,correct,verified,
solubility,11541,correct,verified,
solubility,11542,correct,verified,
solubility,11543,correct,verified,
solubility,11544,correct,verified,
solubility,11545,correct,verified,
solubility,11546,correct,verified,
solubility,11547,correct,verified,
solubility,11548,correct,verified,
solubility,11549,correct,verified,
solubility,11550,correct,verified,
solubility,11551,correct,verified,
solubility,11552,correct,verified,
solubility,11553,correct,verified,
solubility,11554,correct,verified,
solubility,11555,correct,verified,
solubility,11556,correct,verified,
solubility,11557,correct,verified,
solubility,11558,correct,verified,
solubility,11559,correct,verified,
solubility,11560,correct,verified,
solubility,11561,correct,verified,
solubility,11562,correct,verified,
solubility,11563,correct,verified,
solubility,11564,correct,verified,
solubility,11565,correct,verified,
solubility,11566,correct,verified,
solubility,11567,correct,verified,
solubility,11568,correct,verified,
solubility,11569,correct,verified,
solubility,11570,correct,verified,
solubility,11571,correct,verified,
solubility,11572,correct,verified,
solubility,11573,correct,verified,
solubility,11574,correct,verified,
solubility,11575,correct,verified,
solubility,11576,correct,verified,
solubility,11577,correct,verified,
solubility,11578,correct,verified,
solubility,11579,correct,verified,
solubility,11580,correct,verified,
solubility,11581,correct,verified,
solubility,11582,correct,verified,
solubility,11583,correct,verified,
solubility,11584,correct,verified,
solubility,11585,correct,verified,
solubility,11586,correct,verified,
solubility,11587,correct,verified,
solubility,11588,correct,verified,
solubility,11589,correct,verified,
solubility,11590,correct,verified,
solubility,11591,correct,verified,
solubility,11592,correct,verified,
solubility,11593,correct,verified,
solubility,11594,correct,verified,
solubility,11595,correct,verified,
solubility,11596,correct,verified,
solubility,11597,correct,verified,
solubility,11598,correct,verified,
solubility,11599,correct,verified,
solubility,11600,correct,verified,
solubility,11601,correct,verified,
solubility,11602,correct,verified,
solubility,11603,correct,verified,
solubility,11604,correct,verified,
solubility,11605,correct,verified,
solubility,11606,correct,verified,
solubility,11607,correct,verified,
solubility,11608,correct,verified,
solubility,11609,correct,verified,
solubility,11610,correct,verified,
solubility,11611,correct,verified,
solubility,11612,correct,verified,
solubility,11613,correct,verified,
solubility,11614,correct,verified,
solubility,11615,correct,verified,
solubility,11616,correct,verified,
solubility,11617,correct,verified,
solubility,11618,correct,verified,
solubility,11619,correct,verified,
solubility,11620,correct,verified,
solubility,11621,correct,verified,
solubility,11622,correct,verified,
solubility,11623,correct,verified,
solubility,11624,correct,verified,
solubility,11625,correct,verified,
solubility,11626,correct,verified,
solubility,11627,correct,verified,
solubility,11628,correct,verified,
solubility,11629,correct,verified,
solubility,11630,correct,verified,
solubility,11631,correct,verified,
solubility,11632,correct,verified,
solubility,11633,correct,verified,
solubility,11634,correct,verified,
solubility,11635,correct,verified,
solubility,11636,correct,verified,
solubility,11637,correct,verified,
solubility,11638,correct,verified,
solubility,11639,correct,verified,
solubility,11640,correct,verified,
solubility,11641,correct,verified,
solubility,11642,correct,verified,
solubility,11643,correct,verified,
solubility,11644,correct,verified,
solubility,11645,correct,verified,
solubility,11646,correct,verified,
solubility,11647,correct,verified,
solubility,11648,correct,verified,
solubility,11649,correct,verified,
solubility,11650,correct,verified,
solubility,11651,correct,verified,
solubility,11652,correct,verified,
solubility,11653,correct,verified,
solubility,11654,correct,verified,
solubility,11655,correct,verified,
solubility,11656,correct,verified,
solubility,11657,correct,verified,
solubility,11658,correct,verified,
solubility,11659,correct,verified,
solubility,11660,correct,verified,
solubility,11661,correct,verified,
solubility,11662,correct,verified,
solubility,11663,correct,verified,
solubility,11664,correct,verified,
solubility,11665,correct,verified,
solubility,11666,correct,verified,
solubility,11667,correct,verified,
solubility,11668,correct,verified,
solubility,11669,correct,verified,
solubility,11670,correct,verified,
solubility,11671,correct,verified,
solubility,11672,correct,verified,
solubility,11673,correct,verified,
solubility,11674,correct,verified,
solubility,11675,correct,verified,
solubility,11676,correct,verified,
solubility,11677,correct,verified,
solubility,11678,correct,verified,
solubility,11679,correct,verified,
solubility,11680,correct,verified,
solubility,11681,correct,verified,
solubility,11682,correct,verified,
solubility,11683,correct,verified,
solubility,11684,correct,verified,
solubility,11685,correct,verified,
solubility,11686,correct,verified,
solubility,11687,correct,verified,
solubility,11688,correct,verified,
solubility,11689,correct,verified,
solubility,11690,correct,verified,
solubility,11691,correct,verified,
solubility,11692,correct,verified,
solubility,11693,correct,verified,
solubility,11694,correct,verified,
solubility,11695,correct,verified,
solubility,11696,correct,verified,
solubility,11697,correct,verified,
solubility,11698,correct,verified,
solubility,11699,correct,verified,
solubility,11700,correct,verified,
solubility,11701,correct,verified,
solubility,11702,correct,verified,
solubility,11703,correct,verified,
solubility,11704,correct,verified,
solubility,11705,correct,verified,
solubility,11706,correct,verified,
solubility,11707,correct,verified,
solubility,11708,correct,verified,
solubility,11709,correct,verified,
solubility,11710,correct,verified,
solubility,11711,correct,verified,
solubility,11712,correct,verified,
solubility,11713,correct,verified,
solubility,11714,correct,verified,
solubility,11715,correct,verified,
solubility,11716,correct,verified,
solubility,11717,correct,verified,
solubility,11718,correct,verified,
solubility,11719,correct,verified,
solubility,11720,correct,verified,
solubility,11721,correct,verified,
solubility,11722,correct,verified,
solubility,11723,correct,verified,
solubility,11724,correct,verified,
solubility,11725,correct,verified,
solubility,11726,correct,verified,
solubility,11727,correct,verified,
solubility,11728,correct,verified,
solubility,11729,correct,verified,
solubility,11730,correct,verified,
solubility,11731,correct,verified,
solubility,11732,correct,verified,
solubility,11733,correct,verified,
solubility,11734,correct,verified,
solubility,11735,correct,verified,
solubility,11736,correct,verified,
solubility,11737,correct,verified,
solubility,11738,correct,verified,
solubility,11739,correct,verified,
solubility,11740,correct,verified,
solubility,11741,correct,verified,
solubility,11742,correct,verified,
solubility,11743,correct,verified,
solubility,11744,correct,verified,
solubility,11745,correct,verified,
solubility,11746,correct,verified,
solubility,11747,correct,verified,
solubility,11748,correct,verified,
solubility,11749,correct,verified,
solubility,11750,correct,verified,
solubility,11751,correct,verified,
solubility,11752,correct,verified,
solubility,11753,correct,verified,
solubility,11754,correct,verified,
solubility,11755,correct,verified,
solubility,11756,correct,verified,
solubility,11757,correct,verified,
solubility,11758,correct,verified,
solubility,11759,correct,verified,
solubility,11760,correct,verified,
solubility,11761,correct,verified,
solubility,11762,correct,verified,
solubility,11763,correct,verified,
solubility,11764,correct,verified,
solubility,11765,correct,verified,
solubility,11766,correct,verified,
solubility,11767,correct,verified,
solubility,11768,correct,verified,
solubility,11769,correct,verified,
solubility,11770,correct,verified,
solubility,11771,correct,verified,
solubility,11772,correct,verified,
solubility,11773,correct,verified,
solubility,11774,correct,verified,
solubility,11775,correct,verified,
solubility,11776,correct,verified,
solubility,11777,correct,verified,
solubility,11778,correct,verified,
solubility,11779,correct,verified,
solubility,11780,correct,verified,
solubility,11781,correct,verified,
solubility,11782,correct,verified,
solubility,11783,correct,verified,
solubility,11784,correct,verified,
solubility,11785,correct,verified,
solubility,11786,correct,verified,
solubility,11787,correct,verified,
solubility,11788,correct,verified,
solubility,11789,correct,verified,
solubility,11790,correct,verified,
solubility,11791,correct,verified,
solubility,11792,correct,verified,
solubility,11793,correct,verified,
solubility,11794,correct,verified,
solubility,11795,correct,verified,
solubility,11796,correct,verified,
solubility,11797,correct,verified,
solubility,11798,correct,verified,
solubility,11799,correct,verified,
solubility,11800,correct,verified,
solubility,11801,correct,verified,
solubility,11802,correct,verified,
solubility,11803,correct,verified,
solubility,11804,correct,verified,
solubility,11805,correct,verified,
solubility,11806,correct,verified,
solubility,11807,correct,verified,
solubility,11808,correct,verified,
solubility,11809,correct,verified,
solubility,11810,correct,verified,
solubility,11811,correct,verified,
solubility,11812,correct,verified,
solubility,11813,correct,verified,
solubility,11814,correct,verified,
solubility,11815,correct,verified,
solubility,11816,correct,verified,
solubility,11817,correct,verified,
solubility,11818,correct,verified,
solubility,11819,correct,verified,
solubility,11820,correct,verified,
solubility,11821,correct,verified,
solubility,11822,correct,verified,
solubility,11823,correct,verified,
solubility,11824,correct,verified,
solubility,11825,correct,verified,
solubility,11826,correct,verified,
solubility,11827,correct,verified,
solubility,11828,correct,verified,
solubility,11829,correct,verified,
solubility,11830,correct,verified,
solubility,11831,correct,verified,
solubility,11832,correct,verified,
solubility,11833,correct,verified,
solubility,11834,correct,verified,
solubility,11835,correct,verified,
solubility,11836,correct,verified,
solubility,11837,correct,verified,
solubility,11838,correct,verified,
solubility,11839,correct,verified,
solubility,11840,correct,verified,
solubility,11841,correct,verified,
solubility,11842,correct,verified,
solubility,11843,correct,verified,
solubility,11844,correct,verified,
solubility,11845,correct,verified,
solubility,11846,correct,verified,
solubility,11847,correct,verified,
solubility,11848,correct,verified,
solubility,11849,correct,verified,
solubility,11850,correct,verified,
solubility,11851,correct,verified,
solubility,11852,correct,verified,
solubility,11853,correct,verified,
solubility,11854,correct,verified,
solubility,11855,correct,verified,
solubility,11856,correct,verified,
solubility,11857,correct,verified,
solubility,11858,correct,verified,
solubility,11859,correct,verified,
solubility,11860,correct,verified,
solubility,11861,correct,verified,
solubility,11862,correct,verified,
solubility,11863,correct,verified,
solubility,11864,correct,verified,
solubility,11865,correct,verified,
solubility,11866,correct,verified,
solubility,11867,correct,verified,
solubility,11868,correct,verified,
solubility,11869,correct,verified,
solubility,11870,correct,verified,
solubility,11871,correct,verified,
solubility,11872,correct,verified,
solubility,11873,correct,verified,
solubility,11874,correct,verified,
solubility,11875,correct,verified,
solubility,11876,correct,verified,
solubility,11877,correct,verified,
solubility,11878,correct,verified,
solubility,11879,correct,verified,
solubility,11880,correct,verified,
solubility,11881,correct,verified,
solubility,11882,correct,verified,
solubility,11883,correct,verified,
solubility,11884,correct,verified,
solubility,11885,correct,verified,
solubility,11886,correct,verified,
solubility,11887,correct,verified,
solubility,11888,correct,verified,
solubility,11889,correct,verified,
solubility,11890,correct,verified,
solubility,11891,correct,verified,
solubility,11892,correct,verified,
solubility,11893,correct,verified,
solubility,11894,correct,verified,
solubility,11895,correct,verified,
solubility,11896,correct,verified,
solubility,11897,correct,verified,
solubility,11898,correct,verified,
solubility,11899,correct,verified,
solubility,11900,correct,verified,
solubility,11901,correct,verified,
solubility,11902,correct,verified,
solubility,11903,correct,verified,
solubility,11904,correct,verified,
solubility,11905,correct,verified,
solubility,11906,correct,verified,
solubility,11907,correct,verified,
solubility,11908,correct,verified,
solubility,11909,correct,verified,
solubility,11910,correct,verified,
solubility,11911,correct,verified,
solubility,11912,correct,verified,
solubility,11913,correct,verified,
solubility,11914,correct,verified,
solubility,11915,correct,verified,
solubility,11916,correct,verified,
solubility,11917,correct,verified,
solubility,11918,correct,verified,
solubility,11919,correct,verified,
solubility,11920,correct,verified,
solubility,11921,correct,verified,
solubility,11922,correct,verified,
solubility,11923,correct,verified,
solubility,11924,correct,verified,
solubility,11925,correct,verified,
solubility,11926,correct,verified,
solubility,11927,correct,verified,
solubility,11928,correct,verified,
solubility,11929,correct,verified,
solubility,11930,correct,verified,
solubility,11931,correct,verified,
solubility,11932,correct,verified,
solubility,11933,correct,verified,
solubility,11934,correct,verified,
solubility,11935,correct,verified,
solubility,11936,correct,verified,
solubility,11937,correct,verified,
solubility,11938,correct,verified,
solubility,11939,correct,verified,
solubility,11940,correct,verified,
solubility,11941,correct,verified,
solubility,11942,correct,verified,
solubility,11943,correct,verified,
solubility,11944,correct,verified,
solubility,11945,correct,verified,
solubility,11946,correct,verified,
solubility,11947,correct,verified,
solubility,11948,correct,verified,
solubility,11949,correct,verified,
solubility,11950,correct,verified,
solubility,11951,correct,verified,
solubility,11952,correct,verified,
solubility,11953,correct,verified,
solubility,11954,correct,verified,
solubility,11955,correct,verified,
solubility,11956,correct,verified,
solubility,11957,correct,verified,
solubility,11958,correct,verified,
solubility,11959,correct,verified,
solubility,11960,correct,verified,
solubility,11961,correct,verified,
solubility,11962,correct,verified,
solubility,11963,correct,verified,
solubility,11964,correct,verified,
solubility,11965,correct,verified,
solubility,11966,correct,verified,
solubility,11967,correct,verified,
solubility,11968,correct,verified,
solubility,11969,correct,verified,
solubility,11970,correct,verified,
solubility,11971,correct,verified,
solubility,11972,correct,verified,
solubility,11973,correct,verified,
solubility,11974,correct,verified,
solubility,11975,correct,verified,
solubility,11976,correct,verified,
solubility,11977,correct,verified,
solubility,11978,correct,verified,
solubility,11979,correct,verified,
solubility,11980,correct,verified,
solubility,11981,correct,verified,
solubility,11982,correct,verified,
solubility,11983,correct,verified,
solubility,11984,correct,verified,
solubility,11985,correct,verified,
solubility,11986,correct,verified,
solubility,11987,correct,verified,
solubility,11988,correct,verified,
solubility,11989,correct,verified,
solubility,11990,correct,verified,
solubility,11991,correct,verified,
solubility,11992,correct,verified,
solubility,11993,correct,verified,
solubility,11994,correct,verified,
solubility,11995,correct,verified,
solubility,11996,correct,verified,
solubility,11997,correct,verified,
solubility,11998,correct,verified,
solubility,11999,correct,verified,
solubility,12000,correct,verified,
solubility,12001,correct,verified,
solubility,12002,correct,verified,
solubility,12003,correct,verified,
solubility,12004,correct,verified,
solubility,12005,correct,verified,
solubility,12006,correct,verified,
solubility,12007,correct,verified,
solubility,12008,correct,verified,
solubility,12009,correct,verified,
solubility,12010,correct,verified,
solubility,12011,correct,verified,
solubility,12012,correct,verified,
solubility,12013,correct,verified,
solubility,12014,correct,verified,
solubility,12015,correct,verified,
solubility,12016,correct,verified,
solubility,12017,correct,verified,
solubility,12018,correct,verified,
solubility,12019,correct,verified,
solubility,12020,correct,verified,
solubility,12021,correct,verified,
solubility,12022,correct,verified,
solubility,12023,correct,verified,
solubility,12024,correct,verified,
solubility,12025,correct,verified,
solubility,12026,correct,verified,
solubility,12027,correct,verified,
solubility,12028,correct,verified,
solubility,12029,correct,verified,
solubility,12030,correct,verified,
solubility,12031,correct,verified,
solubility,12032,correct,verified,
solubility,12033,correct,verified,
solubility,12034,correct,verified,
solubility,12035,correct,verified,
solubility,12036,correct,verified,
solubility,12037,correct,verified,
solubility,12038,correct,verified,
solubility,12039,correct,verified,
solubility,12040,correct,verified,
solubility,12041,correct,verified,
solubility,12042,correct,verified,
solubility,12043,correct,verified,
solubility,12044,correct,verified,
solubility,12045,correct,verified,
solubility,12046,correct,verified,
solubility,12047,correct,verified,
solubility,12048,correct,verified,
solubility,12049,correct,verified,
solubility,12050,correct,verified,
solubility,12051,correct,verified,
solubility,12052,correct,verified,
solubility,12053,correct,verified,
solubility,12054,correct,verified,
solubility,12055,correct,verified,
solubility,12056,correct,verified,
solubility,12057,correct,verified,
solubility,12058,correct,verified,
solubility,12059,correct,verified,
solubility,12060,correct,verified,
solubility,12061,correct,verified,
solubility,12062,correct,verified,
solubility,12063,correct,verified,
solubility,12064,correct,verified,
solubility,12065,correct,verified,
solubility,12066,correct,verified,
solubility,12067,correct,verified,
solubility,12068,correct,verified,
solubility,12069,correct,verified,
solubility,12070,correct,verified,
solubility,12071,correct,verified,
solubility,12072,correct,verified,
solubility,12073,correct,verified,
solubility,12074,correct,verified,
solubility,12075,correct,verified,
solubility,12076,correct,verified,
solubility,12077,correct,verified,
solubility,12078,correct,verified,
solubility,12079,correct,verified,
solubility,12080,correct,verified,
solubility,12081,correct,verified,
solubility,12082,correct,verified,
solubility,12083,correct,verified,
solubility,12084,correct,verified,
solubility,12085,correct,verified,
solubility,12086,correct,verified,
solubility,12087,correct,verified,
solubility,12088,correct,verified,
solubility,12089,correct,verified,
solubility,12090,correct,verified,
solubility,12091,correct,verified,
solubility,12092,correct,verified,
solubility,12093,correct,verified,
solubility,12094,correct,verified,
solubility,12095,correct,verified,
solubility,12096,correct,verified,
solubility,12097,correct,verified,
solubility,12098,correct,verified,
solubility,12099,correct,verified,
solubility,12100,correct,verified,
solubility,12101,correct,verified,
solubility,12102,correct,verified,
solubility,12103,correct,verified,
solubility,12104,correct,verified,
solubility,12105,correct,verified,
solubility,12106,correct,verified,
solubility,12107,correct,verified,
solubility,12108,correct,verified,
solubility,12109,correct,verified,
solubility,12110,correct,verified,
solubility,12111,correct,verified,
solubility,12112,correct,verified,
solubility,12113,correct,verified,
solubility,12114,correct,verified,
solubility,12115,correct,verified,
solubility,12116,correct,verified,
solubility,12117,correct,verified,
solubility,12118,correct,verified,
solubility,12119,correct,verified,
solubility,12120,correct,verified,
solubility,12121,correct,verified,
solubility,12122,correct,verified,
solubility,12123,correct,verified,
solubility,12124,correct,verified,
solubility,12125,correct,verified,
solubility,12126,correct,verified,
solubility,12127,correct,verified,
solubility,12128,correct,verified,
solubility,12129,correct,verified,
solubility,12130,correct,verified,
solubility,12131,correct,verified,
solubility,12132,correct,verified,
solubility,12133,correct,verified,
solubility,12134,correct,verified,
solubility,12135,correct,verified,
solubility,12136,correct,verified,
solubility,12137,correct,verified,
solubility,12138,correct,verified,
solubility,12139,correct,verified,
solubility,12140,correct,verified,
solubility,12141,correct,verified,
solubility,12142,correct,verified,
solubility,12143,correct,verified,
solubility,12144,correct,verified,
solubility,12145,correct,verified,
solubility,12146,correct,verified,
solubility,12147,correct,verified,
solubility,12148,correct,verified,
solubility,12149,correct,verified,
solubility,12150,correct,verified,
solubility,12151,correct,verified,
solubility,12152,correct,verified,
solubility,12153,correct,verified,
solubility,12154,correct,verified,
solubility,12155,correct,verified,
solubility,12156,correct,verified,
solubility,12157,correct,verified,
solubility,12158,correct,verified,
solubility,12159,correct,verified,
solubility,12160,correct,verified,
solubility,12161,correct,verified,
solubility,12162,correct,verified,
solubility,12163,correct,verified,
solubility,12164,correct,verified,
solubility,12165,correct,verified,
solubility,12166,correct,verified,
solubility,12167,correct,verified,
solubility,12168,correct,verified,
solubility,12169,correct,verified,
solubility,12170,correct,verified,
solubility,12171,correct,verified,
solubility,12172,correct,verified,
solubility,12173,correct,verified,
solubility,12174,correct,verified,
solubility,12175,correct,verified,
solubility,12176,correct,verified,
solubility,12177,correct,verified,
solubility,12178,correct,verified,
solubility,12179,correct,verified,
solubility,12180,correct,verified,
solubility,12181,correct,verified,
solubility,12182,correct,verified,
solubility,12183,correct,verified,
solubility,12184,correct,verified,
solubility,12185,correct,verified,
solubility,12186,correct,verified,
solubility,12187,correct,verified,
solubility,12188,correct,verified,
solubility,12189,correct,verified,
solubility,12190,correct,verified,
solubility,12191,correct,verified,
solubility,12192,correct,verified,
solubility,12193,correct,verified,
solubility,12194,correct,verified,
solubility,12195,correct,verified,
solubility,12196,correct,verified,
solubility,12197,correct,verified,
solubility,12198,correct,verified,
solubility,12199,correct,verified,
solubility,12200,correct,verified,
solubility,12201,correct,verified,
solubility,12202,correct,verified,
solubility,12203,correct,verified,
solubility,12204,correct,verified,
solubility,12205,correct,verified,
solubility,12206,correct,verified,
solubility,12207,correct,verified,
solubility,12208,correct,verified,
solubility,12209,correct,verified,
solubility,12210,correct,verified,
solubility,12211,correct,verified,
solubility,12212,correct,verified,
solubility,12213,correct,verified,
solubility,12214,correct,verified,
solubility,12215,correct,verified,
solubility,12216,correct,verified,
solubility,12217,correct,verified,
solubility,12218,correct,verified,
solubility,12219,correct,verified,
solubility,12220,correct,verified,
solubility,12221,correct,verified,
solubility,12222,correct,verified,
solubility,12223,correct,verified,
solubility,12224,correct,verified,
solubility,12225,correct,verified,
solubility,12226,correct,verified,
solubility,12227,correct,verified,
solubility,12228,correct,verified,
solubility,12229,correct,verified,
solubility,12230,correct,verified,
solubility,12231,correct,verified,
solubility,12232,correct,verified,
solubility,12233,correct,verified,
solubility,12234,correct,verified,
solubility,12235,correct,verified,
solubility,12236,correct,verified,
solubility,12237,correct,verified,
solubility,12238,correct,verified,
solubility,12239,correct,verified,
solubility,12240,correct,verified,
solubility,12241,correct,verified,
solubility,12242,correct,verified,
solubility,12243,correct,verified,
solubility,12244,correct,verified,
solubility,12245,correct,verified,
solubility,12246,correct,verified,
solubility,12247,correct,verified,
solubility,12248,correct,verified,
solubility,12249,correct,verified,
solubility,12250,correct,verified,
solubility,12251,correct,verified,
solubility,12252,correct,verified,
solubility,12253,correct,verified,
solubility,12254,correct,verified,
solubility,12255,correct,verified,
solubility,12256,correct,verified,
solubility,12257,correct,verified,
solubility,12258,correct,verified,
solubility,12259,correct,verified,
solubility,12260,correct,verified,
solubility,12261,correct,verified,
solubility,12262,correct,verified,
solubility,12263,correct,verified,
solubility,12264,correct,verified,
solubility,12265,correct,verified,
solubility,12266,correct,verified,
solubility,12267,correct,verified,
solubility,12268,correct,verified,
solubility,12269,correct,verified,
solubility,12270,correct,verified,
solubility,12271,correct,verified,
solubility,12272,correct,verified,
solubility,12273,correct,verified,
solubility,12274,correct,verified,
solubility,12275,correct,verified,
solubility,12276,correct,verified,
solubility,12277,correct,verified,
solubility,12278,correct,verified,
solubility,12279,correct,verified,
solubility,12280,correct,verified,
solubility,12281,correct,verified,
solubility,12282,correct,verified,
solubility,12283,correct,verified,
solubility,12284,correct,verified,
solubility,12285,correct,verified,
solubility,12286,correct,verified,
solubility,12287,correct,verified,
solubility,12288,correct,verified,
solubility,12289,correct,verified,
solubility,12290,correct,corrected,
solubility,12291,correct,corrected,
solubility,12292,correct,verified,
solubility,12293,correct,verified,
solubility,12294,correct,verified,
solubility,12295,correct,verified,
solubility,12296,correct,verified,
solubility,12297,correct,verified,
solubility,12298,correct,verified,
solubility,12299,correct,verified,
solubility,12300,correct,verified,
solubility,12301,correct,verified,
solubility,12302,correct,verified,
solubility,12303,correct,verified,
solubility,12304,correct,verified,
solubility,12305,correct,verified,
solubility,12306,correct,verified,
solubility,12307,correct,verified,
solubility,12308,correct,verified,
solubility,12309,correct,verified,
solubility,12310,correct,verified,
solubility,12311,correct,verified,
solubility,12312,correct,verified,
solubility,12313,correct,verified,
solubility,12314,correct,verified,
solubility,12315,correct,verified,
solubility,12316,correct,verified,
solubility,12317,correct,verified,
solubility,12318,correct,verified,
solubility,12319,correct,verified,
solubility,12320,correct,verified,
solubility,12321,correct,verified,
solubility,12322,correct,verified,
solubility,12323,correct,verified,
solubility,12324,correct,verified,
solubility,12325,correct,verified,
solubility,12326,correct,verified,
solubility,12327,correct,verified,
solubility,12328,correct,verified,
solubility,12329,correct,verified,
solubility,12330,correct,verified,
solubility,12331,correct,verified,
solubility,12332,correct,verified,
solubility,12333,correct,verified,
solubility,12334,correct,verified,
solubility,12335,correct,verified,
solubility,12336,correct,verified,
solubility,12337,correct,verified,
solubility,12338,correct,verified,
solubility,12339,correct,verified,
solubility,12340,correct,verified,
solubility,12341,correct,verified,
solubility,12342,correct,verified,
solubility,12343,correct,verified,
solubility,12344,correct,verified,
solubility,12345,correct,verified,
solubility,12346,correct,verified,
solubility,12347,correct,verified,
solubility,12348,correct,verified,
solubility,12349,correct,verified,
solubility,12350,correct,verified,
solubility,12351,correct,verified,
solubility,12352,correct,verified,
solubility,12353,correct,verified,
solubility,12354,correct,verified,
solubility,12355,correct,verified,
solubility,12356,correct,verified,
solubility,12357,correct,verified,
solubility,12358,correct,verified,
solubility,12359,correct,verified,
solubility,12360,correct,verified,
solubility,12361,correct,verified,
solubility,12362,correct,verified,
solubility,12363,correct,verified,
solubility,12364,correct,verified,
solubility,12365,correct,verified,
solubility,12366,correct,verified,
solubility,12367,correct,verified,
solubility,12368,correct,verified,
solubility,12369,correct,verified,
solubility,12370,correct,verified,
solubility,12371,correct,verified,
solubility,12372,correct,verified,
solubility,12373,correct,verified,
solubility,12374,correct,verified,
solubility,12375,correct,verified,
solubility,12376,correct,verified,
solubility,12377,correct,verified,
solubility,12378,correct,verified,
solubility,12379,correct,verified,
solubility,12380,correct,verified,
solubility,12381,correct,verified,
solubility,12382,correct,verified,
solubility,12383,correct,verified,
solubility,12384,correct,verified,
solubility,12385,correct,verified,
solubility,12386,correct,verified,
solubility,12387,correct,verified,
solubility,12388,correct,verified,
solubility,12389,correct,verified,
solubility,12390,correct,verified,
solubility,12391,correct,verified,
solubility,12392,correct,verified,
solubility,12393,correct,verified,
solubility,12394,correct,verified,
solubility,12395,correct,verified,
solubility,12396,correct,verified,
solubility,12397,correct,verified,
solubility,12398,correct,verified,
solubility,12399,correct,verified,
solubility,12400,correct,verified,
solubility,12401,correct,verified,
solubility,12402,correct,verified,
solubility,12403,correct,verified,
solubility,12404,correct,verified,
solubility,12405,correct,verified,
solubility,12406,correct,verified,
solubility,12407,correct,verified,
solubility,12408,correct,verified,
solubility,12409,correct,verified,
solubility,12410,correct,verified,
solubility,12411,correct,verified,
solubility,12412,correct,verified,
solubility,12413,correct,verified,
solubility,12414,correct,verified,
solubility,12415,correct,verified,
solubility,12416,correct,verified,
solubility,12417,correct,verified,
solubility,12418,correct,verified,
solubility,12419,correct,verified,
solubility,12420,correct,verified,
solubility,12421,correct,verified,
solubility,12422,correct,verified,
solubility,12423,correct,verified,
solubility,12424,correct,verified,
solubility,12425,correct,verified,
solubility,12426,correct,verified,
solubility,12427,correct,verified,
solubility,12428,correct,verified,
solubility,12429,correct,verified,
solubility,12430,correct,verified,
solubility,12431,correct,verified,
solubility,12432,correct,verified,
solubility,12433,correct,verified,
solubility,12434,correct,verified,
solubility,12435,correct,verified,
solubility,12436,correct,verified,
solubility,12437,correct,verified,
solubility,12438,correct,verified,
solubility,12439,correct,verified,
solubility,12440,correct,verified,
solubility,12441,correct,verified,
solubility,12442,correct,verified,
solubility,12443,correct,verified,
solubility,12444,correct,verified,
solubility,12445,correct,verified,
solubility,12446,correct,verified,
solubility,12447,correct,verified,
solubility,12448,correct,verified,
solubility,12449,correct,verified,
solubility,12450,correct,verified,
solubility,12451,correct,verified,
solubility,12452,correct,verified,
solubility,12453,correct,verified,
solubility,12454,correct,verified,
solubility,12455,correct,verified,
solubility,12456,correct,verified,
solubility,12457,correct,verified,
solubility,12458,correct,verified,
solubility,12459,correct,verified,
solubility,12460,correct,verified,
solubility,12461,correct,verified,
solubility,12462,correct,verified,
solubility,12463,correct,verified,
solubility,12464,correct,verified,
solubility,12465,correct,verified,
solubility,12466,correct,verified,
solubility,12467,correct,verified,
solubility,12468,correct,verified,
solubility,12469,correct,verified,
solubility,12470,correct,verified,
solubility,12471,correct,verified,
solubility,12472,correct,verified,
solubility,12473,correct,verified,
solubility,12474,correct,verified,
solubility,12475,correct,verified,
solubility,12476,correct,verified,
solubility,12477,correct,verified,
solubility,12478,correct,verified,
solubility,12479,correct,verified,
solubility,12480,correct,verified,
solubility,12481,correct,verified,
solubility,12482,correct,verified,
solubility,12483,correct,verified,
solubility,12484,correct,verified,
solubility,12485,correct,verified,
solubility,12486,correct,verified,
solubility,12487,correct,verified,
solubility,12488,correct,verified,
solubility,12489,correct,verified,
solubility,12490,correct,verified,
solubility,12491,correct,verified,
solubility,12492,correct,verified,
solubility,12493,correct,verified,
solubility,12494,correct,verified,
solubility,12495,correct,verified,
solubility,12496,correct,verified,
solubility,12497,correct,verified,
solubility,12498,correct,verified,
solubility,12499,correct,verified,
solubility,12500,correct,verified,
solubility,12501,correct,verified,
solubility,12502,correct,verified,
solubility,12503,correct,verified,
solubility,12504,correct,verified,
solubility,12505,correct,verified,
solubility,12506,correct,verified,
solubility,12507,correct,verified,
solubility,12508,correct,verified,
solubility,12509,correct,verified,
solubility,12510,correct,verified,
solubility,12511,correct,verified,
solubility,12512,correct,verified,
solubility,12513,correct,verified,
solubility,12514,correct,verified,
solubility,12515,correct,verified,
solubility,12516,correct,verified,
solubility,12517,correct,verified,
solubility,12518,correct,verified,
solubility,12519,correct,verified,
solubility,12520,correct,verified,
solubility,12521,correct,verified,
solubility,12522,correct,verified,
solubility,12523,correct,verified,
solubility,12524,correct,verified,
solubility,12525,correct,verified,
solubility,12526,correct,verified,
solubility,12527,correct,verified,
solubility,12528,correct,verified,
solubility,12529,correct,verified,
solubility,12530,correct,verified,
solubility,12531,correct,verified,
solubility,12532,correct,verified,
solubility,12533,correct,verified,
solubility,12534,correct,verified,
solubility,12535,correct,verified,
solubility,12536,correct,verified,
solubility,12537,correct,verified,
solubility,12538,correct,verified,
solubility,12539,correct,verified,
solubility,12540,correct,verified,
solubility,12541,correct,verified,
solubility,12542,correct,verified,
solubility,12543,correct,verified,
solubility,12544,correct,verified,
solubility,12545,correct,verified,
solubility,12546,correct,verified,
solubility,12547,correct,verified,
solubility,12548,correct,verified,
solubility,12549,correct,verified,
solubility,12550,correct,verified,
solubility,12551,correct,verified,
solubility,12552,correct,verified,
solubility,12553,correct,verified,
solubility,12554,correct,verified,
solubility,12555,correct,verified,
solubility,12556,correct,verified,
solubility,12557,correct,verified,
solubility,12558,correct,verified,
solubility,12559,correct,verified,
solubility,12560,correct,verified,
solubility,12561,correct,verified,
solubility,12562,correct,verified,
solubility,12563,correct,verified,
solubility,12564,correct,verified,
solubility,12565,correct,verified,
solubility,12566,correct,verified,
solubility,12567,correct,verified,
solubility,12568,correct,verified,
solubility,12569,correct,verified,
solubility,12570,correct,verified,
solubility,12571,correct,verified,
solubility,12572,correct,verified,
solubility,12573,correct,verified,
solubility,12574,correct,verified,
solubility,12575,correct,verified,
solubility,12576,correct,verified,
solubility,12577,correct,verified,
solubility,12578,correct,verified,
solubility,12579,correct,verified,
solubility,12580,correct,verified,
solubility,12581,correct,verified,
solubility,12582,correct,verified,
solubility,12583,correct,verified,
solubility,12584,correct,verified,
solubility,12585,correct,verified,
solubility,12586,correct,verified,
solubility,12587,correct,verified,
solubility,12588,correct,verified,
solubility,12589,correct,verified,
solubility,12590,correct,verified,
solubility,12591,correct,verified,
solubility,12592,correct,verified,
solubility,12593,correct,verified,
solubility,12594,correct,verified,
solubility,12595,correct,verified,
solubility,12596,correct,verified,
solubility,12597,correct,verified,
solubility,12598,correct,verified,
solubility,12599,correct,verified,
solubility,12600,correct,verified,
solubility,12601,correct,verified,
solubility,12602,correct,verified,
solubility,12603,correct,verified,
solubility,12604,correct,verified,
solubility,12605,correct,verified,
solubility,12606,correct,verified,
solubility,12607,correct,verified,
solubility,12608,correct,verified,
solubility,12609,correct,verified,
solubility,12610,correct,verified,
solubility,12611,correct,verified,
solubility,12612,correct,verified,
solubility,12613,correct,verified,
solubility,12614,correct,verified,
solubility,12615,correct,verified,
solubility,12616,correct,verified,
solubility,12617,correct,verified,
solubility,12618,correct,verified,
solubility,12619,correct,verified,
solubility,12620,correct,verified,
solubility,12621,correct,verified,
solubility,12622,correct,verified,
solubility,12623,correct,verified,
solubility,12624,correct,verified,
solubility,12625,correct,verified,
solubility,12626,correct,verified,
solubility,12627,correct,verified,
solubility,12628,correct,verified,
solubility,12629,correct,verified,
solubility,12630,correct,verified,
solubility,12631,correct,verified,
solubility,12632,correct,verified,
solubility,12633,correct,verified,
solubility,12634,correct,verified,
solubility,12635,correct,verified,
solubility,12636,correct,verified,
solubility,12637,correct,verified,
solubility,12638,correct,verified,
solubility,12639,correct,verified,
solubility,12640,correct,verified,
solubility,12641,correct,verified,
solubility,12642,correct,verified,
solubility,12643,correct,verified,
solubility,12644,correct,verified,
solubility,12645,correct,verified,
solubility,12646,correct,verified,
solubility,12647,correct,verified,
solubility,12648,correct,verified,
solubility,12649,correct,verified,
solubility,12650,correct,verified,
solubility,12651,correct,verified,
solubility,12652,correct,verified,
solubility,12653,correct,verified,
solubility,12654,correct,verified,
solubility,12655,correct,verified,
solubility,12656,correct,verified,
solubility,12657,correct,verified,
solubility,12658,correct,verified,
solubility,12659,correct,verified,
solubility,12660,correct,verified,
solubility,12661,correct,verified,
solubility,12662,correct,verified,
solubility,12663,correct,verified,
solubility,12664,correct,verified,
solubility,12665,correct,verified,
solubility,12666,correct,verified,
solubility,12667,correct,verified,
solubility,12668,correct,verified,
solubility,12669,correct,verified,
solubility,12670,correct,verified,
solubility,12671,correct,verified,
solubility,12672,correct,verified,
solubility,12673,correct,verified,
solubility,12674,correct,verified,
solubility,12675,correct,verified,
solubility,12676,correct,verified,
solubility,12677,correct,verified,
solubility,12678,correct,verified,
solubility,12679,correct,verified,
solubility,12680,correct,verified,
solubility,12681,correct,verified,
solubility,12682,correct,verified,
solubility,12683,correct,verified,
solubility,12684,correct,verified,
solubility,12685,correct,verified,
solubility,12686,correct,verified,
solubility,12687,minor,residual-difference,conversion
solubility,12688,minor,residual-difference,conversion
solubility,12689,minor,residual-difference,conversion
solubility,12690,minor,residual-difference,conversion
solubility,12691,minor,residual-difference,conversion
solubility,12692,minor,residual-difference,conversion
solubility,12693,minor,residual-difference,conversion
solubility,12694,minor,residual-difference,conversion
solubility,12695,minor,residual-difference,conversion
solubility,12696,minor,residual-difference,conversion
solubility,12697,minor,residual-difference,conversion
solubility,12698,minor,residual-difference,conversion
solubility,12699,minor,residual-difference,conversion
solubility,12700,minor,residual-difference,conversion
solubility,12701,minor,residual-difference,conversion
solubility,12702,minor,residual-difference,conversion
solubility,12703,minor,residual-difference,conversion
solubility,12704,minor,residual-difference,conversion
solubility,12705,minor,residual-difference,conversion
solubility,12706,minor,residual-difference,conversion
solubility,12707,minor,residual-difference,conversion
solubility,12708,minor,residual-difference,conversion
solubility,12709,correct,verified,
solubility,12710,correct,verified,
solubility,12711,minor,residual-difference,conversion
solubility,12712,minor,residual-difference,conversion
solubility,12713,minor,residual-difference,conversion
solubility,12714,minor,residual-difference,conversion
solubility,12715,minor,residual-difference,conversion
solubility,12716,minor,residual-difference,conversion
solubility,12717,minor,residual-difference,conversion
solubility,12718,minor,residual-difference,conversion
solubility,12719,minor,residual-difference,conversion
solubility,12720,minor,residual-difference,conversion
solubility,12721,minor,residual-difference,conversion
solubility,12722,minor,residual-difference,conversion
solubility,12723,correct,verified,
solubility,12724,correct,verified,
solubility,12725,minor,residual-difference,conversion
solubility,12726,minor,residual-difference,conversion
solubility,12727,correct,verified,
solubility,12728,correct,verified,
solubility,12729,correct,verified,
solubility,12730,correct,verified,
solubility,12731,minor,residual-difference,conversion
solubility,12732,minor,residual-difference,conversion
solubility,12733,correct,verified,
solubility,12734,correct,verified,
solubility,12735,correct,verified,
solubility,12736,correct,verified,
solubility,12737,correct,verified,
solubility,12738,correct,verified,
solubility,12739,correct,verified,
solubility,12740,correct,verified,
solubility,12741,correct,verified,
solubility,12742,correct,verified,
solubility,12743,correct,verified,
solubility,12744,correct,verified,
solubility,12745,correct,verified,
solubility,12746,correct,verified,
solubility,12747,correct,verified,
solubility,12748,correct,verified,
solubility,12749,correct,verified,
solubility,12750,correct,verified,
solubility,12751,correct,verified,
solubility,12752,correct,verified,
solubility,12753,correct,verified,
solubility,12754,correct,verified,
solubility,12755,correct,verified,
solubility,12756,correct,verified,
solubility,12757,correct,verified,
solubility,12758,correct,verified,
solubility,12759,correct,verified,
solubility,12760,correct,verified,
solubility,12761,correct,verified,
solubility,12762,correct,verified,
solubility,12763,correct,verified,
solubility,12764,correct,verified,
solubility,12765,correct,verified,
solubility,12766,correct,verified,
solubility,12767,correct,verified,
solubility,12768,correct,verified,
solubility,12769,correct,verified,
solubility,12770,correct,verified,
solubility,12771,correct,verified,
solubility,12772,correct,verified,
solubility,12773,correct,verified,
solubility,12774,correct,verified,
solubility,12775,correct,verified,
solubility,12776,correct,verified,
solubility,12777,correct,verified,
solubility,12778,correct,verified,
solubility,12779,correct,verified,
solubility,12780,correct,verified,
solubility,12781,correct,verified,
solubility,12782,correct,verified,
solubility,12783,correct,verified,
solubility,12784,correct,verified,
solubility,12785,correct,verified,
solubility,12786,correct,verified,
solubility,12787,correct,verified,
solubility,12788,correct,verified,
solubility,12789,correct,verified,
solubility,12790,correct,verified,
solubility,12791,correct,verified,
solubility,12792,correct,verified,
solubility,12793,correct,verified,
solubility,12794,correct,verified,
solubility,12795,correct,verified,
solubility,12796,correct,verified,
solubility,12797,correct,verified,
solubility,12798,correct,verified,
solubility,12799,correct,verified,
solubility,12800,correct,verified,
solubility,12801,minor,residual-difference,conversion
solubility,12802,minor,residual-difference,conversion
solubility,12803,correct,verified,
solubility,12804,correct,verified,
solubility,12805,correct,verified,
solubility,12806,correct,verified,
solubility,12807,correct,verified,
solubility,12808,correct,verified,
solubility,12809,correct,verified,
solubility,12810,correct,verified,
solubility,12811,correct,verified,
solubility,12812,correct,verified,
solubility,12813,correct,verified,
solubility,12814,correct,verified,
solubility,12815,correct,verified,
solubility,12816,correct,verified,
solubility,12817,correct,verified,
solubility,12818,correct,verified,
solubility,12819,correct,verified,
solubility,12820,correct,verified,
solubility,12821,correct,verified,
solubility,12822,correct,verified,
solubility,12823,correct,verified,
solubility,12824,correct,verified,
solubility,12825,correct,verified,
solubility,12826,correct,verified,
solubility,12827,correct,verified,
solubility,12828,correct,verified,
solubility,12829,correct,verified,
solubility,12830,correct,verified,
solubility,12831,correct,verified,
solubility,12832,correct,verified,
solubility,12833,correct,verified,
solubility,12834,correct,verified,
solubility,12835,correct,verified,
solubility,12836,correct,verified,
solubility,12837,correct,verified,
solubility,12838,correct,verified,
solubility,12839,correct,verified,
solubility,12840,correct,verified,
solubility,12841,correct,verified,
solubility,12842,correct,verified,
solubility,12843,correct,verified,
solubility,12844,correct,verified,
solubility,12845,correct,verified,
solubility,12846,correct,verified,
solubility,12847,correct,verified,
solubility,12848,correct,verified,
solubility,12849,correct,verified,
solubility,12850,correct,verified,
solubility,12851,correct,verified,
solubility,12852,correct,verified,
solubility,12853,correct,verified,
solubility,12854,correct,verified,
solubility,12855,correct,verified,
solubility,12856,correct,verified,
solubility,12857,correct,verified,
solubility,12858,correct,verified,
solubility,12859,correct,verified,
solubility,12860,correct,verified,
solubility,12861,correct,verified,
solubility,12862,correct,verified,
solubility,12863,correct,verified,
solubility,12864,correct,verified,
solubility,12865,correct,verified,
solubility,12866,correct,verified,
solubility,12867,correct,verified,
solubility,12868,correct,verified,
solubility,12869,correct,verified,
solubility,12870,correct,verified,
solubility,12871,correct,verified,
solubility,12872,correct,verified,
solubility,12873,correct,verified,
solubility,12874,correct,verified,
solubility,12875,correct,verified,
solubility,12876,correct,verified,
solubility,12877,correct,verified,
solubility,12878,correct,verified,
solubility,12879,correct,verified,
solubility,12880,correct,verified,
solubility,12881,correct,verified,
solubility,12882,correct,verified,
solubility,12883,correct,verified,
solubility,12884,correct,verified,
solubility,12885,correct,verified,
solubility,12886,correct,verified,
solubility,12887,correct,verified,
solubility,12888,correct,verified,
solubility,12889,correct,verified,
solubility,12890,correct,verified,
solubility,12891,correct,verified,
solubility,12892,correct,verified,
solubility,12893,correct,verified,
solubility,12894,correct,verified,
solubility,12895,correct,verified,
solubility,12896,correct,verified,
solubility,12897,correct,verified,
solubility,12898,correct,verified,
solubility,12899,correct,verified,
solubility,12900,correct,verified,
solubility,12901,correct,verified,
solubility,12902,correct,verified,
solubility,12903,correct,verified,
solubility,12904,correct,verified,
solubility,12905,correct,verified,
solubility,12906,correct,verified,
solubility,12907,correct,verified,
solubility,12908,correct,verified,
solubility,12909,correct,verified,
solubility,12910,correct,verified,
solubility,12911,correct,verified,
solubility,12912,correct,verified,
solubility,12913,correct,verified,
solubility,12914,correct,verified,
solubility,12915,correct,verified,
solubility,12916,correct,verified,
solubility,12917,correct,verified,
solubility,12918,correct,verified,
solubility,12919,correct,verified,
solubility,12920,correct,verified,
solubility,12921,correct,verified,
solubility,12922,correct,verified,
solubility,12923,correct,verified,
solubility,12924,correct,verified,
solubility,12925,correct,verified,
solubility,12926,correct,verified,
solubility,12927,correct,verified,
solubility,12928,correct,verified,
solubility,12929,correct,verified,
solubility,12930,correct,verified,
solubility,12931,correct,verified,
solubility,12932,correct,verified,
solubility,12933,correct,verified,
solubility,12934,correct,verified,
solubility,12935,correct,verified,
solubility,12936,correct,verified,
solubility,12937,correct,verified,
solubility,12938,correct,verified,
solubility,12939,correct,verified,
solubility,12940,correct,verified,
solubility,12941,correct,verified,
solubility,12942,correct,verified,
solubility,12943,correct,verified,
solubility,12944,correct,verified,
solubility,12945,correct,verified,
solubility,12946,correct,verified,
solubility,12947,correct,verified,
solubility,12948,correct,verified,
solubility,12949,correct,verified,
solubility,12950,correct,verified,
solubility,12951,correct,verified,
solubility,12952,correct,verified,
solubility,12953,correct,verified,
solubility,12954,correct,verified,
solubility,12955,correct,verified,
solubility,12956,correct,verified,
solubility,12957,correct,verified,
solubility,12958,correct,verified,
solubility,12959,correct,verified,
solubility,12960,correct,verified,
solubility,12961,correct,verified,
solubility,12962,correct,verified,
solubility,12963,correct,verified,
solubility,12964,correct,verified,
solubility,12965,correct,verified,
solubility,12966,correct,verified,
solubility,12967,correct,verified,
solubility,12968,correct,verified,
solubility,12969,correct,verified,
solubility,12970,correct,verified,
solubility,12971,correct,verified,
solubility,12972,correct,verified,
solubility,12973,correct,verified,
solubility,12974,correct,verified,
solubility,12975,correct,verified,
solubility,12976,correct,verified,
solubility,12977,correct,verified,
solubility,12978,correct,verified,
solubility,12979,correct,verified,
solubility,12980,correct,verified,
solubility,12981,correct,verified,
solubility,12982,correct,verified,
solubility,12983,correct,verified,
solubility,12984,correct,verified,
solubility,12985,correct,verified,
solubility,12986,correct,verified,
solubility,12987,correct,verified,
solubility,12988,correct,verified,
solubility,12989,correct,verified,
solubility,12990,correct,verified,
solubility,12991,correct,verified,
solubility,12992,correct,verified,
solubility,12993,correct,verified,
solubility,12994,correct,verified,
solubility,12995,correct,verified,
solubility,12996,correct,verified,
solubility,12997,correct,verified,
solubility,12998,correct,verified,
solubility,12999,correct,verified,
solubility,13000,correct,verified,
solubility,13001,correct,verified,
solubility,13002,correct,verified,
solubility,13003,correct,verified,
solubility,13004,correct,verified,
solubility,13005,correct,verified,
solubility,13006,correct,verified,
solubility,13007,correct,verified,
solubility,13008,correct,verified,
solubility,13009,correct,verified,
solubility,13010,correct,verified,
solubility,13011,correct,verified,
solubility,13012,correct,verified,
solubility,13013,correct,verified,
solubility,13014,correct,verified,
solubility,13015,correct,verified,
solubility,13016,correct,verified,
solubility,13017,correct,verified,
solubility,13018,correct,verified,
solubility,13019,correct,verified,
solubility,13020,correct,verified,
solubility,13021,correct,verified,
solubility,13022,correct,verified,
solubility,13023,correct,verified,
solubility,13024,correct,verified,
solubility,13025,correct,verified,
solubility,13026,correct,verified,
solubility,13027,correct,verified,
solubility,13028,correct,verified,
solubility,13029,correct,verified,
solubility,13030,correct,verified,
solubility,13031,correct,verified,
solubility,13032,correct,verified,
solubility,13033,correct,verified,
solubility,13034,correct,verified,
solubility,13035,correct,verified,
solubility,13036,correct,verified,
solubility,13037,correct,verified,
solubility,13038,correct,verified,
solubility,13039,correct,verified,
solubility,13040,correct,verified,
solubility,13041,correct,verified,
solubility,13042,correct,verified,
solubility,13043,correct,verified,
solubility,13044,correct,verified,
solubility,13045,correct,verified,
solubility,13046,correct,verified,
solubility,13047,correct,verified,
solubility,13048,correct,verified,
solubility,13049,correct,verified,
solubility,13050,correct,verified,
solubility,13051,correct,verified,
solubility,13052,correct,verified,
solubility,13053,correct,verified,
solubility,13054,correct,verified,
solubility,13055,correct,verified,
solubility,13056,correct,verified,
solubility,13057,correct,verified,
solubility,13058,correct,verified,
solubility,13059,correct,verified,
solubility,13060,correct,verified,
solubility,13061,correct,verified,
solubility,13062,correct,verified,
solubility,13063,correct,verified,
solubility,13064,correct,verified,
solubility,13065,correct,verified,
solubility,13066,correct,verified,
solubility,13067,correct,verified,
solubility,13068,correct,verified,
solubility,13069,correct,verified,
solubility,13070,correct,verified,
solubility,13071,correct,verified,
solubility,13072,correct,verified,
solubility,13073,correct,verified,
solubility,13074,correct,verified,
solubility,13075,correct,verified,
solubility,13076,correct,verified,
solubility,13077,correct,verified,
solubility,13078,correct,verified,
solubility,13079,correct,verified,
solubility,13080,correct,verified,
solubility,13081,correct,verified,
solubility,13082,correct,verified,
solubility,13083,correct,verified,
solubility,13084,correct,verified,
solubility,13085,correct,verified,
solubility,13086,correct,verified,
solubility,13087,correct,verified,
solubility,13088,correct,verified,
solubility,13089,correct,verified,
solubility,13090,correct,verified,
solubility,13091,correct,verified,
solubility,13092,correct,verified,
solubility,13093,correct,verified,
solubility,13094,correct,verified,
solubility,13095,correct,verified,
solubility,13096,correct,verified,
solubility,13097,correct,verified,
solubility,13098,correct,verified,
solubility,13099,correct,verified,
solubility,13100,correct,verified,
solubility,13101,correct,verified,
solubility,13102,correct,verified,
solubility,13103,correct,verified,
solubility,13104,correct,verified,
solubility,13105,correct,verified,
solubility,13106,correct,verified,
solubility,13107,correct,verified,
solubility,13108,correct,verified,
solubility,13109,correct,verified,
solubility,13110,correct,verified,
solubility,13111,correct,verified,
solubility,13112,correct,verified,
solubility,13113,correct,verified,
solubility,13114,correct,verified,
solubility,13115,correct,verified,
solubility,13116,correct,verified,
solubility,13117,correct,verified,
solubility,13118,correct,verified,
solubility,13119,correct,verified,
solubility,13120,correct,verified,
solubility,13121,correct,verified,
solubility,13122,correct,verified,
solubility,13123,correct,verified,
solubility,13124,correct,verified,
solubility,13125,correct,verified,
solubility,13126,correct,verified,
solubility,13127,correct,verified,
solubility,13128,correct,verified,
solubility,13129,correct,verified,
solubility,13130,correct,verified,
solubility,13131,correct,verified,
solubility,13132,correct,verified,
solubility,13133,correct,verified,
solubility,13134,correct,verified,
solubility,13135,correct,verified,
solubility,13136,correct,verified,
solubility,13137,correct,verified,
solubility,13138,correct,verified,
solubility,13139,correct,verified,
solubility,13140,correct,verified,
solubility,13141,correct,verified,
solubility,13142,correct,verified,
solubility,13143,correct,verified,
solubility,13144,correct,verified,
solubility,13145,correct,verified,
solubility,13146,correct,verified,
solubility,13147,correct,verified,
solubility,13148,correct,verified,
solubility,13149,correct,verified,
solubility,13150,correct,verified,
solubility,13151,correct,verified,
solubility,13152,correct,verified,
solubility,13153,correct,verified,
solubility,13154,correct,verified,
solubility,13155,correct,verified,
solubility,13156,correct,verified,
solubility,13157,correct,verified,
solubility,13158,correct,verified,
solubility,13159,correct,verified,
solubility,13160,correct,verified,
solubility,13161,correct,verified,
solubility,13162,correct,verified,
solubility,13163,correct,verified,
solubility,13164,correct,verified,
solubility,13165,correct,verified,
solubility,13166,correct,verified,
solubility,13167,correct,verified,
solubility,13168,correct,verified,
solubility,13169,correct,verified,
solubility,13170,correct,verified,
solubility,13171,correct,verified,
solubility,13172,correct,verified,
solubility,13173,correct,verified,
solubility,13174,correct,verified,
solubility,13175,correct,verified,
solubility,13176,correct,verified,
solubility,13177,correct,verified,
solubility,13178,correct,verified,
solubility,13179,correct,verified,
solubility,13180,correct,verified,
solubility,13181,correct,verified,
solubility,13182,correct,verified,
solubility,13183,correct,verified,
solubility,13184,correct,verified,
solubility,13185,correct,verified,
solubility,13186,correct,verified,
solubility,13187,correct,verified,
solubility,13188,correct,verified,
solubility,13189,correct,verified,
solubility,13190,correct,verified,
solubility,13191,correct,verified,
solubility,13192,correct,verified,
solubility,13193,correct,verified,
solubility,13194,correct,verified,
solubility,13195,correct,verified,
solubility,13196,correct,verified,
solubility,13197,correct,verified,
solubility,13198,correct,verified,
solubility,13199,correct,verified,
solubility,13200,correct,verified,
solubility,13201,correct,verified,
solubility,13202,correct,verified,
solubility,13203,correct,verified,
solubility,13204,correct,verified,
solubility,13205,correct,verified,
solubility,13206,correct,verified,
solubility,13207,correct,verified,
solubility,13208,correct,verified,
solubility,13209,correct,verified,
solubility,13210,correct,verified,
solubility,13211,correct,verified,
solubility,13212,correct,verified,
solubility,13213,correct,verified,
solubility,13214,correct,verified,
solubility,13215,correct,verified,
solubility,13216,unverifiable,not-verifiable,
solubility,13217,unverifiable,not-verifiable,
solubility,13218,unverifiable,not-verifiable,
solubility,13219,unverifiable,not-verifiable,
solubility,13220,unverifiable,not-verifiable,
solubility,13221,unverifiable,not-verifiable,
solubility,13222,unverifiable,not-verifiable,
solubility,13223,unverifiable,not-verifiable,
solubility,13224,correct,verified,
solubility,13225,unverifiable,not-verifiable,
solubility,13226,unverifiable,not-verifiable,
solubility,13227,unverifiable,not-verifiable,
solubility,13228,unverifiable,not-verifiable,
solubility,13229,unverifiable,not-verifiable,
solubility,13230,unverifiable,not-verifiable,
solubility,13231,unverifiable,not-verifiable,
solubility,13232,unverifiable,not-verifiable,
solubility,13233,unverifiable,not-verifiable,
solubility,13234,unverifiable,not-verifiable,
solubility,13235,correct,verified,
solubility,13236,unverifiable,not-verifiable,
solubility,13237,unverifiable,not-verifiable,
solubility,13238,unverifiable,not-verifiable,
solubility,13239,unverifiable,not-verifiable,
solubility,13240,unverifiable,not-verifiable,
solubility,13241,unverifiable,not-verifiable,
solubility,13242,unverifiable,not-verifiable,
solubility,13243,unverifiable,not-verifiable,
solubility,13244,unverifiable,not-verifiable,
solubility,13245,unverifiable,not-verifiable,
solubility,13246,unverifiable,not-verifiable,
solubility,13247,unverifiable,not-verifiable,
solubility,13248,unverifiable,not-verifiable,
solubility,13249,unverifiable,not-verifiable,
solubility,13250,unverifiable,not-verifiable,
solubility,13251,unverifiable,not-verifiable,
solubility,13252,unverifiable,not-verifiable,
solubility,13253,unverifiable,not-verifiable,
solubility,13254,unverifiable,not-verifiable,
solubility,13255,unverifiable,not-verifiable,
solubility,13256,unverifiable,not-verifiable,
solubility,13257,unverifiable,not-verifiable,
solubility,13258,unverifiable,not-verifiable,
solubility,13259,unverifiable,not-verifiable,
solubility,13260,unverifiable,not-verifiable,
solubility,13261,unverifiable,not-verifiable,
solubility,13262,correct,verified,
solubility,13263,unverifiable,not-verifiable,
solubility,13264,unverifiable,not-verifiable,
solubility,13265,unverifiable,not-verifiable,
solubility,13266,unverifiable,not-verifiable,
solubility,13267,unverifiable,not-verifiable,
solubility,13268,unverifiable,not-verifiable,
solubility,13269,unverifiable,not-verifiable,
solubility,13270,unverifiable,not-verifiable,
solubility,13271,unverifiable,not-verifiable,
solubility,13272,unverifiable,not-verifiable,
solubility,13273,unverifiable,not-verifiable,
solubility,13274,unverifiable,not-verifiable,
solubility,13275,unverifiable,not-verifiable,
solubility,13276,unverifiable,not-verifiable,
solubility,13277,unverifiable,not-verifiable,
solubility,13278,unverifiable,not-verifiable,
solubility,13279,unverifiable,not-verifiable,
solubility,13280,unverifiable,not-verifiable,
solubility,13281,unverifiable,not-verifiable,
solubility,13282,unverifiable,not-verifiable,
solubility,13283,unverifiable,not-verifiable,
solubility,13284,correct,verified,
solubility,13285,correct,verified,
solubility,13286,correct,verified,
solubility,13287,correct,verified,
solubility,13288,correct,verified,
solubility,13289,correct,verified,
solubility,13290,correct,verified,
solubility,13291,correct,verified,
solubility,13292,correct,verified,
solubility,13293,correct,verified,
solubility,13294,correct,verified,
solubility,13295,correct,verified,
solubility,13296,correct,verified,
solubility,13297,correct,verified,
solubility,13298,correct,verified,
solubility,13299,correct,verified,
solubility,13300,correct,verified,
solubility,13301,correct,verified,
solubility,13302,correct,verified,
solubility,13303,correct,verified,
solubility,13304,correct,verified,
solubility,13305,correct,verified,
solubility,13306,correct,verified,
solubility,13307,correct,verified,
solubility,13308,correct,verified,
solubility,13309,correct,verified,
solubility,13310,correct,verified,
solubility,13311,correct,verified,
solubility,13312,correct,verified,
solubility,13313,correct,verified,
solubility,13314,correct,verified,
solubility,13315,correct,verified,
solubility,13316,correct,verified,
solubility,13317,correct,verified,
solubility,13318,correct,verified,
solubility,13319,correct,verified,
solubility,13320,correct,verified,
solubility,13321,correct,verified,
solubility,13322,correct,verified,
solubility,13323,correct,verified,
solubility,13324,correct,verified,
solubility,13325,correct,verified,
solubility,13326,correct,verified,
solubility,13327,correct,verified,
solubility,13328,correct,verified,
solubility,13329,correct,verified,
solubility,13330,correct,verified,
solubility,13331,correct,verified,
solubility,13332,correct,verified,
solubility,13333,correct,verified,
solubility,13334,correct,verified,
solubility,13335,correct,verified,
solubility,13336,correct,verified,
solubility,13337,correct,verified,
solubility,13338,correct,verified,
solubility,13339,correct,verified,
solubility,13340,correct,verified,
solubility,13341,correct,verified,
solubility,13342,correct,verified,
solubility,13343,correct,verified,
solubility,13344,correct,verified,
solubility,13345,correct,verified,
solubility,13346,correct,verified,
solubility,13347,correct,verified,
solubility,13348,correct,verified,
solubility,13349,correct,verified,
solubility,13350,correct,verified,
solubility,13351,correct,verified,
solubility,13352,correct,verified,
solubility,13353,correct,verified,
solubility,13354,correct,verified,
solubility,13355,correct,verified,
solubility,13356,correct,verified,
solubility,13357,correct,verified,
solubility,13358,correct,verified,
solubility,13359,correct,verified,
solubility,13360,correct,verified,
solubility,13361,correct,verified,
solubility,13362,correct,verified,
solubility,13363,correct,verified,
solubility,13364,correct,verified,
solubility,13365,correct,verified,
solubility,13366,correct,verified,
solubility,13367,correct,verified,
solubility,13368,correct,verified,
solubility,13369,correct,verified,
solubility,13370,correct,verified,
solubility,13371,correct,verified,
solubility,13372,correct,verified,
solubility,13373,correct,verified,
solubility,13374,correct,verified,
solubility,13375,correct,verified,
solubility,13376,correct,verified,
solubility,13377,correct,verified,
solubility,13378,correct,verified,
solubility,13379,correct,verified,
solubility,13380,correct,verified,
solubility,13381,correct,verified,
solubility,13382,correct,verified,
solubility,13383,correct,verified,
solubility,13384,correct,verified,
solubility,13385,correct,verified,
solubility,13386,correct,verified,
solubility,13387,correct,verified,
solubility,13388,correct,verified,
solubility,13389,minor,residual-difference,conversion
solubility,13390,minor,residual-difference,conversion
solubility,13391,minor,residual-difference,conversion
solubility,13392,minor,residual-difference,conversion
solubility,13393,minor,residual-difference,conversion
solubility,13394,minor,residual-difference,conversion
solubility,13395,minor,residual-difference,conversion
solubility,13396,minor,residual-difference,conversion
solubility,13397,minor,residual-difference,conversion
solubility,13398,minor,residual-difference,conversion
solubility,13399,minor,residual-difference,conversion
solubility,13400,minor,residual-difference,conversion
solubility,13401,minor,residual-difference,conversion
solubility,13402,minor,residual-difference,conversion
solubility,13403,minor,residual-difference,conversion
solubility,13404,minor,residual-difference,conversion
solubility,13405,minor,residual-difference,conversion
solubility,13406,minor,residual-difference,conversion
solubility,13407,minor,residual-difference,conversion
solubility,13408,minor,residual-difference,conversion
solubility,13409,minor,residual-difference,conversion
solubility,13410,minor,residual-difference,conversion
solubility,13411,minor,residual-difference,conversion
solubility,13412,minor,residual-difference,conversion
solubility,13413,minor,residual-difference,conversion
solubility,13414,minor,residual-difference,conversion
solubility,13415,minor,residual-difference,conversion
solubility,13416,minor,residual-difference,conversion
solubility,13417,minor,residual-difference,conversion
solubility,13418,minor,residual-difference,conversion
solubility,13419,minor,residual-difference,conversion
solubility,13420,minor,residual-difference,conversion
solubility,13421,minor,residual-difference,conversion
solubility,13422,minor,residual-difference,conversion
solubility,13423,minor,residual-difference,conversion
solubility,13424,minor,residual-difference,conversion
solubility,13425,minor,residual-difference,conversion
solubility,13426,minor,residual-difference,conversion
solubility,13427,minor,residual-difference,conversion
solubility,13428,minor,residual-difference,conversion
solubility,13429,minor,residual-difference,conversion
solubility,13430,minor,residual-difference,conversion
solubility,13431,minor,residual-difference,conversion
solubility,13432,minor,residual-difference,conversion
solubility,13433,minor,residual-difference,conversion
solubility,13434,minor,residual-difference,conversion
solubility,13435,minor,residual-difference,conversion
solubility,13436,minor,residual-difference,conversion
solubility,13437,minor,residual-difference,conversion
solubility,13438,minor,residual-difference,conversion
solubility,13439,minor,residual-difference,conversion
solubility,13440,minor,residual-difference,conversion
solubility,13441,minor,residual-difference,conversion
solubility,13442,minor,residual-difference,conversion
solubility,13443,minor,residual-difference,conversion
solubility,13444,minor,residual-difference,conversion
solubility,13445,minor,residual-difference,conversion
solubility,13446,minor,residual-difference,conversion
solubility,13447,minor,residual-difference,conversion
solubility,13448,minor,residual-difference,conversion
solubility,13449,minor,residual-difference,conversion
solubility,13450,minor,residual-difference,conversion
solubility,13451,minor,residual-difference,conversion
solubility,13452,minor,residual-difference,conversion
solubility,13453,minor,residual-difference,conversion
solubility,13454,minor,residual-difference,conversion
solubility,13455,minor,residual-difference,conversion
solubility,13456,minor,residual-difference,conversion
solubility,13457,minor,residual-difference,conversion
solubility,13458,minor,residual-difference,conversion
solubility,13459,minor,residual-difference,conversion
solubility,13460,minor,residual-difference,conversion
solubility,13461,minor,residual-difference,conversion
solubility,13462,minor,residual-difference,conversion
solubility,13463,minor,residual-difference,conversion
solubility,13464,minor,residual-difference,conversion
solubility,13465,minor,residual-difference,conversion
solubility,13466,minor,residual-difference,conversion
solubility,13467,minor,residual-difference,conversion
solubility,13468,minor,residual-difference,conversion
solubility,13469,minor,residual-difference,conversion
solubility,13470,minor,residual-difference,conversion
solubility,13471,minor,residual-difference,conversion
solubility,13472,minor,residual-difference,conversion
solubility,13473,minor,residual-difference,conversion
solubility,13474,minor,residual-difference,conversion
solubility,13475,minor,residual-difference,conversion
solubility,13476,minor,residual-difference,conversion
solubility,13477,minor,residual-difference,conversion
solubility,13478,minor,residual-difference,conversion
solubility,13479,minor,residual-difference,conversion
solubility,13480,minor,residual-difference,conversion
solubility,13481,minor,residual-difference,conversion
solubility,13482,minor,residual-difference,conversion
solubility,13483,minor,residual-difference,conversion
solubility,13484,minor,residual-difference,conversion
solubility,13485,minor,residual-difference,conversion
solubility,13486,minor,residual-difference,conversion
solubility,13487,minor,residual-difference,conversion
solubility,13488,minor,residual-difference,conversion
solubility,13489,minor,residual-difference,conversion
solubility,13490,minor,residual-difference,conversion
solubility,13491,minor,residual-difference,conversion
solubility,13492,minor,residual-difference,conversion
solubility,13493,minor,residual-difference,conversion
solubility,13494,minor,residual-difference,conversion
solubility,13495,minor,residual-difference,conversion
solubility,13496,minor,residual-difference,conversion
solubility,13497,minor,residual-difference,conversion
solubility,13498,minor,residual-difference,conversion
solubility,13499,minor,residual-difference,conversion
solubility,13500,minor,residual-difference,conversion
solubility,13501,minor,residual-difference,conversion
solubility,13502,minor,residual-difference,conversion
solubility,13503,minor,residual-difference,conversion
solubility,13504,minor,residual-difference,conversion
solubility,13505,minor,residual-difference,conversion
solubility,13506,minor,residual-difference,conversion
solubility,13507,minor,residual-difference,conversion
solubility,13508,minor,residual-difference,conversion
solubility,13509,minor,residual-difference,conversion
solubility,13510,minor,residual-difference,conversion
solubility,13511,minor,residual-difference,conversion
solubility,13512,minor,residual-difference,conversion
solubility,13513,minor,residual-difference,conversion
solubility,13514,minor,residual-difference,conversion
solubility,13515,minor,residual-difference,conversion
solubility,13516,minor,residual-difference,conversion
solubility,13517,minor,residual-difference,conversion
solubility,13518,minor,residual-difference,conversion
solubility,13519,minor,residual-difference,conversion
solubility,13520,minor,residual-difference,conversion
solubility,13521,minor,residual-difference,conversion
solubility,13522,minor,residual-difference,conversion
solubility,13523,minor,residual-difference,conversion
solubility,13524,minor,residual-difference,conversion
solubility,13525,minor,residual-difference,conversion
solubility,13526,minor,residual-difference,conversion
solubility,13527,minor,residual-difference,conversion
solubility,13528,minor,residual-difference,conversion
solubility,13529,minor,residual-difference,conversion
solubility,13530,minor,residual-difference,conversion
solubility,13531,minor,residual-difference,conversion
solubility,13532,minor,residual-difference,conversion
solubility,13533,minor,residual-difference,conversion
solubility,13534,minor,residual-difference,conversion
solubility,13535,minor,residual-difference,conversion
solubility,13536,minor,residual-difference,conversion
solubility,13537,minor,residual-difference,conversion
solubility,13538,minor,residual-difference,conversion
solubility,13539,minor,residual-difference,conversion
solubility,13540,minor,residual-difference,conversion
solubility,13541,minor,residual-difference,conversion
solubility,13542,minor,residual-difference,conversion
solubility,13543,minor,residual-difference,conversion
solubility,13544,minor,residual-difference,conversion
solubility,13545,minor,residual-difference,conversion
solubility,13546,minor,residual-difference,conversion
solubility,13547,minor,residual-difference,conversion
solubility,13548,minor,residual-difference,conversion
solubility,13549,minor,residual-difference,conversion
solubility,13550,minor,residual-difference,conversion
solubility,13551,minor,residual-difference,conversion
solubility,13552,minor,residual-difference,conversion
solubility,13553,minor,residual-difference,conversion
solubility,13554,minor,residual-difference,conversion
solubility,13555,minor,residual-difference,conversion
solubility,13556,minor,residual-difference,conversion
solubility,13557,minor,residual-difference,conversion
solubility,13558,minor,residual-difference,conversion
solubility,13559,minor,residual-difference,conversion
solubility,13560,minor,residual-difference,conversion
solubility,13561,minor,residual-difference,conversion
solubility,13562,minor,residual-difference,conversion
solubility,13563,minor,residual-difference,conversion
solubility,13564,minor,residual-difference,conversion
solubility,13565,minor,residual-difference,conversion
solubility,13566,minor,residual-difference,conversion
solubility,13567,minor,residual-difference,conversion
solubility,13568,minor,residual-difference,conversion
solubility,13569,minor,residual-difference,conversion
solubility,13570,minor,residual-difference,conversion
solubility,13571,minor,residual-difference,conversion
solubility,13572,minor,residual-difference,conversion
solubility,13573,minor,residual-difference,conversion
solubility,13574,minor,residual-difference,conversion
solubility,13575,minor,residual-difference,conversion
solubility,13576,minor,residual-difference,conversion
solubility,13577,minor,residual-difference,conversion
solubility,13578,minor,residual-difference,conversion
solubility,13579,minor,residual-difference,conversion
solubility,13580,minor,residual-difference,conversion
solubility,13581,minor,residual-difference,conversion
solubility,13582,minor,residual-difference,conversion
solubility,13583,minor,residual-difference,conversion
solubility,13584,minor,residual-difference,conversion
solubility,13585,minor,residual-difference,conversion
solubility,13586,minor,residual-difference,conversion
solubility,13587,minor,residual-difference,conversion
solubility,13588,minor,residual-difference,conversion
solubility,13589,minor,residual-difference,conversion
solubility,13590,minor,residual-difference,conversion
solubility,13591,minor,residual-difference,conversion
solubility,13592,minor,residual-difference,conversion
solubility,13593,minor,residual-difference,conversion
solubility,13594,minor,residual-difference,conversion
solubility,13595,minor,residual-difference,conversion
solubility,13596,minor,residual-difference,conversion
solubility,13597,minor,residual-difference,conversion
solubility,13598,minor,residual-difference,conversion
solubility,13599,minor,residual-difference,conversion
solubility,13600,minor,residual-difference,conversion
solubility,13601,minor,residual-difference,conversion
solubility,13602,minor,residual-difference,conversion
solubility,13603,minor,residual-difference,conversion
solubility,13604,minor,residual-difference,conversion
solubility,13605,minor,residual-difference,conversion
solubility,13606,minor,residual-difference,conversion
solubility,13607,minor,residual-difference,conversion
solubility,13608,minor,residual-difference,conversion
solubility,13609,minor,residual-difference,conversion
solubility,13610,minor,residual-difference,conversion
solubility,13611,minor,residual-difference,conversion
solubility,13612,minor,residual-difference,conversion
solubility,13613,minor,residual-difference,conversion
solubility,13614,minor,residual-difference,conversion
solubility,13615,minor,residual-difference,conversion
solubility,13616,minor,residual-difference,conversion
solubility,13617,minor,residual-difference,conversion
solubility,13618,minor,residual-difference,conversion
solubility,13619,minor,residual-difference,conversion
solubility,13620,minor,residual-difference,conversion
solubility,13621,minor,residual-difference,conversion
solubility,13622,minor,residual-difference,conversion
solubility,13623,minor,residual-difference,conversion
solubility,13624,minor,residual-difference,conversion
solubility,13625,minor,residual-difference,conversion
solubility,13626,minor,residual-difference,conversion
solubility,13627,minor,residual-difference,conversion
solubility,13628,minor,residual-difference,conversion
solubility,13629,minor,residual-difference,conversion
solubility,13630,minor,residual-difference,conversion
solubility,13631,minor,residual-difference,conversion
solubility,13632,minor,residual-difference,conversion
solubility,13633,minor,residual-difference,conversion
solubility,13634,minor,residual-difference,conversion
solubility,13635,minor,residual-difference,conversion
solubility,13636,minor,residual-difference,conversion
solubility,13637,minor,residual-difference,conversion
solubility,13638,minor,residual-difference,conversion
solubility,13639,minor,residual-difference,conversion
solubility,13640,minor,residual-difference,conversion
solubility,13641,minor,residual-difference,conversion
solubility,13642,minor,residual-difference,conversion
solubility,13643,minor,residual-difference,conversion
solubility,13644,minor,residual-difference,conversion
solubility,13645,minor,residual-difference,conversion
solubility,13646,minor,residual-difference,conversion
solubility,13647,minor,residual-difference,conversion
solubility,13648,minor,residual-difference,conversion
solubility,13649,minor,residual-difference,conversion
solubility,13650,minor,residual-difference,conversion
solubility,13651,minor,residual-difference,conversion
solubility,13652,minor,residual-difference,conversion
solubility,13653,minor,residual-difference,conversion
solubility,13654,minor,residual-difference,conversion
solubility,13655,minor,residual-difference,conversion
solubility,13656,minor,residual-difference,conversion
solubility,13657,minor,residual-difference,conversion
solubility,13658,minor,residual-difference,conversion
solubility,13659,minor,residual-difference,conversion
solubility,13660,minor,residual-difference,conversion
solubility,13661,minor,residual-difference,conversion
solubility,13662,minor,residual-difference,conversion
solubility,13663,minor,residual-difference,conversion
solubility,13664,minor,residual-difference,conversion
solubility,13665,minor,residual-difference,conversion
solubility,13666,minor,residual-difference,conversion
solubility,13667,minor,residual-difference,conversion
solubility,13668,minor,residual-difference,conversion
solubility,13669,minor,residual-difference,conversion
solubility,13670,minor,residual-difference,conversion
solubility,13671,minor,residual-difference,conversion
solubility,13672,minor,residual-difference,conversion
solubility,13673,minor,residual-difference,conversion
solubility,13674,minor,residual-difference,conversion
solubility,13675,minor,residual-difference,conversion
solubility,13676,minor,residual-difference,conversion
solubility,13677,minor,residual-difference,conversion
solubility,13678,minor,residual-difference,conversion
solubility,13679,minor,residual-difference,conversion
solubility,13680,minor,residual-difference,conversion
solubility,13681,minor,residual-difference,conversion
solubility,13682,minor,residual-difference,conversion
solubility,13683,minor,residual-difference,conversion
solubility,13684,minor,residual-difference,conversion
solubility,13685,minor,residual-difference,conversion
solubility,13686,minor,residual-difference,conversion
solubility,13687,minor,residual-difference,conversion
solubility,13688,minor,residual-difference,conversion
solubility,13689,minor,residual-difference,conversion
solubility,13690,minor,residual-difference,conversion
solubility,13691,minor,residual-difference,conversion
solubility,13692,minor,residual-difference,conversion
solubility,13693,minor,residual-difference,conversion
solubility,13694,minor,residual-difference,conversion
solubility,13695,minor,residual-difference,conversion
solubility,13696,minor,residual-difference,conversion
solubility,13697,minor,residual-difference,conversion
solubility,13698,minor,residual-difference,conversion
solubility,13699,minor,residual-difference,conversion
solubility,13700,minor,residual-difference,conversion
solubility,13701,minor,residual-difference,conversion
solubility,13702,minor,residual-difference,conversion
solubility,13703,minor,residual-difference,conversion
solubility,13704,minor,residual-difference,conversion
solubility,13705,minor,residual-difference,conversion
solubility,13706,minor,residual-difference,conversion
solubility,13707,minor,residual-difference,conversion
solubility,13708,minor,residual-difference,conversion
solubility,13709,minor,residual-difference,conversion
solubility,13710,minor,residual-difference,conversion
solubility,13711,minor,residual-difference,conversion
solubility,13712,minor,residual-difference,conversion
solubility,13713,minor,residual-difference,conversion
solubility,13714,minor,residual-difference,conversion
solubility,13715,minor,residual-difference,conversion
solubility,13716,minor,residual-difference,conversion
solubility,13717,minor,residual-difference,conversion
solubility,13718,minor,residual-difference,conversion
solubility,13719,minor,residual-difference,conversion
solubility,13720,minor,residual-difference,conversion
solubility,13721,minor,residual-difference,conversion
solubility,13722,minor,residual-difference,conversion
solubility,13723,correct,verified,
solubility,13724,correct,verified,
solubility,13725,correct,verified,
solubility,13726,correct,verified,
solubility,13727,correct,verified,
solubility,13728,correct,verified,
solubility,13729,correct,verified,
solubility,13730,correct,verified,
solubility,13731,correct,verified,
solubility,13732,correct,verified,
solubility,13733,correct,verified,
solubility,13734,correct,verified,
solubility,13735,correct,verified,
solubility,13736,correct,verified,
solubility,13737,correct,verified,
solubility,13738,correct,verified,
solubility,13739,correct,verified,
solubility,13740,correct,verified,
solubility,13741,correct,verified,
solubility,13742,correct,verified,
solubility,13743,correct,verified,
solubility,13744,correct,verified,
solubility,13745,correct,verified,
solubility,13746,correct,verified,
solubility,13747,correct,verified,
solubility,13748,correct,verified,
solubility,13749,correct,verified,
solubility,13750,correct,verified,
solubility,13751,correct,verified,
solubility,13752,correct,verified,
solubility,13753,correct,verified,
solubility,13754,correct,verified,
solubility,13755,correct,verified,
solubility,13756,correct,verified,
solubility,13757,correct,verified,
solubility,13758,correct,verified,
solubility,13759,correct,verified,
solubility,13760,correct,verified,
solubility,13761,correct,verified,
solubility,13762,correct,verified,
solubility,13763,correct,verified,
solubility,13764,correct,verified,
solubility,13765,correct,verified,
solubility,13766,correct,verified,
solubility,13767,correct,verified,
solubility,13768,correct,verified,
solubility,13769,correct,verified,
solubility,13770,correct,verified,
solubility,13771,correct,verified,
solubility,13772,correct,verified,
solubility,13773,correct,verified,
solubility,13774,correct,verified,
solubility,13775,correct,verified,
solubility,13776,correct,verified,
solubility,13777,correct,verified,
solubility,13778,correct,verified,
solubility,13779,correct,verified,
solubility,13780,correct,verified,
solubility,13781,correct,verified,
solubility,13782,correct,verified,
solubility,13783,correct,verified,
solubility,13784,correct,verified,
solubility,13785,correct,verified,
solubility,13786,correct,verified,
solubility,13787,correct,verified,
solubility,13788,correct,verified,
solubility,13789,correct,verified,
solubility,13790,correct,verified,
solubility,13791,correct,verified,
solubility,13792,correct,verified,
solubility,13793,correct,verified,
solubility,13794,correct,verified,
solubility,13795,correct,verified,
solubility,13796,correct,verified,
solubility,13797,correct,verified,
solubility,13798,correct,verified,
solubility,13799,correct,verified,
solubility,13800,correct,verified,
solubility,13801,correct,verified,
solubility,13802,correct,verified,
solubility,13803,correct,verified,
solubility,13804,correct,verified,
solubility,13805,correct,verified,
solubility,13806,correct,verified,
solubility,13807,correct,verified,
solubility,13808,correct,verified,
solubility,13809,correct,verified,
solubility,13810,correct,verified,
solubility,13811,correct,verified,
solubility,13812,correct,verified,
solubility,13813,correct,verified,
solubility,13814,correct,verified,
solubility,13815,correct,verified,
solubility,13816,correct,verified,
solubility,13817,correct,verified,
solubility,13818,correct,verified,
solubility,13819,correct,verified,
solubility,13820,correct,verified,
solubility,13821,correct,verified,
solubility,13822,correct,verified,
solubility,13823,correct,verified,
solubility,13824,correct,verified,
solubility,13825,correct,verified,
solubility,13826,correct,verified,
solubility,13827,correct,verified,
solubility,13828,correct,verified,
solubility,13829,correct,verified,
solubility,13830,correct,verified,
solubility,13831,correct,verified,
solubility,13832,correct,verified,
solubility,13833,correct,verified,
solubility,13834,correct,verified,
solubility,13835,correct,verified,
solubility,13836,correct,verified,
solubility,13837,correct,verified,
solubility,13838,correct,verified,
solubility,13839,correct,verified,
solubility,13840,correct,verified,
solubility,13841,correct,verified,
solubility,13842,correct,verified,
solubility,13843,correct,verified,
solubility,13844,correct,verified,
solubility,13845,correct,verified,
solubility,13846,correct,verified,
solubility,13847,correct,verified,
solubility,13848,correct,verified,
solubility,13849,correct,verified,
solubility,13850,correct,verified,
solubility,13851,correct,verified,
solubility,13852,correct,verified,
solubility,13853,correct,verified,
solubility,13854,correct,verified,
solubility,13855,correct,verified,
solubility,13856,correct,verified,
solubility,13857,correct,verified,
solubility,13858,correct,verified,
solubility,13859,correct,verified,
solubility,13860,correct,verified,
solubility,13861,correct,verified,
solubility,13862,correct,verified,
solubility,13863,correct,verified,
solubility,13864,correct,verified,
solubility,13865,correct,verified,
solubility,13866,correct,verified,
solubility,13867,correct,verified,
solubility,13868,correct,verified,
solubility,13869,correct,verified,
solubility,13870,correct,verified,
solubility,13871,correct,verified,
solubility,13872,correct,verified,
solubility,13873,correct,verified,
solubility,13874,correct,verified,
solubility,13875,correct,verified,
solubility,13876,correct,verified,
solubility,13877,correct,verified,
solubility,13878,correct,verified,
solubility,13879,correct,verified,
solubility,13880,correct,verified,
solubility,13881,correct,verified,
solubility,13882,correct,verified,
solubility,13883,correct,verified,
solubility,13884,correct,verified,
solubility,13885,correct,verified,
solubility,13886,correct,verified,
solubility,13887,correct,verified,
solubility,13888,correct,verified,
solubility,13889,correct,verified,
solubility,13890,correct,verified,
solubility,13891,correct,verified,
solubility,13892,correct,verified,
solubility,13893,correct,verified,
solubility,13894,correct,verified,
solubility,13895,correct,verified,
solubility,13896,correct,verified,
solubility,13897,correct,verified,
solubility,13898,correct,verified,
solubility,13899,correct,verified,
solubility,13900,correct,verified,
solubility,13901,correct,verified,
solubility,13902,correct,verified,
solubility,13903,correct,verified,
solubility,13904,correct,verified,
solubility,13905,correct,verified,
solubility,13906,correct,verified,
solubility,13907,correct,verified,
solubility,13908,correct,verified,
solubility,13909,correct,verified,
solubility,13910,correct,verified,
solubility,13911,correct,verified,
solubility,13912,correct,verified,
solubility,13913,correct,verified,
solubility,13914,correct,verified,
solubility,13915,correct,verified,
solubility,13916,correct,verified,
solubility,13917,correct,verified,
solubility,13918,correct,verified,
solubility,13919,correct,verified,
solubility,13920,correct,verified,
solubility,13921,correct,verified,
solubility,13922,correct,verified,
solubility,13923,correct,verified,
solubility,13924,correct,verified,
solubility,13925,correct,verified,
solubility,13926,correct,verified,
solubility,13927,correct,verified,
solubility,13928,correct,verified,
solubility,13929,correct,verified,
solubility,13930,correct,verified,
solubility,13931,correct,verified,
solubility,13932,correct,verified,
solubility,13933,correct,verified,
solubility,13934,correct,verified,
solubility,13935,correct,verified,
solubility,13936,correct,verified,
solubility,13937,correct,verified,
solubility,13938,correct,verified,
solubility,13939,correct,verified,
solubility,13940,correct,verified,
solubility,13941,correct,verified,
solubility,13942,correct,verified,
solubility,13943,correct,verified,
solubility,13944,correct,verified,
solubility,13945,correct,verified,
solubility,13946,correct,verified,
solubility,13947,correct,verified,
solubility,13948,correct,verified,
solubility,13949,correct,verified,
solubility,13950,correct,verified,
solubility,13951,correct,verified,
solubility,13952,correct,verified,
solubility,13953,correct,verified,
solubility,13954,correct,verified,
solubility,13955,correct,verified,
solubility,13956,correct,verified,
solubility,13957,correct,verified,
solubility,13958,correct,verified,
solubility,13959,correct,verified,
solubility,13960,correct,verified,
solubility,13961,correct,verified,
solubility,13962,correct,verified,
solubility,13963,correct,verified,
solubility,13964,correct,verified,
solubility,13965,correct,verified,
solubility,13966,correct,verified,
solubility,13967,correct,verified,
solubility,13968,correct,verified,
solubility,13969,correct,verified,
solubility,13970,correct,verified,
solubility,13971,correct,verified,
solubility,13972,correct,verified,
solubility,13973,correct,verified,
solubility,13974,correct,verified,
solubility,13975,correct,verified,
solubility,13976,correct,verified,
solubility,13977,correct,verified,
solubility,13978,correct,verified,
solubility,13979,correct,verified,
solubility,13980,correct,verified,
solubility,13981,correct,verified,
solubility,13982,correct,verified,
solubility,13983,correct,verified,
solubility,13984,correct,verified,
solubility,13985,correct,verified,
solubility,13986,correct,verified,
solubility,13987,correct,verified,
solubility,13988,correct,verified,
solubility,13989,correct,verified,
solubility,13990,correct,verified,
solubility,13991,correct,verified,
solubility,13992,correct,verified,
solubility,13993,correct,verified,
solubility,13994,correct,verified,
solubility,13995,correct,verified,
solubility,13996,correct,verified,
solubility,13997,correct,verified,
solubility,13998,correct,verified,
solubility,13999,correct,verified,
solubility,14000,correct,verified,
solubility,14001,correct,verified,
solubility,14002,correct,verified,
solubility,14003,correct,verified,
solubility,14004,correct,verified,
solubility,14005,correct,verified,
solubility,14006,correct,verified,
solubility,14007,correct,verified,
solubility,14008,correct,verified,
solubility,14009,correct,verified,
solubility,14010,correct,verified,
solubility,14011,correct,verified,
solubility,14012,correct,verified,
solubility,14013,correct,verified,
solubility,14014,correct,verified,
solubility,14015,correct,verified,
solubility,14016,correct,verified,
solubility,14017,correct,verified,
solubility,14018,correct,verified,
solubility,14019,correct,verified,
solubility,14020,correct,verified,
solubility,14021,correct,verified,
solubility,14022,correct,verified,
solubility,14023,correct,verified,
solubility,14024,correct,verified,
solubility,14025,correct,verified,
solubility,14026,correct,verified,
solubility,14027,correct,verified,
solubility,14028,correct,verified,
solubility,14029,correct,verified,
solubility,14030,correct,verified,
solubility,14031,correct,verified,
solubility,14032,correct,verified,
solubility,14033,correct,verified,
solubility,14034,correct,verified,
solubility,14035,correct,verified,
solubility,14036,correct,verified,
solubility,14037,correct,verified,
solubility,14038,correct,verified,
solubility,14039,correct,verified,
solubility,14040,correct,verified,
solubility,14041,correct,verified,
solubility,14042,correct,verified,
solubility,14043,correct,verified,
solubility,14044,correct,verified,
solubility,14045,correct,verified,
solubility,14046,correct,verified,
solubility,14047,correct,verified,
solubility,14048,correct,verified,
solubility,14049,correct,verified,
solubility,14050,correct,verified,
solubility,14051,correct,verified,
solubility,14052,correct,verified,
solubility,14053,correct,verified,
solubility,14054,correct,verified,
solubility,14055,correct,verified,
solubility,14056,correct,verified,
solubility,14057,correct,verified,
solubility,14058,correct,verified,
solubility,14059,correct,verified,
solubility,14060,correct,verified,
solubility,14061,correct,verified,
solubility,14062,correct,verified,
solubility,14063,correct,verified,
solubility,14064,correct,verified,
solubility,14065,correct,verified,
solubility,14066,correct,verified,
solubility,14067,correct,verified,
solubility,14068,correct,verified,
solubility,14069,correct,verified,
solubility,14070,correct,verified,
solubility,14071,correct,verified,
solubility,14072,correct,verified,
solubility,14073,correct,verified,
solubility,14074,correct,verified,
solubility,14075,correct,verified,
solubility,14076,correct,verified,
solubility,14077,correct,verified,
solubility,14078,correct,verified,
solubility,14079,correct,verified,
solubility,14080,correct,verified,
solubility,14081,correct,verified,
solubility,14082,correct,verified,
solubility,14083,correct,verified,
solubility,14084,correct,verified,
solubility,14085,correct,verified,
solubility,14086,correct,verified,
solubility,14087,correct,verified,
solubility,14088,correct,verified,
solubility,14089,correct,verified,
solubility,14090,correct,verified,
solubility,14091,correct,verified,
solubility,14092,correct,verified,
solubility,14093,correct,verified,
solubility,14094,correct,verified,
solubility,14095,correct,verified,
solubility,14096,correct,verified,
solubility,14097,correct,verified,
solubility,14098,correct,verified,
solubility,14099,correct,verified,
solubility,14100,correct,verified,
solubility,14101,correct,verified,
solubility,14102,correct,verified,
solubility,14103,correct,verified,
solubility,14104,correct,verified,
solubility,14105,correct,verified,
solubility,14106,correct,verified,
solubility,14107,correct,verified,
solubility,14108,correct,verified,
solubility,14109,correct,verified,
solubility,14110,correct,verified,
solubility,14111,correct,verified,
solubility,14112,correct,verified,
solubility,14113,correct,verified,
solubility,14114,correct,verified,
solubility,14115,correct,verified,
solubility,14116,correct,verified,
solubility,14117,correct,verified,
solubility,14118,correct,verified,
solubility,14119,correct,verified,
solubility,14120,correct,verified,
solubility,14121,correct,verified,
solubility,14122,correct,verified,
solubility,14123,correct,verified,
solubility,14124,correct,verified,
solubility,14125,correct,verified,
solubility,14126,correct,verified,
solubility,14127,correct,verified,
solubility,14128,correct,verified,
solubility,14129,correct,verified,
solubility,14130,correct,verified,
solubility,14131,correct,verified,
solubility,14132,correct,verified,
solubility,14133,correct,verified,
solubility,14134,correct,verified,
solubility,14135,correct,verified,
solubility,14136,correct,verified,
solubility,14137,correct,verified,
solubility,14138,correct,verified,
solubility,14139,correct,verified,
solubility,14140,correct,verified,
solubility,14141,correct,verified,
solubility,14142,correct,verified,
solubility,14143,correct,verified,
solubility,14144,correct,verified,
solubility,14145,correct,verified,
solubility,14146,correct,verified,
solubility,14147,correct,verified,
solubility,14148,correct,verified,
solubility,14149,correct,verified,
solubility,14150,correct,verified,
solubility,14151,correct,verified,
solubility,14152,correct,verified,
solubility,14153,correct,verified,
solubility,14154,correct,verified,
solubility,14155,correct,verified,
solubility,14156,correct,verified,
solubility,14157,correct,verified,
solubility,14158,correct,verified,
solubility,14159,correct,verified,
solubility,14160,correct,verified,
solubility,14161,correct,verified,
solubility,14162,correct,verified,
solubility,14163,correct,verified,
solubility,14164,correct,verified,
solubility,14165,correct,verified,
solubility,14166,correct,verified,
solubility,14167,correct,verified,
solubility,14168,correct,verified,
solubility,14169,correct,verified,
solubility,14170,correct,verified,
solubility,14171,correct,verified,
solubility,14172,correct,verified,
solubility,14173,correct,verified,
solubility,14174,correct,verified,
solubility,14175,correct,verified,
solubility,14176,correct,verified,
solubility,14177,correct,verified,
solubility,14178,correct,verified,
solubility,14179,correct,verified,
solubility,14180,correct,verified,
solubility,14181,correct,verified,
solubility,14182,correct,verified,
solubility,14183,correct,verified,
solubility,14184,correct,verified,
solubility,14185,correct,verified,
solubility,14186,correct,verified,
solubility,14187,correct,verified,
solubility,14188,correct,verified,
solubility,14189,correct,verified,
solubility,14190,correct,verified,
solubility,14191,correct,verified,
solubility,14192,correct,verified,
solubility,14193,correct,verified,
solubility,14194,correct,verified,
solubility,14195,correct,verified,
solubility,14196,correct,verified,
solubility,14197,correct,verified,
solubility,14198,correct,verified,
solubility,14199,correct,verified,
solubility,14200,correct,verified,
solubility,14201,correct,verified,
solubility,14202,correct,verified,
solubility,14203,correct,verified,
solubility,14204,correct,verified,
solubility,14205,correct,verified,
solubility,14206,correct,verified,
solubility,14207,correct,verified,
solubility,14208,correct,verified,
solubility,14209,correct,verified,
solubility,14210,correct,verified,
solubility,14211,correct,verified,
solubility,14212,correct,verified,
solubility,14213,correct,verified,
solubility,14214,correct,verified,
solubility,14215,correct,verified,
solubility,14216,correct,verified,
solubility,14217,correct,verified,
solubility,14218,correct,verified,
solubility,14219,correct,verified,
solubility,14220,correct,verified,
solubility,14221,correct,verified,
solubility,14222,correct,verified,
solubility,14223,correct,verified,
solubility,14224,correct,verified,
solubility,14225,correct,verified,
solubility,14226,correct,verified,
solubility,14227,correct,verified,
solubility,14228,correct,verified,
solubility,14229,correct,verified,
solubility,14230,correct,verified,
solubility,14231,correct,verified,
solubility,14232,correct,verified,
solubility,14233,correct,verified,
solubility,14234,correct,verified,
solubility,14235,correct,verified,
solubility,14236,correct,verified,
solubility,14237,correct,verified,
solubility,14238,correct,verified,
solubility,14239,correct,verified,
solubility,14240,correct,verified,
solubility,14241,correct,verified,
solubility,14242,correct,verified,
solubility,14243,correct,verified,
solubility,14244,correct,verified,
solubility,14245,correct,verified,
solubility,14246,correct,verified,
solubility,14247,correct,verified,
solubility,14248,correct,verified,
solubility,14249,correct,verified,
solubility,14250,correct,verified,
solubility,14251,correct,verified,
solubility,14252,correct,verified,
solubility,14253,correct,verified,
solubility,14254,correct,verified,
solubility,14255,correct,verified,
solubility,14256,correct,verified,
solubility,14257,correct,verified,
solubility,14258,correct,verified,
solubility,14259,correct,verified,
solubility,14260,correct,verified,
solubility,14261,correct,verified,
solubility,14262,correct,verified,
solubility,14263,correct,verified,
solubility,14264,correct,verified,
solubility,14265,correct,verified,
solubility,14266,correct,verified,
solubility,14267,correct,verified,
solubility,14268,correct,verified,
solubility,14269,correct,verified,
solubility,14270,correct,verified,
solubility,14271,correct,verified,
solubility,14272,correct,verified,
solubility,14273,correct,verified,
solubility,14274,correct,verified,
solubility,14275,correct,verified,
solubility,14276,correct,verified,
solubility,14277,correct,verified,
solubility,14278,correct,verified,
solubility,14279,correct,verified,
solubility,14280,correct,verified,
solubility,14281,correct,verified,
solubility,14282,correct,verified,
solubility,14283,correct,verified,
solubility,14284,correct,verified,
solubility,14285,correct,verified,
solubility,14286,correct,verified,
solubility,14287,correct,verified,
solubility,14288,correct,verified,
solubility,14289,correct,verified,
solubility,14290,correct,verified,
solubility,14291,correct,verified,
solubility,14292,correct,verified,
solubility,14293,correct,verified,
solubility,14294,correct,verified,
solubility,14295,correct,verified,
solubility,14296,correct,verified,
solubility,14297,correct,verified,
solubility,14298,correct,verified,
solubility,14299,correct,verified,
solubility,14300,correct,verified,
solubility,14301,correct,verified,
solubility,14302,correct,verified,
solubility,14303,correct,verified,
solubility,14304,correct,verified,
solubility,14305,correct,verified,
solubility,14306,correct,verified,
solubility,14307,correct,verified,
solubility,14308,correct,verified,
solubility,14309,correct,verified,
solubility,14310,correct,verified,
solubility,14311,correct,verified,
solubility,14312,correct,verified,
solubility,14313,correct,verified,
solubility,14314,correct,verified,
solubility,14315,correct,verified,
solubility,14316,correct,verified,
solubility,14317,correct,verified,
solubility,14318,correct,verified,
solubility,14319,correct,verified,
solubility,14320,correct,verified,
solubility,14321,correct,verified,
solubility,14322,correct,verified,
solubility,14323,correct,verified,
solubility,14324,correct,verified,
solubility,14325,correct,verified,
solubility,14326,correct,verified,
solubility,14327,correct,verified,
solubility,14328,correct,verified,
solubility,14329,correct,verified,
solubility,14330,correct,verified,
solubility,14331,correct,verified,
solubility,14332,correct,verified,
solubility,14333,correct,verified,
solubility,14334,correct,verified,
solubility,14335,correct,verified,
solubility,14336,correct,verified,
solubility,14337,correct,verified,
solubility,14338,correct,verified,
solubility,14339,correct,verified,
solubility,14340,correct,verified,
solubility,14341,correct,verified,
solubility,14342,correct,verified,
solubility,14343,correct,verified,
solubility,14344,correct,verified,
solubility,14345,correct,verified,
solubility,14346,correct,verified,
solubility,14347,correct,verified,
solubility,14348,correct,verified,
solubility,14349,correct,verified,
solubility,14350,correct,verified,
solubility,14351,correct,verified,
solubility,14352,correct,verified,
solubility,14353,correct,verified,
solubility,14354,correct,verified,
solubility,14355,correct,verified,
solubility,14356,correct,verified,
solubility,14357,correct,verified,
solubility,14358,correct,verified,
solubility,14359,correct,verified,
solubility,14360,correct,verified,
solubility,14361,correct,verified,
solubility,14362,correct,verified,
solubility,14363,correct,verified,
solubility,14364,correct,verified,
solubility,14365,correct,verified,
solubility,14366,correct,verified,
solubility,14367,correct,verified,
solubility,14368,correct,verified,
solubility,14369,correct,verified,
solubility,14370,correct,verified,
solubility,14371,correct,verified,
solubility,14372,correct,verified,
solubility,14373,correct,verified,
solubility,14374,correct,verified,
solubility,14375,correct,verified,
solubility,14376,correct,verified,
solubility,14377,correct,verified,
solubility,14378,correct,verified,
solubility,14379,correct,verified,
solubility,14380,correct,verified,
solubility,14381,correct,verified,
solubility,14382,correct,verified,
solubility,14383,correct,verified,
solubility,14384,correct,verified,
solubility,14385,correct,verified,
solubility,14386,correct,verified,
solubility,14387,correct,verified,
solubility,14388,correct,verified,
solubility,14389,correct,verified,
solubility,14390,correct,verified,
solubility,14391,correct,verified,
solubility,14392,correct,verified,
solubility,14393,correct,verified,
solubility,14394,correct,verified,
solubility,14395,correct,verified,
solubility,14396,correct,verified,
solubility,14397,correct,verified,
solubility,14398,correct,verified,
solubility,14399,correct,verified,
solubility,14400,correct,verified,
solubility,14401,correct,verified,
solubility,14402,correct,verified,
solubility,14403,correct,verified,
solubility,14404,correct,verified,
solubility,14405,correct,verified,
solubility,14406,correct,verified,
solubility,14407,correct,verified,
solubility,14408,correct,verified,
solubility,14409,correct,verified,
solubility,14410,correct,verified,
solubility,14411,correct,verified,
solubility,14412,correct,verified,
solubility,14413,correct,verified,
solubility,14414,correct,verified,
solubility,14415,correct,corrected,
solubility,14416,correct,corrected,
solubility,14417,correct,corrected,
solubility,14418,correct,corrected,
solubility,14419,correct,corrected,
solubility,14420,correct,corrected,
solubility,14421,correct,corrected,
solubility,14422,correct,corrected,
solubility,14423,correct,corrected,
solubility,14424,correct,corrected,
solubility,14425,correct,corrected,
solubility,14426,correct,corrected,
solubility,14427,correct,corrected,
solubility,14428,correct,corrected,
solubility,14429,correct,corrected,
solubility,14430,correct,corrected,
solubility,14431,correct,corrected,
solubility,14432,correct,corrected,
solubility,14433,correct,corrected,
solubility,14434,correct,corrected,
solubility,14435,correct,verified,
solubility,14436,correct,verified,
solubility,14437,correct,verified,
solubility,14438,correct,verified,
solubility,14439,correct,verified,
solubility,14440,correct,verified,
solubility,14441,correct,verified,
solubility,14442,correct,verified,
solubility,14443,correct,verified,
solubility,14444,correct,verified,
solubility,14445,correct,verified,
solubility,14446,correct,verified,
solubility,14447,correct,verified,
solubility,14448,correct,verified,
solubility,14449,correct,verified,
solubility,14450,correct,verified,
solubility,14451,correct,verified,
solubility,14452,correct,verified,
solubility,14453,correct,verified,
solubility,14454,correct,verified,
solubility,14455,correct,verified,
solubility,14456,correct,verified,
solubility,14457,correct,verified,
solubility,14458,correct,verified,
solubility,14459,correct,verified,
solubility,14460,correct,verified,
solubility,14461,correct,verified,
solubility,14462,correct,verified,
solubility,14463,correct,verified,
solubility,14464,correct,verified,
solubility,14465,correct,verified,
solubility,14466,correct,verified,
solubility,14467,correct,verified,
solubility,14468,correct,verified,
solubility,14469,correct,verified,
solubility,14470,correct,verified,
solubility,14471,correct,verified,
solubility,14472,correct,verified,
solubility,14473,correct,verified,
solubility,14474,correct,verified,
solubility,14475,correct,verified,
solubility,14476,correct,verified,
solubility,14477,correct,verified,
solubility,14478,correct,verified,
solubility,14479,correct,verified,
solubility,14480,correct,verified,
solubility,14481,correct,verified,
solubility,14482,correct,verified,
solubility,14483,correct,verified,
solubility,14484,correct,verified,
solubility,14485,correct,verified,
solubility,14486,correct,verified,
solubility,14487,correct,verified,
solubility,14488,correct,verified,
solubility,14489,correct,verified,
solubility,14490,correct,verified,
solubility,14491,correct,verified,
solubility,14492,correct,verified,
solubility,14493,correct,verified,
solubility,14494,correct,verified,
solubility,14495,correct,verified,
solubility,14496,correct,verified,
solubility,14497,correct,verified,
solubility,14498,correct,verified,
solubility,14499,correct,verified,
solubility,14500,correct,verified,
solubility,14501,correct,verified,
solubility,14502,correct,verified,
solubility,14503,correct,verified,
solubility,14504,correct,verified,
solubility,14505,correct,verified,
solubility,14506,correct,verified,
solubility,14507,correct,verified,
solubility,14508,correct,verified,
solubility,14509,correct,verified,
solubility,14510,correct,verified,
solubility,14511,correct,verified,
solubility,14512,correct,verified,
solubility,14513,correct,verified,
solubility,14514,correct,verified,
solubility,14515,correct,verified,
solubility,14516,correct,verified,
solubility,14517,correct,verified,
solubility,14518,correct,verified,
solubility,14519,correct,verified,
solubility,14520,correct,verified,
solubility,14521,correct,verified,
solubility,14522,correct,verified,
solubility,14523,correct,verified,
solubility,14524,correct,verified,
solubility,14525,correct,verified,
solubility,14526,correct,verified,
solubility,14527,correct,verified,
solubility,14528,correct,verified,
solubility,14529,correct,verified,
solubility,14530,correct,verified,
solubility,14531,correct,verified,
solubility,14532,correct,verified,
solubility,14533,correct,verified,
solubility,14534,correct,verified,
solubility,14535,correct,verified,
solubility,14536,correct,verified,
solubility,14537,correct,verified,
solubility,14538,correct,verified,
solubility,14539,correct,verified,
solubility,14540,correct,verified,
solubility,14541,correct,verified,
solubility,14542,correct,verified,
solubility,14543,correct,verified,
solubility,14544,correct,verified,
solubility,14545,correct,verified,
solubility,14546,correct,verified,
solubility,14547,correct,verified,
solubility,14548,correct,verified,
solubility,14549,correct,verified,
solubility,14550,correct,verified,
solubility,14551,correct,verified,
solubility,14552,correct,verified,
solubility,14553,correct,verified,
solubility,14554,correct,verified,
solubility,14555,correct,verified,
solubility,14556,correct,verified,
solubility,14557,correct,verified,
solubility,14558,correct,verified,
solubility,14559,correct,verified,
solubility,14560,correct,verified,
solubility,14561,correct,verified,
solubility,14562,correct,verified,
solubility,14563,correct,verified,
solubility,14564,correct,verified,
solubility,14565,correct,verified,
solubility,14566,correct,verified,
solubility,14567,correct,verified,
solubility,14568,correct,verified,
solubility,14569,correct,verified,
solubility,14570,correct,verified,
solubility,14571,correct,verified,
solubility,14572,correct,verified,
solubility,14573,correct,verified,
solubility,14574,correct,verified,
solubility,14575,correct,verified,
solubility,14576,correct,verified,
solubility,14577,correct,verified,
solubility,14578,correct,verified,
solubility,14579,correct,verified,
solubility,14580,correct,verified,
solubility,14581,correct,verified,
solubility,14582,correct,verified,
solubility,14583,correct,verified,
solubility,14584,correct,verified,
solubility,14585,correct,verified,
solubility,14586,correct,verified,
solubility,14587,correct,verified,
solubility,14588,correct,verified,
solubility,14589,correct,verified,
solubility,14590,correct,verified,
solubility,14591,correct,verified,
solubility,14592,correct,verified,
solubility,14593,correct,verified,
solubility,14594,correct,verified,
solubility,14595,correct,verified,
solubility,14596,correct,verified,
solubility,14597,correct,verified,
solubility,14598,correct,verified,
solubility,14599,correct,verified,
solubility,14600,correct,verified,
solubility,14601,correct,verified,
solubility,14602,correct,verified,
solubility,14603,correct,verified,
solubility,14604,correct,verified,
solubility,14605,correct,verified,
solubility,14606,correct,verified,
solubility,14607,correct,verified,
solubility,14608,correct,verified,
solubility,14609,correct,verified,
solubility,14610,correct,verified,
solubility,14611,correct,verified,
solubility,14612,correct,verified,
solubility,14613,correct,verified,
solubility,14614,correct,verified,
solubility,14615,correct,verified,
solubility,14616,correct,verified,
solubility,14617,correct,verified,
solubility,14618,correct,verified,
solubility,14619,correct,verified,
solubility,14620,correct,verified,
solubility,14621,correct,verified,
solubility,14622,correct,verified,
solubility,14623,correct,verified,
solubility,14624,correct,verified,
solubility,14625,correct,verified,
solubility,14626,correct,verified,
solubility,14627,correct,verified,
solubility,14628,correct,verified,
solubility,14629,correct,verified,
solubility,14630,correct,verified,
solubility,14631,correct,verified,
solubility,14632,correct,verified,
solubility,14633,correct,verified,
solubility,14634,correct,verified,
solubility,14635,correct,verified,
solubility,14636,correct,verified,
solubility,14637,correct,verified,
solubility,14638,correct,verified,
solubility,14639,correct,verified,
solubility,14640,correct,verified,
solubility,14641,correct,verified,
solubility,14642,correct,verified,
solubility,14643,correct,verified,
solubility,14644,correct,verified,
solubility,14645,correct,verified,
solubility,14646,correct,verified,
solubility,14647,correct,verified,
solubility,14648,correct,verified,
solubility,14649,correct,verified,
solubility,14650,correct,verified,
solubility,14651,correct,verified,
solubility,14652,correct,verified,
solubility,14653,correct,verified,
solubility,14654,correct,verified,
solubility,14655,correct,verified,
solubility,14656,correct,verified,
solubility,14657,correct,verified,
solubility,14658,correct,verified,
solubility,14659,correct,verified,
solubility,14660,correct,verified,
solubility,14661,correct,verified,
solubility,14662,correct,verified,
solubility,14663,correct,verified,
solubility,14664,correct,verified,
solubility,14665,correct,verified,
solubility,14666,correct,verified,
solubility,14667,correct,verified,
solubility,14668,correct,verified,
solubility,14669,correct,verified,
solubility,14670,correct,verified,
solubility,14671,correct,verified,
solubility,14672,correct,verified,
solubility,14673,correct,verified,
solubility,14674,correct,verified,
solubility,14675,correct,verified,
solubility,14676,correct,verified,
solubility,14677,correct,verified,
solubility,14678,correct,verified,
solubility,14679,correct,verified,
solubility,14680,correct,verified,
solubility,14681,correct,verified,
ternary,0,minor,corrected,state
ternary,1,minor,corrected,state
ternary,2,minor,corrected,state
ternary,3,minor,corrected,state
ternary,4,minor,corrected,state
ternary,5,minor,corrected,state
ternary,6,minor,corrected,state
ternary,7,minor,corrected,state
ternary,8,minor,corrected,state
ternary,9,minor,corrected,state
ternary,10,minor,corrected,state
ternary,11,minor,corrected,state
ternary,12,minor,corrected,state
ternary,13,minor,corrected,state
ternary,14,minor,corrected,state
ternary,15,minor,corrected,state
ternary,16,minor,corrected,state
ternary,17,minor,corrected,state
ternary,18,major,corrected,state
ternary,19,major,corrected,state
ternary,20,major,corrected,state
ternary,21,minor,corrected,state
ternary,22,minor,corrected,state
ternary,23,minor,corrected,state
ternary,24,minor,corrected,state
ternary,25,minor,corrected,state
ternary,26,minor,corrected,state
ternary,27,minor,corrected,state
ternary,28,minor,corrected,state
ternary,29,minor,corrected,state
ternary,30,minor,corrected,state
ternary,31,minor,corrected,state
ternary,32,minor,corrected,state
ternary,33,major,corrected,state
ternary,34,major,corrected,state
ternary,35,major,corrected,state
ternary,36,minor,corrected,state
ternary,37,minor,corrected,state
ternary,38,minor,corrected,state
ternary,39,minor,corrected,state
ternary,40,minor,corrected,state
ternary,41,minor,corrected,state
ternary,42,minor,corrected,state
ternary,43,minor,corrected,state
ternary,44,minor,corrected,state
ternary,45,minor,corrected,state
ternary,46,minor,corrected,state
ternary,47,minor,corrected,state
ternary,48,correct,verified,
ternary,49,correct,verified,
ternary,50,correct,verified,
ternary,51,correct,verified,
ternary,52,correct,verified,
ternary,53,correct,verified,
ternary,54,correct,verified,
ternary,55,correct,verified,
ternary,56,correct,verified,
ternary,57,correct,verified,
ternary,58,correct,verified,
ternary,59,correct,verified,
ternary,60,correct,verified,
ternary,61,correct,verified,
ternary,62,correct,verified,
ternary,63,correct,verified,
ternary,64,correct,verified,
ternary,65,correct,verified,
ternary,66,correct,verified,
ternary,67,correct,verified,
ternary,68,correct,verified,
ternary,69,correct,verified,
ternary,70,correct,verified,
ternary,71,correct,verified,
ternary,72,correct,verified,
ternary,73,correct,verified,
ternary,74,correct,verified,
ternary,75,minor,corrected,state
ternary,76,minor,corrected,state
ternary,77,minor,corrected,state
ternary,78,correct,verified,
ternary,79,correct,verified,
ternary,80,correct,verified,
ternary,81,correct,verified,
ternary,82,correct,verified,
ternary,83,correct,verified,
ternary,84,correct,verified,
ternary,85,correct,verified,
ternary,86,correct,verified,
ternary,87,correct,verified,
ternary,88,correct,verified,
ternary,89,correct,verified,
ternary,90,correct,verified,
ternary,91,correct,verified,
ternary,92,correct,verified,
thermo_brine,0,correct,verified,
thermo_brine,1,correct,verified,
thermo_brine,2,correct,verified,
thermo_brine,3,correct,verified,
thermo_brine,4,correct,verified,
thermo_brine,5,correct,verified,
thermo_brine,6,correct,verified,
thermo_brine,7,correct,verified,
thermo_brine,8,correct,verified,
thermo_brine,9,correct,verified,
thermo_brine,10,correct,verified,
thermo_brine,11,correct,verified,
thermo_brine,12,correct,verified,
thermo_brine,13,correct,verified,
thermo_brine,14,correct,verified,
thermo_brine,15,correct,verified,
thermo_brine,16,correct,verified,
thermo_brine,17,correct,verified,
thermo_brine,18,correct,verified,
thermo_brine,19,correct,verified,
thermo_brine,20,correct,verified,
thermo_brine,21,correct,verified,
thermo_brine,22,correct,verified,
thermo_brine,23,correct,verified,
thermo_brine,24,correct,verified,
thermo_brine,25,correct,verified,
thermo_brine,26,correct,verified,
thermo_brine,27,correct,verified,
thermo_brine,28,correct,verified,
thermo_brine,29,correct,verified,
thermo_brine,30,correct,verified,
thermo_brine,31,correct,verified,
thermo_brine,32,correct,verified,
thermo_brine,33,correct,verified,
thermo_brine,34,correct,verified,
thermo_brine,35,correct,verified,
thermo_brine,36,correct,verified,
thermo_brine,37,correct,verified,
thermo_brine,38,correct,verified,
thermo_brine,39,correct,verified,
thermo_brine,40,correct,verified,
thermo_brine,41,correct,verified,
thermo_brine,42,correct,verified,
thermo_brine,43,correct,verified,
thermo_brine,44,correct,verified,
thermo_brine,45,correct,verified,
thermo_brine,46,correct,verified,
thermo_brine,47,correct,verified,
thermo_brine,48,correct,verified,
thermo_brine,49,correct,verified,
thermo_brine,50,correct,verified,
thermo_brine,51,correct,verified,
thermo_brine,52,correct,verified,
thermo_brine,53,correct,verified,
thermo_brine,54,correct,verified,
thermo_brine,55,correct,verified,
thermo_brine,56,correct,verified,
thermo_brine,57,correct,verified,
thermo_brine,58,correct,verified,
thermo_brine,59,correct,verified,
thermo_brine,60,correct,verified,
thermo_brine,61,correct,verified,
thermo_brine,62,correct,verified,
thermo_brine,63,correct,verified,
thermo_brine,64,correct,verified,
thermo_brine,65,correct,verified,
thermo_brine,66,correct,verified,
thermo_brine,67,correct,verified,
thermo_brine,68,correct,verified,
thermo_brine,69,correct,verified,
thermo_brine,70,correct,verified,
thermo_brine,71,correct,verified,
thermo_brine,72,correct,verified,
thermo_brine,73,correct,verified,
thermo_brine,74,correct,verified,
thermo_brine,75,correct,verified,
thermo_brine,76,correct,verified,
thermo_brine,77,correct,verified,
thermo_brine,78,correct,verified,
thermo_brine,79,correct,verified,
thermo_brine,80,correct,verified,
thermo_brine,81,correct,verified,
thermo_brine,82,correct,verified,
thermo_brine,83,correct,verified,
thermo_brine,84,correct,verified,
thermo_brine,85,correct,verified,
thermo_brine,86,correct,verified,
thermo_brine,87,correct,verified,
thermo_brine,88,correct,verified,
thermo_brine,89,correct,verified,
thermo_brine,90,correct,verified,
thermo_brine,91,correct,verified,
thermo_brine,92,correct,verified,
thermo_brine,93,correct,verified,
thermo_brine,94,correct,verified,
thermo_brine,95,correct,verified,
thermo_brine,96,correct,verified,
thermo_brine,97,correct,verified,
thermo_brine,98,correct,verified,
thermo_brine,99,correct,verified,
thermo_brine,100,correct,verified,
thermo_brine,101,correct,verified,
thermo_brine,102,correct,verified,
thermo_brine,103,correct,verified,
thermo_brine,104,correct,verified,
thermo_brine,105,correct,verified,
thermo_brine,106,correct,verified,
thermo_brine,107,correct,verified,
thermo_brine,108,correct,verified,
thermo_brine,109,correct,verified,
thermo_brine,110,correct,verified,
thermo_brine,111,correct,verified,
thermo_brine,112,correct,verified,
thermo_brine,113,correct,verified,
thermo_brine,114,correct,verified,
thermo_brine,115,correct,verified,
thermo_brine,116,correct,verified,
thermo_brine,117,correct,verified,
thermo_brine,118,correct,verified,
thermo_brine,119,correct,verified,
thermo_brine,120,correct,verified,
thermo_brine,121,correct,verified,
thermo_brine,122,correct,verified,
thermo_brine,123,correct,verified,
thermo_brine,124,correct,verified,
thermo_brine,125,correct,verified,
thermo_brine,126,correct,verified,
thermo_brine,127,correct,verified,
thermo_brine,128,correct,verified,
thermo_brine,129,correct,verified,
thermo_brine,130,correct,verified,
thermo_brine,131,correct,verified,
thermo_brine,132,correct,verified,
thermo_brine,133,correct,verified,
thermo_brine,134,correct,verified,
thermo_brine,135,correct,verified,
thermo_brine,136,correct,verified,
thermo_brine,137,correct,verified,
thermo_brine,138,correct,verified,
thermo_brine,139,correct,verified,
thermo_brine,140,correct,verified,
thermo_brine,141,correct,verified,
thermo_brine,142,correct,verified,
thermo_brine,143,correct,verified,
thermo_brine,144,correct,verified,
thermo_brine,145,correct,verified,
thermo_brine,146,correct,verified,
thermo_brine,147,correct,verified,
thermo_brine,148,correct,verified,
thermo_brine,149,correct,verified,
thermo_brine,150,correct,verified,
thermo_brine,151,correct,verified,
thermo_brine,152,correct,verified,
thermo_brine,153,correct,verified,
thermo_brine,154,correct,verified,
thermo_brine,155,correct,verified,
thermo_brine,156,correct,verified,
thermo_brine,157,correct,verified,
thermo_brine,158,correct,verified,
thermo_brine,159,correct,verified,
thermo_brine,160,correct,verified,
thermo_brine,161,correct,verified,
thermo_brine,162,correct,verified,
thermo_brine,163,correct,verified,
thermo_brine,164,correct,verified,
thermo_brine,165,correct,verified,
thermo_brine,166,correct,verified,
thermo_brine,167,correct,verified,
thermo_brine,168,correct,verified,
thermo_brine,169,correct,verified,
thermo_brine,170,correct,verified,
thermo_brine,171,correct,verified,
thermo_brine,172,correct,verified,
thermo_brine,173,correct,verified,
thermo_brine,174,correct,verified,
thermo_brine,175,correct,verified,
thermo_brine,176,correct,verified,
thermo_brine,177,correct,verified,
thermo_brine,178,correct,verified,
thermo_brine,179,correct,verified,
thermo_brine,180,correct,verified,
thermo_brine,181,correct,verified,
thermo_brine,182,correct,verified,
thermo_brine,183,correct,verified,
thermo_brine,184,correct,verified,
thermo_brine,185,correct,verified,
thermo_brine,186,correct,verified,
thermo_brine,187,correct,verified,
thermo_brine,188,correct,verified,
thermo_brine,189,correct,verified,
thermo_brine,190,correct,verified,
thermo_brine,191,correct,verified,
thermo_brine,192,correct,verified,
thermo_brine,193,correct,verified,
thermo_brine,194,correct,verified,
thermo_brine,195,correct,verified,
thermo_brine,196,correct,verified,
thermo_brine,197,correct,verified,
thermo_brine,198,correct,verified,
thermo_brine,199,correct,verified,
thermo_brine,200,correct,verified,
thermo_brine,201,correct,verified,
thermo_brine,202,correct,verified,
thermo_brine,203,correct,verified,
thermo_brine,204,correct,verified,
thermo_brine,205,correct,verified,
thermo_brine,206,correct,verified,
thermo_brine,207,correct,verified,
thermo_brine,208,correct,verified,
thermo_brine,209,correct,verified,
thermo_brine,210,correct,verified,
thermo_brine,211,correct,verified,
thermo_brine,212,correct,verified,
thermo_brine,213,correct,verified,
thermo_brine,214,correct,verified,
thermo_brine,215,correct,verified,
thermo_brine,216,correct,verified,
thermo_brine,217,correct,verified,
thermo_brine,218,correct,verified,
thermo_brine,219,correct,verified,
thermo_brine,220,correct,verified,
thermo_brine,221,correct,verified,
thermo_brine,222,correct,verified,
thermo_brine,223,correct,verified,
thermo_brine,224,correct,verified,
thermo_brine,225,correct,verified,
thermo_brine,226,correct,verified,
thermo_brine,227,correct,verified,
thermo_brine,228,correct,verified,
thermo_brine,229,correct,verified,
thermo_brine,230,correct,verified,
thermo_brine,231,correct,verified,
thermo_brine,232,correct,verified,
thermo_brine,233,correct,verified,
thermo_brine,234,correct,verified,
thermo_brine,235,correct,verified,
thermo_brine,236,correct,verified,
thermo_brine,237,correct,verified,
thermo_brine,238,correct,verified,
thermo_brine,239,correct,verified,
thermo_brine,240,correct,verified,
thermo_brine,241,correct,verified,
thermo_brine,242,correct,verified,
thermo_brine,243,correct,verified,
thermo_brine,244,correct,verified,
thermo_brine,245,correct,verified,
thermo_brine,246,correct,verified,
thermo_brine,247,correct,verified,
thermo_brine,248,correct,verified,
thermo_brine,249,correct,verified,
thermo_brine,250,correct,verified,
thermo_brine,251,correct,verified,
thermo_brine,252,correct,verified,
thermo_brine,253,correct,verified,
thermo_brine,254,correct,verified,
thermo_brine,255,correct,verified,
thermo_brine,256,correct,verified,
thermo_brine,257,correct,verified,
thermo_brine,258,correct,verified,
thermo_brine,259,correct,verified,
thermo_brine,260,correct,verified,
thermo_brine,261,correct,verified,
thermo_brine,262,correct,verified,
thermo_brine,263,correct,verified,
thermo_brine,264,correct,verified,
thermo_brine,265,correct,verified,
thermo_brine,266,correct,verified,
thermo_brine,267,correct,verified,
thermo_brine,268,correct,verified,
thermo_brine,269,correct,verified,
thermo_brine,270,correct,verified,
thermo_brine,271,correct,verified,
thermo_brine,272,correct,verified,
thermo_brine,273,correct,verified,
thermo_brine,274,correct,verified,
thermo_brine,275,correct,verified,
thermo_brine,276,correct,verified,
thermo_brine,277,correct,verified,
thermo_brine,278,correct,verified,
thermo_brine,279,correct,verified,
thermo_brine,280,correct,verified,
thermo_brine,281,correct,verified,
thermo_brine,282,correct,verified,
thermo_brine,283,correct,verified,
thermo_brine,284,correct,verified,
thermo_brine,285,correct,verified,
thermo_brine,286,correct,verified,
thermo_brine,287,correct,verified,
thermo_brine,288,correct,verified,
thermo_brine,289,correct,verified,
thermo_brine,290,correct,verified,
thermo_brine,291,correct,verified,
thermo_brine,292,correct,verified,
thermo_brine,293,correct,verified,
thermo_brine,294,correct,verified,
thermo_brine,295,correct,verified,
thermo_brine,296,correct,verified,
thermo_brine,297,correct,verified,
thermo_brine,298,correct,verified,
thermo_brine,299,correct,verified,
thermo_brine,300,correct,verified,
thermo_brine,301,correct,verified,
thermo_brine,302,correct,verified,
thermo_brine,303,correct,verified,
thermo_brine,304,correct,verified,
thermo_brine,305,correct,verified,
thermo_brine,306,correct,verified,
thermo_brine,307,correct,verified,
thermo_brine,308,correct,verified,
thermo_brine,309,correct,verified,
thermo_brine,310,correct,verified,
thermo_brine,311,correct,verified,
thermo_brine,312,correct,verified,
thermo_brine,313,correct,verified,
thermo_brine,314,correct,verified,
thermo_brine,315,correct,verified,
thermo_brine,316,correct,verified,
thermo_brine,317,correct,verified,
thermo_brine,318,correct,verified,
thermo_brine,319,correct,verified,
thermo_brine,320,correct,verified,
thermo_brine,321,correct,verified,
thermo_brine,322,correct,verified,
thermo_brine,323,correct,verified,
thermo_brine,324,correct,verified,
thermo_brine,325,correct,verified,
thermo_brine,326,correct,verified,
thermo_brine,327,correct,verified,
thermo_brine,328,correct,verified,
thermo_brine,329,correct,verified,
thermo_brine,330,correct,verified,
thermo_brine,331,correct,verified,
thermo_brine,332,correct,verified,
thermo_brine,333,correct,verified,
thermo_brine,334,correct,verified,
thermo_brine,335,correct,verified,
thermo_brine,336,correct,verified,
thermo_brine,337,correct,verified,
thermo_brine,338,correct,verified,
thermo_brine,339,correct,verified,
thermo_brine,340,correct,verified,
thermo_brine,341,correct,verified,
thermo_brine,342,correct,verified,
thermo_brine,343,correct,verified,
thermo_brine,344,correct,verified,
thermo_brine,345,correct,verified,
thermo_brine,346,correct,verified,
thermo_brine,347,correct,verified,
thermo_brine,348,correct,verified,
thermo_brine,349,correct,verified,
thermo_brine,350,correct,verified,
thermo_brine,351,correct,verified,
thermo_brine,352,correct,verified,
thermo_brine,353,correct,verified,
thermo_brine,354,correct,verified,
thermo_brine,355,correct,verified,
thermo_brine,356,correct,verified,
thermo_brine,357,correct,verified,
thermo_brine,358,correct,verified,
thermo_brine,359,correct,verified,
thermo_brine,360,correct,verified,
thermo_brine,361,correct,verified,
thermo_brine,362,correct,verified,
thermo_brine,363,correct,verified,
thermo_brine,364,correct,verified,
thermo_brine,365,correct,verified,
thermo_brine,366,correct,verified,
thermo_brine,367,correct,verified,
thermo_brine,368,correct,verified,
thermo_brine,369,correct,verified,
thermo_brine,370,correct,verified,
thermo_brine,371,correct,verified,
thermo_brine,372,correct,verified,
thermo_brine,373,correct,verified,
thermo_brine,374,correct,verified,
thermo_brine,375,correct,verified,
thermo_brine,376,correct,verified,
thermo_brine,377,correct,verified,
thermo_brine,378,correct,verified,
thermo_brine,379,correct,verified,
thermo_brine,380,correct,verified,
thermo_brine,381,correct,verified,
thermo_brine,382,correct,verified,
thermo_brine,383,correct,verified,
thermo_brine,384,correct,verified,
thermo_brine,385,correct,verified,
thermo_brine,386,correct,verified,
thermo_brine,387,correct,verified,
thermo_brine,388,correct,verified,
thermo_brine,389,correct,verified,
thermo_brine,390,correct,verified,
thermo_brine,391,correct,verified,
thermo_brine,392,correct,verified,
thermo_brine,393,correct,verified,
thermo_brine,394,correct,verified,
thermo_brine,395,correct,verified,
thermo_brine,396,correct,verified,
thermo_brine,397,correct,verified,
thermo_brine,398,correct,verified,
thermo_brine,399,correct,verified,
thermo_brine,400,correct,verified,
thermo_brine,401,correct,verified,
thermo_brine,402,correct,verified,
thermo_brine,403,correct,verified,
thermo_brine,404,correct,verified,
thermo_brine,405,correct,verified,
thermo_brine,406,correct,verified,
thermo_brine,407,correct,verified,
thermo_brine,408,correct,verified,
thermo_brine,409,correct,verified,
thermo_brine,410,correct,verified,
thermo_brine,411,correct,verified,
thermo_brine,412,correct,verified,
thermo_brine,413,correct,verified,
thermo_brine,414,correct,verified,
thermo_brine,415,correct,verified,
thermo_brine,416,correct,verified,
thermo_brine,417,correct,verified,
thermo_brine,418,correct,verified,
thermo_brine,419,correct,verified,
thermo_brine,420,correct,verified,
thermo_brine,421,correct,verified,
thermo_brine,422,correct,verified,
thermo_brine,423,correct,verified,
thermo_brine,424,correct,verified,
thermo_brine,425,correct,verified,
thermo_brine,426,correct,verified,
thermo_brine,427,correct,verified,
thermo_brine,428,correct,verified,
thermo_brine,429,correct,verified,
thermo_brine,430,correct,verified,
thermo_brine,431,correct,verified,
thermo_brine,432,correct,verified,
thermo_brine,433,correct,verified,
thermo_brine,434,correct,verified,
thermo_brine,435,correct,verified,
thermo_brine,436,correct,verified,
thermo_brine,437,correct,verified,
thermo_brine,438,correct,verified,
thermo_brine,439,correct,verified,
thermo_brine,440,correct,verified,
thermo_brine,441,correct,verified,
thermo_brine,442,correct,verified,
thermo_brine,443,correct,verified,
thermo_brine,444,correct,verified,
thermo_brine,445,correct,verified,
thermo_brine,446,correct,verified,
thermo_brine,447,correct,verified,
thermo_brine,448,correct,verified,
thermo_brine,449,correct,verified,
thermo_brine,450,correct,verified,
thermo_brine,451,correct,verified,
thermo_brine,452,correct,verified,
thermo_brine,453,correct,verified,
thermo_brine,454,correct,verified,
thermo_brine,455,correct,verified,
thermo_brine,456,correct,verified,
thermo_brine,457,correct,verified,
thermo_brine,458,correct,verified,
thermo_brine,459,correct,verified,
thermo_brine,460,correct,verified,
thermo_brine,461,correct,verified,
thermo_brine,462,correct,verified,
thermo_brine,463,correct,verified,
thermo_brine,464,correct,verified,
thermo_brine,465,correct,verified,
thermo_brine,466,correct,verified,
thermo_brine,467,correct,verified,
thermo_brine,468,correct,verified,
thermo_brine,469,correct,verified,
thermo_brine,470,correct,verified,
thermo_brine,471,correct,verified,
thermo_brine,472,correct,verified,
thermo_brine,473,correct,verified,
thermo_brine,474,correct,verified,
thermo_brine,475,correct,verified,
thermo_brine,476,correct,verified,
thermo_brine,477,correct,verified,
thermo_brine,478,correct,verified,
thermo_brine,479,correct,verified,
thermo_brine,480,correct,verified,
thermo_brine,481,correct,verified,
thermo_brine,482,correct,verified,
thermo_brine,483,correct,verified,
thermo_brine,484,correct,verified,
thermo_brine,485,correct,verified,
thermo_brine,486,correct,verified,
thermo_brine,487,correct,verified,
thermo_brine,488,correct,verified,
thermo_brine,489,correct,verified,
thermo_brine,490,correct,verified,
thermo_brine,491,correct,verified,
thermo_brine,492,correct,verified,
thermo_brine,493,correct,verified,
thermo_brine,494,correct,verified,
thermo_brine,495,correct,verified,
thermo_brine,496,correct,verified,
thermo_brine,497,correct,verified,
thermo_brine,498,correct,verified,
thermo_brine,499,correct,verified,
thermo_brine,500,correct,verified,
thermo_brine,501,correct,verified,
thermo_brine,502,correct,verified,
thermo_brine,503,correct,verified,
thermo_brine,504,correct,verified,
thermo_brine,505,correct,verified,
thermo_brine,506,correct,verified,
thermo_brine,507,correct,verified,
thermo_brine,508,correct,verified,
thermo_brine,509,correct,verified,
thermo_brine,510,correct,verified,
thermo_brine,511,correct,verified,
thermo_brine,512,correct,verified,
thermo_brine,513,correct,verified,
thermo_brine,514,correct,verified,
thermo_brine,515,correct,verified,
thermo_brine,516,correct,verified,
thermo_brine,517,correct,verified,
thermo_brine,518,correct,verified,
thermo_brine,519,correct,verified,
thermo_brine,520,correct,verified,
thermo_brine,521,correct,verified,
thermo_brine,522,correct,verified,
thermo_brine,523,correct,verified,
thermo_brine,524,correct,verified,
thermo_brine,525,correct,verified,
thermo_brine,526,correct,verified,
thermo_brine,527,correct,verified,
thermo_brine,528,correct,verified,
thermo_brine,529,correct,verified,
thermo_brine,530,correct,verified,
thermo_brine,531,correct,verified,
thermo_brine,532,correct,verified,
thermo_brine,533,correct,verified,
thermo_brine,534,correct,verified,
thermo_brine,535,correct,verified,
thermo_brine,536,correct,verified,
thermo_brine,537,correct,verified,
thermo_brine,538,correct,verified,
thermo_brine,539,correct,verified,
thermo_brine,540,correct,verified,
thermo_brine,541,correct,verified,
thermo_brine,542,correct,verified,
thermo_brine,543,correct,verified,
thermo_brine,544,correct,verified,
thermo_brine,545,correct,verified,
thermo_brine,546,correct,verified,
thermo_brine,547,correct,verified,
thermo_brine,548,correct,verified,
thermo_brine,549,correct,verified,
thermo_brine,550,correct,verified,
thermo_brine,551,correct,verified,
thermo_brine,552,correct,verified,
thermo_brine,553,correct,verified,
thermo_brine,554,correct,verified,
thermo_brine,555,correct,verified,
thermo_brine,556,correct,verified,
thermo_brine,557,correct,verified,
thermo_brine,558,correct,verified,
thermo_brine,559,correct,verified,
thermo_brine,560,correct,verified,
thermo_brine,561,correct,verified,
thermo_brine,562,correct,verified,
thermo_brine,563,correct,verified,
thermo_brine,564,correct,verified,
thermo_brine,565,correct,verified,
thermo_brine,566,correct,verified,
thermo_brine,567,correct,verified,
thermo_brine,568,correct,verified,
thermo_brine,569,correct,verified,
thermo_brine,570,correct,verified,
thermo_brine,571,correct,verified,
thermo_brine,572,correct,verified,
thermo_brine,573,correct,verified,
thermo_brine,574,correct,verified,
thermo_brine,575,correct,verified,
thermo_brine,576,correct,verified,
thermo_brine,577,correct,verified,
thermo_brine,578,correct,verified,
thermo_brine,579,correct,verified,
thermo_brine,580,correct,verified,
thermo_brine,581,correct,verified,
thermo_brine,582,correct,verified,
thermo_brine,583,correct,verified,
thermo_brine,584,correct,verified,
thermo_brine,585,correct,verified,
thermo_brine,586,correct,verified,
thermo_brine,587,correct,verified,
thermo_brine,588,correct,verified,
thermo_brine,589,correct,verified,
thermo_brine,590,correct,verified,
thermo_brine,591,correct,verified,
thermo_brine,592,correct,verified,
thermo_brine,593,correct,verified,
thermo_brine,594,correct,verified,
thermo_brine,595,correct,verified,
thermo_brine,596,correct,verified,
thermo_brine,597,correct,verified,
thermo_brine,598,correct,verified,
thermo_brine,599,correct,verified,
thermo_brine,600,correct,verified,
thermo_brine,601,correct,verified,
thermo_brine,602,correct,verified,
thermo_brine,603,correct,verified,
thermo_brine,604,correct,verified,
thermo_brine,605,correct,verified,
thermo_brine,606,correct,verified,
thermo_brine,607,correct,verified,
thermo_brine,608,correct,verified,
thermo_brine,609,correct,verified,
thermo_brine,610,correct,verified,
thermo_brine,611,correct,verified,
thermo_brine,612,correct,verified,
thermo_brine,613,correct,verified,
thermo_brine,614,correct,verified,
thermo_brine,615,correct,verified,
thermo_brine,616,correct,verified,
thermo_brine,617,correct,verified,
thermo_brine,618,correct,verified,
thermo_brine,619,correct,verified,
thermo_brine,620,correct,verified,
thermo_brine,621,correct,verified,
thermo_brine,622,correct,verified,
thermo_brine,623,correct,verified,
thermo_brine,624,correct,verified,
thermo_brine,625,correct,verified,
thermo_brine,626,correct,verified,
thermo_brine,627,correct,verified,
thermo_brine,628,correct,verified,
thermo_brine,629,correct,verified,
thermo_brine,630,correct,verified,
thermo_brine,631,correct,verified,
thermo_brine,632,correct,verified,
thermo_brine,633,correct,verified,
thermo_brine,634,correct,verified,
thermo_brine,635,correct,verified,
thermo_brine,636,correct,verified,
thermo_brine,637,correct,verified,
thermo_brine,638,correct,verified,
thermo_brine,639,correct,verified,
thermo_brine,640,correct,verified,
thermo_brine,641,correct,verified,
thermo_brine,642,correct,verified,
thermo_brine,643,correct,verified,
thermo_brine,644,correct,verified,
thermo_brine,645,correct,verified,
thermo_brine,646,correct,verified,
thermo_brine,647,correct,verified,
thermo_brine,648,correct,verified,
thermo_brine,649,correct,verified,
thermo_brine,650,correct,verified,
thermo_brine,651,correct,verified,
thermo_brine,652,correct,verified,
thermo_brine,653,correct,verified,
thermo_brine,654,correct,verified,
thermo_brine,655,correct,verified,
thermo_brine,656,correct,verified,
thermo_brine,657,correct,verified,
thermo_brine,658,correct,verified,
thermo_brine,659,correct,verified,
thermo_brine,660,correct,verified,
thermo_brine,661,correct,verified,
thermo_brine,662,correct,verified,
thermo_brine,663,correct,verified,
thermo_brine,664,correct,verified,
thermo_brine,665,correct,verified,
thermo_brine,666,correct,verified,
thermo_brine,667,correct,verified,
thermo_brine,668,correct,verified,
thermo_brine,669,correct,verified,
thermo_brine,670,correct,verified,
thermo_brine,671,correct,verified,
thermo_brine,672,correct,verified,
thermo_brine,673,correct,verified,
thermo_brine,674,correct,verified,
thermo_brine,675,correct,verified,
thermo_brine,676,correct,verified,
thermo_brine,677,correct,verified,
thermo_brine,678,correct,verified,
thermo_brine,679,correct,verified,
thermo_brine,680,correct,verified,
thermo_brine,681,correct,verified,
thermo_brine,682,correct,verified,
thermo_brine,683,correct,verified,
thermo_brine,684,correct,verified,
thermo_brine,685,correct,verified,
thermo_brine,686,correct,verified,
thermo_brine,687,correct,verified,
thermo_brine,688,correct,verified,
thermo_brine,689,correct,verified,
thermo_brine,690,correct,verified,
thermo_brine,691,correct,verified,
visc,0,correct,verified,
visc,1,correct,verified,
visc,2,correct,verified,
visc,3,correct,verified,
visc,4,correct,verified,
visc,5,correct,verified,
visc,6,correct,verified,
visc,7,correct,verified,
visc,8,correct,verified,
visc,9,correct,verified,
visc,10,correct,verified,
visc,11,correct,verified,
visc,12,correct,verified,
visc,13,correct,verified,
visc,14,correct,verified,
visc,15,correct,verified,
visc,16,correct,verified,
visc,17,correct,verified,
visc,18,correct,verified,
visc,19,correct,verified,
visc,20,correct,verified,
visc,21,correct,verified,
visc,22,correct,verified,
visc,23,correct,verified,
visc,24,correct,verified,
visc,25,correct,verified,
visc,26,correct,verified,
visc,27,correct,verified,
visc,28,correct,verified,
visc,29,correct,verified,
visc,30,correct,verified,
visc,31,correct,verified,
visc,32,correct,verified,
visc,33,correct,verified,
visc,34,correct,verified,
visc,35,correct,verified,
visc,36,correct,verified,
visc,37,correct,verified,
visc,38,correct,verified,
visc,39,correct,verified,
visc,40,correct,verified,
visc,41,correct,verified,
visc,42,correct,verified,
visc,43,correct,verified,
visc,44,correct,verified,
visc,45,correct,verified,
visc,46,correct,verified,
visc,47,correct,verified,
visc,48,correct,verified,
visc,49,correct,verified,
visc,50,correct,verified,
visc,51,correct,verified,
visc,52,correct,verified,
visc,53,correct,verified,
visc,54,correct,verified,
visc,55,correct,verified,
visc,56,correct,verified,
visc,57,correct,verified,
visc,58,correct,verified,
visc,59,correct,verified,
visc,60,correct,verified,
visc,61,correct,verified,
visc,62,correct,verified,
visc,63,correct,verified,
visc,64,correct,verified,
visc,65,correct,verified,
visc,66,correct,verified,
visc,67,correct,verified,
visc,68,correct,verified,
visc,69,correct,verified,
visc,70,correct,verified,
visc,71,correct,verified,
visc,72,correct,verified,
visc,73,correct,verified,
visc,74,correct,verified,
visc,75,correct,verified,
visc,76,correct,verified,
visc,77,correct,verified,
visc,78,correct,verified,
visc,79,correct,verified,
visc,80,correct,verified,
visc,81,correct,verified,
visc,82,correct,verified,
visc,83,correct,verified,
visc,84,correct,verified,
y_h2o,0,correct,verified,
y_h2o,1,correct,verified,
y_h2o,2,correct,verified,
y_h2o,3,correct,verified,
y_h2o,4,correct,verified,
y_h2o,5,correct,verified,
y_h2o,6,correct,verified,
y_h2o,7,correct,verified,
y_h2o,8,correct,verified,
y_h2o,9,correct,verified,
y_h2o,10,correct,verified,
y_h2o,11,correct,verified,
y_h2o,12,correct,verified,
y_h2o,13,correct,verified,
y_h2o,14,correct,verified,
y_h2o,15,correct,verified,
y_h2o,16,correct,verified,
y_h2o,17,correct,verified,
y_h2o,18,correct,verified,
y_h2o,19,correct,verified,
y_h2o,20,correct,verified,
y_h2o,21,correct,verified,
y_h2o,22,correct,verified,
y_h2o,23,correct,verified,
y_h2o,24,correct,verified,
y_h2o,25,correct,verified,
y_h2o,26,correct,verified,
y_h2o,27,correct,verified,
y_h2o,28,correct,verified,
y_h2o,29,correct,verified,
y_h2o,30,correct,verified,
y_h2o,31,correct,verified,
y_h2o,32,correct,verified,
y_h2o,33,correct,verified,
y_h2o,34,correct,verified,
y_h2o,35,correct,verified,
y_h2o,36,correct,verified,
y_h2o,37,correct,verified,
y_h2o,38,correct,verified,
y_h2o,39,correct,verified,
y_h2o,40,correct,verified,
y_h2o,41,correct,verified,
y_h2o,42,correct,verified,
y_h2o,43,correct,verified,
y_h2o,44,correct,verified,
y_h2o,45,correct,verified,
y_h2o,46,correct,verified,
y_h2o,47,correct,verified,
y_h2o,48,correct,verified,
y_h2o,49,correct,verified,
y_h2o,50,correct,verified,
y_h2o,51,correct,verified,
y_h2o,52,minor,corrected,state
y_h2o,53,minor,corrected,state
y_h2o,54,minor,corrected,state
y_h2o,55,minor,corrected,state
y_h2o,56,minor,corrected,state
y_h2o,57,minor,corrected,state
y_h2o,58,correct,verified,
y_h2o,59,minor,corrected,state
y_h2o,60,correct,verified,
y_h2o,61,correct,verified,
y_h2o,62,minor,corrected,state
y_h2o,63,minor,corrected,state
y_h2o,64,minor,corrected,state
y_h2o,65,minor,corrected,state
y_h2o,66,minor,corrected,state
y_h2o,67,minor,corrected,state
y_h2o,68,correct,verified,
y_h2o,69,minor,corrected,state
y_h2o,70,minor,corrected,state
y_h2o,71,correct,verified,
y_h2o,72,correct,verified,
y_h2o,73,correct,verified,
y_h2o,74,correct,verified,
y_h2o,75,correct,verified,
y_h2o,76,correct,verified,
y_h2o,77,correct,verified,
y_h2o,78,correct,verified,
y_h2o,79,correct,verified,
y_h2o,80,correct,verified,
y_h2o,81,correct,verified,
y_h2o,82,correct,verified,
y_h2o,83,correct,verified,
y_h2o,84,correct,verified,
y_h2o,85,correct,verified,
y_h2o,86,correct,verified,
y_h2o,87,correct,verified,
y_h2o,88,correct,verified,
y_h2o,89,correct,verified,
y_h2o,90,correct,verified,
y_h2o,91,correct,verified,
y_h2o,92,correct,verified,
y_h2o,93,correct,verified,
y_h2o,94,minor,corrected,conversion
y_h2o,95,minor,corrected,conversion
y_h2o,96,minor,corrected,conversion
y_h2o,97,minor,corrected,conversion
y_h2o,98,minor,corrected,conversion
y_h2o,99,minor,corrected,conversion
y_h2o,100,minor,corrected,conversion
y_h2o,101,minor,corrected,conversion
y_h2o,102,minor,corrected,conversion
y_h2o,103,minor,corrected,conversion
y_h2o,104,correct,verified,
y_h2o,105,correct,verified,
y_h2o,106,correct,verified,
y_h2o,107,correct,verified,
y_h2o,108,correct,verified,
y_h2o,109,correct,verified,
y_h2o,110,correct,verified,
y_h2o,111,correct,verified,
y_h2o,112,correct,verified,
y_h2o,113,minor,corrected,conversion
y_h2o,114,minor,corrected,conversion
y_h2o,115,minor,corrected,conversion
y_h2o,116,minor,corrected,conversion
y_h2o,117,minor,corrected,conversion
y_h2o,118,minor,corrected,conversion
y_h2o,119,minor,corrected,conversion
y_h2o,120,minor,corrected,conversion
y_h2o,121,minor,corrected,conversion
y_h2o,122,minor,corrected,conversion
y_h2o,123,minor,corrected,conversion
y_h2o,124,minor,corrected,transcription
y_h2o,125,minor,corrected,conversion
y_h2o,126,minor,corrected,conversion
y_h2o,127,minor,corrected,conversion
y_h2o,128,minor,corrected,conversion
y_h2o,129,minor,corrected,conversion
y_h2o,130,minor,corrected,conversion
y_h2o,131,minor,corrected,conversion
y_h2o,132,minor,corrected,conversion
y_h2o,133,minor,corrected,conversion
y_h2o,134,minor,corrected,conversion
y_h2o,135,minor,corrected,conversion
y_h2o,136,minor,corrected,conversion
y_h2o,137,minor,corrected,conversion
y_h2o,138,correct,verified,
y_h2o,139,correct,verified,
y_h2o,140,correct,verified,
y_h2o,141,correct,verified,
y_h2o,142,correct,verified,
y_h2o,143,correct,verified,
y_h2o,144,correct,verified,
y_h2o,145,correct,verified,
y_h2o,146,correct,verified,
y_h2o,147,correct,verified,
y_h2o,148,correct,verified,
y_h2o,149,minor,corrected,conversion
y_h2o,150,minor,corrected,conversion
y_h2o,151,minor,corrected,conversion
y_h2o,152,minor,corrected,conversion
y_h2o,153,minor,corrected,conversion
y_h2o,154,minor,corrected,conversion
y_h2o,155,minor,corrected,conversion
y_h2o,156,minor,corrected,conversion
y_h2o,157,minor,corrected,conversion
y_h2o,158,minor,corrected,conversion
y_h2o,159,minor,corrected,transcription
y_h2o,160,minor,corrected,conversion
y_h2o,161,minor,corrected,conversion
y_h2o,162,minor,corrected,conversion
y_h2o,163,minor,corrected,conversion
y_h2o,164,minor,corrected,conversion
y_h2o,165,minor,corrected,conversion
y_h2o,166,minor,corrected,conversion
y_h2o,167,minor,corrected,conversion
y_h2o,168,minor,corrected,conversion
y_h2o,169,minor,corrected,conversion
y_h2o,170,major,corrected,state
y_h2o,171,major,corrected,state
y_h2o,172,minor,corrected,state
y_h2o,173,major,corrected,state
y_h2o,174,minor,corrected,state
y_h2o,175,minor,corrected,state
y_h2o,176,minor,corrected,state
y_h2o,177,minor,corrected,state
y_h2o,178,minor,corrected,state
y_h2o,179,minor,corrected,state
y_h2o,180,minor,corrected,state
y_h2o,181,minor,corrected,state
y_h2o,182,minor,corrected,state
y_h2o,183,minor,corrected,state
y_h2o,184,minor,corrected,state
y_h2o,185,minor,corrected,state
y_h2o,186,minor,corrected,state
y_h2o,187,minor,corrected,state
y_h2o,188,minor,corrected,state
y_h2o,189,minor,corrected,state
y_h2o,190,minor,corrected,state
y_h2o,191,minor,corrected,state
y_h2o,192,minor,corrected,state
y_h2o,193,minor,corrected,state
y_h2o,194,minor,corrected,state
y_h2o,195,minor,corrected,state
y_h2o,196,minor,corrected,state
y_h2o,197,minor,corrected,state
y_h2o,198,minor,corrected,state
y_h2o,199,minor,corrected,state
y_h2o,200,minor,corrected,state
y_h2o,201,minor,corrected,state
y_h2o,202,minor,corrected,state
y_h2o,203,minor,corrected,state
y_h2o,204,minor,corrected,state
y_h2o,205,minor,corrected,state
y_h2o,206,minor,corrected,state
y_h2o,207,minor,corrected,state
y_h2o,208,minor,corrected,state
y_h2o,209,minor,corrected,state
y_h2o,210,minor,corrected,state
y_h2o,211,minor,corrected,state
y_h2o,212,minor,corrected,state
y_h2o,213,minor,corrected,state
y_h2o,214,minor,corrected,state
y_h2o,215,minor,corrected,state
y_h2o,216,minor,corrected,state
y_h2o,217,minor,corrected,state
y_h2o,218,minor,corrected,state
y_h2o,219,minor,corrected,state
y_h2o,220,correct,verified,
y_h2o,221,correct,verified,
y_h2o,222,correct,verified,
y_h2o,223,correct,verified,
y_h2o,224,correct,verified,
y_h2o,225,correct,verified,
y_h2o,226,correct,verified,
y_h2o,227,correct,verified,
y_h2o,228,correct,verified,
y_h2o,229,correct,verified,
y_h2o,230,correct,verified,
y_h2o,231,correct,verified,
y_h2o,232,correct,verified,
y_h2o,233,correct,verified,
y_h2o,234,correct,verified,
y_h2o,235,correct,verified,
y_h2o,236,correct,verified,
y_h2o,237,correct,verified,
y_h2o,238,correct,verified,
y_h2o,239,correct,verified,
y_h2o,240,correct,verified,
y_h2o,241,correct,verified,
y_h2o,242,correct,verified,
y_h2o,243,correct,verified,
y_h2o,244,correct,verified,
y_h2o,245,correct,verified,
y_h2o,246,correct,verified,
y_h2o,247,correct,verified,
y_h2o,248,correct,verified,
y_h2o,249,correct,verified,
y_h2o,250,correct,verified,
y_h2o,251,correct,verified,
y_h2o,252,correct,verified,
y_h2o,253,correct,verified,
y_h2o,254,correct,verified,
y_h2o,255,correct,verified,
y_h2o,256,correct,verified,
y_h2o,257,correct,verified,
y_h2o,258,correct,verified,
y_h2o,259,correct,verified,
y_h2o,260,correct,verified,
y_h2o,261,correct,verified,
y_h2o,262,correct,verified,
y_h2o,263,correct,verified,
y_h2o,264,correct,verified,
y_h2o,265,correct,verified,
y_h2o,266,correct,verified,
y_h2o,267,correct,verified,
y_h2o,268,correct,verified,
y_h2o,269,correct,verified,
y_h2o,270,correct,verified,
y_h2o,271,correct,verified,
y_h2o,272,correct,verified,
y_h2o,273,correct,verified,
y_h2o,274,correct,verified,
y_h2o,275,minor,corrected,conversion
y_h2o,276,minor,corrected,conversion
y_h2o,277,minor,corrected,conversion
y_h2o,278,minor,corrected,conversion
y_h2o,279,minor,corrected,conversion
y_h2o,280,minor,corrected,conversion
y_h2o,281,minor,corrected,conversion
y_h2o,282,minor,corrected,conversion
y_h2o,283,minor,corrected,conversion
y_h2o,284,minor,corrected,conversion
y_h2o,285,minor,corrected,conversion
y_h2o,286,minor,corrected,conversion
y_h2o,287,minor,corrected,conversion
y_h2o,288,minor,corrected,conversion
y_h2o,289,minor,corrected,conversion
y_h2o,290,minor,corrected,conversion
y_h2o,291,minor,corrected,conversion
y_h2o,292,minor,corrected,conversion
y_h2o,293,minor,corrected,conversion
y_h2o,294,minor,corrected,conversion
y_h2o,295,minor,corrected,conversion
y_h2o,296,minor,corrected,conversion
y_h2o,297,minor,corrected,conversion
y_h2o,298,minor,corrected,conversion
y_h2o,299,minor,corrected,conversion
y_h2o,300,minor,corrected,conversion
y_h2o,301,minor,corrected,conversion
y_h2o,302,minor,corrected,conversion
y_h2o,303,major,corrected,transcription
y_h2o,304,minor,corrected,transcription
y_h2o,305,minor,corrected,transcription
y_h2o,306,minor,corrected,transcription
y_h2o,307,minor,corrected,transcription
y_h2o,308,minor,corrected,transcription
y_h2o,309,minor,corrected,transcription
y_h2o,310,minor,corrected,transcription
y_h2o,311,minor,corrected,conversion
y_h2o,312,minor,corrected,conversion
y_h2o,313,minor,corrected,conversion
y_h2o,314,minor,corrected,state
y_h2o,315,minor,corrected,state
y_h2o,316,minor,corrected,state
y_h2o,317,minor,corrected,state
y_h2o,318,minor,corrected,conversion
y_h2o,319,minor,corrected,conversion
y_h2o,320,minor,corrected,conversion
y_h2o,321,minor,corrected,conversion
y_h2o,322,minor,corrected,conversion
y_h2o,323,minor,corrected,conversion
y_h2o,324,minor,corrected,conversion
y_h2o,325,minor,corrected,conversion
y_h2o,326,minor,corrected,conversion
y_h2o,327,minor,corrected,conversion
y_h2o,328,minor,corrected,conversion
y_h2o,329,minor,corrected,conversion
y_h2o,330,minor,corrected,conversion
y_h2o,331,minor,corrected,conversion
y_h2o,332,minor,corrected,conversion
y_h2o,333,minor,corrected,conversion
y_h2o,334,minor,corrected,conversion
y_h2o,335,minor,corrected,conversion
y_h2o,336,minor,corrected,conversion
y_h2o,337,minor,corrected,conversion
y_h2o,338,minor,corrected,conversion
y_h2o,339,minor,corrected,conversion
y_h2o,340,minor,corrected,conversion
y_h2o,341,minor,corrected,conversion
y_h2o,342,minor,corrected,conversion
y_h2o,343,minor,corrected,conversion
y_h2o,344,minor,corrected,conversion
y_h2o,345,minor,corrected,conversion
y_h2o,346,minor,corrected,conversion
y_h2o,347,minor,corrected,conversion
y_h2o,348,minor,corrected,conversion
y_h2o,349,minor,corrected,conversion
y_h2o,350,minor,corrected,conversion
y_h2o,351,minor,corrected,transcription
y_h2o,352,minor,corrected,transcription
y_h2o,353,minor,corrected,transcription
y_h2o,354,minor,corrected,transcription
y_h2o,355,minor,corrected,transcription
y_h2o,356,minor,corrected,transcription
y_h2o,357,minor,corrected,transcription
y_h2o,358,minor,corrected,transcription
y_h2o,359,minor,corrected,transcription
y_h2o,360,minor,corrected,transcription
y_h2o,361,minor,corrected,transcription
y_h2o,362,minor,corrected,transcription
y_h2o,363,minor,corrected,transcription
y_h2o,364,minor,corrected,transcription
y_h2o,365,minor,corrected,transcription
y_h2o,366,minor,corrected,transcription
y_h2o,367,minor,corrected,transcription
y_h2o,368,minor,corrected,transcription
y_h2o,369,minor,corrected,transcription
y_h2o,370,minor,corrected,transcription
y_h2o,371,minor,corrected,transcription
y_h2o,372,minor,corrected,transcription
y_h2o,373,minor,corrected,transcription
y_h2o,374,minor,corrected,transcription
y_h2o,375,minor,corrected,transcription
y_h2o,376,minor,corrected,transcription
y_h2o,377,minor,corrected,transcription
y_h2o,378,minor,corrected,transcription
y_h2o,379,minor,corrected,transcription
y_h2o,380,minor,corrected,transcription
y_h2o,381,minor,corrected,transcription
y_h2o,382,minor,corrected,transcription
y_h2o,383,minor,corrected,transcription
y_h2o,384,minor,corrected,transcription
y_h2o,385,minor,corrected,transcription
y_h2o,386,minor,corrected,transcription
y_h2o,387,minor,corrected,transcription
y_h2o,388,minor,corrected,transcription
y_h2o,389,minor,corrected,transcription
y_h2o,390,minor,corrected,transcription
y_h2o,391,minor,corrected,transcription
y_h2o,392,minor,corrected,state
y_h2o,393,minor,corrected,state
y_h2o,394,minor,corrected,state
y_h2o,395,minor,corrected,state
y_h2o,396,minor,corrected,state
y_h2o,397,minor,corrected,state
y_h2o,398,minor,corrected,state
y_h2o,399,minor,corrected,state
y_h2o,400,major,corrected,state
y_h2o,401,major,corrected,state
y_h2o,402,major,corrected,state
y_h2o,403,major,corrected,state
y_h2o,404,major,corrected,state
y_h2o,405,major,corrected,state
y_h2o,406,major,corrected,state
y_h2o,407,major,corrected,state
y_h2o,408,major,corrected,state
y_h2o,409,major,corrected,state
y_h2o,410,minor,corrected,state
y_h2o,411,minor,corrected,state
y_h2o,412,minor,corrected,state
y_h2o,413,minor,corrected,state
y_h2o,414,minor,corrected,state
y_h2o,415,minor,corrected,state
y_h2o,416,minor,corrected,state
y_h2o,417,minor,corrected,state
y_h2o,418,minor,corrected,state
y_h2o,419,minor,corrected,state
y_h2o,420,minor,corrected,state
y_h2o,421,minor,corrected,state
y_h2o,422,minor,corrected,state
y_h2o,423,minor,corrected,state
y_h2o,424,minor,corrected,state
y_h2o,425,minor,corrected,state
y_h2o,426,minor,corrected,state
y_h2o,427,minor,corrected,state
y_h2o,428,minor,corrected,state
y_h2o,429,minor,corrected,state
y_h2o,430,minor,corrected,state
y_h2o,431,minor,corrected,state
y_h2o,432,minor,corrected,state
y_h2o,433,minor,corrected,state
y_h2o,434,minor,corrected,state
y_h2o,435,minor,corrected,state
y_h2o,436,minor,corrected,state
y_h2o,437,minor,corrected,state
y_h2o,438,minor,corrected,state
y_h2o,439,minor,corrected,state
y_h2o,440,minor,corrected,state
y_h2o,441,minor,corrected,state
y_h2o,442,minor,corrected,state
y_h2o,443,minor,corrected,state
y_h2o,444,minor,corrected,state
y_h2o,445,minor,corrected,state
y_h2o,446,minor,corrected,state
y_h2o,447,minor,corrected,state
y_h2o,448,minor,corrected,state
y_h2o,449,minor,corrected,state
y_h2o,450,correct,verified,
y_h2o,451,correct,verified,
y_h2o,452,correct,verified,
y_h2o,453,correct,verified,
y_h2o,454,correct,verified,
y_h2o,455,correct,verified,
y_h2o,456,correct,verified,
y_h2o,457,correct,verified,
y_h2o,458,minor,corrected,conversion
y_h2o,459,minor,corrected,conversion
y_h2o,460,minor,corrected,conversion
y_h2o,461,minor,corrected,conversion
y_h2o,462,minor,corrected,conversion
y_h2o,463,minor,corrected,conversion
y_h2o,464,minor,corrected,conversion
y_h2o,465,minor,corrected,conversion
y_h2o,466,minor,corrected,conversion
y_h2o,467,minor,corrected,conversion
y_h2o,468,minor,corrected,conversion
y_h2o,469,minor,corrected,conversion
y_h2o,470,minor,corrected,conversion
y_h2o,471,minor,corrected,conversion
y_h2o,472,minor,corrected,conversion
y_h2o,473,minor,corrected,conversion
y_h2o,474,minor,corrected,conversion
y_h2o,475,minor,corrected,conversion
y_h2o,476,minor,corrected,conversion
y_h2o,477,minor,corrected,conversion
y_h2o,478,minor,corrected,conversion
y_h2o,479,minor,corrected,conversion
y_h2o,480,minor,corrected,conversion
y_h2o,481,minor,corrected,conversion
y_h2o,482,minor,corrected,conversion
y_h2o,483,minor,corrected,conversion
y_h2o,484,minor,corrected,conversion
y_h2o,485,minor,corrected,conversion
y_h2o,486,minor,corrected,conversion
y_h2o,487,minor,corrected,conversion
y_h2o,488,minor,corrected,conversion
y_h2o,489,minor,corrected,conversion
y_h2o,490,minor,corrected,conversion
y_h2o,491,minor,corrected,conversion
y_h2o,492,minor,corrected,conversion
y_h2o,493,minor,corrected,conversion
y_h2o,494,minor,corrected,conversion
y_h2o,495,minor,corrected,conversion
y_h2o,496,minor,corrected,conversion
y_h2o,497,minor,corrected,conversion
y_h2o,498,minor,corrected,conversion
y_h2o,499,minor,corrected,conversion
y_h2o,500,minor,corrected,conversion
y_h2o,501,minor,corrected,conversion
y_h2o,502,minor,corrected,conversion
y_h2o,503,minor,corrected,conversion
y_h2o,504,minor,corrected,conversion
y_h2o,505,minor,corrected,conversion
y_h2o,506,minor,corrected,conversion
y_h2o,507,minor,corrected,conversion
y_h2o,508,minor,corrected,conversion
y_h2o,509,minor,corrected,conversion
y_h2o,510,minor,corrected,conversion
y_h2o,511,minor,corrected,conversion
y_h2o,512,minor,corrected,conversion
y_h2o,513,minor,corrected,conversion
y_h2o,514,minor,corrected,conversion
y_h2o,515,minor,corrected,conversion
y_h2o,516,minor,corrected,conversion
y_h2o,517,minor,corrected,conversion
y_h2o,518,minor,corrected,conversion
y_h2o,519,minor,corrected,conversion
y_h2o,520,minor,corrected,conversion
y_h2o,521,minor,corrected,conversion
y_h2o,522,minor,corrected,conversion
y_h2o,523,minor,corrected,conversion
y_h2o,524,minor,corrected,conversion
y_h2o,525,minor,corrected,conversion
y_h2o,526,minor,corrected,conversion
y_h2o,527,minor,corrected,conversion
y_h2o,528,minor,corrected,conversion
y_h2o,529,minor,corrected,conversion
y_h2o,530,minor,corrected,conversion
y_h2o,531,minor,corrected,conversion
y_h2o,532,minor,corrected,conversion
y_h2o,533,minor,corrected,conversion
y_h2o,534,minor,corrected,conversion
y_h2o,535,minor,corrected,conversion
y_h2o,536,minor,corrected,conversion
y_h2o,537,minor,corrected,conversion
y_h2o,538,minor,corrected,conversion
y_h2o,539,minor,corrected,conversion
y_h2o,540,minor,corrected,conversion
y_h2o,541,minor,corrected,conversion
y_h2o,542,minor,corrected,conversion
y_h2o,543,minor,corrected,conversion
y_h2o,544,minor,corrected,conversion
y_h2o,545,minor,corrected,conversion
y_h2o,546,minor,corrected,conversion
y_h2o,547,minor,corrected,conversion
y_h2o,548,minor,corrected,conversion
y_h2o,549,minor,corrected,conversion
y_h2o,550,minor,corrected,conversion
y_h2o,551,minor,corrected,conversion
y_h2o,552,minor,corrected,conversion
y_h2o,553,minor,corrected,conversion
y_h2o,554,minor,corrected,conversion
y_h2o,555,minor,corrected,conversion
y_h2o,556,minor,corrected,conversion
y_h2o,557,minor,corrected,conversion
y_h2o,558,minor,corrected,conversion
y_h2o,559,minor,corrected,conversion
y_h2o,560,minor,corrected,conversion
y_h2o,561,minor,corrected,conversion
y_h2o,562,minor,corrected,conversion
y_h2o,563,minor,corrected,conversion
y_h2o,564,minor,corrected,conversion
y_h2o,565,minor,corrected,conversion
y_h2o,566,correct,corrected,
y_h2o,567,major,corrected,transcription
y_h2o,568,correct,corrected,
y_h2o,569,correct,corrected,
y_h2o,570,correct,corrected,
y_h2o,571,correct,corrected,
y_h2o,572,correct,corrected,
y_h2o,573,correct,corrected,
y_h2o,574,correct,corrected,
y_h2o,575,correct,corrected,
y_h2o,576,correct,corrected,
y_h2o,577,correct,corrected,
y_h2o,578,correct,corrected,
y_h2o,579,correct,corrected,
y_h2o,580,correct,corrected,
y_h2o,581,correct,corrected,
y_h2o,582,correct,corrected,
y_h2o,583,correct,corrected,
y_h2o,584,correct,corrected,
y_h2o,585,correct,corrected,
y_h2o,586,correct,corrected,
y_h2o,587,correct,corrected,
y_h2o,588,correct,corrected,
y_h2o,589,correct,corrected,
y_h2o,590,correct,corrected,
y_h2o,591,correct,corrected,
y_h2o,592,correct,corrected,
y_h2o,593,correct,corrected,
y_h2o,594,correct,corrected,
y_h2o,595,correct,corrected,
y_h2o,596,correct,corrected,
y_h2o,597,correct,corrected,
y_h2o,598,correct,corrected,
y_h2o,599,correct,corrected,
y_h2o,600,correct,corrected,
y_h2o,601,correct,corrected,
y_h2o,602,correct,corrected,
y_h2o,603,correct,corrected,
y_h2o,604,correct,corrected,
y_h2o,605,correct,corrected,
y_h2o,606,correct,corrected,
y_h2o,607,correct,corrected,
y_h2o,608,correct,corrected,
y_h2o,609,correct,corrected,
y_h2o,610,correct,corrected,
y_h2o,611,correct,corrected,
y_h2o,612,correct,corrected,
y_h2o,613,correct,corrected,
y_h2o,614,correct,corrected,
y_h2o,615,correct,corrected,
y_h2o,616,correct,corrected,
y_h2o,617,correct,corrected,
y_h2o,618,correct,corrected,
y_h2o,619,correct,corrected,
y_h2o,620,correct,corrected,
y_h2o,621,correct,corrected,
y_h2o,622,correct,corrected,
y_h2o,623,correct,corrected,
y_h2o,624,correct,corrected,
y_h2o,625,correct,corrected,
y_h2o,626,correct,corrected,
y_h2o,627,correct,corrected,
y_h2o,628,correct,corrected,
y_h2o,629,correct,corrected,
y_h2o,630,correct,corrected,
y_h2o,631,correct,corrected,
y_h2o,632,correct,corrected,
y_h2o,633,correct,corrected,
y_h2o,634,correct,corrected,
y_h2o,635,correct,corrected,
y_h2o,636,correct,corrected,
y_h2o,637,correct,corrected,
y_h2o,638,correct,corrected,
y_h2o,639,correct,corrected,
y_h2o,640,correct,corrected,
y_h2o,641,correct,corrected,
y_h2o,642,correct,corrected,
y_h2o,643,correct,corrected,
y_h2o,644,correct,corrected,
y_h2o,645,correct,corrected,
y_h2o,646,correct,corrected,
y_h2o,647,correct,corrected,
y_h2o,648,correct,corrected,
y_h2o,649,correct,corrected,
y_h2o,650,correct,corrected,
y_h2o,651,correct,corrected,
y_h2o,652,correct,corrected,
y_h2o,653,correct,corrected,
y_h2o,654,correct,corrected,
y_h2o,655,correct,corrected,
y_h2o,656,correct,corrected,
y_h2o,657,correct,corrected,
y_h2o,658,correct,corrected,
y_h2o,659,correct,corrected,
y_h2o,660,correct,corrected,
y_h2o,661,correct,corrected,
y_h2o,662,correct,corrected,
y_h2o,663,correct,corrected,
y_h2o,664,correct,corrected,
y_h2o,665,correct,corrected,
y_h2o,666,correct,corrected,
y_h2o,667,correct,corrected,
y_h2o,668,correct,corrected,
y_h2o,669,correct,corrected,
y_h2o,670,correct,corrected,
y_h2o,671,minor,corrected,temperature
y_h2o,672,minor,corrected,temperature
y_h2o,673,minor,corrected,temperature
y_h2o,674,minor,corrected,temperature
y_h2o,675,minor,corrected,temperature
y_h2o,676,minor,corrected,temperature
y_h2o,677,minor,corrected,temperature
y_h2o,678,minor,corrected,temperature
y_h2o,679,minor,corrected,temperature
y_h2o,680,minor,corrected,temperature
y_h2o,681,minor,corrected,temperature
y_h2o,682,major,corrected,transcription
y_h2o,683,major,corrected,transcription
y_h2o,684,major,corrected,transcription
y_h2o,685,major,corrected,transcription
y_h2o,686,major,corrected,transcription
y_h2o,687,minor,corrected,temperature
y_h2o,688,minor,corrected,temperature
y_h2o,689,minor,corrected,temperature
y_h2o,690,minor,corrected,temperature
y_h2o,691,minor,corrected,temperature
y_h2o,692,minor,corrected,temperature
y_h2o,693,minor,corrected,temperature
y_h2o,694,minor,corrected,temperature
y_h2o,695,minor,corrected,temperature
y_h2o,696,minor,corrected,temperature
y_h2o,697,minor,corrected,temperature
y_h2o,698,minor,corrected,temperature
y_h2o,699,minor,corrected,temperature
y_h2o,700,minor,corrected,temperature
y_h2o,701,minor,corrected,temperature
y_h2o,702,minor,corrected,temperature
y_h2o,703,minor,corrected,temperature
y_h2o,704,minor,corrected,state
y_h2o,705,minor,corrected,state
y_h2o,706,minor,corrected,state
y_h2o,707,minor,corrected,state
y_h2o,708,minor,corrected,state
y_h2o,709,minor,corrected,state
y_h2o,710,minor,corrected,state
y_h2o,711,minor,corrected,state
y_h2o,712,minor,corrected,state
y_h2o,713,minor,corrected,state
y_h2o,714,minor,corrected,state
y_h2o,715,minor,corrected,state
y_h2o,716,minor,corrected,state
y_h2o,717,minor,corrected,state
y_h2o,718,minor,corrected,state
y_h2o,719,minor,corrected,state
y_h2o,720,minor,corrected,state
y_h2o,721,minor,corrected,state
y_h2o,722,minor,corrected,state
y_h2o,723,minor,corrected,state
y_h2o,724,minor,corrected,state
y_h2o,725,minor,corrected,state
y_h2o,726,minor,corrected,state
y_h2o,727,minor,corrected,state
y_h2o,728,minor,corrected,state
y_h2o,729,minor,corrected,state
y_h2o,730,correct,verified,
y_h2o,731,correct,verified,
y_h2o,732,correct,verified,
y_h2o,733,correct,verified,
y_h2o,734,correct,verified,
y_h2o,735,correct,verified,
y_h2o,736,correct,verified,
y_h2o,737,correct,verified,
y_h2o,738,correct,verified,
y_h2o,739,correct,verified,
y_h2o,740,correct,verified,
y_h2o,741,correct,verified,
y_h2o,742,correct,verified,
y_h2o,743,correct,verified,
y_h2o,744,correct,verified,
y_h2o,745,correct,verified,
y_h2o,746,correct,verified,
y_h2o,747,correct,verified,
y_h2o,748,correct,verified,
y_h2o,749,correct,verified,
y_h2o,750,correct,verified,
y_h2o,751,correct,verified,
y_h2o,752,correct,verified,
y_h2o,753,correct,verified,
y_h2o,754,correct,verified,
y_h2o,755,correct,verified,
y_h2o,756,correct,verified,
y_h2o,757,correct,verified,
y_h2o,758,correct,verified,
y_h2o,759,correct,verified,
y_h2o,760,correct,verified,
y_h2o,761,correct,verified,
y_h2o,762,correct,verified,
y_h2o,763,correct,verified,
y_h2o,764,correct,verified,
y_h2o,765,correct,verified,
y_h2o,766,correct,verified,
y_h2o,767,correct,verified,
y_h2o,768,correct,verified,
y_h2o,769,correct,verified,
y_h2o,770,correct,verified,
y_h2o,771,correct,verified,
y_h2o,772,correct,verified,
y_h2o,773,correct,verified,
y_h2o,774,correct,verified,
y_h2o,775,correct,verified,
y_h2o,776,correct,verified,
y_h2o,777,correct,verified,
y_h2o,778,correct,verified,
y_h2o,779,correct,verified,
y_h2o,780,correct,verified,
y_h2o,781,correct,verified,
y_h2o,782,correct,verified,
y_h2o,783,correct,verified,
y_h2o,784,correct,verified,
y_h2o,785,correct,verified,
y_h2o,786,correct,verified,
y_h2o,787,correct,verified,
y_h2o,788,correct,verified,
y_h2o,789,correct,verified,
y_h2o,790,correct,verified,
y_h2o,791,correct,verified,
y_h2o,792,correct,verified,
y_h2o,793,correct,verified,
y_h2o,794,correct,verified,
y_h2o,795,correct,verified,
y_h2o,796,correct,verified,
y_h2o,797,correct,verified,
y_h2o,798,correct,verified,
y_h2o,799,correct,verified,
y_h2o,800,correct,verified,
y_h2o,801,correct,verified,
y_h2o,802,correct,verified,
y_h2o,803,correct,verified,
y_h2o,804,correct,verified,
y_h2o,805,correct,verified,
y_h2o,806,correct,verified,
y_h2o,807,correct,verified,
y_h2o,808,correct,verified,
y_h2o,809,correct,verified,
y_h2o,810,correct,verified,
y_h2o,811,correct,verified,
y_h2o,812,correct,verified,
y_h2o,813,correct,verified,
y_h2o,814,correct,verified,
y_h2o,815,correct,verified,
y_h2o,816,correct,verified,
y_h2o,817,correct,verified,
y_h2o,818,correct,verified,
y_h2o,819,correct,verified,
y_h2o,820,correct,verified,
y_h2o,821,correct,verified,
y_h2o,822,correct,verified,
y_h2o,823,correct,verified,
y_h2o,824,correct,verified,
y_h2o,825,correct,verified,
y_h2o,826,correct,verified,
y_h2o,827,correct,verified,
y_h2o,828,correct,verified,
y_h2o,829,correct,verified,
y_h2o,830,correct,verified,
y_h2o,831,correct,verified,
y_h2o,832,correct,verified,
y_h2o,833,correct,verified,
y_h2o,834,correct,verified,
y_h2o,835,correct,verified,
y_h2o,836,correct,verified,
y_h2o,837,correct,verified,
y_h2o,838,correct,verified,
y_h2o,839,correct,verified,
y_h2o,840,correct,verified,
y_h2o,841,correct,verified,
y_h2o,842,correct,verified,
y_h2o,843,correct,verified,
y_h2o,844,correct,verified,
y_h2o,845,correct,verified,
y_h2o,846,correct,verified,
y_h2o,847,correct,verified,
y_h2o,848,correct,verified,
y_h2o,849,correct,verified,
y_h2o,850,correct,verified,
y_h2o,851,correct,verified,
y_h2o,852,correct,verified,
y_h2o,853,correct,verified,
y_h2o,854,correct,verified,
y_h2o,855,correct,verified,
y_h2o,856,correct,verified,
y_h2o,857,correct,verified,
y_h2o,858,correct,verified,
y_h2o,859,correct,verified,
y_h2o,860,correct,verified,
y_h2o,861,correct,verified,
y_h2o,862,correct,verified,
y_h2o,863,correct,verified,
y_h2o,864,correct,verified,
y_h2o,865,correct,verified,
y_h2o,866,correct,verified,
y_h2o,867,correct,verified,
y_h2o,868,correct,verified,
y_h2o,869,correct,verified,
y_h2o,870,correct,verified,
y_h2o,871,correct,verified,
y_h2o,872,correct,verified,
y_h2o,873,correct,verified,
y_h2o,874,correct,verified,
y_h2o,875,correct,verified,
y_h2o,876,correct,verified,
y_h2o,877,correct,verified,
y_h2o,878,correct,verified,
y_h2o,879,correct,verified,
y_h2o,880,correct,verified,
y_h2o,881,correct,verified,
y_h2o,882,correct,verified,
y_h2o,883,correct,verified,
y_h2o,884,correct,verified,
y_h2o,885,correct,verified,
y_h2o,886,correct,verified,
y_h2o,887,correct,verified,
y_h2o,888,correct,verified,
y_h2o,889,correct,verified,
y_h2o,890,correct,verified,
y_h2o,891,correct,verified,
y_h2o,892,correct,verified,
y_h2o,893,correct,verified,
y_h2o,894,correct,verified,
y_h2o,895,correct,verified,
y_h2o,896,correct,verified,
y_h2o,897,correct,verified,
y_h2o,898,correct,verified,
y_h2o,899,correct,verified,
y_h2o,900,correct,verified,
y_h2o,901,correct,verified,
y_h2o,902,correct,verified,
y_h2o,903,correct,verified,
y_h2o,904,correct,verified,
y_h2o,905,correct,verified,
y_h2o,906,correct,verified,
y_h2o,907,correct,verified,
y_h2o,908,correct,verified,
y_h2o,909,correct,verified,
y_h2o,910,correct,verified,
y_h2o,911,correct,verified,
y_h2o,912,correct,verified,
y_h2o,913,correct,verified,
y_h2o,914,correct,verified,
y_h2o,915,correct,verified,
y_h2o,916,correct,verified,
y_h2o,917,correct,verified,
y_h2o,918,correct,verified,
y_h2o,919,correct,verified,
y_h2o,920,correct,verified,
y_h2o,921,correct,verified,
y_h2o,922,correct,verified,
y_h2o,923,correct,verified,
y_h2o,924,correct,verified,
y_h2o,925,correct,verified,
y_h2o,926,correct,verified,
y_h2o,927,correct,verified,
y_h2o,928,correct,verified,
y_h2o,929,correct,verified,
y_h2o,930,correct,verified,
y_h2o,931,correct,verified,
y_h2o,932,correct,verified,
y_h2o,933,correct,verified,
y_h2o,934,correct,verified,
y_h2o,935,correct,verified,
y_h2o,936,correct,verified,
y_h2o,937,correct,verified,
y_h2o,938,correct,verified,
y_h2o,939,correct,verified,
y_h2o,940,correct,verified,
y_h2o,941,correct,verified,
y_h2o,942,correct,verified,
y_h2o,943,correct,verified,
y_h2o,944,correct,verified,
y_h2o,945,correct,verified,
y_h2o,946,correct,verified,
y_h2o,947,correct,verified,
y_h2o,948,correct,verified,
y_h2o,949,correct,verified,
y_h2o,950,correct,verified,
y_h2o,951,correct,verified,
y_h2o,952,correct,verified,
y_h2o,953,correct,verified,
y_h2o,954,correct,verified,
y_h2o,955,correct,verified,
y_h2o,956,correct,verified,
y_h2o,957,correct,verified,
y_h2o,958,correct,verified,
y_h2o,959,correct,verified,
y_h2o,960,correct,verified,
y_h2o,961,correct,verified,
y_h2o,962,correct,verified,
y_h2o,963,correct,verified,
y_h2o,964,correct,verified,
y_h2o,965,correct,verified,
y_h2o,966,correct,verified,
y_h2o,967,correct,verified,
y_h2o,968,correct,verified,
y_h2o,969,correct,verified,
y_h2o,970,correct,verified,
y_h2o,971,correct,verified,
y_h2o,972,correct,verified,
y_h2o,973,correct,verified,
y_h2o,974,correct,verified,
y_h2o,975,correct,verified,
y_h2o,976,correct,verified,
y_h2o,977,correct,verified,
y_h2o,978,correct,verified,
y_h2o,979,correct,verified,
y_h2o,980,correct,verified,
y_h2o,981,correct,verified,
y_h2o,982,correct,verified,
y_h2o,983,correct,verified,
y_h2o,984,correct,verified,
y_h2o,985,correct,verified,
y_h2o,986,correct,verified,
y_h2o,987,correct,verified,
y_h2o,988,correct,verified,
y_h2o,989,correct,verified,
y_h2o,990,correct,verified,
y_h2o,991,correct,verified,
y_h2o,992,correct,verified,
y_h2o,993,correct,verified,
y_h2o,994,correct,verified,
y_h2o,995,correct,verified,
y_h2o,996,correct,verified,
y_h2o,997,correct,verified,
y_h2o,998,correct,verified,
y_h2o,999,correct,verified,
y_h2o,1000,correct,verified,
y_h2o,1001,correct,verified,
y_h2o,1002,correct,verified,
y_h2o,1003,correct,verified,
y_h2o,1004,correct,verified,
y_h2o,1005,correct,verified,
y_h2o,1006,correct,verified,
y_h2o,1007,correct,verified,
y_h2o,1008,correct,verified,
y_h2o,1009,correct,verified,
y_h2o,1010,correct,verified,
y_h2o,1011,correct,verified,
y_h2o,1012,correct,verified,
y_h2o,1013,correct,verified,
y_h2o,1014,correct,verified,
y_h2o,1015,correct,verified,
y_h2o,1016,correct,verified,
y_h2o,1017,correct,verified,
y_h2o,1018,correct,verified,
y_h2o,1019,correct,verified,
y_h2o,1020,correct,verified,
y_h2o,1021,correct,verified,
y_h2o,1022,correct,verified,
y_h2o,1023,correct,verified,
y_h2o,1024,correct,verified,
y_h2o,1025,correct,verified,
y_h2o,1026,correct,verified,
y_h2o,1027,correct,verified,
y_h2o,1028,correct,verified,
y_h2o,1029,correct,verified,
y_h2o,1030,correct,verified,
y_h2o,1031,correct,verified,
y_h2o,1032,correct,verified,
y_h2o,1033,correct,verified,
y_h2o,1034,correct,verified,
y_h2o,1035,correct,verified,
y_h2o,1036,correct,verified,
y_h2o,1037,correct,verified,
y_h2o,1038,correct,verified,
y_h2o,1039,correct,verified,
y_h2o,1040,correct,verified,
y_h2o,1041,correct,verified,
y_h2o,1042,correct,verified,
y_h2o,1043,correct,verified,
y_h2o,1044,correct,verified,
y_h2o,1045,correct,verified,
y_h2o,1046,correct,verified,
y_h2o,1047,correct,verified,
y_h2o,1048,correct,verified,
y_h2o,1049,correct,verified,
y_h2o,1050,correct,verified,
y_h2o,1051,correct,verified,
y_h2o,1052,correct,verified,
y_h2o,1053,correct,verified,
y_h2o,1054,correct,verified,
y_h2o,1055,correct,verified,
y_h2o,1056,correct,verified,
y_h2o,1057,correct,verified,
y_h2o,1058,correct,verified,
y_h2o,1059,correct,verified,
y_h2o,1060,correct,verified,
y_h2o,1061,correct,verified,
y_h2o,1062,correct,verified,
y_h2o,1063,correct,verified,
y_h2o,1064,correct,verified,
y_h2o,1065,correct,verified,
y_h2o,1066,correct,verified,
y_h2o,1067,correct,verified,
y_h2o,1068,correct,verified,
y_h2o,1069,correct,verified,
y_h2o,1070,correct,verified,
y_h2o,1071,correct,verified,
y_h2o,1072,correct,verified,
y_h2o,1073,correct,verified,
y_h2o,1074,correct,verified,
y_h2o,1075,correct,verified,
y_h2o,1076,correct,verified,
y_h2o,1077,correct,verified,
y_h2o,1078,correct,verified,
y_h2o,1079,correct,verified,
y_h2o,1080,correct,verified,
y_h2o,1081,correct,verified,
y_h2o,1082,correct,verified,
y_h2o,1083,correct,verified,
y_h2o,1084,correct,verified,
y_h2o,1085,correct,verified,
y_h2o,1086,correct,verified,
y_h2o,1087,correct,verified,
y_h2o,1088,correct,verified,
y_h2o,1089,correct,verified,
y_h2o,1090,correct,verified,
y_h2o,1091,correct,verified,
y_h2o,1092,correct,verified,
y_h2o,1093,correct,verified,
y_h2o,1094,correct,verified,
y_h2o,1095,correct,verified,
y_h2o,1096,correct,verified,
y_h2o,1097,correct,verified,
y_h2o,1098,correct,verified,
y_h2o,1099,correct,verified,
y_h2o,1100,correct,verified,
y_h2o,1101,correct,verified,
y_h2o,1102,correct,verified,
y_h2o,1103,correct,verified,
y_h2o,1104,correct,verified,
y_h2o,1105,correct,verified,
y_h2o,1106,correct,verified,
y_h2o,1107,correct,verified,
y_h2o,1108,correct,verified,
y_h2o,1109,correct,verified,
y_h2o,1110,correct,verified,
y_h2o,1111,correct,verified,
y_h2o,1112,correct,verified,
y_h2o,1113,correct,verified,
y_h2o,1114,correct,verified,
y_h2o,1115,correct,verified,
y_h2o,1116,correct,verified,
y_h2o,1117,correct,verified,
y_h2o,1118,correct,verified,
y_h2o,1119,correct,verified,
y_h2o,1120,correct,verified,
y_h2o,1121,correct,verified,
y_h2o,1122,correct,verified,
y_h2o,1123,correct,verified,
y_h2o,1124,correct,verified,
y_h2o,1125,correct,verified,
y_h2o,1126,correct,verified,
y_h2o,1127,correct,verified,
y_h2o,1128,correct,verified,
y_h2o,1129,correct,verified,
y_h2o,1130,correct,verified,
y_h2o,1131,correct,verified,
y_h2o,1132,correct,verified,
y_h2o,1133,correct,verified,
y_h2o,1134,correct,verified,
y_h2o,1135,correct,verified,
y_h2o,1136,correct,verified,
y_h2o,1137,correct,verified,
y_h2o,1138,correct,verified,
y_h2o,1139,correct,verified,
y_h2o,1140,correct,verified,
y_h2o,1141,correct,verified,
y_h2o,1142,correct,verified,
y_h2o,1143,correct,verified,
y_h2o,1144,correct,verified,
y_h2o,1145,correct,verified,
y_h2o,1146,correct,verified,
y_h2o,1147,correct,verified,
y_h2o,1148,correct,verified,
y_h2o,1149,correct,verified,
y_h2o,1150,correct,verified,
y_h2o,1151,correct,verified,
y_h2o,1152,correct,verified,
y_h2o,1153,correct,verified,
y_h2o,1154,correct,verified,
y_h2o,1155,correct,verified,
y_h2o,1156,correct,verified,
y_h2o,1157,correct,verified,
y_h2o,1158,correct,verified,
y_h2o,1159,correct,verified,
y_h2o,1160,correct,verified,
y_h2o,1161,correct,verified,
y_h2o,1162,correct,verified,
y_h2o,1163,correct,verified,
y_h2o,1164,correct,verified,
y_h2o,1165,correct,verified,
y_h2o,1166,correct,verified,
y_h2o,1167,correct,verified,
y_h2o,1168,correct,verified,
y_h2o,1169,correct,verified,
y_h2o,1170,correct,verified,
y_h2o,1171,correct,verified,
y_h2o,1172,correct,verified,
y_h2o,1173,correct,verified,
y_h2o,1174,correct,verified,
y_h2o,1175,correct,verified,
y_h2o,1176,correct,verified,
y_h2o,1177,correct,verified,
y_h2o,1178,correct,verified,
y_h2o,1179,correct,verified,
y_h2o,1180,correct,verified,
y_h2o,1181,correct,verified,
y_h2o,1182,correct,verified,
y_h2o,1183,correct,verified,
y_h2o,1184,correct,verified,
y_h2o,1185,correct,verified,
y_h2o,1186,correct,verified,
y_h2o,1187,correct,verified,
y_h2o,1188,correct,verified,
y_h2o,1189,correct,verified,
y_h2o,1190,correct,verified,
y_h2o,1191,correct,verified,
y_h2o,1192,correct,verified,
y_h2o,1193,correct,verified,
y_h2o,1194,correct,verified,
y_h2o,1195,correct,verified,
y_h2o,1196,correct,verified,
y_h2o,1197,correct,verified,
y_h2o,1198,correct,verified,
y_h2o,1199,correct,verified,
y_h2o,1200,correct,verified,
y_h2o,1201,correct,verified,
y_h2o,1202,correct,verified,
y_h2o,1203,correct,verified,
y_h2o,1204,correct,verified,
y_h2o,1205,correct,verified,
y_h2o,1206,correct,verified,
y_h2o,1207,correct,verified,
y_h2o,1208,correct,verified,
y_h2o,1209,correct,verified,
y_h2o,1210,correct,verified,
y_h2o,1211,correct,verified,
y_h2o,1212,correct,verified,
y_h2o,1213,correct,verified,
y_h2o,1214,correct,verified,
y_h2o,1215,correct,verified,
y_h2o,1216,correct,verified,
y_h2o,1217,correct,verified,
y_h2o,1218,correct,verified,
y_h2o,1219,correct,verified,
y_h2o,1220,correct,verified,
y_h2o,1221,correct,verified,
y_h2o,1222,correct,verified,
y_h2o,1223,correct,verified,
y_h2o,1224,correct,verified,
y_h2o,1225,correct,verified,
y_h2o,1226,correct,verified,
y_h2o,1227,correct,verified,
y_h2o,1228,correct,verified,
y_h2o,1229,correct,verified,
y_h2o,1230,correct,verified,
y_h2o,1231,correct,verified,
y_h2o,1232,correct,verified,
y_h2o,1233,correct,verified,
y_h2o,1234,correct,verified,
y_h2o,1235,correct,verified,
y_h2o,1236,correct,verified,
y_h2o,1237,correct,verified,
y_h2o,1238,correct,verified,
y_h2o,1239,correct,verified,
y_h2o,1240,correct,verified,
y_h2o,1241,correct,verified,
y_h2o,1242,correct,verified,
y_h2o,1243,correct,verified,
y_h2o,1244,correct,verified,
y_h2o,1245,correct,verified,
y_h2o,1246,correct,verified,
y_h2o,1247,correct,verified,
y_h2o,1248,correct,verified,
y_h2o,1249,correct,verified,
y_h2o,1250,correct,verified,
y_h2o,1251,correct,verified,
y_h2o,1252,correct,verified,
y_h2o,1253,correct,verified,
y_h2o,1254,correct,verified,
y_h2o,1255,correct,verified,
y_h2o,1256,correct,verified,
y_h2o,1257,correct,verified,
y_h2o,1258,correct,verified,
y_h2o,1259,correct,verified,
y_h2o,1260,correct,verified,
y_h2o,1261,correct,verified,
y_h2o,1262,correct,verified,
y_h2o,1263,correct,verified,
y_h2o,1264,correct,verified,
y_h2o,1265,correct,verified,
y_h2o,1266,correct,verified,
y_h2o,1267,correct,verified,
y_h2o,1268,correct,verified,
y_h2o,1269,correct,verified,
y_h2o,1270,correct,verified,
y_h2o,1271,correct,verified,
y_h2o,1272,correct,verified,
y_h2o,1273,correct,verified,
y_h2o,1274,correct,verified,
y_h2o,1275,correct,verified,
y_h2o,1276,correct,verified,
y_h2o,1277,correct,verified,
y_h2o,1278,correct,verified,
y_h2o,1279,correct,verified,
y_h2o,1280,correct,verified,
y_h2o,1281,correct,verified,
y_h2o,1282,correct,verified,
y_h2o,1283,correct,verified,
y_h2o,1284,correct,verified,
y_h2o,1285,correct,verified,
y_h2o,1286,correct,verified,
y_h2o,1287,correct,verified,
y_h2o,1288,correct,verified,
y_h2o,1289,correct,verified,
y_h2o,1290,correct,verified,
y_h2o,1291,correct,verified,
y_h2o,1292,correct,verified,
y_h2o,1293,correct,verified,
y_h2o,1294,correct,verified,
y_h2o,1295,correct,verified,
y_h2o,1296,correct,verified,
y_h2o,1297,correct,verified,
y_h2o,1298,correct,verified,
y_h2o,1299,correct,verified,
y_h2o,1300,correct,verified,
y_h2o,1301,correct,verified,
y_h2o,1302,correct,verified,
y_h2o,1303,correct,verified,
y_h2o,1304,correct,verified,
y_h2o,1305,correct,verified,
y_h2o,1306,correct,verified,
y_h2o,1307,correct,verified,
y_h2o,1308,correct,verified,
y_h2o,1309,correct,verified,
y_h2o,1310,correct,verified,
y_h2o,1311,correct,verified,
y_h2o,1312,correct,verified,
y_h2o,1313,correct,verified,
y_h2o,1314,correct,verified,
y_h2o,1315,correct,verified,
y_h2o,1316,correct,verified,
y_h2o,1317,correct,verified,
y_h2o,1318,correct,verified,
y_h2o,1319,correct,verified,
y_h2o,1320,correct,verified,
y_h2o,1321,correct,verified,
y_h2o,1322,correct,verified,
y_h2o,1323,correct,verified,
y_h2o,1324,correct,verified,
y_h2o,1325,correct,verified,
y_h2o,1326,correct,verified,
y_h2o,1327,correct,verified,
y_h2o,1328,correct,verified,
y_h2o,1329,correct,verified,
y_h2o,1330,correct,verified,
y_h2o,1331,correct,verified,
y_h2o,1332,correct,verified,
y_h2o,1333,correct,verified,
y_h2o,1334,correct,verified,
y_h2o,1335,correct,verified,
y_h2o,1336,correct,verified,
y_h2o,1337,correct,verified,
y_h2o,1338,correct,verified,
y_h2o,1339,correct,verified,
y_h2o,1340,correct,verified,
y_h2o,1341,correct,verified,
y_h2o,1342,correct,verified,
y_h2o,1343,correct,verified,
y_h2o,1344,correct,verified,
y_h2o,1345,correct,verified,
y_h2o,1346,correct,verified,
y_h2o,1347,correct,verified,
y_h2o,1348,correct,verified,
y_h2o,1349,correct,verified,
y_h2o,1350,correct,verified,
y_h2o,1351,correct,verified,
y_h2o,1352,correct,verified,
y_h2o,1353,correct,verified,
y_h2o,1354,correct,verified,
y_h2o,1355,correct,verified,
y_h2o,1356,correct,verified,
y_h2o,1357,correct,verified,
y_h2o,1358,correct,verified,
y_h2o,1359,correct,verified,
y_h2o,1360,correct,verified,
y_h2o,1361,correct,verified,
y_h2o,1362,correct,verified,
y_h2o,1363,correct,verified,
y_h2o,1364,correct,verified,
y_h2o,1365,correct,verified,
y_h2o,1366,correct,verified,
y_h2o,1367,correct,verified,
y_h2o,1368,correct,verified,
y_h2o,1369,correct,verified,
y_h2o,1370,correct,verified,
y_h2o,1371,correct,verified,
y_h2o,1372,correct,verified,
y_h2o,1373,correct,verified,
y_h2o,1374,correct,verified,
y_h2o,1375,correct,verified,
y_h2o,1376,correct,verified,
y_h2o,1377,correct,verified,
y_h2o,1378,correct,verified,
y_h2o,1379,correct,verified,
y_h2o,1380,correct,verified,
y_h2o,1381,correct,verified,
y_h2o,1382,correct,verified,
y_h2o,1383,correct,verified,
y_h2o,1384,correct,verified,
y_h2o,1385,correct,verified,
y_h2o,1386,correct,verified,
y_h2o,1387,correct,verified,
y_h2o,1388,correct,verified,
y_h2o,1389,correct,verified,
y_h2o,1390,correct,verified,
y_h2o,1391,correct,verified,
y_h2o,1392,correct,verified,
y_h2o,1393,correct,verified,
y_h2o,1394,correct,verified,
y_h2o,1395,correct,verified,
y_h2o,1396,correct,verified,
y_h2o,1397,correct,verified,
y_h2o,1398,correct,verified,
y_h2o,1399,correct,verified,
y_h2o,1400,correct,verified,
y_h2o,1401,correct,verified,
y_h2o,1402,correct,verified,
y_h2o,1403,correct,verified,
y_h2o,1404,correct,verified,
y_h2o,1405,correct,verified,
y_h2o,1406,correct,verified,
y_h2o,1407,correct,verified,
y_h2o,1408,correct,verified,
y_h2o,1409,correct,verified,
y_h2o,1410,correct,verified,
y_h2o,1411,correct,verified,
y_h2o,1412,correct,verified,
y_h2o,1413,correct,verified,
y_h2o,1414,correct,verified,
y_h2o,1415,correct,verified,
y_h2o,1416,correct,verified,
y_h2o,1417,correct,verified,
y_h2o,1418,correct,verified,
y_h2o,1419,correct,verified,
y_h2o,1420,correct,verified,
y_h2o,1421,correct,verified,
y_h2o,1422,correct,verified,
y_h2o,1423,correct,verified,
y_h2o,1424,correct,verified,
y_h2o,1425,correct,verified,
y_h2o,1426,correct,verified,
y_h2o,1427,correct,verified,
y_h2o,1428,correct,verified,
y_h2o,1429,correct,verified,
y_h2o,1430,correct,verified,
y_h2o,1431,correct,verified,
y_h2o,1432,correct,verified,
y_h2o,1433,correct,verified,
y_h2o,1434,correct,verified,
y_h2o,1435,correct,verified,
y_h2o,1436,correct,verified,
y_h2o,1437,correct,verified,
y_h2o,1438,correct,verified,
y_h2o,1439,correct,verified,
y_h2o,1440,correct,verified,
y_h2o,1441,correct,verified,
y_h2o,1442,correct,verified,
y_h2o,1443,correct,verified,
y_h2o,1444,correct,verified,
y_h2o,1445,correct,verified,
y_h2o,1446,correct,verified,
y_h2o,1447,correct,verified,
y_h2o,1448,correct,verified,
y_h2o,1449,correct,verified,
y_h2o,1450,correct,verified,
y_h2o,1451,correct,verified,
y_h2o,1452,correct,verified,
y_h2o,1453,correct,verified,
y_h2o,1454,correct,verified,
y_h2o,1455,correct,verified,
y_h2o,1456,correct,verified,
y_h2o,1457,correct,verified,
y_h2o,1458,correct,verified,
y_h2o,1459,correct,verified,
y_h2o,1460,correct,verified,
y_h2o,1461,correct,verified,
y_h2o,1462,correct,verified,
y_h2o,1463,correct,verified,
y_h2o,1464,correct,verified,
y_h2o,1465,correct,verified,
y_h2o,1466,correct,verified,
y_h2o,1467,correct,verified,
y_h2o,1468,correct,verified,
y_h2o,1469,correct,verified,
y_h2o,1470,correct,verified,
y_h2o,1471,correct,verified,
y_h2o,1472,correct,verified,
y_h2o,1473,correct,verified,
y_h2o,1474,correct,verified,
y_h2o,1475,correct,verified,
y_h2o,1476,correct,verified,
y_h2o,1477,correct,verified,
y_h2o,1478,correct,verified,
y_h2o,1479,correct,verified,
y_h2o,1480,correct,verified,
y_h2o,1481,correct,verified,
y_h2o,1482,correct,verified,
y_h2o,1483,correct,verified,
y_h2o,1484,correct,verified,
y_h2o,1485,correct,verified,
y_h2o,1486,correct,verified,
y_h2o,1487,correct,verified,
y_h2o,1488,correct,verified,
y_h2o,1489,correct,verified,
y_h2o,1490,correct,verified,
y_h2o,1491,correct,verified,
y_h2o,1492,correct,verified,
y_h2o,1493,correct,verified,
y_h2o,1494,correct,verified,
y_h2o,1495,correct,verified,
y_h2o,1496,correct,verified,
y_h2o,1497,correct,verified,
y_h2o,1498,correct,verified,
y_h2o,1499,correct,verified,
y_h2o,1500,correct,verified,
y_h2o,1501,correct,verified,
y_h2o,1502,correct,verified,
y_h2o,1503,correct,verified,
y_h2o,1504,correct,verified,
y_h2o,1505,correct,verified,
y_h2o,1506,correct,verified,
y_h2o,1507,correct,verified,
y_h2o,1508,correct,verified,
y_h2o,1509,correct,verified,
y_h2o,1510,correct,verified,
y_h2o,1511,correct,verified,
y_h2o,1512,correct,verified,
y_h2o,1513,correct,verified,
y_h2o,1514,correct,verified,
y_h2o,1515,correct,verified,
y_h2o,1516,correct,verified,
y_h2o,1517,correct,verified,
y_h2o,1518,correct,verified,
y_h2o,1519,correct,verified,
y_h2o,1520,correct,verified,
y_h2o,1521,correct,verified,
y_h2o,1522,correct,verified,
y_h2o,1523,correct,verified,
y_h2o,1524,correct,verified,
y_h2o,1525,correct,verified,
y_h2o,1526,correct,verified,
y_h2o,1527,correct,verified,
y_h2o,1528,correct,verified,
y_h2o,1529,correct,verified,
y_h2o,1530,correct,verified,
y_h2o,1531,correct,verified,
y_h2o,1532,correct,verified,
y_h2o,1533,correct,verified,
y_h2o,1534,correct,verified,
y_h2o,1535,correct,verified,
y_h2o,1536,correct,verified,
y_h2o,1537,correct,verified,
y_h2o,1538,correct,verified,
y_h2o,1539,correct,verified,
y_h2o,1540,correct,verified,
y_h2o,1541,correct,verified,
y_h2o,1542,correct,verified,
y_h2o,1543,correct,verified,
y_h2o,1544,correct,verified,
y_h2o,1545,correct,verified,
y_h2o,1546,correct,verified,
y_h2o,1547,correct,verified,
y_h2o,1548,correct,verified,
y_h2o,1549,correct,verified,
y_h2o,1550,correct,verified,
y_h2o,1551,correct,verified,
y_h2o,1552,correct,verified,
y_h2o,1553,correct,verified,
y_h2o,1554,correct,verified,
y_h2o,1555,correct,verified,
y_h2o,1556,correct,verified,
y_h2o,1557,correct,verified,
y_h2o,1558,correct,verified,
y_h2o,1559,correct,verified,
y_h2o,1560,correct,verified,
y_h2o,1561,correct,verified,
y_h2o,1562,correct,verified,
y_h2o,1563,correct,verified,
y_h2o,1564,correct,verified,
y_h2o,1565,correct,verified,
y_h2o,1566,correct,verified,
y_h2o,1567,correct,verified,
y_h2o,1568,correct,verified,
y_h2o,1569,correct,verified,
y_h2o,1570,correct,verified,
y_h2o,1571,correct,verified,
y_h2o,1572,correct,verified,
y_h2o,1573,correct,verified,
y_h2o,1574,correct,verified,
y_h2o,1575,correct,verified,
y_h2o,1576,correct,verified,
y_h2o,1577,correct,verified,
y_h2o,1578,correct,verified,
y_h2o,1579,correct,verified,
y_h2o,1580,correct,verified,
y_h2o,1581,correct,verified,
y_h2o,1582,correct,verified,
y_h2o,1583,correct,verified,
y_h2o,1584,correct,verified,
y_h2o,1585,correct,verified,
y_h2o,1586,correct,verified,
y_h2o,1587,correct,verified,
y_h2o,1588,correct,verified,
y_h2o,1589,correct,verified,
y_h2o,1590,correct,verified,
y_h2o,1591,correct,verified,
y_h2o,1592,correct,verified,
y_h2o,1593,correct,verified,
y_h2o,1594,correct,verified,
y_h2o,1595,correct,verified,
y_h2o,1596,correct,verified,
y_h2o,1597,correct,verified,
y_h2o,1598,correct,verified,
y_h2o,1599,correct,verified,
y_h2o,1600,correct,verified,
y_h2o,1601,correct,verified,
y_h2o,1602,correct,verified,
y_h2o,1603,correct,verified,
y_h2o,1604,correct,verified,
y_h2o,1605,correct,verified,
y_h2o,1606,correct,verified,
y_h2o,1607,correct,verified,
y_h2o,1608,correct,verified,
y_h2o,1609,correct,verified,
y_h2o,1610,correct,verified,
y_h2o,1611,correct,verified,
y_h2o,1612,correct,verified,
y_h2o,1613,correct,verified,
y_h2o,1614,correct,verified,
y_h2o,1615,correct,verified,
y_h2o,1616,correct,verified,
y_h2o,1617,correct,verified,
y_h2o,1618,correct,verified,
y_h2o,1619,correct,verified,
y_h2o,1620,correct,verified,
y_h2o,1621,correct,verified,
y_h2o,1622,correct,verified,
y_h2o,1623,correct,verified,
y_h2o,1624,correct,verified,
y_h2o,1625,correct,verified,
y_h2o,1626,correct,verified,
y_h2o,1627,correct,verified,
y_h2o,1628,correct,verified,
y_h2o,1629,correct,verified,
y_h2o,1630,correct,verified,
y_h2o,1631,correct,verified,
y_h2o,1632,correct,verified,
y_h2o,1633,correct,verified,
y_h2o,1634,correct,verified,
y_h2o,1635,correct,verified,
y_h2o,1636,correct,verified,
y_h2o,1637,correct,verified,
y_h2o,1638,correct,verified,
y_h2o,1639,correct,verified,
y_h2o,1640,correct,verified,
y_h2o,1641,correct,verified,
y_h2o,1642,correct,verified,
y_h2o,1643,correct,verified,
y_h2o,1644,correct,verified,
y_h2o,1645,correct,verified,
y_h2o,1646,correct,verified,
y_h2o,1647,correct,verified,
y_h2o,1648,correct,verified,
y_h2o,1649,correct,verified,
y_h2o,1650,correct,verified,
y_h2o,1651,correct,verified,
y_h2o,1652,correct,verified,
y_h2o,1653,correct,verified,
y_h2o,1654,correct,verified,
y_h2o,1655,correct,verified,
y_h2o,1656,correct,verified,
y_h2o,1657,correct,verified,
y_h2o,1658,correct,verified,
y_h2o,1659,correct,verified,
y_h2o,1660,correct,verified,
y_h2o,1661,correct,verified,
y_h2o,1662,correct,verified,
y_h2o,1663,correct,verified,
y_h2o,1664,correct,verified,
y_h2o,1665,correct,verified,
y_h2o,1666,correct,verified,
y_h2o,1667,correct,verified,
y_h2o,1668,correct,verified,
y_h2o,1669,correct,verified,
y_h2o,1670,correct,verified,
y_h2o,1671,correct,verified,
y_h2o,1672,correct,verified,
y_h2o,1673,correct,verified,
y_h2o,1674,correct,verified,
y_h2o,1675,correct,verified,
y_h2o,1676,correct,verified,
y_h2o,1677,correct,verified,
y_h2o,1678,correct,verified,
y_h2o,1679,correct,verified,
y_h2o,1680,correct,verified,
y_h2o,1681,correct,verified,
y_h2o,1682,correct,verified,
y_h2o,1683,correct,verified,
y_h2o,1684,correct,verified,
y_h2o,1685,correct,verified,
y_h2o,1686,correct,verified,
y_h2o,1687,correct,verified,
y_h2o,1688,correct,verified,
y_h2o,1689,correct,verified,
y_h2o,1690,correct,verified,
y_h2o,1691,correct,verified,
y_h2o,1692,correct,verified,
y_h2o,1693,correct,verified,
y_h2o,1694,correct,verified,
y_h2o,1695,correct,verified,
y_h2o,1696,correct,verified,
y_h2o,1697,correct,verified,
y_h2o,1698,correct,verified,
y_h2o,1699,correct,verified,
y_h2o,1700,correct,verified,
y_h2o,1701,correct,verified,
y_h2o,1702,correct,verified,
y_h2o,1703,correct,verified,
y_h2o,1704,correct,verified,
y_h2o,1705,correct,verified,
y_h2o,1706,correct,verified,
y_h2o,1707,correct,verified,
y_h2o,1708,correct,verified,
y_h2o,1709,correct,verified,
y_h2o,1710,correct,verified,
y_h2o,1711,correct,verified,
y_h2o,1712,correct,verified,
y_h2o,1713,correct,verified,
y_h2o,1714,correct,verified,
y_h2o,1715,correct,verified,
y_h2o,1716,correct,verified,
y_h2o,1717,correct,verified,
y_h2o,1718,correct,verified,
y_h2o,1719,correct,verified,
y_h2o,1720,correct,verified,
y_h2o,1721,correct,verified,
y_h2o,1722,correct,verified,
y_h2o,1723,correct,verified,
y_h2o,1724,correct,verified,
y_h2o,1725,correct,verified,
y_h2o,1726,correct,verified,
y_h2o,1727,correct,verified,
y_h2o,1728,correct,verified,
y_h2o,1729,correct,verified,
y_h2o,1730,correct,verified,
y_h2o,1731,correct,verified,
y_h2o,1732,correct,verified,
y_h2o,1733,correct,verified,
y_h2o,1734,correct,verified,
y_h2o,1735,correct,verified,
y_h2o,1736,correct,verified,
y_h2o,1737,correct,verified,
y_h2o,1738,correct,verified,
y_h2o,1739,correct,verified,
y_h2o,1740,correct,verified,
y_h2o,1741,correct,verified,
y_h2o,1742,correct,verified,
y_h2o,1743,correct,verified,
y_h2o,1744,correct,verified,
y_h2o,1745,correct,verified,
y_h2o,1746,correct,verified,
y_h2o,1747,correct,verified,
y_h2o,1748,correct,verified,
y_h2o,1749,correct,verified,
y_h2o,1750,correct,verified,
y_h2o,1751,correct,verified,
y_h2o,1752,correct,verified,
y_h2o,1753,correct,verified,
y_h2o,1754,correct,verified,
y_h2o,1755,correct,verified,
y_h2o,1756,correct,verified,
y_h2o,1757,correct,verified,
y_h2o,1758,correct,verified,
y_h2o,1759,correct,verified,
y_h2o,1760,correct,verified,
y_h2o,1761,correct,verified,
y_h2o,1762,correct,verified,
y_h2o,1763,correct,verified,
y_h2o,1764,correct,verified,
y_h2o,1765,correct,verified,
y_h2o,1766,correct,verified,
y_h2o,1767,correct,verified,
y_h2o,1768,correct,verified,
y_h2o,1769,correct,verified,
y_h2o,1770,correct,verified,
y_h2o,1771,correct,verified,
y_h2o,1772,correct,verified,
y_h2o,1773,correct,verified,
y_h2o,1774,correct,verified,
y_h2o,1775,correct,verified,
y_h2o,1776,correct,verified,
y_h2o,1777,correct,verified,
y_h2o,1778,correct,verified,
y_h2o,1779,correct,verified,
y_h2o,1780,correct,verified,
y_h2o,1781,correct,verified,
y_h2o,1782,correct,verified,
y_h2o,1783,correct,verified,
y_h2o,1784,correct,verified,
y_h2o,1785,correct,verified,
y_h2o,1786,correct,verified,
y_h2o,1787,correct,verified,
y_h2o,1788,correct,verified,
y_h2o,1789,correct,verified,
y_h2o,1790,correct,verified,
y_h2o,1791,correct,verified,
y_h2o,1792,correct,verified,
y_h2o,1793,correct,verified,
y_h2o,1794,correct,verified,
y_h2o,1795,correct,verified,
y_h2o,1796,correct,verified,
y_h2o,1797,correct,verified,
y_h2o,1798,correct,verified,
y_h2o,1799,correct,verified,
y_h2o,1800,correct,verified,
y_h2o,1801,correct,verified,
y_h2o,1802,correct,verified,
y_h2o,1803,correct,verified,
y_h2o,1804,correct,verified,
y_h2o,1805,correct,verified,
y_h2o,1806,correct,verified,
y_h2o,1807,correct,verified,
y_h2o,1808,correct,verified,
y_h2o,1809,correct,verified,
y_h2o,1810,correct,verified,
y_h2o,1811,correct,verified,
y_h2o,1812,correct,verified,
y_h2o,1813,correct,verified,
y_h2o,1814,correct,verified,
y_h2o,1815,correct,verified,
y_h2o,1816,correct,verified,
y_h2o,1817,correct,verified,
y_h2o,1818,correct,verified,
y_h2o,1819,correct,verified,
y_h2o,1820,correct,verified,
y_h2o,1821,correct,verified,
y_h2o,1822,correct,verified,
y_h2o,1823,correct,verified,
y_h2o,1824,correct,verified,
y_h2o,1825,correct,verified,
y_h2o,1826,correct,verified,
y_h2o,1827,correct,verified,
y_h2o,1828,correct,verified,
y_h2o,1829,correct,verified,
y_h2o,1830,correct,verified,
y_h2o,1831,correct,verified,
y_h2o,1832,correct,verified,
y_h2o,1833,correct,verified,
y_h2o,1834,correct,verified,
y_h2o,1835,correct,verified,
y_h2o,1836,correct,verified,
y_h2o,1837,correct,verified,
y_h2o,1838,correct,verified,
y_h2o,1839,correct,verified,
y_h2o,1840,correct,verified,
y_h2o,1841,correct,verified,
y_h2o,1842,correct,verified,
y_h2o,1843,correct,verified,
y_h2o,1844,correct,verified,
y_h2o,1845,correct,verified,
y_h2o,1846,correct,verified,
y_h2o,1847,correct,verified,
y_h2o,1848,correct,verified,
y_h2o,1849,correct,verified,
y_h2o,1850,correct,verified,
y_h2o,1851,correct,verified,
y_h2o,1852,correct,verified,
y_h2o,1853,correct,verified,
y_h2o,1854,correct,verified,
y_h2o,1855,correct,verified,
y_h2o,1856,correct,verified,
y_h2o,1857,correct,verified,
y_h2o,1858,correct,verified,
y_h2o,1859,correct,verified,
y_h2o,1860,correct,verified,
y_h2o,1861,correct,verified,
y_h2o,1862,correct,verified,
y_h2o,1863,correct,verified,
y_h2o,1864,correct,verified,
y_h2o,1865,correct,verified,
y_h2o,1866,correct,verified,
y_h2o,1867,correct,verified,
y_h2o,1868,correct,verified,
y_h2o,1869,correct,verified,
y_h2o,1870,correct,verified,
y_h2o,1871,correct,verified,
y_h2o,1872,correct,verified,
y_h2o,1873,correct,verified,
y_h2o,1874,correct,verified,
y_h2o,1875,correct,verified,
y_h2o,1876,correct,verified,
y_h2o,1877,correct,verified,
y_h2o,1878,correct,verified,
y_h2o,1879,correct,verified,
y_h2o,1880,correct,verified,
y_h2o,1881,correct,verified,
y_h2o,1882,correct,verified,
y_h2o,1883,correct,verified,
y_h2o,1884,correct,verified,
y_h2o,1885,correct,verified,
y_h2o,1886,correct,verified,
y_h2o,1887,correct,verified,
y_h2o,1888,correct,verified,
y_h2o,1889,correct,verified,
y_h2o,1890,correct,verified,
y_h2o,1891,correct,verified,
y_h2o,1892,correct,verified,
y_h2o,1893,correct,verified,
y_h2o,1894,correct,verified,
y_h2o,1895,correct,verified,
y_h2o,1896,correct,verified,
y_h2o,1897,correct,verified,
y_h2o,1898,correct,verified,
y_h2o,1899,correct,verified,
y_h2o,1900,correct,verified,
y_h2o,1901,correct,verified,
y_h2o,1902,correct,verified,
y_h2o,1903,correct,verified,
y_h2o,1904,correct,verified,
y_h2o,1905,correct,verified,
y_h2o,1906,correct,verified,
y_h2o,1907,correct,verified,
y_h2o,1908,correct,verified,
y_h2o,1909,correct,verified,
y_h2o,1910,correct,verified,
y_h2o,1911,correct,verified,
y_h2o,1912,correct,verified,
y_h2o,1913,correct,corrected,
y_h2o,1914,correct,corrected,
y_h2o,1915,correct,corrected,
y_h2o,1916,major,corrected,transcription
y_h2o,1917,major,corrected,state
y_h2o,1918,correct,corrected,
y_h2o,1919,minor,corrected,conversion
y_h2o,1920,major,corrected,transcription
y_h2o,1921,correct,corrected,
y_h2o,1922,correct,corrected,
y_h2o,1923,minor,corrected,conversion
y_h2o,1924,minor,corrected,conversion
y_h2o,1925,minor,residual-difference,conversion
y_h2o,1926,correct,verified,
y_h2o,1927,minor,residual-difference,conversion
y_h2o,1928,minor,residual-difference,conversion
y_h2o,1929,minor,residual-difference,conversion
y_h2o,1930,correct,corrected,
y_h2o,1931,correct,corrected,
y_h2o,1932,correct,corrected,
y_h2o,1933,correct,corrected,
y_h2o,1934,correct,corrected,
y_h2o,1935,correct,corrected,
y_h2o,1936,correct,corrected,
y_h2o,1937,minor,corrected,state
y_h2o,1938,minor,corrected,state
y_h2o,1939,minor,corrected,state
y_h2o,1940,minor,corrected,state
y_h2o,1941,minor,corrected,state
y_h2o,1942,minor,corrected,conversion
y_h2o,1943,correct,corrected,
y_h2o,1944,correct,corrected,
y_h2o,1945,correct,corrected,
y_h2o,1946,correct,corrected,
y_h2o,1947,correct,corrected,
y_h2o,1948,correct,corrected,
y_h2o,1949,correct,corrected,
y_h2o,1950,correct,corrected,
y_h2o,1951,correct,corrected,
y_h2o,1952,correct,corrected,
y_h2o,1953,correct,corrected,
y_h2o,1954,correct,corrected,
y_h2o,1955,correct,corrected,
y_h2o,1956,correct,corrected,
y_h2o,1957,correct,corrected,
y_h2o,1958,correct,corrected,
y_h2o,1959,correct,corrected,
y_h2o,1960,major,corrected,transcription
y_h2o,1961,major,corrected,transcription
y_h2o,1962,major,corrected,transcription
y_h2o,1963,major,corrected,transcription
y_h2o,1964,correct,corrected,
y_h2o,1965,correct,corrected,
y_h2o,1966,correct,corrected,
y_h2o,1967,correct,corrected,
y_h2o,1968,correct,corrected,
y_h2o,1969,correct,corrected,
y_h2o,1970,correct,corrected,
y_h2o,1971,correct,corrected,
