dataset_id,family,source,doi,table,rows,verification,how_extracted,experimental_method,caution
adeniyi2020_10.11575_prism_38486_t3.3,y_h2o,ADENIYI(2020),10.11575/prism/38486,3.3,54,verified_pass2,pdf_text_layer,"Tunable diode laser absorption spectroscopy (TDLAS) of water in the liquid acid-gas / liquid propane phase, equilibrated with hydrate in a cold loop; hydrate annealed at 238 K, then stepped in temperature.",
adeniyi2020_10.11575_prism_38486_t5.2,y_h2o,ADENIYI(2020),10.11575/prism/38486,5.2,24,verified_pass2,pdf_text_layer,"Tunable diode laser absorption spectroscopy (TDLAS) of water in the liquid acid-gas / liquid propane phase, equilibrated with hydrate in a cold loop; hydrate annealed at 238 K, then stepped in temperature.",
adeniyi2020b_10.3390_en13236295_t2,y_h2o,ADENIYI(2020b),10.3390/en13236295,2,27,verified_pass2,pdf_text_layer,"Small equilibration loop with hydrate-bearing propane + water; saturated liquid propane flashed through a poppet valve to a tunable diode laser absorption spectrometer (TDLAS) for water content; 241.95-276.12 K, 1-40 MPa.",
ahmadi2018_10.1016_j.fluid.2018.02.002_t6,solubility,AHMADI(2018),10.1016/j.fluid.2018.02.002,6,58,verified_pass2,image_read (text layer lost right-hand columns),"Rocking-cell (300 mL titanium) equilibrium; liquid sampled into a flask, evolved gas volume measured in a gasometer plus dissolved gas by mass/density correction; water activity checked after each run.",
ahmadi2018_10.1016_j.fluid.2018.02.002_t7,solubility,AHMADI(2018),10.1016/j.fluid.2018.02.002,7,38,verified_pass2,image_read (text layer lost right-hand columns),"Rocking-cell (300 mL titanium) equilibrium; liquid sampled into a flask, evolved gas volume measured in a gasometer plus dissolved gas by mass/density correction; water activity checked after each run.",
alvarez1988_10.1002_bbpc.198800223_t1,solubility,ALVAREZ(1988),10.1002/bbpc.198800223,1,114,verified_pass2,pdf_text_layer,"Analytic method: a small liquid sample is withdrawn from the equilibrium cell through a capillary into an evacuated glass cell, weighed, and the dissolved gas is measured manometrically in a gas burette after cooling (liquid N2 or chloroform bath).",
an1978_10.1139_v78-301_t1,psat_ratio,AN(1978),10.1139/v78-301,1,23,verified_pass2,image_read,"Static vapour-pressure method at 25 C; salts weighed into the flask, water distilled in under vacuum, solution concentrated stepwise by evaporating solvent; water activity from vapour pressure.",
an1978_10.1139_v78-301_t2,psat_ratio,AN(1978),10.1139/v78-301,2,36,verified_pass2,image_read,"Static vapour-pressure method at 25 C; salts weighed into the flask, water distilled in under vacuum, solution concentrated stepwise by evaporating solvent; water activity from vapour pressure.",
anderson1962_10.1021_je60013a040_t2_group1,solubility,ANDERSON(1962),10.1021/je60013a040,2_group1,10,verified_pass2,image_read,"Stainless-steel 550 ml vessel with 275 ml solvent, Kr-85-tagged krypton at tracer level plus oxygen overpressure, heated to 100-300 C; simultaneous vapor and liquid samples withdrawn, Kr determined by radioactivity, dissolved gas by gas law and sample volume.",
anthony1967_10.1021_je60032a007_t1,y_h2o,ANTHONY(1967),10.1021/je60032a007,1,2,verified_pass2,pdf_text_layer,Flow-type two-phase equilibrium apparatus (McKetta group design) with vapor of fixed ethane/ethylene composition; water in the vapor and hydrocarbon in the water-rich liquid analyzed by sampling and chromatography.,
anthony1967_10.1021_je60032a007_t2,y_h2o,ANTHONY(1967),10.1021/je60032a007,2,20,verified_pass2,pdf_text_layer,Flow-type two-phase equilibrium apparatus (McKetta group design) with vapor of fixed ethane/ethylene composition; water in the vapor and hydrocarbon in the water-rich liquid analyzed by sampling and chromatography.,
apelblat1998_10.1006_jcht.1998.0381_t1,psat_ratio,APELBLAT(1998),10.1006/jcht.1998.0381,1,12,verified_pass2,pdf_text_layer,"Direct and differential isoteniscopic vapour-pressure measurement of water, H2 18O-enriched water and saturated KCl solutions, 298-318 K.",
apelblat1998_10.1006_jcht.1998.0381_t3,psat_ratio,APELBLAT(1998),10.1006/jcht.1998.0381,3,5,verified_pass2,pdf_text_layer,"Direct and differential isoteniscopic vapour-pressure measurement of water, H2 18O-enriched water and saturated KCl solutions, 298-318 K.",
bermejo2005_10.1016_j.fluid.2005.10.006_t5,solubility,BERMEJO(2005),10.1016/j.fluid.2005.10.006,5,52,verified_pass2,pdf_text_layer,Synthetic (bubble-point) method in a Cailletet apparatus: a sample of known overall composition is pressurised at fixed temperature until the vapour phase just disappears.,
bhatnagar1982_10.1139_v82-240_t1,phi_osm,BHATNAGAR(1982),10.1139/v82-240,1,30,verified_pass2,image_read,"Vapour pressure lowering of Na2SO4 solutions measured in a high-pressure cell with a precision pressure transducer, 150-250 C, 0.29 mol/kg to saturation; solution molality by gravimetric BaSO4 analysis.",
blanco1999_10.1016_s0378-3812(99)00164-8_t2,y_h2o,BLANCO(1999),10.1016/s0378-3812(99)00164-8,2,52,verified_pass2,pdf_text_layer,"Dynamic moisture-generation bench (gas saturated in two temperature-controlled condensers at set pressure, continuous flow); water content of the generated wet gas by Karl Fischer titration at atmospheric pressure, dew point temperature at line pressure by a chilled-mirror instrument.","Derived water mole fractions from Karl Fischer water content; at the lowest-water, low-pressure nitrogen points y*P/psat(T) is only 0.6-0.76, which is not physical; the authors attribute their largest deviations to error at very low water content."
blanco1999_10.1016_s0378-3812(99)00164-8_t3,y_h2o,BLANCO(1999),10.1016/s0378-3812(99)00164-8,3,100,verified_pass2,pdf_text_layer,"Dynamic moisture-generation bench (gas saturated in two temperature-controlled condensers at set pressure, continuous flow); water content of the generated wet gas by Karl Fischer titration at atmospheric pressure, dew point temperature at line pressure by a chilled-mirror instrument.","Derived water mole fractions from Karl Fischer water content; at the lowest-water, low-pressure nitrogen points y*P/psat(T) is only 0.6-0.76, which is not physical; the authors attribute their largest deviations to error at very low water content."
brunner1994_10.1016_0378-3812(94)80013-8_t2,y_h2o,BRUNNER(1994),10.1016/0378-3812(94)80013-8,2,4,verified_pass2,image_read,"static-analytical method in a 1000 cm3 autoclave with electromechanically driven stirrer; phases sampled through thermostated capillaries, liquid part collected in cold traps (water by Karl Fischer, hydrocarbons by GC), gas part volume measured in burettes.","rows 15,16,17,19,20,21 carry 13-43 mol% n-hexadecane in the vapour phase (y2 = 0.136, 0.158, 0.375, 0.133, 0.187, 0.428): not a CO2 gas phase; organic third component present in every row"
burgass2021_10.1016_j.fluid.2020.112873_t4,y_h2o,BURGASS(2021),10.1016/j.fluid.2020.112873,4,9,verified_pass2,"image_read (text layer clean, every cell compared with page image)","Gas equilibrated with water (or hydrate) at fixed T and P is expanded and flowed at ~30 mL/min through a temperature-controlled Sulfinert flow tube; the tube T is cycled and a capacitance moisture sensor detects ice deposition/removal to give the frost point at atmospheric pressure, from which water content (ppmV) is calculated.",
burgass2021_10.1016_j.fluid.2020.112873_t5,y_h2o,BURGASS(2021),10.1016/j.fluid.2020.112873,5,5,verified_pass2,"image_read (text layer clean, every cell compared with page image)","Gas equilibrated with water (or hydrate) at fixed T and P is expanded and flowed at ~30 mL/min through a temperature-controlled Sulfinert flow tube; the tube T is cycled and a capacitance moisture sensor detects ice deposition/removal to give the frost point at atmospheric pressure, from which water content (ppmV) is calculated.",
call2000_10.1006_jcht.2000.0697_t4,thermo_brine,CALL(2000),10.1006/jcht.2000.0697,4,216,verified_pass2,pdf_text_layer,"Vibrating-tube densimeter (Anton Paar DMA 512) for densities and a twin fixed-cell power-compensation temperature-scanning calorimeter (NanoDSC 6100) for heat capacities, giving V_phi and Cp_phi of MgCl2(aq) at 0.35 MPa, calibrated with 1 mol/kg NaCl(aq) and water.",
carvalho2015_10.1016_j.fluid.2014.12.043_t1,solubility,CARVALHO(2015),10.1016/j.fluid.2014.12.043,1,132,verified_pass2,pdf_text_layer,"Synthetic visual method in a horizontal Hastelloy C276 cell with sapphire window and piston: known masses of water (or brine) and CO2 are loaded, pressure raised until the last bubble disappears (bubble-point pressure).",
caumon2016_10.1016_j.ijggc.2016.01.034_t1,solubility,CAUMON(2016),10.1016/j.ijggc.2016.01.034,1,22,verified_pass2,pdf_text_layer,"In situ Raman spectroscopy with immersion probes in a 2 L autoclave (IMAGES device); Raman intensity ratio calibrated at 100 C against the Duan and Sun (2003) model, then applied at 65 C (CO2 solubility, aqueous phase) and at 100 C (water content of CO2-rich phase).",
caumon2016_10.1016_j.ijggc.2016.01.034_t2,y_h2o,CAUMON(2016),10.1016/j.ijggc.2016.01.034,2,21,verified_pass2,pdf_text_layer,"In situ Raman spectroscopy with immersion probes in a 2 L autoclave (IMAGES device); Raman intensity ratio calibrated at 100 C against the Duan and Sun (2003) model, then applied at 65 C (CO2 solubility, aqueous phase) and at 100 C (water content of CO2-rich phase).",
chapoy2003b_10.1021_je0202230_t4,y_h2o,CHAPOY(2003b),10.1021/je0202230,4,54,verified_html,publisher HTML table capture,"Static-analytic method with vapour sampling (Rolsi), GC with TCD (water) and FID (ethane); water calibration with an exponential dilutor.",
chapoy2004b_10.1021_ie034232t_t4,solubility,CHAPOY(2004b),10.1021/ie034232t,4,54,verified_html,publisher HTML table capture,"Bubble point of known water-CO2 binaries at isothermal conditions in a variable-volume PVT cell (graphical technique, pressure versus volume).",
chapoy2004c_10.1021_je049869d_t3,solubility,CHAPOY(2004c),10.1021/je049869d,3,104,verified_html,publisher HTML table capture,Static-analytic method with a ROLSI pneumatic capillary sampler on a sapphire cell (28 cm3); liquid samples (>=10 per condition) analysed by GC-TCD.,
chapoy2012_10.1016_j.jct.2011.10.026_t1,y_h2o,CHAPOY(2012),10.1016/j.jct.2011.10.026,1,13,verified_pass2,pdf_text_layer,"Water content of CO2 in equilibrium with hydrate measured with a chilled-mirror hygrometer on gas flowed from a 300 cm3 piston cell (T cycled over at least 20 h, N2 injected to hold pressure).",
chen2020_10.1021_acs.jced.9b00993_t2,psat_ratio,CHEN(2020),10.1021/acs.jced.9b00993,2,16,verified_html,publisher HTML table capture,"capillary nonmixing method in a fused silica capillary high-pressure optical cell (Linkam CAP500 stage): sample pressurized with CH4 to a set pressure, heated until a vapor bubble appears (TB), then cooled at 0.5 K/min; the bubble-disappearance temperature TM is taken as the saturation temperature of the set pressure","Single laboratory, no independent corroboration; vapour pressures to 693 K in a fused-silica capillary cell, many points near or above the critical point of water; the authors attribute a shifted critical line to dissolved silica; molality basis (per kg water) and temperature scale not stated in the paper. A published Comment (doi 10.1021/acs.jced.0c00710) and Reply (10.1021/acs.jced.0c00806) conc"
chen2020_10.1021_acs.jced.9b00993_t3,psat_ratio,CHEN(2020),10.1021/acs.jced.9b00993,3,25,verified_html,publisher HTML table capture,"capillary nonmixing method in a fused silica capillary high-pressure optical cell (Linkam CAP500 stage): sample pressurized with CH4 to a set pressure, heated until a vapor bubble appears (TB), then cooled at 0.5 K/min; the bubble-disappearance temperature TM is taken as the saturation temperature of the set pressure","Single laboratory, no independent corroboration; vapour pressures to 693 K in a fused-silica capillary cell, many points near or above the critical point of water; the authors attribute a shifted critical line to dissolved silica; molality basis (per kg water) and temperature scale not stated in the paper. A published Comment (doi 10.1021/acs.jced.0c00710) and Reply (10.1021/acs.jced.0c00806) conc"
chen2020_10.1021_acs.jced.9b00993_t4,psat_ratio,CHEN(2020),10.1021/acs.jced.9b00993,4,25,verified_html,publisher HTML table capture,"capillary nonmixing method in a fused silica capillary high-pressure optical cell (Linkam CAP500 stage): sample pressurized with CH4 to a set pressure, heated until a vapor bubble appears (TB), then cooled at 0.5 K/min; the bubble-disappearance temperature TM is taken as the saturation temperature of the set pressure","Single laboratory, no independent corroboration; vapour pressures to 693 K in a fused-silica capillary cell, many points near or above the critical point of water; the authors attribute a shifted critical line to dissolved silica; molality basis (per kg water) and temperature scale not stated in the paper. A published Comment (doi 10.1021/acs.jced.0c00710) and Reply (10.1021/acs.jced.0c00806) conc"
chen2020_10.1021_acs.jced.9b00993_t5,psat_ratio,CHEN(2020),10.1021/acs.jced.9b00993,5,34,verified_html,publisher HTML table capture,"capillary nonmixing method in a fused silica capillary high-pressure optical cell (Linkam CAP500 stage): sample pressurized with CH4 to a set pressure, heated until a vapor bubble appears (TB), then cooled at 0.5 K/min; the bubble-disappearance temperature TM is taken as the saturation temperature of the set pressure","Single laboratory, no independent corroboration; vapour pressures to 693 K in a fused-silica capillary cell, many points near or above the critical point of water; the authors attribute a shifted critical line to dissolved silica; molality basis (per kg water) and temperature scale not stated in the paper. A published Comment (doi 10.1021/acs.jced.0c00710) and Reply (10.1021/acs.jced.0c00806) conc"
claussen1952_10.1021_ja01139a026_t1,solubility,CLAUSSEN(1952),10.1021/ja01139a026,1,32,verified_pass2,image_read,"Microcombustion method: water saturated with the hydrocarbon by bubbling, dissolved gas stripped with oxygen, burned over CuO at 700 C and the CO2 weighed.",
cosgrove1981_10.1016_s0021-9673(00)82344-4_t1_group1,solubility,COSGROVE(1981),10.1016/s0021-9673(00)82344-4,1_group1,110,verified_pass2,image_read,"Saturation of degassed solvent with gas at 1 atm in a thermostatted cell (+-0.01 K), then gas-chromatographic stripping of 0.5 ml samples with direct comparison with a pure-gas calibration curve; H2O and 2H2O analysed simultaneously.",
cosgrove1981_10.1016_s0021-9673(00)82344-4_t2,solubility,COSGROVE(1981),10.1016/s0021-9673(00)82344-4,2,4,verified_pass2,image_read,"Saturation of degassed solvent with gas at 1 atm in a thermostatted cell (+-0.01 K), then gas-chromatographic stripping of 0.5 ml samples with direct comparison with a pure-gas calibration curve; H2O and 2H2O analysed simultaneously.",
crovetto1982_10.1063_1.443074_t1,solubility,CROVETTO(1982),10.1063/1.443074,1,14,verified_pass2,pdf_text_layer,Direct sampling of the equilibrated liquid phase from a stirred stainless-steel cell at high temperature; dissolved gas determined by freezing the solvent out and measuring the gas in a gas burette.,
crovetto1991_10.1016_s0021-9614(05)80146-6_t1,rho_gas,CROVETTO(1991),10.1016/s0021-9614(05)80146-6,1,94,verified_pass2,pdf_text_layer,"Vibrating-tube densimeter: density difference between dilute aqueous CO2 and pure water at 651-726 K and 28, 33, 38 MPa; this paper corrects a computational error in the conversion of period of vibration to density in Crovetto et al. 1990.",
crovetto1993_10.1006_jcht.1993.1013_t1,psat_ratio,CROVETTO(1993),10.1006/jcht.1993.1013,1,37,verified_pass2,ocr,"Vibrating-tube flow densimeter (Delta rho between pure water and solution) modified to detect phase boundaries: bubble pressures and density differences of NaCl, KCl and CaCl2 solutions near saturation at 623 K (CaCl2 also at 643 K), molalities 0.225-3.234 mol/kg.",
crovetto1993_10.1006_jcht.1993.1013_t2,rho,CROVETTO(1993),10.1006/jcht.1993.1013,2,162,verified_pass2,ocr,"Vibrating-tube flow densimeter (Delta rho between pure water and solution) modified to detect phase boundaries: bubble pressures and density differences of NaCl, KCl and CaCl2 solutions near saturation at 623 K (CaCl2 also at 643 K), molalities 0.225-3.234 mol/kg.",
crozier1974_10.1021_je60062a007_t1,solubility,CROZIER(1974),10.1021/je60062a007,1,417,verified_pass2,pdf_text_layer,"Scholander microgasometric technique as modified by Douglas: about 6 ml degassed water equilibrated with H2 in a shaken vessel in a bath thermoregulated to 0.01 C; gas volume absorbed and water volume measured, Bunsen coefficient corrected 0.12% for partial molal volume (26 cm3/mol).",
debelius2009_10.1007_s10750-009-9835-4_t1,solubility,DEBELIUS(2009),10.1007/s10750-009-9835-4,1,616,verified_pass2,pdf_text_layer,"Evaporated seawater in a 10 l thermostated reactor equilibrated with air bubbling; dissolved O2 of subsamples by whole-bottle Winkler titration (potentiometric endpoint), 8-35 C in 1 C steps, at least three measurements per T.",
dec1984_10.1007_bf00648589_t2,dh_sol,DEC(1984),10.1007/bf00648589,2,11,verified_pass2,image_read,"Steady-state flow microcalorimeter: gas pumped at a steady rate into flowing water; power from the dissolution measured by thermopile; 25 C, gas partial pressure about 86-88 kPa; converted to standard state with second virial coefficients.",
dec1984b_10.1063_1.1137814_t1,dh_sol,DEC(1984b),10.1063/1.1137814,1,36,verified_pass2,pdf_text_layer,"Steady-state flow microcalorimeter (heat conduction type): gas fed at constant rate from a syringe pump dissolves in deaerated water flowing through a cell via a flat gas bubble; power from thermopile voltage E times electrical calibration factor epsilon, converted to dH_sol with water-vapour and second-virial corrections.",
dec1985_10.1007_bf00646293_t1,dh_sol,DEC(1985),10.1007/bf00646293,1,11,verified_pass2,image_read,"Steady-state gas-dissolution microcalorimeter; heat of solution of hydrocarbon gases in water at 15 and 35 C, standard-state dH0 obtained using second virial coefficients.",
dec1985_10.1007_bf00646293_t2,dh_sol,DEC(1985),10.1007/bf00646293,2,11,verified_pass2,image_read,"Steady-state gas-dissolution microcalorimeter; heat of solution of hydrocarbon gases in water at 15 and 35 C, standard-state dH0 obtained using second virial coefficients.",
dhima1998_10.1016_s0378-3812(97)00211-2_t2,solubility,DHIMA(1998),10.1016/s0378-3812(97)00211-2,2,16,verified_pass2,pdf_text_layer,"Static equilibrium cell (about 200 cm3, up to 100 MPa) with magnetic stirrer; water-rich phase sample depressurised and the liberated gas analysed by gas chromatography (TCD) to get total and individual hydrocarbon solubilities in pure water at 71 C.",
dhima1998_10.1016_s0378-3812(97)00211-2_t3,solubility,DHIMA(1998),10.1016/s0378-3812(97)00211-2,3,10,verified_pass2,pdf_text_layer,"Static equilibrium cell (about 200 cm3, up to 100 MPa) with magnetic stirrer; water-rich phase sample depressurised and the liberated gas analysed by gas chromatography (TCD) to get total and individual hydrocarbon solubilities in pure water at 71 C.",
douglas1965_10.1021_j100892a021_t1,solubility,DOUGLAS(1965),10.1021/j100892a021,1,118,verified_pass2,"pdf_text_layer cross-checked, every digit compared against 200 dpi page images; written by script into long form (one row per printed value)",Microgasometric method (Douglas 1964) with an enlarged absorption apparatus (about 8 ml water); gas-free millipore-filtered sea water (vacuum extraction over mercury) equilibrated with pure Ar or N2; chlorinity by a scaled-down Mohr titration against Copenhagen water.,
douglas1965_10.1021_j100892a021_t2,solubility,DOUGLAS(1965),10.1021/j100892a021,2,115,verified_pass2,"pdf_text_layer cross-checked, every digit compared against 200 dpi page images; written by script into long form (one row per printed value)",Microgasometric method (Douglas 1964) with an enlarged absorption apparatus (about 8 ml water); gas-free millipore-filtered sea water (vacuum extraction over mercury) equilibrated with pure Ar or N2; chlorinity by a scaled-down Mohr titration against Copenhagen water.,
ellis1967_10.1039_j19670000660_t1,rho,ELLIS(1967),10.1039/j19670000660,1,54,verified_pass2,image_read,Precise density change of solutions between 50 C and higher temperatures measured as in Ellis (1966) J. Chem. Soc. A 1579; densities at 50 C taken from International Critical Tables; total pressure 20 atm.,
fabuss1966_10.1016_s0011-9164(00)84013-8_t1,psat_ratio,FABUSS(1966),10.1016/s0011-9164(00)84013-8,1,20,verified_pass2,pdf_text_layer (pdftotext -layout; side-by-side blocks scrambled) cross-checked and then transcribed from the 200 dpi page images with zoomed crops,"Differential vapour pressure of solution against pure water in glass isoteniscopes (Smith-Menzies type) in an oil thermostat at 75, 100, 125, 150 C, read on a two-metre mercury manometer with a cathetometer; solutions degassed by freeze-thaw cycles.",
fabuss1966_10.1016_s0011-9164(00)84013-8_t2,psat_ratio,FABUSS(1966),10.1016/s0011-9164(00)84013-8,2,15,verified_pass2,pdf_text_layer (pdftotext -layout; side-by-side blocks scrambled) cross-checked and then transcribed from the 200 dpi page images with zoomed crops,"Differential vapour pressure of solution against pure water in glass isoteniscopes (Smith-Menzies type) in an oil thermostat at 75, 100, 125, 150 C, read on a two-metre mercury manometer with a cathetometer; solutions degassed by freeze-thaw cycles.",
fabuss1966_10.1016_s0011-9164(00)84013-8_t3,psat_ratio,FABUSS(1966),10.1016/s0011-9164(00)84013-8,3,20,verified_pass2,pdf_text_layer (pdftotext -layout; side-by-side blocks scrambled) cross-checked and then transcribed from the 200 dpi page images with zoomed crops,"Differential vapour pressure of solution against pure water in glass isoteniscopes (Smith-Menzies type) in an oil thermostat at 75, 100, 125, 150 C, read on a two-metre mercury manometer with a cathetometer; solutions degassed by freeze-thaw cycles.",
fabuss1966_10.1016_s0011-9164(00)84013-8_t4,psat_ratio,FABUSS(1966),10.1016/s0011-9164(00)84013-8,4,20,verified_pass2,pdf_text_layer (pdftotext -layout; side-by-side blocks scrambled) cross-checked and then transcribed from the 200 dpi page images with zoomed crops,"Differential vapour pressure of solution against pure water in glass isoteniscopes (Smith-Menzies type) in an oil thermostat at 75, 100, 125, 150 C, read on a two-metre mercury manometer with a cathetometer; solutions degassed by freeze-thaw cycles.",
folas2007_10.1016_j.fluid.2006.12.018_t1,y_h2o,FOLAS(2007),10.1016/j.fluid.2006.12.018,1,32,verified_pass2,pdf_text_layer,Flow saturator (gas saturated at T+20 C in two cylinders) then condensed at the dew-point temperature in three cylinders; water measured by Karl Fischer coulometric titration with gas-clock volume; mean of five samples.,"Individual points are not assigned to liquid-water, ice or hydrate condensed phases (the paper gives only the counts); one printed cell in the CH4 table repeats the neighbouring value (probable typo)."
folas2007_10.1016_j.fluid.2006.12.018_t2,y_h2o,FOLAS(2007),10.1016/j.fluid.2006.12.018,2,20,verified_pass2,pdf_text_layer,Flow saturator (gas saturated at T+20 C in two cylinders) then condensed at the dew-point temperature in three cylinders; water measured by Karl Fischer coulometric titration with gas-clock volume; mean of five samples.,"Individual points are not assigned to liquid-water, ice or hydrate condensed phases (the paper gives only the counts); one printed cell in the CH4 table repeats the neighbouring value (probable typo)."
fox1909_10.1039_tf9090500068_t1,solubility,FOX(1909),10.1039/tf9090500068,1,20,verified_pass2,image_read,"N2 and O2 in air-free distilled water: modified Estreicher-Ostwald burette method (gas volume, pressure and temperature read before and after absorption in a bulb at 0-50 C, several pressures per run); CO2 in sea-water/distilled water at low CO2 partial pressure: equilibration by rotating bottle, CO2 pressure by Pettenkofer (Ba(OH)2) titration, total CO2 and alkalinity by gas extraction and titrat","gas is atmospheric nitrogen containing 1.185 % argon (p.70), not corrected to pure N2 in this table; argon is 2.3-2.5 times as soluble as N2, so the printed coefficients are up to about 3 % high versus the author's own corrected N2 values"
fox1909_10.1039_tf9090500068_t2,solubility,FOX(1909),10.1039/tf9090500068,2,44,verified_pass2,image_read,"N2 and O2 in air-free distilled water: modified Estreicher-Ostwald burette method (gas volume, pressure and temperature read before and after absorption in a bulb at 0-50 C, several pressures per run); CO2 in sea-water/distilled water at low CO2 partial pressure: equilibration by rotating bottle, CO2 pressure by Pettenkofer (Ba(OH)2) titration, total CO2 and alkalinity by gas extraction and titrat",
fox1909_10.1039_tf9090500068_t3,solubility,FOX(1909),10.1039/tf9090500068,3,36,verified_pass2,image_read,"N2 and O2 in air-free distilled water: modified Estreicher-Ostwald burette method (gas volume, pressure and temperature read before and after absorption in a bulb at 0-50 C, several pressures per run); CO2 in sea-water/distilled water at low CO2 partial pressure: equilibration by rotating bottle, CO2 pressure by Pettenkofer (Ba(OH)2) titration, total CO2 and alkalinity by gas extraction and titrat",
gardner1963_10.1039_tf9635901994_t1,phi_osm,GARDNER(1963),10.1039/tf9635901994,1,22,verified_pass2,image_read,"Vapour pressures of NaCl solution and of pure water in two platinum-iridium cells with capacitance diaphragm transducers as null indicators, balanced by nitrogen pressure compared with a mercury manometer; solvent vapour pressure by dead-weight piston gauge.",
gates1985_10.1021_je00039a015_t1,rho,GATES(1985),10.1021/je00039a015,1,148,verified_pass2,pdf_text_layer,"Vibrating-tube densimeter (Albert design) measuring density difference between solution and water by injecting a 6-mL sample into a water stream; calibrated with water and nitrogen; 298.15 K, 0.1013-40 MPa",
gates1989_10.1021_je00055a016_t1,rho,GATES(1989),10.1021/je00055a016,1,256,verified_pass2,pdf_text_layer,"Vibrating-tube densimeter measuring the density difference between CaCl2(aq) (6-mL injected sample plateau) and pure water at the same T and P; calibrated with water and nitrogen; 323-600 K, up to 40 MPa, 0.015-6.42 mol/kg.",
gaudette2007_10.1021_je7001286_t1,solubility,GAUDETTE(2007),10.1021/je7001286,1,26,verified_pass2,pdf_text_layer,"Analytical flash technique: liquid (hydrate-free) samples withdrawn from a high-pressure crystallizer at constant pressure into an evacuated sample bomb, gas evolved into a gasometer, propane moles from the gasometer volume with Z from the Trebble-Bishnoi equation, and x1 by mass balance with the room-temperature solubility.",
gill1982_10.1016_0021-9614(82)90001-5_t1,dh_sol,GILL(1982),10.1016/0021-9614(82)90001-5,1,17,verified_pass2,pdf_text_layer,"Batch flow-microcalorimetry: 0.4161 cm3 of O2 injected from a gas syringe into flowing water (1e-8 m3/s) in a flow microcalorimeter at 298.15 K, with electrical calibration.",
gordon1977_10.1016_0146-6291(77)90563-x_t1,solubility,GORDON(1977),10.1016/0146-6291(77)90563-x,1,78,verified_pass2,image_read,"Gas-extraction Bunsen-coefficient method of Ben-Naim and Baer as modified by Murray, Riley and Wilson (1969), with hydrogen saturated with water vapour at nominally 1 atm total pressure.",
granttaylor1981_10.1007_bf00650738_t1,rho,GRANTTAYLOR(1981),10.1007/bf00650738,1,68,verified_pass2,pdf_text_layer,"Mercury displacement technique: solution in a stainless-steel vessel in a molten-salt bath, expansion at constant 200 bar measured by weighing mercury bled off, converted to density.",
gruszkiewicz2005_10.1016_j.jct.2004.12.009_t1,phi_osm,GRUSZKIEWICZ(2005),10.1016/j.jct.2004.12.009,1,40,verified_pass2,pdf_text_layer,"ORNL high-temperature isopiestic apparatus with internal electromagnetic balance, fitted with four Digiquartz pressure transmitters for direct water vapor pressure measurement over CaCl2(aq) and CaBr2(aq) alongside NaCl(aq) reference solutions, 380 to 523 K.",
gruszkiewicz2005_10.1016_j.jct.2004.12.009_t2,psat_ratio,GRUSZKIEWICZ(2005),10.1016/j.jct.2004.12.009,2,118,verified_pass2,pdf_text_layer,"ORNL high-temperature isopiestic apparatus with internal electromagnetic balance, fitted with four Digiquartz pressure transmitters for direct water vapor pressure measurement over CaCl2(aq) and CaBr2(aq) alongside NaCl(aq) reference solutions, 380 to 523 K.",
han2009_10.1016_j.jiec.2008.09.012_t2,solubility,HAN(2009),10.1016/j.jiec.2008.09.012,2,56,verified_pass2,pdf_text_layer,"Synthetic method in a variable-volume view cell: a loaded mixture of known composition is compressed to one phase, then pressure is lowered until the bubble point appears visually.",
he2021_10.1016_j.petrol.2021.108685_t2,solubility,HE(2021),10.1016/j.petrol.2021.108685,2,40,verified_pass2,pdf_text_layer,"Static 300 mL high-pressure cell with stirring, equilibrium taken when pressure stable for 4 h; liquid sampled, flashed, evolved gas volume measured and analysed by GC, x = n_g/(n_l+n_g).",
holmes1994b_10.1016_0021-9614(94)90005-1_t1,phi_osm,HOLMES(1994b),10.1016/0021-9614(94)90005-1,1,182,verified_pass2,pdf_text_layer,"Isopiestic molalities of CaCl2(aq) against NaCl(aq) reference at 444-524 K in the ORNL high-temperature isopiestic facility (solutions weighed with an internal balance); molar enthalpies of dilution of CaCl2(aq) in the ORNL high-temperature, high-pressure flow calorimeter (thermopile, electrical calibration), 298-527 K, about 7-43 MPa.",
holmes1996_10.1006_jcht.1996.0117_t1,phi_osm,HOLMES(1996),10.1006/jcht.1996.0117,1,192,verified_pass2,"pdf_text_layer (genuine journal text layer, pdftotext -bbox with x-position column assignment)","High-temperature isopiestic method (Oak Ridge facility, in-situ weighing with an electromagnetic balance); MgCl2(aq) against NaCl(aq) as the reference electrolyte, 383-524 K; osmotic coefficients from NaCl osmotic coefficients of Pitzer et al.",Two printed rows (383.11 K and 473.18 K) deviate about 2.5 % from the smooth trend of the implied reference coefficient; printed exactly so (paper scatter or misprint).
hubert1995b_10.1021_je00020a034_t1,psat_ratio,HUBERT(1995b),10.1021/je00020a034,1,133,verified_pass2,image_read,"Nonisothermal static apparatus: degassed NaCl solution of known molality in a cell, total pressure measured with a 0-1000 Torr absolute capacitance manometer at several temperatures (30 min equilibration).",
jackson1995_10.1021_ac00110a007_t3,y_h2o,JACKSON(1995),10.1021/ac00110a007,3,2,verified_pass2,pdf_text_layer,"Water is injected into a 5 cm path-length high-pressure near-IR transmission cell (sapphire windows, stirred) filled with the fluid; the near-IR water combination band (about 10 500 cm-1) peak area is followed against added water until it plateaus at saturation.",
kennan1990_10.1063_1.458911_t1,solubility,KENNAN(1990),10.1063/1.458911,1,74,verified_pass2,image_read,"Modified Van Slyke method: 100 cm3 stainless-steel cell with degassed twice-distilled water pressurised with gas at 25.0 C for 2-3 days (stirred), then liquid isolated, depressurised in a calibrated gas system and the outgassed solute measured (pressure and volume) to give mole fraction, Ostwald solubility and partial molar volume.",
king1971_10.1021_ja00737a004_t1,y_h2o,KING(1971),10.1021/ja00737a004,1,77,verified_pass2,pdf_text_layer,"Flow saturation method: compressed gas bubbled through water in a steel cell at constant T, expanded through a heated needle valve, water collected in cold traps (or drying tubes) and weighed, dry-gas volume from a wet-test meter.",
kobayashi1953_10.1021_ie50518a051_t1_group1,y_h2o,KOBAYASHI(1953),10.1021/ie50518a051,1_group1,21,verified_pass2,pdf_text_layer,"Static batch cell with mechanical agitation in an air bath; phases sampled under equilibrium pressure; propane dehydrated (Dehydrite) and measured in a calibrated glass bottle, water determined gravimetrically/by difference; propane-water system only.",
kobayashi1953_10.1021_ie50518a051_t1_group2,y_h2o,KOBAYASHI(1953),10.1021/ie50518a051,1_group2,18,verified_pass2,pdf_text_layer,"Static batch cell with mechanical agitation in an air bath; phases sampled under equilibrium pressure; propane dehydrated (Dehydrite) and measured in a calibrated glass bottle, water determined gravimetrically/by difference; propane-water system only.",
kobayashi1953_10.1021_ie50518a051_t1_group3,solubility,KOBAYASHI(1953),10.1021/ie50518a051,1_group3,32,verified_pass2,pdf_text_layer,"Static batch cell with mechanical agitation in an air bath; phases sampled under equilibrium pressure; propane dehydrated (Dehydrite) and measured in a calibrated glass bottle, water determined gravimetrically/by difference; propane-water system only.",
kobayashi1953_10.1021_ie50518a051_t2,y_h2o,KOBAYASHI(1953),10.1021/ie50518a051,2,52,verified_pass2,pdf_text_layer,"Static batch cell with mechanical agitation in an air bath; phases sampled under equilibrium pressure; propane dehydrated (Dehydrite) and measured in a calibrated glass bottle, water determined gravimetrically/by difference; propane-water system only.",
kobayashi1953_10.1021_ie50518a051_t3,solubility,KOBAYASHI(1953),10.1021/ie50518a051,3,100,verified_pass2,pdf_text_layer,"Static batch cell with mechanical agitation in an air bath; phases sampled under equilibrium pressure; propane dehydrated (Dehydrite) and measured in a calibrated glass bottle, water determined gravimetrically/by difference; propane-water system only.",
kumar1986_10.1007_bf00646263_t1,rho,KUMAR(1986),10.1007/bf00646263,1,63,verified_pass2,pdf_text_layer,"dilatometer (Rogers et al. type) with an 11 cm3 pressure vessel in an oil bath, density relative to a reference solution of known density at 25 C, pressurized with nitrogen, T raised in 25 C steps",
laracruz2019_LaraCruz_2019_t3,solubility,LARACRUZ(2019),,3,23,verified_pass2,pdf_text_layer,"Stirred variable-volume autoclave; liquid sample trapped in NaOH and dissolved CO2 determined by titration (acid-base, conductimetric for Ca-containing brines); each reported molality is the mean of five (or eight for the repeatability study) titrations.","The 24 rows are replicate titrations of one state point (333.15 K, 10.0 MPa), not independent measurements; weight as a single state point (three experiment means 1.0736, 1.0794, 1.0764)."
laracruz2020_10.1021_acs.jced.0c00592_t6,solubility,LARACRUZ(2020),10.1021/acs.jced.0c00592,6,12,verified_html,publisher HTML table capture,New stirred variable-volume reactor; liquid sample trapped in NaOH solution and CO2 determined by titration with HCl (two equivalence points).,
laracruz2020_10.1021_acs.jced.0c00592_t7,solubility,LARACRUZ(2020),10.1021/acs.jced.0c00592,7,20,verified_html,publisher HTML table capture,New stirred variable-volume reactor; liquid sample trapped in NaOH solution and CO2 determined by titration with HCl (two equivalence points).,
leopold1927_10.1021_ja01407a019_t1,psat_ratio,LEOPOLD(1927),10.1021/ja01407a019,1,28,verified_pass2,"pdf_text_layer, then every cell compared with the 200 dpi page images","Static direct manometric measurement of the vapour pressure of saturated salt solutions (air removed by repeated pumping) with a mercury manometer and a depth gauge, at 20 to 50 C, 24 h or more at each temperature.",
liu1970_10.1021_j100697a020_t1,phi_osm,LIU(1970),10.1021/j100697a020,1,38,verified_pass2,pdf_text_layer,"differential vapour pressure of solution vs pure water in two identical platinum/bellows cells in a thermostatted oil bath, balanced by helium gas pressure, 125-300 C, 0.1-1.0 m NaCl",
liu1971_10.2172_1436979_t2,phi_osm,LIU(1971),10.2172/1436979,2,57,verified_pass2,image_read,Differential vapor-pressure-lowering cells (solution vs pure water) with pressure balancing at 75-300 C; boiling point elevations derived by the authors from the vapor pressure lowering using steam tables.,"Rows flagged '(sat.)' (CSV rows 3, 8, 13, 20, 25, 32, 38, 44, 50, 56) have a saturation molality extrapolated by the authors (section 5.1.4), not a measured molality."
liu1971_10.2172_1436979_t8,phi_osm,LIU(1971),10.2172/1436979,8,18,verified_pass2,image_read,Differential vapor-pressure-lowering cells (solution vs pure water) with pressure balancing at 75-300 C; boiling point elevations derived by the authors from the vapor pressure lowering using steam tables.,"Row 18 (200 C): molality 0.128 is literature solubility (Robson), not measured; the solution was saturated."
liu1971_10.2172_1436979_t9,phi_osm,LIU(1971),10.2172/1436979,9,20,verified_pass2,image_read,Differential vapor-pressure-lowering cells (solution vs pure water) with pressure balancing at 75-300 C; boiling point elevations derived by the authors from the vapor pressure lowering using steam tables.,
loring2017_10.1021_acs.jced.6b00999_t1,y_h2o,LORING(2017),10.1021/acs.jced.6b00999,1,2,verified_html,publisher HTML table capture,"in situ high-pressure infrared (transmission, 40 mm path) spectroscopic titration: calibrated 0.848 uL tubing loop meters water into the cell until the dissolved-H2O absorbance saturates; replicate titrations averaged",
lu2008_10.1016_j.gca.2007.11.006_t2,solubility,LU(2008),10.1016/j.gca.2007.11.006,2,88,verified_pass2,pdf_text_layer,"In situ Raman spectroscopy in a high-pressure optical cell; CH4 mole fraction in liquid water in equilibrium with sI methane hydrate (no vapour phase) from the CH4/water Raman peak-area ratio, calibrated on CH4-water liquid-vapour solutions whose solubility came from the Duan and Mao equation of state.",
lucile2012_10.1021_je200991x_t2,solubility,LUCILE(2012),10.1021/je200991x,2,60,verified_html,publisher HTML table capture,"Static equilibrium cell (2400 cm3, Hastelloy), liquid sampled and analysed for total CO2 by ion chromatography; balance method also done but not reported.",
luo2021_10.1021_acs.jced.1c00397_SI_t1,psat_ratio,LUO(2021),10.1021/acs.jced.1c00397,1,121,verified_pass2,pdf_text_layer,Static vapour-pressure cell with pressure transducer; 150 g solutions of known mass fraction measured from about 323 to 373 K in steps of about 5 K.,
majer1988_10.1016_0021-9614(88)90224-8_t2,rho,MAJER(1988),10.1016/0021-9614(88)90224-8,2,415,verified_pass2,pdf_text_layer,"Vibrating-tube (Hastelloy U-tube, flow, injection-valve) densimeter measuring the density difference between NaCl(aq) and water, 0.0025-5.0 mol/kg, 322-600 K, 0.1-40 MPa; two series (Set I with water and N2 calibration, Set II with water and D2O calibration).",
marcus1988_10.1039_f19888403575_t1,psat_ratio,MARCUS(1988),10.1039/f19888403575,1,7,verified_pass2,pdf_text_layer,Static vapour pressure of NaCl-KCl-MgCl2-CaCl2 solutions (with excess solid if saturated) at 25 C measured with a quartz Bourdon precision pressure gauge after freezing and pumping off air.,
marcus1990_10.1039_ft9908600495_t1,psat_ratio,MARCUS(1990),10.1039/ft9908600495,1,8,verified_pass2,image_read,"Static vapour pressure of salt solutions (NaCl, KCl, MgCl2, CaCl2; saturated or not) at 30-45 C with a quartz Bourdon gauge, apparatus and procedure of Part 1.",
markham1941_10.1021_ja01847a027_t1,solubility,MARKHAM(1941),10.1021/ja01847a027,1,12,verified_pass2,image_read,"Ostwald-type volumetric method: a measured volume of gas at 760 mm partial pressure is shaken with a measured quantity of gas-free solution in a two-bulb oscillating flask in a thermostat, and the volume remaining in a mercury buret is read by cathetometer.",
marliacy2002_10.1021_je0200766_t1,psat_ratio,MARLIACY(2002),10.1021/je0200766,1,209,verified_html,publisher HTML table capture,"Vapor pressure: nonisothermal static device (Pt100, MKS Baratron absolute manometer) at constant composition; dissolution enthalpy: Setaram C80D differential calorimeter.",
mcbridewright2014_10.1021_je5009125_t5,rho_gas,MCBRIDEWRIGHT(2014),10.1021/je5009125,5,98,verified_html,publisher HTML table capture,"Vibrating U-tube densimeter (density) and vibrating-wire viscometer (viscosity), separate experiments, single-phase compressed liquid CO2-water solutions at x = 0.0086, 0.0168, 0.0271.",
mcbridewright2014_10.1021_je5009125_t7,visc,MCBRIDEWRIGHT(2014),10.1021/je5009125,7,70,verified_html,publisher HTML table capture,"Vibrating U-tube densimeter (density) and vibrating-wire viscometer (viscosity), separate experiments, single-phase compressed liquid CO2-water solutions at x = 0.0086, 0.0168, 0.0271.",
mcgee1981_10.3133_ofr811294_t1,solubility,MCGEE(1981),10.3133/ofr81-1294,1,30,verified_pass2,pdf_text_layer,"Fixed-volume gold-lined pressure vessels loaded with weighed methane and degassed NaCl brine, heated stepwise; the intersection of the two-phase and single-phase liquid P-T curves gives the saturation T, P for the known methane molality.",
millero2002_10.1016_s0016-7037(02)00838-4_t2_group1,solubility,MILLERO(2002),10.1016/s0016-7037(02)00838-4,2_group1,2,verified_pass2,pdf_text_layer,"Solutions equilibrated with water-vapour-saturated air at 25 +-0.02 C for 4-40 h in a 2 L jacketed vessel; dissolved O2 by Winkler titration (Carpenter modification, photometric end point); molality from solution density (Mettler densimeter).",
millero2002_10.1016_s0016-7037(02)00838-4_t2_group2,solubility,MILLERO(2002),10.1016/s0016-7037(02)00838-4,2_group2,20,verified_pass2,pdf_text_layer,"Solutions equilibrated with water-vapour-saturated air at 25 +-0.02 C for 4-40 h in a 2 L jacketed vessel; dissolved O2 by Winkler titration (Carpenter modification, photometric end point); molality from solution density (Mettler densimeter).",
millero2002_10.1016_s0016-7037(02)00838-4_t2_group3,solubility,MILLERO(2002),10.1016/s0016-7037(02)00838-4,2_group3,16,verified_pass2,pdf_text_layer,"Solutions equilibrated with water-vapour-saturated air at 25 +-0.02 C for 4-40 h in a 2 L jacketed vessel; dissolved O2 by Winkler titration (Carpenter modification, photometric end point); molality from solution density (Mettler densimeter).",
millero2002_10.1016_s0016-7037(02)00838-4_t2_group4,solubility,MILLERO(2002),10.1016/s0016-7037(02)00838-4,2_group4,20,verified_pass2,pdf_text_layer,"Solutions equilibrated with water-vapour-saturated air at 25 +-0.02 C for 4-40 h in a 2 L jacketed vessel; dissolved O2 by Winkler titration (Carpenter modification, photometric end point); molality from solution density (Mettler densimeter).",
millero2002_10.1016_s0016-7037(02)00838-4_t5_group1,solubility,MILLERO(2002),10.1016/s0016-7037(02)00838-4,5_group1,28,verified_pass2,pdf_text_layer,"Solutions equilibrated with water-vapour-saturated air at 25 +-0.02 C for 4-40 h in a 2 L jacketed vessel; dissolved O2 by Winkler titration (Carpenter modification, photometric end point); molality from solution density (Mettler densimeter).",
millero2002_10.1016_s0016-7037(02)00838-4_t5_group2,solubility,MILLERO(2002),10.1016/s0016-7037(02)00838-4,5_group2,26,verified_pass2,pdf_text_layer,"Solutions equilibrated with water-vapour-saturated air at 25 +-0.02 C for 4-40 h in a 2 L jacketed vessel; dissolved O2 by Winkler titration (Carpenter modification, photometric end point); molality from solution density (Mettler densimeter).",
millero2002_10.1016_s0016-7037(02)00838-4_t6_group1,solubility,MILLERO(2002),10.1016/s0016-7037(02)00838-4,6_group1,14,verified_pass2,pdf_text_layer,"Solutions equilibrated with water-vapour-saturated air at 25 +-0.02 C for 4-40 h in a 2 L jacketed vessel; dissolved O2 by Winkler titration (Carpenter modification, photometric end point); molality from solution density (Mettler densimeter).",
millero2002_10.1016_s0016-7037(02)00838-4_t6_group2,solubility,MILLERO(2002),10.1016/s0016-7037(02)00838-4,6_group2,22,verified_pass2,pdf_text_layer,"Solutions equilibrated with water-vapour-saturated air at 25 +-0.02 C for 4-40 h in a 2 L jacketed vessel; dissolved O2 by Winkler titration (Carpenter modification, photometric end point); molality from solution density (Mettler densimeter).",
millero2002_10.1016_s0016-7037(02)00838-4_t6_group3,solubility,MILLERO(2002),10.1016/s0016-7037(02)00838-4,6_group3,18,verified_pass2,pdf_text_layer,"Solutions equilibrated with water-vapour-saturated air at 25 +-0.02 C for 4-40 h in a 2 L jacketed vessel; dissolved O2 by Winkler titration (Carpenter modification, photometric end point); molality from solution density (Mettler densimeter).",
millero2002_10.1016_s0016-7037(02)00838-4_t6_group4,solubility,MILLERO(2002),10.1016/s0016-7037(02)00838-4,6_group4,12,verified_pass2,pdf_text_layer,"Solutions equilibrated with water-vapour-saturated air at 25 +-0.02 C for 4-40 h in a 2 L jacketed vessel; dissolved O2 by Winkler titration (Carpenter modification, photometric end point); molality from solution density (Mettler densimeter).",
millero2002b_10.1016_s0304-4203(02)00034-8_t1,solubility,MILLERO(2002b),10.1016/s0304-4203(02)00034-8,1,5,verified_pass2,pdf_text_layer,"Solutions equilibrated with the atmosphere in a 2-l water-jacketed vessel at constant temperature (4-24 h, over 40 h at 5 C), O2 determined by Winkler titration, results corrected to a standard atmosphere; molality from molarity via density.",
millero2002b_10.1016_s0304-4203(02)00034-8_t2,solubility,MILLERO(2002b),10.1016/s0304-4203(02)00034-8,2,306,verified_pass2,pdf_text_layer,"Solutions equilibrated with the atmosphere in a 2-l water-jacketed vessel at constant temperature (4-24 h, over 40 h at 5 C), O2 determined by Winkler titration, results corrected to a standard atmosphere; molality from molarity via density.",
millero2002b_10.1016_s0304-4203(02)00034-8_t3,solubility,MILLERO(2002b),10.1016/s0304-4203(02)00034-8,3,106,verified_pass2,pdf_text_layer,"Solutions equilibrated with the atmosphere in a 2-l water-jacketed vessel at constant temperature (4-24 h, over 40 h at 5 C), O2 determined by Winkler titration, results corrected to a standard atmosphere; molality from molarity via density.",
millero2002b_10.1016_s0304-4203(02)00034-8_t4,solubility,MILLERO(2002b),10.1016/s0304-4203(02)00034-8,4,110,verified_pass2,pdf_text_layer,"Solutions equilibrated with the atmosphere in a 2-l water-jacketed vessel at constant temperature (4-24 h, over 40 h at 5 C), O2 determined by Winkler titration, results corrected to a standard atmosphere; molality from molarity via density.",
millero2002b_10.1016_s0304-4203(02)00034-8_t5,solubility,MILLERO(2002b),10.1016/s0304-4203(02)00034-8,5,112,verified_pass2,pdf_text_layer,"Solutions equilibrated with the atmosphere in a 2-l water-jacketed vessel at constant temperature (4-24 h, over 40 h at 5 C), O2 determined by Winkler titration, results corrected to a standard atmosphere; molality from molarity via density.",
mohammadi2025_10.1007_s42452-025-07557-2_t5,rho,MOHAMMADI(2025),10.1007/s42452-025-07557-2,5,14,verified_pass2,pdf_text_layer,Density by vibrating-tube densimeter (Anton Paar DMA-HPM) with 24 h CO2 saturation under syringe-pump pressure; viscosity by capillary (Hagen-Poiseuille) viscometry on CO2-saturated or CO2-free brine; pH by indicator strips.,
mohammadi2025_10.1007_s42452-025-07557-2_t6,rho,MOHAMMADI(2025),10.1007/s42452-025-07557-2,6,12,verified_pass2,pdf_text_layer,Density by vibrating-tube densimeter (Anton Paar DMA-HPM) with 24 h CO2 saturation under syringe-pump pressure; viscosity by capillary (Hagen-Poiseuille) viscometry on CO2-saturated or CO2-free brine; pH by indicator strips.,
mohammadi2025_10.1007_s42452-025-07557-2_t7,visc,MOHAMMADI(2025),10.1007/s42452-025-07557-2,7,6,verified_pass2,pdf_text_layer,Density by vibrating-tube densimeter (Anton Paar DMA-HPM) with 24 h CO2 saturation under syringe-pump pressure; viscosity by capillary (Hagen-Poiseuille) viscometry on CO2-saturated or CO2-free brine; pH by indicator strips.,
mohammadi2025_10.1007_s42452-025-07557-2_t8,visc,MOHAMMADI(2025),10.1007/s42452-025-07557-2,8,6,verified_pass2,pdf_text_layer,Density by vibrating-tube densimeter (Anton Paar DMA-HPM) with 24 h CO2 saturation under syringe-pump pressure; viscosity by capillary (Hagen-Poiseuille) viscometry on CO2-saturated or CO2-free brine; pH by indicator strips.,
mohammadi2025_10.1007_s42452-025-07557-2_t9,visc,MOHAMMADI(2025),10.1007/s42452-025-07557-2,9,3,verified_pass2,pdf_text_layer,Density by vibrating-tube densimeter (Anton Paar DMA-HPM) with 24 h CO2 saturation under syringe-pump pressure; viscosity by capillary (Hagen-Poiseuille) viscometry on CO2-saturated or CO2-free brine; pH by indicator strips.,
mohammadian2015_10.1021_je501172d_t1,solubility,MOHAMMADIAN(2015),10.1021/je501172d,1,20,verified_pass2,image_read,"CO2 equilibrated 3 h with brine in a 100 mL stirred autoclave; a sample is drawn into a floating-piston sampler holding NaOH, then titrated potentiometrically with 0.5 M HCl to get dissolved CO2 per mass of sample.",
mohammadian2015_10.1021_je501172d_t2,solubility,MOHAMMADIAN(2015),10.1021/je501172d,2,27,verified_pass2,image_read,"CO2 equilibrated 3 h with brine in a 100 mL stirred autoclave; a sample is drawn into a floating-piston sampler holding NaOH, then titrated potentiometrically with 0.5 M HCl to get dissolved CO2 per mass of sample.",
mohammadian2015_10.1021_je501172d_t3,solubility,MOHAMMADIAN(2015),10.1021/je501172d,3,22,verified_pass2,image_read,"CO2 equilibrated 3 h with brine in a 100 mL stirred autoclave; a sample is drawn into a floating-piston sampler holding NaOH, then titrated potentiometrically with 0.5 M HCl to get dissolved CO2 per mass of sample.",
mokraoui2007_10.1021_ie070858y_t5,solubility,MOKRAOUI(2007),10.1021/ie070858y,5,8,verified_html,publisher HTML table capture,"Static-analytic method with online Rolsi liquid/vapour samplers and GC (TCD+FID); VLLE conditions, 288 K up to below the hydrocarbon critical temperature.",
mokraoui2007_10.1021_ie070858y_t6,solubility,MOKRAOUI(2007),10.1021/ie070858y,6,12,verified_html,publisher HTML table capture,"Static-analytic method with online Rolsi liquid/vapour samplers and GC (TCD+FID); VLLE conditions, 288 K up to below the hydrocarbon critical temperature.",
mokraoui2007_10.1021_ie070858y_t7,solubility,MOKRAOUI(2007),10.1021/ie070858y,7,16,verified_html,publisher HTML table capture,"Static-analytic method with online Rolsi liquid/vapour samplers and GC (TCD+FID); VLLE conditions, 288 K up to below the hydrocarbon critical temperature.",
mokraoui2007_10.1021_ie070858y_t8,solubility,MOKRAOUI(2007),10.1021/ie070858y,8,10,verified_html,publisher HTML table capture,"Static-analytic method with online Rolsi liquid/vapour samplers and GC (TCD+FID); VLLE conditions, 288 K up to below the hydrocarbon critical temperature.",
morrison1952_10.1039_jr9520003819_t2,solubility,MORRISON(1952),10.1039/jr9520003819,2,238,verified_pass2,image_read,Flow-film gas-solubility apparatus (Part I) with separate gas burette and absorption spiral; solvents degassed by a vapour-pump principle; gas volume against solvent volume slope.,
murray1969_10.1016_0011-7471(69)90020-5_t2,solubility,MURRAY(1969),10.1016/0011-7471(69)90020-5,2,6,verified_pass2,image_read,"Gasometric saturation (Ben-Naim and Baer type): degassed sample in a stirred glass vessel in a thermostat, gas volume absorbed at constant pressure read on a mercury gas burette, sample weighed; Bunsen coefficient computed.",
murray1969_10.1016_0011-7471(69)90020-5_t3,solubility,MURRAY(1969),10.1016/0011-7471(69)90020-5,3,102,verified_pass2,image_read,"Gasometric saturation (Ben-Naim and Baer type): degassed sample in a stirred glass vessel in a thermostat, gas volume absorbed at constant pressure read on a mercury gas burette, sample weighed; Bunsen coefficient computed.",
murray1969b_10.1016_0011-7471(69)90021-7_t1,solubility,MURRAY(1969b),10.1016/0011-7471(69)90021-7,1,106,verified_pass2,image_read,Chemical: Winkler titration of water saturated with air in a thermostatted counter-current saturator (triplicate); physical: gasometric saturation with pure O2 as in Part I.,
murray1969b_10.1016_0011-7471(69)90021-7_t3,solubility,MURRAY(1969b),10.1016/0011-7471(69)90021-7,3,12,verified_pass2,image_read,Chemical: Winkler titration of water saturated with air in a thermostatted counter-current saturator (triplicate); physical: gasometric saturation with pure O2 as in Part I.,
naghibi1986_10.1021_j100410a030_t1,dh_sol,NAGHIBI(1986),10.1021/j100410a030,1,13,verified_pass2,pdf_text_layer,"Direct microcalorimetric measurement of the heat of solution of methane (99.99%) in water, 0 to 50 C.",
naim1963_10.1039_tf9635902735_t1,solubility,NAIM(1963),10.1039/tf9635902735,1,18,verified_pass2,image_read,Gas burette volumetric method: gas saturated with water vapour is dissolved in outgassed water at constant pressure of 1 atm in a stirred thermostatted vessel and the volume of gas dissolved is read directly on the mercury-levelled burette.,
nasirzadeh2004_10.1021_je034197x_t10,psat_ratio,NASIRZADEH(2004),10.1021/je034197x,10,42,verified_html,publisher HTML table capture,"Static vapour-pressure apparatus with differential and absolute Baratron manometers; thermostated glass flasks with stirring, degassed samples; 5 K steps from 298.15 K.",
oakes1990_10.1021_je00061a022_t1,rho,OAKES(1990),10.1021/je00061a022,1,171,verified_pass2,pdf_text_layer,"Relative densities of NaCl-CaCl2-H2O solutions (and the binaries) measured with a Paar DMA60/602HP vibrating-tube densimeter, calibrated with water and 5.552 mol/kg NaCl(aq), at nominal 298 and 308 K, 0.1 MPa.",
oakes1995_10.1007_bf00973444_t1,rho,OAKES(1995),10.1007/bf00973444,1,131,verified_pass2,"pdf_text_layer (OCR layer; parsed with a script from pdftotext -layout), checked row by row against the page images","Relative densities of CaCl2(aq) (0.242 to 6.150 mol/kg) measured against water with two high-pressure vibrating-tube densimeters at 25 to 250 C and near 70 and 400 bar; tubes calibrated with H2O-D2O, H2O-NaCl(aq) and H2O-Ar pairs; stock solutions made from CaCl2.2H2O, the 6.150 m stock analysed by desiccation and by 25 C density.",
olofsson1984_10.1016_0021-9614(84)90132-0_t1,dh_sol,OLOFSSON(1984),10.1016/0021-9614(84)90132-0,1,117,verified_pass2,pdf_text_layer,"Flow microcalorimetry (LKB twin-thermopile instrument): small gas volumes (water-saturated, from a syringe at 298.15 K) injected into a stream of de-aerated water at 288, 298 and 308 K; enthalpy of solution from the heat per mole of gas injected.",
osullivan1966_10.1016_0016-7037(66)90015-9_t1,solubility,OSULLIVAN(1966),10.1016/0016-7037(66)90015-9,1,12,verified_pass2,image_read,One-gallon stirred stainless-steel autoclave equilibrated about 8 h under N2 (pumped with water); liquid samples of 20-25 ml withdrawn into a calibrated gas burette (Wiebe-type) and gas volume and residual liquid measured.,
pabalan1988_10.1016_0016-7037(88)90296-7_t1,thermo_brine,PABALAN(1988),10.1016/0016-7037(88)90296-7,1,67,verified_pass2,image_read,"Flow calorimetry (Picker-type, Spectroflow pumps) giving the specific heat capacity of Na2SO4(aq) relative to pure water at 200 bar from 413 to 573 K; apparent molar heat capacities calculated with a heat-loss correction factor f.",
pabalan1988b_10.1021_je00053a037_t1,thermo_brine,PABALAN(1988b),10.1021/je00053a037,1,40,verified_pass2,image_read,"Flow calorimeter (Rogers-Pitzer, Phutela-Pitzer modification) comparing solution and pure water at 200 bar, 413-573 K.",
parisod1981_10.1021_je00023a008_t1,psat_ratio,PARISOD(1981),10.1021/je00023a008,1,34,verified_pass2,image_read,"Direct sampling of liquid and vapour phases from a 1-L stainless-steel autoclave with a high-pressure dilution unit, NaCl analysed by AgNO3 potentiometric titration (liquid) and Na+ electrode (vapour).",
pearce1937_10.1021_ja01291a061_t1,psat_ratio,PEARCE(1937),10.1021/ja01291a061,1,9,verified_pass2,pdf_text_layer,"Vapor pressures by the Pearce and Snow method (cited, with minor modifications); densities by 100-ml pycnometer; solutions by weight of anhydrous salt plus water.",
pearce1937_10.1021_ja01291a061_t2,psat_ratio,PEARCE(1937),10.1021/ja01291a061,2,5,verified_pass2,pdf_text_layer,"Vapor pressures by the Pearce and Snow method (cited, with minor modifications); densities by 100-ml pycnometer; solutions by weight of anhydrous salt plus water.",
pereda2009_10.1016_j.fluid.2008.09.008_t1,solubility,PEREDA(2009),10.1016/j.fluid.2008.09.008,1,8,verified_pass2,"pdf_text_layer, every cell compared with 170 dpi page images","Static-analytic technique with a Rolsi capillary sampler; aqueous samples analysed by gas chromatography (TCD/FID), 298-353 K, up to 0.5 MPa.",
pereda2009_10.1016_j.fluid.2008.09.008_t2,solubility,PEREDA(2009),10.1016/j.fluid.2008.09.008,2,8,verified_pass2,"pdf_text_layer, every cell compared with 170 dpi page images","Static-analytic technique with a Rolsi capillary sampler; aqueous samples analysed by gas chromatography (TCD/FID), 298-353 K, up to 0.5 MPa.",
pereda2009_10.1016_j.fluid.2008.09.008_t3,solubility,PEREDA(2009),10.1016/j.fluid.2008.09.008,3,8,verified_pass2,"pdf_text_layer, every cell compared with 170 dpi page images","Static-analytic technique with a Rolsi capillary sampler; aqueous samples analysed by gas chromatography (TCD/FID), 298-353 K, up to 0.5 MPa.",
perron1974_10.1139_v74-558_t1,thermo_brine,PERRON(1974),10.1139/v74-558,1,16,verified_pass2,image_read,"Densities with a flow densimeter and relative volumetric specific heats with a flow microcalorimeter, 0.01 to 0.4 M, 25 C; solutions prepared by weight dilution of AgNO3-titrated stock solutions.",
phutela1986_10.1021_je00045a018_t1,rho,PHUTELA(1986),10.1021/je00045a018,1,108,verified_pass2,pdf_text_layer,"Dilatometric: the density follows from the change in mercury-column height as the temperature of the solution cell is raised and lowered, calibrated against pure water; pressurised with nitrogen via the mercury; temperature by 25-ohm Pt thermometer.",
phutela1986_10.1021_je00045a018_t2,rho,PHUTELA(1986),10.1021/je00045a018,2,61,verified_pass2,pdf_text_layer,"Dilatometric: the density follows from the change in mercury-column height as the temperature of the solution cell is raised and lowered, calibrated against pure water; pressurised with nitrogen via the mercury; temperature by 25-ohm Pt thermometer.",
randall1929_10.1021_ja01377a001_t1,thermo_brine,RANDALL(1929),10.1021/ja01377a001,1,19,verified_pass2,image_read,"Differential adiabatic-type heat capacity calorimetry: two flasks (Unit 1 water, Unit 2 solution) heated with electrical energy, temperature rise compared with multi-junction thermels (galvanometer); salt added stepwise to Unit 2 to get change in heat capacity.",
rard1981_10.1021_je00023a013_t2_group1,phi_osm,RARD(1981),10.1021/je00023a013,2_group1,4,verified_pass2,pdf_text_layer,Isopiestic method at 25.00 C with KCl and H2SO4 reference standards; molalities are the average of two samples; saturated-solution molalities also determined by equilibration.,
rard1981_10.1021_je00023a013_t2_group2,phi_osm,RARD(1981),10.1021/je00023a013,2_group2,4,verified_pass2,pdf_text_layer,Isopiestic method at 25.00 C with KCl and H2SO4 reference standards; molalities are the average of two samples; saturated-solution molalities also determined by equilibration.,
reamer1943_10.1021_ie50403a012_t1,y_h2o,REAMER(1943),10.1021/ie50403a012,1,40,verified_pass2,image_read,"Gas phase of a heterogeneous ethane-water mixture over mercury sampled isobarically; water removed in a -140 F partial condenser, ethane quantity from pressure change in an isochoric chamber.",
rettich1981_10.1021_j150622a006_t2,solubility,RETTICH(1981),10.1021/j150622a006,2,32,verified_pass2,pdf_text_layer,"Benson-Krause type high-precision gas-solubility apparatus: degassed water equilibrated with methane, ethane or oxygen in a thermostatted cell; gas amounts determined from p-V-T of dry gas; Henry's constant derived per run with virial-equation corrections.",
rettich1981_10.1021_j150622a006_t3,solubility,RETTICH(1981),10.1021/j150622a006,3,46,verified_pass2,pdf_text_layer,"Benson-Krause type high-precision gas-solubility apparatus: degassed water equilibrated with methane, ethane or oxygen in a thermostatted cell; gas amounts determined from p-V-T of dry gas; Henry's constant derived per run with virial-equation corrections.",
rettich1984_10.1007_BF00645706_t2,solubility,RETTICH(1984),10.1007/bf00645706,2,34,verified_pass2,image_read,"Degassed water equilibrated with N2 in a sealed thermostatted equilibrator for 16-48 h; vapour and liquid samples of known volume taken, N2 extracted and amounts determined by PVT measurement (Ruska quartz Bourdon manometer); Benson-Krause technique.",
rettich2000_10.1006_jcht.1999.0581_t2,solubility,RETTICH(2000),10.1006/jcht.1999.0581,2,64,verified_pass2,pdf_text_layer,"Analytical (Benson-type) gas-extraction method: degassed water equilibrated with O2 in a thermostatted equilibrator for 16-48 h, total pressure about 100 kPa measured with a Ruska quartz Bourdon manometer, Henry constants derived from uncorrected constants h via virial-corrected thermodynamic data reduction.",
rigby1968_10.1021_j100847a064_t1,y_h2o,RIGBY(1968),10.1021/j100847a064,1,37,verified_pass2,pdf_text_layer,"Flow saturation method: compressed gas bubbled through two water-containing cells in series at constant T, expanded to about 1 atm, water collected on weighed magnesium perchlorate drying tubes and gas volume measured with a wet-test meter.",
robinson1968_10.6028_jres.072a.022_t1,phi_osm,ROBINSON(1968),10.6028/jres.072a.022,1,9,verified_pass2,image_read,Isopiestic vapour-pressure method at 25 C with KCl reference solutions for mixed KCl-CaCl2 solutions.,
rogers1981_10.1021_j150620a008_t1,thermo_brine,ROGERS(1981),10.1021/j150620a008,1,60,verified_pass2,pdf_text_layer,"Flow calorimeter (differential, reference vs working side) measuring heat capacity of aqueous Na2SO4 from 30 to 200 C at 1 bar/saturation pressure and at 200 bar; solutions made by weight.",
rogers1982_10.1021_je00027a014_t1,rho,ROGERS(1982),10.1021/je00027a014,1,48,verified_pass2,pdf_text_layer,"High-pressure dilatometer: change in mercury-column height with temperature of a ~9 cm3 solution at 20.27 bar, calibrated with pure water.",
romankiw1983_10.1021_je00033a005_t1,rho,ROMANKIW(1983),10.1021/je00033a005,1,40,verified_pass2,image_read,"Mettler/Paar DMA 55 oscillating-tube densitometer, calibrated with air and distilled-deionized water; sample temperature controlled to +/-0.03 C; NaCl, KCl, CaCl2 solutions by weight from oven-dried salts, MgCl2 and CaCl2 concentrations checked by gravimetric chloride (AgCl) analysis; measured at 1 atm",
romankiw1983_10.1021_je00033a005_t2,rho,ROMANKIW(1983),10.1021/je00033a005,2,45,verified_pass2,image_read,"Mettler/Paar DMA 55 oscillating-tube densitometer, calibrated with air and distilled-deionized water; sample temperature controlled to +/-0.03 C; NaCl, KCl, CaCl2 solutions by weight from oven-dried salts, MgCl2 and CaCl2 concentrations checked by gravimetric chloride (AgCl) analysis; measured at 1 atm",
romankiw1983_10.1021_je00033a005_t3,rho,ROMANKIW(1983),10.1021/je00033a005,3,30,verified_pass2,image_read,"Mettler/Paar DMA 55 oscillating-tube densitometer, calibrated with air and distilled-deionized water; sample temperature controlled to +/-0.03 C; NaCl, KCl, CaCl2 solutions by weight from oven-dried salts, MgCl2 and CaCl2 concentrations checked by gravimetric chloride (AgCl) analysis; measured at 1 atm",
romankiw1983_10.1021_je00033a005_t4,rho,ROMANKIW(1983),10.1021/je00033a005,4,64,verified_pass2,image_read,"Mettler/Paar DMA 55 oscillating-tube densitometer, calibrated with air and distilled-deionized water; sample temperature controlled to +/-0.03 C; NaCl, KCl, CaCl2 solutions by weight from oven-dried salts, MgCl2 and CaCl2 concentrations checked by gravimetric chloride (AgCl) analysis; measured at 1 atm",
sabirzyanov2002_10.1023_a:1015294905132_t1,y_h2o,SABIRZYANOV(2002),10.1023/a:1015294905132,1,7,verified_pass2,pdf_text_layer,"Circulation (dynamic saturation) facility: CO2 passed at 0.3-0.4 kg/h through an extraction cell with water at fixed T and P, water dissolved found from material balance by weighing.",
sabirzyanov2002_10.1023_a:1015294905132_t2,y_h2o,SABIRZYANOV(2002),10.1023/a:1015294905132,2,7,verified_pass2,pdf_text_layer,"Circulation (dynamic saturation) facility: CO2 passed at 0.3-0.4 kg/h through an extraction cell with water at fixed T and P, water dissolved found from material balance by weighing.",
sabirzyanov2003_10.1023_a:1022256927236_t1,solubility,SABIRZYANOV(2003),10.1023/a:1022256927236,1,34,verified_pass2,image_read,"Static method in a 96 cm3 constant-volume rocking autoclave; liquid sampled through a capillary at constant pressure into weighed ampoules, dissolved gas throttled off and its volume measured at 20 C, 760 mm Hg.",
saddington1934_10.1021_ja01317a024_t1,solubility,SADDINGTON(1934),10.1021/ja01317a024,1,36,verified_pass2,pdf_text_layer,"Compressed N2 saturated with water in a thermostatted high-pressure apparatus (dead-weight piston gage); liquid samples expanded to measure dissolved N2 volume, gas-phase water content by condensation in liquid-air traps and weighing, gas density from expansion of a closed pipet.",
saddington1934_10.1021_ja01317a024_t2,y_h2o,SADDINGTON(1934),10.1021/ja01317a024,2,18,verified_pass2,pdf_text_layer,"Compressed N2 saturated with water in a thermostatted high-pressure apparatus (dead-weight piston gage); liquid samples expanded to measure dissolved N2 volume, gas-phase water content by condensation in liquid-air traps and weighing, gas density from expansion of a closed pipet.",
sako1985_10.1021_je00040a030_t2,psat_ratio,SAKO(1985),10.1021/je00040a030,2,30,verified_pass2,pdf_text_layer,"All-glass Bourdon gauge (glass spiral with pointer read by cathetometer, nitrogen back-pressure measured with a mercury manometer); solution degassed under vacuum; 320-400 K; sample molality analysed after the run (EDTA titration for Mg and Ca, density at 293.2 K for HCl).",
sako1985_10.1021_je00040a030_t3,psat_ratio,SAKO(1985),10.1021/je00040a030,3,38,verified_pass2,pdf_text_layer,"All-glass Bourdon gauge (glass spiral with pointer read by cathetometer, nitrogen back-pressure measured with a mercury manometer); solution degassed under vacuum; 320-400 K; sample molality analysed after the run (EDTA titration for Mg and Ca, density at 293.2 K for HCl).",
sako1985_10.1021_je00040a030_t5,psat_ratio,SAKO(1985),10.1021/je00040a030,5,8,verified_pass2,pdf_text_layer,"All-glass Bourdon gauge (glass spiral with pointer read by cathetometer, nitrogen back-pressure measured with a mercury manometer); solution degassed under vacuum; 320-400 K; sample molality analysed after the run (EDTA titration for Mg and Ca, density at 293.2 K for HCl).",
saluja1987_10.1021_je00047a021_t1,thermo_brine,SALUJA(1987),10.1021/je00047a021,1,51,verified_pass2,pdf_text_layer,"Flow microcalorimeter (Cp) and flow vibrating-tube densimeter (d) at a constant pressure of 0.6 MPa, 297-373 K; apparent molar properties calculated by the authors.",
saluja1987_10.1021_je00047a021_t2,rho,SALUJA(1987),10.1021/je00047a021,2,53,verified_pass2,pdf_text_layer,"Flow microcalorimeter (Cp) and flow vibrating-tube densimeter (d) at a constant pressure of 0.6 MPa, 297-373 K; apparent molar properties calculated by the authors.",
saluja1995_10.1021_je00018a007_t1,rho,SALUJA(1995),10.1021/je00018a007,1,88,verified_pass2,"pdf_text_layer parsed by script (clean), compared with 200 dpi page images","Flow differential heat capacity microcalorimeter in series with a vibrating-tube densimeter, 298.15 to 373.15 K at 0.6 MPa, solutions prepared by weight.",
saluja1995_10.1021_je00018a007_t4,rho,SALUJA(1995),10.1021/je00018a007,4,216,verified_pass2,"pdf_text_layer parsed by script (clean), compared with 200 dpi page images","Flow differential heat capacity microcalorimeter in series with a vibrating-tube densimeter, 298.15 to 373.15 K at 0.6 MPa, solutions prepared by weight.",
scheuermann2020_10.1016_j.gca.2020.05.020_t1,solubility,SCHEUERMANN(2020),10.1016/j.gca.2020.05.020,1,18,verified_pass2,pdf_text_layer,"Fixed-volume titanium-alloy reactor connected to a syringe pump, fH2 fixed by the hematite-magnetite buffer in KCl-H2O fluids at 400-500 C and 215-510 bar; vapour and single-phase fluid aliquots sampled and H2 measured by gas chromatography, K by ICP-OES, Cl by ion chromatography.",
serra2006_10.1016_j.jct.2006.03.019_t2,solubility,SERRA(2006),10.1016/j.jct.2006.03.019,2,26,verified_pass2,pdf_text_layer,"Ben-Naim type apparatus at atmospheric pressure, 293.15-333.15 K (measurements 293.15-323.15 K): degassed solvent stirred in a dissolution cell (662.4 cm3) with water-saturated methane, dissolved gas read directly from a gas column.",
servio2001_10.1016_s0378-3812(01)00598-2_t1,solubility,SERVIO(2001),10.1016/s0378-3812(01)00598-2,1,42,verified_pass2,pdf_text_layer,"CO2 solubility in water (273-284 K, 20-60 bar) in a stirred crystallizer with or without hydrate; filtered liquid sample into an evacuated bomb, analysed by flashing to a Ruska gasometer.",
servio2001b_10.1021_je0102255_t1,solubility,SERVIO(2001b),10.1021/je0102255,1,30,verified_pass2,pdf_text_layer,"Liquid water sampled through a microfilter from a crystallizer with CH4 hydrate (or hydrate-free Lw-V), flashed in an evacuated bomb and the evolved CH4 measured in a Ruska gasometer, corrected for CH4 left dissolved at room conditions.",
shiah1996_10.1016_s0378-3812(96)03013-0_t1,psat_ratio,SHIAH(1996),10.1016/s0378-3812(96)03013-0,1,40,verified_pass2,"pdf_text_layer (OCR-type text layer) transcribed from the 200 dpi page images (journal pages 238, 239, 242, 243)",Static method with an isoteniscope and U-tube null indicator in a windowed thermostat; absolute pressure read with an MKS Baratron transducer; solutions degassed by boiling and freezing; 298.15-343.15 K in 5 K steps.,
shiah1996_10.1016_s0378-3812(96)03013-0_t3,psat_ratio,SHIAH(1996),10.1016/s0378-3812(96)03013-0,3,40,verified_pass2,"pdf_text_layer (OCR-type text layer) transcribed from the 200 dpi page images (journal pages 238, 239, 242, 243)",Static method with an isoteniscope and U-tube null indicator in a windowed thermostat; absolute pressure read with an MKS Baratron transducer; solutions degassed by boiling and freezing; 298.15-343.15 K in 5 K steps.,
smith1962_10.1016_0016-7037(62)90066-2_t2,solubility,SMITH(1962),10.1016/0016-7037(62)90066-2,2,10,verified_pass2,"pdf_text_layer (pdftotext -layout) cross-checked, then every digit re-read from the 200 and 400 dpi page images and transcribed from the image","Pressure decline method (apparatus described in Duffy et al. 1961, paper I of the series); N2 compressibility factors from the International Critical Tables; water-pumped N2 of 99.6 percent purity; Fisher certified salts, Na2SO4 N.F. grade, sulphates dried at 110 C, NaCl and CaCl2 water content found negligible by chloride titration.",
song1987_10.2118_15905-pa_t1,y_h2o,SONG(1987),10.2118/15905-pa,1,53,verified_pass2,pdf_text_layer,"Water content of CO2-rich gas or liquid sampled from a rotating autoclave (Galloway apparatus, tandem circulation pump, constant-temperature air bath), analysed with the Bloch and Lifland modified chromatographic technique; equilibrium with liquid water, ice or hydrate.",
song1997_10.1016_s0378-3812(96)03165-2_t1,solubility,SONG(1997),10.1016/s0378-3812(96)03165-2,1,8,verified_pass2,image_read,"Constant-pressure P-V-T runs in a rocking visual cell with a Ruska positive displacement pump: gas volume taken up by water followed vs liquid temperature while cooling, giving mole fraction solubility of CH4 (3.45 MPa) and C2H6 (0.66 MPa) at and near hydrate conditions.","The authors call the excess over Henry law sorption: the 5-15 C values are ramped (non-equilibrium) uptake, 2-4 times the Henry baseline; the 0 C values are below the catastrophic temperature (hydrate). Not equilibrium solubilities."
song1997_10.1016_s0378-3812(96)03165-2_t2,solubility,SONG(1997),10.1016/s0378-3812(96)03165-2,2,14,verified_pass2,image_read,"Constant-pressure P-V-T runs in a rocking visual cell with a Ruska positive displacement pump: gas volume taken up by water followed vs liquid temperature while cooling, giving mole fraction solubility of CH4 (3.45 MPa) and C2H6 (0.66 MPa) at and near hydrate conditions.","The authors call the excess over Henry law sorption: the 5-15 C values are ramped (non-equilibrium) uptake, 2-4 times the Henry baseline; the 0 C values are below the catastrophic temperature (hydrate). Not equilibrium solubilities."
song2013_10.1021_je400459y_t2,rho,SONG(2013),10.1021/je400459y,2,100,verified_html,publisher HTML table capture,"magnetic suspension balance (Rubotherm MSB) density of CO2-loaded NaCl brine; temperature by Pt100, pressure by a 20 MPa sensor; CO2-loaded solutions prepared per Zhang et al. (ref 16)",
song2013_10.1021_je400459y_t2,rho_gas,SONG(2013),10.1021/je400459y,2,300,verified_html,publisher HTML table capture,"magnetic suspension balance (Rubotherm MSB) density of CO2-loaded NaCl brine; temperature by Pt100, pressure by a 20 MPa sensor; CO2-loaded solutions prepared per Zhang et al. (ref 16)",
song2014_10.1021_es404618y_t1_group1,y_h2o,SONG(2014),10.1021/es404618y,1_group1,12,verified_pass2,pdf_text_layer,"Dew points of water in CO2 and in a CO2+2.5% N2+5.8% O2 mixture observed visually in a glass microfluidic channel: single-phase wet sample prepared at 75 C by injecting a known water volume into a CO2 cylinder, chip held isothermal while pressure is lowered until droplets appear, then pressure tuned until droplet size is constant (P = P_dew).",
song2014b_10.1021_je500062a_t4,rho,SONG(2014b),10.1021/je500062a,4,85,verified_pass2,pdf_text_layer,Compressed-liquid densities of deionized water and CO2 + H2O solutions at fixed CO2 mole fractions measured at 274-413 K and 10-18 MPa in a closed-cell vibrating-tube type apparatus (density from mass and volume as described in the paper's Experimental Section).,
song2014b_10.1021_je500062a_t5,rho_gas,SONG(2014b),10.1021/je500062a,5,459,verified_pass2,pdf_text_layer,Compressed-liquid densities of deionized water and CO2 + H2O solutions at fixed CO2 mole fractions measured at 274-413 K and 10-18 MPa in a closed-cell vibrating-tube type apparatus (density from mass and volume as described in the paper's Experimental Section).,
stewart1970_10.1021_je60044a001_t2,solubility,STEWART(1970),10.1021/je60044a001,2,12,verified_pass2,pdf_text_layer,"Rocking autoclave equilibrium at constant CO2 pressure; liquid sample withdrawn into a Monel tube, CO2 distilled out, absorbed in standard Ba(OH)2 and back-titrated.",
sun2023_10.1021_acs.jced.3c00096_t4,solubility,SUN(2023),10.1021/acs.jced.3c00096,4,12,verified_pass2,pdf_text_layer,"PVT cylinder (300 mL hastelloy) with water displacement: at constant gas pressure part of the equilibrated water is transferred out, flashed at ambient conditions and the released gas and water volumes are measured.",
surdo1982_10.1016_0021-9614(82)90080-5_t1,rho,SURDO(1982),10.1016/0021-9614(82)90080-5,1,367,verified_pass2,pdf_text_layer,"Vibrating-tube flow densimeter measuring density differences between solutions and pure water, 278.15-318.15 K, 0.1 mol/kg to saturation.",
teng1997_10.1006_jcht.1997.0249_t1,solubility,TENG(1997),10.1006/jcht.1997.0249,1,48,verified_pass2,pdf_text_layer,Sapphire-tube apparatus with water column over liquid CO2 and a mercury column; volume change of the CO2 and water columns read on a scale after 24 h at set T and p gives CO2 solubility and solution density.,
truche2016_10.1016_j.gca.2015.12.033_t1,solubility,TRUCHE(2016),10.1016/j.gca.2015.12.033,1,12,verified_pass2,image_read,"450 mL titanium hydrothermal cell with in-situ Raman spectroscopy and a Cu/Cu2O/ZrO2(Y2O3) potentiometric pH probe; dissolved inorganic carbon of sampled aliquots determined gravimetrically as BaCO3 (CO2 molality), Raman peak area ratio CO2/H2O calibrated against it.",
uusikyyny2016_10.1021_acs.jced.6b00126_t2,solubility,UUSIKYYNY(2016),10.1021/acs.jced.6b00126,2,8,verified_html,publisher HTML table capture,Rotating high-T/high-P equilibrium cell (70 cm3) with high-pressure samplers and GC analysis of both phases; propane-water used as validation system.,
wang2013_10.1016_j.fluid.2012.11.012_t3,y_h2o,WANG(2013),10.1016/j.fluid.2012.11.012,3,4,verified_pass2,pdf_text_layer,In situ near-infrared absorption (7100-7500 cm-1 band) of water dissolved in scCO2 above liquid water or CaCl2 solution; solubility from the intersection of linear fits of absorbance versus added water volume (spectral titration).,
wang2019_10.1021_acs.jced.9b00013_t5,solubility,WANG(2019),10.1021/acs.jced.9b00013,5,198,verified_pass2,pdf_text_layer,"CO2-saturated water or NaCl solution is circulated through a fused silica capillary cell; the Raman nu(CO2)/nu(H2O) peak height ratio, converted with a calibration against known CO2 concentrations, gives the CO2 solubility in situ.",
wang2019_10.1021_acs.jced.9b00013_t6,solubility,WANG(2019),10.1021/acs.jced.9b00013,6,102,verified_pass2,pdf_text_layer,"CO2-saturated water or NaCl solution is circulated through a fused silica capillary cell; the Raman nu(CO2)/nu(H2O) peak height ratio, converted with a calibration against known CO2 concentrations, gives the CO2 solubility in situ.",
wang2019_10.1021_acs.jced.9b00013_t7,solubility,WANG(2019),10.1021/acs.jced.9b00013,7,102,verified_pass2,pdf_text_layer,"CO2-saturated water or NaCl solution is circulated through a fused silica capillary cell; the Raman nu(CO2)/nu(H2O) peak height ratio, converted with a calibration against known CO2 concentrations, gives the CO2 solubility in situ.",
wang2019_10.1021_acs.jced.9b00013_t8,solubility,WANG(2019),10.1021/acs.jced.9b00013,8,102,verified_pass2,pdf_text_layer,"CO2-saturated water or NaCl solution is circulated through a fused silica capillary cell; the Raman nu(CO2)/nu(H2O) peak height ratio, converted with a calibration against known CO2 concentrations, gives the CO2 solubility in situ.",
weiss1974_10.1016_0304-4203(74)90015-2_t1,solubility,WEISS(1974),10.1016/0304-4203(74)90015-2,1,30,verified_pass2,pdf_text_layer,"Microgasometric technique: degassed water (distilled or seawater) equilibrated with pure CO2 gas in a chamber, gas volume change measured (6-10 min equilibration); corrected for non-ideality and dissociation.",
white1987_10.1016_0021-9614(87)90132-7_t1,thermo_brine,WHITE(1987),10.1016/0021-9614(87)90132-7,1,223,verified_pass2,ocr,"Differential flow heat-capacity calorimeter: electric power needed for equal temperature rise with sample solution and pure water flowing, calibrated with 3.0 mol/kg NaCl; apparent molar heat capacities of CaCl2(aq) at m 0.05 to 3.0 mol/kg, 306 to 603 K, 17.5 MPa.",
wiebe1932_10.1021_ie50272a023_t1,solubility,WIEBE(1932),10.1021/ie50272a023,1,14,verified_pass2,pdf_text_layer,"Gas-saturated water at 25 C analysed by bubbling (approach to saturation from low and high pressure) and, at 100/200/300 atm, by a shaking apparatus; apparatus as in the authors' hydrogen work.",
wiebe1932_10.1021_ie50272a023_t2,solubility,WIEBE(1932),10.1021/ie50272a023,2,4,verified_pass2,pdf_text_layer,"Gas-saturated water at 25 C analysed by bubbling (approach to saturation from low and high pressure) and, at 100/200/300 atm, by a shaking apparatus; apparatus as in the authors' hydrogen work.",
wiebe1939_10.1021_ja01871a025_t1,solubility,WIEBE(1939),10.1021/ja01871a025,1,58,verified_pass2,pdf_text_layer,"Static saturation of water with CO2 in a thermostatted bomb; saturated samples expanded into a buret system at barometric pressure and 25 C, gas and water measured, with a correction for gas left in the water.",
wiebe1940_10.1021_ja01861a033_t1,solubility,WIEBE(1940),10.1021/ja01861a033,1,84,verified_pass2,pdf_text_layer,Static equilibrium: CO2 saturated with water in a high-pressure bomb at constant temperature; liquid sample expanded and CO2 volume measured at S.T.P. per gram of water (apparatus as in Wiebe and Gaddy 1939).,
wiebe1941_10.1021_ja01847a030_t1,y_h2o,WIEBE(1941),10.1021/ja01847a030,1,35,verified_pass2,pdf_text_layer,"CO2 saturated with water in a high-pressure bomb (glass beads and spray catcher); gas from the CO2-rich phase passed continuously through the bomb, expanded, and its water collected in an absorption train and weighed per litre of expanded gas at S.T.P.",
wood1984_10.2475_ajs.284.6.668_t1,psat_ratio,WOOD(1984),10.2475/ajs.284.6.668,1,223,verified_pass2,image_read,"Static vapor-pressure method: differential pressure between a pure-water autoclave and a salt-solution autoclave at the same temperature (oil bath), measured with Bourdon-tube differential gauges and a strain-gauge transducer; molality by weight at room temperature corrected for water in the vapor space, or by sampling and atomic absorption for CaCl2 above 300 C.","CSV rows 1, 18 and 145 (0.5 m NaCl 200 C, CaCl2 200 C, CaCl2 300 C) are more than 3 psid below neighbours (stated systematic error 1-2 psid); printed as is. dP = P_water - P_brine."
yamamoto1976_10.1021_je60068a029_t1,solubility,YAMAMOTO(1976),10.1021/je60068a029,1,394,verified_pass2,pdf_text_layer,"Scholander microgasometric technique as modified by Douglas: equilibrated water or seawater, measured volumes of absorbed gas and of water; Bunsen coefficients (beta, ml CH4 at STP per ml water at 760 mm partial pressure) corrected for dissolved-gas volume with a partial molal volume of 37 cm3.",
yarrison2006b_Yarrison_2007_t11,y_h2o,YARRISON(2006b),,11,30,verified_pass2,image_read,"Flow method: gas flows from a water-saturated 1.3 L cell (with pre-saturation column) at cell pressure through heated tubing into an analysis train; water is captured on magnesium perchlorate desiccant tubes (gravimetric) and/or an electrical resistance sensor (used at 311 and 314 K), gas volume by wet test meter; each point is the average of three runs (two for the highest-pressure points of Tabl","CSV row 27 (422.04 K, 96.53 MPa, y_H2O 1.25E-01) is a suspected misprint (about 10 times too high against its neighbours); printed as is."
yarrison2006b_Yarrison_2007_t12,y_h2o,YARRISON(2006b),,12,29,verified_pass2,image_read,"Flow method: gas flows from a water-saturated 1.3 L cell (with pre-saturation column) at cell pressure through heated tubing into an analysis train; water is captured on magnesium perchlorate desiccant tubes (gravimetric) and/or an electrical resistance sensor (used at 311 and 314 K), gas volume by wet test meter; each point is the average of three runs (two for the highest-pressure points of Tabl",
yasunishi1977_10.1252_jcej.10.89_t1,solubility,YASUNISHI(1977),10.1252/jcej.10.89,1,8,verified_pass2,image_read (all five tables read from the 200 dpi page image; text layer checked),"Gas saturation (volumetric) method: degassed solution and measured gas volume in a dissolution vessel (Hg-sealed) in an air thermostat, gas buret and manometer; Ostwald coefficient L = VG/VL from gas absorbed and liquid volume, at gas partial pressure 1 atm.",
zawisza1981_10.1021_je00026a012_t1,y_h2o,ZAWISZA(1981),10.1021/je00026a012,1,14,verified_pass2,image_read,"Static method in a thermostatted measuring tube with cathetometer volume readings and dead-weight manometer pressure: dew-point pressures and p-V isotherms down to 0.2 MPa for water + CO2 mixtures of fixed composition, and boiling-point pressures near pure water.",
zawisza1981_10.1021_je00026a012_t2,solubility,ZAWISZA(1981),10.1021/je00026a012,2,66,verified_pass2,image_read,"Static method in a thermostatted measuring tube with cathetometer volume readings and dead-weight manometer pressure: dew-point pressures and p-V isotherms down to 0.2 MPa for water + CO2 mixtures of fixed composition, and boiling-point pressures near pure water.",
zezin2014_10.1021_je400761c_t2,rho,ZEZIN(2014),10.1021/je400761c,2,740,verified_pass2,pdf_text_layer,"Vibrating-tube densimeter (custom DMA HP, Stabinger) measuring the density difference between degassed KCl-NaCl solutions and pure Milli-Q water at 298.15-523.15 K up to 40 MPa.",
zezin2014b_10.1021_je500371u_t2,rho,ZEZIN(2014b),10.1021/je500371u,2,1339,verified_html,publisher HTML table capture,"Vibrating-tube densimeters; density difference of solution relative to pure water at T, p, calibrated with water and NaCl reference solutions (Hill EoS, Archer EoS).",
zezin2015_10.1021_je501152a_t2_group1,rho,ZEZIN(2015),10.1021/je501152a,2_group1,98,verified_html,publisher HTML table capture,"Two vibrating-tube densimeters (custom DMA HP, Anton Paar DMA HP 4100); density difference relative to pure water with water and NaCl reference solutions.",
zezin2015_10.1021_je501152a_t2_group2,rho,ZEZIN(2015),10.1021/je501152a,2_group2,299,verified_html,publisher HTML table capture,"Two vibrating-tube densimeters (custom DMA HP, Anton Paar DMA HP 4100); density difference relative to pure water with water and NaCl reference solutions.",
zheng1997_10.1016_s0378-3812(96)03177-9_t3,solubility,ZHENG(1997),10.1016/s0378-3812(96)03177-9,3,20,verified_pass2,pdf_text_layer,"Static gas absorption: degassed water or NaCl solution in a glass cell, gas admitted from a calibrated flask, solubility from PVT balance of the gas introduced, at low pressure (<0.1 MPa); NaCl content checked by evaporation to dryness after the run.",
zheng1997_10.1016_s0378-3812(96)03177-9_t4,solubility,ZHENG(1997),10.1016/s0378-3812(96)03177-9,4,12,verified_pass2,pdf_text_layer,"Static gas absorption: degassed water or NaCl solution in a glass cell, gas admitted from a calibrated flask, solubility from PVT balance of the gas introduced, at low pressure (<0.1 MPa); NaCl content checked by evaporation to dryness after the run.",
zheng1997_10.1016_s0378-3812(96)03177-9_t5,solubility,ZHENG(1997),10.1016/s0378-3812(96)03177-9,5,12,verified_pass2,pdf_text_layer,"Static gas absorption: degassed water or NaCl solution in a glass cell, gas admitted from a calibrated flask, solubility from PVT balance of the gas introduced, at low pressure (<0.1 MPa); NaCl content checked by evaporation to dryness after the run.",
zheng1997_10.1016_s0378-3812(96)03177-9_t6,solubility,ZHENG(1997),10.1016/s0378-3812(96)03177-9,6,12,verified_pass2,pdf_text_layer,"Static gas absorption: degassed water or NaCl solution in a glass cell, gas admitted from a calibrated flask, solubility from PVT balance of the gas introduced, at low pressure (<0.1 MPa); NaCl content checked by evaporation to dryness after the run.",
zheng1997_10.1016_s0378-3812(96)03177-9_t7,solubility,ZHENG(1997),10.1016/s0378-3812(96)03177-9,7,12,verified_pass2,pdf_text_layer,"Static gas absorption: degassed water or NaCl solution in a glass cell, gas admitted from a calibrated flask, solubility from PVT balance of the gas introduced, at low pressure (<0.1 MPa); NaCl content checked by evaporation to dryness after the run.",
zirrahi2016_10.1002_aic.15512_t1,y_h2o,ZIRRAHI(2016),10.1002/aic.15512,1,62,verified_pass2,pdf_text_layer,"Bubble column in an oven saturates the gas with water; after a demister the gas is cooled, water adsorbed on a desiccant and weighed, dried gas volume measured by a gasometer.",
abdulagatov2016_10.1016_j.apgeochem.2016.04.003_t4_group1,supplementary:density,ABDULAGATOV(2016),10.1016/j.apgeochem.2016.04.003,4_group1,23,verified_pass2,pdf_text_layer,"Vibrating-tube densimeters (Anton Paar DMA4500, SVM3000, DSA 5000M) for density, SVM3000 for viscosity, DSA 5000M for speed of sound, at atmospheric pressure, 277-353 K, four natural geothermal brines from South Russia.",
abdulagatov2016_10.1016_j.apgeochem.2016.04.003_t4_group2,supplementary:density,ABDULAGATOV(2016),10.1016/j.apgeochem.2016.04.003,4_group2,30,verified_pass2,pdf_text_layer,"Vibrating-tube densimeters (Anton Paar DMA4500, SVM3000, DSA 5000M) for density, SVM3000 for viscosity, DSA 5000M for speed of sound, at atmospheric pressure, 277-353 K, four natural geothermal brines from South Russia.",
abdulagatov2016_10.1016_j.apgeochem.2016.04.003_t4_group3,supplementary:density,ABDULAGATOV(2016),10.1016/j.apgeochem.2016.04.003,4_group3,29,verified_pass2,pdf_text_layer,"Vibrating-tube densimeters (Anton Paar DMA4500, SVM3000, DSA 5000M) for density, SVM3000 for viscosity, DSA 5000M for speed of sound, at atmospheric pressure, 277-353 K, four natural geothermal brines from South Russia.",
anderson1962_10.1021_je60013a040_t2_group2,supplementary:henry_constant,ANDERSON(1962),10.1021/je60013a040,2_group2,23,verified_pass2,image_read,"Stainless-steel 550 ml vessel with 275 ml solvent, Kr-85-tagged krypton at tracer level plus oxygen overpressure, heated to 100-300 C; simultaneous vapor and liquid samples withdrawn, Kr determined by radioactivity, dissolved gas by gas law and sample volume.",
anderson1962_10.1021_je60013a040_t2_group3,supplementary:henry_constant,ANDERSON(1962),10.1021/je60013a040,2_group3,14,verified_pass2,image_read,"Stainless-steel 550 ml vessel with 275 ml solvent, Kr-85-tagged krypton at tracer level plus oxygen overpressure, heated to 100-300 C; simultaneous vapor and liquid samples withdrawn, Kr determined by radioactivity, dissolved gas by gas law and sample volume.",
aranovich1996_10.1007_s004100050216_t2,supplementary:other,ARANOVICH(1996),10.1007/s004100050216,2,67,verified_pass2,pdf_text_layer,"Brucite-periclase dehydration equilibrium reversals in H2O-NaCl fluid in Pt capsules (internally heated Ar apparatus at 2 and 4.2 kbar, piston-cylinder at 4.2-15 kbar); fluid composition change measured by weight loss on drying of punctured capsules; H2O activity derived thermodynamically.",
aranovich1997_10.1007_s004100050279_t1,supplementary:water_activity,ARANOVICH(1997),10.1007/s004100050279,1,27,verified_pass2,pdf_text_layer,"Reversed brucite-periclase equilibrium in KCl-H2O fluids at 1-15 kbar and 545-850 C in piston-cylinder runs; H2O activity from the fluid composition at equilibrium and thermodynamic data, KCl activity from sylvite saturation temperature.",
aya1997_10.1016_s0360-5442(96)00093-x_t1,supplementary:gas_solubility_other_basis,AYA(1997),10.1016/s0360-5442(96)00093-x,1,9,verified_pass2,pdf_text_layer,"Loop-type high-pressure facility simulating 3000 m ocean depth; circulating water at 30 MPa cooled until CO2 hydrate precipitated; sample water depressurised into a flexible bag, evaporated gas volume and total weight measured to give CO2 mass fraction.",
bischoff1986_10.1016_0016-7037(86)90317-0_t1,supplementary:other,BISCHOFF(1986),10.1016/0016-7037(86)90317-0,1,84,verified_pass2,image_read,"Titanium vessel of 26 ml in a fluidized particle bath; vapor sampled sequentially from the top and liquid from the bottom while pressure fell along the phase boundary (T near Tc), or three samples of vapor from the vapor-liquid-halite assemblage; chloride analysed by ion chromatography with conductivity detector.",
bischoff1986_10.1016_0016-7037(86)90317-0_t2,supplementary:other,BISCHOFF(1986),10.1016/0016-7037(86)90317-0,2,12,verified_pass2,image_read,"Titanium vessel of 26 ml in a fluidized particle bath; vapor sampled sequentially from the top and liquid from the bottom while pressure fell along the phase boundary (T near Tc), or three samples of vapor from the vapor-liquid-halite assemblage; chloride analysed by ion chromatography with conductivity detector.",
brendler1994_10.1007_bf00976256_t2,supplementary:isopiestic_pair,BRENDLER(1994),10.1007/bf00976256,2,29,verified_pass2,pdf_text_layer,"Isopiestic method at 155 C (stainless-steel autoclave, 12 vitreous-carbon cups: 3 MgCl2 reference and 9 test solutions, 48 h heating plus 48 h equilibration, mass loss by weighing) with MgCl2(aq) as reference; CaCl2 measured to test the apparatus, LiCl and CsCl as the target systems.",
brendler1995_10.1007_bf00973445_t1,supplementary:isopiestic_pair,BRENDLER(1995),10.1007/bf00973445,1,101,verified_pass2,pdf_text_layer,"Isopiestic method at 155.5 C with MgCl2(aq) as the reference electrolyte, mixtures of LiCl and MgCl2 at constant LiCl salt mole fraction y = 0.1-0.7 equilibrated simultaneously with the reference.",
brendler1996_10.1007_bf00972761_t1,supplementary:isopiestic_pair,BRENDLER(1996),10.1007/bf00972761,1,127,verified_pass2,pdf_text_layer,"Isopiestic method (apparatus after Grjotheim et al., updated) with MgCl2 as reference electrolyte, KCl-MgCl2-H2O at 155.5 C, 12 constant salt mole fractions y_KCl.",
call2000_10.1006_jcht.2000.0697_t1,supplementary:apparent_molar_volume,CALL(2000),10.1006/jcht.2000.0697,1,90,verified_pass2,pdf_text_layer,"Vibrating-tube densimeter (Anton Paar DMA 512) for densities and a twin fixed-cell power-compensation temperature-scanning calorimeter (NanoDSC 6100) for heat capacities, giving V_phi and Cp_phi of MgCl2(aq) at 0.35 MPa, calibrated with 1 mol/kg NaCl(aq) and water.",
chen1977_10.1021_je60073a007_t1,supplementary:apparent_molar_volume,CHEN(1977),10.1021/je60073a007,1,213,verified_pass2,image_read,"Densities of aqueous NaCl, KCl, MgCl2, Na2SO4 and MgSO4 measured with a high-pressure magnetic-float densimeter (nonmagnetic Be-Cu bomb, 170 cm3) at 0, 25 and 50 C from 0 to about 1000 bar in 100-bar steps; apparent molal volumes phi_V computed from the densities with their eq 1.",
chen1977_10.1021_je60073a007_t2,supplementary:apparent_molar_volume,CHEN(1977),10.1021/je60073a007,2,180,verified_pass2,image_read,"Densities of aqueous NaCl, KCl, MgCl2, Na2SO4 and MgSO4 measured with a high-pressure magnetic-float densimeter (nonmagnetic Be-Cu bomb, 170 cm3) at 0, 25 and 50 C from 0 to about 1000 bar in 100-bar steps; apparent molal volumes phi_V computed from the densities with their eq 1.",
chen1977_10.1021_je60073a007_t3,supplementary:apparent_molar_volume,CHEN(1977),10.1021/je60073a007,3,173,verified_pass2,image_read,"Densities of aqueous NaCl, KCl, MgCl2, Na2SO4 and MgSO4 measured with a high-pressure magnetic-float densimeter (nonmagnetic Be-Cu bomb, 170 cm3) at 0, 25 and 50 C from 0 to about 1000 bar in 100-bar steps; apparent molal volumes phi_V computed from the densities with their eq 1.",
covington1968_10.1021_j100854a012_t1,supplementary:isopiestic_pair,COVINGTON(1968),10.1021/j100854a012,1,84,verified_pass2,pdf_text_layer,"Isopiestic vapour-pressure method at 25 +/- 0.02 C: silver dishes on aluminium blocks in rocked desiccators, four duplicate determinations on the mixture with the pure component salts in the other four dishes, 1-4 days equilibration.",
crozier1974_10.1021_je60062a007_t4,supplementary:gas_solubility_coefficient,CROZIER(1974),10.1021/je60062a007,4,10,verified_pass2,pdf_text_layer,"Scholander microgasometric technique as modified by Douglas: about 6 ml degassed water equilibrated with H2 in a shaken vessel in a bath thermoregulated to 0.01 C; gas volume absorbed and water volume measured, Bunsen coefficient corrected 0.12% for partial molal volume (26 cm3/mol).",
davis1986_10.1021_je00043a018_t1,supplementary:isopiestic_pair,DAVIS(1986),10.1021/je00043a018,1,20,verified_pass2,pdf_text_layer,"Isopiestic method at 50 C with NaCl as reference salt; 20 successful equilibrations, two or three samples per salt; molalities of NaCl, LiCl and CaCl2 solutions at isopiestic equilibrium.",
duckett1986_10.1021_je00044a022_t1,supplementary:isopiestic_pair,DUCKETT(1986),10.1021/je00044a022,1,27,verified_pass2,pdf_text_layer,Isopiestic comparison of CaCl2(aq) with LiCl(aq) reference at 50 C using the apparatus of Humphries et al. with modifications of Davis et al.,
efika2016_10.1016_j.jct.2015.06.034_t4,supplementary:density,EFIKA(2016),10.1016/j.jct.2015.06.034,4,128,verified_pass2,ocr,"Equilibrium cell with two syringe pumps and two vibrating tube densimeters in one thermostat; saturated aqueous (bottom) and CO2-rich (top) phases displaced sequentially at constant pressure into the densimeters, calibrated in situ with water, CO2 and helium.",
ellis1967_10.1039_j19670000660_t1,supplementary:density,ELLIS(1967),10.1039/j19670000660,1,48,verified_pass2,image_read,Precise density change of solutions between 50 C and higher temperatures measured as in Ellis (1966) J. Chem. Soc. A 1579; densities at 50 C taken from International Critical Tables; total pressure 20 atm.,
enns1965_10.1021_j100886a005_t1,supplementary:apparent_molar_volume,ENNS(1965),10.1021/j100886a005,1,14,verified_pass2,image_read,Water saturated with gas near atmospheric pressure is held in a pressure chamber at 0-102 atm hydrostatic pressure; the gas equilibrium pressure is found by a null-point measurement of pressure developed inside a gas-permeable Teflon tube immersed in the solution.,
fox1909_10.1039_tf9090500068_t4,supplementary:gas_solubility_other_basis,FOX(1909),10.1039/tf9090500068,4,26,verified_pass2,image_read,"N2 and O2 in air-free distilled water: modified Estreicher-Ostwald burette method (gas volume, pressure and temperature read before and after absorption in a bulb at 0-50 C, several pressures per run); CO2 in sea-water/distilled water at low CO2 partial pressure: equilibration by rotating bottle, CO2 pressure by Pettenkofer (Ba(OH)2) titration, total CO2 and alkalinity by gas extraction and titrat",
fox1909_10.1039_tf9090500068_t5,supplementary:gas_solubility_other_basis,FOX(1909),10.1039/tf9090500068,5,57,verified_pass2,image_read,"N2 and O2 in air-free distilled water: modified Estreicher-Ostwald burette method (gas volume, pressure and temperature read before and after absorption in a bulb at 0-50 C, several pressures per run); CO2 in sea-water/distilled water at low CO2 partial pressure: equilibration by rotating bottle, CO2 pressure by Pettenkofer (Ba(OH)2) titration, total CO2 and alkalinity by gas extraction and titrat",
gates1985_10.1021_je00039a015_t1,supplementary:density,GATES(1985),10.1021/je00039a015,1,80,verified_pass2,pdf_text_layer,"Vibrating-tube densimeter (Albert design) measuring density difference between solution and water by injecting a 6-mL sample into a water stream; calibrated with water and nitrogen; 298.15 K, 0.1013-40 MPa",
gibson1934_10.1021_ja01316a002_t1,supplementary:compression,GIBSON(1934),10.1021/ja01316a002,1,20,verified_pass2,image_read,"Piston-free piezometer method: Pyrex piezometers in vanadium-steel bombs at 25 +- 0.02 deg, pressure from Tammann press measured by manganin resistance gage calibrated against dead-weight gage and benzene freezing curve; compressions from 1 to 1000 bars, specific volumes by pycnometer at 25 deg for some solutions, others from International Critical Tables.",
gordon1943_10.1021_ja01242a022_t1,supplementary:isopiestic_pair,GORDON(1943),10.1021/ja01242a022,1,10,verified_pass2,image_read,"Isopiestic method in a new apparatus (silver dishes in a glass vessel, rocked in a Dewar-insulated thermostat controlled to 0.003 K; careful removal of air by repeated pumping, 7 to 18 days equilibration); KCl and NaCl solutions made gravimetrically from twice recrystallized salts, final concentrations by weighing.",
hayashi2014_10.1627_jpi.57.125_t3,supplementary:gas_solubility_other_basis,HAYASHI(2014),10.1627/jpi.57.125,3,14,verified_pass2,pdf_text_layer,"Equilibrated gas-water mixture in a cell at 60 C with stirring (3 h); 1 microlitre samples of gas phase and of water phase taken through a sampling valve and analysed by gas chromatography (Porapak-N, TCD) for CH4, CO2 and water, calibrated against standards.",
holmes1978_10.1016_0021-9614(78)90060-5_t1,supplementary:isopiestic_pair,HOLMES(1978),10.1016/0021-9614(78)90060-5,1,78,verified_pass2,pdf_text_layer,"Isopiestic method in a titanium-cup pressure vessel on a copper block, NaCl as reference, molalities from weighed cups with buoyancy corrections, 382 to 474 K.",
holmes1986_10.1016_0021-9614(86)90055-8_t1,supplementary:isopiestic_pair,HOLMES(1986),10.1016/0021-9614(86)90055-8,1,103,verified_pass2,image_read,"Isopiestic comparison at 383-498 K of aqueous Li2SO4, Na2SO4, K2SO4, Cs2SO4 solutions with NaCl(aq) as reference electrolyte (duplicate samples, high-temperature isopiestic apparatus of earlier papers).",
holmes1994_10.1006_jcht.1994.1067_t1,supplementary:isopiestic_pair,HOLMES(1994),10.1006/jcht.1994.1067,1,288,verified_pass2,ocr,High-temperature isopiestic apparatus with in-situ weighing; mixed NaHSO4 + Na2SO4 solutions equilibrated with NaCl(aq) reference at five temperatures.,
holmes1994b_10.1016_0021-9614(94)90005-1_t2,supplementary:enthalpy_of_dilution,HOLMES(1994b),10.1016/0021-9614(94)90005-1,2,155,verified_pass2,pdf_text_layer,"Isopiestic molalities of CaCl2(aq) against NaCl(aq) reference at 444-524 K in the ORNL high-temperature isopiestic facility (solutions weighed with an internal balance); molar enthalpies of dilution of CaCl2(aq) in the ORNL high-temperature, high-pressure flow calorimeter (thermopile, electrical calibration), 298-527 K, about 7-43 MPa.",
hubert1995_10.1016_0040-6031(95)02273-5_t1,supplementary:enthalpy_of_dissolution,HUBERT(1995),10.1016/0040-6031(95)02273-5,1,16,verified_pass2,"pdf_text_layer, checked cell by cell against 170 dpi page images","Setaram C80D differential calorimeter, mixing cell with known mass of solid Na2SO4 and twice distilled water by inverting mechanism, reference cell with water of equal total mass; calibrated with indium fusion and NaCl dissolution at 25 C.",
hubert1995_10.1016_0040-6031(95)02273-5_t2,supplementary:enthalpy_of_dissolution,HUBERT(1995),10.1016/0040-6031(95)02273-5,2,6,verified_pass2,"pdf_text_layer, checked cell by cell against 170 dpi page images","Setaram C80D differential calorimeter, mixing cell with known mass of solid Na2SO4 and twice distilled water by inverting mechanism, reference cell with water of equal total mass; calibrated with indium fusion and NaCl dissolution at 25 C.",
hubert1995_10.1016_0040-6031(95)02273-5_t3,supplementary:enthalpy_of_dissolution,HUBERT(1995),10.1016/0040-6031(95)02273-5,3,11,verified_pass2,"pdf_text_layer, checked cell by cell against 170 dpi page images","Setaram C80D differential calorimeter, mixing cell with known mass of solid Na2SO4 and twice distilled water by inverting mechanism, reference cell with water of equal total mass; calibrated with indium fusion and NaCl dissolution at 25 C.",
hubert1997_10.1016_s0040-6031(97)00058-0_t1,supplementary:enthalpy_of_dissolution,HUBERT(1997),10.1016/s0040-6031(97)00058-0,1,27,verified_pass2,pdf_text_layer,"Batch differential calorimetry (SETARAM C80D, calibrated with the heat of fusion of indium) of the dissolution of dried solid NaCl in water at 24.4, 44.3 and 59.2 C up to saturation; water activity of NaCl(aq) at m=4.086 from a static vapour-pressure apparatus (earlier paper).",
hubert1997_10.1016_s0040-6031(97)00058-0_t2,supplementary:enthalpy_of_dissolution,HUBERT(1997),10.1016/s0040-6031(97)00058-0,2,14,verified_pass2,pdf_text_layer,"Batch differential calorimetry (SETARAM C80D, calibrated with the heat of fusion of indium) of the dissolution of dried solid NaCl in water at 24.4, 44.3 and 59.2 C up to saturation; water activity of NaCl(aq) at m=4.086 from a static vapour-pressure apparatus (earlier paper).",
hubert1997_10.1016_s0040-6031(97)00058-0_t3,supplementary:enthalpy_of_dissolution,HUBERT(1997),10.1016/s0040-6031(97)00058-0,3,13,verified_pass2,pdf_text_layer,"Batch differential calorimetry (SETARAM C80D, calibrated with the heat of fusion of indium) of the dissolution of dried solid NaCl in water at 24.4, 44.3 and 59.2 C up to saturation; water activity of NaCl(aq) at m=4.086 from a static vapour-pressure apparatus (earlier paper).",
humphries1968_10.1021_je60038a008_t1_group1,supplementary:isopiestic_pair,HUMPHRIES(1968),10.1021/je60038a008,1_group1,23,verified_pass2,pdf_text_layer,"Isopiestic method: KCl, KBr and Na2SO4 solutions equilibrated with NaCl reference solutions in a rotating, evacuated desiccator at 59.98 C (ethylene glycol bath), molalities by weighing.",
humphries1968_10.1021_je60038a008_t1_group2,supplementary:isopiestic_pair,HUMPHRIES(1968),10.1021/je60038a008,1_group2,22,verified_pass2,pdf_text_layer,"Isopiestic method: KCl, KBr and Na2SO4 solutions equilibrated with NaCl reference solutions in a rotating, evacuated desiccator at 59.98 C (ethylene glycol bath), molalities by weighing.",
humphries1968_10.1021_je60038a008_t1_group3,supplementary:isopiestic_pair,HUMPHRIES(1968),10.1021/je60038a008,1_group3,13,verified_pass2,pdf_text_layer,"Isopiestic method: KCl, KBr and Na2SO4 solutions equilibrated with NaCl reference solutions in a rotating, evacuated desiccator at 59.98 C (ethylene glycol bath), molalities by weighing.",
japas1985_10.1002_bbpc.19850890714_t3,supplementary:mixture_volume,JAPAS(1985),10.1002/bbpc.19850890714,3,56,verified_pass2,pdf_text_layer,"Synthetic (isochoric P-T kink points in a sapphire-window autoclave, with molar volumes) and analytic (liquid-phase sampling, gas by volumetry at 77.3 K, water by weighing) methods.",
japas1985b_10.1002_bbpc.19850891206_t3a,supplementary:mixture_volume,JAPAS(1985b),10.1002/bbpc.19850891206,3a,73,verified_pass2,pdf_text_layer,"Synthetic (isochoric P-T kink points in a sapphire-window autoclave, with molar volumes) and analytic (liquid-phase sampling, gas by volumetry at 77.3 K, water by weighing) methods; water-oxygen plus one water-air isopleth.",
japas1985b_10.1002_bbpc.19850891206_t3b,supplementary:mixture_volume,JAPAS(1985b),10.1002/bbpc.19850891206,3b,9,verified_pass2,pdf_text_layer,"Synthetic (isochoric P-T kink points in a sapphire-window autoclave, with molar volumes) and analytic (liquid-phase sampling, gas by volumetry at 77.3 K, water by weighing) methods; water-oxygen plus one water-air isopleth.",
kim2016_10.1016_j.jiec.2015.10.041_t2,supplementary:gas_solubility_other_basis,KIM(2016),10.1016/j.jiec.2015.10.041,2,34,verified_pass2,pdf_text_layer,"Methane bubbled at 3 L/min through stirred salt solution at 30 C and ambient pressure in a bubble column; samples taken over time, heated to 95 C in sealed vials to expel methane, headspace analysed by GC-FID; plateau value is the 'maximum solubility'.",
kishima1984_10.1016_0012-821x(84)90040-2_t1,supplementary:gas_solubility_other_basis,KISHIMA(1984),10.1016/0012-821x(84)90040-2,1,14,verified_pass2,image_read,"Equilibrium H2 concentration in water measured in hydrothermal vessels in contact with a magnetite-hematite buffer (300-500 C) and a palladium hydride buffer (150 and 205.5 C), sampling the aqueous phase; fugacity of H2 fixed by the buffer, Y = fH2/C_H2 then calculated.",
kishima1984_10.1016_0012-821x(84)90040-2_t3,supplementary:gas_solubility_other_basis,KISHIMA(1984),10.1016/0012-821x(84)90040-2,3,38,verified_pass2,image_read,"Equilibrium H2 concentration in water measured in hydrothermal vessels in contact with a magnetite-hematite buffer (300-500 C) and a palladium hydride buffer (150 and 205.5 C), sampling the aqueous phase; fugacity of H2 fixed by the buffer, Y = fH2/C_H2 then calculated.",
leopold1927_10.1021_ja01407a019_t1,supplementary:water_activity,LEOPOLD(1927),10.1021/ja01407a019,1,12,verified_pass2,"pdf_text_layer, then every cell compared with the 200 dpi page images","Static direct manometric measurement of the vapour pressure of saturated salt solutions (air removed by repeated pumping) with a mercury manometer and a depth gauge, at 20 to 50 C, 24 h or more at each temperature.",
leung1975_10.1016_0021-9614(75)90240-2_t1,supplementary:enthalpy_of_dilution,LEUNG(1975),10.1016/0021-9614(75)90240-2,1,68,verified_pass2,image_read,Microcalorimeter measurement of enthalpies of dilution of aqueous salt solutions from about 1 mol/kg to final molalities 0.1-1.0 mol/kg at 303.15 K; solutions prepared by mass with ion-exchanged water.,
liu2011b_10.1016_j.supflu.2010.12.003_t1,supplementary:gas_solubility_other_basis,LIU(2011b),10.1016/j.supflu.2010.12.003,1,30,verified_pass2,pdf_text_layer,"Isobaric-isochoric sampling: equilibrated (pressure constant for 5 h) in a variable-volume view cell with stirring; liquid sample withdrawn into a sample bomb at constant pressure, mass by balance, CO2 released into a calibrated vessel and quantified by p-V-T.",
liu2011b_10.1016_j.supflu.2010.12.003_t2,supplementary:gas_solubility_other_basis,LIU(2011b),10.1016/j.supflu.2010.12.003,2,75,verified_pass2,pdf_text_layer,"Isobaric-isochoric sampling: equilibrated (pressure constant for 5 h) in a variable-volume view cell with stirring; liquid sample withdrawn into a sample bomb at constant pressure, mass by balance, CO2 released into a calibrated vessel and quantified by p-V-T.",
liu2011b_10.1016_j.supflu.2010.12.003_t3,supplementary:gas_solubility_other_basis,LIU(2011b),10.1016/j.supflu.2010.12.003,3,48,verified_pass2,pdf_text_layer,"Isobaric-isochoric sampling: equilibrated (pressure constant for 5 h) in a variable-volume view cell with stirring; liquid sample withdrawn into a sample bomb at constant pressure, mass by balance, CO2 released into a calibrated vessel and quantified by p-V-T.",
lucile2012_10.1021_je200991x_t3,supplementary:gas_solubility_other_basis,LUCILE(2012),10.1021/je200991x,3,21,verified_html,publisher HTML table capture,"Static equilibrium cell (2400 cm3, Hastelloy), liquid sampled and analysed for total CO2 by ion chromatography; balance method also done but not reported.",
lukacs1963_10.2118_614-pa_t1,supplementary:gas_solubility_other_basis,LUKACS(1963),10.2118/614-pa,1,6,verified_pass2,image_read,"Gas chromatographic determination of water in a vapour phase equilibrated with water in a rocking, windowed 316 stainless-steel cell at 160 F; vapour sample expanded through heated lines into a chromatograph (Carbowax 400 on Teflon column, helium carrier), calibrated by saturating methane/helium/CH4-H2S mixtures with water at atmospheric pressure at fixed temperatures.",
mayrath1983_10.1021_je00031a016_t1,supplementary:enthalpy_of_dilution,MAYRATH(1983),10.1021/je00031a016,1,111,verified_pass2,image_read,"Flow calorimeter; stock salt solution diluted with water in the flow, enthalpy of dilution measured at 373.15, 423.65 and 472.95 K with pressure 0.1-0.3 MPa above water vapour pressure",
mcauliffe1963_10.1038_2001092a0_t1,supplementary:other,MCAULIFFE(1963),10.1038/2001092a0,1,23,verified_pass2,image_read,"Water saturated with the hydrocarbon (shaken or stirred, with liquid hydrocarbon present or 1 atm gas over water) at about 25 C; 0.05-0.10 ml water directly injected into a gas chromatograph with a water-absorbing fractionator, flame ionisation detector calibrated with known hydrocarbon amounts, peak areas by planimeter.",
mcauliffe1966_10.1021_j100876a049_t1,supplementary:other,MCAULIFFE(1966),10.1021/j100876a049,1,17,verified_pass2,pdf_text_layer (Lit. column garbled by OCR) checked against 200 dpi page image; all Table I cells re-read from the image,Hydrocarbon-saturated distilled water (gas at 1 atm shaken or stirred over water; liquids stirred or shaken with water) injected (50 microlitre) into a gas chromatograph with hydrogen-flame ionization detection after removal of water on a firebrick/Ascarite fractionator; detector calibrated with weighed liquid hydrocarbon mixtures.,
montgomery1964_10.1002_jctb.5010140704_t8,supplementary:gas_solubility_other_basis,MONTGOMERY(1964),10.1002/jctb.5010140704,8,18,verified_pass2,image_read,Winkler titration (Pomeroy-Kirschman reagent) of dissolved oxygen in water stirred in a bath under a stream of air at constant temperature; equilibrium approached from above and below; 207 results averaged at 18 temperatures.,
moore1982_10.1021_je00027a005_t1,supplementary:apparent_molar_volume,MOORE(1982),10.1021/je00027a005,1,20,verified_pass2,image_read,"Vibrating-tube densimetry under flow: density difference between gas-free water and water saturated with the gas at about 100 kPa and 298.15 K gives the partial molar volume at infinite dilution, using Henry's-law mole fraction from the literature.",
onda1970_10.1252_jcej.3.137_t1,supplementary:gas_solubility_coefficient,ONDA(1970),10.1252/jcej.3.137,1,44,verified_pass2,image_read (every cell read from 200 dpi page images; text layer used only as a cross-check and was incomplete for a few cells),"Gas volumetric method (same apparatus as Onda et al. 1970, JCEJ 3, 18): measured gas volume contacted with degassed mixed-salt solution at 25 C and 1 atm; solubility expressed as Bunsen absorption coefficient.",
onda1970_10.1252_jcej.3.137_t2,supplementary:gas_solubility_coefficient,ONDA(1970),10.1252/jcej.3.137,2,37,verified_pass2,image_read (every cell read from 200 dpi page images; text layer used only as a cross-check and was incomplete for a few cells),"Gas volumetric method (same apparatus as Onda et al. 1970, JCEJ 3, 18): measured gas volume contacted with degassed mixed-salt solution at 25 C and 1 atm; solubility expressed as Bunsen absorption coefficient.",
onda1970_10.1252_jcej.3.137_t3,supplementary:gas_solubility_coefficient,ONDA(1970),10.1252/jcej.3.137,3,20,verified_pass2,image_read (every cell read from 200 dpi page images; text layer used only as a cross-check and was incomplete for a few cells),"Gas volumetric method (same apparatus as Onda et al. 1970, JCEJ 3, 18): measured gas volume contacted with degassed mixed-salt solution at 25 C and 1 atm; solubility expressed as Bunsen absorption coefficient.",
onda1970b_10.1252_jcej.3.18_t1,supplementary:gas_solubility_coefficient,ONDA(1970b),10.1252/jcej.3.18,1,45,verified_pass2,image_read (text layer present and matched; every cell read from the 200 dpi page image),"Gas volumetric method: measured gas volume contacted with degassed salt solution in a thermostatted (+-0.01 C) apparatus with magnetic stirring; dissolved amount from the volume change, at about 1 atm and 25 C.",
onda1970b_10.1252_jcej.3.18_t2,supplementary:gas_solubility_coefficient,ONDA(1970b),10.1252/jcej.3.18,2,31,verified_pass2,image_read (text layer present and matched; every cell read from the 200 dpi page image),"Gas volumetric method: measured gas volume contacted with degassed salt solution in a thermostatted (+-0.01 C) apparatus with magnetic stirring; dissolved amount from the volume change, at about 1 atm and 25 C.",
perron1974_10.1139_v74-558_t1,supplementary:heat_capacity,PERRON(1974),10.1139/v74-558,1,15,verified_pass2,image_read,"Densities with a flow densimeter and relative volumetric specific heats with a flow microcalorimeter, 0.01 to 0.4 M, 25 C; solutions prepared by weight dilution of AgNO3-titrated stock solutions.",
platford1968_10.1021_j100858a019_t1,supplementary:isopiestic_pair,PLATFORD(1968),10.1021/j100858a019,1,120,verified_pass2,pdf_text_layer,"Isopiestic method at 25 C: seven solutions (pure NaCl, pure MgCl2 and mixtures) equilibrated per run for 3-7 days; concentrations by weighing dried salts, adding water and reweighing after equilibration; MgCl2.6H2O water corrected, weights in vacuo; saturated NaCl taken as 6.1443 m.",
platford1968b_10.1021_je60036a015_t1,supplementary:isopiestic_pair,PLATFORD(1968b),10.1021/je60036a015,1,22,verified_pass2,pdf_text_layer,Isopiestic method: solutions in seven silver cups in a gold plated copper block inside an evacuated desiccator rotated 4-7 days in a 25 C water bath; concentrations by weighing dry salts and water.,
rard1981b_10.1021_je00023a014_t2,supplementary:isopiestic_pair,RARD(1981b),10.1021/je00023a014,2,37,verified_pass2,pdf_text_layer,"Isopiestic equilibration at 25.00 C of duplicate MgCl2 (and CaCl2, NaCl, KCl, H2SO4 reference) solutions in an isopiestic apparatus, molalities from masses.",
rard1981b_10.1021_je00023a014_t3,supplementary:isopiestic_pair,RARD(1981b),10.1021/je00023a014,3,59,verified_pass2,pdf_text_layer,"Isopiestic equilibration at 25.00 C of duplicate MgCl2 (and CaCl2, NaCl, KCl, H2SO4 reference) solutions in an isopiestic apparatus, molalities from masses.",
rard1981b_10.1021_je00023a014_t4,supplementary:isopiestic_pair,RARD(1981b),10.1021/je00023a014,4,22,verified_pass2,pdf_text_layer,"Isopiestic equilibration at 25.00 C of duplicate MgCl2 (and CaCl2, NaCl, KCl, H2SO4 reference) solutions in an isopiestic apparatus, molalities from masses.",
rard1981b_10.1021_je00023a014_t5,supplementary:isopiestic_pair,RARD(1981b),10.1021/je00023a014,5,6,verified_pass2,pdf_text_layer,"Isopiestic equilibration at 25.00 C of duplicate MgCl2 (and CaCl2, NaCl, KCl, H2SO4 reference) solutions in an isopiestic apparatus, molalities from masses.",
rard1981b_10.1021_je00023a014_t6,supplementary:isopiestic_pair,RARD(1981b),10.1021/je00023a014,6,6,verified_pass2,pdf_text_layer,"Isopiestic equilibration at 25.00 C of duplicate MgCl2 (and CaCl2, NaCl, KCl, H2SO4 reference) solutions in an isopiestic apparatus, molalities from masses.",
robinson1961_10.1021_j100822a016_t1,supplementary:isopiestic_pair,ROBINSON(1961),10.1021/j100822a016,1,11,verified_pass2,image_read,Isopiestic vapour-pressure equilibration at 25 C of NaCl-KCl mixtures against NaCl reference solutions in a desiccator with up to thirteen dishes; isopiestic ratio R = M/m.,
robinson1966_10.6028_jres.070a.027_t1,supplementary:isopiestic_pair,ROBINSON(1966),10.6028/jres.070a.027,1,69,verified_pass2,image_read,Isopiestic vapour-pressure method at 25 +- 0.01 C: NaCl+CaCl2 solutions equilibrated against NaCl reference solutions; composition from weight loss or gain of water.,
robinson1968_10.6028_jres.072a.022_t1,supplementary:isopiestic_pair,ROBINSON(1968),10.6028/jres.072a.022,1,57,verified_pass2,image_read,Isopiestic vapour-pressure method at 25 C with KCl reference solutions for mixed KCl-CaCl2 solutions.,
rowe1970_10.1021_je60044a016_t1,supplementary:compression,ROWE(1970),10.1021/je60044a016,1,144,verified_pass2,pdf_text_layer,"Differential change of specific volume with pressure measured in a stainless steel vessel with a calibrated positive-displacement pump (piston displacement with test-vessel valve open and closed per 250 psi step), corrected for vessel dilation; derivative values from the mean volume change per small pressure step.",
saluja1987_10.1021_je00047a021_t1,supplementary:heat_capacity,SALUJA(1987),10.1021/je00047a021,1,20,verified_pass2,pdf_text_layer,"Flow microcalorimeter (Cp) and flow vibrating-tube densimeter (d) at a constant pressure of 0.6 MPa, 297-373 K; apparent molar properties calculated by the authors.",
saluja1987_10.1021_je00047a021_t2,supplementary:density,SALUJA(1987),10.1021/je00047a021,2,20,verified_pass2,pdf_text_layer,"Flow microcalorimeter (Cp) and flow vibrating-tube densimeter (d) at a constant pressure of 0.6 MPa, 297-373 K; apparent molar properties calculated by the authors.",
scatchard1938_10.1021_ja01279a066_t1,supplementary:isopiestic_pair,SCATCHARD(1938),10.1021/ja01279a066,1,33,verified_pass2,image_read,"Isopiestic comparison at 25 C of six solutions in platinum cups (platinum gauze lining, nickel ring) in a gold-plated copper block inside an evacuated stainless-steel vessel in an oil thermostat.",
schroder2015_10.1016_j.geothermics.2014.06.001_t2,supplementary:heat_capacity,SCHRODER(2015),10.1016/j.geothermics.2014.06.001,2,5,verified_pass2,"image_read (text layer clean, all cells matched the page image)","Flow calorimeter: fluid at fixed T1 and P1 flows at known mass flux past an electrically heated nickel-chromium rod; cp = (heating power / mass flux)/(temperature rise corrected for heat exchange with the environment), Eq. 14.",
schroder2015_10.1016_j.geothermics.2014.06.001_t3,supplementary:heat_capacity,SCHRODER(2015),10.1016/j.geothermics.2014.06.001,3,19,verified_pass2,"image_read (text layer clean, all cells matched the page image)","Flow calorimeter: fluid at fixed T1 and P1 flows at known mass flux past an electrically heated nickel-chromium rod; cp = (heating power / mass flux)/(temperature rise corrected for heat exchange with the environment), Eq. 14.",
schroder2015_10.1016_j.geothermics.2014.06.001_t4,supplementary:heat_capacity,SCHRODER(2015),10.1016/j.geothermics.2014.06.001,4,30,verified_pass2,"image_read (text layer clean, all cells matched the page image)","Flow calorimeter: fluid at fixed T1 and P1 flows at known mass flux past an electrically heated nickel-chromium rod; cp = (heating power / mass flux)/(temperature rise corrected for heat exchange with the environment), Eq. 14.",
seitz1999_10.1016_s0016-7037(99)00050-2_t3,supplementary:mixture_volume,SEITZ(1999),10.1016/s0016-7037(99)00050-2,3,95,verified_pass2,pdf_text_layer,"Flow-through vibrating-tube densimeter calibrated with He, Ar and H2O standards; densities of pure CO2 and CO2-H2O mixtures (0.1 mole-fraction steps) at 400 C and 9.94-99.93 MPa.",
simonson1985_10.1021_j100250a001_t2,supplementary:enthalpy_of_dilution,SIMONSON(1985),10.1021/j100250a001,2,29,verified_pass2,pdf_text_layer,"Calvet heat and liquid flow microcalorimeter with Pt alloy heat exchangers; CaCl2 stock (7.2589 mol/kg) diluted in the flow with water at varying ratios, 298-673 K, 7-40 MPa",
smith1962_10.1016_0016-7037(62)90066-2_t3,supplementary:gas_solubility_other_basis,SMITH(1962),10.1016/0016-7037(62)90066-2,3,17,verified_pass2,"pdf_text_layer (pdftotext -layout) cross-checked, then every digit re-read from the 200 and 400 dpi page images and transcribed from the image","Pressure decline method (apparatus described in Duffy et al. 1961, paper I of the series); N2 compressibility factors from the International Critical Tables; water-pumped N2 of 99.6 percent purity; Fisher certified salts, Na2SO4 N.F. grade, sulphates dried at 110 C, NaCl and CaCl2 water content found negligible by chloride titration.",
smith1962_10.1016_0016-7037(62)90066-2_t4,supplementary:gas_solubility_other_basis,SMITH(1962),10.1016/0016-7037(62)90066-2,4,27,verified_pass2,"pdf_text_layer (pdftotext -layout) cross-checked, then every digit re-read from the 200 and 400 dpi page images and transcribed from the image","Pressure decline method (apparatus described in Duffy et al. 1961, paper I of the series); N2 compressibility factors from the International Critical Tables; water-pumped N2 of 99.6 percent purity; Fisher certified salts, Na2SO4 N.F. grade, sulphates dried at 110 C, NaCl and CaCl2 water content found negligible by chloride titration.",
smith1962_10.1016_0016-7037(62)90066-2_t5,supplementary:gas_solubility_other_basis,SMITH(1962),10.1016/0016-7037(62)90066-2,5,13,verified_pass2,"pdf_text_layer (pdftotext -layout) cross-checked, then every digit re-read from the 200 and 400 dpi page images and transcribed from the image","Pressure decline method (apparatus described in Duffy et al. 1961, paper I of the series); N2 compressibility factors from the International Critical Tables; water-pumped N2 of 99.6 percent purity; Fisher certified salts, Na2SO4 N.F. grade, sulphates dried at 110 C, NaCl and CaCl2 water content found negligible by chloride titration.",
smith1962_10.1016_0016-7037(62)90066-2_t6,supplementary:gas_solubility_other_basis,SMITH(1962),10.1016/0016-7037(62)90066-2,6,9,verified_pass2,"pdf_text_layer (pdftotext -layout) cross-checked, then every digit re-read from the 200 and 400 dpi page images and transcribed from the image","Pressure decline method (apparatus described in Duffy et al. 1961, paper I of the series); N2 compressibility factors from the International Critical Tables; water-pumped N2 of 99.6 percent purity; Fisher certified salts, Na2SO4 N.F. grade, sulphates dried at 110 C, NaCl and CaCl2 water content found negligible by chloride titration.",
stewart1970_10.1021_je60044a001_t3,supplementary:gas_solubility_other_basis,STEWART(1970),10.1021/je60044a001,3,42,verified_pass2,pdf_text_layer,"Rocking autoclave equilibrium at constant CO2 pressure; liquid sample withdrawn into a Monel tube, CO2 distilled out, absorbed in standard Ba(OH)2 and back-titrated.",
stewart1970_10.1021_je60044a001_t4,supplementary:gas_solubility_other_basis,STEWART(1970),10.1021/je60044a001,4,15,verified_pass2,pdf_text_layer,"Rocking autoclave equilibrium at constant CO2 pressure; liquid sample withdrawn into a Monel tube, CO2 distilled out, absorbed in standard Ba(OH)2 and back-titrated.",
tiepel1972_10.1021_j100665a024_t1,supplementary:apparent_molar_volume,TIEPEL(1972),10.1021/j100665a024,1,16,verified_pass2,image_read,"Horiuti dilatometer: volume change on addition of known gas amounts to degassed solution at 25 C, partial molal volume from slope of volume change vs moles of gas.",
truesdale1955_10.1002_jctb.5010050201_t2,supplementary:gas_solubility_other_basis,TRUESDALE(1955),10.1002/jctb.5010050201,2,3,verified_pass2,image_read,Winkler titration (amperometric end point) of oxygen in water stirred slowly in contact with a steady stream of CO2-free wet air until a constant saturation value was reached (approached from above and below).,
wallace1941_10.1021_ja01849a019_t1,supplementary:enthalpy_of_dilution,WALLACE(1941),10.1021/ja01849a019,1,28,verified_pass2,image_read (text layer unusable for signs and columns),"Twin-cell differential calorimeter with thermels measuring heat of mixing on dilution (about 148-fold) of Na2SO4 solutions with water, at 15, 20 and 25 C.",
wang2013_10.1016_j.fluid.2012.11.012_t5,supplementary:gas_solubility_other_basis,WANG(2013),10.1016/j.fluid.2012.11.012,5,4,verified_pass2,pdf_text_layer,In situ near-infrared absorption (7100-7500 cm-1 band) of water dissolved in scCO2 above liquid water or CaCl2 solution; solubility from the intersection of linear fits of absorbance versus added water volume (spectral titration).,
wylie1996_10.1021_je950093d_t1,supplementary:water_vapour_enhancement,WYLIE(1996),10.1021/je950093d,1,14,verified_pass2,pdf_text_layer,"Flow saturation method: oxygen passed through a two-stage saturator in a temperature-controlled bath at 25, 50 and 75 C, the water in the gas collected chemically and weighed together with the dried gas (mass of water per mass of oxygen gives x_w and hence f_w).",
yasunishi1977_10.1252_jcej.10.89_t2,supplementary:gas_solubility_coefficient,YASUNISHI(1977),10.1252/jcej.10.89,2,26,verified_pass2,image_read (all five tables read from the 200 dpi page image; text layer checked),"Gas saturation (volumetric) method: degassed solution and measured gas volume in a dissolution vessel (Hg-sealed) in an air thermostat, gas buret and manometer; Ostwald coefficient L = VG/VL from gas absorbed and liquid volume, at gas partial pressure 1 atm.",
yasunishi1977_10.1252_jcej.10.89_t3,supplementary:gas_solubility_coefficient,YASUNISHI(1977),10.1252/jcej.10.89,3,8,verified_pass2,image_read (all five tables read from the 200 dpi page image; text layer checked),"Gas saturation (volumetric) method: degassed solution and measured gas volume in a dissolution vessel (Hg-sealed) in an air thermostat, gas buret and manometer; Ostwald coefficient L = VG/VL from gas absorbed and liquid volume, at gas partial pressure 1 atm.",
yasunishi1977_10.1252_jcej.10.89_t4,supplementary:gas_solubility_coefficient,YASUNISHI(1977),10.1252/jcej.10.89,4,11,verified_pass2,image_read (all five tables read from the 200 dpi page image; text layer checked),"Gas saturation (volumetric) method: degassed solution and measured gas volume in a dissolution vessel (Hg-sealed) in an air thermostat, gas buret and manometer; Ostwald coefficient L = VG/VL from gas absorbed and liquid volume, at gas partial pressure 1 atm.",
yasunishi1977_10.1252_jcej.10.89_t5,supplementary:gas_solubility_coefficient,YASUNISHI(1977),10.1252/jcej.10.89,5,6,verified_pass2,image_read (all five tables read from the 200 dpi page image; text layer checked),"Gas saturation (volumetric) method: degassed solution and measured gas volume in a dissolution vessel (Hg-sealed) in an air thermostat, gas buret and manometer; Ostwald coefficient L = VG/VL from gas absorbed and liquid volume, at gas partial pressure 1 atm.",
yasunishi1978_10.1252_kakoronbunshu.4.185_t1,supplementary:gas_solubility_coefficient,YASUNISHI(1978),10.1252/kakoronbunshu.4.185,1,181,verified_pass2,image_read,"Gas-volumetric absorption method with pure oxygen (99.995%) at 1 atm O2 partial pressure and 15, 25, 35 C in aqueous solutions of 11 electrolytes; solution concentrations analysed (titration, Mohr, chelate, oxine methods).",
yasunishi1979_10.1021_ba-1979-0177.ch013_t1,supplementary:gas_solubility_coefficient,YASUNISHI(1979),10.1021/ba-1979-0177.ch013,1,205,verified_pass2,pdf_text_layer,"Saturation method: known volume of CO2 contacted with a measured amount of gas-free salt solution at 25 C and 1 atm CO2 partial pressure, volume of remaining gas measured, corrected for solution vapour pressure; reported as Ostwald coefficient.",
yasunishi1979_10.1021_ba-1979-0177.ch013_t2,supplementary:gas_solubility_coefficient,YASUNISHI(1979),10.1021/ba-1979-0177.ch013,2,27,verified_pass2,pdf_text_layer,"Saturation method: known volume of CO2 contacted with a measured amount of gas-free salt solution at 25 C and 1 atm CO2 partial pressure, volume of remaining gas measured, corrected for solution vapour pressure; reported as Ostwald coefficient.",
yasunishi1979_10.1021_ba-1979-0177.ch013_t3,supplementary:gas_solubility_coefficient,YASUNISHI(1979),10.1021/ba-1979-0177.ch013,3,17,verified_pass2,pdf_text_layer,"Saturation method: known volume of CO2 contacted with a measured amount of gas-free salt solution at 25 C and 1 atm CO2 partial pressure, volume of remaining gas measured, corrected for solution vapour pressure; reported as Ostwald coefficient.",
yasunishi1979_10.1021_ba-1979-0177.ch013_t4,supplementary:gas_solubility_coefficient,YASUNISHI(1979),10.1021/ba-1979-0177.ch013,4,17,verified_pass2,pdf_text_layer,"Saturation method: known volume of CO2 contacted with a measured amount of gas-free salt solution at 25 C and 1 atm CO2 partial pressure, volume of remaining gas measured, corrected for solution vapour pressure; reported as Ostwald coefficient.",
yasunishi1979b_10.1021_je60080a007_t2,supplementary:gas_solubility_coefficient,YASUNISHI(1979b),10.1021/je60080a007,2,281,verified_pass2,pdf_text_layer,Gas volumetric absorption of CO2 at about 1 atm into aqueous electrolyte solutions in a 30 cm3 absorption chamber in an air bath held to 0.05 C (apparatus of Tokunaga); Ostwald coefficient evaluated with vapour pressure of the solution and a small volume-dilatation correction.,
