family,row_id,dataset_id,source,gas,property,T_K,P_bar,m_Na,m_Cl,m_K,m_Ca,m_Mg,m_SO4,value,reference,mean_other,sd_other,n_other_sources,spread_other,rel_dev,ref_smooth,n_other_smooth,n_points_smooth,rel_dev_smooth,outlier_strict,outlier_smooth,consensus_outlier
dh_sol,55,gill1982_10.1016_0021-9614(82)90001-5_t1,GILL(1982),o2,dh_sol,298.15,0.9911,0,0,0,0,0,0,-12.018,,,,0,,,-11.8979,2,50,-0.01009,False,False,False
dh_sol,57,gill1982_10.1016_0021-9614(82)90001-5_t1,GILL(1982),o2,dh_sol,298.15,0.9904,0,0,0,0,0,0,-12.072,,,,0,,,-11.8987,2,50,-0.0145617,False,False,False
dh_sol,60,gill1982_10.1016_0021-9614(82)90001-5_t1,GILL(1982),o2,dh_sol,298.15,0.9823,0,0,0,0,0,0,-12.085,,,,0,,,-11.9082,2,50,-0.0148502,False,False,False
dh_sol,64,gill1982_10.1016_0021-9614(82)90001-5_t1,GILL(1982),o2,dh_sol,298.15,1.0236,0,0,0,0,0,0,-12.076,-12.0335,-12.0335,,1,0,-0.00353181,-11.8675,2,50,-0.0175685,False,False,False
dh_sol,68,gill1982_10.1016_0021-9614(82)90001-5_t1,GILL(1982),o2,dh_sol,298.15,1.027,0,0,0,0,0,0,-11.965,-12.0335,-12.0335,,1,0,0.00569244,-11.8651,2,50,-0.00841998,False,False,False
dh_sol,72,olofsson1984_10.1016_0021-9614(84)90132-0_t1,OLOFSSON(1984),o2,dh_sol,298.09,1.038,0,0,0,0,0,0,-12.081,-12.0205,-12.0205,,1,0,-0.00503307,,0,0,,False,False,False
dh_sol,77,olofsson1984_10.1016_0021-9614(84)90132-0_t1,OLOFSSON(1984),o2,dh_sol,298.09,1.0372,0,0,0,0,0,0,-11.986,-12.0205,-12.0205,,1,0,0.0028701,,0,0,,False,False,False
psat_ratio,21,crovetto1993_10.1006_jcht.1993.1013_t1,CROVETTO(1993),,psat_ratio,623.15,,0,3,3,0,0,0,0.886904,,,,0,,,0.895661,2,6,-0.00977743,False,False,False
psat_ratio,25,crovetto1993_10.1006_jcht.1993.1013_t1,CROVETTO(1993),,psat_ratio,623.02,,0,0.5,0.5,0,0,0,0.968911,0.976057,0.976057,,1,0,-0.00732145,,0,0,,False,False,False
psat_ratio,26,crovetto1993_10.1006_jcht.1993.1013_t1,CROVETTO(1993),,psat_ratio,623.03,,0,0.5,0.5,0,0,0,0.970004,0.976057,0.976057,,1,0,-0.00620183,,0,0,,False,False,False
psat_ratio,27,crovetto1993_10.1006_jcht.1993.1013_t1,CROVETTO(1993),,psat_ratio,623.03,,0,0.5,0.5,0,0,0,0.968792,0.976057,0.976057,,1,0,-0.0074433,,0,0,,False,False,False
psat_ratio,34,crovetto1993_10.1006_jcht.1993.1013_t1,CROVETTO(1993),,psat_ratio,623.12,,1,1,0,0,0,0,0.956829,0.954284,0.954284,,1,0,0.00266723,0.954152,2,4,0.00280584,False,False,False
psat_ratio,35,crovetto1993_10.1006_jcht.1993.1013_t1,CROVETTO(1993),,psat_ratio,623,,0.5,0.5,0,0,0,0,0.971573,0.974514,0.974514,,1,0,-0.00301741,,0,0,,False,False,False
psat_ratio,36,crovetto1993_10.1006_jcht.1993.1013_t1,CROVETTO(1993),,psat_ratio,622.99,,0.5,0.5,0,0,0,0,0.971693,0.974514,0.974514,,1,0,-0.00289501,,0,0,,False,False,False
psat_ratio,37,crovetto1993_10.1006_jcht.1993.1013_t1,CROVETTO(1993),,psat_ratio,623.04,,0.5,0.5,0,0,0,0,0.969885,0.974514,0.974514,,1,0,-0.00475012,,0,0,,False,False,False
psat_ratio,58,apelblat1998_10.1006_jcht.1998.0381_t1,APELBLAT(1998),,psat_ratio,298.15,,0,0,0,0,0,0,0.999707,0.998973,0.998973,,1,0,0.000734877,,0,0,,False,False,False
psat_ratio,59,apelblat1998_10.1006_jcht.1998.0381_t1,APELBLAT(1998),,psat_ratio,298.16,,0,0,0,0,0,0,0.999584,0.998973,0.998973,,1,0,0.000611896,,0,0,,False,False,False
psat_ratio,60,apelblat1998_10.1006_jcht.1998.0381_t1,APELBLAT(1998),,psat_ratio,298.17,,0,0,0,0,0,0,0.99965,0.998973,0.998973,,1,0,0.000677998,,0,0,,False,False,False
psat_ratio,128,gruszkiewicz2005_10.1016_j.jct.2004.12.009_t2,GRUSZKIEWICZ(2005),,psat_ratio,473.15,,0,6.6274,0,3.3137,0,0,0.802204,,,,0,,,0.815611,1,4,-0.016438,False,False,False
psat_ratio,129,gruszkiewicz2005_10.1016_j.jct.2004.12.009_t2,GRUSZKIEWICZ(2005),,psat_ratio,473.15,,0,7.2058,0,3.6029,0,0,0.78001,,,,0,,,0.790994,1,4,-0.0138858,False,False,False
psat_ratio,130,gruszkiewicz2005_10.1016_j.jct.2004.12.009_t2,GRUSZKIEWICZ(2005),,psat_ratio,473.15,,0,7.639,0,3.8195,0,0,0.764672,,,,0,,,0.772991,1,5,-0.0107614,False,False,False
psat_ratio,131,gruszkiewicz2005_10.1016_j.jct.2004.12.009_t2,GRUSZKIEWICZ(2005),,psat_ratio,473.15,,0,7.6412,0,3.8206,0,0,0.764621,,,,0,,,0.772896,1,5,-0.0107074,False,False,False
psat_ratio,132,gruszkiewicz2005_10.1016_j.jct.2004.12.009_t2,GRUSZKIEWICZ(2005),,psat_ratio,473.15,,0,8.8068,0,4.4034,0,0,0.722053,,,,0,,,0.727448,1,6,-0.00741709,False,False,False
psat_ratio,133,gruszkiewicz2005_10.1016_j.jct.2004.12.009_t2,GRUSZKIEWICZ(2005),,psat_ratio,473.15,,0,9.516,0,4.758,0,0,0.697421,,,,0,,,0.70415,1,6,-0.00955616,False,False,False
psat_ratio,134,gruszkiewicz2005_10.1016_j.jct.2004.12.009_t2,GRUSZKIEWICZ(2005),,psat_ratio,473.15,,0,10.873,0,5.4365,0,0,0.65232,,,,0,,,0.661405,1,4,-0.0137369,False,False,False
psat_ratio,151,gruszkiewicz2005_10.1016_j.jct.2004.12.009_t2,GRUSZKIEWICZ(2005),,psat_ratio,498.15,,0,6.4408,0,3.2204,0,0,0.82005,0.839105,0.839105,,1,0,-0.0227092,0.837523,1,4,-0.020863,False,False,False
psat_ratio,152,gruszkiewicz2005_10.1016_j.jct.2004.12.009_t2,GRUSZKIEWICZ(2005),,psat_ratio,498.15,,0,6.445,0,3.2225,0,0,0.819759,0.839105,0.839105,,1,0,-0.023055,0.837398,1,4,-0.0210643,False,False,False
psat_ratio,153,gruszkiewicz2005_10.1016_j.jct.2004.12.009_t2,GRUSZKIEWICZ(2005),,psat_ratio,498.15,,0,7.2164,0,3.6082,0,0,0.79349,0.814497,0.814497,,1,0,-0.0257921,0.81066,1,4,-0.0211806,False,False,False
psat_ratio,154,gruszkiewicz2005_10.1016_j.jct.2004.12.009_t2,GRUSZKIEWICZ(2005),,psat_ratio,498.15,,0,8.2114,0,4.1057,0,0,0.758992,,,,0,,,0.771625,1,5,-0.0163723,False,False,False
psat_ratio,155,gruszkiewicz2005_10.1016_j.jct.2004.12.009_t2,GRUSZKIEWICZ(2005),,psat_ratio,498.15,,0,9.4224,0,4.7112,0,0,0.71869,0.729588,0.729588,,1,0,-0.0149379,0.730994,1,6,-0.0168328,False,False,False
psat_ratio,156,gruszkiewicz2005_10.1016_j.jct.2004.12.009_t2,GRUSZKIEWICZ(2005),,psat_ratio,498.15,,0,10.0974,0,5.0487,0,0,0.69664,0.716067,0.716067,,1,0,-0.0271307,0.711154,1,5,-0.020409,False,False,False
psat_ratio,157,gruszkiewicz2005_10.1016_j.jct.2004.12.009_t2,GRUSZKIEWICZ(2005),,psat_ratio,498.15,,0,10.7814,0,5.3907,0,0,0.67752,0.697679,0.697679,,1,0,-0.0288945,0.691118,1,5,-0.0196744,False,False,False
psat_ratio,158,gruszkiewicz2005_10.1016_j.jct.2004.12.009_t2,GRUSZKIEWICZ(2005),,psat_ratio,498.15,,0,10.7746,0,5.3873,0,0,0.67716,0.697679,0.697679,,1,0,-0.0294117,0.691318,1,5,-0.0204808,False,False,False
psat_ratio,159,gruszkiewicz2005_10.1016_j.jct.2004.12.009_t2,GRUSZKIEWICZ(2005),,psat_ratio,498.15,,0,10.771,0,5.3855,0,0,0.677054,0.697679,0.697679,,1,0,-0.0295635,0.691424,1,5,-0.0207843,False,False,False
psat_ratio,160,gruszkiewicz2005_10.1016_j.jct.2004.12.009_t2,GRUSZKIEWICZ(2005),,psat_ratio,498.15,,0,11.1854,0,5.5927,0,0,0.663366,0.67199,0.67199,,1,0,-0.0128342,0.679021,1,4,-0.0230555,False,False,False
psat_ratio,173,gruszkiewicz2005_10.1016_j.jct.2004.12.009_t2,GRUSZKIEWICZ(2005),,psat_ratio,523.15,,0,6.5196,0,3.2598,0,0,0.831183,0.849487,0.849487,,1,0,-0.0215471,0.846604,1,4,-0.018215,False,False,False
psat_ratio,174,gruszkiewicz2005_10.1016_j.jct.2004.12.009_t2,GRUSZKIEWICZ(2005),,psat_ratio,523.15,,0,7.3744,0,3.6872,0,0,0.804562,,,,0,,,0.818978,1,4,-0.017602,False,False,False
psat_ratio,175,gruszkiewicz2005_10.1016_j.jct.2004.12.009_t2,GRUSZKIEWICZ(2005),,psat_ratio,523.15,,0,8.302,0,4.151,0,0,0.774714,,,,0,,,0.789183,1,5,-0.0183341,False,False,False
psat_ratio,176,gruszkiewicz2005_10.1016_j.jct.2004.12.009_t2,GRUSZKIEWICZ(2005),,psat_ratio,523.15,,0,8.5434,0,4.2717,0,0,0.766787,0.778219,0.778219,,1,0,-0.0146899,0.782726,1,5,-0.0203634,False,False,False
psat_ratio,177,gruszkiewicz2005_10.1016_j.jct.2004.12.009_t2,GRUSZKIEWICZ(2005),,psat_ratio,523.15,,0,9.731,0,4.8655,0,0,0.731331,0.757238,0.757238,,1,0,-0.0342119,0.752719,1,6,-0.0284141,False,False,False
psat_ratio,178,gruszkiewicz2005_10.1016_j.jct.2004.12.009_t2,GRUSZKIEWICZ(2005),,psat_ratio,523.15,,0,10.6494,0,5.3247,0,0,0.703691,,,,0,,,0.728496,1,5,-0.0340497,False,False,False
psat_ratio,179,gruszkiewicz2005_10.1016_j.jct.2004.12.009_t2,GRUSZKIEWICZ(2005),,psat_ratio,523.15,,0,10.7986,0,5.3993,0,0,0.698317,0.720303,0.720303,,1,0,-0.0305234,0.724242,1,5,-0.0357965,False,False,False
psat_ratio,369,luo2021_10.1021_acs.jced.1c00397_SI_t1,LUO(2021),,psat_ratio,373.33,,0,4.53899,0,2.2695,0,0,0.837161,,,,0,,,0.861552,1,3,-0.0283105,False,False,False
psat_ratio,422,luo2021_10.1021_acs.jced.1c00397_SI_t1,LUO(2021),,psat_ratio,363.41,,0,2.34438,0,0,1.17219,0,0.904093,,,,0,,,0.92993,1,3,-0.0277836,False,False,False
psat_ratio,424,luo2021_10.1021_acs.jced.1c00397_SI_t1,LUO(2021),,psat_ratio,373,,0,2.34957,0,0,1.17478,0,0.905267,,,,0,,,0.935266,1,3,-0.0320756,False,False,False
psat_ratio,486,chen2020_10.1021_acs.jced.9b00993_t3,CHEN(2020),,psat_ratio,499.15,,1,1,0,0,0,0,0.976714,0.964035,0.964035,,1,0,0.013152,,0,0,,False,False,False
psat_ratio,569,pearce1937_10.1021_ja01291a061_t1,PEARCE(1937),,psat_ratio,298.15,,0,0,0,0,0,0,0.998973,0.99965,0.99965,,1,0,-0.000677539,0.999486,1,10,-0.000513976,False,False,False
psat_ratio,577,pearce1937_10.1021_ja01291a061_t1,PEARCE(1937),,psat_ratio,298.15,,3.9282,0,0,0,0,1.9641,0.935338,0.858651,0.858651,,1,0,0.0893116,,0,0,,False,False,False
psat_ratio,582,pearce1937_10.1021_ja01291a061_t2,PEARCE(1937),,psat_ratio,298.15,,0,0,1.3778,0,0,0.6889,0.974579,0.968332,0.968332,,1,0,0.0064513,0.96854,1,5,0.00623459,False,False,False
psat_ratio,590,leopold1927_10.1021_ja01407a019_t1,LEOPOLD(1927),,psat_ratio,298.64,,6.148,6.148,0,0,0,0,0.749595,,,,0,,,0.782853,1,3,-0.0424828,False,False,False
psat_ratio,591,leopold1927_10.1021_ja01407a019_t1,LEOPOLD(1927),,psat_ratio,303.11,,6.167,6.167,0,0,0,0,0.748856,,,,0,,,0.782603,1,4,-0.0431221,False,False,False
psat_ratio,592,leopold1927_10.1021_ja01407a019_t1,LEOPOLD(1927),,psat_ratio,310.07,,6.201,6.201,0,0,0,0,0.746653,,,,0,,,0.782534,1,4,-0.045852,False,False,False
psat_ratio,593,leopold1927_10.1021_ja01407a019_t1,LEOPOLD(1927),,psat_ratio,313.7,,6.22,6.22,0,0,0,0,0.745838,,,,0,,,0.782218,1,5,-0.0465086,False,False,False
psat_ratio,594,leopold1927_10.1021_ja01407a019_t1,LEOPOLD(1927),,psat_ratio,323.15,,6.277,6.277,0,0,0,0,0.743034,,,,0,,,0.782674,1,4,-0.0506469,False,False,False
psat_ratio,596,leopold1927_10.1021_ja01407a019_t1,LEOPOLD(1927),,psat_ratio,298.17,,3.906,0,0,0,0,1.953,0.858651,0.935338,0.935338,,1,0,-0.081989,,0,0,,False,False,False
psat_ratio,604,leopold1927_10.1021_ja01407a019_t1,LEOPOLD(1927),,psat_ratio,297.88,,0,0,1.3768,0,0,0.6884,0.965961,0.974579,0.974579,,1,0,-0.00884294,,0,0,,False,False,False
psat_ratio,605,leopold1927_10.1021_ja01407a019_t1,LEOPOLD(1927),,psat_ratio,298.73,,0,0,1.3948,0,0,0.6974,0.970703,0.974579,0.974579,,1,0,-0.00397696,,0,0,,False,False,False
psat_ratio,638,hubert1995b_10.1021_je00020a034_t1,HUBERT(1995b),,psat_ratio,299.3,,4.086,4.086,0,0,0,0,0.846235,,,,0,,,0.864421,1,3,-0.021038,False,False,False
psat_ratio,639,hubert1995b_10.1021_je00020a034_t1,HUBERT(1995b),,psat_ratio,304.1,,4.086,4.086,0,0,0,0,0.845871,,,,0,,,0.864601,1,4,-0.0216628,False,False,False
psat_ratio,640,hubert1995b_10.1021_je00020a034_t1,HUBERT(1995b),,psat_ratio,308.94,,4.086,4.086,0,0,0,0,0.844606,,,,0,,,0.865224,1,4,-0.0238291,False,False,False
psat_ratio,641,hubert1995b_10.1021_je00020a034_t1,HUBERT(1995b),,psat_ratio,313.81,,4.086,4.086,0,0,0,0,0.843926,,,,0,,,0.866397,1,4,-0.0259358,False,False,False
psat_ratio,642,hubert1995b_10.1021_je00020a034_t1,HUBERT(1995b),,psat_ratio,318.67,,4.086,4.086,0,0,0,0,0.843774,,,,0,,,0.867242,1,4,-0.0270603,False,False,False
psat_ratio,643,hubert1995b_10.1021_je00020a034_t1,HUBERT(1995b),,psat_ratio,323.54,,4.086,4.086,0,0,0,0,0.843565,,,,0,,,0.867399,1,4,-0.0274776,False,False,False
psat_ratio,644,hubert1995b_10.1021_je00020a034_t1,HUBERT(1995b),,psat_ratio,328.41,,4.086,4.086,0,0,0,0,0.843761,,,,0,,,0.867272,1,4,-0.0271086,False,False,False
psat_ratio,645,hubert1995b_10.1021_je00020a034_t1,HUBERT(1995b),,psat_ratio,333.28,,4.086,4.086,0,0,0,0,0.843784,,,,0,,,0.866928,1,4,-0.0266971,False,False,False
psat_ratio,646,hubert1995b_10.1021_je00020a034_t1,HUBERT(1995b),,psat_ratio,338.25,,4.086,4.086,0,0,0,0,0.843808,,,,0,,,0.86645,1,4,-0.0261311,False,False,False
psat_ratio,647,hubert1995b_10.1021_je00020a034_t1,HUBERT(1995b),,psat_ratio,343.09,,4.086,4.086,0,0,0,0,0.843989,,,,0,,,0.86623,1,4,-0.0256751,False,False,False
psat_ratio,648,hubert1995b_10.1021_je00020a034_t1,HUBERT(1995b),,psat_ratio,348.07,,4.086,4.086,0,0,0,0,0.844295,,,,0,,,0.866558,1,4,-0.0256908,False,False,False
psat_ratio,649,hubert1995b_10.1021_je00020a034_t1,HUBERT(1995b),,psat_ratio,352.94,,4.086,4.086,0,0,0,0,0.844814,,,,0,,,0.866886,1,4,-0.0254615,False,False,False
psat_ratio,650,hubert1995b_10.1021_je00020a034_t1,HUBERT(1995b),,psat_ratio,357.81,,4.086,4.086,0,0,0,0,0.845238,,,,0,,,0.867077,1,4,-0.0251864,False,False,False
psat_ratio,651,hubert1995b_10.1021_je00020a034_t1,HUBERT(1995b),,psat_ratio,362.79,,4.086,4.086,0,0,0,0,0.845833,,,,0,,,0.867078,1,3,-0.0245018,False,False,False
psat_ratio,654,hubert1995b_10.1021_je00020a034_t1,HUBERT(1995b),,psat_ratio,299.19,,3.655,3.655,0,0,0,0,0.863619,,,,0,,,0.864388,1,3,-0.000889656,False,False,False
psat_ratio,655,hubert1995b_10.1021_je00020a034_t1,HUBERT(1995b),,psat_ratio,304.07,,3.655,3.655,0,0,0,0,0.862733,,,,0,,,0.8646,1,4,-0.00215933,False,False,False
psat_ratio,656,hubert1995b_10.1021_je00020a034_t1,HUBERT(1995b),,psat_ratio,309.06,,3.655,3.655,0,0,0,0,0.863385,,,,0,,,0.86524,1,4,-0.00214474,False,False,False
psat_ratio,657,hubert1995b_10.1021_je00020a034_t1,HUBERT(1995b),,psat_ratio,313.78,,3.655,3.655,0,0,0,0,0.862425,,,,0,,,0.866386,1,4,-0.00457215,False,False,False
psat_ratio,658,hubert1995b_10.1021_je00020a034_t1,HUBERT(1995b),,psat_ratio,318.64,,3.655,3.655,0,0,0,0,0.862045,,,,0,,,0.867241,1,4,-0.00599182,False,False,False
psat_ratio,659,hubert1995b_10.1021_je00020a034_t1,HUBERT(1995b),,psat_ratio,323.54,,3.655,3.655,0,0,0,0,0.86175,,,,0,,,0.867399,1,4,-0.00651294,False,False,False
psat_ratio,660,hubert1995b_10.1021_je00020a034_t1,HUBERT(1995b),,psat_ratio,328.46,,3.655,3.655,0,0,0,0,0.862562,,,,0,,,0.867271,1,4,-0.00542969,False,False,False
psat_ratio,661,hubert1995b_10.1021_je00020a034_t1,HUBERT(1995b),,psat_ratio,333.33,,3.655,3.655,0,0,0,0,0.861723,,,,0,,,0.866922,1,4,-0.00599635,False,False,False
psat_ratio,662,hubert1995b_10.1021_je00020a034_t1,HUBERT(1995b),,psat_ratio,338.25,,3.655,3.655,0,0,0,0,0.861818,,,,0,,,0.86645,1,4,-0.00534607,False,False,False
psat_ratio,663,hubert1995b_10.1021_je00020a034_t1,HUBERT(1995b),,psat_ratio,343.08,,3.655,3.655,0,0,0,0,0.861907,,,,0,,,0.86623,1,4,-0.00499051,False,False,False
psat_ratio,664,hubert1995b_10.1021_je00020a034_t1,HUBERT(1995b),,psat_ratio,352.98,,3.655,3.655,0,0,0,0,0.862685,,,,0,,,0.866888,1,4,-0.00484873,False,False,False
psat_ratio,665,hubert1995b_10.1021_je00020a034_t1,HUBERT(1995b),,psat_ratio,357.93,,3.655,3.655,0,0,0,0,0.863105,,,,0,,,0.867072,1,4,-0.00457595,False,False,False
psat_ratio,666,hubert1995b_10.1021_je00020a034_t1,HUBERT(1995b),,psat_ratio,362.87,,3.655,3.655,0,0,0,0,0.863423,,,,0,,,0.867084,1,3,-0.00422218,False,False,False
psat_ratio,669,hubert1995b_10.1021_je00020a034_t1,HUBERT(1995b),,psat_ratio,299.16,,3.141,3.141,0,0,0,0,0.885653,,,,0,,,0.864379,1,3,0.0246118,False,False,False
psat_ratio,670,hubert1995b_10.1021_je00020a034_t1,HUBERT(1995b),,psat_ratio,303.97,,3.141,3.141,0,0,0,0,0.88564,,,,0,,,0.864597,1,4,0.0243391,False,False,False
psat_ratio,671,hubert1995b_10.1021_je00020a034_t1,HUBERT(1995b),,psat_ratio,308.89,,3.141,3.141,0,0,0,0,0.884793,,,,0,,,0.865217,1,4,0.0226256,False,False,False
psat_ratio,672,hubert1995b_10.1021_je00020a034_t1,HUBERT(1995b),,psat_ratio,313.64,,3.141,3.141,0,0,0,0,0.884559,,,,0,,,0.866335,1,4,0.0210353,False,False,False
psat_ratio,673,hubert1995b_10.1021_je00020a034_t1,HUBERT(1995b),,psat_ratio,318.63,,3.141,3.141,0,0,0,0,0.883942,,,,0,,,0.867241,1,4,0.0192579,False,False,False
psat_ratio,674,hubert1995b_10.1021_je00020a034_t1,HUBERT(1995b),,psat_ratio,323.45,,3.141,3.141,0,0,0,0,0.883943,,,,0,,,0.867399,1,4,0.0190731,False,False,False
psat_ratio,675,hubert1995b_10.1021_je00020a034_t1,HUBERT(1995b),,psat_ratio,328.33,,3.141,3.141,0,0,0,0,0.884736,,,,0,,,0.867273,1,4,0.0201352,False,False,False
psat_ratio,676,hubert1995b_10.1021_je00020a034_t1,HUBERT(1995b),,psat_ratio,333.3,,3.141,3.141,0,0,0,0,0.884178,,,,0,,,0.866926,1,4,0.0199011,False,False,False
psat_ratio,677,hubert1995b_10.1021_je00020a034_t1,HUBERT(1995b),,psat_ratio,343.1,,3.141,3.141,0,0,0,0,0.884288,,,,0,,,0.86623,1,4,0.0208467,False,False,False
psat_ratio,678,hubert1995b_10.1021_je00020a034_t1,HUBERT(1995b),,psat_ratio,352.92,,3.141,3.141,0,0,0,0,0.884669,,,,0,,,0.866885,1,4,0.0205153,False,False,False
psat_ratio,679,hubert1995b_10.1021_je00020a034_t1,HUBERT(1995b),,psat_ratio,362.75,,3.141,3.141,0,0,0,0,0.885127,,,,0,,,0.867074,1,3,0.02082,False,False,False
psat_ratio,681,hubert1995b_10.1021_je00020a034_t1,HUBERT(1995b),,psat_ratio,299.18,,2.617,2.617,0,0,0,0,0.905971,,,,0,,,0.923689,1,3,-0.0191815,False,False,False
psat_ratio,682,hubert1995b_10.1021_je00020a034_t1,HUBERT(1995b),,psat_ratio,303.97,,2.617,2.617,0,0,0,0,0.90586,,,,0,,,0.922712,1,4,-0.0182633,False,False,False
psat_ratio,683,hubert1995b_10.1021_je00020a034_t1,HUBERT(1995b),,psat_ratio,308.88,,2.617,2.617,0,0,0,0,0.905757,,,,0,,,0.922245,1,4,-0.0178779,False,False,False
psat_ratio,684,hubert1995b_10.1021_je00020a034_t1,HUBERT(1995b),,psat_ratio,313.74,,2.617,2.617,0,0,0,0,0.905725,,,,0,,,0.921837,1,4,-0.0174782,False,False,False
psat_ratio,685,hubert1995b_10.1021_je00020a034_t1,HUBERT(1995b),,psat_ratio,318.62,,2.617,2.617,0,0,0,0,0.905556,,,,0,,,0.922115,1,4,-0.0179578,False,False,False
psat_ratio,686,hubert1995b_10.1021_je00020a034_t1,HUBERT(1995b),,psat_ratio,323.48,,2.617,2.617,0,0,0,0,0.90533,,,,0,,,0.922929,1,4,-0.0190679,False,False,False
psat_ratio,687,hubert1995b_10.1021_je00020a034_t1,HUBERT(1995b),,psat_ratio,328.39,,2.617,2.617,0,0,0,0,0.905594,,,,0,,,0.923069,1,4,-0.0189311,False,False,False
psat_ratio,688,hubert1995b_10.1021_je00020a034_t1,HUBERT(1995b),,psat_ratio,333.27,,2.617,2.617,0,0,0,0,0.905997,,,,0,,,0.922703,1,4,-0.0181056,False,False,False
psat_ratio,689,hubert1995b_10.1021_je00020a034_t1,HUBERT(1995b),,psat_ratio,338.21,,2.617,2.617,0,0,0,0,0.905297,,,,0,,,0.922633,1,4,-0.0187893,False,False,False
psat_ratio,690,hubert1995b_10.1021_je00020a034_t1,HUBERT(1995b),,psat_ratio,343.08,,2.617,2.617,0,0,0,0,0.90521,,,,0,,,0.922686,1,4,-0.0189401,False,False,False
psat_ratio,691,hubert1995b_10.1021_je00020a034_t1,HUBERT(1995b),,psat_ratio,347.97,,2.617,2.617,0,0,0,0,0.90561,,,,0,,,0.922344,1,4,-0.0181423,False,False,False
psat_ratio,692,hubert1995b_10.1021_je00020a034_t1,HUBERT(1995b),,psat_ratio,352.93,,2.617,2.617,0,0,0,0,0.90559,,,,0,,,0.922104,1,4,-0.0179089,False,False,False
psat_ratio,693,hubert1995b_10.1021_je00020a034_t1,HUBERT(1995b),,psat_ratio,357.77,,2.617,2.617,0,0,0,0,0.905733,,,,0,,,0.922274,1,4,-0.017935,False,False,False
psat_ratio,694,hubert1995b_10.1021_je00020a034_t1,HUBERT(1995b),,psat_ratio,362.81,,2.617,2.617,0,0,0,0,0.906,,,,0,,,0.922597,1,3,-0.0179898,False,False,False
psat_ratio,697,hubert1995b_10.1021_je00020a034_t1,HUBERT(1995b),,psat_ratio,299.2,,2.2,2.2,0,0,0,0,0.923573,,,,0,,,0.923683,1,3,-0.000118958,False,False,False
psat_ratio,698,hubert1995b_10.1021_je00020a034_t1,HUBERT(1995b),,psat_ratio,304,,2.2,2.2,0,0,0,0,0.923151,0.92254,0.92254,,1,0,0.000662673,0.922707,1,4,0.000481163,False,False,False
psat_ratio,699,hubert1995b_10.1021_je00020a034_t1,HUBERT(1995b),,psat_ratio,308.83,,2.2,2.2,0,0,0,0,0.922283,0.922186,0.922186,,1,0,0.000105218,0.922247,1,4,3.88976e-05,False,False,False
psat_ratio,700,hubert1995b_10.1021_je00020a034_t1,HUBERT(1995b),,psat_ratio,313.67,,2.2,2.2,0,0,0,0,0.922138,0.922147,0.922147,,1,0,-1.01138e-05,0.921843,1,4,0.000320398,False,False,False
psat_ratio,701,hubert1995b_10.1021_je00020a034_t1,HUBERT(1995b),,psat_ratio,318.55,,2.2,2.2,0,0,0,0,0.922697,0.921209,0.921209,,1,0,0.00161566,0.922108,1,4,0.000639663,False,False,False
psat_ratio,702,hubert1995b_10.1021_je00020a034_t1,HUBERT(1995b),,psat_ratio,323.38,,2.2,2.2,0,0,0,0,0.922552,0.923255,0.923255,,1,0,-0.000762327,0.922903,1,4,-0.00038085,False,False,False
psat_ratio,703,hubert1995b_10.1021_je00020a034_t1,HUBERT(1995b),,psat_ratio,328.32,,2.2,2.2,0,0,0,0,0.922854,0.923862,0.923862,,1,0,-0.00109097,0.923078,1,4,-0.000243517,False,False,False
psat_ratio,704,hubert1995b_10.1021_je00020a034_t1,HUBERT(1995b),,psat_ratio,333.22,,2.2,2.2,0,0,0,0,0.923386,0.921819,0.921819,,1,0,0.00169956,0.922707,1,4,0.000734965,False,False,False
psat_ratio,705,hubert1995b_10.1021_je00020a034_t1,HUBERT(1995b),,psat_ratio,338.15,,2.2,2.2,0,0,0,0,0.922665,0.922904,0.922904,,1,0,-0.000259617,0.922626,1,5,4.22362e-05,False,False,False
psat_ratio,706,hubert1995b_10.1021_je00020a034_t1,HUBERT(1995b),,psat_ratio,343.03,,2.2,2.2,0,0,0,0,0.923054,0.923017,0.923017,,1,0,3.95248e-05,0.922691,1,4,0.000393736,False,False,False
psat_ratio,707,hubert1995b_10.1021_je00020a034_t1,HUBERT(1995b),,psat_ratio,347.97,,2.2,2.2,0,0,0,0,0.922683,0.921949,0.921949,,1,0,0.000796122,0.922344,1,4,0.000368384,False,False,False
psat_ratio,708,hubert1995b_10.1021_je00020a034_t1,HUBERT(1995b),,psat_ratio,352.87,,2.2,2.2,0,0,0,0,0.922856,0.922208,0.922208,,1,0,0.000702967,0.922103,1,4,0.000816883,False,False,False
psat_ratio,709,hubert1995b_10.1021_je00020a034_t1,HUBERT(1995b),,psat_ratio,357.75,,2.2,2.2,0,0,0,0,0.923052,0.922115,0.922115,,1,0,0.00101566,0.922273,1,4,0.00084435,False,False,False
psat_ratio,710,hubert1995b_10.1021_je00020a034_t1,HUBERT(1995b),,psat_ratio,362.71,,2.2,2.2,0,0,0,0,0.922786,0.922633,0.922633,,1,0,0.000165867,0.922586,1,3,0.000216172,False,False,False
psat_ratio,729,hubert1995b_10.1021_je00020a034_t1,HUBERT(1995b),,psat_ratio,299.24,,1.245,1.245,0,0,0,0,0.957171,,,,0,,,0.962243,1,3,-0.00527147,False,False,False
psat_ratio,730,hubert1995b_10.1021_je00020a034_t1,HUBERT(1995b),,psat_ratio,304.03,,1.245,1.245,0,0,0,0,0.957397,,,,0,,,0.96421,1,4,-0.00706559,False,False,False
psat_ratio,731,hubert1995b_10.1021_je00020a034_t1,HUBERT(1995b),,psat_ratio,308.84,,1.245,1.245,0,0,0,0,0.956663,,,,0,,,0.963774,1,4,-0.00737847,False,False,False
psat_ratio,732,hubert1995b_10.1021_je00020a034_t1,HUBERT(1995b),,psat_ratio,313.74,,1.245,1.245,0,0,0,0,0.956772,,,,0,,,0.963055,1,4,-0.0065234,False,False,False
psat_ratio,733,hubert1995b_10.1021_je00020a034_t1,HUBERT(1995b),,psat_ratio,318.55,,1.245,1.245,0,0,0,0,0.957412,,,,0,,,0.962992,1,4,-0.00579466,False,False,False
psat_ratio,734,hubert1995b_10.1021_je00020a034_t1,HUBERT(1995b),,psat_ratio,323.47,,1.245,1.245,0,0,0,0,0.956777,,,,0,,,0.962898,1,4,-0.00635654,False,False,False
psat_ratio,735,hubert1995b_10.1021_je00020a034_t1,HUBERT(1995b),,psat_ratio,328.37,,1.245,1.245,0,0,0,0,0.956684,,,,0,,,0.962837,1,4,-0.0063906,False,False,False
psat_ratio,736,hubert1995b_10.1021_je00020a034_t1,HUBERT(1995b),,psat_ratio,333.26,,1.245,1.245,0,0,0,0,0.956944,,,,0,,,0.963206,1,4,-0.00650172,False,False,False
psat_ratio,737,hubert1995b_10.1021_je00020a034_t1,HUBERT(1995b),,psat_ratio,338.12,,1.245,1.245,0,0,0,0,0.957493,,,,0,,,0.963456,1,4,-0.00618892,False,False,False
psat_ratio,738,hubert1995b_10.1021_je00020a034_t1,HUBERT(1995b),,psat_ratio,343.07,,1.245,1.245,0,0,0,0,0.957478,,,,0,,,0.96343,1,4,-0.00617761,False,False,False
psat_ratio,739,hubert1995b_10.1021_je00020a034_t1,HUBERT(1995b),,psat_ratio,347.95,,1.245,1.245,0,0,0,0,0.957579,,,,0,,,0.96281,1,4,-0.00543213,False,False,False
psat_ratio,740,hubert1995b_10.1021_je00020a034_t1,HUBERT(1995b),,psat_ratio,352.89,,1.245,1.245,0,0,0,0,0.95734,,,,0,,,0.962321,1,4,-0.00517638,False,False,False
psat_ratio,741,hubert1995b_10.1021_je00020a034_t1,HUBERT(1995b),,psat_ratio,357.87,,1.245,1.245,0,0,0,0,0.95762,,,,0,,,0.962356,1,4,-0.00492134,False,False,False
psat_ratio,742,hubert1995b_10.1021_je00020a034_t1,HUBERT(1995b),,psat_ratio,362.75,,1.245,1.245,0,0,0,0,0.957072,,,,0,,,0.963017,1,3,-0.00617341,False,False,False
psat_ratio,746,parisod1981_10.1021_je00023a008_t1,PARISOD(1981),,psat_ratio,573.15,,3.09084,3.09084,0,0,0,0,0.888409,0.898761,0.898761,,1,0,-0.0115181,,0,0,,False,False,False
psat_ratio,755,parisod1981_10.1021_je00023a008_t1,PARISOD(1981),,psat_ratio,593.15,,3.60444,3.60444,0,0,0,0,0.879482,,,,0,,,0.874644,2,6,0.00553152,False,False,False
psat_ratio,787,sako1985_10.1021_je00040a030_t2,SAKO(1985),,psat_ratio,342.9,,0,4.21,0,0,2.105,0,0.840755,,,,0,,,0.861785,1,8,-0.0244034,False,False,False
psat_ratio,788,sako1985_10.1021_je00040a030_t2,SAKO(1985),,psat_ratio,356.3,,0,4.21,0,0,2.105,0,0.843571,,,,0,,,0.859949,1,8,-0.019046,False,False,False
psat_ratio,789,sako1985_10.1021_je00040a030_t2,SAKO(1985),,psat_ratio,367.4,,0,4.21,0,0,2.105,0,0.850067,,,,0,,,0.855974,1,8,-0.00690082,False,False,False
psat_ratio,795,sako1985_10.1021_je00040a030_t2,SAKO(1985),,psat_ratio,346.6,,0,6.204,0,0,3.102,0,0.729259,,,,0,,,0.731571,1,8,-0.00315944,False,False,False
psat_ratio,796,sako1985_10.1021_je00040a030_t2,SAKO(1985),,psat_ratio,358.8,,0,6.204,0,0,3.102,0,0.735543,,,,0,,,0.732729,1,8,0.00384119,False,False,False
psat_ratio,797,sako1985_10.1021_je00040a030_t2,SAKO(1985),,psat_ratio,371.7,,0,6.204,0,0,3.102,0,0.747498,,,,0,,,0.736253,1,6,0.0152732,False,False,False
psat_ratio,801,sako1985_10.1021_je00040a030_t2,SAKO(1985),,psat_ratio,349.7,,0,8.208,0,0,4.104,0,0.61359,,,,0,,,0.635917,1,8,-0.0351099,False,False,False
psat_ratio,802,sako1985_10.1021_je00040a030_t2,SAKO(1985),,psat_ratio,363.8,,0,8.208,0,0,4.104,0,0.618916,,,,0,,,0.640067,1,8,-0.0330453,False,False,False
psat_ratio,1063,nasirzadeh2004_10.1021_je034197x_t10,NASIRZADEH(2004),,psat_ratio,298.15,,1.0684,1.0684,0,0,0,0,0.960905,,,,0,,,0.957305,1,3,0.0037598,False,False,False
psat_ratio,1064,nasirzadeh2004_10.1021_je034197x_t10,NASIRZADEH(2004),,psat_ratio,303.15,,1.0684,1.0684,0,0,0,0,0.966807,,,,0,,,0.95716,1,4,0.0100781,False,False,False
psat_ratio,1065,nasirzadeh2004_10.1021_je034197x_t10,NASIRZADEH(2004),,psat_ratio,308.15,,1.0684,1.0684,0,0,0,0,0.963046,,,,0,,,0.956949,1,4,0.00637066,False,False,False
psat_ratio,1066,nasirzadeh2004_10.1021_je034197x_t10,NASIRZADEH(2004),,psat_ratio,313.15,,1.0684,1.0684,0,0,0,0,0.96277,,,,0,,,0.956891,1,4,0.00614457,False,False,False
psat_ratio,1067,nasirzadeh2004_10.1021_je034197x_t10,NASIRZADEH(2004),,psat_ratio,318.15,,1.0684,1.0684,0,0,0,0,0.963419,,,,0,,,0.957041,1,4,0.00666395,False,False,False
psat_ratio,1068,nasirzadeh2004_10.1021_je034197x_t10,NASIRZADEH(2004),,psat_ratio,323.15,,1.0684,1.0684,0,0,0,0,0.962601,,,,0,,,0.956955,1,4,0.00590033,False,False,False
psat_ratio,1069,nasirzadeh2004_10.1021_je034197x_t10,NASIRZADEH(2004),,psat_ratio,328.15,,1.0684,1.0684,0,0,0,0,0.962879,,,,0,,,0.956783,1,5,0.00637179,False,False,False
psat_ratio,1070,nasirzadeh2004_10.1021_je034197x_t10,NASIRZADEH(2004),,psat_ratio,333.15,,1.0684,1.0684,0,0,0,0,0.962979,,,,0,,,0.957019,1,5,0.00622741,False,False,False
psat_ratio,1071,nasirzadeh2004_10.1021_je034197x_t10,NASIRZADEH(2004),,psat_ratio,338.15,,1.0684,1.0684,0,0,0,0,0.963836,,,,0,,,0.95733,1,5,0.00679622,False,False,False
psat_ratio,1072,nasirzadeh2004_10.1021_je034197x_t10,NASIRZADEH(2004),,psat_ratio,343.15,,1.0684,1.0684,0,0,0,0,0.963369,,,,0,,,0.957513,1,5,0.00611605,False,False,False
psat_ratio,1073,nasirzadeh2004_10.1021_je034197x_t10,NASIRZADEH(2004),,psat_ratio,348.15,,1.0684,1.0684,0,0,0,0,0.963094,,,,0,,,0.957478,1,4,0.00586519,False,False,False
psat_ratio,1074,nasirzadeh2004_10.1021_je034197x_t10,NASIRZADEH(2004),,psat_ratio,353.15,,1.0684,1.0684,0,0,0,0,0.961711,,,,0,,,0.95749,1,4,0.00440811,False,False,False
psat_ratio,1075,nasirzadeh2004_10.1021_je034197x_t10,NASIRZADEH(2004),,psat_ratio,358.15,,1.0684,1.0684,0,0,0,0,0.962397,,,,0,,,0.957373,1,4,0.00524815,False,False,False
psat_ratio,1076,nasirzadeh2004_10.1021_je034197x_t10,NASIRZADEH(2004),,psat_ratio,363.15,,1.0684,1.0684,0,0,0,0,0.963071,,,,0,,,0.957571,1,3,0.00574374,False,False,False
psat_ratio,1078,nasirzadeh2004_10.1021_je034197x_t10,NASIRZADEH(2004),,psat_ratio,303.15,,2.195,2.195,0,0,0,0,0.92254,0.923151,0.923151,,1,0,-0.000662235,,0,0,,False,False,False
psat_ratio,1079,nasirzadeh2004_10.1021_je034197x_t10,NASIRZADEH(2004),,psat_ratio,308.15,,2.195,2.195,0,0,0,0,0.922186,0.922283,0.922283,,1,0,-0.000105207,,0,0,,False,False,False
psat_ratio,1080,nasirzadeh2004_10.1021_je034197x_t10,NASIRZADEH(2004),,psat_ratio,313.15,,2.195,2.195,0,0,0,0,0.922147,0.922138,0.922138,,1,0,1.01139e-05,,0,0,,False,False,False
psat_ratio,1081,nasirzadeh2004_10.1021_je034197x_t10,NASIRZADEH(2004),,psat_ratio,318.15,,2.195,2.195,0,0,0,0,0.921209,0.922697,0.922697,,1,0,-0.00161305,,0,0,,False,False,False
psat_ratio,1082,nasirzadeh2004_10.1021_je034197x_t10,NASIRZADEH(2004),,psat_ratio,323.15,,2.195,2.195,0,0,0,0,0.923255,0.922552,0.922552,,1,0,0.000762909,,0,0,,False,False,False
psat_ratio,1083,nasirzadeh2004_10.1021_je034197x_t10,NASIRZADEH(2004),,psat_ratio,328.15,,2.195,2.195,0,0,0,0,0.923862,0.922854,0.922854,,1,0,0.00109216,,0,0,,False,False,False
psat_ratio,1084,nasirzadeh2004_10.1021_je034197x_t10,NASIRZADEH(2004),,psat_ratio,333.15,,2.195,2.195,0,0,0,0,0.921819,0.923386,0.923386,,1,0,-0.00169667,,0,0,,False,False,False
psat_ratio,1085,nasirzadeh2004_10.1021_je034197x_t10,NASIRZADEH(2004),,psat_ratio,338.15,,2.195,2.195,0,0,0,0,0.922904,0.922665,0.922665,,1,0,0.000259684,,0,0,,False,False,False
psat_ratio,1086,nasirzadeh2004_10.1021_je034197x_t10,NASIRZADEH(2004),,psat_ratio,343.15,,2.195,2.195,0,0,0,0,0.923017,0.923054,0.923054,,1,0,-3.95233e-05,,0,0,,False,False,False
psat_ratio,1087,nasirzadeh2004_10.1021_je034197x_t10,NASIRZADEH(2004),,psat_ratio,348.15,,2.195,2.195,0,0,0,0,0.921949,0.922683,0.922683,,1,0,-0.000795489,,0,0,,False,False,False
psat_ratio,1088,nasirzadeh2004_10.1021_je034197x_t10,NASIRZADEH(2004),,psat_ratio,353.15,,2.195,2.195,0,0,0,0,0.922208,0.922856,0.922856,,1,0,-0.000702473,,0,0,,False,False,False
psat_ratio,1089,nasirzadeh2004_10.1021_je034197x_t10,NASIRZADEH(2004),,psat_ratio,358.15,,2.195,2.195,0,0,0,0,0.922115,0.923052,0.923052,,1,0,-0.00101463,,0,0,,False,False,False
psat_ratio,1090,nasirzadeh2004_10.1021_je034197x_t10,NASIRZADEH(2004),,psat_ratio,363.15,,2.195,2.195,0,0,0,0,0.922633,0.922786,0.922786,,1,0,-0.00016584,,0,0,,False,False,False
psat_ratio,1091,nasirzadeh2004_10.1021_je034197x_t10,NASIRZADEH(2004),,psat_ratio,298.15,,3.5714,3.5714,0,0,0,0,0.864057,,,,0,,,0.867177,1,9,-0.00359803,False,False,False
psat_ratio,1092,nasirzadeh2004_10.1021_je034197x_t10,NASIRZADEH(2004),,psat_ratio,303.15,,3.5714,3.5714,0,0,0,0,0.865558,,,,0,,,0.866905,1,12,-0.001554,False,False,False
psat_ratio,1093,nasirzadeh2004_10.1021_je034197x_t10,NASIRZADEH(2004),,psat_ratio,308.15,,3.5714,3.5714,0,0,0,0,0.863739,,,,0,,,0.866524,1,12,-0.00321358,False,False,False
psat_ratio,1094,nasirzadeh2004_10.1021_je034197x_t10,NASIRZADEH(2004),,psat_ratio,313.15,,3.5714,3.5714,0,0,0,0,0.866764,,,,0,,,0.866063,1,12,0.00080921,False,False,False
psat_ratio,1095,nasirzadeh2004_10.1021_je034197x_t10,NASIRZADEH(2004),,psat_ratio,318.15,,3.5714,3.5714,0,0,0,0,0.86764,,,,0,,,0.86561,1,12,0.00234467,False,False,False
psat_ratio,1096,nasirzadeh2004_10.1021_je034197x_t10,NASIRZADEH(2004),,psat_ratio,323.15,,3.5714,3.5714,0,0,0,0,0.86707,,,,0,,,0.865568,1,12,0.00173518,False,False,False
psat_ratio,1097,nasirzadeh2004_10.1021_je034197x_t10,NASIRZADEH(2004),,psat_ratio,328.15,,3.5714,3.5714,0,0,0,0,0.867651,,,,0,,,0.865615,1,12,0.00235219,False,False,False
psat_ratio,1098,nasirzadeh2004_10.1021_je034197x_t10,NASIRZADEH(2004),,psat_ratio,333.15,,3.5714,3.5714,0,0,0,0,0.866922,,,,0,,,0.865608,1,14,0.00151842,False,False,False
psat_ratio,1099,nasirzadeh2004_10.1021_je034197x_t10,NASIRZADEH(2004),,psat_ratio,338.15,,3.5714,3.5714,0,0,0,0,0.866279,,,,0,,,0.865493,1,12,0.000907351,False,False,False
psat_ratio,1100,nasirzadeh2004_10.1021_je034197x_t10,NASIRZADEH(2004),,psat_ratio,343.15,,3.5714,3.5714,0,0,0,0,0.866256,,,,0,,,0.865619,1,12,0.000736452,False,False,False
psat_ratio,1101,nasirzadeh2004_10.1021_je034197x_t10,NASIRZADEH(2004),,psat_ratio,348.15,,3.5714,3.5714,0,0,0,0,0.86614,,,,0,,,0.865936,1,11,0.000235644,False,False,False
psat_ratio,1102,nasirzadeh2004_10.1021_je034197x_t10,NASIRZADEH(2004),,psat_ratio,353.15,,3.5714,3.5714,0,0,0,0,0.86752,,,,0,,,0.866253,1,9,0.00146248,False,False,False
psat_ratio,1103,nasirzadeh2004_10.1021_je034197x_t10,NASIRZADEH(2004),,psat_ratio,358.15,,3.5714,3.5714,0,0,0,0,0.866729,,,,0,,,0.866625,1,10,0.000120312,False,False,False
psat_ratio,1104,nasirzadeh2004_10.1021_je034197x_t10,NASIRZADEH(2004),,psat_ratio,363.15,,3.5714,3.5714,0,0,0,0,0.867106,,,,0,,,0.866915,1,7,0.000219481,False,False,False
psat_ratio,1200,wood1984_10.2475_ajs.284.6.668_t1,WOOD(1984),,psat_ratio,473.15,,0,6.2,0,3.1,0,0,0.829729,,,,0,,,0.81756,1,5,0.0148846,False,False,False
psat_ratio,1201,wood1984_10.2475_ajs.284.6.668_t1,WOOD(1984),,psat_ratio,473.15,,0,7,0,3.5,0,0,0.804455,,,,0,,,0.787888,1,6,0.0210274,False,False,False
psat_ratio,1202,wood1984_10.2475_ajs.284.6.668_t1,WOOD(1984),,psat_ratio,473.15,,0,7.8,0,3.9,0,0,0.762774,,,,0,,,0.75844,1,6,0.00571446,False,False,False
psat_ratio,1203,wood1984_10.2475_ajs.284.6.668_t1,WOOD(1984),,psat_ratio,473.15,,0,8.6,0,4.3,0,0,0.733952,,,,0,,,0.729422,1,5,0.00620991,False,False,False
psat_ratio,1204,wood1984_10.2475_ajs.284.6.668_t1,WOOD(1984),,psat_ratio,473.15,,0,9.2,0,4.6,0,0,0.713998,,,,0,,,0.708289,1,5,0.0080613,False,False,False
psat_ratio,1205,wood1984_10.2475_ajs.284.6.668_t1,WOOD(1984),,psat_ratio,473.15,,0,10,0,5,0,0,0.689611,,,,0,,,0.680962,1,4,0.0127011,False,False,False
psat_ratio,1206,wood1984_10.2475_ajs.284.6.668_t1,WOOD(1984),,psat_ratio,473.15,,0,10.6,0,5.3,0,0,0.669657,,,,0,,,0.661092,1,4,0.0129556,False,False,False
psat_ratio,1207,wood1984_10.2475_ajs.284.6.668_t1,WOOD(1984),,psat_ratio,473.15,,0,11.4,0,5.7,0,0,0.645269,,,,0,,,0.635438,1,5,0.0154716,False,False,False
psat_ratio,1209,wood1984_10.2475_ajs.284.6.668_t1,WOOD(1984),,psat_ratio,498.15,,1,1,0,0,0,0,0.964035,0.976714,0.976714,,1,0,-0.0129813,,0,0,,False,False,False
psat_ratio,1229,wood1984_10.2475_ajs.284.6.668_t1,WOOD(1984),,psat_ratio,498.15,,0,6.4,0,3.2,0,0,0.839105,0.819904,0.819904,,1,0,0.023418,,0,0,,False,False,False
psat_ratio,1230,wood1984_10.2475_ajs.284.6.668_t1,WOOD(1984),,psat_ratio,498.15,,0,7.2,0,3.6,0,0,0.814497,0.79349,0.79349,,1,0,0.026475,0.793613,1,4,0.0263154,False,False,False
psat_ratio,1231,wood1984_10.2475_ajs.284.6.668_t1,WOOD(1984),,psat_ratio,498.15,,0,7.8,0,3.9,0,0,0.787186,,,,0,,,0.773027,1,5,0.0183162,False,False,False
psat_ratio,1232,wood1984_10.2475_ajs.284.6.668_t1,WOOD(1984),,psat_ratio,498.15,,0,8.6,0,4.3,0,0,0.755277,,,,0,,,0.745779,1,7,0.0127359,False,False,False
psat_ratio,1233,wood1984_10.2475_ajs.284.6.668_t1,WOOD(1984),,psat_ratio,498.15,,0,9.4,0,4.7,0,0,0.729588,0.71869,0.71869,,1,0,0.0151645,0.719417,1,7,0.014138,False,False,False
psat_ratio,1234,wood1984_10.2475_ajs.284.6.668_t1,WOOD(1984),,psat_ratio,498.15,,0,10,0,5,0,0,0.716067,0.69664,0.69664,,1,0,0.0278873,0.700408,1,7,0.0223575,False,False,False
psat_ratio,1235,wood1984_10.2475_ajs.284.6.668_t1,WOOD(1984),,psat_ratio,498.15,,0,10.6,0,5.3,0,0,0.697679,0.67716,0.67716,,1,0,0.0303029,0.681974,1,7,0.0230297,False,False,False
psat_ratio,1236,wood1984_10.2475_ajs.284.6.668_t1,WOOD(1984),,psat_ratio,498.15,,0,11.4,0,5.7,0,0,0.67199,0.663366,0.663366,,1,0,0.013001,0.657488,1,7,0.0220572,False,False,False
psat_ratio,1258,wood1984_10.2475_ajs.284.6.668_t1,WOOD(1984),,psat_ratio,523.15,,0,6.4,0,3.2,0,0,0.849487,0.831183,0.831183,,1,0,0.0220216,,0,0,,False,False,False
psat_ratio,1259,wood1984_10.2475_ajs.284.6.668_t1,WOOD(1984),,psat_ratio,523.15,,0,7.2,0,3.6,0,0,0.826772,,,,0,,,0.809649,1,4,0.0211485,False,False,False
psat_ratio,1260,wood1984_10.2475_ajs.284.6.668_t1,WOOD(1984),,psat_ratio,523.15,,0,7.8,0,3.9,0,0,0.804056,,,,0,,,0.79052,1,5,0.0171224,False,False,False
psat_ratio,1261,wood1984_10.2475_ajs.284.6.668_t1,WOOD(1984),,psat_ratio,523.15,,0,8.6,0,4.3,0,0,0.778219,0.766787,0.766787,,1,0,0.0149089,0.765326,1,6,0.016847,False,False,False
psat_ratio,1262,wood1984_10.2475_ajs.284.6.668_t1,WOOD(1984),,psat_ratio,523.15,,0,9.6,0,4.8,0,0,0.757238,0.731331,0.731331,,1,0,0.0354238,0.734596,1,5,0.0308224,False,False,False
psat_ratio,1263,wood1984_10.2475_ajs.284.6.668_t1,WOOD(1984),,psat_ratio,523.15,,0,10.2,0,5.1,0,0,0.742498,,,,0,,,0.716689,1,6,0.0360126,False,False,False
psat_ratio,1264,wood1984_10.2475_ajs.284.6.668_t1,WOOD(1984),,psat_ratio,523.15,,0,11,0,5.5,0,0,0.720303,0.698317,0.698317,,1,0,0.0314844,0.692734,1,5,0.0397976,False,False,False
psat_ratio,1265,wood1984_10.2475_ajs.284.6.668_t1,WOOD(1984),,psat_ratio,523.15,,0,11.6,0,5.8,0,0,0.700015,,,,0,,,0.675325,1,5,0.0365594,False,False,False
psat_ratio,1298,wood1984_10.2475_ajs.284.6.668_t1,WOOD(1984),,psat_ratio,573.15,,3.1,3.1,0,0,0,0,0.898761,0.888409,0.888409,,1,0,0.0116523,,0,0,,False,False,False
psat_ratio,1362,wood1984_10.2475_ajs.284.6.668_t1,WOOD(1984),,psat_ratio,623.15,,0.5,0.5,0,0,0,0,0.974514,0.971573,0.971573,,1,0,0.00302654,,0,0,,False,False,False
psat_ratio,1363,wood1984_10.2475_ajs.284.6.668_t1,WOOD(1984),,psat_ratio,623.15,,1,1,0,0,0,0,0.954284,0.956829,0.956829,,1,0,-0.00266014,0.956587,3,5,-0.0024076,False,False,False
psat_ratio,1366,wood1984_10.2475_ajs.284.6.668_t1,WOOD(1984),,psat_ratio,623.15,,2.6,2.6,0,0,0,0,0.900517,,,,0,,,0.894052,2,7,0.00723063,False,False,False
psat_ratio,1367,wood1984_10.2475_ajs.284.6.668_t1,WOOD(1984),,psat_ratio,623.15,,3.2,3.2,0,0,0,0,0.883749,,,,0,,,0.887811,3,9,-0.00457579,False,False,False
psat_ratio,1368,wood1984_10.2475_ajs.284.6.668_t1,WOOD(1984),,psat_ratio,623.15,,3.7,3.7,0,0,0,0,0.867481,,,,0,,,0.867581,3,11,-0.000114979,False,False,False
psat_ratio,1369,wood1984_10.2475_ajs.284.6.668_t1,WOOD(1984),,psat_ratio,623.15,,4.2,4.2,0,0,0,0,0.850462,,,,0,,,0.852927,1,5,-0.00288999,False,False,False
psat_ratio,1370,wood1984_10.2475_ajs.284.6.668_t1,WOOD(1984),,psat_ratio,623.15,,4.8,4.8,0,0,0,0,0.83724,,,,0,,,0.829482,1,6,0.00935238,False,False,False
psat_ratio,1371,wood1984_10.2475_ajs.284.6.668_t1,WOOD(1984),,psat_ratio,623.15,,5.2,5.2,0,0,0,0,0.817635,,,,0,,,0.818684,1,5,-0.00128116,False,False,False
psat_ratio,1372,wood1984_10.2475_ajs.284.6.668_t1,WOOD(1984),,psat_ratio,623.15,,5.8,5.8,0,0,0,0,0.802911,,,,0,,,0.799895,1,6,0.00376975,False,False,False
psat_ratio,1373,wood1984_10.2475_ajs.284.6.668_t1,WOOD(1984),,psat_ratio,623.15,,6.3,6.3,0,0,0,0,0.786768,,,,0,,,0.78605,1,6,0.000913955,False,False,False
psat_ratio,1374,wood1984_10.2475_ajs.284.6.668_t1,WOOD(1984),,psat_ratio,623.15,,0,0.5,0.5,0,0,0,0.976057,0.968911,0.968911,,1,0,0.00737545,,0,0,,False,False,False
psat_ratio,1378,wood1984_10.2475_ajs.284.6.668_t1,WOOD(1984),,psat_ratio,623.15,,0,2.7,2.7,0,0,0,0.905772,,,,0,,,0.887022,2,4,0.0211387,False,False,False
psat_ratio,1379,wood1984_10.2475_ajs.284.6.668_t1,WOOD(1984),,psat_ratio,623.15,,0,3.3,3.3,0,0,0,0.885584,,,,0,,,0.887022,2,4,-0.00162134,False,False,False
psat_ratio,1380,wood1984_10.2475_ajs.284.6.668_t1,WOOD(1984),,psat_ratio,623.15,,0,3.8,3.8,0,0,0,0.868816,,,,0,,,0.887022,2,4,-0.0205253,False,False,False
rho,82,rho_alghafri,ALGHAFRI(2012) / EXP_NaCl_T373K.txt,,rho,372.99,199,3.16,3.16,0,0,0,0,1075.95,,,,0,,,1074.7,2,6,0.00116183,False,False,False
rho,106,rho_alghafri,ALGHAFRI(2012) / EXP_NaCl_T398K.txt,,rho,397.97,199,3.16,3.16,0,0,0,0,1058.92,,,,0,,,1057.95,2,6,0.000920626,False,False,False
rho,130,rho_alghafri,ALGHAFRI(2012) / EXP_NaCl_T423K.txt,,rho,422.94,199,3.16,3.16,0,0,0,0,1040.37,,,,0,,,1040.27,2,6,9.63395e-05,False,False,False
rho,387,rho_alghafri,ALGHAFRI(2012) / EXP_CaCl_T298K.txt,,rho,298.12,100.2,0,2,0,1,0,0,1085.93,1086.91,1086.91,,1,0,-0.000898844,,0,0,,False,False,False
rho,388,rho_alghafri,ALGHAFRI(2012) / EXP_CaCl_T298K.txt,,rho,298.12,199.7,0,2,0,1,0,0,1089.7,1090.86,1090.86,,1,0,-0.00106337,,0,0,,False,False,False
rho,390,rho_alghafri,ALGHAFRI(2012) / EXP_CaCl_T298K.txt,,rho,298.12,398.3,0,2,0,1,0,0,1097.27,1098.31,1098.31,0.332428,2,0.000428044,-0.000945145,,0,0,,False,False,False
rho,398,rho_alghafri,ALGHAFRI(2012) / EXP_CaCl_T298K.txt,,rho,298.12,398.3,0,6,0,3,0,0,1237.81,1240.37,1240.37,,1,0,-0.00206553,,0,0,,False,False,False
rho,459,rho_alghafri,ALGHAFRI(2012) / EXP_CaCl_T373K.txt,,rho,372.99,100.2,0,2,0,1,0,0,1047.42,1048,1048,,1,0,-0.000557011,,0,0,,False,False,False
rho,460,rho_alghafri,ALGHAFRI(2012) / EXP_CaCl_T373K.txt,,rho,372.99,199.7,0,2,0,1,0,0,1051.39,1052.05,1052.05,,1,0,-0.000625812,,0,0,,False,False,False
rho,462,rho_alghafri,ALGHAFRI(2012) / EXP_CaCl_T373K.txt,,rho,372.99,398.3,0,2,0,1,0,0,1059.05,1059.96,1059.96,,1,0,-0.000860474,,0,0,,False,False,False
rho,467,rho_alghafri,ALGHAFRI(2012) / EXP_CaCl_T373K.txt,,rho,372.99,100.2,0,6,0,3,0,0,1187.2,1189.01,1189.01,,1,0,-0.00151949,,0,0,,False,False,False
rho,468,rho_alghafri,ALGHAFRI(2012) / EXP_CaCl_T373K.txt,,rho,372.99,199.7,0,6,0,3,0,0,1190.58,1192.52,1192.52,,1,0,-0.001628,,0,0,,False,False,False
rho,470,rho_alghafri,ALGHAFRI(2012) / EXP_CaCl_T373K.txt,,rho,372.99,398.3,0,6,0,3,0,0,1197.14,1199.51,1199.51,,1,0,-0.00197753,,0,0,,False,False,False
rho,475,rho_alghafri,ALGHAFRI(2012) / EXP_CaCl_T373K.txt,,rho,372.99,100.2,0,12,0,6,0,0,1343.09,1339.5,1339.5,,1,0,0.0026773,,0,0,,False,False,False
rho,476,rho_alghafri,ALGHAFRI(2012) / EXP_CaCl_T373K.txt,,rho,372.99,199.7,0,12,0,6,0,0,1346.07,1342.84,1342.84,,1,0,0.00240656,,0,0,,False,False,False
rho,478,rho_alghafri,ALGHAFRI(2012) / EXP_CaCl_T373K.txt,,rho,372.99,398.3,0,12,0,6,0,0,1351.92,1349.26,1349.26,,1,0,0.00197232,,0,0,,False,False,False
rho,507,rho_alghafri,ALGHAFRI(2012) / EXP_CaCl_T423K.txt,,rho,422.94,100.2,0,2,0,1,0,0,1011.09,1011.39,1011.39,,1,0,-0.000298102,,0,0,,False,False,False
rho,508,rho_alghafri,ALGHAFRI(2012) / EXP_CaCl_T423K.txt,,rho,422.94,199.7,0,2,0,1,0,0,1015.62,1016.15,1016.15,,1,0,-0.00052211,,0,0,,False,False,False
rho,510,rho_alghafri,ALGHAFRI(2012) / EXP_CaCl_T423K.txt,,rho,422.94,398.3,0,2,0,1,0,0,1024.3,1025.05,1025.05,,1,0,-0.000734452,,0,0,,False,False,False
rho,515,rho_alghafri,ALGHAFRI(2012) / EXP_CaCl_T423K.txt,,rho,422.94,100.2,0,6,0,3,0,0,1154.33,1156.05,1156.05,,1,0,-0.00148984,,0,0,,False,False,False
rho,516,rho_alghafri,ALGHAFRI(2012) / EXP_CaCl_T423K.txt,,rho,422.94,199.7,0,6,0,3,0,0,1158.03,1160.06,1160.06,,1,0,-0.0017513,,0,0,,False,False,False
rho,518,rho_alghafri,ALGHAFRI(2012) / EXP_CaCl_T423K.txt,,rho,422.94,398.3,0,6,0,3,0,0,1165.21,1167.84,1167.84,,1,0,-0.00225319,,0,0,,False,False,False
rho,554,rho_alghafri,ALGHAFRI(2012) / EXP_CaCl_T473K.txt,,rho,472.96,100.2,0,2,0,1,0,0,966.77,968.275,968.275,,1,0,-0.0015546,,0,0,,False,False,False
rho,555,rho_alghafri,ALGHAFRI(2012) / EXP_CaCl_T473K.txt,,rho,472.96,199.7,0,2,0,1,0,0,972.43,974.115,974.115,,1,0,-0.00172999,,0,0,,False,False,False
rho,557,rho_alghafri,ALGHAFRI(2012) / EXP_CaCl_T473K.txt,,rho,472.96,398.3,0,2,0,1,0,0,983.04,985.039,985.039,,1,0,-0.00202896,,0,0,,False,False,False
rho,561,rho_alghafri,ALGHAFRI(2012) / EXP_CaCl_T473K.txt,,rho,472.96,100.2,0,6,0,3,0,0,1116.32,1119.32,1119.32,,1,0,-0.00267599,,0,0,,False,False,False
rho,562,rho_alghafri,ALGHAFRI(2012) / EXP_CaCl_T473K.txt,,rho,472.96,199.7,0,6,0,3,0,0,1120.67,1123.77,1123.77,,1,0,-0.00275432,,0,0,,False,False,False
rho,564,rho_alghafri,ALGHAFRI(2012) / EXP_CaCl_T473K.txt,,rho,472.96,398.3,0,6,0,3,0,0,1129.01,1132.74,1132.74,,1,0,-0.00329167,,0,0,,False,False,False
rho,592,rho_alghafri,ALGHAFRI(2012) / EXP_MgCl_T298K.txt,,rho,298.12,100.2,0,2,0,0,1,0,1074.43,1074.73,1074.73,,1,0,-0.000276312,,0,0,,False,False,False
rho,593,rho_alghafri,ALGHAFRI(2012) / EXP_MgCl_T298K.txt,,rho,298.12,199.7,0,2,0,0,1,0,1078.17,1078.68,1078.68,,1,0,-0.000472791,,0,0,,False,False,False
rho,595,rho_alghafri,ALGHAFRI(2012) / EXP_MgCl_T298K.txt,,rho,298.12,398.3,0,2,0,0,1,0,1085.7,1085.4,1085.4,1.07889,2,0.00140574,0.000276185,,0,0,,False,False,False
rho,600,rho_alghafri,ALGHAFRI(2012) / EXP_MgCl_T298K.txt,,rho,298.12,101,0,6,0,0,3,0,1197.76,1198.18,1198.18,,1,0,-0.000347995,,0,0,,False,False,False
rho,601,rho_alghafri,ALGHAFRI(2012) / EXP_MgCl_T298K.txt,,rho,298.12,201,0,6,0,0,3,0,1200.84,1201.39,1201.39,,1,0,-0.000457795,,0,0,,False,False,False
rho,602,rho_alghafri,ALGHAFRI(2012) / EXP_MgCl_T298K.txt,,rho,298.12,301,0,6,0,0,3,0,1203.93,1201.56,1201.56,,1,0,0.00197611,,0,0,,False,False,False
rho,603,rho_alghafri,ALGHAFRI(2012) / EXP_MgCl_T298K.txt,,rho,298.12,401,0,6,0,0,3,0,1206.91,1206.17,1206.17,2.06979,2,0.00242679,0.000613877,,0,0,,False,False,False
rho,606,rho_alghafri,ALGHAFRI(2012) / EXP_MgCl_T298K.txt,,rho,298.12,686,0,6,0,0,3,0,1215.18,1216.72,1216.72,,1,0,-0.00126922,,0,0,,False,False,False
rho,664,rho_alghafri,ALGHAFRI(2012) / EXP_MgCl_T373K.txt,,rho,372.99,100.2,0,2,0,0,1,0,1038.36,1038.66,1038.66,,1,0,-0.000292443,,0,0,,False,False,False
rho,665,rho_alghafri,ALGHAFRI(2012) / EXP_MgCl_T373K.txt,,rho,372.99,199.7,0,2,0,0,1,0,1042.33,1042.62,1042.62,,1,0,-0.000276596,,0,0,,False,False,False
rho,667,rho_alghafri,ALGHAFRI(2012) / EXP_MgCl_T373K.txt,,rho,372.99,398.3,0,2,0,0,1,0,1049.91,1050.34,1050.34,,1,0,-0.000408272,,0,0,,False,False,False
rho,672,rho_alghafri,ALGHAFRI(2012) / EXP_MgCl_T373K.txt,,rho,372.99,101,0,6,0,0,3,0,1165.51,1165.68,1165.68,,1,0,-0.000142991,,0,0,,False,False,False
rho,673,rho_alghafri,ALGHAFRI(2012) / EXP_MgCl_T373K.txt,,rho,372.99,201,0,6,0,0,3,0,1168.64,1168.97,1168.97,,1,0,-0.000283522,,0,0,,False,False,False
rho,675,rho_alghafri,ALGHAFRI(2012) / EXP_MgCl_T373K.txt,,rho,372.99,401,0,6,0,0,3,0,1174.82,1175.41,1175.41,,1,0,-0.000503713,,0,0,,False,False,False
rho,712,rho_alghafri,ALGHAFRI(2012) / EXP_MgCl_T423K.txt,,rho,422.94,100.2,0,2,0,0,1,0,1003.28,1003.87,1003.87,,1,0,-0.000589217,,0,0,,False,False,False
rho,713,rho_alghafri,ALGHAFRI(2012) / EXP_MgCl_T423K.txt,,rho,422.94,199.7,0,2,0,0,1,0,1007.77,1008.43,1008.43,,1,0,-0.00065502,,0,0,,False,False,False
rho,715,rho_alghafri,ALGHAFRI(2012) / EXP_MgCl_T423K.txt,,rho,422.94,398.3,0,2,0,0,1,0,1016.47,1017.16,1017.16,,1,0,-0.0006797,,0,0,,False,False,False
rho,720,rho_alghafri,ALGHAFRI(2012) / EXP_MgCl_T423K.txt,,rho,422.94,101,0,6,0,0,3,0,1137.91,1137.98,1137.98,,1,0,-6.28288e-05,,0,0,,False,False,False
rho,721,rho_alghafri,ALGHAFRI(2012) / EXP_MgCl_T423K.txt,,rho,422.94,201,0,6,0,0,3,0,1141.36,1141.5,1141.5,,1,0,-0.00012312,,0,0,,False,False,False
rho,723,rho_alghafri,ALGHAFRI(2012) / EXP_MgCl_T423K.txt,,rho,422.94,401,0,6,0,0,3,0,1147.96,1148.62,1148.62,,1,0,-0.00057579,,0,0,,False,False,False
rho,726,rho_alghafri,ALGHAFRI(2012) / EXP_MgCl_T423K.txt,,rho,422.94,686,0,6,0,0,3,0,1157.07,1158.95,1158.95,,1,0,-0.00162239,,0,0,,False,False,False
rho,758,rho_alghafri,ALGHAFRI(2012) / EXP_MgCl_T473K.txt,,rho,472.96,100.2,0,2,0,0,1,0,960.31,961.495,961.495,,1,0,-0.00123275,,0,0,,False,False,False
rho,759,rho_alghafri,ALGHAFRI(2012) / EXP_MgCl_T473K.txt,,rho,472.96,199.7,0,2,0,0,1,0,965.92,967.115,967.115,,1,0,-0.00123585,,0,0,,False,False,False
rho,761,rho_alghafri,ALGHAFRI(2012) / EXP_MgCl_T473K.txt,,rho,472.96,398.3,0,2,0,0,1,0,976.5,977.629,977.629,,1,0,-0.00115443,,0,0,,False,False,False
rho,765,rho_alghafri,ALGHAFRI(2012) / EXP_MgCl_T473K.txt,,rho,472.96,101,0,6,0,0,3,0,1105.72,1106.07,1106.07,,1,0,-0.000312171,,0,0,,False,False,False
rho,766,rho_alghafri,ALGHAFRI(2012) / EXP_MgCl_T473K.txt,,rho,472.96,201,0,6,0,0,3,0,1109.63,1105.39,1105.39,,1,0,0.0038401,,0,0,,False,False,False
rho,768,rho_alghafri,ALGHAFRI(2012) / EXP_MgCl_T473K.txt,,rho,472.96,401,0,6,0,0,3,0,1117.27,1118.11,1118.11,,1,0,-0.000750018,,0,0,,False,False,False
rho,771,rho_alghafri,ALGHAFRI(2012) / EXP_MgCl_T473K.txt,,rho,472.96,686,0,6,0,0,3,0,1127.48,1129.95,1129.95,,1,0,-0.00218404,,0,0,,False,False,False
rho,1068,kumar1986_10.1007_bf00646263_t1,KUMAR(1986),,rho,348.15,20.27,0,1.0078,0,0.5039,0,0,1019.43,1019.09,1019.09,,1,0,0.000333631,,0,0,,False,False,False
rho,1069,kumar1986_10.1007_bf00646263_t1,KUMAR(1986),,rho,373.15,20.27,0,1.0078,0,0.5039,0,0,1003.59,1003.24,1003.24,,1,0,0.00034887,,0,0,,False,False,False
rho,1070,kumar1986_10.1007_bf00646263_t1,KUMAR(1986),,rho,398.15,20.27,0,1.0078,0,0.5039,0,0,985.46,985.11,985.11,,1,0,0.00035529,,0,0,,False,False,False
rho,1071,kumar1986_10.1007_bf00646263_t1,KUMAR(1986),,rho,423.15,20.27,0,1.0078,0,0.5039,0,0,964.93,964.57,964.57,,1,0,0.000373223,,0,0,,False,False,False
rho,1072,kumar1986_10.1007_bf00646263_t1,KUMAR(1986),,rho,448.15,20.27,0,1.0078,0,0.5039,0,0,942.42,942.04,942.04,,1,0,0.00040338,,0,0,,False,False,False
rho,1073,kumar1986_10.1007_bf00646263_t1,KUMAR(1986),,rho,473.15,20.27,0,1.0078,0,0.5039,0,0,917.01,916.6,916.6,,1,0,0.000447305,,0,0,,False,False,False
rho,1075,kumar1986_10.1007_bf00646263_t1,KUMAR(1986),,rho,348.15,20.27,0,1.9938,0,0.9969,0,0,1059.28,1059.39,1059.39,,1,0,-0.000103833,,0,0,,False,False,False
rho,1076,kumar1986_10.1007_bf00646263_t1,KUMAR(1986),,rho,373.15,20.27,0,1.9938,0,0.9969,0,0,1043.77,1043.97,1043.97,,1,0,-0.000191576,,0,0,,False,False,False
rho,1077,kumar1986_10.1007_bf00646263_t1,KUMAR(1986),,rho,398.15,20.27,0,1.9938,0,0.9969,0,0,1026.31,1026.72,1026.72,,1,0,-0.00039933,,0,0,,False,False,False
rho,1078,kumar1986_10.1007_bf00646263_t1,KUMAR(1986),,rho,423.15,20.27,0,1.9938,0,0.9969,0,0,1006.7,1007.03,1007.03,,1,0,-0.000327696,,0,0,,False,False,False
rho,1079,kumar1986_10.1007_bf00646263_t1,KUMAR(1986),,rho,448.15,20.27,0,1.9938,0,0.9969,0,0,985.33,985.54,985.54,,1,0,-0.000213081,,0,0,,False,False,False
rho,1080,kumar1986_10.1007_bf00646263_t1,KUMAR(1986),,rho,473.15,20.27,0,1.9938,0,0.9969,0,0,961.55,962.01,962.01,,1,0,-0.000478166,,0,0,,False,False,False
rho,1178,granttaylor1981_10.1007_bf00650738_t1,GRANTTAYLOR(1981),,rho,450.24,200,2,2,0,0,0,0,980.1,979.822,979.822,,1,0,0.000283467,,0,0,,False,False,False
rho,1263,oakes1995_10.1007_bf00973444_t1,OAKES(1995),,rho,372.71,408,0,0.9726,0,0.4863,0,0,1018.45,1018.63,1018.63,,1,0,-0.000172905,,0,0,,False,False,False
rho,1324,oakes1995_10.1007_bf00973444_t1,OAKES(1995),,rho,522.94,408,0,1.9714,0,0.9857,0,0,934.648,936.084,936.084,,1,0,-0.00153372,,0,0,,False,False,False
rho,1327,oakes1995_10.1007_bf00973444_t1,OAKES(1995),,rho,522.95,407,0,0.9726,0,0.4863,0,0,887.162,887.464,887.464,,1,0,-0.000339893,,0,0,,False,False,False
rho,1340,mohammadi2025_10.1007_s42452-025-07557-2_t5,MOHAMMADI(2025),,rho,333,100,3.42,3.42,0,0,0,0,1093,,,,0,,,1102.9,2,7,-0.00897283,False,False,False
rho,1341,mohammadi2025_10.1007_s42452-025-07557-2_t5,MOHAMMADI(2025),,rho,333,200,3.42,3.42,0,0,0,0,1096,,,,0,,,1106.94,3,7,-0.00988376,False,False,False
rho,1371,surdo1982_10.1016_0021-9614(82)90080-5_t1,SURDO(1982),,rho,298.15,1.0132,0.77858,0.77858,0,0,0,0,1027.85,,,,0,,,1027.75,4,7,9.55403e-05,False,False,False
rho,1372,surdo1982_10.1016_0021-9614(82)90080-5_t1,SURDO(1982),,rho,298.15,1.0132,0.78,0.78,0,0,0,0,1027.93,,,,0,,,1027.8,4,7,0.000126426,False,False,False
rho,1373,surdo1982_10.1016_0021-9614(82)90080-5_t1,SURDO(1982),,rho,298.15,1.0132,0.96189,0.96189,0,0,0,0,1034.8,,,,0,,,1034.77,4,6,2.58494e-05,False,False,False
rho,1374,surdo1982_10.1016_0021-9614(82)90080-5_t1,SURDO(1982),,rho,298.15,1.0132,1.62667,1.62667,0,0,0,0,1059.13,,,,0,,,1058.7,3,9,0.000406834,False,False,False
rho,1375,surdo1982_10.1016_0021-9614(82)90080-5_t1,SURDO(1982),,rho,298.15,1.0132,2.51078,2.51078,0,0,0,0,1089.66,1088.4,1088.4,,1,0,0.00115457,1089.11,4,13,0.000505784,False,False,False
rho,1376,surdo1982_10.1016_0021-9614(82)90080-5_t1,SURDO(1982),,rho,298.15,1.0132,3.52861,3.52861,0,0,0,0,1122.52,1122.76,1122.76,,1,0,-0.00020874,1122.01,5,15,0.000461395,False,False,False
rho,1377,surdo1982_10.1016_0021-9614(82)90080-5_t1,SURDO(1982),,rho,298.15,1.0132,5.34959,5.34959,0,0,0,0,1176.35,1173.88,1173.88,,1,0,0.00210297,1175.87,3,18,0.000404383,False,False,False
rho,1378,surdo1982_10.1016_0021-9614(82)90080-5_t1,SURDO(1982),,rho,298.15,1.0132,5.99063,5.99063,0,0,0,0,1194,1195.26,1195.26,0.0282843,2,3.34654e-05,-0.00106032,1193.63,3,16,0.00030747,False,False,False
rho,1379,surdo1982_10.1016_0021-9614(82)90080-5_t1,SURDO(1982),,rho,298.15,1.0132,3.30968,3.30968,0,0,0,0,1115.64,1114.79,1114.79,,1,0,0.000767532,1115.22,5,14,0.000382731,False,False,False
rho,1380,surdo1982_10.1016_0021-9614(82)90080-5_t1,SURDO(1982),,rho,298.15,1.0132,3.60582,3.60582,0,0,0,0,1124.95,1122.76,1122.76,,1,0,0.00194845,1124.42,5,15,0.000468484,False,False,False
rho,1381,surdo1982_10.1016_0021-9614(82)90080-5_t1,SURDO(1982),,rho,298.15,1.0132,3.83321,3.83321,0,0,0,0,1131.98,,,,0,,,1131.54,4,12,0.000386082,False,False,False
rho,1382,surdo1982_10.1016_0021-9614(82)90080-5_t1,SURDO(1982),,rho,298.15,1.0132,3.94563,3.94563,0,0,0,0,1135.39,1136.14,1136.14,0.984293,2,0.0012252,-0.00066573,1134.97,4,11,0.000368125,False,False,False
rho,1383,surdo1982_10.1016_0021-9614(82)90080-5_t1,SURDO(1982),,rho,298.15,1.0132,4.30838,4.30838,0,0,0,0,1146.29,,,,0,,,1145.82,4,15,0.000410057,False,False,False
rho,1384,surdo1982_10.1016_0021-9614(82)90080-5_t1,SURDO(1982),,rho,298.15,1.0132,4.63533,4.63533,0,0,0,0,1155.92,1155.88,1155.88,,1,0,3.68853e-05,1155.48,3,15,0.000381039,False,False,False
rho,1385,surdo1982_10.1016_0021-9614(82)90080-5_t1,SURDO(1982),,rho,298.15,1.0132,4.88652,4.88652,0,0,0,0,1163.2,,,,0,,,1162.96,3,22,0.000198713,False,False,False
rho,1386,surdo1982_10.1016_0021-9614(82)90080-5_t1,SURDO(1982),,rho,298.15,1.0132,5.1538,5.1538,0,0,0,0,1170.81,1173.88,1173.88,,1,0,-0.00261728,1170.48,3,18,0.000275153,False,False,False
rho,1387,surdo1982_10.1016_0021-9614(82)90080-5_t1,SURDO(1982),,rho,298.15,1.0132,5.43149,5.43149,0,0,0,0,1178.62,,,,0,,,1178.13,3,17,0.000412359,False,False,False
rho,1388,surdo1982_10.1016_0021-9614(82)90080-5_t1,SURDO(1982),,rho,298.15,1.0132,5.7334,5.7334,0,0,0,0,1187.02,1188.48,1188.48,,1,0,-0.00122456,1186.49,3,17,0.000454115,False,False,False
rho,1389,surdo1982_10.1016_0021-9614(82)90080-5_t1,SURDO(1982),,rho,298.15,1.0132,5.99335,5.99335,0,0,0,0,1194.07,1195.26,1195.26,0.0282843,2,3.34654e-05,-0.00100092,1193.71,3,16,0.000303691,False,False,False
rho,1391,surdo1982_10.1016_0021-9614(82)90080-5_t1,SURDO(1982),,rho,308.15,1.0132,0.7975,0.7975,0,0,0,0,1025,,,,0,,,1025.24,4,9,-0.000234415,False,False,False
rho,1392,surdo1982_10.1016_0021-9614(82)90080-5_t1,SURDO(1982),,rho,308.15,1.0132,1.67386,1.67386,0,0,0,0,1056.74,,,,0,,,1056.39,3,10,0.000336124,False,False,False
rho,1393,surdo1982_10.1016_0021-9614(82)90080-5_t1,SURDO(1982),,rho,308.15,1.0132,2.6395,2.6395,0,0,0,0,1089.47,,,,0,,,1089.39,4,11,6.78427e-05,False,False,False
rho,1394,surdo1982_10.1016_0021-9614(82)90080-5_t1,SURDO(1982),,rho,308.15,1.0132,3.70649,3.70649,0,0,0,0,1123.26,,,,0,,,1122.81,5,20,0.000402359,False,False,False
rho,1395,surdo1982_10.1016_0021-9614(82)90080-5_t1,SURDO(1982),,rho,308.15,1.0132,4.28863,4.28863,0,0,0,0,1140.81,1140.38,1140.38,,1,0,0.000372956,1140.31,4,19,0.000436102,False,False,False
rho,1396,surdo1982_10.1016_0021-9614(82)90080-5_t1,SURDO(1982),,rho,308.15,1.0132,5.4154,5.4154,0,0,0,0,1173.1,,,,0,,,1172.47,3,25,0.000536664,False,False,False
rho,1398,surdo1982_10.1016_0021-9614(82)90080-5_t1,SURDO(1982),,rho,318.15,1.0132,2.55904,2.55904,0,0,0,0,1081.96,,,,0,,,1081.52,2,8,0.000408185,False,False,False
rho,1399,surdo1982_10.1016_0021-9614(82)90080-5_t1,SURDO(1982),,rho,318.15,1.0132,5.00776,5.00776,0,0,0,0,1156.38,1155.78,1155.78,,1,0,0.000523366,1155.98,2,17,0.00034937,False,False,False
rho,1400,surdo1982_10.1016_0021-9614(82)90080-5_t1,SURDO(1982),,rho,318.15,1.0132,5.97088,5.97088,0,0,0,0,1182.96,1182.98,1182.98,,1,0,-1.53037e-05,1182.24,2,14,0.000614721,False,False,False
rho,1443,surdo1982_10.1016_0021-9614(82)90080-5_t1,SURDO(1982),,rho,298.15,1.0132,0,0.18238,0,0,0.09119,0,1004.22,1004.22,1004.22,,1,0,1.00576e-06,,0,0,,False,False,False
rho,1449,surdo1982_10.1016_0021-9614(82)90080-5_t1,SURDO(1982),,rho,298.15,1.0132,0,1.36126,0,0,0.68063,0,1048.04,,,,0,,,1037.95,1,3,0.00972362,False,False,False
rho,1451,surdo1982_10.1016_0021-9614(82)90080-5_t1,SURDO(1982),,rho,298.15,1.0132,0,2.00358,0,0,1.00179,0,1070.61,1070.29,1070.29,0.845992,2,0.00111784,0.000301604,,0,0,,False,False,False
rho,1459,surdo1982_10.1016_0021-9614(82)90080-5_t1,SURDO(1982),,rho,298.15,1.0132,0,1.09524,0,0,0.54762,0,1038.44,1037.95,1037.95,,1,0,0.000472696,,0,0,,False,False,False
rho,1467,surdo1982_10.1016_0021-9614(82)90080-5_t1,SURDO(1982),,rho,298.15,1.0132,0,0.49602,0,0,0.24801,0,1016.23,1016.53,1016.53,,1,0,-0.000299047,,0,0,,False,False,False
rho,1470,surdo1982_10.1016_0021-9614(82)90080-5_t1,SURDO(1982),,rho,298.15,1.0132,0,0.98234,0,0,0.49117,0,1034.32,1034.17,1034.17,,1,0,0.000144087,,0,0,,False,False,False
rho,1475,surdo1982_10.1016_0021-9614(82)90080-5_t1,SURDO(1982),,rho,298.15,1.0132,0,2.01342,0,0,1.00671,0,1070.95,1070.29,1070.29,0.845992,2,0.00111784,0.000613669,,0,0,,False,False,False
rho,1476,surdo1982_10.1016_0021-9614(82)90080-5_t1,SURDO(1982),,rho,298.15,1.0132,0,2.14784,0,0,1.07392,0,1075.56,1076.29,1076.29,,1,0,-0.000673949,,0,0,,False,False,False
rho,1477,surdo1982_10.1016_0021-9614(82)90080-5_t1,SURDO(1982),,rho,298.15,1.0132,0,2.16982,0,0,1.08491,0,1076.28,1076.29,1076.29,,1,0,-1.24177e-05,,0,0,,False,False,False
rho,1479,surdo1982_10.1016_0021-9614(82)90080-5_t1,SURDO(1982),,rho,298.15,1.0132,0,3.12352,0,0,1.56176,0,1108.02,,,,0,,,1112.49,1,3,-0.00401924,False,False,False
rho,1480,surdo1982_10.1016_0021-9614(82)90080-5_t1,SURDO(1982),,rho,298.15,1.0132,0,3.5427,0,0,1.77135,0,1121.44,,,,0,,,1121.24,1,6,0.000177174,False,False,False
rho,1481,surdo1982_10.1016_0021-9614(82)90080-5_t1,SURDO(1982),,rho,298.15,1.0132,0,4.07786,0,0,2.03893,0,1138.12,,,,0,,,1138.03,2,7,7.85607e-05,False,False,False
rho,1482,surdo1982_10.1016_0021-9614(82)90080-5_t1,SURDO(1982),,rho,298.15,1.0132,0,4.4111,0,0,2.20555,0,1148.29,1146.98,1146.98,,1,0,0.00114356,1148.46,2,7,-0.000144029,False,False,False
rho,1483,surdo1982_10.1016_0021-9614(82)90080-5_t1,SURDO(1982),,rho,298.15,1.0132,0,5.1047,0,0,2.55235,0,1168.91,,,,0,,,1168.7,2,8,0.000179676,False,False,False
rho,1484,surdo1982_10.1016_0021-9614(82)90080-5_t1,SURDO(1982),,rho,298.15,1.0132,0,5.38752,0,0,2.69376,0,1177.1,,,,0,,,1177.06,2,11,3.38663e-05,False,False,False
rho,1485,surdo1982_10.1016_0021-9614(82)90080-5_t1,SURDO(1982),,rho,298.15,1.0132,0,6.15822,0,0,3.07911,0,1198.97,,,,0,,,1198.7,2,7,0.000220607,False,False,False
rho,1486,surdo1982_10.1016_0021-9614(82)90080-5_t1,SURDO(1982),,rho,298.15,1.0132,0,6.54226,0,0,3.27113,0,1209.58,1211.72,1211.72,,1,0,-0.00176391,1209.52,2,7,5.21039e-05,False,False,False
rho,1488,surdo1982_10.1016_0021-9614(82)90080-5_t1,SURDO(1982),,rho,298.15,1.0132,0,7.54166,0,0,3.77083,0,1236.43,,,,0,,,1211.72,1,3,0.0203889,False,False,False
rho,1489,surdo1982_10.1016_0021-9614(82)90080-5_t1,SURDO(1982),,rho,298.15,1.0132,0,8.2336,0,0,4.1168,0,1254.32,,,,0,,,1211.72,1,3,0.0351539,False,False,False
rho,1502,surdo1982_10.1016_0021-9614(82)90080-5_t1,SURDO(1982),,rho,308.15,1.0132,0,1.36126,0,0,0.68063,0,1044.79,,,,0,,,1034.74,1,5,0.00971614,False,False,False
rho,1505,surdo1982_10.1016_0021-9614(82)90080-5_t1,SURDO(1982),,rho,308.15,1.0132,0,2.00358,0,0,1.00179,0,1067.26,,,,0,,,1066.83,3,7,0.000402574,False,False,False
rho,1511,surdo1982_10.1016_0021-9614(82)90080-5_t1,SURDO(1982),,rho,308.15,1.0132,0,0.98246,0,0,0.49123,0,1031.12,,,,0,,,1030.82,2,6,0.000289622,False,False,False
rho,1518,surdo1982_10.1016_0021-9614(82)90080-5_t1,SURDO(1982),,rho,308.15,1.0132,0,3.06104,0,0,1.53052,0,1102.52,,,,0,,,1109.08,1,5,-0.00591324,False,False,False
rho,1519,surdo1982_10.1016_0021-9614(82)90080-5_t1,SURDO(1982),,rho,308.15,1.0132,0,3.12514,0,0,1.56257,0,1104.54,,,,0,,,1109.08,1,5,-0.00409461,False,False,False
rho,1520,surdo1982_10.1016_0021-9614(82)90080-5_t1,SURDO(1982),,rho,308.15,1.0132,0,3.54424,0,0,1.77212,0,1117.95,,,,0,,,1117.86,1,10,7.84037e-05,False,False,False
rho,1521,surdo1982_10.1016_0021-9614(82)90080-5_t1,SURDO(1982),,rho,308.15,1.0132,0,4.84182,0,0,2.42091,0,1157.61,,,,0,,,1157.5,2,12,9.60086e-05,False,False,False
rho,1522,surdo1982_10.1016_0021-9614(82)90080-5_t1,SURDO(1982),,rho,308.15,1.0132,0,5.10682,0,0,2.55341,0,1165.35,,,,0,,,1165.27,2,12,7.43925e-05,False,False,False
rho,1523,surdo1982_10.1016_0021-9614(82)90080-5_t1,SURDO(1982),,rho,308.15,1.0132,0,5.32846,0,0,2.66423,0,1171.81,,,,0,,,1171.81,2,17,7.04943e-06,False,False,False
rho,1524,surdo1982_10.1016_0021-9614(82)90080-5_t1,SURDO(1982),,rho,308.15,1.0132,0,6.60114,0,0,3.30057,0,1207.52,1208.16,1208.16,,1,0,-0.000533611,1207.63,2,11,-9.6155e-05,False,False,False
rho,1536,surdo1982_10.1016_0021-9614(82)90080-5_t1,SURDO(1982),,rho,318.15,1.0132,0,2.2354,0,0,1.1177,0,1071.27,,,,0,,,1069.18,1,3,0.00195093,False,False,False
rho,1537,surdo1982_10.1016_0021-9614(82)90080-5_t1,SURDO(1982),,rho,318.15,1.0132,0,3.48794,0,0,1.74397,0,1112.27,,,,0,,,1112.32,1,6,-3.72041e-05,False,False,False
rho,1538,surdo1982_10.1016_0021-9614(82)90080-5_t1,SURDO(1982),,rho,318.15,1.0132,0,4.2206,0,0,2.1103,0,1135.05,,,,0,,,1139.75,1,3,-0.00412117,False,False,False
rho,1539,surdo1982_10.1016_0021-9614(82)90080-5_t1,SURDO(1982),,rho,318.15,1.0132,0,5.65294,0,0,2.82647,0,1177.22,,,,0,,,1177.39,1,6,-0.000148245,False,False,False
rho,1540,surdo1982_10.1016_0021-9614(82)90080-5_t1,SURDO(1982),,rho,318.15,1.0132,0,6.4585,0,0,3.22925,0,1199.74,,,,0,,,1199.88,1,6,-0.000113116,False,False,False
rho,1541,surdo1982_10.1016_0021-9614(82)90080-5_t1,SURDO(1982),,rho,318.15,1.0132,0,8.0195,0,0,4.00975,0,1241.26,,,,0,,,1204.44,1,3,0.0305726,False,False,False
rho,1570,surdo1982_10.1016_0021-9614(82)90080-5_t1,SURDO(1982),,rho,298.15,1.0132,2.44054,0,0,0,0,1.22027,1135.61,1134.4,1134.4,,1,0,0.00106981,,0,0,,False,False,False
rho,1885,majer1988_10.1016_0021-9614(88)90224-8_t2,MAJER(1988),,rho,450.13,202.4,2.019,2.019,0,0,0,0,979.807,980.1,980.1,,1,0,-0.000298691,,0,0,,False,False,False
rho,1886,majer1988_10.1016_0021-9614(88)90224-8_t2,MAJER(1988),,rho,450.13,202.4,2.019,2.019,0,0,0,0,979.837,980.1,980.1,,1,0,-0.000268082,,0,0,,False,False,False
rho,2489,romankiw1983_10.1021_je00033a005_t1,ROMANKIW(1983),,rho,298.15,1.0132,1,1,0,0,0,0,1036.13,1036.32,1036.32,,1,0,-0.000180484,1036.29,4,9,-0.000156716,False,False,False
rho,2490,romankiw1983_10.1021_je00033a005_t1,ROMANKIW(1983),,rho,298.15,1.0132,2,2,0,0,0,0,1072.11,1072.09,1072.09,,1,0,2.27361e-05,1072.29,3,10,-0.000165533,False,False,False
rho,2491,romankiw1983_10.1021_je00033a005_t1,ROMANKIW(1983),,rho,298.15,1.0132,3,3,0,0,0,0,1105.57,1106.65,1106.54,0.653447,3,0.00116745,-0.000979191,1105.71,5,17,-0.000127647,False,False,False
rho,2492,romankiw1983_10.1021_je00033a005_t1,ROMANKIW(1983),,rho,298.15,1.0132,4,4,0,0,0,0,1136.84,1135.42,1135.42,0.0426845,2,5.31655e-05,0.00125256,1136.9,4,21,-5.23479e-05,False,False,False
rho,2493,romankiw1983_10.1021_je00033a005_t1,ROMANKIW(1983),,rho,298.15,1.0132,5,5,0,0,0,0,1166.23,1166.07,1166.07,,1,0,0.000137535,1166.29,3,21,-4.91508e-05,False,False,False
rho,2494,romankiw1983_10.1021_je00033a005_t1,ROMANKIW(1983),,rho,298.15,1.0132,5.8,5.8,0,0,0,0,1188.48,1187.02,1187.02,,1,0,0.00122606,1188.73,3,17,-0.00020622,False,False,False
rho,2495,romankiw1983_10.1021_je00033a005_t1,ROMANKIW(1983),,rho,298.15,1.0132,6,6,0,0,0,0,1193.9,1194.66,1194.66,0.885202,2,0.00104788,-0.000635384,1194.29,3,14,-0.000325059,False,False,False
rho,2496,romankiw1983_10.1021_je00033a005_t1,ROMANKIW(1983),,rho,298.15,1.0132,6.1,6.1,0,0,0,0,1196.59,1194.66,1194.66,0.885202,2,0.00104788,0.0016163,,0,0,,False,False,False
rho,2497,romankiw1983_10.1021_je00033a005_t1,ROMANKIW(1983),,rho,303.15,1.0132,1,1,0,0,0,0,1034.41,,,,0,,,1034.49,4,9,-7.99373e-05,False,False,False
rho,2498,romankiw1983_10.1021_je00033a005_t1,ROMANKIW(1983),,rho,303.15,1.0132,2,2,0,0,0,0,1070.18,,,,0,,,1070.19,3,8,-1.23823e-05,False,False,False
rho,2499,romankiw1983_10.1021_je00033a005_t1,ROMANKIW(1983),,rho,303.15,1.0132,3,3,0,0,0,0,1103.4,,,,0,,,1103.04,5,15,0.000323987,False,False,False
rho,2500,romankiw1983_10.1021_je00033a005_t1,ROMANKIW(1983),,rho,303.15,1.0132,4,4,0,0,0,0,1134.53,,,,0,,,1134.26,4,18,0.00024243,False,False,False
rho,2501,romankiw1983_10.1021_je00033a005_t1,ROMANKIW(1983),,rho,303.15,1.0132,5,5,0,0,0,0,1163.76,,,,0,,,1163.65,3,17,9.48684e-05,False,False,False
rho,2502,romankiw1983_10.1021_je00033a005_t1,ROMANKIW(1983),,rho,303.15,1.0132,5.8,5.8,0,0,0,0,1185.94,,,,0,,,1186.18,3,14,-0.000200277,False,False,False
rho,2503,romankiw1983_10.1021_je00033a005_t1,ROMANKIW(1983),,rho,303.15,1.0132,6,6,0,0,0,0,1191.3,,,,0,,,1191.72,3,12,-0.000355323,False,False,False
rho,2505,romankiw1983_10.1021_je00033a005_t1,ROMANKIW(1983),,rho,308.15,1.0132,1,1,0,0,0,0,1032.48,,,,0,,,1032.49,4,9,-1.19641e-05,False,False,False
rho,2506,romankiw1983_10.1021_je00033a005_t1,ROMANKIW(1983),,rho,308.15,1.0132,2,2,0,0,0,0,1068.03,,,,0,,,1067.79,3,9,0.00022768,False,False,False
rho,2507,romankiw1983_10.1021_je00033a005_t1,ROMANKIW(1983),,rho,308.15,1.0132,3,3,0,0,0,0,1101.01,,,,0,,,1100.83,5,16,0.000167283,False,False,False
rho,2508,romankiw1983_10.1021_je00033a005_t1,ROMANKIW(1983),,rho,308.15,1.0132,4,4,0,0,0,0,1132.02,,,,0,,,1132.05,4,19,-2.45417e-05,False,False,False
rho,2509,romankiw1983_10.1021_je00033a005_t1,ROMANKIW(1983),,rho,308.15,1.0132,5,5,0,0,0,0,1161.14,,,,0,,,1161.08,3,19,4.9341e-05,False,False,False
rho,2510,romankiw1983_10.1021_je00033a005_t1,ROMANKIW(1983),,rho,308.15,1.0132,5.8,5.8,0,0,0,0,1183.14,,,,0,,,1183.87,3,16,-0.000615526,False,False,False
rho,2511,romankiw1983_10.1021_je00033a005_t1,ROMANKIW(1983),,rho,308.15,1.0132,6,6,0,0,0,0,1188.5,,,,0,,,1189.27,3,14,-0.000644739,False,False,False
rho,2517,romankiw1983_10.1021_je00033a005_t1,ROMANKIW(1983),,rho,313.15,1.0132,5,5,0,0,0,0,1158.5,,,,0,,,1158.61,2,6,-9.77907e-05,False,False,False
rho,2524,romankiw1983_10.1021_je00033a005_t1,ROMANKIW(1983),,rho,318.15,1.0132,4,4,0,0,0,0,1126.81,,,,0,,,1126.6,2,7,0.000190122,False,False,False
rho,2525,romankiw1983_10.1021_je00033a005_t1,ROMANKIW(1983),,rho,318.15,1.0132,5,5,0,0,0,0,1155.78,1156.38,1156.38,,1,0,-0.000523092,1156.17,2,6,-0.00034009,False,False,False
rho,2527,romankiw1983_10.1021_je00033a005_t1,ROMANKIW(1983),,rho,318.15,1.0132,6,6,0,0,0,0,1182.98,1182.96,1182.96,,1,0,1.5304e-05,,0,0,,False,False,False
rho,2530,romankiw1983_10.1021_je00033a005_t2,ROMANKIW(1983),,rho,298.15,1.0132,0,1,1,0,0,0,1041.34,1042.19,1042.19,,1,0,-0.000820024,,0,0,,False,False,False
rho,2534,romankiw1983_10.1021_je00033a005_t2,ROMANKIW(1983),,rho,298.15,1.0132,0,3,3,0,0,0,1118.32,1118.75,1118.75,,1,0,-0.000381342,,0,0,,False,False,False
rho,2574,romankiw1983_10.1021_je00033a005_t3,ROMANKIW(1983),,rho,298.15,1.0132,0,1.08,0,0,0.54,0,1037.95,1038.44,1038.44,,1,0,-0.000472473,1037.87,2,16,7.85257e-05,False,False,False
rho,2575,romankiw1983_10.1021_je00033a005_t3,ROMANKIW(1983),,rho,298.15,1.0132,0,2.18,0,0,1.09,0,1076.29,1075.92,1075.92,,1,0,0.000343301,1076.59,3,17,-0.000277944,False,False,False
rho,2576,romankiw1983_10.1021_je00033a005_t3,ROMANKIW(1983),,rho,298.15,1.0132,0,3.26,0,0,1.63,0,1112.49,,,,0,,,1112.37,1,9,0.000107608,False,False,False
rho,2577,romankiw1983_10.1021_je00033a005_t3,ROMANKIW(1983),,rho,298.15,1.0132,0,4.36,0,0,2.18,0,1146.98,1148.29,1148.29,,1,0,-0.00114225,1146.65,2,12,0.00029193,False,False,False
rho,2578,romankiw1983_10.1021_je00033a005_t3,ROMANKIW(1983),,rho,298.15,1.0132,0,5.5,0,0,2.75,0,1180.39,,,,0,,,1180.18,2,13,0.000178077,False,False,False
rho,2579,romankiw1983_10.1021_je00033a005_t3,ROMANKIW(1983),,rho,298.15,1.0132,0,6.62,0,0,3.31,0,1211.72,1209.58,1209.58,,1,0,0.00176703,1211.5,2,13,0.000185405,False,False,False
rho,2580,romankiw1983_10.1021_je00033a005_t3,ROMANKIW(1983),,rho,303.15,1.0132,0,1.08,0,0,0.54,0,1036.47,,,,0,,,1036.26,2,14,0.00020458,False,False,False
rho,2581,romankiw1983_10.1021_je00033a005_t3,ROMANKIW(1983),,rho,303.15,1.0132,0,2.18,0,0,1.09,0,1074.73,,,,0,,,1074.87,3,14,-0.000131473,False,False,False
rho,2582,romankiw1983_10.1021_je00033a005_t3,ROMANKIW(1983),,rho,303.15,1.0132,0,3.26,0,0,1.63,0,1110.88,,,,0,,,1110.6,1,6,0.000248904,False,False,False
rho,2583,romankiw1983_10.1021_je00033a005_t3,ROMANKIW(1983),,rho,303.15,1.0132,0,4.36,0,0,2.18,0,1145.31,,,,0,,,1144.77,2,10,0.000473881,False,False,False
rho,2584,romankiw1983_10.1021_je00033a005_t3,ROMANKIW(1983),,rho,303.15,1.0132,0,5.5,0,0,2.75,0,1178.71,,,,0,,,1178.36,2,11,0.00029988,False,False,False
rho,2585,romankiw1983_10.1021_je00033a005_t3,ROMANKIW(1983),,rho,303.15,1.0132,0,6.62,0,0,3.31,0,1210.02,,,,0,,,1209.74,2,9,0.00023014,False,False,False
rho,2586,romankiw1983_10.1021_je00033a005_t3,ROMANKIW(1983),,rho,308.15,1.0132,0,1.08,0,0,0.54,0,1034.77,,,,0,,,1034.65,2,14,0.000114055,False,False,False
rho,2587,romankiw1983_10.1021_je00033a005_t3,ROMANKIW(1983),,rho,308.15,1.0132,0,2.18,0,0,1.09,0,1072.97,,,,0,,,1073.18,3,15,-0.000197626,False,False,False
rho,2588,romankiw1983_10.1021_je00033a005_t3,ROMANKIW(1983),,rho,308.15,1.0132,0,3.26,0,0,1.63,0,1109.09,,,,0,,,1108.84,1,7,0.000223614,False,False,False
rho,2589,romankiw1983_10.1021_je00033a005_t3,ROMANKIW(1983),,rho,308.15,1.0132,0,4.36,0,0,2.18,0,1143.51,,,,0,,,1142.77,2,12,0.000644947,False,False,False
rho,2590,romankiw1983_10.1021_je00033a005_t3,ROMANKIW(1983),,rho,308.15,1.0132,0,5.5,0,0,2.75,0,1176.91,,,,0,,,1176.85,2,13,5.48584e-05,False,False,False
rho,2591,romankiw1983_10.1021_je00033a005_t3,ROMANKIW(1983),,rho,308.15,1.0132,0,6.62,0,0,3.31,0,1208.16,1207.52,1207.52,,1,0,0.000533896,1208.05,2,12,8.90571e-05,False,False,False
rho,2593,romankiw1983_10.1021_je00033a005_t3,ROMANKIW(1983),,rho,313.15,1.0132,0,2.18,0,0,1.09,0,1071.16,,,,0,,,1071.28,1,6,-0.000112206,False,False,False
rho,2595,romankiw1983_10.1021_je00033a005_t3,ROMANKIW(1983),,rho,313.15,1.0132,0,4.36,0,0,2.18,0,1141.69,,,,0,,,1141.01,1,6,0.000592496,False,False,False
rho,2596,romankiw1983_10.1021_je00033a005_t3,ROMANKIW(1983),,rho,313.15,1.0132,0,5.5,0,0,2.75,0,1175.05,,,,0,,,1174.66,1,6,0.000330246,False,False,False
rho,2597,romankiw1983_10.1021_je00033a005_t3,ROMANKIW(1983),,rho,313.15,1.0132,0,6.62,0,0,3.31,0,1206.32,,,,0,,,1206.18,1,5,0.00011603,False,False,False
rho,2599,romankiw1983_10.1021_je00033a005_t3,ROMANKIW(1983),,rho,318.15,1.0132,0,2.18,0,0,1.09,0,1069.18,,,,0,,,1069.38,1,6,-0.000188619,False,False,False
rho,2601,romankiw1983_10.1021_je00033a005_t3,ROMANKIW(1983),,rho,318.15,1.0132,0,4.36,0,0,2.18,0,1139.75,,,,0,,,1139.44,1,6,0.000272676,False,False,False
rho,2602,romankiw1983_10.1021_je00033a005_t3,ROMANKIW(1983),,rho,318.15,1.0132,0,5.5,0,0,2.75,0,1173.17,,,,0,,,1172.99,1,6,0.00015598,False,False,False
rho,2603,romankiw1983_10.1021_je00033a005_t3,ROMANKIW(1983),,rho,318.15,1.0132,0,6.62,0,0,3.31,0,1204.44,,,,0,,,1204.31,1,5,0.000107329,False,False,False
rho,2610,romankiw1983_10.1021_je00033a005_t4,ROMANKIW(1983),,rho,298.15,1.0132,0,6.02,0,3.01,0,0,1235.68,1227.01,1227.01,,1,0,0.00706626,,0,0,,False,False,False
rho,2612,romankiw1983_10.1021_je00033a005_t4,ROMANKIW(1983),,rho,298.15,1.0132,0,7.42,0,3.71,0,0,1283.63,1270.85,1270.85,,1,0,0.0100579,,0,0,,False,False,False
rho,2613,romankiw1983_10.1021_je00033a005_t4,ROMANKIW(1983),,rho,298.15,1.0132,0,8.14,0,4.07,0,0,1306.97,1290.63,1290.63,,1,0,0.0126581,,0,0,,False,False,False
rho,2616,romankiw1983_10.1021_je00033a005_t4,ROMANKIW(1983),,rho,298.15,1.0132,0,10.1,0,5.05,0,0,1366.88,1343.84,1343.84,3.34099,2,0.00351595,0.0171441,,0,0,,False,False,False
rho,2638,romankiw1983_10.1021_je00033a005_t4,ROMANKIW(1983),,rho,308.15,1.0132,0,7.42,0,3.71,0,0,1278.15,1262.4,1262.4,,1,0,0.0124746,,0,0,,False,False,False
rho,2642,romankiw1983_10.1021_je00033a005_t4,ROMANKIW(1983),,rho,308.15,1.0132,0,10.1,0,5.05,0,0,1360.69,1339.61,1339.61,,1,0,0.0157329,,0,0,,False,False,False
rho,2668,gates1985_10.1021_je00039a015_t1,GATES(1985),,rho,298.15,1.013,4.991,4.991,0,0,0,0,1166.07,1166.23,1166.23,,1,0,-0.000137516,1166.01,3,37,5.2837e-05,False,False,False
rho,2669,gates1985_10.1021_je00039a015_t1,GATES(1985),,rho,298.15,1.013,3.023,3.023,0,0,0,0,1106.65,1105.84,1106.18,0.833762,3,0.00140979,0.000738432,1106.13,5,20,0.000475563,False,False,False
rho,2670,gates1985_10.1021_je00039a015_t1,GATES(1985),,rho,298.15,1.013,1.994,1.994,0,0,0,0,1072.09,1072.11,1072.11,,1,0,-2.27355e-05,1071.9,3,12,0.000169259,False,False,False
rho,2671,gates1985_10.1021_je00039a015_t1,GATES(1985),,rho,298.15,1.013,1.021,1.021,0,0,0,0,1037.13,1036.32,1036.32,,1,0,0.00078025,1036.95,4,11,0.000172716,False,False,False
rho,2683,gates1985_10.1021_je00039a015_t1,GATES(1985),,rho,298.15,103.8,0.0582,0.0582,0,0,0,0,1004.02,,,,0,,,1004.1,2,7,-7.94194e-05,False,False,False
rho,2691,gates1985_10.1021_je00039a015_t1,GATES(1985),,rho,298.15,171.3,0.0582,0.0582,0,0,0,0,1006.95,,,,0,,,1006.99,2,7,-4.02792e-05,False,False,False
rho,2701,gates1985_10.1021_je00039a015_t1,GATES(1985),,rho,298.15,400.2,3.023,3.023,0,0,0,0,1121.02,1120.25,1120.25,,1,0,0.000683161,,0,0,,False,False,False
rho,2703,gates1985_10.1021_je00039a015_t1,GATES(1985),,rho,298.15,402.8,1.021,1.021,0,0,0,0,1053.27,1052.43,1052.43,,1,0,0.000799445,,0,0,,False,False,False
rho,2710,gates1985_10.1021_je00039a015_t1,GATES(1985),,rho,298.15,1.013,0,1.9834,0,0,0.9917,0,1069.69,1070.83,1070.83,0.0766532,2,0.000101233,-0.00106666,1069.86,3,25,-0.00015584,False,False,False
rho,2711,gates1985_10.1021_je00039a015_t1,GATES(1985),,rho,298.15,1.013,0,0.9786,0,0,0.4893,0,1034.17,1034.32,1034.32,,1,0,-0.000144066,,0,0,,False,False,False
rho,2712,gates1985_10.1021_je00039a015_t1,GATES(1985),,rho,298.15,1.013,0,0.5036,0,0,0.2518,0,1016.53,1016.23,1016.23,,1,0,0.000299136,,0,0,,False,False,False
rho,2713,gates1985_10.1021_je00039a015_t1,GATES(1985),,rho,298.15,1.013,0,0.1824,0,0,0.0912,0,1004.22,1004.22,1004.22,,1,0,-1.00576e-06,,0,0,,False,False,False
rho,2721,gates1985_10.1021_je00039a015_t1,GATES(1985),,rho,298.15,103.8,0,0.0624,0,0,0.0312,0,1004.1,,,,0,,,1001.84,1,6,0.00225475,False,False,False
rho,2728,gates1985_10.1021_je00039a015_t1,GATES(1985),,rho,298.15,171.3,0,0.0624,0,0,0.0312,0,1007.03,,,,0,,,1004.2,1,6,0.00281962,False,False,False
rho,2729,gates1985_10.1021_je00039a015_t1,GATES(1985),,rho,298.15,306.4,0,5.904,0,0,2.952,0,1201.56,1203.93,1203.93,,1,0,-0.00197221,,0,0,,False,False,False
rho,2735,gates1985_10.1021_je00039a015_t1,GATES(1985),,rho,298.15,406.4,0,5.904,0,0,2.952,0,1204.71,1207.27,1207.27,0.511324,2,0.000598972,-0.00212509,,0,0,,False,False,False
rho,2737,gates1985_10.1021_je00039a015_t1,GATES(1985),,rho,298.15,399.5,0,1.9834,0,0,0.9917,0,1084.64,1085.93,1085.93,0.327477,2,0.000426474,-0.00119181,,0,0,,False,False,False
rho,2742,gates1985_10.1021_je00039a015_t1,GATES(1985),,rho,298.15,1.013,0,3.012,3.012,0,0,0,1118.75,1118.32,1118.32,,1,0,0.000381487,,0,0,,False,False,False
rho,2744,gates1985_10.1021_je00039a015_t1,GATES(1985),,rho,298.15,1.013,0,1.018,1.018,0,0,0,1042.19,1041.34,1041.34,,1,0,0.000820697,,0,0,,False,False,False
rho,2755,gates1985_10.1021_je00039a015_t1,GATES(1985),,rho,298.15,103.8,0,0.0585,0.0585,0,0,0,1004.38,,,,0,,,1001.84,1,6,0.00254222,False,False,False
rho,2762,gates1985_10.1021_je00039a015_t1,GATES(1985),,rho,298.15,171.3,0,0.0585,0.0585,0,0,0,1007.3,,,,0,,,1004.2,1,6,0.00308949,False,False,False
rho,2777,gates1985_10.1021_je00039a015_t1,GATES(1985),,rho,298.15,1.013,0,9.96,0,4.98,0,0,1341.48,1356.22,1356.22,15.072,2,0.0157164,-0.0108713,1361.8,2,20,-0.0149194,False,False,False
rho,2778,gates1985_10.1021_je00039a015_t1,GATES(1985),,rho,298.15,1.013,0,6.034,0,3.017,0,0,1227.01,1235.68,1235.68,,1,0,-0.00701668,1235.71,2,19,-0.00704125,False,False,False
rho,2779,gates1985_10.1021_je00039a015_t1,GATES(1985),,rho,298.15,1.013,0,4.012,0,2.006,0,0,1158.22,,,,0,,,1162.44,2,11,-0.00363139,False,False,False
rho,2780,gates1985_10.1021_je00039a015_t1,GATES(1985),,rho,298.15,1.013,0,2.01,0,1.005,0,0,1082.47,1082.85,1082.85,,1,0,-0.000348041,1083.43,2,8,-0.000885056,False,False,False
rho,2810,gates1985_10.1021_je00039a015_t1,GATES(1985),,rho,298.15,405.1,0,6.034,0,3.017,0,0,1240.37,1237.81,1237.81,,1,0,0.0020698,,0,0,,False,False,False
rho,2812,gates1985_10.1021_je00039a015_t1,GATES(1985),,rho,298.15,406.4,0,2.01,0,1.005,0,0,1098.07,1097.91,1097.91,0.900233,2,0.00115959,0.000151595,1098.74,3,6,-0.000605405,False,False,False
rho,2814,gates1985_10.1021_je00039a015_t1,GATES(1985),,rho,298.15,405.1,0,0.202,0,0.101,0,0,1023.48,1023.24,1023.24,,1,0,0.000235426,,0,0,,False,False,False
rho,3294,oakes1990_10.1021_je00061a022_t1,OAKES(1990),,rho,298.234,1,6.0398,6.0398,0,0,0,0,1195.29,1194.64,1194.64,0.856918,2,0.00101442,0.000540693,,0,0,,False,False,False
rho,3295,oakes1990_10.1021_je00061a022_t1,OAKES(1990),,rho,298.228,1,5.2576,5.2576,0,0,0,0,1173.88,1173.58,1173.58,,1,0,0.000257218,,0,0,,False,False,False
rho,3296,oakes1990_10.1021_je00061a022_t1,OAKES(1990),,rho,298.23,1,4.6308,4.6308,0,0,0,0,1155.88,1155.92,1155.92,,1,0,-3.68839e-05,,0,0,,False,False,False
rho,3297,oakes1990_10.1021_je00061a022_t1,OAKES(1990),,rho,298.229,1,3.9459,3.9459,0,0,0,0,1135.45,1136.11,1136.11,1.02698,2,0.00127836,-0.000586048,,0,0,,False,False,False
rho,3298,oakes1990_10.1021_je00061a022_t1,OAKES(1990),,rho,298.228,1,3.5342,3.5342,0,0,0,0,1122.76,1123.73,1123.73,,1,0,-0.000869098,1122.99,5,17,-0.000205075,False,False,False
rho,3299,oakes1990_10.1021_je00061a022_t1,OAKES(1990),,rho,298.229,1,3.2809,3.2809,0,0,0,0,1114.79,1115.64,1115.64,,1,0,-0.000766944,1115.05,5,16,-0.000234337,False,False,False
rho,3300,oakes1990_10.1021_je00061a022_t1,OAKES(1990),,rho,298.229,1,3.0416,3.0416,0,0,0,0,1107.13,1105.84,1106.02,0.56456,3,0.000979914,0.00116831,1107.41,5,13,-0.000252736,False,False,False
rho,3301,oakes1990_10.1021_je00061a022_t1,OAKES(1990),,rho,298.226,1,2.4718,2.4718,0,0,0,0,1088.4,1089.66,1089.66,,1,0,-0.00115324,1087.58,4,11,0.000757273,False,False,False
rho,3304,oakes1990_10.1021_je00061a022_t1,OAKES(1990),,rho,298.239,1,1.2656,1.2656,0,0,0,0,1046.05,,,,0,,,1048.79,4,6,-0.00260809,False,False,False
rho,3305,oakes1990_10.1021_je00061a022_t1,OAKES(1990),,rho,298.242,1,0.7974,0.7974,0,0,0,0,1028.58,,,,0,,,1028.55,4,10,2.85919e-05,False,False,False
rho,3306,oakes1990_10.1021_je00061a022_t1,OAKES(1990),,rho,298.226,1,0.5042,0.5042,0,0,0,0,1017.3,1017.2,1017.2,,1,0,9.72879e-05,,0,0,,False,False,False
rho,3319,oakes1990_10.1021_je00061a022_t1,OAKES(1990),,rho,298.172,1,0.420472,0.534024,0,0.0567759,0,0,1019,,,,0,,,1018.93,4,7,7.31086e-05,False,False,False
rho,3388,oakes1990_10.1021_je00061a022_t1,OAKES(1990),,rho,298.206,1,0,10.1798,0,5.0899,0,0,1346.84,1366.88,1366.88,,1,0,-0.0146597,,0,0,,False,False,False
rho,3389,oakes1990_10.1021_je00061a022_t1,OAKES(1990),,rho,298.154,1,0,10.1308,0,5.0654,0,0,1345.57,1354.18,1354.18,17.9615,2,0.0187578,-0.00636128,,0,0,,False,False,False
rho,3391,oakes1990_10.1021_je00061a022_t1,OAKES(1990),,rho,298.21,1,0,8.1166,0,4.0583,0,0,1290.63,1306.97,1306.97,,1,0,-0.0124999,,0,0,,False,False,False
rho,3392,oakes1990_10.1021_je00061a022_t1,OAKES(1990),,rho,298.211,1,0,7.4442,0,3.7221,0,0,1270.85,1283.63,1283.63,,1,0,-0.0099577,,0,0,,False,False,False
rho,3401,oakes1990_10.1021_je00061a022_t1,OAKES(1990),,rho,298.198,1,0,2.0384,0,1.0192,0,0,1083.65,1082.47,1082.47,,1,0,0.00109507,,0,0,,False,False,False
rho,3402,oakes1990_10.1021_je00061a022_t1,OAKES(1990),,rho,298.198,1,0,1.9978,0,0.9989,0,0,1082.04,1082.47,1082.47,,1,0,-0.000398741,,0,0,,False,False,False
rho,3411,oakes1990_10.1021_je00061a022_t1,OAKES(1990),,rho,308.124,1,4.2755,4.2755,0,0,0,0,1140.38,1140.81,1140.81,,1,0,-0.000372817,,0,0,,False,False,False
rho,3412,oakes1990_10.1021_je00061a022_t1,OAKES(1990),,rho,308.122,1,3.5039,3.5039,0,0,0,0,1117.05,,,,0,,,1117.16,5,19,-9.9993e-05,False,False,False
rho,3413,oakes1990_10.1021_je00061a022_t1,OAKES(1990),,rho,308.12,1,2.5694,2.5694,0,0,0,0,1087.2,,,,0,,,1087.27,4,8,-6.02523e-05,False,False,False
rho,3415,oakes1990_10.1021_je00061a022_t1,OAKES(1990),,rho,308.12,1,1.2931,1.2931,0,0,0,0,1043.23,,,,0,,,1042.81,4,8,0.000397071,False,False,False
rho,3454,oakes1990_10.1021_je00061a022_t1,OAKES(1990),,rho,308.146,1,0,10.1308,0,5.0654,0,0,1339.61,1360.69,1360.69,,1,0,-0.0154892,,0,0,,False,False,False
rho,3456,oakes1990_10.1021_je00061a022_t1,OAKES(1990),,rho,308.153,1,0,7.337,0,3.6685,0,0,1262.4,1278.15,1278.15,,1,0,-0.0123209,,0,0,,False,False,False
rho,3475,song2013_10.1021_je400459y_t2,SONG(2013),,rho,373.16,100.01,1,1,0,0,0,0,1001.31,1000.43,1000.43,,1,0,0.00087587,,0,0,,False,False,False
rho,3525,song2013_10.1021_je400459y_t2,SONG(2013),,rho,373.11,100.05,3,3,0,0,0,0,1066.26,1067.4,1067.4,,1,0,-0.00107153,,0,0,,False,False,False
rho,3571,zezin2014_10.1021_je400761c_t2,ZEZIN(2014),,rho,298.15,1,0.49988,0.49988,0,0,0,0,1017.2,1017.3,1017.3,,1,0,-9.72785e-05,1017.16,3,6,3.18791e-05,False,False,False
rho,3577,zezin2014_10.1021_je400761c_t2,ZEZIN(2014),,rho,298.15,1,1.00092,1.00092,0,0,0,0,1036.32,1036.63,1036.63,0.704013,2,0.000960446,-0.000299793,1036.4,4,11,-8.293e-05,False,False,False
rho,3580,zezin2014_10.1021_je400761c_t2,ZEZIN(2014),,rho,298.15,1,2.99981,2.99981,0,0,0,0,1105.84,1106.65,1106.45,0.799031,3,0.00140875,-0.000737888,1106.01,5,19,-0.000160701,False,False,False
rho,3741,zezin2014_10.1021_je400761c_t2,ZEZIN(2014),,rho,298.15,400,1.00092,1.00092,0,0,0,0,1052.43,1053.27,1053.27,,1,0,-0.000798806,,0,0,,False,False,False
rho,3744,zezin2014_10.1021_je400761c_t2,ZEZIN(2014),,rho,298.15,400,2.99981,2.99981,0,0,0,0,1120.25,1121.02,1121.02,,1,0,-0.000682694,,0,0,,False,False,False
rho,3804,zezin2014_10.1021_je400761c_t2,ZEZIN(2014),,rho,373.15,100,1.00092,1.00092,0,0,0,0,1000.43,1001.31,1001.31,,1,0,-0.000875104,,0,0,,False,False,False
rho,3806,zezin2014_10.1021_je400761c_t2,ZEZIN(2014),,rho,373.15,100,2.99981,2.99981,0,0,0,0,1067.4,1066.26,1066.26,,1,0,0.00107267,,0,0,,False,False,False
rho,3810,zezin2014_10.1021_je400761c_t2,ZEZIN(2014),,rho,373.15,100,3.5817,3.5817,0,0,0,0,1085.03,,,,0,,,1078.82,2,7,0.00576328,False,False,False
rho,4392,zezin2014b_10.1021_je500371u_t2,ZEZIN(2014b),,rho,298.15,1,0.50048,0.52048,0,0.01,0,0,1018.09,,,,0,,,1018.09,4,8,2.51697e-07,False,False,False
rho,4393,zezin2014b_10.1021_je500371u_t2,ZEZIN(2014b),,rho,298.15,1,1.02093,1.04293,0,0.011,0,0,1038.82,,,,0,,,1035.78,5,10,0.00293232,False,False,False
rho,4449,zezin2014b_10.1021_je500371u_t2,ZEZIN(2014b),,rho,298.15,100,0,2.01,0,1.005,0,0,1086.91,1085.93,1085.93,,1,0,0.000899653,,0,0,,False,False,False
rho,4477,zezin2014b_10.1021_je500371u_t2,ZEZIN(2014b),,rho,298.15,200,0,2.01,0,1.005,0,0,1090.86,1089.7,1089.7,,1,0,0.0010645,,0,0,,False,False,False
rho,4486,zezin2014b_10.1021_je500371u_t2,ZEZIN(2014b),,rho,298.15,400,0,0.198,0,0.099,0,0,1023.24,1023.48,1023.48,,1,0,-0.000235371,,0,0,,False,False,False
rho,4502,zezin2014b_10.1021_je500371u_t2,ZEZIN(2014b),,rho,298.15,400,0,2.01,0,1.005,0,0,1098.54,1097.67,1097.67,0.567805,2,0.000731547,0.000794065,1097.88,3,7,0.00060672,False,False,False
rho,4568,zezin2014b_10.1021_je500371u_t2,ZEZIN(2014b),,rho,373.15,100,3.0021,3.0221,0,0.01,0,0,1068.35,,,,0,,,1065.86,3,6,0.00234268,False,False,False
rho,4570,zezin2014b_10.1021_je500371u_t2,ZEZIN(2014b),,rho,373.15,100,3.01468,3.11468,0,0.05,0,0,1071.68,,,,0,,,1032.57,3,6,0.0378789,False,False,False
rho,4590,zezin2014b_10.1021_je500371u_t2,ZEZIN(2014b),,rho,373.15,100,0,2.01,0,1.005,0,0,1048,1047.42,1047.42,,1,0,0.000557322,,0,0,,False,False,False
rho,4595,zezin2014b_10.1021_je500371u_t2,ZEZIN(2014b),,rho,373.15,100,0,11.906,0,5.953,0,0,1339.5,1343.09,1343.09,,1,0,-0.00267015,,0,0,,False,False,False
rho,4600,zezin2014b_10.1021_je500371u_t2,ZEZIN(2014b),,rho,373.16,100,0,6.008,0,3.004,0,0,1189.01,1187.2,1187.2,,1,0,0.0015218,,0,0,,False,False,False
rho,4627,zezin2014b_10.1021_je500371u_t2,ZEZIN(2014b),,rho,373.15,200,0,2.01,0,1.005,0,0,1052.05,1051.39,1051.39,,1,0,0.000626203,,0,0,,False,False,False
rho,4632,zezin2014b_10.1021_je500371u_t2,ZEZIN(2014b),,rho,373.15,200,0,11.906,0,5.953,0,0,1342.84,1346.07,1346.07,,1,0,-0.00240078,,0,0,,False,False,False
rho,4636,zezin2014b_10.1021_je500371u_t2,ZEZIN(2014b),,rho,373.16,200,0,6.008,0,3.004,0,0,1192.52,1190.58,1190.58,,1,0,0.00163066,,0,0,,False,False,False
rho,4641,zezin2014b_10.1021_je500371u_t2,ZEZIN(2014b),,rho,373.15,400,3.0021,3.0221,0,0.01,0,0,1079.75,,,,0,,,1077.67,2,6,0.00192468,False,False,False
rho,4643,zezin2014b_10.1021_je500371u_t2,ZEZIN(2014b),,rho,373.15,400,3.01468,3.11468,0,0.05,0,0,1083.03,,,,0,,,1043.86,2,6,0.0375276,False,False,False
rho,4654,zezin2014b_10.1021_je500371u_t2,ZEZIN(2014b),,rho,373.15,400,0,0.98,0,0.49,0,0,1018.63,1018.45,1018.45,,1,0,0.000172935,,0,0,,False,False,False
rho,4668,zezin2014b_10.1021_je500371u_t2,ZEZIN(2014b),,rho,373.15,400,0,11.906,0,5.953,0,0,1349.26,1351.92,1351.92,,1,0,-0.00196844,,0,0,,False,False,False
rho,4672,zezin2014b_10.1021_je500371u_t2,ZEZIN(2014b),,rho,373.16,400,0,2.01,0,1.005,0,0,1059.96,1059.05,1059.05,,1,0,0.000861215,,0,0,,False,False,False
rho,4674,zezin2014b_10.1021_je500371u_t2,ZEZIN(2014b),,rho,373.16,400,0,6.008,0,3.004,0,0,1199.51,1197.14,1197.14,,1,0,0.00198145,,0,0,,False,False,False
rho,4746,zezin2014b_10.1021_je500371u_t2,ZEZIN(2014b),,rho,423.15,100,3.0021,3.0221,0,0.01,0,0,1031.67,,,,0,,,1029.74,3,6,0.00187443,False,False,False
rho,4748,zezin2014b_10.1021_je500371u_t2,ZEZIN(2014b),,rho,423.15,100,3.35813,3.38213,0,0.012,0,0,1043.6,,,,0,,,1040.21,3,6,0.0032607,False,False,False
rho,4749,zezin2014b_10.1021_je500371u_t2,ZEZIN(2014b),,rho,423.15,100,3.01468,3.11468,0,0.05,0,0,1035.3,,,,0,,,997.746,3,6,0.0376406,False,False,False
rho,4767,zezin2014b_10.1021_je500371u_t2,ZEZIN(2014b),,rho,423.15,100,0,2.01,0,1.005,0,0,1011.39,1011.09,1011.09,,1,0,0.000298191,,0,0,,False,False,False
rho,4774,zezin2014b_10.1021_je500371u_t2,ZEZIN(2014b),,rho,423.16,100,0,6.008,0,3.004,0,0,1156.05,1154.33,1154.33,,1,0,0.00149206,,0,0,,False,False,False
rho,4800,zezin2014b_10.1021_je500371u_t2,ZEZIN(2014b),,rho,423.15,200,0,2.01,0,1.005,0,0,1016.15,1015.62,1015.62,,1,0,0.000522382,,0,0,,False,False,False
rho,4808,zezin2014b_10.1021_je500371u_t2,ZEZIN(2014b),,rho,423.16,200,0,6.008,0,3.004,0,0,1160.06,1158.03,1158.03,,1,0,0.00175437,,0,0,,False,False,False
rho,4814,zezin2014b_10.1021_je500371u_t2,ZEZIN(2014b),,rho,423.15,400,3.35813,3.38213,0,0.012,0,0,1056.5,,,,0,,,1053.08,2,6,0.0032524,False,False,False
rho,4815,zezin2014b_10.1021_je500371u_t2,ZEZIN(2014b),,rho,423.15,400,3.01468,3.11468,0,0.05,0,0,1048.25,,,,0,,,1010.29,2,6,0.037572,False,False,False
rho,4834,zezin2014b_10.1021_je500371u_t2,ZEZIN(2014b),,rho,423.15,400,0,6.008,0,3.004,0,0,1167.84,1165.21,1165.21,,1,0,0.00225828,,0,0,,False,False,False
rho,4842,zezin2014b_10.1021_je500371u_t2,ZEZIN(2014b),,rho,423.16,400,0,2.01,0,1.005,0,0,1025.05,1024.3,1024.3,,1,0,0.000734992,,0,0,,False,False,False
rho,4934,zezin2014b_10.1021_je500371u_t2,ZEZIN(2014b),,rho,473.15,100,0,2.01,0,1.005,0,0,968.275,966.77,966.77,,1,0,0.00155702,,0,0,,False,False,False
rho,4935,zezin2014b_10.1021_je500371u_t2,ZEZIN(2014b),,rho,473.15,100,0,6.008,0,3.004,0,0,1119.32,1116.32,1116.32,,1,0,0.00268318,,0,0,,False,False,False
rho,4962,zezin2014b_10.1021_je500371u_t2,ZEZIN(2014b),,rho,473.15,200,0,2.01,0,1.005,0,0,974.115,972.43,972.43,,1,0,0.00173299,,0,0,,False,False,False
rho,4965,zezin2014b_10.1021_je500371u_t2,ZEZIN(2014b),,rho,473.15,200,0,6.008,0,3.004,0,0,1123.77,1120.67,1120.67,,1,0,0.00276193,,0,0,,False,False,False
rho,4978,zezin2014b_10.1021_je500371u_t2,ZEZIN(2014b),,rho,473.15,400,3.35813,3.38213,0,0.012,0,0,1016.73,,,,0,,,1013.61,2,6,0.00307586,False,False,False
rho,4979,zezin2014b_10.1021_je500371u_t2,ZEZIN(2014b),,rho,473.15,400,3.01468,3.11468,0,0.05,0,0,1008.58,,,,0,,,972.381,2,6,0.0372261,False,False,False
rho,4993,zezin2014b_10.1021_je500371u_t2,ZEZIN(2014b),,rho,473.15,400,0,2.01,0,1.005,0,0,985.039,983.04,983.04,,1,0,0.00203308,,0,0,,False,False,False
rho,4995,zezin2014b_10.1021_je500371u_t2,ZEZIN(2014b),,rho,473.15,400,0,6.008,0,3.004,0,0,1132.74,1129.01,1129.01,,1,0,0.00330254,,0,0,,False,False,False
rho,5144,zezin2014b_10.1021_je500371u_t2,ZEZIN(2014b),,rho,523.16,400,0,2.01,0,1.005,0,0,936.084,934.648,934.648,,1,0,0.00153608,,0,0,,False,False,False
rho,5153,zezin2014b_10.1021_je500371u_t2,ZEZIN(2014b),,rho,523.16,400,0,0.98,0,0.49,0,0,887.464,887.162,887.162,,1,0,0.000340009,,0,0,,False,False,False
rho,5161,zezin2014b_10.1021_je500371u_t2,ZEZIN(2014b),,rho,298.15,1,0,2.0006,0,0,1.0003,0,1070.89,1070.23,1070.23,0.769339,2,0.00101661,0.000609594,,0,0,,False,False,False
rho,5203,zezin2014b_10.1021_je500371u_t2,ZEZIN(2014b),,rho,298.15,100,0,2.0006,0,0,1.0003,0,1074.73,1074.43,1074.43,,1,0,0.000276388,,0,0,,False,False,False
rho,5207,zezin2014b_10.1021_je500371u_t2,ZEZIN(2014b),,rho,298.15,100,0,6.0002,0,0,3.0001,0,1198.18,1197.76,1197.76,,1,0,0.000348116,,0,0,,False,False,False
rho,5226,zezin2014b_10.1021_je500371u_t2,ZEZIN(2014b),,rho,298.15,200,0,2.0006,0,0,1.0003,0,1078.68,1078.17,1078.17,,1,0,0.000473014,,0,0,,False,False,False
rho,5230,zezin2014b_10.1021_je500371u_t2,ZEZIN(2014b),,rho,298.15,200,0,6.0002,0,0,3.0001,0,1201.39,1200.84,1200.84,,1,0,0.000458004,,0,0,,False,False,False
rho,5249,zezin2014b_10.1021_je500371u_t2,ZEZIN(2014b),,rho,298.15,400,0,2.0006,0,0,1.0003,0,1086.16,1085.17,1085.17,0.751417,2,0.000979262,0.000916405,,0,0,,False,False,False
rho,5253,zezin2014b_10.1021_je500371u_t2,ZEZIN(2014b),,rho,298.15,400,0,6.0002,0,0,3.0001,0,1207.63,1205.81,1205.81,1.55846,2,0.00182782,0.00151361,,0,0,,False,False,False
rho,5276,zezin2014b_10.1021_je500371u_t2,ZEZIN(2014b),,rho,298.15,700,0,6.0002,0,0,3.0001,0,1216.72,1215.18,1215.18,,1,0,0.00127083,,0,0,,False,False,False
rho,5313,zezin2014b_10.1021_je500371u_t2,ZEZIN(2014b),,rho,373.15,100,0,2.0006,0,0,1.0003,0,1038.66,1038.36,1038.36,,1,0,0.000292529,,0,0,,False,False,False
rho,5325,zezin2014b_10.1021_je500371u_t2,ZEZIN(2014b),,rho,373.16,100,0,6.0002,0,0,3.0001,0,1165.68,1165.51,1165.51,,1,0,0.000143011,,0,0,,False,False,False
rho,5342,zezin2014b_10.1021_je500371u_t2,ZEZIN(2014b),,rho,373.15,200,0,2.0006,0,0,1.0003,0,1042.62,1042.33,1042.33,,1,0,0.000276672,,0,0,,False,False,False
rho,5352,zezin2014b_10.1021_je500371u_t2,ZEZIN(2014b),,rho,373.16,200,0,6.0002,0,0,3.0001,0,1168.97,1168.64,1168.64,,1,0,0.000283602,,0,0,,False,False,False
rho,5363,zezin2014b_10.1021_je500371u_t2,ZEZIN(2014b),,rho,373.15,400,0,2.0006,0,0,1.0003,0,1050.34,1049.91,1049.91,,1,0,0.000408439,,0,0,,False,False,False
rho,5376,zezin2014b_10.1021_je500371u_t2,ZEZIN(2014b),,rho,373.16,400,0,6.0002,0,0,3.0001,0,1175.41,1174.82,1174.82,,1,0,0.000503967,,0,0,,False,False,False
rho,5425,zezin2014b_10.1021_je500371u_t2,ZEZIN(2014b),,rho,423.15,100,0,2.0006,0,0,1.0003,0,1003.87,1003.28,1003.28,,1,0,0.000589564,,0,0,,False,False,False
rho,5429,zezin2014b_10.1021_je500371u_t2,ZEZIN(2014b),,rho,423.15,100,0,6.0002,0,0,3.0001,0,1137.98,1137.91,1137.91,,1,0,6.28327e-05,,0,0,,False,False,False
rho,5455,zezin2014b_10.1021_je500371u_t2,ZEZIN(2014b),,rho,423.15,200,0,6.0002,0,0,3.0001,0,1141.5,1141.36,1141.36,,1,0,0.000123136,,0,0,,False,False,False
rho,5457,zezin2014b_10.1021_je500371u_t2,ZEZIN(2014b),,rho,423.15,200,0,2.0006,0,0,1.0003,0,1008.43,1007.77,1007.77,,1,0,0.000655449,,0,0,,False,False,False
rho,5476,zezin2014b_10.1021_je500371u_t2,ZEZIN(2014b),,rho,423.15,400,0,2.0006,0,0,1.0003,0,1017.16,1016.47,1016.47,,1,0,0.000680163,,0,0,,False,False,False
rho,5480,zezin2014b_10.1021_je500371u_t2,ZEZIN(2014b),,rho,423.15,400,0,6.0002,0,0,3.0001,0,1148.62,1147.96,1147.96,,1,0,0.000576122,,0,0,,False,False,False
rho,5503,zezin2014b_10.1021_je500371u_t2,ZEZIN(2014b),,rho,423.15,700,0,6.0002,0,0,3.0001,0,1158.95,1157.07,1157.07,,1,0,0.00162503,,0,0,,False,False,False
rho,5545,zezin2014b_10.1021_je500371u_t2,ZEZIN(2014b),,rho,473.15,100,0,2.0006,0,0,1.0003,0,961.495,960.31,960.31,,1,0,0.00123427,,0,0,,False,False,False
rho,5549,zezin2014b_10.1021_je500371u_t2,ZEZIN(2014b),,rho,473.15,100,0,6.0002,0,0,3.0001,0,1106.07,1105.72,1105.72,,1,0,0.000312269,,0,0,,False,False,False
rho,5570,zezin2014b_10.1021_je500371u_t2,ZEZIN(2014b),,rho,473.15,200,0,2.0006,0,0,1.0003,0,967.115,965.92,965.92,,1,0,0.00123738,,0,0,,False,False,False
rho,5574,zezin2014b_10.1021_je500371u_t2,ZEZIN(2014b),,rho,473.15,200,0,6.0002,0,0,3.0001,0,1105.39,1109.63,1109.63,,1,0,-0.00382541,,0,0,,False,False,False
rho,5595,zezin2014b_10.1021_je500371u_t2,ZEZIN(2014b),,rho,473.15,400,0,2.0006,0,0,1.0003,0,977.629,976.5,976.5,,1,0,0.00115576,,0,0,,False,False,False
rho,5599,zezin2014b_10.1021_je500371u_t2,ZEZIN(2014b),,rho,473.15,400,0,6.0002,0,0,3.0001,0,1118.11,1117.27,1117.27,,1,0,0.000750581,,0,0,,False,False,False
rho,5624,zezin2014b_10.1021_je500371u_t2,ZEZIN(2014b),,rho,473.15,700,0,6.0002,0,0,3.0001,0,1129.95,1127.48,1127.48,,1,0,0.00218882,,0,0,,False,False,False
rho,5732,zezin2015_10.1021_je501152a_t2_group1,ZEZIN(2015),,rho,298.15,1,2.42166,0,0,0,0,1.21083,1134.4,1135.61,1135.61,,1,0,-0.00106867,,0,0,,False,False,False
rho,6150,ellis1967_10.1039_j19670000660_t1,ELLIS(1967),,rho,348.15,20.265,0,2,0,1,0,0,1059.39,1059.28,1059.28,,1,0,0.000103844,,0,0,,False,False,False
rho,6151,ellis1967_10.1039_j19670000660_t1,ELLIS(1967),,rho,373.15,20.265,0,2,0,1,0,0,1043.97,1043.77,1043.77,,1,0,0.000191613,,0,0,,False,False,False
rho,6152,ellis1967_10.1039_j19670000660_t1,ELLIS(1967),,rho,398.15,20.265,0,2,0,1,0,0,1026.72,1026.31,1026.31,,1,0,0.000399489,,0,0,,False,False,False
rho,6153,ellis1967_10.1039_j19670000660_t1,ELLIS(1967),,rho,423.15,20.265,0,2,0,1,0,0,1007.03,1006.7,1006.7,,1,0,0.000327804,,0,0,,False,False,False
rho,6154,ellis1967_10.1039_j19670000660_t1,ELLIS(1967),,rho,448.15,20.265,0,2,0,1,0,0,985.54,985.33,985.33,,1,0,0.000213127,,0,0,,False,False,False
rho,6155,ellis1967_10.1039_j19670000660_t1,ELLIS(1967),,rho,473.15,20.265,0,2,0,1,0,0,962.01,961.55,961.55,,1,0,0.000478394,,0,0,,False,False,False
rho,6156,ellis1967_10.1039_j19670000660_t1,ELLIS(1967),,rho,348.15,20.265,0,1,0,0.5,0,0,1019.09,1019.43,1019.43,,1,0,-0.00033352,,0,0,,False,False,False
rho,6157,ellis1967_10.1039_j19670000660_t1,ELLIS(1967),,rho,373.15,20.265,0,1,0,0.5,0,0,1003.24,1003.59,1003.59,,1,0,-0.000348748,,0,0,,False,False,False
rho,6158,ellis1967_10.1039_j19670000660_t1,ELLIS(1967),,rho,398.15,20.265,0,1,0,0.5,0,0,985.11,985.46,985.46,,1,0,-0.000355164,,0,0,,False,False,False
rho,6159,ellis1967_10.1039_j19670000660_t1,ELLIS(1967),,rho,423.15,20.265,0,1,0,0.5,0,0,964.57,964.93,964.93,,1,0,-0.000373084,,0,0,,False,False,False
rho,6160,ellis1967_10.1039_j19670000660_t1,ELLIS(1967),,rho,448.15,20.265,0,1,0,0.5,0,0,942.04,942.42,942.42,,1,0,-0.000403217,,0,0,,False,False,False
rho,6161,ellis1967_10.1039_j19670000660_t1,ELLIS(1967),,rho,473.15,20.265,0,1,0,0.5,0,0,916.6,917.01,917.01,,1,0,-0.000447105,,0,0,,False,False,False
rho_gas,853,mcbridewright2014_10.1021_je5009125_t5,MCBRIDEWRIGHT(2014),co2,rho_gas_loaded,274.73,150.1,0,0,0,0,0,0,1012,,,,0,,,1010.63,1,96,0.0013605,False,False,False
rho_gas,858,mcbridewright2014_10.1021_je5009125_t5,MCBRIDEWRIGHT(2014),co2,rho_gas_loaded,296.17,151,0,0,0,0,0,0,1008.6,,,,0,,,1007.59,1,48,0.00100301,False,False,False
rho_gas,863,mcbridewright2014_10.1021_je5009125_t5,MCBRIDEWRIGHT(2014),co2,rho_gas_loaded,323.45,150.2,0,0,0,0,0,0,998.4,,,,0,,,997.487,1,48,0.000915691,False,False,False
rho_gas,868,mcbridewright2014_10.1021_je5009125_t5,MCBRIDEWRIGHT(2014),co2,rho_gas_loaded,348.32,150.5,0,0,0,0,0,0,984.8,,,,0,,,984.558,1,48,0.000245809,False,False,False
rho_gas,873,mcbridewright2014_10.1021_je5009125_t5,MCBRIDEWRIGHT(2014),co2,rho_gas_loaded,373.42,150.9,0,0,0,0,0,0,967.8,,,,0,,,967.876,1,48,-7.87036e-05,False,False,False
rho_gas,878,mcbridewright2014_10.1021_je5009125_t5,MCBRIDEWRIGHT(2014),co2,rho_gas_loaded,398.55,150.6,0,0,0,0,0,0,948.3,,,,0,,,948.77,1,48,-0.000495701,False,False,False
rho_gas,893,mcbridewright2014_10.1021_je5009125_t5,MCBRIDEWRIGHT(2014),co2,rho_gas_loaded,274.77,150.8,0,0,0,0,0,0,1017.3,,,,0,,,1010.65,1,96,0.00657999,False,False,False
rho_gas,898,mcbridewright2014_10.1021_je5009125_t5,MCBRIDEWRIGHT(2014),co2,rho_gas_loaded,296.19,150.7,0,0,0,0,0,0,1013.3,,,,0,,,1007.57,1,48,0.00568304,False,False,False
rho_gas,903,mcbridewright2014_10.1021_je5009125_t5,MCBRIDEWRIGHT(2014),co2,rho_gas_loaded,323.43,150.6,0,0,0,0,0,0,1002.5,,,,0,,,997.481,1,48,0.00503203,False,False,False
solubility,49,co2_part1,TEYMOURI(2017),co2,solubility_molality,283.15,212.41,4.27,4.27,0,0,0,0,0.748213,,,,0,,,0.69232,1,6,0.080733,False,False,False
solubility,69,co2_part1,GUO(2015),co2,solubility_molality,288.15,200,5,5,0,0,0,0,0.675,,,,0,,,0.717363,1,5,-0.0590544,False,False,False
solubility,93,co2_part1,TEYMOURI(2017),co2,solubility_molality,288.15,247.31,4.27,4.27,0,0,0,0,0.725417,,,,0,,,0.694041,1,8,0.0452069,False,False,False
solubility,111,co2_part1,GUO(2015),co2,solubility_molality,293.15,100,5,5,0,0,0,0,0.618,,,,0,,,1.17557,3,11,-0.474296,False,True,True
solubility,113,co2_part1,GUO(2015),co2,solubility_molality,293.15,200,5,5,0,0,0,0,0.652,,,,0,,,0.635444,2,7,0.0260543,False,False,False
solubility,119,co2_part1,GUO(2015),co2,solubility_molality,298.15,100,1,1,0,0,0,0,1.162,,,,0,,,1.11169,2,8,0.04526,False,False,False
solubility,137,co2_part1,GUO(2015),co2,solubility_molality,298.15,200,5,5,0,0,0,0,0.645,,,,0,,,0.59692,3,7,0.0805464,False,False,False
solubility,181,co2_part1,TEYMOURI(2017),co2,solubility_molality,298.15,81.72,4.27,4.27,0,0,0,0,0.634414,,,,0,,,0.548957,2,8,0.155671,False,True,True
solubility,189,co2_part1,TEYMOURI(2017),co2,solubility_molality,298.15,236.07,4.27,4.27,0,0,0,0,0.702638,,,,0,,,0.662127,1,6,0.0611835,False,False,False
solubility,237,co2_part1,JACOB(2016),co2,solubility_molality,297,71,1,1,0,0,0,0,1.04911,,,,0,,,1.07658,2,8,-0.025518,False,False,False
solubility,239,co2_part1,JACOB(2016),co2,solubility_molality,297,93.1,1,1,0,0,0,0,1.10906,,,,0,,,1.1533,2,10,-0.0383626,False,False,False
solubility,247,co2_part1,JACOB(2016),co2,solubility_molality,297,57.9,4,4,0,0,0,0,0.489584,,,,0,,,0.569096,1,4,-0.139715,False,False,False
solubility,485,co2_part1,GUO(2015),co2,solubility_molality,313.15,100,1,1,0,0,0,0,1.024,0.995,0.995,,1,0,0.0291457,0.991085,5,23,0.0332113,False,False,False
solubility,487,co2_part1,GUO(2015),co2,solubility_molality,313.15,200,1,1,0,0,0,0,1.102,1.096,1.096,,1,0,0.00547445,1.09752,6,22,0.00408242,False,False,False
solubility,489,co2_part1,GUO(2015),co2,solubility_molality,313.15,300,1,1,0,0,0,0,1.189,1.194,1.194,,1,0,-0.0041876,1.19343,2,11,-0.00371302,False,False,False
solubility,491,co2_part1,GUO(2015),co2,solubility_molality,313.15,400,1,1,0,0,0,0,1.27,,,,0,,,1.35412,2,5,-0.062119,False,False,False
solubility,493,co2_part1,GUO(2015),co2,solubility_molality,313.15,100,3,3,0,0,0,0,0.702,0.703,0.703,,1,0,-0.00142248,0.701595,6,25,0.000577909,False,False,False
solubility,495,co2_part1,GUO(2015),co2,solubility_molality,313.15,200,3,3,0,0,0,0,0.768,0.779,0.779,,1,0,-0.0141207,0.780675,5,22,-0.0162359,False,False,False
solubility,497,co2_part1,GUO(2015),co2,solubility_molality,313.15,300,3,3,0,0,0,0,0.843,0.842,0.842,,1,0,0.00118765,0.842137,2,10,0.00102529,False,False,False
solubility,501,co2_part1,GUO(2015),co2,solubility_molality,313.15,100,5,5,0,0,0,0,0.554,,,,0,,,0.57615,6,10,-0.0384452,False,False,False
solubility,503,co2_part1,GUO(2015),co2,solubility_molality,313.15,200,5,5,0,0,0,0,0.613,,,,0,,,0.580098,6,14,0.0567178,False,False,False
solubility,541,co2_part1,KIEPE(2002),co2,solubility_molality,313.31,38.441,2.5,2.5,0,0,0,0,0.482078,,,,0,,,0.463805,5,16,0.0393982,False,False,False
solubility,543,co2_part1,KIEPE(2002),co2,solubility_molality,313.31,51.4,2.5,2.5,0,0,0,0,0.611142,,,,0,,,0.562019,4,19,0.0874048,False,False,False
solubility,545,co2_part1,KIEPE(2002),co2,solubility_molality,313.31,63.7,2.5,2.5,0,0,0,0,0.715164,,,,0,,,0.640952,4,24,0.115785,False,False,False
solubility,547,co2_part1,KIEPE(2002),co2,solubility_molality,313.31,77.9,2.5,2.5,0,0,0,0,0.805858,,,,0,,,0.701319,5,29,0.14906,False,True,True
solubility,549,co2_part1,KIEPE(2002),co2,solubility_molality,313.31,91.3,2.5,2.5,0,0,0,0,0.855034,,,,0,,,0.738419,5,29,0.157926,False,True,True
solubility,687,co2_part1,KIEPE(2002),co2,solubility_molality,313.37,89.66,0,3.96,3.96,0,0,0,0.891113,,,,0,,,1.00541,3,6,-0.11368,False,False,False
solubility,715,co2_part1,LIU(2011),co2,solubility_molality,318.15,40.9,1.90128,1.90128,0,0,0,0,0.51876,,,,0,,,0.485804,1,6,0.067838,False,False,False
solubility,717,co2_part1,LIU(2011),co2,solubility_molality,318.15,60.6,1.90128,1.90128,0,0,0,0,0.688915,,,,0,,,0.626346,1,8,0.0998958,False,False,False
solubility,719,co2_part1,LIU(2011),co2,solubility_molality,318.15,81,1.90128,1.90128,0,0,0,0,0.796524,,,,0,,,0.73509,1,12,0.0835737,False,False,False
solubility,721,co2_part1,LIU(2011),co2,solubility_molality,318.15,100.9,1.90128,1.90128,0,0,0,0,0.856173,,,,0,,,0.747502,2,13,0.145379,False,True,True
solubility,723,co2_part1,LIU(2011),co2,solubility_molality,318.15,121,1.90128,1.90128,0,0,0,0,0.886048,,,,0,,,0.771518,3,16,0.148448,False,True,True
solubility,725,co2_part1,LIU(2011),co2,solubility_molality,318.15,140.8,1.90128,1.90128,0,0,0,0,0.899736,,,,0,,,0.789537,3,14,0.139574,False,True,True
solubility,727,co2_part1,LIU(2011),co2,solubility_molality,318.15,158.3,1.90128,1.90128,0,0,0,0,0.91882,,,,0,,,0.800955,3,12,0.147155,False,True,True
solubility,763,co2_part1,TEYMOURI(2017),co2,solubility_molality,323.15,259.31,1.9,1.9,0,0,0,0,0.91978,,,,0,,,0.907351,1,12,0.0136979,False,False,False
solubility,769,co2_part1,TEYMOURI(2017),co2,solubility_molality,323.15,131.03,3.0195,3.0195,0,0,0,0,0.628736,0.692,0.692,,1,0,-0.0914215,,0,0,,False,False,False
solubility,771,co2_part1,TEYMOURI(2017),co2,solubility_molality,323.15,356.55,3.0195,3.0195,0,0,0,0,0.816715,,,,0,,,0.835954,2,10,-0.023015,False,False,False
solubility,775,co2_part1,TEYMOURI(2017),co2,solubility_molality,323.15,217.24,4.82,4.82,0,0,0,0,0.589023,,,,0,,,0.572946,5,9,0.0280614,False,False,False
solubility,797,co2_part1,KOSCHEL(2006),co2,solubility_molality,323.1,51,1,1,0,0,0,0,0.62306,0.635,0.63875,0.023852,4,0.0771654,-0.0188038,0.616111,5,12,0.0112788,False,False,False
solubility,799,co2_part1,KOSCHEL(2006),co2,solubility_molality,323.1,100.3,1,1,0,0,0,0,0.925517,0.9455,0.9415,0.0261852,4,0.0581703,-0.021135,0.905163,6,18,0.0224862,False,False,False
solubility,801,co2_part1,KOSCHEL(2006),co2,solubility_molality,323.1,143.8,1,1,0,0,0,0,1.0002,,,,0,,,0.992299,7,20,0.00796549,False,False,False
solubility,803,co2_part1,KOSCHEL(2006),co2,solubility_molality,323.1,202.4,1,1,0,0,0,0,1.02322,1.0705,1.06975,0.0267379,4,0.0579169,-0.0441635,1.03969,7,18,-0.015834,False,False,False
solubility,805,co2_part1,KOSCHEL(2006),co2,solubility_molality,323.1,50,3,3,0,0,0,0,0.464576,0.453,0.453,0.00141421,2,0.00441501,0.0255541,0.453181,4,13,0.0251442,False,False,False
solubility,807,co2_part1,KOSCHEL(2006),co2,solubility_molality,323.1,100.4,3,3,0,0,0,0,0.640093,0.668,0.668,0.0113137,2,0.0239521,-0.0417766,0.655279,6,19,-0.0231744,False,False,False
solubility,809,co2_part1,KOSCHEL(2006),co2,solubility_molality,323.1,144.1,3,3,0,0,0,0,0.696947,,,,0,,,0.699782,6,20,-0.0040512,False,False,False
solubility,811,co2_part1,KOSCHEL(2006),co2,solubility_molality,323.1,202.4,3,3,0,0,0,0,0.771029,0.7615,0.7615,0.0247487,2,0.0459619,0.012513,0.755893,5,16,0.0200233,False,False,False
solubility,813,co2_part1,MESSABEB(2016),co2,solubility_molality,323.15,50.3,1,1,0,0,0,0,0.65,0.62153,0.632015,0.023416,4,0.0788377,0.0458067,0.62949,5,17,0.0325818,False,False,False
solubility,815,co2_part1,MESSABEB(2016),co2,solubility_molality,323.15,100.2,1,1,0,0,0,0,0.965,0.927758,0.931629,0.0213735,4,0.0549712,0.0401415,0.920719,6,26,0.0480937,False,False,False
solubility,817,co2_part1,MESSABEB(2016),co2,solubility_molality,323.15,150.6,1,1,0,0,0,0,1.042,1.016,1.00733,0.017673,3,0.0314961,0.0255906,1.00253,7,28,0.0393653,False,False,False
solubility,819,co2_part1,MESSABEB(2016),co2,solubility_molality,323.15,200.1,1,1,0,0,0,0,1.081,1.049,1.05531,0.0334086,4,0.0731906,0.0305052,1.05041,7,25,0.0291233,False,False,False
solubility,821,co2_part1,MESSABEB(2016),co2,solubility_molality,323.15,49.9,3,3,0,0,0,0,0.452,0.459288,0.459288,0.00747836,2,0.0230269,-0.015868,0.455484,4,17,-0.00764816,False,False,False
solubility,823,co2_part1,MESSABEB(2016),co2,solubility_molality,323.15,100.6,3,3,0,0,0,0,0.676,0.650047,0.650047,0.0140762,2,0.0306236,0.0399254,0.647955,6,26,0.0432829,False,False,False
solubility,825,co2_part1,MESSABEB(2016),co2,solubility_molality,323.15,149.7,3,3,0,0,0,0,0.713,0.722,0.722,0.0169706,2,0.033241,-0.0124654,0.704826,6,27,0.011597,False,False,False
solubility,827,co2_part1,MESSABEB(2016),co2,solubility_molality,323.15,199.6,3,3,0,0,0,0,0.779,0.757514,0.757514,0.0191121,2,0.0356807,0.0283634,0.748094,5,22,0.0413128,False,False,False
solubility,829,co2_part1,MESSABEB(2016),co2,solubility_molality,323.15,50.5,6,6,0,0,0,0,0.291,,,,0,,,0.301545,3,6,-0.0349685,False,False,False
solubility,833,co2_part1,MESSABEB(2016),co2,solubility_molality,323.15,149.9,6,6,0,0,0,0,0.484,0.498,0.498,,1,0,-0.0281124,0.496627,4,7,-0.0254264,False,False,False
solubility,835,co2_part1,MESSABEB(2016),co2,solubility_molality,323.15,200.4,6,6,0,0,0,0,0.509,,,,0,,,0.513361,5,9,-0.00849506,False,False,False
solubility,837,co2_part1,YAN(2011),co2,solubility_molality,323.2,50,1,1,0,0,0,0,0.667,0.62153,0.627765,0.0149687,4,0.0514859,0.0731585,0.629144,5,13,0.0601713,False,False,False
solubility,839,co2_part1,YAN(2011),co2,solubility_molality,323.2,100,1,1,0,0,0,0,0.961,0.927758,0.932629,0.0232196,4,0.0592827,0.03583,0.921937,6,19,0.0423701,False,False,False
solubility,841,co2_part1,YAN(2011),co2,solubility_molality,323.2,150,1,1,0,0,0,0,1.019,1.016,1.015,0.0275136,3,0.0541339,0.00295276,1.0041,7,21,0.0148377,False,False,False
solubility,843,co2_part1,YAN(2011),co2,solubility_molality,323.2,200,1,1,0,0,0,0,1.1,1.049,1.05056,0.0253033,4,0.0550782,0.0486177,1.0633,7,19,0.0345126,False,False,False
solubility,845,co2_part1,YAN(2011),co2,solubility_molality,323.2,300,1,1,0,0,0,0,1.159,1.134,1.134,0.00565685,2,0.00705467,0.0220459,1.13742,3,12,0.0189708,False,False,False
solubility,847,co2_part1,YAN(2011),co2,solubility_molality,323.2,400,1,1,0,0,0,0,1.227,1.28,1.28,,1,0,-0.0414062,1.27918,3,8,-0.0407955,False,False,False
solubility,849,co2_part1,YAN(2011),co2,solubility_molality,323.2,50,5,5,0,0,0,0,0.336,,,,0,,,0.318682,5,10,0.0543423,False,False,False
solubility,851,co2_part1,YAN(2011),co2,solubility_molality,323.2,100,5,5,0,0,0,0,0.49,,,,0,,,0.471754,6,11,0.038678,False,False,False
solubility,853,co2_part1,YAN(2011),co2,solubility_molality,323.2,150,5,5,0,0,0,0,0.553,0.551,0.551,,1,0,0.00362976,0.55094,5,10,0.00373898,False,False,False
solubility,855,co2_part1,YAN(2011),co2,solubility_molality,323.2,200,5,5,0,0,0,0,0.559,,,,0,,,0.572506,6,11,-0.0235914,False,False,False
solubility,861,co2_part1,ZHAO(2015),co2,solubility_molality,323.15,150,1,1,0,0,0,0,1.016,1.019,1.016,0.0276225,3,0.0539745,-0.00294406,1.00589,7,29,0.0100498,False,False,False
solubility,863,co2_part1,ZHAO(2015),co2,solubility_molality,323.15,150,2,2,0,0,0,0,0.859,0.826,0.826,,1,0,0.0399516,0.82619,4,25,0.0397119,False,False,False
solubility,865,co2_part1,ZHAO(2015),co2,solubility_molality,323.15,150,3,3,0,0,0,0,0.734,0.7115,0.7115,0.00212132,2,0.00421644,0.0316233,0.701741,6,28,0.0459694,False,False,False
solubility,867,co2_part1,ZHAO(2015),co2,solubility_molality,323.15,150,4,4,0,0,0,0,0.623,0.558992,0.558992,,1,0,0.114506,0.558113,3,7,0.116261,False,False,False
solubility,869,co2_part1,ZHAO(2015),co2,solubility_molality,323.15,150,5,5,0,0,0,0,0.551,0.553,0.553,,1,0,-0.00361664,0.547242,5,10,0.00686779,False,False,False
solubility,871,co2_part1,ZHAO(2015),co2,solubility_molality,323.15,150,6,6,0,0,0,0,0.498,0.484,0.484,,1,0,0.0289256,0.484801,4,7,0.0272258,False,False,False
solubility,881,co2_part1,ZHAOb(2015),co2,solubility_molality,323,150,0,4,4,0,0,0,0.88,0.737953,0.737953,,1,0,0.192489,,0,0,,False,False,False
solubility,893,co2_part1,TEYMOURI(2017),co2,solubility_molality,323.15,91.31,0,2.37,2.37,0,0,0,0.885383,,,,0,,,0.828338,3,8,0.0688661,False,False,False
solubility,905,co2_part1,ZHAOb(2015),co2,solubility_molality,323,150,0,2,0,1,0,0,0.853,0.8825,0.8825,0.00353553,2,0.00566572,-0.0334278,0.861703,4,7,-0.0101003,False,False,False
solubility,915,co2_part1,TEYMOURI(2017),co2,solubility_molality,323.15,135.9,0,2,0,1,0,0,0.788152,,,,0,,,0.860292,4,8,-0.0838549,False,False,False
solubility,945,co2_part1,MESSABEB(2017),co2,solubility_molality,323.15,100,0,2,0,1,0,0,0.829,,,,0,,,0.728422,2,5,0.138077,False,True,True
solubility,947,co2_part1,MESSABEB(2017),co2,solubility_molality,323.15,150.1,0,2,0,1,0,0,0.885,0.8665,0.8665,0.0190919,2,0.0311598,0.0213503,0.848536,4,6,0.0429731,False,False,False
solubility,949,co2_part1,MESSABEB(2017),co2,solubility_molality,323.15,199.8,0,2,0,1,0,0,0.914,,,,0,,,0.870331,4,4,0.0501757,False,False,False
solubility,969,co2_part1,ZHAOb(2015),co2,solubility_molality,323,150,0,2,0,0,1,0,0.834,0.84,0.84,,1,0,-0.00714286,,0,0,,False,False,False
solubility,1009,co2_part1,SANTOS(2021),co2,solubility_molality,323.15,150.4,0,2,0,0,1,0,0.84,0.834,0.834,,1,0,0.00719424,,0,0,,False,False,False
solubility,1031,co2_part1,ZHAOb(2015),co2,solubility_molality,323,150,2,0,0,0,0,1,0.716,0.717,0.717,,1,0,-0.0013947,,0,0,,False,False,False
solubility,1035,co2_part1,ZHAOb(2015),co2,solubility_molality,323,150,4,0,0,0,0,2,0.442,0.433,0.433,,1,0,0.0207852,,0,0,,False,False,False
solubility,1053,co2_part1,RUMPFb(1993),co2,solubility_molality,323.15,51.95,2.028,0,0,0,0,1.014,0.443,0.455,0.455,,1,0,-0.0263736,,0,0,,False,False,False
solubility,1063,co2_part1,SANTOS(2020),co2,solubility_molality,323.15,51,2,0,0,0,0,1,0.455,0.443,0.443,,1,0,0.027088,,0,0,,False,False,False
solubility,1067,co2_part1,SANTOS(2020),co2,solubility_molality,323.15,151.2,2,0,0,0,0,1,0.717,0.716,0.716,,1,0,0.00139665,,0,0,,False,False,False
solubility,1079,co2_part1,SANTOS(2020),co2,solubility_molality,323.15,151.2,4,0,0,0,0,2,0.433,0.442,0.442,,1,0,-0.020362,,0,0,,False,False,False
solubility,1123,co2_part1,BANDO(2003),co2,solubility_molality,333.15,100,0.17109,0.17109,0,0,0,0,1.00906,,,,0,,,0.94822,2,10,0.0641586,False,False,False
solubility,1125,co2_part1,BANDO(2003),co2,solubility_molality,333.15,150,0.17109,0.17109,0,0,0,0,1.11893,,,,0,,,1.15845,2,15,-0.0341134,False,False,False
solubility,1127,co2_part1,BANDO(2003),co2,solubility_molality,333.15,200,0.17109,0.17109,0,0,0,0,1.20016,,,,0,,,1.25763,2,13,-0.045695,False,False,False
solubility,1141,co2_part1,GUO(2015),co2,solubility_molality,333.15,100,1,1,0,0,0,0,0.854,0.835,0.835,,1,0,0.0227545,0.830826,4,22,0.0278926,False,False,False
solubility,1143,co2_part1,GUO(2015),co2,solubility_molality,333.15,200,1,1,0,0,0,0,1.009,0.998,0.998,,1,0,0.011022,0.999262,5,22,0.00974512,False,False,False
solubility,1145,co2_part1,GUO(2015),co2,solubility_molality,333.15,300,1,1,0,0,0,0,1.107,1.096,1.096,,1,0,0.0100365,1.09507,3,15,0.0108949,False,False,False
solubility,1147,co2_part1,GUO(2015),co2,solubility_molality,333.15,400,1,1,0,0,0,0,1.19,,,,0,,,1.19076,3,9,-0.000638384,False,False,False
solubility,1149,co2_part1,GUO(2015),co2,solubility_molality,333.15,100,3,3,0,0,0,0,0.597,0.601,0.601,,1,0,-0.00665557,0.598844,5,24,-0.0030786,False,False,False
solubility,1151,co2_part1,GUO(2015),co2,solubility_molality,333.15,200,3,3,0,0,0,0,0.723,0.717,0.717,,1,0,0.0083682,0.718878,4,20,0.00573325,False,False,False
solubility,1153,co2_part1,GUO(2015),co2,solubility_molality,333.15,300,3,3,0,0,0,0,0.805,0.782,0.782,,1,0,0.0294118,0.781607,2,10,0.0299291,False,False,False
solubility,1157,co2_part1,GUO(2015),co2,solubility_molality,333.15,100,5,5,0,0,0,0,0.491,,,,0,,,0.482137,4,7,0.0183824,False,False,False
solubility,1167,co2_part1,LIU(2021),co2,solubility_molality,333,41.3,0.17,0.17,0,0,0,0,0.548534,0.568248,0.568248,,1,0,-0.0346923,,0,0,,False,False,False
solubility,1169,co2_part1,LIU(2021),co2,solubility_molality,333,62,0.17,0.17,0,0,0,0,0.750363,0.75319,0.75319,,1,0,-0.00375356,,0,0,,False,False,False
solubility,1171,co2_part1,LIU(2021),co2,solubility_molality,333,82.7,0.17,0.17,0,0,0,0,0.89524,0.909363,0.909363,,1,0,-0.0155306,,0,0,,False,False,False
solubility,1175,co2_part1,LIU(2021),co2,solubility_molality,333,137.9,0.17,0.17,0,0,0,0,1.10306,1.17204,1.17204,,1,0,-0.058854,,0,0,,False,False,False
solubility,1177,co2_part1,LIU(2021),co2,solubility_molality,333,158.5,0.17,0.17,0,0,0,0,1.13204,1.17986,1.17986,,1,0,-0.0405282,,0,0,,False,False,False
solubility,1179,co2_part1,LIU(2021),co2,solubility_molality,333,172.3,0.17,0.17,0,0,0,0,1.15002,1.2246,1.2246,,1,0,-0.0609001,,0,0,,False,False,False
solubility,1183,co2_part1,LIU(2021),co2,solubility_molality,333,41.3,0.26,0.26,0,0,0,0,0.542539,0.55084,0.55084,,1,0,-0.0150686,,0,0,,False,False,False
solubility,1185,co2_part1,LIU(2021),co2,solubility_molality,333,62,0.26,0.26,0,0,0,0,0.748365,0.705077,0.705077,,1,0,0.0613943,,0,0,,False,False,False
solubility,1187,co2_part1,LIU(2021),co2,solubility_molality,333,82.7,0.26,0.26,0,0,0,0,0.882251,0.776444,0.776444,,1,0,0.136271,0.824775,2,8,0.0696873,False,False,False
solubility,1189,co2_part1,LIU(2021),co2,solubility_molality,333,103.3,0.26,0.26,0,0,0,0,0.988161,,,,0,,,0.978046,2,8,0.0103419,False,False,False
solubility,1191,co2_part1,LIU(2021),co2,solubility_molality,333,137.9,0.26,0.26,0,0,0,0,1.08508,1.05959,1.05959,,1,0,0.0240586,1.08504,2,15,3.18875e-05,False,False,False
solubility,1193,co2_part1,LIU(2021),co2,solubility_molality,333,158.5,0.26,0.26,0,0,0,0,1.11206,1.07181,1.07181,,1,0,0.0375513,1.11146,2,17,0.000532226,False,False,False
solubility,1195,co2_part1,LIU(2021),co2,solubility_molality,333,172.3,0.26,0.26,0,0,0,0,1.13104,1.07403,1.07403,,1,0,0.0530787,1.13915,2,17,-0.00711956,False,False,False
solubility,1197,co2_part1,LIU(2021),co2,solubility_molality,333,193,0.26,0.26,0,0,0,0,1.15602,,,,0,,,1.17913,2,17,-0.0195977,False,False,False
solubility,1199,co2_part1,LIU(2021),co2,solubility_molality,333,202.6,0.26,0.26,0,0,0,0,1.16901,,,,0,,,1.19995,2,15,-0.0257901,False,False,False
solubility,1413,co2_part1,GUO(2015),co2,solubility_molality,353.15,100,1,1,0,0,0,0,0.74,0.71,0.71,,1,0,0.0422535,0.711446,1,12,0.0401358,False,False,False
solubility,1415,co2_part1,GUO(2015),co2,solubility_molality,353.15,200,1,1,0,0,0,0,0.948,0.933,0.933,,1,0,0.0160772,0.93206,1,10,0.0171023,False,False,False
solubility,1417,co2_part1,GUO(2015),co2,solubility_molality,353.15,300,1,1,0,0,0,0,1.084,1.044,1.044,,1,0,0.0383142,1.0441,1,6,0.0382142,False,False,False
solubility,1421,co2_part1,GUO(2015),co2,solubility_molality,353.15,100,3,3,0,0,0,0,0.517,0.522,0.522,,1,0,-0.00957854,0.519599,2,14,-0.00500191,False,False,False
solubility,1423,co2_part1,GUO(2015),co2,solubility_molality,353.15,200,3,3,0,0,0,0,0.695,0.68,0.68,,1,0,0.0220588,0.67864,1,10,0.0241066,False,False,False
solubility,1425,co2_part1,GUO(2015),co2,solubility_molality,353.15,300,3,3,0,0,0,0,0.781,0.755,0.755,,1,0,0.0344371,0.754813,1,6,0.0346931,False,False,False
solubility,1461,co2_part1,LIU(2021),co2,solubility_molality,353,20.7,0.17,0.17,0,0,0,0,0.232802,0.219236,0.219236,,1,0,0.061882,,0,0,,False,False,False
solubility,1463,co2_part1,LIU(2021),co2,solubility_molality,353,41.3,0.17,0.17,0,0,0,0,0.433632,0.404983,0.404983,,1,0,0.0707414,,0,0,,False,False,False
solubility,1467,co2_part1,LIU(2021),co2,solubility_molality,353,82.7,0.17,0.17,0,0,0,0,0.840287,0.72306,0.72306,,1,0,0.162125,,0,0,,False,False,False
solubility,1471,co2_part1,LIU(2021),co2,solubility_molality,353,137.9,0.17,0.17,0,0,0,0,0.972175,1.01353,1.01353,,1,0,-0.0407987,,0,0,,False,False,False
solubility,1475,co2_part1,LIU(2021),co2,solubility_molality,353,172.3,0.17,0.17,0,0,0,0,1.0581,1.10195,1.10195,,1,0,-0.0397905,,0,0,,False,False,False
solubility,1479,co2_part1,LIU(2021),co2,solubility_molality,353,20.7,0.26,0.26,0,0,0,0,0.238797,0.188299,0.188299,,1,0,0.26818,,0,0,,False,False,False
solubility,1481,co2_part1,LIU(2021),co2,solubility_molality,353,41.3,0.26,0.26,0,0,0,0,0.432633,0.39229,0.39229,,1,0,0.102838,,0,0,,False,False,False
solubility,1485,co2_part1,LIU(2021),co2,solubility_molality,353,82.7,0.26,0.26,0,0,0,0,0.733377,0.686764,0.686764,,1,0,0.0678746,,0,0,,False,False,False
solubility,1487,co2_part1,LIU(2021),co2,solubility_molality,353,103.3,0.26,0.26,0,0,0,0,0.834292,0.804677,0.804677,,1,0,0.0368038,,0,0,,False,False,False
solubility,1491,co2_part1,LIU(2021),co2,solubility_molality,353,158.5,0.26,0.26,0,0,0,0,1.01014,1.08293,1.08293,,1,0,-0.067213,,0,0,,False,False,False
solubility,1509,co2_part1,KIEPE(2002),co2,solubility_molality,353.07,40.823,2.5,2.5,0,0,0,0,0.296884,,,,0,,,0.298788,1,12,-0.00637158,False,False,False
solubility,1511,co2_part1,KIEPE(2002),co2,solubility_molality,353.07,52.21,2.5,2.5,0,0,0,0,0.36879,,,,0,,,0.360126,1,16,0.0240572,False,False,False
solubility,1513,co2_part1,KIEPE(2002),co2,solubility_molality,353.07,64.697,2.5,2.5,0,0,0,0,0.441445,,,,0,,,0.419354,1,20,0.0526766,False,False,False
solubility,1515,co2_part1,KIEPE(2002),co2,solubility_molality,353.07,76.787,2.5,2.5,0,0,0,0,0.505243,,,,0,,,0.471309,2,21,0.0719999,False,False,False
solubility,1517,co2_part1,KIEPE(2002),co2,solubility_molality,353.07,100.61,2.5,2.5,0,0,0,0,0.612277,,,,0,,,0.556102,2,25,0.101016,False,False,False
solubility,1539,co2_part1,NIGHSWANDER(1989),co2,solubility_molality,353.45,40.4,0.172836,0.172836,0,0,0,0,0.414,0.404983,0.404983,,1,0,0.0222655,,0,0,,False,False,False
solubility,1777,co2_part1,GUO(2015),co2,solubility_molality,373.15,100,1,1,0,0,0,0,0.658,0.6755,0.6755,0.0106066,2,0.0222058,-0.0259067,,0,0,,False,False,False
solubility,1779,co2_part1,GUO(2015),co2,solubility_molality,373.15,200,1,1,0,0,0,0,0.937,0.9545,0.9545,0.0176777,2,0.0261917,-0.0183342,0.947392,5,8,-0.0109688,False,False,False
solubility,1781,co2_part1,GUO(2015),co2,solubility_molality,373.15,300,1,1,0,0,0,0,1.075,1.073,1.073,,1,0,0.00186393,,0,0,,False,False,False
solubility,1783,co2_part1,GUO(2015),co2,solubility_molality,373.15,400,1,1,0,0,0,0,1.177,1.195,1.195,,1,0,-0.0150628,,0,0,,False,False,False
solubility,1785,co2_part1,GUO(2015),co2,solubility_molality,373.15,100,3,3,0,0,0,0,0.467,0.491841,0.491841,0.000225553,2,0.000648545,-0.0505052,0.465223,4,6,0.00381953,False,False,False
solubility,1787,co2_part1,GUO(2015),co2,solubility_molality,373.15,200,3,3,0,0,0,0,0.681,0.717096,0.717096,0.0140059,2,0.0276217,-0.0503368,0.686232,6,10,-0.00762486,False,False,False
solubility,1793,co2_part1,GUO(2015),co2,solubility_molality,373.15,100,5,5,0,0,0,0,0.39,0.364,0.364,,1,0,0.0714286,,0,0,,False,False,False
solubility,1795,co2_part1,GUO(2015),co2,solubility_molality,373.15,200,5,5,0,0,0,0,0.547,0.578,0.578,,1,0,-0.0536332,0.57177,5,10,-0.0433208,False,False,False
solubility,1797,co2_part1,GUO(2015),co2,solubility_molality,373.15,300,5,5,0,0,0,0,0.618,0.64,0.64,,1,0,-0.034375,,0,0,,False,False,False
solubility,1799,co2_part1,GUO(2015),co2,solubility_molality,373.15,400,5,5,0,0,0,0,0.68,0.636,0.636,,1,0,0.0691824,,0,0,,False,False,False
solubility,1801,co2_part1,KOSCHEL(2006),co2,solubility_molality,373.1,50.7,1,1,0,0,0,0,0.335061,0.402,0.402,0.0367696,2,0.129353,-0.166515,,0,0,,True,False,True
solubility,1805,co2_part1,KOSCHEL(2006),co2,solubility_molality,373.1,191.4,1,1,0,0,0,0,0.90831,,,,0,,,0.920893,5,8,-0.013664,False,False,False
solubility,1807,co2_part1,KOSCHEL(2006),co2,solubility_molality,373.1,50.4,3,3,0,0,0,0,0.239717,0.289,0.289,,1,0,-0.170529,,0,0,,False,False,False
solubility,1809,co2_part1,KOSCHEL(2006),co2,solubility_molality,373.1,102.9,3,3,0,0,0,0,0.447649,,,,0,,,0.488582,5,6,-0.0837803,False,False,False
solubility,1811,co2_part1,KOSCHEL(2006),co2,solubility_molality,373.1,190.2,3,3,0,0,0,0,0.628736,,,,0,,,0.687183,6,10,-0.085052,False,False,False
solubility,1869,co2_part1,MESSABEB(2016),co2,solubility_molality,373.15,50.1,1,1,0,0,0,0,0.376,0.38153,0.38153,0.0657178,2,0.243595,-0.0144955,,0,0,,False,False,False
solubility,1871,co2_part1,MESSABEB(2016),co2,solubility_molality,373.15,100.8,1,1,0,0,0,0,0.668,0.6705,0.6705,0.0176777,2,0.0372856,-0.00372856,,0,0,,False,False,False
solubility,1873,co2_part1,MESSABEB(2016),co2,solubility_molality,373.15,150.2,1,1,0,0,0,0,0.85,0.832,0.832,0.00565685,2,0.00961538,0.0216346,0.828523,5,8,0.0259217,False,False,False
solubility,1875,co2_part1,MESSABEB(2016),co2,solubility_molality,373.15,199.6,1,1,0,0,0,0,0.942,0.952,0.952,0.0212132,2,0.0315126,-0.0105042,0.944476,5,7,-0.002622,False,False,False
solubility,1877,co2_part1,MESSABEB(2016),co2,solubility_molality,373.15,50.8,3,3,0,0,0,0,0.289,0.239717,0.239717,,1,0,0.205588,,0,0,,False,False,False
solubility,1879,co2_part1,MESSABEB(2016),co2,solubility_molality,373.15,100.7,3,3,0,0,0,0,0.492,0.479341,0.479341,0.0174521,2,0.0514895,0.0264102,0.454722,4,6,0.0819792,False,False,False
solubility,1881,co2_part1,MESSABEB(2016),co2,solubility_molality,373.15,150.1,3,3,0,0,0,0,0.609,0.629331,0.629331,0.0160239,2,0.0360084,-0.0323051,0.623211,6,9,-0.0228034,False,False,False
solubility,1883,co2_part1,MESSABEB(2016),co2,solubility_molality,373.15,201.6,3,3,0,0,0,0,0.727,0.694096,0.694096,0.018521,2,0.0377363,0.0474051,0.664719,6,9,0.0936951,False,False,False
solubility,1889,co2_part1,MESSABEB(2016),co2,solubility_molality,373.15,150.1,6,6,0,0,0,0,0.408,0.427,0.427,,1,0,-0.0444965,0.426748,4,7,-0.0439322,False,False,False
solubility,1891,co2_part1,MESSABEB(2016),co2,solubility_molality,373.15,201.6,6,6,0,0,0,0,0.471,,,,0,,,0.492574,4,6,-0.0437994,False,False,False
solubility,1893,co2_part1,YAN(2011),co2,solubility_molality,373.2,50,1,1,0,0,0,0,0.428,0.35553,0.35553,0.0289483,2,0.115149,0.203835,,0,0,,True,False,True
solubility,1895,co2_part1,YAN(2011),co2,solubility_molality,373.2,100,1,1,0,0,0,0,0.683,0.663,0.663,0.00707107,2,0.015083,0.0301659,,0,0,,False,False,False
solubility,1897,co2_part1,YAN(2011),co2,solubility_molality,373.2,150,1,1,0,0,0,0,0.828,0.843,0.843,0.00989949,2,0.0166074,-0.0177936,,0,0,,False,False,False
solubility,1899,co2_part1,YAN(2011),co2,solubility_molality,373.2,200,1,1,0,0,0,0,0.967,0.9395,0.9395,0.00353553,2,0.00532198,0.0292709,,0,0,,False,False,False
solubility,1901,co2_part1,YAN(2011),co2,solubility_molality,373.2,300,1,1,0,0,0,0,1.073,1.075,1.075,,1,0,-0.00186047,,0,0,,False,False,False
solubility,1903,co2_part1,YAN(2011),co2,solubility_molality,373.2,400,1,1,0,0,0,0,1.195,1.177,1.177,,1,0,0.0152931,,0,0,,False,False,False
solubility,1907,co2_part1,YAN(2011),co2,solubility_molality,373.2,100,5,5,0,0,0,0,0.364,0.39,0.39,,1,0,-0.0666667,,0,0,,False,False,False
solubility,1909,co2_part1,YAN(2011),co2,solubility_molality,373.2,150,5,5,0,0,0,0,0.481,0.469,0.469,,1,0,0.0255864,0.462054,5,11,0.0410043,False,False,False
solubility,1911,co2_part1,YAN(2011),co2,solubility_molality,373.2,200,5,5,0,0,0,0,0.578,0.547,0.547,,1,0,0.0566728,0.538711,5,9,0.0729307,False,False,False
solubility,1913,co2_part1,YAN(2011),co2,solubility_molality,373.2,300,5,5,0,0,0,0,0.64,0.618,0.618,,1,0,0.0355987,,0,0,,False,False,False
solubility,1915,co2_part1,YAN(2011),co2,solubility_molality,373.2,400,5,5,0,0,0,0,0.636,0.68,0.68,,1,0,-0.0647059,,0,0,,False,False,False
solubility,1917,co2_part1,ZHAO(2015),co2,solubility_molality,373.15,150,1,1,0,0,0,0,0.836,0.839,0.839,0.0155563,2,0.0262217,-0.00357569,0.837946,5,9,-0.00232178,False,False,False
solubility,1921,co2_part1,ZHAO(2015),co2,solubility_molality,373.15,150,3,3,0,0,0,0,0.618,0.624831,0.624831,0.0223878,2,0.0506716,-0.0109319,0.619906,6,10,-0.00307532,False,False,False
solubility,1923,co2_part1,ZHAO(2015),co2,solubility_molality,373.15,150,4,4,0,0,0,0,0.527,0.479819,0.479819,,1,0,0.0983301,0.475699,3,6,0.107843,False,False,False
solubility,1925,co2_part1,ZHAO(2015),co2,solubility_molality,373.15,150,5,5,0,0,0,0,0.469,0.481,0.481,,1,0,-0.024948,0.471279,5,10,-0.00483604,False,False,False
solubility,1927,co2_part1,ZHAO(2015),co2,solubility_molality,373.15,150,6,6,0,0,0,0,0.427,0.408,0.408,,1,0,0.0465686,0.407506,4,7,0.0478379,False,False,False
solubility,1953,co2_part1,KAMP(2007),co2,solubility_molality,373.05,90.31,0,4,4,0,0,0,0.507,0.423404,0.423404,,1,0,0.197438,,0,0,,False,False,False
solubility,1963,co2_part1,ZHAOb(2015),co2,solubility_molality,373,150,0,4,4,0,0,0,0.683,0.582221,0.582221,,1,0,0.173094,,0,0,,False,False,False
solubility,1979,co2_part1,TEYMOURI(2017),co2,solubility_molality,373.15,117.24,0,3.7833,3.7833,0,0,0,0.645773,,,,0,,,0.512507,3,7,0.260029,False,True,True
solubility,2041,co2_part1,ZHAOb(2015),co2,solubility_molality,373,150,0,2,0,1,0,0,0.683,0.715,0.715,,1,0,-0.0447552,,0,0,,False,False,False
solubility,2045,co2_part1,ZHAOb(2015),co2,solubility_molality,373,150,0,4,0,2,0,0,0.491,,,,0,,,0.48649,3,6,0.00927092,False,False,False
solubility,2053,co2_part1,TEYMOURI(2017),co2,solubility_molality,373.15,284.83,0,2,0,1,0,0,0.828148,0.872179,0.872179,,1,0,-0.0504842,,0,0,,False,False,False
solubility,2085,co2_part1,MESSABEB(2017),co2,solubility_molality,373.15,151.7,0,2,0,1,0,0,0.715,0.683,0.683,,1,0,0.0468521,,0,0,,False,False,False
solubility,2109,co2_part1,PRUTTON(1945),co2,solubility_molality,374.15,121.59,0,2.0246,0,1.0123,0,0,0.640057,,,,0,,,0.593049,3,4,0.0792648,False,False,False
solubility,2113,co2_part1,PRUTTON(1945),co2,solubility_molality,374.15,289.789,0,2.0246,0,1.0123,0,0,0.872179,0.828148,0.828148,,1,0,0.0531683,,0,0,,False,False,False
solubility,2117,co2_part1,PRUTTON(1945),co2,solubility_molality,374.15,399.221,0,2.0246,0,1.0123,0,0,0.96558,,,,0,,,0.926434,2,4,0.0422547,False,False,False
solubility,2163,co2_part1,SANTOS(2021),co2,solubility_molality,373.15,152,0,2,0,0,1,0,0.685,0.664,0.664,,1,0,0.0316265,,0,0,,False,False,False
solubility,2213,co2_part1,ZHAOb(2015),co2,solubility_molality,373,150,0,2,0,0,1,0,0.664,0.685,0.685,,1,0,-0.0306569,,0,0,,False,False,False
solubility,2269,co2_part1,ZHAOb(2015),co2,solubility_molality,373,150,2,0,0,0,0,1,0.617,0.625,0.625,,1,0,-0.0128,,0,0,,False,False,False
solubility,2273,co2_part1,ZHAOb(2015),co2,solubility_molality,373,150,4,0,0,0,0,2,0.395,0.399,0.399,,1,0,-0.0100251,,0,0,,False,False,False
solubility,2283,co2_part1,SANTOS(2020),co2,solubility_molality,373.15,151,2,0,0,0,0,1,0.625,0.617,0.617,,1,0,0.012966,,0,0,,False,False,False
solubility,2295,co2_part1,SANTOS(2020),co2,solubility_molality,373.15,151.5,4,0,0,0,0,2,0.399,0.395,0.395,,1,0,0.0101266,,0,0,,False,False,False
solubility,2451,co2_part1,GUO(2015),co2,solubility_molality,413.15,100,1,1,0,0,0,0,0.592,0.575,0.575,,1,0,0.0295652,,0,0,,False,False,False
solubility,2453,co2_part1,GUO(2015),co2,solubility_molality,413.15,200,1,1,0,0,0,0,0.935,0.962,0.962,,1,0,-0.0280665,,0,0,,False,False,False
solubility,2455,co2_part1,GUO(2015),co2,solubility_molality,413.15,300,1,1,0,0,0,0,1.16,1.241,1.241,,1,0,-0.0652699,,0,0,,False,False,False
solubility,2457,co2_part1,GUO(2015),co2,solubility_molality,413.15,400,1,1,0,0,0,0,1.313,1.284,1.284,,1,0,0.0225857,,0,0,,False,False,False
solubility,2467,co2_part1,GUO(2015),co2,solubility_molality,413.15,100,5,5,0,0,0,0,0.345,0.324,0.324,,1,0,0.0648148,0.32415,5,7,0.0643234,False,False,False
solubility,2469,co2_part1,GUO(2015),co2,solubility_molality,413.15,200,5,5,0,0,0,0,0.535,0.593,0.593,,1,0,-0.0978078,,0,0,,False,False,False
solubility,2471,co2_part1,GUO(2015),co2,solubility_molality,413.15,300,5,5,0,0,0,0,0.657,0.625,0.625,,1,0,0.0512,,0,0,,False,False,False
solubility,2473,co2_part1,GUO(2015),co2,solubility_molality,413.15,400,5,5,0,0,0,0,0.731,0.713,0.713,,1,0,0.0252454,,0,0,,False,False,False
solubility,2493,co2_part1,YAN(2011),co2,solubility_molality,413.2,100,1,1,0,0,0,0,0.575,0.592,0.592,,1,0,-0.0287162,,0,0,,False,False,False
solubility,2497,co2_part1,YAN(2011),co2,solubility_molality,413.2,200,1,1,0,0,0,0,0.962,0.935,0.935,,1,0,0.028877,,0,0,,False,False,False
solubility,2499,co2_part1,YAN(2011),co2,solubility_molality,413.2,300,1,1,0,0,0,0,1.241,1.16,1.16,,1,0,0.0698276,,0,0,,False,False,False
solubility,2501,co2_part1,YAN(2011),co2,solubility_molality,413.2,400,1,1,0,0,0,0,1.284,1.313,1.313,,1,0,-0.0220868,,0,0,,False,False,False
solubility,2505,co2_part1,YAN(2011),co2,solubility_molality,413.2,100,5,5,0,0,0,0,0.324,0.345,0.345,,1,0,-0.0608696,0.344707,5,7,-0.0600704,False,False,False
solubility,2507,co2_part1,YAN(2011),co2,solubility_molality,413.2,150,5,5,0,0,0,0,0.462,,,,0,,,0.46826,5,10,-0.0133694,False,False,False
solubility,2509,co2_part1,YAN(2011),co2,solubility_molality,413.2,200,5,5,0,0,0,0,0.593,0.535,0.535,,1,0,0.108411,0.534901,6,10,0.108616,False,False,False
solubility,2511,co2_part1,YAN(2011),co2,solubility_molality,413.2,300,5,5,0,0,0,0,0.625,0.657,0.657,,1,0,-0.0487062,0.657438,3,6,-0.0493397,False,False,False
solubility,2513,co2_part1,YAN(2011),co2,solubility_molality,413.2,400,5,5,0,0,0,0,0.713,0.731,0.731,,1,0,-0.0246238,0.731388,3,7,-0.0251415,False,False,False
solubility,2571,co2_part1,MESSABEB(2016),co2,solubility_molality,423.15,150.5,1,1,0,0,0,0,0.804,0.8,0.8,,1,0,0.005,0.801505,4,6,0.00311307,False,False,False
solubility,2579,co2_part1,MESSABEB(2016),co2,solubility_molality,423.15,149.6,3,3,0,0,0,0,0.57,0.566,0.566,,1,0,0.00706714,0.564844,3,6,0.00912823,False,False,False
solubility,2587,co2_part1,MESSABEB(2016),co2,solubility_molality,423.15,149.6,6,6,0,0,0,0,0.379,0.39,0.39,,1,0,-0.0282051,,0,0,,False,False,False
solubility,2589,co2_part1,MESSABEB(2016),co2,solubility_molality,423.15,202.1,6,6,0,0,0,0,0.463,,,,0,,,0.505527,4,7,-0.0841234,False,False,False
solubility,2603,co2_part1,TAKENOUSHI(1965),co2,solubility_molality,423.15,100,1.09,1.09,0,0,0,0,0.619374,,,,0,,,0.573555,3,4,0.0798867,False,False,False
solubility,2605,co2_part1,TAKENOUSHI(1965),co2,solubility_molality,423.15,200,1.09,1.09,0,0,0,0,1.00655,,,,0,,,0.9597,4,7,0.0488122,False,False,False
solubility,2607,co2_part1,TAKENOUSHI(1965),co2,solubility_molality,423.15,300,1.09,1.09,0,0,0,0,1.19139,,,,0,,,1.248,2,6,-0.0453618,False,False,False
solubility,2609,co2_part1,TAKENOUSHI(1965),co2,solubility_molality,423.15,400,1.09,1.09,0,0,0,0,1.32508,,,,0,,,1.33334,2,6,-0.00620143,False,False,False
solubility,2621,co2_part1,TAKENOUSHI(1965),co2,solubility_molality,423.15,100,4.27,4.27,0,0,0,0,0.257781,,,,0,,,0.341021,4,6,-0.244089,False,True,True
solubility,2623,co2_part1,TAKENOUSHI(1965),co2,solubility_molality,423.15,200,4.27,4.27,0,0,0,0,0.461508,,,,0,,,0.587397,5,9,-0.214317,False,True,True
solubility,2639,co2_part1,ZHAO(2015),co2,solubility_molality,423.15,150,1,1,0,0,0,0,0.8,0.804,0.804,,1,0,-0.00497512,0.802336,4,7,-0.00291171,False,False,False
solubility,2641,co2_part1,ZHAO(2015),co2,solubility_molality,423.15,150,2,2,0,0,0,0,0.647,,,,0,,,0.566921,1,3,0.141253,False,False,False
solubility,2643,co2_part1,ZHAO(2015),co2,solubility_molality,423.15,150,3,3,0,0,0,0,0.566,0.57,0.57,,1,0,-0.00701754,0.571129,3,7,-0.00898011,False,False,False
solubility,2645,co2_part1,ZHAO(2015),co2,solubility_molality,423.15,150,4,4,0,0,0,0,0.498,0.472479,0.472479,,1,0,0.0540153,0.471761,4,8,0.0556195,False,False,False
solubility,2647,co2_part1,ZHAO(2015),co2,solubility_molality,423.15,150,5,5,0,0,0,0,0.44,,,,0,,,0.417804,5,10,0.0531253,False,False,False
solubility,2649,co2_part1,ZHAO(2015),co2,solubility_molality,423.15,150,6,6,0,0,0,0,0.39,0.379,0.379,,1,0,0.0290237,0.379674,3,6,0.0271967,False,False,False
solubility,2657,co2_part1,TEYMOURI(2017),co2,solubility_molality,423.15,379.31,3.0195,3.0195,0,0,0,0,0.936994,,,,0,,,0.913695,1,4,0.0255001,False,False,False
solubility,2661,co2_part1,TEYMOURI(2017),co2,solubility_molality,423.15,229.66,4.82,4.82,0,0,0,0,0.651455,,,,0,,,0.316682,5,10,1.05713,False,True,True
solubility,2663,co2_part1,TEYMOURI(2017),co2,solubility_molality,423.15,409.66,4.82,4.82,0,0,0,0,0.816715,,,,0,,,0.751266,3,9,0.0871174,False,False,False
solubility,2665,co2_part1,TEYMOURI(2017),co2,solubility_molality,423.15,544.83,4.82,4.82,0,0,0,0,0.8682,,,,0,,,0.908404,3,6,-0.0442578,False,False,False
solubility,2675,co2_part1,ZHAOb(2015),co2,solubility_molality,423,150,0,4,4,0,0,0,0.593,0.527862,0.527862,,1,0,0.1234,,0,0,,False,False,False
solubility,2697,co2_part1,ZHAOb(2015),co2,solubility_molality,423,150,0,2,0,1,0,0,0.632,0.658,0.658,,1,0,-0.0395137,,0,0,,False,False,False
solubility,2725,co2_part1,MESSABEB(2017),co2,solubility_molality,423.15,151.2,0,2,0,1,0,0,0.658,0.632,0.632,,1,0,0.0411392,,0,0,,False,False,False
solubility,2765,co2_part1,ZHAOb(2015),co2,solubility_molality,423,150,0,2,0,0,1,0,0.618,0.619,0.619,,1,0,-0.00161551,,0,0,,False,False,False
solubility,2811,co2_part1,SANTOS(2021),co2,solubility_molality,423.15,150.8,0,2,0,0,1,0,0.619,0.618,0.618,,1,0,0.00161812,,0,0,,False,False,False
solubility,2825,co2_part1,ZHAOb(2015),co2,solubility_molality,423,150,2,0,0,0,0,1,0.611,0.626,0.626,,1,0,-0.0239617,,0,0,,False,False,False
solubility,2829,co2_part1,ZHAOb(2015),co2,solubility_molality,423,150,4,0,0,0,0,2,0.389,0.398,0.398,,1,0,-0.0226131,,0,0,,False,False,False
solubility,2839,co2_part1,SANTOS(2020),co2,solubility_molality,423.15,151.5,2,0,0,0,0,1,0.626,0.611,0.611,,1,0,0.0245499,,0,0,,False,False,False
solubility,2847,co2_part1,SANTOS(2020),co2,solubility_molality,423.15,51.5,4,0,0,0,0,2,0.164,,,,0,,,0.163492,1,4,0.00310708,False,False,False
solubility,2851,co2_part1,SANTOS(2020),co2,solubility_molality,423.15,151.5,4,0,0,0,0,2,0.398,0.389,0.389,,1,0,0.0231362,,0,0,,False,False,False
solubility,2983,co2_part1,GUO(2015),co2,solubility_molality,473.15,400,1,1,0,0,0,0,1.691,,,,0,,,1.67622,1,3,0.00881879,False,False,False
solubility,3694,co2_mixed_brines,PORTIER_2005,co2,solubility_molality,310.15,120,0.448,0.528,0.006,0.011,0.026,0,1.07109,,,,0,,,1.15586,1,4,-0.0733381,False,False,False
solubility,3696,co2_mixed_brines,PORTIER_2005,co2,solubility_molality,310.15,120,0.448,0.528,0.006,0.011,0.026,0,1.182,,,,0,,,1.15586,1,4,0.0226129,False,False,False
solubility,3698,co2_mixed_brines,PORTIER_2005,co2,solubility_molality,310.15,120,0.448,0.528,0.006,0.011,0.026,0,1.15102,,,,0,,,1.15586,1,4,-0.00418422,False,False,False
solubility,3700,co2_mixed_brines,PORTIER_2005,co2,solubility_molality,310.15,120,0.448,0.528,0.006,0.011,0.026,0,1.12005,,,,0,,,1.15586,1,4,-0.0309813,False,False,False
solubility,3850,co2_mixed_brines,PORTIER_2005,co2,solubility_molality,323.15,120,0.448,0.528,0.006,0.011,0.026,0,1.10406,,,,0,,,1.04557,1,6,0.0559437,False,False,False
solubility,3852,co2_mixed_brines,PORTIER_2005,co2,solubility_molality,323.15,120,0.448,0.528,0.006,0.011,0.026,0,1.08408,,,,0,,,1.04557,1,6,0.0368316,False,False,False
solubility,4250,co2_water_binary,Valtz,co2,solubility_molality,278.22,10.16,0,0,0,0,0,0,0.623627,0.591463,0.591463,,1,0,0.0543802,0.586713,3,7,0.0629168,False,False,False
solubility,4252,co2_water_binary,Valtz,co2,solubility_molality,278.22,13.22,0,0,0,0,0,0,0.789865,,,,0,,,0.769923,3,9,0.025901,False,False,False
solubility,4254,co2_water_binary,Valtz,co2,solubility_molality,278.22,16.74,0,0,0,0,0,0,0.986975,,,,0,,,0.900818,4,13,0.0956432,False,False,False
solubility,4256,co2_water_binary,Valtz,co2,solubility_molality,278.22,20.31,0,0,0,0,0,0,1.1415,1.02771,1.02771,0.00993573,2,0.0136723,0.110713,1.02158,4,10,0.11738,False,False,False
solubility,4278,co2_water_binary,Valtz,co2,solubility_molality,288.26,11.03,0,0,0,0,0,0,0.485467,,,,0,,,0.445812,5,7,0.0889505,False,False,False
solubility,4280,co2_water_binary,Valtz,co2,solubility_molality,288.26,19.41,0,0,0,0,0,0,0.807572,,,,0,,,0.773386,8,18,0.0442025,False,False,False
solubility,4282,co2_water_binary,Valtz,co2,solubility_molality,288.26,27.77,0,0,0,0,0,0,1.06471,,,,0,,,1.03994,7,20,0.023818,False,False,False
solubility,4284,co2_water_binary,Valtz,co2,solubility_molality,288.26,37.19,0,0,0,0,0,0,1.33177,,,,0,,,1.22713,8,19,0.0852695,False,False,False
solubility,4286,co2_water_binary,Valtz,co2,solubility_molality,288.26,46.01,0,0,0,0,0,0,1.52449,,,,0,,,1.36781,9,17,0.114545,False,False,False
solubility,4288,co2_water_binary,Valtz,co2,solubility_molality,288.26,50.59,0,0,0,0,0,0,1.59725,,,,0,,,1.4264,8,15,0.119773,False,False,False
solubility,4290,co2_water_binary,king,co2,solubility_molality,288.15,60.8,0,0,0,0,0,0,1.5157,,,,0,,,1.53086,7,15,-0.00990418,False,False,False
solubility,4292,co2_water_binary,king,co2,solubility_molality,288.15,76,0,0,0,0,0,0,1.55732,,,,0,,,1.56454,3,12,-0.00461481,False,False,False
solubility,4294,co2_water_binary,king,co2,solubility_molality,288.15,101.3,0,0,0,0,0,0,1.57376,1.577,1.577,,1,0,-0.00205707,1.57449,3,12,-0.000466661,False,False,False
solubility,4296,co2_water_binary,king,co2,solubility_molality,288.15,131.7,0,0,0,0,0,0,1.62252,,,,0,,,1.62478,3,12,-0.00139121,False,False,False
solubility,4298,co2_water_binary,king,co2,solubility_molality,288.15,152,0,0,0,0,0,0,1.64958,,,,0,,,1.65287,3,11,-0.00198953,False,False,False
solubility,4300,co2_water_binary,king,co2,solubility_molality,288.15,177.3,0,0,0,0,0,0,1.69317,,,,0,,,1.68827,3,11,0.00289867,False,False,False
solubility,4302,co2_water_binary,king,co2,solubility_molality,288.15,202.7,0,0,0,0,0,0,1.72443,1.723,1.723,,1,0,0.000827688,,0,0,,False,False,False
solubility,4304,co2_water_binary,king,co2,solubility_molality,288.15,243.2,0,0,0,0,0,0,1.75808,,,,0,,,1.75487,3,15,0.00182842,False,False,False
solubility,4306,co2_water_binary,Guo,co2,solubility_molality,288.15,100,0,0,0,0,0,0,1.577,1.57376,1.57376,,1,0,0.00206131,1.57869,3,15,-0.00107306,False,False,False
solubility,4308,co2_water_binary,Guo,co2,solubility_molality,288.15,200,0,0,0,0,0,0,1.723,1.72443,1.72443,,1,0,-0.000827004,1.71621,3,15,0.00395641,False,False,False
solubility,4310,co2_water_binary,Guo,co2,solubility_molality,288.15,300,0,0,0,0,0,0,1.807,,,,0,,,1.79059,2,4,0.00916597,False,False,False
solubility,4314,co2_water_binary,king,co2,solubility_molality,293.15,76,0,0,0,0,0,0,1.4601,,,,0,,,1.48187,6,24,-0.0146913,False,False,False
solubility,4316,co2_water_binary,king,co2,solubility_molality,293.15,101.3,0,0,0,0,0,0,1.49638,,,,0,,,1.51202,5,25,-0.0103469,False,False,False
solubility,4318,co2_water_binary,king,co2,solubility_molality,293.15,152,0,0,0,0,0,0,1.56554,,,,0,,,1.61958,5,23,-0.0333665,False,False,False
solubility,4320,co2_water_binary,king,co2,solubility_molality,293.15,177.3,0,0,0,0,0,0,1.60312,,,,0,,,1.63624,5,22,-0.020241,False,False,False
solubility,4322,co2_water_binary,king,co2,solubility_molality,293.15,202.7,0,0,0,0,0,0,1.62664,1.625,1.625,,1,0,0.00100644,1.64079,5,20,-0.00862596,False,False,False
solubility,4324,co2_water_binary,Guo,co2,solubility_molality,293.15,200,0,0,0,0,0,0,1.625,1.62664,1.62664,,1,0,-0.00100542,1.64316,5,26,-0.0110538,False,False,False
solubility,4326,co2_water_binary,Guo,co2,solubility_molality,293.15,300,0,0,0,0,0,0,1.707,,,,0,,,1.73685,4,10,-0.0171884,False,False,False
solubility,4328,co2_water_binary,Guo,co2,solubility_molality,293.15,400,0,0,0,0,0,0,1.792,,,,0,,,1.7689,3,5,0.0130607,False,False,False
solubility,4336,co2_water_binary,HOU,co2,solubility_molality,298.15,16.66,0,0,0,0,0,0,0.496766,,,,0,,,0.492295,7,19,0.00908125,False,False,False
solubility,4338,co2_water_binary,HOU,co2,solubility_molality,298.15,32.6,0,0,0,0,0,0,0.8682,,,,0,,,0.927291,9,30,-0.0637239,False,False,False
solubility,4340,co2_water_binary,HOU,co2,solubility_molality,298.15,63.9,0,0,0,0,0,0,1.41395,,,,0,,,1.32441,10,38,0.0676096,False,False,False
solubility,4342,co2_water_binary,HOU,co2,solubility_molality,298.15,101.8,0,0,0,0,0,0,1.4993,1.42913,1.42589,0.0082324,3,0.010828,0.0491001,1.42686,7,35,0.0507715,False,False,False
solubility,4344,co2_water_binary,HOU,co2,solubility_molality,298.15,134.4,0,0,0,0,0,0,1.58843,,,,0,,,1.46959,7,35,0.0808699,False,False,False
solubility,4346,co2_water_binary,HOU,co2,solubility_molality,298.15,175.5,0,0,0,0,0,0,1.68374,1.5239,1.5239,,1,0,0.104884,1.52242,7,36,0.105958,False,False,False
solubility,4348,co2_water_binary,king,co2,solubility_molality,298.15,76,0,0,0,0,0,0,1.3912,1.39065,1.39065,,1,0,0.000393541,1.3929,7,30,-0.00122435,False,False,False
solubility,4350,co2_water_binary,king,co2,solubility_molality,298.15,101.3,0,0,0,0,0,0,1.42913,1.432,1.44928,0.0440103,3,0.057806,-0.00200212,1.44131,7,31,-0.00845132,False,False,False
solubility,4352,co2_water_binary,king,co2,solubility_molality,298.15,152,0,0,0,0,0,0,1.4835,,,,0,,,1.54797,7,29,-0.041647,False,False,False
solubility,4354,co2_water_binary,king,co2,solubility_molality,298.15,177.3,0,0,0,0,0,0,1.5239,1.68374,1.68374,,1,0,-0.0949278,1.55344,7,27,-0.019016,False,False,False
solubility,4356,co2_water_binary,king,co2,solubility_molality,298.15,202.7,0,0,0,0,0,0,1.56026,1.568,1.568,,1,0,-0.00493746,1.56906,7,24,-0.00561134,False,False,False
solubility,4358,co2_water_binary,Valtz,co2,solubility_molality,298.28,5.04,0,0,0,0,0,0,0.174846,,,,0,,,0.167932,3,5,0.0411668,False,False,False
solubility,4360,co2_water_binary,Valtz,co2,solubility_molality,298.28,10.07,0,0,0,0,0,0,0.342927,0.329443,0.329443,,1,0,0.0409293,0.326633,4,7,0.0498848,False,False,False
solubility,4362,co2_water_binary,Valtz,co2,solubility_molality,298.28,14.96,0,0,0,0,0,0,0.496766,,,,0,,,0.438363,7,15,0.13323,False,True,True
solubility,4364,co2_water_binary,Valtz,co2,solubility_molality,298.28,24.83,0,0,0,0,0,0,0.763041,,,,0,,,0.717215,9,27,0.0638941,False,False,False
solubility,4366,co2_water_binary,Valtz,co2,solubility_molality,298.28,34.91,0,0,0,0,0,0,1.00135,,,,0,,,0.959358,9,26,0.0437751,False,False,False
solubility,4368,co2_water_binary,Valtz,co2,solubility_molality,298.28,44.92,0,0,0,0,0,0,1.18431,0.933889,0.933889,,1,0,0.26815,1.11732,10,27,0.0599601,False,False,False
solubility,4370,co2_water_binary,Valtz,co2,solubility_molality,298.28,55.24,0,0,0,0,0,0,1.32013,,,,0,,,1.26776,10,33,0.0413076,False,False,False
solubility,4372,co2_water_binary,Guo,co2,solubility_molality,298.15,100,0,0,0,0,0,0,1.432,1.42913,1.44832,0.0446002,3,0.0579219,0.00200614,1.43384,7,36,-0.00128047,False,False,False
solubility,4374,co2_water_binary,Guo,co2,solubility_molality,298.15,200,0,0,0,0,0,0,1.568,1.56026,1.56026,,1,0,0.00496195,1.55742,7,31,0.00679378,False,False,False
solubility,4376,co2_water_binary,Guo,co2,solubility_molality,298.15,300,0,0,0,0,0,0,1.65,,,,0,,,1.63911,5,13,0.00664335,False,False,False
solubility,4378,co2_water_binary,Guo,co2,solubility_molality,298.15,400,0,0,0,0,0,0,1.734,1.72303,1.72303,,1,0,0.00636655,1.73105,4,9,0.00170249,False,False,False
solubility,4380,co2_water_binary,Guo,co2,solubility_molality,298.15,500,0,0,0,0,0,0,1.856,,,,0,,,1.80622,1,5,0.0275581,False,False,False
solubility,4384,co2_water_binary,Valtz,co2,solubility_molality,304,25,0,0,0,0,0,0,0.617384,0.63264,0.63264,,1,0,-0.0241153,0.62226,9,27,-0.0078358,False,False,False
solubility,4386,co2_water_binary,Valtz,co2,solubility_molality,304,51,0,0,0,0,0,0,1.01747,1.08123,1.08123,0.00533753,2,0.00698134,-0.0589697,1.09446,10,35,-0.0703453,False,False,False
solubility,4388,co2_water_binary,Valtz,co2,solubility_molality,304,102,0,0,0,0,0,0,1.39995,1.35002,1.35002,0.005633,2,0.00590087,0.0369842,1.35433,9,48,0.0336816,False,False,False
solubility,4390,co2_water_binary,Valtz,co2,solubility_molality,304,204,0,0,0,0,0,0,1.52273,1.45924,1.45924,0.00458121,2,0.00443985,0.0435109,1.47824,8,36,0.0300969,False,False,False
solubility,4392,co2_water_binary,Valtz,co2,solubility_molality,308.2,5.79,0,0,0,0,0,0,0.153627,,,,0,,,0.156134,2,5,-0.0160549,False,False,False
solubility,4394,co2_water_binary,Valtz,co2,solubility_molality,308.2,18.89,0,0,0,0,0,0,0.479255,,,,0,,,0.428902,4,14,0.117399,False,False,False
solubility,4396,co2_water_binary,Valtz,co2,solubility_molality,308.2,30.29,0,0,0,0,0,0,0.707762,,,,0,,,0.680431,6,24,0.0401678,False,False,False
solubility,4398,co2_water_binary,Valtz,co2,solubility_molality,308.2,40.05,0,0,0,0,0,0,0.881373,,,,0,,,0.854278,7,29,0.0317162,False,False,False
solubility,4400,co2_water_binary,Valtz,co2,solubility_molality,308.2,49.85,0,0,0,0,0,0,1.03877,0.990899,0.990899,,1,0,0.0483134,0.994001,8,30,0.0450414,False,False,False
solubility,4402,co2_water_binary,Valtz,co2,solubility_molality,308.2,59.49,0,0,0,0,0,0,1.1519,,,,0,,,1.10376,7,36,0.0436166,False,False,False
solubility,4404,co2_water_binary,Valtz,co2,solubility_molality,308.2,60.77,0,0,0,0,0,0,1.171,1.171,1.171,,1,0,0,1.11551,7,38,0.049738,False,False,False
solubility,4406,co2_water_binary,Valtz,co2,solubility_molality,308.2,69.86,0,0,0,0,0,0,1.22081,,,,0,,,1.19126,7,36,0.0248123,False,False,False
solubility,4408,co2_water_binary,Valtz,co2,solubility_molality,308.2,79.63,0,0,0,0,0,0,1.30908,,,,0,,,1.24373,8,37,0.0525406,False,False,False
solubility,4410,co2_water_binary,Guo,co2,solubility_molality,313.15,100,0,0,0,0,0,0,1.232,1.24887,1.24887,0.0114959,2,0.0130178,-0.0135092,1.24966,13,72,-0.014135,False,False,False
solubility,4412,co2_water_binary,Guo,co2,solubility_molality,313.15,200,0,0,0,0,0,0,1.396,1.39054,1.39054,0.0361185,2,0.0367334,0.00392681,1.37311,13,52,0.0166706,False,False,False
solubility,4414,co2_water_binary,Guo,co2,solubility_molality,313.15,300,0,0,0,0,0,0,1.473,1.446,1.446,,1,0,0.0186722,1.44957,7,27,0.0161666,False,False,False
solubility,4416,co2_water_binary,Guo,co2,solubility_molality,313.15,400,0,0,0,0,0,0,1.547,1.55572,1.55572,,1,0,-0.00560774,1.55953,8,17,-0.00803167,False,False,False
solubility,4418,co2_water_binary,Guo,co2,solubility_molality,313.15,500,0,0,0,0,0,0,1.707,1.63871,1.63871,,1,0,0.0416743,1.636,6,14,0.0433982,False,False,False
solubility,4420,co2_water_binary,Guo,co2,solubility_molality,313.15,600,0,0,0,0,0,0,1.753,,,,0,,,1.71265,4,7,0.0235607,False,False,False
solubility,4430,co2_water_binary,Valtz,co2,solubility_molality,318.23,18.63,0,0,0,0,0,0,0.380042,,,,0,,,0.352876,7,12,0.0769836,False,False,False
solubility,4432,co2_water_binary,Valtz,co2,solubility_molality,318.23,19.84,0,0,0,0,0,0,0.408191,,,,0,,,0.372938,7,15,0.0945273,False,False,False
solubility,4434,co2_water_binary,Valtz,co2,solubility_molality,318.23,30.01,0,0,0,0,0,0,0.570888,,,,0,,,0.548585,12,30,0.0406538,False,False,False
solubility,4436,co2_water_binary,Valtz,co2,solubility_molality,318.23,39.77,0,0,0,0,0,0,0.707762,,,,0,,,0.695537,13,40,0.017576,False,False,False
solubility,4438,co2_water_binary,Valtz,co2,solubility_molality,318.23,49.82,0,0,0,0,0,0,0.86362,,,,0,,,0.827665,13,40,0.043441,False,False,False
solubility,4440,co2_water_binary,Valtz,co2,solubility_molality,318.23,59.92,0,0,0,0,0,0,0.974902,,,,0,,,0.942281,14,46,0.0346194,False,False,False
solubility,4442,co2_water_binary,Valtz,co2,solubility_molality,318.23,69.84,0,0,0,0,0,0,1.07797,,,,0,,,1.0333,14,50,0.0432355,False,False,False
solubility,4444,co2_water_binary,Valtz,co2,solubility_molality,318.23,79.33,0,0,0,0,0,0,1.15075,,,,0,,,1.09854,16,52,0.0475214,False,False,False
solubility,4446,co2_water_binary,Briones,co2,solubility_molality,323.15,68.2,0,0,0,0,0,0,0.931829,1.01747,1.01747,,1,0,-0.0841674,0.957362,16,62,-0.0266707,False,False,False
solubility,4448,co2_water_binary,Briones,co2,solubility_molality,323.15,75.3,0,0,0,0,0,0,0.9887,1.00535,1.01284,0.0187391,3,0.0349769,-0.0165652,1.01522,19,92,-0.0261272,False,False,False
solubility,4450,co2_water_binary,Briones,co2,solubility_molality,323.15,87.2,0,0,0,0,0,0,0.999052,1.10914,1.10914,,1,0,-0.0992535,1.08745,18,90,-0.0812881,False,False,False
solubility,4452,co2_water_binary,Briones,co2,solubility_molality,323.15,101.3,0,0,0,0,0,0,1.17968,1.16174,1.1407,0.0457015,7,0.111853,0.0154433,1.14949,18,94,0.0262608,False,False,False
solubility,4454,co2_water_binary,Briones,co2,solubility_molality,323.15,122.1,0,0,0,0,0,0,1.18836,1.21343,1.21343,0.000606027,2,0.000706305,-0.0206552,1.2018,17,92,-0.011183,False,False,False
solubility,4456,co2_water_binary,Briones,co2,solubility_molality,323.15,147.5,0,0,0,0,0,0,1.25736,1.248,1.248,,1,0,0.00750193,1.23968,15,62,0.0142619,False,False,False
solubility,4458,co2_water_binary,Briones,co2,solubility_molality,323.15,176.8,0,0,0,0,0,0,1.28466,1.2788,1.2788,0.00254033,2,0.00280934,0.00458519,1.27042,15,58,0.0112066,False,False,False
solubility,4460,co2_water_binary,HOU,co2,solubility_molality,323.15,10.9,0,0,0,0,0,0,0.185461,,,,0,,,0.198329,6,10,-0.0648827,False,False,False
solubility,4462,co2_water_binary,HOU,co2,solubility_molality,323.15,29.8,0,0,0,0,0,0,0.504678,0.525,0.521633,0.018889,3,0.0710954,-0.0387083,0.492609,13,35,0.0244995,False,False,False
solubility,4464,co2_water_binary,HOU,co2,solubility_molality,323.15,74.1,0,0,0,0,0,0,1.03416,0.99385,0.99385,0.0072833,2,0.0103639,0.0405637,0.997632,19,95,0.0366191,False,False,False
solubility,4466,co2_water_binary,HOU,co2,solubility_molality,323.15,100.2,0,0,0,0,0,0,1.16405,1.16174,1.14294,0.0473829,7,0.114843,0.00199214,1.1415,18,96,0.0197589,False,False,False
solubility,4468,co2_water_binary,HOU,co2,solubility_molality,323.15,129.7,0,0,0,0,0,0,1.21444,1.23,1.23,,1,0,-0.0126531,1.21532,16,92,-0.000725663,False,False,False
solubility,4470,co2_water_binary,HOU,co2,solubility_molality,323.15,175.3,0,0,0,0,0,0,1.28059,1.28083,1.28083,0.0054163,2,0.00598035,-0.000185294,1.26996,15,57,0.00837288,False,False,False
solubility,4472,co2_water_binary,BAMBERGE,co2,solubility_molality,323.2,40.5,0,0,0,0,0,0,0.61171,0.657,0.658042,0.0156546,3,0.0475754,-0.0689352,0.649091,13,41,-0.0575903,False,False,False
solubility,4474,co2_water_binary,BAMBERGE,co2,solubility_molality,323.2,50.6,0,0,0,0,0,0,0.771029,0.773,0.774958,0.00672394,3,0.0168349,-0.00255025,0.776704,14,47,-0.00730666,False,False,False
solubility,4476,co2_water_binary,BAMBERGE,co2,solubility_molality,323.2,60.6,0,0,0,0,0,0,0.90831,0.868,0.868,,1,0,0.0464396,0.88148,15,52,0.0304375,False,False,False
solubility,4478,co2_water_binary,BAMBERGE,co2,solubility_molality,323.2,70.8,0,0,0,0,0,0,0.994451,0.954,0.954,,1,0,0.0424012,0.969251,18,83,0.0259989,False,False,False
solubility,4480,co2_water_binary,BAMBERGE,co2,solubility_molality,323.2,80.8,0,0,0,0,0,0,1.07509,1.039,1.039,,1,0,0.0347324,1.03925,18,83,0.0344793,False,False,False
solubility,4482,co2_water_binary,BAMBERGE,co2,solubility_molality,323.2,90.9,0,0,0,0,0,0,1.13283,1.111,1.111,,1,0,0.0196446,1.09646,17,86,0.033165,False,False,False
solubility,4484,co2_water_binary,BAMBERGE,co2,solubility_molality,323.2,101,0,0,0,0,0,0,1.16174,1.16405,1.14327,0.0475438,7,0.114615,-0.00198818,1.14101,17,81,0.0181647,False,False,False
solubility,4486,co2_water_binary,BAMBERGE,co2,solubility_molality,323.2,111,0,0,0,0,0,0,1.19068,1.199,1.199,,1,0,-0.00693791,1.17446,17,85,0.0138161,False,False,False
solubility,4488,co2_water_binary,BAMBERGE,co2,solubility_molality,323.2,121,0,0,0,0,0,0,1.21386,1.20068,1.20068,0.0174196,2,0.0205176,0.0109726,1.19832,16,80,0.0129648,False,False,False
solubility,4490,co2_water_binary,BAMBERGE,co2,solubility_molality,323.2,141,0,0,0,0,0,0,1.23125,,,,0,,,1.23207,15,83,-0.000666517,False,False,False
solubility,4492,co2_water_binary,RUMPF,co2,solubility_molality,323.17,10.6,0,0,0,0,0,0,0.19608,0.184343,0.184343,,1,0,0.0636682,0.186567,6,10,0.0509895,False,False,False
solubility,4494,co2_water_binary,RUMPF,co2,solubility_molality,323.17,14.32,0,0,0,0,0,0,0.25876,0.256519,0.256519,,1,0,0.00873619,0.253623,5,9,0.0202529,False,False,False
solubility,4496,co2_water_binary,RUMPF,co2,solubility_molality,323.17,18.1,0,0,0,0,0,0,0.322704,,,,0,,,0.311941,7,11,0.0345018,False,False,False
solubility,4498,co2_water_binary,RUMPF,co2,solubility_molality,323.17,34.8,0,0,0,0,0,0,0.580521,0.578846,0.578846,0.0256742,2,0.0627261,0.00289379,0.567852,13,34,0.0223103,False,False,False
solubility,4500,co2_water_binary,RUMPF,co2,solubility_molality,323.18,58,0,0,0,0,0,0,0.870491,,,,0,,,0.857614,15,49,0.0150141,False,False,False
solubility,4502,co2_water_binary,DSOUZA,co2,solubility_molality,323.15,101.3,0,0,0,0,0,0,1.12127,1.16405,1.14905,0.046879,7,0.114615,-0.036755,1.14747,18,97,-0.0228341,False,False,False
solubility,4504,co2_water_binary,DSOUZA,co2,solubility_molality,323.15,152,0,0,0,0,0,0,1.19068,1.2525,1.24965,0.0151403,3,0.0238535,-0.0493561,1.25039,15,64,-0.0477551,False,False,False
solubility,4506,co2_water_binary,DOHRN,co2,solubility_molality,323.15,101,0,0,0,0,0,0,1.17621,1.16174,1.1412,0.0461677,7,0.114843,0.0124535,1.14379,18,97,0.0283428,False,False,False
solubility,4508,co2_water_binary,DOHRN,co2,solubility_molality,323.15,201,0,0,0,0,0,0,1.33409,1.30061,1.27901,0.0473862,4,0.0758783,0.0257473,1.29443,14,51,0.0306397,False,False,False
solubility,4510,co2_water_binary,DOHRN,co2,solubility_molality,323.15,301,0,0,0,0,0,0,1.43147,1.38812,1.38812,0.0143071,2,0.014576,0.0312312,1.3972,8,29,0.0245244,False,False,False
solubility,4512,co2_water_binary,TODHEIDE,co2,solubility_molality,323.15,200,0,0,0,0,0,0,1.30675,1.30061,1.28584,0.0542046,4,0.096903,0.00472254,1.29575,15,52,0.00848556,False,False,False
solubility,4514,co2_water_binary,TODHEIDE,co2,solubility_molality,323.15,500,0,0,0,0,0,0,1.59901,,,,0,,,1.51965,7,16,0.0522199,False,False,False
solubility,4516,co2_water_binary,TODHEIDE,co2,solubility_molality,323.15,1000,0,0,0,0,0,0,2.01326,,,,0,,,1.9798,2,5,0.0168989,False,False,False
solubility,4528,co2_water_binary,BAMBERGE,co2,solubility_molality,333.2,40.5,0,0,0,0,0,0,0.538046,0.571,0.572821,0.0131349,3,0.0456739,-0.0577124,0.56257,5,25,-0.0435924,False,False,False
solubility,4530,co2_water_binary,BAMBERGE,co2,solubility_molality,333.2,50.6,0,0,0,0,0,0,0.679879,0.669569,0.669569,0.0175807,2,0.0371326,0.015398,0.676726,6,34,0.00465885,False,False,False
solubility,4532,co2_water_binary,BAMBERGE,co2,solubility_molality,333.2,60.6,0,0,0,0,0,0,0.776735,0.7625,0.7625,0.0176777,2,0.0327869,0.0186693,0.77238,6,39,0.00563873,False,False,False
solubility,4534,co2_water_binary,BAMBERGE,co2,solubility_molality,333.2,70.8,0,0,0,0,0,0,0.885383,0.8616,0.8616,0.00933394,2,0.0153205,0.0276031,0.864494,8,67,0.0241628,False,False,False
solubility,4536,co2_water_binary,BAMBERGE,co2,solubility_molality,333.2,80.8,0,0,0,0,0,0,0.936994,0.928,0.928,,1,0,0.00969194,0.94175,8,72,-0.00505011,False,False,False
solubility,4538,co2_water_binary,BAMBERGE,co2,solubility_molality,333.2,90.9,0,0,0,0,0,0,1.01171,0.996,0.996,,1,0,0.0157737,1.01248,7,74,-0.000755127,False,False,False
solubility,4540,co2_water_binary,BAMBERGE,co2,solubility_molality,333.2,101,0,0,0,0,0,0,1.05202,1.06566,1.06618,0.0174394,6,0.0468103,-0.0127951,1.06749,7,71,-0.0144849,False,False,False
solubility,4542,co2_water_binary,BAMBERGE,co2,solubility_molality,333.2,111,0,0,0,0,0,0,1.10394,1.10797,1.10797,0.00569833,2,0.00727335,-0.00363668,1.10466,7,74,-0.000646705,False,False,False
solubility,4544,co2_water_binary,BAMBERGE,co2,solubility_molality,333.2,121,0,0,0,0,0,0,1.13861,1.142,1.142,,1,0,-0.0029724,1.13243,7,69,0.00545741,False,False,False
solubility,4546,co2_water_binary,BAMBERGE,co2,solubility_molality,333.2,141,0,0,0,0,0,0,1.1791,,,,0,,,1.17973,7,71,-0.000533361,False,False,False
solubility,4548,co2_water_binary,Guo,co2,solubility_molality,333.15,100,0,0,0,0,0,0,1.057,1.05202,1.05584,0.0152226,5,0.0369763,0.00472941,1.06786,14,104,-0.0101722,False,False,False
solubility,4550,co2_water_binary,Guo,co2,solubility_molality,333.15,200,0,0,0,0,0,0,1.269,1.2565,1.2565,0.0190919,2,0.0214883,0.00994827,1.25711,13,50,0.00946072,False,False,False
solubility,4552,co2_water_binary,Guo,co2,solubility_molality,333.15,300,0,0,0,0,0,0,1.36,1.343,1.343,0.0240416,2,0.0253165,0.0126582,1.34532,6,24,0.0109097,False,False,False
solubility,4554,co2_water_binary,Guo,co2,solubility_molality,333.15,400,0,0,0,0,0,0,1.429,1.5,1.5,,1,0,-0.0473333,1.49887,7,11,-0.0466123,False,False,False
solubility,4556,co2_water_binary,Guo,co2,solubility_molality,333.15,500,0,0,0,0,0,0,1.585,,,,0,,,1.56826,5,8,0.0106714,False,False,False
solubility,4564,co2_water_binary,HOU,co2,solubility_molality,348.15,11,0,0,0,0,0,0,0.123503,,,,0,,,0.141003,3,5,-0.12411,False,True,True
solubility,4566,co2_water_binary,HOU,co2,solubility_molality,348.15,29.2,0,0,0,0,0,0,0.339556,,,,0,,,0.355189,9,19,-0.0440141,False,False,False
solubility,4568,co2_water_binary,HOU,co2,solubility_molality,348.15,71.2,0,0,0,0,0,0,0.712317,,,,0,,,0.752503,11,52,-0.0534032,False,False,False
solubility,4570,co2_water_binary,HOU,co2,solubility_molality,348.15,101.7,0,0,0,0,0,0,0.898563,0.919515,0.960008,0.106538,3,0.218812,-0.022785,0.948343,12,56,-0.052491,False,False,False
solubility,4572,co2_water_binary,HOU,co2,solubility_molality,348.15,132.8,0,0,0,0,0,0,1.04972,,,,0,,,1.05999,11,53,-0.0096937,False,False,False
solubility,4574,co2_water_binary,HOU,co2,solubility_molality,348.15,169.2,0,0,0,0,0,0,1.12878,,,,0,,,1.13631,10,41,-0.00662272,False,False,False
solubility,4576,co2_water_binary,DSOUZA,co2,solubility_molality,348.15,101.3,0,0,0,0,0,0,0.879654,0.909039,0.909039,0.0148147,2,0.0230475,-0.0323252,0.946667,12,57,-0.0707877,False,False,False
solubility,4578,co2_water_binary,DSOUZA,co2,solubility_molality,348.15,152,0,0,0,0,0,0,1.06355,1.09163,1.09163,0.00707876,2,0.00917057,-0.0257204,1.10503,10,45,-0.0375361,False,False,False
solubility,4580,co2_water_binary,SAKO,co2,solubility_molality,348.3,103.4,0,0,0,0,0,0,1.08086,0.898563,0.898563,,1,0,0.20287,0.949526,12,57,0.13831,False,True,True
solubility,4582,co2_water_binary,SAKO,co2,solubility_molality,348.3,153.1,0,0,0,0,0,0,1.08663,1.08009,1.08009,0.023393,2,0.0306294,0.00604618,1.1053,10,44,-0.0168983,False,False,False
solubility,4584,co2_water_binary,BAMBERGE,co2,solubility_molality,353.1,40.5,0,0,0,0,0,0,0.447649,0.458649,0.458649,0.00798835,2,0.0246316,-0.0239834,0.442003,11,32,0.012773,False,False,False
solubility,4586,co2_water_binary,BAMBERGE,co2,solubility_molality,353.1,60.6,0,0,0,0,0,0,0.640093,0.6295,0.6295,0.000707107,2,0.00158856,0.016828,0.628755,10,47,0.0180331,False,False,False
solubility,4588,co2_water_binary,BAMBERGE,co2,solubility_molality,353.1,70.8,0,0,0,0,0,0,0.71972,0.706,0.706,,1,0,0.019434,0.710531,11,49,0.0129334,False,False,False
solubility,4590,co2_water_binary,BAMBERGE,co2,solubility_molality,353.1,80.8,0,0,0,0,0,0,0.788152,0.781,0.781,,1,0,0.00915777,0.781428,12,52,0.00860471,False,False,False
solubility,4592,co2_water_binary,BAMBERGE,co2,solubility_molality,353.1,90.9,0,0,0,0,0,0,0.851028,0.845,0.845,,1,0,0.0071336,0.847954,12,52,0.0036251,False,False,False
solubility,4594,co2_water_binary,BAMBERGE,co2,solubility_molality,353.1,101,0,0,0,0,0,0,0.902576,0.909392,0.910694,0.0221546,4,0.0549753,-0.00749472,0.907186,12,52,-0.0050813,False,False,False
solubility,4596,co2_water_binary,BAMBERGE,co2,solubility_molality,353.1,111,0,0,0,0,0,0,0.971454,0.981733,0.981733,0.0505343,2,0.072796,-0.0104703,0.954111,11,54,0.0181776,False,False,False
solubility,4598,co2_water_binary,BAMBERGE,co2,solubility_molality,353.1,121,0,0,0,0,0,0,0.99445,0.987,0.987,,1,0,0.00754829,0.991102,11,49,0.00337861,False,False,False
solubility,4600,co2_water_binary,BAMBERGE,co2,solubility_molality,353.1,131,0,0,0,0,0,0,1.0405,1.025,1.025,,1,0,0.0151224,1.02316,11,51,0.0169468,False,False,False
solubility,4602,co2_water_binary,NIGHSWANDER,co2,solubility_molality,353.65,23.3,0,0,0,0,0,0,0.262,,,,0,,,0.270955,7,10,-0.0330482,False,False,False
solubility,4604,co2_water_binary,NIGHSWANDER,co2,solubility_molality,353.35,43.1,0,0,0,0,0,0,0.476,0.437499,0.437499,0.0143538,2,0.0463984,0.0880024,0.463145,9,25,0.0277554,False,False,False
solubility,4606,co2_water_binary,NIGHSWANDER,co2,solubility_molality,353.65,61.1,0,0,0,0,0,0,0.629,0.640093,0.639353,0.00900559,3,0.028067,-0.0173306,0.631363,9,32,-0.00374342,False,False,False
solubility,4608,co2_water_binary,NIGHSWANDER,co2,solubility_molality,353.65,78.4,0,0,0,0,0,0,0.777,0.781,0.781,,1,0,-0.00512164,0.763562,11,37,0.0175994,False,False,False
solubility,4610,co2_water_binary,NIGHSWANDER,co2,solubility_molality,352.85,101.8,0,0,0,0,0,0,0.936994,0.900788,0.90209,0.0135469,4,0.0363944,0.0401937,0.910648,12,56,0.0289308,False,False,False
solubility,4612,co2_water_binary,Guo,co2,solubility_molality,353.15,100,0,0,0,0,0,0,0.887,0.902576,0.912857,0.0209799,3,0.0420952,-0.0172575,0.901892,12,61,-0.016512,False,False,False
solubility,4614,co2_water_binary,Guo,co2,solubility_molality,353.15,200,0,0,0,0,0,0,1.198,1.15,1.15,,1,0,0.0417391,1.17072,8,33,0.0233014,False,False,False
solubility,4616,co2_water_binary,Guo,co2,solubility_molality,353.15,300,0,0,0,0,0,0,1.322,1.268,1.268,,1,0,0.0425868,1.27017,4,15,0.0408087,False,False,False
solubility,4618,co2_water_binary,Guo,co2,solubility_molality,353.15,400,0,0,0,0,0,0,1.413,,,,0,,,1.38266,3,5,0.0219468,False,False,False
solubility,4638,co2_water_binary,MULLER,co2,solubility_molality,373.15,23.07,0,0,0,0,0,0,0.23076,,,,0,,,0.219411,5,6,0.0517269,False,False,False
solubility,4640,co2_water_binary,HOU,co2,solubility_molality,373.15,11.07,0,0,0,0,0,0,0.0939681,,,,0,,,0.108071,2,4,-0.130501,False,True,True
solubility,4642,co2_water_binary,HOU,co2,solubility_molality,373.15,24.26,0,0,0,0,0,0,0.21733,,,,0,,,0.236236,5,7,-0.0800263,False,False,False
solubility,4644,co2_water_binary,HOU,co2,solubility_molality,373.15,70.9,0,0,0,0,0,0,0.608873,,,,0,,,0.618197,8,12,-0.0150834,False,False,False
solubility,4646,co2_water_binary,HOU,co2,solubility_molality,373.15,102.4,0,0,0,0,0,0,0.768176,0.788347,0.788347,,1,0,-0.0255862,0.764749,6,7,0.00448129,False,False,False
solubility,4648,co2_water_binary,HOU,co2,solubility_molality,373.15,133.5,0,0,0,0,0,0,0.917485,,,,0,,,0.927784,4,6,-0.0111003,False,False,False
solubility,4650,co2_water_binary,HOU,co2,solubility_molality,373.15,170.7,0,0,0,0,0,0,1.05894,,,,0,,,1.06558,7,10,-0.00623395,False,False,False
solubility,4652,co2_water_binary,TONG,co2,solubility_molality,374.41,72.1,0,0,0,0,0,0,0.617384,,,,0,,,0.626244,6,8,-0.0141486,False,False,False
solubility,4654,co2_water_binary,TONG,co2,solubility_molality,374.18,144.4,0,0,0,0,0,0,0.965708,,,,0,,,0.97029,7,10,-0.00472256,False,False,False
solubility,4656,co2_water_binary,TONG,co2,solubility_molality,374.91,188.6,0,0,0,0,0,0,1.08663,,,,0,,,1.1248,7,9,-0.0339375,False,False,False
solubility,4658,co2_water_binary,TONG,co2,solubility_molality,374.15,223.4,0,0,0,0,0,0,1.16174,,,,0,,,1.18878,7,10,-0.0227485,False,False,False
solubility,4660,co2_water_binary,TONG,co2,solubility_molality,374.99,272.6,0,0,0,0,0,0,1.24285,,,,0,,,1.28471,6,9,-0.0325771,False,False,False
solubility,4662,co2_water_binary,TODHEIDE,co2,solubility_molality,373.15,200,0,0,0,0,0,0,1.13283,1.14634,1.12589,0.0496096,3,0.0808492,-0.011787,1.13821,7,11,-0.00473106,False,False,False
solubility,4664,co2_water_binary,TODHEIDE,co2,solubility_molality,373.15,500,0,0,0,0,0,0,1.59901,1.555,1.555,,1,0,0.0283012,1.52838,5,12,0.0462118,False,False,False
solubility,4666,co2_water_binary,TODHEIDE,co2,solubility_molality,373.15,1000,0,0,0,0,0,0,2.07293,,,,0,,,2.03763,4,11,0.0173252,False,False,False
solubility,4668,co2_water_binary,TODHEIDE,co2,solubility_molality,373.15,1500,0,0,0,0,0,0,2.37314,,,,0,,,2.27149,2,6,0.0447531,False,False,False
solubility,4678,co2_water_binary,Guo,co2,solubility_molality,373.15,200,0,0,0,0,0,0,1.162,1.13283,1.11616,0.0411243,3,0.0679871,0.025754,1.13159,7,11,0.0268725,False,False,False
solubility,4680,co2_water_binary,Guo,co2,solubility_molality,373.15,300,0,0,0,0,0,0,1.338,1.31748,1.31748,,1,0,0.0155751,1.3091,5,8,0.0220777,False,False,False
solubility,4682,co2_water_binary,Guo,co2,solubility_molality,373.15,400,0,0,0,0,0,0,1.424,1.38464,1.38464,0.0854741,2,0.0872997,0.0284264,1.39431,5,8,0.021292,False,False,False
solubility,4684,co2_water_binary,Guo,co2,solubility_molality,373.15,500,0,0,0,0,0,0,1.555,1.59901,1.59901,,1,0,-0.0275223,1.52136,5,10,0.0221112,False,False,False
solubility,4686,co2_water_binary,Guo,co2,solubility_molality,373.15,600,0,0,0,0,0,0,1.713,1.54032,1.54032,,1,0,0.112109,1.61214,4,8,0.062562,False,False,False
solubility,4688,co2_water_binary,Guo,co2,solubility_molality,373.15,900,0,0,0,0,0,0,1.996,,,,0,,,1.96988,4,9,0.0132605,False,False,False
solubility,4690,co2_water_binary,Guo,co2,solubility_molality,373.15,1200,0,0,0,0,0,0,2.143,,,,0,,,2.20291,2,9,-0.0271973,False,False,False
solubility,4692,co2_water_binary,TAKENOUCHI,co2,solubility_molality,383.15,100,0,0,0,0,0,0,0.788152,,,,0,,,0.929599,7,10,-0.152159,False,True,True
solubility,4694,co2_water_binary,TAKENOUCHI,co2,solubility_molality,383.15,200,0,0,0,0,0,0,1.19068,,,,0,,,1.08637,7,12,0.0960182,False,False,False
solubility,4696,co2_water_binary,TAKENOUCHI,co2,solubility_molality,383.15,300,0,0,0,0,0,0,1.36496,,,,0,,,1.24033,5,10,0.10048,False,False,False
solubility,4698,co2_water_binary,TAKENOUCHI,co2,solubility_molality,383.15,400,0,0,0,0,0,0,1.48174,,,,0,,,1.47406,5,11,0.00521065,False,False,False
solubility,4700,co2_water_binary,TAKENOUCHI,co2,solubility_molality,383.15,500,0,0,0,0,0,0,1.59901,,,,0,,,1.60309,5,12,-0.00254318,False,False,False
solubility,4702,co2_water_binary,TAKENOUCHI,co2,solubility_molality,383.15,600,0,0,0,0,0,0,1.71676,,,,0,,,1.71553,4,8,0.000717399,False,False,False
solubility,4704,co2_water_binary,TAKENOUCHI,co2,solubility_molality,383.15,700,0,0,0,0,0,0,1.80539,,,,0,,,1.84202,4,10,-0.0198887,False,False,False
solubility,4706,co2_water_binary,TAKENOUCHI,co2,solubility_molality,383.15,800,0,0,0,0,0,0,1.89429,,,,0,,,1.95815,4,8,-0.032612,False,False,False
solubility,4708,co2_water_binary,TAKENOUCHI,co2,solubility_molality,383.15,900,0,0,0,0,0,0,1.98347,,,,0,,,2.03003,4,7,-0.0229334,False,False,False
solubility,4710,co2_water_binary,TAKENOUCHI,co2,solubility_molality,383.15,1000,0,0,0,0,0,0,2.07293,,,,0,,,2.11355,4,7,-0.0192195,False,False,False
solubility,4712,co2_water_binary,TAKENOUCHI,co2,solubility_molality,383.15,1100,0,0,0,0,0,0,2.13272,,,,0,,,2.19502,3,7,-0.0283794,False,False,False
solubility,4714,co2_water_binary,TAKENOUCHI,co2,solubility_molality,383.15,1200,0,0,0,0,0,0,2.16267,,,,0,,,2.25813,2,6,-0.0422755,False,False,False
solubility,4716,co2_water_binary,TAKENOUCHI,co2,solubility_molality,383.15,1300,0,0,0,0,0,0,2.22265,,,,0,,,2.30901,2,4,-0.037401,False,False,False
solubility,4718,co2_water_binary,TAKENOUCHI,co2,solubility_molality,383.15,1400,0,0,0,0,0,0,2.25268,,,,0,,,2.3676,2,4,-0.0485351,False,False,False
solubility,4720,co2_water_binary,TAKENOUCHI,co2,solubility_molality,383.15,1500,0,0,0,0,0,0,2.31285,,,,0,,,2.43486,2,4,-0.0501088,False,False,False
solubility,4724,co2_water_binary,NIGHSWANDER,co2,solubility_molality,393.05,40.9,0,0,0,0,0,0,0.374,0.344613,0.344613,,1,0,0.0852744,,0,0,,False,False,False
solubility,4730,co2_water_binary,NIGHSWANDER,co2,solubility_molality,393.45,99.8,0,0,0,0,0,0,0.817,0.735,0.735,,1,0,0.111565,,0,0,,False,False,False
solubility,4740,co2_water_binary,MULLER,co2,solubility_molality,393.15,19.95,0,0,0,0,0,0,0.16591,0.181549,0.181549,,1,0,-0.0861463,0.177828,3,4,-0.0670229,False,False,False
solubility,4742,co2_water_binary,MULLER,co2,solubility_molality,393.15,24.1,0,0,0,0,0,0,0.20223,,,,0,,,0.214497,3,6,-0.0571908,False,False,False
solubility,4744,co2_water_binary,MULLER,co2,solubility_molality,393.15,28.5,0,0,0,0,0,0,0.238597,,,,0,,,0.253453,3,6,-0.0586146,False,False,False
solubility,4746,co2_water_binary,Guo,co2,solubility_molality,393.15,100,0,0,0,0,0,0,0.735,0.817,0.817,,1,0,-0.100367,,0,0,,False,False,False
solubility,4790,co2_water_binary,TODHEIDE,co2,solubility_molality,423.15,200,0,0,0,0,0,0,1.19068,1.15891,1.15891,0.0859034,2,0.104828,0.027414,1.16177,6,9,0.0248845,False,False,False
solubility,4792,co2_water_binary,TODHEIDE,co2,solubility_molality,423.15,500,0,0,0,0,0,0,1.95371,1.83499,1.83499,,1,0,0.0646998,1.8751,4,13,0.0419257,False,False,False
solubility,4794,co2_water_binary,TODHEIDE,co2,solubility_molality,423.15,1000,0,0,0,0,0,0,2.49411,2.43356,2.43356,,1,0,0.0248793,2.51807,3,12,-0.00951429,False,False,False
solubility,4796,co2_water_binary,TODHEIDE,co2,solubility_molality,423.15,1500,0,0,0,0,0,0,2.9215,2.79874,2.79874,,1,0,0.0438596,2.79715,2,7,0.0444562,False,False,False
solubility,4810,co2_water_binary,SAKO,co2,solubility_molality,421.4,148.1,0,0,0,0,0,0,1.05779,,,,0,,,0.95029,6,7,0.113121,False,False,False
solubility,4812,co2_water_binary,SAKO,co2,solubility_molality,420.9,174.5,0,0,0,0,0,0,1.11549,,,,0,,,1.07715,6,7,0.0355935,False,False,False
solubility,4814,co2_water_binary,SAKO,co2,solubility_molality,421.4,197.2,0,0,0,0,0,0,1.15595,,,,0,,,1.16763,6,6,-0.00999905,False,False,False
solubility,4816,co2_water_binary,HOU,co2,solubility_molality,423.15,14.28,0,0,0,0,0,0,0.0705854,,,,0,,,0.0784447,2,7,-0.10019,False,False,False
solubility,4818,co2_water_binary,HOU,co2,solubility_molality,423.15,29.87,0,0,0,0,0,0,0.193844,,,,0,,,0.205799,4,10,-0.0580931,False,False,False
solubility,4820,co2_water_binary,HOU,co2,solubility_molality,423.15,72,0,0,0,0,0,0,0.487162,,,,0,,,0.49783,6,8,-0.0214287,False,False,False
solubility,4822,co2_water_binary,HOU,co2,solubility_molality,423.15,100.1,0,0,0,0,0,0,0.691825,0.679991,0.679991,0.11261,2,0.234201,0.0174028,0.680681,6,7,0.0163725,False,False,False
solubility,4824,co2_water_binary,HOU,co2,solubility_molality,423.15,134.2,0,0,0,0,0,0,0.877936,,,,0,,,0.857864,5,8,0.0233974,False,False,False
solubility,4826,co2_water_binary,HOU,co2,solubility_molality,423.15,173.5,0,0,0,0,0,0,1.07797,,,,0,,,1.11906,6,10,-0.0367157,False,False,False
solubility,4828,co2_water_binary,TAKENOUCHI,co2,solubility_molality,423.15,100,0,0,0,0,0,0,0.759619,0.646095,0.646095,0.0646727,2,0.14156,0.175708,0.665233,6,9,0.141884,True,True,True
solubility,4830,co2_water_binary,TAKENOUCHI,co2,solubility_molality,423.15,200,0,0,0,0,0,0,1.21965,1.14442,1.14442,0.0654168,2,0.0808383,0.0657353,1.15339,6,9,0.0574537,False,False,False
solubility,4832,co2_water_binary,TAKENOUCHI,co2,solubility_molality,423.15,300,0,0,0,0,0,0,1.48174,,,,0,,,1.47177,3,6,0.00677912,False,False,False
solubility,4834,co2_water_binary,TAKENOUCHI,co2,solubility_molality,423.15,400,0,0,0,0,0,0,1.65782,1.61635,1.61635,0.00789821,2,0.0069105,0.0256599,1.61069,4,9,0.0292639,False,False,False
solubility,4836,co2_water_binary,TAKENOUCHI,co2,solubility_molality,423.15,500,0,0,0,0,0,0,1.83499,1.95371,1.95371,,1,0,-0.0607681,1.95826,4,10,-0.06295,False,False,False
solubility,4838,co2_water_binary,TAKENOUCHI,co2,solubility_molality,423.15,600,0,0,0,0,0,0,1.98347,2.30683,2.30683,,1,0,-0.140174,2.32291,3,7,-0.146127,False,True,True
solubility,4840,co2_water_binary,TAKENOUCHI,co2,solubility_molality,423.15,700,0,0,0,0,0,0,2.13272,,,,0,,,2.74032,3,9,-0.221724,False,True,True
solubility,4842,co2_water_binary,TAKENOUCHI,co2,solubility_molality,423.15,800,0,0,0,0,0,0,2.25268,3.18097,3.18097,,1,0,-0.291824,2.96526,3,7,-0.240309,False,True,True
solubility,4844,co2_water_binary,TAKENOUCHI,co2,solubility_molality,423.15,900,0,0,0,0,0,0,2.34298,,,,0,,,2.79767,3,6,-0.162524,False,True,True
solubility,4846,co2_water_binary,TAKENOUCHI,co2,solubility_molality,423.15,1000,0,0,0,0,0,0,2.43356,2.49411,2.49411,,1,0,-0.0242754,2.49411,3,6,-0.0242763,False,False,False
solubility,4848,co2_water_binary,TAKENOUCHI,co2,solubility_molality,423.15,1100,0,0,0,0,0,0,2.55478,,,,0,,,2.5531,3,7,0.000659779,False,False,False
solubility,4850,co2_water_binary,TAKENOUCHI,co2,solubility_molality,423.15,1200,0,0,0,0,0,0,2.61558,,,,0,,,2.67795,2,6,-0.0232904,False,False,False
solubility,4852,co2_water_binary,TAKENOUCHI,co2,solubility_molality,423.15,1300,0,0,0,0,0,0,2.67651,,,,0,,,2.76288,2,4,-0.0312633,False,False,False
solubility,4854,co2_water_binary,TAKENOUCHI,co2,solubility_molality,423.15,1400,0,0,0,0,0,0,2.73756,,,,0,,,2.84393,2,4,-0.0374023,False,False,False
solubility,4856,co2_water_binary,TAKENOUCHI,co2,solubility_molality,423.15,1500,0,0,0,0,0,0,2.79874,2.9215,2.9215,,1,0,-0.0420168,2.9215,2,4,-0.0420169,False,False,False
solubility,4858,co2_water_binary,NIGHSWANDER,co2,solubility_molality,432.85,20.4,0,0,0,0,0,0,0.161,,,,0,,,0.125484,3,7,0.283031,False,True,True
solubility,4860,co2_water_binary,NIGHSWANDER,co2,solubility_molality,433.05,39.1,0,0,0,0,0,0,0.301,,,,0,,,0.277168,4,4,0.0859845,False,False,False
solubility,4864,co2_water_binary,NIGHSWANDER,co2,solubility_molality,432.95,80.7,0,0,0,0,0,0,0.617,,,,0,,,0.571866,5,6,0.0789241,False,False,False
solubility,4898,co2_water_binary,HOU,co2,solubility_molality,448.15,36.6,0,0,0,0,0,0,0.205585,,,,0,,,0.218899,2,7,-0.0608238,False,False,False
solubility,4936,co2_water_binary,TODHEIDE,co2,solubility_molality,473.15,200,0,0,0,0,0,0,1.36496,1.41887,1.41887,0.0889149,2,0.088623,-0.0379955,,0,0,,False,False,False
solubility,4938,co2_water_binary,TODHEIDE,co2,solubility_molality,473.15,500,0,0,0,0,0,0,2.61558,2.67678,2.67678,0.0859572,2,0.0454134,-0.0228634,2.68249,2,7,-0.0249423,False,False,False
solubility,4940,co2_water_binary,TODHEIDE,co2,solubility_molality,473.15,1000,0,0,0,0,0,0,3.60598,3.73216,3.73216,,1,0,-0.0338083,3.77991,2,9,-0.0460134,False,False,False
solubility,4942,co2_water_binary,TODHEIDE,co2,solubility_molality,473.15,1500,0,0,0,0,0,0,4.37121,4.30669,4.30669,,1,0,0.0149826,4.27899,2,6,0.021554,False,False,False
solubility,4952,co2_water_binary,TAKENOUCHI,co2,solubility_molality,473.15,100,0,0,0,0,0,0,0.731114,0.704,0.704,,1,0,0.0385144,0.693838,3,4,0.0537245,False,False,False
solubility,4954,co2_water_binary,TAKENOUCHI,co2,solubility_molality,473.15,200,0,0,0,0,0,0,1.48174,1.36048,1.36048,0.00633675,2,0.00658702,0.0891331,,0,0,,False,False,False
solubility,4956,co2_water_binary,TAKENOUCHI,co2,solubility_molality,473.15,300,0,0,0,0,0,0,1.95371,1.877,1.877,,1,0,0.04087,,0,0,,False,False,False
solubility,4958,co2_water_binary,TAKENOUCHI,co2,solubility_molality,473.15,400,0,0,0,0,0,0,2.37314,2.304,2.304,,1,0,0.0300108,2.29234,2,4,0.0352496,False,False,False
solubility,4960,co2_water_binary,TAKENOUCHI,co2,solubility_molality,473.15,500,0,0,0,0,0,0,2.73756,2.61579,2.61579,0.000296483,2,0.000160292,0.0465525,2.62932,2,4,0.041168,False,False,False
solubility,4962,co2_water_binary,TAKENOUCHI,co2,solubility_molality,473.15,600,0,0,0,0,0,0,3.04477,2.983,2.983,,1,0,0.0207062,2.983,2,3,0.0207062,False,False,False
solubility,4964,co2_water_binary,TAKENOUCHI,co2,solubility_molality,473.15,700,0,0,0,0,0,0,3.29287,,,,0,,,3.25434,2,4,0.0118417,False,False,False
solubility,4966,co2_water_binary,TAKENOUCHI,co2,solubility_molality,473.15,800,0,0,0,0,0,0,3.41772,,,,0,,,3.49939,2,3,-0.0233401,False,False,False
solubility,4968,co2_water_binary,TAKENOUCHI,co2,solubility_molality,473.15,900,0,0,0,0,0,0,3.60598,3.751,3.751,,1,0,-0.0386619,3.6877,2,3,-0.0221606,False,False,False
solubility,4970,co2_water_binary,TAKENOUCHI,co2,solubility_molality,473.15,1000,0,0,0,0,0,0,3.73216,3.60598,3.60598,,1,0,0.0349913,3.78744,2,3,-0.0145954,False,False,False
solubility,4972,co2_water_binary,TAKENOUCHI,co2,solubility_molality,473.15,1100,0,0,0,0,0,0,3.85888,,,,0,,,3.95023,2,4,-0.023127,False,False,False
solubility,4974,co2_water_binary,TAKENOUCHI,co2,solubility_molality,473.15,1200,0,0,0,0,0,0,3.98614,4.201,4.201,,1,0,-0.0511459,4.07014,2,4,-0.0206398,False,False,False
solubility,4976,co2_water_binary,TAKENOUCHI,co2,solubility_molality,473.15,1300,0,0,0,0,0,0,4.11394,,,,0,,,4.21545,2,3,-0.0240795,False,False,False
solubility,4978,co2_water_binary,TAKENOUCHI,co2,solubility_molality,473.15,1400,0,0,0,0,0,0,4.17805,,,,0,,,4.31775,2,3,-0.0323539,False,False,False
solubility,4980,co2_water_binary,TAKENOUCHI,co2,solubility_molality,473.15,1500,0,0,0,0,0,0,4.30669,4.37121,4.37121,,1,0,-0.0147615,4.40102,2,3,-0.0214345,False,False,False
solubility,4984,co2_water_binary,MULLER,co2,solubility_molality,473.15,24.94,0,0,0,0,0,0,0.0867285,0.0889558,0.0889558,,1,0,-0.0250391,0.0819715,3,5,0.0580314,False,False,False
solubility,4986,co2_water_binary,MULLER,co2,solubility_molality,473.15,31,0,0,0,0,0,0,0.143024,0.14,0.14,,1,0,0.0216018,0.133096,3,5,0.0745928,False,False,False
solubility,4988,co2_water_binary,MULLER,co2,solubility_molality,473.15,37.6,0,0,0,0,0,0,0.208381,,,,0,,,0.183364,3,5,0.136434,False,True,True
solubility,4990,co2_water_binary,MULLER,co2,solubility_molality,473.15,45.7,0,0,0,0,0,0,0.278937,0.256519,0.256519,,1,0,0.0873935,0.251594,2,4,0.108678,False,False,False
solubility,4992,co2_water_binary,MULLER,co2,solubility_molality,473.15,60.4,0,0,0,0,0,0,0.398054,,,,0,,,0.363457,2,4,0.095188,False,False,False
solubility,4994,co2_water_binary,MULLER,co2,solubility_molality,473.15,78,0,0,0,0,0,0,0.522206,,,,0,,,0.532348,3,5,-0.0190517,False,False,False
solubility,5006,co2_water_binary,Guo,co2,solubility_molality,473.15,100,0,0,0,0,0,0,0.704,0.731114,0.731114,,1,0,-0.0370861,0.715968,3,4,-0.0167153,False,False,False
solubility,5008,co2_water_binary,Guo,co2,solubility_molality,473.15,200,0,0,0,0,0,0,1.356,1.42335,1.42335,0.0825782,2,0.0820479,-0.04732,,0,0,,False,False,False
solubility,5010,co2_water_binary,Guo,co2,solubility_molality,473.15,300,0,0,0,0,0,0,1.877,1.95371,1.95371,,1,0,-0.0392653,,0,0,,False,False,False
solubility,5012,co2_water_binary,Guo,co2,solubility_molality,473.15,400,0,0,0,0,0,0,2.304,2.37314,2.37314,,1,0,-0.0291363,2.36161,2,4,-0.0243954,False,False,False
solubility,5014,co2_water_binary,Guo,co2,solubility_molality,473.15,500,0,0,0,0,0,0,2.616,2.67657,2.67657,0.0862537,2,0.0455737,-0.0226302,2.69141,2,5,-0.0280178,False,False,False
solubility,5016,co2_water_binary,Guo,co2,solubility_molality,473.15,600,0,0,0,0,0,0,2.983,3.04477,3.04477,,1,0,-0.0202861,3.00553,2,5,-0.00749668,False,False,False
solubility,5018,co2_water_binary,Guo,co2,solubility_molality,473.15,900,0,0,0,0,0,0,3.751,3.60598,3.60598,,1,0,0.0402167,3.5691,2,7,0.0509652,False,False,False
solubility,5020,co2_water_binary,Guo,co2,solubility_molality,473.15,1200,0,0,0,0,0,0,4.201,3.98614,3.98614,,1,0,0.0539028,3.96961,2,9,0.0582906,False,False,False
solubility,5052,co2_water_binary,TODHEIDE,co2,solubility_molality,523.15,200,0,0,0,0,0,0,1.59901,1.54032,1.54032,,1,0,0.0381039,1.54032,2,5,0.0381039,False,False,False
solubility,5054,co2_water_binary,TODHEIDE,co2,solubility_molality,523.15,500,0,0,0,0,0,0,4.17805,3.79545,3.79545,,1,0,0.100806,3.82125,2,14,0.0933731,False,False,False
solubility,5056,co2_water_binary,TODHEIDE,co2,solubility_molality,523.15,1000,0,0,0,0,0,0,7.56933,7.21296,7.21296,,1,0,0.0494071,7.15477,2,18,0.0579425,False,False,False
solubility,5058,co2_water_binary,TODHEIDE,co2,solubility_molality,523.15,1500,0,0,0,0,0,0,9.71887,9.33787,9.33787,,1,0,0.0408017,9.33546,2,12,0.0410699,False,False,False
solubility,5070,co2_water_binary,TAKENOUCHI,co2,solubility_molality,523.15,200,0,0,0,0,0,0,1.54032,1.59901,1.59901,,1,0,-0.0367053,1.59901,2,4,-0.0367053,False,False,False
solubility,5072,co2_water_binary,TAKENOUCHI,co2,solubility_molality,523.15,300,0,0,0,0,0,0,2.43356,,,,0,,,2.45058,1,4,-0.00694249,False,False,False
solubility,5074,co2_water_binary,TAKENOUCHI,co2,solubility_molality,523.15,400,0,0,0,0,0,0,3.23065,,,,0,,,3.30823,2,8,-0.0234495,False,False,False
solubility,5076,co2_water_binary,TAKENOUCHI,co2,solubility_molality,523.15,500,0,0,0,0,0,0,3.79545,4.17805,4.17805,,1,0,-0.0915751,4.17805,2,8,-0.0915749,False,False,False
solubility,5078,co2_water_binary,TAKENOUCHI,co2,solubility_molality,523.15,600,0,0,0,0,0,0,4.43588,,,,0,,,4.90742,2,6,-0.0960878,False,False,False
solubility,5080,co2_water_binary,TAKENOUCHI,co2,solubility_molality,523.15,700,0,0,0,0,0,0,5.09029,,,,0,,,5.59935,2,8,-0.0909129,False,False,False
solubility,5082,co2_water_binary,TAKENOUCHI,co2,solubility_molality,523.15,800,0,0,0,0,0,0,5.75915,,,,0,,,6.26713,2,6,-0.0810548,False,False,False
solubility,5084,co2_water_binary,TAKENOUCHI,co2,solubility_molality,523.15,900,0,0,0,0,0,0,6.44294,,,,0,,,7.13086,2,6,-0.096471,False,False,False
solubility,5086,co2_water_binary,TAKENOUCHI,co2,solubility_molality,523.15,1000,0,0,0,0,0,0,7.21296,7.56933,7.56933,,1,0,-0.047081,7.56933,2,6,-0.0470809,False,False,False
solubility,5088,co2_water_binary,TAKENOUCHI,co2,solubility_molality,523.15,1100,0,0,0,0,0,0,7.92978,,,,0,,,8.02742,2,8,-0.0121635,False,False,False
solubility,5090,co2_water_binary,TAKENOUCHI,co2,solubility_molality,523.15,1200,0,0,0,0,0,0,8.44137,,,,0,,,8.46977,2,8,-0.00335304,False,False,False
solubility,5092,co2_water_binary,TAKENOUCHI,co2,solubility_molality,523.15,1300,0,0,0,0,0,0,8.73744,,,,0,,,8.8982,2,6,-0.0180669,False,False,False
solubility,5094,co2_water_binary,TAKENOUCHI,co2,solubility_molality,523.15,1400,0,0,0,0,0,0,9.03626,,,,0,,,9.3141,2,6,-0.0298305,False,False,False
solubility,5096,co2_water_binary,TAKENOUCHI,co2,solubility_molality,523.15,1500,0,0,0,0,0,0,9.33787,9.71887,9.71887,,1,0,-0.0392022,9.71887,2,6,-0.039202,False,False,False
solubility,5098,co2_water_binary,TODHEIDE,co2,solubility_molality,533.15,200,0,0,0,0,0,0,1.54032,1.57916,1.57916,0.0549307,2,0.0491931,-0.0245966,1.57868,2,4,-0.0243014,False,False,False
solubility,5100,co2_water_binary,TODHEIDE,co2,solubility_molality,533.15,500,0,0,0,0,0,0,4.50068,4.38861,4.38861,0.0245971,2,0.00792634,0.0255381,4.44145,2,11,0.0133357,False,False,False
solubility,5102,co2_water_binary,TODHEIDE,co2,solubility_molality,533.15,1000,0,0,0,0,0,0,8.8865,8.66317,8.66317,,1,0,0.0257798,8.65808,2,16,0.0263829,False,False,False
solubility,5104,co2_water_binary,TODHEIDE,co2,solubility_molality,533.15,1500,0,0,0,0,0,0,12.6001,11.7745,11.7745,,1,0,0.0701139,11.6802,2,11,0.0787591,False,False,False
solubility,5114,co2_water_binary,TAKENOUCHI,co2,solubility_molality,533.15,200,0,0,0,0,0,0,1.54032,1.57916,1.57916,0.0549307,2,0.0491931,-0.0245966,1.57725,2,6,-0.023418,False,False,False
solubility,5116,co2_water_binary,TAKENOUCHI,co2,solubility_molality,533.15,250,0,0,0,0,0,0,2.01326,,,,0,,,2.06227,2,9,-0.0237667,False,False,False
solubility,5118,co2_water_binary,TAKENOUCHI,co2,solubility_molality,533.15,300,0,0,0,0,0,0,2.55478,2.562,2.562,,1,0,-0.00281751,2.56479,2,6,-0.00390315,False,False,False
solubility,5120,co2_water_binary,TAKENOUCHI,co2,solubility_molality,533.15,400,0,0,0,0,0,0,3.48034,3.599,3.599,,1,0,-0.0329709,3.5578,2,12,-0.0217731,False,False,False
solubility,5122,co2_water_binary,TAKENOUCHI,co2,solubility_molality,533.15,500,0,0,0,0,0,0,4.37121,4.45334,4.45334,0.0669516,2,0.0212613,-0.0184418,4.50941,2,14,-0.0306458,False,False,False
solubility,5124,co2_water_binary,TAKENOUCHI,co2,solubility_molality,533.15,600,0,0,0,0,0,0,5.28941,5.64,5.64,,1,0,-0.0621609,5.60683,2,13,-0.0566131,False,False,False
solubility,5126,co2_water_binary,TAKENOUCHI,co2,solubility_molality,533.15,700,0,0,0,0,0,0,6.1676,,,,0,,,6.51587,2,16,-0.0534484,False,False,False
solubility,5128,co2_water_binary,TAKENOUCHI,co2,solubility_molality,533.15,800,0,0,0,0,0,0,7.07154,,,,0,,,7.06558,2,17,0.000843391,False,False,False
solubility,5130,co2_water_binary,TAKENOUCHI,co2,solubility_molality,533.15,900,0,0,0,0,0,0,7.92978,8.074,8.074,,1,0,-0.0178627,7.92801,2,17,0.000222353,False,False,False
solubility,5132,co2_water_binary,TAKENOUCHI,co2,solubility_molality,533.15,1000,0,0,0,0,0,0,8.66317,8.8865,8.8865,,1,0,-0.0251319,8.70155,2,19,-0.00441081,False,False,False
solubility,5134,co2_water_binary,TAKENOUCHI,co2,solubility_molality,533.15,1100,0,0,0,0,0,0,9.41371,,,,0,,,9.3836,2,23,0.00320928,False,False,False
solubility,5136,co2_water_binary,TAKENOUCHI,co2,solubility_molality,533.15,1200,0,0,0,0,0,0,10.182,9.768,9.768,,1,0,0.0423854,10.0405,2,22,0.0140982,False,False,False
solubility,5138,co2_water_binary,TAKENOUCHI,co2,solubility_molality,533.15,1300,0,0,0,0,0,0,10.573,,,,0,,,10.673,2,19,-0.00936703,False,False,False
solubility,5140,co2_water_binary,TAKENOUCHI,co2,solubility_molality,533.15,1400,0,0,0,0,0,0,10.9687,,,,0,,,11.5079,2,19,-0.0468526,False,False,False
solubility,5142,co2_water_binary,TAKENOUCHI,co2,solubility_molality,533.15,1500,0,0,0,0,0,0,11.7745,12.6001,12.6001,,1,0,-0.0655201,12.2531,2,17,-0.0390564,False,False,False
solubility,5144,co2_water_binary,Guo,co2,solubility_molality,533.15,200,0,0,0,0,0,0,1.618,1.54032,1.54032,0,2,0,0.0504336,1.53946,2,8,0.0510154,False,False,False
solubility,5146,co2_water_binary,Guo,co2,solubility_molality,533.15,300,0,0,0,0,0,0,2.562,2.55478,2.55478,,1,0,0.00282547,2.53161,2,9,0.0120027,False,False,False
solubility,5148,co2_water_binary,Guo,co2,solubility_molality,533.15,400,0,0,0,0,0,0,3.599,3.48034,3.48034,,1,0,0.0340951,3.47521,2,15,0.035621,False,False,False
solubility,5150,co2_water_binary,Guo,co2,solubility_molality,533.15,500,0,0,0,0,0,0,4.406,4.43595,4.43595,0.0915488,2,0.0291864,-0.00675147,4.42243,2,19,-0.0037146,False,False,False
solubility,5152,co2_water_binary,Guo,co2,solubility_molality,533.15,600,0,0,0,0,0,0,5.64,5.28941,5.28941,,1,0,0.0662809,5.30556,2,19,0.0630358,False,False,False
solubility,5154,co2_water_binary,Guo,co2,solubility_molality,533.15,900,0,0,0,0,0,0,8.074,7.92978,7.92978,,1,0,0.0181876,7.87619,2,27,0.0251147,False,False,False
solubility,5156,co2_water_binary,Guo,co2,solubility_molality,533.15,1200,0,0,0,0,0,0,9.768,10.182,10.182,,1,0,-0.0406619,10.0038,2,34,-0.0235736,False,False,False
solubility,5158,co2_water_binary,TODHEIDE,co2,solubility_molality,538.15,200,0,0,0,0,0,0,1.48174,,,,0,,,1.5835,2,6,-0.0642616,False,False,False
solubility,5160,co2_water_binary,TODHEIDE,co2,solubility_molality,538.15,500,0,0,0,0,0,0,4.82682,,,,0,,,4.92051,2,11,-0.0190397,False,False,False
solubility,5162,co2_water_binary,TODHEIDE,co2,solubility_molality,538.15,1000,0,0,0,0,0,0,10.182,,,,0,,,11.014,2,11,-0.0755415,False,False,False
solubility,5174,co2_water_binary,TODHEIDE,co2,solubility_molality,541.15,200,0,0,0,0,0,0,1.48174,,,,0,,,1.57978,2,6,-0.0620581,False,False,False
solubility,5176,co2_water_binary,TODHEIDE,co2,solubility_molality,541.15,300,0,0,0,0,0,0,2.79874,,,,0,,,2.68232,2,8,0.0434055,False,False,False
solubility,5178,co2_water_binary,TODHEIDE,co2,solubility_molality,541.15,400,0,0,0,0,0,0,3.79545,,,,0,,,3.92797,2,9,-0.0337387,False,False,False
solubility,5180,co2_water_binary,TODHEIDE,co2,solubility_molality,541.15,500,0,0,0,0,0,0,5.02421,,,,0,,,5.16792,2,11,-0.0278088,False,False,False
solubility,5182,co2_water_binary,TODHEIDE,co2,solubility_molality,541.15,600,0,0,0,0,0,0,5.82685,,,,0,,,6.45419,2,10,-0.0971978,False,False,False
solubility,5184,co2_water_binary,TODHEIDE,co2,solubility_molality,541.15,700,0,0,0,0,0,0,7.4263,,,,0,,,8.06571,2,13,-0.0792749,False,False,False
solubility,5186,co2_water_binary,TODHEIDE,co2,solubility_molality,541.15,800,0,0,0,0,0,0,8.8865,,,,0,,,9.90322,2,12,-0.102665,False,False,False
solubility,5188,co2_water_binary,TODHEIDE,co2,solubility_molality,541.15,900,0,0,0,0,0,0,10.573,,,,0,,,11.2721,2,11,-0.0620143,False,False,False
solubility,5190,co2_water_binary,TODHEIDE,co2,solubility_molality,541.15,1000,0,0,0,0,0,0,12.1023,,,,0,,,12.9806,2,11,-0.0676574,False,False,False
solubility,5192,co2_water_binary,TODHEIDE,co2,solubility_molality,541.15,1100,0,0,0,0,0,0,13.6179,,,,0,,,15.3209,2,12,-0.111156,False,False,False
solubility,5194,co2_water_binary,TODHEIDE,co2,solubility_molality,541.15,1200,0,0,0,0,0,0,14.8445,,,,0,,,16.5039,2,10,-0.100547,False,False,False
solubility,5204,co2_water_binary,TODHEIDE,co2,solubility_molality,543.15,200,0,0,0,0,0,0,1.48174,,,,0,,,1.58139,2,7,-0.0630096,False,False,False
solubility,5206,co2_water_binary,TODHEIDE,co2,solubility_molality,543.15,300,0,0,0,0,0,0,2.86006,,,,0,,,2.73137,2,10,0.0471135,False,False,False
solubility,5208,co2_water_binary,TODHEIDE,co2,solubility_molality,543.15,400,0,0,0,0,0,0,3.92244,,,,0,,,4.04646,2,12,-0.0306495,False,False,False
solubility,5210,co2_water_binary,TODHEIDE,co2,solubility_molality,543.15,500,0,0,0,0,0,0,5.28941,,,,0,,,5.36329,2,14,-0.0137755,False,False,False
solubility,5212,co2_water_binary,TODHEIDE,co2,solubility_molality,543.15,600,0,0,0,0,0,0,6.30497,,,,0,,,6.76921,2,12,-0.068582,False,False,False
solubility,5214,co2_water_binary,TODHEIDE,co2,solubility_molality,543.15,700,0,0,0,0,0,0,7.85736,,,,0,,,8.64062,2,15,-0.0906484,False,False,False
solubility,5216,co2_water_binary,TODHEIDE,co2,solubility_molality,543.15,800,0,0,0,0,0,0,9.64231,,,,0,,,10.925,2,13,-0.117405,False,False,False
solubility,5218,co2_water_binary,TODHEIDE,co2,solubility_molality,543.15,900,0,0,0,0,0,0,11.3692,,,,0,,,13.9853,2,11,-0.187059,False,True,True
solubility,5220,co2_water_binary,TODHEIDE,co2,solubility_molality,543.15,1000,0,0,0,0,0,0,13.0205,,,,0,,,21.5738,2,11,-0.396466,False,True,True
solubility,5222,co2_water_binary,TODHEIDE,co2,solubility_molality,543.15,1100,0,0,0,0,0,0,14.4896,,,,0,,,34.5169,2,12,-0.580217,False,True,True
solubility,5224,co2_water_binary,TODHEIDE,co2,solubility_molality,543.15,1200,0,0,0,0,0,0,16.2079,,,,0,,,18.7403,2,10,-0.135133,False,True,True
solubility,5230,co2_water_binary,TODHEIDE,co2,solubility_molality,548.15,200,0,0,0,0,0,0,1.42329,1.59901,1.59901,,1,0,-0.10989,1.60079,2,4,-0.110879,False,False,False
solubility,5232,co2_water_binary,TODHEIDE,co2,solubility_molality,548.15,300,0,0,0,0,0,0,2.86006,2.86006,2.86006,,1,0,0,2.85602,2,5,0.00141316,False,False,False
solubility,5234,co2_water_binary,TODHEIDE,co2,solubility_molality,548.15,400,0,0,0,0,0,0,4.17805,4.30669,4.30669,,1,0,-0.0298686,4.3235,2,6,-0.0336418,False,False,False
solubility,5236,co2_water_binary,TODHEIDE,co2,solubility_molality,548.15,500,0,0,0,0,0,0,5.6242,5.8947,5.8947,,1,0,-0.0458884,5.87994,2,7,-0.0434934,False,False,False
solubility,5238,co2_water_binary,TODHEIDE,co2,solubility_molality,548.15,600,0,0,0,0,0,0,7.14217,7.56933,7.56933,,1,0,-0.0564334,7.56742,2,6,-0.0561951,False,False,False
solubility,5240,co2_water_binary,TODHEIDE,co2,solubility_molality,548.15,700,0,0,0,0,0,0,8.81188,9.33787,9.33787,,1,0,-0.0563281,9.81146,2,7,-0.101879,False,False,False
solubility,5242,co2_water_binary,TODHEIDE,co2,solubility_molality,548.15,800,0,0,0,0,0,0,10.8099,11.7745,11.7745,,1,0,-0.0819252,13.6138,2,5,-0.20596,False,True,True
solubility,5244,co2_water_binary,TODHEIDE,co2,solubility_molality,548.15,900,0,0,0,0,0,0,13.4461,20.5305,20.5305,,1,0,-0.345066,,0,0,,False,False,False
solubility,5254,co2_water_binary,TAKENOUCHI,co2,solubility_molality,548.15,200,0,0,0,0,0,0,1.59901,1.42329,1.42329,,1,0,0.123457,1.50173,2,5,0.0647797,False,False,False
solubility,5256,co2_water_binary,TAKENOUCHI,co2,solubility_molality,548.15,250,0,0,0,0,0,0,2.19264,,,,0,,,2.13929,2,9,0.0249392,False,False,False
solubility,5258,co2_water_binary,TAKENOUCHI,co2,solubility_molality,548.15,300,0,0,0,0,0,0,2.86006,2.86006,2.86006,,1,0,0,2.84536,2,8,0.0051647,False,False,False
solubility,5260,co2_water_binary,TAKENOUCHI,co2,solubility_molality,548.15,400,0,0,0,0,0,0,4.30669,4.17805,4.17805,,1,0,0.0307882,4.10467,2,13,0.0492159,False,False,False
solubility,5262,co2_water_binary,TAKENOUCHI,co2,solubility_molality,548.15,500,0,0,0,0,0,0,5.8947,5.6242,5.6242,,1,0,0.0480954,5.48107,2,16,0.0754651,False,False,False
solubility,5264,co2_water_binary,TAKENOUCHI,co2,solubility_molality,548.15,600,0,0,0,0,0,0,7.56933,7.14217,7.14217,,1,0,0.0598086,6.98822,2,15,0.0831555,False,False,False
solubility,5266,co2_water_binary,TAKENOUCHI,co2,solubility_molality,548.15,700,0,0,0,0,0,0,9.33787,8.81188,8.81188,,1,0,0.0596903,8.8443,2,18,0.0558059,False,False,False
solubility,5268,co2_water_binary,TAKENOUCHI,co2,solubility_molality,548.15,800,0,0,0,0,0,0,11.7745,10.8099,10.8099,,1,0,0.0892359,11.1747,2,20,0.0536743,False,False,False
solubility,5270,co2_water_binary,TAKENOUCHI,co2,solubility_molality,548.15,885,0,0,0,0,0,0,20.5305,13.4461,13.4461,,1,0,0.52687,14.193,1,18,0.446529,False,False,False
solubility,5284,co2_water_binary,TODHEIDE,co2,solubility_molality,573.15,200,0,0,0,0,0,0,1.30675,1.63991,1.63991,0.0253296,2,0.0218435,-0.203158,1.62735,2,4,-0.197006,True,True,True
solubility,5286,co2_water_binary,TODHEIDE,co2,solubility_molality,573.15,300,0,0,0,0,0,0,2.86006,3.15828,3.15828,0.0145364,2,0.00650912,-0.0944257,3.16555,2,6,-0.0965055,False,False,False
solubility,5288,co2_water_binary,TODHEIDE,co2,solubility_molality,573.15,400,0,0,0,0,0,0,4.76131,5.09965,5.09965,0.0132277,2,0.00366826,-0.0663451,5.15718,2,9,-0.0767618,False,False,False
solubility,5290,co2_water_binary,TODHEIDE,co2,solubility_molality,573.15,500,0,0,0,0,0,0,7.92978,7.81806,7.81806,0.363531,2,0.0657594,0.0142902,8.87361,2,7,-0.106364,False,False,False
solubility,5296,co2_water_binary,TAKENOUCHI,co2,solubility_molality,573.15,100,0,0,0,0,0,0,0.222925,0.302,0.302,,1,0,-0.261836,,0,0,,False,False,False
solubility,5300,co2_water_binary,TAKENOUCHI,co2,solubility_molality,573.15,200,0,0,0,0,0,0,1.65782,1.622,1.622,,1,0,0.0220847,,0,0,,False,False,False
solubility,5304,co2_water_binary,TAKENOUCHI,co2,solubility_molality,573.15,300,0,0,0,0,0,0,3.16856,3.148,3.148,,1,0,0.00653037,,0,0,,False,False,False
solubility,5308,co2_water_binary,TAKENOUCHI,co2,solubility_molality,573.15,400,0,0,0,0,0,0,5.09029,5.109,5.109,,1,0,-0.00366154,5.1416,2,4,-0.00997891,False,False,False
solubility,5310,co2_water_binary,TAKENOUCHI,co2,solubility_molality,573.15,450,0,0,0,0,0,0,6.44294,,,,0,,,6.38682,2,5,0.00878756,False,False,False
solubility,5312,co2_water_binary,TAKENOUCHI,co2,solubility_molality,573.15,500,0,0,0,0,0,0,8.07511,7.74539,7.74539,0.260764,2,0.0476124,0.0425701,8.59566,2,5,-0.0605598,False,False,False
solubility,5314,co2_water_binary,TAKENOUCHI,co2,solubility_molality,573.15,550,0,0,0,0,0,0,11.3692,,,,0,,,11.8871,2,5,-0.0435674,False,False,False
solubility,5316,co2_water_binary,TAKENOUCHI,co2,solubility_molality,573.15,575,0,0,0,0,0,0,17.1466,,,,0,,,14.4968,2,4,0.182787,False,True,True
solubility,5318,co2_water_binary,Guo,co2,solubility_molality,573.15,100,0,0,0,0,0,0,0.302,0.222925,0.222925,,1,0,0.354713,,0,0,,False,False,False
solubility,5320,co2_water_binary,Guo,co2,solubility_molality,573.15,200,0,0,0,0,0,0,1.622,1.65782,1.65782,,1,0,-0.0216075,1.63135,1,3,-0.00573152,False,False,False
solubility,5322,co2_water_binary,Guo,co2,solubility_molality,573.15,300,0,0,0,0,0,0,3.148,3.16856,3.16856,,1,0,-0.006488,3.17116,1,4,-0.00730323,False,False,False
solubility,5324,co2_water_binary,Guo,co2,solubility_molality,573.15,400,0,0,0,0,0,0,5.109,5.09029,5.09029,,1,0,0.003675,5.18059,2,7,-0.0138191,False,False,False
solubility,5326,co2_water_binary,Guo,co2,solubility_molality,573.15,500,0,0,0,0,0,0,7.561,8.00244,8.00244,0.102767,2,0.0181612,-0.0551636,8.94775,2,8,-0.154983,False,True,True
solubility,5342,co2_water_binary,TODHEIDE,co2,solubility_molality,623.15,200,0,0,0,0,0,0,0.447649,0.845306,0.845306,,1,0,-0.47043,,0,0,,False,False,False
solubility,5344,co2_water_binary,TODHEIDE,co2,solubility_molality,623.15,250,0,0,0,0,0,0,1.48174,2.31285,2.31285,,1,0,-0.359343,2.13218,1,4,-0.305056,False,False,False
solubility,5346,co2_water_binary,TODHEIDE,co2,solubility_molality,623.15,300,0,0,0,0,0,0,2.98307,3.79545,3.79545,,1,0,-0.214041,4.34829,1,3,-0.313967,False,False,False
solubility,5348,co2_water_binary,TODHEIDE,co2,solubility_molality,623.15,325,0,0,0,0,0,0,4.63071,6.51216,6.51216,,1,0,-0.288913,6.02437,1,3,-0.231336,False,False,False
solubility,5352,co2_water_binary,TAKENOUCHI,co2,solubility_molality,623.15,200,0,0,0,0,0,0,0.845306,0.447649,0.447649,,1,0,0.888325,,0,0,,False,False,False
solubility,5354,co2_water_binary,TAKENOUCHI,co2,solubility_molality,623.15,250,0,0,0,0,0,0,2.31285,1.48174,1.48174,,1,0,0.560897,1.38456,1,5,0.670463,False,False,False
solubility,5356,co2_water_binary,TAKENOUCHI,co2,solubility_molality,623.15,300,0,0,0,0,0,0,3.79545,2.98307,2.98307,,1,0,0.272331,3.50992,1,4,0.0813502,False,False,False
solubility,5358,co2_water_binary,TAKENOUCHI,co2,solubility_molality,623.15,325,0,0,0,0,0,0,6.51216,4.63071,4.63071,,1,0,0.406298,5.46403,1,4,0.191824,False,False,False
solubility,5362,ch4_water_binary,CHAPOY(2004),ch4,solubility_molality,275.11,15.65,0,0,0,0,0,0,0.0350479,,,,0,,,0.0342229,4,8,0.0241075,False,False,False
solubility,5364,ch4_water_binary,CHAPOY(2004),ch4,solubility_molality,275.11,23.23,0,0,0,0,0,0,0.0500582,,,,0,,,0.0502496,4,10,-0.00380828,False,False,False
solubility,5366,ch4_water_binary,CHAPOY(2004),ch4,solubility_molality,275.11,28.2,0,0,0,0,0,0,0.058957,0.0634631,0.0634631,,1,0,-0.0710035,0.0605246,5,12,-0.0259002,False,False,False
solubility,5378,ch4_water_binary,LEKVAM(1997),ch4,solubility_molality,274.38,28.06,0,0,0,0,0,0,0.0634631,0.058957,0.058957,,1,0,0.0764304,,0,0,,False,False,False
solubility,5408,ch4_water_binary,BOTGER(2016),ch4,solubility_molality,283.14,11.51,0,0,0,0,0,0,0.0214,0.0191015,0.0191015,,1,0,0.120332,0.0199089,3,7,0.0748965,False,False,False
solubility,5410,ch4_water_binary,BOTGER(2016),ch4,solubility_molality,283.14,19.67,0,0,0,0,0,0,0.0352,0.0312689,0.0312689,,1,0,0.125721,0.0337023,4,12,0.0444391,False,False,False
solubility,5412,ch4_water_binary,BOTGER(2016),ch4,solubility_molality,283.14,24.56,0,0,0,0,0,0,0.0447,,,,0,,,0.0410089,4,16,0.0900082,False,False,False
solubility,5414,ch4_water_binary,BOTGER(2016),ch4,solubility_molality,283.14,33.42,0,0,0,0,0,0,0.0576,,,,0,,,0.0553212,5,14,0.0411925,False,False,False
solubility,5416,ch4_water_binary,BOTGER(2016),ch4,solubility_molality,283.14,33.49,0,0,0,0,0,0,0.0576,,,,0,,,0.0554327,5,14,0.0390972,False,False,False
solubility,5418,ch4_water_binary,BOTGER(2016),ch4,solubility_molality,283.14,38.76,0,0,0,0,0,0,0.0669,,,,0,,,0.0629471,7,22,0.0627972,False,False,False
solubility,5420,ch4_water_binary,BOTGER(2016),ch4,solubility_molality,283.14,46.73,0,0,0,0,0,0,0.0784,0.0624061,0.0624061,,1,0,0.256288,0.0735186,7,21,0.0663969,False,False,False
solubility,5422,ch4_water_binary,BOTGER(2016),ch4,solubility_molality,283.14,57.01,0,0,0,0,0,0,0.092,,,,0,,,0.0861156,7,22,0.0683314,False,False,False
solubility,5424,ch4_water_binary,CHAPOY(2004),ch4,solubility_molality,283.13,10.39,0,0,0,0,0,0,0.0182683,,,,0,,,0.0188707,3,4,-0.0319217,False,False,False
solubility,5426,ch4_water_binary,CHAPOY(2004),ch4,solubility_molality,283.12,18.1,0,0,0,0,0,0,0.030991,,,,0,,,0.0316975,4,10,-0.0222903,False,False,False
solubility,5428,ch4_water_binary,CHAPOY(2004),ch4,solubility_molality,283.13,27.56,0,0,0,0,0,0,0.0428856,0.0462215,0.0462215,,1,0,-0.0721711,0.0473272,5,17,-0.093848,False,False,False
solubility,5430,ch4_water_binary,CHAPOY(2004),ch4,solubility_molality,283.13,59.77,0,0,0,0,0,0,0.083165,0.0868677,0.0868677,0.0017718,2,0.0288451,-0.0426241,0.0904268,7,20,-0.0803057,False,False,False
solubility,5432,ch4_water_binary,FROST(2014),ch4,solubility_molality,283.89,50.1,0,0,0,0,0,0,0.0744811,0.082831,0.082831,,1,0,-0.100806,0.0775677,8,25,-0.0397924,False,False,False
solubility,5434,ch4_water_binary,FROST(2014),ch4,solubility_molality,283.89,58.7,0,0,0,0,0,0,0.0856148,0.083165,0.083165,,1,0,0.0294571,0.0870944,8,22,-0.0169881,False,False,False
solubility,5436,ch4_water_binary,FROST(2014),ch4,solubility_molality,283.89,47.8,0,0,0,0,0,0,0.0711419,,,,0,,,0.0748309,8,25,-0.0492982,False,False,False
solubility,5438,ch4_water_binary,FROST(2014),ch4,solubility_molality,283.89,64.7,0,0,0,0,0,0,0.0934111,0.0945529,0.0945529,,1,0,-0.0120758,0.0926198,8,24,0.00854402,False,False,False
solubility,5440,ch4_water_binary,FROST(2014),ch4,solubility_molality,283.89,74.1,0,0,0,0,0,0,0.105667,,,,0,,,0.10204,7,19,0.0355389,False,False,False
solubility,5442,ch4_water_binary,WANG(2003),ch4,solubility_molality,283.2,20,0,0,0,0,0,0,0.0312689,0.0352,0.0352,,1,0,-0.11168,0.0351374,4,18,-0.110097,False,False,False
solubility,5444,ch4_water_binary,WANG(2003),ch4,solubility_molality,283.2,40.4,0,0,0,0,0,0,0.060904,,,,0,,,0.0664069,6,25,-0.0828666,False,False,False
solubility,5446,ch4_water_binary,WANG(2003),ch4,solubility_molality,283.2,60.5,0,0,0,0,0,0,0.0881205,0.083165,0.083165,,1,0,0.0595864,0.0906621,8,23,-0.0280334,False,False,False
solubility,5448,ch4_water_binary,LEKVAM(1997),ch4,solubility_molality,283.37,17.65,0,0,0,0,0,0,0.0312133,,,,0,,,0.029923,4,9,0.0431195,False,False,False
solubility,5450,ch4_water_binary,LEKVAM(1997),ch4,solubility_molality,283.37,27.99,0,0,0,0,0,0,0.0462215,0.0428856,0.0428856,,1,0,0.0777849,0.0476005,5,17,-0.028971,False,False,False
solubility,5452,ch4_water_binary,LEKVAM(1997),ch4,solubility_molality,283.37,45.99,0,0,0,0,0,0,0.0624061,0.0784,0.0784,,1,0,-0.204004,0.0738527,8,30,-0.154993,False,True,True
solubility,5454,ch4_water_binary,LEKVAM(1997),ch4,solubility_molality,283.37,70.46,0,0,0,0,0,0,0.102937,,,,0,,,0.101099,8,22,0.0181719,False,False,False
solubility,5456,ch4_water_binary,WANG(1995),ch4,solubility_molality,283.15,11.5,0,0,0,0,0,0,0.0191015,0.0214,0.0214,,1,0,-0.107408,,0,0,,False,False,False
solubility,5458,ch4_water_binary,WANG(1995),ch4,solubility_molality,283.15,21.1,0,0,0,0,0,0,0.0372156,,,,0,,,0.0360409,4,16,0.0325922,False,False,False
solubility,5460,ch4_water_binary,WANG(1995),ch4,solubility_molality,283.15,31.1,0,0,0,0,0,0,0.053673,,,,0,,,0.0518343,5,15,0.035473,False,False,False
solubility,5462,ch4_water_binary,WANG(1995),ch4,solubility_molality,283.15,41.6,0,0,0,0,0,0,0.0711419,,,,0,,,0.0666985,6,18,0.0666193,False,False,False
solubility,5464,ch4_water_binary,WANG(1995),ch4,solubility_molality,283.15,51.8,0,0,0,0,0,0,0.0852251,,,,0,,,0.0796878,7,21,0.0694873,False,False,False
solubility,5466,ch4_water_binary,OU(2015),ch4,solubility_molality,283.15,50,0,0,0,0,0,0,0.082831,0.0749542,0.0749542,0.00066906,2,0.0126236,0.105088,0.0774001,7,23,0.0701664,False,False,False
solubility,5486,ch4_water_binary,LEKVAM(1997),ch4,solubility_molality,285.67,23.31,0,0,0,0,0,0,0.0364374,,,,0,,,0.0376817,4,12,-0.0330196,False,False,False
solubility,5488,ch4_water_binary,LEKVAM(1997),ch4,solubility_molality,285.65,27.98,0,0,0,0,0,0,0.0432192,,,,0,,,0.0450262,5,15,-0.0401314,False,False,False
solubility,5490,ch4_water_binary,LEKVAM(1997),ch4,solubility_molality,285.37,70.58,0,0,0,0,0,0,0.0911277,,,,0,,,0.0989314,8,27,-0.0788802,False,False,False
solubility,5492,ch4_water_binary,LEKVAM(1997),ch4,solubility_molality,285.67,87.89,0,0,0,0,0,0,0.104608,,,,0,,,0.119769,5,13,-0.126586,False,True,True
solubility,5494,ch4_water_binary,LEKVAM(1997),ch4,solubility_molality,285.68,90.82,0,0,0,0,0,0,0.111351,,,,0,,,0.123425,5,13,-0.0978252,False,False,False
solubility,5496,ch4_water_binary,OU(2015),ch4,solubility_molality,285.15,100,0,0,0,0,0,0,0.135772,,,,0,,,0.118105,4,8,0.149584,False,True,True
solubility,5506,ch4_water_binary,WANG(1995),ch4,solubility_molality,288.15,11.3,0,0,0,0,0,0,0.0180461,,,,0,,,0.0178705,4,6,0.00982619,False,False,False
solubility,5508,ch4_water_binary,WANG(1995),ch4,solubility_molality,288.15,22,0,0,0,0,0,0,0.03477,,,,0,,,0.0328222,12,20,0.0593457,False,False,False
solubility,5510,ch4_water_binary,WANG(1995),ch4,solubility_molality,288.15,31.1,0,0,0,0,0,0,0.0468331,,,,0,,,0.0472936,13,28,-0.00973718,False,False,False
solubility,5512,ch4_water_binary,WANG(1995),ch4,solubility_molality,288.15,41.1,0,0,0,0,0,0,0.061349,,,,0,,,0.0598246,14,42,0.0254819,False,False,False
solubility,5514,ch4_water_binary,WANG(1995),ch4,solubility_molality,288.15,50.9,0,0,0,0,0,0,0.0724775,0.0711419,0.0711419,,1,0,0.0187745,0.0732798,16,46,-0.0109481,False,False,False
solubility,5516,ch4_water_binary,OU(2015),ch4,solubility_molality,288.15,50,0,0,0,0,0,0,0.0711419,0.0724775,0.0724775,,1,0,-0.0184285,0.0733463,16,50,-0.0300549,False,False,False
solubility,5518,ch4_water_binary,OU(2015),ch4,solubility_molality,289.15,100,0,0,0,0,0,0,0.124618,,,,0,,,0.118814,13,29,0.0488517,False,False,False
solubility,5536,ch4_water_binary,WANG(2003),ch4,solubility_molality,293.2,30,0,0,0,0,0,0,0.0419405,,,,0,,,0.0419626,13,31,-0.000526514,False,False,False
solubility,5538,ch4_water_binary,WANG(2003),ch4,solubility_molality,293.2,60,0,0,0,0,0,0,0.0848353,0.0867841,0.0867841,,1,0,-0.0224558,0.0778233,17,44,0.090102,False,False,False
solubility,5540,ch4_water_binary,WANG(2003),ch4,solubility_molality,293.2,90,0,0,0,0,0,0,0.111741,0.10745,0.10745,,1,0,0.0399353,0.104333,14,37,0.0709981,False,False,False
solubility,5542,ch4_water_binary,WANG(2003),ch4,solubility_molality,293.2,120,0,0,0,0,0,0,0.134712,0.141295,0.141295,,1,0,-0.0465878,0.129167,12,28,0.0429311,False,False,False
solubility,5544,ch4_water_binary,WANG(2003),ch4,solubility_molality,293.2,150,0,0,0,0,0,0,0.15346,0.162838,0.162838,,1,0,-0.0575947,0.154547,10,24,-0.00703465,False,False,False
solubility,5546,ch4_water_binary,WANG(2003),ch4,solubility_molality,293.2,180,0,0,0,0,0,0,0.166356,0.169372,0.169372,,1,0,-0.0178047,0.168092,9,19,-0.010325,False,False,False
solubility,5548,ch4_water_binary,WANG(2003),ch4,solubility_molality,293.2,210,0,0,0,0,0,0,0.173226,0.18317,0.18317,,1,0,-0.0542887,0.182266,8,15,-0.0496015,False,False,False
solubility,5552,ch4_water_binary,WANG(1995),ch4,solubility_molality,293.15,22.8,0,0,0,0,0,0,0.0282682,,,,0,,,0.0322738,13,22,-0.124113,False,True,True
solubility,5554,ch4_water_binary,WANG(1995),ch4,solubility_molality,293.15,31.26,0,0,0,0,0,0,0.0446647,,,,0,,,0.0432048,13,25,0.033789,False,False,False
solubility,5556,ch4_water_binary,WANG(1995),ch4,solubility_molality,293.15,41.4,0,0,0,0,0,0,0.0602921,,,,0,,,0.0549852,13,35,0.096514,False,False,False
solubility,5558,ch4_water_binary,WANG(1995),ch4,solubility_molality,293.15,50.9,0,0,0,0,0,0,0.0675804,0.0627955,0.0627955,,1,0,0.0761989,0.0674948,17,43,0.0012695,False,False,False
solubility,5560,ch4_water_binary,OU(2015),ch4,solubility_molality,293.15,50,0,0,0,0,0,0,0.0627955,0.0675804,0.0675804,,1,0,-0.0708037,0.0675308,17,48,-0.0701208,False,False,False
solubility,5562,ch4_water_binary,OU(2015),ch4,solubility_molality,293.15,100,0,0,0,0,0,0,0.111797,,,,0,,,0.114501,13,29,-0.0236191,False,False,False
solubility,5580,ch4_water_binary,FROST(2014),ch4,solubility_molality,298.31,51.1,0,0,0,0,0,0,0.0661337,0.0621835,0.0622263,0.000548999,3,0.0176171,0.0635251,0.0609611,15,32,0.0848514,False,False,False
solubility,5582,ch4_water_binary,FROST(2014),ch4,solubility_molality,298.31,64.1,0,0,0,0,0,0,0.0778208,0.0772005,0.0772005,0.00565614,2,0.103613,0.00803428,0.0744544,15,34,0.0452137,False,False,False
solubility,5584,ch4_water_binary,FROST(2014),ch4,solubility_molality,298.31,84.5,0,0,0,0,0,0,0.0917403,,,,0,,,0.0930296,12,29,-0.0138594,False,False,False
solubility,5586,ch4_water_binary,FROST(2014),ch4,solubility_molality,298.31,114.6,0,0,0,0,0,0,0.107338,,,,0,,,0.113923,11,27,-0.0577954,False,False,False
solubility,5588,ch4_water_binary,FROST(2014),ch4,solubility_molality,298.31,154.8,0,0,0,0,0,0,0.133541,,,,0,,,0.136632,10,25,-0.0226279,False,False,False
solubility,5590,ch4_water_binary,FROST(2014),ch4,solubility_molality,298.31,194.9,0,0,0,0,0,0,0.145256,,,,0,,,0.1602,9,20,-0.0932826,False,False,False
solubility,5592,ch4_water_binary,MICHELS(1936),ch4,solubility_molality,298.15,40.6,0,0,0,0,0,0,0.0449983,0.0521714,0.0515135,0.00161911,3,0.058098,-0.137492,0.0507816,12,36,-0.113886,True,False,True
solubility,5594,ch4_water_binary,MICHELS(1936),ch4,solubility_molality,298.15,46,0,0,0,0,0,0,0.0500026,0.05498,0.05498,0.000825892,2,0.0212439,-0.0905313,0.0564457,15,35,-0.114146,False,False,False
solubility,5596,ch4_water_binary,MICHELS(1936),ch4,solubility_molality,298.15,81.2,0,0,0,0,0,0,0.0711419,0.0900139,0.0900139,,1,0,-0.209657,0.0903377,13,32,-0.21249,False,True,True
solubility,5598,ch4_water_binary,MICHELS(1936),ch4,solubility_molality,298.15,111.9,0,0,0,0,0,0,0.0878421,0.118095,0.118095,,1,0,-0.256175,0.11477,12,29,-0.234627,False,True,True
solubility,5600,ch4_water_binary,MICHELS(1936),ch4,solubility_molality,298.15,145.9,0,0,0,0,0,0,0.103995,,,,0,,,0.133831,11,26,-0.222934,False,True,True
solubility,5602,ch4_water_binary,MICHELS(1936),ch4,solubility_molality,298.15,176.5,0,0,0,0,0,0,0.116813,0.153906,0.153906,0.00197342,2,0.0181333,-0.241013,0.150788,10,23,-0.225317,True,True,True
solubility,5626,ch4_water_binary,STOESSELL(1982),ch4,solubility_molality,298.15,24.1317,0,0,0,0,0,0,0.0319,,,,0,,,0.0321273,12,23,-0.00707386,False,False,False
solubility,5628,ch4_water_binary,STOESSELL(1982),ch4,solubility_molality,298.15,37.9,0,0,0,0,0,0,0.0483,,,,0,,,0.0474816,13,36,0.0172366,False,False,False
solubility,5630,ch4_water_binary,STOESSELL(1982),ch4,solubility_molality,298.15,51.7,0,0,0,0,0,0,0.0617,0.0644646,0.0644646,0.0023605,2,0.0517842,-0.0428858,0.0622218,15,34,-0.00838684,False,False,False
solubility,5644,ch4_water_binary,YOKOYAMA(1988),ch4,solubility_molality,298.15,30,0,0,0,0,0,0,0.0377714,0.0404952,0.0404952,0.00165092,2,0.0576552,-0.0672617,0.039185,12,28,-0.0360746,False,False,False
solubility,5646,ch4_water_binary,YOKOYAMA(1988),ch4,solubility_molality,298.15,50,0,0,0,0,0,0,0.0599583,0.0605981,0.0604181,0.00319006,4,0.117555,-0.0105578,0.060356,15,37,-0.00658966,False,False,False
solubility,5648,ch4_water_binary,YOKOYAMA(1988),ch4,solubility_molality,298.15,80,0,0,0,0,0,0,0.0900139,0.0833877,0.0833877,,1,0,0.079462,0.0891532,13,32,0.00965351,False,False,False
solubility,5650,ch4_water_binary,KIM(2003),ch4,solubility_molality,298.15,23,0,0,0,0,0,0,0.0294906,0.0379938,0.0379938,,1,0,-0.223803,0.0307482,12,22,-0.0409002,False,False,False
solubility,5652,ch4_water_binary,KIM(2003),ch4,solubility_molality,298.15,49,0,0,0,0,0,0,0.0590126,0.0583174,0.0588328,0.00391934,4,0.152672,0.0119223,0.0592873,15,35,-0.00463257,False,False,False
solubility,5654,ch4_water_binary,KIM(2003),ch4,solubility_molality,298.15,49,0,0,0,0,0,0,0.0590126,0.0583174,0.0588328,0.00391934,4,0.152672,0.0119223,0.0592873,15,35,-0.00463257,False,False,False
solubility,5656,ch4_water_binary,KIM(2003),ch4,solubility_molality,298.15,69,0,0,0,0,0,0,0.0885103,,,,0,,,0.0787522,15,35,0.123909,False,True,True
solubility,5658,ch4_water_binary,KIM(2003),ch4,solubility_molality,298.15,110,0,0,0,0,0,0,0.118095,0.0878421,0.0878421,,1,0,0.344402,0.110483,12,31,0.068903,False,False,False
solubility,5660,ch4_water_binary,KIM(2003),ch4,solubility_molality,298.15,166,0,0,0,0,0,0,0.147711,,,,0,,,0.14289,10,25,0.0337416,False,False,False
solubility,5662,ch4_water_binary,WANG(1995),ch4,solubility_molality,298.15,11.73,0,0,0,0,0,0,0.0164354,,,,0,,,0.0133262,3,6,0.233309,False,True,True
solubility,5664,ch4_water_binary,WANG(1995),ch4,solubility_molality,298.15,18.65,0,0,0,0,0,0,0.0257123,0.0241622,0.0241622,,1,0,0.0641529,0.0238678,7,10,0.0772781,False,False,False
solubility,5666,ch4_water_binary,WANG(1995),ch4,solubility_molality,298.15,25.76,0,0,0,0,0,0,0.0351591,0.0340475,0.0340475,,1,0,0.0326471,0.0343115,12,19,0.0247016,False,False,False
solubility,5668,ch4_water_binary,WANG(1995),ch4,solubility_molality,298.15,33.9,0,0,0,0,0,0,0.0434416,,,,0,,,0.0431801,11,20,0.00605458,False,False,False
solubility,5670,ch4_water_binary,WANG(1995),ch4,solubility_molality,298.15,43.4,0,0,0,0,0,0,0.054841,,,,0,,,0.0528659,15,30,0.037359,False,False,False
solubility,5672,ch4_water_binary,WANG(1995),ch4,solubility_molality,298.15,50.2,0,0,0,0,0,0,0.0621835,0.0618791,0.0616421,0.0041763,4,0.152835,0.00491885,0.0603329,15,32,0.0306732,False,False,False
solubility,5674,ch4_water_binary,YANG(2001),ch4,solubility_molality,298.1,23.3,0,0,0,0,0,0,0.0379938,0.028546,0.028546,0.00133589,2,0.0661818,0.330965,0.0303207,12,22,0.253063,True,True,True
solubility,5676,ch4_water_binary,YANG(2001),ch4,solubility_molality,298.1,41.1,0,0,0,0,0,0,0.0496689,0.0521714,0.0499566,0.00430212,3,0.147623,-0.0479662,0.0511587,12,35,-0.0291199,False,False,False
solubility,5678,ch4_water_binary,YANG(2001),ch4,solubility_molality,298.1,48.8,0,0,0,0,0,0,0.0548966,0.0590126,0.0590126,,1,0,-0.0697488,0.059291,15,33,-0.0741163,False,False,False
solubility,5680,ch4_water_binary,YANG(2001),ch4,solubility_molality,298.1,56.5,0,0,0,0,0,0,0.0722549,,,,0,,,0.0680258,16,34,0.0621694,False,False,False
solubility,5682,ch4_water_binary,YANG(2001),ch4,solubility_molality,298.1,60.1,0,0,0,0,0,0,0.0700289,0.0677474,0.0677474,0.00149516,2,0.0312111,0.0336763,0.0719683,15,30,-0.0269481,False,False,False
solubility,5684,ch4_water_binary,YANG(2001),ch4,solubility_molality,298.1,67.2,0,0,0,0,0,0,0.0728114,,,,0,,,0.0787799,15,31,-0.0757612,False,False,False
solubility,5686,ch4_water_binary,YANG(2001),ch4,solubility_molality,298.1,78.2,0,0,0,0,0,0,0.082831,0.0833877,0.0833877,,1,0,-0.00667661,0.0890032,12,26,-0.0693479,False,False,False
solubility,5688,ch4_water_binary,YANG(2001),ch4,solubility_molality,298.1,87.5,0,0,0,0,0,0,0.085058,0.0962999,0.0962999,0.00424285,2,0.0623084,-0.116738,0.0967742,12,25,-0.121067,True,True,True
solubility,5690,ch4_water_binary,YANG(2001),ch4,solubility_molality,298.1,95.6,0,0,0,0,0,0,0.107338,,,,0,,,0.102445,12,23,0.0477706,False,False,False
solubility,5692,ch4_water_binary,YANG(2001),ch4,solubility_molality,298.1,118.4,0,0,0,0,0,0,0.112911,,,,0,,,0.116703,11,27,-0.0324873,False,False,False
solubility,5694,ch4_water_binary,YANG(2001),ch4,solubility_molality,298.1,126.8,0,0,0,0,0,0,0.114583,,,,0,,,0.12118,11,27,-0.0544376,False,False,False
solubility,5696,ch4_water_binary,OU(2015),ch4,solubility_molality,298.15,50,0,0,0,0,0,0,0.0566764,0.0610709,0.0612386,0.00216393,4,0.0783904,-0.0719573,0.060551,15,35,-0.0639892,False,False,False
solubility,5698,ch4_water_binary,OU(2015),ch4,solubility_molality,298.15,100,0,0,0,0,0,0,0.10511,,,,0,,,0.10455,12,26,0.00535241,False,False,False
solubility,5700,ch4_water_binary,OU(2015),ch4,solubility_molality,298.15,200,0,0,0,0,0,0,0.167026,,,,0,,,0.159904,9,18,0.0445445,False,False,False
solubility,5702,ch4_water_binary,OU(2015),ch4,solubility_molality,298.15,300,0,0,0,0,0,0,0.203907,,,,0,,,0.193539,2,6,0.0535739,False,False,False
solubility,5704,ch4_water_binary,OU(2015),ch4,solubility_molality,298.15,400,0,0,0,0,0,0,0.236918,,,,0,,,0.221959,2,5,0.067393,False,False,False
solubility,5716,ch4_water_binary,ADDICKS(2002),ch4,solubility_molality,298.15,73.6,0,0,0,0,0,0,0.0822742,0.0867285,0.0867285,,1,0,-0.0513581,0.0831881,12,29,-0.0109854,False,False,False
solubility,5718,ch4_water_binary,ADDICKS(2002),ch4,solubility_molality,298.15,102.2,0,0,0,0,0,0,0.111797,0.112948,0.112948,0.0016287,2,0.0203928,-0.0101964,0.105627,12,26,0.0584125,False,False,False
solubility,5720,ch4_water_binary,ADDICKS(2002),ch4,solubility_molality,298.15,139.2,0,0,0,0,0,0,0.133541,0.131868,0.131868,,1,0,0.0126887,0.125658,11,27,0.0627316,False,False,False
solubility,5722,ch4_water_binary,ADDICKS(2002),ch4,solubility_molality,298.15,178.2,0,0,0,0,0,0,0.152511,0.155302,0.155302,,1,0,-0.0179704,0.150088,10,23,0.0161414,False,False,False
solubility,5724,ch4_water_binary,AWAN(2010),ch4,solubility_molality,298.78,9.93,0,0,0,0,0,0,0.0127699,0.0132142,0.0132142,,1,0,-0.0336212,0.013029,4,7,-0.0198899,False,False,False
solubility,5726,ch4_water_binary,AWAN(2010),ch4,solubility_molality,298.77,27.95,0,0,0,0,0,0,0.0355481,,,,0,,,0.0365058,11,22,-0.0262329,False,False,False
solubility,5728,ch4_water_binary,AWAN(2010),ch4,solubility_molality,298.78,59.91,0,0,0,0,0,0,0.0666902,0.0694167,0.0694167,0.00086567,2,0.0176361,-0.0392786,,0,0,,False,False,False
solubility,5730,ch4_water_binary,AWAN(2010),ch4,solubility_molality,298.78,78.93,0,0,0,0,0,0,0.0833877,0.0864224,0.0864224,0.00507908,2,0.0831139,-0.0351148,0.0874719,13,31,-0.046691,False,False,False
solubility,5732,ch4_water_binary,BOTGER(2016),ch4,solubility_molality,298.15,32,0,0,0,0,0,0,0.0424,0.0398281,0.0398281,,1,0,0.0645749,0.0412494,12,28,0.0278946,False,False,False
solubility,5734,ch4_water_binary,BOTGER(2016),ch4,solubility_molality,298.15,41.11,0,0,0,0,0,0,0.0527,0.0496689,0.0489462,0.00364077,3,0.144419,0.0610252,0.0506747,12,35,0.0399672,False,False,False
solubility,5736,ch4_water_binary,BOTGER(2016),ch4,solubility_molality,298.15,49.89,0,0,0,0,0,0,0.0638,0.0594855,0.0594577,0.0022814,4,0.0925791,0.0725309,0.0598944,15,35,0.0652085,False,False,False
solubility,5738,ch4_water_binary,BOTGER(2016),ch4,solubility_molality,298.15,65.39,0,0,0,0,0,0,0.0812,0.0755109,0.0755109,0.00326665,2,0.0611798,0.0753416,0.0758968,15,35,0.0698739,False,False,False
solubility,5740,ch4_water_binary,BOTGER(2016),ch4,solubility_molality,298.15,86.75,0,0,0,0,0,0,0.0993,0.085058,0.085058,,1,0,0.167438,0.0944462,12,27,0.0513924,False,False,False
solubility,5742,ch4_water_binary,BOTGER(2016),ch4,solubility_molality,298.15,103.6,0,0,0,0,0,0,0.1141,0.111797,0.111797,0,2,0,0.0206029,0.106282,12,28,0.0735627,False,False,False
solubility,5744,ch4_water_binary,CARROLL(1998),ch4,solubility_molality,298.15,0.97,0,0,0,0,0,0,0.00144326,0.00129722,0.00129722,,1,0,0.112578,0.00130981,6,38,0.10188,False,False,False
solubility,5746,ch4_water_binary,CARROLL(1998),ch4,solubility_molality,298.15,8.22,0,0,0,0,0,0,0.0122145,,,,0,,,0.0104243,4,6,0.171742,False,True,True
solubility,5748,ch4_water_binary,CARROLL(1998),ch4,solubility_molality,298.15,30.1,0,0,0,0,0,0,0.0416626,0.0384801,0.0384801,0.00100227,2,0.0368353,0.0827034,0.0390243,12,28,0.0676047,False,False,False
solubility,5750,ch4_water_binary,CARROLL(1998),ch4,solubility_molality,298.15,58.3,0,0,0,0,0,0,0.0700289,0.0688046,0.0688046,,1,0,0.017793,0.069477,15,36,0.00794264,False,False,False
solubility,5752,ch4_water_binary,CARROLL(1998),ch4,solubility_molality,298.15,73.6,0,0,0,0,0,0,0.0867285,0.0822742,0.0822742,,1,0,0.0541385,0.0828952,12,28,0.0462424,False,False,False
solubility,5754,ch4_water_binary,CARROLL(1998),ch4,solubility_molality,298.15,102.2,0,0,0,0,0,0,0.111797,0.112948,0.112948,0.0016287,2,0.0203928,-0.0101964,0.105629,12,26,0.0583945,False,False,False
solubility,5756,ch4_water_binary,CARROLL(1998),ch4,solubility_molality,298.15,139.2,0,0,0,0,0,0,0.131868,0.133541,0.133541,,1,0,-0.0125297,0.125744,11,27,0.0486969,False,False,False
solubility,5758,ch4_water_binary,CARROLL(1998),ch4,solubility_molality,298.15,178.2,0,0,0,0,0,0,0.155302,0.152511,0.152511,,1,0,0.0182992,0.149874,10,23,0.0362129,False,False,False
solubility,5760,ch4_water_binary,CHAPOY(2004),ch4,solubility_molality,298.16,9.77,0,0,0,0,0,0,0.0132142,0.0127699,0.0127699,,1,0,0.0347909,0.0128104,4,7,0.0315136,False,False,False
solubility,5762,ch4_water_binary,CHAPOY(2004),ch4,solubility_molality,298.16,25.42,0,0,0,0,0,0,0.0340475,0.0351591,0.0351591,,1,0,-0.031615,0.0336811,12,23,0.0108793,False,False,False
solubility,5764,ch4_water_binary,CHAPOY(2004),ch4,solubility_molality,298.15,59.22,0,0,0,0,0,0,0.0688046,0.0700289,0.068916,0.00192761,3,0.0476763,-0.017482,0.070564,15,33,-0.0249332,False,False,False
solubility,5766,ch4_water_binary,CHAPOY(2004),ch4,solubility_molality,298.13,159.07,0,0,0,0,0,0,0.136832,,,,0,,,0.139309,10,26,-0.0177856,False,False,False
solubility,5768,ch4_water_binary,CULBERSON(1951),ch4,solubility_molality,298.15,23.5,0,0,0,0,0,0,0.0276014,0.0379938,0.0379938,,1,0,-0.273528,0.0317053,12,21,-0.129438,False,True,True
solubility,5770,ch4_water_binary,CULBERSON(1951),ch4,solubility_molality,298.15,31.6469,0,0,0,0,0,0,0.0398281,0.0424,0.0424,,1,0,-0.0606579,0.0410756,12,27,-0.0303703,False,False,False
solubility,5772,ch4_water_binary,CULBERSON(1951),ch4,solubility_molality,298.15,45.4,0,0,0,0,0,0,0.055564,,,,0,,,0.0554305,15,35,0.00240788,False,False,False
solubility,5774,ch4_water_binary,CULBERSON(1951),ch4,solubility_molality,298.15,64.4,0,0,0,0,0,0,0.073201,0.0795104,0.0795104,0.00238948,2,0.0425006,-0.0793527,0.075557,15,36,-0.031182,False,False,False
solubility,5776,ch4_water_binary,CULBERSON(1951),ch4,solubility_molality,298.15,88.9,0,0,0,0,0,0,0.0932997,0.085058,0.085058,,1,0,0.0968946,0.0968149,12,28,-0.036308,False,False,False
solubility,5778,ch4_water_binary,CULBERSON(1951),ch4,solubility_molality,298.15,133.1,0,0,0,0,0,0,0.124339,,,,0,,,0.123093,11,28,0.0101244,False,False,False
solubility,5780,ch4_water_binary,CULBERSON(1951),ch4,solubility_molality,298.15,172,0,0,0,0,0,0,0.143861,,,,0,,,0.147044,10,21,-0.0216425,False,False,False
solubility,5782,ch4_water_binary,CULBERSON(1951),ch4,solubility_molality,298.15,242.4,0,0,0,0,0,0,0.17317,,,,0,,,0.180573,6,16,-0.0409985,False,False,False
solubility,5784,ch4_water_binary,CULBERSON(1951),ch4,solubility_molality,298.15,331.6,0,0,0,0,0,0,0.203907,,,,0,,,0.214311,2,10,-0.0485452,False,False,False
solubility,5786,ch4_water_binary,CULBERSON(1951),ch4,solubility_molality,298.15,444,0,0,0,0,0,0,0.232439,,,,0,,,0.247761,2,8,-0.0618396,False,False,False
solubility,5792,ch4_water_binary,DUFFY(1961),ch4,solubility_molality,298.15,11.032,0,0,0,0,0,0,0.0118813,,,,0,,,0.0149788,4,6,-0.206789,False,True,True
solubility,5794,ch4_water_binary,DUFFY(1961),ch4,solubility_molality,298.15,14.824,0,0,0,0,0,0,0.0151579,,,,0,,,0.0203905,2,5,-0.256619,False,True,True
solubility,5796,ch4_water_binary,DUFFY(1961),ch4,solubility_molality,298.15,15.858,0,0,0,0,0,0,0.020879,,,,0,,,0.0219804,2,6,-0.0501061,False,False,False
solubility,5798,ch4_water_binary,DUFFY(1961),ch4,solubility_molality,298.15,29.647,0,0,0,0,0,0,0.0393278,0.039717,0.039717,0.00275146,2,0.097972,-0.00979885,0.0387964,12,23,0.0136975,False,False,False
solubility,5800,ch4_water_binary,DUFFY(1961),ch4,solubility_molality,298.15,30.682,0,0,0,0,0,0,0.0390499,0.0416626,0.0416626,,1,0,-0.0627108,0.039875,12,24,-0.0206926,False,False,False
solubility,5802,ch4_water_binary,DUFFY(1961),ch4,solubility_molality,298.15,35.439,0,0,0,0,0,0,0.0444423,,,,0,,,0.0447497,13,28,-0.00686914,False,False,False
solubility,5804,ch4_water_binary,DUFFY(1961),ch4,solubility_molality,298.15,40.334,0,0,0,0,0,0,0.0521714,0.0496689,0.0491224,0.00387984,3,0.155061,0.0503829,0.0499015,12,30,0.0454869,False,False,False
solubility,5806,ch4_water_binary,DUFFY(1961),ch4,solubility_molality,298.15,46.9,0,0,0,0,0,0,0.054396,,,,0,,,0.0568961,15,32,-0.0439412,False,False,False
solubility,5808,ch4_water_binary,DUFFY(1961),ch4,solubility_molality,298.15,51.7,0,0,0,0,0,0,0.0627955,0.0639169,0.0639169,0.00313513,2,0.0693672,-0.0175443,0.0622471,15,33,0.00881025,False,False,False
solubility,5818,ch4_water_binary,CAMPOS(2010),ch4,solubility_molality,303.2,6.383,0,0,0,0,0,0,0.0144137,,,,0,,,0.00770307,2,4,0.871167,False,True,True
solubility,5826,ch4_water_binary,DUFFY(1961),ch4,solubility_molality,303.15,9.377,0,0,0,0,0,0,0.0128809,,,,0,,,0.00663242,4,7,0.94212,False,True,True
solubility,5828,ch4_water_binary,DUFFY(1961),ch4,solubility_molality,303.15,19.7,0,0,0,0,0,0,0.0272125,,,,0,,,0.0242073,8,12,0.124144,False,True,True
solubility,5830,ch4_water_binary,DUFFY(1961),ch4,solubility_molality,303.15,20.477,0,0,0,0,0,0,0.0273792,,,,0,,,0.0251736,8,12,0.0876159,False,False,False
solubility,5832,ch4_water_binary,DUFFY(1961),ch4,solubility_molality,303.15,27.441,0,0,0,0,0,0,0.033992,,,,0,,,0.0331786,11,20,0.0245148,False,False,False
solubility,5834,ch4_water_binary,DUFFY(1961),ch4,solubility_molality,303.15,36.06,0,0,0,0,0,0,0.0424409,,,,0,,,0.0422383,15,32,0.00479581,False,False,False
solubility,5836,ch4_water_binary,WANG(2003),ch4,solubility_molality,303.2,102.2,0,0,0,0,0,0,0.110961,,,,0,,,0.0979141,14,33,0.133246,False,True,True
solubility,5838,ch4_water_binary,WANG(2003),ch4,solubility_molality,303.2,151.8,0,0,0,0,0,0,0.134154,,,,0,,,0.125478,11,31,0.0691483,False,False,False
solubility,5840,ch4_water_binary,WANG(2003),ch4,solubility_molality,303.2,201.6,0,0,0,0,0,0,0.154911,,,,0,,,0.150338,10,20,0.0304207,False,False,False
solubility,5842,ch4_water_binary,WANG(2003),ch4,solubility_molality,303.2,251.5,0,0,0,0,0,0,0.171606,,,,0,,,0.170618,8,18,0.00579261,False,False,False
solubility,5844,ch4_water_binary,WANG(2003),ch4,solubility_molality,303.2,301.1,0,0,0,0,0,0,0.188311,,,,0,,,0.187859,3,9,0.00240337,False,False,False
solubility,5846,ch4_water_binary,WANG(2003),ch4,solubility_molality,303.2,350.8,0,0,0,0,0,0,0.203851,,,,0,,,0.205266,3,9,-0.00689056,False,False,False
solubility,5848,ch4_water_binary,WANG(2003),ch4,solubility_molality,303.2,400.3,0,0,0,0,0,0,0.225667,,,,0,,,0.217723,3,12,0.0364885,False,False,False
solubility,5850,ch4_water_binary,CULBERSON(1951),ch4,solubility_molality,310.928,22.7527,0,0,0,0,0,0,0.0244345,,,,0,,,0.0240132,4,6,0.0175411,False,False,False
solubility,5852,ch4_water_binary,CULBERSON(1951),ch4,solubility_molality,310.928,32.9,0,0,0,0,0,0,0.034381,,,,0,,,0.0357989,6,8,-0.0396076,False,False,False
solubility,5854,ch4_water_binary,CULBERSON(1951),ch4,solubility_molality,310.928,45.8,0,0,0,0,0,0,0.0466107,,,,0,,,0.0432622,6,8,0.0774009,False,False,False
solubility,5858,ch4_water_binary,CULBERSON(1951),ch4,solubility_molality,310.928,87.6,0,0,0,0,0,0,0.0800474,,,,0,,,0.0828714,7,12,-0.0340762,False,False,False
solubility,5860,ch4_water_binary,CULBERSON(1951),ch4,solubility_molality,310.928,131,0,0,0,0,0,0,0.10511,,,,0,,,0.109089,7,11,-0.0364818,False,False,False
solubility,5862,ch4_water_binary,CULBERSON(1951),ch4,solubility_molality,310.928,177.5,0,0,0,0,0,0,0.127406,,,,0,,,0.132382,6,10,-0.0375879,False,False,False
solubility,5864,ch4_water_binary,CULBERSON(1951),ch4,solubility_molality,310.928,243.7,0,0,0,0,0,0,0.153627,,,,0,,,0.157601,5,9,-0.0252151,False,False,False
solubility,5866,ch4_water_binary,CULBERSON(1951),ch4,solubility_molality,310.928,338.5,0,0,0,0,0,0,0.185461,0.186578,0.186578,,1,0,-0.0059901,0.188807,3,7,-0.017724,False,False,False
solubility,5868,ch4_water_binary,CULBERSON(1951),ch4,solubility_molality,310.928,449.9,0,0,0,0,0,0,0.21789,,,,0,,,0.219331,3,5,-0.00657241,False,False,False
solubility,5870,ch4_water_binary,CULBERSON(1951),ch4,solubility_molality,310.928,542.6,0,0,0,0,0,0,0.232439,,,,0,,,0.244632,2,4,-0.0498399,False,False,False
solubility,5874,ch4_water_binary,AMIRIJAFARI(1972),ch4,solubility_molality,310.928,41.4,0,0,0,0,0,0,0.0421629,,,,0,,,0.0431129,6,8,-0.022035,False,False,False
solubility,5876,ch4_water_binary,AMIRIJAFARI(1972),ch4,solubility_molality,310.928,137.9,0,0,0,0,0,0,0.108787,,,,0,,,0.112281,7,11,-0.0311152,False,False,False
solubility,5878,ch4_water_binary,AMIRIJAFARI(1972),ch4,solubility_molality,310.928,206.8,0,0,0,0,0,0,0.140179,,,,0,,,0.142588,6,9,-0.0168945,False,False,False
solubility,5880,ch4_water_binary,AMIRIJAFARI(1972),ch4,solubility_molality,310.928,344.7,0,0,0,0,0,0,0.186578,0.185461,0.185461,,1,0,0.00602619,0.190769,3,9,-0.0219658,False,False,False
solubility,5882,ch4_water_binary,AWAN(2010),ch4,solubility_molality,314.25,11.42,0,0,0,0,0,0,0.0116592,,,,0,,,0.0129896,3,6,-0.102419,False,False,False
solubility,5884,ch4_water_binary,AWAN(2010),ch4,solubility_molality,314.28,25.14,0,0,0,0,0,0,0.0238789,,,,0,,,0.0249481,5,7,-0.0428589,False,False,False
solubility,5886,ch4_water_binary,AWAN(2010),ch4,solubility_molality,314.27,78.92,0,0,0,0,0,0,0.0722549,0.0806041,0.0806041,,1,0,-0.103583,0.0722229,9,19,0.00044337,False,False,False
solubility,5888,ch4_water_binary,AWAN(2010),ch4,solubility_molality,314.24,99.81,0,0,0,0,0,0,0.0889558,,,,0,,,0.0856738,10,20,0.0383088,False,False,False
solubility,5902,ch4_water_binary,CARROLL(1998),ch4,solubility_molality,313.15,8.15,0,0,0,0,0,0,0.00882724,,,,0,,,0.00737859,3,4,0.196332,False,True,True
solubility,5904,ch4_water_binary,CARROLL(1998),ch4,solubility_molality,313.15,29.6,0,0,0,0,0,0,0.0308243,,,,0,,,0.0304807,7,9,0.0112726,False,False,False
solubility,5906,ch4_water_binary,CARROLL(1998),ch4,solubility_molality,313.15,61.9,0,0,0,0,0,0,0.0605702,,,,0,,,0.0549521,8,17,0.102237,False,False,False
solubility,5908,ch4_water_binary,CARROLL(1998),ch4,solubility_molality,313.15,94.3,0,0,0,0,0,0,0.0817175,,,,0,,,0.0842999,9,16,-0.0306328,False,False,False
solubility,5910,ch4_water_binary,CARROLL(1998),ch4,solubility_molality,313.15,129.5,0,0,0,0,0,0,0.103438,,,,0,,,0.10755,8,13,-0.0382336,False,False,False
solubility,5912,ch4_water_binary,CARROLL(1998),ch4,solubility_molality,313.15,179.6,0,0,0,0,0,0,0.129637,0.129358,0.129358,,1,0,0.00215556,0.132194,7,14,-0.0193483,False,False,False
solubility,5914,ch4_water_binary,CHAPOY(2004),ch4,solubility_molality,313.11,10.25,0,0,0,0,0,0,0.011326,,,,0,,,0.0114346,3,5,-0.00949579,False,False,False
solubility,5916,ch4_water_binary,CHAPOY(2004),ch4,solubility_molality,313.11,25.34,0,0,0,0,0,0,0.0246011,,,,0,,,0.0254019,5,8,-0.0315224,False,False,False
solubility,5918,ch4_water_binary,CHAPOY(2004),ch4,solubility_molality,313.11,77.98,0,0,0,0,0,0,0.0725332,0.0806041,0.0806041,,1,0,-0.100131,0.0721992,7,14,0.00462626,False,False,False
solubility,5920,ch4_water_binary,CHAPOY(2004),ch4,solubility_molality,313.11,179.98,0,0,0,0,0,0,0.129358,0.129637,0.129637,,1,0,-0.00215092,0.132374,6,12,-0.0227854,False,False,False
solubility,5922,ch4_water_binary,FROST(2014),ch4,solubility_molality,313.11,54.8,0,0,0,0,0,0,0.0372712,,,,0,,,0.0545249,5,8,-0.316438,False,True,True
solubility,5924,ch4_water_binary,FROST(2014),ch4,solubility_molality,313.11,67.8,0,0,0,0,0,0,0.0508367,0.0700289,0.0700289,,1,0,-0.27406,0.0676311,6,11,-0.248323,False,True,True
solubility,5926,ch4_water_binary,FROST(2014),ch4,solubility_molality,313.11,81.5,0,0,0,0,0,0,0.0683595,,,,0,,,0.0772484,7,13,-0.115069,False,False,False
solubility,5928,ch4_water_binary,FROST(2014),ch4,solubility_molality,313.11,124.6,0,0,0,0,0,0,0.10511,,,,0,,,0.101281,6,8,0.0378036,False,False,False
solubility,5930,ch4_water_binary,FROST(2014),ch4,solubility_molality,313.11,167.8,0,0,0,0,0,0,0.130752,,,,0,,,0.123901,6,10,0.055293,False,False,False
solubility,5940,ch4_water_binary,KIEPE(2003),ch4,solubility_molality,313.35,34.9,0,0,0,0,0,0,0.039439,,,,0,,,0.0356423,6,8,0.106523,False,False,False
solubility,5942,ch4_water_binary,KIEPE(2003),ch4,solubility_molality,313.35,43.1,0,0,0,0,0,0,0.0477783,,,,0,,,0.037271,7,9,0.281919,False,True,True
solubility,5944,ch4_water_binary,KIEPE(2003),ch4,solubility_molality,313.35,60,0,0,0,0,0,0,0.0639082,,,,0,,,0.0488726,8,15,0.307649,False,True,True
solubility,5946,ch4_water_binary,KIEPE(2003),ch4,solubility_molality,313.35,66.5,0,0,0,0,0,0,0.0700289,0.0508367,0.0508367,,1,0,0.377525,0.0561382,8,17,0.247437,False,True,True
solubility,5948,ch4_water_binary,KIEPE(2003),ch4,solubility_molality,313.35,78.2,0,0,0,0,0,0,0.0806041,0.072394,0.072394,0.000196764,2,0.00384378,0.113408,0.0685213,8,14,0.176336,False,True,True
solubility,5950,ch4_water_binary,KIEPE(2003),ch4,solubility_molality,313.35,84.2,0,0,0,0,0,0,0.0856148,,,,0,,,0.0739126,8,15,0.158325,False,True,True
solubility,5952,ch4_water_binary,OU(2015),ch4,solubility_molality,313.15,50,0,0,0,0,0,0,0.0438863,,,,0,,,0.0474469,8,13,-0.0750439,False,False,False
solubility,5954,ch4_water_binary,OU(2015),ch4,solubility_molality,313.15,100,0,0,0,0,0,0,0.085058,,,,0,,,0.0880616,10,19,-0.0341076,False,False,False
solubility,5956,ch4_water_binary,OU(2015),ch4,solubility_molality,313.15,200,0,0,0,0,0,0,0.139677,,,,0,,,0.139008,7,13,0.00480949,False,False,False
solubility,5998,ch4_water_binary,CARROLL(1998),ch4,solubility_molality,323.15,31.5,0,0,0,0,0,0,0.0294351,,,,0,,,0.0301743,3,4,-0.0244977,False,False,False
solubility,6000,ch4_water_binary,CARROLL(1998),ch4,solubility_molality,323.15,51.9,0,0,0,0,0,0,0.0455543,,,,0,,,0.0425818,5,9,0.069806,False,False,False
solubility,6002,ch4_water_binary,CARROLL(1998),ch4,solubility_molality,323.15,72.1,0,0,0,0,0,0,0.0627955,,,,0,,,0.0538022,7,13,0.167154,False,True,True
solubility,6004,ch4_water_binary,CARROLL(1998),ch4,solubility_molality,323.15,93.5,0,0,0,0,0,0,0.073368,,,,0,,,0.0728172,8,14,0.00756344,False,False,False
solubility,6006,ch4_water_binary,CARROLL(1998),ch4,solubility_molality,323.15,126.8,0,0,0,0,0,0,0.0900696,,,,0,,,0.0896022,6,9,0.00521575,False,False,False
solubility,6008,ch4_water_binary,CARROLL(1998),ch4,solubility_molality,323.15,173.5,0,0,0,0,0,0,0.115698,0.105667,0.105667,,1,0,0.0949343,0.103915,5,8,0.113391,False,False,False
solubility,6010,ch4_water_binary,FROST(2014),ch4,solubility_molality,323.56,49.8,0,0,0,0,0,0,0.0335474,0.0419684,0.0419684,0.00279099,2,0.0940484,-0.200652,0.0415811,4,4,-0.193206,True,True,True
solubility,6012,ch4_water_binary,FROST(2014),ch4,solubility_molality,323.56,64.9,0,0,0,0,0,0,0.0457211,,,,0,,,0.0548764,5,8,-0.166835,False,True,True
solubility,6014,ch4_water_binary,FROST(2014),ch4,solubility_molality,323.56,84.8,0,0,0,0,0,0,0.0616828,,,,0,,,0.0687464,7,10,-0.102748,False,False,False
solubility,6016,ch4_water_binary,FROST(2014),ch4,solubility_molality,323.56,114.9,0,0,0,0,0,0,0.0939681,0.0789341,0.0789341,,1,0,0.190463,0.0841073,6,9,0.11724,False,False,False
solubility,6018,ch4_water_binary,FROST(2014),ch4,solubility_molality,323.56,184.8,0,0,0,0,0,0,0.110125,,,,0,,,0.11371,5,7,-0.031532,False,False,False
solubility,6020,ch4_water_binary,GAO(1997),ch4,solubility_molality,324.15,102.4,0,0,0,0,0,0,0.0841115,0.0793237,0.0793237,,1,0,0.0603576,0.07851,7,11,0.0713478,False,False,False
solubility,6022,ch4_water_binary,GAO(1997),ch4,solubility_molality,324.15,202.6,0,0,0,0,0,0,0.121384,0.126793,0.126793,,1,0,-0.0426556,0.119778,5,7,0.0134096,False,False,False
solubility,6024,ch4_water_binary,GAO(1997),ch4,solubility_molality,324.15,304,0,0,0,0,0,0,0.156418,0.163397,0.163397,0.00513264,2,0.0444233,-0.0427108,,0,0,,False,False,False
solubility,6026,ch4_water_binary,GAO(1997),ch4,solubility_molality,324.15,405.2,0,0,0,0,0,0,0.180264,0.186019,0.186019,,1,0,-0.0309385,,0,0,,False,False,False
solubility,6028,ch4_water_binary,GAO(1997),ch4,solubility_molality,324.15,506.5,0,0,0,0,0,0,0.206368,0.207822,0.207822,,1,0,-0.00699642,,0,0,,False,False,False
solubility,6034,ch4_water_binary,MICHELS(1936),ch4,solubility_molality,323.15,49.6,0,0,0,0,0,0,0.0399949,0.0387446,0.0387446,0.00735007,2,0.268284,0.0322684,0.0421756,5,10,-0.0517056,False,False,False
solubility,6036,ch4_water_binary,MICHELS(1936),ch4,solubility_molality,323.15,82.3,0,0,0,0,0,0,0.0622392,,,,0,,,0.0658465,8,18,-0.0547841,False,False,False
solubility,6038,ch4_water_binary,MICHELS(1936),ch4,solubility_molality,323.15,113.1,0,0,0,0,0,0,0.0789341,0.0939681,0.0939681,,1,0,-0.159991,0.0873915,8,13,-0.0967768,False,False,False
solubility,6040,ch4_water_binary,MICHELS(1936),ch4,solubility_molality,323.15,145.6,0,0,0,0,0,0,0.0939681,,,,0,,,0.100638,5,10,-0.0662774,False,False,False
solubility,6042,ch4_water_binary,MICHELS(1936),ch4,solubility_molality,323.15,176.5,0,0,0,0,0,0,0.105667,0.115698,0.115698,,1,0,-0.0867032,0.111774,5,9,-0.0546393,False,False,False
solubility,6046,ch4_water_binary,OSULLIVAN(1969),ch4,solubility_molality,324.65,101.3,0,0,0,0,0,0,0.0793237,0.0841115,0.0841115,,1,0,-0.0569219,0.0784384,6,10,0.0112871,False,False,False
solubility,6048,ch4_water_binary,OSULLIVAN(1969),ch4,solubility_molality,324.65,202.6,0,0,0,0,0,0,0.126793,0.121384,0.121384,,1,0,0.0445562,0.117881,5,7,0.0755961,False,False,False
solubility,6050,ch4_water_binary,OSULLIVAN(1969),ch4,solubility_molality,324.65,303.9,0,0,0,0,0,0,0.159768,0.161722,0.161722,0.00750109,2,0.0655948,-0.012086,0.161967,3,5,-0.013581,False,False,False
solubility,6052,ch4_water_binary,OSULLIVAN(1969),ch4,solubility_molality,324.65,405.2,0,0,0,0,0,0,0.186019,0.180264,0.180264,,1,0,0.0319262,0.183996,3,9,0.0109969,False,False,False
solubility,6054,ch4_water_binary,OSULLIVAN(1969),ch4,solubility_molality,324.65,506.5,0,0,0,0,0,0,0.207822,0.206368,0.206368,,1,0,0.00704572,0.209999,3,8,-0.0103686,False,False,False
solubility,6056,ch4_water_binary,OSULLIVAN(1969),ch4,solubility_molality,324.65,607.8,0,0,0,0,0,0,0.227962,,,,0,,,0.227831,3,6,0.000573315,False,False,False
solubility,6058,ch4_water_binary,QIN(2008),ch4,solubility_molality,324.2,301,0,0,0,0,0,0,0.167026,0.158093,0.158093,0.00236846,2,0.0211869,0.0565072,0.157158,3,6,0.0627895,False,False,False
solubility,6060,ch4_water_binary,QIN(2008),ch4,solubility_molality,324.4,495,0,0,0,0,0,0,0.21733,,,,0,,,0.204596,3,10,0.0622413,False,False,False
solubility,6062,ch4_water_binary,YOKOYAMA(1988),ch4,solubility_molality,323.15,30,0,0,0,0,0,0,0.0282682,,,,0,,,0.0273723,3,4,0.0327285,False,False,False
solubility,6064,ch4_water_binary,YOKOYAMA(1988),ch4,solubility_molality,323.15,50,0,0,0,0,0,0,0.0439419,0.0367711,0.0367711,0.00455908,2,0.175342,0.195012,0.0408685,5,10,0.075202,True,False,True
solubility,6066,ch4_water_binary,YOKOYAMA(1988),ch4,solubility_molality,323.15,80,0,0,0,0,0,0,0.0671353,,,,0,,,0.0623135,8,18,0.0773798,False,False,False
solubility,6112,ch4_water_binary,CULBERSON(1951),ch4,solubility_molality,344.26,176.2,0,0,0,0,0,0,0.107004,,,,0,,,0.108893,5,9,-0.0173463,False,False,False
solubility,6114,ch4_water_binary,CULBERSON(1951),ch4,solubility_molality,344.26,243.7,0,0,0,0,0,0,0.132704,,,,0,,,0.13976,5,8,-0.050486,False,False,False
solubility,6116,ch4_water_binary,CULBERSON(1951),ch4,solubility_molality,344.26,339.6,0,0,0,0,0,0,0.154185,0.15586,0.15586,,1,0,-0.010744,,0,0,,False,False,False
solubility,6118,ch4_water_binary,CULBERSON(1951),ch4,solubility_molality,344.26,449.9,0,0,0,0,0,0,0.19049,,,,0,,,0.191359,3,4,-0.00454175,False,False,False
solubility,6120,ch4_water_binary,CULBERSON(1951),ch4,solubility_molality,344.26,566.7,0,0,0,0,0,0,0.20894,,,,0,,,0.222489,2,5,-0.060898,False,False,False
solubility,6122,ch4_water_binary,CULBERSON(1951),ch4,solubility_molality,344.26,680.2,0,0,0,0,0,0,0.236358,,,,0,,,0.245573,2,5,-0.0375266,False,False,False
solubility,6124,ch4_water_binary,AMIRIJAFARI(1972),ch4,solubility_molality,344.261,41.4,0,0,0,0,0,0,0.0334362,,,,0,,,0.0325524,5,7,0.0271494,False,False,False
solubility,6126,ch4_water_binary,AMIRIJAFARI(1972),ch4,solubility_molality,344.261,137.9,0,0,0,0,0,0,0.0896241,,,,0,,,0.0877182,4,9,0.0217277,False,False,False
solubility,6128,ch4_water_binary,AMIRIJAFARI(1972),ch4,solubility_molality,344.261,206.8,0,0,0,0,0,0,0.1196,,,,0,,,0.12048,5,8,-0.00729881,False,False,False
solubility,6130,ch4_water_binary,AMIRIJAFARI(1972),ch4,solubility_molality,344.261,344.7,0,0,0,0,0,0,0.15586,0.154185,0.154185,,1,0,0.0108607,0.155955,2,5,-0.000611889,False,False,False
solubility,6136,ch4_water_binary,CARROLL(1998),ch4,solubility_molality,348.15,39.4,0,0,0,0,0,0,0.0328805,,,,0,,,0.0314037,5,7,0.0470254,False,False,False
solubility,6138,ch4_water_binary,CARROLL(1998),ch4,solubility_molality,348.15,68.3,0,0,0,0,0,0,0.0537286,,,,0,,,0.0521895,4,8,0.0294903,False,False,False
solubility,6140,ch4_water_binary,CARROLL(1998),ch4,solubility_molality,348.15,99,0,0,0,0,0,0,0.0711419,,,,0,,,0.0690442,5,8,0.030381,False,False,False
solubility,6142,ch4_water_binary,CARROLL(1998),ch4,solubility_molality,348.15,135.8,0,0,0,0,0,0,0.0917403,,,,0,,,0.0828247,4,7,0.107644,False,False,False
solubility,6144,ch4_water_binary,CARROLL(1998),ch4,solubility_molality,348.15,175.5,0,0,0,0,0,0,0.107896,0.096753,0.096753,,1,0,0.115166,0.101807,5,10,0.0598039,False,False,False
solubility,6146,ch4_water_binary,MICHELS(1936),ch4,solubility_molality,348.15,44.3,0,0,0,0,0,0,0.0338808,,,,0,,,0.0349839,5,7,-0.031532,False,False,False
solubility,6148,ch4_water_binary,MICHELS(1936),ch4,solubility_molality,348.15,79.2,0,0,0,0,0,0,0.0561202,,,,0,,,0.0599289,4,9,-0.0635535,False,False,False
solubility,6150,ch4_water_binary,MICHELS(1936),ch4,solubility_molality,348.15,114.5,0,0,0,0,0,0,0.0739245,,,,0,,,0.0786735,5,8,-0.0603629,False,False,False
solubility,6152,ch4_water_binary,MICHELS(1936),ch4,solubility_molality,348.15,148.1,0,0,0,0,0,0,0.0872853,,,,0,,,0.0964136,5,8,-0.0946789,False,False,False
solubility,6154,ch4_water_binary,MICHELS(1936),ch4,solubility_molality,348.15,176.2,0,0,0,0,0,0,0.096753,0.107896,0.107896,,1,0,-0.103272,0.108325,5,9,-0.106824,False,False,False
solubility,6156,ch4_water_binary,MICHELS(1936),ch4,solubility_molality,348.15,208,0,0,0,0,0,0,0.107338,,,,0,,,0.121269,5,6,-0.114875,False,False,False
solubility,6188,ch4_water_binary,OU(2015),ch4,solubility_molality,353.15,50,0,0,0,0,0,0,0.0372156,,,,0,,,0.0401255,5,9,-0.0725209,False,False,False
solubility,6190,ch4_water_binary,OU(2015),ch4,solubility_molality,353.15,100,0,0,0,0,0,0,0.0700289,,,,0,,,0.074071,5,9,-0.054571,False,False,False
solubility,6222,ch4_water_binary,CARROLL(1998),ch4,solubility_molality,373.15,37.2,0,0,0,0,0,0,0.0293239,,,,0,,,0.0292421,4,5,0.00279794,False,False,False
solubility,6224,ch4_water_binary,CARROLL(1998),ch4,solubility_molality,373.15,64.8,0,0,0,0,0,0,0.0507255,,,,0,,,0.0501657,5,8,0.0111592,False,False,False
solubility,6226,ch4_water_binary,CARROLL(1998),ch4,solubility_molality,373.15,98.5,0,0,0,0,0,0,0.0700289,0.0700289,0.0700289,,1,0,0,0.0687483,7,10,0.0186269,False,False,False
solubility,6228,ch4_water_binary,CARROLL(1998),ch4,solubility_molality,373.15,136.1,0,0,0,0,0,0,0.0922972,,,,0,,,0.0804315,6,9,0.147526,False,True,True
solubility,6230,ch4_water_binary,CARROLL(1998),ch4,solubility_molality,373.15,170.7,0,0,0,0,0,0,0.10901,,,,0,,,0.0950906,6,9,0.146382,False,True,True
solubility,6238,ch4_water_binary,KIEPE(2003),ch4,solubility_molality,373.29,36.4,0,0,0,0,0,0,0.0288794,,,,0,,,0.0285383,4,5,0.0119515,False,False,False
solubility,6240,ch4_water_binary,KIEPE(2003),ch4,solubility_molality,373.29,67,0,0,0,0,0,0,0.0516709,,,,0,,,0.0512545,5,7,0.00812335,False,False,False
solubility,6242,ch4_water_binary,KIEPE(2003),ch4,solubility_molality,373.29,78.3,0,0,0,0,0,0,0.0600139,,,,0,,,0.0565634,7,10,0.0610037,False,False,False
solubility,6244,ch4_water_binary,KIEPE(2003),ch4,solubility_molality,373.29,92.6,0,0,0,0,0,0,0.0694724,,,,0,,,0.0642139,7,9,0.0818899,False,False,False
solubility,6246,ch4_water_binary,MICHELS(1936),ch4,solubility_molality,373.15,49,0,0,0,0,0,0,0.0366598,0.036104,0.036104,,1,0,0.0153948,0.0372627,5,8,-0.0161812,False,False,False
solubility,6248,ch4_water_binary,MICHELS(1936),ch4,solubility_molality,373.15,82.1,0,0,0,0,0,0,0.0561202,,,,0,,,0.0616022,7,11,-0.0889901,False,False,False
solubility,6250,ch4_water_binary,MICHELS(1936),ch4,solubility_molality,373.15,112.9,0,0,0,0,0,0,0.0705854,,,,0,,,0.0791524,7,9,-0.108235,False,False,False
solubility,6252,ch4_water_binary,MICHELS(1936),ch4,solubility_molality,373.15,148.3,0,0,0,0,0,0,0.0845013,,,,0,,,0.098241,6,10,-0.139858,False,True,True
solubility,6254,ch4_water_binary,MICHELS(1936),ch4,solubility_molality,373.15,180.4,0,0,0,0,0,0,0.095082,,,,0,,,0.114427,6,9,-0.169062,False,True,True
solubility,6256,ch4_water_binary,MICHELS(1936),ch4,solubility_molality,373.15,209.2,0,0,0,0,0,0,0.102324,,,,0,,,0.128801,6,7,-0.205567,False,True,True
solubility,6258,ch4_water_binary,OU(2015),ch4,solubility_molality,373.15,50,0,0,0,0,0,0,0.036104,0.0366598,0.0366598,,1,0,-0.0151614,0.0388992,5,8,-0.0718599,False,False,False
solubility,6260,ch4_water_binary,OU(2015),ch4,solubility_molality,373.15,100,0,0,0,0,0,0,0.0700289,0.0700289,0.0700289,,1,0,0,0.0697293,7,11,0.00429591,False,False,False
solubility,6262,ch4_water_binary,OU(2015),ch4,solubility_molality,373.15,200,0,0,0,0,0,0,0.124618,,,,0,,,0.107694,6,9,0.157149,False,True,True
solubility,6278,ch4_water_binary,GAO(1997),ch4,solubility_molality,375.15,56,0,0,0,0,0,0,0.0492797,,,,0,,,0.0421793,5,7,0.168338,False,True,True
solubility,6280,ch4_water_binary,GAO(1997),ch4,solubility_molality,375.15,106,0,0,0,0,0,0,0.0778208,,,,0,,,0.0742888,7,12,0.047544,False,False,False
solubility,6282,ch4_water_binary,GAO(1997),ch4,solubility_molality,375.15,206,0,0,0,0,0,0,0.128131,0.125315,0.125315,0.00374564,2,0.0422705,0.0224703,0.119234,6,9,0.0746137,False,False,False
solubility,6284,ch4_water_binary,GAO(1997),ch4,solubility_molality,375.15,306,0,0,0,0,0,0,0.160549,0.163397,0.163397,0.00513264,2,0.0444233,-0.0174282,0.163232,4,8,-0.0164372,False,False,False
solubility,6286,ch4_water_binary,GAO(1997),ch4,solubility_molality,375.15,400,0,0,0,0,0,0,0.188311,0.194962,0.194962,,1,0,-0.0341153,0.191647,4,12,-0.0174094,False,False,False
solubility,6288,ch4_water_binary,GAO(1997),ch4,solubility_molality,375.15,500,0,0,0,0,0,0,0.211849,0.221527,0.221527,0.00989108,2,0.0631438,-0.0436919,0.216336,4,11,-0.0207431,False,False,False
solubility,6290,ch4_water_binary,GAO(1997),ch4,solubility_molality,375.15,580,0,0,0,0,0,0,0.229081,,,,0,,,0.235671,4,8,-0.0279619,False,False,False
solubility,6292,ch4_water_binary,OSULLIVAN(1969),ch4,solubility_molality,375.65,102.3,0,0,0,0,0,0,0.075316,,,,0,,,0.0728817,7,11,0.0333998,False,False,False
solubility,6294,ch4_water_binary,OSULLIVAN(1969),ch4,solubility_molality,375.65,203.6,0,0,0,0,0,0,0.122667,0.128047,0.128047,0.000118295,2,0.0013065,-0.0420218,0.120938,6,9,0.0142943,False,False,False
solubility,6296,ch4_water_binary,OSULLIVAN(1969),ch4,solubility_molality,375.65,305.9,0,0,0,0,0,0,0.159768,0.163788,0.163788,0.00457995,2,0.0395453,-0.0245447,0.1632,4,8,-0.0210304,False,False,False
solubility,6298,ch4_water_binary,OSULLIVAN(1969),ch4,solubility_molality,375.65,408.2,0,0,0,0,0,0,0.185461,0.194962,0.194962,,1,0,-0.0487337,0.194069,4,12,-0.0443584,False,False,False
solubility,6300,ch4_water_binary,OSULLIVAN(1969),ch4,solubility_molality,375.65,509.5,0,0,0,0,0,0,0.214533,0.211849,0.211849,,1,0,0.0126737,0.218113,4,11,-0.0164109,False,False,False
solubility,6302,ch4_water_binary,OSULLIVAN(1969),ch4,solubility_molality,375.65,611.9,0,0,0,0,0,0,0.233559,,,,0,,,0.242357,4,8,-0.0363036,False,False,False
solubility,6304,ch4_water_binary,QIN(2008),ch4,solubility_molality,375.7,109,0,0,0,0,0,0,0.0778208,,,,0,,,0.0765106,7,12,0.0171245,False,False,False
solubility,6306,ch4_water_binary,QIN(2008),ch4,solubility_molality,376.1,206,0,0,0,0,0,0,0.127964,0.125399,0.125399,0.00386394,2,0.0435764,0.0204541,0.122578,6,9,0.0439354,False,False,False
solubility,6308,ch4_water_binary,QIN(2008),ch4,solubility_molality,375.6,302,0,0,0,0,0,0,0.167026,0.160159,0.160159,0.000552681,2,0.00488022,0.0428815,0.159885,4,8,0.0446633,False,False,False
solubility,6310,ch4_water_binary,QIN(2008),ch4,solubility_molality,375.8,402,0,0,0,0,0,0,0.194962,0.186886,0.186886,0.00201527,2,0.0152501,0.0432147,0.189226,4,12,0.0303135,False,False,False
solubility,6312,ch4_water_binary,QIN(2008),ch4,solubility_molality,375.8,499,0,0,0,0,0,0,0.228522,0.211849,0.211849,,1,0,0.0787025,0.212289,4,12,0.0764637,False,False,False
solubility,6372,ch4_water_binary,OSULLIVAN(1969),ch4,solubility_molality,398.15,206.7,0,0,0,0,0,0,0.129135,,,,0,,,0.0983117,2,4,0.313525,False,True,True
solubility,6422,ch4_water_binary,OU(2015),ch4,solubility_molality,413.15,200,0,0,0,0,0,0,0.151953,,,,0,,,0.148778,2,5,0.0213398,False,False,False
solubility,6424,ch4_water_binary,OU(2015),ch4,solubility_molality,413.15,300,0,0,0,0,0,0,0.200552,,,,0,,,0.197258,2,5,0.0167033,False,False,False
solubility,6426,ch4_water_binary,OU(2015),ch4,solubility_molality,413.15,400,0,0,0,0,0,0,0.252597,,,,0,,,0.238096,2,5,0.060908,False,False,False
solubility,6428,ch4_water_binary,OU(2015),ch4,solubility_molality,413.15,500,0,0,0,0,0,0,0.277816,,,,0,,,0.273421,2,6,0.0160716,False,False,False
solubility,6430,ch4_water_binary,OU(2015),ch4,solubility_molality,413.15,700,0,0,0,0,0,0,0.350796,,,,0,,,0.334599,2,5,0.0484056,False,False,False
solubility,6432,ch4_water_binary,OU(2015),ch4,solubility_molality,413.15,900,0,0,0,0,0,0,0.408755,,,,0,,,0.369881,2,4,0.105097,False,False,False
solubility,6458,ch4_water_binary,PRICE(1979),ch4,solubility_molality,423.15,245.2,0,0,0,0,0,0,0.18912,,,,0,,,0.189004,1,4,0.000613968,False,False,False
solubility,6462,ch4_water_binary,PRICE(1979),ch4,solubility_molality,423.15,392.2,0,0,0,0,0,0,0.262485,,,,0,,,0.262389,1,6,0.000366029,False,False,False
solubility,6464,ch4_water_binary,PRICE(1979),ch4,solubility_molality,423.15,490.4,0,0,0,0,0,0,0.302182,,,,0,,,0.29969,1,4,0.0083161,False,False,False
solubility,6466,ch4_water_binary,PRICE(1979),ch4,solubility_molality,423.15,588.4,0,0,0,0,0,0,0.336185,,,,0,,,0.338653,1,4,-0.00728904,False,False,False
solubility,6468,ch4_water_binary,PRICE(1979),ch4,solubility_molality,423.15,784.6,0,0,0,0,0,0,0.404812,,,,0,,,0.40793,1,4,-0.00764356,False,False,False
solubility,6470,ch4_water_binary,PRICE(1979),ch4,solubility_molality,423.15,980.4,0,0,0,0,0,0,0.450469,,,,0,,,0.457867,1,6,-0.0161573,False,False,False
solubility,6472,ch4_water_binary,PRICE(1979),ch4,solubility_molality,423.15,1078.7,0,0,0,0,0,0,0.455547,,,,0,,,0.482209,1,6,-0.0552912,False,False,False
solubility,6580,ch4_water_binary,PRICE(1979),ch4,solubility_molality,473.15,49,0,0,0,0,0,0,0.0553615,0.0527832,0.0527832,,1,0,0.0488478,,0,0,,False,False,False
solubility,6582,ch4_water_binary,PRICE(1979),ch4,solubility_molality,473.15,98,0,0,0,0,0,0,0.122526,0.120715,0.120715,,1,0,0.0150001,,0,0,,False,False,False
solubility,6586,ch4_water_binary,PRICE(1979),ch4,solubility_molality,473.15,196.2,0,0,0,0,0,0,0.257343,0.248677,0.248677,,1,0,0.0348496,,0,0,,False,False,False
solubility,6590,ch4_water_binary,PRICE(1979),ch4,solubility_molality,473.15,294.2,0,0,0,0,0,0,0.364853,0.336746,0.336746,,1,0,0.0834638,,0,0,,False,False,False
solubility,6592,ch4_water_binary,PRICE(1979),ch4,solubility_molality,473.15,392.2,0,0,0,0,0,0,0.450221,0.442572,0.442572,,1,0,0.017282,0.429068,1,3,0.0492999,False,False,False
solubility,6594,ch4_water_binary,PRICE(1979),ch4,solubility_molality,473.15,490.4,0,0,0,0,0,0,0.501287,0.498461,0.498461,,1,0,0.00566871,,0,0,,False,False,False
solubility,6600,ch4_water_binary,PRICE(1979),ch4,solubility_molality,473.15,980.4,0,0,0,0,0,0,0.751064,,,,0,,,0.728741,1,3,0.0306321,False,False,False
solubility,6602,ch4_water_binary,PRICE(1979),ch4,solubility_molality,473.15,1078.7,0,0,0,0,0,0,0.78016,,,,0,,,0.758317,1,3,0.0288039,False,False,False
solubility,6604,ch4_water_binary,OU(2015),ch4,solubility_molality,473.15,50,0,0,0,0,0,0,0.0527832,0.0553615,0.0553615,,1,0,-0.0465728,,0,0,,False,False,False
solubility,6606,ch4_water_binary,OU(2015),ch4,solubility_molality,473.15,100,0,0,0,0,0,0,0.120715,0.122526,0.122526,,1,0,-0.0147784,0.123075,2,4,-0.0191713,False,False,False
solubility,6608,ch4_water_binary,OU(2015),ch4,solubility_molality,473.15,200,0,0,0,0,0,0,0.248677,0.257343,0.257343,,1,0,-0.033676,0.262155,1,4,-0.0514128,False,False,False
solubility,6610,ch4_water_binary,OU(2015),ch4,solubility_molality,473.15,300,0,0,0,0,0,0,0.336746,0.364853,0.364853,,1,0,-0.0770342,0.370049,1,4,-0.0899945,False,False,False
solubility,6612,ch4_water_binary,OU(2015),ch4,solubility_molality,473.15,400,0,0,0,0,0,0,0.442572,0.450221,0.450221,,1,0,-0.0169884,0.452238,1,5,-0.0213716,False,False,False
solubility,6614,ch4_water_binary,OU(2015),ch4,solubility_molality,473.15,500,0,0,0,0,0,0,0.498461,0.501287,0.501287,,1,0,-0.00563676,0.509614,1,4,-0.021884,False,False,False
solubility,6616,ch4_water_binary,OU(2015),ch4,solubility_molality,473.15,700,0,0,0,0,0,0,0.606604,,,,0,,,0.626648,1,5,-0.0319875,False,False,False
solubility,6618,ch4_water_binary,OU(2015),ch4,solubility_molality,473.15,900,0,0,0,0,0,0,0.702638,,,,0,,,0.720016,1,4,-0.0241345,False,False,False
solubility,6620,ch4_water_binary,OU(2015),ch4,solubility_molality,473.15,1200,0,0,0,0,0,0,0.794433,,,,0,,,0.827703,1,5,-0.0401955,False,False,False
solubility,6622,ch4_water_binary,OU(2015),ch4,solubility_molality,473.15,1400,0,0,0,0,0,0,0.839014,,,,0,,,0.86826,1,4,-0.033684,False,False,False
solubility,6652,ch4_water_binary,PRICE(1979),ch4,solubility_molality,494.15,1415.5,0,0,0,0,0,0,1.0333,1.03992,1.03992,,1,0,-0.00636981,,0,0,,False,False,False
solubility,6672,ch4_water_binary,OU(2015),ch4,solubility_molality,493.15,1400,0,0,0,0,0,0,1.03992,1.0333,1.0333,,1,0,0.00641064,,0,0,,False,False,False
solubility,6716,ch4_water_binary,OU(2015),ch4,solubility_molality,513.15,200,0,0,0,0,0,0,0.360916,,,,0,,,0.375943,1,6,-0.0399718,False,False,False
solubility,6718,ch4_water_binary,OU(2015),ch4,solubility_molality,513.15,300,0,0,0,0,0,0,0.502417,,,,0,,,0.532536,1,4,-0.0565573,False,False,False
solubility,6720,ch4_water_binary,OU(2015),ch4,solubility_molality,513.15,400,0,0,0,0,0,0,0.674192,,,,0,,,0.718353,1,4,-0.0614758,False,False,False
solubility,6722,ch4_water_binary,OU(2015),ch4,solubility_molality,513.15,500,0,0,0,0,0,0,0.809286,,,,0,,,0.841262,1,5,-0.0380095,False,False,False
solubility,6724,ch4_water_binary,OU(2015),ch4,solubility_molality,513.15,700,0,0,0,0,0,0,0.944457,,,,0,,,1.0144,1,6,-0.0689465,False,False,False
solubility,6726,ch4_water_binary,OU(2015),ch4,solubility_molality,513.15,900,0,0,0,0,0,0,1.08086,,,,0,,,1.16749,1,7,-0.0742054,False,False,False
solubility,6728,ch4_water_binary,OU(2015),ch4,solubility_molality,513.15,1200,0,0,0,0,0,0,1.22603,,,,0,,,1.29332,1,8,-0.0520241,False,False,False
solubility,6730,ch4_water_binary,OU(2015),ch4,solubility_molality,513.15,1400,0,0,0,0,0,0,1.28175,,,,0,,,1.35395,1,6,-0.0533235,False,False,False
solubility,6750,ch4_water_binary,PRICE(1979),ch4,solubility_molality,523.15,245.2,0,0,0,0,0,0,0.451597,,,,0,,,0.472885,1,4,-0.0450161,False,False,False
solubility,6754,ch4_water_binary,PRICE(1979),ch4,solubility_molality,523.15,392.2,0,0,0,0,0,0,0.751064,,,,0,,,0.73328,1,6,0.0242528,False,False,False
solubility,6756,ch4_water_binary,PRICE(1979),ch4,solubility_molality,523.15,490.4,0,0,0,0,0,0,0.891686,,,,0,,,0.894352,1,4,-0.00298096,False,False,False
solubility,6758,ch4_water_binary,PRICE(1979),ch4,solubility_molality,523.15,588.4,0,0,0,0,0,0,1.00481,,,,0,,,0.979608,1,4,0.0257215,False,False,False
solubility,6760,ch4_water_binary,PRICE(1979),ch4,solubility_molality,523.15,784.6,0,0,0,0,0,0,1.20227,,,,0,,,1.13083,1,4,0.0631756,False,False,False
solubility,6762,ch4_water_binary,PRICE(1979),ch4,solubility_molality,523.15,980.4,0,0,0,0,0,0,1.3469,,,,0,,,1.25584,1,6,0.0725086,False,False,False
solubility,6764,ch4_water_binary,PRICE(1979),ch4,solubility_molality,523.15,1078.7,0,0,0,0,0,0,1.38361,,,,0,,,1.3077,1,6,0.0580543,False,False,False
solubility,6766,ch4_water_binary,OU(2015),ch4,solubility_molality,533.15,100,0,0,0,0,0,0,0.159768,,,,0,,,0.186197,2,4,-0.14194,False,True,True
solubility,6796,ch4_water_binary,PRICE(1979),ch4,solubility_molality,553.15,197.6,0,0,0,0,0,0,0.477109,0.499592,0.499592,,1,0,-0.0450023,,0,0,,False,False,False
solubility,6802,ch4_water_binary,PRICE(1979),ch4,solubility_molality,553.15,701.2,0,0,0,0,0,0,1.54301,1.5368,1.5368,,1,0,0.00404404,1.53837,1,3,0.00301853,False,False,False
solubility,6804,ch4_water_binary,PRICE(1979),ch4,solubility_molality,553.15,999.1,0,0,0,0,0,0,1.89886,,,,0,,,1.84246,1,3,0.0306137,False,False,False
solubility,6806,ch4_water_binary,PRICE(1979),ch4,solubility_molality,553.15,1263.8,0,0,0,0,0,0,1.99705,,,,0,,,2.00004,1,3,-0.00149523,False,False,False
solubility,6816,ch4_water_binary,OU(2015),ch4,solubility_molality,553.15,200,0,0,0,0,0,0,0.499592,0.477109,0.477109,,1,0,0.047123,,0,0,,False,False,False
solubility,6824,ch4_water_binary,OU(2015),ch4,solubility_molality,553.15,700,0,0,0,0,0,0,1.5368,1.54301,1.54301,,1,0,-0.00402776,,0,0,,False,False,False
solubility,6826,ch4_water_binary,OU(2015),ch4,solubility_molality,553.15,900,0,0,0,0,0,0,1.76635,,,,0,,,1.78604,1,3,-0.0110208,False,False,False
solubility,6828,ch4_water_binary,OU(2015),ch4,solubility_molality,553.15,1200,0,0,0,0,0,0,1.98407,,,,0,,,1.98643,1,4,-0.00119122,False,False,False
solubility,6830,ch4_water_binary,OU(2015),ch4,solubility_molality,553.15,1400,0,0,0,0,0,0,2.03234,,,,0,,,2.08153,1,5,-0.0236328,False,False,False
solubility,6856,ch4_water_binary,PRICE(1979),ch4,solubility_molality,573.15,98,0,0,0,0,0,0,0.066593,0.0839445,0.0839445,,1,0,-0.206702,,0,0,,False,False,False
solubility,6860,ch4_water_binary,PRICE(1979),ch4,solubility_molality,573.15,196.2,0,0,0,0,0,0,0.587889,0.565789,0.565789,,1,0,0.0390615,,0,0,,False,False,False
solubility,6864,ch4_water_binary,PRICE(1979),ch4,solubility_molality,573.15,294.2,0,0,0,0,0,0,1.05145,0.941012,0.941012,,1,0,0.117359,,0,0,,False,False,False
solubility,6866,ch4_water_binary,PRICE(1979),ch4,solubility_molality,573.15,392.2,0,0,0,0,0,0,1.44491,1.35273,1.35273,,1,0,0.0681433,1.29827,1,3,0.11295,False,False,False
solubility,6868,ch4_water_binary,PRICE(1979),ch4,solubility_molality,573.15,490.4,0,0,0,0,0,0,1.75454,1.58491,1.58491,,1,0,0.107026,,0,0,,False,False,False
solubility,6874,ch4_water_binary,PRICE(1979),ch4,solubility_molality,573.15,980.4,0,0,0,0,0,0,2.76508,,,,0,,,2.39439,1,3,0.154817,False,False,False
solubility,6876,ch4_water_binary,PRICE(1979),ch4,solubility_molality,573.15,1078.7,0,0,0,0,0,0,2.86497,,,,0,,,2.48783,1,3,0.151593,False,False,False
solubility,6878,ch4_water_binary,OU(2015),ch4,solubility_molality,573.15,100,0,0,0,0,0,0,0.0839445,0.066593,0.066593,,1,0,0.26056,,0,0,,False,False,False
solubility,6880,ch4_water_binary,OU(2015),ch4,solubility_molality,573.15,200,0,0,0,0,0,0,0.565789,0.587889,0.587889,,1,0,-0.0375931,0.602439,1,4,-0.0608356,False,False,False
solubility,6882,ch4_water_binary,OU(2015),ch4,solubility_molality,573.15,300,0,0,0,0,0,0,0.941012,1.05145,1.05145,,1,0,-0.105032,1.06806,1,4,-0.118951,False,False,False
solubility,6884,ch4_water_binary,OU(2015),ch4,solubility_molality,573.15,400,0,0,0,0,0,0,1.35273,1.44491,1.44491,,1,0,-0.063796,1.46492,1,4,-0.0765883,False,False,False
solubility,6886,ch4_water_binary,OU(2015),ch4,solubility_molality,573.15,500,0,0,0,0,0,0,1.58491,1.75454,1.75454,,1,0,-0.0966786,1.768,1,3,-0.103557,False,False,False
solubility,6888,ch4_water_binary,OU(2015),ch4,solubility_molality,573.15,700,0,0,0,0,0,0,2.0073,,,,0,,,2.25381,1,4,-0.109375,False,False,False
solubility,6890,ch4_water_binary,OU(2015),ch4,solubility_molality,573.15,900,0,0,0,0,0,0,2.30021,,,,0,,,2.62776,1,5,-0.124652,False,False,False
solubility,6892,ch4_water_binary,OU(2015),ch4,solubility_molality,573.15,1200,0,0,0,0,0,0,2.63263,,,,0,,,2.98558,1,6,-0.118218,False,False,False
solubility,6894,ch4_water_binary,OU(2015),ch4,solubility_molality,573.15,1400,0,0,0,0,0,0,2.6375,,,,0,,,3.20101,1,4,-0.176042,False,False,False
solubility,6924,ch4_water_binary,PRICE(1979),ch4,solubility_molality,603.15,196.2,0,0,0,0,0,0,0.507504,0.586756,0.586756,,1,0,-0.135067,,0,0,,False,False,False
solubility,6928,ch4_water_binary,PRICE(1979),ch4,solubility_molality,603.15,294.2,0,0,0,0,0,0,1.2562,1.22777,1.22777,,1,0,0.0231557,,0,0,,False,False,False
solubility,6930,ch4_water_binary,PRICE(1979),ch4,solubility_molality,603.15,392.2,0,0,0,0,0,0,2.03294,1.70968,1.70968,,1,0,0.189076,1.66577,1,3,0.220419,False,False,False
solubility,6932,ch4_water_binary,PRICE(1979),ch4,solubility_molality,603.15,490.4,0,0,0,0,0,0,2.66553,2.15488,2.15488,,1,0,0.236975,,0,0,,False,False,False
solubility,6938,ch4_water_binary,PRICE(1979),ch4,solubility_molality,603.15,980.4,0,0,0,0,0,0,5.07773,,,,0,,,3.4784,1,3,0.45979,False,False,False
solubility,6940,ch4_water_binary,PRICE(1979),ch4,solubility_molality,603.15,1078.7,0,0,0,0,0,0,5.29607,,,,0,,,3.62116,1,3,0.462533,False,False,False
solubility,6942,ch4_water_binary,OU(2015),ch4,solubility_molality,603.15,200,0,0,0,0,0,0,0.586756,0.507504,0.507504,,1,0,0.156159,0.515449,1,3,0.13834,False,False,False
solubility,6944,ch4_water_binary,OU(2015),ch4,solubility_molality,603.15,300,0,0,0,0,0,0,1.22777,1.2562,1.2562,,1,0,-0.0226316,1.28589,1,3,-0.0451956,False,False,False
solubility,6946,ch4_water_binary,OU(2015),ch4,solubility_molality,603.15,400,0,0,0,0,0,0,1.70968,2.03294,2.03294,,1,0,-0.159011,2.06848,1,3,-0.173462,False,False,False
solubility,6948,ch4_water_binary,OU(2015),ch4,solubility_molality,603.15,500,0,0,0,0,0,0,2.15488,2.66553,2.66553,,1,0,-0.191576,2.69841,1,3,-0.201427,False,False,False
solubility,6950,ch4_water_binary,OU(2015),ch4,solubility_molality,603.15,700,0,0,0,0,0,0,2.83245,,,,0,,,3.88727,1,3,-0.271352,False,False,False
solubility,6952,ch4_water_binary,OU(2015),ch4,solubility_molality,603.15,900,0,0,0,0,0,0,3.35523,,,,0,,,4.79352,1,3,-0.30005,False,False,False
solubility,7028,chabab2019_t2,Chabab2019_IJGGC91_T2,co2,solubility_molality,323.02,53.45,1.13,1.13,0,0,0,0,0.577687,,,,0,,,0.645987,5,12,-0.10573,False,False,False
solubility,7030,chabab2019_t2,Chabab2019_IJGGC91_T2,co2,solubility_molality,322.97,75.55,1.13,1.13,0,0,0,0,0.725417,,,,0,,,0.803283,6,15,-0.0969348,False,False,False
solubility,7032,chabab2019_t2,Chabab2019_IJGGC91_T2,co2,solubility_molality,323.03,100.35,1.13,1.13,0,0,0,0,0.851028,,,,0,,,0.921619,6,17,-0.0765945,False,False,False
solubility,7034,chabab2019_t2,Chabab2019_IJGGC91_T2,co2,solubility_molality,323.04,145.08,1.13,1.13,0,0,0,0,0.959963,,,,0,,,0.999116,7,21,-0.0391876,False,False,False
solubility,7042,chabab2019_t2,Chabab2019_IJGGC91_T2,co2,solubility_molality,342.82,30.391,3.01,3.01,0,0,0,0,0.245877,0.244,0.244,,1,0,0.00769063,0.247335,1,4,-0.00589519,False,False,False
solubility,7044,chabab2019_t2,Chabab2019_IJGGC91_T2,co2,solubility_molality,342.81,72.559,3.01,3.01,0,0,0,0,0.492811,,,,0,,,0.459583,2,11,0.0723009,False,False,False
solubility,7046,chabab2019_t2,Chabab2019_IJGGC91_T2,co2,solubility_molality,342.82,100.91,3.01,3.01,0,0,0,0,0.592992,0.556,0.556,,1,0,0.0665325,0.556388,2,13,0.0657897,False,False,False
solubility,7052,chabab2019_t2,Chabab2019_IJGGC91_T2,co2,solubility_molality,372.41,100.517,3.01,3.01,0,0,0,0,0.491681,0.4795,0.4795,0.0176777,2,0.0521376,0.0254036,,0,0,,False,False,False
solubility,7054,chabab2019_t2,Chabab2019_IJGGC91_T2,co2,solubility_molality,372.43,152.433,3.01,3.01,0,0,0,0,0.640661,0.6135,0.6135,0.00636396,2,0.0146699,0.0442725,,0,0,,False,False,False
solubility,7056,chabab2019_t2,Chabab2019_IJGGC91_T2,co2,solubility_molality,372.45,199.597,3.01,3.01,0,0,0,0,0.707193,0.704,0.704,0.0325269,2,0.0653409,0.00453494,,0,0,,False,False,False
solubility,7064,chabab2020_t4,Chabab2020_IJHE45_T4,h2,solubility_molality,323.19,121.706,0,0,0,0,0,0,0.0858376,0.0841115,0.0841115,,1,0,0.0205208,0.0857555,4,6,0.000956576,False,False,False
solubility,7076,chabab2020_t4,Chabab2020_IJHE45_T4,h2,solubility_molality,323.21,100.354,1,1,0,0,0,0,0.0540067,0.05696,0.05696,,1,0,-0.0518488,,0,0,,False,False,False
solubility,7078,chabab2020_t4,Chabab2020_IJHE45_T4,h2,solubility_molality,323.21,149.657,1,1,0,0,0,0,0.0788784,0.08423,0.08423,,1,0,-0.0635356,,0,0,,False,False,False
solubility,7080,chabab2020_t4,Chabab2020_IJHE45_T4,h2,solubility_molality,323.21,200.093,1,1,0,0,0,0,0.10316,0.11384,0.11384,,1,0,-0.0938202,,0,0,,False,False,False
solubility,7096,chabab2020_t4,Chabab2020_IJHE45_T4,h2,solubility_molality,372.76,100.677,1,1,0,0,0,0,0.0595133,0.06656,0.06656,,1,0,-0.10587,,0,0,,False,False,False
solubility,7098,chabab2020_t4,Chabab2020_IJHE45_T4,h2,solubility_molality,372.78,153.553,1,1,0,0,0,0,0.0886774,0.09879,0.09879,,1,0,-0.102365,,0,0,,False,False,False
solubility,7134,chabab2021_t2,Chabab2021_JCED66_T2,co2,solubility_molality,303.55,36.721,6,6,0,0,0,0,0.319335,,,,0,,,0.312482,2,4,0.0219307,False,False,False
solubility,7138,chabab2021_t2,Chabab2021_JCED66_T2,co2,solubility_molality,303.55,151.857,6,6,0,0,0,0,0.524468,0.525,0.525,,1,0,-0.00101339,,0,0,,False,False,False
solubility,7142,chabab2021_t2,Chabab2021_JCED66_T2,co2,solubility_molality,303.55,360.196,6,6,0,0,0,0,0.604335,,,,0,,,0.701591,1,4,-0.138623,False,False,False
solubility,7146,chabab2021_t2,Chabab2021_JCED66_T2,co2,solubility_molality,323.1,89.744,6,6,0,0,0,0,0.425095,,,,0,,,0.418847,4,7,0.0149175,False,False,False
solubility,7150,chabab2021_t2,Chabab2021_JCED66_T2,co2,solubility_molality,323.1,245.798,6,6,0,0,0,0,0.526165,,,,0,,,0.529437,4,6,-0.00618127,False,False,False
solubility,7152,chabab2021_t2,Chabab2021_JCED66_T2,co2,solubility_molality,323.1,394.477,6,6,0,0,0,0,0.586756,,,,0,,,0.651948,2,4,-0.0999964,False,False,False
solubility,7253,dossantos2021_t7,dosSantos2021_ChemGeol582_T7,co2,solubility_molality,303.15,150.6,6,6,0,0,0,0,0.525,0.524468,0.524468,,1,0,0.00101441,,0,0,,False,False,False
solubility,7280,hou2013_t2,Hou2013_JSCF78_T2,co2,solubility_molality,323.15,27.82,2.5,2.5,0,0,0,0,0.274452,,,,0,,,0.325033,3,9,-0.155618,False,True,True
solubility,7282,hou2013_t2,Hou2013_JSCF78_T2,co2,solubility_molality,323.15,57.39,2.5,2.5,0,0,0,0,0.489986,,,,0,,,0.529121,4,29,-0.0739613,False,False,False
solubility,7284,hou2013_t2,Hou2013_JSCF78_T2,co2,solubility_molality,323.15,87.3,2.5,2.5,0,0,0,0,0.643501,,,,0,,,0.664621,5,43,-0.0317778,False,False,False
solubility,7286,hou2013_t2,Hou2013_JSCF78_T2,co2,solubility_molality,323.15,117.73,2.5,2.5,0,0,0,0,0.695809,,,,0,,,0.733874,7,46,-0.0518697,False,False,False
solubility,7288,hou2013_t2,Hou2013_JSCF78_T2,co2,solubility_molality,323.15,150.2,2.5,2.5,0,0,0,0,0.727126,,,,0,,,0.770983,6,45,-0.0568845,False,False,False
solubility,7290,hou2013_t2,Hou2013_JSCF78_T2,co2,solubility_molality,323.15,182.11,2.5,2.5,0,0,0,0,0.751064,,,,0,,,0.798324,6,39,-0.0591984,False,False,False
solubility,7298,hou2013_t2,Hou2013_JSCF78_T2,co2,solubility_molality,373.15,118.67,2.5,2.5,0,0,0,0,0.510331,,,,0,,,0.561367,6,9,-0.0909138,False,False,False
solubility,7300,hou2013_t2,Hou2013_JSCF78_T2,co2,solubility_molality,373.15,149.21,2.5,2.5,0,0,0,0,0.582788,,,,0,,,0.65709,6,9,-0.113078,False,False,False
solubility,7302,hou2013_t2,Hou2013_JSCF78_T2,co2,solubility_molality,373.15,180.13,2.5,2.5,0,0,0,0,0.639525,,,,0,,,0.705748,6,10,-0.093833,False,False,False
solubility,7310,hou2013_t2,Hou2013_JSCF78_T2,co2,solubility_molality,423.15,116.04,2.5,2.5,0,0,0,0,0.46119,,,,0,,,0.502135,3,6,-0.0815419,False,False,False
solubility,7314,hou2013_t2,Hou2013_JSCF78_T2,co2,solubility_molality,423.15,177.94,2.5,2.5,0,0,0,0,0.638389,,,,0,,,0.692399,3,6,-0.0780037,False,False,False
solubility,7316,hou2013_t2,Hou2013_JSCF78_T2,co2,solubility_molality,323.15,29.83,4,4,0,0,0,0,0.224604,,,,0,,,0.25003,2,5,-0.10169,False,False,False
solubility,7318,hou2013_t2,Hou2013_JSCF78_T2,co2,solubility_molality,323.15,59.54,4,4,0,0,0,0,0.389609,,,,0,,,0.445859,3,7,-0.126159,False,True,True
solubility,7320,hou2013_t2,Hou2013_JSCF78_T2,co2,solubility_molality,323.15,89.53,4,4,0,0,0,0,0.489986,,,,0,,,0.566288,4,8,-0.13474,False,True,True
solubility,7322,hou2013_t2,Hou2013_JSCF78_T2,co2,solubility_molality,323.15,120.17,4,4,0,0,0,0,0.535783,,,,0,,,0.606096,4,7,-0.116011,False,False,False
solubility,7324,hou2013_t2,Hou2013_JSCF78_T2,co2,solubility_molality,323.15,149.59,4,4,0,0,0,0,0.558992,0.623,0.623,,1,0,-0.102741,,0,0,,False,False,False
solubility,7326,hou2013_t2,Hou2013_JSCF78_T2,co2,solubility_molality,323.15,179.54,4,4,0,0,0,0,0.574854,,,,0,,,0.634225,4,7,-0.0936117,False,False,False
solubility,7336,hou2013_t2,Hou2013_JSCF78_T2,co2,solubility_molality,373.15,149.24,4,4,0,0,0,0,0.479819,0.527,0.527,,1,0,-0.0895269,,0,0,,False,False,False
solubility,7346,hou2013_t2,Hou2013_JSCF78_T2,co2,solubility_molality,423.15,119.22,4,4,0,0,0,0,0.396365,,,,0,,,0.334841,5,8,0.18374,False,True,True
solubility,7348,hou2013_t2,Hou2013_JSCF78_T2,co2,solubility_molality,423.15,149.79,4,4,0,0,0,0,0.472479,0.498,0.498,,1,0,-0.0512472,,0,0,,False,False,False
solubility,7350,hou2013_t2,Hou2013_JSCF78_T2,co2,solubility_molality,423.15,180.79,4,4,0,0,0,0,0.540876,,,,0,,,0.405241,5,8,0.334702,False,True,True
solubility,7354,hou2013_t3,Hou2013_JSCF78_T3,co2,solubility_molality,323.15,58.95,0,2.5,2.5,0,0,0,0.639525,,,,0,,,0.710975,2,6,-0.100495,False,False,False
solubility,7356,hou2013_t3,Hou2013_JSCF78_T3,co2,solubility_molality,323.15,88.8,0,2.5,2.5,0,0,0,0.806429,,,,0,,,0.870781,3,7,-0.0739021,False,False,False
solubility,7358,hou2013_t3,Hou2013_JSCF78_T3,co2,solubility_molality,323.15,117.74,0,2.5,2.5,0,0,0,0.871063,,,,0,,,0.920393,4,7,-0.0535966,False,False,False
solubility,7390,hou2013_t3,Hou2013_JSCF78_T3,co2,solubility_molality,323.15,59.59,0,4,4,0,0,0,0.526165,,,,0,,,0.603981,2,7,-0.128839,False,True,True
solubility,7392,hou2013_t3,Hou2013_JSCF78_T3,co2,solubility_molality,323.15,89.98,0,4,4,0,0,0,0.655432,,,,0,,,0.786776,3,7,-0.166939,False,True,True
solubility,7394,hou2013_t3,Hou2013_JSCF78_T3,co2,solubility_molality,323.15,120.84,0,4,4,0,0,0,0.714025,,,,0,,,0.841267,4,6,-0.15125,False,True,True
solubility,7396,hou2013_t3,Hou2013_JSCF78_T3,co2,solubility_molality,323.15,150.36,0,4,4,0,0,0,0.737953,0.88,0.88,,1,0,-0.161417,,0,0,,False,False,False
solubility,7404,hou2013_t3,Hou2013_JSCF78_T3,co2,solubility_molality,373.15,89.78,0,4,4,0,0,0,0.423404,0.507,0.507,,1,0,-0.164884,,0,0,,False,False,False
solubility,7408,hou2013_t3,Hou2013_JSCF78_T3,co2,solubility_molality,373.15,151.03,0,4,4,0,0,0,0.582221,0.683,0.683,,1,0,-0.147553,,0,0,,False,False,False
solubility,7420,hou2013_t3,Hou2013_JSCF78_T3,co2,solubility_molality,423.15,149.91,0,4,4,0,0,0,0.527862,0.593,0.593,,1,0,-0.109845,,0,0,,False,False,False
solubility,7423,n2_osullivan1970,OSULLIVAN(1970),n2,solubility_molality,324.65,101.325,0,0,0,0,0,0,0.0443867,0.0449983,0.0449983,,1,0,-0.0135911,,0,0,,False,False,False
solubility,7425,n2_osullivan1970,OSULLIVAN(1970),n2,solubility_molality,324.65,202.65,0,0,0,0,0,0,0.0808268,0.0817175,0.0817175,,1,0,-0.0109002,,0,0,,False,False,False
solubility,7427,n2_osullivan1970,OSULLIVAN(1970),n2,solubility_molality,324.65,303.975,0,0,0,0,0,0,0.112187,0.114026,0.114026,,1,0,-0.0161301,,0,0,,False,False,False
solubility,7429,n2_osullivan1970,OSULLIVAN(1970),n2,solubility_molality,324.65,405.3,0,0,0,0,0,0,0.138561,0.14135,0.14135,,1,0,-0.0197342,0.141356,2,4,-0.0197741,False,False,False
solubility,7431,n2_osullivan1970,OSULLIVAN(1970),n2,solubility_molality,324.65,506.625,0,0,0,0,0,0,0.162559,0.167026,0.167026,,1,0,-0.0267448,0.167069,1,3,-0.0269957,False,False,False
solubility,7433,n2_osullivan1970,OSULLIVAN(1970),n2,solubility_molality,324.65,607.95,0,0,0,0,0,0,0.186578,0.191608,0.191608,,1,0,-0.0262507,,0,0,,False,False,False
solubility,7607,c3h8_water,KOBAYASHI(1953),c3h8,solubility_molality,288.71,6.895,0,0,0,0,0,0,0.014286,0.0130309,0.0130309,,1,0,0.0963179,0.0127312,1,12,0.122122,False,False,False
solubility,7697,c3h8_water,KOBAYASHI(1953),c3h8,solubility_molality,344.26,13.79,0,0,0,0,0,0,0.00723369,,,,0,,,0.0075883,1,4,-0.0467309,False,False,False
solubility,7699,c3h8_water,KOBAYASHI(1953),c3h8,solubility_molality,344.26,20.684,0,0,0,0,0,0,0.00989337,,,,0,,,0.0103138,1,5,-0.0407598,False,False,False
solubility,7727,c3h8_water,KOBAYASHI(1953),c3h8,solubility_molality,360.93,20.684,0,0,0,0,0,0,0.00943804,,,,0,,,0.00947793,1,4,-0.0042091,False,False,False
solubility,7729,c3h8_water,KOBAYASHI(1953),c3h8,solubility_molality,360.93,27.579,0,0,0,0,0,0,0.0116981,,,,0,,,0.0117911,1,6,-0.0078846,False,False,False
solubility,7731,c3h8_water,KOBAYASHI(1953),c3h8,solubility_molality,360.93,34.474,0,0,0,0,0,0,0.0133252,,,,0,,,0.0134783,1,6,-0.0113553,False,False,False
solubility,7881,c3h8_water,CHAPOY(2004d),c3h8,solubility_molality,288.13,6.97,0,0,0,0,0,0,0.0130309,0.014286,0.014286,,1,0,-0.0878558,,0,0,,False,False,False
solubility,7923,c3h8_water,CHAPOY(2004d),c3h8,solubility_molality,323.13,13.96,0,0,0,0,0,0,0.00959352,,,,0,,,0.00938161,2,4,0.0225873,False,False,False
solubility,7937,c3h8_water,CHAPOY(2004d),c3h8,solubility_molality,353.18,14.31,0,0,0,0,0,0,0.00731142,,,,0,,,0.00713575,1,4,0.0246191,False,False,False
solubility,7939,c3h8_water,CHAPOY(2004d),c3h8,solubility_molality,353.18,20.61,0,0,0,0,0,0,0.00968791,,,,0,,,0.00951723,1,6,0.0179342,False,False,False
solubility,7941,c3h8_water,CHAPOY(2004d),c3h8,solubility_molality,353.18,24.83,0,0,0,0,0,0,0.0111372,,,,0,,,0.0109707,1,6,0.0151755,False,False,False
solubility,7947,c3h8_water,CHAPOY(2004d),c3h8,solubility_molality,368.16,19.4,0,0,0,0,0,0,0.00880503,,,,0,,,0.00875576,1,7,0.00562809,False,False,False
solubility,7949,c3h8_water,CHAPOY(2004d),c3h8,solubility_molality,368.16,24.95,0,0,0,0,0,0,0.0110428,,,,0,,,0.0109675,1,12,0.00686517,False,False,False
solubility,7951,c3h8_water,CHAPOY(2004d),c3h8,solubility_molality,368.16,29.97,0,0,0,0,0,0,0.0124145,,,,0,,,0.0125569,1,11,-0.0113415,False,False,False
solubility,7953,c3h8_water,CHAPOY(2004d),c3h8,solubility_molality,368.16,35.03,0,0,0,0,0,0,0.0137806,,,,0,,,0.0137199,1,13,0.00442473,False,False,False
solubility,7955,c3h8_water,CHAPOY(2004d),c3h8,solubility_molality,368.16,39.15,0,0,0,0,0,0,0.0144415,,,,0,,,0.0144463,1,9,-0.000332228,False,False,False
solubility,8121,c3h8_nacl_umano1958,UMANO(1958),c3h8,solubility_molality,288.15,1.01325,0,0,0,0,0,0,0.00193736,0.00202507,0.00202507,,1,0,-0.0433161,0.00206235,2,5,-0.0606101,False,False,False
solubility,8239,h2_nacl_brines,CHABAB(2024),h2,solubility_molality,323.35,101,1,1,0,0,0,0,0.05696,0.0540067,0.0540067,,1,0,0.0546841,,0,0,,False,False,False
solubility,8240,h2_nacl_brines,CHABAB(2024),h2,solubility_molality,323.2,150.1,1,1,0,0,0,0,0.08423,0.0788784,0.0788784,,1,0,0.0678462,,0,0,,False,False,False
solubility,8242,h2_nacl_brines,CHABAB(2024),h2,solubility_molality,323.2,200,1,1,0,0,0,0,0.11384,0.10316,0.10316,,1,0,0.103534,,0,0,,False,False,False
solubility,8254,h2_nacl_brines,CHABAB(2024),h2,solubility_molality,373.25,100.1,1,1,0,0,0,0,0.06656,0.0595133,0.0595133,,1,0,0.118406,,0,0,,False,False,False
solubility,8256,h2_nacl_brines,CHABAB(2024),h2,solubility_molality,373.45,150.71,1,1,0,0,0,0,0.09879,0.0886774,0.0886774,,1,0,0.114038,,0,0,,False,False,False
solubility,8283,h2_water_binaries,CHABAB(2024),h2,solubility_molality,298.2,100,0,0,0,0,0,0,0.0755943,0.0769343,0.0769343,,1,0,-0.0174182,,0,0,,False,False,False
solubility,8287,h2_water_binaries,CHABAB(2024),h2,solubility_molality,298.15,200,0,0,0,0,0,0,0.147153,0.150969,0.150969,,1,0,-0.0252756,,0,0,,False,False,False
solubility,8293,h2_water_binaries,WIEBE(1934),h2,solubility_molality,298.15,101.3,0,0,0,0,0,0,0.0769343,0.0755943,0.0755943,,1,0,0.017727,,0,0,,False,False,False
solubility,8295,h2_water_binaries,WIEBE(1934),h2,solubility_molality,298.15,202.7,0,0,0,0,0,0,0.150969,0.147153,0.147153,,1,0,0.0259311,,0,0,,False,False,False
solubility,8317,h2_water_binaries,CHABAB(2024),h2,solubility_molality,323.5,101.3,0,0,0,0,0,0,0.0688603,0.0718026,0.0718026,,1,0,-0.040978,,0,0,,False,False,False
solubility,8323,h2_water_binaries,CHABAB(2024),h2,solubility_molality,323.35,200.1,0,0,0,0,0,0,0.136609,0.141075,0.141075,,1,0,-0.0316623,,0,0,,False,False,False
solubility,8329,h2_water_binaries,KLING(1991),h2,solubility_molality,323.15,119.3,0,0,0,0,0,0,0.0841115,0.0858376,0.0858376,,1,0,-0.0201081,0.0844339,4,6,-0.00381812,False,False,False
solubility,8335,h2_water_binaries,WIEBE(1934),h2,solubility_molality,323.15,101.3,0,0,0,0,0,0,0.0718026,0.0688603,0.0688603,,1,0,0.0427289,0.0716268,3,5,0.00245498,False,False,False
solubility,8337,h2_water_binaries,WIEBE(1934),h2,solubility_molality,323.15,202.7,0,0,0,0,0,0,0.141075,0.136609,0.136609,,1,0,0.0326976,,0,0,,False,False,False
solubility,8347,h2_water_binaries,TORIN(2022),h2,solubility_molality,323.15,158,0,0,0,0,0,0,0.112131,,,,0,,,0.110277,4,6,0.0168113,False,False,False
solubility,8383,h2_water_binaries,CHABAB(2024),h2,solubility_molality,373.85,100,0,0,0,0,0,0,0.0783217,0.0804312,0.0804312,,1,0,-0.0262272,,0,0,,False,False,False
solubility,8389,h2_water_binaries,KLING(1991),h2,solubility_molality,373.15,120.9,0,0,0,0,0,0,0.0974772,,,,0,,,0.089167,4,4,0.0931978,False,False,False
solubility,8397,h2_water_binaries,WIEBE(1934),h2,solubility_molality,373.15,101.3,0,0,0,0,0,0,0.0804312,0.0783217,0.0783217,,1,0,0.0269336,0.0810325,4,4,-0.00742,False,False,False
solubility,8726,rettich2000_10.1006_jcht.1999.0581_t2,RETTICH(2000),o2,solubility_molality,298.168,0.9951,0,0,0,0,0,0,0.00121302,0.00125674,0.00125674,,1,0,-0.034787,,0,0,,False,False,False
solubility,8732,rettich2000_10.1006_jcht.1999.0581_t2,RETTICH(2000),o2,solubility_molality,308.169,1.0246,0,0,0,0,0,0,0.00105515,0.00110186,0.00110186,,1,0,-0.0423989,0.00109934,5,22,-0.0401999,False,False,False
solubility,8734,rettich2000_10.1006_jcht.1999.0581_t2,RETTICH(2000),o2,solubility_molality,313.158,0.9962,0,0,0,0,0,0,0.000947104,0.00103473,0.00103473,8.68112e-06,2,0.0118649,-0.0846842,,0,0,,False,False,False
solubility,8736,rettich2000_10.1006_jcht.1999.0581_t2,RETTICH(2000),o2,solubility_molality,318.16,1.0984,0,0,0,0,0,0,0.000978921,0.000987969,0.000987969,,1,0,-0.00915741,0.000991739,3,15,-0.0129242,False,False,False
solubility,8738,rettich2000_10.1006_jcht.1999.0581_t2,RETTICH(2000),o2,solubility_molality,318.161,1.0837,0,0,0,0,0,0,0.000964649,,,,0,,,0.000989943,3,15,-0.0255512,False,False,False
solubility,8740,rettich2000_10.1006_jcht.1999.0581_t2,RETTICH(2000),o2,solubility_molality,318.167,1.1055,0,0,0,0,0,0,0.000984556,0.000987969,0.000987969,,1,0,-0.00345433,0.000992517,3,15,-0.0080214,False,False,False
solubility,8742,rettich2000_10.1006_jcht.1999.0581_t2,RETTICH(2000),o2,solubility_molality,318.173,1.0825,0,0,0,0,0,0,0.000962482,,,,0,,,0.00098967,3,15,-0.0274723,False,False,False
solubility,8758,rettich1984_10.1007_BF00645706_t2,RETTICH(1984),n2,solubility_molality,298.148,1.0036,0,0,0,0,0,0,0.000626679,0.000655374,0.000655374,4.44432e-06,2,0.00959028,-0.043785,,0,0,,False,False,False
solubility,8762,rettich1984_10.1007_BF00645706_t2,RETTICH(1984),n2,solubility_molality,298.158,0.7243,0,0,0,0,0,0,0.000446555,,,,0,,,0.000453652,2,9,-0.0156448,False,False,False
solubility,8768,rettich1984_10.1007_BF00645706_t2,RETTICH(1984),n2,solubility_molality,308.141,1.0664,0,0,0,0,0,0,0.000576136,0.000588858,0.000588858,,1,0,-0.0216061,0.000584987,5,13,-0.0151304,False,False,False
solubility,8770,rettich1984_10.1007_BF00645706_t2,RETTICH(1984),n2,solubility_molality,308.142,1.0528,0,0,0,0,0,0,0.000568551,0.000588858,0.000588858,,1,0,-0.0344866,0.000584089,5,13,-0.026603,False,False,False
solubility,8772,rettich1984_10.1007_BF00645706_t2,RETTICH(1984),n2,solubility_molality,313.154,1.0334,0,0,0,0,0,0,0.000520789,0.000554313,0.000554313,,1,0,-0.0604786,0.000552533,4,10,-0.057453,False,False,False
solubility,8774,rettich1984_10.1007_BF00645706_t2,RETTICH(1984),n2,solubility_molality,318.151,1.1043,0,0,0,0,0,0,0.000524463,,,,0,,,0.00053338,3,8,-0.0167176,False,False,False
solubility,8776,rettich1984_10.1007_BF00645706_t2,RETTICH(1984),n2,solubility_molality,323.147,1.1476,0,0,0,0,0,0,0.000514512,0.000511581,0.000511581,,1,0,0.00573092,,0,0,,False,False,False
solubility,8778,rettich1984_10.1007_BF00645706_t2,RETTICH(1984),n2,solubility_molality,323.15,1.1551,0,0,0,0,0,0,0.00051815,0.000511581,0.000511581,,1,0,0.0128407,,0,0,,False,False,False
solubility,8779,debelius2009_10.1007_s10750-009-9835-4_t1,DEBELIUS(2009),o2,solubility_molality,308.15,0.2567,0,0,0,0,0,0,0.000216802,0.000218977,0.000218977,1.09249e-06,2,0.00705557,-0.00993705,0.000218799,3,10,-0.00913028,False,False,False
solubility,8781,debelius2009_10.1007_s10750-009-9835-4_t1,DEBELIUS(2009),o2,solubility_molality,307.15,0.2543,0,0,0,0,0,0,0.000223702,0.000218977,0.000218977,1.09249e-06,2,0.00705557,0.0215735,0.000222384,3,10,0.0059232,False,False,False
solubility,8783,debelius2009_10.1007_s10750-009-9835-4_t1,DEBELIUS(2009),o2,solubility_molality,306.15,0.252,0,0,0,0,0,0,0.000228702,,,,0,,,0.000226115,3,10,0.0114415,False,False,False
solubility,8785,debelius2009_10.1007_s10750-009-9835-4_t1,DEBELIUS(2009),o2,solubility_molality,305.15,0.2499,0,0,0,0,0,0,0.000231502,,,,0,,,0.000229978,3,10,0.00662529,False,False,False
solubility,8787,debelius2009_10.1007_s10750-009-9835-4_t1,DEBELIUS(2009),o2,solubility_molality,304.15,0.2478,0,0,0,0,0,0,0.000237502,0.0002393,0.0002393,,1,0,-0.0075144,0.00023402,3,10,0.0148804,False,False,False
solubility,8789,debelius2009_10.1007_s10750-009-9835-4_t1,DEBELIUS(2009),o2,solubility_molality,303.15,0.2458,0,0,0,0,0,0,0.000241602,0.000238658,0.000238658,9.07997e-07,2,0.00538051,0.0123353,0.000238199,3,12,0.0142861,False,False,False
solubility,8791,debelius2009_10.1007_s10750-009-9835-4_t1,DEBELIUS(2009),o2,solubility_molality,302.15,0.2439,0,0,0,0,0,0,0.000245802,0.000238658,0.000238658,9.07997e-07,2,0.00538051,0.029934,0.00024202,3,12,0.0156258,False,False,False
solubility,8793,debelius2009_10.1007_s10750-009-9835-4_t1,DEBELIUS(2009),o2,solubility_molality,301.15,0.2421,0,0,0,0,0,0,0.000250202,,,,0,,,0.00024584,3,12,0.0177445,False,False,False
solubility,8795,debelius2009_10.1007_s10750-009-9835-4_t1,DEBELIUS(2009),o2,solubility_molality,300.15,0.2404,0,0,0,0,0,0,0.000254802,,,,0,,,0.000249969,3,12,0.0193344,False,False,False
solubility,8797,debelius2009_10.1007_s10750-009-9835-4_t1,DEBELIUS(2009),o2,solubility_molality,299.15,0.2388,0,0,0,0,0,0,0.000259502,0.0002586,0.0002586,4.24264e-07,2,0.00232019,0.00348861,0.000254215,3,12,0.0207976,False,False,False
solubility,8799,debelius2009_10.1007_s10750-009-9835-4_t1,DEBELIUS(2009),o2,solubility_molality,298.15,0.2373,0,0,0,0,0,0,0.000264402,0.0002589,0.00025882,4.85548e-07,3,0.00371288,0.0212524,0.000258606,3,15,0.0224139,False,False,False
solubility,8801,debelius2009_10.1007_s10750-009-9835-4_t1,DEBELIUS(2009),o2,solubility_molality,297.15,0.2358,0,0,0,0,0,0,0.000269602,0.0002589,0.00025882,4.85548e-07,3,0.00371288,0.0413377,0.000263319,3,13,0.0238632,False,False,False
solubility,8803,debelius2009_10.1007_s10750-009-9835-4_t1,DEBELIUS(2009),o2,solubility_molality,296.15,0.2345,0,0,0,0,0,0,0.000274902,,,,0,,,0.000268471,3,13,0.0239554,False,False,False
solubility,8805,debelius2009_10.1007_s10750-009-9835-4_t1,DEBELIUS(2009),o2,solubility_molality,295.15,0.2331,0,0,0,0,0,0,0.000277702,,,,0,,,0.000273497,3,13,0.0153752,False,False,False
solubility,8807,debelius2009_10.1007_s10750-009-9835-4_t1,DEBELIUS(2009),o2,solubility_molality,294.15,0.2319,0,0,0,0,0,0,0.000284303,0.000283595,0.000283595,,1,0,0.00249561,0.000278971,3,13,0.0191098,False,False,False
solubility,8809,debelius2009_10.1007_s10750-009-9835-4_t1,DEBELIUS(2009),o2,solubility_molality,293.15,0.2307,0,0,0,0,0,0,0.000289503,0.000284747,0.000284747,1.62999e-06,2,0.00809544,0.0166999,0.000284509,3,14,0.0175504,False,False,False
solubility,8811,debelius2009_10.1007_s10750-009-9835-4_t1,DEBELIUS(2009),o2,solubility_molality,292.15,0.2296,0,0,0,0,0,0,0.000297703,0.00028508,0.00028508,1.15904e-06,2,0.00574973,0.0442766,0.000290133,3,13,0.0260907,False,False,False
solubility,8813,debelius2009_10.1007_s10750-009-9835-4_t1,DEBELIUS(2009),o2,solubility_molality,291.15,0.2286,0,0,0,0,0,0,0.000304703,,,,0,,,0.000295989,3,13,0.0294387,False,False,False
solubility,8815,debelius2009_10.1007_s10750-009-9835-4_t1,DEBELIUS(2009),o2,solubility_molality,290.15,0.2276,0,0,0,0,0,0,0.000311803,,,,0,,,0.000302042,3,14,0.0323169,False,False,False
solubility,8817,debelius2009_10.1007_s10750-009-9835-4_t1,DEBELIUS(2009),o2,solubility_molality,289.15,0.2266,0,0,0,0,0,0,0.000317403,0.000313788,0.000313788,2.65401e-07,2,0.00119614,0.0115223,0.000308113,3,14,0.0301513,False,False,False
solubility,8819,debelius2009_10.1007_s10750-009-9835-4_t1,DEBELIUS(2009),o2,solubility_molality,288.15,0.2257,0,0,0,0,0,0,0.000324903,0.000313788,0.000313788,2.65401e-07,2,0.00119614,0.0354243,0.000314526,3,16,0.0329951,False,False,False
solubility,8821,debelius2009_10.1007_s10750-009-9835-4_t1,DEBELIUS(2009),o2,solubility_molality,287.15,0.2249,0,0,0,0,0,0,0.000334104,0.0003158,0.0003158,,1,0,0.0579594,0.000321598,2,14,0.0388866,False,False,False
solubility,8823,debelius2009_10.1007_s10750-009-9835-4_t1,DEBELIUS(2009),o2,solubility_molality,286.15,0.2241,0,0,0,0,0,0,0.000338204,,,,0,,,0.000328847,2,14,0.0284541,False,False,False
solubility,8825,debelius2009_10.1007_s10750-009-9835-4_t1,DEBELIUS(2009),o2,solubility_molality,285.15,0.2233,0,0,0,0,0,0,0.000347104,,,,0,,,0.000336305,2,14,0.0321113,False,False,False
solubility,8827,debelius2009_10.1007_s10750-009-9835-4_t1,DEBELIUS(2009),o2,solubility_molality,284.15,0.2226,0,0,0,0,0,0,0.000357104,0.0003514,0.0003514,,1,0,0.0162324,0.000344384,2,15,0.0369363,False,False,False
solubility,8829,debelius2009_10.1007_s10750-009-9835-4_t1,DEBELIUS(2009),o2,solubility_molality,283.15,0.2219,0,0,0,0,0,0,0.000367704,0.000351691,0.000351691,4.11165e-07,2,0.00165337,0.0455332,0.000352294,2,16,0.0437434,False,False,False
solubility,8831,debelius2009_10.1007_s10750-009-9835-4_t1,DEBELIUS(2009),o2,solubility_molality,282.15,0.2213,0,0,0,0,0,0,0.000373004,0.000351981,0.000351981,,1,0,0.0597275,0.000360178,2,14,0.0356128,False,False,False
solubility,8833,debelius2009_10.1007_s10750-009-9835-4_t1,DEBELIUS(2009),o2,solubility_molality,281.15,0.2207,0,0,0,0,0,0,0.000382705,0.000374007,0.000374007,,1,0,0.0232559,0.00036858,2,14,0.0383219,False,False,False
solubility,8921,debelius2009_10.1007_s10750-009-9835-4_t1,DEBELIUS(2009),o2,solubility_molality,293.15,0.2307,0.177594,0.206716,0.00386553,0.00389368,0.0200014,0.0106924,0.000266809,,,,0,,,0.000270687,1,6,-0.0143294,False,False,False
solubility,8947,debelius2009_10.1007_s10750-009-9835-4_t1,DEBELIUS(2009),o2,solubility_molality,308.15,0.2567,0.26274,0.305825,0.00571884,0.00576049,0.029591,0.0158189,0.000198231,,,,0,,,0.000206506,1,6,-0.040069,False,False,False
solubility,8949,debelius2009_10.1007_s10750-009-9835-4_t1,DEBELIUS(2009),o2,solubility_molality,307.15,0.2543,0.26274,0.305825,0.00571884,0.00576049,0.029591,0.0158189,0.000201188,,,,0,,,0.000209432,1,6,-0.039362,False,False,False
solubility,8951,debelius2009_10.1007_s10750-009-9835-4_t1,DEBELIUS(2009),o2,solubility_molality,306.15,0.252,0.26274,0.305825,0.00571884,0.00576049,0.029591,0.0158189,0.000204349,,,,0,,,0.000212388,1,6,-0.037847,False,False,False
solubility,8953,debelius2009_10.1007_s10750-009-9835-4_t1,DEBELIUS(2009),o2,solubility_molality,305.15,0.2499,0.26274,0.305825,0.00571884,0.00576049,0.029591,0.0158189,0.000207511,,,,0,,,0.000215479,1,6,-0.0369783,False,False,False
solubility,8955,debelius2009_10.1007_s10750-009-9835-4_t1,DEBELIUS(2009),o2,solubility_molality,304.15,0.2478,0.26274,0.305825,0.00571884,0.00576049,0.029591,0.0158189,0.000210978,,,,0,,,0.000218606,1,6,-0.0348951,False,False,False
solubility,8957,debelius2009_10.1007_s10750-009-9835-4_t1,DEBELIUS(2009),o2,solubility_molality,303.15,0.2458,0.26274,0.305825,0.00571884,0.00576049,0.029591,0.0158189,0.000214649,,,,0,,,0.000221841,1,7,-0.0324205,False,False,False
solubility,8959,debelius2009_10.1007_s10750-009-9835-4_t1,DEBELIUS(2009),o2,solubility_molality,302.15,0.2439,0.26274,0.305825,0.00571884,0.00576049,0.029591,0.0158189,0.000218218,,,,0,,,0.000225099,1,7,-0.0305696,False,False,False
solubility,8961,debelius2009_10.1007_s10750-009-9835-4_t1,DEBELIUS(2009),o2,solubility_molality,301.15,0.2421,0.26274,0.305825,0.00571884,0.00576049,0.029591,0.0158189,0.000224744,,,,0,,,0.000228479,1,7,-0.0163491,False,False,False
solubility,8963,debelius2009_10.1007_s10750-009-9835-4_t1,DEBELIUS(2009),o2,solubility_molality,300.15,0.2404,0.26274,0.305825,0.00571884,0.00576049,0.029591,0.0158189,0.000225254,,,,0,,,0.000232131,1,7,-0.029627,False,False,False
solubility,8965,debelius2009_10.1007_s10750-009-9835-4_t1,DEBELIUS(2009),o2,solubility_molality,299.15,0.2388,0.26274,0.305825,0.00571884,0.00576049,0.029591,0.0158189,0.000228211,,,,0,,,0.000235869,1,7,-0.0324693,False,False,False
solubility,8967,debelius2009_10.1007_s10750-009-9835-4_t1,DEBELIUS(2009),o2,solubility_molality,298.15,0.2373,0.26274,0.305825,0.00571884,0.00576049,0.029591,0.0158189,0.000232086,,,,0,,,0.000239919,1,8,-0.0326491,False,False,False
solubility,8969,debelius2009_10.1007_s10750-009-9835-4_t1,DEBELIUS(2009),o2,solubility_molality,297.15,0.2358,0.26274,0.305825,0.00571884,0.00576049,0.029591,0.0158189,0.000235961,,,,0,,,0.000244369,1,6,-0.0344079,False,False,False
solubility,8971,debelius2009_10.1007_s10750-009-9835-4_t1,DEBELIUS(2009),o2,solubility_molality,296.15,0.2345,0.26274,0.305825,0.00571884,0.00576049,0.029591,0.0158189,0.000241059,,,,0,,,0.000249173,1,6,-0.0325611,False,False,False
solubility,8973,debelius2009_10.1007_s10750-009-9835-4_t1,DEBELIUS(2009),o2,solubility_molality,295.15,0.2331,0.26274,0.305825,0.00571884,0.00576049,0.029591,0.0158189,0.000246974,,,,0,,,0.000253803,1,6,-0.0269066,False,False,False
solubility,8975,debelius2009_10.1007_s10750-009-9835-4_t1,DEBELIUS(2009),o2,solubility_molality,294.15,0.2319,0.26274,0.305825,0.00571884,0.00576049,0.029591,0.0158189,0.000254825,,,,0,,,0.000259761,1,6,-0.0190003,False,False,False
solubility,8977,debelius2009_10.1007_s10750-009-9835-4_t1,DEBELIUS(2009),o2,solubility_molality,293.15,0.2307,0.26274,0.305825,0.00571884,0.00576049,0.029591,0.0158189,0.000260536,,,,0,,,0.000268719,1,6,-0.0304525,False,False,False
solubility,9395,murray1969_10.1016_0011-7471(69)90020-5_t2,MURRAY(1969),o2,solubility_molality,286.75,1.0288,0,0,0,0,0,0,0.00157511,0.00159343,0.00159343,1.63984e-05,2,0.014554,-0.0114932,0.00158932,5,36,-0.00893828,False,False,False
solubility,9397,murray1969_10.1016_0011-7471(69)90020-5_t2,MURRAY(1969),o2,solubility_molality,298.87,1.0463,0,0,0,0,0,0,0.00125942,0.00127599,0.00127599,8.37557e-07,2,0.000928285,-0.01299,0.00127512,5,32,-0.0123116,False,False,False
solubility,9399,murray1969_10.1016_0011-7471(69)90020-5_t2,MURRAY(1969),o2,solubility_molality,301.46,1.0518,0,0,0,0,0,0,0.00120254,,,,0,,,0.00122113,5,31,-0.0152173,False,False,False
solubility,9401,murray1969_10.1016_0011-7471(69)90020-5_t3,MURRAY(1969),n2,solubility_molality,273.73,1.0196,0,0,0,0,0,0,0.00104055,0.00103564,0.00103564,,1,0,0.00473643,0.00103529,3,8,0.0050729,False,False,False
solubility,9411,murray1969_10.1016_0011-7471(69)90020-5_t3,MURRAY(1969),n2,solubility_molality,275.92,1.0207,0,0,0,0,0,0,0.00098915,,,,0,,,0.00098806,4,9,0.00110373,False,False,False
solubility,9421,murray1969_10.1016_0011-7471(69)90020-5_t3,MURRAY(1969),n2,solubility_molality,278.1,1.0219,0,0,0,0,0,0,0.000936052,0.000939219,0.000939219,,1,0,-0.0033713,0.000943381,4,9,-0.00776863,False,False,False
solubility,9431,murray1969_10.1016_0011-7471(69)90020-5_t3,MURRAY(1969),n2,solubility_molality,280.02,1.0232,0,0,0,0,0,0,0.000896395,0.000917336,0.000917336,,1,0,-0.0228279,0.000907645,4,12,-0.0123945,False,False,False
solubility,9441,murray1969_10.1016_0011-7471(69)90020-5_t3,MURRAY(1969),n2,solubility_molality,282.3,1.0248,0,0,0,0,0,0,0.000853678,0.000841664,0.000841664,2.5584e-06,2,0.00429877,0.014274,0.000868859,4,12,-0.017472,False,False,False
solubility,9451,murray1969_10.1016_0011-7471(69)90020-5_t3,MURRAY(1969),n2,solubility_molality,284.23,1.0264,0,0,0,0,0,0,0.000819905,,,,0,,,0.000838302,4,15,-0.0219465,False,False,False
solubility,9463,murray1969_10.1016_0011-7471(69)90020-5_t3,MURRAY(1969),n2,solubility_molality,288.03,1.0302,0,0,0,0,0,0,0.00076314,0.000764928,0.000764928,4.72606e-06,2,0.00873762,-0.002337,0.00078597,4,15,-0.029046,False,False,False
solubility,9473,murray1969_10.1016_0011-7471(69)90020-5_t3,MURRAY(1969),n2,solubility_molality,293.33,1.0369,0,0,0,0,0,0,0.000695928,0.000704483,0.000704483,,1,0,-0.0121433,0.000720394,5,19,-0.0339615,False,False,False
solubility,9483,murray1969_10.1016_0011-7471(69)90020-5_t3,MURRAY(1969),n2,solubility_molality,297.52,1.0438,0,0,0,0,0,0,0.000652307,0.000661408,0.000661408,3.25459e-06,2,0.00695892,-0.0137599,0.000676568,5,18,-0.0358592,False,False,False
solubility,9493,murray1969_10.1016_0011-7471(69)90020-5_t3,MURRAY(1969),n2,solubility_molality,303.86,1.0575,0,0,0,0,0,0,0.000596997,0.000619698,0.000619698,,1,0,-0.0366318,0.000622827,5,18,-0.041473,False,False,False
solubility,9503,murray1969b_10.1016_0011-7471(69)90021-7_t1,MURRAY(1969b),o2,solubility_molality,273.89,0.2173,0,0,0,0,0,0,0.000447137,0.0004447,0.0004447,,1,0,0.0054792,0.000438395,2,7,0.0199404,False,False,False
solubility,9513,murray1969b_10.1016_0011-7471(69)90021-7_t1,MURRAY(1969b),o2,solubility_molality,274.95,0.2177,0,0,0,0,0,0,0.000433373,,,,0,,,0.00042601,2,8,0.0172833,False,False,False
solubility,9523,murray1969b_10.1016_0011-7471(69)90021-7_t1,MURRAY(1969b),o2,solubility_molality,278.05,0.219,0,0,0,0,0,0,0.000397532,0.00039505,0.00039505,,1,0,0.00628292,0.000399742,2,12,-0.00552958,False,False,False
solubility,9533,murray1969b_10.1016_0011-7471(69)90021-7_t1,MURRAY(1969b),o2,solubility_molality,280.6,0.2203,0,0,0,0,0,0,0.000374007,0.000382705,0.000382705,,1,0,-0.0227274,0.000382886,2,17,-0.02319,False,False,False
solubility,9545,murray1969b_10.1016_0011-7471(69)90021-7_t1,MURRAY(1969b),o2,solubility_molality,283.1,0.2219,0,0,0,0,0,0,0.000351981,0.000360877,0.000360877,1.34028e-05,2,0.0525231,-0.0246503,0.000363101,2,20,-0.0306245,False,False,False
solubility,9557,murray1969b_10.1016_0011-7471(69)90021-7_t1,MURRAY(1969b),o2,solubility_molality,288.27,0.2258,0,0,0,0,0,0,0.000313975,0.000317377,0.000317377,5.34099e-06,2,0.0237992,-0.010717,0.000320583,3,27,-0.0206099,False,False,False
solubility,9567,murray1969b_10.1016_0011-7471(69)90021-7_t1,MURRAY(1969b),o2,solubility_molality,293.15,0.2307,0,0,0,0,0,0,0.000284261,0.000287701,0.000287701,2.54748e-06,2,0.0125223,-0.0119585,0.000289676,3,30,-0.0186945,False,False,False
solubility,9577,murray1969b_10.1016_0011-7471(69)90021-7_t1,MURRAY(1969b),o2,solubility_molality,298.1,0.2372,0,0,0,0,0,0,0.000259261,0.0002589,0.000261401,4.86033e-06,3,0.0336125,0.00139538,0.000262491,3,28,-0.0123024,False,False,False
solubility,9587,murray1969b_10.1016_0011-7471(69)90021-7_t1,MURRAY(1969b),o2,solubility_molality,302.95,0.2454,0,0,0,0,0,0,0.000238016,0.000241501,0.000241501,3.11261e-06,2,0.0182273,-0.0144308,0.000241754,3,24,-0.0154617,False,False,False
solubility,9599,murray1969b_10.1016_0011-7471(69)90021-7_t1,MURRAY(1969b),o2,solubility_molality,307.95,0.2562,0,0,0,0,0,0,0.000218205,0.000220001,0.000220001,3.54651e-07,2,0.00227978,-0.00816264,0.000220166,3,18,-0.00890703,False,False,False
solubility,9609,murray1969b_10.1016_0011-7471(69)90021-7_t3,MURRAY(1969b),o2,solubility_molality,279.05,0.2195,0,0,0,0,0,0,0.000388617,0.0003967,0.0003967,,1,0,-0.0203746,0.000393028,2,15,-0.0112222,False,False,False
solubility,9617,murray1969b_10.1016_0011-7471(69)90021-7_t3,MURRAY(1969b),o2,solubility_molality,293.3,0.2308,0,0,0,0,0,0,0.000282929,0.000286401,0.000286401,7.08969e-07,2,0.0035008,-0.0121246,0.000288742,3,29,-0.0201323,False,False,False
solubility,9624,smith1962_10.1016_0016-7037(62)90066-2_t2,SMITH(1962),n2,solubility_molality,303.15,31.0264,0,0,0,0,0,0,0.0186016,,,,0,,,0.0177152,2,5,0.0500357,False,False,False
solubility,9626,smith1962_10.1016_0016-7037(62)90066-2_t2,SMITH(1962),n2,solubility_molality,303.15,40.6791,0,0,0,0,0,0,0.0237678,,,,0,,,0.0231865,2,5,0.0250702,False,False,False
solubility,9628,smith1962_10.1016_0016-7037(62)90066-2_t2,SMITH(1962),n2,solubility_molality,303.15,50.5386,0,0,0,0,0,0,0.0306576,,,,0,,,0.0282805,2,8,0.0840542,False,False,False
solubility,9630,smith1962_10.1016_0016-7037(62)90066-2_t2,SMITH(1962),n2,solubility_molality,303.15,58.9502,0,0,0,0,0,0,0.0353814,,,,0,,,0.0328717,2,8,0.0763494,False,False,False
solubility,9632,osullivan1966_10.1016_0016-7037(66)90015-9_t1,OSULLIVAN(1966),n2,solubility_molality,324.65,101.325,0,0,0,0,0,0,0.0449983,0.0443867,0.0443867,,1,0,0.0137784,,0,0,,False,False,False
solubility,9634,osullivan1966_10.1016_0016-7037(66)90015-9_t1,OSULLIVAN(1966),n2,solubility_molality,324.65,202.65,0,0,0,0,0,0,0.0817175,0.0808268,0.0808268,,1,0,0.0110203,,0,0,,False,False,False
solubility,9636,osullivan1966_10.1016_0016-7037(66)90015-9_t1,OSULLIVAN(1966),n2,solubility_molality,324.65,303.975,0,0,0,0,0,0,0.114026,0.112187,0.112187,,1,0,0.0163945,,0,0,,False,False,False
solubility,9638,osullivan1966_10.1016_0016-7037(66)90015-9_t1,OSULLIVAN(1966),n2,solubility_molality,324.65,405.3,0,0,0,0,0,0,0.14135,0.138561,0.138561,,1,0,0.0201315,0.138481,2,4,0.02072,False,False,False
solubility,9640,osullivan1966_10.1016_0016-7037(66)90015-9_t1,OSULLIVAN(1966),n2,solubility_molality,324.65,506.625,0,0,0,0,0,0,0.167026,0.162559,0.162559,,1,0,0.0274797,0.16289,1,3,0.0253932,False,False,False
solubility,9642,osullivan1966_10.1016_0016-7037(66)90015-9_t1,OSULLIVAN(1966),n2,solubility_molality,324.65,607.95,0,0,0,0,0,0,0.191608,0.186578,0.186578,,1,0,0.0269584,,0,0,,False,False,False
solubility,9653,gordon1977_10.1016_0146-6291(77)90563-x_t1,GORDON(1977),h2,solubility_molality,278.19,1.022,0,0,0,0,0,0,0.000920438,0.00092534,0.00092534,,1,0,-0.00529751,0.000921038,2,29,-0.000651376,False,False,False
solubility,9663,gordon1977_10.1016_0146-6291(77)90563-x_t1,GORDON(1977),h2,solubility_molality,283.15,1.0255,0,0,0,0,0,0,0.000877391,0.000872917,0.000872917,,1,0,0.00512514,0.00087461,2,36,0.00317999,False,False,False
solubility,9665,gordon1977_10.1016_0146-6291(77)90563-x_t1,GORDON(1977),h2,solubility_molality,283.17,1.0255,0,0,0,0,0,0,0.000877839,0.000872917,0.000872917,,1,0,0.00563817,0.000874442,2,36,0.00388457,False,False,False
solubility,9675,gordon1977_10.1016_0146-6291(77)90563-x_t1,GORDON(1977),h2,solubility_molality,289.82,1.0322,0,0,0,0,0,0,0.000833486,0.000830954,0.000830954,,1,0,0.00304716,0.000827368,2,35,0.00739407,False,False,False
solubility,9685,gordon1977_10.1016_0146-6291(77)90563-x_t1,GORDON(1977),h2,solubility_molality,296.78,1.0425,0,0,0,0,0,0,0.000788172,,,,0,,,0.000788387,2,29,-0.000272889,False,False,False
solubility,9701,gordon1977_10.1016_0146-6291(77)90563-x_t1,GORDON(1977),h2,solubility_molality,302.4,1.0539,0,0,0,0,0,0,0.00076966,0.00076492,0.00076492,,1,0,0.00619697,0.000762992,2,17,0.00873839,False,False,False
solubility,9752,bermejo2005_10.1016_j.fluid.2005.10.006_t5,BERMEJO(2005),co2,solubility_molality,296.73,15.5,0,0,0,0,0,0,0.427349,,,,0,,,0.494136,7,13,-0.135158,False,True,True
solubility,9754,bermejo2005_10.1016_j.fluid.2005.10.006_t5,BERMEJO(2005),co2,solubility_molality,307.68,20.2,0,0,0,0,0,0,0.427349,,,,0,,,0.482007,8,19,-0.113395,False,False,False
solubility,9756,bermejo2005_10.1016_j.fluid.2005.10.006_t5,BERMEJO(2005),co2,solubility_molality,319.03,25.6,0,0,0,0,0,0,0.427349,,,,0,,,0.470991,10,22,-0.0926598,False,False,False
solubility,9758,bermejo2005_10.1016_j.fluid.2005.10.006_t5,BERMEJO(2005),co2,solubility_molality,323.08,27.4,0,0,0,0,0,0,0.427349,,,,0,,,0.465507,10,20,-0.0819709,False,False,False
solubility,9760,bermejo2005_10.1016_j.fluid.2005.10.006_t5,BERMEJO(2005),co2,solubility_molality,327.92,30.4,0,0,0,0,0,0,0.427349,,,,0,,,0.47697,11,25,-0.104034,False,False,False
solubility,9762,bermejo2005_10.1016_j.fluid.2005.10.006_t5,BERMEJO(2005),co2,solubility_molality,338.12,35.8,0,0,0,0,0,0,0.427349,,,,0,,,0.481517,5,20,-0.112494,False,False,False
solubility,9764,bermejo2005_10.1016_j.fluid.2005.10.006_t5,BERMEJO(2005),co2,solubility_molality,347.35,40.7,0,0,0,0,0,0,0.427349,0.480949,0.480949,,1,0,-0.111445,0.481464,11,29,-0.112396,False,False,False
solubility,9766,bermejo2005_10.1016_j.fluid.2005.10.006_t5,BERMEJO(2005),co2,solubility_molality,352.67,42.8,0,0,0,0,0,0,0.427349,0.461824,0.461824,0.0200474,2,0.0613899,-0.0746495,0.474838,10,29,-0.100011,False,False,False
solubility,9768,bermejo2005_10.1016_j.fluid.2005.10.006_t5,BERMEJO(2005),co2,solubility_molality,358.73,46.7,0,0,0,0,0,0,0.427349,,,,0,,,0.47245,5,18,-0.0954609,False,False,False
solubility,9770,bermejo2005_10.1016_j.fluid.2005.10.006_t5,BERMEJO(2005),co2,solubility_molality,367.86,50.7,0,0,0,0,0,0,0.427349,,,,0,,,0.478571,5,9,-0.107031,False,False,False
solubility,9772,bermejo2005_10.1016_j.fluid.2005.10.006_t5,BERMEJO(2005),co2,solubility_molality,299.82,19.9,0,0,0,0,0,0,0.560691,,,,0,,,0.557943,8,20,0.00492519,False,False,False
solubility,9774,bermejo2005_10.1016_j.fluid.2005.10.006_t5,BERMEJO(2005),co2,solubility_molality,309.39,25.3,0,0,0,0,0,0,0.560691,,,,0,,,0.56503,5,23,-0.00767856,False,False,False
solubility,9776,bermejo2005_10.1016_j.fluid.2005.10.006_t5,BERMEJO(2005),co2,solubility_molality,318.93,31.7,0,0,0,0,0,0,0.560691,,,,0,,,0.575664,13,27,-0.0260096,False,False,False
solubility,9778,bermejo2005_10.1016_j.fluid.2005.10.006_t5,BERMEJO(2005),co2,solubility_molality,327.35,37.2,0,0,0,0,0,0,0.560691,,,,0,,,0.572879,12,36,-0.0212751,False,False,False
solubility,9780,bermejo2005_10.1016_j.fluid.2005.10.006_t5,BERMEJO(2005),co2,solubility_molality,338.4,44.9,0,0,0,0,0,0,0.560691,,,,0,,,0.579073,10,32,-0.0317433,False,False,False
solubility,9782,bermejo2005_10.1016_j.fluid.2005.10.006_t5,BERMEJO(2005),co2,solubility_molality,347.48,50.3,0,0,0,0,0,0,0.560691,0.561703,0.561703,,1,0,-0.00180032,0.576378,11,37,-0.0272162,False,False,False
solubility,9784,bermejo2005_10.1016_j.fluid.2005.10.006_t5,BERMEJO(2005),co2,solubility_molality,357.84,56.1,0,0,0,0,0,0,0.560691,,,,0,,,0.565725,9,28,-0.00889756,False,False,False
solubility,9786,bermejo2005_10.1016_j.fluid.2005.10.006_t5,BERMEJO(2005),co2,solubility_molality,366.54,60.9,0,0,0,0,0,0,0.560691,,,,0,,,0.571794,7,11,-0.019417,False,False,False
solubility,9788,bermejo2005_10.1016_j.fluid.2005.10.006_t5,BERMEJO(2005),co2,solubility_molality,299.98,26.3,0,0,0,0,0,0,0.707193,,,,0,,,0.728168,9,26,-0.0288056,False,False,False
solubility,9790,bermejo2005_10.1016_j.fluid.2005.10.006_t5,BERMEJO(2005),co2,solubility_molality,307.81,32.4,0,0,0,0,0,0,0.707193,,,,0,,,0.733076,10,33,-0.0353076,False,False,False
solubility,9792,bermejo2005_10.1016_j.fluid.2005.10.006_t5,BERMEJO(2005),co2,solubility_molality,317.53,40.7,0,0,0,0,0,0,0.707193,,,,0,,,0.719824,13,45,-0.0175473,False,False,False
solubility,9794,bermejo2005_10.1016_j.fluid.2005.10.006_t5,BERMEJO(2005),co2,solubility_molality,327.84,50.1,0,0,0,0,0,0,0.707193,,,,0,,,0.721911,14,48,-0.0203877,False,False,False
solubility,9796,bermejo2005_10.1016_j.fluid.2005.10.006_t5,BERMEJO(2005),co2,solubility_molality,338.17,59.4,0,0,0,0,0,0,0.707193,,,,0,,,0.727456,10,42,-0.0278555,False,False,False
solubility,9798,bermejo2005_10.1016_j.fluid.2005.10.006_t5,BERMEJO(2005),co2,solubility_molality,347.03,67,0,0,0,0,0,0,0.707193,,,,0,,,0.727019,10,45,-0.0272714,False,False,False
solubility,9800,bermejo2005_10.1016_j.fluid.2005.10.006_t5,BERMEJO(2005),co2,solubility_molality,357.42,75.4,0,0,0,0,0,0,0.707193,,,,0,,,0.729306,11,36,-0.0303207,False,False,False
solubility,9802,bermejo2005_10.1016_j.fluid.2005.10.006_t5,BERMEJO(2005),co2,solubility_molality,369.65,83.4,0,0,0,0,0,0,0.707193,,,,0,,,0.714159,6,9,-0.0097545,False,False,False
solubility,9830,carvalho2015_10.1016_j.fluid.2014.12.043_t1,CARVALHO(2015),co2,solubility_molality,303.28,5.2,0,0,0,0,0,0,0.167026,,,,0,,,0.15425,3,8,0.0828271,False,False,False
solubility,9832,carvalho2015_10.1016_j.fluid.2014.12.043_t1,CARVALHO(2015),co2,solubility_molality,313.17,6.7,0,0,0,0,0,0,0.167026,,,,0,,,0.148427,4,9,0.125307,False,True,True
solubility,9834,carvalho2015_10.1016_j.fluid.2014.12.043_t1,CARVALHO(2015),co2,solubility_molality,323.15,9,0,0,0,0,0,0,0.167026,0.167026,0.167026,,1,0,0,0.164048,6,8,0.0181567,False,False,False
solubility,9836,carvalho2015_10.1016_j.fluid.2014.12.043_t1,CARVALHO(2015),co2,solubility_molality,332.88,11.4,0,0,0,0,0,0,0.167026,,,,0,,,0.174829,5,8,-0.0446302,False,False,False
solubility,9844,carvalho2015_10.1016_j.fluid.2014.12.043_t1,CARVALHO(2015),co2,solubility_molality,293.33,8.1,0,0,0,0,0,0,0.335061,,,,0,,,0.297215,3,5,0.127334,False,True,True
solubility,9846,carvalho2015_10.1016_j.fluid.2014.12.043_t1,CARVALHO(2015),co2,solubility_molality,303.54,11.9,0,0,0,0,0,0,0.335061,,,,0,,,0.339912,6,8,-0.0142705,False,False,False
solubility,9848,carvalho2015_10.1016_j.fluid.2014.12.043_t1,CARVALHO(2015),co2,solubility_molality,313.58,15.8,0,0,0,0,0,0,0.335061,,,,0,,,0.360529,6,10,-0.0706413,False,False,False
solubility,9850,carvalho2015_10.1016_j.fluid.2014.12.043_t1,CARVALHO(2015),co2,solubility_molality,323.39,19.6,0,0,0,0,0,0,0.335061,,,,0,,,0.337435,7,11,-0.00703441,False,False,False
solubility,9852,carvalho2015_10.1016_j.fluid.2014.12.043_t1,CARVALHO(2015),co2,solubility_molality,333.74,23.1,0,0,0,0,0,0,0.335061,,,,0,,,0.349986,3,4,-0.0426437,False,False,False
solubility,9854,carvalho2015_10.1016_j.fluid.2014.12.043_t1,CARVALHO(2015),co2,solubility_molality,343.17,26,0,0,0,0,0,0,0.335061,,,,0,,,0.347819,7,12,-0.0366792,False,False,False
solubility,9856,carvalho2015_10.1016_j.fluid.2014.12.043_t1,CARVALHO(2015),co2,solubility_molality,353.17,30.1,0,0,0,0,0,0,0.335061,0.352,0.352,,1,0,-0.0481222,0.34943,9,12,-0.0411224,False,False,False
solubility,9858,carvalho2015_10.1016_j.fluid.2014.12.043_t1,CARVALHO(2015),co2,solubility_molality,363.15,32.7,0,0,0,0,0,0,0.335061,,,,0,,,0.33687,8,14,-0.00537109,False,False,False
solubility,9860,carvalho2015_10.1016_j.fluid.2014.12.043_t1,CARVALHO(2015),co2,solubility_molality,293.17,13.1,0,0,0,0,0,0,0.447649,,,,0,,,0.469138,5,8,-0.0458055,False,False,False
solubility,9862,carvalho2015_10.1016_j.fluid.2014.12.043_t1,CARVALHO(2015),co2,solubility_molality,303.24,18,0,0,0,0,0,0,0.447649,,,,0,,,0.48024,7,18,-0.0678655,False,False,False
solubility,9864,carvalho2015_10.1016_j.fluid.2014.12.043_t1,CARVALHO(2015),co2,solubility_molality,313.4,22.5,0,0,0,0,0,0,0.447649,,,,0,,,0.472272,10,24,-0.0521383,False,False,False
solubility,9866,carvalho2015_10.1016_j.fluid.2014.12.043_t1,CARVALHO(2015),co2,solubility_molality,323.52,28,0,0,0,0,0,0,0.447649,,,,0,,,0.461325,10,19,-0.0296462,False,False,False
solubility,9868,carvalho2015_10.1016_j.fluid.2014.12.043_t1,CARVALHO(2015),co2,solubility_molality,333.39,32.5,0,0,0,0,0,0,0.447649,,,,0,,,0.456192,4,14,-0.0187284,False,False,False
solubility,9870,carvalho2015_10.1016_j.fluid.2014.12.043_t1,CARVALHO(2015),co2,solubility_molality,343.12,38,0,0,0,0,0,0,0.447649,,,,0,,,0.466417,10,28,-0.0402396,False,False,False
solubility,9872,carvalho2015_10.1016_j.fluid.2014.12.043_t1,CARVALHO(2015),co2,solubility_molality,353.48,43.5,0,0,0,0,0,0,0.447649,0.451675,0.451675,0.0344012,2,0.107712,-0.00891355,0.469138,9,22,-0.0458065,False,False,False
solubility,9874,carvalho2015_10.1016_j.fluid.2014.12.043_t1,CARVALHO(2015),co2,solubility_molality,363.42,47.8,0,0,0,0,0,0,0.447649,,,,0,,,0.416406,6,11,0.0750282,False,False,False
solubility,9876,carvalho2015_10.1016_j.fluid.2014.12.043_t1,CARVALHO(2015),co2,solubility_molality,293.29,16.3,0,0,0,0,0,0,0.560691,,,,0,,,0.562362,7,10,-0.00297163,False,False,False
solubility,9878,carvalho2015_10.1016_j.fluid.2014.12.043_t1,CARVALHO(2015),co2,solubility_molality,303.87,23,0,0,0,0,0,0,0.560691,,,,0,,,0.584535,9,22,-0.0407906,False,False,False
solubility,9880,carvalho2015_10.1016_j.fluid.2014.12.043_t1,CARVALHO(2015),co2,solubility_molality,313.87,27.9,0,0,0,0,0,0,0.560691,,,,0,,,0.559691,10,26,0.00178725,False,False,False
solubility,9882,carvalho2015_10.1016_j.fluid.2014.12.043_t1,CARVALHO(2015),co2,solubility_molality,322.97,35,0,0,0,0,0,0,0.560691,0.58876,0.58876,0.0116526,2,0.0279898,-0.0476749,0.574834,13,29,-0.0246032,False,False,False
solubility,9884,carvalho2015_10.1016_j.fluid.2014.12.043_t1,CARVALHO(2015),co2,solubility_molality,333.62,40,0,0,0,0,0,0,0.560691,0.554523,0.554523,0.0233018,2,0.0594272,0.0111233,0.547996,5,22,0.0231667,False,False,False
solubility,9886,carvalho2015_10.1016_j.fluid.2014.12.043_t1,CARVALHO(2015),co2,solubility_molality,343.65,48,0,0,0,0,0,0,0.560691,,,,0,,,0.571027,10,35,-0.0180996,False,False,False
solubility,9888,carvalho2015_10.1016_j.fluid.2014.12.043_t1,CARVALHO(2015),co2,solubility_molality,352.99,53.1,0,0,0,0,0,0,0.560691,,,,0,,,0.562024,10,38,-0.00237217,False,False,False
solubility,9890,carvalho2015_10.1016_j.fluid.2014.12.043_t1,CARVALHO(2015),co2,solubility_molality,362.98,58.7,0,0,0,0,0,0,0.560691,,,,0,,,0.542421,5,21,0.0336826,False,False,False
solubility,9892,carvalho2015_10.1016_j.fluid.2014.12.043_t1,CARVALHO(2015),co2,solubility_molality,283.55,12.9,0,0,0,0,0,0,0.674192,,,,0,,,0.639112,3,10,0.0548873,False,False,False
solubility,9894,carvalho2015_10.1016_j.fluid.2014.12.043_t1,CARVALHO(2015),co2,solubility_molality,293.13,19.4,0,0,0,0,0,0,0.674192,,,,0,,,0.66292,8,15,0.0170031,False,False,False
solubility,9896,carvalho2015_10.1016_j.fluid.2014.12.043_t1,CARVALHO(2015),co2,solubility_molality,303.2,26.8,0,0,0,0,0,0,0.674192,,,,0,,,0.682795,9,25,-0.0125999,False,False,False
solubility,9898,carvalho2015_10.1016_j.fluid.2014.12.043_t1,CARVALHO(2015),co2,solubility_molality,313.16,33,0,0,0,0,0,0,0.674192,,,,0,,,0.662209,11,33,0.0180951,False,False,False
solubility,9900,carvalho2015_10.1016_j.fluid.2014.12.043_t1,CARVALHO(2015),co2,solubility_molality,323.19,41,0,0,0,0,0,0,0.674192,0.627322,0.627322,0.0220793,2,0.0497749,0.0747136,0.652242,13,38,0.0336525,False,False,False
solubility,9902,carvalho2015_10.1016_j.fluid.2014.12.043_t1,CARVALHO(2015),co2,solubility_molality,333.12,48,0,0,0,0,0,0,0.674192,,,,0,,,0.645461,10,37,0.0445119,False,False,False
solubility,9904,carvalho2015_10.1016_j.fluid.2014.12.043_t1,CARVALHO(2015),co2,solubility_molality,343.06,57.1,0,0,0,0,0,0,0.674192,,,,0,,,0.667335,10,44,0.0102749,False,False,False
solubility,9906,carvalho2015_10.1016_j.fluid.2014.12.043_t1,CARVALHO(2015),co2,solubility_molality,353,63.7,0,0,0,0,0,0,0.674192,0.669,0.669,,1,0,0.00776012,0.656119,10,43,0.027544,False,False,False
solubility,9908,carvalho2015_10.1016_j.fluid.2014.12.043_t1,CARVALHO(2015),co2,solubility_molality,363.19,69.5,0,0,0,0,0,0,0.674192,,,,0,,,0.638073,5,12,0.0566054,False,False,False
solubility,9910,carvalho2015_10.1016_j.fluid.2014.12.043_t1,CARVALHO(2015),co2,solubility_molality,283.41,17.3,0,0,0,0,0,0,0.845306,0.799574,0.799574,,1,0,0.057196,0.814533,4,14,0.0377795,False,False,False
solubility,9912,carvalho2015_10.1016_j.fluid.2014.12.043_t1,CARVALHO(2015),co2,solubility_molality,293.13,25.1,0,0,0,0,0,0,0.845306,,,,0,,,0.836901,8,16,0.0100436,False,False,False
solubility,9914,carvalho2015_10.1016_j.fluid.2014.12.043_t1,CARVALHO(2015),co2,solubility_molality,303.28,33.5,0,0,0,0,0,0,0.845306,,,,0,,,0.824964,10,29,0.0246576,False,False,False
solubility,9916,carvalho2015_10.1016_j.fluid.2014.12.043_t1,CARVALHO(2015),co2,solubility_molality,313.19,43.2,0,0,0,0,0,0,0.845306,0.759619,0.759619,,1,0,0.112803,0.813611,11,42,0.0389558,False,False,False
solubility,9918,carvalho2015_10.1016_j.fluid.2014.12.043_t1,CARVALHO(2015),co2,solubility_molality,322.94,52.5,0,0,0,0,0,0,0.845306,0.799574,0.799574,,1,0,0.057196,0.799121,14,40,0.0577953,False,False,False
solubility,9920,carvalho2015_10.1016_j.fluid.2014.12.043_t1,CARVALHO(2015),co2,solubility_molality,333.19,64.1,0,0,0,0,0,0,0.845306,0.814357,0.814357,0.00333378,2,0.00578944,0.0380039,0.802234,6,37,0.0536902,False,False,False
solubility,9922,carvalho2015_10.1016_j.fluid.2014.12.043_t1,CARVALHO(2015),co2,solubility_molality,343.29,75,0,0,0,0,0,0,0.845306,0.821,0.821,,1,0,0.0296055,0.81633,12,50,0.0354954,False,False,False
solubility,9924,carvalho2015_10.1016_j.fluid.2014.12.043_t1,CARVALHO(2015),co2,solubility_molality,353.31,84.9,0,0,0,0,0,0,0.845306,0.82,0.82,,1,0,0.0308611,0.805844,11,35,0.0489698,False,False,False
solubility,9926,carvalho2015_10.1016_j.fluid.2014.12.043_t1,CARVALHO(2015),co2,solubility_molality,363.11,95.4,0,0,0,0,0,0,0.845306,,,,0,,,0.88186,5,20,-0.0414512,False,False,False
solubility,9928,carvalho2015_10.1016_j.fluid.2014.12.043_t1,CARVALHO(2015),co2,solubility_molality,283.24,20.2,0,0,0,0,0,0,1.01747,0.871666,0.871666,0.0112974,2,0.0183292,0.167267,0.903747,5,14,0.125831,True,True,True
solubility,9930,carvalho2015_10.1016_j.fluid.2014.12.043_t1,CARVALHO(2015),co2,solubility_molality,293.48,29.8,0,0,0,0,0,0,1.01747,,,,0,,,0.958071,7,15,0.0619941,False,False,False
solubility,9932,carvalho2015_10.1016_j.fluid.2014.12.043_t1,CARVALHO(2015),co2,solubility_molality,303.08,40.8,0,0,0,0,0,0,1.01747,0.94,0.94,,1,0,0.0824109,0.957166,9,27,0.0629986,False,False,False
solubility,9934,carvalho2015_10.1016_j.fluid.2014.12.043_t1,CARVALHO(2015),co2,solubility_molality,313.3,54.8,0,0,0,0,0,0,1.01747,0.946,0.946,,1,0,0.0755457,0.962857,14,58,0.0567164,False,False,False
solubility,9936,carvalho2015_10.1016_j.fluid.2014.12.043_t1,CARVALHO(2015),co2,solubility_molality,323.17,68.5,0,0,0,0,0,0,1.01747,0.931829,0.931829,,1,0,0.0919026,0.949087,15,48,0.0720477,False,False,False
solubility,9938,carvalho2015_10.1016_j.fluid.2014.12.043_t1,CARVALHO(2015),co2,solubility_molality,333.2,82.7,0,0,0,0,0,0,1.01747,0.968601,0.968601,,1,0,0.0504492,0.952009,8,79,0.0687568,False,False,False
solubility,9940,carvalho2015_10.1016_j.fluid.2014.12.043_t1,CARVALHO(2015),co2,solubility_molality,343.18,96.8,0,0,0,0,0,0,1.01747,0.944,0.944,,1,0,0.0778244,0.959909,11,66,0.059961,False,False,False
solubility,9942,carvalho2015_10.1016_j.fluid.2014.12.043_t1,CARVALHO(2015),co2,solubility_molality,352.91,110.3,0,0,0,0,0,0,1.01747,0.958727,0.958727,0.0179988,2,0.0265499,0.0612679,0.948324,11,57,0.0729099,False,False,False
solubility,9946,carvalho2015_10.1016_j.fluid.2014.12.043_t1,CARVALHO(2015),co2,solubility_molality,283.35,23.6,0,0,0,0,0,0,1.13283,,,,0,,,1.02239,5,15,0.108017,False,False,False
solubility,9948,carvalho2015_10.1016_j.fluid.2014.12.043_t1,CARVALHO(2015),co2,solubility_molality,293.27,34.3,0,0,0,0,0,0,1.13283,,,,0,,,1.06181,9,22,0.0668764,False,False,False
solubility,9950,carvalho2015_10.1016_j.fluid.2014.12.043_t1,CARVALHO(2015),co2,solubility_molality,303.42,48.7,0,0,0,0,0,0,1.13283,,,,0,,,1.07104,10,37,0.0576865,False,False,False
solubility,9952,carvalho2015_10.1016_j.fluid.2014.12.043_t1,CARVALHO(2015),co2,solubility_molality,313.37,65.3,0,0,0,0,0,0,1.13283,1.053,1.053,,1,0,0.0758074,1.07278,13,60,0.0559736,False,False,False
solubility,9954,carvalho2015_10.1016_j.fluid.2014.12.043_t1,CARVALHO(2015),co2,solubility_molality,323.24,83.7,0,0,0,0,0,0,1.13283,1.05631,1.05631,0.0264316,2,0.0353872,0.0724363,1.05406,17,87,0.074722,False,False,False
solubility,9956,carvalho2015_10.1016_j.fluid.2014.12.043_t1,CARVALHO(2015),co2,solubility_molality,333.06,103.4,0,0,0,0,0,0,1.13283,1.087,1.08207,0.0111341,3,0.0189184,0.0421575,1.08548,14,85,0.0436185,False,False,False
solubility,9958,carvalho2015_10.1016_j.fluid.2014.12.043_t1,CARVALHO(2015),co2,solubility_molality,342.96,119.9,0,0,0,0,0,0,1.13283,1.08147,1.08147,0.0317783,2,0.0415558,0.0474858,1.06464,13,85,0.0640468,False,False,False
solubility,9960,ahmadi2018_10.1016_j.fluid.2018.02.002_t6,AHMADI(2018),co2,solubility_molality,300.95,20.71,0,0,0,0,0,0,0.616817,,,,0,,,0.554246,8,23,0.112893,False,False,False
solubility,9962,ahmadi2018_10.1016_j.fluid.2018.02.002_t6,AHMADI(2018),co2,solubility_molality,300.95,47.82,0,0,0,0,0,0,1.15133,,,,0,,,1.10734,9,29,0.0397228,False,False,False
solubility,9964,ahmadi2018_10.1016_j.fluid.2018.02.002_t6,AHMADI(2018),co2,solubility_molality,300.95,78.37,0,0,0,0,0,0,1.32711,,,,0,,,1.35273,8,35,-0.018943,False,False,False
solubility,9966,ahmadi2018_10.1016_j.fluid.2018.02.002_t6,AHMADI(2018),co2,solubility_molality,300.95,194.45,0,0,0,0,0,0,1.53797,,,,0,,,1.51275,7,28,0.0166694,False,False,False
solubility,9968,ahmadi2018_10.1016_j.fluid.2018.02.002_t6,AHMADI(2018),co2,solubility_molality,300.95,347.53,0,0,0,0,0,0,1.69317,,,,0,,,1.63748,4,12,0.0340077,False,False,False
solubility,9970,ahmadi2018_10.1016_j.fluid.2018.02.002_t6,AHMADI(2018),co2,solubility_molality,307.79,12.92,0,0,0,0,0,0,0.335623,,,,0,,,0.325151,5,8,0.0322066,False,False,False
solubility,9972,ahmadi2018_10.1016_j.fluid.2018.02.002_t6,AHMADI(2018),co2,solubility_molality,307.79,13.1,0,0,0,0,0,0,0.335623,,,,0,,,0.329367,5,8,0.0189924,False,False,False
solubility,9974,ahmadi2018_10.1016_j.fluid.2018.02.002_t6,AHMADI(2018),co2,solubility_molality,307.79,22.43,0,0,0,0,0,0,0.54597,,,,0,,,0.513022,9,23,0.0642236,False,False,False
solubility,9976,ahmadi2018_10.1016_j.fluid.2018.02.002_t6,AHMADI(2018),co2,solubility_molality,307.79,33.8,0,0,0,0,0,0,0.779018,,,,0,,,0.75576,10,35,0.0307751,False,False,False
solubility,9978,ahmadi2018_10.1016_j.fluid.2018.02.002_t6,AHMADI(2018),co2,solubility_molality,307.79,45.94,0,0,0,0,0,0,0.962261,,,,0,,,0.948784,11,43,0.0142041,False,False,False
solubility,9980,ahmadi2018_10.1016_j.fluid.2018.02.002_t6,AHMADI(2018),co2,solubility_molality,307.79,55.43,0,0,0,0,0,0,1.09297,,,,0,,,1.07072,12,48,0.0207858,False,False,False
solubility,9982,ahmadi2018_10.1016_j.fluid.2018.02.002_t6,AHMADI(2018),co2,solubility_molality,307.79,71.43,0,0,0,0,0,0,1.26491,,,,0,,,1.21346,10,50,0.042401,False,False,False
solubility,9984,ahmadi2018_10.1016_j.fluid.2018.02.002_t6,AHMADI(2018),co2,solubility_molality,307.79,122.31,0,0,0,0,0,0,1.37312,,,,0,,,1.33977,8,44,0.0248927,False,False,False
solubility,9986,ahmadi2018_10.1016_j.fluid.2018.02.002_t6,AHMADI(2018),co2,solubility_molality,307.79,192.36,0,0,0,0,0,0,1.47531,,,,0,,,1.42012,8,36,0.0388653,False,False,False
solubility,9988,ahmadi2018_10.1016_j.fluid.2018.02.002_t6,AHMADI(2018),co2,solubility_molality,322.62,29.91,0,0,0,0,0,0,0.538612,0.504678,0.510322,0.0128243,3,0.0469864,0.0672388,0.498364,12,30,0.0807598,False,False,False
solubility,9990,ahmadi2018_10.1016_j.fluid.2018.02.002_t6,AHMADI(2018),co2,solubility_molality,322.62,47.78,0,0,0,0,0,0,0.719151,,,,0,,,0.750124,12,41,-0.0412903,False,False,False
solubility,9992,ahmadi2018_10.1016_j.fluid.2018.02.002_t6,AHMADI(2018),co2,solubility_molality,322.62,54.86,0,0,0,0,0,0,0.841302,0.827577,0.827577,0.0121295,2,0.0207276,0.0165842,0.836391,14,48,0.00587059,False,False,False
solubility,9994,ahmadi2018_10.1016_j.fluid.2018.02.002_t6,AHMADI(2018),co2,solubility_molality,322.62,86.67,0,0,0,0,0,0,1.10914,1.03703,1.03703,0.0537031,2,0.073236,0.0695374,1.08887,15,54,0.0186155,False,False,False
solubility,9996,ahmadi2018_10.1016_j.fluid.2018.02.002_t6,AHMADI(2018),co2,solubility_molality,322.62,207.27,0,0,0,0,0,0,1.36147,1.308,1.308,,1,0,0.0408757,1.30764,12,35,0.0411641,False,False,False
solubility,9998,ahmadi2018_10.1016_j.fluid.2018.02.002_t6,AHMADI(2018),co2,solubility_molality,322.62,403.49,0,0,0,0,0,0,1.54501,1.44259,1.44259,0.0603065,2,0.0591203,0.0709959,1.49311,8,13,0.0347611,False,False,False
solubility,10002,ahmadi2018_10.1016_j.fluid.2018.02.002_t6,AHMADI(2018),co2,solubility_molality,373.39,79.41,0,0,0,0,0,0,0.723138,,,,0,,,0.656335,6,9,0.101783,False,False,False
solubility,10004,ahmadi2018_10.1016_j.fluid.2018.02.002_t6,AHMADI(2018),co2,solubility_molality,373.39,193.4,0,0,0,0,0,0,1.19763,,,,0,,,1.1087,7,11,0.0802114,False,False,False
solubility,10006,ahmadi2018_10.1016_j.fluid.2018.02.002_t6,AHMADI(2018),co2,solubility_molality,373.39,420.77,0,0,0,0,0,0,1.46888,,,,0,,,1.43576,5,10,0.0230611,False,False,False
solubility,10008,ahmadi2018_10.1016_j.fluid.2018.02.002_t6,AHMADI(2018),co2,solubility_molality,423.48,26.31,0,0,0,0,0,0,0.182108,,,,0,,,0.173931,4,8,0.0470134,False,False,False
solubility,10010,ahmadi2018_10.1016_j.fluid.2018.02.002_t6,AHMADI(2018),co2,solubility_molality,423.48,51.09,0,0,0,0,0,0,0.371602,,,,0,,,0.352514,3,4,0.0541481,False,False,False
solubility,10012,ahmadi2018_10.1016_j.fluid.2018.02.002_t6,AHMADI(2018),co2,solubility_molality,423.48,97.72,0,0,0,0,0,0,0.657137,,,,0,,,0.655086,6,9,0.00313167,False,False,False
solubility,10014,ahmadi2018_10.1016_j.fluid.2018.02.002_t6,AHMADI(2018),co2,solubility_molality,423.48,195.49,0,0,0,0,0,0,1.16926,,,,0,,,1.14958,6,8,0.0171208,False,False,False
solubility,10016,ahmadi2018_10.1016_j.fluid.2018.02.002_t6,AHMADI(2018),co2,solubility_molality,423.48,406.9,0,0,0,0,0,0,1.62193,1.63429,1.63429,0.0332765,2,0.0287954,-0.00756309,1.66254,4,8,-0.0244247,False,False,False
solubility,10143,truche2016_10.1016_j.gca.2015.12.033_t1,TRUCHE(2016),co2,solubility_molality,473.15,31,0,0,0,0,0,0,0.14,0.143024,0.143024,,1,0,-0.021145,0.134794,3,7,0.0386254,False,False,False
solubility,10175,caumon2016_10.1016_j.ijggc.2016.01.034_t1,CAUMON(2016),co2,solubility_molality,338.15,10.2,0,0,0,0,0,0,0.14,,,,0,,,0.144228,4,6,-0.0293144,False,False,False
solubility,10177,caumon2016_10.1016_j.ijggc.2016.01.034_t1,CAUMON(2016),co2,solubility_molality,338.15,17.7,0,0,0,0,0,0,0.241,,,,0,,,0.242075,4,5,-0.00444008,False,False,False
solubility,10178,caumon2016_10.1016_j.ijggc.2016.01.034_t1,CAUMON(2016),co2,solubility_molality,338.15,23.1,0,0,0,0,0,0,0.306,,,,0,,,0.321633,7,11,-0.0486052,False,False,False
solubility,10179,caumon2016_10.1016_j.ijggc.2016.01.034_t1,CAUMON(2016),co2,solubility_molality,338.15,28.3,0,0,0,0,0,0,0.367,,,,0,,,0.387865,8,19,-0.0537957,False,False,False
solubility,10180,caumon2016_10.1016_j.ijggc.2016.01.034_t1,CAUMON(2016),co2,solubility_molality,338.15,35.1,0,0,0,0,0,0,0.441,0.427349,0.427349,,1,0,0.0319425,0.466277,9,24,-0.0542094,False,False,False
solubility,10181,caumon2016_10.1016_j.ijggc.2016.01.034_t1,CAUMON(2016),co2,solubility_molality,338.15,45.1,0,0,0,0,0,0,0.558,0.560691,0.560691,,1,0,-0.0047999,0.579141,11,37,-0.0365043,False,False,False
solubility,10182,caumon2016_10.1016_j.ijggc.2016.01.034_t1,CAUMON(2016),co2,solubility_molality,338.15,48.8,0,0,0,0,0,0,0.595,,,,0,,,0.620442,11,42,-0.0410069,False,False,False
solubility,10183,caumon2016_10.1016_j.ijggc.2016.01.034_t1,CAUMON(2016),co2,solubility_molality,338.15,57.3,0,0,0,0,0,0,0.673,,,,0,,,0.706137,11,47,-0.0469274,False,False,False
solubility,10184,caumon2016_10.1016_j.ijggc.2016.01.034_t1,CAUMON(2016),co2,solubility_molality,338.15,58.2,0,0,0,0,0,0,0.676,,,,0,,,0.714712,10,44,-0.0541643,False,False,False
solubility,10185,caumon2016_10.1016_j.ijggc.2016.01.034_t1,CAUMON(2016),co2,solubility_molality,338.15,65.7,0,0,0,0,0,0,0.746,,,,0,,,0.783138,11,50,-0.0474218,False,False,False
solubility,10186,caumon2016_10.1016_j.ijggc.2016.01.034_t1,CAUMON(2016),co2,solubility_molality,338.15,72.6,0,0,0,0,0,0,0.806,,,,0,,,0.840439,14,80,-0.0409773,False,False,False
solubility,10187,caumon2016_10.1016_j.ijggc.2016.01.034_t1,CAUMON(2016),co2,solubility_molality,338.15,80.3,0,0,0,0,0,0,0.85,,,,0,,,0.899194,13,85,-0.0547089,False,False,False
solubility,10188,caumon2016_10.1016_j.ijggc.2016.01.034_t1,CAUMON(2016),co2,solubility_molality,338.15,91.8,0,0,0,0,0,0,0.922,,,,0,,,0.976771,13,88,-0.0560736,False,False,False
solubility,10189,caumon2016_10.1016_j.ijggc.2016.01.034_t1,CAUMON(2016),co2,solubility_molality,338.15,111.4,0,0,0,0,0,0,1.015,,,,0,,,1.07322,12,88,-0.0542444,False,False,False
solubility,10190,caumon2016_10.1016_j.ijggc.2016.01.034_t1,CAUMON(2016),co2,solubility_molality,338.15,125.2,0,0,0,0,0,0,1.063,,,,0,,,1.11228,12,86,-0.0443011,False,False,False
solubility,10191,caumon2016_10.1016_j.ijggc.2016.01.034_t1,CAUMON(2016),co2,solubility_molality,338.15,131.2,0,0,0,0,0,0,1.083,,,,0,,,1.12619,12,83,-0.0383517,False,False,False
solubility,10192,caumon2016_10.1016_j.ijggc.2016.01.034_t1,CAUMON(2016),co2,solubility_molality,338.15,156.6,0,0,0,0,0,0,1.142,,,,0,,,1.17486,11,45,-0.0279695,False,False,False
solubility,10193,caumon2016_10.1016_j.ijggc.2016.01.034_t1,CAUMON(2016),co2,solubility_molality,338.15,173.4,0,0,0,0,0,0,1.17,,,,0,,,1.19758,10,40,-0.0230284,False,False,False
solubility,10194,caumon2016_10.1016_j.ijggc.2016.01.034_t1,CAUMON(2016),co2,solubility_molality,338.15,194.8,0,0,0,0,0,0,1.2,,,,0,,,1.22113,10,38,-0.0173023,False,False,False
solubility,10195,serra2006_10.1016_j.jct.2006.03.019_t2,SERRA(2006),ch4,solubility_molality,293.15,1.0366,0,0,0,0,0,0,0.00153007,0.00156873,0.00156873,,1,0,-0.0246471,0.00154795,6,43,-0.0115504,False,False,False
solubility,10197,serra2006_10.1016_j.jct.2006.03.019_t2,SERRA(2006),ch4,solubility_molality,295.15,1.0397,0,0,0,0,0,0,0.00146574,,,,0,,,0.00149312,6,31,-0.0183407,False,False,False
solubility,10199,serra2006_10.1016_j.jct.2006.03.019_t2,SERRA(2006),ch4,solubility_molality,298.15,1.0449,0,0,0,0,0,0,0.00139588,0.00142979,0.00142979,,1,0,-0.023716,0.00141472,6,32,-0.0133182,False,False,False
solubility,10201,serra2006_10.1016_j.jct.2006.03.019_t2,SERRA(2006),ch4,solubility_molality,300.15,1.0489,0,0,0,0,0,0,0.00134617,,,,0,,,0.00136596,6,30,-0.0144894,False,False,False
solubility,10203,serra2006_10.1016_j.jct.2006.03.019_t2,SERRA(2006),ch4,solubility_molality,303.15,1.0557,0,0,0,0,0,0,0.0012904,0.00130015,0.00130015,7.04801e-06,2,0.00766636,-0.00749607,0.00130133,6,26,-0.00839574,False,False,False
solubility,10205,serra2006_10.1016_j.jct.2006.03.019_t2,SERRA(2006),ch4,solubility_molality,305.15,1.0608,0,0,0,0,0,0,0.00125104,,,,0,,,0.00126251,6,25,-0.00909029,False,False,False
solubility,10207,serra2006_10.1016_j.jct.2006.03.019_t2,SERRA(2006),ch4,solubility_molality,308.15,1.0695,0,0,0,0,0,0,0.00119235,,,,0,,,0.00121219,6,21,-0.016361,False,False,False
solubility,10209,serra2006_10.1016_j.jct.2006.03.019_t2,SERRA(2006),ch4,solubility_molality,310.15,1.0761,0,0,0,0,0,0,0.00114951,,,,0,,,0.00117962,5,18,-0.0255319,False,False,False
solubility,10211,serra2006_10.1016_j.jct.2006.03.019_t2,SERRA(2006),ch4,solubility_molality,313.15,1.0871,0,0,0,0,0,0,0.00111506,0.00114643,0.00114643,,1,0,-0.0273587,0.00113006,4,13,-0.0132725,False,False,False
solubility,10213,serra2006_10.1016_j.jct.2006.03.019_t2,SERRA(2006),ch4,solubility_molality,315.15,1.0953,0,0,0,0,0,0,0.0010878,,,,0,,,0.00110753,4,12,-0.0178226,False,False,False
solubility,10215,serra2006_10.1016_j.jct.2006.03.019_t2,SERRA(2006),ch4,solubility_molality,318.15,1.1092,0,0,0,0,0,0,0.00105102,0.00106945,0.00106945,,1,0,-0.0172345,0.00107841,4,13,-0.0254004,False,False,False
solubility,10217,serra2006_10.1016_j.jct.2006.03.019_t2,SERRA(2006),ch4,solubility_molality,320.15,1.1195,0,0,0,0,0,0,0.00101996,,,,0,,,0.00106011,4,10,-0.0378798,False,False,False
solubility,10219,serra2006_10.1016_j.jct.2006.03.019_t2,SERRA(2006),ch4,solubility_molality,323.15,1.1368,0,0,0,0,0,0,0.000990087,,,,0,,,0.00103399,3,9,-0.0424553,False,False,False
solubility,10222,han2009_10.1016_j.jiec.2008.09.012_t2,HAN(2009),co2,solubility_molality,313.2,43.3,0,0,0,0,0,0,0.759619,0.845306,0.845306,,1,0,-0.101368,0.823467,12,51,-0.0775355,False,False,False
solubility,10224,han2009_10.1016_j.jiec.2008.09.012_t2,HAN(2009),co2,solubility_molality,313.2,60.5,0,0,0,0,0,0,1.02898,1.003,1.003,,1,0,0.0259033,1.03614,13,62,-0.00691202,False,False,False
solubility,10226,han2009_10.1016_j.jiec.2008.09.012_t2,HAN(2009),co2,solubility_molality,313.2,87.5,0,0,0,0,0,0,1.23125,,,,0,,,1.21017,15,64,0.0174178,False,False,False
solubility,10228,han2009_10.1016_j.jiec.2008.09.012_t2,HAN(2009),co2,solubility_molality,313.2,121.5,0,0,0,0,0,0,1.27769,1.289,1.289,,1,0,-0.00877598,1.28416,14,58,-0.00504342,False,False,False
solubility,10230,han2009_10.1016_j.jiec.2008.09.012_t2,HAN(2009),co2,solubility_molality,313.2,183.4,0,0,0,0,0,0,1.36496,,,,0,,,1.35854,14,47,0.00472475,False,False,False
solubility,10232,han2009_10.1016_j.jiec.2008.09.012_t2,HAN(2009),co2,solubility_molality,333.2,50.7,0,0,0,0,0,0,0.657137,0.680939,0.680939,0.00150006,2,0.00311541,-0.0349548,0.67891,6,34,-0.0320701,False,False,False
solubility,10234,han2009_10.1016_j.jiec.2008.09.012_t2,HAN(2009),co2,solubility_molality,333.2,58.2,0,0,0,0,0,0,0.742513,,,,0,,,0.75382,5,31,-0.0150005,False,False,False
solubility,10236,han2009_10.1016_j.jiec.2008.09.012_t2,HAN(2009),co2,solubility_molality,333.2,65.4,0,0,0,0,0,0,0.816715,0.828653,0.828653,0.023551,2,0.0401931,-0.014407,0.819127,6,37,-0.00294441,False,False,False
solubility,10238,han2009_10.1016_j.jiec.2008.09.012_t2,HAN(2009),co2,solubility_molality,333.2,70.7,0,0,0,0,0,0,0.8682,0.870191,0.870191,0.021484,2,0.0349152,-0.00228833,0.865365,8,65,0.00327666,False,False,False
solubility,10240,han2009_10.1016_j.jiec.2008.09.012_t2,HAN(2009),co2,solubility_molality,333.2,85.3,0,0,0,0,0,0,0.977202,0.962,0.962,,1,0,0.015802,0.976023,7,72,0.00120793,False,False,False
solubility,10242,han2009_10.1016_j.jiec.2008.09.012_t2,HAN(2009),co2,solubility_molality,333.2,98.2,0,0,0,0,0,0,1.04626,1.062,1.06597,0.0114762,3,0.0206215,-0.0148193,1.05346,7,73,-0.00683267,False,False,False
solubility,10244,han2009_10.1016_j.jiec.2008.09.012_t2,HAN(2009),co2,solubility_molality,333.2,102.4,0,0,0,0,0,0,1.06932,1.07095,1.07868,0.0418883,4,0.0866752,-0.00152634,1.07286,7,71,-0.00330144,False,False,False
solubility,10246,han2009_10.1016_j.jiec.2008.09.012_t2,HAN(2009),co2,solubility_molality,333.2,111.7,0,0,0,0,0,0,1.10394,1.10797,1.10797,0.00569833,2,0.00727335,-0.00363668,1.10598,7,74,-0.00184108,False,False,False
solubility,10248,han2009_10.1016_j.jiec.2008.09.012_t2,HAN(2009),co2,solubility_molality,333.2,126.7,0,0,0,0,0,0,1.15595,1.15,1.15,,1,0,0.00517698,1.14729,7,70,0.00754887,False,False,False
solubility,10250,han2009_10.1016_j.jiec.2008.09.012_t2,HAN(2009),co2,solubility_molality,333.2,156.9,0,0,0,0,0,0,1.20227,1.21398,1.21398,0.0339142,2,0.039508,-0.00964933,1.20785,6,35,-0.00462179,False,False,False
solubility,10252,han2009_10.1016_j.jiec.2008.09.012_t2,HAN(2009),co2,solubility_molality,333.2,171,0,0,0,0,0,0,1.22545,1.23305,1.23305,0.0368454,2,0.0422588,-0.00616494,1.22641,5,32,-0.000778545,False,False,False
solubility,10254,han2009_10.1016_j.jiec.2008.09.012_t2,HAN(2009),co2,solubility_molality,343.2,53,0,0,0,0,0,0,0.634414,,,,0,,,0.622894,9,43,0.0184954,False,False,False
solubility,10256,han2009_10.1016_j.jiec.2008.09.012_t2,HAN(2009),co2,solubility_molality,343.2,58.4,0,0,0,0,0,0,0.696947,,,,0,,,0.674135,9,40,0.0338391,False,False,False
solubility,10258,han2009_10.1016_j.jiec.2008.09.012_t2,HAN(2009),co2,solubility_molality,343.2,66.4,0,0,0,0,0,0,0.759619,,,,0,,,0.745683,9,43,0.0186889,False,False,False
solubility,10260,han2009_10.1016_j.jiec.2008.09.012_t2,HAN(2009),co2,solubility_molality,343.2,71.1,0,0,0,0,0,0,0.811,0.781,0.781,,1,0,0.0384121,0.783221,10,47,0.0354671,False,False,False
solubility,10262,han2009_10.1016_j.jiec.2008.09.012_t2,HAN(2009),co2,solubility_molality,343.2,79.4,0,0,0,0,0,0,0.8682,0.855,0.855,,1,0,0.0154388,0.850339,12,54,0.021005,False,False,False
solubility,10264,han2009_10.1016_j.jiec.2008.09.012_t2,HAN(2009),co2,solubility_molality,343.2,84.7,0,0,0,0,0,0,0.902576,0.886,0.886,,1,0,0.018709,0.887698,12,57,0.0167599,False,False,False
solubility,10266,han2009_10.1016_j.jiec.2008.09.012_t2,HAN(2009),co2,solubility_molality,343.2,103.1,0,0,0,0,0,0,1.01171,0.997,0.997,,1,0,0.0147549,0.99266,11,55,0.0191917,False,False,False
solubility,10268,han2009_10.1016_j.jiec.2008.09.012_t2,HAN(2009),co2,solubility_molality,343.2,106.2,0,0,0,0,0,0,1.03474,0.997,0.997,,1,0,0.0378537,1.00762,11,58,0.0269146,False,False,False
solubility,10270,han2009_10.1016_j.jiec.2008.09.012_t2,HAN(2009),co2,solubility_molality,343.2,107.5,0,0,0,0,0,0,1.04626,,,,0,,,1.01355,11,57,0.0322706,False,False,False
solubility,10272,han2009_10.1016_j.jiec.2008.09.012_t2,HAN(2009),co2,solubility_molality,343.2,121.4,0,0,0,0,0,0,1.10394,1.09591,1.09591,0.0522023,2,0.0673641,0.00732607,1.06362,11,56,0.0379109,False,False,False
solubility,10274,han2009_10.1016_j.jiec.2008.09.012_t2,HAN(2009),co2,solubility_molality,343.2,141.4,0,0,0,0,0,0,1.16174,,,,0,,,1.10729,11,54,0.0491708,False,False,False
solubility,10276,han2009_10.1016_j.jiec.2008.09.012_t2,HAN(2009),co2,solubility_molality,343.2,172.6,0,0,0,0,0,0,1.21965,1.1515,1.1515,,1,0,0.0591871,1.15294,9,37,0.0578683,False,False,False
solubility,10278,he2021_10.1016_j.petrol.2021.108685_t2,HE(2021),co2,solubility_molality,293.15,52.2,0,0,0,0,0,0,1.30675,1.41629,1.41629,,1,0,-0.0773416,1.37521,11,28,-0.0497789,False,False,False
solubility,10288,he2021_10.1016_j.petrol.2021.108685_t2,HE(2021),co2,solubility_molality,323.15,54.1,0,0,0,0,0,0,0.836154,0.830151,0.830151,0.0157696,2,0.0268645,0.00723111,0.816451,16,60,0.0241318,False,False,False
solubility,10290,he2021_10.1016_j.petrol.2021.108685_t2,HE(2021),co2,solubility_molality,323.15,83.5,0,0,0,0,0,0,1.03762,1.10391,1.10391,0.0408886,2,0.052382,-0.0600523,1.06171,18,95,-0.0226885,False,False,False
solubility,10292,he2021_10.1016_j.petrol.2021.108685_t2,HE(2021),co2,solubility_molality,323.15,154.3,0,0,0,0,0,0,1.26317,1.23329,1.22699,0.0336052,3,0.0537736,0.024225,1.24808,15,64,0.0120853,False,False,False
solubility,10294,he2021_10.1016_j.petrol.2021.108685_t2,HE(2021),co2,solubility_molality,323.15,244,0,0,0,0,0,0,1.35855,1.333,1.333,,1,0,0.019169,1.33902,13,44,0.0145898,False,False,False
solubility,10296,he2021_10.1016_j.petrol.2021.108685_t2,HE(2021),co2,solubility_molality,323.15,382.6,0,0,0,0,0,0,1.55029,,,,0,,,1.44389,9,22,0.0736861,False,False,False
solubility,10298,he2021_10.1016_j.petrol.2021.108685_t2,HE(2021),co2,solubility_molality,308.15,62,0,0,0,0,0,0,1.171,1.171,1.171,,1,0,0,1.13029,11,49,0.0360124,False,False,False
solubility,10300,he2021_10.1016_j.petrol.2021.108685_t2,HE(2021),co2,solubility_molality,308.15,83.4,0,0,0,0,0,0,1.28815,,,,0,,,1.26087,10,49,0.0216361,False,False,False
solubility,10302,he2021_10.1016_j.petrol.2021.108685_t2,HE(2021),co2,solubility_molality,308.15,137.3,0,0,0,0,0,0,1.37254,,,,0,,,1.35382,8,46,0.0138292,False,False,False
solubility,10304,he2021_10.1016_j.petrol.2021.108685_t2,HE(2021),co2,solubility_molality,308.15,213.2,0,0,0,0,0,0,1.5034,,,,0,,,1.43314,8,38,0.0490293,False,False,False
solubility,10306,he2021_10.1016_j.petrol.2021.108685_t2,HE(2021),co2,solubility_molality,308.15,350,0,0,0,0,0,0,1.64723,,,,0,,,1.55052,4,15,0.0623691,False,False,False
solubility,10308,he2021_10.1016_j.petrol.2021.108685_t2,HE(2021),co2,solubility_molality,348.15,53.6,0,0,0,0,0,0,0.604902,,,,0,,,0.599515,10,47,0.00898584,False,False,False
solubility,10310,he2021_10.1016_j.petrol.2021.108685_t2,HE(2021),co2,solubility_molality,348.15,97.8,0,0,0,0,0,0,0.892259,,,,0,,,0.926997,12,61,-0.0374734,False,False,False
solubility,10312,he2021_10.1016_j.petrol.2021.108685_t2,HE(2021),co2,solubility_molality,348.15,148,0,0,0,0,0,0,1.08143,,,,0,,,1.09538,10,47,-0.0127352,False,False,False
solubility,10314,he2021_10.1016_j.petrol.2021.108685_t2,HE(2021),co2,solubility_molality,348.15,252,0,0,0,0,0,0,1.24982,,,,0,,,1.24201,4,20,0.00628839,False,False,False
solubility,10316,he2021_10.1016_j.petrol.2021.108685_t2,HE(2021),co2,solubility_molality,348.15,361,0,0,0,0,0,0,1.35855,,,,0,,,1.37176,3,11,-0.00963142,False,False,False
solubility,10317,millero2002_10.1016_s0016-7037(02)00838-4_t2_group1,MILLERO(2002),o2,solubility_molality,298.15,0.2373,0,0,0,0,0,0,0.0002581,0.000259261,0.000260855,3.07774e-06,3,0.0212228,-0.00447913,0.000262582,3,34,-0.0170686,False,False,False
solubility,10319,millero2002_10.1016_s0016-7037(02)00838-4_t2_group2,MILLERO(2002),o2,solubility_molality,298.15,0.2373,0,0.2018,0,0,0.1009,0,0.0002435,0.000244,0.000244,,1,0,-0.00204918,,0,0,,False,False,False
solubility,10321,millero2002_10.1016_s0016-7037(02)00838-4_t2_group2,MILLERO(2002),o2,solubility_molality,298.15,0.2373,0,0.9764,0,0,0.4882,0,0.0002004,0.0002032,0.0002032,,1,0,-0.0137795,,0,0,,False,False,False
solubility,10323,millero2002_10.1016_s0016-7037(02)00838-4_t2_group2,MILLERO(2002),o2,solubility_molality,298.15,0.2373,0,1.4794,0,0,0.7397,0,0.0001816,0.0001823,0.0001823,,1,0,-0.00383982,,0,0,,False,False,False
solubility,10325,millero2002_10.1016_s0016-7037(02)00838-4_t2_group2,MILLERO(2002),o2,solubility_molality,298.15,0.2373,0,2.098,0,0,1.049,0,0.0001591,0.0001599,0.0001599,,1,0,-0.00500313,,0,0,,False,False,False
solubility,10327,millero2002_10.1016_s0016-7037(02)00838-4_t2_group2,MILLERO(2002),o2,solubility_molality,298.15,0.2373,0,3.0684,0,0,1.5342,0,0.000129,0.0001296,0.0001296,,1,0,-0.00462963,,0,0,,False,False,False
solubility,10329,millero2002_10.1016_s0016-7037(02)00838-4_t2_group2,MILLERO(2002),o2,solubility_molality,298.15,0.2373,0,4.2374,0,0,2.1187,0,0.0001031,0.0001037,0.0001037,,1,0,-0.00578592,0.0001037,1,7,-0.00578589,False,False,False
solubility,10331,millero2002_10.1016_s0016-7037(02)00838-4_t2_group2,MILLERO(2002),o2,solubility_molality,298.15,0.2373,0,5.269,0,0,2.6345,0,7.96e-05,8.05e-05,8.05e-05,,1,0,-0.0111801,8.05502e-05,1,7,-0.0117965,False,False,False
solubility,10333,millero2002_10.1016_s0016-7037(02)00838-4_t2_group2,MILLERO(2002),o2,solubility_molality,298.15,0.2373,0,6.2764,0,0,3.1382,0,6.67e-05,6.76e-05,6.76e-05,,1,0,-0.0133136,6.76e-05,1,7,-0.0133133,False,False,False
solubility,10335,millero2002_10.1016_s0016-7037(02)00838-4_t2_group2,MILLERO(2002),o2,solubility_molality,298.15,0.2373,0,8.6948,0,0,4.3474,0,4.44e-05,4.54e-05,4.54e-05,,1,0,-0.0220264,,0,0,,False,False,False
solubility,10337,millero2002_10.1016_s0016-7037(02)00838-4_t2_group2,MILLERO(2002),o2,solubility_molality,298.15,0.2373,0,9.7584,0,0,4.8792,0,3.54e-05,3.64e-05,3.64e-05,,1,0,-0.0274725,,0,0,,False,False,False
solubility,10339,millero2002_10.1016_s0016-7037(02)00838-4_t2_group3,MILLERO(2002),o2,solubility_molality,298.15,0.2373,0.1984,0,0,0,0,0.0992,0.0002341,0.0002355,0.0002355,,1,0,-0.0059448,,0,0,,False,False,False
solubility,10341,millero2002_10.1016_s0016-7037(02)00838-4_t2_group3,MILLERO(2002),o2,solubility_molality,298.15,0.2373,0.5122,0,0,0,0,0.2561,0.0002073,0.0002086,0.0002086,,1,0,-0.00623202,,0,0,,False,False,False
solubility,10343,millero2002_10.1016_s0016-7037(02)00838-4_t2_group3,MILLERO(2002),o2,solubility_molality,298.15,0.2373,1.0022,0,0,0,0,0.5011,0.0001726,0.0001737,0.0001737,,1,0,-0.00633276,,0,0,,False,False,False
solubility,10345,millero2002_10.1016_s0016-7037(02)00838-4_t2_group3,MILLERO(2002),o2,solubility_molality,298.15,0.2373,1.4444,0,0,0,0,0.7222,0.0001482,0.000149,0.000149,,1,0,-0.00536913,0.000149,1,7,-0.00536914,False,False,False
solubility,10347,millero2002_10.1016_s0016-7037(02)00838-4_t2_group3,MILLERO(2002),o2,solubility_molality,298.15,0.2373,1.8466,0,0,0,0,0.9233,0.0001287,0.0001299,0.0001299,,1,0,-0.00923788,0.000129903,1,7,-0.00926231,False,False,False
solubility,10349,millero2002_10.1016_s0016-7037(02)00838-4_t2_group3,MILLERO(2002),o2,solubility_molality,298.15,0.2373,2.0172,0,0,0,0,1.0086,0.0001217,0.0001228,0.0001228,,1,0,-0.00895765,0.0001228,1,6,-0.00895785,False,False,False
solubility,10351,millero2002_10.1016_s0016-7037(02)00838-4_t2_group3,MILLERO(2002),o2,solubility_molality,298.15,0.2373,2.5698,0,0,0,0,1.2849,0.0001028,0.000104,0.000104,,1,0,-0.0115385,,0,0,,False,False,False
solubility,10353,millero2002_10.1016_s0016-7037(02)00838-4_t2_group3,MILLERO(2002),o2,solubility_molality,298.15,0.2373,3.0972,0,0,0,0,1.5486,8.91e-05,8.99e-05,8.99e-05,,1,0,-0.00889878,,0,0,,False,False,False
solubility,10355,millero2002_10.1016_s0016-7037(02)00838-4_t2_group4,MILLERO(2002),o2,solubility_molality,298.15,0.2373,0,0,0,0,0.0853,0.0853,0.0002407,0.0002449,0.0002449,,1,0,-0.0171499,,0,0,,False,False,False
solubility,10357,millero2002_10.1016_s0016-7037(02)00838-4_t2_group4,MILLERO(2002),o2,solubility_molality,298.15,0.2373,0,0,0,0,0.2106,0.2106,0.0002215,0.0002221,0.0002221,,1,0,-0.00270149,,0,0,,False,False,False
solubility,10359,millero2002_10.1016_s0016-7037(02)00838-4_t2_group4,MILLERO(2002),o2,solubility_molality,298.15,0.2373,0,0,0,0,0.4239,0.4239,0.0001931,0.0001944,0.0001944,,1,0,-0.00668724,,0,0,,False,False,False
solubility,10361,millero2002_10.1016_s0016-7037(02)00838-4_t2_group4,MILLERO(2002),o2,solubility_molality,298.15,0.2373,0,0,0,0,0.6167,0.6167,0.0001734,0.0001745,0.0001745,,1,0,-0.00630372,,0,0,,False,False,False
solubility,10363,millero2002_10.1016_s0016-7037(02)00838-4_t2_group4,MILLERO(2002),o2,solubility_molality,298.15,0.2373,0,0,0,0,0.8896,0.8896,0.0001439,0.0001449,0.0001449,,1,0,-0.00690131,,0,0,,False,False,False
solubility,10365,millero2002_10.1016_s0016-7037(02)00838-4_t2_group4,MILLERO(2002),o2,solubility_molality,298.15,0.2373,0,0,0,0,1.0857,1.0857,0.0001261,0.000127,0.000127,,1,0,-0.00708661,0.000127082,1,6,-0.00773027,False,False,False
solubility,10367,millero2002_10.1016_s0016-7037(02)00838-4_t2_group4,MILLERO(2002),o2,solubility_molality,298.15,0.2373,0,0,0,0,1.2674,1.2674,0.0001118,0.0001128,0.0001128,,1,0,-0.00886525,0.000112869,1,7,-0.00947445,False,False,False
solubility,10369,millero2002_10.1016_s0016-7037(02)00838-4_t2_group4,MILLERO(2002),o2,solubility_molality,298.15,0.2373,0,0,0,0,1.4497,1.4497,9.94e-05,0.0001004,0.0001004,,1,0,-0.00996016,0.000100969,1,6,-0.0155401,False,False,False
solubility,10371,millero2002_10.1016_s0016-7037(02)00838-4_t2_group4,MILLERO(2002),o2,solubility_molality,298.15,0.2373,0,0,0,0,1.6406,1.6406,9.01e-05,9.08e-05,9.08e-05,,1,0,-0.00770925,9.06548e-05,1,8,-0.00611951,False,False,False
solubility,10373,millero2002_10.1016_s0016-7037(02)00838-4_t2_group4,MILLERO(2002),o2,solubility_molality,298.15,0.2373,0,0,0,0,1.7682,1.7682,8.36e-05,8.46e-05,8.46e-05,,1,0,-0.0118203,8.43532e-05,1,7,-0.00892903,False,False,False
solubility,10375,millero2002_10.1016_s0016-7037(02)00838-4_t5_group1,MILLERO(2002),o2,solubility_molality,298.15,0.2373,0,0,0,0,0,0,0.0002585,0.000259261,0.000260855,3.07774e-06,3,0.0212228,-0.00293628,0.000262582,3,34,-0.0155452,False,False,False
solubility,10522,cosgrove1981_10.1016_s0021-9673(00)82344-4_t1_group1,COSGROVE(1981),n2,solubility_molality,278.15,1.0132,0,0,0,0,0,0,0.000939219,0.000926694,0.000926694,1.32345e-05,2,0.020197,0.0135154,0.000931042,4,14,0.00878264,False,False,False
solubility,10524,cosgrove1981_10.1016_s0021-9673(00)82344-4_t1_group1,COSGROVE(1981),n2,solubility_molality,283.15,1.0132,0,0,0,0,0,0,0.000839855,0.000848576,0.000848576,7.21593e-06,2,0.0120259,-0.0102767,0.000837976,4,17,0.00224215,False,False,False
solubility,10526,cosgrove1981_10.1016_s0021-9673(00)82344-4_t1_group1,COSGROVE(1981),n2,solubility_molality,288.15,1.0132,0,0,0,0,0,0,0.000761586,0.000765705,0.000765705,3.62708e-06,2,0.00669901,-0.00537925,0.000762559,5,19,-0.00127595,False,False,False
solubility,10528,cosgrove1981_10.1016_s0021-9673(00)82344-4_t1_group1,COSGROVE(1981),n2,solubility_molality,293.15,1.0132,0,0,0,0,0,0,0.000707742,0.000708932,0.000708932,,1,0,-0.00167907,0.000696498,5,22,0.0161429,False,False,False
solubility,10530,cosgrove1981_10.1016_s0021-9673(00)82344-4_t1_group1,COSGROVE(1981),n2,solubility_molality,298.15,1.0132,0,0,0,0,0,0,0.000652232,0.000642598,0.000642598,2.2513e-05,2,0.0495461,0.0149921,0.000639978,5,21,0.0191475,False,False,False
solubility,10532,cosgrove1981_10.1016_s0021-9673(00)82344-4_t1_group1,COSGROVE(1981),n2,solubility_molality,303.15,1.0132,0,0,0,0,0,0,0.000619481,0.000614348,0.000614348,,1,0,0.00835499,0.000594514,5,19,0.0419951,False,False,False
solubility,10534,cosgrove1981_10.1016_s0021-9673(00)82344-4_t1_group1,COSGROVE(1981),n2,solubility_molality,308.15,1.0132,0,0,0,0,0,0,0.000589506,0.000568395,0.000568395,,1,0,0.0371416,0.000557556,5,15,0.057303,False,False,False
solubility,10536,cosgrove1981_10.1016_s0021-9673(00)82344-4_t1_group1,COSGROVE(1981),n2,solubility_molality,313.15,1.0132,0,0,0,0,0,0,0.000554313,0.000520789,0.000520789,,1,0,0.0643718,0.000537026,4,15,0.0321899,False,False,False
solubility,10538,cosgrove1981_10.1016_s0021-9673(00)82344-4_t1_group1,COSGROVE(1981),o2,solubility_molality,278.15,1.0132,0,0,0,0,0,0,0.00191289,0.00189979,0.00189979,,1,0,0.00689395,0.00191757,5,34,-0.00244479,False,False,False
solubility,10540,cosgrove1981_10.1016_s0021-9673(00)82344-4_t1_group1,COSGROVE(1981),o2,solubility_molality,283.15,1.0132,0,0,0,0,0,0,0.00164476,0.00170751,0.00170751,,1,0,-0.0367488,0.00170009,5,41,-0.0325418,False,False,False
solubility,10542,cosgrove1981_10.1016_s0021-9673(00)82344-4_t1_group1,COSGROVE(1981),o2,solubility_molality,288.15,1.0132,0,0,0,0,0,0,0.00148656,0.00153227,0.00153227,1.39086e-05,2,0.012837,-0.0298313,0.00152079,5,33,-0.0225095,False,False,False
solubility,10544,cosgrove1981_10.1016_s0021-9673(00)82344-4_t1_group1,COSGROVE(1981),o2,solubility_molality,293.15,1.0132,0,0,0,0,0,0,0.00138553,,,,0,,,0.00137412,5,37,0.00829929,False,False,False
solubility,10546,cosgrove1981_10.1016_s0021-9673(00)82344-4_t1_group1,COSGROVE(1981),o2,solubility_molality,298.15,1.0132,0,0,0,0,0,0,0.00125674,0.00121302,0.00121302,,1,0,0.0360407,0.00124558,5,31,0.00895995,False,False,False
solubility,10548,cosgrove1981_10.1016_s0021-9673(00)82344-4_t1_group1,COSGROVE(1981),o2,solubility_molality,303.15,1.0132,0,0,0,0,0,0,0.00115515,0.00118185,0.00118185,,1,0,-0.0225884,0.00113647,5,29,0.0164378,False,False,False
solubility,10550,cosgrove1981_10.1016_s0021-9673(00)82344-4_t1_group1,COSGROVE(1981),o2,solubility_molality,308.15,1.0132,0,0,0,0,0,0,0.00110186,0.00105515,0.00105515,,1,0,0.0442762,0.00105787,5,29,0.0415874,False,False,False
solubility,10552,cosgrove1981_10.1016_s0021-9673(00)82344-4_t1_group1,COSGROVE(1981),o2,solubility_molality,313.15,1.0132,0,0,0,0,0,0,0.00102859,0.000993985,0.000993985,6.63009e-05,2,0.0943311,0.0348143,0.000987541,4,22,0.0415677,False,False,False
solubility,10554,cosgrove1981_10.1016_s0021-9673(00)82344-4_t1_group1,COSGROVE(1981),ch4,solubility_molality,278.15,1.0132,0,0,0,0,0,0,0.00220821,0.00221431,0.00221431,,1,0,-0.00275447,0.00220035,4,30,0.00357485,False,False,False
solubility,10556,cosgrove1981_10.1016_s0021-9673(00)82344-4_t1_group1,COSGROVE(1981),ch4,solubility_molality,283.15,1.0132,0,0,0,0,0,0,0.00192454,0.00189817,0.00189817,1.6983e-05,2,0.012653,0.0138965,0.00191364,5,37,0.00569584,False,False,False
solubility,10558,cosgrove1981_10.1016_s0021-9673(00)82344-4_t1_group1,COSGROVE(1981),ch4,solubility_molality,288.15,1.0132,0,0,0,0,0,0,0.001632,0.00166905,0.00166905,,1,0,-0.0221984,0.00169185,6,32,-0.0353784,False,False,False
solubility,10560,cosgrove1981_10.1016_s0021-9673(00)82344-4_t1_group1,COSGROVE(1981),ch4,solubility_molality,293.15,1.0132,0,0,0,0,0,0,0.00150987,0.00147051,0.00147051,,1,0,0.0267669,0.00151482,6,43,-0.00326719,False,False,False
solubility,10562,cosgrove1981_10.1016_s0021-9673(00)82344-4_t1_group1,COSGROVE(1981),ch4,solubility_molality,298.15,1.0132,0,0,0,0,0,0,0.00137942,0.00134113,0.00134113,,1,0,0.0285527,0.00137303,6,34,0.00465036,False,False,False
solubility,10564,cosgrove1981_10.1016_s0021-9673(00)82344-4_t1_group1,COSGROVE(1981),ch4,solubility_molality,303.15,1.0132,0,0,0,0,0,0,0.00126451,,,,0,,,0.00124867,6,30,0.012685,False,False,False
solubility,10566,cosgrove1981_10.1016_s0021-9673(00)82344-4_t1_group1,COSGROVE(1981),ch4,solubility_molality,308.15,1.0132,0,0,0,0,0,0,0.00118791,0.00113099,0.00113099,,1,0,0.0503244,0.00114666,6,25,0.0359667,False,False,False
solubility,10568,cosgrove1981_10.1016_s0021-9673(00)82344-4_t1_group1,COSGROVE(1981),ch4,solubility_molality,313.15,1.0132,0,0,0,0,0,0,0.00107855,0.00106273,0.00106273,,1,0,0.0148873,0.00107572,4,18,0.00263253,False,False,False
solubility,10570,cosgrove1981_10.1016_s0021-9673(00)82344-4_t1_group1,COSGROVE(1981),ch4,solubility_molality,318.15,1.0132,0,0,0,0,0,0,0.00105413,,,,0,,,0.00101894,4,17,0.034536,False,False,False
solubility,10572,cosgrove1981_10.1016_s0021-9673(00)82344-4_t1_group1,COSGROVE(1981),c2h6,solubility_molality,278.15,1.0132,0,0,0,0,0,0,0.00359885,,,,0,,,0.00354809,3,8,0.014306,False,False,False
solubility,10574,cosgrove1981_10.1016_s0021-9673(00)82344-4_t1_group1,COSGROVE(1981),c2h6,solubility_molality,283.15,1.0132,0,0,0,0,0,0,0.00290102,0.00292328,0.00292328,,1,0,-0.00761461,0.00276931,3,13,0.0475621,False,False,False
solubility,10576,cosgrove1981_10.1016_s0021-9673(00)82344-4_t1_group1,COSGROVE(1981),c2h6,solubility_molality,288.15,1.0132,0,0,0,0,0,0,0.00246357,,,,0,,,0.00232855,3,14,0.0579878,False,False,False
solubility,10578,cosgrove1981_10.1016_s0021-9673(00)82344-4_t1_group1,COSGROVE(1981),c2h6,solubility_molality,293.15,1.0132,0,0,0,0,0,0,0.00212716,,,,0,,,0.00203727,3,15,0.0441235,False,False,False
solubility,10580,cosgrove1981_10.1016_s0021-9673(00)82344-4_t1_group1,COSGROVE(1981),c2h6,solubility_molality,298.15,1.0132,0,0,0,0,0,0,0.00184849,0.00171991,0.00171991,,1,0,0.0747629,0.00179321,3,13,0.0308303,False,False,False
solubility,10582,cosgrove1981_10.1016_s0021-9673(00)82344-4_t1_group1,COSGROVE(1981),c2h6,solubility_molality,303.15,1.0132,0,0,0,0,0,0,0.00161867,0.00150486,0.00150486,,1,0,0.0756282,0.00156061,3,12,0.0372073,False,False,False
solubility,10610,millero2002b_10.1016_s0304-4203(02)00034-8_t1,MILLERO(2002b),o2,solubility_molality,288.265,0.2258,0.497152,0.578675,0.0108211,0.0108999,0.0559914,0.0299321,0.000254031,,,,0,,,0.000257017,1,36,-0.0116156,False,False,False
solubility,10611,millero2002b_10.1016_s0304-4203(02)00034-8_t1,MILLERO(2002b),o2,solubility_molality,298.255,0.2375,0.497152,0.578675,0.0108211,0.0108999,0.0559914,0.0299321,0.000213058,,,,0,,,0.000213033,1,40,0.000118227,False,False,False
solubility,10614,millero2002b_10.1016_s0304-4203(02)00034-8_t2,MILLERO(2002b),o2,solubility_molality,273.72,0.2173,0,0,0,0,0,0,0.0004447,0.000447137,0.000447137,,1,0,-0.00544934,,0,0,,False,False,False
solubility,10644,millero2002b_10.1016_s0304-4203(02)00034-8_t2,MILLERO(2002b),o2,solubility_molality,277.87,0.219,0,0,0,0,0,0,0.0003934,0.000397532,0.000397532,,1,0,-0.0103943,0.000402985,2,13,-0.023784,False,False,False
solubility,10674,millero2002b_10.1016_s0304-4203(02)00034-8_t2,MILLERO(2002b),o2,solubility_molality,283.34,0.2221,0,0,0,0,0,0,0.0003514,0.000357193,0.000357193,7.36998e-06,2,0.0291796,-0.0162177,0.000359644,2,22,-0.022923,False,False,False
solubility,10708,millero2002b_10.1016_s0304-4203(02)00034-8_t2,MILLERO(2002b),o2,solubility_molality,287.98,0.2256,0,0,0,0,0,0,0.0003158,0.000321739,0.000321739,1.09801e-05,2,0.0482631,-0.0184603,0.000324726,2,24,-0.0274864,False,False,False
solubility,10736,millero2002b_10.1016_s0304-4203(02)00034-8_t2,MILLERO(2002b),o2,solubility_molality,293.1,0.2307,0,0,0,0,0,0,0.0002859,0.000288599,0.000288599,7.07667e-06,2,0.0346776,-0.00935139,0.000289259,3,28,-0.0116136,False,False,False
solubility,10764,millero2002b_10.1016_s0304-4203(02)00034-8_t2,MILLERO(2002b),o2,solubility_molality,298.15,0.2373,0,0,0,0,0,0,0.0002589,0.000259261,0.000260655,3.28103e-06,3,0.023537,-0.00139344,0.000262121,3,29,-0.0122876,False,False,False
solubility,10812,millero2002b_10.1016_s0304-4203(02)00034-8_t2,MILLERO(2002b),o2,solubility_molality,303.15,0.2458,0,0,0,0,0,0,0.0002393,0.000239809,0.000239809,2.53566e-06,2,0.0149534,-0.00212203,0.00024062,3,23,-0.00548489,False,False,False
solubility,10840,millero2002b_10.1016_s0304-4203(02)00034-8_t2,MILLERO(2002b),o2,solubility_molality,308.15,0.2567,0,0,0,0,0,0,0.0002195,0.000219228,0.000219228,1.44714e-06,2,0.00933531,0.00123948,0.000217538,3,15,0.00902032,False,False,False
solubility,10920,millero2002b_10.1016_s0304-4203(02)00034-8_t3,MILLERO(2002b),o2,solubility_molality,278.28,0.2192,0,0,0,0,0,0,0.0003967,0.000393075,0.000393075,,1,0,0.00922284,0.000399376,2,15,-0.00670089,False,False,False
solubility,10942,millero2002b_10.1016_s0304-4203(02)00034-8_t3,MILLERO(2002b),o2,solubility_molality,288.31,0.2259,0,0,0,0,0,0,0.0003136,0.000317564,0.000317564,5.07559e-06,2,0.0226032,-0.0124835,0.000322192,3,27,-0.0266682,False,False,False
solubility,10962,millero2002b_10.1016_s0304-4203(02)00034-8_t3,MILLERO(2002b),o2,solubility_molality,298.15,0.2373,0.1984,0,0,0,0,0.0992,0.0002355,0.0002341,0.0002341,,1,0,0.00598035,,0,0,,False,False,False
solubility,10964,millero2002b_10.1016_s0304-4203(02)00034-8_t3,MILLERO(2002b),o2,solubility_molality,298.15,0.2373,0.5122,0,0,0,0,0.2561,0.0002086,0.0002073,0.0002073,,1,0,0.0062711,,0,0,,False,False,False
solubility,10966,millero2002b_10.1016_s0304-4203(02)00034-8_t3,MILLERO(2002b),o2,solubility_molality,298.15,0.2373,1.0022,0,0,0,0,0.5011,0.0001737,0.0001726,0.0001726,,1,0,0.00637312,,0,0,,False,False,False
solubility,10968,millero2002b_10.1016_s0304-4203(02)00034-8_t3,MILLERO(2002b),o2,solubility_molality,298.15,0.2373,1.4444,0,0,0,0,0.7222,0.000149,0.0001482,0.0001482,,1,0,0.00539811,,0,0,,False,False,False
solubility,10970,millero2002b_10.1016_s0304-4203(02)00034-8_t3,MILLERO(2002b),o2,solubility_molality,298.15,0.2373,1.8466,0,0,0,0,0.9233,0.0001299,0.0001287,0.0001287,,1,0,0.00932401,,0,0,,False,False,False
solubility,10972,millero2002b_10.1016_s0304-4203(02)00034-8_t3,MILLERO(2002b),o2,solubility_molality,298.15,0.2373,2.0172,0,0,0,0,1.0086,0.0001228,0.0001217,0.0001217,,1,0,0.00903862,,0,0,,False,False,False
solubility,10974,millero2002b_10.1016_s0304-4203(02)00034-8_t3,MILLERO(2002b),o2,solubility_molality,298.15,0.2373,2.5698,0,0,0,0,1.2849,0.000104,0.0001028,0.0001028,,1,0,0.0116732,,0,0,,False,False,False
solubility,10976,millero2002b_10.1016_s0304-4203(02)00034-8_t3,MILLERO(2002b),o2,solubility_molality,298.15,0.2373,3.0972,0,0,0,0,1.5486,8.99e-05,8.91e-05,8.91e-05,,1,0,0.00897868,,0,0,,False,False,False
solubility,10978,millero2002b_10.1016_s0304-4203(02)00034-8_t3,MILLERO(2002b),o2,solubility_molality,307.97,0.2563,0,0,0,0,0,0,0.00022,0.000219228,0.000219228,1.44714e-06,2,0.00933531,0.00352021,0.000218377,3,16,0.00743051,False,False,False
solubility,11048,millero2002b_10.1016_s0304-4203(02)00034-8_t4,MILLERO(2002b),o2,solubility_molality,288.3,0.2259,0,0,0,0,0,0,0.0003136,0.000317564,0.000317564,5.07559e-06,2,0.0226032,-0.0124835,0.000322272,3,27,-0.0269091,False,False,False
solubility,11068,millero2002b_10.1016_s0304-4203(02)00034-8_t4,MILLERO(2002b),o2,solubility_molality,298.15,0.2373,0,0.2018,0,0,0.1009,0,0.000244,0.0002435,0.0002435,,1,0,0.00205339,,0,0,,False,False,False
solubility,11070,millero2002b_10.1016_s0304-4203(02)00034-8_t4,MILLERO(2002b),o2,solubility_molality,298.15,0.2373,0,0.9764,0,0,0.4882,0,0.0002032,0.0002004,0.0002004,,1,0,0.0139721,,0,0,,False,False,False
solubility,11072,millero2002b_10.1016_s0304-4203(02)00034-8_t4,MILLERO(2002b),o2,solubility_molality,298.15,0.2373,0,1.4794,0,0,0.7397,0,0.0001823,0.0001816,0.0001816,,1,0,0.00385463,,0,0,,False,False,False
solubility,11074,millero2002b_10.1016_s0304-4203(02)00034-8_t4,MILLERO(2002b),o2,solubility_molality,298.15,0.2373,0,2.098,0,0,1.049,0,0.0001599,0.0001591,0.0001591,,1,0,0.00502828,,0,0,,False,False,False
solubility,11076,millero2002b_10.1016_s0304-4203(02)00034-8_t4,MILLERO(2002b),o2,solubility_molality,298.15,0.2373,0,3.0684,0,0,1.5342,0,0.0001296,0.000129,0.000129,,1,0,0.00465116,,0,0,,False,False,False
solubility,11078,millero2002b_10.1016_s0304-4203(02)00034-8_t4,MILLERO(2002b),o2,solubility_molality,298.15,0.2373,0,4.2374,0,0,2.1187,0,0.0001037,0.0001031,0.0001031,,1,0,0.00581959,,0,0,,False,False,False
solubility,11080,millero2002b_10.1016_s0304-4203(02)00034-8_t4,MILLERO(2002b),o2,solubility_molality,298.15,0.2373,0,5.269,0,0,2.6345,0,8.05e-05,7.96e-05,7.96e-05,,1,0,0.0113065,,0,0,,False,False,False
solubility,11082,millero2002b_10.1016_s0304-4203(02)00034-8_t4,MILLERO(2002b),o2,solubility_molality,298.15,0.2373,0,6.2764,0,0,3.1382,0,6.76e-05,6.67e-05,6.67e-05,,1,0,0.0134933,,0,0,,False,False,False
solubility,11084,millero2002b_10.1016_s0304-4203(02)00034-8_t4,MILLERO(2002b),o2,solubility_molality,298.15,0.2373,0,8.6948,0,0,4.3474,0,4.54e-05,4.44e-05,4.44e-05,,1,0,0.0225225,,0,0,,False,False,False
solubility,11086,millero2002b_10.1016_s0304-4203(02)00034-8_t4,MILLERO(2002b),o2,solubility_molality,298.15,0.2373,0,9.7584,0,0,4.8792,0,3.64e-05,3.54e-05,3.54e-05,,1,0,0.0282486,,0,0,,False,False,False
solubility,11178,millero2002b_10.1016_s0304-4203(02)00034-8_t5,MILLERO(2002b),o2,solubility_molality,298.15,0.2373,0,0,0,0,0.0853,0.0853,0.0002449,0.0002407,0.0002407,,1,0,0.0174491,,0,0,,False,False,False
solubility,11180,millero2002b_10.1016_s0304-4203(02)00034-8_t5,MILLERO(2002b),o2,solubility_molality,298.15,0.2373,0,0,0,0,0.2106,0.2106,0.0002221,0.0002215,0.0002215,,1,0,0.0027088,,0,0,,False,False,False
solubility,11182,millero2002b_10.1016_s0304-4203(02)00034-8_t5,MILLERO(2002b),o2,solubility_molality,298.15,0.2373,0,0,0,0,0.4239,0.4239,0.0001944,0.0001931,0.0001931,,1,0,0.00673226,,0,0,,False,False,False
solubility,11184,millero2002b_10.1016_s0304-4203(02)00034-8_t5,MILLERO(2002b),o2,solubility_molality,298.15,0.2373,0,0,0,0,0.6167,0.6167,0.0001745,0.0001734,0.0001734,,1,0,0.00634371,,0,0,,False,False,False
solubility,11186,millero2002b_10.1016_s0304-4203(02)00034-8_t5,MILLERO(2002b),o2,solubility_molality,298.15,0.2373,0,0,0,0,0.8896,0.8896,0.0001449,0.0001439,0.0001439,,1,0,0.00694927,,0,0,,False,False,False
solubility,11188,millero2002b_10.1016_s0304-4203(02)00034-8_t5,MILLERO(2002b),o2,solubility_molality,298.15,0.2373,0,0,0,0,1.0857,1.0857,0.000127,0.0001261,0.0001261,,1,0,0.00713719,,0,0,,False,False,False
solubility,11190,millero2002b_10.1016_s0304-4203(02)00034-8_t5,MILLERO(2002b),o2,solubility_molality,298.15,0.2373,0,0,0,0,1.2674,1.2674,0.0001128,0.0001118,0.0001118,,1,0,0.00894454,0.000111888,1,4,0.00815298,False,False,False
solubility,11192,millero2002b_10.1016_s0304-4203(02)00034-8_t5,MILLERO(2002b),o2,solubility_molality,298.15,0.2373,0,0,0,0,1.4497,1.4497,0.0001004,9.94e-05,9.94e-05,,1,0,0.0100604,0.000100052,1,4,0.00347384,False,False,False
solubility,11194,millero2002b_10.1016_s0304-4203(02)00034-8_t5,MILLERO(2002b),o2,solubility_molality,298.15,0.2373,0,0,0,0,1.6406,1.6406,9.08e-05,9.01e-05,9.01e-05,,1,0,0.00776915,8.97983e-05,1,4,0.0111554,False,False,False
solubility,11196,millero2002b_10.1016_s0304-4203(02)00034-8_t5,MILLERO(2002b),o2,solubility_molality,298.15,0.2373,0,0,0,0,1.7682,1.7682,8.46e-05,8.36e-05,8.36e-05,,1,0,0.0119617,,0,0,,False,False,False
solubility,11279,servio2001_10.1016_s0378-3812(01)00598-2_t1,SERVIO(2001),co2,solubility_molality,278.05,20,0,0,0,0,0,0,1.03474,1.08109,1.08109,0.0854236,2,0.111746,-0.0428755,1.07051,4,10,-0.0334136,False,False,False
solubility,11281,servio2001_10.1016_s0378-3812(01)00598-2_t1,SERVIO(2001),co2,solubility_molality,280.45,20,0,0,0,0,0,0,0.959963,,,,0,,,1.01041,4,13,-0.0499275,False,False,False
solubility,11283,servio2001_10.1016_s0378-3812(01)00598-2_t1,SERVIO(2001),co2,solubility_molality,282.25,20,0,0,0,0,0,0,0.879654,0.940572,0.940572,0.108745,2,0.163506,-0.0647665,0.96713,5,14,-0.0904487,False,False,False
solubility,11285,servio2001_10.1016_s0378-3812(01)00598-2_t1,SERVIO(2001),co2,solubility_molality,281.55,30,0,0,0,0,0,0,1.26027,,,,0,,,1.25695,5,9,0.00263835,False,False,False
solubility,11287,servio2001_10.1016_s0378-3812(01)00598-2_t1,SERVIO(2001),co2,solubility_molality,283.05,30,0,0,0,0,0,0,1.19068,,,,0,,,1.2074,5,10,-0.0138458,False,False,False
solubility,11289,servio2001_10.1016_s0378-3812(01)00598-2_t1,SERVIO(2001),co2,solubility_molality,283.15,37,0,0,0,0,0,0,1.33002,,,,0,,,1.31909,5,14,0.00828868,False,False,False
solubility,11291,song1997_10.1016_s0378-3812(96)03165-2_t1,SONG(1997),ch4,solubility_molality,288.15,34.5,0,0,0,0,0,0,0.0666902,,,,0,,,0.0527583,14,38,0.26407,False,True,True
solubility,11293,song1997_10.1016_s0378-3812(96)03165-2_t1,SONG(1997),ch4,solubility_molality,283.15,34.5,0,0,0,0,0,0,0.100095,,,,0,,,0.0577131,7,22,0.734362,False,True,True
solubility,11295,song1997_10.1016_s0378-3812(96)03165-2_t1,SONG(1997),ch4,solubility_molality,278.15,34.5,0,0,0,0,0,0,0.200552,0.0661337,0.0661337,,1,0,2.03253,0.0663411,7,20,2.02305,False,True,True
solubility,11406,laracruz2020_10.1021_acs.jced.0c00592_t6,LARACRUZ(2020),co2,solubility_molality,333.15,60.7,0,0,0,0,0,0,0.75,0.775868,0.775868,0.00122708,2,0.00223666,-0.0333403,0.776974,12,59,-0.0347161,False,False,False
solubility,11407,laracruz2020_10.1021_acs.jced.0c00592_t6,LARACRUZ(2020),co2,solubility_molality,333.15,100.7,0,0,0,0,0,0,1.04,1.062,1.06385,0.0105665,5,0.0253065,-0.0207156,1.07171,14,101,-0.0295864,False,False,False
solubility,11408,laracruz2020_10.1021_acs.jced.0c00592_t6,LARACRUZ(2020),co2,solubility_molality,333.15,200,0,0,0,0,0,0,1.27,1.256,1.256,0.0183848,2,0.0207006,0.0111465,1.2556,13,49,0.0114683,False,False,False
solubility,11409,laracruz2020_10.1021_acs.jced.0c00592_t6,LARACRUZ(2020),co2,solubility_molality,333.15,250.6,0,0,0,0,0,0,1.32,,,,0,,,1.29384,9,32,0.0202226,False,False,False
solubility,11410,laracruz2020_10.1021_acs.jced.0c00592_t6,LARACRUZ(2020),co2,solubility_molality,333.15,300.5,0,0,0,0,0,0,1.36,1.343,1.343,0.0240416,2,0.0253165,0.0126582,1.34063,6,23,0.0144465,False,False,False
solubility,11411,laracruz2020_10.1021_acs.jced.0c00592_t6,LARACRUZ(2020),co2,solubility_molality,333.15,400.8,0,0,0,0,0,0,1.5,1.429,1.429,,1,0,0.0496851,1.4453,7,12,0.0378484,False,False,False
solubility,11412,laracruz2020_10.1021_acs.jced.0c00592_t6,LARACRUZ(2020),co2,solubility_molality,323.15,50.7,1,1,0,0,0,0,0.62,0.63653,0.639515,0.0230871,4,0.0769799,-0.0259686,0.639407,5,16,-0.0303512,False,False,False
solubility,11413,laracruz2020_10.1021_acs.jced.0c00592_t6,LARACRUZ(2020),co2,solubility_molality,323.15,100.5,1,1,0,0,0,0,0.91,0.9455,0.945379,0.0204941,4,0.0417591,-0.0375463,0.929383,6,25,-0.0208562,False,False,False
solubility,11414,laracruz2020_10.1021_acs.jced.0c00592_t6,LARACRUZ(2020),co2,solubility_molality,323.15,200.2,1,1,0,0,0,0,1.06,1.0595,1.06056,0.0359458,4,0.0724653,0.000471921,1.05447,7,25,0.00524587,False,False,False
solubility,11415,laracruz2020_10.1021_acs.jced.0c00592_t6,LARACRUZ(2020),co2,solubility_molality,323.15,299.9,1,1,0,0,0,0,1.13,1.1485,1.1485,0.0148492,2,0.0182847,-0.016108,1.13959,3,15,-0.00841119,False,False,False
solubility,11416,laracruz2020_10.1021_acs.jced.0c00592_t6,LARACRUZ(2020),co2,solubility_molality,323.15,400.4,1,1,0,0,0,0,1.28,1.227,1.227,,1,0,0.0431948,,0,0,,False,False,False
solubility,11417,laracruz2020_10.1021_acs.jced.0c00592_t6,LARACRUZ(2020),co2,solubility_molality,323.15,150.4,0,2,0,1,0,0,0.88,0.869,0.869,0.0226274,2,0.0368239,0.0126582,0.850036,4,7,0.0352501,False,False,False
solubility,11418,laracruz2020_10.1021_acs.jced.0c00592_t7,LARACRUZ(2020),co2,solubility_molality,333.15,60.1,1.2,1.2,0,0,0,0,0.62,,,,0,,,0.616848,3,14,0.00511015,False,False,False
solubility,11419,laracruz2020_10.1021_acs.jced.0c00592_t7,LARACRUZ(2020),co2,solubility_molality,333.15,100.1,1.2,1.2,0,0,0,0,0.87,,,,0,,,0.835776,4,21,0.0409488,False,False,False
solubility,11420,laracruz2020_10.1021_acs.jced.0c00592_t7,LARACRUZ(2020),co2,solubility_molality,333.15,200.1,1.2,1.2,0,0,0,0,1,,,,0,,,1.0019,5,21,-0.0018926,False,False,False
solubility,11421,laracruz2020_10.1021_acs.jced.0c00592_t7,LARACRUZ(2020),co2,solubility_molality,333.15,299.7,1.2,1.2,0,0,0,0,1.04,,,,0,,,1.09967,3,13,-0.0542625,False,False,False
solubility,11422,laracruz2020_10.1021_acs.jced.0c00592_t7,LARACRUZ(2020),co2,solubility_molality,333.15,399.7,1.2,1.2,0,0,0,0,1.13,,,,0,,,1.18976,3,7,-0.0502287,False,False,False
solubility,11439,sun2023_10.1021_acs.jced.3c00096_t4,SUN(2023),ch4,solubility_molality,293.2,60,0,0,0,0,0,0,0.0867841,0.0848353,0.0848353,,1,0,0.0229716,0.0775723,17,45,0.118752,False,False,False
solubility,11441,sun2023_10.1021_acs.jced.3c00096_t4,SUN(2023),ch4,solubility_molality,293.2,90,0,0,0,0,0,0,0.10745,0.111741,0.111741,,1,0,-0.0384017,0.104827,14,38,0.0250198,False,False,False
solubility,11443,sun2023_10.1021_acs.jced.3c00096_t4,SUN(2023),ch4,solubility_molality,293.2,120,0,0,0,0,0,0,0.141295,0.134712,0.134712,,1,0,0.0488643,0.127138,12,30,0.111351,False,False,False
solubility,11445,sun2023_10.1021_acs.jced.3c00096_t4,SUN(2023),ch4,solubility_molality,293.2,150,0,0,0,0,0,0,0.162838,0.15346,0.15346,,1,0,0.0611146,0.149788,10,26,0.0871234,False,False,False
solubility,11447,sun2023_10.1021_acs.jced.3c00096_t4,SUN(2023),ch4,solubility_molality,293.2,180,0,0,0,0,0,0,0.169372,0.166356,0.166356,,1,0,0.0181274,0.165413,9,22,0.023934,False,False,False
solubility,11449,sun2023_10.1021_acs.jced.3c00096_t4,SUN(2023),ch4,solubility_molality,293.2,210,0,0,0,0,0,0,0.18317,0.173226,0.173226,,1,0,0.0574051,0.179589,8,18,0.0199362,False,False,False
solubility,11451,uusikyyny2016_10.1021_acs.jced.6b00126_t2,UUSIKYYNY(2016),c3h8,solubility_molality,323.13,15.48,0,0,0,0,0,0,0.0101044,,,,0,,,0.0103165,2,5,-0.0205618,False,False,False
solubility,11453,uusikyyny2016_10.1021_acs.jced.6b00126_t2,UUSIKYYNY(2016),c3h8,solubility_molality,323.26,12.08,0,0,0,0,0,0,0.00843856,,,,0,,,0.0085189,2,6,-0.00943006,False,False,False
solubility,11458,wang2019_10.1021_acs.jced.9b00013_t5,WANG(2019),co2,solubility_molality,303.15,30,0,0,0,0,0,0,0.745,,,,0,,,0.757393,8,23,-0.0163624,False,False,False
solubility,11459,wang2019_10.1021_acs.jced.9b00013_t5,WANG(2019),co2,solubility_molality,303.15,35,0,0,0,0,0,0,0.855,,,,0,,,0.863673,9,27,-0.0100425,False,False,False
solubility,11460,wang2019_10.1021_acs.jced.9b00013_t5,WANG(2019),co2,solubility_molality,303.15,40,0,0,0,0,0,0,0.94,1.01747,1.01747,,1,0,-0.0761364,0.952666,9,27,-0.0132952,False,False,False
solubility,11461,wang2019_10.1021_acs.jced.9b00013_t5,WANG(2019),co2,solubility_molality,303.15,45,0,0,0,0,0,0,1.006,,,,0,,,1.03772,9,27,-0.0305636,False,False,False
solubility,11462,wang2019_10.1021_acs.jced.9b00013_t5,WANG(2019),co2,solubility_molality,303.15,50,0,0,0,0,0,0,1.085,1.01747,1.01747,,1,0,0.0663745,1.10632,8,23,-0.0192704,False,False,False
solubility,11463,wang2019_10.1021_acs.jced.9b00013_t5,WANG(2019),co2,solubility_molality,303.15,55,0,0,0,0,0,0,1.155,,,,0,,,1.17228,10,31,-0.0147383,False,False,False
solubility,11464,wang2019_10.1021_acs.jced.9b00013_t5,WANG(2019),co2,solubility_molality,303.15,60,0,0,0,0,0,0,1.205,,,,0,,,1.21507,10,31,-0.00828611,False,False,False
solubility,11465,wang2019_10.1021_acs.jced.9b00013_t5,WANG(2019),co2,solubility_molality,303.15,65,0,0,0,0,0,0,1.258,,,,0,,,1.25611,9,29,0.00150344,False,False,False
solubility,11466,wang2019_10.1021_acs.jced.9b00013_t5,WANG(2019),co2,solubility_molality,303.15,70,0,0,0,0,0,0,1.303,,,,0,,,1.29609,7,25,0.00532927,False,False,False
solubility,11467,wang2019_10.1021_acs.jced.9b00013_t5,WANG(2019),co2,solubility_molality,303.15,75,0,0,0,0,0,0,1.312,,,,0,,,1.31713,8,28,-0.00389704,False,False,False
solubility,11468,wang2019_10.1021_acs.jced.9b00013_t5,WANG(2019),co2,solubility_molality,303.15,80,0,0,0,0,0,0,1.326,,,,0,,,1.32953,8,26,-0.00265664,False,False,False
solubility,11469,wang2019_10.1021_acs.jced.9b00013_t5,WANG(2019),co2,solubility_molality,303.15,85,0,0,0,0,0,0,1.334,,,,0,,,1.34151,8,25,-0.00560008,False,False,False
solubility,11470,wang2019_10.1021_acs.jced.9b00013_t5,WANG(2019),co2,solubility_molality,303.15,90,0,0,0,0,0,0,1.341,,,,0,,,1.35395,8,25,-0.00956416,False,False,False
solubility,11471,wang2019_10.1021_acs.jced.9b00013_t5,WANG(2019),co2,solubility_molality,303.15,95,0,0,0,0,0,0,1.346,,,,0,,,1.3667,8,25,-0.0151496,False,False,False
solubility,11472,wang2019_10.1021_acs.jced.9b00013_t5,WANG(2019),co2,solubility_molality,303.15,100,0,0,0,0,0,0,1.354,1.39995,1.39995,,1,0,-0.03282,1.37969,8,25,-0.0186216,False,False,False
solubility,11473,wang2019_10.1021_acs.jced.9b00013_t5,WANG(2019),co2,solubility_molality,303.15,105,0,0,0,0,0,0,1.361,,,,0,,,1.3922,7,23,-0.0224121,False,False,False
solubility,11474,wang2019_10.1021_acs.jced.9b00013_t5,WANG(2019),co2,solubility_molality,303.15,110,0,0,0,0,0,0,1.37,,,,0,,,1.40427,7,22,-0.0244052,False,False,False
solubility,11475,wang2019_10.1021_acs.jced.9b00013_t5,WANG(2019),co2,solubility_molality,303.15,115,0,0,0,0,0,0,1.376,,,,0,,,1.41135,7,20,-0.0250449,False,False,False
solubility,11476,wang2019_10.1021_acs.jced.9b00013_t5,WANG(2019),co2,solubility_molality,303.15,120,0,0,0,0,0,0,1.382,,,,0,,,1.41458,7,19,-0.0230319,False,False,False
solubility,11477,wang2019_10.1021_acs.jced.9b00013_t5,WANG(2019),co2,solubility_molality,303.15,125,0,0,0,0,0,0,1.388,,,,0,,,1.41874,7,22,-0.0216678,False,False,False
solubility,11478,wang2019_10.1021_acs.jced.9b00013_t5,WANG(2019),co2,solubility_molality,303.15,130,0,0,0,0,0,0,1.394,,,,0,,,1.42618,7,22,-0.0225654,False,False,False
solubility,11479,wang2019_10.1021_acs.jced.9b00013_t5,WANG(2019),co2,solubility_molality,303.15,135,0,0,0,0,0,0,1.399,,,,0,,,1.43798,7,22,-0.0271082,False,False,False
solubility,11480,wang2019_10.1021_acs.jced.9b00013_t5,WANG(2019),co2,solubility_molality,303.15,150,0,0,0,0,0,0,1.415,,,,0,,,1.46117,7,23,-0.031595,False,False,False
solubility,11481,wang2019_10.1021_acs.jced.9b00013_t5,WANG(2019),co2,solubility_molality,303.15,155,0,0,0,0,0,0,1.42,,,,0,,,1.46576,7,24,-0.0312205,False,False,False
solubility,11482,wang2019_10.1021_acs.jced.9b00013_t5,WANG(2019),co2,solubility_molality,303.15,170,0,0,0,0,0,0,1.43,,,,0,,,1.47733,7,24,-0.0320386,False,False,False
solubility,11483,wang2019_10.1021_acs.jced.9b00013_t5,WANG(2019),co2,solubility_molality,303.15,175,0,0,0,0,0,0,1.437,,,,0,,,1.48192,7,23,-0.0303122,False,False,False
solubility,11484,wang2019_10.1021_acs.jced.9b00013_t5,WANG(2019),co2,solubility_molality,303.15,200,0,0,0,0,0,0,1.456,1.52273,1.52273,,1,0,-0.043824,1.51518,7,20,-0.0390598,False,False,False
solubility,11485,wang2019_10.1021_acs.jced.9b00013_t5,WANG(2019),co2,solubility_molality,303.15,210,0,0,0,0,0,0,1.462,,,,0,,,1.5075,7,20,-0.0301828,False,False,False
solubility,11486,wang2019_10.1021_acs.jced.9b00013_t5,WANG(2019),co2,solubility_molality,303.15,230,0,0,0,0,0,0,1.476,,,,0,,,1.53218,7,18,-0.0366657,False,False,False
solubility,11487,wang2019_10.1021_acs.jced.9b00013_t5,WANG(2019),co2,solubility_molality,303.15,240,0,0,0,0,0,0,1.482,,,,0,,,1.54613,7,18,-0.0414752,False,False,False
solubility,11488,wang2019_10.1021_acs.jced.9b00013_t5,WANG(2019),co2,solubility_molality,303.15,260,0,0,0,0,0,0,1.496,,,,0,,,1.575,6,17,-0.0501595,False,False,False
solubility,11489,wang2019_10.1021_acs.jced.9b00013_t5,WANG(2019),co2,solubility_molality,303.15,270,0,0,0,0,0,0,1.502,,,,0,,,1.59187,6,17,-0.0564536,False,False,False
solubility,11490,wang2019_10.1021_acs.jced.9b00013_t5,WANG(2019),co2,solubility_molality,303.15,300,0,0,0,0,0,0,1.519,,,,0,,,1.63413,4,13,-0.0704541,False,False,False
solubility,11491,wang2019_10.1021_acs.jced.9b00013_t5,WANG(2019),co2,solubility_molality,313.15,30,0,0,0,0,0,0,0.616,,,,0,,,0.609433,10,31,0.0107748,False,False,False
solubility,11492,wang2019_10.1021_acs.jced.9b00013_t5,WANG(2019),co2,solubility_molality,313.15,35,0,0,0,0,0,0,0.697,,,,0,,,0.699247,11,33,-0.00321334,False,False,False
solubility,11493,wang2019_10.1021_acs.jced.9b00013_t5,WANG(2019),co2,solubility_molality,313.15,40,0,0,0,0,0,0,0.767,,,,0,,,0.773828,11,36,-0.00882384,False,False,False
solubility,11494,wang2019_10.1021_acs.jced.9b00013_t5,WANG(2019),co2,solubility_molality,313.15,45,0,0,0,0,0,0,0.827,,,,0,,,0.847928,10,35,-0.0246819,False,False,False
solubility,11495,wang2019_10.1021_acs.jced.9b00013_t5,WANG(2019),co2,solubility_molality,313.15,50,0,0,0,0,0,0,0.889,0.907915,0.907915,,1,0,-0.0208331,0.919249,11,34,-0.0329066,False,False,False
solubility,11496,wang2019_10.1021_acs.jced.9b00013_t5,WANG(2019),co2,solubility_molality,313.15,55,0,0,0,0,0,0,0.946,1.01747,1.01747,,1,0,-0.0702394,0.98846,12,42,-0.0429558,False,False,False
solubility,11497,wang2019_10.1021_acs.jced.9b00013_t5,WANG(2019),co2,solubility_molality,313.15,60,0,0,0,0,0,0,1.003,1.02898,1.02898,,1,0,-0.0252492,1.04626,11,40,-0.0413457,False,False,False
solubility,11498,wang2019_10.1021_acs.jced.9b00013_t5,WANG(2019),co2,solubility_molality,313.15,65,0,0,0,0,0,0,1.053,1.13283,1.13283,,1,0,-0.0704656,1.09355,11,41,-0.03708,False,False,False
solubility,11499,wang2019_10.1021_acs.jced.9b00013_t5,WANG(2019),co2,solubility_molality,313.15,70,0,0,0,0,0,0,1.099,,,,0,,,1.13405,11,39,-0.030908,False,False,False
solubility,11500,wang2019_10.1021_acs.jced.9b00013_t5,WANG(2019),co2,solubility_molality,313.15,75,0,0,0,0,0,0,1.152,1.15151,1.15151,,1,0,0.000423401,1.16497,14,40,-0.0111303,False,False,False
solubility,11501,wang2019_10.1021_acs.jced.9b00013_t5,WANG(2019),co2,solubility_molality,313.15,80,0,0,0,0,0,0,1.195,,,,0,,,1.18619,14,36,0.00742317,False,False,False
solubility,11502,wang2019_10.1021_acs.jced.9b00013_t5,WANG(2019),co2,solubility_molality,313.15,85,0,0,0,0,0,0,1.217,,,,0,,,1.20294,14,35,0.01169,False,False,False
solubility,11503,wang2019_10.1021_acs.jced.9b00013_t5,WANG(2019),co2,solubility_molality,313.15,90,0,0,0,0,0,0,1.229,,,,0,,,1.21831,14,36,0.00877704,False,False,False
solubility,11504,wang2019_10.1021_acs.jced.9b00013_t5,WANG(2019),co2,solubility_molality,313.15,95,0,0,0,0,0,0,1.244,,,,0,,,1.23218,13,36,0.00959064,False,False,False
solubility,11505,wang2019_10.1021_acs.jced.9b00013_t5,WANG(2019),co2,solubility_molality,313.15,100,0,0,0,0,0,0,1.257,1.23637,1.23637,0.00618181,2,0.00707101,0.016685,1.24271,13,34,0.0114957,False,False,False
solubility,11506,wang2019_10.1021_acs.jced.9b00013_t5,WANG(2019),co2,solubility_molality,313.15,105,0,0,0,0,0,0,1.265,,,,0,,,1.25049,13,33,0.011601,False,False,False
solubility,11507,wang2019_10.1021_acs.jced.9b00013_t5,WANG(2019),co2,solubility_molality,313.15,110,0,0,0,0,0,0,1.271,,,,0,,,1.25728,13,33,0.0109097,False,False,False
solubility,11508,wang2019_10.1021_acs.jced.9b00013_t5,WANG(2019),co2,solubility_molality,313.15,115,0,0,0,0,0,0,1.281,,,,0,,,1.26458,13,31,0.0129862,False,False,False
solubility,11509,wang2019_10.1021_acs.jced.9b00013_t5,WANG(2019),co2,solubility_molality,313.15,120,0,0,0,0,0,0,1.289,1.27769,1.27769,,1,0,0.00885368,1.27156,13,29,0.0137119,False,False,False
solubility,11510,wang2019_10.1021_acs.jced.9b00013_t5,WANG(2019),co2,solubility_molality,313.15,125,0,0,0,0,0,0,1.295,1.2809,1.2809,,1,0,0.0110111,1.27854,13,28,0.0128712,False,False,False
solubility,11511,wang2019_10.1021_acs.jced.9b00013_t5,WANG(2019),co2,solubility_molality,313.15,130,0,0,0,0,0,0,1.3,,,,0,,,1.28513,13,29,0.0115706,False,False,False
solubility,11512,wang2019_10.1021_acs.jced.9b00013_t5,WANG(2019),co2,solubility_molality,313.15,135,0,0,0,0,0,0,1.309,,,,0,,,1.29179,12,28,0.0133212,False,False,False
solubility,11513,wang2019_10.1021_acs.jced.9b00013_t5,WANG(2019),co2,solubility_molality,313.15,150,0,0,0,0,0,0,1.321,1.31123,1.31123,,1,0,0.00744791,1.31686,13,28,0.00314529,False,False,False
solubility,11514,wang2019_10.1021_acs.jced.9b00013_t5,WANG(2019),co2,solubility_molality,313.15,155,0,0,0,0,0,0,1.326,1.31123,1.31123,,1,0,0.0112611,1.32597,13,29,2.34655e-05,False,False,False
solubility,11515,wang2019_10.1021_acs.jced.9b00013_t5,WANG(2019),co2,solubility_molality,313.15,170,0,0,0,0,0,0,1.337,,,,0,,,1.34955,13,29,-0.00929702,False,False,False
solubility,11516,wang2019_10.1021_acs.jced.9b00013_t5,WANG(2019),co2,solubility_molality,313.15,175,0,0,0,0,0,0,1.344,,,,0,,,1.35733,13,27,-0.00981744,False,False,False
solubility,11517,wang2019_10.1021_acs.jced.9b00013_t5,WANG(2019),co2,solubility_molality,313.15,200,0,0,0,0,0,0,1.365,1.40604,1.40604,0.0141982,2,0.0142807,-0.0291881,1.40155,13,23,-0.0260802,False,False,False
solubility,11518,wang2019_10.1021_acs.jced.9b00013_t5,WANG(2019),co2,solubility_molality,313.15,210,0,0,0,0,0,0,1.373,,,,0,,,1.42112,13,22,-0.0338634,False,False,False
solubility,11519,wang2019_10.1021_acs.jced.9b00013_t5,WANG(2019),co2,solubility_molality,313.15,230,0,0,0,0,0,0,1.386,,,,0,,,1.4298,12,19,-0.0306329,False,False,False
solubility,11520,wang2019_10.1021_acs.jced.9b00013_t5,WANG(2019),co2,solubility_molality,313.15,240,0,0,0,0,0,0,1.393,,,,0,,,1.43597,12,19,-0.0299234,False,False,False
solubility,11521,wang2019_10.1021_acs.jced.9b00013_t5,WANG(2019),co2,solubility_molality,313.15,260,0,0,0,0,0,0,1.409,,,,0,,,1.45068,10,18,-0.0287291,False,False,False
solubility,11522,wang2019_10.1021_acs.jced.9b00013_t5,WANG(2019),co2,solubility_molality,313.15,270,0,0,0,0,0,0,1.416,,,,0,,,1.45401,9,18,-0.0261427,False,False,False
solubility,11523,wang2019_10.1021_acs.jced.9b00013_t5,WANG(2019),co2,solubility_molality,313.15,300,0,0,0,0,0,0,1.446,1.473,1.473,,1,0,-0.0183299,1.47749,7,14,-0.0213157,False,False,False
solubility,11524,wang2019_10.1021_acs.jced.9b00013_t5,WANG(2019),co2,solubility_molality,323.15,30,0,0,0,0,0,0,0.525,0.504678,0.514859,0.0206405,3,0.0739582,0.040267,0.493446,13,26,0.0639471,False,False,False
solubility,11525,wang2019_10.1021_acs.jced.9b00013_t5,WANG(2019),co2,solubility_molality,323.15,35,0,0,0,0,0,0,0.597,0.570606,0.570606,0.0140215,2,0.0347515,0.0462561,0.566693,14,29,0.053481,False,False,False
solubility,11526,wang2019_10.1021_acs.jced.9b00013_t5,WANG(2019),co2,solubility_molality,323.15,40,0,0,0,0,0,0,0.657,0.61171,0.61171,,1,0,0.0740391,0.634958,14,33,0.0347143,False,False,False
solubility,11527,wang2019_10.1021_acs.jced.9b00013_t5,WANG(2019),co2,solubility_molality,323.15,45,0,0,0,0,0,0,0.721,,,,0,,,0.702489,14,32,0.0263509,False,False,False
solubility,11528,wang2019_10.1021_acs.jced.9b00013_t5,WANG(2019),co2,solubility_molality,323.15,50,0,0,0,0,0,0,0.773,0.771029,0.774301,0.00709691,3,0.016878,0.00255678,0.769208,15,34,0.00493017,False,False,False
solubility,11529,wang2019_10.1021_acs.jced.9b00013_t5,WANG(2019),co2,solubility_molality,323.15,55,0,0,0,0,0,0,0.819,0.838728,0.838728,0.00364009,2,0.00613771,-0.0235209,0.831686,16,37,-0.0152535,False,False,False
solubility,11530,wang2019_10.1021_acs.jced.9b00013_t5,WANG(2019),co2,solubility_molality,323.15,60,0,0,0,0,0,0,0.868,0.90831,0.90831,,1,0,-0.0443787,0.88404,16,34,-0.018144,False,False,False
solubility,11531,wang2019_10.1021_acs.jced.9b00013_t5,WANG(2019),co2,solubility_molality,323.15,65,0,0,0,0,0,0,0.909,,,,0,,,0.931701,16,36,-0.0243648,False,False,False
solubility,11532,wang2019_10.1021_acs.jced.9b00013_t5,WANG(2019),co2,solubility_molality,323.15,70,0,0,0,0,0,0,0.954,0.994451,0.994451,,1,0,-0.0406765,0.975634,16,35,-0.0221741,False,False,False
solubility,11533,wang2019_10.1021_acs.jced.9b00013_t5,WANG(2019),co2,solubility_molality,323.15,75,0,0,0,0,0,0,0.999,1.00535,1.00941,0.0230014,3,0.0452222,-0.00631996,1.0127,19,63,-0.0135279,False,False,False
solubility,11534,wang2019_10.1021_acs.jced.9b00013_t5,WANG(2019),co2,solubility_molality,323.15,80,0,0,0,0,0,0,1.039,1.07509,1.07509,,1,0,-0.0335665,1.04281,19,61,-0.00365772,False,False,False
solubility,11535,wang2019_10.1021_acs.jced.9b00013_t5,WANG(2019),co2,solubility_molality,323.15,85,0,0,0,0,0,0,1.075,1.10914,1.09319,0.0495646,3,0.085837,-0.0307791,1.06929,18,60,0.00533622,False,False,False
solubility,11536,wang2019_10.1021_acs.jced.9b00013_t5,WANG(2019),co2,solubility_molality,323.15,90,0,0,0,0,0,0,1.111,1.13283,1.13283,,1,0,-0.0192662,1.09411,18,61,0.0154411,False,False,False
solubility,11537,wang2019_10.1021_acs.jced.9b00013_t5,WANG(2019),co2,solubility_molality,323.15,95,0,0,0,0,0,0,1.139,,,,0,,,1.11647,18,61,0.0201798,False,False,False
solubility,11538,wang2019_10.1021_acs.jced.9b00013_t5,WANG(2019),co2,solubility_molality,323.15,100,0,0,0,0,0,0,1.172,1.16174,1.1418,0.0466602,7,0.114843,0.00883283,1.13563,18,60,0.0320276,False,False,False
solubility,11539,wang2019_10.1021_acs.jced.9b00013_t5,WANG(2019),co2,solubility_molality,323.15,105,0,0,0,0,0,0,1.187,,,,0,,,1.15226,18,60,0.0301452,False,False,False
solubility,11540,wang2019_10.1021_acs.jced.9b00013_t5,WANG(2019),co2,solubility_molality,323.15,110,0,0,0,0,0,0,1.199,1.19068,1.19068,,1,0,0.00698638,1.16686,18,60,0.0275442,False,False,False
solubility,11541,wang2019_10.1021_acs.jced.9b00013_t5,WANG(2019),co2,solubility_molality,323.15,115,0,0,0,0,0,0,1.205,,,,0,,,1.17888,17,59,0.0221565,False,False,False
solubility,11542,wang2019_10.1021_acs.jced.9b00013_t5,WANG(2019),co2,solubility_molality,323.15,120,0,0,0,0,0,0,1.213,1.20111,1.20111,0.0180257,2,0.0212238,0.00989834,1.1891,17,56,0.0200988,False,False,False
solubility,11543,wang2019_10.1021_acs.jced.9b00013_t5,WANG(2019),co2,solubility_molality,323.15,125,0,0,0,0,0,0,1.222,1.19434,1.19434,,1,0,0.0231568,1.19831,16,56,0.0197732,False,False,False
solubility,11544,wang2019_10.1021_acs.jced.9b00013_t5,WANG(2019),co2,solubility_molality,323.15,130,0,0,0,0,0,0,1.23,1.21444,1.21444,,1,0,0.0128153,1.20594,16,56,0.0199515,False,False,False
solubility,11545,wang2019_10.1021_acs.jced.9b00013_t5,WANG(2019),co2,solubility_molality,323.15,135,0,0,0,0,0,0,1.237,,,,0,,,1.21495,15,55,0.0181516,False,False,False
solubility,11546,wang2019_10.1021_acs.jced.9b00013_t5,WANG(2019),co2,solubility_molality,323.15,150,0,0,0,0,0,0,1.248,1.23329,1.22711,0.0337673,3,0.0540675,0.0119261,1.23803,15,29,0.00805715,False,False,False
solubility,11547,wang2019_10.1021_acs.jced.9b00013_t5,WANG(2019),co2,solubility_molality,323.15,155,0,0,0,0,0,0,1.257,1.23329,1.22905,0.0364293,3,0.058775,0.0192236,1.24488,15,29,0.00973221,False,False,False
solubility,11548,wang2019_10.1021_acs.jced.9b00013_t5,WANG(2019),co2,solubility_molality,323.15,170,0,0,0,0,0,0,1.273,,,,0,,,1.2612,15,28,0.00935967,False,False,False
solubility,11549,wang2019_10.1021_acs.jced.9b00013_t5,WANG(2019),co2,solubility_molality,323.15,175,0,0,0,0,0,0,1.277,1.28263,1.28263,0.00287597,2,0.00317102,-0.00438646,1.26625,15,26,0.00849184,False,False,False
solubility,11550,wang2019_10.1021_acs.jced.9b00013_t5,WANG(2019),co2,solubility_molality,323.15,200,0,0,0,0,0,0,1.301,1.30348,1.28728,0.0548133,4,0.0966893,-0.0019039,1.29423,15,23,0.00523098,False,False,False
solubility,11551,wang2019_10.1021_acs.jced.9b00013_t5,WANG(2019),co2,solubility_molality,323.15,210,0,0,0,0,0,0,1.308,1.36147,1.36147,,1,0,-0.0392705,1.30568,14,21,0.0017765,False,False,False
solubility,11552,wang2019_10.1021_acs.jced.9b00013_t5,WANG(2019),co2,solubility_molality,323.15,230,0,0,0,0,0,0,1.324,,,,0,,,1.33287,13,21,-0.0066527,False,False,False
solubility,11553,wang2019_10.1021_acs.jced.9b00013_t5,WANG(2019),co2,solubility_molality,323.15,240,0,0,0,0,0,0,1.333,1.35855,1.35855,,1,0,-0.0188085,1.34529,13,21,-0.00913196,False,False,False
solubility,11554,wang2019_10.1021_acs.jced.9b00013_t5,WANG(2019),co2,solubility_molality,323.15,260,0,0,0,0,0,0,1.348,,,,0,,,1.37026,11,18,-0.0162443,False,False,False
solubility,11555,wang2019_10.1021_acs.jced.9b00013_t5,WANG(2019),co2,solubility_molality,323.15,270,0,0,0,0,0,0,1.356,,,,0,,,1.38292,10,18,-0.0194651,False,False,False
solubility,11556,wang2019_10.1021_acs.jced.9b00013_t5,WANG(2019),co2,solubility_molality,323.15,300,0,0,0,0,0,0,1.378,1.41485,1.41485,0.0235014,2,0.0234908,-0.026046,1.41607,8,15,-0.0268872,False,False,False
solubility,11557,wang2019_10.1021_acs.jced.9b00013_t5,WANG(2019),co2,solubility_molality,333.15,30,0,0,0,0,0,0,0.448,,,,0,,,0.407912,9,19,0.0982752,False,False,False
solubility,11558,wang2019_10.1021_acs.jced.9b00013_t5,WANG(2019),co2,solubility_molality,333.15,35,0,0,0,0,0,0,0.516,,,,0,,,0.471941,9,20,0.0933565,False,False,False
solubility,11559,wang2019_10.1021_acs.jced.9b00013_t5,WANG(2019),co2,solubility_molality,333.15,40,0,0,0,0,0,0,0.571,0.549369,0.549369,0.0160125,2,0.0412201,0.0393748,0.545725,10,24,0.0463148,False,False,False
solubility,11560,wang2019_10.1021_acs.jced.9b00013_t5,WANG(2019),co2,solubility_molality,333.15,45,0,0,0,0,0,0,0.628,,,,0,,,0.609394,10,28,0.0305312,False,False,False
solubility,11561,wang2019_10.1021_acs.jced.9b00013_t5,WANG(2019),co2,solubility_molality,333.15,50,0,0,0,0,0,0,0.682,0.668508,0.668508,0.0160806,2,0.0340181,0.0201824,0.665521,11,33,0.0247616,False,False,False
solubility,11562,wang2019_10.1021_acs.jced.9b00013_t5,WANG(2019),co2,solubility_molality,333.15,55,0,0,0,0,0,0,0.727,,,,0,,,0.717718,12,33,0.0129331,False,False,False
solubility,11563,wang2019_10.1021_acs.jced.9b00013_t5,WANG(2019),co2,solubility_molality,333.15,60,0,0,0,0,0,0,0.775,0.763368,0.763368,0.0189047,2,0.0350229,0.0152382,0.768148,12,32,0.00892043,False,False,False
solubility,11564,wang2019_10.1021_acs.jced.9b00013_t5,WANG(2019),co2,solubility_molality,333.15,65,0,0,0,0,0,0,0.812,0.83101,0.83101,0.0202172,2,0.0344056,-0.0228762,0.816469,12,35,-0.00547412,False,False,False
solubility,11565,wang2019_10.1021_acs.jced.9b00013_t5,WANG(2019),co2,solubility_molality,333.15,70,0,0,0,0,0,0,0.855,0.876792,0.876792,0.01215,2,0.0195973,-0.0248538,0.863627,12,35,-0.00998911,False,False,False
solubility,11566,wang2019_10.1021_acs.jced.9b00013_t5,WANG(2019),co2,solubility_molality,333.15,75,0,0,0,0,0,0,0.893,,,,0,,,0.903716,16,65,-0.0118579,False,False,False
solubility,11567,wang2019_10.1021_acs.jced.9b00013_t5,WANG(2019),co2,solubility_molality,333.15,80,0,0,0,0,0,0,0.928,0.936994,0.936994,,1,0,-0.00959891,0.943329,16,67,-0.0162504,False,False,False
solubility,11568,wang2019_10.1021_acs.jced.9b00013_t5,WANG(2019),co2,solubility_molality,333.15,85,0,0,0,0,0,0,0.962,0.977202,0.977202,,1,0,-0.0155562,0.983113,14,64,-0.0214753,False,False,False
solubility,11569,wang2019_10.1021_acs.jced.9b00013_t5,WANG(2019),co2,solubility_molality,333.15,90,0,0,0,0,0,0,0.996,1.01171,1.01171,,1,0,-0.0155288,1.01705,14,66,-0.0206945,False,False,False
solubility,11570,wang2019_10.1021_acs.jced.9b00013_t5,WANG(2019),co2,solubility_molality,333.15,95,0,0,0,0,0,0,1.025,,,,0,,,1.04674,14,65,-0.0207727,False,False,False
solubility,11571,wang2019_10.1021_acs.jced.9b00013_t5,WANG(2019),co2,solubility_molality,333.15,100,0,0,0,0,0,0,1.062,1.05202,1.05484,0.0148769,5,0.0369763,0.00948215,1.07166,14,66,-0.00901124,False,False,False
solubility,11572,wang2019_10.1021_acs.jced.9b00013_t5,WANG(2019),co2,solubility_molality,333.15,105,0,0,0,0,0,0,1.087,1.11135,1.11135,0.0303641,2,0.0386388,-0.0219143,1.09297,14,64,-0.00546464,False,False,False
solubility,11573,wang2019_10.1021_acs.jced.9b00013_t5,WANG(2019),co2,solubility_molality,333.15,110,0,0,0,0,0,0,1.112,1.10394,1.10394,0,2,0,0.0072999,1.11068,14,64,0.00119177,False,False,False
solubility,11574,wang2019_10.1021_acs.jced.9b00013_t5,WANG(2019),co2,solubility_molality,333.15,115,0,0,0,0,0,0,1.13,,,,0,,,1.12617,14,64,0.00340086,False,False,False
solubility,11575,wang2019_10.1021_acs.jced.9b00013_t5,WANG(2019),co2,solubility_molality,333.15,120,0,0,0,0,0,0,1.142,1.13861,1.13861,,1,0,0.00298126,1.13993,14,60,0.00181821,False,False,False
solubility,11576,wang2019_10.1021_acs.jced.9b00013_t5,WANG(2019),co2,solubility_molality,333.15,125,0,0,0,0,0,0,1.15,1.15595,1.15595,,1,0,-0.00515032,1.1522,14,62,-0.00190721,False,False,False
solubility,11577,wang2019_10.1021_acs.jced.9b00013_t5,WANG(2019),co2,solubility_molality,333.15,130,0,0,0,0,0,0,1.158,,,,0,,,1.16346,14,60,-0.004691,False,False,False
solubility,11578,wang2019_10.1021_acs.jced.9b00013_t5,WANG(2019),co2,solubility_molality,333.15,135,0,0,0,0,0,0,1.165,,,,0,,,1.17488,14,60,-0.00840655,False,False,False
solubility,11579,wang2019_10.1021_acs.jced.9b00013_t5,WANG(2019),co2,solubility_molality,333.15,150,0,0,0,0,0,0,1.185,,,,0,,,1.20881,14,30,-0.0197001,False,False,False
solubility,11580,wang2019_10.1021_acs.jced.9b00013_t5,WANG(2019),co2,solubility_molality,333.15,155,0,0,0,0,0,0,1.19,1.22011,1.22011,0.0252402,2,0.0292555,-0.0246816,1.21789,14,30,-0.0229029,False,False,False
solubility,11581,wang2019_10.1021_acs.jced.9b00013_t5,WANG(2019),co2,solubility_molality,333.15,170,0,0,0,0,0,0,1.207,1.24228,1.24228,0.0237979,2,0.0270916,-0.0283991,1.24575,14,27,-0.0311035,False,False,False
solubility,11582,wang2019_10.1021_acs.jced.9b00013_t5,WANG(2019),co2,solubility_molality,333.15,175,0,0,0,0,0,0,1.214,1.25911,1.25911,,1,0,-0.0358249,1.25245,13,24,-0.0306979,False,False,False
solubility,11583,wang2019_10.1021_acs.jced.9b00013_t5,WANG(2019),co2,solubility_molality,333.15,200,0,0,0,0,0,0,1.243,1.2695,1.2695,0.000707107,2,0.000787712,-0.0208744,1.27798,13,21,-0.0273734,False,False,False
solubility,11584,wang2019_10.1021_acs.jced.9b00013_t5,WANG(2019),co2,solubility_molality,333.15,210,0,0,0,0,0,0,1.252,,,,0,,,1.28663,12,18,-0.0269152,False,False,False
solubility,11585,wang2019_10.1021_acs.jced.9b00013_t5,WANG(2019),co2,solubility_molality,333.15,230,0,0,0,0,0,0,1.273,,,,0,,,1.30405,11,17,-0.0238098,False,False,False
solubility,11586,wang2019_10.1021_acs.jced.9b00013_t5,WANG(2019),co2,solubility_molality,333.15,240,0,0,0,0,0,0,1.278,,,,0,,,1.31261,11,17,-0.0263676,False,False,False
solubility,11587,wang2019_10.1021_acs.jced.9b00013_t5,WANG(2019),co2,solubility_molality,333.15,260,0,0,0,0,0,0,1.295,,,,0,,,1.32834,8,13,-0.0251019,False,False,False
solubility,11588,wang2019_10.1021_acs.jced.9b00013_t5,WANG(2019),co2,solubility_molality,333.15,270,0,0,0,0,0,0,1.3,,,,0,,,1.33623,8,14,-0.0271129,False,False,False
solubility,11589,wang2019_10.1021_acs.jced.9b00013_t5,WANG(2019),co2,solubility_molality,333.15,300,0,0,0,0,0,0,1.326,1.36,1.36,0,2,0,-0.025,1.36315,6,11,-0.0272496,False,False,False
solubility,11590,wang2019_10.1021_acs.jced.9b00013_t5,WANG(2019),co2,solubility_molality,343.15,30,0,0,0,0,0,0,0.4,,,,0,,,0.367503,8,16,0.0884258,False,False,False
solubility,11591,wang2019_10.1021_acs.jced.9b00013_t5,WANG(2019),co2,solubility_molality,343.15,35,0,0,0,0,0,0,0.452,,,,0,,,0.417678,8,18,0.0821735,False,False,False
solubility,11592,wang2019_10.1021_acs.jced.9b00013_t5,WANG(2019),co2,solubility_molality,343.15,40,0,0,0,0,0,0,0.508,,,,0,,,0.471944,10,24,0.0763988,False,False,False
solubility,11593,wang2019_10.1021_acs.jced.9b00013_t5,WANG(2019),co2,solubility_molality,343.15,45,0,0,0,0,0,0,0.554,,,,0,,,0.529495,10,31,0.0462798,False,False,False
solubility,11594,wang2019_10.1021_acs.jced.9b00013_t5,WANG(2019),co2,solubility_molality,343.15,50,0,0,0,0,0,0,0.608,,,,0,,,0.5883,10,37,0.0334869,False,False,False
solubility,11595,wang2019_10.1021_acs.jced.9b00013_t5,WANG(2019),co2,solubility_molality,343.15,55,0,0,0,0,0,0,0.65,,,,0,,,0.643574,10,38,0.00998423,False,False,False
solubility,11596,wang2019_10.1021_acs.jced.9b00013_t5,WANG(2019),co2,solubility_molality,343.15,60,0,0,0,0,0,0,0.695,,,,0,,,0.694077,10,38,0.00132983,False,False,False
solubility,11597,wang2019_10.1021_acs.jced.9b00013_t5,WANG(2019),co2,solubility_molality,343.15,65,0,0,0,0,0,0,0.737,,,,0,,,0.741227,10,39,-0.00570281,False,False,False
solubility,11598,wang2019_10.1021_acs.jced.9b00013_t5,WANG(2019),co2,solubility_molality,343.15,70,0,0,0,0,0,0,0.781,0.811,0.811,,1,0,-0.0369912,0.784469,10,41,-0.00442236,False,False,False
solubility,11599,wang2019_10.1021_acs.jced.9b00013_t5,WANG(2019),co2,solubility_molality,343.15,75,0,0,0,0,0,0,0.821,0.845306,0.845306,,1,0,-0.0287542,0.828829,14,74,-0.0094463,False,False,False
solubility,11600,wang2019_10.1021_acs.jced.9b00013_t5,WANG(2019),co2,solubility_molality,343.15,80,0,0,0,0,0,0,0.855,0.8682,0.8682,,1,0,-0.0152041,0.873313,14,76,-0.0209697,False,False,False
solubility,11601,wang2019_10.1021_acs.jced.9b00013_t5,WANG(2019),co2,solubility_molality,343.15,85,0,0,0,0,0,0,0.886,0.902576,0.902576,,1,0,-0.0183654,0.909508,14,73,-0.0258469,False,False,False
solubility,11602,wang2019_10.1021_acs.jced.9b00013_t5,WANG(2019),co2,solubility_molality,343.15,90,0,0,0,0,0,0,0.916,,,,0,,,0.942112,14,73,-0.0277163,False,False,False
solubility,11603,wang2019_10.1021_acs.jced.9b00013_t5,WANG(2019),co2,solubility_molality,343.15,95,0,0,0,0,0,0,0.944,1.01747,1.01747,,1,0,-0.0722051,0.973284,14,71,-0.030088,False,False,False
solubility,11604,wang2019_10.1021_acs.jced.9b00013_t5,WANG(2019),co2,solubility_molality,343.15,100,0,0,0,0,0,0,0.975,,,,0,,,1.00429,13,74,-0.0291671,False,False,False
solubility,11605,wang2019_10.1021_acs.jced.9b00013_t5,WANG(2019),co2,solubility_molality,343.15,105,0,0,0,0,0,0,0.997,1.02323,1.02323,,1,0,-0.0256301,1.03392,13,70,-0.0357045,False,False,False
solubility,11606,wang2019_10.1021_acs.jced.9b00013_t5,WANG(2019),co2,solubility_molality,343.15,110,0,0,0,0,0,0,1.021,,,,0,,,1.05925,13,71,-0.0361088,False,False,False
solubility,11607,wang2019_10.1021_acs.jced.9b00013_t5,WANG(2019),co2,solubility_molality,343.15,115,0,0,0,0,0,0,1.042,,,,0,,,1.08,13,71,-0.035184,False,False,False
solubility,11608,wang2019_10.1021_acs.jced.9b00013_t5,WANG(2019),co2,solubility_molality,343.15,120,0,0,0,0,0,0,1.059,1.11838,1.11838,0.020424,2,0.0258264,-0.0530974,1.09818,13,69,-0.0356763,False,False,False
solubility,11609,wang2019_10.1021_acs.jced.9b00013_t5,WANG(2019),co2,solubility_molality,343.15,125,0,0,0,0,0,0,1.071,,,,0,,,1.11461,13,71,-0.0391227,False,False,False
solubility,11610,wang2019_10.1021_acs.jced.9b00013_t5,WANG(2019),co2,solubility_molality,343.15,130,0,0,0,0,0,0,1.084,,,,0,,,1.13027,13,69,-0.040934,False,False,False
solubility,11611,wang2019_10.1021_acs.jced.9b00013_t5,WANG(2019),co2,solubility_molality,343.15,135,0,0,0,0,0,0,1.095,,,,0,,,1.1441,13,69,-0.0429118,False,False,False
solubility,11612,wang2019_10.1021_acs.jced.9b00013_t5,WANG(2019),co2,solubility_molality,343.15,150,0,0,0,0,0,0,1.119,,,,0,,,1.17991,11,35,-0.0516216,False,False,False
solubility,11613,wang2019_10.1021_acs.jced.9b00013_t5,WANG(2019),co2,solubility_molality,343.15,155,0,0,0,0,0,0,1.13,,,,0,,,1.18998,11,34,-0.0504054,False,False,False
solubility,11614,wang2019_10.1021_acs.jced.9b00013_t5,WANG(2019),co2,solubility_molality,343.15,170,0,0,0,0,0,0,1.149,1.21965,1.21965,,1,0,-0.0579295,1.22028,11,30,-0.058416,False,False,False
solubility,11615,wang2019_10.1021_acs.jced.9b00013_t5,WANG(2019),co2,solubility_molality,343.15,175,0,0,0,0,0,0,1.154,1.21965,1.21965,,1,0,-0.05383,1.23042,10,26,-0.0621089,False,False,False
solubility,11616,wang2019_10.1021_acs.jced.9b00013_t5,WANG(2019),co2,solubility_molality,343.15,200,0,0,0,0,0,0,1.188,,,,0,,,1.27251,10,23,-0.0664101,False,False,False
solubility,11617,wang2019_10.1021_acs.jced.9b00013_t5,WANG(2019),co2,solubility_molality,343.15,210,0,0,0,0,0,0,1.202,,,,0,,,1.28357,9,21,-0.0635513,False,False,False
solubility,11618,wang2019_10.1021_acs.jced.9b00013_t5,WANG(2019),co2,solubility_molality,343.15,230,0,0,0,0,0,0,1.225,,,,0,,,1.30831,7,18,-0.0636747,False,False,False
solubility,11619,wang2019_10.1021_acs.jced.9b00013_t5,WANG(2019),co2,solubility_molality,343.15,240,0,0,0,0,0,0,1.237,,,,0,,,1.32218,7,18,-0.0644229,False,False,False
solubility,11620,wang2019_10.1021_acs.jced.9b00013_t5,WANG(2019),co2,solubility_molality,343.15,260,0,0,0,0,0,0,1.254,,,,0,,,1.28589,5,14,-0.0247983,False,False,False
solubility,11621,wang2019_10.1021_acs.jced.9b00013_t5,WANG(2019),co2,solubility_molality,343.15,270,0,0,0,0,0,0,1.261,,,,0,,,1.29739,5,14,-0.0280517,False,False,False
solubility,11622,wang2019_10.1021_acs.jced.9b00013_t5,WANG(2019),co2,solubility_molality,343.15,300,0,0,0,0,0,0,1.286,,,,0,,,1.32295,5,12,-0.0279279,False,False,False
solubility,11623,wang2019_10.1021_acs.jced.9b00013_t5,WANG(2019),co2,solubility_molality,353.15,30,0,0,0,0,0,0,0.352,0.335061,0.335061,,1,0,0.050555,0.334931,9,12,0.0509625,False,False,False
solubility,11624,wang2019_10.1021_acs.jced.9b00013_t5,WANG(2019),co2,solubility_molality,353.15,35,0,0,0,0,0,0,0.406,,,,0,,,0.387362,9,16,0.0481154,False,False,False
solubility,11625,wang2019_10.1021_acs.jced.9b00013_t5,WANG(2019),co2,solubility_molality,353.15,40,0,0,0,0,0,0,0.453,0.447649,0.447649,,1,0,0.0119543,0.430558,11,21,0.0521242,False,False,False
solubility,11626,wang2019_10.1021_acs.jced.9b00013_t5,WANG(2019),co2,solubility_molality,353.15,45,0,0,0,0,0,0,0.499,,,,0,,,0.476654,10,24,0.0468813,False,False,False
solubility,11627,wang2019_10.1021_acs.jced.9b00013_t5,WANG(2019),co2,solubility_molality,353.15,50,0,0,0,0,0,0,0.548,,,,0,,,0.525425,10,26,0.0429644,False,False,False
solubility,11628,wang2019_10.1021_acs.jced.9b00013_t5,WANG(2019),co2,solubility_molality,353.15,55,0,0,0,0,0,0,0.595,,,,0,,,0.573015,10,30,0.0383675,False,False,False
solubility,11629,wang2019_10.1021_acs.jced.9b00013_t5,WANG(2019),co2,solubility_molality,353.15,60,0,0,0,0,0,0,0.63,0.634547,0.634547,0.00784409,2,0.0174821,-0.00716513,0.621335,10,32,0.0139452,False,False,False
solubility,11630,wang2019_10.1021_acs.jced.9b00013_t5,WANG(2019),co2,solubility_molality,353.15,65,0,0,0,0,0,0,0.669,0.674192,0.674192,,1,0,-0.00770036,0.664795,10,30,0.00632584,False,False,False
solubility,11631,wang2019_10.1021_acs.jced.9b00013_t5,WANG(2019),co2,solubility_molality,353.15,70,0,0,0,0,0,0,0.706,0.71972,0.71972,,1,0,-0.0190635,0.704269,10,31,0.00245773,False,False,False
solubility,11632,wang2019_10.1021_acs.jced.9b00013_t5,WANG(2019),co2,solubility_molality,353.15,75,0,0,0,0,0,0,0.746,,,,0,,,0.741442,12,38,0.00614803,False,False,False
solubility,11633,wang2019_10.1021_acs.jced.9b00013_t5,WANG(2019),co2,solubility_molality,353.15,80,0,0,0,0,0,0,0.781,0.782576,0.782576,0.00788581,2,0.0142507,-0.002014,0.775841,12,37,0.00665017,False,False,False
solubility,11634,wang2019_10.1021_acs.jced.9b00013_t5,WANG(2019),co2,solubility_molality,353.15,85,0,0,0,0,0,0,0.82,0.845306,0.845306,,1,0,-0.0299372,0.809143,12,35,0.0134178,False,False,False
solubility,11635,wang2019_10.1021_acs.jced.9b00013_t5,WANG(2019),co2,solubility_molality,353.15,90,0,0,0,0,0,0,0.845,0.851028,0.851028,,1,0,-0.00708307,0.843048,12,35,0.0023154,False,False,False
solubility,11636,wang2019_10.1021_acs.jced.9b00013_t5,WANG(2019),co2,solubility_molality,353.15,95,0,0,0,0,0,0,0.873,,,,0,,,0.876339,12,35,-0.00381019,False,False,False
solubility,11637,wang2019_10.1021_acs.jced.9b00013_t5,WANG(2019),co2,solubility_molality,353.15,100,0,0,0,0,0,0,0.899,0.902576,0.908857,0.025582,3,0.0553905,-0.00396219,0.906923,12,36,-0.00873627,False,False,False
solubility,11638,wang2019_10.1021_acs.jced.9b00013_t5,WANG(2019),co2,solubility_molality,353.15,105,0,0,0,0,0,0,0.927,0.919784,0.919784,,1,0,0.00784573,0.933646,12,34,-0.00711838,False,False,False
solubility,11639,wang2019_10.1021_acs.jced.9b00013_t5,WANG(2019),co2,solubility_molality,353.15,110,0,0,0,0,0,0,0.946,0.99446,0.99446,0.0325355,2,0.0462684,-0.0487301,0.957329,11,34,-0.0118335,False,False,False
solubility,11640,wang2019_10.1021_acs.jced.9b00013_t5,WANG(2019),co2,solubility_molality,353.15,115,0,0,0,0,0,0,0.969,,,,0,,,0.978217,11,32,-0.00942176,False,False,False
solubility,11641,wang2019_10.1021_acs.jced.9b00013_t5,WANG(2019),co2,solubility_molality,353.15,120,0,0,0,0,0,0,0.987,0.99445,0.99445,,1,0,-0.00749174,0.99729,11,32,-0.0103177,False,False,False
solubility,11642,wang2019_10.1021_acs.jced.9b00013_t5,WANG(2019),co2,solubility_molality,353.15,125,0,0,0,0,0,0,1.005,,,,0,,,1.01543,11,32,-0.0102757,False,False,False
solubility,11643,wang2019_10.1021_acs.jced.9b00013_t5,WANG(2019),co2,solubility_molality,353.15,130,0,0,0,0,0,0,1.025,1.0405,1.0405,,1,0,-0.0148971,1.03327,11,31,-0.00800127,False,False,False
solubility,11644,wang2019_10.1021_acs.jced.9b00013_t5,WANG(2019),co2,solubility_molality,353.15,135,0,0,0,0,0,0,1.034,,,,0,,,1.05048,11,31,-0.0156925,False,False,False
solubility,11645,wang2019_10.1021_acs.jced.9b00013_t5,WANG(2019),co2,solubility_molality,353.15,150,0,0,0,0,0,0,1.056,,,,0,,,1.09424,10,22,-0.0349487,False,False,False
solubility,11646,wang2019_10.1021_acs.jced.9b00013_t5,WANG(2019),co2,solubility_molality,353.15,155,0,0,0,0,0,0,1.076,1.13059,1.13059,,1,0,-0.0482827,1.10755,10,21,-0.0284842,False,False,False
solubility,11647,wang2019_10.1021_acs.jced.9b00013_t5,WANG(2019),co2,solubility_molality,353.15,170,0,0,0,0,0,0,1.1,1.15265,1.15265,,1,0,-0.0456757,1.14587,10,19,-0.0400307,False,False,False
solubility,11648,wang2019_10.1021_acs.jced.9b00013_t5,WANG(2019),co2,solubility_molality,353.15,175,0,0,0,0,0,0,1.111,1.15265,1.15265,,1,0,-0.0361325,1.15763,9,16,-0.0402837,False,False,False
solubility,11649,wang2019_10.1021_acs.jced.9b00013_t5,WANG(2019),co2,solubility_molality,353.15,200,0,0,0,0,0,0,1.15,1.198,1.198,,1,0,-0.0400668,1.20677,8,14,-0.0470465,False,False,False
solubility,11650,wang2019_10.1021_acs.jced.9b00013_t5,WANG(2019),co2,solubility_molality,353.15,210,0,0,0,0,0,0,1.172,1.23352,1.23352,,1,0,-0.0498697,1.22234,8,13,-0.0411831,False,False,False
solubility,11651,wang2019_10.1021_acs.jced.9b00013_t5,WANG(2019),co2,solubility_molality,353.15,230,0,0,0,0,0,0,1.193,,,,0,,,1.24843,6,10,-0.0443982,False,False,False
solubility,11652,wang2019_10.1021_acs.jced.9b00013_t5,WANG(2019),co2,solubility_molality,353.15,240,0,0,0,0,0,0,1.207,,,,0,,,1.26029,6,10,-0.0422852,False,False,False
solubility,11653,wang2019_10.1021_acs.jced.9b00013_t5,WANG(2019),co2,solubility_molality,353.15,260,0,0,0,0,0,0,1.23,,,,0,,,1.28279,4,8,-0.0411557,False,False,False
solubility,11654,wang2019_10.1021_acs.jced.9b00013_t5,WANG(2019),co2,solubility_molality,353.15,270,0,0,0,0,0,0,1.24,,,,0,,,1.29319,4,8,-0.041128,False,False,False
solubility,11655,wang2019_10.1021_acs.jced.9b00013_t5,WANG(2019),co2,solubility_molality,353.15,300,0,0,0,0,0,0,1.268,1.322,1.322,,1,0,-0.0408472,1.32182,4,7,-0.0407168,False,False,False
solubility,11661,wang2019_10.1021_acs.jced.9b00013_t6,WANG(2019),co2,solubility_molality,303.15,80,1,1,0,0,0,0,1.054,,,,0,,,1.26565,2,6,-0.167228,False,True,True
solubility,11662,wang2019_10.1021_acs.jced.9b00013_t6,WANG(2019),co2,solubility_molality,303.15,90,1,1,0,0,0,0,1.068,,,,0,,,1.30476,2,6,-0.18146,False,True,True
solubility,11663,wang2019_10.1021_acs.jced.9b00013_t6,WANG(2019),co2,solubility_molality,303.15,100,1,1,0,0,0,0,1.083,,,,0,,,1.32309,2,5,-0.181461,False,True,True
solubility,11669,wang2019_10.1021_acs.jced.9b00013_t6,WANG(2019),co2,solubility_molality,303.15,200,1,1,0,0,0,0,1.188,,,,0,,,1.18091,1,3,0.00600738,False,False,False
solubility,11670,wang2019_10.1021_acs.jced.9b00013_t6,WANG(2019),co2,solubility_molality,303.15,230,1,1,0,0,0,0,1.22,,,,0,,,1.21105,1,6,0.00739332,False,False,False
solubility,11671,wang2019_10.1021_acs.jced.9b00013_t6,WANG(2019),co2,solubility_molality,303.15,260,1,1,0,0,0,0,1.243,,,,0,,,1.23733,1,6,0.00458261,False,False,False
solubility,11672,wang2019_10.1021_acs.jced.9b00013_t6,WANG(2019),co2,solubility_molality,303.15,300,1,1,0,0,0,0,1.277,,,,0,,,1.27165,1,6,0.00420739,False,False,False
solubility,11678,wang2019_10.1021_acs.jced.9b00013_t6,WANG(2019),co2,solubility_molality,313.15,80,1,1,0,0,0,0,0.951,,,,0,,,0.902776,5,6,0.0534176,False,False,False
solubility,11679,wang2019_10.1021_acs.jced.9b00013_t6,WANG(2019),co2,solubility_molality,313.15,90,1,1,0,0,0,0,0.978,,,,0,,,0.964857,5,6,0.0136214,False,False,False
solubility,11680,wang2019_10.1021_acs.jced.9b00013_t6,WANG(2019),co2,solubility_molality,313.15,100,1,1,0,0,0,0,0.995,1.024,1.024,,1,0,-0.0283203,1.024,5,6,-0.0283203,False,False,False
solubility,11681,wang2019_10.1021_acs.jced.9b00013_t6,WANG(2019),co2,solubility_molality,313.15,110,1,1,0,0,0,0,1.005,,,,0,,,1.05496,6,9,-0.0473587,False,False,False
solubility,11682,wang2019_10.1021_acs.jced.9b00013_t6,WANG(2019),co2,solubility_molality,313.15,120,1,1,0,0,0,0,1.014,,,,0,,,1.08404,6,9,-0.0646138,False,False,False
solubility,11683,wang2019_10.1021_acs.jced.9b00013_t6,WANG(2019),co2,solubility_molality,313.15,130,1,1,0,0,0,0,1.031,,,,0,,,1.1115,6,9,-0.0724288,False,False,False
solubility,11684,wang2019_10.1021_acs.jced.9b00013_t6,WANG(2019),co2,solubility_molality,313.15,150,1,1,0,0,0,0,1.05,,,,0,,,1.07406,6,8,-0.0224008,False,False,False
solubility,11685,wang2019_10.1021_acs.jced.9b00013_t6,WANG(2019),co2,solubility_molality,313.15,170,1,1,0,0,0,0,1.07,,,,0,,,1.08613,6,8,-0.0148489,False,False,False
solubility,11686,wang2019_10.1021_acs.jced.9b00013_t6,WANG(2019),co2,solubility_molality,313.15,200,1,1,0,0,0,0,1.096,1.102,1.102,,1,0,-0.00544465,1.102,6,8,-0.00544465,False,False,False
solubility,11687,wang2019_10.1021_acs.jced.9b00013_t6,WANG(2019),co2,solubility_molality,313.15,230,1,1,0,0,0,0,1.122,,,,0,,,1.13124,4,6,-0.00817232,False,False,False
solubility,11688,wang2019_10.1021_acs.jced.9b00013_t6,WANG(2019),co2,solubility_molality,313.15,260,1,1,0,0,0,0,1.151,,,,0,,,1.15754,4,6,-0.00564776,False,False,False
solubility,11689,wang2019_10.1021_acs.jced.9b00013_t6,WANG(2019),co2,solubility_molality,313.15,300,1,1,0,0,0,0,1.194,1.189,1.189,,1,0,0.00420521,1.189,2,4,0.00420524,False,False,False
solubility,11692,wang2019_10.1021_acs.jced.9b00013_t6,WANG(2019),co2,solubility_molality,323.15,50,1,1,0,0,0,0,0.618,0.63653,0.640015,0.0224794,4,0.0738379,-0.0291106,0.676614,5,6,-0.0866281,False,False,False
solubility,11693,wang2019_10.1021_acs.jced.9b00013_t6,WANG(2019),co2,solubility_molality,323.15,60,1,1,0,0,0,0,0.702,,,,0,,,0.729738,5,7,-0.0380115,False,False,False
solubility,11694,wang2019_10.1021_acs.jced.9b00013_t6,WANG(2019),co2,solubility_molality,323.15,70,1,1,0,0,0,0,0.767,,,,0,,,0.780026,5,7,-0.0167,False,False,False
solubility,11695,wang2019_10.1021_acs.jced.9b00013_t6,WANG(2019),co2,solubility_molality,323.15,80,1,1,0,0,0,0,0.832,,,,0,,,0.84189,6,10,-0.0117468,False,False,False
solubility,11696,wang2019_10.1021_acs.jced.9b00013_t6,WANG(2019),co2,solubility_molality,323.15,90,1,1,0,0,0,0,0.885,,,,0,,,0.892683,6,9,-0.00860698,False,False,False
solubility,11697,wang2019_10.1021_acs.jced.9b00013_t6,WANG(2019),co2,solubility_molality,323.15,100,1,1,0,0,0,0,0.93,0.943258,0.940379,0.026927,4,0.0583085,-0.014056,0.938987,6,9,-0.00957138,False,False,False
solubility,11698,wang2019_10.1021_acs.jced.9b00013_t6,WANG(2019),co2,solubility_molality,323.15,110,1,1,0,0,0,0,0.94,,,,0,,,0.960841,7,13,-0.0216906,False,False,False
solubility,11699,wang2019_10.1021_acs.jced.9b00013_t6,WANG(2019),co2,solubility_molality,323.15,120,1,1,0,0,0,0,0.953,,,,0,,,0.975725,7,13,-0.0232903,False,False,False
solubility,11700,wang2019_10.1021_acs.jced.9b00013_t6,WANG(2019),co2,solubility_molality,323.15,130,1,1,0,0,0,0,0.965,,,,0,,,0.990015,7,13,-0.0252674,False,False,False
solubility,11701,wang2019_10.1021_acs.jced.9b00013_t6,WANG(2019),co2,solubility_molality,323.15,150,1,1,0,0,0,0,0.987,1.019,1.02567,0.0142244,3,0.0255152,-0.0314033,1.02063,7,12,-0.0329502,False,False,False
solubility,11702,wang2019_10.1021_acs.jced.9b00013_t6,WANG(2019),co2,solubility_molality,323.15,170,1,1,0,0,0,0,1.013,,,,0,,,1.03987,7,12,-0.0258384,False,False,False
solubility,11703,wang2019_10.1021_acs.jced.9b00013_t6,WANG(2019),co2,solubility_molality,323.15,200,1,1,0,0,0,0,1.038,1.0705,1.06606,0.0328981,4,0.0717207,-0.0303596,1.06501,7,12,-0.0253625,False,False,False
solubility,11704,wang2019_10.1021_acs.jced.9b00013_t6,WANG(2019),co2,solubility_molality,323.15,230,1,1,0,0,0,0,1.066,,,,0,,,1.08535,5,12,-0.0178245,False,False,False
solubility,11705,wang2019_10.1021_acs.jced.9b00013_t6,WANG(2019),co2,solubility_molality,323.15,260,1,1,0,0,0,0,1.092,,,,0,,,1.10577,5,12,-0.0124511,False,False,False
solubility,11706,wang2019_10.1021_acs.jced.9b00013_t6,WANG(2019),co2,solubility_molality,323.15,300,1,1,0,0,0,0,1.138,1.1445,1.1445,0.0205061,2,0.0253386,-0.00567934,1.13572,3,10,0.00200844,False,False,False
solubility,11712,wang2019_10.1021_acs.jced.9b00013_t6,WANG(2019),co2,solubility_molality,333.15,80,1,1,0,0,0,0,0.738,,,,0,,,0.736384,4,6,0.00219442,False,False,False
solubility,11714,wang2019_10.1021_acs.jced.9b00013_t6,WANG(2019),co2,solubility_molality,333.15,100,1,1,0,0,0,0,0.835,0.854,0.854,,1,0,-0.0222482,,0,0,,False,False,False
solubility,11715,wang2019_10.1021_acs.jced.9b00013_t6,WANG(2019),co2,solubility_molality,333.15,110,1,1,0,0,0,0,0.876,,,,0,,,0.868091,5,8,0.00911087,False,False,False
solubility,11716,wang2019_10.1021_acs.jced.9b00013_t6,WANG(2019),co2,solubility_molality,333.15,120,1,1,0,0,0,0,0.904,,,,0,,,0.881158,5,8,0.0259228,False,False,False
solubility,11717,wang2019_10.1021_acs.jced.9b00013_t6,WANG(2019),co2,solubility_molality,333.15,130,1,1,0,0,0,0,0.916,,,,0,,,0.893352,5,8,0.0253518,False,False,False
solubility,11718,wang2019_10.1021_acs.jced.9b00013_t6,WANG(2019),co2,solubility_molality,333.15,150,1,1,0,0,0,0,0.944,,,,0,,,0.945571,5,8,-0.00166161,False,False,False
solubility,11719,wang2019_10.1021_acs.jced.9b00013_t6,WANG(2019),co2,solubility_molality,333.15,170,1,1,0,0,0,0,0.97,,,,0,,,0.972662,5,8,-0.00273693,False,False,False
solubility,11720,wang2019_10.1021_acs.jced.9b00013_t6,WANG(2019),co2,solubility_molality,333.15,200,1,1,0,0,0,0,0.998,1.009,1.009,,1,0,-0.0109019,1.009,5,8,-0.0109019,False,False,False
solubility,11721,wang2019_10.1021_acs.jced.9b00013_t6,WANG(2019),co2,solubility_molality,333.15,230,1,1,0,0,0,0,1.027,,,,0,,,1.03915,4,9,-0.0116886,False,False,False
solubility,11722,wang2019_10.1021_acs.jced.9b00013_t6,WANG(2019),co2,solubility_molality,333.15,260,1,1,0,0,0,0,1.05,,,,0,,,1.07383,4,9,-0.0221915,False,False,False
solubility,11723,wang2019_10.1021_acs.jced.9b00013_t6,WANG(2019),co2,solubility_molality,333.15,300,1,1,0,0,0,0,1.096,1.107,1.107,,1,0,-0.00993677,1.10663,3,8,-0.00960786,False,False,False
solubility,11738,wang2019_10.1021_acs.jced.9b00013_t6,WANG(2019),co2,solubility_molality,343.15,230,1,1,0,0,0,0,1.001,,,,0,,,1.02089,2,6,-0.0194805,False,False,False
solubility,11739,wang2019_10.1021_acs.jced.9b00013_t6,WANG(2019),co2,solubility_molality,343.15,260,1,1,0,0,0,0,1.029,,,,0,,,1.04868,2,6,-0.0187658,False,False,False
solubility,11740,wang2019_10.1021_acs.jced.9b00013_t6,WANG(2019),co2,solubility_molality,343.15,300,1,1,0,0,0,0,1.069,,,,0,,,1.09348,2,6,-0.0223852,False,False,False
solubility,11748,wang2019_10.1021_acs.jced.9b00013_t6,WANG(2019),co2,solubility_molality,353.15,100,1,1,0,0,0,0,0.71,0.74,0.74,,1,0,-0.0405405,,0,0,,False,False,False
solubility,11754,wang2019_10.1021_acs.jced.9b00013_t6,WANG(2019),co2,solubility_molality,353.15,200,1,1,0,0,0,0,0.933,0.948,0.948,,1,0,-0.0158228,,0,0,,False,False,False
solubility,11757,wang2019_10.1021_acs.jced.9b00013_t6,WANG(2019),co2,solubility_molality,353.15,300,1,1,0,0,0,0,1.044,1.084,1.084,,1,0,-0.0369004,,0,0,,False,False,False
solubility,11794,wang2019_10.1021_acs.jced.9b00013_t7,WANG(2019),co2,solubility_molality,323.15,50,2,2,0,0,0,0,0.514,,,,0,,,0.504083,3,6,0.0196743,False,False,False
solubility,11795,wang2019_10.1021_acs.jced.9b00013_t7,WANG(2019),co2,solubility_molality,323.15,60,2,2,0,0,0,0,0.585,,,,0,,,0.569372,3,6,0.0274486,False,False,False
solubility,11796,wang2019_10.1021_acs.jced.9b00013_t7,WANG(2019),co2,solubility_molality,323.15,70,2,2,0,0,0,0,0.641,,,,0,,,0.625887,3,8,0.0241469,False,False,False
solubility,11797,wang2019_10.1021_acs.jced.9b00013_t7,WANG(2019),co2,solubility_molality,323.15,80,2,2,0,0,0,0,0.694,,,,0,,,0.657875,3,8,0.0549112,False,False,False
solubility,11798,wang2019_10.1021_acs.jced.9b00013_t7,WANG(2019),co2,solubility_molality,323.15,90,2,2,0,0,0,0,0.743,,,,0,,,0.670751,4,9,0.107714,False,False,False
solubility,11799,wang2019_10.1021_acs.jced.9b00013_t7,WANG(2019),co2,solubility_molality,323.15,100,2,2,0,0,0,0,0.772,,,,0,,,0.701711,4,9,0.100168,False,False,False
solubility,11800,wang2019_10.1021_acs.jced.9b00013_t7,WANG(2019),co2,solubility_molality,323.15,110,2,2,0,0,0,0,0.786,,,,0,,,0.812791,5,11,-0.0329617,False,False,False
solubility,11801,wang2019_10.1021_acs.jced.9b00013_t7,WANG(2019),co2,solubility_molality,323.15,120,2,2,0,0,0,0,0.797,,,,0,,,0.830527,5,10,-0.0403688,False,False,False
solubility,11802,wang2019_10.1021_acs.jced.9b00013_t7,WANG(2019),co2,solubility_molality,323.15,130,2,2,0,0,0,0,0.808,,,,0,,,0.841241,4,9,-0.0395138,False,False,False
solubility,11803,wang2019_10.1021_acs.jced.9b00013_t7,WANG(2019),co2,solubility_molality,323.15,150,2,2,0,0,0,0,0.826,0.859,0.859,,1,0,-0.0384168,0.858989,4,8,-0.0384049,False,False,False
solubility,11804,wang2019_10.1021_acs.jced.9b00013_t7,WANG(2019),co2,solubility_molality,323.15,170,2,2,0,0,0,0,0.843,,,,0,,,0.878464,4,7,-0.0403709,False,False,False
solubility,11867,wang2019_10.1021_acs.jced.9b00013_t8,WANG(2019),co2,solubility_molality,303.15,100,3,3,0,0,0,0,0.757,,,,0,,,0.761489,1,3,-0.00589504,False,False,False
solubility,11873,wang2019_10.1021_acs.jced.9b00013_t8,WANG(2019),co2,solubility_molality,303.15,200,3,3,0,0,0,0,0.831,,,,0,,,0.822746,1,3,0.0100324,False,False,False
solubility,11874,wang2019_10.1021_acs.jced.9b00013_t8,WANG(2019),co2,solubility_molality,303.15,230,3,3,0,0,0,0,0.848,,,,0,,,0.851087,1,6,-0.00362753,False,False,False
solubility,11875,wang2019_10.1021_acs.jced.9b00013_t8,WANG(2019),co2,solubility_molality,303.15,260,3,3,0,0,0,0,0.867,,,,0,,,0.877889,1,6,-0.0124036,False,False,False
solubility,11876,wang2019_10.1021_acs.jced.9b00013_t8,WANG(2019),co2,solubility_molality,303.15,300,3,3,0,0,0,0,0.891,,,,0,,,0.917838,1,6,-0.0292407,False,False,False
solubility,11882,wang2019_10.1021_acs.jced.9b00013_t8,WANG(2019),co2,solubility_molality,313.15,80,3,3,0,0,0,0,0.673,,,,0,,,0.627819,5,8,0.0719648,False,False,False
solubility,11883,wang2019_10.1021_acs.jced.9b00013_t8,WANG(2019),co2,solubility_molality,313.15,90,3,3,0,0,0,0,0.69,,,,0,,,0.674913,5,8,0.0223535,False,False,False
solubility,11884,wang2019_10.1021_acs.jced.9b00013_t8,WANG(2019),co2,solubility_molality,313.15,100,3,3,0,0,0,0,0.703,0.702,0.702,,1,0,0.0014245,0.702,6,8,0.00142423,False,False,False
solubility,11885,wang2019_10.1021_acs.jced.9b00013_t8,WANG(2019),co2,solubility_molality,313.15,110,3,3,0,0,0,0,0.713,,,,0,,,0.724727,7,12,-0.0161819,False,False,False
solubility,11886,wang2019_10.1021_acs.jced.9b00013_t8,WANG(2019),co2,solubility_molality,313.15,120,3,3,0,0,0,0,0.723,,,,0,,,0.728641,7,11,-0.00774202,False,False,False
solubility,11887,wang2019_10.1021_acs.jced.9b00013_t8,WANG(2019),co2,solubility_molality,313.15,130,3,3,0,0,0,0,0.731,,,,0,,,0.742423,6,10,-0.0153855,False,False,False
solubility,11888,wang2019_10.1021_acs.jced.9b00013_t8,WANG(2019),co2,solubility_molality,313.15,150,3,3,0,0,0,0,0.745,,,,0,,,0.703524,6,10,0.0589548,False,False,False
solubility,11889,wang2019_10.1021_acs.jced.9b00013_t8,WANG(2019),co2,solubility_molality,313.15,170,3,3,0,0,0,0,0.76,,,,0,,,0.727917,6,9,0.0440756,False,False,False
solubility,11890,wang2019_10.1021_acs.jced.9b00013_t8,WANG(2019),co2,solubility_molality,313.15,200,3,3,0,0,0,0,0.779,0.768,0.768,,1,0,0.0143229,0.768,5,8,0.0143229,False,False,False
solubility,11893,wang2019_10.1021_acs.jced.9b00013_t8,WANG(2019),co2,solubility_molality,313.15,300,3,3,0,0,0,0,0.842,0.843,0.843,,1,0,-0.00118624,,0,0,,False,False,False
solubility,11896,wang2019_10.1021_acs.jced.9b00013_t8,WANG(2019),co2,solubility_molality,323.15,50,3,3,0,0,0,0,0.454,0.458288,0.458288,0.00889257,2,0.0274412,-0.00935655,0.458634,4,6,-0.0101029,False,False,False
solubility,11897,wang2019_10.1021_acs.jced.9b00013_t8,WANG(2019),co2,solubility_molality,323.15,60,3,3,0,0,0,0,0.507,,,,0,,,0.637459,4,6,-0.204655,False,True,True
solubility,11898,wang2019_10.1021_acs.jced.9b00013_t8,WANG(2019),co2,solubility_molality,323.15,70,3,3,0,0,0,0,0.556,,,,0,,,0.571755,4,8,-0.0275548,False,False,False
solubility,11899,wang2019_10.1021_acs.jced.9b00013_t8,WANG(2019),co2,solubility_molality,323.15,80,3,3,0,0,0,0,0.596,,,,0,,,0.563645,5,9,0.0574032,False,False,False
solubility,11900,wang2019_10.1021_acs.jced.9b00013_t8,WANG(2019),co2,solubility_molality,323.15,90,3,3,0,0,0,0,0.631,,,,0,,,0.639208,5,9,-0.0128406,False,False,False
solubility,11901,wang2019_10.1021_acs.jced.9b00013_t8,WANG(2019),co2,solubility_molality,323.15,100,3,3,0,0,0,0,0.66,0.658047,0.658047,0.0253899,2,0.0545657,0.00296847,0.655936,6,9,0.00619498,False,False,False
solubility,11902,wang2019_10.1021_acs.jced.9b00013_t8,WANG(2019),co2,solubility_molality,323.15,110,3,3,0,0,0,0,0.671,,,,0,,,0.654119,7,13,0.0258073,False,False,False
solubility,11903,wang2019_10.1021_acs.jced.9b00013_t8,WANG(2019),co2,solubility_molality,323.15,120,3,3,0,0,0,0,0.683,,,,0,,,0.665641,7,12,0.0260779,False,False,False
solubility,11904,wang2019_10.1021_acs.jced.9b00013_t8,WANG(2019),co2,solubility_molality,323.15,130,3,3,0,0,0,0,0.692,0.628736,0.628736,,1,0,0.10062,0.672222,6,11,0.0294211,False,False,False
solubility,11905,wang2019_10.1021_acs.jced.9b00013_t8,WANG(2019),co2,solubility_molality,323.15,150,3,3,0,0,0,0,0.71,0.7235,0.7235,0.0148492,2,0.0290256,-0.0186593,0.706157,6,11,0.00544232,False,False,False
solubility,11906,wang2019_10.1021_acs.jced.9b00013_t8,WANG(2019),co2,solubility_molality,323.15,170,3,3,0,0,0,0,0.723,,,,0,,,0.74342,6,10,-0.0274672,False,False,False
solubility,11907,wang2019_10.1021_acs.jced.9b00013_t8,WANG(2019),co2,solubility_molality,323.15,200,3,3,0,0,0,0,0.744,0.775014,0.775014,0.00563659,2,0.0102854,-0.0400177,0.778292,5,9,-0.044061,False,False,False
solubility,11908,wang2019_10.1021_acs.jced.9b00013_t8,WANG(2019),co2,solubility_molality,323.15,230,3,3,0,0,0,0,0.766,,,,0,,,0.701893,4,7,0.0913346,False,False,False
solubility,11909,wang2019_10.1021_acs.jced.9b00013_t8,WANG(2019),co2,solubility_molality,323.15,260,3,3,0,0,0,0,0.782,,,,0,,,0.64304,4,7,0.216099,False,True,True
solubility,11916,wang2019_10.1021_acs.jced.9b00013_t8,WANG(2019),co2,solubility_molality,333.15,80,3,3,0,0,0,0,0.534,,,,0,,,0.52677,4,6,0.0137249,False,False,False
solubility,11917,wang2019_10.1021_acs.jced.9b00013_t8,WANG(2019),co2,solubility_molality,333.15,90,3,3,0,0,0,0,0.572,,,,0,,,0.562768,4,6,0.0164052,False,False,False
solubility,11918,wang2019_10.1021_acs.jced.9b00013_t8,WANG(2019),co2,solubility_molality,333.15,100,3,3,0,0,0,0,0.601,0.597,0.597,,1,0,0.00670017,0.597,5,7,0.00670017,False,False,False
solubility,11919,wang2019_10.1021_acs.jced.9b00013_t8,WANG(2019),co2,solubility_molality,333.15,110,3,3,0,0,0,0,0.627,,,,0,,,0.617739,6,9,0.0149923,False,False,False
solubility,11920,wang2019_10.1021_acs.jced.9b00013_t8,WANG(2019),co2,solubility_molality,333.15,120,3,3,0,0,0,0,0.652,,,,0,,,0.6373,6,9,0.0230662,False,False,False
solubility,11921,wang2019_10.1021_acs.jced.9b00013_t8,WANG(2019),co2,solubility_molality,333.15,130,3,3,0,0,0,0,0.663,,,,0,,,0.656122,6,9,0.0104829,False,False,False
solubility,11922,wang2019_10.1021_acs.jced.9b00013_t8,WANG(2019),co2,solubility_molality,333.15,150,3,3,0,0,0,0,0.685,,,,0,,,0.660932,5,8,0.0364149,False,False,False
solubility,11923,wang2019_10.1021_acs.jced.9b00013_t8,WANG(2019),co2,solubility_molality,333.15,170,3,3,0,0,0,0,0.698,,,,0,,,0.677185,5,7,0.0307375,False,False,False
solubility,11924,wang2019_10.1021_acs.jced.9b00013_t8,WANG(2019),co2,solubility_molality,333.15,200,3,3,0,0,0,0,0.717,0.723,0.723,,1,0,-0.00829876,0.723,4,6,-0.00829876,False,False,False
solubility,11927,wang2019_10.1021_acs.jced.9b00013_t8,WANG(2019),co2,solubility_molality,333.15,300,3,3,0,0,0,0,0.782,0.805,0.805,,1,0,-0.0285714,,0,0,,False,False,False
solubility,11928,wang2019_10.1021_acs.jced.9b00013_t8,WANG(2019),co2,solubility_molality,343.15,30,3,3,0,0,0,0,0.244,0.245877,0.245877,,1,0,-0.00763194,,0,0,,False,False,False
solubility,11933,wang2019_10.1021_acs.jced.9b00013_t8,WANG(2019),co2,solubility_molality,343.15,80,3,3,0,0,0,0,0.487,,,,0,,,0.519976,3,7,-0.0634181,False,False,False
solubility,11934,wang2019_10.1021_acs.jced.9b00013_t8,WANG(2019),co2,solubility_molality,343.15,90,3,3,0,0,0,0,0.524,,,,0,,,0.555513,3,7,-0.0567281,False,False,False
solubility,11935,wang2019_10.1021_acs.jced.9b00013_t8,WANG(2019),co2,solubility_molality,343.15,100,3,3,0,0,0,0,0.556,0.592992,0.592992,,1,0,-0.0623821,0.589585,3,6,-0.0569634,False,False,False
solubility,11942,wang2019_10.1021_acs.jced.9b00013_t8,WANG(2019),co2,solubility_molality,343.15,230,3,3,0,0,0,0,0.724,,,,0,,,0.736775,1,4,-0.0173395,False,False,False
solubility,11943,wang2019_10.1021_acs.jced.9b00013_t8,WANG(2019),co2,solubility_molality,343.15,260,3,3,0,0,0,0,0.744,,,,0,,,0.762165,1,4,-0.0238339,False,False,False
solubility,11944,wang2019_10.1021_acs.jced.9b00013_t8,WANG(2019),co2,solubility_molality,343.15,300,3,3,0,0,0,0,0.767,,,,0,,,0.792909,1,4,-0.0326761,False,False,False
solubility,11952,wang2019_10.1021_acs.jced.9b00013_t8,WANG(2019),co2,solubility_molality,353.15,100,3,3,0,0,0,0,0.522,0.517,0.517,,1,0,0.00967118,,0,0,,False,False,False
solubility,11958,wang2019_10.1021_acs.jced.9b00013_t8,WANG(2019),co2,solubility_molality,353.15,200,3,3,0,0,0,0,0.68,0.695,0.695,,1,0,-0.0215827,,0,0,,False,False,False
solubility,11961,wang2019_10.1021_acs.jced.9b00013_t8,WANG(2019),co2,solubility_molality,353.15,300,3,3,0,0,0,0,0.755,0.781,0.781,,1,0,-0.0332907,,0,0,,False,False,False
solubility,11965,chapoy2004b_10.1021_ie034232t_t4,CHAPOY(2004b),co2,solubility_molality,274.83,12.01,0,0,0,0,0,0,0.799574,,,,0,,,0.804065,3,7,-0.00558517,False,False,False
solubility,11967,chapoy2004b_10.1021_ie034232t_t4,CHAPOY(2004b),co2,solubility_molality,276.74,13.27,0,0,0,0,0,0,0.799574,,,,0,,,0.829842,3,8,-0.0364748,False,False,False
solubility,11971,chapoy2004b_10.1021_ie034232t_t4,CHAPOY(2004b),co2,solubility_molality,278.74,14.26,0,0,0,0,0,0,0.799574,,,,0,,,0.837359,4,14,-0.0451241,False,False,False
solubility,11973,chapoy2004b_10.1021_ie034232t_t4,CHAPOY(2004b),co2,solubility_molality,283.38,17.32,0,0,0,0,0,0,0.799574,0.845306,0.845306,,1,0,-0.0541016,0.843206,4,16,-0.0517462,False,False,False
solubility,11977,chapoy2004b_10.1021_ie034232t_t4,CHAPOY(2004b),co2,solubility_molality,284.73,39.38,0,0,0,0,0,0,1.41629,,,,0,,,1.33112,6,15,0.0639784,False,False,False
solubility,11981,chapoy2004b_10.1021_ie034232t_t4,CHAPOY(2004b),co2,solubility_molality,289.2,20.62,0,0,0,0,0,0,0.799574,,,,0,,,0.798998,8,18,0.000720524,False,False,False
solubility,11983,chapoy2004b_10.1021_ie034232t_t4,CHAPOY(2004b),co2,solubility_molality,289.62,48.44,0,0,0,0,0,0,1.41629,,,,0,,,1.39921,9,19,0.0122083,False,False,False
solubility,11985,chapoy2004b_10.1021_ie034232t_t4,CHAPOY(2004b),co2,solubility_molality,292.35,51.72,0,0,0,0,0,0,1.41629,1.30675,1.30675,,1,0,0.0838247,1.37616,9,18,0.0291562,False,False,False
solubility,11987,chapoy2004b_10.1021_ie034232t_t4,CHAPOY(2004b),co2,solubility_molality,293.01,23.49,0,0,0,0,0,0,0.799574,,,,0,,,0.793885,9,20,0.00716558,False,False,False
solubility,11989,chapoy2004b_10.1021_ie034232t_t4,CHAPOY(2004b),co2,solubility_molality,293.34,3.85,0,0,0,0,0,0,0.145814,,,,0,,,0.179743,2,4,-0.188765,False,True,True
solubility,11991,chapoy2004b_10.1021_ie034232t_t4,CHAPOY(2004b),co2,solubility_molality,298.4,27.8,0,0,0,0,0,0,0.799574,,,,0,,,0.797079,9,26,0.00312968,False,False,False
solubility,11993,chapoy2004b_10.1021_ie034232t_t4,CHAPOY(2004b),co2,solubility_molality,299.06,10.08,0,0,0,0,0,0,0.329443,0.342927,0.342927,,1,0,-0.0393199,0.323653,4,7,0.0178914,False,False,False
solubility,11999,chapoy2004b_10.1021_ie034232t_t4,CHAPOY(2004b),co2,solubility_molality,310.86,73.09,0,0,0,0,0,0,1.14265,,,,0,,,1.18033,8,44,-0.031919,False,False,False
solubility,12001,chapoy2004b_10.1021_ie034232t_t4,CHAPOY(2004b),co2,solubility_molality,311.62,6.3,0,0,0,0,0,0,0.145814,,,,0,,,0.159696,2,5,-0.0869278,False,False,False
solubility,12003,chapoy2004b_10.1021_ie034232t_t4,CHAPOY(2004b),co2,solubility_molality,313.36,41.19,0,0,0,0,0,0,0.799574,,,,0,,,0.784327,13,50,0.0194396,False,False,False
solubility,12005,chapoy2004b_10.1021_ie034232t_t4,CHAPOY(2004b),co2,solubility_molality,321.64,7.79,0,0,0,0,0,0,0.145814,,,,0,,,0.151597,6,9,-0.0381488,False,False,False
solubility,12007,chapoy2004b_10.1021_ie034232t_t4,CHAPOY(2004b),co2,solubility_molality,321.97,52.16,0,0,0,0,0,0,0.799574,0.845306,0.845306,,1,0,-0.0541016,0.81289,13,43,-0.0163813,False,False,False
solubility,12009,chapoy2004b_10.1021_ie034232t_t4,CHAPOY(2004b),co2,solubility_molality,322.14,93.33,0,0,0,0,0,0,1.14265,,,,0,,,1.12728,15,58,0.0136376,False,False,False
solubility,12011,chapoy2004b_10.1021_ie034232t_t4,CHAPOY(2004b),co2,solubility_molality,330.6,9.13,0,0,0,0,0,0,0.145814,,,,0,,,0.144393,5,7,0.00984274,False,False,False
solubility,12013,chapoy2004b_10.1021_ie034232t_t4,CHAPOY(2004b),co2,solubility_molality,341.24,10.86,0,0,0,0,0,0,0.145814,,,,0,,,0.148722,3,4,-0.0195519,False,False,False
solubility,12015,chapoy2004b_10.1021_ie034232t_t4,CHAPOY(2004b),co2,solubility_molality,351.31,12.43,0,0,0,0,0,0,0.145814,,,,0,,,0.143763,3,4,0.0142672,False,False,False
solubility,12064,wiebe1932_10.1021_ie50272a023_t1,WIEBE(1932),n2,solubility_molality,298.15,101.325,0,0,0,0,0,0,0.0564379,,,,0,,,0.0562594,1,4,0.00317299,False,False,False
solubility,12135,kobayashi1953_10.1021_ie50518a051_t3,KOBAYASHI(1953),c3h8,solubility_molality,329.261,12.9621,0,0,0,0,0,0,0.00832196,,,,0,,,0.00833788,2,8,-0.00190939,False,False,False
solubility,12149,kobayashi1953_10.1021_ie50518a051_t3,KOBAYASHI(1953),c3h8,solubility_molality,360.928,15.4443,0,0,0,0,0,0,0.0073836,,,,0,,,0.00743623,1,4,-0.0070769,False,False,False
solubility,12151,kobayashi1953_10.1021_ie50518a051_t3,KOBAYASHI(1953),c3h8,solubility_molality,360.928,24.7522,0,0,0,0,0,0,0.0108818,,,,0,,,0.0108645,1,7,0.00159531,False,False,False
solubility,12462,rettich1981_10.1021_j150622a006_t2,RETTICH(1981),ch4,solubility_molality,298.16,0.9596,0,0,0,0,0,0,0.00129722,0.00144326,0.00144326,,1,0,-0.101186,,0,0,,False,False,False
solubility,12464,rettich1981_10.1021_j150622a006_t2,RETTICH(1981),ch4,solubility_molality,303.15,0.983,0,0,0,0,0,0,0.00120982,,,,0,,,0.00126929,6,30,-0.0468493,False,False,False
solubility,12466,rettich1981_10.1021_j150622a006_t2,RETTICH(1981),ch4,solubility_molality,308.15,1.0446,0,0,0,0,0,0,0.0011802,,,,0,,,0.00118456,6,25,-0.00368319,False,False,False
solubility,12468,rettich1981_10.1021_j150622a006_t2,RETTICH(1981),ch4,solubility_molality,313.16,1.0481,0,0,0,0,0,0,0.00108922,,,,0,,,0.00110335,4,16,-0.0128046,False,False,False
solubility,12472,rettich1981_10.1021_j150622a006_t2,RETTICH(1981),ch4,solubility_molality,318.16,1.1048,0,0,0,0,0,0,0.00106945,0.00105102,0.00105102,,1,0,0.0175368,0.00105025,4,12,0.0182801,False,False,False
solubility,12506,rettich1981_10.1021_j150622a006_t3,RETTICH(1981),c2h6,solubility_molality,313.14,1.0754,0,0,0,0,0,0,0.00133146,0.00138026,0.00138026,,1,0,-0.0353572,0.00136022,3,7,-0.0211421,False,False,False
solubility,12508,rettich1981_10.1021_j150622a006_t3,RETTICH(1981),c2h6,solubility_molality,318.16,1.0816,0,0,0,0,0,0,0.00120416,,,,0,,,0.00127736,2,4,-0.0573047,False,False,False
solubility,12523,claussen1952_10.1021_ja01139a026_t1,CLAUSSEN(1952),ch4,solubility_molality,274.75,1.0201,0,0,0,0,0,0,0.00244061,0.0024996,0.0024996,,1,0,-0.023599,0.00244152,3,25,-0.000372092,False,False,False
solubility,12525,claussen1952_10.1021_ja01139a026_t1,CLAUSSEN(1952),ch4,solubility_molality,275.15,1.0203,0,0,0,0,0,0,0.00240042,,,,0,,,0.00241357,4,26,-0.00544605,False,False,False
solubility,12527,claussen1952_10.1021_ja01139a026_t1,CLAUSSEN(1952),ch4,solubility_molality,283.65,1.0259,0,0,0,0,0,0,0.00191018,0.00190535,0.00190535,2.71434e-05,2,0.0201467,0.00253196,0.00191003,5,39,7.78465e-05,False,False,False
solubility,12529,claussen1952_10.1021_ja01139a026_t1,CLAUSSEN(1952),ch4,solubility_molality,292.95,1.0364,0,0,0,0,0,0,0.00156873,0.00153007,0.00153007,,1,0,0.0252699,0.0015493,6,43,0.0125452,False,False,False
solubility,12531,claussen1952_10.1021_ja01139a026_t1,CLAUSSEN(1952),ch4,solubility_molality,303.55,1.0567,0,0,0,0,0,0,0.00129516,0.00129776,0.00129776,1.04155e-05,2,0.01135,-0.00200541,0.00128847,6,31,0.00519751,False,False,False
solubility,12533,claussen1952_10.1021_ja01139a026_t1,CLAUSSEN(1952),ch4,solubility_molality,312.75,1.0855,0,0,0,0,0,0,0.00114643,0.00111506,0.00111506,,1,0,0.0281282,0.00112108,4,19,0.0226063,False,False,False
solubility,12537,claussen1952_10.1021_ja01139a026_t1,CLAUSSEN(1952),c2h6,solubility_molality,283.65,1.0259,0,0,0,0,0,0,0.00292328,0.00290102,0.00290102,,1,0,0.00767303,,0,0,,False,False,False
solubility,12539,claussen1952_10.1021_ja01139a026_t1,CLAUSSEN(1952),c2h6,solubility_molality,290.65,1.0333,0,0,0,0,0,0,0.00235429,0.00205809,0.00205809,,1,0,0.143921,,0,0,,False,False,False
solubility,12545,claussen1952_10.1021_ja01139a026_t1,CLAUSSEN(1952),c2h6,solubility_molality,312.85,1.0859,0,0,0,0,0,0,0.00138026,0.00133146,0.00133146,,1,0,0.0366531,0.00135678,3,13,0.0173077,False,False,False
solubility,12595,markham1941_10.1021_ja01847a027_t1,MARKHAM(1941),co2,solubility_molality,313.15,1.0871,0,0,0,0,0,0,0.0230793,,,,0,,,0.0253133,2,8,-0.0882521,False,False,False
solubility,12603,wiebe1940_10.1021_ja01861a033_t1,WIEBE(1940),co2,solubility_molality,285.15,50.6625,0,0,0,0,0,0,1.58562,,,,0,,,1.44145,6,12,0.100015,False,False,False
solubility,12605,wiebe1940_10.1021_ja01861a033_t1,WIEBE(1940),co2,solubility_molality,285.15,75.9938,0,0,0,0,0,0,1.62086,,,,0,,,1.60317,2,8,0.0110368,False,False,False
solubility,12607,wiebe1940_10.1021_ja01861a033_t1,WIEBE(1940),co2,solubility_molality,285.15,101.325,0,0,0,0,0,0,1.64049,,,,0,,,1.63014,2,8,0.00634929,False,False,False
solubility,12609,wiebe1940_10.1021_ja01861a033_t1,WIEBE(1940),co2,solubility_molality,285.15,151.988,0,0,0,0,0,0,1.71277,,,,0,,,1.71361,2,11,-0.000492224,False,False,False
solubility,12611,wiebe1940_10.1021_ja01861a033_t1,WIEBE(1940),co2,solubility_molality,285.15,202.65,0,0,0,0,0,0,1.77434,,,,0,,,1.78353,2,11,-0.00515172,False,False,False
solubility,12613,wiebe1940_10.1021_ja01861a033_t1,WIEBE(1940),co2,solubility_molality,285.15,303.975,0,0,0,0,0,0,1.83234,,,,0,,,1.86763,2,9,-0.0188996,False,False,False
solubility,12615,wiebe1940_10.1021_ja01861a033_t1,WIEBE(1940),co2,solubility_molality,291.15,25.3313,0,0,0,0,0,0,0.870438,,,,0,,,0.904638,9,24,-0.0378053,False,False,False
solubility,12617,wiebe1940_10.1021_ja01861a033_t1,WIEBE(1940),co2,solubility_molality,291.15,50.6625,0,0,0,0,0,0,1.42902,,,,0,,,1.39305,9,18,0.0258191,False,False,False
solubility,12619,wiebe1940_10.1021_ja01861a033_t1,WIEBE(1940),co2,solubility_molality,291.15,75.9938,0,0,0,0,0,0,1.51022,,,,0,,,1.50234,5,14,0.00524415,False,False,False
solubility,12621,wiebe1940_10.1021_ja01861a033_t1,WIEBE(1940),co2,solubility_molality,291.15,101.325,0,0,0,0,0,0,1.51602,,,,0,,,1.53741,4,13,-0.0139168,False,False,False
solubility,12623,wiebe1940_10.1021_ja01861a033_t1,WIEBE(1940),co2,solubility_molality,291.15,151.988,0,0,0,0,0,0,1.59499,,,,0,,,1.61461,4,17,-0.0121569,False,False,False
solubility,12625,wiebe1940_10.1021_ja01861a033_t1,WIEBE(1940),co2,solubility_molality,291.15,202.65,0,0,0,0,0,0,1.65834,,,,0,,,1.67159,4,16,-0.00792482,False,False,False
solubility,12627,wiebe1940_10.1021_ja01861a033_t1,WIEBE(1940),co2,solubility_molality,291.15,303.975,0,0,0,0,0,0,1.75381,,,,0,,,1.7562,3,10,-0.00135724,False,False,False
solubility,12629,wiebe1940_10.1021_ja01861a033_t1,WIEBE(1940),co2,solubility_molality,298.15,50.6625,0,0,0,0,0,0,1.21487,,,,0,,,1.21155,10,28,0.00273748,False,False,False
solubility,12631,wiebe1940_10.1021_ja01861a033_t1,WIEBE(1940),co2,solubility_molality,298.15,75.9938,0,0,0,0,0,0,1.39065,1.3912,1.3912,,1,0,-0.000393386,1.38977,7,29,0.000633319,False,False,False
solubility,12633,wiebe1940_10.1021_ja01861a033_t1,WIEBE(1940),co2,solubility_molality,298.15,101.325,0,0,0,0,0,0,1.41653,1.432,1.45348,0.0397112,3,0.0490018,-0.0108063,1.44176,7,30,-0.017503,False,False,False
solubility,12635,wiebe1940_10.1021_ja01861a033_t1,WIEBE(1940),co2,solubility_molality,298.15,405.3,0,0,0,0,0,0,1.72303,1.734,1.734,,1,0,-0.00632627,1.76004,4,11,-0.0210251,False,False,False
solubility,12637,wiebe1940_10.1021_ja01861a033_t1,WIEBE(1940),co2,solubility_molality,304.19,25.3313,0,0,0,0,0,0,0.63264,0.617384,0.617384,,1,0,0.0247112,0.630794,9,29,0.00292685,False,False,False
solubility,12639,wiebe1940_10.1021_ja01861a033_t1,WIEBE(1940),co2,solubility_molality,304.19,50.6625,0,0,0,0,0,0,1.07745,1.01747,1.01747,,1,0,0.0589556,1.0916,10,39,-0.0129604,False,False,False
solubility,12641,wiebe1940_10.1021_ja01861a033_t1,WIEBE(1940),co2,solubility_molality,304.19,75.9938,0,0,0,0,0,0,1.30856,,,,0,,,1.29738,10,44,0.00861535,False,False,False
solubility,12643,wiebe1940_10.1021_ja01861a033_t1,WIEBE(1940),co2,solubility_molality,304.19,101.325,0,0,0,0,0,0,1.34603,1.39995,1.39995,,1,0,-0.0385104,1.35701,9,42,-0.00808904,False,False,False
solubility,12645,wiebe1940_10.1021_ja01861a033_t1,WIEBE(1940),co2,solubility_molality,304.19,151.988,0,0,0,0,0,0,1.40939,,,,0,,,1.42445,8,39,-0.0105715,False,False,False
solubility,12647,wiebe1940_10.1021_ja01861a033_t1,WIEBE(1940),co2,solubility_molality,304.19,202.65,0,0,0,0,0,0,1.46248,1.52273,1.52273,,1,0,-0.0395692,1.48229,8,31,-0.0133663,False,False,False
solubility,12649,wiebe1940_10.1021_ja01861a033_t1,WIEBE(1940),co2,solubility_molality,304.19,405.3,0,0,0,0,0,0,1.64094,,,,0,,,1.71904,4,10,-0.0454352,False,False,False
solubility,12651,wiebe1940_10.1021_ja01861a033_t1,WIEBE(1940),co2,solubility_molality,304.19,506.625,0,0,0,0,0,0,1.72526,,,,0,,,1.78758,1,5,-0.0348635,False,False,False
solubility,12653,wiebe1940_10.1021_ja01861a033_t1,WIEBE(1940),co2,solubility_molality,308.15,25.3313,0,0,0,0,0,0,0.577764,,,,0,,,0.577314,9,29,0.000780142,False,False,False
solubility,12655,wiebe1940_10.1021_ja01861a033_t1,WIEBE(1940),co2,solubility_molality,308.15,50.6625,0,0,0,0,0,0,0.990899,1.03877,1.03877,,1,0,-0.0460868,1.00847,11,40,-0.0174259,False,False,False
solubility,12657,wiebe1940_10.1021_ja01861a033_t1,WIEBE(1940),co2,solubility_molality,308.15,75.9938,0,0,0,0,0,0,1.24208,,,,0,,,1.23335,10,44,0.007075,False,False,False
solubility,12659,wiebe1940_10.1021_ja01861a033_t1,WIEBE(1940),co2,solubility_molality,308.15,101.325,0,0,0,0,0,0,1.29963,,,,0,,,1.30822,9,42,-0.00656429,False,False,False
solubility,12661,wiebe1940_10.1021_ja01861a033_t1,WIEBE(1940),co2,solubility_molality,308.15,151.988,0,0,0,0,0,0,1.36165,,,,0,,,1.37569,8,39,-0.0102065,False,False,False
solubility,12663,wiebe1940_10.1021_ja01861a033_t1,WIEBE(1940),co2,solubility_molality,308.15,202.65,0,0,0,0,0,0,1.42009,,,,0,,,1.42981,8,31,-0.0067924,False,False,False
solubility,12665,wiebe1940_10.1021_ja01861a033_t1,WIEBE(1940),co2,solubility_molality,308.15,405.3,0,0,0,0,0,0,1.59409,,,,0,,,1.6773,4,10,-0.0496053,False,False,False
solubility,12667,wiebe1940_10.1021_ja01861a033_t1,WIEBE(1940),co2,solubility_molality,308.15,506.625,0,0,0,0,0,0,1.69492,,,,0,,,1.7411,1,5,-0.0265211,False,False,False
solubility,12669,wiebe1940_10.1021_ja01861a033_t1,WIEBE(1940),co2,solubility_molality,313.15,25.3313,0,0,0,0,0,0,0.518426,,,,0,,,0.519169,9,34,-0.00143111,False,False,False
solubility,12671,wiebe1940_10.1021_ja01861a033_t1,WIEBE(1940),co2,solubility_molality,313.15,50.6625,0,0,0,0,0,0,0.907915,0.889,0.889,,1,0,0.0212764,0.920399,11,53,-0.0135637,False,False,False
solubility,12673,wiebe1940_10.1021_ja01861a033_t1,WIEBE(1940),co2,solubility_molality,313.15,75.9938,0,0,0,0,0,0,1.15151,1.152,1.152,,1,0,-0.000423222,1.16289,14,67,-0.00978662,False,False,False
solubility,12675,wiebe1940_10.1021_ja01861a033_t1,WIEBE(1940),co2,solubility_molality,313.15,101.325,0,0,0,0,0,0,1.24074,1.2445,1.2445,0.0176777,2,0.0200884,-0.00301937,1.25327,13,66,-0.00999725,False,False,False
solubility,12677,wiebe1940_10.1021_ja01861a033_t1,WIEBE(1940),co2,solubility_molality,313.15,126.656,0,0,0,0,0,0,1.2809,1.295,1.295,,1,0,-0.0108912,1.29394,13,63,-0.0100847,False,False,False
solubility,12679,wiebe1940_10.1021_ja01861a033_t1,WIEBE(1940),co2,solubility_molality,313.15,151.988,0,0,0,0,0,0,1.31123,1.3235,1.3235,,1,0,-0.00926781,1.32477,13,58,-0.0102163,False,False,False
solubility,12681,wiebe1940_10.1021_ja01861a033_t1,WIEBE(1940),co2,solubility_molality,313.15,202.65,0,0,0,0,0,0,1.41608,1.3805,1.3805,0.0219203,2,0.0224556,0.0257727,1.373,13,47,0.0313747,False,False,False
solubility,12683,wiebe1940_10.1021_ja01861a033_t1,WIEBE(1940),co2,solubility_molality,313.15,405.3,0,0,0,0,0,0,1.55572,1.547,1.547,,1,0,0.00563937,1.56946,8,14,-0.00875297,False,False,False
solubility,12685,wiebe1940_10.1021_ja01861a033_t1,WIEBE(1940),co2,solubility_molality,313.15,506.625,0,0,0,0,0,0,1.63871,1.707,1.707,,1,0,-0.0400071,1.68882,6,11,-0.0296744,False,False,False
solubility,12687,wiebe1939_10.1021_ja01871a025_t1,WIEBE(1939),co2,solubility_molality,323.15,25.3313,0,0,0,0,0,0,0.433211,0.425095,0.425095,,1,0,0.0190935,0.420395,11,28,0.0304866,False,False,False
solubility,12689,wiebe1939_10.1021_ja01871a025_t1,WIEBE(1939),co2,solubility_molality,323.15,50.6625,0,0,0,0,0,0,0.76943,0.773,0.775491,0.00610126,3,0.0147666,-0.0046186,0.777533,15,54,-0.0104222,False,False,False
solubility,12691,wiebe1939_10.1021_ja01871a025_t1,WIEBE(1939),co2,solubility_molality,323.15,75.9938,0,0,0,0,0,0,1.00535,0.99385,0.99385,0.0072833,2,0.0103639,0.0115751,1.01371,19,94,-0.00824112,False,False,False
solubility,12693,wiebe1939_10.1021_ja01871a025_t1,WIEBE(1939),co2,solubility_molality,323.15,101.325,0,0,0,0,0,0,1.14339,1.16405,1.14589,0.0480549,7,0.114615,-0.0177487,1.14751,18,95,-0.00358724,False,False,False
solubility,12695,wiebe1939_10.1021_ja01871a025_t1,WIEBE(1939),co2,solubility_molality,323.15,126.656,0,0,0,0,0,0,1.19434,1.222,1.222,,1,0,-0.0226327,1.21226,16,95,-0.0147801,False,False,False
solubility,12697,wiebe1939_10.1021_ja01871a025_t1,WIEBE(1939),co2,solubility_molality,323.15,151.988,0,0,0,0,0,0,1.23329,1.2525,1.23545,0.0391358,3,0.0578736,-0.015336,1.24815,15,62,-0.0119042,False,False,False
solubility,12699,wiebe1939_10.1021_ja01871a025_t1,WIEBE(1939),co2,solubility_molality,323.15,202.65,0,0,0,0,0,0,1.30021,1.30387,1.28748,0.0548765,4,0.0966602,-0.00280738,1.2993,14,50,0.000701281,False,False,False
solubility,12701,wiebe1939_10.1021_ja01871a025_t1,WIEBE(1939),co2,solubility_molality,323.15,303.975,0,0,0,0,0,0,1.39823,1.40473,1.40473,0.0378084,2,0.0380636,-0.00462817,1.40918,8,28,-0.00776506,False,False,False
solubility,12703,wiebe1939_10.1021_ja01871a025_t1,WIEBE(1939),co2,solubility_molality,323.15,405.3,0,0,0,0,0,0,1.48523,1.47248,1.47248,0.102574,2,0.098515,0.00866278,1.49289,9,18,-0.00513107,False,False,False
solubility,12705,wiebe1939_10.1021_ja01871a025_t1,WIEBE(1939),co2,solubility_molality,323.15,607.95,0,0,0,0,0,0,1.63871,1.51102,1.51102,,1,0,0.0845077,,0,0,,False,False,False
solubility,12707,wiebe1939_10.1021_ja01871a025_t1,WIEBE(1939),co2,solubility_molality,323.15,709.275,0,0,0,0,0,0,1.71054,,,,0,,,1.65943,4,10,0.0307988,False,False,False
solubility,12709,wiebe1939_10.1021_ja01871a025_t1,WIEBE(1939),co2,solubility_molality,348.15,25.3313,0,0,0,0,0,0,0.304051,,,,0,,,0.310507,7,13,-0.0207902,False,False,False
solubility,12711,wiebe1939_10.1021_ja01871a025_t1,WIEBE(1939),co2,solubility_molality,348.15,50.6625,0,0,0,0,0,0,0.561703,0.577692,0.577692,0.024043,2,0.0588582,-0.0276786,0.57128,11,43,-0.0167653,False,False,False
solubility,12713,wiebe1939_10.1021_ja01871a025_t1,WIEBE(1939),co2,solubility_molality,348.15,75.9938,0,0,0,0,0,0,0.760418,,,,0,,,0.786451,12,57,-0.0331027,False,False,False
solubility,12715,wiebe1939_10.1021_ja01871a025_t1,WIEBE(1939),co2,solubility_molality,348.15,101.325,0,0,0,0,0,0,0.919515,0.889109,0.889109,0.0133709,2,0.0212677,0.034198,0.945559,12,56,-0.0275442,False,False,False
solubility,12717,wiebe1939_10.1021_ja01871a025_t1,WIEBE(1939),co2,solubility_molality,348.15,151.988,0,0,0,0,0,0,1.09664,1.07509,1.07509,0.0163142,2,0.0214603,0.0200418,1.10335,10,44,-0.00608197,False,False,False
solubility,12719,wiebe1939_10.1021_ja01871a025_t1,WIEBE(1939),co2,solubility_molality,348.15,202.65,0,0,0,0,0,0,1.18944,,,,0,,,1.18644,8,31,0.00252044,False,False,False
solubility,12721,wiebe1939_10.1021_ja01871a025_t1,WIEBE(1939),co2,solubility_molality,348.15,303.975,0,0,0,0,0,0,1.31659,,,,0,,,1.29851,3,14,0.0139199,False,False,False
solubility,12723,wiebe1939_10.1021_ja01871a025_t1,WIEBE(1939),co2,solubility_molality,348.15,405.3,0,0,0,0,0,0,1.42233,,,,0,,,1.41098,3,6,0.00804166,False,False,False
solubility,12727,wiebe1939_10.1021_ja01871a025_t1,WIEBE(1939),co2,solubility_molality,373.15,25.3313,0,0,0,0,0,0,0.239359,,,,0,,,0.242617,6,8,-0.0134273,False,False,False
solubility,12729,wiebe1939_10.1021_ja01871a025_t1,WIEBE(1939),co2,solubility_molality,373.15,50.6625,0,0,0,0,0,0,0.454136,0.48462,0.48462,,1,0,-0.0629039,0.489216,5,9,-0.0717066,False,False,False
solubility,12731,wiebe1939_10.1021_ja01871a025_t1,WIEBE(1939),co2,solubility_molality,373.15,75.9938,0,0,0,0,0,0,0.637503,,,,0,,,0.656836,7,9,-0.0294328,False,False,False
solubility,12733,wiebe1939_10.1021_ja01871a025_t1,WIEBE(1939),co2,solubility_molality,373.15,101.325,0,0,0,0,0,0,0.788347,0.749645,0.749645,0.0262065,2,0.0494389,0.0516266,0.759356,6,7,0.0381782,False,False,False
solubility,12735,wiebe1939_10.1021_ja01871a025_t1,WIEBE(1939),co2,solubility_molality,373.15,151.988,0,0,0,0,0,0,1.01388,,,,0,,,0.99293,7,9,0.0210945,False,False,False
solubility,12737,wiebe1939_10.1021_ja01871a025_t1,WIEBE(1939),co2,solubility_molality,373.15,202.65,0,0,0,0,0,0,1.14634,1.13283,1.12138,0.0473881,3,0.0818135,0.0119276,1.14142,7,10,0.00431102,False,False,False
solubility,12739,wiebe1939_10.1021_ja01871a025_t1,WIEBE(1939),co2,solubility_molality,373.15,303.975,0,0,0,0,0,0,1.31748,1.338,1.338,,1,0,-0.0153362,1.33629,5,8,-0.0140757,False,False,False
solubility,12741,wiebe1939_10.1021_ja01871a025_t1,WIEBE(1939),co2,solubility_molality,373.15,405.3,0,0,0,0,0,0,1.44508,1.3741,1.3741,0.070569,2,0.0726291,0.0516547,1.39299,5,9,0.0373928,False,False,False
solubility,12743,wiebe1939_10.1021_ja01871a025_t1,WIEBE(1939),co2,solubility_molality,373.15,709.275,0,0,0,0,0,0,1.71768,,,,0,,,1.76516,4,13,-0.0268993,False,False,False
solubility,12764,zawisza1981_10.1021_je00026a012_t2,ZAWISZA(1981),co2,solubility_molality,423.15,15.56,0,0,0,0,0,0,0.0889558,,,,0,,,0.0862794,3,9,0.0310204,False,False,False
solubility,12768,zawisza1981_10.1021_je00026a012_t2,ZAWISZA(1981),co2,solubility_molality,473.15,25.39,0,0,0,0,0,0,0.0889558,0.0867285,0.0867285,,1,0,0.0256821,0.083957,3,5,0.0595409,False,False,False
solubility,12770,zawisza1981_10.1021_je00026a012_t2,ZAWISZA(1981),co2,solubility_molality,323.15,7.62,0,0,0,0,0,0,0.139119,,,,0,,,0.142472,5,8,-0.0235333,False,False,False
solubility,12774,zawisza1981_10.1021_je00026a012_t2,ZAWISZA(1981),co2,solubility_molality,423.15,21.24,0,0,0,0,0,0,0.139119,,,,0,,,0.162465,4,9,-0.143698,False,True,True
solubility,12776,zawisza1981_10.1021_je00026a012_t2,ZAWISZA(1981),co2,solubility_molality,448.15,25.96,0,0,0,0,0,0,0.139119,,,,0,,,0.119525,2,4,0.163927,False,True,True
solubility,12778,zawisza1981_10.1021_je00026a012_t2,ZAWISZA(1981),co2,solubility_molality,473.15,31.75,0,0,0,0,0,0,0.139119,,,,0,,,0.147668,3,5,-0.0578914,False,False,False
solubility,12780,zawisza1981_10.1021_je00026a012_t2,ZAWISZA(1981),co2,solubility_molality,323.15,8.92,0,0,0,0,0,0,0.167026,0.167026,0.167026,,1,0,0,0.162749,6,9,0.0262819,False,False,False
solubility,12784,zawisza1981_10.1021_je00026a012_t2,ZAWISZA(1981),co2,solubility_molality,423.15,24.99,0,0,0,0,0,0,0.167026,,,,0,,,0.177541,4,10,-0.0592248,False,False,False
solubility,12786,zawisza1981_10.1021_je00026a012_t2,ZAWISZA(1981),co2,solubility_molality,448.15,30.37,0,0,0,0,0,0,0.167026,,,,0,,,0.157971,2,4,0.0573246,False,False,False
solubility,12788,zawisza1981_10.1021_je00026a012_t2,ZAWISZA(1981),co2,solubility_molality,473.15,35.85,0,0,0,0,0,0,0.167026,,,,0,,,0.186222,3,5,-0.10308,False,False,False
solubility,12790,zawisza1981_10.1021_je00026a012_t2,ZAWISZA(1981),co2,solubility_molality,323.15,14.41,0,0,0,0,0,0,0.256519,0.25876,0.25876,,1,0,-0.00866053,0.258223,5,11,-0.00659889,False,False,False
solubility,12792,zawisza1981_10.1021_je00026a012_t2,ZAWISZA(1981),co2,solubility_molality,348.15,21,0,0,0,0,0,0,0.256519,,,,0,,,0.266975,6,7,-0.0391649,False,False,False
solubility,12794,zawisza1981_10.1021_je00026a012_t2,ZAWISZA(1981),co2,solubility_molality,373.15,27.01,0,0,0,0,0,0,0.256519,,,,0,,,0.259489,6,7,-0.0114458,False,False,False
solubility,12798,zawisza1981_10.1021_je00026a012_t2,ZAWISZA(1981),co2,solubility_molality,423.15,36.09,0,0,0,0,0,0,0.256519,,,,0,,,0.215965,4,7,0.187782,False,True,True
solubility,12800,zawisza1981_10.1021_je00026a012_t2,ZAWISZA(1981),co2,solubility_molality,448.15,40.8,0,0,0,0,0,0,0.256519,,,,0,,,0.235147,2,4,0.0908859,False,False,False
solubility,12802,zawisza1981_10.1021_je00026a012_t2,ZAWISZA(1981),co2,solubility_molality,473.15,46.16,0,0,0,0,0,0,0.256519,0.278937,0.278937,,1,0,-0.0803697,0.280159,2,5,-0.0843808,False,False,False
solubility,12804,zawisza1981_10.1021_je00026a012_t2,ZAWISZA(1981),co2,solubility_molality,323.15,25.05,0,0,0,0,0,0,0.425095,0.433211,0.433211,,1,0,-0.0187358,0.417168,11,28,0.0190006,False,False,False
solubility,12806,zawisza1981_10.1021_je00026a012_t2,ZAWISZA(1981),co2,solubility_molality,348.15,35.91,0,0,0,0,0,0,0.425095,,,,0,,,0.42398,9,27,0.00262905,False,False,False
solubility,12808,zawisza1981_10.1021_je00026a012_t2,ZAWISZA(1981),co2,solubility_molality,373.15,45.6,0,0,0,0,0,0,0.425095,,,,0,,,0.437858,5,9,-0.0291491,False,False,False
solubility,12818,servio2001b_10.1021_je0102255_t1,SERVIO(2001b),ch4,solubility_molality,278.65,35,0,0,0,0,0,0,0.0661337,,,,0,,,0.066572,6,17,-0.00658346,False,False,False
solubility,12820,servio2001b_10.1021_je0102255_t1,SERVIO(2001b),ch4,solubility_molality,280.45,35,0,0,0,0,0,0,0.0612378,,,,0,,,0.0631564,6,17,-0.0303793,False,False,False
solubility,12828,servio2001b_10.1021_je0102255_t1,SERVIO(2001b),ch4,solubility_molality,281.55,50,0,0,0,0,0,0,0.084724,,,,0,,,0.0820013,7,20,0.0332034,False,False,False
solubility,12830,servio2001b_10.1021_je0102255_t1,SERVIO(2001b),ch4,solubility_molality,282.65,50,0,0,0,0,0,0,0.0754273,0.082831,0.082831,,1,0,-0.089383,0.0793863,7,20,-0.0498704,False,False,False
solubility,12838,servio2001b_10.1021_je0102255_t1,SERVIO(2001b),ch4,solubility_molality,283.25,65,0,0,0,0,0,0,0.095639,0.0934111,0.0934111,,1,0,0.0238505,0.0947828,8,25,0.00903381,False,False,False
solubility,12840,servio2001b_10.1021_je0102255_t1,SERVIO(2001b),ch4,solubility_molality,284.35,65,0,0,0,0,0,0,0.0934668,0.0934111,0.0934111,,1,0,0.00059624,0.0922706,8,25,0.0129643,False,False,False
solubility,12946,lucile2012_10.1021_je200991x_t2,LUCILE(2012),co2,solubility_molality,298.15,6.1,0,0,0,0,0,0,0.201671,,,,0,,,0.210779,3,7,-0.0432127,False,False,False
solubility,12948,lucile2012_10.1021_je200991x_t2,LUCILE(2012),co2,solubility_molality,298.15,9.8,0,0,0,0,0,0,0.298006,,,,0,,,0.335346,4,8,-0.111348,False,False,False
solubility,12950,lucile2012_10.1021_je200991x_t2,LUCILE(2012),co2,solubility_molality,298.15,19.7,0,0,0,0,0,0,0.552197,,,,0,,,0.579115,8,25,-0.0464812,False,False,False
solubility,12952,lucile2012_10.1021_je200991x_t2,LUCILE(2012),co2,solubility_molality,298.15,30.1,0,0,0,0,0,0,0.828148,,,,0,,,0.86401,8,25,-0.0415069,False,False,False
solubility,12954,lucile2012_10.1021_je200991x_t2,LUCILE(2012),co2,solubility_molality,298.15,40.4,0,0,0,0,0,0,1.06355,,,,0,,,1.05689,10,32,0.00630792,False,False,False
solubility,12956,lucile2012_10.1021_je200991x_t2,LUCILE(2012),co2,solubility_molality,298.15,47.3,0,0,0,0,0,0,1.26027,,,,0,,,1.15064,10,33,0.095273,False,False,False
solubility,12958,lucile2012_10.1021_je200991x_t2,LUCILE(2012),co2,solubility_molality,323.15,6,0,0,0,0,0,0,0.119043,,,,0,,,0.109049,4,5,0.0916439,False,False,False
solubility,12960,lucile2012_10.1021_je200991x_t2,LUCILE(2012),co2,solubility_molality,323.15,10.5,0,0,0,0,0,0,0.184343,0.19608,0.19608,,1,0,-0.0598572,0.189177,6,11,-0.0255526,False,False,False
solubility,12962,lucile2012_10.1021_je200991x_t2,LUCILE(2012),co2,solubility_molality,323.15,20.6,0,0,0,0,0,0,0.344051,,,,0,,,0.357557,8,14,-0.0377713,False,False,False
solubility,12964,lucile2012_10.1021_je200991x_t2,LUCILE(2012),co2,solubility_molality,323.15,29.8,0,0,0,0,0,0,0.501287,0.525,0.522763,0.0170772,3,0.0646361,-0.0451676,0.492951,13,33,0.0169112,False,False,False
solubility,12966,lucile2012_10.1021_je200991x_t2,LUCILE(2012),co2,solubility_molality,323.15,40.9,0,0,0,0,0,0,0.634414,0.642951,0.642951,0.0441814,2,0.09718,-0.0132768,0.65377,14,48,-0.0296064,False,False,False
solubility,12968,lucile2012_10.1021_je200991x_t2,LUCILE(2012),co2,solubility_molality,323.15,41.2,0,0,0,0,0,0,0.651455,0.642951,0.642951,0.0441814,2,0.09718,0.0132268,0.657775,14,48,-0.00960826,False,False,False
solubility,12970,lucile2012_10.1021_je200991x_t2,LUCILE(2012),co2,solubility_molality,323.15,50.2,0,0,0,0,0,0,0.782443,0.771029,0.771153,0.00178833,3,0.00463041,0.0148043,0.771742,15,52,0.0138657,False,False,False
solubility,12976,lucile2012_10.1021_je200991x_t2,LUCILE(2012),co2,solubility_molality,348.15,20.3,0,0,0,0,0,0,0.260441,,,,0,,,0.249769,5,6,0.0427245,False,False,False
solubility,12978,lucile2012_10.1021_je200991x_t2,LUCILE(2012),co2,solubility_molality,348.15,31,0,0,0,0,0,0,0.384544,,,,0,,,0.371663,9,19,0.0346571,False,False,False
solubility,12980,lucile2012_10.1021_je200991x_t2,LUCILE(2012),co2,solubility_molality,348.15,40.3,0,0,0,0,0,0,0.480949,0.427349,0.427349,,1,0,0.125423,0.465183,11,31,0.0338924,False,False,False
solubility,12982,lucile2012_10.1021_je200991x_t2,LUCILE(2012),co2,solubility_molality,348.15,51.4,0,0,0,0,0,0,0.594693,0.561703,0.561703,,1,0,0.0587333,0.576876,10,41,0.0308849,False,False,False
solubility,12984,lucile2012_10.1021_je200991x_t2,LUCILE(2012),co2,solubility_molality,373.15,9.9,0,0,0,0,0,0,0.0973101,,,,0,,,0.092147,2,3,0.0560309,False,False,False
solubility,12986,lucile2012_10.1021_je200991x_t2,LUCILE(2012),co2,solubility_molality,373.15,20.1,0,0,0,0,0,0,0.199993,,,,0,,,0.198637,4,6,0.00682962,False,False,False
solubility,12988,lucile2012_10.1021_je200991x_t2,LUCILE(2012),co2,solubility_molality,373.15,30.5,0,0,0,0,0,0,0.301934,,,,0,,,0.294076,6,6,0.0267229,False,False,False
solubility,12990,lucile2012_10.1021_je200991x_t2,LUCILE(2012),co2,solubility_molality,373.15,40.4,0,0,0,0,0,0,0.389609,,,,0,,,0.409343,5,6,-0.0482081,False,False,False
solubility,12992,lucile2012_10.1021_je200991x_t2,LUCILE(2012),co2,solubility_molality,373.15,50.3,0,0,0,0,0,0,0.489421,0.454136,0.454136,,1,0,0.077698,0.461233,5,7,0.0611153,False,False,False
solubility,12994,lucile2012_10.1021_je200991x_t2,LUCILE(2012),co2,solubility_molality,373.15,50.3,0,0,0,0,0,0,0.479819,0.454136,0.454136,,1,0,0.0565547,0.461233,5,7,0.0402974,False,False,False
solubility,12998,lucile2012_10.1021_je200991x_t2,LUCILE(2012),co2,solubility_molality,393.15,20.3,0,0,0,0,0,0,0.181549,0.16591,0.16591,,1,0,0.094267,0.17204,3,7,0.0552767,False,False,False
solubility,13000,lucile2012_10.1021_je200991x_t2,LUCILE(2012),co2,solubility_molality,393.15,30.5,0,0,0,0,0,0,0.271649,,,,0,,,0.259495,3,4,0.046836,False,False,False
solubility,13002,lucile2012_10.1021_je200991x_t2,LUCILE(2012),co2,solubility_molality,393.15,40.3,0,0,0,0,0,0,0.344613,0.374,0.374,,1,0,-0.078574,0.367522,3,4,-0.0623331,False,False,False
solubility,13005,mohammadian2015_10.1021_je501172d_t1,MOHAMMADIAN(2015),co2,solubility_molality,333.15,1,0,0,0,0,0,0,0.0140086,,,,0,,,0.0158491,2,8,-0.116123,False,False,False
solubility,13006,mohammadian2015_10.1021_je501172d_t1,MOHAMMADIAN(2015),co2,solubility_molality,333.15,21,0,0,0,0,0,0,0.319428,,,,0,,,0.312338,6,9,0.0226999,False,False,False
solubility,13007,mohammadian2015_10.1021_je501172d_t1,MOHAMMADIAN(2015),co2,solubility_molality,333.15,41,0,0,0,0,0,0,0.586771,0.538046,0.538046,,1,0,0.0905588,0.564533,10,43,0.039392,False,False,False
solubility,13008,mohammadian2015_10.1021_je501172d_t1,MOHAMMADIAN(2015),co2,solubility_molality,333.15,83,0,0,0,0,0,0,0.968601,1.01747,1.01747,,1,0,-0.0480263,0.958707,15,98,0.0103201,False,False,False
solubility,13009,mohammadian2015_10.1021_je501172d_t1,MOHAMMADIAN(2015),co2,solubility_molality,333.15,103,0,0,0,0,0,0,1.08988,1.07816,1.08529,0.0347571,4,0.0749431,0.0108742,1.08117,14,99,0.00805969,False,False,False
solubility,13010,mohammadian2015_10.1021_je501172d_t1,MOHAMMADIAN(2015),co2,solubility_molality,333.15,138,0,0,0,0,0,0,1.20465,,,,0,,,1.1681,14,92,0.031287,False,False,False
solubility,13011,mohammadian2015_10.1021_je501172d_t1,MOHAMMADIAN(2015),co2,solubility_molality,333.15,158,0,0,0,0,0,0,1.23796,1.19613,1.19613,0.00867399,2,0.0102554,0.0349698,1.19904,14,57,0.0324599,False,False,False
solubility,13012,mohammadian2015_10.1021_je501172d_t1,MOHAMMADIAN(2015),co2,solubility_molality,333.15,172,0,0,0,0,0,0,1.25911,1.21798,1.21798,0.0105726,2,0.0122761,0.0337702,1.21731,13,54,0.0343374,False,False,False
solubility,13013,mohammadian2015_10.1021_je501172d_t1,MOHAMMADIAN(2015),co2,solubility_molality,333.15,193,0,0,0,0,0,0,1.29034,,,,0,,,1.24269,13,48,0.0383429,False,False,False
solubility,13015,mohammadian2015_10.1021_je501172d_t1,MOHAMMADIAN(2015),co2,solubility_molality,353.15,21,0,0,0,0,0,0,0.24767,,,,0,,,0.243671,6,8,0.0164124,False,False,False
solubility,13016,mohammadian2015_10.1021_je501172d_t1,MOHAMMADIAN(2015),co2,solubility_molality,353.15,41,0,0,0,0,0,0,0.464297,0.447649,0.447649,,1,0,0.0371911,0.444685,11,32,0.0441044,False,False,False
solubility,13017,mohammadian2015_10.1021_je501172d_t1,MOHAMMADIAN(2015),co2,solubility_molality,353.15,62,0,0,0,0,0,0,0.647965,0.629,0.629,,1,0,0.0301518,0.641518,10,45,0.0100498,False,False,False
solubility,13018,mohammadian2015_10.1021_je501172d_t1,MOHAMMADIAN(2015),co2,solubility_molality,353.15,83,0,0,0,0,0,0,0.7756,,,,0,,,0.798136,12,57,-0.0282354,False,False,False
solubility,13019,mohammadian2015_10.1021_je501172d_t1,MOHAMMADIAN(2015),co2,solubility_molality,353.15,103,0,0,0,0,0,0,0.919784,0.927,0.92219,0.0177059,3,0.0371283,-0.00778465,0.917732,12,56,0.00223585,False,False,False
solubility,13020,mohammadian2015_10.1021_je501172d_t1,MOHAMMADIAN(2015),co2,solubility_molality,353.15,138,0,0,0,0,0,0,1.0537,,,,0,,,1.03737,11,49,0.0157365,False,False,False
solubility,13021,mohammadian2015_10.1021_je501172d_t1,MOHAMMADIAN(2015),co2,solubility_molality,353.15,158,0,0,0,0,0,0,1.13059,1.076,1.076,,1,0,0.0507322,1.08184,10,36,0.0450566,False,False,False
solubility,13022,mohammadian2015_10.1021_je501172d_t1,MOHAMMADIAN(2015),co2,solubility_molality,353.15,172,0,0,0,0,0,0,1.15265,1.1055,1.1055,,1,0,0.0426486,1.10974,9,34,0.0386622,False,False,False
solubility,13023,mohammadian2015_10.1021_je501172d_t1,MOHAMMADIAN(2015),co2,solubility_molality,353.15,193,0,0,0,0,0,0,1.20022,,,,0,,,1.14672,8,30,0.0466472,False,False,False
solubility,13024,mohammadian2015_10.1021_je501172d_t1,MOHAMMADIAN(2015),co2,solubility_molality,353.15,213,0,0,0,0,0,0,1.23352,1.172,1.172,,1,0,0.0524873,1.1771,8,29,0.0479276,False,False,False
solubility,13025,mohammadian2015_10.1021_je501172d_t2,MOHAMMADIAN(2015),co2,solubility_molality,333.15,1,0.0172,0.0172,0,0,0,0,0.0070092,,,,0,,,0.0158491,2,8,-0.557753,False,True,True
solubility,13026,mohammadian2015_10.1021_je501172d_t2,MOHAMMADIAN(2015),co2,solubility_molality,333.15,21,0.0172,0.0172,0,0,0,0,0.253035,,,,0,,,0.312338,6,9,-0.189868,False,True,True
solubility,13027,mohammadian2015_10.1021_je501172d_t2,MOHAMMADIAN(2015),co2,solubility_molality,333.15,83,0.0172,0.0172,0,0,0,0,0.964135,,,,0,,,0.958707,15,98,0.00566187,False,False,False
solubility,13028,mohammadian2015_10.1021_je501172d_t2,MOHAMMADIAN(2015),co2,solubility_molality,333.15,103,0.0172,0.0172,0,0,0,0,1.08768,,,,0,,,1.08117,14,99,0.00602303,False,False,False
solubility,13029,mohammadian2015_10.1021_je501172d_t2,MOHAMMADIAN(2015),co2,solubility_molality,333.15,138,0.0172,0.0172,0,0,0,0,1.20142,,,,0,,,1.1681,14,92,0.0285235,False,False,False
solubility,13030,mohammadian2015_10.1021_je501172d_t2,MOHAMMADIAN(2015),co2,solubility_molality,333.15,172,0.0172,0.0172,0,0,0,0,1.25591,,,,0,,,1.21731,13,54,0.0317139,False,False,False
solubility,13031,mohammadian2015_10.1021_je501172d_t2,MOHAMMADIAN(2015),co2,solubility_molality,333.15,193,0.0172,0.0172,0,0,0,0,1.28605,,,,0,,,1.24269,13,48,0.0348897,False,False,False
solubility,13032,mohammadian2015_10.1021_je501172d_t2,MOHAMMADIAN(2015),co2,solubility_molality,333.15,213,0.0172,0.0172,0,0,0,0,1.29611,,,,0,,,1.26398,12,48,0.0254192,False,False,False
solubility,13034,mohammadian2015_10.1021_je501172d_t2,MOHAMMADIAN(2015),co2,solubility_molality,333.15,21,0.172,0.172,0,0,0,0,0.242937,0.303742,0.303742,,1,0,-0.200187,,0,0,,False,False,False
solubility,13035,mohammadian2015_10.1021_je501172d_t2,MOHAMMADIAN(2015),co2,solubility_molality,333.15,41,0.172,0.172,0,0,0,0,0.568248,0.548534,0.548534,,1,0,0.0359391,,0,0,,False,False,False
solubility,13036,mohammadian2015_10.1021_je501172d_t2,MOHAMMADIAN(2015),co2,solubility_molality,333.15,62,0.172,0.172,0,0,0,0,0.75319,0.750363,0.750363,,1,0,0.0037677,,0,0,,False,False,False
solubility,13037,mohammadian2015_10.1021_je501172d_t2,MOHAMMADIAN(2015),co2,solubility_molality,333.15,83,0.172,0.172,0,0,0,0,0.909363,0.89524,0.89524,,1,0,0.0157756,0.912871,2,8,-0.00384228,False,False,False
solubility,13038,mohammadian2015_10.1021_je501172d_t2,MOHAMMADIAN(2015),co2,solubility_molality,333.15,138,0.172,0.172,0,0,0,0,1.17204,1.10306,1.10306,,1,0,0.0625344,1.09744,2,13,0.0679807,False,False,False
solubility,13039,mohammadian2015_10.1021_je501172d_t2,MOHAMMADIAN(2015),co2,solubility_molality,333.15,158,0.172,0.172,0,0,0,0,1.17986,1.13204,1.13204,,1,0,0.0422401,1.13396,2,12,0.0404778,False,False,False
solubility,13040,mohammadian2015_10.1021_je501172d_t2,MOHAMMADIAN(2015),co2,solubility_molality,333.15,172,0.172,0.172,0,0,0,0,1.2246,1.15002,1.15002,,1,0,0.0648495,1.15671,2,12,0.0586955,False,False,False
solubility,13041,mohammadian2015_10.1021_je501172d_t2,MOHAMMADIAN(2015),co2,solubility_molality,333.15,193,0.172,0.172,0,0,0,0,1.25041,,,,0,,,1.1888,2,12,0.0518245,False,False,False
solubility,13044,mohammadian2015_10.1021_je501172d_t2,MOHAMMADIAN(2015),co2,solubility_molality,333.15,21,0.258,0.258,0,0,0,0,0.205852,0.30674,0.30674,,1,0,-0.328904,,0,0,,False,False,False
solubility,13045,mohammadian2015_10.1021_je501172d_t2,MOHAMMADIAN(2015),co2,solubility_molality,333.15,41,0.258,0.258,0,0,0,0,0.55084,0.542539,0.542539,,1,0,0.0152991,,0,0,,False,False,False
solubility,13046,mohammadian2015_10.1021_je501172d_t2,MOHAMMADIAN(2015),co2,solubility_molality,333.15,62,0.258,0.258,0,0,0,0,0.705077,0.748365,0.748365,,1,0,-0.0578431,,0,0,,False,False,False
solubility,13047,mohammadian2015_10.1021_je501172d_t2,MOHAMMADIAN(2015),co2,solubility_molality,333.15,83,0.258,0.258,0,0,0,0,0.776444,0.882251,0.882251,,1,0,-0.119928,0.883348,2,10,-0.121021,False,True,True
solubility,13048,mohammadian2015_10.1021_je501172d_t2,MOHAMMADIAN(2015),co2,solubility_molality,333.15,138,0.258,0.258,0,0,0,0,1.05959,1.08508,1.08508,,1,0,-0.0234934,1.08197,2,17,-0.0206884,False,False,False
solubility,13049,mohammadian2015_10.1021_je501172d_t2,MOHAMMADIAN(2015),co2,solubility_molality,333.15,158,0.258,0.258,0,0,0,0,1.07181,1.11206,1.11206,,1,0,-0.0361922,1.11766,2,16,-0.041021,False,False,False
solubility,13050,mohammadian2015_10.1021_je501172d_t2,MOHAMMADIAN(2015),co2,solubility_molality,333.15,172,0.258,0.258,0,0,0,0,1.07403,1.13104,1.13104,,1,0,-0.0504034,1.1389,2,16,-0.0569579,False,False,False
solubility,13053,mohammadian2015_10.1021_je501172d_t3,MOHAMMADIAN(2015),co2,solubility_molality,353.15,21,0.0172,0.0172,0,0,0,0,0.227479,,,,0,,,0.243671,6,8,-0.0664524,False,False,False
solubility,13054,mohammadian2015_10.1021_je501172d_t3,MOHAMMADIAN(2015),co2,solubility_molality,353.15,41,0.0172,0.0172,0,0,0,0,0.409652,,,,0,,,0.444685,11,32,-0.0787819,False,False,False
solubility,13055,mohammadian2015_10.1021_je501172d_t3,MOHAMMADIAN(2015),co2,solubility_molality,353.15,83,0.0172,0.0172,0,0,0,0,0.733637,,,,0,,,0.798136,12,57,-0.0808114,False,False,False
solubility,13056,mohammadian2015_10.1021_je501172d_t3,MOHAMMADIAN(2015),co2,solubility_molality,353.15,103,0.0172,0.0172,0,0,0,0,0.863412,,,,0,,,0.917732,12,56,-0.0591892,False,False,False
solubility,13057,mohammadian2015_10.1021_je501172d_t3,MOHAMMADIAN(2015),co2,solubility_molality,353.15,138,0.0172,0.0172,0,0,0,0,1.01755,,,,0,,,1.03737,11,49,-0.0191077,False,False,False
solubility,13058,mohammadian2015_10.1021_je501172d_t3,MOHAMMADIAN(2015),co2,solubility_molality,353.15,158,0.0172,0.0172,0,0,0,0,1.09098,,,,0,,,1.08184,10,36,0.00844465,False,False,False
solubility,13059,mohammadian2015_10.1021_je501172d_t3,MOHAMMADIAN(2015),co2,solubility_molality,353.15,172,0.0172,0.0172,0,0,0,0,1.11189,,,,0,,,1.10974,9,34,0.00193031,False,False,False
solubility,13060,mohammadian2015_10.1021_je501172d_t3,MOHAMMADIAN(2015),co2,solubility_molality,353.15,213,0.0172,0.0172,0,0,0,0,1.20919,,,,0,,,1.1771,8,29,0.0272637,False,False,False
solubility,13062,mohammadian2015_10.1021_je501172d_t3,MOHAMMADIAN(2015),co2,solubility_molality,353.15,21,0.172,0.172,0,0,0,0,0.219236,0.232802,0.232802,,1,0,-0.0582758,,0,0,,False,False,False
solubility,13063,mohammadian2015_10.1021_je501172d_t3,MOHAMMADIAN(2015),co2,solubility_molality,353.15,41,0.172,0.172,0,0,0,0,0.404983,0.423816,0.423816,0.0138818,2,0.0463217,-0.044437,,0,0,,False,False,False
solubility,13064,mohammadian2015_10.1021_je501172d_t3,MOHAMMADIAN(2015),co2,solubility_molality,353.15,83,0.172,0.172,0,0,0,0,0.72306,0.840287,0.840287,,1,0,-0.139508,0.796435,2,9,-0.0921285,False,False,False
solubility,13065,mohammadian2015_10.1021_je501172d_t3,MOHAMMADIAN(2015),co2,solubility_molality,353.15,138,0.172,0.172,0,0,0,0,1.01353,0.972175,0.972175,,1,0,0.0425341,0.983063,2,11,0.0309866,False,False,False
solubility,13066,mohammadian2015_10.1021_je501172d_t3,MOHAMMADIAN(2015),co2,solubility_molality,353.15,172,0.172,0.172,0,0,0,0,1.10195,1.0581,1.0581,,1,0,0.0414394,,0,0,,False,False,False
solubility,13069,mohammadian2015_10.1021_je501172d_t3,MOHAMMADIAN(2015),co2,solubility_molality,353.15,21,0.258,0.258,0,0,0,0,0.188299,0.238797,0.238797,,1,0,-0.211468,,0,0,,False,False,False
solubility,13070,mohammadian2015_10.1021_je501172d_t3,MOHAMMADIAN(2015),co2,solubility_molality,353.15,41,0.258,0.258,0,0,0,0,0.39229,0.432633,0.432633,,1,0,-0.0932488,,0,0,,False,False,False
solubility,13071,mohammadian2015_10.1021_je501172d_t3,MOHAMMADIAN(2015),co2,solubility_molality,353.15,83,0.258,0.258,0,0,0,0,0.686764,0.733377,0.733377,,1,0,-0.0635604,0.727451,2,9,-0.0559316,False,False,False
solubility,13072,mohammadian2015_10.1021_je501172d_t3,MOHAMMADIAN(2015),co2,solubility_molality,353.15,103,0.258,0.258,0,0,0,0,0.804677,0.834292,0.834292,,1,0,-0.0354974,0.823121,2,8,-0.0224073,False,False,False
solubility,13073,mohammadian2015_10.1021_je501172d_t3,MOHAMMADIAN(2015),co2,solubility_molality,353.15,158,0.258,0.258,0,0,0,0,1.08293,1.01014,1.01014,,1,0,0.0720561,,0,0,,False,False,False
solubility,13087,stewart1970_10.1021_je60044a001_t2,STEWART(1970),co2,solubility_molality,278.15,10.1325,0,0,0,0,0,0,0.591463,0.623627,0.623627,,1,0,-0.0515756,0.62417,3,7,-0.0523996,False,False,False
solubility,13088,stewart1970_10.1021_je60044a001_t2,STEWART(1970),co2,solubility_molality,278.15,20.265,0,0,0,0,0,0,1.02069,1.08812,1.08812,0.0754879,2,0.0981107,-0.0619687,1.08893,4,9,-0.0626658,False,False,False
solubility,13090,stewart1970_10.1021_je60044a001_t2,STEWART(1970),co2,solubility_molality,283.15,10.1325,0,0,0,0,0,0,0.477624,,,,0,,,0.531677,3,8,-0.101664,False,False,False
solubility,13091,stewart1970_10.1021_je60044a001_t2,STEWART(1970),co2,solubility_molality,283.15,20.265,0,0,0,0,0,0,0.863677,0.94856,0.94856,0.0974478,2,0.145285,-0.0894861,0.95002,5,16,-0.090885,False,False,False
solubility,13092,stewart1970_10.1021_je60044a001_t2,STEWART(1970),co2,solubility_molality,283.15,38.5035,0,0,0,0,0,0,1.23951,,,,0,,,1.38996,5,13,-0.108246,False,False,False
solubility,13093,stewart1970_10.1021_je60044a001_t2,STEWART(1970),co2,solubility_molality,285.55,45.5962,0,0,0,0,0,0,1.25041,,,,0,,,1.50761,7,12,-0.170602,False,True,True
solubility,13094,stewart1970_10.1021_je60044a001_t2,STEWART(1970),co2,solubility_molality,298.15,20.265,0,0,0,0,0,0,0.546019,,,,0,,,0.598095,8,25,-0.0870699,False,False,False
solubility,13095,stewart1970_10.1021_je60044a001_t2,STEWART(1970),co2,solubility_molality,298.15,45.5962,0,0,0,0,0,0,0.933889,1.18431,1.18431,,1,0,-0.211449,1.16303,11,35,-0.197022,False,True,True
solubility,13096,crozier1974_10.1021_je60062a007_t1,CROZIER(1974),h2,solubility_molality,274.6,1.02,0,0,0,0,0,0,0.000959296,,,,0,,,0.000967634,1,4,-0.00861699,False,False,False
solubility,13098,crozier1974_10.1021_je60062a007_t1,CROZIER(1974),h2,solubility_molality,283.01,1.0254,0,0,0,0,0,0,0.000874703,0.000877615,0.000877615,,1,0,-0.00331838,0.000880195,2,8,-0.00624028,False,False,False
solubility,13100,crozier1974_10.1021_je60062a007_t1,CROZIER(1974),h2,solubility_molality,293.01,1.0364,0,0,0,0,0,0,0.000807169,,,,0,,,0.000811784,2,10,-0.0056842,False,False,False
solubility,13102,crozier1974_10.1021_je60062a007_t1,CROZIER(1974),h2,solubility_molality,274.63,1.0201,0,0,0,0,0,0,0.000958402,,,,0,,,0.000969643,1,4,-0.0115922,False,False,False
solubility,13104,crozier1974_10.1021_je60062a007_t1,CROZIER(1974),h2,solubility_molality,283.01,1.0254,0,0,0,0,0,0,0.000873364,0.000877615,0.000877615,,1,0,-0.00484391,0.000880195,2,8,-0.00776134,False,False,False
solubility,13106,crozier1974_10.1021_je60062a007_t1,CROZIER(1974),h2,solubility_molality,293.01,1.0364,0,0,0,0,0,0,0.000809851,,,,0,,,0.000811784,2,10,-0.00238082,False,False,False
solubility,13108,crozier1974_10.1021_je60062a007_t1,CROZIER(1974),h2,solubility_molality,274.64,1.0201,0,0,0,0,0,0,0.000960187,,,,0,,,0.000969346,1,4,-0.00944922,False,False,False
solubility,13110,crozier1974_10.1021_je60062a007_t1,CROZIER(1974),h2,solubility_molality,283.02,1.0254,0,0,0,0,0,0,0.000873364,0.000877615,0.000877615,,1,0,-0.00484305,0.000880119,2,8,-0.00767478,False,False,False
solubility,13112,crozier1974_10.1021_je60062a007_t1,CROZIER(1974),h2,solubility_molality,293.02,1.0365,0,0,0,0,0,0,0.000809406,,,,0,,,0.000811715,2,10,-0.00284497,False,False,False
solubility,13114,crozier1974_10.1021_je60062a007_t1,CROZIER(1974),h2,solubility_molality,277.54,1.0216,0,0,0,0,0,0,0.000928462,0.000920438,0.000920438,,1,0,0.00871756,0.000935419,2,5,-0.00743773,False,False,False
solubility,13116,crozier1974_10.1021_je60062a007_t1,CROZIER(1974),h2,solubility_molality,283.03,1.0254,0,0,0,0,0,0,0.000874704,0.000877615,0.000877615,,1,0,-0.00331666,0.000880043,2,8,-0.00606692,False,False,False
solubility,13118,crozier1974_10.1021_je60062a007_t1,CROZIER(1974),h2,solubility_molality,293.03,1.0365,0,0,0,0,0,0,0.000806279,,,,0,,,0.000811659,2,10,-0.00662813,False,False,False
solubility,13120,crozier1974_10.1021_je60062a007_t1,CROZIER(1974),h2,solubility_molality,277.7,1.0217,0,0,0,0,0,0,0.00092534,0.000920438,0.000920438,,1,0,0.00532572,0.000933623,2,5,-0.00887198,False,False,False
solubility,13122,crozier1974_10.1021_je60062a007_t1,CROZIER(1974),h2,solubility_molality,287.77,1.0299,0,0,0,0,0,0,0.00084036,,,,0,,,0.000846989,2,9,-0.00782666,False,False,False
solubility,13124,crozier1974_10.1021_je60062a007_t1,CROZIER(1974),h2,solubility_molality,293.03,1.0365,0,0,0,0,0,0,0.000806726,,,,0,,,0.000811659,2,10,-0.00607748,False,False,False
solubility,13125,crozier1974_10.1021_je60062a007_t1,CROZIER(1974),h2,solubility_molality,277.7,1.0217,0,0,0,0,0,0,0.000922217,0.000920438,0.000920438,,1,0,0.00193262,0.000933623,2,5,-0.0122172,False,False,False
solubility,13127,crozier1974_10.1021_je60062a007_t1,CROZIER(1974),h2,solubility_molality,287.8,1.0299,0,0,0,0,0,0,0.000837684,,,,0,,,0.000846786,2,9,-0.0107487,False,False,False
solubility,13129,crozier1974_10.1021_je60062a007_t1,CROZIER(1974),h2,solubility_molality,297.85,1.0444,0,0,0,0,0,0,0.000778538,,,,0,,,0.000787067,2,8,-0.010836,False,False,False
solubility,13131,crozier1974_10.1021_je60062a007_t1,CROZIER(1974),h2,solubility_molality,277.73,1.0217,0,0,0,0,0,0,0.000924448,0.000920438,0.000920438,,1,0,0.00435654,0.000933294,2,5,-0.00947862,False,False,False
solubility,13133,crozier1974_10.1021_je60062a007_t1,CROZIER(1974),h2,solubility_molality,287.82,1.0299,0,0,0,0,0,0,0.000836347,,,,0,,,0.000846651,2,9,-0.01217,False,False,False
solubility,13135,crozier1974_10.1021_je60062a007_t1,CROZIER(1974),h2,solubility_molality,297.85,1.0444,0,0,0,0,0,0,0.000784802,,,,0,,,0.000787067,2,8,-0.00287716,False,False,False
solubility,13137,crozier1974_10.1021_je60062a007_t1,CROZIER(1974),h2,solubility_molality,277.74,1.0217,0,0,0,0,0,0,0.000927571,0.000920438,0.000920438,,1,0,0.00774974,0.000933184,2,5,-0.00601545,False,False,False
solubility,13139,crozier1974_10.1021_je60062a007_t1,CROZIER(1974),h2,solubility_molality,287.85,1.03,0,0,0,0,0,0,0.000835458,,,,0,,,0.000846465,2,9,-0.0130034,False,False,False
solubility,13141,crozier1974_10.1021_je60062a007_t1,CROZIER(1974),h2,solubility_molality,297.88,1.0444,0,0,0,0,0,0,0.000781676,,,,0,,,0.000786914,2,8,-0.00665598,False,False,False
solubility,13143,crozier1974_10.1021_je60062a007_t1,CROZIER(1974),h2,solubility_molality,282.98,1.0254,0,0,0,0,0,0,0.000872023,0.000877615,0.000877615,,1,0,-0.006372,0.000880424,2,8,-0.00954191,False,False,False
solubility,13145,crozier1974_10.1021_je60062a007_t1,CROZIER(1974),h2,solubility_molality,287.91,1.03,0,0,0,0,0,0,0.000840377,,,,0,,,0.000846058,2,9,-0.00671449,False,False,False
solubility,13147,crozier1974_10.1021_je60062a007_t1,CROZIER(1974),h2,solubility_molality,297.88,1.0444,0,0,0,0,0,0,0.000778992,,,,0,,,0.000786914,2,8,-0.0100676,False,False,False
solubility,13149,crozier1974_10.1021_je60062a007_t1,CROZIER(1974),h2,solubility_molality,282.99,1.0254,0,0,0,0,0,0,0.000876486,0.000877615,0.000877615,,1,0,-0.00128605,0.000880347,2,8,-0.00438605,False,False,False
solubility,13151,crozier1974_10.1021_je60062a007_t1,CROZIER(1974),h2,solubility_molality,287.92,1.0301,0,0,0,0,0,0,0.000834573,,,,0,,,0.000846007,2,9,-0.0135144,False,False,False
solubility,13153,crozier1974_10.1021_je60062a007_t1,CROZIER(1974),h2,solubility_molality,297.92,1.0445,0,0,0,0,0,0,0.000779447,,,,0,,,0.000786699,2,8,-0.00921847,False,False,False
solubility,13155,crozier1974_10.1021_je60062a007_t1,CROZIER(1974),h2,solubility_molality,282.99,1.0254,0,0,0,0,0,0,0.000869792,0.000877615,0.000877615,,1,0,-0.0089137,0.000880347,2,8,-0.01199,False,False,False
solubility,13157,crozier1974_10.1021_je60062a007_t1,CROZIER(1974),h2,solubility_molality,287.94,1.0301,0,0,0,0,0,0,0.000835469,,,,0,,,0.000845871,2,9,-0.0122972,False,False,False
solubility,13159,crozier1974_10.1021_je60062a007_t1,CROZIER(1974),h2,solubility_molality,301.99,1.053,0,0,0,0,0,0,0.000759712,0.00076966,0.00076966,,1,0,-0.0129249,0.000770166,2,5,-0.013574,False,False,False
solubility,13161,crozier1974_10.1021_je60062a007_t1,CROZIER(1974),h2,solubility_molality,283,1.0254,0,0,0,0,0,0,0.0008689,0.000877615,0.000877615,,1,0,-0.00992987,0.000880271,2,8,-0.0129177,False,False,False
solubility,13163,crozier1974_10.1021_je60062a007_t1,CROZIER(1974),h2,solubility_molality,287.94,1.0301,0,0,0,0,0,0,0.000843953,,,,0,,,0.000845871,2,9,-0.00226704,False,False,False
solubility,13165,crozier1974_10.1021_je60062a007_t1,CROZIER(1974),h2,solubility_molality,302.17,1.0534,0,0,0,0,0,0,0.000765576,0.00076966,0.00076966,,1,0,-0.00530628,0.000769502,2,5,-0.00510275,False,False,False
solubility,13167,crozier1974_10.1021_je60062a007_t1,CROZIER(1974),h2,solubility_molality,283,1.0254,0,0,0,0,0,0,0.000869793,0.000877615,0.000877615,,1,0,-0.00891285,0.000880271,2,8,-0.0119037,False,False,False
solubility,13169,crozier1974_10.1021_je60062a007_t1,CROZIER(1974),h2,solubility_molality,287.94,1.0301,0,0,0,0,0,0,0.00084172,,,,0,,,0.000845871,2,9,-0.00490655,False,False,False
solubility,13171,crozier1974_10.1021_je60062a007_t1,CROZIER(1974),h2,solubility_molality,302.31,1.0537,0,0,0,0,0,0,0.000764263,0.00076966,0.00076966,,1,0,-0.00701134,0.000768989,2,5,-0.00614537,False,False,False
solubility,13173,crozier1974_10.1021_je60062a007_t1,CROZIER(1974),h2,solubility_molality,283,1.0254,0,0,0,0,0,0,0.00087247,0.000877615,0.000877615,,1,0,-0.00586179,0.000880271,2,8,-0.00886189,False,False,False
solubility,13175,crozier1974_10.1021_je60062a007_t1,CROZIER(1974),h2,solubility_molality,287.95,1.0301,0,0,0,0,0,0,0.000839489,,,,0,,,0.000845803,2,9,-0.00746481,False,False,False
solubility,13177,crozier1974_10.1021_je60062a007_t1,CROZIER(1974),h2,solubility_molality,302.47,1.0541,0,0,0,0,0,0,0.000766988,0.00076966,0.00076966,,1,0,-0.00347172,,0,0,,False,False,False
solubility,13513,yamamoto1976_10.1021_je60068a029_t1,YAMAMOTO(1976),ch4,solubility_molality,273.91,1.0197,0,0,0,0,0,0,0.00249514,0.00244061,0.00244061,,1,0,0.0223436,,0,0,,False,False,False
solubility,13515,yamamoto1976_10.1021_je60068a029_t1,YAMAMOTO(1976),ch4,solubility_molality,273.93,1.0197,0,0,0,0,0,0,0.00250407,0.00244061,0.00244061,,1,0,0.025999,,0,0,,False,False,False
solubility,13517,yamamoto1976_10.1021_je60068a029_t1,YAMAMOTO(1976),ch4,solubility_molality,273.94,1.0197,0,0,0,0,0,0,0.00250451,0.00244061,0.00244061,,1,0,0.0261812,,0,0,,False,False,False
solubility,13519,yamamoto1976_10.1021_je60068a029_t1,YAMAMOTO(1976),ch4,solubility_molality,273.95,1.0197,0,0,0,0,0,0,0.00249871,0.00244061,0.00244061,,1,0,0.023804,,0,0,,False,False,False
solubility,13521,yamamoto1976_10.1021_je60068a029_t1,YAMAMOTO(1976),ch4,solubility_molality,273.95,1.0197,0,0,0,0,0,0,0.00249469,0.00244061,0.00244061,,1,0,0.0221586,,0,0,,False,False,False
solubility,13523,yamamoto1976_10.1021_je60068a029_t1,YAMAMOTO(1976),ch4,solubility_molality,273.96,1.0197,0,0,0,0,0,0,0.00250049,0.00244061,0.00244061,,1,0,0.0245347,,0,0,,False,False,False
solubility,13525,yamamoto1976_10.1021_je60068a029_t1,YAMAMOTO(1976),ch4,solubility_molality,278.07,1.0219,0,0,0,0,0,0,0.00221163,0.00220821,0.00220821,,1,0,0.00154919,0.00222398,4,10,-0.00555262,False,False,False
solubility,13527,yamamoto1976_10.1021_je60068a029_t1,YAMAMOTO(1976),ch4,solubility_molality,278.09,1.0219,0,0,0,0,0,0,0.00221431,0.00220821,0.00220821,,1,0,0.00276177,0.00222272,4,10,-0.00378278,False,False,False
solubility,13529,yamamoto1976_10.1021_je60068a029_t1,YAMAMOTO(1976),ch4,solubility_molality,278.1,1.0219,0,0,0,0,0,0,0.00221877,0.00220821,0.00220821,,1,0,0.0047824,0.00222209,4,11,-0.00149169,False,False,False
solubility,13531,yamamoto1976_10.1021_je60068a029_t1,YAMAMOTO(1976),ch4,solubility_molality,278.11,1.022,0,0,0,0,0,0,0.00221431,0.00220821,0.00220821,,1,0,0.00276207,0.00222167,4,11,-0.00331029,False,False,False
solubility,13533,yamamoto1976_10.1021_je60068a029_t1,YAMAMOTO(1976),ch4,solubility_molality,278.12,1.022,0,0,0,0,0,0,0.00221654,0.00220821,0.00220821,,1,0,0.00377247,0.00222104,4,11,-0.00202247,False,False,False
solubility,13535,yamamoto1976_10.1021_je60068a029_t1,YAMAMOTO(1976),ch4,solubility_molality,284.05,1.0263,0,0,0,0,0,0,0.00189017,0.00191018,0.00187162,7.95504e-05,3,0.0755987,-0.0104756,0.00187865,5,18,0.00613034,False,False,False
solubility,13537,yamamoto1976_10.1021_je60068a029_t1,YAMAMOTO(1976),ch4,solubility_molality,284.08,1.0263,0,0,0,0,0,0,0.00188169,0.00191018,0.00187162,7.95504e-05,3,0.0755987,-0.014912,0.00187709,5,18,0.00245195,False,False,False
solubility,13539,yamamoto1976_10.1021_je60068a029_t1,YAMAMOTO(1976),ch4,solubility_molality,284.08,1.0263,0,0,0,0,0,0,0.00189329,0.00191018,0.00187162,7.95504e-05,3,0.0755987,-0.008837,0.00187709,5,18,0.00863405,False,False,False
solubility,13541,yamamoto1976_10.1021_je60068a029_t1,YAMAMOTO(1976),ch4,solubility_molality,284.09,1.0263,0,0,0,0,0,0,0.00188526,0.00191018,0.00187162,7.95504e-05,3,0.0755987,-0.0130418,0.00187657,5,18,0.00463286,False,False,False
solubility,13543,yamamoto1976_10.1021_je60068a029_t1,YAMAMOTO(1976),ch4,solubility_molality,284.09,1.0263,0,0,0,0,0,0,0.00188348,0.00191018,0.00187162,7.95504e-05,3,0.0755987,-0.0139764,0.00187657,5,18,0.00368151,False,False,False
solubility,13545,yamamoto1976_10.1021_je60068a029_t1,YAMAMOTO(1976),ch4,solubility_molality,284.09,1.0263,0,0,0,0,0,0,0.00189151,0.00191018,0.00187162,7.95504e-05,3,0.0755987,-0.00977062,0.00187657,5,18,0.00796261,False,False,False
solubility,13547,yamamoto1976_10.1021_je60068a029_t1,YAMAMOTO(1976),ch4,solubility_molality,284.1,1.0263,0,0,0,0,0,0,0.00188526,0.00191018,0.00187162,7.95504e-05,3,0.0755987,-0.0130408,0.00187605,5,18,0.00491143,False,False,False
solubility,13549,yamamoto1976_10.1021_je60068a029_t1,YAMAMOTO(1976),ch4,solubility_molality,284.1,1.0263,0,0,0,0,0,0,0.00188616,0.00191018,0.00187162,7.95504e-05,3,0.0755987,-0.0125735,0.00187605,5,18,0.00538725,False,False,False
solubility,13551,yamamoto1976_10.1021_je60068a029_t1,YAMAMOTO(1976),ch4,solubility_molality,284.11,1.0263,0,0,0,0,0,0,0.00189776,0.00191018,0.00187162,7.95504e-05,3,0.0755987,-0.00649746,0.00187553,5,18,0.011853,False,False,False
solubility,13553,yamamoto1976_10.1021_je60068a029_t1,YAMAMOTO(1976),ch4,solubility_molality,291.14,1.0339,0,0,0,0,0,0,0.00161107,,,,0,,,0.00159673,6,21,0.00897975,False,False,False
solubility,13555,yamamoto1976_10.1021_je60068a029_t1,YAMAMOTO(1976),ch4,solubility_molality,291.15,1.0339,0,0,0,0,0,0,0.00160973,,,,0,,,0.00159639,6,21,0.00835896,False,False,False
solubility,13557,yamamoto1976_10.1021_je60068a029_t1,YAMAMOTO(1976),ch4,solubility_molality,291.16,1.0339,0,0,0,0,0,0,0.00161688,,,,0,,,0.00159604,6,21,0.0130564,False,False,False
solubility,13559,yamamoto1976_10.1021_je60068a029_t1,YAMAMOTO(1976),ch4,solubility_molality,291.17,1.0339,0,0,0,0,0,0,0.00161152,,,,0,,,0.0015957,6,21,0.00991597,False,False,False
solubility,13561,yamamoto1976_10.1021_je60068a029_t1,YAMAMOTO(1976),ch4,solubility_molality,291.17,1.0339,0,0,0,0,0,0,0.00161108,,,,0,,,0.0015957,6,21,0.00963598,False,False,False
solubility,13563,yamamoto1976_10.1021_je60068a029_t1,YAMAMOTO(1976),ch4,solubility_molality,297.25,1.0433,0,0,0,0,0,0,0.00142979,0.00139588,0.00139588,,1,0,0.0242921,0.00143105,6,22,-0.00088127,False,False,False
solubility,13565,yamamoto1976_10.1021_je60068a029_t1,YAMAMOTO(1976),ch4,solubility_molality,297.26,1.0433,0,0,0,0,0,0,0.001428,0.00139588,0.00139588,,1,0,0.0230127,0.00143079,6,22,-0.00194424,False,False,False
solubility,13567,yamamoto1976_10.1021_je60068a029_t1,YAMAMOTO(1976),ch4,solubility_molality,297.3,1.0434,0,0,0,0,0,0,0.00142668,0.00139588,0.00139588,,1,0,0.0220614,0.00142984,6,22,-0.00221085,False,False,False
solubility,13569,yamamoto1976_10.1021_je60068a029_t1,YAMAMOTO(1976),ch4,solubility_molality,297.31,1.0434,0,0,0,0,0,0,0.00143652,0.00139588,0.00139588,,1,0,0.0291149,0.00142957,6,22,0.00486138,False,False,False
solubility,13571,yamamoto1976_10.1021_je60068a029_t1,YAMAMOTO(1976),ch4,solubility_molality,297.32,1.0434,0,0,0,0,0,0,0.0014316,0.00139588,0.00139588,,1,0,0.025592,0.00142931,6,22,0.00160718,False,False,False
solubility,13573,yamamoto1976_10.1021_je60068a029_t1,YAMAMOTO(1976),ch4,solubility_molality,302.67,1.0546,0,0,0,0,0,0,0.00130602,0.00129278,0.00129278,3.36745e-06,2,0.00368376,0.010239,0.0013082,6,23,-0.00166458,False,False,False
solubility,13575,yamamoto1976_10.1021_je60068a029_t1,YAMAMOTO(1976),ch4,solubility_molality,302.69,1.0546,0,0,0,0,0,0,0.00130513,0.00129278,0.00129278,3.36745e-06,2,0.00368376,0.00955191,0.00130773,6,23,-0.0019892,False,False,False
solubility,13577,yamamoto1976_10.1021_je60068a029_t1,YAMAMOTO(1976),ch4,solubility_molality,302.69,1.0546,0,0,0,0,0,0,0.00130603,0.00129278,0.00129278,3.36745e-06,2,0.00368376,0.010245,0.00130773,6,23,-0.00130399,False,False,False
solubility,13579,yamamoto1976_10.1021_je60068a029_t1,YAMAMOTO(1976),ch4,solubility_molality,302.69,1.0546,0,0,0,0,0,0,0.00130423,0.00129278,0.00129278,3.36745e-06,2,0.00368376,0.00885878,0.00130773,6,23,-0.00267441,False,False,False
solubility,13581,yamamoto1976_10.1021_je60068a029_t1,YAMAMOTO(1976),ch4,solubility_molality,302.7,1.0546,0,0,0,0,0,0,0.00129976,0.00129278,0.00129278,3.36745e-06,2,0.00368376,0.00539611,0.0013075,6,23,-0.00592098,False,False,False
solubility,13940,sabirzyanov2003_10.1023_a:1022256927236_t1,SABIRZYANOV(2003),co2,solubility_molality,323.15,100,0,0,0,0,0,0,1.04626,1.16405,1.15976,0.0207724,7,0.0501795,-0.10119,1.14596,18,98,-0.0870018,False,False,False
solubility,13942,sabirzyanov2003_10.1023_a:1022256927236_t1,SABIRZYANOV(2003),co2,solubility_molality,323.15,200,0,0,0,0,0,0,1.20806,1.30387,1.31051,0.0159875,4,0.0259841,-0.0734835,1.30489,15,52,-0.0742049,False,False,False
solubility,13944,sabirzyanov2003_10.1023_a:1022256927236_t1,SABIRZYANOV(2003),co2,solubility_molality,323.15,400,0,0,0,0,0,0,1.39995,1.51512,1.51512,0.0422671,2,0.0394522,-0.0760162,1.51894,9,19,-0.0783409,False,False,False
solubility,13946,sabirzyanov2003_10.1023_a:1022256927236_t1,SABIRZYANOV(2003),co2,solubility_molality,323.15,600,0,0,0,0,0,0,1.51102,1.63871,1.63871,,1,0,-0.0779227,1.64695,4,8,-0.0825393,False,False,False
solubility,13948,sabirzyanov2003_10.1023_a:1022256927236_t1,SABIRZYANOV(2003),co2,solubility_molality,373.15,100,0,0,0,0,0,0,0.731114,0.788347,0.788347,,1,0,-0.0725981,0.774511,6,9,-0.0560318,False,False,False
solubility,13950,sabirzyanov2003_10.1023_a:1022256927236_t1,SABIRZYANOV(2003),co2,solubility_molality,373.15,200,0,0,0,0,0,0,1.06932,1.14634,1.14705,0.0146006,3,0.0254504,-0.0671858,1.15337,7,11,-0.0728746,False,False,False
solubility,13952,sabirzyanov2003_10.1023_a:1022256927236_t1,SABIRZYANOV(2003),co2,solubility_molality,373.15,400,0,0,0,0,0,0,1.3242,1.43454,1.43454,0.0149051,2,0.0146939,-0.076916,1.43919,5,10,-0.0799012,False,False,False
solubility,13954,sabirzyanov2003_10.1023_a:1022256927236_t1,SABIRZYANOV(2003),co2,solubility_molality,373.15,600,0,0,0,0,0,0,1.54032,1.713,1.713,,1,0,-0.100808,1.6717,4,8,-0.0785927,False,False,False
solubility,13956,sabirzyanov2003_10.1023_a:1022256927236_t1,SABIRZYANOV(2003),co2,solubility_molality,373.15,800,0,0,0,0,0,0,1.87056,,,,0,,,1.85627,4,10,0.00769391,False,False,False
solubility,13958,sabirzyanov2003_10.1023_a:1022256927236_t1,SABIRZYANOV(2003),co2,solubility_molality,423.15,100,0,0,0,0,0,0,0.600364,0.725722,0.725722,0.0479373,2,0.0934153,-0.172735,0.712327,6,9,-0.15718,True,True,True
solubility,13960,sabirzyanov2003_10.1023_a:1022256927236_t1,SABIRZYANOV(2003),co2,solubility_molality,423.15,200,0,0,0,0,0,0,1.09817,1.20517,1.20517,0.0204866,2,0.0240402,-0.088784,1.19043,6,9,-0.0775006,False,False,False
solubility,13962,sabirzyanov2003_10.1023_a:1022256927236_t1,SABIRZYANOV(2003),co2,solubility_molality,423.15,400,0,0,0,0,0,0,1.61076,1.63988,1.63988,0.0253783,2,0.021886,-0.0177543,1.66963,4,11,-0.0352565,False,False,False
solubility,13964,sabirzyanov2003_10.1023_a:1022256927236_t1,SABIRZYANOV(2003),co2,solubility_molality,423.15,600,0,0,0,0,0,0,2.30683,1.98347,1.98347,,1,0,0.163026,2.00808,3,9,0.148775,False,True,True
solubility,13966,sabirzyanov2003_10.1023_a:1022256927236_t1,SABIRZYANOV(2003),co2,solubility_molality,423.15,800,0,0,0,0,0,0,3.18097,2.25268,2.25268,,1,0,0.412078,2.2471,3,11,0.415586,False,True,True
solubility,13969,morrison1952_10.1039_jr9520003819_t2,MORRISON(1952),h2,solubility_molality,289.25,1.0132,0,0,0,0,0,0,0.000834746,0.000833486,0.000833486,,1,0,0.00151199,,0,0,,False,False,False
solubility,13971,morrison1952_10.1039_jr9520003819_t2,MORRISON(1952),h2,solubility_molality,290.45,1.0132,0,0,0,0,0,0,0.000827162,0.000833486,0.000833486,,1,0,-0.0075878,,0,0,,False,False,False
solubility,13991,morrison1952_10.1039_jr9520003819_t2,MORRISON(1952),ch4,solubility_molality,285.05,1.0132,0,0,0,0,0,0,0.00178014,0.00188616,0.00188616,,1,0,-0.0562096,0.00182555,5,33,-0.024877,False,False,False
solubility,13993,morrison1952_10.1039_jr9520003819_t2,MORRISON(1952),ch4,solubility_molality,287.85,1.0132,0,0,0,0,0,0,0.00166905,0.001632,0.001632,,1,0,0.0227024,0.00170545,5,37,-0.0213475,False,False,False
solubility,13995,morrison1952_10.1039_jr9520003819_t2,MORRISON(1952),ch4,solubility_molality,293.65,1.0132,0,0,0,0,0,0,0.00147051,0.00150987,0.00150987,,1,0,-0.0260691,0.00150061,6,44,-0.0200578,False,False,False
solubility,13997,morrison1952_10.1039_jr9520003819_t2,MORRISON(1952),ch4,solubility_molality,298.35,1.0132,0,0,0,0,0,0,0.00134113,0.00137942,0.00137942,,1,0,-0.0277601,0.00137069,6,34,-0.0215721,False,False,False
solubility,13999,morrison1952_10.1039_jr9520003819_t2,MORRISON(1952),ch4,solubility_molality,308.15,1.0132,0,0,0,0,0,0,0.00113099,0.00118791,0.00118791,,1,0,-0.0479132,0.00116387,6,27,-0.0282491,False,False,False
solubility,14001,morrison1952_10.1039_jr9520003819_t2,MORRISON(1952),ch4,solubility_molality,314.15,1.0132,0,0,0,0,0,0,0.00106273,0.00107855,0.00107855,,1,0,-0.014669,0.00108533,4,16,-0.02082,False,False,False
solubility,14003,morrison1952_10.1039_jr9520003819_t2,MORRISON(1952),ch4,solubility_molality,319.95,1.0132,0,0,0,0,0,0,0.00100116,,,,0,,,0.0010236,4,13,-0.0219209,False,False,False
solubility,14005,morrison1952_10.1039_jr9520003819_t2,MORRISON(1952),ch4,solubility_molality,324.95,1.0132,0,0,0,0,0,0,0.000953868,,,,0,,,0.000984733,3,8,-0.0313436,False,False,False
solubility,14013,morrison1952_10.1039_jr9520003819_t2,MORRISON(1952),c2h6,solubility_molality,285.45,1.0132,0,0,0,0,0,0,0.00238512,,,,0,,,0.00272238,3,11,-0.123887,False,True,True
solubility,14015,morrison1952_10.1039_jr9520003819_t2,MORRISON(1952),c2h6,solubility_molality,285.75,1.0132,0,0,0,0,0,0,0.00234675,,,,0,,,0.00269472,3,11,-0.129132,False,True,True
solubility,14017,morrison1952_10.1039_jr9520003819_t2,MORRISON(1952),c2h6,solubility_molality,289.55,1.0132,0,0,0,0,0,0,0.00212055,,,,0,,,0.00238535,3,12,-0.111013,False,False,False
solubility,14019,morrison1952_10.1039_jr9520003819_t2,MORRISON(1952),c2h6,solubility_molality,290.75,1.0132,0,0,0,0,0,0,0.00205809,0.00235429,0.00235429,,1,0,-0.125814,0.00229816,3,12,-0.104462,False,False,False
solubility,14021,morrison1952_10.1039_jr9520003819_t2,MORRISON(1952),c2h6,solubility_molality,297.75,1.0132,0,0,0,0,0,0,0.00171991,0.00184849,0.00184849,,1,0,-0.0695622,0.00187242,3,12,-0.0814546,False,False,False
solubility,14023,morrison1952_10.1039_jr9520003819_t2,MORRISON(1952),c2h6,solubility_molality,303.65,1.0132,0,0,0,0,0,0,0.00150486,0.00161867,0.00161867,,1,0,-0.0703108,0.00158786,3,9,-0.0522675,False,False,False
solubility,14025,morrison1952_10.1039_jr9520003819_t2,MORRISON(1952),c2h6,solubility_molality,305.65,1.0132,0,0,0,0,0,0,0.00144374,,,,0,,,0.0015132,3,9,-0.0459024,False,False,False
solubility,14027,morrison1952_10.1039_jr9520003819_t2,MORRISON(1952),c2h6,solubility_molality,308.45,1.0132,0,0,0,0,0,0,0.00137548,,,,0,,,0.00141174,3,10,-0.0256859,False,False,False
solubility,14029,morrison1952_10.1039_jr9520003819_t2,MORRISON(1952),c2h6,solubility_molality,314.05,1.0132,0,0,0,0,0,0,0.00126037,,,,0,,,0.00123314,2,9,0.0220826,False,False,False
solubility,14031,morrison1952_10.1039_jr9520003819_t2,MORRISON(1952),c2h6,solubility_molality,322.25,1.0132,0,0,0,0,0,0,0.00112564,,,,0,,,0.00102805,2,8,0.0949278,False,False,False
solubility,14041,morrison1952_10.1039_jr9520003819_t2,MORRISON(1952),c3h8,solubility_molality,285.45,1.0132,0,0,0,0,0,0,0.00226198,,,,0,,,0.00215599,2,5,0.0491612,False,False,False
solubility,14043,morrison1952_10.1039_jr9520003819_t2,MORRISON(1952),c3h8,solubility_molality,288.65,1.0132,0,0,0,0,0,0,0.00202507,0.00193736,0.00193736,,1,0,0.0452773,0.00194039,2,4,0.0436438,False,False,False
solubility,14045,morrison1952_10.1039_jr9520003819_t2,MORRISON(1952),c3h8,solubility_molality,294.65,1.0132,0,0,0,0,0,0,0.00165388,,,,0,,,0.00163258,2,4,0.0130477,False,False,False
solubility,14047,morrison1952_10.1039_jr9520003819_t2,MORRISON(1952),c3h8,solubility_molality,295.95,1.0132,0,0,0,0,0,0,0.00159052,,,,0,,,0.00156102,2,4,0.0189023,False,False,False
solubility,14121,morrison1952_10.1039_jr9520003819_t2,MORRISON(1952),n2,solubility_molality,285.65,1.0132,0,0,0,0,0,0,0.000819577,,,,0,,,0.000794357,4,19,0.0317486,False,False,False
solubility,14123,morrison1952_10.1039_jr9520003819_t2,MORRISON(1952),n2,solubility_molality,288.65,1.0132,0,0,0,0,0,0,0.00076827,0.000762363,0.000762363,1.09898e-06,2,0.00203865,0.0077477,0.00075131,5,22,0.0225736,False,False,False
solubility,14125,morrison1952_10.1039_jr9520003819_t2,MORRISON(1952),n2,solubility_molality,293.45,1.0132,0,0,0,0,0,0,0.000708932,0.000707742,0.000707742,,1,0,0.00168189,0.000689868,5,19,0.0276347,False,False,False
solubility,14127,morrison1952_10.1039_jr9520003819_t2,MORRISON(1952),n2,solubility_molality,298.65,1.0132,0,0,0,0,0,0,0.000658517,0.000639455,0.000639455,1.80687e-05,2,0.0399605,0.0298093,0.000634184,5,20,0.038369,False,False,False
solubility,14129,morrison1952_10.1039_jr9520003819_t2,MORRISON(1952),n2,solubility_molality,303.15,1.0132,0,0,0,0,0,0,0.000614348,0.000619481,0.000619481,,1,0,-0.00828576,0.000596065,5,20,0.0306737,False,False,False
solubility,14131,morrison1952_10.1039_jr9520003819_t2,MORRISON(1952),n2,solubility_molality,308.75,1.0132,0,0,0,0,0,0,0.000568395,0.000589506,0.000589506,,1,0,-0.0358115,0.00055985,4,12,0.0152628,False,False,False
solubility,14133,morrison1952_10.1039_jr9520003819_t2,MORRISON(1952),n2,solubility_molality,314.75,1.0132,0,0,0,0,0,0,0.000534041,,,,0,,,0.000531216,3,12,0.0053178,False,False,False
solubility,14135,morrison1952_10.1039_jr9520003819_t2,MORRISON(1952),n2,solubility_molality,319.55,1.0132,0,0,0,0,0,0,0.000514411,,,,0,,,0.000504293,3,8,0.0200633,False,False,False
solubility,14145,morrison1952_10.1039_jr9520003819_t2,MORRISON(1952),o2,solubility_molality,285.85,1.0132,0,0,0,0,0,0,0.00162354,0.00158003,0.00158003,6.95283e-06,2,0.00622316,0.0275361,0.00159147,5,35,0.0201513,False,False,False
solubility,14147,morrison1952_10.1039_jr9520003819_t2,MORRISON(1952),o2,solubility_molality,286.65,1.0132,0,0,0,0,0,0,0.00158651,0.00157847,0.00157847,4.75049e-06,2,0.00425614,0.00509016,0.00156375,5,34,0.0145532,False,False,False
solubility,14149,morrison1952_10.1039_jr9520003819_t2,MORRISON(1952),o2,solubility_molality,290.45,1.0132,0,0,0,0,0,0,0.00145356,0.00149055,0.00149055,,1,0,-0.0248216,0.0014471,5,34,0.00446264,False,False,False
solubility,14151,morrison1952_10.1039_jr9520003819_t2,MORRISON(1952),o2,solubility_molality,294.65,1.0132,0,0,0,0,0,0,0.00134425,,,,0,,,0.00133316,5,35,0.00831613,False,False,False
solubility,14153,morrison1952_10.1039_jr9520003819_t2,MORRISON(1952),o2,solubility_molality,303.15,1.0132,0,0,0,0,0,0,0.00118185,0.00115515,0.00115515,,1,0,0.0231104,0.00113893,5,31,0.0376868,False,False,False
solubility,14155,morrison1952_10.1039_jr9520003819_t2,MORRISON(1952),o2,solubility_molality,312.55,1.0132,0,0,0,0,0,0,0.00104087,0.000987847,0.000987847,5.76198e-05,2,0.0824892,0.0536726,0.00100127,4,26,0.0395477,False,False,False
solubility,14157,morrison1952_10.1039_jr9520003819_t2,MORRISON(1952),o2,solubility_molality,322.45,1.0132,0,0,0,0,0,0,0.00094093,,,,0,,,0.00083768,3,15,0.123257,False,True,True
solubility,14205,fox1909_10.1039_tf9090500068_t1,FOX(1909),n2,solubility_molality,273.68,1.0196,0,0,0,0,0,0,0.00103564,0.00104055,0.00104055,,1,0,-0.0047141,,0,0,,False,False,False
solubility,14207,fox1909_10.1039_tf9090500068_t1,FOX(1909),n2,solubility_molality,279.15,1.0226,0,0,0,0,0,0,0.000917336,0.000917807,0.000917807,3.02809e-05,2,0.0466587,-0.000513193,0.000920933,4,16,-0.00390608,False,False,False
solubility,14209,fox1909_10.1039_tf9090500068_t1,FOX(1909),n2,solubility_molality,283.15,1.0255,0,0,0,0,0,0,0.000843473,0.000846767,0.000846767,9.77433e-06,2,0.0163244,-0.00388935,0.000849918,4,18,-0.00758304,False,False,False
solubility,14211,fox1909_10.1039_tf9090500068_t1,FOX(1909),n2,solubility_molality,293.75,1.0375,0,0,0,0,0,0,0.000704483,0.000695928,0.000695928,,1,0,0.0122926,0.000709246,5,20,-0.00671572,False,False,False
solubility,14213,fox1909_10.1039_tf9090500068_t1,FOX(1909),n2,solubility_molality,298.05,1.0448,0,0,0,0,0,0,0.000659107,0.000658008,0.000658008,8.06263e-06,2,0.0173285,0.00166936,0.000667173,5,18,-0.0120903,False,False,False
solubility,14215,fox1909_10.1039_tf9090500068_t1,FOX(1909),n2,solubility_molality,303.03,1.0554,0,0,0,0,0,0,0.000619698,0.000596997,0.000596997,,1,0,0.0380247,0.000625853,5,19,-0.00983529,False,False,False
solubility,14217,fox1909_10.1039_tf9090500068_t1,FOX(1909),n2,solubility_molality,308.14,1.0695,0,0,0,0,0,0,0.000588858,0.000572343,0.000572343,,1,0,0.0288557,,0,0,,False,False,False
solubility,14219,fox1909_10.1039_tf9090500068_t1,FOX(1909),n2,solubility_molality,314.64,1.0932,0,0,0,0,0,0,0.000553839,,,,0,,,0.000539269,3,12,0.0270195,False,False,False
solubility,14221,fox1909_10.1039_tf9090500068_t1,FOX(1909),n2,solubility_molality,319.94,1.1184,0,0,0,0,0,0,0.000524401,,,,0,,,0.000522532,3,9,0.0035769,False,False,False
solubility,14223,fox1909_10.1039_tf9090500068_t1,FOX(1909),n2,solubility_molality,323.04,1.1361,0,0,0,0,0,0,0.000511581,0.000516331,0.000516331,,1,0,-0.00920036,0.000515375,3,9,-0.00736243,False,False,False
solubility,14229,fox1909_10.1039_tf9090500068_t2,FOX(1909),o2,solubility_molality,278.66,1.0223,0,0,0,0,0,0,0.00189979,0.00191289,0.00191289,,1,0,-0.00684785,0.00189522,5,23,0.00240771,False,False,False
solubility,14231,fox1909_10.1039_tf9090500068_t2,FOX(1909),o2,solubility_molality,278.75,1.0223,0,0,0,0,0,0,0.00189979,0.00191289,0.00191289,,1,0,-0.00684566,0.00189093,5,23,0.00468503,False,False,False
solubility,14233,fox1909_10.1039_tf9090500068_t2,FOX(1909),o2,solubility_molality,283.97,1.0262,0,0,0,0,0,0,0.00168484,0.00164476,0.00164476,,1,0,0.0243687,0.00168156,5,26,0.00195039,False,False,False
solubility,14235,fox1909_10.1039_tf9090500068_t2,FOX(1909),o2,solubility_molality,284.05,1.0263,0,0,0,0,0,0,0.0016853,0.00164476,0.00164476,,1,0,0.0246482,0.00167859,5,26,0.00400153,False,False,False
solubility,14237,fox1909_10.1039_tf9090500068_t2,FOX(1909),o2,solubility_molality,288.75,1.031,0,0,0,0,0,0,0.00151707,0.00151433,0.00151433,3.92757e-05,2,0.0366792,0.00181157,0.00152657,5,23,-0.00622278,False,False,False
solubility,14239,fox1909_10.1039_tf9090500068_t2,FOX(1909),o2,solubility_molality,288.75,1.031,0,0,0,0,0,0,0.00152779,0.00151433,0.00151433,3.92757e-05,2,0.0366792,0.00888942,0.00152657,5,23,0.000798317,False,False,False
solubility,14241,fox1909_10.1039_tf9090500068_t2,FOX(1909),o2,solubility_molality,293.95,1.0378,0,0,0,0,0,0,0.00138802,,,,0,,,0.00138724,5,24,0.000562373,False,False,False
solubility,14243,fox1909_10.1039_tf9090500068_t2,FOX(1909),o2,solubility_molality,293.96,1.0378,0,0,0,0,0,0,0.00138176,,,,0,,,0.00138696,5,24,-0.00374667,False,False,False
solubility,14245,fox1909_10.1039_tf9090500068_t2,FOX(1909),o2,solubility_molality,299.15,1.0469,0,0,0,0,0,0,0.00127428,0.001268,0.001268,1.21392e-05,2,0.013539,0.00495289,0.00126854,5,20,0.0045283,False,False,False
solubility,14247,fox1909_10.1039_tf9090500068_t2,FOX(1909),o2,solubility_molality,299.15,1.0469,0,0,0,0,0,0,0.00127652,0.001268,0.001268,1.21392e-05,2,0.013539,0.00671782,0.00126854,5,20,0.00629248,False,False,False
solubility,14249,fox1909_10.1039_tf9090500068_t2,FOX(1909),o2,solubility_molality,304.13,1.0582,0,0,0,0,0,0,0.0011291,,,,0,,,0.0011803,5,20,-0.043381,False,False,False
solubility,14251,fox1909_10.1039_tf9090500068_t2,FOX(1909),o2,solubility_molality,304.19,1.0583,0,0,0,0,0,0,0.00112822,,,,0,,,0.00117934,5,20,-0.0433447,False,False,False
solubility,14253,fox1909_10.1039_tf9090500068_t2,FOX(1909),o2,solubility_molality,308.64,1.0711,0,0,0,0,0,0,0.00110655,0.00109965,0.00109965,,1,0,0.00626708,0.00111959,5,16,-0.0116519,False,False,False
solubility,14255,fox1909_10.1039_tf9090500068_t2,FOX(1909),o2,solubility_molality,308.74,1.0714,0,0,0,0,0,0,0.00110658,0.00109965,0.00109965,,1,0,0.00630232,0.00111807,5,16,-0.0102733,False,False,False
solubility,14257,fox1909_10.1039_tf9090500068_t2,FOX(1909),o2,solubility_molality,313.19,1.0873,0,0,0,0,0,0,0.0010486,,,,0,,,0.00104282,4,11,0.0055418,False,False,False
solubility,14259,fox1909_10.1039_tf9090500068_t2,FOX(1909),o2,solubility_molality,313.24,1.0875,0,0,0,0,0,0,0.00104772,,,,0,,,0.00104218,4,11,0.00530778,False,False,False
solubility,14261,fox1909_10.1039_tf9090500068_t2,FOX(1909),o2,solubility_molality,318.44,1.1106,0,0,0,0,0,0,0.000989095,0.000981739,0.000981739,,1,0,0.00749337,0.00097597,3,9,0.0134486,False,False,False
solubility,14263,fox1909_10.1039_tf9090500068_t2,FOX(1909),o2,solubility_molality,318.44,1.1106,0,0,0,0,0,0,0.000986842,0.000981739,0.000981739,,1,0,0.0051984,0.00097597,3,9,0.0111401,False,False,False
solubility,14265,fox1909_10.1039_tf9090500068_t2,FOX(1909),o2,solubility_molality,323.4,1.1383,0,0,0,0,0,0,0.000942945,,,,0,,,0.000950475,2,7,-0.00792317,False,False,False
solubility,14267,fox1909_10.1039_tf9090500068_t2,FOX(1909),o2,solubility_molality,323.44,1.1386,0,0,0,0,0,0,0.000942962,,,,0,,,0.000950283,2,7,-0.00770379,False,False,False
solubility,14273,fox1909_10.1039_tf9090500068_t3,FOX(1909),o2,solubility_molality,279.35,1.0227,0,0,0,0,0,0,0.00186904,,,,0,,,0.00186403,5,23,0.0026865,False,False,False
solubility,14275,fox1909_10.1039_tf9090500068_t3,FOX(1909),o2,solubility_molality,279.75,1.023,0,0,0,0,0,0,0.00185524,,,,0,,,0.00184701,5,23,0.00445511,False,False,False
solubility,14277,fox1909_10.1039_tf9090500068_t3,FOX(1909),o2,solubility_molality,282.68,1.0252,0,0,0,0,0,0,0.00172972,0.00164476,0.00164476,,1,0,0.0516533,0.00173084,5,24,-0.00064693,False,False,False
solubility,14279,fox1909_10.1039_tf9090500068_t3,FOX(1909),o2,solubility_molality,282.76,1.0252,0,0,0,0,0,0,0.00172973,0.00164476,0.00164476,,1,0,0.0516602,0.00172766,5,24,0.0012007,False,False,False
solubility,14281,fox1909_10.1039_tf9090500068_t3,FOX(1909),o2,solubility_molality,286.8,1.0289,0,0,0,0,0,0,0.00158495,0.00159007,0.00159007,2.11489e-05,2,0.0188099,-0.00322107,0.0015823,5,21,0.0016731,False,False,False
solubility,14283,fox1909_10.1039_tf9090500068_t3,FOX(1909),o2,solubility_molality,286.9,1.029,0,0,0,0,0,0,0.00157872,0.00158081,0.00158081,8.05663e-06,2,0.00720756,-0.00132417,0.00157922,5,21,-0.000319475,False,False,False
solubility,14285,fox1909_10.1039_tf9090500068_t3,FOX(1909),o2,solubility_molality,289.87,1.0323,0,0,0,0,0,0,0.00149368,0.00145356,0.00145356,,1,0,0.0276019,0.00149622,5,23,-0.00170114,False,False,False
solubility,14287,fox1909_10.1039_tf9090500068_t3,FOX(1909),o2,solubility_molality,289.9,1.0323,0,0,0,0,0,0,0.00148743,0.00145356,0.00145356,,1,0,0.023305,0.00149535,5,23,-0.00529443,False,False,False
solubility,14289,fox1909_10.1039_tf9090500068_t3,FOX(1909),o2,solubility_molality,296.95,1.0428,0,0,0,0,0,0,0.00132724,,,,0,,,0.00131579,5,21,0.00870268,False,False,False
solubility,14291,fox1909_10.1039_tf9090500068_t3,FOX(1909),o2,solubility_molality,297.05,1.0429,0,0,0,0,0,0,0.0013228,,,,0,,,0.00131343,5,21,0.00713377,False,False,False
solubility,14293,fox1909_10.1039_tf9090500068_t3,FOX(1909),o2,solubility_molality,303.01,1.0554,0,0,0,0,0,0,0.00118786,,,,0,,,0.00119811,5,20,-0.00856039,False,False,False
solubility,14295,fox1909_10.1039_tf9090500068_t3,FOX(1909),o2,solubility_molality,303.03,1.0554,0,0,0,0,0,0,0.0011919,,,,0,,,0.00119772,5,20,-0.00486467,False,False,False
solubility,14297,fox1909_10.1039_tf9090500068_t3,FOX(1909),o2,solubility_molality,310.66,1.0778,0,0,0,0,0,0,0.00108219,,,,0,,,0.00107997,5,15,0.00205759,False,False,False
solubility,14299,fox1909_10.1039_tf9090500068_t3,FOX(1909),o2,solubility_molality,310.69,1.0779,0,0,0,0,0,0,0.00108085,,,,0,,,0.00107938,5,15,0.00136123,False,False,False
solubility,14301,fox1909_10.1039_tf9090500068_t3,FOX(1909),o2,solubility_molality,316.4,1.1009,0,0,0,0,0,0,0.00100896,,,,0,,,0.000996055,4,11,0.012961,False,False,False
solubility,14303,fox1909_10.1039_tf9090500068_t3,FOX(1909),o2,solubility_molality,316.44,1.1011,0,0,0,0,0,0,0.00100853,,,,0,,,0.000995511,4,11,0.0130789,False,False,False
solubility,14324,crovetto1982_10.1063_1.443074_t1,CROVETTO(1982),ch4,solubility_molality,297.5,18.61,0,0,0,0,0,0,0.0241622,0.0257123,0.0257123,,1,0,-0.0602854,0.0238098,7,13,0.0148016,False,False,False
solubility,14338,kennan1990_10.1063_1.458911_t1,KENNAN(1990),n2,solubility_molality,298.15,45.172,0,0,0,0,0,0,0.0272236,,,,0,,,0.027958,2,7,-0.0262701,False,False,False
solubility,14340,kennan1990_10.1063_1.458911_t1,KENNAN(1990),n2,solubility_molality,298.15,51.1603,0,0,0,0,0,0,0.0304464,,,,0,,,0.0316672,2,9,-0.0385511,False,False,False
solubility,14342,kennan1990_10.1063_1.458911_t1,KENNAN(1990),n2,solubility_molality,298.15,64.5555,0,0,0,0,0,0,0.0378214,,,,0,,,0.0392455,2,6,-0.0362849,False,False,False
solubility,14344,kennan1990_10.1063_1.458911_t1,KENNAN(1990),n2,solubility_molality,298.15,78.3357,0,0,0,0,0,0,0.0449983,,,,0,,,0.0457324,3,5,-0.0160516,False,False,False
solubility,14411,yasunishi1977_10.1252_jcej.10.89_t1,YASUNISHI(1977),o2,solubility_molality,288.15,1.0303,0,0,0,0,0,0,0.0015421,0.00150449,0.00150449,2.53671e-05,2,0.0238449,0.0249965,0.00154512,5,36,-0.00195566,False,False,False
solubility,14413,yasunishi1977_10.1252_jcej.10.89_t1,YASUNISHI(1977),o2,solubility_molality,298.15,1.0449,0,0,0,0,0,0,0.00127658,0.00126741,0.00126741,1.13017e-05,2,0.0126107,0.00723994,0.00129024,5,33,-0.0105804,False,False,False
solubility,14415,yasunishi1977_10.1252_jcej.10.89_t1,YASUNISHI(1977),o2,solubility_molality,308.15,1.0695,0,0,0,0,0,0,0.00109965,0.00110657,0.00110657,,1,0,-0.00624545,0.00111162,5,31,-0.0107636,False,False,False
solubility,14417,yasunishi1977_10.1252_jcej.10.89_t1,YASUNISHI(1977),n2,solubility_molality,298.15,1.0449,0,0,0,0,0,0,0.000663709,0.000655707,0.000655707,4.80804e-06,2,0.0103699,0.0122044,0.000664553,5,24,-0.00126959,False,False,False
solubility,14449,laracruz2019_LaraCruz_2019_t3,LARACRUZ(2019),co2,solubility_molality,333.15,100,0,0,0,0,0,0,1.0848,1.05202,1.05146,0.0086668,5,0.0209121,0.0311546,1.0581,14,82,0.0252366,False,False,False
solubility,14450,laracruz2019_LaraCruz_2019_t3,LARACRUZ(2019),co2,solubility_molality,333.15,100,0,0,0,0,0,0,1.0735,1.05202,1.05146,0.0086668,5,0.0209121,0.0204135,1.0581,14,82,0.014557,False,False,False
solubility,14451,laracruz2019_LaraCruz_2019_t3,LARACRUZ(2019),co2,solubility_molality,333.15,100,0,0,0,0,0,0,1.0944,1.05202,1.05146,0.0086668,5,0.0209121,0.0402799,1.0581,14,82,0.0343094,False,False,False
solubility,14452,laracruz2019_LaraCruz_2019_t3,LARACRUZ(2019),co2,solubility_molality,333.15,100,0,0,0,0,0,0,1.0156,1.05202,1.05146,0.0086668,5,0.0209121,-0.0346233,1.0581,14,82,-0.0401639,False,False,False
solubility,14453,laracruz2019_LaraCruz_2019_t3,LARACRUZ(2019),co2,solubility_molality,333.15,100,0,0,0,0,0,0,1.0851,1.05202,1.05146,0.0086668,5,0.0209121,0.0314398,1.0581,14,82,0.0255201,False,False,False
solubility,14454,laracruz2019_LaraCruz_2019_t3,LARACRUZ(2019),co2,solubility_molality,333.15,100,0,0,0,0,0,0,1.0747,1.05202,1.05146,0.0086668,5,0.0209121,0.0215541,1.0581,14,82,0.0156911,False,False,False
solubility,14455,laracruz2019_LaraCruz_2019_t3,LARACRUZ(2019),co2,solubility_molality,333.15,100,0,0,0,0,0,0,1.0768,1.05202,1.05146,0.0086668,5,0.0209121,0.0235503,1.0581,14,82,0.0176758,False,False,False
solubility,14456,laracruz2019_LaraCruz_2019_t3,LARACRUZ(2019),co2,solubility_molality,333.15,100,0,0,0,0,0,0,1.0834,1.05202,1.05146,0.0086668,5,0.0209121,0.0298239,1.0581,14,82,0.0239134,False,False,False
solubility,14457,laracruz2019_LaraCruz_2019_t3,LARACRUZ(2019),co2,solubility_molality,333.15,100,0,0,0,0,0,0,1.0757,1.05202,1.05146,0.0086668,5,0.0209121,0.0225047,1.0581,14,82,0.0166362,False,False,False
solubility,14458,laracruz2019_LaraCruz_2019_t3,LARACRUZ(2019),co2,solubility_molality,333.15,100,0,0,0,0,0,0,1.1113,1.05202,1.05146,0.0086668,5,0.0209121,0.0563442,1.0581,14,82,0.0502815,False,False,False
solubility,14459,laracruz2019_LaraCruz_2019_t3,LARACRUZ(2019),co2,solubility_molality,333.15,100,0,0,0,0,0,0,1.1402,1.05202,1.05146,0.0086668,5,0.0209121,0.083815,1.0581,14,82,0.0775947,False,False,False
solubility,14460,laracruz2019_LaraCruz_2019_t3,LARACRUZ(2019),co2,solubility_molality,333.15,100,0,0,0,0,0,0,1.0606,1.05202,1.05146,0.0086668,5,0.0209121,0.00815138,1.0581,14,82,0.00236532,False,False,False
solubility,14461,laracruz2019_LaraCruz_2019_t3,LARACRUZ(2019),co2,solubility_molality,333.15,100,0,0,0,0,0,0,1.0992,1.05202,1.05146,0.0086668,5,0.0209121,0.0448425,1.0581,14,82,0.0388459,False,False,False
solubility,14462,laracruz2019_LaraCruz_2019_t3,LARACRUZ(2019),co2,solubility_molality,333.15,100,0,0,0,0,0,0,1.0238,1.05202,1.05146,0.0086668,5,0.0209121,-0.0268288,1.0581,14,82,-0.0324141,False,False,False
solubility,14463,laracruz2019_LaraCruz_2019_t3,LARACRUZ(2019),co2,solubility_molality,333.15,100,0,0,0,0,0,0,1.0399,1.05202,1.05146,0.0086668,5,0.0209121,-0.011525,1.0581,14,82,-0.0171981,False,False,False
solubility,14464,laracruz2019_LaraCruz_2019_t3,LARACRUZ(2019),co2,solubility_molality,333.15,100,0,0,0,0,0,0,1.0072,1.05202,1.05146,0.0086668,5,0.0209121,-0.0426079,1.0581,14,82,-0.0481026,False,False,False
solubility,14465,laracruz2019_LaraCruz_2019_t3,LARACRUZ(2019),co2,solubility_molality,333.15,100,0,0,0,0,0,0,1.059,1.05202,1.05146,0.0086668,5,0.0209121,0.0066305,1.0581,14,82,0.000853168,False,False,False
solubility,14466,laracruz2019_LaraCruz_2019_t3,LARACRUZ(2019),co2,solubility_molality,333.15,100,0,0,0,0,0,0,1.0826,1.05202,1.05146,0.0086668,5,0.0209121,0.0290634,1.0581,14,82,0.0231574,False,False,False
solubility,14467,laracruz2019_LaraCruz_2019_t3,LARACRUZ(2019),co2,solubility_molality,333.15,100,0,0,0,0,0,0,1.081,1.05202,1.05146,0.0086668,5,0.0209121,0.0275426,1.0581,14,82,0.0216452,False,False,False
solubility,14468,laracruz2019_LaraCruz_2019_t3,LARACRUZ(2019),co2,solubility_molality,333.15,100,0,0,0,0,0,0,1.0789,1.05202,1.05146,0.0086668,5,0.0209121,0.0255464,1.0581,14,82,0.0196605,False,False,False
solubility,14469,laracruz2019_LaraCruz_2019_t3,LARACRUZ(2019),co2,solubility_molality,333.15,100,0,0,0,0,0,0,1.117,1.05202,1.05146,0.0086668,5,0.0209121,0.0617623,1.0581,14,82,0.0556685,False,False,False
solubility,14470,laracruz2019_LaraCruz_2019_t3,LARACRUZ(2019),co2,solubility_molality,333.15,100,0,0,0,0,0,0,1.1319,1.05202,1.05146,0.0086668,5,0.0209121,0.0759255,1.0581,14,82,0.0697504,False,False,False
solubility,14471,laracruz2019_LaraCruz_2019_t3,LARACRUZ(2019),co2,solubility_molality,333.15,100,0,0,0,0,0,0,1.0539,1.05202,1.05146,0.0086668,5,0.0209121,0.00178271,1.0581,14,82,-0.0039668,False,False,False
thermo_brine,217,pabalan1988_10.1016_0016-7037(88)90296-7_t1,PABALAN(1988),,Cp_app,413.53,200,0.2,0,0,0,0,0.1,-68.8,-85,-85,,1,0,0.190588,,0,0,,False,False,False
thermo_brine,218,pabalan1988_10.1016_0016-7037(88)90296-7_t1,PABALAN(1988),,Cp_app,413.53,200,0.2,0,0,0,0,0.1,-75.9,-85,-85,,1,0,0.107059,,0,0,,False,False,False
thermo_brine,219,pabalan1988_10.1016_0016-7037(88)90296-7_t1,PABALAN(1988),,Cp_app,413.53,200,0.4998,0,0,0,0,0.2499,-30.8,-38,-38,,1,0,0.189474,,0,0,,False,False,False
thermo_brine,220,pabalan1988_10.1016_0016-7037(88)90296-7_t1,PABALAN(1988),,Cp_app,413.53,200,1,0,0,0,0,0.5,9.3,1.5,1.5,,1,0,5.2,,0,0,,False,False,False
thermo_brine,221,pabalan1988_10.1016_0016-7037(88)90296-7_t1,PABALAN(1988),,Cp_app,413.53,200,1.5002,0,0,0,0,0.7501,29.3,26.7,26.7,,1,0,0.0973783,,0,0,,False,False,False
thermo_brine,222,pabalan1988_10.1016_0016-7037(88)90296-7_t1,PABALAN(1988),,Cp_app,413.53,200,2,0,0,0,0,1,52.1,47.1,47.1,,1,0,0.106157,,0,0,,False,False,False
thermo_brine,560,rogers1981_10.1021_j150620a008_t1,ROGERS(1981),,Cp_app,414.2,200,0.199,0,0,0,0,0.0995,-85,-72.35,-72.35,,1,0,-0.174845,,0,0,,False,False,False
thermo_brine,561,rogers1981_10.1021_j150620a008_t1,ROGERS(1981),,Cp_app,414.2,200,0.4982,0,0,0,0,0.2491,-38,-30.8,-30.8,,1,0,-0.233766,-31.5433,1,3,-0.204692,False,False,False
thermo_brine,562,rogers1981_10.1021_j150620a008_t1,ROGERS(1981),,Cp_app,414.2,200,0.9972,0,0,0,0,0.4986,1.5,9.3,9.3,,1,0,-0.83871,8.49168,1,4,-0.823357,False,False,False
thermo_brine,563,rogers1981_10.1021_j150620a008_t1,ROGERS(1981),,Cp_app,414.2,200,1.4972,0,0,0,0,0.7486,26.7,29.3,29.3,,1,0,-0.0887372,,0,0,,False,False,False
thermo_brine,564,rogers1981_10.1021_j150620a008_t1,ROGERS(1981),,Cp_app,414.2,200,1.999,0,0,0,0,0.9995,47.1,52.1,52.1,,1,0,-0.0959693,,0,0,,False,False,False
y_h2o,0,yh2o_c2h6_mohammadi2004,MOHAMMADI(2004),c2h6,y_h2o,282.93,5.06,0,0,0,0,0,0,0.002442,,,,0,,,0.00261007,1,4,-0.0643912,False,False,False
y_h2o,1,yh2o_c2h6_mohammadi2004,MOHAMMADI(2004),c2h6,y_h2o,288.11,18.59,0,0,0,0,0,0,0.001031,,,,0,,,0.000916682,1,9,0.124708,False,False,False
y_h2o,2,yh2o_c2h6_mohammadi2004,MOHAMMADI(2004),c2h6,y_h2o,292.95,10.49,0,0,0,0,0,0,0.002204,,,,0,,,0.00264699,1,10,-0.167356,False,False,False
y_h2o,3,yh2o_c2h6_mohammadi2004,MOHAMMADI(2004),c2h6,y_h2o,293.1,19.26,0,0,0,0,0,0,0.001305,,,,0,,,0.0013338,2,11,-0.0215947,False,False,False
y_h2o,4,yh2o_c2h6_mohammadi2004,MOHAMMADI(2004),c2h6,y_h2o,293.1,29.9,0,0,0,0,0,0,0.000832,,,,0,,,0.000756842,3,21,0.0993046,False,False,False
y_h2o,5,yh2o_c2h6_song1994,SONG(1994),c2h6,y_h2o,288.65,34.21,0,0,0,0,0,0,0.000525,0.000427,0.000427,,1,0,0.229508,0.000426185,3,19,0.231859,False,False,False
y_h2o,6,yh2o_c2h6_song1994,SONG(1994),c2h6,y_h2o,294.45,38.76,0,0,0,0,0,0,0.00065,,,,0,,,0.000583918,3,19,0.11317,False,False,False
y_h2o,7,yh2o_c2h6_song1994,SONG(1994),c2h6,y_h2o,299.85,43.45,0,0,0,0,0,0,0.000716,,,,0,,,0.00077614,2,14,-0.0774866,False,False,False
y_h2o,8,yh2o_c2h6_song1994,SONG(1994),c2h6,y_h2o,303.75,47.14,0,0,0,0,0,0,0.000736,0.000911,0.000911,,1,0,-0.192097,0.000911345,4,15,-0.192402,False,False,False
y_h2o,13,yh2o_ch4_binary,CHAPOY(2003),ch4,y_h2o,283.08,10.06,0,0,0,0,0,0,0.00124,0.00125,0.00125,,1,0,-0.008,0.00125749,2,10,-0.0139123,False,False,False
y_h2o,14,yh2o_ch4_binary,CHAPOY(2003),ch4,y_h2o,283.08,60.3,0,0,0,0,0,0,0.000292,,,,0,,,0.000246424,2,5,0.184948,False,False,False
y_h2o,15,yh2o_ch4_binary,CHAPOY(2003),ch4,y_h2o,288.11,10.44,0,0,0,0,0,0,0.00178,,,,0,,,0.00172283,2,13,0.0331838,False,False,False
y_h2o,18,yh2o_ch4_binary,CHAPOY(2003),ch4,y_h2o,293.11,9.92,0,0,0,0,0,0,0.00236,0.0024625,0.0024625,8.13173e-05,2,0.0467005,-0.0416244,0.00245908,2,10,-0.0402898,False,False,False
y_h2o,19,yh2o_ch4_binary,CHAPOY(2003),ch4,y_h2o,293.11,57.7,0,0,0,0,0,0,0.000483,,,,0,,,0.000544306,2,8,-0.112631,False,False,False
y_h2o,20,yh2o_ch4_binary,CHAPOY(2003),ch4,y_h2o,293.11,95.2,0,0,0,0,0,0,0.000338,,,,0,,,0.000385919,2,4,-0.124168,False,False,False
y_h2o,22,yh2o_ch4_binary,CHAPOY(2003),ch4,y_h2o,298.11,10.1,0,0,0,0,0,0,0.0033,0.003185,0.003185,0.000120208,2,0.0533752,0.0361068,0.00324872,2,9,0.0157849,False,False,False
y_h2o,23,yh2o_ch4_binary,CHAPOY(2003),ch4,y_h2o,298.11,63.9,0,0,0,0,0,0,0.000631,0.000837,0.000837,,1,0,-0.246117,,0,0,,False,False,False
y_h2o,29,yh2o_ch4_binary,CHAPOY(2003),ch4,y_h2o,303.11,60.6,0,0,0,0,0,0,0.000889,,,,0,,,0.000972797,5,11,-0.08614,False,False,False
y_h2o,30,yh2o_ch4_binary,CHAPOY(2003),ch4,y_h2o,303.11,98.4,0,0,0,0,0,0,0.000625,,,,0,,,0.000770679,3,7,-0.189027,False,False,False
y_h2o,31,yh2o_ch4_binary,CHAPOY(2003),ch4,y_h2o,303.11,175,0,0,0,0,0,0,0.000456,,,,0,,,0.000499466,4,8,-0.0870249,False,False,False
y_h2o,32,yh2o_ch4_binary,CHAPOY(2003),ch4,y_h2o,303.11,250.6,0,0,0,0,0,0,0.000371,,,,0,,,0.00034119,4,6,0.0873704,False,False,False
y_h2o,35,yh2o_ch4_binary,CHAPOY(2003),ch4,y_h2o,308.11,59.9,0,0,0,0,0,0,0.001114,,,,0,,,0.00130642,5,11,-0.147285,False,False,False
y_h2o,36,yh2o_ch4_binary,CHAPOY(2003),ch4,y_h2o,308.11,98.4,0,0,0,0,0,0,0.000807,,,,0,,,0.00124182,3,7,-0.350149,False,False,False
y_h2o,37,yh2o_ch4_binary,CHAPOY(2003),ch4,y_h2o,308.11,174.9,0,0,0,0,0,0,0.000577,,,,0,,,0.000664543,4,8,-0.131734,False,False,False
y_h2o,38,yh2o_ch4_binary,CHAPOY(2003),ch4,y_h2o,308.11,250.9,0,0,0,0,0,0,0.000495,,,,0,,,0.000478166,4,6,0.0352044,False,False,False
y_h2o,40,yh2o_ch4_binary,CHAPOY(2003),ch4,y_h2o,313.12,11,0,0,0,0,0,0,0.00746,0.00734,0.00734,,1,0,0.0163488,,0,0,,False,False,False
y_h2o,47,yh2o_ch4_binary,CHAPOY(2003),ch4,y_h2o,318.12,60.17,0,0,0,0,0,0,0.001985,,,,0,,,0.00206445,6,13,-0.0384865,False,False,False
y_h2o,48,yh2o_ch4_binary,CHAPOY(2003),ch4,y_h2o,318.12,100.1,0,0,0,0,0,0,0.001326,,,,0,,,0.00150187,4,8,-0.117103,False,False,False
y_h2o,49,yh2o_ch4_binary,CHAPOY(2003),ch4,y_h2o,318.12,175,0,0,0,0,0,0,0.00089,,,,0,,,0.00110489,4,7,-0.194488,False,False,False
y_h2o,50,yh2o_ch4_binary,CHAPOY(2003),ch4,y_h2o,318.12,251.2,0,0,0,0,0,0,0.000763,,,,0,,,0.000792518,4,6,-0.0372454,False,False,False
y_h2o,58,yh2o_ch4_binary,CHAPOY(2005),ch4,y_h2o,283,10.81,0,0,0,0,0,0,0.00122,,,,0,,,0.00118683,2,7,0.027949,False,False,False
y_h2o,62,yh2o_ch4_binary,CHAPOY(2005),ch4,y_h2o,287.7,9.93,0,0,0,0,0,0,0.00185,0.001775,0.001775,,1,0,0.0422535,0.00171004,2,10,0.0818453,False,False,False
y_h2o,65,yh2o_ch4_binary,CHAPOY(2005),ch4,y_h2o,292.7,9.76,0,0,0,0,0,0,0.00252,0.0023825,0.0023825,3.18198e-05,2,0.0188877,0.0577125,,0,0,,False,False,False
y_h2o,68,yh2o_ch4_binary,CHAPOY(2005),ch4,y_h2o,292.7,36.67,0,0,0,0,0,0,0.000703,,,,0,,,0.000696037,4,7,0.0100036,False,False,False
y_h2o,69,yh2o_ch4_binary,CHAPOY(2005),ch4,y_h2o,297.6,10.08,0,0,0,0,0,0,0.0031,0.003285,0.003285,2.12132e-05,2,0.00913242,-0.0563166,0.00316528,2,10,-0.0206233,False,False,False
y_h2o,70,yh2o_ch4_binary,CHAPOY(2005),ch4,y_h2o,297.5,23.42,0,0,0,0,0,0,0.00144,0.001483,0.001483,,1,0,-0.0289953,0.00142092,3,6,0.013429,False,False,False
y_h2o,73,yh2o_ch4_binary,FROST(2014),ch4,y_h2o,283.89,47.8,0,0,0,0,0,0,0.000441,,,,0,,,0.000318347,2,4,0.385281,False,False,False
y_h2o,74,yh2o_ch4_binary,FROST(2014),ch4,y_h2o,283.89,50.1,0,0,0,0,0,0,0.000298,,,,0,,,0.000310855,2,4,-0.0413534,False,False,False
y_h2o,78,yh2o_ch4_binary,FROST(2014),ch4,y_h2o,298.31,51.1,0,0,0,0,0,0,0.000985,,,,0,,,0.000745592,4,8,0.321097,False,False,False
y_h2o,79,yh2o_ch4_binary,FROST(2014),ch4,y_h2o,298.31,64.1,0,0,0,0,0,0,0.000837,,,,0,,,0.000588243,2,5,0.42288,False,True,True
y_h2o,80,yh2o_ch4_binary,FROST(2014),ch4,y_h2o,298.31,84.5,0,0,0,0,0,0,0.000687,,,,0,,,0.000444909,2,7,0.544135,False,True,True
y_h2o,83,yh2o_ch4_binary,FROST(2014),ch4,y_h2o,298.31,194.9,0,0,0,0,0,0,0.000378,,,,0,,,0.000338789,1,7,0.115737,False,False,False
y_h2o,85,yh2o_ch4_binary,FROST(2014),ch4,y_h2o,313.11,67.8,0,0,0,0,0,0,0.00136,,,,0,,,0.00145665,4,7,-0.0663511,False,False,False
y_h2o,86,yh2o_ch4_binary,FROST(2014),ch4,y_h2o,313.11,81.5,0,0,0,0,0,0,0.00118,,,,0,,,0.00126014,4,11,-0.0635963,False,False,False
y_h2o,87,yh2o_ch4_binary,FROST(2014),ch4,y_h2o,313.11,124.6,0,0,0,0,0,0,0.000855,,,,0,,,0.000827299,2,9,0.033484,False,False,False
y_h2o,88,yh2o_ch4_binary,FROST(2014),ch4,y_h2o,313.11,167.8,0,0,0,0,0,0,0.000682,,,,0,,,0.000724043,4,8,-0.0580665,False,False,False
y_h2o,89,yh2o_ch4_binary,FROST(2014),ch4,y_h2o,323.56,49.8,0,0,0,0,0,0,0.00387,0.002788,0.002788,,1,0,0.388092,,0,0,,False,False,False
y_h2o,94,yh2o_ch4_binary,OLDS(1942),ch4,y_h2o,310.93,83.1,0,0,0,0,0,0,0.001278,,,,0,,,0.00106275,4,12,0.202538,False,False,False
y_h2o,95,yh2o_ch4_binary,OLDS(1942),ch4,y_h2o,310.93,86.2,0,0,0,0,0,0,0.001467,,,,0,,,0.00103276,4,8,0.420465,False,True,True
y_h2o,96,yh2o_ch4_binary,OLDS(1942),ch4,y_h2o,310.93,137.2,0,0,0,0,0,0,0.000671,,,,0,,,0.000735397,2,10,-0.0875671,False,False,False
y_h2o,97,yh2o_ch4_binary,OLDS(1942),ch4,y_h2o,310.93,208.6,0,0,0,0,0,0,0.00063,0.0006995,0.0006995,7.07107e-07,2,0.00142959,-0.0993567,0.000633052,4,11,-0.00482135,False,False,False
y_h2o,98,yh2o_ch4_binary,OLDS(1942),ch4,y_h2o,310.93,279.2,0,0,0,0,0,0,0.000423,,,,0,,,0.000544622,3,10,-0.223315,False,False,False
y_h2o,99,yh2o_ch4_binary,OLDS(1942),ch4,y_h2o,310.93,346.6,0,0,0,0,0,0,0.000506,,,,0,,,0.000515861,3,10,-0.0191162,False,False,False
y_h2o,100,yh2o_ch4_binary,OLDS(1942),ch4,y_h2o,310.93,417.1,0,0,0,0,0,0,0.000484,0.0005638,0.0005638,2.82843e-07,2,0.000709471,-0.14154,,0,0,,False,False,False
y_h2o,101,yh2o_ch4_binary,OLDS(1942),ch4,y_h2o,310.93,485.2,0,0,0,0,0,0,0.000423,,,,0,,,0.000512297,3,8,-0.174308,False,False,False
y_h2o,102,yh2o_ch4_binary,OLDS(1942),ch4,y_h2o,310.93,553.6,0,0,0,0,0,0,0.000427,,,,0,,,0.000533643,2,5,-0.199839,False,False,False
y_h2o,138,yh2o_ch4_binary,OLDS(1942),ch4,y_h2o,444.26,34.4,0,0,0,0,0,0,0.25334,,,,0,,,0.261852,2,4,-0.0325072,False,False,False
y_h2o,142,yh2o_ch4_binary,OLDS(1942),ch4,y_h2o,444.26,281.6,0,0,0,0,0,0,0.04384,0.0437,0.0437,,1,0,0.00320366,,0,0,,False,False,False
y_h2o,143,yh2o_ch4_binary,OLDS(1942),ch4,y_h2o,444.26,345.8,0,0,0,0,0,0,0.03835,0.0381,0.0381,,1,0,0.00656168,,0,0,,False,False,False
y_h2o,148,yh2o_ch4_binary,OLDS(1942),ch4,y_h2o,444.26,688.8,0,0,0,0,0,0,0.02616,0.0269,0.0269,,1,0,-0.0275093,,0,0,,False,False,False
y_h2o,153,yh2o_ch4_binary,OLDS(1942),ch4,y_h2o,477.59,207.9,0,0,0,0,0,0,0.1136,0.1135,0.1135,0.000707107,2,0.00881057,0.000881057,0.113407,3,5,0.00170554,False,False,False
y_h2o,154,yh2o_ch4_binary,OLDS(1942),ch4,y_h2o,477.59,348,0,0,0,0,0,0,0.07961,,,,0,,,0.0786298,3,5,0.0124659,False,False,False
y_h2o,155,yh2o_ch4_binary,OLDS(1942),ch4,y_h2o,477.59,414.3,0,0,0,0,0,0,0.07024,0.07005,0.07005,7.07107e-05,2,0.00142755,0.00271235,0.0701585,3,5,0.00116194,False,False,False
y_h2o,156,yh2o_ch4_binary,OLDS(1942),ch4,y_h2o,477.59,485.3,0,0,0,0,0,0,0.065198,,,,0,,,0.0647348,3,6,0.00715575,False,False,False
y_h2o,157,yh2o_ch4_binary,OLDS(1942),ch4,y_h2o,477.59,556.7,0,0,0,0,0,0,0.06082,,,,0,,,0.0608463,3,8,-0.000432573,False,False,False
y_h2o,158,yh2o_ch4_binary,OLDS(1942),ch4,y_h2o,477.59,625.8,0,0,0,0,0,0,0.0563,0.05715,0.05715,0.000212132,2,0.00524934,-0.0148731,0.0570077,3,6,-0.012414,False,False,False
y_h2o,159,yh2o_ch4_binary,OLDS(1942),ch4,y_h2o,477.59,686.7,0,0,0,0,0,0,0.05328,,,,0,,,0.054163,3,7,-0.0163027,False,False,False
y_h2o,177,yh2o_ch4_binary,YARRISON(2006),ch4,y_h2o,310.9,34.5,0,0,0,0,0,0,0.002209,0.00221,0.00221,,1,0,-0.000452489,,0,0,,False,False,False
y_h2o,178,yh2o_ch4_binary,YARRISON(2006),ch4,y_h2o,310.9,68.9,0,0,0,0,0,0,0.001248,0.00125,0.00125,,1,0,-0.0016,0.0012452,4,9,0.00225049,False,False,False
y_h2o,179,yh2o_ch4_binary,YARRISON(2006),ch4,y_h2o,310.9,206.8,0,0,0,0,0,0,0.0007,0.0006645,0.0006645,4.87904e-05,2,0.103837,0.0534236,0.00062073,4,12,0.127704,False,False,False
y_h2o,180,yh2o_ch4_binary,YARRISON(2006),ch4,y_h2o,310.9,413.7,0,0,0,0,0,0,0.000564,0.0005238,0.0005238,5.62857e-05,2,0.151966,0.0767468,0.000488925,3,9,0.15355,False,False,False
y_h2o,181,yh2o_ch4_binary,YARRISON(2006),ch4,y_h2o,313.9,620.5,0,0,0,0,0,0,0.00049,0.00049,0.00049,,1,0,0,0.00049,2,4,6.63797e-16,False,False,False
y_h2o,184,yh2o_ch4_binary,YARRISON(2006),ch4,y_h2o,366.5,34.5,0,0,0,0,0,0,0.02354,0.0235,0.0235,,1,0,0.00170213,0.0235,2,4,0.00170213,False,False,False
y_h2o,185,yh2o_ch4_binary,YARRISON(2006),ch4,y_h2o,366.5,68.9,0,0,0,0,0,0,0.01325,0.0133,0.0133,,1,0,-0.0037594,0.0133,3,5,-0.0037594,False,False,False
y_h2o,186,yh2o_ch4_binary,YARRISON(2006),ch4,y_h2o,366.5,206.8,0,0,0,0,0,0,0.00656,0.00656,0.00656,,1,0,0,,0,0,,False,False,False
y_h2o,187,yh2o_ch4_binary,YARRISON(2006),ch4,y_h2o,366.5,413.7,0,0,0,0,0,0,0.00396,0.00397,0.00397,,1,0,-0.00251889,,0,0,,False,False,False
y_h2o,188,yh2o_ch4_binary,YARRISON(2006),ch4,y_h2o,366.5,620.5,0,0,0,0,0,0,0.00344,0.00345,0.00345,,1,0,-0.00289855,,0,0,,False,False,False
y_h2o,189,yh2o_ch4_binary,YARRISON(2006),ch4,y_h2o,366.5,758.4,0,0,0,0,0,0,0.00313,0.00314,0.00314,,1,0,-0.00318471,0.00313565,1,3,-0.00180244,False,False,False
y_h2o,190,yh2o_ch4_binary,YARRISON(2006),ch4,y_h2o,366.5,896.3,0,0,0,0,0,0,0.00288,0.00289,0.00289,,1,0,-0.00346021,,0,0,,False,False,False
y_h2o,191,yh2o_ch4_binary,YARRISON(2006),ch4,y_h2o,422.04,34.5,0,0,0,0,0,0,0.1246,0.125,0.125,,1,0,-0.0032,0.128105,3,4,-0.0273588,False,False,False
y_h2o,192,yh2o_ch4_binary,YARRISON(2006),ch4,y_h2o,422.04,68.9,0,0,0,0,0,0,0.0746,0.0747,0.0747,,1,0,-0.00133869,,0,0,,False,False,False
y_h2o,193,yh2o_ch4_binary,YARRISON(2006),ch4,y_h2o,422.04,206.8,0,0,0,0,0,0,0.0316,0.0317,0.0317,,1,0,-0.00315457,,0,0,,False,False,False
y_h2o,194,yh2o_ch4_binary,YARRISON(2006),ch4,y_h2o,422.04,413.7,0,0,0,0,0,0,0.0204,0.02065,0.02065,0.000212132,2,0.0145278,-0.0121065,,0,0,,False,False,False
y_h2o,195,yh2o_ch4_binary,YARRISON(2006),ch4,y_h2o,422.04,620.5,0,0,0,0,0,0,0.0165,0.0166,0.0166,,1,0,-0.0060241,,0,0,,False,False,False
y_h2o,198,yh2o_ch4_binary,YARRISON(2006),ch4,y_h2o,466.5,34.5,0,0,0,0,0,0,0.415,0.416,0.416,,1,0,-0.00240385,,0,0,,False,False,False
y_h2o,200,yh2o_ch4_binary,YARRISON(2006),ch4,y_h2o,466.5,206.8,0,0,0,0,0,0,0.084,0.0835,0.0835,,1,0,0.00598802,0.0835,2,4,0.00598802,False,False,False
y_h2o,201,yh2o_ch4_binary,YARRISON(2006),ch4,y_h2o,466.5,413.7,0,0,0,0,0,0,0.06,0.0602,0.0602,,1,0,-0.00332226,0.0602,2,4,-0.00332226,False,False,False
y_h2o,202,yh2o_ch4_binary,YARRISON(2006),ch4,y_h2o,466.5,620.5,0,0,0,0,0,0,0.046,0.0455,0.0455,,1,0,0.010989,,0,0,,False,False,False
y_h2o,203,yh2o_ch4_binary,YARRISON(2006),ch4,y_h2o,466.5,758.4,0,0,0,0,0,0,0.04,0.0401,0.0401,,1,0,-0.00249377,0.0403367,2,5,-0.00834829,False,False,False
y_h2o,204,yh2o_ch4_binary,YARRISON(2006),ch4,y_h2o,466.5,965.3,0,0,0,0,0,0,0.035,0.0353,0.0353,,1,0,-0.00849858,0.0354794,2,6,-0.0135131,False,False,False
y_h2o,205,yh2o_ch4_binary,YARRISON(2006),ch4,y_h2o,466.5,1103.2,0,0,0,0,0,0,0.033,0.0334,0.0334,,1,0,-0.011976,0.0333472,2,4,-0.0104105,False,False,False
y_h2o,206,yh2o_ch4_binary,YARRISON(2006),ch4,y_h2o,477.5,34.5,0,0,0,0,0,0,0.546,0.547,0.547,,1,0,-0.00182815,,0,0,,False,False,False
y_h2o,208,yh2o_ch4_binary,YARRISON(2006),ch4,y_h2o,477.5,206.8,0,0,0,0,0,0,0.113,0.1138,0.1138,0.000282843,2,0.00351494,-0.00702988,0.113854,3,4,-0.00750303,False,False,False
y_h2o,209,yh2o_ch4_binary,YARRISON(2006),ch4,y_h2o,477.5,413.7,0,0,0,0,0,0,0.07,0.07017,0.07017,9.89949e-05,2,0.00199515,-0.00242269,0.070756,3,8,-0.0106844,False,False,False
y_h2o,210,yh2o_ch4_binary,YARRISON(2006),ch4,y_h2o,477.5,620.5,0,0,0,0,0,0,0.057,0.0568,0.0568,0.000707107,2,0.0176056,0.00352113,0.0569047,3,8,0.00167558,False,False,False
y_h2o,211,yh2o_ch4_binary,YARRISON(2006),ch4,y_h2o,477.5,758.4,0,0,0,0,0,0,0.051,0.0515,0.0515,,1,0,-0.00970874,0.0521458,3,8,-0.021973,False,False,False
y_h2o,212,yh2o_ch4_binary,YARRISON(2006),ch4,y_h2o,477.5,965.3,0,0,0,0,0,0,0.0494,0.0492,0.0492,,1,0,0.00406504,0.0491741,3,5,0.00459352,False,False,False
y_h2o,214,yh2o_ch4_binary,YOKOYAMA(1988),ch4,y_h2o,298.15,30,0,0,0,0,0,0,0.001183,0.001175,0.001175,,1,0,0.00680851,0.00118775,3,10,-0.00400308,False,False,False
y_h2o,215,yh2o_ch4_binary,YOKOYAMA(1988),ch4,y_h2o,298.15,50,0,0,0,0,0,0,0.000742,,,,0,,,0.000838688,4,9,-0.115285,False,False,False
y_h2o,216,yh2o_ch4_binary,YOKOYAMA(1988),ch4,y_h2o,298.15,80,0,0,0,0,0,0,0.000431,,,,0,,,0.000630845,2,9,-0.316789,False,False,False
y_h2o,217,yh2o_ch4_binary,YOKOYAMA(1988),ch4,y_h2o,323.15,30,0,0,0,0,0,0,0.004468,0.004474,0.004474,,1,0,-0.00134108,,0,0,,False,False,False
y_h2o,218,yh2o_ch4_binary,YOKOYAMA(1988),ch4,y_h2o,323.15,50,0,0,0,0,0,0,0.002788,0.00387,0.00387,,1,0,-0.279587,0.0032806,3,5,-0.150156,False,False,False
y_h2o,219,yh2o_ch4_binary,YOKOYAMA(1988),ch4,y_h2o,323.15,80,0,0,0,0,0,0,0.002106,,,,0,,,0.00236025,4,6,-0.10772,False,False,False
y_h2o,220,yh2o_ch4_mohammadi2004,MOHAMMADI(2004),ch4,y_h2o,282.98,11.47,0,0,0,0,0,0,0.001143,,,,0,,,0.00114313,2,7,-0.000115431,False,False,False
y_h2o,221,yh2o_ch4_mohammadi2004,MOHAMMADI(2004),ch4,y_h2o,283.08,10.05,0,0,0,0,0,0,0.00124,0.00124,0.00124,,1,0,0,0.00126356,2,6,-0.0186437,False,False,False
y_h2o,222,yh2o_ch4_mohammadi2004,MOHAMMADI(2004),ch4,y_h2o,283.15,10.03,0,0,0,0,0,0,0.00126,0.00124,0.00124,,1,0,0.016129,0.00127153,2,7,-0.00907076,False,False,False
y_h2o,223,yh2o_ch4_mohammadi2004,MOHAMMADI(2004),ch4,y_h2o,288.11,10,0,0,0,0,0,0,0.00178,0.00185,0.00185,,1,0,-0.0378378,0.00180616,2,8,-0.0144812,False,False,False
y_h2o,224,yh2o_ch4_mohammadi2004,MOHAMMADI(2004),ch4,y_h2o,288.15,10.05,0,0,0,0,0,0,0.00177,0.00185,0.00185,,1,0,-0.0432432,0.00180434,2,8,-0.0190344,False,False,False
y_h2o,226,yh2o_ch4_mohammadi2004,MOHAMMADI(2004),ch4,y_h2o,293.01,9.92,0,0,0,0,0,0,0.00241,0.00244,0.00244,0.000113137,2,0.0655738,-0.0122951,0.00246008,2,7,-0.0203587,False,False,False
y_h2o,227,yh2o_ch4_mohammadi2004,MOHAMMADI(2004),ch4,y_h2o,293.01,20.51,0,0,0,0,0,0,0.00117,,,,0,,,0.0012497,2,6,-0.0637751,False,False,False
y_h2o,228,yh2o_ch4_mohammadi2004,MOHAMMADI(2004),ch4,y_h2o,293.11,9.9,0,0,0,0,0,0,0.0024,0.00244,0.00244,0.000113137,2,0.0655738,-0.0163934,0.00247914,2,7,-0.0319221,False,False,False
y_h2o,232,yh2o_ch4_mohammadi2004,MOHAMMADI(2004),ch4,y_h2o,298.01,28.46,0,0,0,0,0,0,0.001218,,,,0,,,0.00123899,3,9,-0.016944,False,False,False
y_h2o,233,yh2o_ch4_mohammadi2004,MOHAMMADI(2004),ch4,y_h2o,298.11,10.1,0,0,0,0,0,0,0.00327,0.0032,0.0032,0.000141421,2,0.0625,0.021875,0.00326804,2,7,0.000599004,False,False,False
y_h2o,234,yh2o_ch4_mohammadi2004,MOHAMMADI(2004),ch4,y_h2o,303.11,10.3,0,0,0,0,0,0,0.0044,,,,0,,,0.00430429,2,5,0.0222353,False,False,False
y_h2o,236,yh2o_ch4_mohammadi2004,MOHAMMADI(2004),ch4,y_h2o,313.12,10.9,0,0,0,0,0,0,0.00734,0.00746,0.00746,,1,0,-0.0160858,,0,0,,False,False,False
y_h2o,243,yh2o_ch4_tabasinejad2011,TABASINEJAD(2011),ch4,y_h2o,422.7,416.2,0,0,0,0,0,0,0.0208,0.02045,0.02045,7.07107e-05,2,0.00488998,0.0171149,,0,0,,False,False,False
y_h2o,250,yh2o_ch4_tabasinejad2011,TABASINEJAD(2011),ch4,y_h2o,444.1,278.6,0,0,0,0,0,0,0.0437,0.04384,0.04384,,1,0,-0.00319343,,0,0,,False,False,False
y_h2o,251,yh2o_ch4_tabasinejad2011,TABASINEJAD(2011),ch4,y_h2o,444.1,345.3,0,0,0,0,0,0,0.0381,0.03835,0.03835,,1,0,-0.0065189,,0,0,,False,False,False
y_h2o,253,yh2o_ch4_tabasinejad2011,TABASINEJAD(2011),ch4,y_h2o,444.1,692.9,0,0,0,0,0,0,0.0269,0.02616,0.02616,,1,0,0.0282875,,0,0,,False,False,False
y_h2o,256,yh2o_ch4_tabasinejad2011,TABASINEJAD(2011),ch4,y_h2o,461.6,41,0,0,0,0,0,0,0.3357,,,,0,,,0.318494,3,5,0.0540242,False,False,False
y_h2o,275,yh2o_co2_binary,BAMBERGE,co2,y_h2o,323.2,40.5,0,0,0,0,0,0,0.0046,,,,0,,,0.00433519,5,13,0.0610843,False,False,False
y_h2o,276,yh2o_co2_binary,BAMBERGE,co2,y_h2o,323.2,50.6,0,0,0,0,0,0,0.0036,0.0038174,0.0038174,,1,0,-0.0569505,0.00380411,6,14,-0.0536544,False,False,False
y_h2o,277,yh2o_co2_binary,BAMBERGE,co2,y_h2o,323.2,60.6,0,0,0,0,0,0,0.0037,0.00351903,0.00351903,5.51909e-05,2,0.0221799,0.0514273,0.00358216,8,17,0.0328973,False,False,False
y_h2o,278,yh2o_co2_binary,BAMBERGE,co2,y_h2o,323.2,70.8,0,0,0,0,0,0,0.0034,,,,0,,,0.00344736,9,19,-0.0137385,False,False,False
y_h2o,279,yh2o_co2_binary,BAMBERGE,co2,y_h2o,323.2,80.8,0,0,0,0,0,0,0.0034,,,,0,,,0.00360271,10,22,-0.0562671,False,False,False
y_h2o,280,yh2o_co2_binary,BAMBERGE,co2,y_h2o,323.2,90.9,0,0,0,0,0,0,0.0041,0.0049,0.00463,0.00079038,3,0.308163,-0.163265,0.00417795,10,21,-0.0186565,False,False,False
y_h2o,281,yh2o_co2_binary,BAMBERGE,co2,y_h2o,323.2,101,0,0,0,0,0,0,0.0045,0.00497068,0.00495034,0.000619166,4,0.229345,-0.094691,0.00468829,9,20,-0.0401625,False,False,False
y_h2o,282,yh2o_co2_binary,BAMBERGE,co2,y_h2o,323.2,111,0,0,0,0,0,0,0.005,,,,0,,,0.0051781,9,19,-0.0343954,False,False,False
y_h2o,283,yh2o_co2_binary,BAMBERGE,co2,y_h2o,323.2,121,0,0,0,0,0,0,0.0055,0.00535,0.00535,0.000113137,2,0.0299065,0.0280374,0.00552438,9,17,-0.00441296,False,False,False
y_h2o,284,yh2o_co2_binary,BAMBERGE,co2,y_h2o,323.2,141,0,0,0,0,0,0,0.0061,0.00851,0.00851,,1,0,-0.283196,0.00621137,6,15,-0.0179297,False,False,False
y_h2o,285,yh2o_co2_binary,BAMBERGE,co2,y_h2o,333.2,40.5,0,0,0,0,0,0,0.0066,0.0067515,0.0067515,,1,0,-0.0224395,,0,0,,False,False,False
y_h2o,286,yh2o_co2_binary,BAMBERGE,co2,y_h2o,333.2,50.6,0,0,0,0,0,0,0.0055,0.0058609,0.0058609,,1,0,-0.0615776,0.00581561,2,5,-0.0542696,False,False,False
y_h2o,287,yh2o_co2_binary,BAMBERGE,co2,y_h2o,333.2,60.6,0,0,0,0,0,0,0.0055,,,,0,,,0.00526684,2,7,0.0442685,False,False,False
y_h2o,288,yh2o_co2_binary,BAMBERGE,co2,y_h2o,333.2,70.8,0,0,0,0,0,0,0.0051,,,,0,,,0.00508593,3,8,0.00276737,False,False,False
y_h2o,289,yh2o_co2_binary,BAMBERGE,co2,y_h2o,333.2,80.8,0,0,0,0,0,0,0.005,,,,0,,,0.0049069,2,8,0.0189732,False,False,False
y_h2o,290,yh2o_co2_binary,BAMBERGE,co2,y_h2o,333.2,90.9,0,0,0,0,0,0,0.0047,,,,0,,,0.00508499,2,7,-0.0757102,False,False,False
y_h2o,291,yh2o_co2_binary,BAMBERGE,co2,y_h2o,333.2,101,0,0,0,0,0,0,0.0049,,,,0,,,0.00524819,2,7,-0.0663444,False,False,False
y_h2o,292,yh2o_co2_binary,BAMBERGE,co2,y_h2o,333.2,111,0,0,0,0,0,0,0.0053,,,,0,,,0.00553837,2,5,-0.0430402,False,False,False
y_h2o,293,yh2o_co2_binary,BAMBERGE,co2,y_h2o,333.2,121,0,0,0,0,0,0,0.0058,,,,0,,,0.00596521,2,5,-0.0276951,False,False,False
y_h2o,294,yh2o_co2_binary,BAMBERGE,co2,y_h2o,333.2,141,0,0,0,0,0,0,0.0078,,,,0,,,0.00672951,1,4,0.159074,False,False,False
y_h2o,295,yh2o_co2_binary,BAMBERGE,co2,y_h2o,353.1,40.5,0,0,0,0,0,0,0.0143,0.015051,0.015051,,1,0,-0.049897,0.0148973,3,10,-0.0400941,False,False,False
y_h2o,297,yh2o_co2_binary,BAMBERGE,co2,y_h2o,353.1,70.8,0,0,0,0,0,0,0.0104,,,,0,,,0.0108832,4,6,-0.0443947,False,False,False
y_h2o,298,yh2o_co2_binary,BAMBERGE,co2,y_h2o,353.1,80.8,0,0,0,0,0,0,0.0097,,,,0,,,0.0105641,5,7,-0.081797,False,False,False
y_h2o,300,yh2o_co2_binary,BAMBERGE,co2,y_h2o,353.1,101,0,0,0,0,0,0,0.0093,,,,0,,,0.00924037,5,8,0.00645348,False,False,False
y_h2o,301,yh2o_co2_binary,BAMBERGE,co2,y_h2o,353.1,111,0,0,0,0,0,0,0.009,,,,0,,,0.00933463,5,11,-0.0358482,False,False,False
y_h2o,302,yh2o_co2_binary,BAMBERGE,co2,y_h2o,353.1,121,0,0,0,0,0,0,0.0096,,,,0,,,0.00947121,5,11,0.0135984,False,False,False
y_h2o,303,yh2o_co2_binary,BAMBERGE,co2,y_h2o,353.1,131,0,0,0,0,0,0,0.01,,,,0,,,0.00961717,4,10,0.0398065,False,False,False
y_h2o,304,yh2o_co2_binary,Briones,co2,y_h2o,323.15,68.2,0,0,0,0,0,0,0.00339,,,,0,,,0.00348109,9,26,-0.0261684,False,False,False
y_h2o,305,yh2o_co2_binary,Briones,co2,y_h2o,323.15,75.3,0,0,0,0,0,0,0.00345,0.00348393,0.00348393,,1,0,-0.009738,0.0035049,11,28,-0.0156633,False,False,False
y_h2o,306,yh2o_co2_binary,Briones,co2,y_h2o,323.15,87.2,0,0,0,0,0,0,0.00364,,,,0,,,0.00393098,11,27,-0.0740225,False,False,False
y_h2o,307,yh2o_co2_binary,Briones,co2,y_h2o,323.15,101.3,0,0,0,0,0,0,0.00436,0.004985,0.00498534,0.000577207,4,0.206348,-0.125376,0.00489874,10,28,-0.109975,False,False,False
y_h2o,308,yh2o_co2_binary,Briones,co2,y_h2o,323.15,122.1,0,0,0,0,0,0,0.00543,0.005385,0.005385,0.000162635,2,0.0427112,0.00835655,0.00601227,10,23,-0.0968466,False,False,False
y_h2o,309,yh2o_co2_binary,Briones,co2,y_h2o,323.15,147.5,0,0,0,0,0,0,0.00608,,,,0,,,0.00693955,7,16,-0.123863,False,False,False
y_h2o,310,yh2o_co2_binary,Briones,co2,y_h2o,323.15,176.8,0,0,0,0,0,0,0.00643,0.00637,0.00637,,1,0,0.00941915,0.00733309,7,13,-0.123153,False,False,False
y_h2o,311,yh2o_co2_binary,DOHRN,co2,y_h2o,323.15,101,0,0,0,0,0,0,0.00547,0.00448568,0.00470784,0.000531549,4,0.254142,0.219437,0.00472965,10,31,0.156533,False,False,False
y_h2o,312,yh2o_co2_binary,DOHRN,co2,y_h2o,323.15,201,0,0,0,0,0,0,0.00682,0.00846138,0.00846138,0.00245878,2,0.410954,-0.193985,0.00748444,6,12,-0.088776,False,False,False
y_h2o,314,yh2o_co2_binary,DSOUZA,co2,y_h2o,323.15,101.3,0,0,0,0,0,0,0.0055,0.00448568,0.00470034,0.000516649,4,0.247454,0.226124,0.00474831,10,31,0.158306,False,False,False
y_h2o,315,yh2o_co2_binary,DSOUZA,co2,y_h2o,323.15,152,0,0,0,0,0,0,0.0079,0.00605947,0.00605947,,1,0,0.303744,0.00668385,7,18,0.181954,False,False,False
y_h2o,316,yh2o_co2_binary,DSOUZA,co2,y_h2o,348.15,101.3,0,0,0,0,0,0,0.0074,0.00821805,0.00821805,,1,0,-0.0995431,0.00776582,5,13,-0.0471065,False,False,False
y_h2o,317,yh2o_co2_binary,DSOUZA,co2,y_h2o,348.15,152,0,0,0,0,0,0,0.009,0.00848238,0.00848238,0.00138929,2,0.231628,0.0610231,0.00856751,4,11,0.0504797,False,False,False
y_h2o,318,yh2o_co2_binary,HOU,co2,y_h2o,298.15,16.66,0,0,0,0,0,0,0.00268,,,,0,,,0.00233454,4,8,0.147979,False,False,False
y_h2o,319,yh2o_co2_binary,HOU,co2,y_h2o,298.15,32.6,0,0,0,0,0,0,0.0016,,,,0,,,0.00145489,6,21,0.0997419,False,False,False
y_h2o,320,yh2o_co2_binary,HOU,co2,y_h2o,298.15,63.9,0,0,0,0,0,0,0.00194,,,,0,,,0.00175861,7,26,0.103146,False,False,False
y_h2o,321,yh2o_co2_binary,HOU,co2,y_h2o,323.15,10.9,0,0,0,0,0,0,0.02811,,,,0,,,0.0116788,3,4,1.40692,False,True,True
y_h2o,322,yh2o_co2_binary,HOU,co2,y_h2o,323.15,29.8,0,0,0,0,0,0,0.00507,,,,0,,,0.0053581,6,13,-0.0537698,False,False,False
y_h2o,323,yh2o_co2_binary,HOU,co2,y_h2o,323.15,74.1,0,0,0,0,0,0,0.0035,0.00345,0.00345,0,2,0,0.0144928,0.0034859,12,32,0.00404525,False,False,False
y_h2o,324,yh2o_co2_binary,HOU,co2,y_h2o,323.15,100.2,0,0,0,0,0,0,0.00403,0.0045,0.00486027,0.000572788,5,0.253333,-0.104444,0.00472265,11,33,-0.146666,False,False,False
y_h2o,325,yh2o_co2_binary,HOU,co2,y_h2o,323.15,129.7,0,0,0,0,0,0,0.00533,,,,0,,,0.00614859,9,22,-0.133134,False,False,False
y_h2o,326,yh2o_co2_binary,HOU,co2,y_h2o,323.15,175.3,0,0,0,0,0,0,0.00614,0.0064,0.0064,4.24264e-05,2,0.009375,-0.040625,0.00714441,8,15,-0.140587,False,False,False
y_h2o,328,yh2o_co2_binary,HOU,co2,y_h2o,348.15,29.2,0,0,0,0,0,0,0.01422,,,,0,,,0.0125841,4,9,0.129996,False,False,False
y_h2o,329,yh2o_co2_binary,HOU,co2,y_h2o,348.15,71.2,0,0,0,0,0,0,0.00845,,,,0,,,0.00938944,4,11,-0.100053,False,False,False
y_h2o,330,yh2o_co2_binary,HOU,co2,y_h2o,348.15,101.7,0,0,0,0,0,0,0.00805,0.0074,0.00730602,0.000962473,3,0.259196,0.0878378,0.00769388,6,14,0.0462855,False,False,False
y_h2o,331,yh2o_co2_binary,HOU,co2,y_h2o,348.15,132.8,0,0,0,0,0,0,0.00836,,,,0,,,0.00829124,5,14,0.00829288,False,False,False
y_h2o,332,yh2o_co2_binary,HOU,co2,y_h2o,348.15,169.2,0,0,0,0,0,0,0.00996,,,,0,,,0.00904072,5,9,0.101682,False,False,False
y_h2o,333,yh2o_co2_binary,HOU,co2,y_h2o,373.15,11.07,0,0,0,0,0,0,0.08802,,,,0,,,0.0896355,3,5,-0.0180231,False,False,False
y_h2o,335,yh2o_co2_binary,HOU,co2,y_h2o,373.15,70.9,0,0,0,0,0,0,0.02102,,,,0,,,0.0195232,4,5,0.0766703,False,False,False
y_h2o,336,yh2o_co2_binary,HOU,co2,y_h2o,373.15,102.4,0,0,0,0,0,0,0.01747,,,,0,,,0.0158585,3,4,0.101619,False,False,False
y_h2o,337,yh2o_co2_binary,HOU,co2,y_h2o,373.15,133.5,0,0,0,0,0,0,0.01675,,,,0,,,0.0210631,2,4,-0.204771,False,False,False
y_h2o,338,yh2o_co2_binary,HOU,co2,y_h2o,373.15,170.7,0,0,0,0,0,0,0.01712,,,,0,,,0.0280205,3,4,-0.389019,False,False,False
y_h2o,339,yh2o_co2_binary,HOU,co2,y_h2o,423.15,14.28,0,0,0,0,0,0,0.3464,,,,0,,,0.357368,1,6,-0.0306898,False,False,False
y_h2o,340,yh2o_co2_binary,HOU,co2,y_h2o,423.15,29.87,0,0,0,0,0,0,0.18927,,,,0,,,0.199547,3,7,-0.0515025,False,False,False
y_h2o,341,yh2o_co2_binary,HOU,co2,y_h2o,423.15,72,0,0,0,0,0,0,0.09452,0.0822,0.0822,,1,0,0.149878,,0,0,,False,False,False
y_h2o,342,yh2o_co2_binary,HOU,co2,y_h2o,423.15,100.1,0,0,0,0,0,0,0.07499,0.12,0.12,,1,0,-0.375083,0.119842,3,4,-0.374258,False,False,False
y_h2o,343,yh2o_co2_binary,HOU,co2,y_h2o,423.15,134.2,0,0,0,0,0,0,0.06368,,,,0,,,0.0616688,3,6,0.0326123,False,False,False
y_h2o,344,yh2o_co2_binary,HOU,co2,y_h2o,423.15,173.5,0,0,0,0,0,0,0.05661,,,,0,,,0.0653118,4,8,-0.133234,False,False,False
y_h2o,345,yh2o_co2_binary,HOU,co2,y_h2o,448.15,13.27,0,0,0,0,0,0,0.70431,0.7032,0.7032,,1,0,0.0015785,,0,0,,False,False,False
y_h2o,346,yh2o_co2_binary,HOU,co2,y_h2o,448.15,36.6,0,0,0,0,0,0,0.29,,,,0,,,0.280863,2,5,0.0325304,False,False,False
y_h2o,361,yh2o_co2_binary,MULLER,co2,y_h2o,393.15,19.95,0,0,0,0,0,0,0.102,0.10842,0.10842,,1,0,-0.0592142,,0,0,,False,False,False
y_h2o,393,yh2o_co2_binary,Meyer,co2,y_h2o,283.15,10,0,0,0,0,0,0,0.0013886,,,,0,,,0.0010653,2,4,0.303484,False,False,False
y_h2o,400,yh2o_co2_binary,Meyer,co2,y_h2o,294.83,5,0,0,0,0,0,0,0.0054788,,,,0,,,0.00504807,2,4,0.085325,False,False,False
y_h2o,403,yh2o_co2_binary,Meyer,co2,y_h2o,294.83,20,0,0,0,0,0,0,0.0016239,,,,0,,,0.0015806,3,7,0.0273924,False,False,False
y_h2o,404,yh2o_co2_binary,Meyer,co2,y_h2o,294.83,25,0,0,0,0,0,0,0.0013849,,,,0,,,0.00132492,4,11,0.0452681,False,False,False
y_h2o,405,yh2o_co2_binary,Meyer,co2,y_h2o,294.83,30,0,0,0,0,0,0,0.0012332,,,,0,,,0.00119366,4,12,0.0331229,False,False,False
y_h2o,406,yh2o_co2_binary,Meyer,co2,y_h2o,294.84,35,0,0,0,0,0,0,0.0011338,,,,0,,,0.00113808,4,13,-0.00375696,False,False,False
y_h2o,407,yh2o_co2_binary,Meyer,co2,y_h2o,294.84,40.112,0,0,0,0,0,0,0.0010738,,,,0,,,0.00119771,5,14,-0.103453,False,False,False
y_h2o,408,yh2o_co2_binary,Meyer,co2,y_h2o,294.84,45,0,0,0,0,0,0,0.0010445,,,,0,,,0.00120548,5,14,-0.133542,False,False,False
y_h2o,409,yh2o_co2_binary,Meyer,co2,y_h2o,294.84,49.854,0,0,0,0,0,0,0.0010244,,,,0,,,0.00120868,6,14,-0.152467,False,False,False
y_h2o,413,yh2o_co2_binary,Meyer,co2,y_h2o,303.15,20,0,0,0,0,0,0,0.0026054,,,,0,,,0.00261876,4,8,-0.00510113,False,False,False
y_h2o,414,yh2o_co2_binary,Meyer,co2,y_h2o,303.14,25,0,0,0,0,0,0,0.0022033,0.0023,0.0023,,1,0,-0.0420435,0.00217398,5,12,0.0134869,False,False,False
y_h2o,415,yh2o_co2_binary,Meyer,co2,y_h2o,303.15,30,0,0,0,0,0,0,0.0019371,,,,0,,,0.00192935,5,14,0.00401436,False,False,False
y_h2o,416,yh2o_co2_binary,Meyer,co2,y_h2o,303.14,35,0,0,0,0,0,0,0.0017714,,,,0,,,0.0018005,5,14,-0.016164,False,False,False
y_h2o,417,yh2o_co2_binary,Meyer,co2,y_h2o,303.15,40,0,0,0,0,0,0,0.001665,,,,0,,,0.00167503,5,14,-0.00599069,False,False,False
y_h2o,418,yh2o_co2_binary,Meyer,co2,y_h2o,303.14,45,0,0,0,0,0,0,0.0015719,,,,0,,,0.00160756,6,15,-0.0221809,False,False,False
y_h2o,419,yh2o_co2_binary,Meyer,co2,y_h2o,303.15,50.055,0,0,0,0,0,0,0.0015022,0.0016,0.0016,,1,0,-0.061125,0.00155406,7,18,-0.0333729,False,False,False
y_h2o,421,yh2o_co2_binary,Meyer,co2,y_h2o,313.17,10,0,0,0,0,0,0,0.0080707,,,,0,,,0.00912036,3,5,-0.11509,False,False,False
y_h2o,422,yh2o_co2_binary,Meyer,co2,y_h2o,313.17,15,0,0,0,0,0,0,0.0056219,,,,0,,,0.00435199,4,5,0.291799,False,False,False
y_h2o,423,yh2o_co2_binary,Meyer,co2,y_h2o,313.17,20,0,0,0,0,0,0,0.0044139,,,,0,,,0.00464657,4,9,-0.0500737,False,False,False
y_h2o,424,yh2o_co2_binary,Meyer,co2,y_h2o,313.17,25,0,0,0,0,0,0,0.0037211,,,,0,,,0.00377185,4,10,-0.0134548,False,False,False
y_h2o,425,yh2o_co2_binary,Meyer,co2,y_h2o,313.17,30,0,0,0,0,0,0,0.0032649,,,,0,,,0.00319837,4,12,0.0207999,False,False,False
y_h2o,426,yh2o_co2_binary,Meyer,co2,y_h2o,313.17,35,0,0,0,0,0,0,0.002937,,,,0,,,0.00298602,4,14,-0.0164181,False,False,False
y_h2o,427,yh2o_co2_binary,Meyer,co2,y_h2o,313.17,40,0,0,0,0,0,0,0.002732,,,,0,,,0.00280383,4,13,-0.0256193,False,False,False
y_h2o,428,yh2o_co2_binary,Meyer,co2,y_h2o,313.16,45,0,0,0,0,0,0,0.0025664,,,,0,,,0.00263918,4,15,-0.027578,False,False,False
y_h2o,429,yh2o_co2_binary,Meyer,co2,y_h2o,313.17,50,0,0,0,0,0,0,0.0024569,,,,0,,,0.00255682,6,21,-0.0390808,False,False,False
y_h2o,437,yh2o_co2_binary,Meyer,co2,y_h2o,333.18,40,0,0,0,0,0,0,0.0067515,0.0066,0.0066,,1,0,0.0229545,0.00666125,2,5,0.0135483,False,False,False
y_h2o,438,yh2o_co2_binary,Meyer,co2,y_h2o,333.17,45,0,0,0,0,0,0,0.0062355,,,,0,,,0.0060652,2,9,0.0280776,False,False,False
y_h2o,439,yh2o_co2_binary,Meyer,co2,y_h2o,333.18,50,0,0,0,0,0,0,0.0058609,0.0055,0.0055,,1,0,0.0656182,0.00576226,2,10,0.0171177,False,False,False
y_h2o,444,yh2o_co2_binary,Meyer,co2,y_h2o,353.14,25,0,0,0,0,0,0,0.021942,,,,0,,,0.0192149,4,4,0.141925,False,False,False
y_h2o,447,yh2o_co2_binary,Meyer,co2,y_h2o,353.14,40,0,0,0,0,0,0,0.015051,0.0143,0.0143,,1,0,0.0525175,,0,0,,False,False,False
y_h2o,448,yh2o_co2_binary,Meyer,co2,y_h2o,353.15,45,0,0,0,0,0,0,0.013793,,,,0,,,0.0134202,3,7,0.0277782,False,False,False
y_h2o,449,yh2o_co2_binary,Meyer,co2,y_h2o,353.15,50,0,0,0,0,0,0,0.012819,,,,0,,,0.0125664,3,8,0.0201003,False,False,False
y_h2o,450,yh2o_co2_binary,SAKO,co2,y_h2o,348.3,103.4,0,0,0,0,0,0,0.0063,,,,0,,,0.00810244,5,13,-0.222456,False,False,False
y_h2o,451,yh2o_co2_binary,SAKO,co2,y_h2o,348.3,153.1,0,0,0,0,0,0,0.0075,0.00923238,0.00923238,0.000328633,2,0.05034,-0.187642,0.00935329,4,10,-0.198143,False,False,False
y_h2o,452,yh2o_co2_binary,SAKO,co2,y_h2o,348.2,209.4,0,0,0,0,0,0,0.0084,,,,0,,,0.0114518,3,5,-0.266488,False,False,False
y_h2o,458,yh2o_co2_binary,TAKENOUCHI,co2,y_h2o,383.15,100,0,0,0,0,0,0,0.044,,,,0,,,0.0240971,3,5,0.825947,False,True,True
y_h2o,473,yh2o_co2_binary,TAKENOUCHI,co2,y_h2o,423.15,100,0,0,0,0,0,0,0.12,0.07499,0.07499,,1,0,0.600213,0.0748452,3,6,0.603309,False,True,True
y_h2o,474,yh2o_co2_binary,TAKENOUCHI,co2,y_h2o,423.15,200,0,0,0,0,0,0,0.09,0.06,0.06,,1,0,0.5,0.0540234,4,7,0.665944,False,True,True
y_h2o,476,yh2o_co2_binary,TAKENOUCHI,co2,y_h2o,423.15,400,0,0,0,0,0,0,0.118,,,,0,,,0.0610813,2,4,0.931851,False,True,True
y_h2o,477,yh2o_co2_binary,TAKENOUCHI,co2,y_h2o,423.15,500,0,0,0,0,0,0,0.138,0.063,0.063,,1,0,1.19048,,0,0,,False,False,False
y_h2o,481,yh2o_co2_binary,TAKENOUCHI,co2,y_h2o,423.15,900,0,0,0,0,0,0,0.206,,,,0,,,0.0640065,2,4,2.21843,False,True,True
y_h2o,482,yh2o_co2_binary,TAKENOUCHI,co2,y_h2o,423.15,1000,0,0,0,0,0,0,0.22,0.065,0.065,,1,0,2.38462,0.065,2,4,2.38462,False,True,True
y_h2o,483,yh2o_co2_binary,TAKENOUCHI,co2,y_h2o,423.15,1100,0,0,0,0,0,0,0.23,,,,0,,,0.0657146,2,4,2.49999,False,True,True
y_h2o,484,yh2o_co2_binary,TAKENOUCHI,co2,y_h2o,423.15,1200,0,0,0,0,0,0,0.236,,,,0,,,0.0663344,2,4,2.55773,False,True,True
y_h2o,485,yh2o_co2_binary,TAKENOUCHI,co2,y_h2o,423.15,1300,0,0,0,0,0,0,0.242,,,,0,,,0.06692,2,4,2.61626,False,True,True
y_h2o,486,yh2o_co2_binary,TAKENOUCHI,co2,y_h2o,423.15,1400,0,0,0,0,0,0,0.246,,,,0,,,0.0674601,2,4,2.6466,False,True,True
y_h2o,487,yh2o_co2_binary,TAKENOUCHI,co2,y_h2o,423.15,1500,0,0,0,0,0,0,0.248,0.068,0.068,,1,0,2.64706,,0,0,,False,False,False
y_h2o,489,yh2o_co2_binary,TAKENOUCHI,co2,y_h2o,473.15,200,0,0,0,0,0,0,0.18,0.155,0.155,,1,0,0.16129,,0,0,,False,False,False
y_h2o,491,yh2o_co2_binary,TAKENOUCHI,co2,y_h2o,473.15,400,0,0,0,0,0,0,0.184,,,,0,,,0.141275,2,4,0.302421,False,False,False
y_h2o,492,yh2o_co2_binary,TAKENOUCHI,co2,y_h2o,473.15,500,0,0,0,0,0,0,0.2,0.14,0.14,,1,0,0.428571,,0,0,,False,False,False
y_h2o,497,yh2o_co2_binary,TAKENOUCHI,co2,y_h2o,473.15,1000,0,0,0,0,0,0,0.28,0.145,0.145,,1,0,0.931034,0.145,2,4,0.931034,False,True,True
y_h2o,498,yh2o_co2_binary,TAKENOUCHI,co2,y_h2o,473.15,1100,0,0,0,0,0,0,0.284,,,,0,,,0.145085,2,4,0.957476,False,True,True
y_h2o,499,yh2o_co2_binary,TAKENOUCHI,co2,y_h2o,473.15,1200,0,0,0,0,0,0,0.294,,,,0,,,0.1471,2,4,0.998645,False,True,True
y_h2o,500,yh2o_co2_binary,TAKENOUCHI,co2,y_h2o,473.15,1300,0,0,0,0,0,0,0.3,,,,0,,,0.148481,2,4,1.02046,False,True,True
y_h2o,501,yh2o_co2_binary,TAKENOUCHI,co2,y_h2o,473.15,1400,0,0,0,0,0,0,0.306,,,,0,,,0.149211,2,4,1.05079,False,True,True
y_h2o,502,yh2o_co2_binary,TAKENOUCHI,co2,y_h2o,473.15,1500,0,0,0,0,0,0,0.31,0.15,0.15,,1,0,1.06667,,0,0,,False,False,False
y_h2o,504,yh2o_co2_binary,TAKENOUCHI,co2,y_h2o,523.15,200,0,0,0,0,0,0,0.364,0.335,0.335,,1,0,0.0865672,,0,0,,False,False,False
y_h2o,507,yh2o_co2_binary,TAKENOUCHI,co2,y_h2o,523.15,500,0,0,0,0,0,0,0.34,0.28,0.28,,1,0,0.214286,,0,0,,False,False,False
y_h2o,512,yh2o_co2_binary,TAKENOUCHI,co2,y_h2o,523.15,1000,0,0,0,0,0,0,0.433,0.305,0.305,,1,0,0.419672,,0,0,,False,False,False
y_h2o,513,yh2o_co2_binary,TAKENOUCHI,co2,y_h2o,523.15,1100,0,0,0,0,0,0,0.445,,,,0,,,0.307322,1,4,0.447994,False,False,False
y_h2o,514,yh2o_co2_binary,TAKENOUCHI,co2,y_h2o,523.15,1200,0,0,0,0,0,0,0.452,,,,0,,,0.309457,1,4,0.460624,False,False,False
y_h2o,515,yh2o_co2_binary,TAKENOUCHI,co2,y_h2o,523.15,1300,0,0,0,0,0,0,0.458,,,,0,,,0.311434,1,4,0.470618,False,False,False
y_h2o,516,yh2o_co2_binary,TAKENOUCHI,co2,y_h2o,523.15,1400,0,0,0,0,0,0,0.46,,,,0,,,0.313274,1,4,0.468364,False,False,False
y_h2o,517,yh2o_co2_binary,TAKENOUCHI,co2,y_h2o,523.15,1500,0,0,0,0,0,0,0.46,0.315,0.315,,1,0,0.460317,0.315,1,4,0.460317,False,False,False
y_h2o,518,yh2o_co2_binary,TAKENOUCHI,co2,y_h2o,533.15,200,0,0,0,0,0,0,0.428,0.399,0.399,,1,0,0.0726817,0.398876,1,5,0.0730155,False,False,False
y_h2o,519,yh2o_co2_binary,TAKENOUCHI,co2,y_h2o,533.15,250,0,0,0,0,0,0,0.38,,,,0,,,0.368116,1,7,0.0322832,False,False,False
y_h2o,521,yh2o_co2_binary,TAKENOUCHI,co2,y_h2o,533.15,400,0,0,0,0,0,0,0.358,,,,0,,,0.325607,1,9,0.0994861,False,False,False
y_h2o,522,yh2o_co2_binary,TAKENOUCHI,co2,y_h2o,533.15,500,0,0,0,0,0,0,0.376,0.318,0.318,,1,0,0.18239,0.318001,1,11,0.182386,False,False,False
y_h2o,523,yh2o_co2_binary,TAKENOUCHI,co2,y_h2o,533.15,600,0,0,0,0,0,0,0.396,,,,0,,,0.329692,1,11,0.201123,False,False,False
y_h2o,524,yh2o_co2_binary,TAKENOUCHI,co2,y_h2o,533.15,700,0,0,0,0,0,0,0.42,,,,0,,,0.359243,1,13,0.169123,False,False,False
y_h2o,525,yh2o_co2_binary,TAKENOUCHI,co2,y_h2o,533.15,800,0,0,0,0,0,0,0.44,,,,0,,,0.341378,1,15,0.288895,False,False,False
y_h2o,526,yh2o_co2_binary,TAKENOUCHI,co2,y_h2o,533.15,900,0,0,0,0,0,0,0.452,,,,0,,,0.354556,1,15,0.274834,False,False,False
y_h2o,527,yh2o_co2_binary,TAKENOUCHI,co2,y_h2o,533.15,1000,0,0,0,0,0,0,0.464,0.368,0.368,,1,0,0.26087,0.367224,1,17,0.263534,False,False,False
y_h2o,528,yh2o_co2_binary,TAKENOUCHI,co2,y_h2o,533.15,1100,0,0,0,0,0,0,0.476,,,,0,,,0.379284,1,21,0.254998,False,False,False
y_h2o,529,yh2o_co2_binary,TAKENOUCHI,co2,y_h2o,533.15,1200,0,0,0,0,0,0,0.49,,,,0,,,0.386786,1,20,0.266851,False,False,False
y_h2o,530,yh2o_co2_binary,TAKENOUCHI,co2,y_h2o,533.15,1300,0,0,0,0,0,0,0.496,,,,0,,,0.392485,1,18,0.263741,False,False,False
y_h2o,531,yh2o_co2_binary,TAKENOUCHI,co2,y_h2o,533.15,1400,0,0,0,0,0,0,0.498,,,,0,,,0.395233,1,18,0.260015,False,False,False
y_h2o,532,yh2o_co2_binary,TAKENOUCHI,co2,y_h2o,533.15,1500,0,0,0,0,0,0,0.5,0.415,0.415,,1,0,0.204819,0.409474,1,16,0.221077,False,False,False
y_h2o,535,yh2o_co2_binary,TAKENOUCHI,co2,y_h2o,548.15,200,0,0,0,0,0,0,0.5,0.481,0.481,,1,0,0.039501,0.481083,1,4,0.0393214,False,False,False
y_h2o,536,yh2o_co2_binary,TAKENOUCHI,co2,y_h2o,548.15,250,0,0,0,0,0,0,0.46,,,,0,,,0.439735,1,7,0.046085,False,False,False
y_h2o,537,yh2o_co2_binary,TAKENOUCHI,co2,y_h2o,548.15,300,0,0,0,0,0,0,0.442,0.409,0.409,,1,0,0.0806846,0.408991,1,6,0.0807072,False,False,False
y_h2o,538,yh2o_co2_binary,TAKENOUCHI,co2,y_h2o,548.15,400,0,0,0,0,0,0,0.442,0.388,0.388,,1,0,0.139175,0.390469,1,10,0.131973,False,False,False
y_h2o,539,yh2o_co2_binary,TAKENOUCHI,co2,y_h2o,548.15,500,0,0,0,0,0,0,0.47,0.389,0.389,,1,0,0.208226,0.393403,1,13,0.194704,False,False,False
y_h2o,540,yh2o_co2_binary,TAKENOUCHI,co2,y_h2o,548.15,600,0,0,0,0,0,0,0.504,0.405,0.405,,1,0,0.244444,0.408492,1,13,0.233806,False,False,False
y_h2o,541,yh2o_co2_binary,TAKENOUCHI,co2,y_h2o,548.15,700,0,0,0,0,0,0,0.54,0.428,0.428,,1,0,0.261682,0.432422,1,16,0.24878,False,False,False
y_h2o,542,yh2o_co2_binary,TAKENOUCHI,co2,y_h2o,548.15,800,0,0,0,0,0,0,0.58,0.459,0.459,,1,0,0.263617,0.465332,1,19,0.246423,False,False,False
y_h2o,543,yh2o_co2_binary,TAKENOUCHI,co2,y_h2o,548.15,885,0,0,0,0,0,0,0.73,0.493,0.493,,1,0,0.48073,0.50484,1,18,0.446003,False,False,False
y_h2o,546,yh2o_co2_binary,TAKENOUCHI,co2,y_h2o,573.15,200,0,0,0,0,0,0,0.61,0.648,0.648,,1,0,-0.058642,,0,0,,False,False,False
y_h2o,548,yh2o_co2_binary,TAKENOUCHI,co2,y_h2o,573.15,300,0,0,0,0,0,0,0.546,0.546,0.546,,1,0,0,,0,0,,False,False,False
y_h2o,550,yh2o_co2_binary,TAKENOUCHI,co2,y_h2o,573.15,400,0,0,0,0,0,0,0.552,0.52,0.52,,1,0,0.0615385,0.525634,1,3,0.0501599,False,False,False
y_h2o,551,yh2o_co2_binary,TAKENOUCHI,co2,y_h2o,573.15,450,0,0,0,0,0,0,0.578,,,,0,,,0.536272,1,4,0.0778114,False,False,False
y_h2o,552,yh2o_co2_binary,TAKENOUCHI,co2,y_h2o,573.15,500,0,0,0,0,0,0,0.62,0.54,0.54,,1,0,0.148148,0.578017,1,4,0.0726332,False,False,False
y_h2o,553,yh2o_co2_binary,TAKENOUCHI,co2,y_h2o,573.15,550,0,0,0,0,0,0,0.68,,,,0,,,0.616072,1,4,0.103767,False,False,False
y_h2o,554,yh2o_co2_binary,TAKENOUCHI,co2,y_h2o,573.15,575,0,0,0,0,0,0,0.764,,,,0,,,0.653048,1,3,0.169899,False,False,False
y_h2o,562,yh2o_co2_binary,TAKENOUCHI,co2,y_h2o,623.15,200,0,0,0,0,0,0,0.91,0.945,0.945,,1,0,-0.037037,,0,0,,False,False,False
y_h2o,563,yh2o_co2_binary,TAKENOUCHI,co2,y_h2o,623.15,250,0,0,0,0,0,0,0.838,0.88,0.88,,1,0,-0.0477273,0.885081,1,5,-0.0531938,False,False,False
y_h2o,564,yh2o_co2_binary,TAKENOUCHI,co2,y_h2o,623.15,300,0,0,0,0,0,0,0.834,0.838,0.838,,1,0,-0.00477327,0.856563,1,4,-0.0263414,False,False,False
y_h2o,565,yh2o_co2_binary,TAKENOUCHI,co2,y_h2o,623.15,325,0,0,0,0,0,0,0.895,0.84,0.84,,1,0,0.0654762,0.853355,1,4,0.0488017,False,False,False
y_h2o,566,yh2o_co2_binary,TODHEIDE,co2,y_h2o,323.15,200,0,0,0,0,0,0,0.01,0.00682,0.00791425,0.00198011,3,0.509859,0.466276,0.00728062,8,14,0.373509,True,False,True
y_h2o,567,yh2o_co2_binary,TODHEIDE,co2,y_h2o,323.15,500,0,0,0,0,0,0,0.01,,,,0,,,0.00770177,2,4,0.298403,False,False,False
y_h2o,574,yh2o_co2_binary,TODHEIDE,co2,y_h2o,373.15,200,0,0,0,0,0,0,0.029,,,,0,,,0.0177307,3,4,0.635584,False,True,True
y_h2o,575,yh2o_co2_binary,TODHEIDE,co2,y_h2o,373.15,500,0,0,0,0,0,0,0.03,,,,0,,,0.0329578,2,6,-0.0897448,False,False,False
y_h2o,582,yh2o_co2_binary,TODHEIDE,co2,y_h2o,423.15,200,0,0,0,0,0,0,0.06,0.09,0.09,,1,0,-0.333333,0.0630635,4,7,-0.048578,False,False,False
y_h2o,583,yh2o_co2_binary,TODHEIDE,co2,y_h2o,423.15,500,0,0,0,0,0,0,0.063,0.138,0.138,,1,0,-0.543478,0.138774,2,6,-0.546024,False,True,True
y_h2o,584,yh2o_co2_binary,TODHEIDE,co2,y_h2o,423.15,1000,0,0,0,0,0,0,0.065,0.22,0.22,,1,0,-0.704545,0.217818,2,10,-0.701586,False,True,True
y_h2o,585,yh2o_co2_binary,TODHEIDE,co2,y_h2o,423.15,1500,0,0,0,0,0,0,0.068,0.248,0.248,,1,0,-0.725806,0.248814,2,6,-0.726703,False,True,True
y_h2o,590,yh2o_co2_binary,TODHEIDE,co2,y_h2o,473.15,200,0,0,0,0,0,0,0.155,0.18,0.18,,1,0,-0.138889,,0,0,,False,False,False
y_h2o,591,yh2o_co2_binary,TODHEIDE,co2,y_h2o,473.15,500,0,0,0,0,0,0,0.14,0.2,0.2,,1,0,-0.3,0.201541,2,6,-0.305353,False,False,False
y_h2o,592,yh2o_co2_binary,TODHEIDE,co2,y_h2o,473.15,1000,0,0,0,0,0,0,0.145,0.28,0.28,,1,0,-0.482143,0.277301,2,10,-0.477102,False,True,True
y_h2o,593,yh2o_co2_binary,TODHEIDE,co2,y_h2o,473.15,1500,0,0,0,0,0,0,0.15,0.31,0.31,,1,0,-0.516129,0.31051,2,6,-0.516924,False,True,True
y_h2o,598,yh2o_co2_binary,TODHEIDE,co2,y_h2o,523.15,200,0,0,0,0,0,0,0.335,0.364,0.364,,1,0,-0.0796703,,0,0,,False,False,False
y_h2o,599,yh2o_co2_binary,TODHEIDE,co2,y_h2o,523.15,500,0,0,0,0,0,0,0.28,0.34,0.34,,1,0,-0.176471,0.342745,1,8,-0.183067,False,False,False
y_h2o,600,yh2o_co2_binary,TODHEIDE,co2,y_h2o,523.15,1000,0,0,0,0,0,0,0.305,0.433,0.433,,1,0,-0.295612,0.43225,1,14,-0.29439,False,False,False
y_h2o,601,yh2o_co2_binary,TODHEIDE,co2,y_h2o,523.15,1500,0,0,0,0,0,0,0.315,0.46,0.46,,1,0,-0.315217,0.461198,1,10,-0.316996,False,False,False
y_h2o,606,yh2o_co2_binary,TODHEIDE,co2,y_h2o,533.15,200,0,0,0,0,0,0,0.399,0.428,0.428,,1,0,-0.067757,,0,0,,False,False,False
y_h2o,607,yh2o_co2_binary,TODHEIDE,co2,y_h2o,533.15,500,0,0,0,0,0,0,0.318,0.376,0.376,,1,0,-0.154255,0.377237,1,8,-0.157028,False,False,False
y_h2o,608,yh2o_co2_binary,TODHEIDE,co2,y_h2o,533.15,1000,0,0,0,0,0,0,0.368,0.464,0.464,,1,0,-0.206897,0.464894,1,14,-0.208422,False,False,False
y_h2o,609,yh2o_co2_binary,TODHEIDE,co2,y_h2o,533.15,1500,0,0,0,0,0,0,0.415,0.5,0.5,,1,0,-0.17,0.500759,1,10,-0.171258,False,False,False
y_h2o,614,yh2o_co2_binary,TODHEIDE,co2,y_h2o,538.15,200,0,0,0,0,0,0,0.423,,,,0,,,0.451782,1,5,-0.0637078,False,False,False
y_h2o,615,yh2o_co2_binary,TODHEIDE,co2,y_h2o,538.15,500,0,0,0,0,0,0,0.343,,,,0,,,0.408578,1,8,-0.160504,False,False,False
y_h2o,616,yh2o_co2_binary,TODHEIDE,co2,y_h2o,538.15,1000,0,0,0,0,0,0,0.4,,,,0,,,0.528036,1,9,-0.242476,False,False,False
y_h2o,622,yh2o_co2_binary,TODHEIDE,co2,y_h2o,541.15,200,0,0,0,0,0,0,0.441,,,,0,,,0.464589,1,5,-0.0507732,False,False,False
y_h2o,623,yh2o_co2_binary,TODHEIDE,co2,y_h2o,541.15,300,0,0,0,0,0,0,0.38,,,,0,,,0.408087,1,6,-0.068825,False,False,False
y_h2o,624,yh2o_co2_binary,TODHEIDE,co2,y_h2o,541.15,400,0,0,0,0,0,0,0.356,,,,0,,,0.408381,1,6,-0.128266,False,False,False
y_h2o,625,yh2o_co2_binary,TODHEIDE,co2,y_h2o,541.15,500,0,0,0,0,0,0,0.358,,,,0,,,0.426092,1,8,-0.159807,False,False,False
y_h2o,626,yh2o_co2_binary,TODHEIDE,co2,y_h2o,541.15,600,0,0,0,0,0,0,0.362,,,,0,,,0.452339,1,8,-0.199715,False,False,False
y_h2o,627,yh2o_co2_binary,TODHEIDE,co2,y_h2o,541.15,700,0,0,0,0,0,0,0.378,,,,0,,,0.484467,1,10,-0.219761,False,False,False
y_h2o,628,yh2o_co2_binary,TODHEIDE,co2,y_h2o,541.15,800,0,0,0,0,0,0,0.397,,,,0,,,0.522869,1,10,-0.240727,False,False,False
y_h2o,629,yh2o_co2_binary,TODHEIDE,co2,y_h2o,541.15,900,0,0,0,0,0,0,0.414,,,,0,,,0.549319,1,9,-0.24634,False,False,False
y_h2o,630,yh2o_co2_binary,TODHEIDE,co2,y_h2o,541.15,1000,0,0,0,0,0,0,0.431,,,,0,,,0.575606,1,9,-0.251225,False,False,False
y_h2o,631,yh2o_co2_binary,TODHEIDE,co2,y_h2o,541.15,1100,0,0,0,0,0,0,0.444,,,,0,,,0.610754,1,10,-0.273029,False,False,False
y_h2o,632,yh2o_co2_binary,TODHEIDE,co2,y_h2o,541.15,1200,0,0,0,0,0,0,0.453,,,,0,,,0.622729,1,8,-0.272557,False,False,False
y_h2o,637,yh2o_co2_binary,TODHEIDE,co2,y_h2o,543.15,200,0,0,0,0,0,0,0.453,,,,0,,,0.474033,1,5,-0.044371,False,False,False
y_h2o,638,yh2o_co2_binary,TODHEIDE,co2,y_h2o,543.15,300,0,0,0,0,0,0,0.386,,,,0,,,0.418321,1,6,-0.077263,False,False,False
y_h2o,639,yh2o_co2_binary,TODHEIDE,co2,y_h2o,543.15,400,0,0,0,0,0,0,0.365,,,,0,,,0.418268,1,6,-0.127354,False,False,False
y_h2o,640,yh2o_co2_binary,TODHEIDE,co2,y_h2o,543.15,500,0,0,0,0,0,0,0.369,,,,0,,,0.438838,1,8,-0.159143,False,False,False
y_h2o,641,yh2o_co2_binary,TODHEIDE,co2,y_h2o,543.15,600,0,0,0,0,0,0,0.372,,,,0,,,0.466505,1,8,-0.202581,False,False,False
y_h2o,642,yh2o_co2_binary,TODHEIDE,co2,y_h2o,543.15,700,0,0,0,0,0,0,0.393,,,,0,,,0.50528,1,10,-0.222214,False,False,False
y_h2o,643,yh2o_co2_binary,TODHEIDE,co2,y_h2o,543.15,800,0,0,0,0,0,0,0.415,,,,0,,,0.546249,1,10,-0.240273,False,False,False
y_h2o,644,yh2o_co2_binary,TODHEIDE,co2,y_h2o,543.15,900,0,0,0,0,0,0,0.435,,,,0,,,0.610208,1,9,-0.287128,False,False,False
y_h2o,645,yh2o_co2_binary,TODHEIDE,co2,y_h2o,543.15,1000,0,0,0,0,0,0,0.455,,,,0,,,0.716689,1,9,-0.365136,False,False,False
y_h2o,646,yh2o_co2_binary,TODHEIDE,co2,y_h2o,543.15,1100,0,0,0,0,0,0,0.475,,,,0,,,0.864676,1,10,-0.450661,False,False,False
y_h2o,647,yh2o_co2_binary,TODHEIDE,co2,y_h2o,543.15,1200,0,0,0,0,0,0,0.497,,,,0,,,0.663708,1,8,-0.251177,False,False,False
y_h2o,650,yh2o_co2_binary,TODHEIDE,co2,y_h2o,548.15,200,0,0,0,0,0,0,0.481,0.5,0.5,,1,0,-0.038,0.501691,1,3,-0.0412419,False,False,False
y_h2o,651,yh2o_co2_binary,TODHEIDE,co2,y_h2o,548.15,300,0,0,0,0,0,0,0.409,0.442,0.442,,1,0,-0.0746606,0.445282,1,3,-0.0814802,False,False,False
y_h2o,652,yh2o_co2_binary,TODHEIDE,co2,y_h2o,548.15,400,0,0,0,0,0,0,0.388,0.442,0.442,,1,0,-0.122172,0.445888,1,3,-0.129826,False,False,False
y_h2o,653,yh2o_co2_binary,TODHEIDE,co2,y_h2o,548.15,500,0,0,0,0,0,0,0.389,0.47,0.47,,1,0,-0.17234,0.472587,1,4,-0.176871,False,False,False
y_h2o,654,yh2o_co2_binary,TODHEIDE,co2,y_h2o,548.15,600,0,0,0,0,0,0,0.405,0.504,0.504,,1,0,-0.196429,0.505862,1,4,-0.199386,False,False,False
y_h2o,655,yh2o_co2_binary,TODHEIDE,co2,y_h2o,548.15,700,0,0,0,0,0,0,0.428,0.54,0.54,,1,0,-0.207407,0.550105,1,5,-0.221967,False,False,False
y_h2o,656,yh2o_co2_binary,TODHEIDE,co2,y_h2o,548.15,800,0,0,0,0,0,0,0.459,0.58,0.58,,1,0,-0.208621,0.620101,1,4,-0.259798,False,False,False
y_h2o,657,yh2o_co2_binary,TODHEIDE,co2,y_h2o,548.15,900,0,0,0,0,0,0,0.493,0.73,0.73,,1,0,-0.324658,,0,0,,False,False,False
y_h2o,660,yh2o_co2_binary,TODHEIDE,co2,y_h2o,573.15,200,0,0,0,0,0,0,0.648,0.61,0.61,,1,0,0.0622951,0.613741,1,3,0.0558195,False,False,False
y_h2o,661,yh2o_co2_binary,TODHEIDE,co2,y_h2o,573.15,300,0,0,0,0,0,0,0.546,0.546,0.546,,1,0,0,0.551222,1,4,-0.00947313,False,False,False
y_h2o,662,yh2o_co2_binary,TODHEIDE,co2,y_h2o,573.15,400,0,0,0,0,0,0,0.52,0.552,0.552,,1,0,-0.057971,0.562149,1,6,-0.0749787,False,False,False
y_h2o,663,yh2o_co2_binary,TODHEIDE,co2,y_h2o,573.15,500,0,0,0,0,0,0,0.54,0.62,0.62,,1,0,-0.129032,0.640293,1,5,-0.156636,False,False,False
y_h2o,666,yh2o_co2_binary,TODHEIDE,co2,y_h2o,623.15,200,0,0,0,0,0,0,0.945,0.91,0.91,,1,0,0.0384615,,0,0,,False,False,False
y_h2o,667,yh2o_co2_binary,TODHEIDE,co2,y_h2o,623.15,250,0,0,0,0,0,0,0.88,0.838,0.838,,1,0,0.0501193,0.857801,1,4,0.0258788,False,False,False
y_h2o,668,yh2o_co2_binary,TODHEIDE,co2,y_h2o,623.15,300,0,0,0,0,0,0,0.838,0.834,0.834,,1,0,0.00479616,0.859964,1,3,-0.0255411,False,False,False
y_h2o,669,yh2o_co2_binary,TODHEIDE,co2,y_h2o,623.15,325,0,0,0,0,0,0,0.84,0.895,0.895,,1,0,-0.0614525,0.879426,1,3,-0.0448318,False,False,False
y_h2o,675,yh2o_co2_binary,Valtz,co2,y_h2o,288.26,11.03,0,0,0,0,0,0,0.0014,,,,0,,,0.00176142,1,4,-0.205186,False,False,False
y_h2o,676,yh2o_co2_binary,Valtz,co2,y_h2o,288.26,19.41,0,0,0,0,0,0,0.0009,,,,0,,,0.00112224,3,8,-0.198029,False,False,False
y_h2o,680,yh2o_co2_binary,Valtz,co2,y_h2o,298.28,24.83,0,0,0,0,0,0,0.0014,0.00163961,0.00163961,,1,0,-0.146137,0.00173711,5,15,-0.194062,False,False,False
y_h2o,681,yh2o_co2_binary,Valtz,co2,y_h2o,298.28,34.91,0,0,0,0,0,0,0.0013,,,,0,,,0.00142988,5,20,-0.0908344,False,False,False
y_h2o,682,yh2o_co2_binary,Valtz,co2,y_h2o,304,6.8,0,0,0,0,0,0,0.0068,,,,0,,,0.00754625,2,4,-0.0988896,False,False,False
y_h2o,683,yh2o_co2_binary,Valtz,co2,y_h2o,304,25,0,0,0,0,0,0,0.0023,0.00223748,0.00223748,4.8332e-05,2,0.0305486,0.027944,0.00232309,4,18,-0.00993789,False,False,False
y_h2o,684,yh2o_co2_binary,Valtz,co2,y_h2o,304,51,0,0,0,0,0,0,0.0016,0.0015523,0.0015523,7.08538e-05,2,0.0645509,0.0307278,0.00165395,6,21,-0.032621,False,False,False
y_h2o,685,yh2o_co2_binary,Valtz,co2,y_h2o,304,102,0,0,0,0,0,0,0.0041,0.00363217,0.00363217,,1,0,0.128803,0.00364307,7,24,0.125424,False,False,False
y_h2o,686,yh2o_co2_binary,Valtz,co2,y_h2o,304,204,0,0,0,0,0,0,0.0046,0.00418767,0.00418767,,1,0,0.0984626,0.00432557,4,14,0.0634446,False,False,False
y_h2o,689,yh2o_co2_binary,Valtz,co2,y_h2o,308.21,18.89,0,0,0,0,0,0,0.0034,,,,0,,,0.00358561,3,8,-0.0517652,False,False,False
y_h2o,690,yh2o_co2_binary,Valtz,co2,y_h2o,308.21,30.29,0,0,0,0,0,0,0.0023,,,,0,,,0.00251918,3,10,-0.0870048,False,False,False
y_h2o,691,yh2o_co2_binary,Valtz,co2,y_h2o,308.21,40.05,0,0,0,0,0,0,0.002,0.0022,0.0022,,1,0,-0.0909091,0.00215376,3,12,-0.0713893,False,False,False
y_h2o,692,yh2o_co2_binary,Valtz,co2,y_h2o,308.21,49.85,0,0,0,0,0,0,0.0017,,,,0,,,0.00200433,5,13,-0.151838,False,False,False
y_h2o,693,yh2o_co2_binary,Valtz,co2,y_h2o,308.21,59.49,0,0,0,0,0,0,0.0016,0.00205,0.00205,,1,0,-0.219512,0.00214518,6,18,-0.254141,False,False,False
y_h2o,694,yh2o_co2_binary,Valtz,co2,y_h2o,308.21,70.56,0,0,0,0,0,0,0.0017,0.00209,0.00209,,1,0,-0.186603,0.00206701,7,22,-0.177558,False,False,False
y_h2o,695,yh2o_co2_binary,Valtz,co2,y_h2o,308.21,79.63,0,0,0,0,0,0,0.0025,0.00315,0.00315,0.000339411,2,0.152381,-0.206349,0.00244357,7,23,0.0230948,False,False,False
y_h2o,698,yh2o_co2_binary,Valtz,co2,y_h2o,318.22,18.63,0,0,0,0,0,0,0.0065,,,,0,,,0.00611179,3,7,0.0635183,False,False,False
y_h2o,699,yh2o_co2_binary,Valtz,co2,y_h2o,318.22,30.01,0,0,0,0,0,0,0.0044,,,,0,,,0.00419074,5,11,0.0499331,False,False,False
y_h2o,700,yh2o_co2_binary,Valtz,co2,y_h2o,318.22,39.77,0,0,0,0,0,0,0.0038,,,,0,,,0.0034886,5,12,0.0892608,False,False,False
y_h2o,701,yh2o_co2_binary,Valtz,co2,y_h2o,318.22,49.56,0,0,0,0,0,0,0.0035,,,,0,,,0.00309443,6,15,0.131064,False,False,False
y_h2o,702,yh2o_co2_binary,Valtz,co2,y_h2o,318.22,59.92,0,0,0,0,0,0,0.0033,,,,0,,,0.00290015,8,20,0.137872,False,False,False
y_h2o,703,yh2o_co2_binary,Valtz,co2,y_h2o,318.22,69.3,0,0,0,0,0,0,0.0029,,,,0,,,0.00247422,9,28,0.172088,False,False,False
y_h2o,704,yh2o_co2_binary,king,co2,y_h2o,288.15,51.7,0,0,0,0,0,0,0.00222,0.00064,0.00064,,1,0,2.46875,0.000665576,4,11,2.33546,False,True,True
y_h2o,711,yh2o_co2_binary,king,co2,y_h2o,293.15,58.8,0,0,0,0,0,0,0.00261,0.0008999,0.0008999,,1,0,1.90032,0.000865006,3,11,2.01732,False,True,True
y_h2o,717,yh2o_co2_binary,king,co2,y_h2o,298.15,76,0,0,0,0,0,0,0.00309,,,,0,,,0.00152625,5,17,1.02457,False,True,True
y_h2o,718,yh2o_co2_binary,king,co2,y_h2o,298.15,101.3,0,0,0,0,0,0,0.00327,0.00331092,0.00331092,,1,0,-0.0123605,0.00331484,5,12,-0.0135264,False,False,False
y_h2o,719,yh2o_co2_binary,king,co2,y_h2o,298.15,152,0,0,0,0,0,0,0.00354,0.00358276,0.00358276,,1,0,-0.0119343,0.0035802,4,6,-0.0112294,False,False,False
y_h2o,720,yh2o_co2_binary,king,co2,y_h2o,298.15,177.3,0,0,0,0,0,0,0.00369,,,,0,,,0.00367621,4,6,0.00375186,False,False,False
y_h2o,721,yh2o_co2_binary,king,co2,y_h2o,298.15,202.7,0,0,0,0,0,0,0.00378,0.00375566,0.00375566,,1,0,0.00647955,0.00376085,3,5,0.00509322,False,False,False
y_h2o,722,yh2o_co2_binary,king,co2,y_h2o,308.15,101.3,0,0,0,0,0,0,0.00407,,,,0,,,0.00358734,7,21,0.134546,False,False,False
y_h2o,723,yh2o_co2_binary,king,co2,y_h2o,308.15,126.7,0,0,0,0,0,0,0.00435,,,,0,,,0.00444186,6,14,-0.0206796,False,False,False
y_h2o,724,yh2o_co2_binary,king,co2,y_h2o,308.15,152,0,0,0,0,0,0,0.00457,,,,0,,,0.00464335,5,10,-0.0157978,False,False,False
y_h2o,725,yh2o_co2_binary,king,co2,y_h2o,308.15,202.7,0,0,0,0,0,0,0.00498,,,,0,,,0.00499936,4,8,-0.00387295,False,False,False
y_h2o,726,yh2o_co2_binary,king,co2,y_h2o,313.15,101.3,0,0,0,0,0,0,0.00428,0.00414,0.00414,,1,0,0.0338164,0.00312506,10,34,0.369574,False,False,False
y_h2o,727,yh2o_co2_binary,king,co2,y_h2o,313.15,126.7,0,0,0,0,0,0,0.00467,,,,0,,,0.00474815,9,27,-0.0164587,False,False,False
y_h2o,728,yh2o_co2_binary,king,co2,y_h2o,313.15,152,0,0,0,0,0,0,0.00507,0.00575,0.00575,,1,0,-0.118261,0.00550304,8,19,-0.0786914,False,False,False
y_h2o,729,yh2o_co2_binary,king,co2,y_h2o,313.15,202.7,0,0,0,0,0,0,0.0058,0.00596,0.00596,,1,0,-0.0268456,0.00603788,7,15,-0.0393972,False,False,False
y_h2o,730,yh2o_co2_jooss2026,JOOSS(2026),co2,y_h2o,308.13,40,0,0,0,0,0,0,0.0022,0.002,0.002,,1,0,0.1,0.00210126,5,22,0.046989,False,False,False
y_h2o,731,yh2o_co2_jooss2026,JOOSS(2026),co2,y_h2o,308.13,60,0,0,0,0,0,0,0.00205,0.0016,0.0016,,1,0,0.28125,0.0019745,7,24,0.0382364,False,False,False
y_h2o,732,yh2o_co2_jooss2026,JOOSS(2026),co2,y_h2o,308.13,70,0,0,0,0,0,0,0.00209,0.0017,0.0017,,1,0,0.229412,0.00188464,8,25,0.108964,False,False,False
y_h2o,733,yh2o_co2_jooss2026,JOOSS(2026),co2,y_h2o,308.13,90,0,0,0,0,0,0,0.0038,,,,0,,,0.00301313,7,29,0.261149,False,False,False
y_h2o,734,yh2o_co2_jooss2026,JOOSS(2026),co2,y_h2o,308.13,190,0,0,0,0,0,0,0.00467,,,,0,,,0.00492808,4,14,-0.0523697,False,False,False
y_h2o,735,yh2o_co2_jooss2026,JOOSS(2026),co2,y_h2o,308.14,10,0,0,0,0,0,0,0.00636,,,,0,,,0.00614355,2,4,0.0352317,False,False,False
y_h2o,736,yh2o_co2_jooss2026,JOOSS(2026),co2,y_h2o,308.14,20,0,0,0,0,0,0,0.00345,,,,0,,,0.00334369,4,13,0.0317943,False,False,False
y_h2o,737,yh2o_co2_jooss2026,JOOSS(2026),co2,y_h2o,308.15,80,0,0,0,0,0,0,0.00291,0.002945,0.002945,0.000629325,2,0.302207,-0.0118846,0.00237213,7,26,0.226744,False,False,False
y_h2o,741,yh2o_co2_jooss2026,JOOSS(2026),co2,y_h2o,323.33,35,0,0,0,0,0,0,0.00468,,,,0,,,0.00482892,5,16,-0.0308388,False,False,False
y_h2o,742,yh2o_co2_jooss2026,JOOSS(2026),co2,y_h2o,323.34,60,0,0,0,0,0,0,0.00348,0.00362903,0.00362903,0.000100373,2,0.0391147,-0.041065,0.00361354,8,21,-0.0369565,False,False,False
y_h2o,743,yh2o_co2_jooss2026,JOOSS(2026),co2,y_h2o,323.34,73,0,0,0,0,0,0,0.00345,,,,0,,,0.00351079,10,28,-0.017314,False,False,False
y_h2o,744,yh2o_co2_jooss2026,JOOSS(2026),co2,y_h2o,323.34,78,0,0,0,0,0,0,0.00333,,,,0,,,0.00357488,10,28,-0.0684998,False,False,False
y_h2o,745,yh2o_co2_jooss2026,JOOSS(2026),co2,y_h2o,323.34,84,0,0,0,0,0,0,0.00347,0.00295,0.00295,0.000622254,2,0.298305,0.176271,0.00375853,10,30,-0.0767675,False,False,False
y_h2o,746,yh2o_co2_jooss2026,JOOSS(2026),co2,y_h2o,323.34,175,0,0,0,0,0,0,0.00637,0.00643,0.00643,,1,0,-0.00933126,0.00478138,6,12,0.332252,False,False,False
y_h2o,747,yh2o_co2_jooss2026,JOOSS(2026),co2,y_h2o,323.35,120,0,0,0,0,0,0,0.00527,0.005465,0.005465,4.94975e-05,2,0.0128088,-0.0356816,0.00471778,9,27,0.11705,False,False,False
y_h2o,752,yh2o_co2_jooss2026,JOOSS(2026),co2,y_h2o,338.15,20,0,0,0,0,0,0,0.01399,,,,0,,,0.0131466,3,5,0.0641535,False,False,False
y_h2o,754,yh2o_co2_jooss2026,JOOSS(2026),co2,y_h2o,338.15,90,0,0,0,0,0,0,0.00579,,,,0,,,0.00581918,4,11,-0.00501462,False,False,False
y_h2o,755,yh2o_co2_jooss2026,JOOSS(2026),co2,y_h2o,338.15,170,0,0,0,0,0,0,0.00833,,,,0,,,0.0111818,3,6,-0.255038,False,False,False
y_h2o,756,yh2o_co2_jooss2026,JOOSS(2026),co2,y_h2o,338.16,110,0,0,0,0,0,0,0.00615,,,,0,,,0.00616464,4,13,-0.00237409,False,False,False
y_h2o,780,yh2o_co2_jooss2026,JOOSS(2026),co2,y_h2o,393.17,20,0,0,0,0,0,0,0.10842,0.102,0.102,,1,0,0.0629412,0.100848,2,4,0.0750865,False,False,False
y_h2o,820,yh2o_co2_nacl_hou2013,HOU(2013b),co2,y_h2o,323.15,27.82,2.5,2.5,0,0,0,0,0.00363,0.00495,0.00495,,1,0,-0.266667,,0,0,,False,False,False
y_h2o,826,yh2o_co2_nacl_hou2013,HOU(2013b),co2,y_h2o,323.15,117.73,2.5,2.5,0,0,0,0,0.00266,0.0046,0.0046,,1,0,-0.421739,,0,0,,False,False,False
y_h2o,893,yh2o_co2_tabasinejad2011,TABASINEJAD(2011),co2,y_h2o,422.98,72.9,0,0,0,0,0,0,0.0822,0.09452,0.09452,,1,0,-0.130343,0.0904665,3,4,-0.091376,False,False,False
y_h2o,894,yh2o_co2_tabasinejad2011,TABASINEJAD(2011),co2,y_h2o,422.98,143.9,0,0,0,0,0,0,0.0557,,,,0,,,0.0605617,4,9,-0.080277,False,False,False
y_h2o,895,yh2o_co2_tabasinejad2011,TABASINEJAD(2011),co2,y_h2o,422.98,219.8,0,0,0,0,0,0,0.0459,,,,0,,,0.0750976,4,6,-0.388796,False,False,False
y_h2o,944,yh2o_n2_mohammadi2005,MOHAMMADI(2005),n2,y_h2o,283.03,44.08,0,0,0,0,0,0,0.000317,0.00026,0.00026,,1,0,0.219231,0.000289126,2,12,0.0964085,False,False,False
y_h2o,1038,zirrahi2016_10.1002_aic.15512_t1,ZIRRAHI(2016),c2h6,y_h2o,373.15,32.2,0,0,0,0,0,0,0.029,,,,0,,,0.0334135,2,5,-0.132087,False,False,False
y_h2o,1057,zirrahi2016_10.1002_aic.15512_t1,ZIRRAHI(2016),c3h8,y_h2o,383.15,39.6,0,0,0,0,0,0,0.029,,,,0,,,0.029955,1,3,-0.0318817,False,False,False
y_h2o,1058,zirrahi2016_10.1002_aic.15512_t1,ZIRRAHI(2016),c3h8,y_h2o,383.15,46.5,0,0,0,0,0,0,0.022,,,,0,,,0.0228837,1,3,-0.0386165,False,False,False
y_h2o,1059,zirrahi2016_10.1002_aic.15512_t1,ZIRRAHI(2016),c3h8,y_h2o,383.15,53.4,0,0,0,0,0,0,0.016,,,,0,,,0.0161952,1,3,-0.0120525,False,False,False
y_h2o,1133,wang2013_10.1016_j.fluid.2012.11.012_t3,WANG(2013),co2,y_h2o,313.15,91.1925,0,0,0,0,0,0,0.0032,0.002505,0.002505,0.00205768,2,1.16168,0.277445,0.00249203,10,41,0.284094,True,False,True
y_h2o,1134,wang2013_10.1016_j.fluid.2012.11.012_t3,WANG(2013),co2,y_h2o,323.15,91.1925,0,0,0,0,0,0,0.0049,0.0041,0.00436333,0.000788691,3,0.368293,0.195122,0.00412096,11,31,0.189044,False,False,False
y_h2o,1135,wang2013_10.1016_j.fluid.2012.11.012_t3,WANG(2013),co2,y_h2o,348.15,91.1925,0,0,0,0,0,0,0.0085,,,,0,,,0.00758526,5,13,0.120594,False,False,False
y_h2o,1136,wang2013_10.1016_j.fluid.2012.11.012_t3,WANG(2013),co2,y_h2o,373.15,91.1925,0,0,0,0,0,0,0.0161,,,,0,,,0.0185193,3,4,-0.130639,False,False,False
y_h2o,1139,burgass2021_10.1016_j.fluid.2020.112873_t4,BURGASS(2021),n2,y_h2o,283.1,54.3,0,0,0,0,0,0,0.00028,,,,0,,,0.000233177,2,15,0.200807,False,False,False
y_h2o,1140,burgass2021_10.1016_j.fluid.2020.112873_t4,BURGASS(2021),n2,y_h2o,283.1,76.2,0,0,0,0,0,0,0.000218,,,,0,,,0.000155812,1,14,0.399121,False,False,False
y_h2o,1145,burgass2021_10.1016_j.fluid.2020.112873_t4,BURGASS(2021),n2,y_h2o,274.1,50.5,0,0,0,0,0,0,0.00017,,,,0,,,0.000112671,2,13,0.508817,False,True,True
y_h2o,1152,caumon2016_10.1016_j.ijggc.2016.01.034_t2,CAUMON(2016),co2,y_h2o,373.15,11.7,0,0,0,0,0,0,0.1,0.077,0.077,,1,0,0.298701,0.0837531,4,6,0.193986,False,False,False
y_h2o,1153,caumon2016_10.1016_j.ijggc.2016.01.034_t2,CAUMON(2016),co2,y_h2o,373.15,22.2,0,0,0,0,0,0,0.075,,,,0,,,0.0477175,3,4,0.571752,False,True,True
y_h2o,1154,caumon2016_10.1016_j.ijggc.2016.01.034_t2,CAUMON(2016),co2,y_h2o,373.15,26.5,0,0,0,0,0,0,0.063,,,,0,,,0.0458663,4,5,0.373556,False,False,False
y_h2o,1155,caumon2016_10.1016_j.ijggc.2016.01.034_t2,CAUMON(2016),co2,y_h2o,373.15,31.7,0,0,0,0,0,0,0.053,,,,0,,,0.0371012,4,7,0.428524,False,True,True
y_h2o,1156,caumon2016_10.1016_j.ijggc.2016.01.034_t2,CAUMON(2016),co2,y_h2o,373.15,36.1,0,0,0,0,0,0,0.044,0.0328,0.0328,,1,0,0.341463,,0,0,,False,False,False
y_h2o,1157,caumon2016_10.1016_j.ijggc.2016.01.034_t2,CAUMON(2016),co2,y_h2o,373.15,42.6,0,0,0,0,0,0,0.042,,,,0,,,0.0289022,2,7,0.453178,False,True,True
y_h2o,1158,caumon2016_10.1016_j.ijggc.2016.01.034_t2,CAUMON(2016),co2,y_h2o,373.15,50.5,0,0,0,0,0,0,0.037,0.02495,0.02495,,1,0,0.482966,0.0252793,3,8,0.463649,False,True,True
y_h2o,1159,caumon2016_10.1016_j.ijggc.2016.01.034_t2,CAUMON(2016),co2,y_h2o,373.15,60.8,0,0,0,0,0,0,0.029,,,,0,,,0.0228291,2,5,0.27031,False,False,False
y_h2o,1160,caumon2016_10.1016_j.ijggc.2016.01.034_t2,CAUMON(2016),co2,y_h2o,373.15,71.5,0,0,0,0,0,0,0.028,0.02102,0.02102,,1,0,0.332065,0.0207673,5,6,0.348275,False,False,False
y_h2o,1161,caumon2016_10.1016_j.ijggc.2016.01.034_t2,CAUMON(2016),co2,y_h2o,373.15,74.7,0,0,0,0,0,0,0.026,,,,0,,,0.0199028,4,5,0.306346,False,False,False
y_h2o,1162,caumon2016_10.1016_j.ijggc.2016.01.034_t2,CAUMON(2016),co2,y_h2o,373.15,77.9,0,0,0,0,0,0,0.027,,,,0,,,0.0191885,4,5,0.407095,False,False,False
y_h2o,1163,caumon2016_10.1016_j.ijggc.2016.01.034_t2,CAUMON(2016),co2,y_h2o,373.15,81.5,0,0,0,0,0,0,0.027,,,,0,,,0.0185946,4,5,0.452033,False,True,True
y_h2o,1164,caumon2016_10.1016_j.ijggc.2016.01.034_t2,CAUMON(2016),co2,y_h2o,373.15,93.9,0,0,0,0,0,0,0.022,,,,0,,,0.0169943,4,6,0.29455,False,False,False
y_h2o,1165,caumon2016_10.1016_j.ijggc.2016.01.034_t2,CAUMON(2016),co2,y_h2o,373.15,105.1,0,0,0,0,0,0,0.022,,,,0,,,0.0168409,4,6,0.306345,False,False,False
y_h2o,1166,caumon2016_10.1016_j.ijggc.2016.01.034_t2,CAUMON(2016),co2,y_h2o,373.15,105.3,0,0,0,0,0,0,0.021,,,,0,,,0.0168419,4,6,0.24689,False,False,False
y_h2o,1167,caumon2016_10.1016_j.ijggc.2016.01.034_t2,CAUMON(2016),co2,y_h2o,373.15,125.7,0,0,0,0,0,0,0.024,,,,0,,,0.0169363,4,7,0.417075,False,True,True
y_h2o,1168,caumon2016_10.1016_j.ijggc.2016.01.034_t2,CAUMON(2016),co2,y_h2o,373.15,141.3,0,0,0,0,0,0,0.026,,,,0,,,0.0168109,4,9,0.546614,False,True,True
y_h2o,1169,caumon2016_10.1016_j.ijggc.2016.01.034_t2,CAUMON(2016),co2,y_h2o,373.15,160.3,0,0,0,0,0,0,0.023,,,,0,,,0.0186906,4,6,0.230568,False,False,False
y_h2o,1170,caumon2016_10.1016_j.ijggc.2016.01.034_t2,CAUMON(2016),co2,y_h2o,373.15,181.4,0,0,0,0,0,0,0.029,,,,0,,,0.0213991,4,6,0.355199,False,False,False
y_h2o,1171,caumon2016_10.1016_j.ijggc.2016.01.034_t2,CAUMON(2016),co2,y_h2o,373.15,201,0,0,0,0,0,0,0.029,0.029,0.029,,1,0,0,0.0265132,4,5,0.0937928,False,False,False
y_h2o,1205,blanco1999_10.1016_s0378-3812(99)00164-8_t2,BLANCO(1999),n2,y_h2o,274.32,59.75,0,0,0,0,0,0,0.0001,,,,0,,,0.000153256,2,4,-0.347495,False,False,False
y_h2o,1220,blanco1999_10.1016_s0378-3812(99)00164-8_t2,BLANCO(1999),n2,y_h2o,277.9,54.47,0,0,0,0,0,0,0.00014,,,,0,,,0.000204085,2,4,-0.314011,False,False,False
y_h2o,1221,blanco1999_10.1016_s0378-3812(99)00164-8_t2,BLANCO(1999),n2,y_h2o,278.7,60,0,0,0,0,0,0,0.00014,,,,0,,,0.000198597,2,4,-0.295056,False,False,False
y_h2o,1234,blanco1999_10.1016_s0378-3812(99)00164-8_t2,BLANCO(1999),n2,y_h2o,280.92,39.44,0,0,0,0,0,0,0.00026,,,,0,,,0.000312134,2,4,-0.167024,False,False,False
y_h2o,1235,blanco1999_10.1016_s0378-3812(99)00164-8_t2,BLANCO(1999),n2,y_h2o,282.34,44.44,0,0,0,0,0,0,0.00026,0.000317,0.000317,,1,0,-0.179811,,0,0,,False,False,False
y_h2o,1236,blanco1999_10.1016_s0378-3812(99)00164-8_t2,BLANCO(1999),n2,y_h2o,283.24,49.21,0,0,0,0,0,0,0.00026,,,,0,,,0.000300014,2,4,-0.133374,False,False,False
y_h2o,1339,loring2017_10.1021_acs.jced.6b00999_t1,LORING(2017),ch4,y_h2o,323.2,90,0,0,0,0,0,0,0.002,,,,0,,,0.00231081,4,6,-0.134501,False,False,False
y_h2o,1340,loring2017_10.1021_acs.jced.6b00999_t1,LORING(2017),co2,y_h2o,323.2,90,0,0,0,0,0,0,0.00374,0.0049,0.00475,0.000589491,3,0.234694,-0.236735,0.00410839,10,32,-0.0896685,False,False,False
y_h2o,1341,song2014_10.1021_es404618y_t1_group1,SONG(2014),co2,y_h2o,304.15,68.9,0,0,0,0,0,0,0.00204,,,,0,,,0.00185682,8,21,0.0986509,False,False,False
y_h2o,1342,song2014_10.1021_es404618y_t1_group1,SONG(2014),co2,y_h2o,304.15,69.4,0,0,0,0,0,0,0.00283,,,,0,,,0.00186967,8,21,0.513638,False,True,True
y_h2o,1343,song2014_10.1021_es404618y_t1_group1,SONG(2014),co2,y_h2o,304.15,127.5,0,0,0,0,0,0,0.00396,,,,0,,,0.00397423,6,20,-0.00358013,False,False,False
y_h2o,1344,song2014_10.1021_es404618y_t1_group1,SONG(2014),co2,y_h2o,308.15,75.1,0,0,0,0,0,0,0.00204,,,,0,,,0.00190788,7,21,0.0692501,False,False,False
y_h2o,1345,song2014_10.1021_es404618y_t1_group1,SONG(2014),co2,y_h2o,308.15,77.4,0,0,0,0,0,0,0.00283,,,,0,,,0.00199406,7,21,0.419213,False,True,True
y_h2o,1346,song2014_10.1021_es404618y_t1_group1,SONG(2014),co2,y_h2o,308.15,79.7,0,0,0,0,0,0,0.00339,0.002705,0.002705,0.000289914,2,0.151571,0.253235,0.0020989,7,21,0.615133,False,True,True
y_h2o,1347,song2014_10.1021_es404618y_t1_group1,SONG(2014),co2,y_h2o,308.15,96.2,0,0,0,0,0,0,0.00396,,,,0,,,0.00325247,7,21,0.217538,False,False,False
y_h2o,1348,song2014_10.1021_es404618y_t1_group1,SONG(2014),co2,y_h2o,313.15,82.2,0,0,0,0,0,0,0.00283,0.00053,0.00053,,1,0,4.33962,0.00192426,10,31,0.470699,False,True,True
y_h2o,1349,song2014_10.1021_es404618y_t1_group1,SONG(2014),co2,y_h2o,313.15,84.5,0,0,0,0,0,0,0.00339,0.00053,0.00053,,1,0,5.39623,0.00195778,10,30,0.731549,False,True,True
y_h2o,1350,song2014_10.1021_es404618y_t1_group1,SONG(2014),co2,y_h2o,313.15,91.3,0,0,0,0,0,0,0.00396,0.002125,0.002125,0.00152028,2,1.01176,0.863529,0.00202437,10,31,0.95616,True,True,True
y_h2o,1351,song2014_10.1021_es404618y_t1_group1,SONG(2014),co2,y_h2o,323.15,83.4,0,0,0,0,0,0,0.00339,0.00299,0.00299,0.000678823,2,0.32107,0.133779,0.0037661,11,28,-0.0998645,False,False,False
y_h2o,1352,song2014_10.1021_es404618y_t1_group1,SONG(2014),co2,y_h2o,323.15,95.6,0,0,0,0,0,0,0.00396,,,,0,,,0.00446352,11,28,-0.112808,False,False,False
y_h2o,1353,reamer1943_10.1021_ie50403a012_t1,REAMER(1943),c2h6,y_h2o,310.928,63.8661,0,0,0,0,0,0,0.00133,0.000666,0.000666,,1,0,0.996997,0.0007348,4,5,0.810017,False,True,True
y_h2o,1359,reamer1943_10.1021_ie50403a012_t1,REAMER(1943),c2h6,y_h2o,310.928,136.33,0,0,0,0,0,0,0.000802,0.000516,0.000516,,1,0,0.554264,,0,0,,False,False,False
y_h2o,1366,reamer1943_10.1021_ie50403a012_t1,REAMER(1943),c2h6,y_h2o,377.594,283.885,0,0,0,0,0,0,0.007224,0.007226,0.007226,,1,0,-0.000276778,,0,0,,False,False,False
y_h2o,1464,kobayashi1953_10.1021_ie50518a051_t2,KOBAYASHI(1953),c3h8,y_h2o,383.15,43.437,0,0,0,0,0,0,0.02659,,,,0,,,0.024513,1,3,0.0847324,False,False,False
y_h2o,1465,kobayashi1953_10.1021_ie50518a051_t2,KOBAYASHI(1953),c3h8,y_h2o,383.15,49.5044,0,0,0,0,0,0,0.02028,,,,0,,,0.0189111,1,3,0.0723887,False,False,False
y_h2o,1488,rigby1968_10.1021_j100847a064_t1,RIGBY(1968),n2,y_h2o,323.15,37.4193,0,0,0,0,0,0,0.00368,,,,0,,,0.00367952,1,5,0.000129701,False,False,False
y_h2o,1496,rigby1968_10.1021_j100847a064_t1,RIGBY(1968),n2,y_h2o,373.15,101.517,0,0,0,0,0,0,0.01218,0.0112439,0.0112439,,1,0,0.0832587,,0,0,,False,False,False
y_h2o,1509,rigby1968_10.1021_j100847a064_t1,RIGBY(1968),ch4,y_h2o,298.15,23.5378,0,0,0,0,0,0,0.001483,0.00144,0.00144,,1,0,0.0298611,0.00147568,3,7,0.00496167,False,False,False
y_h2o,1510,rigby1968_10.1021_j100847a064_t1,RIGBY(1968),ch4,y_h2o,298.15,30.509,0,0,0,0,0,0,0.001175,0.001183,0.001183,,1,0,-0.00676247,0.00116495,3,8,0.00863054,False,False,False
y_h2o,1511,rigby1968_10.1021_j100847a064_t1,RIGBY(1968),ch4,y_h2o,298.15,40.5503,0,0,0,0,0,0,0.000915,,,,0,,,0.000929351,3,6,-0.0154415,False,False,False
y_h2o,1512,rigby1968_10.1021_j100847a064_t1,RIGBY(1968),ch4,y_h2o,323.15,30.1442,0,0,0,0,0,0,0.004474,0.004468,0.004468,,1,0,0.00134288,,0,0,,False,False,False
y_h2o,1514,rigby1968_10.1021_j100847a064_t1,RIGBY(1968),ch4,y_h2o,323.15,68.1715,0,0,0,0,0,0,0.002185,,,,0,,,0.00289777,4,7,-0.245971,False,False,False
y_h2o,1518,rigby1968_10.1021_j100847a064_t1,RIGBY(1968),ch4,y_h2o,373.15,57.4107,0,0,0,0,0,0,0.01992,,,,0,,,0.0202029,4,6,-0.0140048,False,False,False
y_h2o,1519,rigby1968_10.1021_j100847a064_t1,RIGBY(1968),ch4,y_h2o,373.15,71.8901,0,0,0,0,0,0,0.01643,,,,0,,,0.0163504,4,5,0.00486943,False,False,False
y_h2o,1521,king1971_10.1021_ja00737a004_t1,KING(1971),co2,y_h2o,298.15,22.6968,0,0,0,0,0,0,0.00195,,,,0,,,0.00173959,4,12,0.120956,False,False,False
y_h2o,1522,king1971_10.1021_ja00737a004_t1,KING(1971),co2,y_h2o,298.15,29.7895,0,0,0,0,0,0,0.00163,,,,0,,,0.00145943,5,15,0.116871,False,False,False
y_h2o,1523,king1971_10.1021_ja00737a004_t1,KING(1971),co2,y_h2o,298.15,29.9922,0,0,0,0,0,0,0.00167,,,,0,,,0.00145455,5,15,0.148124,False,False,False
y_h2o,1524,king1971_10.1021_ja00737a004_t1,KING(1971),co2,y_h2o,298.15,37.2876,0,0,0,0,0,0,0.00145,,,,0,,,0.00131418,6,20,0.103346,False,False,False
y_h2o,1525,king1971_10.1021_ja00737a004_t1,KING(1971),co2,y_h2o,298.15,37.3889,0,0,0,0,0,0,0.00149,,,,0,,,0.00131285,6,20,0.134936,False,False,False
y_h2o,1527,king1971_10.1021_ja00737a004_t1,KING(1971),co2,y_h2o,323.15,25.5339,0,0,0,0,0,0,0.00595,0.00615779,0.00615779,,1,0,-0.0337448,0.00611558,4,8,-0.0270749,False,False,False
y_h2o,1528,king1971_10.1021_ja00737a004_t1,KING(1971),co2,y_h2o,323.15,25.8379,0,0,0,0,0,0,0.00598,0.00615779,0.00615779,,1,0,-0.0288729,0.00605307,4,8,-0.0120713,False,False,False
y_h2o,1529,king1971_10.1021_ja00737a004_t1,KING(1971),co2,y_h2o,323.15,36.3757,0,0,0,0,0,0,0.00466,,,,0,,,0.0046798,5,12,-0.00423053,False,False,False
y_h2o,1530,king1971_10.1021_ja00737a004_t1,KING(1971),co2,y_h2o,323.15,36.3757,0,0,0,0,0,0,0.00463,,,,0,,,0.0046798,5,12,-0.0106411,False,False,False
y_h2o,1531,king1971_10.1021_ja00737a004_t1,KING(1971),co2,y_h2o,323.15,46.3055,0,0,0,0,0,0,0.00396,,,,0,,,0.00402493,5,14,-0.0161331,False,False,False
y_h2o,1532,king1971_10.1021_ja00737a004_t1,KING(1971),co2,y_h2o,348.15,23.3047,0,0,0,0,0,0,0.02,,,,0,,,0.012131,4,6,0.648667,False,True,True
y_h2o,1533,king1971_10.1021_ja00737a004_t1,KING(1971),co2,y_h2o,348.15,37.3889,0,0,0,0,0,0,0.0125,,,,0,,,0.0116782,3,7,0.0703702,False,False,False
y_h2o,1534,king1971_10.1021_ja00737a004_t1,KING(1971),co2,y_h2o,348.15,37.4902,0,0,0,0,0,0,0.0126,,,,0,,,0.0116582,3,7,0.0807835,False,False,False
y_h2o,1581,king1971_10.1021_ja00737a004_t1,KING(1971),c2h6,y_h2o,298.15,24.4193,0,0,0,0,0,0,0.00142,,,,0,,,0.00148721,3,11,-0.0451929,False,False,False
y_h2o,1582,king1971_10.1021_ja00737a004_t1,KING(1971),c2h6,y_h2o,298.15,29.6882,0,0,0,0,0,0,0.00111,,,,0,,,0.00114281,3,16,-0.0287113,False,False,False
y_h2o,1583,king1971_10.1021_ja00737a004_t1,KING(1971),c2h6,y_h2o,298.15,35.9704,0,0,0,0,0,0,0.0009,0.000982,0.000982,,1,0,-0.0835031,0.000892591,3,19,0.00830111,False,False,False
y_h2o,1584,king1971_10.1021_ja00737a004_t1,KING(1971),c2h6,y_h2o,298.15,36.0717,0,0,0,0,0,0,0.00093,,,,0,,,0.000888463,3,19,0.046751,False,False,False
y_h2o,1600,saddington1934_10.1021_ja01317a024_t2,SADDINGTON(1934),n2,y_h2o,373.15,101.325,0,0,0,0,0,0,0.0112439,0.01218,0.01218,,1,0,-0.0768595,,0,0,,False,False,False
y_h2o,1616,wiebe1941_10.1021_ja01847a030_t1,WIEBE(1941),co2,y_h2o,298.15,25.3313,0,0,0,0,0,0,0.00163961,0.0014,0.0014,,1,0,0.171147,0.00166132,5,17,-0.0130677,False,False,False
y_h2o,1617,wiebe1941_10.1021_ja01847a030_t1,WIEBE(1941),co2,y_h2o,298.15,50.6625,0,0,0,0,0,0,0.00129226,,,,0,,,0.0013689,7,22,-0.0559833,False,False,False
y_h2o,1618,wiebe1941_10.1021_ja01847a030_t1,WIEBE(1941),co2,y_h2o,298.15,101.325,0,0,0,0,0,0,0.00331092,0.00327,0.00327,,1,0,0.0125152,0.00331418,5,19,-0.00098361,False,False,False
y_h2o,1619,wiebe1941_10.1021_ja01847a030_t1,WIEBE(1941),co2,y_h2o,298.15,151.988,0,0,0,0,0,0,0.00358276,0.00354,0.00354,,1,0,0.0120784,0.00356052,4,16,0.00624531,False,False,False
y_h2o,1620,wiebe1941_10.1021_ja01847a030_t1,WIEBE(1941),co2,y_h2o,298.15,202.65,0,0,0,0,0,0,0.00375566,0.00378,0.00378,,1,0,-0.00643784,0.00382419,3,13,-0.0179188,False,False,False
y_h2o,1624,wiebe1941_10.1021_ja01847a030_t1,WIEBE(1941),co2,y_h2o,304.19,25.3313,0,0,0,0,0,0,0.00227165,0.0023,0.0023,,1,0,-0.0123253,0.00228073,4,21,-0.00398193,False,False,False
y_h2o,1625,wiebe1941_10.1021_ja01847a030_t1,WIEBE(1941),co2,y_h2o,304.19,50.6625,0,0,0,0,0,0,0.0016024,0.0016,0.0016,,1,0,0.0015015,0.00159859,6,24,0.00238685,False,False,False
y_h2o,1626,wiebe1941_10.1021_ja01847a030_t1,WIEBE(1941),co2,y_h2o,304.19,101.325,0,0,0,0,0,0,0.00363217,0.0041,0.0041,,1,0,-0.114106,0.0037603,7,25,-0.0340751,False,False,False
y_h2o,1627,wiebe1941_10.1021_ja01847a030_t1,WIEBE(1941),co2,y_h2o,304.19,202.65,0,0,0,0,0,0,0.00418767,0.0046,0.0046,,1,0,-0.0896367,0.0044918,4,12,-0.0677073,False,False,False
y_h2o,1632,wiebe1941_10.1021_ja01847a030_t1,WIEBE(1941),co2,y_h2o,323.15,25.3313,0,0,0,0,0,0,0.00615779,0.005965,0.005965,,1,0,0.0323208,0.00603215,4,9,0.020829,False,False,False
y_h2o,1633,wiebe1941_10.1021_ja01847a030_t1,WIEBE(1941),co2,y_h2o,323.15,50.6625,0,0,0,0,0,0,0.0038174,0.0036,0.0036,,1,0,0.0603897,0.00380626,6,16,0.0029276,False,False,False
y_h2o,1634,wiebe1941_10.1021_ja01847a030_t1,WIEBE(1941),co2,y_h2o,323.15,60.795,0,0,0,0,0,0,0.00355805,0.00359,0.00359,0.000155563,2,0.0612813,-0.00889926,0.00355768,8,20,0.000104171,False,False,False
y_h2o,1635,wiebe1941_10.1021_ja01847a030_t1,WIEBE(1941),co2,y_h2o,323.15,75.9938,0,0,0,0,0,0,0.00348393,0.00345,0.00345,,1,0,0.00983376,0.00348774,11,29,-0.00109416,False,False,False
y_h2o,1636,wiebe1941_10.1021_ja01847a030_t1,WIEBE(1941),co2,y_h2o,323.15,101.325,0,0,0,0,0,0,0.00447136,0.004985,0.0049575,0.000611903,4,0.228686,-0.103038,0.00482056,10,30,-0.0724409,False,False,False
y_h2o,1637,wiebe1941_10.1021_ja01847a030_t1,WIEBE(1941),co2,y_h2o,323.15,151.988,0,0,0,0,0,0,0.00605947,0.0079,0.0079,,1,0,-0.232978,0.0069092,7,17,-0.122985,False,False,False
y_h2o,1638,wiebe1941_10.1021_ja01847a030_t1,WIEBE(1941),co2,y_h2o,323.15,202.65,0,0,0,0,0,0,0.00672276,0.00851,0.00851,0.00239002,2,0.39718,-0.210016,0.00751249,6,10,-0.105122,False,False,False
y_h2o,1642,wiebe1941_10.1021_ja01847a030_t1,WIEBE(1941),co2,y_h2o,348.15,25.3313,0,0,0,0,0,0,0.0105257,,,,0,,,0.0174838,4,7,-0.397976,False,False,False
y_h2o,1643,wiebe1941_10.1021_ja01847a030_t1,WIEBE(1941),co2,y_h2o,348.15,101.325,0,0,0,0,0,0,0.00821805,0.0074,0.0074,,1,0,0.110547,0.00726895,5,11,0.13057,False,False,False
y_h2o,1644,wiebe1941_10.1021_ja01847a030_t1,WIEBE(1941),co2,y_h2o,348.15,111.457,0,0,0,0,0,0,0.00804669,,,,0,,,0.00718572,5,13,0.119816,False,False,False
y_h2o,1645,wiebe1941_10.1021_ja01847a030_t1,WIEBE(1941),co2,y_h2o,348.15,126.656,0,0,0,0,0,0,0.00847498,,,,0,,,0.00749963,5,13,0.130053,False,False,False
y_h2o,1646,wiebe1941_10.1021_ja01847a030_t1,WIEBE(1941),co2,y_h2o,348.15,151.988,0,0,0,0,0,0,0.00946476,0.00825,0.00825,0.00106066,2,0.181818,0.147243,0.00820824,4,8,0.15308,False,False,False
y_h2o,1647,wiebe1941_10.1021_ja01847a030_t1,WIEBE(1941),co2,y_h2o,348.15,202.65,0,0,0,0,0,0,0.0111952,,,,0,,,0.00888564,3,4,0.259916,False,False,False
y_h2o,1651,zawisza1981_10.1021_je00026a012_t1,ZAWISZA(1981),co2,y_h2o,373.15,9.62,0,0,0,0,0,0,0.121,,,,0,,,0.101936,3,4,0.18702,False,False,False
y_h2o,1655,zawisza1981_10.1021_je00026a012_t1,ZAWISZA(1981),co2,y_h2o,423.15,28.03,0,0,0,0,0,0,0.2173,,,,0,,,0.203511,3,8,0.0677561,False,False,False
y_h2o,1657,zawisza1981_10.1021_je00026a012_t1,ZAWISZA(1981),co2,y_h2o,423.15,9.42,0,0,0,0,0,0,0.5008,,,,0,,,0.523367,1,4,-0.0431188,False,False,False
y_h2o,1659,zawisza1981_10.1021_je00026a012_t1,ZAWISZA(1981),co2,y_h2o,473.15,33.5,0,0,0,0,0,0,0.5008,,,,0,,,0.476645,2,5,0.0506777,False,False,False
y_h2o,1661,zawisza1981_10.1021_je00026a012_t1,ZAWISZA(1981),co2,y_h2o,448.15,13.07,0,0,0,0,0,0,0.7032,0.70431,0.70431,,1,0,-0.00157601,,0,0,,False,False,False
y_h2o,1662,zawisza1981_10.1021_je00026a012_t1,ZAWISZA(1981),co2,y_h2o,473.15,22.64,0,0,0,0,0,0,0.7032,,,,0,,,0.686077,1,3,0.0249583,False,False,False
y_h2o,1689,chapoy2003b_10.1021_je0202230_t4,CHAPOY(2003b),c2h6,y_h2o,288.11,24.9,0,0,0,0,0,0,0.000644,,,,0,,,0.000751735,2,4,-0.143315,False,False,False
y_h2o,1692,chapoy2003b_10.1021_je0202230_t4,CHAPOY(2003b),c2h6,y_h2o,288.11,33.6,0,0,0,0,0,0,0.000427,0.000525,0.000525,,1,0,-0.186667,,0,0,,False,False,False
y_h2o,1698,chapoy2003b_10.1021_je0202230_t4,CHAPOY(2003b),c2h6,y_h2o,293.11,25.6,0,0,0,0,0,0,0.000895,,,,0,,,0.000981899,3,8,-0.0885008,False,False,False
y_h2o,1699,chapoy2003b_10.1021_je0202230_t4,CHAPOY(2003b),c2h6,y_h2o,293.11,32.4,0,0,0,0,0,0,0.00066,,,,0,,,0.00074649,3,8,-0.115863,False,False,False
y_h2o,1700,chapoy2003b_10.1021_je0202230_t4,CHAPOY(2003b),c2h6,y_h2o,293.11,33.2,0,0,0,0,0,0,0.000626,,,,0,,,0.000724794,3,8,-0.136306,False,False,False
y_h2o,1701,chapoy2003b_10.1021_je0202230_t4,CHAPOY(2003b),c2h6,y_h2o,293.11,34.8,0,0,0,0,0,0,0.000595,,,,0,,,0.000682018,3,7,-0.127589,False,False,False
y_h2o,1702,chapoy2003b_10.1021_je0202230_t4,CHAPOY(2003b),c2h6,y_h2o,293.11,37.5,0,0,0,0,0,0,0.000525,,,,0,,,0.00061776,3,7,-0.150155,False,False,False
y_h2o,1705,chapoy2003b_10.1021_je0202230_t4,CHAPOY(2003b),c2h6,y_h2o,298.11,21.9,0,0,0,0,0,0,0.00178,,,,0,,,0.00159036,2,5,0.119243,False,False,False
y_h2o,1706,chapoy2003b_10.1021_je0202230_t4,CHAPOY(2003b),c2h6,y_h2o,298.11,27.3,0,0,0,0,0,0,0.00137,,,,0,,,0.00123581,3,7,0.108586,False,False,False
y_h2o,1707,chapoy2003b_10.1021_je0202230_t4,CHAPOY(2003b),c2h6,y_h2o,298.11,35.3,0,0,0,0,0,0,0.000982,0.0009,0.0009,,1,0,0.0911111,0.000903517,3,8,0.0868638,False,False,False
y_h2o,1708,chapoy2003b_10.1021_je0202230_t4,CHAPOY(2003b),c2h6,y_h2o,298.11,39.9,0,0,0,0,0,0,0.000794,,,,0,,,0.000752303,3,8,0.055426,False,False,False
y_h2o,1709,chapoy2003b_10.1021_je0202230_t4,CHAPOY(2003b),c2h6,y_h2o,298.11,40.1,0,0,0,0,0,0,0.000768,,,,0,,,0.00074602,3,8,0.0294629,False,False,False
y_h2o,1710,chapoy2003b_10.1021_je0202230_t4,CHAPOY(2003b),c2h6,y_h2o,298.11,41.2,0,0,0,0,0,0,0.000749,,,,0,,,0.000710396,3,8,0.0543418,False,False,False
y_h2o,1714,chapoy2003b_10.1021_je0202230_t4,CHAPOY(2003b),c2h6,y_h2o,303.11,24.8,0,0,0,0,0,0,0.00198,,,,0,,,0.00181065,2,4,0.0935272,False,False,False
y_h2o,1715,chapoy2003b_10.1021_je0202230_t4,CHAPOY(2003b),c2h6,y_h2o,303.11,33.7,0,0,0,0,0,0,0.00141,,,,0,,,0.00127618,3,10,0.104863,False,False,False
y_h2o,1716,chapoy2003b_10.1021_je0202230_t4,CHAPOY(2003b),c2h6,y_h2o,303.11,43.8,0,0,0,0,0,0,0.00099,,,,0,,,0.000825698,3,8,0.198986,False,False,False
y_h2o,1717,chapoy2003b_10.1021_je0202230_t4,CHAPOY(2003b),c2h6,y_h2o,303.11,44.8,0,0,0,0,0,0,0.000943,,,,0,,,0.000791525,3,9,0.191371,False,False,False
y_h2o,1718,chapoy2003b_10.1021_je0202230_t4,CHAPOY(2003b),c2h6,y_h2o,303.11,46.3,0,0,0,0,0,0,0.000911,0.000736,0.000736,,1,0,0.237772,0.000754408,4,10,0.207569,False,False,False
y_h2o,1719,anthony1967_10.1021_je60032a007_t1,ANTHONY(1967),c2h6,y_h2o,310.872,37.2041,0,0,0,0,0,0,0.001796,,,,0,,,0.00172688,3,6,0.0400242,False,False,False
y_h2o,1721,anthony1967_10.1021_je60032a007_t2,ANTHONY(1967),c2h6,y_h2o,310.983,35.0392,0,0,0,0,0,0,0.001956,,,,0,,,0.00191655,3,7,0.0205821,False,False,False
y_h2o,1722,anthony1967_10.1021_je60032a007_t2,ANTHONY(1967),c2h6,y_h2o,310.872,34.2463,0,0,0,0,0,0,0.001817,,,,0,,,0.00195373,3,7,-0.0699835,False,False,False
y_h2o,1723,anthony1967_10.1021_je60032a007_t2,ANTHONY(1967),c2h6,y_h2o,310.872,63.2042,0,0,0,0,0,0,0.000666,0.00133,0.00133,,1,0,-0.499248,0.00128618,4,5,-0.482189,False,True,True
y_h2o,1726,anthony1967_10.1021_je60032a007_t2,ANTHONY(1967),c2h6,y_h2o,310.872,137.93,0,0,0,0,0,0,0.000516,0.000802,0.000802,,1,0,-0.356608,,0,0,,False,False,False
y_h2o,1740,anthony1967_10.1021_je60032a007_t2,ANTHONY(1967),c2h6,y_h2o,377.706,278.527,0,0,0,0,0,0,0.007226,0.007224,0.007224,,1,0,0.000276855,,0,0,,False,False,False
y_h2o,1741,sabirzyanov2002_10.1023_a:1015294905132_t1,SABIRZYANOV(2002),co2,y_h2o,313,83.1,0,0,0,0,0,0,0.00053,0.00311,0.00311,,1,0,-0.829582,0.00315613,7,24,-0.832073,False,True,True
y_h2o,1742,sabirzyanov2002_10.1023_a:1015294905132_t1,SABIRZYANOV(2002),co2,y_h2o,313,91.2,0,0,0,0,0,0,0.00105,0.00358,0.00358,0.000537401,2,0.212291,-0.706704,0.00363225,7,24,-0.710923,True,True,True
y_h2o,1743,sabirzyanov2002_10.1023_a:1015294905132_t1,SABIRZYANOV(2002),co2,y_h2o,313,102.6,0,0,0,0,0,0,0.00414,0.00428,0.00428,,1,0,-0.0327103,0.0040118,7,19,0.0319566,False,False,False
y_h2o,1744,sabirzyanov2002_10.1023_a:1015294905132_t1,SABIRZYANOV(2002),co2,y_h2o,313,123.6,0,0,0,0,0,0,0.0045,,,,0,,,0.00460384,6,13,-0.0225556,False,False,False
y_h2o,1745,sabirzyanov2002_10.1023_a:1015294905132_t1,SABIRZYANOV(2002),co2,y_h2o,313,154,0,0,0,0,0,0,0.00575,0.00507,0.00507,,1,0,0.134122,0.00504738,5,10,0.139205,False,False,False
y_h2o,1746,sabirzyanov2002_10.1023_a:1015294905132_t1,SABIRZYANOV(2002),co2,y_h2o,313,179.6,0,0,0,0,0,0,0.00607,,,,0,,,0.00545433,5,10,0.112877,False,False,False
y_h2o,1747,sabirzyanov2002_10.1023_a:1015294905132_t1,SABIRZYANOV(2002),co2,y_h2o,313,205.4,0,0,0,0,0,0,0.00596,0.0058,0.0058,,1,0,0.0275862,,0,0,,False,False,False
y_h2o,1748,sabirzyanov2002_10.1023_a:1015294905132_t2,SABIRZYANOV(2002),co2,y_h2o,323,85.1,0,0,0,0,0,0,0.00251,0.00343,0.00343,5.65685e-05,2,0.0233236,-0.268222,0.00381691,11,30,-0.342401,True,False,True
y_h2o,1749,sabirzyanov2002_10.1023_a:1015294905132_t2,SABIRZYANOV(2002),co2,y_h2o,323,91.2,0,0,0,0,0,0,0.00525,0.0041,0.00424667,0.000593745,3,0.282927,0.280488,0.00411101,11,30,0.277058,True,False,True
y_h2o,1750,sabirzyanov2002_10.1023_a:1015294905132_t2,SABIRZYANOV(2002),co2,y_h2o,323,103.4,0,0,0,0,0,0,0.00717,,,,0,,,0.0049227,10,28,0.456517,False,True,True
y_h2o,1751,sabirzyanov2002_10.1023_a:1015294905132_t2,SABIRZYANOV(2002),co2,y_h2o,323,141.9,0,0,0,0,0,0,0.00851,0.0061,0.0061,,1,0,0.395082,0.00636687,7,19,0.336607,False,False,False
y_h2o,1752,sabirzyanov2002_10.1023_a:1015294905132_t2,SABIRZYANOV(2002),co2,y_h2o,323,164.1,0,0,0,0,0,0,0.00908,,,,0,,,0.00667992,7,14,0.359298,False,False,False
y_h2o,1753,sabirzyanov2002_10.1023_a:1015294905132_t2,SABIRZYANOV(2002),co2,y_h2o,323,184.4,0,0,0,0,0,0,0.00927,,,,0,,,0.00679862,7,10,0.363512,False,False,False
y_h2o,1754,sabirzyanov2002_10.1023_a:1015294905132_t2,SABIRZYANOV(2002),co2,y_h2o,323,202.6,0,0,0,0,0,0,0.0102,0.00677138,0.00677138,6.87577e-05,2,0.0143601,0.50634,0.00681492,6,9,0.496717,True,True,True
y_h2o,1852,song1987_10.2118_15905-pa_t1,SONG(1987),co2,y_h2o,285.15,34.5,0,0,0,0,0,0,0.000603,,,,0,,,0.000673883,1,9,-0.105185,False,False,False
y_h2o,1853,song1987_10.2118_15905-pa_t1,SONG(1987),co2,y_h2o,293.15,34.5,0,0,0,0,0,0,0.001001,,,,0,,,0.00101691,4,21,-0.0156495,False,False,False
y_h2o,1858,song1987_10.2118_15905-pa_t1,SONG(1987),co2,y_h2o,290.15,48.3,0,0,0,0,0,0,0.0008229,,,,0,,,0.00144069,5,12,-0.428815,False,True,True
y_h2o,1859,song1987_10.2118_15905-pa_t1,SONG(1987),co2,y_h2o,298.15,48.3,0,0,0,0,0,0,0.0012787,,,,0,,,0.0013998,6,18,-0.0865115,False,False,False
y_h2o,1860,song1987_10.2118_15905-pa_t1,SONG(1987),co2,y_h2o,288.71,52.4,0,0,0,0,0,0,0.00064,0.00222,0.00222,,1,0,-0.711712,0.00201386,4,9,-0.682202,False,True,True
y_h2o,1862,song1987_10.2118_15905-pa_t1,SONG(1987),co2,y_h2o,293.35,57.9,0,0,0,0,0,0,0.0008999,0.00261,0.00261,,1,0,-0.655211,0.00197563,3,10,-0.544499,False,True,True
y_h2o,1867,song1987_10.2118_15905-pa_t1,SONG(1987),co2,y_h2o,299.82,66.9,0,0,0,0,0,0,0.00127,,,,0,,,0.00240473,6,21,-0.471874,False,True,True
y_h2o,1869,song1987_10.2118_15905-pa_t1,SONG(1987),co2,y_h2o,302.65,71.7,0,0,0,0,0,0,0.0014981,,,,0,,,0.00258892,5,24,-0.421342,False,True,True
y_h2o,1871,song1987_10.2118_15905-pa_t1,SONG(1987),co2,y_h2o,304.21,73.9,0,0,0,0,0,0,0.0021079,,,,0,,,0.00263998,7,27,-0.201546,False,False,False
y_h2o,1913,yarrison2006b_Yarrison_2007_t11,YARRISON(2006b),ch4,y_h2o,310.9,34.5,0,0,0,0,0,0,0.00221,0.002209,0.002209,,1,0,0.000452694,,0,0,,False,False,False
y_h2o,1914,yarrison2006b_Yarrison_2007_t11,YARRISON(2006b),ch4,y_h2o,310.9,68.9,0,0,0,0,0,0,0.00125,0.001248,0.001248,,1,0,0.00160256,0.0012448,4,9,0.00418122,False,False,False
y_h2o,1915,yarrison2006b_Yarrison_2007_t11,YARRISON(2006b),ch4,y_h2o,310.9,206.8,0,0,0,0,0,0,0.000699,0.000665,0.000665,4.94975e-05,2,0.105263,0.0511278,0.000620884,4,12,0.125815,False,False,False
y_h2o,1916,yarrison2006b_Yarrison_2007_t11,YARRISON(2006b),ch4,y_h2o,310.9,413.7,0,0,0,0,0,0,0.0005636,0.000524,0.000524,5.65685e-05,2,0.152672,0.0755725,0.000489004,3,9,0.152548,False,False,False
y_h2o,1917,yarrison2006b_Yarrison_2007_t11,YARRISON(2006b),ch4,y_h2o,313.9,620.5,0,0,0,0,0,0,0.00049,0.00049,0.00049,,1,0,0,0.000490275,2,5,-0.000560341,False,False,False
y_h2o,1918,yarrison2006b_Yarrison_2007_t11,YARRISON(2006b),ch4,y_h2o,366.5,34.5,0,0,0,0,0,0,0.0235,0.02354,0.02354,,1,0,-0.00169924,0.02354,2,4,-0.00169924,False,False,False
y_h2o,1919,yarrison2006b_Yarrison_2007_t11,YARRISON(2006b),ch4,y_h2o,366.5,68.9,0,0,0,0,0,0,0.0133,0.01325,0.01325,,1,0,0.00377358,0.01325,3,5,0.00377358,False,False,False
y_h2o,1920,yarrison2006b_Yarrison_2007_t11,YARRISON(2006b),ch4,y_h2o,366.5,206.8,0,0,0,0,0,0,0.00656,0.00656,0.00656,,1,0,0,,0,0,,False,False,False
y_h2o,1921,yarrison2006b_Yarrison_2007_t11,YARRISON(2006b),ch4,y_h2o,366.5,413.7,0,0,0,0,0,0,0.00397,0.00396,0.00396,,1,0,0.00252525,,0,0,,False,False,False
y_h2o,1922,yarrison2006b_Yarrison_2007_t11,YARRISON(2006b),ch4,y_h2o,366.5,620.5,0,0,0,0,0,0,0.00345,0.00344,0.00344,,1,0,0.00290698,,0,0,,False,False,False
y_h2o,1923,yarrison2006b_Yarrison_2007_t11,YARRISON(2006b),ch4,y_h2o,366.5,758.4,0,0,0,0,0,0,0.00314,0.00313,0.00313,,1,0,0.00319489,0.00312563,1,3,0.00459738,False,False,False
y_h2o,1924,yarrison2006b_Yarrison_2007_t11,YARRISON(2006b),ch4,y_h2o,366.5,896.3,0,0,0,0,0,0,0.00289,0.00288,0.00288,,1,0,0.00347222,,0,0,,False,False,False
y_h2o,1925,yarrison2006b_Yarrison_2007_t11,YARRISON(2006b),ch4,y_h2o,422.04,34.5,0,0,0,0,0,0,0.125,0.1246,0.1246,,1,0,0.00321027,0.127767,3,4,-0.021657,False,False,False
y_h2o,1926,yarrison2006b_Yarrison_2007_t11,YARRISON(2006b),ch4,y_h2o,422.04,68.9,0,0,0,0,0,0,0.0747,0.0746,0.0746,,1,0,0.00134048,,0,0,,False,False,False
y_h2o,1927,yarrison2006b_Yarrison_2007_t11,YARRISON(2006b),ch4,y_h2o,422.04,206.8,0,0,0,0,0,0,0.0317,0.0316,0.0316,,1,0,0.00316456,,0,0,,False,False,False
y_h2o,1928,yarrison2006b_Yarrison_2007_t11,YARRISON(2006b),ch4,y_h2o,422.04,413.7,0,0,0,0,0,0,0.0205,0.0206,0.0206,0.000282843,2,0.0194175,-0.00485437,,0,0,,False,False,False
y_h2o,1929,yarrison2006b_Yarrison_2007_t11,YARRISON(2006b),ch4,y_h2o,422.04,620.5,0,0,0,0,0,0,0.0166,0.0165,0.0165,,1,0,0.00606061,,0,0,,False,False,False
y_h2o,1930,yarrison2006b_Yarrison_2007_t11,YARRISON(2006b),ch4,y_h2o,466.5,34.5,0,0,0,0,0,0,0.416,0.415,0.415,,1,0,0.00240964,,0,0,,False,False,False
y_h2o,1931,yarrison2006b_Yarrison_2007_t11,YARRISON(2006b),ch4,y_h2o,466.5,206.8,0,0,0,0,0,0,0.0835,0.084,0.084,,1,0,-0.00595238,0.084,2,4,-0.00595238,False,False,False
y_h2o,1932,yarrison2006b_Yarrison_2007_t11,YARRISON(2006b),ch4,y_h2o,466.5,413.7,0,0,0,0,0,0,0.0602,0.06,0.06,,1,0,0.00333333,0.06,2,4,0.00333333,False,False,False
y_h2o,1933,yarrison2006b_Yarrison_2007_t11,YARRISON(2006b),ch4,y_h2o,466.5,620.5,0,0,0,0,0,0,0.0455,0.046,0.046,,1,0,-0.0108696,,0,0,,False,False,False
y_h2o,1934,yarrison2006b_Yarrison_2007_t11,YARRISON(2006b),ch4,y_h2o,466.5,758.4,0,0,0,0,0,0,0.0401,0.04,0.04,,1,0,0.0025,0.0403249,2,5,-0.00557833,False,False,False
y_h2o,1935,yarrison2006b_Yarrison_2007_t11,YARRISON(2006b),ch4,y_h2o,466.5,965.3,0,0,0,0,0,0,0.0353,0.035,0.035,,1,0,0.00857143,0.0351729,2,6,0.00361394,False,False,False
y_h2o,1936,yarrison2006b_Yarrison_2007_t11,YARRISON(2006b),ch4,y_h2o,466.5,1103.2,0,0,0,0,0,0,0.0334,0.033,0.033,,1,0,0.0121212,0.0329769,2,4,0.0128292,False,False,False
y_h2o,1937,yarrison2006b_Yarrison_2007_t11,YARRISON(2006b),ch4,y_h2o,477.5,34.5,0,0,0,0,0,0,0.547,0.546,0.546,,1,0,0.0018315,,0,0,,False,False,False
y_h2o,1938,yarrison2006b_Yarrison_2007_t11,YARRISON(2006b),ch4,y_h2o,477.5,206.8,0,0,0,0,0,0,0.114,0.1133,0.1133,0.000424264,2,0.00529568,0.00617829,0.113332,3,4,0.00589202,False,False,False
y_h2o,1939,yarrison2006b_Yarrison_2007_t11,YARRISON(2006b),ch4,y_h2o,477.5,413.7,0,0,0,0,0,0,0.0701,0.07012,0.07012,0.000169706,2,0.0034227,-0.000285225,0.0707262,3,8,-0.00885427,False,False,False
y_h2o,1940,yarrison2006b_Yarrison_2007_t11,YARRISON(2006b),ch4,y_h2o,477.5,620.5,0,0,0,0,0,0,0.0573,0.05665,0.05665,0.000494975,2,0.0123566,0.011474,0.0567807,3,8,0.00914638,False,False,False
y_h2o,1941,yarrison2006b_Yarrison_2007_t11,YARRISON(2006b),ch4,y_h2o,477.5,758.4,0,0,0,0,0,0,0.0515,0.051,0.051,,1,0,0.00980392,0.0519711,3,8,-0.00906524,False,False,False
y_h2o,1942,yarrison2006b_Yarrison_2007_t11,YARRISON(2006b),ch4,y_h2o,477.5,965.3,0,0,0,0,0,0,0.0492,0.0494,0.0494,,1,0,-0.00404858,0.0483046,3,6,0.0185359,False,False,False
y_h2o,1943,yarrison2006b_Yarrison_2007_t12,YARRISON(2006b),c2h6,y_h2o,314.8,35.9,0,0,0,0,0,0,0.00219,,,,0,,,0.00229313,2,7,-0.0449742,False,False,False
